%
(FILL PLATE - 2 CLEARING)
(MACHINE)
(  VENDOR PRINTNC)
(  MODEL PRINTNC V4 METALCUTTER)
(  DESCRIPTION GENERIC 3-AXIS ROUTER)
(T8 D=0.2362 CR=0. - ZMIN=-0.5902 - FLAT END MILL)
N10 G90 G94 G17 G91.1
N15 G20
(WHEN USING FUSION FOR PERSONAL USE, THE FEEDRATE OF RAPID)
(MOVES IS REDUCED TO MATCH THE FEEDRATE OF CUTTING MOVES,)
(WHICH CAN INCREASE MACHINING TIME. UNRESTRICTED RAPID MOVES)
(ARE AVAILABLE WITH A FUSION SUBSCRIPTION.)
N20 G53 G0 Z0.
(ADAPTIVE2 2)
N25 T8 M6
N30 S24000 M3
N35 G17 G90 G94
N40 G54
N45 G64 P0.0039 Q0.0039
N50 G0 X-1.5637 Y-1.3199
N55 G43 Z0.5906 H8
N60 G1 Z0.1969 F75.974
N65 Z-0.0945
N70 Z-0.1181
N75 Y-1.3197 Z-0.1218
N80 X-1.5634 Y-1.3188 Z-0.1254
N85 X-1.5631 Y-1.3175 Z-0.1288
N90 X-1.5626 Y-1.3156 Z-0.132
N95 X-1.562 Y-1.3132 Z-0.1348
N100 X-1.5613 Y-1.3105 Z-0.1372
N105 X-1.5605 Y-1.3075 Z-0.1392
N110 X-1.5597 Y-1.3041 Z-0.1406
N115 X-1.5588 Y-1.3006 Z-0.1414
N120 X-1.5579 Y-1.2971 Z-0.1417
N125 G3 X-1.5394 Y-1.1685 I-0.5842 J0.1496
N130 G1 Y-1.1629
N135 X-1.5603 Y-1.135
N140 X-1.576 Y-1.1038
N145 X-1.5872 Y-1.0708
N150 X-1.595 Y-1.0368
N155 X-1.6004 Y-1.0023
N160 X-1.6039 Y-0.9676
N165 X-1.6062 Y-0.9328
N170 X-1.6076 Y-0.8979
N175 X-1.6086 Y-0.863
N180 X-1.6092 Y-0.8281
N185 X-1.6096 Y-0.7933
N190 X-1.6098 Y-0.7584
N195 X-1.61 Y-0.7235
N200 X-1.6101 Y-0.6537
N205 X-1.6102 Y-0.5142
N210 Y0.8115
N215 Y0.9685
N220 X-1.6038 Y1.0028
N225 X-1.5861 Y1.0329
N230 X-1.5611 Y1.0572
N235 X-1.5317 Y1.076
N240 X-1.4997 Y1.0898
N245 X-1.4662 Y1.0996
N250 X-1.4319 Y1.1063
N255 X-1.3973 Y1.1108
N260 X-1.3626 Y1.1138
N265 X-1.3277 Y1.1157
N270 X-1.2929 Y1.1169
N275 X-1.258 Y1.1177
N280 X-1.2231 Y1.1182
N285 X-1.1882 Y1.1186
N290 X-1.1533 Y1.1188
N295 X-1.1185 Y1.1189
N300 X-1.0487 Y1.119
N305 X-0.9091 Y1.1191
N310 X0.1375
N315 X1.4632
N320 X1.4972 Y1.1113
N325 X1.5267 Y1.0927
N330 X1.5505 Y1.0672
N335 X1.5687 Y1.0375
N340 X1.582 Y1.0052
N345 X1.5915 Y0.9716
N350 X1.598 Y0.9374
N355 X1.6023 Y0.9027
N360 X1.6051 Y0.868
N365 X1.607 Y0.8331
N370 X1.6082 Y0.7983
N375 X1.6089 Y0.7634
N380 X1.6094 Y0.7285
N385 X1.6097 Y0.6936
N390 X1.6099 Y0.6587
N395 X1.61 Y0.6238
N400 X1.6102 Y0.5541
N405 Y0.5192
N410 Y0.275
N415 Y-0.9809
N420 X1.5992 Y-1.0141
N425 X1.5786 Y-1.0422
N430 X1.5518 Y-1.0645
N435 X1.5212 Y-1.0814
N440 X1.4886 Y-1.0937
N445 X1.4548 Y-1.1022
N450 X1.4204 Y-1.1081
N455 X1.3857 Y-1.112
N460 X1.3509 Y-1.1146
N465 X1.3161 Y-1.1162
N470 X1.2812 Y-1.1173
N475 X1.2463 Y-1.1179
N480 X1.2114 Y-1.1184
N485 X1.1766 Y-1.1186
N490 X1.1417 Y-1.1188
N495 X1.1068 Y-1.1189
N500 X1.037 Y-1.119
N505 X0.8626 Y-1.1191
N510 X-0.812
N515 X-1.4051
N520 X-1.4386 Y-1.1096
N525 X-1.4682 Y-1.0911
N530 X-1.4928 Y-1.0663
N535 X-1.5123 Y-1.0374
N540 X-1.5271 Y-1.0058
N545 X-1.5381 Y-0.9727
N550 X-1.546 Y-0.9387
N555 X-1.5515 Y-0.9043
N560 X-1.5553 Y-0.8696
N565 X-1.5579 Y-0.8348
N570 X-1.5596 Y-0.8
N575 X-1.5608 Y-0.7651
N580 X-1.5615 Y-0.7302
N585 X-1.562 Y-0.6953
N590 X-1.5624 Y-0.6604
N595 X-1.5626 Y-0.6256
N600 X-1.5627 Y-0.5907
N605 X-1.5629 Y-0.5209
N610 X-1.563 Y-0.3814
N615 Y0.2117
N620 Y0.8746
N625 X-1.5609 Y0.9094
N630 X-1.5499 Y0.9425
N635 X-1.5312 Y0.9719
N640 X-1.5067 Y0.9968
N645 X-1.4781 Y1.0168
N650 X-1.4468 Y1.0323
N655 X-1.414 Y1.0439
N660 X-1.3801 Y1.0525
N665 X-1.3458 Y1.0586
N670 X-1.3112 Y1.0628
N675 X-1.2764 Y1.0658
N680 X-1.2416 Y1.0678
N685 X-1.2067 Y1.0692
N690 X-1.1718 Y1.0701
N695 X-1.137 Y1.0707
N700 X-1.1021 Y1.0711
N705 X-1.0672 Y1.0714
N710 X-1.0323 Y1.0715
N715 X-0.9974 Y1.0716
N720 X-0.9276 Y1.0718
N725 X-0.7881
N730 X-0.3346 Y1.0719
N735 X1.3749
N740 X1.4095 Y1.0674
N745 X1.4418 Y1.0543
N750 X1.4701 Y1.0339
N755 X1.4936 Y1.0081
N760 X1.5124 Y0.9787
N765 X1.5269 Y0.947
N770 X1.5376 Y0.9138
N775 X1.5454 Y0.8798
N780 X1.551 Y0.8453
N785 X1.5549 Y0.8107
N790 X1.5575 Y0.7759
N795 X1.5594 Y0.741
N800 X1.5606 Y0.7062
N805 X1.5614 Y0.6713
N810 X1.5619 Y0.6364
N815 X1.5623 Y0.6015
N820 X1.5625 Y0.5666
N825 X1.5627 Y0.5317
N830 X1.5629 Y0.462
N835 X1.563 Y0.3573
N840 Y-0.166
N845 Y-0.8986
N850 X1.5548 Y-0.9325
N855 X1.5383 Y-0.9632
N860 X1.5153 Y-0.9895
N865 X1.4878 Y-1.011
N870 X1.4573 Y-1.0279
N875 X1.4249 Y-1.0407
N880 X1.3913 Y-1.0501
N885 X1.357 Y-1.0569
N890 X1.3225 Y-1.0617
N895 X1.2878 Y-1.065
N900 X1.2529 Y-1.0673
N905 X1.2181 Y-1.0688
N910 X1.1832 Y-1.0698
N915 X1.1483 Y-1.0705
N920 X1.1135 Y-1.071
N925 X1.0786 Y-1.0713
N930 X1.0437 Y-1.0715
N935 X1.0088 Y-1.0716
N940 X0.939 Y-1.0718
N945 X0.7995
N950 X-0.5611 Y-1.0719
N955 X-1.3286
N960 X-1.3628 Y-1.0647
N965 X-1.3943 Y-1.0498
N970 X-1.4218 Y-1.0283
N975 X-1.4448 Y-1.0021
N980 X-1.4633 Y-0.9725
N985 X-1.4777 Y-0.9408
N990 X-1.4886 Y-0.9076
N995 X-1.4966 Y-0.8737
N1000 X-1.5025 Y-0.8393
N1005 X-1.5066 Y-0.8046
N1010 X-1.5095 Y-0.7699
N1015 X-1.5115 Y-0.735
N1020 X-1.5129 Y-0.7002
N1025 X-1.5138 Y-0.6653
N1030 X-1.5144 Y-0.6304
N1035 X-1.5149 Y-0.5955
N1040 X-1.5152 Y-0.5606
N1045 X-1.5154 Y-0.5258
N1050 X-1.5155 Y-0.4909
N1055 X-1.5156 Y-0.4211
N1060 X-1.5157 Y-0.2816
N1065 Y0.0673
N1070 Y0.7999
N1075 X-1.5147 Y0.8348
N1080 X-1.5066 Y0.8688
N1085 X-1.4914 Y0.9001
N1090 X-1.47 Y0.9277
N1095 X-1.4439 Y0.9509
N1100 X-1.4145 Y0.9696
N1105 X-1.3829 Y0.9844
N1110 X-1.3499 Y0.9956
N1115 X-1.316 Y1.004
N1120 X-1.2817 Y1.0101
N1125 X-1.2471 Y1.0145
N1130 X-1.2123 Y1.0176
N1135 X-1.1775 Y1.0198
N1140 X-1.1426 Y1.0213
N1145 X-1.1078 Y1.0224
N1150 X-1.0729 Y1.0231
N1155 X-1.038 Y1.0236
N1160 X-1.0031 Y1.0239
N1165 X-0.9682 Y1.0242
N1170 X-0.9333 Y1.0243
N1175 X-0.8636 Y1.0245
N1180 X-0.7589 Y1.0246
N1185 X-0.3752
N1190 X1.2994
N1195 X1.3342 Y1.0221
N1200 X1.3677 Y1.0123
N1205 X1.3982 Y0.9955
N1210 X1.4248 Y0.9728
N1215 X1.4469 Y0.9458
N1220 X1.4647 Y0.9158
N1225 X1.4785 Y0.8838
N1230 X1.489 Y0.8505
N1235 X1.4968 Y0.8165
N1240 X1.5025 Y0.7821
N1245 X1.5065 Y0.7475
N1250 X1.5094 Y0.7127
N1255 X1.5114 Y0.6779
N1260 X1.5128 Y0.643
N1265 X1.5137 Y0.6081
N1270 X1.5144 Y0.5732
N1275 X1.5148 Y0.5384
N1280 X1.5151 Y0.5035
N1285 X1.5153 Y0.4686
N1290 X1.5155 Y0.4337
N1295 X1.5156 Y0.3639
N1300 X1.5157 Y0.2244
N1305 Y-0.8222
N1310 X1.5105 Y-0.8567
N1315 X1.4979 Y-0.8892
N1320 X1.4786 Y-0.9183
N1325 X1.454 Y-0.9431
N1330 X1.4257 Y-0.9634
N1335 X1.3948 Y-0.9796
N1340 X1.3622 Y-0.992
N1345 X1.3285 Y-1.0013
N1350 X1.2943 Y-1.0082
N1355 X1.2598 Y-1.0131
N1360 X1.2251 Y-1.0167
N1365 X1.1903 Y-1.0191
N1370 X1.1555 Y-1.0209
N1375 X1.1206 Y-1.0221
N1380 X1.0857 Y-1.0229
N1385 X1.0508 Y-1.0234
N1390 X1.0159 Y-1.0238
N1395 X0.9811 Y-1.0241
N1400 X0.9462 Y-1.0243
N1405 X0.8764 Y-1.0245
N1410 X0.7717 Y-1.0246
N1415 X0.4229
N1420 X-0.7284
N1425 X-1.2517
N1430 X-1.2864 Y-1.0208
N1435 X-1.3195 Y-1.01
N1440 X-1.3498 Y-0.9926
N1445 X-1.376 Y-0.9696
N1450 X-1.398 Y-0.9425
N1455 X-1.4158 Y-0.9125
N1460 X-1.4297 Y-0.8805
N1465 X-1.4403 Y-0.8473
N1470 X-1.4483 Y-0.8133
N1475 X-1.4542 Y-0.7789
N1480 X-1.4546 Y-0.7756
N1485 X-1.4557 Y-0.7687
N1490 X-1.4574 Y-0.762
N1495 X-1.4596 Y-0.7554
N1500 X-1.462 Y-0.7489
N1505 X-1.4779 Y-0.7036
N1510 X-1.4786 Y-0.7014
N1515 X-1.4827 Y-0.6855
N1520 X-1.4846 Y-0.6776
N1525 X-1.4875 Y-0.6538
N1530 X-1.491 Y-0.6221
N1535 X-1.4926 Y-0.6063
N1540 X-1.4929 Y-0.5983
N1545 X-1.4931 Y-0.5746
N1550 Y0.5746
N1555 X-1.4929 Y0.5983
N1560 X-1.4926 Y0.6063
N1565 X-1.491 Y0.6221
N1570 X-1.4875 Y0.6538
N1575 X-1.4846 Y0.6776
N1580 X-1.4843 Y0.6789
N1585 X-1.4806 Y0.6985
N1590 X-1.4759 Y0.7331
N1595 X-1.4727 Y0.7678
N1600 X-1.4656 Y0.802
N1605 X-1.4521 Y0.8342
N1610 X-1.4328 Y0.8632
N1615 X-1.4087 Y0.8884
N1620 X-1.3808 Y0.9094
N1625 X-1.3503 Y0.9263
N1630 X-1.318 Y0.9396
N1635 X-1.2937 Y0.9471
N1640 X-1.2874 Y0.9493
N1645 X-1.2813 Y0.952
N1650 X-1.2754 Y0.9551
N1655 G3 X-1.2654 Y0.9821 I-0.0126 J0.02
N1660 G1 X-1.2665 Y0.9856 Z-0.1414
N1665 X-1.2676 Y0.9891 Z-0.1406
N1670 X-1.2686 Y0.9924 Z-0.1392
N1675 X-1.2696 Y0.9954 Z-0.1372
N1680 X-1.2704 Y0.9981 Z-0.1348
N1685 X-1.2711 Y1.0004 Z-0.132
N1690 X-1.2717 Y1.0022 Z-0.1288
N1695 X-1.2721 Y1.0036 Z-0.1254
N1700 X-1.2724 Y1.0044 Z-0.1218
N1705 X-1.2725 Y1.0047 Z-0.1181
N1710 Z0.1969
N1715 X-1.5161 Y0.6351
N1720 Z-0.0945
N1725 Z-0.1181
N1730 X-1.5159 Y0.6353 Z-0.1218
N1735 X-1.5153 Y0.636 Z-0.1254
N1740 X-1.5143 Y0.637 Z-0.1288
N1745 X-1.5129 Y0.6384 Z-0.132
N1750 X-1.5113 Y0.6401 Z-0.1348
N1755 X-1.5093 Y0.6421 Z-0.1372
N1760 X-1.5071 Y0.6444 Z-0.1392
N1765 X-1.5047 Y0.6468 Z-0.1406
N1770 X-1.5022 Y0.6494 Z-0.1414
N1775 X-1.4996 Y0.6521 Z-0.1417
N1780 G3 X-1.4843 Y0.6789 I-0.0447 J0.0434
N1785 G1 X-1.4827 Y0.6855
N1790 X-1.4786 Y0.7014
N1795 X-1.4779 Y0.7036
N1800 X-1.462 Y0.7489
N1805 X-1.459 Y0.7568
N1810 X-1.4523 Y0.7727
N1815 X-1.4484 Y0.7806
N1820 X-1.4437 Y0.7885
N1825 X-1.4383 Y0.7973
N1830 X-1.4189 Y0.8282
N1835 X-1.4145 Y0.8349
N1840 X-1.4024 Y0.8519
N1845 X-1.3986 Y0.856
N1850 X-1.395 Y0.8599
N1855 X-1.3907 Y0.8644
N1860 X-1.3556 Y0.8995
N1865 X-1.3511 Y0.9039
N1870 X-1.3432 Y0.9111
N1875 X-1.3374 Y0.9153
N1880 X-1.326 Y0.9233
N1885 X-1.3194 Y0.9277
N1890 X-1.2798 Y0.9525
N1895 X-1.2719 Y0.9572
N1900 X-1.2639 Y0.9613
N1905 X-1.2481 Y0.9678
N1910 X-1.2402 Y0.9709
N1915 X-1.1926 Y0.9875
N1920 X-1.1847 Y0.9899
N1925 X-1.1768 Y0.9919
N1930 X-1.1688 Y0.9935
N1935 X-1.153 Y0.9954
N1940 X-1.1371 Y0.9972
N1945 X-1.1054 Y1.0008
N1950 X-1.0975 Y1.0015
N1955 X-1.0896 Y1.0019
N1960 X-1.0658 Y1.002
N1965 X-0.4873
N1970 X-0.4636 Y1.0016
N1975 X-0.4557 Y1.0007
N1980 X-0.4398 Y0.9984
N1985 X-0.4159 Y0.9946
N1990 X-0.4081 Y0.993
N1995 X-0.3918 Y0.9899
N2000 X-0.3623 Y0.9857
N2005 X-0.3276 Y0.9825
N2010 X-0.2928 Y0.9806
N2015 X-0.2579 Y0.9794
N2020 X-0.223 Y0.9786
N2025 X-0.1881 Y0.9782
N2030 X-0.1533 Y0.9779
N2035 X-0.1184 Y0.9777
N2040 X-0.0835 Y0.9776
N2045 X-0.0137 Y0.9775
N2050 X0.1607 Y0.9774
N2055 X0.3486
N2060 X0.3612 Y0.9783
N2065 X0.3734 Y0.981
N2070 X0.3852 Y0.9855
N2075 X0.3878 Y0.9867
N2080 X0.3923 Y0.9885
N2085 X0.4002 Y0.9911
N2090 X0.4081 Y0.993
N2095 X0.416 Y0.9946
N2100 X0.4398 Y0.9984
N2105 X0.4557 Y1.0007
N2110 X0.4636 Y1.0016
N2115 X0.4873 Y1.002
N2120 X1.0658
N2125 X1.0896 Y1.0019
N2130 X1.0975 Y1.0015
N2135 X1.1054 Y1.0008
N2140 X1.1451 Y0.9963
N2145 X1.1609 Y0.9944
N2150 X1.1688 Y0.9935
N2155 X1.1768 Y0.9919
N2160 X1.1845 Y0.9904
N2165 X1.2173 Y0.9856
N2170 X1.252 Y0.9822
N2175 X1.2864 Y0.9761
N2180 X1.3191 Y0.9641
N2185 X1.3488 Y0.9458
N2190 X1.3748 Y0.9225
N2195 X1.3965 Y0.8952
N2200 X1.4142 Y0.8652
N2205 X1.4283 Y0.8332
N2210 X1.4387 Y0.801
N2215 X1.441 Y0.7949
N2220 X1.4437 Y0.789
N2225 X1.4468 Y0.7833
N2230 G3 X1.4739 Y0.7737 I0.0198 J0.0129
N2235 G1 X1.4775 Y0.7748 Z-0.1414
N2240 X1.4809 Y0.7759 Z-0.1406
N2245 X1.4841 Y0.777 Z-0.1392
N2250 X1.4871 Y0.778 Z-0.1372
N2255 X1.4898 Y0.7788 Z-0.1348
N2260 X1.4921 Y0.7796 Z-0.132
N2265 X1.494 Y0.7802 Z-0.1288
N2270 X1.4953 Y0.7806 Z-0.1254
N2275 X1.4961 Y0.7809 Z-0.1218
N2280 X1.4964 Y0.781 Z-0.1181
N2285 Z0.1969
N2290 X1.1336 Y1.0245
N2295 Z-0.0945
N2300 Z-0.1181
N2305 X1.1338 Y1.0243 Z-0.1218
N2310 X1.1344 Y1.0237 Z-0.1254
N2315 X1.1354 Y1.0227 Z-0.1288
N2320 X1.1367 Y1.0213 Z-0.132
N2325 X1.1384 Y1.0196 Z-0.1348
N2330 X1.1404 Y1.0176 Z-0.1372
N2335 X1.1426 Y1.0154 Z-0.1392
N2340 X1.1451 Y1.0129 Z-0.1406
N2345 X1.1476 Y1.0104 Z-0.1414
N2350 X1.1502 Y1.0078 Z-0.1417
N2355 G3 X1.1768 Y0.9919 I0.0442 J0.0439
N2360 G1 X1.1847 Y0.9899
N2365 X1.1926 Y0.9875
N2370 X1.2403 Y0.9708
N2375 X1.2481 Y0.9678
N2380 X1.2639 Y0.9613
N2385 X1.2719 Y0.9572
N2390 X1.2798 Y0.9525
N2395 X1.3194 Y0.9277
N2400 X1.3273 Y0.9223
N2405 X1.3374 Y0.9153
N2410 X1.3432 Y0.9111
N2415 X1.3511 Y0.9039
N2420 X1.3556 Y0.8995
N2425 X1.3907 Y0.8644
N2430 X1.395 Y0.8599
N2435 X1.3986 Y0.856
N2440 X1.4024 Y0.8519
N2445 X1.4145 Y0.8349
N2450 X1.4189 Y0.8282
N2455 X1.4388 Y0.7965
N2460 X1.4437 Y0.7885
N2465 X1.4484 Y0.7806
N2470 X1.4523 Y0.7727
N2475 X1.459 Y0.7568
N2480 X1.462 Y0.7489
N2485 X1.4779 Y0.7036
N2490 X1.4786 Y0.7014
N2495 X1.4827 Y0.6855
N2500 X1.4846 Y0.6776
N2505 X1.4875 Y0.6538
N2510 X1.491 Y0.6221
N2515 X1.4926 Y0.6063
N2520 X1.4929 Y0.5983
N2525 X1.4931 Y0.5746
N2530 Y-0.5746
N2535 X1.4929 Y-0.5983
N2540 X1.4926 Y-0.6063
N2545 X1.491 Y-0.6221
N2550 X1.4875 Y-0.6538
N2555 X1.4846 Y-0.6776
N2560 X1.4843 Y-0.6789
N2565 X1.4806 Y-0.6985
N2570 X1.4759 Y-0.7331
N2575 X1.4727 Y-0.7678
N2580 X1.4656 Y-0.802
N2585 X1.4522 Y-0.8342
N2590 X1.4329 Y-0.8633
N2595 X1.4087 Y-0.8884
N2600 X1.3808 Y-0.9093
N2605 X1.3503 Y-0.9263
N2610 X1.3181 Y-0.9396
N2615 X1.2938 Y-0.947
N2620 X1.2875 Y-0.9492
N2625 X1.2813 Y-0.9519
N2630 X1.2755 Y-0.9551
N2635 G3 X1.2655 Y-0.9821 I0.0126 J-0.02
N2640 G1 X1.2666 Y-0.9856 Z-0.1414
N2645 X1.2677 Y-0.989 Z-0.1406
N2650 X1.2687 Y-0.9923 Z-0.1392
N2655 X1.2697 Y-0.9953 Z-0.1372
N2660 X1.2705 Y-0.998 Z-0.1348
N2665 X1.2712 Y-1.0003 Z-0.132
N2670 X1.2718 Y-1.0022 Z-0.1288
N2675 X1.2722 Y-1.0035 Z-0.1254
N2680 X1.2725 Y-1.0043 Z-0.1218
N2685 X1.2726 Y-1.0046 Z-0.1181
N2690 Z0.1969
N2695 X1.5161 Y-0.6351
N2700 Z-0.0945
N2705 Z-0.1181
N2710 X1.5159 Y-0.6353 Z-0.1218
N2715 X1.5153 Y-0.636 Z-0.1254
N2720 X1.5143 Y-0.637 Z-0.1288
N2725 X1.5129 Y-0.6384 Z-0.132
N2730 X1.5113 Y-0.6401 Z-0.1348
N2735 X1.5093 Y-0.6421 Z-0.1372
N2740 X1.5071 Y-0.6444 Z-0.1392
N2745 X1.5047 Y-0.6468 Z-0.1406
N2750 X1.5022 Y-0.6494 Z-0.1414
N2755 X1.4996 Y-0.6521 Z-0.1417
N2760 G3 X1.4843 Y-0.6789 I0.0447 J-0.0434
N2765 G1 X1.4827 Y-0.6855
N2770 X1.4786 Y-0.7014
N2775 X1.4779 Y-0.7036
N2780 X1.462 Y-0.7489
N2785 X1.459 Y-0.7568
N2790 X1.4523 Y-0.7727
N2795 X1.4484 Y-0.7806
N2800 X1.4437 Y-0.7885
N2805 X1.4383 Y-0.7973
N2810 X1.4189 Y-0.8282
N2815 X1.4145 Y-0.8349
N2820 X1.4024 Y-0.8519
N2825 X1.3986 Y-0.856
N2830 X1.395 Y-0.8599
N2835 X1.3907 Y-0.8644
N2840 X1.3556 Y-0.8995
N2845 X1.3511 Y-0.9039
N2850 X1.3432 Y-0.9111
N2855 X1.3374 Y-0.9153
N2860 X1.326 Y-0.9233
N2865 X1.3194 Y-0.9277
N2870 X1.2798 Y-0.9525
N2875 X1.2719 Y-0.9572
N2880 X1.2639 Y-0.9613
N2885 X1.2481 Y-0.9678
N2890 X1.2402 Y-0.9709
N2895 X1.1926 Y-0.9875
N2900 X1.1847 Y-0.9899
N2905 X1.1768 Y-0.9919
N2910 X1.1688 Y-0.9935
N2915 X1.153 Y-0.9954
N2920 X1.1371 Y-0.9972
N2925 X1.1054 Y-1.0008
N2930 X1.0975 Y-1.0015
N2935 X1.0896 Y-1.0019
N2940 X1.0658 Y-1.002
N2945 X-1.0658
N2950 X-1.0896 Y-1.0019
N2955 X-1.0975 Y-1.0015
N2960 X-1.1054 Y-1.0008
N2965 X-1.1451 Y-0.9963
N2970 X-1.1609 Y-0.9944
N2975 X-1.1688 Y-0.9935
N2980 X-1.1768 Y-0.9919
N2985 X-1.211 Y-0.9852
N2990 X-1.2447 Y-0.9764
N2995 X-1.2766 Y-0.9621
N3000 X-1.3053 Y-0.9423
N3005 X-1.3164 Y-0.9314
N3010 X-1.32 Y-0.9281
N3015 X-1.3238 Y-0.925
N3020 X-1.3277 Y-0.9221
N3025 G3 X-1.3603 Y-0.9292 Z-0.1339 I-0.0127 J-0.0199
N3030 X-1.3504 Y-0.9634 I0.0199 J-0.0128
N3035 G1 X-1.1934 Y-1.036
N3040 G3 X-1.1608 Y-1.0212 I0.0099 J0.0214
N3045 X-1.1768 Y-0.9919 Z-0.1417 I-0.0227 J0.0067
N3050 G1 X-1.1847 Y-0.9899
N3055 X-1.1926 Y-0.9875
N3060 X-1.2403 Y-0.9708
N3065 X-1.2481 Y-0.9678
N3070 X-1.2639 Y-0.9613
N3075 X-1.2719 Y-0.9572
N3080 X-1.2798 Y-0.9525
N3085 X-1.3194 Y-0.9277
N3090 X-1.3273 Y-0.9223
N3095 X-1.3374 Y-0.9153
N3100 X-1.3432 Y-0.9111
N3105 X-1.3511 Y-0.9039
N3110 X-1.3556 Y-0.8995
N3115 X-1.3907 Y-0.8644
N3120 X-1.395 Y-0.8599
N3125 X-1.3986 Y-0.856
N3130 X-1.4024 Y-0.8519
N3135 X-1.4145 Y-0.8349
N3140 X-1.4189 Y-0.8282
N3145 X-1.4388 Y-0.7965
N3150 X-1.4437 Y-0.7885
N3155 X-1.4484 Y-0.7806
N3160 X-1.4523 Y-0.7727
N3165 X-1.459 Y-0.7568
N3170 X-1.4596 Y-0.7554
N3175 G3 X-1.4846 Y-0.7412 I-0.0218 J-0.0092
N3180 G1 X-1.4882 Y-0.7417 Z-0.1414
N3185 X-1.4918 Y-0.7421 Z-0.1406
N3190 X-1.4952 Y-0.7426 Z-0.1392
N3195 X-1.4983 Y-0.743 Z-0.1372
N3200 X-1.5011 Y-0.7434 Z-0.1348
N3205 X-1.5035 Y-0.7437 Z-0.132
N3210 X-1.5054 Y-0.744 Z-0.1288
N3215 X-1.5068 Y-0.7442 Z-0.1254
N3220 X-1.5077 Y-0.7443 Z-0.1218
N3225 X-1.508 Y-0.7444 Z-0.1181
N3230 Z0.1969
N3235 X-0.4517 Y1.0251
N3240 Z-0.0945
N3245 Z-0.1181
N3250 X-0.4515 Y1.0249 Z-0.1218
N3255 X-0.4509 Y1.0242 Z-0.1254
N3260 X-0.4499 Y1.0233 Z-0.1288
N3265 X-0.4485 Y1.0219 Z-0.132
N3270 X-0.4468 Y1.0202 Z-0.1348
N3275 X-0.4448 Y1.0182 Z-0.1372
N3280 X-0.4425 Y1.016 Z-0.1392
N3285 X-0.4401 Y1.0136 Z-0.1406
N3290 X-0.4375 Y1.0111 Z-0.1414
N3295 X-0.4349 Y1.0085 Z-0.1417
N3300 G3 X-0.4081 Y0.993 I0.0436 J0.0445
N3305 G1 X-0.4002 Y0.9911
N3310 X-0.3923 Y0.9885
N3315 X-0.3878 Y0.9867
N3320 X-0.3685 Y0.9777
N3325 X-0.3483 Y0.9674
N3330 X-0.3372 Y0.9623
N3335 X-0.328 Y0.9587
N3340 X-0.317 Y0.955
N3345 X-0.303 Y0.951
N3350 X-0.2854 Y0.9469
N3355 X-0.2616 Y0.9426
N3360 X-0.2278 Y0.9381
N3365 X-0.193 Y0.9352
N3370 X-0.1582 Y0.9334
N3375 X-0.1233 Y0.9322
N3380 X-0.0884 Y0.9315
N3385 X-0.0536 Y0.931
N3390 X-0.0187 Y0.9307
N3395 X0.0162 Y0.9305
N3400 X0.0511 Y0.9304
N3405 X0.1209 Y0.9302
N3410 X0.2604 Y0.9301
N3415 X0.2672 Y0.9302
N3420 X0.2818 Y0.9315
N3425 X0.2958 Y0.9353
N3430 X0.309 Y0.9416
N3435 X0.3209 Y0.9501
N3440 X0.3276 Y0.955
N3445 X0.3399 Y0.9629
N3450 X0.3447 Y0.9655
N3455 X0.3685 Y0.9777
N3460 X0.3852 Y0.9855
N3465 G3 X0.3955 Y1.0172 Z-0.1339 I-0.0107 J0.0211
N3470 X0.3739 Y1.0301 I-0.0211 J-0.0107
N3475 G1 X-0.3374 Y1.0116
N3480 G3 X-0.3574 Y0.9995 I0.0006 J-0.0236
N3485 X-0.3483 Y0.9674 Z-0.1417 I0.0206 J-0.0115
N3490 G1 X-0.3447 Y0.9655
N3495 X-0.3399 Y0.9629
N3500 X-0.3276 Y0.955
N3505 X-0.3209 Y0.9501
N3510 X-0.3174 Y0.947
N3515 X-0.315 Y0.9447
N3520 X-0.3098 Y0.9402
N3525 X-0.3052 Y0.9365
N3530 X-0.3004 Y0.9331
N3535 X-0.2945 Y0.9295
N3540 X-0.2878 Y0.9257
N3545 X-0.2802 Y0.9219
N3550 X-0.2707 Y0.9178
N3555 X-0.2597 Y0.9136
N3560 X-0.2463 Y0.9092
N3565 X-0.2296 Y0.9047
N3570 X-0.2084 Y0.9
N3575 X-0.1806 Y0.8952
N3580 X-0.146 Y0.891
N3585 X-0.1112 Y0.8883
N3590 X-0.0764 Y0.8865
N3595 X-0.0415 Y0.8853
N3600 X-0.0066 Y0.8845
N3605 X0.0282 Y0.8839
N3610 X0.0631 Y0.8836
N3615 X0.098 Y0.8833
N3620 X0.1329 Y0.8832
N3625 X0.2027 Y0.883
N3630 X0.2204 Y0.8835
N3635 X0.234 Y0.8849
N3640 X0.2473 Y0.8885
N3645 X0.2597 Y0.8941
N3650 X0.2712 Y0.9015
N3655 X0.2813 Y0.9107
N3660 X0.2931 Y0.9233
N3665 X0.2972 Y0.9274
N3670 X0.3011 Y0.9312
N3675 X0.3174 Y0.947
N3680 X0.3209 Y0.9501
N3685 G3 X0.3223 Y0.9835 Z-0.1339 I-0.016 J0.0174
N3690 X0.3047 Y0.9911 I-0.0174 J-0.016
N3695 G1 X-0.2982 Y0.9847
N3700 G3 X-0.3143 Y0.9781 I0.0003 J-0.0236
N3705 X-0.315 Y0.9447 Z-0.1417 I0.0164 J-0.017
N3710 G1 X-0.3011 Y0.9312
N3715 X-0.2972 Y0.9274
N3720 X-0.2931 Y0.9233
N3725 X-0.2782 Y0.9074
N3730 X-0.2741 Y0.9031
N3735 X-0.2697 Y0.8993
N3740 X-0.2647 Y0.8955
N3745 X-0.2592 Y0.8917
N3750 X-0.2523 Y0.8874
N3755 X-0.2445 Y0.883
N3760 X-0.2356 Y0.8786
N3765 X-0.2243 Y0.8737
N3770 X-0.212 Y0.869
N3775 X-0.1966 Y0.864
N3780 X-0.1783 Y0.859
N3785 X-0.1549 Y0.8539
N3790 X-0.1244 Y0.8487
N3795 X-0.0897 Y0.8445
N3800 X-0.055 Y0.8417
N3805 X-0.0201 Y0.8398
N3810 X0.0147 Y0.8385
N3815 X0.0496 Y0.8376
N3820 X0.0845 Y0.837
N3825 X0.1194 Y0.8365
N3830 X0.1542 Y0.8363
N3835 X0.1741 Y0.8369
N3840 X0.19 Y0.8381
N3845 X0.1973 Y0.839
N3850 X0.2106 Y0.8417
N3855 X0.2233 Y0.8466
N3860 X0.2351 Y0.8534
N3865 X0.2456 Y0.862
N3870 X0.2546 Y0.8722
N3875 X0.2619 Y0.8836
N3880 X0.2667 Y0.8916
N3885 X0.2717 Y0.8995
N3890 X0.2734 Y0.9017
N3895 X0.2782 Y0.9074
N3900 X0.2813 Y0.9107
N3905 G3 X0.2791 Y0.9441 Z-0.1339 I-0.0178 J0.0156
N3910 X0.2633 Y0.9499 I-0.0156 J-0.0178
N3915 G1 X-0.2598 Y0.9456
N3920 G3 X-0.2741 Y0.9406 I0.0002 J-0.0236
N3925 X-0.2782 Y0.9074 Z-0.1417 I0.0146 J-0.0186
N3930 G1 X-0.2734 Y0.9017
N3935 X-0.2717 Y0.8995
N3940 X-0.2667 Y0.8916
N3945 X-0.2619 Y0.8836
N3950 X-0.2589 Y0.8786
N3955 X-0.2554 Y0.8739
N3960 X-0.2515 Y0.8694
N3965 X-0.2473 Y0.8652
N3970 X-0.2429 Y0.8612
N3975 X-0.2377 Y0.8569
N3980 X-0.232 Y0.8527
N3985 X-0.2248 Y0.8479
N3990 X-0.217 Y0.8432
N3995 X-0.2077 Y0.8382
N4000 X-0.1965 Y0.8329
N4005 X-0.1843 Y0.8278
N4010 X-0.1687 Y0.8222
N4015 X-0.1515 Y0.817
N4020 X-0.1297 Y0.8114
N4025 X-0.1022 Y0.8059
N4030 X-0.0677 Y0.8006
N4035 X-0.033 Y0.7969
N4040 X0.0018 Y0.7944
N4045 X0.0366 Y0.7926
N4050 X0.0715 Y0.7913
N4055 X0.1064 Y0.7906
N4060 X0.1332 Y0.7908
N4065 X0.1512 Y0.7918
N4070 X0.1651 Y0.7933
N4075 X0.1762 Y0.795
N4080 X0.1812 Y0.7961
N4085 X0.1944 Y0.7999
N4090 X0.2069 Y0.8058
N4095 X0.2182 Y0.8136
N4100 X0.2282 Y0.823
N4105 X0.2366 Y0.834
N4110 X0.2431 Y0.8461
N4115 X0.2456 Y0.8519
N4120 X0.2578 Y0.8757
N4125 X0.2619 Y0.8836
N4130 G3 X0.2509 Y0.9152 Z-0.1339 I-0.0213 J0.0103
N4135 X0.2406 Y0.9175 I-0.0103 J-0.0213
N4140 G1 X-0.2407
N4145 G3 X-0.2509 Y0.9152 I0. J-0.0236
N4150 X-0.2619 Y0.8836 Z-0.1417 I0.0103 J-0.0213
N4155 G1 X-0.2575 Y0.8753
N4160 X-0.2456 Y0.8519
N4165 X-0.2451 Y0.8506
N4170 X-0.2424 Y0.8453
N4175 X-0.2392 Y0.8404
N4180 X-0.2356 Y0.8357
N4185 X-0.2317 Y0.8313
N4190 X-0.2274 Y0.8268
N4195 X-0.2228 Y0.8225
N4200 X-0.2171 Y0.8176
N4205 X-0.2109 Y0.8129
N4210 X-0.2034 Y0.8076
N4215 X-0.195 Y0.8024
N4220 X-0.1852 Y0.7969
N4225 X-0.1737 Y0.7912
N4230 X-0.1608 Y0.7855
N4235 X-0.1448 Y0.7795
N4240 X-0.1271 Y0.7737
N4245 X-0.1055 Y0.7678
N4250 X-0.0785 Y0.7618
N4255 X-0.0441 Y0.756
N4260 X-0.0095 Y0.7518
N4265 X0.0253 Y0.7488
N4270 X0.0601 Y0.7467
N4275 X0.0925 Y0.746
N4280 X0.1152 Y0.7465
N4285 X0.1326 Y0.7478
N4290 X0.1448 Y0.7493
N4295 X0.1571 Y0.7514
N4300 X0.1665 Y0.7535
N4305 X0.1761 Y0.7562
N4310 X0.1767 Y0.7564
N4315 X0.1904 Y0.7622
N4320 X0.203 Y0.7704
N4325 X0.2138 Y0.7807
N4330 X0.2228 Y0.7927
N4335 X0.2295 Y0.806
N4340 X0.2338 Y0.8203
N4345 X0.236 Y0.8282
N4350 X0.2387 Y0.8361
N4355 X0.2431 Y0.8461
N4360 G3 X0.2299 Y0.8768 Z-0.1339 I-0.022 J0.0087
N4365 G1 X0.2271 Y0.8777
N4370 X0.2243 Y0.8782
N4375 X0.2214 Y0.8785
N4380 X-0.2229 Y0.883
N4385 X-0.2259 Y0.8828
N4390 X-0.2289 Y0.8822
N4395 X-0.2319 Y0.8813
N4400 G3 X-0.2451 Y0.8506 Z-0.1417 I0.0087 J-0.0219
N4405 G1 X-0.2417 Y0.8429
N4410 X-0.2387 Y0.8361
N4415 X-0.236 Y0.8282
N4420 X-0.2348 Y0.8239
N4425 X-0.2329 Y0.8183
N4430 X-0.2305 Y0.8129
N4435 X-0.2276 Y0.8077
N4440 X-0.2244 Y0.8028
N4445 X-0.2208 Y0.798
N4450 X-0.217 Y0.7935
N4455 X-0.2128 Y0.7889
N4460 X-0.2076 Y0.7838
N4465 X-0.202 Y0.7789
N4470 X-0.1951 Y0.7733
N4475 X-0.1878 Y0.768
N4480 X-0.1787 Y0.762
N4485 X-0.1691 Y0.7564
N4490 X-0.157 Y0.75
N4495 X-0.1443 Y0.7441
N4500 X-0.1278 Y0.7374
N4505 X-0.1106 Y0.7314
N4510 X-0.0889 Y0.7249
N4515 X-0.0629 Y0.7185
N4520 X-0.0319 Y0.7125
N4525 X0.0027 Y0.7076
N4530 X0.0361 Y0.7043
N4535 X0.0649 Y0.7029
N4540 X0.0879
N4545 X0.1077 Y0.7039
N4550 X0.1223 Y0.7053
N4555 X0.136 Y0.7074
N4560 X0.1464 Y0.7094
N4565 X0.1562 Y0.7119
N4570 X0.1656 Y0.7147
N4575 X0.1731 Y0.7173
N4580 X0.1751 Y0.7182
N4585 X0.1884 Y0.7251
N4590 X0.2004 Y0.7342
N4595 X0.2106 Y0.7452
N4600 X0.2187 Y0.7578
N4605 X0.2246 Y0.7716
N4610 X0.2279 Y0.7862
N4615 X0.2283 Y0.7885
N4620 X0.2308 Y0.8044
N4625 X0.2321 Y0.8123
N4630 X0.2338 Y0.8203
N4635 G3 X0.2144 Y0.8476 Z-0.1339 I-0.0233 J0.0039
N4640 G1 X0.2108 Y0.8479
N4645 X-0.2115 Y0.853
N4650 X-0.2144 Y0.8529
N4655 X-0.2173 Y0.8524
N4660 G3 X-0.2348 Y0.8239 Z-0.1417 I0.0056 J-0.023
N4665 G1 X-0.2338 Y0.8202
N4670 X-0.2321 Y0.8123
N4675 X-0.2308 Y0.8044
N4680 X-0.2298 Y0.7981
N4685 X-0.2286 Y0.7923
N4690 X-0.2269 Y0.7866
N4695 X-0.2247 Y0.7812
N4700 X-0.222 Y0.7759
N4705 X-0.2191 Y0.7708
N4710 X-0.2158 Y0.7658
N4715 X-0.2122 Y0.7609
N4720 X-0.2081 Y0.756
N4725 X-0.2033 Y0.7507
N4730 X-0.1978 Y0.7452
N4735 X-0.1915 Y0.7395
N4740 X-0.1842 Y0.7335
N4745 X-0.1761 Y0.7275
N4750 X-0.1664 Y0.721
N4755 X-0.1561 Y0.7147
N4760 X-0.1432 Y0.7078
N4765 X-0.1297 Y0.7014
N4770 X-0.1127 Y0.6943
N4775 X-0.0946 Y0.6878
N4780 X-0.0729 Y0.6811
N4785 X-0.0477 Y0.6746
N4790 X-0.0213 Y0.6693
N4795 X0.0053 Y0.6652
N4800 X0.0307 Y0.6625
N4805 X0.0541 Y0.6612
N4810 X0.0753 Y0.6611
N4815 X0.0934 Y0.6619
N4820 X0.11 Y0.6634
N4825 X0.1234 Y0.6653
N4830 X0.1356 Y0.6676
N4835 X0.1462 Y0.6701
N4840 X0.1549 Y0.6727
N4845 X0.1644 Y0.676
N4850 X0.1718 Y0.679
N4855 X0.1753 Y0.6806
N4860 X0.1891 Y0.6886
N4865 X0.2011 Y0.699
N4870 X0.211 Y0.7116
N4875 X0.2184 Y0.7257
N4880 X0.223 Y0.741
N4885 X0.2246 Y0.7568
N4890 X0.2252 Y0.7648
N4895 X0.2272 Y0.7806
N4900 X0.2279 Y0.7862
N4905 G3 X0.2069 Y0.8122 Z-0.1339 I-0.0235 J0.0025
N4910 G1 X0.2052 Y0.8123
N4915 X-0.2056 Y0.8246
N4920 X-0.2092 Y0.8244
N4925 G3 X-0.2298 Y0.7981 Z-0.1417 I0.0029 J-0.0234
N4930 G1 X-0.2283 Y0.7885
N4935 X-0.2272 Y0.7806
N4940 X-0.2251 Y0.7648
N4945 X-0.2244 Y0.7589
N4950 X-0.2228 Y0.7532
N4955 X-0.2208 Y0.7477
N4960 X-0.2183 Y0.7423
N4965 X-0.2155 Y0.7371
N4970 X-0.2125 Y0.7321
N4975 X-0.209 Y0.727
N4980 X-0.2049 Y0.7216
N4985 X-0.2003 Y0.7161
N4990 X-0.1948 Y0.7101
N4995 X-0.1889 Y0.7042
N5000 X-0.1816 Y0.6977
N5005 X-0.1737 Y0.6913
N5010 X-0.1646 Y0.6847
N5015 X-0.154 Y0.6777
N5020 X-0.1425 Y0.6709
N5025 X-0.1286 Y0.6635
N5030 X-0.1139 Y0.6566
N5035 X-0.0968 Y0.6496
N5040 X-0.0774 Y0.6428
N5045 X-0.0569 Y0.6366
N5050 X-0.0353 Y0.6313
N5055 X-0.0127 Y0.6268
N5060 X0.0102 Y0.6235
N5065 X0.0323 Y0.6213
N5070 X0.0526 Y0.6204
N5075 X0.0715
N5080 X0.0891 Y0.6212
N5085 X0.1048 Y0.6228
N5090 X0.1191 Y0.6249
N5095 X0.1306 Y0.6272
N5100 X0.1425 Y0.6301
N5105 X0.1519 Y0.633
N5110 X0.1601 Y0.6359
N5115 X0.169 Y0.6395
N5120 X0.1761 Y0.6429
N5125 X0.1784 Y0.6441
N5130 X0.1914 Y0.6526
N5135 X0.2028 Y0.6633
N5140 X0.212 Y0.6759
N5145 X0.2188 Y0.69
N5150 X0.223 Y0.705
N5155 X0.2244 Y0.7206
N5160 Y0.7331
N5165 X0.2246 Y0.7568
N5170 G3 X0.2015 Y0.7798 Z-0.1341 I-0.0236 J-0.0006
N5175 G1 X0.2004 Y0.7799 Z-0.1339
N5180 X-0.201 Y0.7892
N5185 X-0.2024
N5190 G3 X-0.2251 Y0.7648 Z-0.1417 I0.0009 J-0.0236
N5195 G1 X-0.2246 Y0.7568
N5200 X-0.2244 Y0.7386
N5205 X-0.2241 Y0.7327
N5210 X-0.2233 Y0.7269
N5215 X-0.2219 Y0.7211
N5220 X-0.22 Y0.7155
N5225 X-0.2178 Y0.71
N5230 X-0.2153 Y0.7047
N5235 X-0.2125 Y0.6995
N5240 X-0.2091 Y0.6941
N5245 X-0.2053 Y0.6885
N5250 X-0.2009 Y0.6827
N5255 X-0.1957 Y0.6765
N5260 X-0.1899 Y0.6702
N5265 X-0.183 Y0.6635
N5270 X-0.1756 Y0.6569
N5275 X-0.1669 Y0.6498
N5280 X-0.1569 Y0.6426
N5285 X-0.1462 Y0.6355
N5290 X-0.1336 Y0.6281
N5295 X-0.1197 Y0.6208
N5300 X-0.1049 Y0.6139
N5305 X-0.0882 Y0.6071
N5310 X-0.0698 Y0.6006
N5315 X-0.0503 Y0.5948
N5320 X-0.0302 Y0.5899
N5325 X-0.0097 Y0.5859
N5330 X0.0108 Y0.5829
N5335 X0.0308 Y0.581
N5340 X0.05 Y0.5802
N5345 X0.0681
N5350 X0.0854 Y0.5811
N5355 X0.1009 Y0.5827
N5360 X0.1153 Y0.5848
N5365 X0.1284 Y0.5874
N5370 X0.1389 Y0.5901
N5375 X0.1501 Y0.5935
N5380 X0.1586 Y0.5965
N5385 X0.1668 Y0.5999
N5390 X0.1751 Y0.6038
N5395 X0.1816 Y0.6073
N5400 X0.1822 Y0.6076
N5405 X0.1943 Y0.6163
N5410 X0.2047 Y0.627
N5415 X0.2131 Y0.6393
N5420 X0.2193 Y0.6528
N5425 X0.2231 Y0.6672
N5430 X0.2244 Y0.682
N5435 Y0.7206
N5440 G3 X0.2019 Y0.7434 Z-0.1343 I-0.0236 J-0.0008
N5445 G1 X0.2 Z-0.1339
N5450 X-0.1998 Y0.7615
N5455 X-0.2002
N5460 G3 X-0.2244 Y0.7386 Z-0.1417 I-0.0007 J-0.0236
N5465 G1 Y0.7251
N5470 Y0.7049
N5475 X-0.2241 Y0.699
N5480 X-0.2234 Y0.6932
N5485 X-0.2221 Y0.6874
N5490 X-0.2204 Y0.6818
N5495 X-0.2184 Y0.6762
N5500 X-0.216 Y0.6708
N5505 X-0.2133 Y0.6655
N5510 X-0.2102 Y0.66
N5515 X-0.2064 Y0.6541
N5520 X-0.2022 Y0.6482
N5525 X-0.1972 Y0.6417
N5530 X-0.1916 Y0.6352
N5535 X-0.1851 Y0.6284
N5540 X-0.1775 Y0.6212
N5545 X-0.1695 Y0.6142
N5550 X-0.1601 Y0.6068
N5555 X-0.1494 Y0.5993
N5560 X-0.1381 Y0.5921
N5565 X-0.1251 Y0.5847
N5570 X-0.1106 Y0.5773
N5575 X-0.0953 Y0.5705
N5580 X-0.079 Y0.5641
N5585 X-0.0613 Y0.5582
N5590 X-0.0426 Y0.5529
N5595 X-0.0234 Y0.5485
N5600 X-0.0039 Y0.545
N5605 X0.0157 Y0.5425
N5610 X0.0348 Y0.5409
N5615 X0.0534 Y0.5404
N5620 X0.0712 Y0.5407
N5625 X0.0876 Y0.5417
N5630 X0.1028 Y0.5435
N5635 X0.117 Y0.5458
N5640 X0.1304 Y0.5487
N5645 X0.1411 Y0.5516
N5650 X0.1515 Y0.5549
N5655 X0.1607 Y0.5584
N5660 X0.1684 Y0.5616
N5665 X0.1767 Y0.5657
N5670 X0.1796 Y0.5673
N5675 X0.1924 Y0.5759
N5680 X0.2034 Y0.5866
N5685 X0.2124 Y0.5991
N5690 X0.219 Y0.613
N5695 X0.223 Y0.6279
N5700 X0.2244 Y0.6432
N5705 Y0.682
N5710 G3 X0.2021 Y0.7048 Z-0.1343 I-0.0236 J-0.0008
N5715 G1 X0.2 Y0.7049 Z-0.1339
N5720 X-0.1995 Y0.7277
N5725 X-0.2
N5730 G3 X-0.2244 Y0.7049 Z-0.1417 I-0.0008 J-0.0236
N5735 G1 Y0.6697
N5740 X-0.2241 Y0.6638
N5745 X-0.2235 Y0.6579
N5750 X-0.2224 Y0.6521
N5755 X-0.2208 Y0.6464
N5760 X-0.2189 Y0.6408
N5765 X-0.2167 Y0.6354
N5770 X-0.2141 Y0.6299
N5775 X-0.2112 Y0.6244
N5780 X-0.2075 Y0.6184
N5785 X-0.2035 Y0.6123
N5790 X-0.1987 Y0.6059
N5795 X-0.1931 Y0.599
N5800 X-0.187 Y0.5923
N5805 X-0.1798 Y0.585
N5810 X-0.1718 Y0.5777
N5815 X-0.163 Y0.5704
N5820 X-0.1528 Y0.5629
N5825 X-0.1416 Y0.5553
N5830 X-0.1297 Y0.5481
N5835 X-0.1163 Y0.5409
N5840 X-0.1015 Y0.5338
N5845 X-0.0856 Y0.5271
N5850 X-0.0691 Y0.5211
N5855 X-0.0516 Y0.5156
N5860 X-0.0333 Y0.5109
N5865 X-0.0145 Y0.5071
N5870 X0.0046 Y0.5041
N5875 X0.0237 Y0.502
N5880 X0.0423 Y0.501
N5885 X0.0604 Y0.5008
N5890 X0.0773 Y0.5015
N5895 X0.0933 Y0.5029
N5900 X0.1084 Y0.505
N5905 X0.1223 Y0.5076
N5910 X0.1344 Y0.5105
N5915 X0.1452 Y0.5137
N5920 X0.1555 Y0.5172
N5925 X0.1635 Y0.5204
N5930 X0.1722 Y0.5244
N5935 X0.1796 Y0.5282
N5940 X0.1813 Y0.5292
N5945 X0.1937 Y0.5379
N5950 X0.2043 Y0.5486
N5955 X0.2129 Y0.5609
N5960 X0.2192 Y0.5746
N5965 X0.2231 Y0.5891
N5970 X0.2244 Y0.6041
N5975 Y0.6432
N5980 G3 X0.2024 Y0.6659 Z-0.1344 I-0.0236 J-0.0008
N5985 G1 X0.2 Y0.6661 Z-0.1339
N5990 X-0.1992 Y0.6924
N5995 X-0.2 Y0.6925
N6000 G3 X-0.2244 Y0.6697 Z-0.1417 I-0.0008 J-0.0236
N6005 G1 Y0.63
N6010 X-0.2241 Y0.6241
N6015 X-0.2233 Y0.6183
N6020 X-0.2221 Y0.6125
N6025 X-0.2205 Y0.6068
N6030 X-0.2185 Y0.6013
N6035 X-0.2162 Y0.5958
N6040 X-0.2135 Y0.5904
N6045 X-0.2103 Y0.5844
N6050 X-0.2066 Y0.5785
N6055 X-0.2022 Y0.572
N6060 X-0.1972 Y0.5653
N6065 X-0.1916 Y0.5586
N6070 X-0.185 Y0.5513
N6075 X-0.1778 Y0.5442
N6080 X-0.1696 Y0.5368
N6085 X-0.1601 Y0.5292
N6090 X-0.1499 Y0.5217
N6095 X-0.1388 Y0.5143
N6100 X-0.1264 Y0.5069
N6105 X-0.1127 Y0.4996
N6110 X-0.0981 Y0.4927
N6115 X-0.0827 Y0.4864
N6120 X-0.0662 Y0.4805
N6125 X-0.0487 Y0.4753
N6130 X-0.0305 Y0.4707
N6135 X-0.0118 Y0.467
N6140 X0.007 Y0.4642
N6145 X0.0256 Y0.4624
N6150 X0.0441 Y0.4615
N6155 X0.062 Y0.4614
N6160 X0.0791 Y0.4622
N6165 X0.095 Y0.4638
N6170 X0.1096 Y0.4659
N6175 X0.1236 Y0.4687
N6180 X0.1359 Y0.4717
N6185 X0.1463 Y0.4748
N6190 X0.1567 Y0.4785
N6195 X0.1647 Y0.4817
N6200 X0.1732 Y0.4857
N6205 X0.1806 Y0.4897
N6210 X0.1819 Y0.4904
N6215 X0.1941 Y0.4991
N6220 X0.2045 Y0.5097
N6225 X0.213 Y0.522
N6230 X0.2193 Y0.5356
N6235 X0.2231 Y0.5501
N6240 X0.2244 Y0.5649
N6245 Y0.6041
N6250 G3 X0.2023 Y0.6269 Z-0.1344 I-0.0236 J-0.0008
N6255 G1 X0.2 Y0.627 Z-0.1339
N6260 X-0.1993 Y0.6528
N6265 X-0.2
N6270 G3 X-0.2244 Y0.63 Z-0.1417 I-0.0008 J-0.0236
N6275 G1 Y0.592
N6280 X-0.2241 Y0.5861
N6285 X-0.2234 Y0.5803
N6290 X-0.2222 Y0.5745
N6295 X-0.2206 Y0.5688
N6300 X-0.2187 Y0.5632
N6305 X-0.2165 Y0.5577
N6310 X-0.2138 Y0.552
N6315 X-0.2107 Y0.5463
N6320 X-0.207 Y0.5402
N6325 X-0.2027 Y0.5337
N6330 X-0.1979 Y0.5272
N6335 X-0.1922 Y0.5202
N6340 X-0.1859 Y0.5131
N6345 X-0.1787 Y0.5059
N6350 X-0.1704 Y0.4983
N6355 X-0.1614 Y0.4908
N6360 X-0.1515 Y0.4834
N6365 X-0.1404 Y0.4759
N6370 X-0.128 Y0.4684
N6375 X-0.1149 Y0.4613
N6380 X-0.1008 Y0.4545
N6385 X-0.0855 Y0.448
N6390 X-0.0691 Y0.442
N6395 X-0.0518 Y0.4366
N6400 X-0.0338 Y0.432
N6405 X-0.0154 Y0.4281
N6410 X0.0032 Y0.4252
N6415 X0.0217 Y0.4232
N6420 X0.04 Y0.4221
N6425 X0.0578 Y0.4219
N6430 X0.0751 Y0.4226
N6435 X0.0913 Y0.424
N6440 X0.1067 Y0.4261
N6445 X0.1206 Y0.4287
N6450 X0.1337 Y0.4318
N6455 X0.1439 Y0.4348
N6460 X0.1548 Y0.4385
N6465 X0.1632 Y0.4419
N6470 X0.1713 Y0.4455
N6475 X0.1793 Y0.4497
N6480 X0.1812 Y0.4508
N6485 X0.1936 Y0.4595
N6490 X0.2042 Y0.4701
N6495 X0.2128 Y0.4825
N6500 X0.2192 Y0.4962
N6505 X0.2231 Y0.5107
N6510 X0.2244 Y0.5257
N6515 Y0.5649
N6520 G3 X0.2024 Y0.5877 Z-0.1344 I-0.0236 J-0.0008
N6525 G1 X0.2 Y0.5878 Z-0.1339
N6530 X-0.1992 Y0.6148
N6535 X-0.2
N6540 G3 X-0.2244 Y0.592 Z-0.1417 I-0.0008 J-0.0236
N6545 G1 Y0.5544
N6550 X-0.2241 Y0.5485
N6555 X-0.2235 Y0.5426
N6560 X-0.2225 Y0.5368
N6565 X-0.221 Y0.5311
N6570 X-0.2191 Y0.5254
N6575 X-0.217 Y0.52
N6580 X-0.2144 Y0.5143
N6585 X-0.2115 Y0.5087
N6590 X-0.208 Y0.5025
N6595 X-0.2039 Y0.4961
N6600 X-0.1992 Y0.4897
N6605 X-0.1937 Y0.4826
N6610 X-0.1876 Y0.4757
N6615 X-0.1807 Y0.4685
N6620 X-0.1727 Y0.461
N6625 X-0.164 Y0.4535
N6630 X-0.1544 Y0.4461
N6635 X-0.1435 Y0.4386
N6640 X-0.1315 Y0.431
N6645 X-0.1188 Y0.4239
N6650 X-0.105 Y0.417
N6655 X-0.09 Y0.4104
N6660 X-0.0739 Y0.4042
N6665 X-0.0569 Y0.3986
N6670 X-0.0393 Y0.3938
N6675 X-0.0212 Y0.3898
N6680 X-0.0028 Y0.3866
N6685 X0.0157 Y0.3843
N6690 X0.0341 Y0.3829
N6695 X0.0521 Y0.3825
N6700 X0.0696 Y0.3829
N6705 X0.086 Y0.3841
N6710 X0.1018 Y0.386
N6715 X0.1163 Y0.3885
N6720 X0.1296 Y0.3915
N6725 X0.1405 Y0.3944
N6730 X0.1516 Y0.3981
N6735 X0.1607 Y0.4015
N6740 X0.1686 Y0.405
N6745 X0.177 Y0.4092
N6750 X0.1837 Y0.413
N6755 X0.1954 Y0.4217
N6760 X0.2054 Y0.4323
N6765 X0.2136 Y0.4444
N6770 X0.2195 Y0.4577
N6775 X0.2232 Y0.4718
N6780 X0.2244 Y0.4864
N6785 Y0.5257
N6790 G3 X0.2025 Y0.5485 Z-0.1344 I-0.0236 J-0.0008
N6795 G1 X0.2 Y0.5486 Z-0.1339
N6800 X-0.1991 Y0.5771
N6805 X-0.2
N6810 G3 X-0.2244 Y0.5544 Z-0.1417 I-0.0008 J-0.0236
N6815 G1 Y0.5147
N6820 X-0.2241 Y0.5088
N6825 X-0.2235 Y0.503
N6830 X-0.2224 Y0.4972
N6835 X-0.2209 Y0.4914
N6840 X-0.219 Y0.4858
N6845 X-0.2169 Y0.4804
N6850 X-0.2144 Y0.4748
N6855 X-0.2113 Y0.4689
N6860 X-0.2079 Y0.463
N6865 X-0.2037 Y0.4565
N6870 X-0.1989 Y0.4499
N6875 X-0.1935 Y0.4431
N6880 X-0.1871 Y0.4358
N6885 X-0.1802 Y0.4287
N6890 X-0.1724 Y0.4213
N6895 X-0.1635 Y0.4137
N6900 X-0.1537 Y0.4062
N6905 X-0.1431 Y0.3988
N6910 X-0.1312 Y0.3914
N6915 X-0.118 Y0.384
N6920 X-0.104 Y0.3771
N6925 X-0.0893 Y0.3706
N6930 X-0.0735 Y0.3646
N6935 X-0.0567 Y0.3591
N6940 X-0.0391 Y0.3543
N6945 X-0.021 Y0.3503
N6950 X-0.0025 Y0.3472
N6955 X0.016 Y0.3449
N6960 X0.0344 Y0.3436
N6965 X0.0525 Y0.3432
N6970 X0.0701 Y0.3436
N6975 X0.0868 Y0.3449
N6980 X0.1023 Y0.3468
N6985 X0.1165 Y0.3492
N6990 X0.13 Y0.3523
N6995 X0.1416 Y0.3555
N7000 X0.1516 Y0.3587
N7005 X0.1613 Y0.3625
N7010 X0.169 Y0.3658
N7015 X0.1773 Y0.37
N7020 X0.1803 Y0.3717
N7025 X0.1928 Y0.3803
N7030 X0.2037 Y0.391
N7035 X0.2126 Y0.4034
N7040 X0.2191 Y0.4172
N7045 X0.2231 Y0.432
N7050 X0.2244 Y0.4472
N7055 Y0.4864
N7060 G3 X0.2025 Y0.5091 Z-0.1344 I-0.0236 J-0.0008
N7065 G1 X0.2 Y0.5093 Z-0.1339
N7070 X-0.1991 Y0.5375
N7075 X-0.2
N7080 G3 X-0.2244 Y0.5147 Z-0.1417 I-0.0008 J-0.0236
N7085 G1 Y0.4751
N7090 X-0.2241 Y0.4692
N7095 X-0.2235 Y0.4633
N7100 X-0.2224 Y0.4575
N7105 X-0.2208 Y0.4518
N7110 X-0.219 Y0.4462
N7115 X-0.2168 Y0.4407
N7120 X-0.2143 Y0.4352
N7125 X-0.2112 Y0.4292
N7130 X-0.2077 Y0.4233
N7135 X-0.2035 Y0.4168
N7140 X-0.1987 Y0.4102
N7145 X-0.1933 Y0.4033
N7150 X-0.1868 Y0.3961
N7155 X-0.1799 Y0.3889
N7160 X-0.172 Y0.3815
N7165 X-0.163 Y0.3739
N7170 X-0.1532 Y0.3664
N7175 X-0.1426 Y0.359
N7180 X-0.1307 Y0.3516
N7185 X-0.1176 Y0.3443
N7190 X-0.1036 Y0.3374
N7195 X-0.0889 Y0.331
N7200 X-0.073 Y0.325
N7205 X-0.0563 Y0.3196
N7210 X-0.0387 Y0.3148
N7215 X-0.0205 Y0.3108
N7220 X-0.002 Y0.3077
N7225 X0.0166 Y0.3055
N7230 X0.035 Y0.3042
N7235 X0.0531 Y0.3038
N7240 X0.0706 Y0.3043
N7245 X0.0874 Y0.3056
N7250 X0.1028 Y0.3075
N7255 X0.117 Y0.31
N7260 X0.1304 Y0.313
N7265 X0.1412 Y0.316
N7270 X0.1524 Y0.3198
N7275 X0.161 Y0.3231
N7280 X0.1694 Y0.3267
N7285 X0.1776 Y0.3309
N7290 X0.184 Y0.3345
N7295 X0.1956 Y0.3433
N7300 X0.2056 Y0.3539
N7305 X0.2136 Y0.366
N7310 X0.2196 Y0.3792
N7315 X0.2232 Y0.3933
N7320 X0.2244 Y0.4078
N7325 Y0.4472
N7330 G3 X0.2024 Y0.4699 Z-0.1344 I-0.0236 J-0.0008
N7335 G1 X0.2 Y0.4701 Z-0.1339
N7340 X-0.1992 Y0.4979
N7345 X-0.2
N7350 G3 X-0.2244 Y0.4751 Z-0.1417 I-0.0008 J-0.0236
N7355 G1 Y0.4355
N7360 X-0.2241 Y0.4296
N7365 X-0.2235 Y0.4237
N7370 X-0.2223 Y0.4179
N7375 X-0.2208 Y0.4122
N7380 X-0.2189 Y0.4066
N7385 X-0.2167 Y0.4011
N7390 X-0.2142 Y0.3955
N7395 X-0.2111 Y0.3896
N7400 X-0.2075 Y0.3836
N7405 X-0.2033 Y0.3771
N7410 X-0.1985 Y0.3705
N7415 X-0.1931 Y0.3636
N7420 X-0.1866 Y0.3564
N7425 X-0.1797 Y0.3492
N7430 X-0.1717 Y0.3418
N7435 X-0.1627 Y0.3342
N7440 X-0.1529 Y0.3267
N7445 X-0.1423 Y0.3194
N7450 X-0.1304 Y0.312
N7455 X-0.1172 Y0.3047
N7460 X-0.1032 Y0.2978
N7465 X-0.0885 Y0.2915
N7470 X-0.0727 Y0.2855
N7475 X-0.0558 Y0.2801
N7480 X-0.0382 Y0.2753
N7485 X-0.0201 Y0.2714
N7490 X-0.0016 Y0.2683
N7495 X0.0171 Y0.2661
N7500 X0.0355 Y0.2648
N7505 X0.0536 Y0.2645
N7510 X0.0711 Y0.265
N7515 X0.0877 Y0.2663
N7520 X0.1031 Y0.2682
N7525 X0.1173 Y0.2708
N7530 X0.1308 Y0.2738
N7535 X0.1423 Y0.277
N7540 X0.1523 Y0.2804
N7545 X0.1619 Y0.2841
N7550 X0.1695 Y0.2875
N7555 X0.1768 Y0.2911
N7560 X0.1903 Y0.2996
N7565 X0.202 Y0.3103
N7570 X0.2116 Y0.3231
N7575 X0.2186 Y0.3373
N7580 X0.2229 Y0.3526
N7585 X0.2244 Y0.3685
N7590 Y0.4078
N7595 G3 X0.2024 Y0.4305 Z-0.1344 I-0.0236 J-0.0008
N7600 G1 X0.2 Y0.4307 Z-0.1339
N7605 X-0.1992 Y0.4582
N7610 X-0.2 Y0.4583
N7615 G3 X-0.2244 Y0.4355 Z-0.1417 I-0.0008 J-0.0236
N7620 G1 Y0.3959
N7625 X-0.2241 Y0.39
N7630 X-0.2234 Y0.3841
N7635 X-0.2223 Y0.3783
N7640 X-0.2208 Y0.3726
N7645 X-0.2189 Y0.367
N7650 X-0.2167 Y0.3615
N7655 X-0.2141 Y0.3559
N7660 X-0.211 Y0.35
N7665 X-0.2074 Y0.344
N7670 X-0.2032 Y0.3374
N7675 X-0.1984 Y0.3308
N7680 X-0.1929 Y0.324
N7685 X-0.1864 Y0.3167
N7690 X-0.1795 Y0.3096
N7695 X-0.1715 Y0.3022
N7700 X-0.1624 Y0.2946
N7705 X-0.1526 Y0.2871
N7710 X-0.142 Y0.2798
N7715 X-0.1301 Y0.2724
N7720 X-0.1169 Y0.2651
N7725 X-0.1029 Y0.2583
N7730 X-0.0881 Y0.2519
N7735 X-0.0723 Y0.2459
N7740 X-0.0554 Y0.2405
N7745 X-0.0378 Y0.2358
N7750 X-0.0196 Y0.2319
N7755 X-0.0011 Y0.2288
N7760 X0.0175 Y0.2267
N7765 X0.0359 Y0.2255
N7770 X0.054 Y0.2251
N7775 X0.0715 Y0.2257
N7780 X0.0883 Y0.227
N7785 X0.1037 Y0.229
N7790 X0.1178 Y0.2315
N7795 X0.1305 Y0.2344
N7800 X0.1426 Y0.2378
N7805 X0.153 Y0.2413
N7810 X0.1613 Y0.2445
N7815 X0.1705 Y0.2486
N7820 X0.1778 Y0.2523
N7825 X0.1806 Y0.254
N7830 X0.1931 Y0.2626
N7835 X0.2039 Y0.2733
N7840 X0.2127 Y0.2857
N7845 X0.2191 Y0.2994
N7850 X0.2231 Y0.3141
N7855 X0.2244 Y0.3292
N7860 Y0.3685
N7865 G3 X0.2024 Y0.3912 Z-0.1344 I-0.0236 J-0.0008
N7870 G1 X0.2 Y0.3914 Z-0.1339
N7875 X-0.1992 Y0.4186
N7880 X-0.2
N7885 G3 X-0.2244 Y0.3959 Z-0.1417 I-0.0008 J-0.0236
N7890 G1 Y0.3562
N7895 X-0.2241 Y0.3503
N7900 X-0.2234 Y0.3445
N7905 X-0.2223 Y0.3387
N7910 X-0.2207 Y0.333
N7915 X-0.2188 Y0.3274
N7920 X-0.2166 Y0.3219
N7925 X-0.214 Y0.3163
N7930 X-0.2109 Y0.3104
N7935 X-0.2073 Y0.3043
N7940 X-0.203 Y0.2978
N7945 X-0.1982 Y0.2912
N7950 X-0.1927 Y0.2843
N7955 X-0.1862 Y0.2771
N7960 X-0.1792 Y0.2699
N7965 X-0.1713 Y0.2625
N7970 X-0.1622 Y0.2549
N7975 X-0.1523 Y0.2475
N7980 X-0.1417 Y0.2402
N7985 X-0.1297 Y0.2328
N7990 X-0.1165 Y0.2255
N7995 X-0.1024 Y0.2187
N8000 X-0.0877 Y0.2123
N8005 X-0.0718 Y0.2064
N8010 X-0.0549 Y0.201
N8015 X-0.0373 Y0.1963
N8020 X-0.0191 Y0.1924
N8025 X-0.0006 Y0.1894
N8030 X0.0181 Y0.1873
N8035 X0.0365 Y0.1861
N8040 X0.0546 Y0.1858
N8045 X0.072 Y0.1863
N8050 X0.0887 Y0.1877
N8055 X0.104 Y0.1897
N8060 X0.1183 Y0.1923
N8065 X0.1315 Y0.1953
N8070 X0.1422 Y0.1983
N8075 X0.1533 Y0.2021
N8080 X0.1618 Y0.2054
N8085 X0.1701 Y0.2092
N8090 X0.1783 Y0.2133
N8095 X0.1808 Y0.2147
N8100 X0.1932 Y0.2234
N8105 X0.204 Y0.2341
N8110 X0.2127 Y0.2465
N8115 X0.2191 Y0.2602
N8120 X0.2231 Y0.2748
N8125 X0.2244 Y0.2899
N8130 Y0.3292
N8135 G3 X0.2024 Y0.352 Z-0.1344 I-0.0236 J-0.0008
N8140 G1 X0.2 Y0.3521 Z-0.1339
N8145 X-0.1992 Y0.379
N8150 X-0.2
N8155 G3 X-0.2244 Y0.3562 Z-0.1417 I-0.0008 J-0.0236
N8160 G1 Y0.3166
N8165 X-0.2241 Y0.3107
N8170 X-0.2234 Y0.3048
N8175 X-0.2222 Y0.2991
N8180 X-0.2207 Y0.2934
N8185 X-0.2188 Y0.2878
N8190 X-0.2165 Y0.2823
N8195 X-0.2139 Y0.2767
N8200 X-0.2108 Y0.2707
N8205 X-0.2072 Y0.2647
N8210 X-0.2029 Y0.2581
N8215 X-0.1981 Y0.2516
N8220 X-0.1925 Y0.2447
N8225 X-0.186 Y0.2374
N8230 X-0.179 Y0.2303
N8235 X-0.171 Y0.2229
N8240 X-0.1619 Y0.2153
N8245 X-0.152 Y0.2078
N8250 X-0.1413 Y0.2005
N8255 X-0.1293 Y0.1932
N8260 X-0.1161 Y0.1859
N8265 X-0.102 Y0.1791
N8270 X-0.0872 Y0.1727
N8275 X-0.0713 Y0.1668
N8280 X-0.0544 Y0.1615
N8285 X-0.0367 Y0.1568
N8290 X-0.0185 Y0.153
N8295 X0. Y0.15
N8300 X0.0187 Y0.1479
N8305 X0.0371 Y0.1467
N8310 X0.0551 Y0.1464
N8315 X0.0727 Y0.147
N8320 X0.0892 Y0.1484
N8325 X0.1045 Y0.1504
N8330 X0.1186 Y0.153
N8335 X0.1319 Y0.1561
N8340 X0.1425 Y0.1591
N8345 X0.1536 Y0.1629
N8350 X0.1621 Y0.1662
N8355 X0.1704 Y0.17
N8360 X0.1785 Y0.1741
N8365 X0.1809 Y0.1755
N8370 X0.1933 Y0.1841
N8375 X0.2041 Y0.1948
N8380 X0.2128 Y0.2072
N8385 X0.2192 Y0.2209
N8390 X0.2231 Y0.2355
N8395 X0.2244 Y0.2506
N8400 Y0.2899
N8405 G3 X0.2024 Y0.3127 Z-0.1344 I-0.0236 J-0.0008
N8410 G1 X0.2 Y0.3128 Z-0.1339
N8415 X-0.1992 Y0.3394
N8420 X-0.2
N8425 G3 X-0.2244 Y0.3166 Z-0.1417 I-0.0008 J-0.0236
N8430 G1 Y0.277
N8435 X-0.2241 Y0.2711
N8440 X-0.2234 Y0.2652
N8445 X-0.2222 Y0.2594
N8450 X-0.2206 Y0.2537
N8455 X-0.2187 Y0.2482
N8460 X-0.2165 Y0.2427
N8465 X-0.2138 Y0.237
N8470 X-0.2107 Y0.2311
N8475 X-0.2071 Y0.2251
N8480 X-0.2027 Y0.2185
N8485 X-0.1979 Y0.2119
N8490 X-0.1923 Y0.205
N8495 X-0.1858 Y0.1977
N8500 X-0.1787 Y0.1906
N8505 X-0.1707 Y0.1832
N8510 X-0.1615 Y0.1756
N8515 X-0.1517 Y0.1682
N8520 X-0.1409 Y0.1609
N8525 X-0.1289 Y0.1535
N8530 X-0.1156 Y0.1463
N8535 X-0.1015 Y0.1394
N8540 X-0.0866 Y0.1331
N8545 X-0.0707 Y0.1273
N8550 X-0.0537 Y0.1219
N8555 X-0.0361 Y0.1173
N8560 X-0.0178 Y0.1135
N8565 X0.0007 Y0.1105
N8570 X0.0193 Y0.1084
N8575 X0.0377 Y0.1073
N8580 X0.0558 Y0.1071
N8585 X0.0732 Y0.1077
N8590 X0.0897 Y0.1091
N8595 X0.105 Y0.1112
N8600 X0.1191 Y0.1138
N8605 X0.1324 Y0.1169
N8610 X0.1429 Y0.1199
N8615 X0.154 Y0.1237
N8620 X0.1624 Y0.127
N8625 X0.1708 Y0.1308
N8630 X0.1788 Y0.1349
N8635 X0.1811 Y0.1362
N8640 X0.1934 Y0.1449
N8645 X0.2041 Y0.1556
N8650 X0.2128 Y0.1679
N8655 X0.2192 Y0.1816
N8660 X0.2231 Y0.1962
N8665 X0.2244 Y0.2113
N8670 Y0.2506
N8675 G3 X0.2024 Y0.2734 Z-0.1344 I-0.0236 J-0.0008
N8680 G1 X0.2 Y0.2735 Z-0.1339
N8685 X-0.1993 Y0.2997
N8690 X-0.2 Y0.2998
N8695 G3 X-0.2244 Y0.277 Z-0.1417 I-0.0008 J-0.0236
N8700 G1 Y0.2374
N8705 X-0.2241 Y0.2315
N8710 X-0.2234 Y0.2256
N8715 X-0.2222 Y0.2198
N8720 X-0.2206 Y0.2141
N8725 X-0.2186 Y0.2086
N8730 X-0.2164 Y0.2031
N8735 X-0.2137 Y0.1974
N8740 X-0.2106 Y0.1915
N8745 X-0.2069 Y0.1854
N8750 X-0.2025 Y0.1788
N8755 X-0.1977 Y0.1723
N8760 X-0.1921 Y0.1654
N8765 X-0.1855 Y0.1581
N8770 X-0.1785 Y0.1509
N8775 X-0.1704 Y0.1435
N8780 X-0.1612 Y0.1359
N8785 X-0.1513 Y0.1285
N8790 X-0.1405 Y0.1212
N8795 X-0.1284 Y0.1138
N8800 X-0.1151 Y0.1066
N8805 X-0.1009 Y0.0998
N8810 X-0.0861 Y0.0935
N8815 X-0.0701 Y0.0877
N8820 X-0.0531 Y0.0824
N8825 X-0.0354 Y0.0778
N8830 X-0.0172 Y0.074
N8835 X0.0014 Y0.071
N8840 X0.02 Y0.069
N8845 X0.0384 Y0.0679
N8850 X0.0564 Y0.0677
N8855 X0.0739 Y0.0684
N8860 X0.0903 Y0.0698
N8865 X0.1055 Y0.0719
N8870 X0.1196 Y0.0745
N8875 X0.1328 Y0.0777
N8880 X0.1433 Y0.0807
N8885 X0.1544 Y0.0845
N8890 X0.1627 Y0.0878
N8895 X0.1711 Y0.0916
N8900 X0.1791 Y0.0957
N8905 X0.1812 Y0.097
N8910 X0.1935 Y0.1057
N8915 X0.2042 Y0.1163
N8920 X0.2128 Y0.1287
N8925 X0.2192 Y0.1424
N8930 X0.2231 Y0.1569
N8935 X0.2244 Y0.1719
N8940 Y0.2113
N8945 G3 X0.2023 Y0.234 Z-0.1344 I-0.0236 J-0.0008
N8950 G1 X0.2 Y0.2342 Z-0.1339
N8955 X-0.1993 Y0.2601
N8960 X-0.2
N8965 G3 X-0.2244 Y0.2374 Z-0.1417 I-0.0008 J-0.0236
N8970 G1 Y0.1977
N8975 X-0.2241 Y0.1918
N8980 X-0.2233 Y0.186
N8985 X-0.2221 Y0.1802
N8990 X-0.2205 Y0.1745
N8995 X-0.2186 Y0.1689
N9000 X-0.2163 Y0.1635
N9005 X-0.2136 Y0.1578
N9010 X-0.2104 Y0.1519
N9015 X-0.2068 Y0.1458
N9020 X-0.2024 Y0.1392
N9025 X-0.1975 Y0.1326
N9030 X-0.1919 Y0.1257
N9035 X-0.1853 Y0.1184
N9040 X-0.1782 Y0.1113
N9045 X-0.17 Y0.1039
N9050 X-0.1608 Y0.0962
N9055 X-0.1509 Y0.0888
N9060 X-0.14 Y0.0815
N9065 X-0.1279 Y0.0742
N9070 X-0.1145 Y0.067
N9075 X-0.1004 Y0.0602
N9080 X-0.0855 Y0.0539
N9085 X-0.0694 Y0.0481
N9090 X-0.0524 Y0.0428
N9095 X-0.0347 Y0.0382
N9100 X-0.0165 Y0.0345
N9105 X0.0021 Y0.0316
N9110 X0.0207 Y0.0296
N9115 X0.0391 Y0.0286
N9120 X0.0571 Y0.0284
N9125 X0.0746 Y0.0291
N9130 X0.091 Y0.0306
N9135 X0.1061 Y0.0327
N9140 X0.1202 Y0.0353
N9145 X0.1333 Y0.0385
N9150 X0.1438 Y0.0415
N9155 X0.1548 Y0.0453
N9160 X0.1631 Y0.0486
N9165 X0.1714 Y0.0525
N9170 X0.1793 Y0.0566
N9175 X0.1814 Y0.0577
N9180 X0.1937 Y0.0664
N9185 X0.2043 Y0.0771
N9190 X0.2129 Y0.0894
N9195 X0.2192 Y0.1031
N9200 X0.2231 Y0.1176
N9205 X0.2244 Y0.1326
N9210 Y0.1719
N9215 G3 X0.2023 Y0.1947 Z-0.1344 I-0.0236 J-0.0008
N9220 G1 X0.2 Y0.1948 Z-0.1339
N9225 X-0.1993 Y0.2205
N9230 X-0.2
N9235 G3 X-0.2244 Y0.1977 Z-0.1417 I-0.0008 J-0.0236
N9240 G1 Y0.1581
N9245 X-0.2241 Y0.1522
N9250 X-0.2233 Y0.1464
N9255 X-0.2221 Y0.1406
N9260 X-0.2205 Y0.1349
N9265 X-0.2185 Y0.1293
N9270 X-0.2162 Y0.1239
N9275 X-0.2135 Y0.1182
N9280 X-0.2103 Y0.1122
N9285 X-0.2066 Y0.1061
N9290 X-0.2022 Y0.0995
N9295 X-0.1973 Y0.093
N9300 X-0.1916 Y0.086
N9305 X-0.185 Y0.0787
N9310 X-0.1779 Y0.0716
N9315 X-0.1697 Y0.0642
N9320 X-0.1604 Y0.0565
N9325 X-0.1505 Y0.0492
N9330 X-0.1396 Y0.0419
N9335 X-0.1274 Y0.0345
N9340 X-0.114 Y0.0273
N9345 X-0.0998 Y0.0206
N9350 X-0.0849 Y0.0143
N9355 X-0.0688 Y0.0085
N9360 X-0.0517 Y0.0033
N9365 X-0.034 Y-0.0013
N9370 X-0.0157 Y-0.005
N9375 X0.0029 Y-0.0079
N9380 X0.0215 Y-0.0098
N9385 X0.0399 Y-0.0108
N9390 X0.0578 Y-0.0109
N9395 X0.0752 Y-0.0102
N9400 X0.0916 Y-0.0087
N9405 X0.1067 Y-0.0066
N9410 X0.1208 Y-0.0039
N9415 X0.1338 Y-0.0007
N9420 X0.1442 Y0.0023
N9425 X0.1552 Y0.0061
N9430 X0.1634 Y0.0094
N9435 X0.1718 Y0.0133
N9440 X0.1796 Y0.0174
N9445 X0.1815 Y0.0185
N9450 X0.1938 Y0.0271
N9455 X0.2043 Y0.0378
N9460 X0.2129 Y0.0501
N9465 X0.2192 Y0.0638
N9470 X0.2231 Y0.0783
N9475 X0.2244 Y0.0932
N9480 Y0.1326
N9485 G3 X0.2023 Y0.1553 Z-0.1343 I-0.0236 J-0.0008
N9490 G1 X0.2 Y0.1555 Z-0.1339
N9495 X-0.1993 Y0.1809
N9500 X-0.2
N9505 G3 X-0.2244 Y0.1581 Z-0.1417 I-0.0008 J-0.0236
N9510 G1 Y0.1185
N9515 X-0.2241 Y0.1126
N9520 X-0.2233 Y0.1067
N9525 X-0.2221 Y0.101
N9530 X-0.2204 Y0.0953
N9535 X-0.2184 Y0.0897
N9540 X-0.2161 Y0.0843
N9545 X-0.2134 Y0.0785
N9550 X-0.2102 Y0.0726
N9555 X-0.2065 Y0.0665
N9560 X-0.202 Y0.0599
N9565 X-0.1971 Y0.0533
N9570 X-0.1914 Y0.0464
N9575 X-0.1847 Y0.039
N9580 X-0.1776 Y0.0319
N9585 X-0.1694 Y0.0245
N9590 X-0.16 Y0.0169
N9595 X-0.1501 Y0.0095
N9600 X-0.1391 Y0.0022
N9605 X-0.1269 Y-0.0052
N9610 X-0.1134 Y-0.0123
N9615 X-0.0992 Y-0.0191
N9620 X-0.0842 Y-0.0253
N9625 X-0.0681 Y-0.0311
N9630 X-0.051 Y-0.0363
N9635 X-0.0333 Y-0.0408
N9640 X-0.015 Y-0.0445
N9645 X0.0036 Y-0.0473
N9650 X0.0222 Y-0.0492
N9655 X0.0406 Y-0.0502
N9660 X0.0586 Y-0.0503
N9665 X0.076 Y-0.0495
N9670 X0.0923 Y-0.048
N9675 X0.1073 Y-0.0458
N9680 X0.1213 Y-0.0431
N9685 X0.1343 Y-0.04
N9690 X0.1447 Y-0.0369
N9695 X0.1556 Y-0.0331
N9700 X0.1638 Y-0.0298
N9705 X0.1722 Y-0.0259
N9710 X0.1799 Y-0.0218
N9715 X0.1817 Y-0.0208
N9720 X0.1936 Y-0.0124
N9725 X0.2039 Y-0.0021
N9730 X0.2123 Y0.0098
N9735 X0.2187 Y0.0229
N9740 X0.2227 Y0.0369
N9745 X0.2244 Y0.0514
N9750 Y0.0832
N9755 Y0.0932
N9760 G3 X0.2023 Y0.116 Z-0.1343 I-0.0236 J-0.0008
N9765 G1 X0.2 Y0.1161 Z-0.1339
N9770 X-0.1993 Y0.1412
N9775 X-0.2 Y0.1413
N9780 G3 X-0.2244 Y0.1185 Z-0.1417 I-0.0008 J-0.0236
N9785 G1 Y0.0808
N9790 X-0.2241 Y0.0749
N9795 X-0.2235 Y0.069
N9800 X-0.2223 Y0.0633
N9805 X-0.2208 Y0.0575
N9810 X-0.2189 Y0.0519
N9815 X-0.2167 Y0.0465
N9820 X-0.2141 Y0.0408
N9825 X-0.2112 Y0.0351
N9830 X-0.2075 Y0.0289
N9835 X-0.2034 Y0.0225
N9840 X-0.1987 Y0.016
N9845 X-0.1931 Y0.009
N9850 X-0.1869 Y0.002
N9855 X-0.1799 Y-0.0052
N9860 X-0.1718 Y-0.0127
N9865 X-0.1631 Y-0.0201
N9870 X-0.1534 Y-0.0275
N9875 X-0.1425 Y-0.035
N9880 X-0.1305 Y-0.0424
N9885 X-0.1179 Y-0.0494
N9890 X-0.1041 Y-0.0562
N9895 X-0.0891 Y-0.0627
N9900 X-0.0731 Y-0.0687
N9905 X-0.0561 Y-0.0742
N9910 X-0.0385 Y-0.0789
N9915 X-0.0205 Y-0.0829
N9920 X-0.002 Y-0.086
N9925 X0.0165 Y-0.0881
N9930 X0.035 Y-0.0894
N9935 X0.053 Y-0.0898
N9940 X0.0704 Y-0.0892
N9945 X0.0868 Y-0.088
N9950 X0.1026 Y-0.086
N9955 X0.1171 Y-0.0834
N9960 X0.1305 Y-0.0803
N9965 X0.1414 Y-0.0773
N9970 X0.1525 Y-0.0736
N9975 X0.1613 Y-0.0702
N9980 X0.1695 Y-0.0666
N9985 X0.178 Y-0.0622
N9990 X0.1894 Y-0.0545
N9995 X0.1994 Y-0.0452
N10000 X0.2078 Y-0.0343
N10005 X0.2143 Y-0.0223
N10010 X0.2189 Y-0.0094
N10015 X0.2214 Y0.0041
N10020 X0.2231 Y0.0198
N10025 X0.2237 Y0.0277
N10030 X0.2244 Y0.0514
N10035 G3 X0.2025 Y0.0748 Z-0.1342 I-0.0236 J-0.0001
N10040 G1 X0.2007 Y0.0749 Z-0.1339
N10045 X-0.1991 Y0.1036
N10050 X-0.2
N10055 G3 X-0.2244 Y0.0808 Z-0.1417 I-0.0008 J-0.0236
N10060 G1 Y0.0515
N10065 X-0.224 Y0.0392
N10070 X-0.2236 Y0.0333
N10075 X-0.2228 Y0.0275
N10080 X-0.2215 Y0.0217
N10085 X-0.2199 Y0.016
N10090 X-0.2179 Y0.0105
N10095 X-0.2156 Y0.005
N10100 X-0.213 Y-0.0004
N10105 X-0.2097 Y-0.0065
N10110 X-0.2061 Y-0.0125
N10115 X-0.2017 Y-0.019
N10120 X-0.1966 Y-0.0258
N10125 X-0.1911 Y-0.0325
N10130 X-0.1845 Y-0.0397
N10135 X-0.1771 Y-0.0471
N10140 X-0.1692 Y-0.0543
N10145 X-0.1601 Y-0.0617
N10150 X-0.1498 Y-0.0694
N10155 X-0.1388 Y-0.0767
N10160 X-0.1268 Y-0.0838
N10165 X-0.1136 Y-0.091
N10170 X-0.0991 Y-0.0978
N10175 X-0.0837 Y-0.1042
N10180 X-0.0678 Y-0.1099
N10185 X-0.0509 Y-0.1151
N10190 X-0.0333 Y-0.1196
N10195 X-0.0151 Y-0.1232
N10200 X0.0034 Y-0.1261
N10205 X0.022 Y-0.128
N10210 X0.0405 Y-0.1289
N10215 X0.0586 Y-0.129
N10220 X0.0759 Y-0.1283
N10225 X0.092 Y-0.1268
N10230 X0.1071 Y-0.1246
N10235 X0.1213 Y-0.1219
N10240 X0.1335 Y-0.1189
N10245 X0.1444 Y-0.1157
N10250 X0.154 Y-0.1123
N10255 X0.1568 Y-0.1112
N10260 X0.1695 Y-0.1047
N10265 X0.1811 Y-0.0963
N10270 X0.1911 Y-0.086
N10275 X0.1993 Y-0.0742
N10280 X0.2032 Y-0.0674
N10285 X0.205 Y-0.0634
N10290 X0.2179 Y-0.0236
N10295 X0.2189 Y-0.0198
N10300 X0.2198 Y-0.0119
N10305 X0.2214 Y0.0041
N10310 G3 X0.1998 Y0.0293 Z-0.1339 I-0.0236 J0.0016
N10315 G1 X0.1995
N10320 X-0.1984 Y0.0626
N10325 X-0.2003 Y0.0627
N10330 G3 X-0.224 Y0.0392 Z-0.1417 I-0.0001 J-0.0236
N10335 G1 X-0.2237 Y0.0277
N10340 X-0.2231 Y0.0198
N10345 X-0.2201 Y-0.0083
N10350 X-0.2191 Y-0.015
N10355 X-0.2179 Y-0.0208
N10360 X-0.2163 Y-0.0265
N10365 X-0.2143 Y-0.032
N10370 X-0.212 Y-0.0375
N10375 X-0.2094 Y-0.0428
N10380 X-0.2062 Y-0.0486
N10385 X-0.2026 Y-0.0545
N10390 X-0.1983 Y-0.0608
N10395 X-0.1934 Y-0.0674
N10400 X-0.1879 Y-0.0739
N10405 X-0.1814 Y-0.081
N10410 X-0.1742 Y-0.0881
N10415 X-0.1662 Y-0.0952
N10420 X-0.157 Y-0.1027
N10425 X-0.1469 Y-0.1101
N10430 X-0.1361 Y-0.1172
N10435 X-0.1241 Y-0.1244
N10440 X-0.1108 Y-0.1314
N10445 X-0.0964 Y-0.1381
N10450 X-0.0815 Y-0.1442
N10455 X-0.0656 Y-0.1499
N10460 X-0.0487 Y-0.1549
N10465 X-0.031 Y-0.1593
N10470 X-0.0127 Y-0.1629
N10475 X0.0058 Y-0.1656
N10480 X0.0243 Y-0.1674
N10485 X0.0426 Y-0.1683
N10490 X0.0605
N10495 X0.0776 Y-0.1674
N10500 X0.0935 Y-0.1659
N10505 X0.0994 Y-0.165
N10510 X0.1129 Y-0.1619
N10515 X0.1258 Y-0.1566
N10520 X0.1376 Y-0.1494
N10525 X0.1466 Y-0.1429
N10530 X0.149 Y-0.141
N10535 X0.1514 Y-0.1387
N10540 X0.1783 Y-0.1089
N10545 X0.18 Y-0.107
N10550 X0.1849 Y-0.0991
N10555 X0.1993 Y-0.0742
N10560 G3 X0.1895 Y-0.0423 Z-0.1339 I-0.0209 J0.0111
N10565 G1 X0.1871 Y-0.0412
N10570 X0.1845 Y-0.0403
N10575 X0.1819 Y-0.0398
N10580 X-0.193 Y0.0167
N10585 X-0.1956 Y0.0169
N10590 X-0.1982
N10595 G3 X-0.2201 Y-0.0083 Z-0.1417 I0.0017 J-0.0236
N10600 G1 X-0.2189 Y-0.0198
N10605 X-0.2179 Y-0.0236
N10610 X-0.205 Y-0.0634
N10615 X-0.2032 Y-0.0674
N10620 X-0.1849 Y-0.0991
N10625 X-0.18 Y-0.107
N10630 X-0.1704 Y-0.1177
N10635 X-0.1624 Y-0.1265
N10640 X-0.1536 Y-0.1354
N10645 X-0.1471 Y-0.1413
N10650 X-0.1398 Y-0.1473
N10655 X-0.1317 Y-0.1534
N10660 X-0.1222 Y-0.1598
N10665 X-0.1122 Y-0.1658
N10670 X-0.1009 Y-0.1719
N10675 X-0.0883 Y-0.178
N10680 X-0.0747 Y-0.1837
N10685 X-0.0655 Y-0.1871
N10690 X-0.0616 Y-0.1884
N10695 X-0.0577 Y-0.1895
N10700 X-0.0538 Y-0.1904
N10705 G3 X-0.0264 Y-0.1713 Z-0.1339 I0.0041 J0.0233
N10710 X-0.0377 Y-0.1468 I-0.0233 J0.0041
N10715 G1 X-0.1323 Y-0.0909
N10720 G3 X-0.1443 Y-0.0877 I-0.012 J-0.0203
N10725 G1 X-0.1444
N10730 G3 X-0.1596 Y-0.0932 I0. J-0.0236
N10735 X-0.1624 Y-0.1265 Z-0.1417 I0.0152 J-0.0181
N10740 G1 X-0.1514 Y-0.1387
N10745 X-0.149 Y-0.141
N10750 X-0.1466 Y-0.1429
N10755 X-0.1149 Y-0.1659
N10760 X-0.1109 Y-0.1685
N10765 X-0.1068 Y-0.1704
N10770 X-0.0712 Y-0.1862
N10775 X-0.0674 Y-0.1875
N10780 X-0.0277 Y-0.196
N10785 X-0.0238 Y-0.1967
N10790 X-0.0198 Y-0.1969
N10795 X0.0198
N10800 X0.0238 Y-0.1967
N10805 X0.0277 Y-0.196
N10810 X0.0674 Y-0.1875
N10815 X0.0712 Y-0.1862
N10820 X0.107 Y-0.1703
N10825 X0.1109 Y-0.1685
N10830 X0.1149 Y-0.1659
N10835 X0.1376 Y-0.1494
N10840 X0.1403 Y-0.1469
N10845 X0.1426 Y-0.1441
N10850 X0.1438 Y-0.1414 Z-0.1415
N10855 X0.1449 Y-0.1388 Z-0.141
N10860 X0.1461 Y-0.1363 Z-0.1401
N10865 X0.1464 Y-0.1334 Z-0.1388
N10870 X0.1467 Y-0.1308 Z-0.137
N10875 X0.1462 Y-0.128 Z-0.1345
N10880 X0.1458 Y-0.1256 Z-0.1315
N10885 X0.1454 Y-0.1237 Z-0.1281
N10890 X0.1452 Y-0.1224 Z-0.1245
N10895 X0.1449 Y-0.1218 Z-0.1214
N10900 X0.1448 Y-0.1216 Z-0.1181
N10905 Z0.1969
N10910 X-1.3836 Y-1.0487
N10915 Z0.0157
N10920 Z-0.0079
N10925 X-1.3835 Y-1.0484 Z-0.0116
N10930 X-1.3833 Y-1.0475 Z-0.0152
N10935 X-1.383 Y-1.0462 Z-0.0186
N10940 X-1.3825 Y-1.0443 Z-0.0218
N10945 X-1.3819 Y-1.042 Z-0.0246
N10950 X-1.3812 Y-1.0392 Z-0.027
N10955 X-1.3804 Y-1.0362 Z-0.0289
N10960 X-1.3796 Y-1.0329 Z-0.0303
N10965 X-1.3787 Y-1.0294 Z-0.0312
N10970 X-1.3777 Y-1.0258 Z-0.0315
N10975 G3 X-1.3593 Y-0.8972 I-0.5842 J0.1496
N10980 G1 Y-0.8913
N10985 X-1.3602 Y-0.8868
N10990 X-1.3622 Y-0.8826
N10995 X-1.365 Y-0.879
N11000 X-1.3841 Y-0.8599
N11005 X-1.3907 Y-0.8532
N11010 X-1.3919 Y-0.8519
N11015 X-1.4096 Y-0.8282
N11020 X-1.4146 Y-0.8202
N11025 X-1.4303 Y-0.7952
N11030 X-1.4394 Y-0.7806
N11035 X-1.4435 Y-0.7727
N11040 X-1.4506 Y-0.7568
N11045 X-1.4537 Y-0.7489
N11050 X-1.47 Y-0.7026
N11055 X-1.4746 Y-0.6855
N11060 X-1.4766 Y-0.6776
N11065 X-1.4796 Y-0.6538
N11070 X-1.4823 Y-0.63
N11075 X-1.4847 Y-0.6063
N11080 X-1.4851 Y-0.5983
N11085 X-1.4852 Y-0.5746
N11090 Y0.5746
N11095 X-1.4851 Y0.5983
N11100 X-1.4847 Y0.6063
N11105 X-1.4823 Y0.63
N11110 X-1.4796 Y0.6538
N11115 X-1.4766 Y0.6776
N11120 X-1.4746 Y0.6855
N11125 X-1.47 Y0.7026
N11130 X-1.4537 Y0.7489
N11135 X-1.4506 Y0.7568
N11140 X-1.4435 Y0.7727
N11145 X-1.4394 Y0.7806
N11150 X-1.4224 Y0.8078
N11155 X-1.4145 Y0.8204
N11160 X-1.4096 Y0.8282
N11165 X-1.3919 Y0.8519
N11170 X-1.3907 Y0.8532
N11175 X-1.3749 Y0.8691
N11180 X-1.3524 Y0.8916
N11185 X-1.3432 Y0.9006
N11190 X-1.3353 Y0.9068
N11195 X-1.3194 Y0.9182
N11200 X-1.3115 Y0.9234
N11205 X-1.2956 Y0.9334
N11210 X-1.2864 Y0.9391
N11215 X-1.2719 Y0.9481
N11220 X-1.2639 Y0.9525
N11225 X-1.2481 Y0.9593
N11230 X-1.2402 Y0.9626
N11235 X-1.1926 Y0.9792
N11240 X-1.1847 Y0.9813
N11245 X-1.1688 Y0.9854
N11250 X-1.1609 Y0.9865
N11255 X-1.1451 Y0.9884
N11260 X-1.1213 Y0.9911
N11265 X-1.1134 Y0.992
N11270 X-1.0975 Y0.9935
N11275 X-1.0896 Y0.994
N11280 X-1.0658 Y0.9941
N11285 X-0.4873
N11290 X-0.4636 Y0.9937
N11295 X-0.4557 Y0.9927
N11300 X-0.4398 Y0.9905
N11305 X-0.4319 Y0.9892
N11310 X-0.416 Y0.9865
N11315 X-0.4081 Y0.9845
N11320 X-0.3923 Y0.98
N11325 X-0.3885 Y0.9788
N11330 X-0.3843 Y0.977
N11335 X-0.3685 Y0.9691
N11340 X-0.3606 Y0.9649
N11345 X-0.3419 Y0.955
N11350 X-0.3368 Y0.9515
N11355 X-0.3204 Y0.9391
N11360 X-0.313 Y0.9324
N11365 X-0.3038 Y0.9233
N11370 X-0.2959 Y0.9153
N11375 X-0.2884 Y0.9074
N11380 X-0.2822 Y0.8995
N11385 X-0.271 Y0.8836
N11390 X-0.2666 Y0.8757
N11395 X-0.2575 Y0.8584
N11400 X-0.2545 Y0.8519
N11405 X-0.2471 Y0.8361
N11410 X-0.2445 Y0.8282
N11415 X-0.2404 Y0.8123
N11420 X-0.2388 Y0.8044
N11425 X-0.2362 Y0.7885
N11430 X-0.235 Y0.7806
N11435 X-0.233 Y0.7648
N11440 X-0.2325 Y0.7568
N11445 X-0.2323 Y0.7331
N11450 Y0.0515
N11455 X-0.2317 Y0.0277
N11460 X-0.2311 Y0.0198
N11465 X-0.2294 Y0.004
N11470 X-0.2285 Y-0.004
N11475 X-0.2244 Y-0.0277
N11480 X-0.2224 Y-0.0357
N11485 X-0.2147 Y-0.0594
N11490 X-0.2111 Y-0.0674
N11495 X-0.2021 Y-0.085
N11500 X-0.1988 Y-0.0911
N11505 X-0.1941 Y-0.0993
N11510 X-0.1893 Y-0.107
N11515 X-0.1831 Y-0.1149
N11520 X-0.1783 Y-0.1211
N11525 X-0.1624 Y-0.1387
N11530 X-0.1544 Y-0.1466
N11535 X-0.1466 Y-0.153
N11540 X-0.1336 Y-0.1625
N11545 X-0.1308 Y-0.1644
N11550 X-0.1149 Y-0.1746
N11555 X-0.109 Y-0.1783
N11560 X-0.107 Y-0.1793
N11565 X-0.0753 Y-0.1934
N11570 X-0.0734 Y-0.1942
N11575 X-0.0674 Y-0.1957
N11580 X-0.0436 Y-0.201
N11585 X-0.0198 Y-0.2044
N11590 X-0.0119 Y-0.2051
N11595 X0.0119
N11600 X0.0198 Y-0.2044
N11605 X0.0436 Y-0.201
N11610 X0.0674 Y-0.1957
N11615 X0.0734 Y-0.1942
N11620 X0.0753 Y-0.1934
N11625 X0.107 Y-0.1793
N11630 X0.109 Y-0.1783
N11635 X0.1149 Y-0.1746
N11640 X0.1308 Y-0.1644
N11645 X0.1336 Y-0.1625
N11650 X0.1466 Y-0.153
N11655 X0.1545 Y-0.1465
N11660 X0.1624 Y-0.1387
N11665 X0.1783 Y-0.121
N11670 X0.1831 Y-0.1149
N11675 X0.1893 Y-0.107
N11680 X0.1943 Y-0.0991
N11685 X0.1988 Y-0.0911
N11690 X0.203 Y-0.0832
N11695 X0.2111 Y-0.0674
N11700 X0.2147 Y-0.0594
N11705 X0.2224 Y-0.0357
N11710 X0.2244 Y-0.0277
N11715 X0.2285 Y-0.004
N11720 X0.2294 Y0.004
N11725 X0.2311 Y0.0198
N11730 X0.2317 Y0.0277
N11735 X0.2323 Y0.0515
N11740 Y0.7331
N11745 X0.2325 Y0.7568
N11750 X0.233 Y0.7648
N11755 X0.235 Y0.7806
N11760 X0.2362 Y0.7885
N11765 X0.2388 Y0.8044
N11770 X0.2404 Y0.8123
N11775 X0.2445 Y0.8282
N11780 X0.2471 Y0.8361
N11785 X0.2545 Y0.8519
N11790 X0.2575 Y0.8584
N11795 X0.2666 Y0.8757
N11800 X0.271 Y0.8836
N11805 X0.2822 Y0.8995
N11810 X0.2884 Y0.9074
N11815 X0.2959 Y0.9153
N11820 X0.3051 Y0.9246
N11825 X0.313 Y0.9324
N11830 X0.3204 Y0.9391
N11835 X0.3368 Y0.9515
N11840 X0.3419 Y0.955
N11845 X0.3606 Y0.9649
N11850 X0.3685 Y0.9691
N11855 X0.3843 Y0.977
N11860 X0.3885 Y0.9788
N11865 X0.3923 Y0.98
N11870 X0.4081 Y0.9845
N11875 X0.416 Y0.9865
N11880 X0.4319 Y0.9892
N11885 X0.4398 Y0.9905
N11890 X0.4557 Y0.9927
N11895 X0.4636 Y0.9937
N11900 X0.4873 Y0.9941
N11905 X1.0658
N11910 X1.0896 Y0.994
N11915 X1.0975 Y0.9935
N11920 X1.1134 Y0.992
N11925 X1.1213 Y0.9911
N11930 X1.1451 Y0.9884
N11935 X1.1609 Y0.9865
N11940 X1.1688 Y0.9854
N11945 X1.1847 Y0.9813
N11950 X1.1926 Y0.9792
N11955 X1.2402 Y0.9626
N11960 X1.2481 Y0.9593
N11965 X1.2639 Y0.9525
N11970 X1.2719 Y0.9481
N11975 X1.2877 Y0.9383
N11980 X1.3036 Y0.9284
N11985 X1.3117 Y0.9233
N11990 X1.3194 Y0.9182
N11995 X1.3353 Y0.9068
N12000 X1.3432 Y0.9006
N12005 X1.3524 Y0.8916
N12010 X1.3762 Y0.8678
N12015 X1.3907 Y0.8532
N12020 X1.3919 Y0.8519
N12025 X1.4096 Y0.8282
N12030 X1.4146 Y0.8202
N12035 X1.4303 Y0.7952
N12040 X1.4394 Y0.7806
N12045 X1.4435 Y0.7727
N12050 X1.4506 Y0.7568
N12055 X1.4537 Y0.7489
N12060 X1.47 Y0.7026
N12065 X1.4746 Y0.6855
N12070 X1.4766 Y0.6776
N12075 X1.4796 Y0.6538
N12080 X1.4823 Y0.63
N12085 X1.4847 Y0.6063
N12090 X1.4851 Y0.5983
N12095 X1.4852 Y0.5746
N12100 Y-0.5746
N12105 X1.4851 Y-0.5983
N12110 X1.4847 Y-0.6063
N12115 X1.4823 Y-0.63
N12120 X1.4796 Y-0.6538
N12125 X1.4766 Y-0.6776
N12130 X1.4746 Y-0.6855
N12135 X1.47 Y-0.7026
N12140 X1.4537 Y-0.7489
N12145 X1.4506 Y-0.7568
N12150 X1.4435 Y-0.7727
N12155 X1.4394 Y-0.7806
N12160 X1.4224 Y-0.8078
N12165 X1.4145 Y-0.8204
N12170 X1.4096 Y-0.8282
N12175 X1.3919 Y-0.8519
N12180 X1.3907 Y-0.8532
N12185 X1.3749 Y-0.8691
N12190 X1.3524 Y-0.8916
N12195 X1.3432 Y-0.9006
N12200 X1.3353 Y-0.9068
N12205 X1.3194 Y-0.9182
N12210 X1.3115 Y-0.9234
N12215 X1.2956 Y-0.9334
N12220 X1.2864 Y-0.9391
N12225 X1.2719 Y-0.9481
N12230 X1.2639 Y-0.9525
N12235 X1.2481 Y-0.9593
N12240 X1.2402 Y-0.9626
N12245 X1.1926 Y-0.9792
N12250 X1.1847 Y-0.9813
N12255 X1.1688 Y-0.9854
N12260 X1.1609 Y-0.9865
N12265 X1.1451 Y-0.9884
N12270 X1.1213 Y-0.9911
N12275 X1.1134 Y-0.992
N12280 X1.0975 Y-0.9935
N12285 X1.0896 Y-0.994
N12290 X1.0658 Y-0.9941
N12295 X-1.0658
N12300 X-1.0896 Y-0.994
N12305 X-1.0975 Y-0.9935
N12310 X-1.1134 Y-0.992
N12315 X-1.1213 Y-0.9911
N12320 X-1.1451 Y-0.9884
N12325 X-1.1609 Y-0.9865
N12330 X-1.1688 Y-0.9854
N12335 X-1.1847 Y-0.9813
N12340 X-1.1926 Y-0.9792
N12345 X-1.2402 Y-0.9626
N12350 X-1.2481 Y-0.9593
N12355 X-1.2639 Y-0.9525
N12360 X-1.2719 Y-0.9481
N12365 X-1.2877 Y-0.9383
N12370 X-1.3036 Y-0.9284
N12375 X-1.3117 Y-0.9233
N12380 X-1.3194 Y-0.9182
N12385 X-1.3353 Y-0.9068
N12390 X-1.3432 Y-0.9006
N12395 X-1.3524 Y-0.8916
N12400 X-1.365 Y-0.879
N12405 X-1.3679 Y-0.8767
N12410 X-1.371 Y-0.8749
N12415 X-1.3738 Y-0.8742 Z-0.0313
N12420 X-1.3766 Y-0.8734 Z-0.0308
N12425 X-1.3793 Y-0.8727 Z-0.0299
N12430 X-1.3811 Z-0.0291
N12435 X-1.3843 Y-0.8732 Z-0.0271
N12440 X-1.3871 Y-0.8738 Z-0.0247
N12445 X-1.3895 Y-0.8742 Z-0.0219
N12450 X-1.3913 Y-0.8751 Z-0.0187
N12455 X-1.3926 Y-0.8757 Z-0.0153
N12460 X-1.3934 Y-0.8761 Z-0.0116
N12465 X-1.3936 Y-0.8763 Z-0.0079
N12470 Z0.1969
N12475 X-1.3675 Y-1.0535
N12480 Z0.0319
N12485 Z0.0083
N12490 X-1.3674 Y-1.0532 Z0.0046
N12495 X-1.3672 Y-1.0524 Z0.001
N12500 X-1.3668 Y-1.051 Z-0.0025
N12505 X-1.3663 Y-1.0491 Z-0.0056
N12510 X-1.3657 Y-1.0468 Z-0.0084
N12515 X-1.365 Y-1.0441 Z-0.0108
N12520 X-1.3643 Y-1.041 Z-0.0128
N12525 X-1.3634 Y-1.0377 Z-0.0142
N12530 X-1.3625 Y-1.0342 Z-0.0151
N12535 X-1.3616 Y-1.0306 Z-0.0154
N12540 G3 X-1.3431 Y-0.902 I-0.5842 J0.1496
N12545 G1 Y-0.8961
N12550 X-1.3458 Y-0.8837
N12555 X-1.3512 Y-0.8721
N12560 X-1.3592 Y-0.8622
N12565 X-1.3694 Y-0.8519
N12570 X-1.3765 Y-0.844
N12575 X-1.3905 Y-0.8282
N12580 X-1.3907 Y-0.8278
N12585 X-1.4066 Y-0.8029
N12590 X-1.4224 Y-0.7777
N12595 X-1.4251 Y-0.7727
N12600 X-1.4332 Y-0.7568
N12605 X-1.4367 Y-0.7489
N12610 X-1.4395 Y-0.741
N12615 X-1.4506 Y-0.7093
N12620 X-1.4533 Y-0.7014
N12625 X-1.458 Y-0.6855
N12630 X-1.4602 Y-0.6776
N12635 X-1.4635 Y-0.6538
N12640 X-1.4661 Y-0.63
N12645 X-1.4686 Y-0.6063
N12650 X-1.4689 Y-0.5983
N12655 X-1.4691 Y-0.5746
N12660 Y0.5746
N12665 X-1.4689 Y0.5983
N12670 X-1.4686 Y0.6063
N12675 X-1.4661 Y0.63
N12680 X-1.4635 Y0.6538
N12685 X-1.4602 Y0.6776
N12690 X-1.458 Y0.6855
N12695 X-1.4533 Y0.7014
N12700 X-1.4506 Y0.7093
N12705 X-1.4395 Y0.741
N12710 X-1.4367 Y0.7489
N12715 X-1.4332 Y0.7568
N12720 X-1.4251 Y0.7727
N12725 X-1.4224 Y0.7777
N12730 X-1.4056 Y0.8044
N12735 X-1.3907 Y0.8278
N12740 X-1.3905 Y0.8282
N12745 X-1.3749 Y0.8458
N12750 X-1.3694 Y0.8519
N12755 X-1.3432 Y0.8782
N12760 X-1.3372 Y0.8836
N12765 X-1.3186 Y0.8995
N12770 X-1.3115 Y0.9044
N12775 X-1.2798 Y0.9244
N12780 X-1.2689 Y0.9312
N12785 X-1.2639 Y0.9341
N12790 X-1.2481 Y0.9419
N12795 X-1.2402 Y0.9455
N12800 X-1.2085 Y0.9567
N12805 X-1.1926 Y0.9622
N12810 X-1.1905 Y0.9629
N12815 X-1.1688 Y0.969
N12820 X-1.1609 Y0.9702
N12825 X-1.1451 Y0.9723
N12830 X-1.1292 Y0.9741
N12835 X-1.1213 Y0.975
N12840 X-1.1134 Y0.9758
N12845 X-1.0975 Y0.9773
N12850 X-1.0896 Y0.9779
N12855 X-1.0658 Y0.978
N12860 X-0.4873
N12865 X-0.4636 Y0.9776
N12870 X-0.4557 Y0.9766
N12875 X-0.4477 Y0.9756
N12880 X-0.4398 Y0.9744
N12885 X-0.424 Y0.9714
N12890 X-0.416 Y0.9698
N12895 X-0.4081 Y0.9676
N12900 X-0.3923 Y0.9628
N12905 X-0.3843 Y0.9592
N12910 X-0.3685 Y0.9516
N12915 X-0.3606 Y0.9467
N12920 X-0.3447 Y0.9368
N12925 X-0.3366 Y0.9312
N12930 X-0.3289 Y0.9252
N12935 X-0.3209 Y0.9182
N12940 X-0.3179 Y0.9153
N12945 X-0.31 Y0.9074
N12950 X-0.3051 Y0.9021
N12955 X-0.2964 Y0.8916
N12960 X-0.2909 Y0.8836
N12965 X-0.2892 Y0.8812
N12970 X-0.281 Y0.8678
N12975 X-0.2762 Y0.8599
N12980 X-0.2734 Y0.8551
N12985 X-0.2718 Y0.8519
N12990 X-0.2644 Y0.8361
N12995 X-0.2616 Y0.8282
N13000 X-0.2572 Y0.8123
N13005 X-0.2554 Y0.8044
N13010 X-0.2524 Y0.7885
N13015 X-0.2512 Y0.7806
N13020 X-0.2492 Y0.7648
N13025 X-0.2486 Y0.7568
N13030 X-0.2484 Y0.7331
N13035 Y0.0515
N13040 X-0.2478 Y0.0277
N13045 X-0.2472 Y0.0198
N13050 X-0.2457 Y0.004
N13055 X-0.2448 Y-0.004
N13060 X-0.2411 Y-0.0277
N13065 X-0.2393 Y-0.0357
N13070 X-0.232 Y-0.0594
N13075 X-0.2286 Y-0.0674
N13080 X-0.2214 Y-0.0832
N13085 X-0.2179 Y-0.0905
N13090 X-0.2021 Y-0.1171
N13095 X-0.1978 Y-0.1228
N13100 X-0.1913 Y-0.1308
N13105 X-0.1845 Y-0.1387
N13110 X-0.1778 Y-0.1466
N13115 X-0.1704 Y-0.1535
N13120 X-0.1604 Y-0.1625
N13125 X-0.1466 Y-0.1735
N13130 X-0.1403 Y-0.1783
N13135 X-0.1308 Y-0.1848
N13140 X-0.1281 Y-0.1862
N13145 X-0.107 Y-0.1974
N13150 X-0.0991 Y-0.2013
N13155 X-0.0911 Y-0.2047
N13160 X-0.0832 Y-0.2075
N13165 X-0.075 Y-0.21
N13170 X-0.0674 Y-0.2121
N13175 X-0.0453 Y-0.2179
N13180 X-0.0436 Y-0.2183
N13185 X-0.0357 Y-0.2192
N13190 X-0.0198 Y-0.2209
N13195 X-0.0119 Y-0.2215
N13200 X0.0119
N13205 X0.0198 Y-0.2209
N13210 X0.0357 Y-0.2192
N13215 X0.0436 Y-0.2183
N13220 X0.0453 Y-0.2179
N13225 X0.0674 Y-0.2121
N13230 X0.0753 Y-0.2099
N13235 X0.0832 Y-0.2075
N13240 X0.0911 Y-0.2047
N13245 X0.0991 Y-0.2013
N13250 X0.107 Y-0.1974
N13255 X0.1281 Y-0.1862
N13260 X0.1308 Y-0.1848
N13265 X0.1403 Y-0.1783
N13270 X0.1466 Y-0.1735
N13275 X0.1604 Y-0.1625
N13280 X0.1704 Y-0.1535
N13285 X0.1778 Y-0.1466
N13290 X0.1862 Y-0.1367
N13295 X0.1913 Y-0.1308
N13300 X0.1978 Y-0.1228
N13305 X0.2021 Y-0.1171
N13310 X0.2179 Y-0.0905
N13315 X0.2214 Y-0.0832
N13320 X0.2286 Y-0.0674
N13325 X0.232 Y-0.0594
N13330 X0.2393 Y-0.0357
N13335 X0.2411 Y-0.0277
N13340 X0.2448 Y-0.004
N13345 X0.2457 Y0.004
N13350 X0.2472 Y0.0198
N13355 X0.2478 Y0.0277
N13360 X0.2484 Y0.0515
N13365 Y0.7331
N13370 X0.2486 Y0.7568
N13375 X0.2492 Y0.7648
N13380 X0.2512 Y0.7806
N13385 X0.2524 Y0.7885
N13390 X0.2554 Y0.8044
N13395 X0.2572 Y0.8123
N13400 X0.2616 Y0.8282
N13405 X0.2644 Y0.8361
N13410 X0.2718 Y0.8519
N13415 X0.2734 Y0.8551
N13420 X0.2762 Y0.8599
N13425 X0.2859 Y0.8757
N13430 X0.2892 Y0.8812
N13435 X0.2909 Y0.8836
N13440 X0.2964 Y0.8916
N13445 X0.3051 Y0.9021
N13450 X0.31 Y0.9074
N13455 X0.3179 Y0.9153
N13460 X0.3209 Y0.9182
N13465 X0.3289 Y0.9252
N13470 X0.3368 Y0.9313
N13475 X0.3447 Y0.9368
N13480 X0.3611 Y0.947
N13485 X0.3685 Y0.9516
N13490 X0.3843 Y0.9592
N13495 X0.3923 Y0.9628
N13500 X0.4081 Y0.9676
N13505 X0.416 Y0.9698
N13510 X0.4319 Y0.9729
N13515 X0.4398 Y0.9744
N13520 X0.4477 Y0.9756
N13525 X0.4557 Y0.9766
N13530 X0.4636 Y0.9776
N13535 X0.4873 Y0.978
N13540 X1.0658
N13545 X1.0896 Y0.9779
N13550 X1.0975 Y0.9773
N13555 X1.1134 Y0.9758
N13560 X1.1213 Y0.975
N13565 X1.1371 Y0.9732
N13570 X1.1451 Y0.9723
N13575 X1.1609 Y0.9702
N13580 X1.1688 Y0.969
N13585 X1.1905 Y0.9629
N13590 X1.1926 Y0.9622
N13595 X1.2359 Y0.947
N13600 X1.2402 Y0.9455
N13605 X1.2481 Y0.9419
N13610 X1.2639 Y0.9341
N13615 X1.2689 Y0.9312
N13620 X1.2956 Y0.9144
N13625 X1.3115 Y0.9044
N13630 X1.3186 Y0.8995
N13635 X1.3372 Y0.8836
N13640 X1.3432 Y0.8782
N13645 X1.3694 Y0.8519
N13650 X1.3765 Y0.844
N13655 X1.3905 Y0.8282
N13660 X1.3907 Y0.8278
N13665 X1.4066 Y0.8029
N13670 X1.4224 Y0.7777
N13675 X1.4251 Y0.7727
N13680 X1.4332 Y0.7568
N13685 X1.4367 Y0.7489
N13690 X1.4395 Y0.741
N13695 X1.4506 Y0.7093
N13700 X1.4533 Y0.7014
N13705 X1.458 Y0.6855
N13710 X1.4602 Y0.6776
N13715 X1.4635 Y0.6538
N13720 X1.4661 Y0.63
N13725 X1.4686 Y0.6063
N13730 X1.4689 Y0.5983
N13735 X1.4691 Y0.5746
N13740 Y-0.5746
N13745 X1.4689 Y-0.5983
N13750 X1.4686 Y-0.6063
N13755 X1.4661 Y-0.63
N13760 X1.4635 Y-0.6538
N13765 X1.4602 Y-0.6776
N13770 X1.458 Y-0.6855
N13775 X1.4533 Y-0.7014
N13780 X1.4506 Y-0.7093
N13785 X1.4395 Y-0.741
N13790 X1.4367 Y-0.7489
N13795 X1.4332 Y-0.7568
N13800 X1.4251 Y-0.7727
N13805 X1.4224 Y-0.7777
N13810 X1.4056 Y-0.8044
N13815 X1.3907 Y-0.8278
N13820 X1.3905 Y-0.8282
N13825 X1.3749 Y-0.8458
N13830 X1.3694 Y-0.8519
N13835 X1.3432 Y-0.8782
N13840 X1.3372 Y-0.8836
N13845 X1.3186 Y-0.8995
N13850 X1.3115 Y-0.9044
N13855 X1.2798 Y-0.9244
N13860 X1.2689 Y-0.9312
N13865 X1.2639 Y-0.9341
N13870 X1.2481 Y-0.9419
N13875 X1.2402 Y-0.9455
N13880 X1.2085 Y-0.9567
N13885 X1.1926 Y-0.9622
N13890 X1.1905 Y-0.9629
N13895 X1.1688 Y-0.969
N13900 X1.1609 Y-0.9702
N13905 X1.1451 Y-0.9723
N13910 X1.1292 Y-0.9741
N13915 X1.1213 Y-0.975
N13920 X1.1134 Y-0.9758
N13925 X1.0975 Y-0.9773
N13930 X1.0896 Y-0.9779
N13935 X1.0658 Y-0.978
N13940 X-1.0658
N13945 X-1.0896 Y-0.9779
N13950 X-1.0975 Y-0.9773
N13955 X-1.1134 Y-0.9758
N13960 X-1.1213 Y-0.975
N13965 X-1.1371 Y-0.9732
N13970 X-1.1451 Y-0.9723
N13975 X-1.1609 Y-0.9702
N13980 X-1.1688 Y-0.969
N13985 X-1.1905 Y-0.9629
N13990 X-1.1926 Y-0.9622
N13995 X-1.2359 Y-0.947
N14000 X-1.2402 Y-0.9455
N14005 X-1.2481 Y-0.9419
N14010 X-1.2639 Y-0.9341
N14015 X-1.2689 Y-0.9312
N14020 X-1.2956 Y-0.9144
N14025 X-1.3115 Y-0.9044
N14030 X-1.3186 Y-0.8995
N14035 X-1.3372 Y-0.8836
N14040 X-1.3432 Y-0.8782
N14045 X-1.3592 Y-0.8622
N14050 X-1.362 Y-0.8599
N14055 X-1.3652 Y-0.8581
N14060 X-1.368 Y-0.8573 Z-0.0152
N14065 X-1.3708 Y-0.8566 Z-0.0146
N14070 X-1.3734 Y-0.8559 Z-0.0137
N14075 X-1.3753 Y-0.8558 Z-0.0129
N14080 X-1.3784 Y-0.8564 Z-0.011
N14085 X-1.3813 Y-0.8569 Z-0.0086
N14090 X-1.3837 Y-0.8574 Z-0.0057
N14095 X-1.3854 Y-0.8582 Z-0.0026
N14100 X-1.3867 Y-0.8589 Z0.0009
N14105 X-1.3875 Y-0.8593 Z0.0045
N14110 X-1.3878 Y-0.8594 Z0.0083
N14115 Z0.1969
N14120 X-1.5293 Y-1.32
N14125 Z-0.252
N14130 Z-0.2756
N14135 X-1.5292 Y-1.3197 Z-0.2793
N14140 X-1.529 Y-1.3189 Z-0.2829
N14145 X-1.5286 Y-1.3175 Z-0.2863
N14150 X-1.5282 Y-1.3156 Z-0.2895
N14155 X-1.5276 Y-1.3133 Z-0.2923
N14160 X-1.5269 Y-1.3106 Z-0.2947
N14165 X-1.5261 Y-1.3075 Z-0.2966
N14170 X-1.5252 Y-1.3042 Z-0.2981
N14175 X-1.5243 Y-1.3007 Z-0.2989
N14180 X-1.5234 Y-1.2971 Z-0.2992
N14185 G3 X-1.5049 Y-1.1685 I-0.5842 J0.1496
N14190 G1 Y-1.1657
N14195 X-1.5089 Y-1.1614
N14200 X-1.5363 Y-1.1398
N14205 X-1.558 Y-1.1125
N14210 X-1.5743 Y-1.0816
N14215 X-1.586 Y-1.0487
N14220 X-1.5942 Y-1.0148
N14225 X-1.5998 Y-0.9804
N14230 X-1.6035 Y-0.9457
N14235 X-1.6059 Y-0.9109
N14240 X-1.6075 Y-0.8761
N14245 X-1.6083 Y-0.8676
N14250 X-1.6099 Y-0.8592
N14255 X-1.6123 Y-0.8511
N14260 X-1.6174 Y-0.8361
N14265 X-1.6194 Y-0.8282
N14270 X-1.6229 Y-0.8123
N14275 X-1.6285 Y-0.7633
N14280 X-1.6291 Y-0.7568
N14285 X-1.6304 Y-0.741
N14290 X-1.6309 Y-0.7331
N14295 Y0.7331
N14300 X-1.6304 Y0.741
N14305 X-1.6291 Y0.7568
N14310 X-1.6283 Y0.7648
N14315 X-1.6229 Y0.8123
N14320 X-1.6226 Y0.8136
N14325 X-1.6207 Y0.8249
N14330 X-1.6167 Y0.8595
N14335 X-1.6142 Y0.8943
N14340 X-1.6127 Y0.9292
N14345 X-1.6118 Y0.9641
N14350 X-1.6095 Y0.9813
N14355 X-1.5983 Y1.0144
N14360 X-1.5776 Y1.0425
N14365 X-1.5507 Y1.0647
N14370 X-1.5202 Y1.0816
N14375 X-1.4875 Y1.0938
N14380 X-1.4537 Y1.1023
N14385 X-1.4193 Y1.1082
N14390 X-1.3846 Y1.112
N14395 X-1.3754 Y1.1127
N14400 X-1.3679 Y1.1136
N14405 X-1.3604 Y1.1151
N14410 X-1.3531 Y1.1173
N14415 X-1.3353 Y1.1235
N14420 X-1.3273 Y1.1262
N14425 X-1.3194 Y1.1283
N14430 X-1.3036 Y1.1315
N14435 X-1.2956 Y1.1327
N14440 X-1.255 Y1.1373
N14445 X-1.2481 Y1.138
N14450 X-1.2243 Y1.1397
N14455 X-1.2085 Y1.1398
N14460 X-0.4873
N14465 X-0.4636 Y1.1394
N14470 X-0.4557 Y1.1384
N14475 X-0.4398 Y1.1362
N14480 X-0.424 Y1.1337
N14485 X-0.416 Y1.1324
N14490 X-0.3888 Y1.1283
N14495 X-0.3541 Y1.1248
N14500 X-0.3193 Y1.1226
N14505 X-0.2844 Y1.1213
N14510 X-0.2495 Y1.1205
N14515 X-0.2147 Y1.12
N14520 X-0.1798 Y1.1197
N14525 X-0.1449 Y1.1195
N14530 X-0.11 Y1.1193
N14535 X-0.0402 Y1.1192
N14540 X0.0993 Y1.1191
N14545 X0.3579
N14550 X0.3697 Y1.1199
N14555 X0.3812 Y1.1223
N14560 X0.3923 Y1.1263
N14565 X0.4016 Y1.1293
N14570 X0.4081 Y1.1308
N14575 X0.416 Y1.1324
N14580 X0.4319 Y1.135
N14585 X0.4398 Y1.1362
N14590 X0.4557 Y1.1384
N14595 X0.4636 Y1.1394
N14600 X0.4873 Y1.1398
N14605 X1.2164
N14610 X1.2243 Y1.1397
N14615 X1.2481 Y1.138
N14620 X1.2639 Y1.1362
N14625 X1.2956 Y1.1327
N14630 X1.3036 Y1.1315
N14635 X1.3255 Y1.1282
N14640 X1.3602 Y1.1247
N14645 X1.395 Y1.1226
N14650 X1.4299 Y1.1213
N14655 X1.4648 Y1.1205
N14660 X1.4986 Y1.1121
N14665 X1.5279 Y1.0931
N14670 X1.5514 Y1.0673
N14675 X1.5694 Y1.0374
N14680 X1.5826 Y1.0051
N14685 X1.5918 Y0.9715
N14690 X1.5982 Y0.9372
N14695 X1.6024 Y0.9026
N14700 X1.604 Y0.8834
N14705 X1.6049 Y0.8761
N14710 X1.6064 Y0.8688
N14715 X1.6086 Y0.8618
N14720 X1.6174 Y0.8361
N14725 X1.6194 Y0.8282
N14730 X1.6229 Y0.8123
N14735 X1.6285 Y0.7633
N14740 X1.6291 Y0.7568
N14745 X1.6304 Y0.741
N14750 X1.6309 Y0.7331
N14755 Y-0.7331
N14760 X1.6304 Y-0.741
N14765 X1.6291 Y-0.7568
N14770 X1.6283 Y-0.7648
N14775 X1.6229 Y-0.8123
N14780 X1.6226 Y-0.8136
N14785 X1.6208 Y-0.8248
N14790 X1.6167 Y-0.8595
N14795 X1.6142 Y-0.8943
N14800 X1.6127 Y-0.9291
N14805 X1.6118 Y-0.964
N14810 X1.6095 Y-0.9813
N14815 X1.5984 Y-1.0144
N14820 X1.5776 Y-1.0424
N14825 X1.5508 Y-1.0647
N14830 X1.5202 Y-1.0815
N14835 X1.4875 Y-1.0938
N14840 X1.4537 Y-1.1023
N14845 X1.4193 Y-1.1081
N14850 X1.3847 Y-1.112
N14855 X1.3754 Y-1.1127
N14860 X1.3679 Y-1.1136
N14865 X1.3604 Y-1.1151
N14870 X1.3531 Y-1.1173
N14875 X1.3353 Y-1.1235
N14880 X1.3273 Y-1.1262
N14885 X1.3194 Y-1.1283
N14890 X1.3036 Y-1.1315
N14895 X1.2956 Y-1.1327
N14900 X1.255 Y-1.1373
N14905 X1.2481 Y-1.138
N14910 X1.2243 Y-1.1397
N14915 X1.2085 Y-1.1398
N14920 X-1.2164
N14925 X-1.2243 Y-1.1397
N14930 X-1.2481 Y-1.138
N14935 X-1.2639 Y-1.1362
N14940 X-1.2956 Y-1.1327
N14945 X-1.3036 Y-1.1315
N14950 X-1.3255 Y-1.1282
N14955 X-1.3602 Y-1.1247
N14960 X-1.395 Y-1.1226
N14965 X-1.4287 Y-1.1134
N14970 X-1.4589 Y-1.096
N14975 X-1.4845 Y-1.0723
N14980 X-1.5053 Y-1.0443
N14985 X-1.5211 Y-1.0141
N14990 X-1.5249 Y-1.0076
N14995 X-1.5291 Y-1.0015
N15000 X-1.534 Y-0.9958
N15005 G3 X-1.5624 Y-0.9918 I-0.0169 J-0.0166
N15010 G1 X-1.5657 Y-0.9936 Z-0.2989
N15015 X-1.5688 Y-0.9954 Z-0.2981
N15020 X-1.5718 Y-0.9971 Z-0.2966
N15025 X-1.5745 Y-0.9986 Z-0.2947
N15030 X-1.577 Y-1. Z-0.2923
N15035 X-1.5791 Y-1.0012 Z-0.2895
N15040 X-1.5808 Y-1.0021 Z-0.2863
N15045 X-1.582 Y-1.0028 Z-0.2829
N15050 X-1.5827 Y-1.0033 Z-0.2793
N15055 X-1.583 Y-1.0034 Z-0.2756
N15060 Z0.1969
N15065 X-1.2587 Y-1.1617
N15070 Z-0.252
N15075 Z-0.2756
N15080 X-1.2589 Y-1.1615 Z-0.2793
N15085 X-1.2595 Y-1.1609 Z-0.2829
N15090 X-1.2606 Y-1.16 Z-0.2863
N15095 X-1.262 Y-1.1587 Z-0.2895
N15100 X-1.2638 Y-1.1571 Z-0.2923
N15105 X-1.2659 Y-1.1552 Z-0.2947
N15110 X-1.2682 Y-1.1531 Z-0.2966
N15115 X-1.2708 Y-1.1508 Z-0.2981
N15120 X-1.2735 Y-1.1483 Z-0.2989
N15125 X-1.2762 Y-1.1459 Z-0.2992
N15130 G3 X-1.3036 Y-1.1315 I-0.0418 J-0.0462
N15135 G1 X-1.3194 Y-1.1283
N15140 X-1.3273 Y-1.1262
N15145 X-1.3511 Y-1.118
N15150 X-1.3749 Y-1.1097
N15155 X-1.3828 Y-1.1069
N15160 X-1.3986 Y-1.1008
N15165 X-1.4066 Y-1.0963
N15170 X-1.4224 Y-1.0873
N15175 X-1.4312 Y-1.0818
N15180 X-1.462 Y-1.0624
N15185 X-1.469 Y-1.058
N15190 X-1.47 Y-1.0573
N15195 X-1.4779 Y-1.0509
N15200 X-1.4964 Y-1.0342
N15205 X-1.5202 Y-1.0105
N15210 X-1.5254 Y-1.0051
N15215 X-1.5423 Y-0.9867
N15220 X-1.5457 Y-0.9827
N15225 X-1.5485 Y-0.9788
N15230 X-1.5586 Y-0.9629
N15235 X-1.5735 Y-0.9391
N15240 X-1.5784 Y-0.9312
N15245 X-1.5888 Y-0.9132
N15250 X-1.5918 Y-0.9074
N15255 X-1.5968 Y-0.8952
N15260 X-1.5981 Y-0.8916
N15265 X-1.6092 Y-0.8599
N15270 X-1.6123 Y-0.8511
N15275 G3 X-1.6368 Y-0.8361 I-0.022 J-0.0085
N15280 G1 X-1.6405 Y-0.8365 Z-0.2989
N15285 X-1.6441 Y-0.8368 Z-0.2981
N15290 X-1.6475 Y-0.8372 Z-0.2966
N15295 X-1.6506 Y-0.8375 Z-0.2947
N15300 X-1.6534 Y-0.8378 Z-0.2923
N15305 X-1.6558 Y-0.8381 Z-0.2895
N15310 X-1.6577 Y-0.8383 Z-0.2863
N15315 X-1.6592 Y-0.8384 Z-0.2829
N15320 X-1.66 Y-0.8385 Z-0.2793
N15325 X-1.6603 Y-0.8386 Z-0.2756
N15330 Z0.1969
N15335 X-1.6536 Y0.7693
N15340 Z-0.252
N15345 Z-0.2756
N15350 X-1.6534 Y0.7695 Z-0.2793
N15355 X-1.6528 Y0.7701 Z-0.2829
N15360 X-1.6518 Y0.7711 Z-0.2863
N15365 X-1.6505 Y0.7726 Z-0.2895
N15370 X-1.6489 Y0.7743 Z-0.2923
N15375 X-1.647 Y0.7764 Z-0.2947
N15380 X-1.6448 Y0.7787 Z-0.2966
N15385 X-1.6425 Y0.7812 Z-0.2981
N15390 X-1.64 Y0.7838 Z-0.2989
N15395 X-1.6375 Y0.7865 Z-0.2992
N15400 G3 X-1.6226 Y0.8136 I-0.0455 J0.0425
N15405 G1 X-1.6194 Y0.8282
N15410 X-1.6174 Y0.8361
N15415 X-1.6092 Y0.8599
N15420 X-1.5981 Y0.8916
N15425 X-1.5968 Y0.8952
N15430 X-1.5918 Y0.9074
N15435 X-1.5888 Y0.9132
N15440 X-1.5728 Y0.9442
N15445 X-1.5575 Y0.9649
N15450 X-1.5563 Y0.9666
N15455 X-1.5552 Y0.9682
N15460 X-1.5541 Y0.9699
N15465 G3 X-1.5508 Y0.9819 Z-0.2965 I-0.0204 J0.012
N15470 X-1.5625 Y1.0022 Z-0.2913 I-0.0236 J0.
N15475 X-1.5946 Y0.9942 I-0.012 J-0.0203
N15480 G1 X-1.629 Y0.9382
N15485 G3 X-1.6214 Y0.9058 I0.0201 J-0.0123
N15490 X-1.5888 Y0.9132 Z-0.2992 I0.0126 J0.02
N15495 G1 X-1.5784 Y0.9312
N15500 X-1.573 Y0.94
N15505 X-1.5586 Y0.9629
N15510 X-1.5485 Y0.9788
N15515 X-1.5457 Y0.9827
N15520 X-1.5423 Y0.9867
N15525 X-1.5254 Y1.0051
N15530 X-1.5202 Y1.0105
N15535 X-1.4964 Y1.0342
N15540 X-1.4779 Y1.0509
N15545 X-1.47 Y1.0573
N15550 X-1.469 Y1.058
N15555 X-1.4383 Y1.0774
N15560 X-1.4303 Y1.0823
N15565 X-1.4224 Y1.0873
N15570 X-1.4043 Y1.0976
N15575 X-1.3986 Y1.1008
N15580 X-1.3828 Y1.1069
N15585 X-1.3749 Y1.1097
N15590 X-1.3531 Y1.1173
N15595 G3 X-1.3441 Y1.1236 Z-0.2968 I-0.0086 J0.022
N15600 G2 X-1.3264 Y1.1426 Z-0.2913 I0.4654 J-0.4148
N15605 X-1.2209 Y1.2299 I0.4477 J-0.4338
N15610 X-1.2083 Y1.2338 I0.013 J-0.0197
N15615 G1 X-0.5671 Y1.2446
N15620 G2 X-0.5544 Y1.2412 I0.0004 J-0.0236
N15625 X-0.4442 Y1.1558 I-0.3244 J-0.5324
N15630 X-0.4276 Y1.1391 Z-0.2963 I-0.4345 J-0.447
N15635 G3 X-0.416 Y1.1324 Z-0.2992 I0.0171 J0.0163
N15640 G1 X-0.4081 Y1.1308
N15645 X-0.4016 Y1.1293
N15650 X-0.3923 Y1.1263
N15655 X-0.3843 Y1.1228
N15660 X-0.3685 Y1.1154
N15665 X-0.3645 Y1.1135
N15670 X-0.3526 Y1.1074
N15675 X-0.3446 Y1.1038
N15680 X-0.3359 Y1.1003
N15685 X-0.3249 Y1.0966
N15690 X-0.3114 Y1.0927
N15695 X-0.2939 Y1.0886
N15700 X-0.2708 Y1.0844
N15705 X-0.2377 Y1.0799
N15710 X-0.2029 Y1.077
N15715 X-0.1681 Y1.0752
N15720 X-0.1332 Y1.074
N15725 X-0.0983 Y1.0732
N15730 X-0.0634 Y1.0727
N15735 X-0.0285 Y1.0724
N15740 X0.0063 Y1.0722
N15745 X0.0412 Y1.0721
N15750 X0.111 Y1.072
N15755 X0.2506 Y1.0719
N15760 X0.2708
N15765 X0.2849 Y1.073
N15770 X0.2987 Y1.0765
N15775 X0.3117 Y1.0821
N15780 X0.3236 Y1.0898
N15785 X0.3289 Y1.0939
N15790 X0.3348 Y1.0976
N15795 X0.3368 Y1.0989
N15800 X0.3447 Y1.1033
N15805 X0.3645 Y1.1135
N15810 X0.3685 Y1.1154
N15815 X0.3843 Y1.1228
N15820 X0.3923 Y1.1263
N15825 G3 X0.4044 Y1.1574 Z-0.2913 I-0.0095 J0.0216
N15830 X0.3825 Y1.1716 I-0.0216 J-0.0095
N15835 G1 X-0.3552 Y1.1649
N15840 G3 X-0.3775 Y1.134 I0.0002 J-0.0236
N15845 G1 X-0.3764 Y1.1313 Z-0.292
N15850 X-0.375 Y1.1287 Z-0.2926
N15855 G3 X-0.3526 Y1.1074 Z-0.2992 I0.0528 J0.0331
N15860 G1 X-0.3447 Y1.1033
N15865 X-0.3368 Y1.0989
N15870 X-0.3348 Y1.0976
N15875 X-0.3289 Y1.0939
N15880 X-0.3209 Y1.0878
N15885 X-0.3141 Y1.0818
N15890 X-0.3097 Y1.0779
N15895 X-0.3048 Y1.0745
N15900 X-0.2991 Y1.0709
N15905 X-0.2929 Y1.0674
N15910 X-0.2855 Y1.0637
N15915 X-0.2762 Y1.0595
N15920 X-0.2657 Y1.0555
N15925 X-0.2526 Y1.0511
N15930 X-0.2366 Y1.0467
N15935 X-0.216 Y1.042
N15940 X-0.1892 Y1.0373
N15945 X-0.1546 Y1.033
N15950 X-0.1198 Y1.0301
N15955 X-0.085 Y1.0283
N15960 X-0.0501 Y1.027
N15965 X-0.0153 Y1.0262
N15970 X0.0196 Y1.0257
N15975 X0.0545 Y1.0253
N15980 X0.0894 Y1.0251
N15985 X0.1243 Y1.0249
N15990 X0.194 Y1.0248
N15995 X0.2208 Y1.025
N16000 X0.2267 Y1.0254
N16005 X0.2424 Y1.0278
N16010 X0.2574 Y1.033
N16015 X0.2712 Y1.0409
N16020 X0.2834 Y1.0512
N16025 X0.2901 Y1.058
N16030 X0.2979 Y1.0659
N16035 X0.3058 Y1.0739
N16040 X0.3141 Y1.0818
N16045 X0.3209 Y1.0878
N16050 X0.3236 Y1.0898
N16055 G3 X0.3268 Y1.1231 Z-0.2913 I-0.015 J0.0182
N16060 X0.3082 Y1.1317 I-0.0182 J-0.015
N16065 G1 X-0.2976 Y1.1219
N16070 G3 X-0.3138 Y1.1152 I0.0004 J-0.0236
N16075 X-0.3141 Y1.0818 Z-0.2992 I0.0165 J-0.0169
N16080 G1 X-0.3058 Y1.0739
N16085 X-0.2972 Y1.0652
N16090 X-0.2892 Y1.0572
N16095 X-0.2813 Y1.0491
N16100 X-0.2772 Y1.0449
N16105 X-0.2727 Y1.041
N16110 X-0.2681 Y1.0373
N16115 X-0.2627 Y1.0335
N16120 X-0.256 Y1.0293
N16125 X-0.2489 Y1.0252
N16130 X-0.2402 Y1.0208
N16135 X-0.2293 Y1.0159
N16140 X-0.2178 Y1.0114
N16145 X-0.203 Y1.0064
N16150 X-0.1858 Y1.0016
N16155 X-0.1637 Y0.9965
N16160 X-0.1351 Y0.9913
N16165 X-0.1005 Y0.9869
N16170 X-0.0657 Y0.9838
N16175 X-0.0309 Y0.9818
N16180 X0.004 Y0.9804
N16185 X0.0388 Y0.9794
N16190 X0.0737 Y0.9788
N16195 X0.1086 Y0.9783
N16200 X0.1435 Y0.978
N16205 X0.171 Y0.9782
N16210 X0.1863 Y0.9791
N16215 X0.2014 Y0.9807
N16220 X0.2164 Y0.9844
N16225 X0.2306 Y0.9908
N16230 X0.2434 Y0.9996
N16235 X0.2544 Y1.0105
N16240 X0.2633 Y1.0233
N16245 X0.2696 Y1.0342
N16250 X0.2734 Y1.0394
N16255 X0.2813 Y1.0491
N16260 X0.2834 Y1.0512
N16265 G3 X0.2819 Y1.0846 Z-0.2913 I-0.0174 J0.0159
N16270 X0.2658 Y1.0908 I-0.016 J-0.0174
N16275 G1 X-0.2627 Y1.0871
N16280 G3 X-0.277 Y1.0822 I0.0002 J-0.0236
N16285 X-0.2813 Y1.0491 Z-0.2992 I0.0144 J-0.0187
N16290 G1 X-0.2734 Y1.0394
N16295 X-0.2696 Y1.0342
N16300 X-0.2637 Y1.0239
N16305 X-0.2605 Y1.0189
N16310 X-0.2569 Y1.0142
N16315 X-0.253 Y1.0098
N16320 X-0.2488 Y1.0057
N16325 X-0.2441 Y1.0015
N16330 X-0.2391 Y0.9975
N16335 X-0.2329 Y0.993
N16340 X-0.2259 Y0.9884
N16345 X-0.2178 Y0.9837
N16350 X-0.2078 Y0.9784
N16355 X-0.1973 Y0.9736
N16360 X-0.1838 Y0.9681
N16365 X-0.1688 Y0.9629
N16370 X-0.15 Y0.9573
N16375 X-0.1281 Y0.952
N16380 X-0.0995 Y0.9465
N16385 X-0.065 Y0.9415
N16390 X-0.0302 Y0.9381
N16395 X0.0046 Y0.9357
N16400 X0.0394 Y0.934
N16405 X0.0743 Y0.9328
N16410 X0.1092 Y0.9322
N16415 X0.136 Y0.9324
N16420 X0.1546 Y0.9335
N16425 X0.1667 Y0.9348
N16430 X0.1794 Y0.9368
N16435 X0.1828 Y0.9375
N16440 X0.1958 Y0.9413
N16445 X0.208 Y0.947
N16450 X0.2192 Y0.9546
N16455 X0.2291 Y0.9638
N16460 X0.2374 Y0.9745
N16465 X0.244 Y0.9863
N16470 X0.2481 Y0.9946
N16475 X0.2575 Y1.0131
N16480 X0.2633 Y1.0233
N16485 G3 X0.2535 Y1.0552 Z-0.2913 I-0.0209 J0.011
N16490 X0.2425 Y1.0579 I-0.011 J-0.0209
N16495 G1 X-0.2428 Y1.0585
N16500 G3 X-0.2538 Y1.0558 I0. J-0.0236
N16505 X-0.2637 Y1.0239 Z-0.2992 I0.011 J-0.0209
N16510 G1 X-0.2575 Y1.0131
N16515 X-0.2481 Y0.9946
N16520 X-0.2469 Y0.9922
N16525 X-0.244 Y0.9871
N16530 X-0.2409 Y0.9821
N16535 X-0.2373 Y0.9773
N16540 X-0.2335 Y0.9728
N16545 X-0.2294 Y0.9686
N16550 X-0.2248 Y0.9642
N16555 X-0.2195 Y0.9596
N16560 X-0.2132 Y0.9547
N16565 X-0.2062 Y0.9497
N16570 X-0.1977 Y0.9443
N16575 X-0.1886 Y0.9392
N16580 X-0.1771 Y0.9333
N16585 X-0.165 Y0.9279
N16590 X-0.1494 Y0.9218
N16595 X-0.1325 Y0.9162
N16600 X-0.1111 Y0.9102
N16605 X-0.0854 Y0.9043
N16610 X-0.0525 Y0.8984
N16615 X-0.0179 Y0.894
N16620 X0.0168 Y0.8908
N16625 X0.0516 Y0.8886
N16630 X0.0865 Y0.8874
N16635 X0.1119 Y0.8877
N16640 X0.1297 Y0.8888
N16645 X0.1432 Y0.8903
N16650 X0.1556 Y0.8923
N16655 X0.1655 Y0.8943
N16660 X0.1751 Y0.8968
N16665 X0.1762 Y0.8972
N16670 X0.1903 Y0.903
N16675 X0.2031 Y0.9112
N16680 X0.2143 Y0.9216
N16685 X0.2236 Y0.9337
N16690 X0.2305 Y0.9473
N16695 X0.235 Y0.9619
N16700 G3 X0.2158 Y0.9892 Z-0.2913 I-0.0233 J0.0041
N16705 G1 X0.2136 Y0.9895
N16710 X-0.2235 Y1.0255
N16715 G3 X-0.2352 Y1.0235 I-0.0019 J-0.0235
N16720 X-0.2469 Y0.9922 Z-0.2992 I0.0098 J-0.0215
N16725 G1 X-0.2442 Y0.9867
N16730 X-0.2405 Y0.9788
N16735 X-0.2375 Y0.9708
N16740 X-0.2357 Y0.9645
N16745 X-0.2337 Y0.9589
N16750 X-0.2313 Y0.9535
N16755 X-0.2284 Y0.9484
N16760 X-0.2251 Y0.9435
N16765 X-0.2216 Y0.9387
N16770 X-0.2178 Y0.9342
N16775 X-0.2134 Y0.9296
N16780 X-0.2084 Y0.9246
N16785 X-0.2026 Y0.9195
N16790 X-0.1959 Y0.9142
N16795 X-0.1883 Y0.9087
N16800 X-0.1795 Y0.903
N16805 X-0.1694 Y0.8971
N16810 X-0.1577 Y0.891
N16815 X-0.1444 Y0.8849
N16820 X-0.1284 Y0.8785
N16825 X-0.1103 Y0.8722
N16830 X-0.089 Y0.866
N16835 X-0.0627 Y0.8597
N16840 X-0.0306 Y0.8536
N16845 X0.004 Y0.8488
N16850 X0.0383 Y0.8455
N16855 X0.0672 Y0.8442
N16860 X0.0903 Y0.8443
N16865 X0.1098 Y0.8453
N16870 X0.1238 Y0.8467
N16875 X0.1376 Y0.8488
N16880 X0.1475 Y0.8508
N16885 X0.1578 Y0.8534
N16890 X0.1668 Y0.8561
N16895 X0.1743 Y0.8588
N16900 X0.1758 Y0.8594
N16905 X0.1889 Y0.8662
N16910 X0.2006 Y0.8751
N16915 X0.2107 Y0.8858
N16920 X0.2188 Y0.8981
N16925 X0.2247 Y0.9116
N16930 X0.2282 Y0.9259
N16935 X0.2303 Y0.9391
N16940 X0.2318 Y0.947
N16945 X0.235 Y0.9619
N16950 G3 X0.2158 Y0.9892 Z-0.2913 I-0.0233 J0.0041
N16955 G1 X0.2139 Y0.9895
N16960 X0.212 Y0.9896
N16965 X-0.2125 Y0.994
N16970 X-0.2157 Y0.9939
N16975 X-0.2187 Y0.9933
N16980 G3 X-0.2357 Y0.9645 Z-0.2992 I0.0059 J-0.0229
N16985 G1 X-0.2352 Y0.9629
N16990 X-0.2318 Y0.947
N16995 X-0.2303 Y0.9391
N17000 X-0.2301 Y0.9378
N17005 X-0.2289 Y0.932
N17010 X-0.2271 Y0.9264
N17015 X-0.2248 Y0.921
N17020 X-0.2221 Y0.9157
N17025 X-0.2191 Y0.9106
N17030 X-0.2157 Y0.9057
N17035 X-0.2121 Y0.9009
N17040 X-0.2078 Y0.8959
N17045 X-0.203 Y0.8906
N17050 X-0.1973 Y0.8851
N17055 X-0.1909 Y0.8794
N17060 X-0.1833 Y0.8733
N17065 X-0.1751 Y0.8674
N17070 X-0.1651 Y0.8608
N17075 X-0.1546 Y0.8546
N17080 X-0.1414 Y0.8478
N17085 X-0.1275 Y0.8413
N17090 X-0.1102 Y0.8343
N17095 X-0.0912 Y0.8277
N17100 X-0.069 Y0.8211
N17105 X-0.0431 Y0.8148
N17110 X-0.0158 Y0.8096
N17115 X0.0111 Y0.8058
N17120 X0.0367 Y0.8034
N17125 X0.06 Y0.8024
N17130 X0.0801 Y0.8025
N17135 X0.0981 Y0.8034
N17140 X0.1143 Y0.8051
N17145 X0.1267 Y0.807
N17150 X0.1391 Y0.8095
N17155 X0.1488 Y0.8119
N17160 X0.1578 Y0.8147
N17165 X0.1668 Y0.8179
N17170 X0.1739 Y0.8209
N17175 X0.1753 Y0.8216
N17180 X0.1883 Y0.8291
N17185 X0.1997 Y0.8389
N17190 X0.2093 Y0.8504
N17195 X0.2168 Y0.8635
N17200 X0.2219 Y0.8776
N17205 X0.2245 Y0.8924
N17210 X0.2251 Y0.8995
N17215 X0.2266 Y0.9153
N17220 X0.228 Y0.9247
N17225 X0.2282 Y0.9259
N17230 G3 X0.2077 Y0.9522 Z-0.2913 I-0.0234 J0.0029
N17235 G1 X0.2054 Y0.9524
N17240 X-0.206 Y0.9643
N17245 X-0.2095 Y0.9641
N17250 G3 X-0.2301 Y0.9378 Z-0.2992 I0.0029 J-0.0234
N17255 G1 X-0.2278 Y0.9233
N17260 X-0.2266 Y0.9153
N17265 X-0.2259 Y0.9074
N17270 X-0.225 Y0.9016
N17275 X-0.2236 Y0.8958
N17280 X-0.2217 Y0.8903
N17285 X-0.2194 Y0.8848
N17290 X-0.2167 Y0.8796
N17295 X-0.2137 Y0.8745
N17300 X-0.2103 Y0.8694
N17305 X-0.2067 Y0.8643
N17310 X-0.2021 Y0.8587
N17315 X-0.1971 Y0.8531
N17320 X-0.1912 Y0.8471
N17325 X-0.1845 Y0.8409
N17330 X-0.1768 Y0.8346
N17335 X-0.1679 Y0.8278
N17340 X-0.1583 Y0.8212
N17345 X-0.1466 Y0.8141
N17350 X-0.1342 Y0.8073
N17355 X-0.1194 Y0.8001
N17360 X-0.1026 Y0.793
N17365 X-0.0848 Y0.7863
N17370 X-0.0644 Y0.7799
N17375 X-0.0423 Y0.7741
N17380 X-0.0195 Y0.7693
N17385 X0.0033 Y0.7656
N17390 X0.0256 Y0.7631
N17395 X0.047 Y0.7618
N17400 X0.0668 Y0.7615
N17405 X0.0845 Y0.7621
N17410 X0.1006 Y0.7635
N17415 X0.1157 Y0.7655
N17420 X0.1277 Y0.7677
N17425 X0.1392 Y0.7703
N17430 X0.1492 Y0.7732
N17435 X0.1574 Y0.776
N17440 X0.1664 Y0.7795
N17445 X0.1736 Y0.7828
N17450 X0.1804 Y0.7863
N17455 X0.181 Y0.7866
N17460 X0.1934 Y0.7952
N17465 X0.2041 Y0.8059
N17470 X0.2128 Y0.8183
N17475 X0.2192 Y0.832
N17480 X0.2231 Y0.8466
N17485 X0.2244 Y0.8617
N17490 Y0.8916
N17495 X0.2245 Y0.8924
N17500 G3 X0.2021 Y0.9172 Z-0.2913 I-0.0236 J0.0012
N17505 G1 X0.2018
N17510 X-0.2014 Y0.9325
N17515 X-0.2037 Y0.9324
N17520 G3 X-0.2259 Y0.9074 Z-0.2992 I0.0015 J-0.0236
N17525 G1 X-0.2251 Y0.8995
N17530 X-0.2244 Y0.8916
N17535 Y0.8793
N17540 X-0.2241 Y0.8734
N17545 X-0.2233 Y0.8675
N17550 X-0.2219 Y0.8618
N17555 X-0.22 Y0.8562
N17560 X-0.2178 Y0.8507
N17565 X-0.2153 Y0.8454
N17570 X-0.2124 Y0.8402
N17575 X-0.2093 Y0.8351
N17580 X-0.2053 Y0.8294
N17585 X-0.201 Y0.8237
N17590 X-0.1959 Y0.8176
N17595 X-0.19 Y0.8112
N17600 X-0.1834 Y0.8048
N17605 X-0.1756 Y0.7978
N17610 X-0.1672 Y0.791
N17615 X-0.1574 Y0.7839
N17620 X-0.1463 Y0.7766
N17625 X-0.1343 Y0.7695
N17630 X-0.1202 Y0.7621
N17635 X-0.1048 Y0.755
N17640 X-0.0885 Y0.7483
N17645 X-0.0703 Y0.742
N17650 X-0.0508 Y0.7362
N17655 X-0.0304 Y0.7312
N17660 X-0.0096 Y0.7271
N17665 X0.011 Y0.7242
N17670 X0.0312 Y0.7223
N17675 X0.0507 Y0.7214
N17680 X0.0691
N17685 X0.0859 Y0.7223
N17690 X0.1012 Y0.7239
N17695 X0.1157 Y0.726
N17700 X0.1289 Y0.7287
N17705 X0.1395 Y0.7314
N17710 X0.15 Y0.7346
N17715 X0.1592 Y0.7378
N17720 X0.1668 Y0.741
N17725 X0.1752 Y0.745
N17730 X0.1822 Y0.7487
N17735 X0.1943 Y0.7574
N17740 X0.2047 Y0.7681
N17745 X0.2131 Y0.7804
N17750 X0.2193 Y0.7939
N17755 X0.2231 Y0.8083
N17760 X0.2244 Y0.8231
N17765 Y0.8617
N17770 G3 X0.2018 Y0.8844 Z-0.2917 I-0.0236 J-0.0008
N17775 G1 X0.2 Y0.8845 Z-0.2913
N17780 X-0.1998 Y0.9021
N17785 X-0.2
N17790 G3 X-0.2244 Y0.8793 Z-0.2992 I-0.0008 J-0.0236
N17795 G1 Y0.8456
N17800 X-0.2241 Y0.8397
N17805 X-0.2233 Y0.8339
N17810 X-0.2221 Y0.8281
N17815 X-0.2204 Y0.8225
N17820 X-0.2183 Y0.8169
N17825 X-0.2159 Y0.8115
N17830 X-0.2132 Y0.8063
N17835 X-0.2101 Y0.8008
N17840 X-0.2063 Y0.7948
N17845 X-0.2021 Y0.7889
N17850 X-0.1971 Y0.7825
N17855 X-0.1914 Y0.776
N17860 X-0.185 Y0.7692
N17865 X-0.1774 Y0.762
N17870 X-0.1692 Y0.755
N17875 X-0.1599 Y0.7477
N17880 X-0.1491 Y0.7402
N17885 X-0.1378 Y0.733
N17890 X-0.1249 Y0.7257
N17895 X-0.1103 Y0.7183
N17900 X-0.0949 Y0.7115
N17905 X-0.0784 Y0.7051
N17910 X-0.0607 Y0.6992
N17915 X-0.0419 Y0.6939
N17920 X-0.0225 Y0.6895
N17925 X-0.0028 Y0.686
N17930 X0.0168 Y0.6836
N17935 X0.0359 Y0.6821
N17940 X0.0545 Y0.6815
N17945 X0.0723 Y0.6819
N17950 X0.0885 Y0.683
N17955 X0.1037 Y0.6848
N17960 X0.1179 Y0.6872
N17965 X0.1312 Y0.69
N17970 X0.1417 Y0.6929
N17975 X0.1522 Y0.6963
N17980 X0.1612 Y0.6997
N17985 X0.1688 Y0.703
N17990 X0.1771 Y0.7071
N17995 X0.1798 Y0.7085
N18000 X0.1925 Y0.7172
N18005 X0.2035 Y0.7279
N18010 X0.2124 Y0.7403
N18015 X0.219 Y0.7542
N18020 X0.2231 Y0.769
N18025 X0.2244 Y0.7843
N18030 Y0.8231
N18035 G3 X0.2021 Y0.8458 Z-0.2918 I-0.0236 J-0.0008
N18040 G1 X0.2 Y0.846 Z-0.2913
N18045 X-0.1995 Y0.8684
N18050 X-0.2
N18055 G3 X-0.2244 Y0.8456 Z-0.2992 I-0.0008 J-0.0236
N18060 G1 Y0.8099
N18065 X-0.2241 Y0.804
N18070 X-0.2234 Y0.7982
N18075 X-0.2222 Y0.7924
N18080 X-0.2206 Y0.7867
N18085 X-0.2187 Y0.7811
N18090 X-0.2164 Y0.7757
N18095 X-0.2138 Y0.7702
N18100 X-0.2108 Y0.7647
N18105 X-0.2071 Y0.7586
N18110 X-0.2029 Y0.7525
N18115 X-0.1981 Y0.746
N18120 X-0.1924 Y0.7392
N18125 X-0.1862 Y0.7324
N18130 X-0.1789 Y0.7252
N18135 X-0.1706 Y0.7178
N18140 X-0.1617 Y0.7106
N18145 X-0.1515 Y0.703
N18150 X-0.14 Y0.6954
N18155 X-0.1279 Y0.6882
N18160 X-0.1145 Y0.6811
N18165 X-0.0996 Y0.6741
N18170 X-0.0834 Y0.6674
N18175 X-0.0665 Y0.6614
N18180 X-0.0489 Y0.6561
N18185 X-0.0305 Y0.6515
N18190 X-0.0116 Y0.6477
N18195 X0.0076 Y0.6449
N18200 X0.0266 Y0.643
N18205 X0.0452 Y0.642
N18210 X0.063
N18215 X0.0798 Y0.6428
N18220 X0.0957 Y0.6443
N18225 X0.1107 Y0.6465
N18230 X0.1244 Y0.6492
N18235 X0.136 Y0.6521
N18240 X0.147 Y0.6554
N18245 X0.1569 Y0.6589
N18250 X0.1648 Y0.6621
N18255 X0.1735 Y0.6662
N18260 X0.1806 Y0.6699
N18265 X0.1819 Y0.6707
N18270 X0.194 Y0.6794
N18275 X0.2045 Y0.69
N18280 X0.213 Y0.7023
N18285 X0.2193 Y0.7159
N18290 X0.2231 Y0.7303
N18295 X0.2244 Y0.7452
N18300 Y0.7843
N18305 G3 X0.2023 Y0.807 Z-0.2918 I-0.0236 J-0.0008
N18310 G1 X0.2 Y0.8072 Z-0.2913
N18315 X-0.1993 Y0.8327
N18320 X-0.2
N18325 G3 X-0.2244 Y0.8099 Z-0.2992 I-0.0008 J-0.0236
N18330 G1 Y0.7727
N18335 X-0.2241 Y0.7668
N18340 X-0.2235 Y0.7609
N18345 X-0.2224 Y0.7551
N18350 X-0.2208 Y0.7494
N18355 X-0.2189 Y0.7438
N18360 X-0.2167 Y0.7384
N18365 X-0.2141 Y0.7328
N18370 X-0.2112 Y0.7272
N18375 X-0.2076 Y0.7212
N18380 X-0.2034 Y0.7148
N18385 X-0.1987 Y0.7084
N18390 X-0.1931 Y0.7014
N18395 X-0.1869 Y0.6945
N18400 X-0.1799 Y0.6874
N18405 X-0.1718 Y0.6799
N18410 X-0.1629 Y0.6725
N18415 X-0.1531 Y0.665
N18420 X-0.1419 Y0.6574
N18425 X-0.1296 Y0.6499
N18430 X-0.1167 Y0.6428
N18435 X-0.1025 Y0.6359
N18440 X-0.0871 Y0.6293
N18445 X-0.0705 Y0.6232
N18450 X-0.0531 Y0.6177
N18455 X-0.035 Y0.6129
N18460 X-0.0166 Y0.609
N18465 X0.0021 Y0.606
N18470 X0.0208 Y0.6039
N18475 X0.0392 Y0.6027
N18480 X0.0571 Y0.6024
N18485 X0.0742 Y0.603
N18490 X0.0905 Y0.6044
N18495 X0.1059 Y0.6064
N18500 X0.12 Y0.609
N18505 X0.133 Y0.612
N18510 X0.1433 Y0.615
N18515 X0.1542 Y0.6186
N18520 X0.1627 Y0.622
N18525 X0.1707 Y0.6256
N18530 X0.1788 Y0.6297
N18535 X0.1809 Y0.631
N18540 X0.1933 Y0.6396
N18545 X0.2041 Y0.6503
N18550 X0.2128 Y0.6627
N18555 X0.2192 Y0.6764
N18560 X0.2231 Y0.691
N18565 X0.2244 Y0.7061
N18570 Y0.7452
N18575 G3 X0.2024 Y0.768 Z-0.2919 I-0.0236 J-0.0008
N18580 G1 X0.2 Y0.7681 Z-0.2913
N18585 X-0.1992 Y0.7954
N18590 X-0.2 Y0.7955
N18595 G3 X-0.2244 Y0.7727 Z-0.2992 I-0.0008 J-0.0236
N18600 G1 Y0.7331
N18605 X-0.2241 Y0.7272
N18610 X-0.2234 Y0.7213
N18615 X-0.2222 Y0.7155
N18620 X-0.2206 Y0.7098
N18625 X-0.2187 Y0.7043
N18630 X-0.2164 Y0.6988
N18635 X-0.2138 Y0.6933
N18640 X-0.2106 Y0.6873
N18645 X-0.2071 Y0.6814
N18650 X-0.2027 Y0.6748
N18655 X-0.1978 Y0.6682
N18660 X-0.1923 Y0.6614
N18665 X-0.1857 Y0.6541
N18670 X-0.1786 Y0.6469
N18675 X-0.1706 Y0.6396
N18680 X-0.1613 Y0.6319
N18685 X-0.1513 Y0.6245
N18690 X-0.1404 Y0.6171
N18695 X-0.1281 Y0.6096
N18700 X-0.1145 Y0.6023
N18705 X-0.1002 Y0.5954
N18710 X-0.0851 Y0.589
N18715 X-0.0689 Y0.5831
N18720 X-0.0517 Y0.5777
N18725 X-0.0338 Y0.5731
N18730 X-0.0154 Y0.5693
N18735 X0.0032 Y0.5664
N18740 X0.0218 Y0.5644
N18745 X0.0402 Y0.5633
N18750 X0.0582 Y0.5631
N18755 X0.0756 Y0.5638
N18760 X0.0918 Y0.5652
N18765 X0.1068 Y0.5672
N18770 X0.1207 Y0.5699
N18775 X0.1336 Y0.5729
N18780 X0.1441 Y0.576
N18785 X0.1549 Y0.5797
N18790 X0.1631 Y0.5829
N18795 X0.1715 Y0.5868
N18800 X0.1793 Y0.5908
N18805 X0.1813 Y0.5919
N18810 X0.1936 Y0.6006
N18815 X0.2042 Y0.6113
N18820 X0.2129 Y0.6236
N18825 X0.2192 Y0.6373
N18830 X0.2231 Y0.6519
N18835 X0.2244 Y0.6669
N18840 Y0.7061
N18845 G3 X0.2024 Y0.7288 Z-0.2918 I-0.0236 J-0.0008
N18850 G1 X0.2 Y0.729 Z-0.2913
N18855 X-0.1992 Y0.7558
N18860 X-0.2 Y0.7559
N18865 G3 X-0.2244 Y0.7331 Z-0.2992 I-0.0008 J-0.0236
N18870 G1 Y0.6934
N18875 X-0.2241 Y0.6875
N18880 X-0.2233 Y0.6817
N18885 X-0.2221 Y0.6759
N18890 X-0.2205 Y0.6702
N18895 X-0.2185 Y0.6647
N18900 X-0.2163 Y0.6592
N18905 X-0.2136 Y0.6535
N18910 X-0.2104 Y0.6476
N18915 X-0.2067 Y0.6415
N18920 X-0.2023 Y0.6349
N18925 X-0.1974 Y0.6283
N18930 X-0.1917 Y0.6214
N18935 X-0.185 Y0.6141
N18940 X-0.1779 Y0.6069
N18945 X-0.1697 Y0.5995
N18950 X-0.1603 Y0.5918
N18955 X-0.1503 Y0.5843
N18960 X-0.1393 Y0.577
N18965 X-0.127 Y0.5695
N18970 X-0.1135 Y0.5623
N18975 X-0.0993 Y0.5555
N18980 X-0.0842 Y0.5492
N18985 X-0.0679 Y0.5433
N18990 X-0.0508 Y0.538
N18995 X-0.033 Y0.5334
N19000 X-0.0146 Y0.5297
N19005 X0.004 Y0.5268
N19010 X0.0226 Y0.5249
N19015 X0.041 Y0.5239
N19020 X0.0589 Y0.5237
N19025 X0.0762 Y0.5245
N19030 X0.0924 Y0.526
N19035 X0.1074 Y0.528
N19040 X0.1214 Y0.5307
N19045 X0.1342 Y0.5338
N19050 X0.1446 Y0.5369
N19055 X0.1554 Y0.5406
N19060 X0.1636 Y0.5439
N19065 X0.172 Y0.5478
N19070 X0.1797 Y0.5518
N19075 X0.1815 Y0.5528
N19080 X0.1938 Y0.5615
N19085 X0.2043 Y0.5722
N19090 X0.2129 Y0.5845
N19095 X0.2192 Y0.5981
N19100 X0.2231 Y0.6126
N19105 X0.2244 Y0.6276
N19110 Y0.6669
N19115 G3 X0.2024 Y0.6896 Z-0.2918 I-0.0236 J-0.0008
N19120 G1 X0.2 Y0.6898 Z-0.2913
N19125 X-0.1992 Y0.7162
N19130 X-0.2
N19135 G3 X-0.2244 Y0.6934 Z-0.2992 I-0.0008 J-0.0236
N19140 G1 Y0.6538
N19145 X-0.2241 Y0.6479
N19150 X-0.2233 Y0.6421
N19155 X-0.2221 Y0.6363
N19160 X-0.2204 Y0.6306
N19165 X-0.2184 Y0.6251
N19170 X-0.2162 Y0.6196
N19175 X-0.2134 Y0.6139
N19180 X-0.2102 Y0.608
N19185 X-0.2065 Y0.6018
N19190 X-0.202 Y0.5951
N19195 X-0.1971 Y0.5886
N19200 X-0.1914 Y0.5816
N19205 X-0.1847 Y0.5743
N19210 X-0.1775 Y0.5671
N19215 X-0.1692 Y0.5596
N19220 X-0.1599 Y0.5519
N19225 X-0.1499 Y0.5446
N19230 X-0.1389 Y0.5372
N19235 X-0.1265 Y0.5298
N19240 X-0.113 Y0.5225
N19245 X-0.0988 Y0.5158
N19250 X-0.0837 Y0.5095
N19255 X-0.0675 Y0.5037
N19260 X-0.0503 Y0.4984
N19265 X-0.0325 Y0.4939
N19270 X-0.0141 Y0.4902
N19275 X0.0045 Y0.4874
N19280 X0.0231 Y0.4855
N19285 X0.0414 Y0.4845
N19290 X0.0593 Y0.4844
N19295 X0.0766 Y0.4852
N19300 X0.0928 Y0.4867
N19305 X0.1077 Y0.4888
N19310 X0.1217 Y0.4915
N19315 X0.1346 Y0.4946
N19320 X0.1449 Y0.4977
N19325 X0.1557 Y0.5014
N19330 X0.1638 Y0.5047
N19335 X0.1722 Y0.5086
N19340 X0.18 Y0.5127
N19345 X0.1816 Y0.5136
N19350 X0.1939 Y0.5223
N19355 X0.2044 Y0.533
N19360 X0.213 Y0.5453
N19365 X0.2193 Y0.5589
N19370 X0.2231 Y0.5734
N19375 X0.2244 Y0.5883
N19380 Y0.6276
N19385 G3 X0.2023 Y0.6504 Z-0.2918 I-0.0236 J-0.0008
N19390 G1 X0.2 Y0.6505 Z-0.2913
N19395 X-0.1993 Y0.6766
N19400 X-0.2
N19405 G3 X-0.2244 Y0.6538 Z-0.2992 I-0.0008 J-0.0236
N19410 G1 Y0.6142
N19415 X-0.2241 Y0.6083
N19420 X-0.2233 Y0.6024
N19425 X-0.222 Y0.5967
N19430 X-0.2204 Y0.591
N19435 X-0.2184 Y0.5855
N19440 X-0.2161 Y0.58
N19445 X-0.2133 Y0.5742
N19450 X-0.2101 Y0.5683
N19455 X-0.2064 Y0.5621
N19460 X-0.2019 Y0.5555
N19465 X-0.197 Y0.5489
N19470 X-0.1912 Y0.5419
N19475 X-0.1845 Y0.5346
N19480 X-0.1773 Y0.5274
N19485 X-0.169 Y0.52
N19490 X-0.1596 Y0.5123
N19495 X-0.1496 Y0.5049
N19500 X-0.1386 Y0.4975
N19505 X-0.1262 Y0.4902
N19510 X-0.1127 Y0.4829
N19515 X-0.0985 Y0.4762
N19520 X-0.0833 Y0.47
N19525 X-0.0671 Y0.4641
N19530 X-0.05 Y0.4589
N19535 X-0.0321 Y0.4544
N19540 X-0.0138 Y0.4508
N19545 X0.0048 Y0.448
N19550 X0.0234 Y0.4461
N19555 X0.0417 Y0.4451
N19560 X0.0596
N19565 X0.0769 Y0.4458
N19570 X0.0931 Y0.4474
N19575 X0.108 Y0.4495
N19580 X0.122 Y0.4522
N19585 X0.1349 Y0.4554
N19590 X0.1452 Y0.4584
N19595 X0.1559 Y0.4622
N19600 X0.1641 Y0.4655
N19605 X0.1724 Y0.4694
N19610 X0.1802 Y0.4735
N19615 X0.1817 Y0.4744
N19620 X0.1939 Y0.4831
N19625 X0.2045 Y0.4937
N19630 X0.213 Y0.506
N19635 X0.2193 Y0.5196
N19640 X0.2231 Y0.5341
N19645 X0.2244 Y0.549
N19650 Y0.5883
N19655 G3 X0.2023 Y0.6111 Z-0.2918 I-0.0236 J-0.0008
N19660 G1 X0.2 Y0.6112 Z-0.2913
N19665 X-0.1993 Y0.6369
N19670 X-0.2 Y0.637
N19675 G3 X-0.2244 Y0.6142 Z-0.2992 I-0.0008 J-0.0236
N19680 G1 Y0.5762
N19685 X-0.2241 Y0.5703
N19690 X-0.2234 Y0.5644
N19695 X-0.2223 Y0.5586
N19700 X-0.2207 Y0.5529
N19705 X-0.2188 Y0.5473
N19710 X-0.2166 Y0.5419
N19715 X-0.2139 Y0.5361
N19720 X-0.2109 Y0.5304
N19725 X-0.2073 Y0.5242
N19730 X-0.203 Y0.5178
N19735 X-0.1983 Y0.5112
N19740 X-0.1926 Y0.5041
N19745 X-0.1863 Y0.4971
N19750 X-0.1792 Y0.4899
N19755 X-0.171 Y0.4823
N19760 X-0.1622 Y0.4749
N19765 X-0.1525 Y0.4675
N19770 X-0.1415 Y0.46
N19775 X-0.1293 Y0.4525
N19780 X-0.1165 Y0.4455
N19785 X-0.1026 Y0.4387
N19790 X-0.0876 Y0.4322
N19795 X-0.0714 Y0.4262
N19800 X-0.0544 Y0.4208
N19805 X-0.0367 Y0.4161
N19810 X-0.0185 Y0.4122
N19815 X-0.0001 Y0.4092
N19820 X0.0185 Y0.4071
N19825 X0.0368 Y0.4059
N19830 X0.0547 Y0.4056
N19835 X0.0721 Y0.4062
N19840 X0.0885 Y0.4075
N19845 X0.1041 Y0.4095
N19850 X0.1184 Y0.4121
N19855 X0.1317 Y0.4152
N19860 X0.1423 Y0.4182
N19865 X0.1533 Y0.4219
N19870 X0.162 Y0.4253
N19875 X0.17 Y0.4289
N19880 X0.1783 Y0.4331
N19885 X0.1808 Y0.4345
N19890 X0.1932 Y0.4432
N19895 X0.204 Y0.4539
N19900 X0.2127 Y0.4663
N19905 X0.2191 Y0.48
N19910 X0.2231 Y0.4946
N19915 X0.2244 Y0.5097
N19920 Y0.549
N19925 G3 X0.2024 Y0.5718 Z-0.2918 I-0.0236 J-0.0008
N19930 G1 X0.2 Y0.5719 Z-0.2913
N19935 X-0.1992 Y0.5989
N19940 X-0.2 Y0.599
N19945 G3 X-0.2244 Y0.5762 Z-0.2992 I-0.0008 J-0.0236
N19950 G1 Y0.5365
N19955 X-0.2241 Y0.5307
N19960 X-0.2234 Y0.5248
N19965 X-0.2222 Y0.519
N19970 X-0.2207 Y0.5133
N19975 X-0.2187 Y0.5077
N19980 X-0.2165 Y0.5022
N19985 X-0.2139 Y0.4966
N19990 X-0.2108 Y0.4907
N19995 X-0.2072 Y0.4847
N20000 X-0.2029 Y0.4781
N20005 X-0.1981 Y0.4715
N20010 X-0.1925 Y0.4646
N20015 X-0.186 Y0.4573
N20020 X-0.179 Y0.4502
N20025 X-0.171 Y0.4428
N20030 X-0.1618 Y0.4352
N20035 X-0.152 Y0.4278
N20040 X-0.1412 Y0.4204
N20045 X-0.1292 Y0.413
N20050 X-0.1159 Y0.4057
N20055 X-0.1018 Y0.3989
N20060 X-0.0869 Y0.3926
N20065 X-0.071 Y0.3866
N20070 X-0.054 Y0.3813
N20075 X-0.0364 Y0.3766
N20080 X-0.0182 Y0.3728
N20085 X0.0003 Y0.3698
N20090 X0.0188 Y0.3677
N20095 X0.0372 Y0.3665
N20100 X0.0553 Y0.3663
N20105 X0.0728 Y0.3669
N20110 X0.0893 Y0.3682
N20115 X0.1046 Y0.3703
N20120 X0.1187 Y0.3728
N20125 X0.132 Y0.3759
N20130 X0.1426 Y0.379
N20135 X0.1537 Y0.3827
N20140 X0.1621 Y0.386
N20145 X0.1705 Y0.3898
N20150 X0.1785 Y0.3939
N20155 X0.1809 Y0.3953
N20160 X0.1933 Y0.404
N20165 X0.2041 Y0.4146
N20170 X0.2128 Y0.427
N20175 X0.2192 Y0.4407
N20180 X0.2231 Y0.4553
N20185 X0.2244 Y0.4704
N20190 Y0.5097
N20195 G3 X0.2024 Y0.5325 Z-0.2918 I-0.0236 J-0.0008
N20200 G1 X0.2 Y0.5326 Z-0.2913
N20205 X-0.1992 Y0.5593
N20210 X-0.2
N20215 G3 X-0.2244 Y0.5365 Z-0.2992 I-0.0008 J-0.0236
N20220 G1 Y0.4969
N20225 X-0.2241 Y0.491
N20230 X-0.2234 Y0.4852
N20235 X-0.2222 Y0.4794
N20240 X-0.2206 Y0.4737
N20245 X-0.2187 Y0.4681
N20250 X-0.2165 Y0.4626
N20255 X-0.2138 Y0.457
N20260 X-0.2107 Y0.4511
N20265 X-0.2071 Y0.445
N20270 X-0.2027 Y0.4384
N20275 X-0.1979 Y0.4318
N20280 X-0.1923 Y0.425
N20285 X-0.1857 Y0.4176
N20290 X-0.1787 Y0.4105
N20295 X-0.1706 Y0.4031
N20300 X-0.1614 Y0.3955
N20305 X-0.1516 Y0.388
N20310 X-0.1408 Y0.3807
N20315 X-0.1287 Y0.3733
N20320 X-0.1154 Y0.3661
N20325 X-0.1013 Y0.3593
N20330 X-0.0865 Y0.353
N20335 X-0.0705 Y0.3471
N20340 X-0.0536 Y0.3417
N20345 X-0.0359 Y0.3371
N20350 X-0.0177 Y0.3333
N20355 X0.0009 Y0.3303
N20360 X0.0195 Y0.3283
N20365 X0.0379 Y0.3272
N20370 X0.0559 Y0.3269
N20375 X0.0734 Y0.3276
N20380 X0.0898 Y0.329
N20385 X0.1051 Y0.331
N20390 X0.1192 Y0.3336
N20395 X0.1324 Y0.3367
N20400 X0.143 Y0.3398
N20405 X0.154 Y0.3435
N20410 X0.1624 Y0.3468
N20415 X0.1708 Y0.3506
N20420 X0.1788 Y0.3548
N20425 X0.1811 Y0.3561
N20430 X0.1934 Y0.3647
N20435 X0.2041 Y0.3754
N20440 X0.2128 Y0.3878
N20445 X0.2192 Y0.4015
N20450 X0.2231 Y0.416
N20455 X0.2244 Y0.4311
N20460 Y0.4704
N20465 G3 X0.2024 Y0.4932 Z-0.2918 I-0.0236 J-0.0008
N20470 G1 X0.2 Y0.4933 Z-0.2913
N20475 X-0.1992 Y0.5197
N20480 X-0.2
N20485 G3 X-0.2244 Y0.4969 Z-0.2992 I-0.0008 J-0.0236
N20490 G1 Y0.4593
N20495 X-0.2241 Y0.4532
N20500 X-0.2235 Y0.4473
N20505 X-0.2225 Y0.4415
N20510 X-0.221 Y0.4358
N20515 X-0.2191 Y0.4301
N20520 X-0.217 Y0.4246
N20525 X-0.2144 Y0.419
N20530 X-0.2115 Y0.4133
N20535 X-0.208 Y0.4072
N20540 X-0.2039 Y0.4008
N20545 X-0.1993 Y0.3943
N20550 X-0.1938 Y0.3873
N20555 X-0.1876 Y0.3803
N20560 X-0.1808 Y0.3732
N20565 X-0.1728 Y0.3656
N20570 X-0.164 Y0.3582
N20575 X-0.1546 Y0.3508
N20580 X-0.1439 Y0.3433
N20585 X-0.1319 Y0.3358
N20590 X-0.1193 Y0.3287
N20595 X-0.1057 Y0.3219
N20600 X-0.0909 Y0.3154
N20605 X-0.075 Y0.3093
N20610 X-0.0582 Y0.3037
N20615 X-0.0406 Y0.2989
N20620 X-0.0226 Y0.2948
N20625 X-0.0042 Y0.2917
N20630 X0.0143 Y0.2893
N20635 X0.0328 Y0.288
N20640 X0.0508 Y0.2875
N20645 X0.0683 Y0.2879
N20650 X0.0849 Y0.2891
N20655 X0.1008 Y0.291
N20660 X0.1154 Y0.2935
N20665 X0.1289 Y0.2965
N20670 X0.1399 Y0.2995
N20675 X0.1511 Y0.3031
N20680 X0.1603 Y0.3066
N20685 X0.1682 Y0.3101
N20690 X0.1767 Y0.3143
N20695 X0.1837 Y0.3182
N20700 X0.1954 Y0.3269
N20705 X0.2054 Y0.3375
N20710 X0.2135 Y0.3497
N20715 X0.2195 Y0.363
N20720 X0.2232 Y0.3771
N20725 X0.2244 Y0.3917
N20730 Y0.4311
N20735 G3 X0.2025 Y0.4538 Z-0.2919 I-0.0236 J-0.0008
N20740 G1 X0.2 Y0.454 Z-0.2913
N20745 X-0.1991 Y0.482
N20750 X-0.2
N20755 G3 X-0.2244 Y0.4593 Z-0.2992 I-0.0008 J-0.0236
N20760 G1 Y0.4196
N20765 X-0.2241 Y0.4137
N20770 X-0.2235 Y0.4079
N20775 X-0.2225 Y0.4021
N20780 X-0.221 Y0.3963
N20785 X-0.2191 Y0.3907
N20790 X-0.217 Y0.3852
N20795 X-0.2145 Y0.3797
N20800 X-0.2115 Y0.3738
N20805 X-0.2081 Y0.3679
N20810 X-0.2039 Y0.3614
N20815 X-0.1992 Y0.3548
N20820 X-0.1938 Y0.348
N20825 X-0.1875 Y0.3408
N20830 X-0.1807 Y0.3337
N20835 X-0.173 Y0.3264
N20840 X-0.1641 Y0.3188
N20845 X-0.1544 Y0.3113
N20850 X-0.144 Y0.304
N20855 X-0.1322 Y0.2966
N20860 X-0.1192 Y0.2893
N20865 X-0.1053 Y0.2824
N20870 X-0.0908 Y0.2759
N20875 X-0.0751 Y0.2699
N20880 X-0.0584 Y0.2644
N20885 X-0.0409 Y0.2596
N20890 X-0.0228 Y0.2555
N20895 X-0.0044 Y0.2523
N20900 X0.0141 Y0.25
N20905 X0.0326 Y0.2486
N20910 X0.0507 Y0.2482
N20915 X0.0684 Y0.2486
N20920 X0.0851 Y0.2498
N20925 X0.1009 Y0.2517
N20930 X0.1152 Y0.2541
N20935 X0.1288 Y0.2571
N20940 X0.1407 Y0.2604
N20945 X0.1507 Y0.2636
N20950 X0.1607 Y0.2674
N20955 X0.1684 Y0.2708
N20960 X0.1767 Y0.2749
N20965 X0.18 Y0.2768
N20970 X0.1927 Y0.2854
N20975 X0.2036 Y0.2961
N20980 X0.2125 Y0.3085
N20985 X0.219 Y0.3224
N20990 X0.2231 Y0.3371
N20995 X0.2244 Y0.3524
N21000 Y0.3917
N21005 G3 X0.2024 Y0.4144 Z-0.2919 I-0.0236 J-0.0008
N21010 G1 X0.2 Y0.4146 Z-0.2913
N21015 X-0.1992 Y0.4424
N21020 X-0.2
N21025 G3 X-0.2244 Y0.4196 Z-0.2992 I-0.0008 J-0.0236
N21030 G1 Y0.38
N21035 X-0.2241 Y0.3741
N21040 X-0.2235 Y0.3682
N21045 X-0.2224 Y0.3624
N21050 X-0.2209 Y0.3567
N21055 X-0.2191 Y0.3511
N21060 X-0.2169 Y0.3456
N21065 X-0.2144 Y0.3401
N21070 X-0.2113 Y0.3342
N21075 X-0.2079 Y0.3282
N21080 X-0.2037 Y0.3218
N21085 X-0.199 Y0.3152
N21090 X-0.1936 Y0.3084
N21095 X-0.1873 Y0.3012
N21100 X-0.1804 Y0.294
N21105 X-0.1726 Y0.2867
N21110 X-0.1637 Y0.2791
N21115 X-0.1539 Y0.2716
N21120 X-0.1435 Y0.2643
N21125 X-0.1317 Y0.257
N21130 X-0.1187 Y0.2497
N21135 X-0.1048 Y0.2427
N21140 X-0.0902 Y0.2363
N21145 X-0.0745 Y0.2303
N21150 X-0.0578 Y0.2249
N21155 X-0.0403 Y0.2201
N21160 X-0.0222 Y0.2161
N21165 X-0.0037 Y0.2129
N21170 X0.0149 Y0.2106
N21175 X0.0333 Y0.2093
N21180 X0.0515 Y0.2088
N21185 X0.0691 Y0.2093
N21190 X0.086 Y0.2105
N21195 X0.1016 Y0.2124
N21200 X0.1159 Y0.2149
N21205 X0.1294 Y0.2179
N21210 X0.1403 Y0.2209
N21215 X0.1517 Y0.2246
N21220 X0.1604 Y0.228
N21225 X0.1688 Y0.2316
N21230 X0.1771 Y0.2358
N21235 X0.1838 Y0.2396
N21240 X0.1955 Y0.2483
N21245 X0.2055 Y0.2589
N21250 X0.2136 Y0.271
N21255 X0.2195 Y0.2843
N21260 X0.2232 Y0.2984
N21265 X0.2244 Y0.313
N21270 Y0.3524
N21275 G3 X0.2024 Y0.3751 Z-0.2919 I-0.0236 J-0.0008
N21280 G1 X0.2 Y0.3753 Z-0.2913
N21285 X-0.1992 Y0.4028
N21290 X-0.2
N21295 G3 X-0.2244 Y0.38 Z-0.2992 I-0.0008 J-0.0236
N21300 G1 Y0.3404
N21305 X-0.2241 Y0.3345
N21310 X-0.2235 Y0.3286
N21315 X-0.2224 Y0.3228
N21320 X-0.2209 Y0.3171
N21325 X-0.219 Y0.3115
N21330 X-0.2168 Y0.306
N21335 X-0.2143 Y0.3005
N21340 X-0.2112 Y0.2945
N21345 X-0.2077 Y0.2886
N21350 X-0.2035 Y0.2821
N21355 X-0.1988 Y0.2755
N21360 X-0.1934 Y0.2687
N21365 X-0.187 Y0.2615
N21370 X-0.1801 Y0.2543
N21375 X-0.1723 Y0.247
N21380 X-0.1633 Y0.2394
N21385 X-0.1535 Y0.2319
N21390 X-0.143 Y0.2246
N21395 X-0.1312 Y0.2173
N21400 X-0.1182 Y0.21
N21405 X-0.1042 Y0.2031
N21410 X-0.0896 Y0.1967
N21415 X-0.0738 Y0.1907
N21420 X-0.0571 Y0.1853
N21425 X-0.0396 Y0.1805
N21430 X-0.0215 Y0.1765
N21435 X-0.003 Y0.1734
N21440 X0.0157 Y0.1712
N21445 X0.0342 Y0.1699
N21450 X0.0523 Y0.1695
N21455 X0.0699 Y0.17
N21460 X0.0866 Y0.1712
N21465 X0.1021 Y0.1732
N21470 X0.1164 Y0.1757
N21475 X0.13 Y0.1787
N21480 X0.1416 Y0.1819
N21485 X0.1517 Y0.1852
N21490 X0.1614 Y0.189
N21495 X0.169 Y0.1924
N21500 X0.1774 Y0.1965
N21505 X0.1804 Y0.1982
N21510 X0.1929 Y0.2069
N21515 X0.2038 Y0.2176
N21520 X0.2126 Y0.23
N21525 X0.2191 Y0.2438
N21530 X0.2231 Y0.2585
N21535 X0.2244 Y0.2737
N21540 Y0.313
N21545 G3 X0.2024 Y0.3357 Z-0.2919 I-0.0236 J-0.0008
N21550 G1 X0.2 Y0.3359 Z-0.2913
N21555 X-0.1992 Y0.3631
N21560 X-0.2 Y0.3632
N21565 G3 X-0.2244 Y0.3404 Z-0.2992 I-0.0008 J-0.0236
N21570 G1 Y0.3008
N21575 X-0.2241 Y0.2949
N21580 X-0.2235 Y0.289
N21585 X-0.2223 Y0.2832
N21590 X-0.2208 Y0.2775
N21595 X-0.2189 Y0.2719
N21600 X-0.2167 Y0.2664
N21605 X-0.2142 Y0.2609
N21610 X-0.2111 Y0.2549
N21615 X-0.2076 Y0.2489
N21620 X-0.2034 Y0.2424
N21625 X-0.1986 Y0.2358
N21630 X-0.1932 Y0.229
N21635 X-0.1867 Y0.2218
N21640 X-0.1798 Y0.2146
N21645 X-0.1719 Y0.2073
N21650 X-0.1629 Y0.1997
N21655 X-0.1531 Y0.1922
N21660 X-0.1426 Y0.1849
N21665 X-0.1307 Y0.1776
N21670 X-0.1177 Y0.1704
N21675 X-0.1036 Y0.1634
N21680 X-0.089 Y0.1571
N21685 X-0.0732 Y0.1511
N21690 X-0.0564 Y0.1457
N21695 X-0.0388 Y0.141
N21700 X-0.0207 Y0.137
N21705 X-0.0022 Y0.1339
N21710 X0.0165 Y0.1318
N21715 X0.0349 Y0.1305
N21720 X0.053 Y0.1301
N21725 X0.0706 Y0.1306
N21730 X0.0874 Y0.132
N21735 X0.1029 Y0.1339
N21740 X0.1171 Y0.1364
N21745 X0.1305 Y0.1395
N21750 X0.1413 Y0.1425
N21755 X0.1526 Y0.1462
N21760 X0.1612 Y0.1496
N21765 X0.1695 Y0.1533
N21770 X0.1777 Y0.1574
N21775 X0.1805 Y0.159
N21780 X0.193 Y0.1676
N21785 X0.2039 Y0.1783
N21790 X0.2126 Y0.1908
N21795 X0.2191 Y0.2045
N21800 X0.2231 Y0.2192
N21805 X0.2244 Y0.2344
N21810 Y0.2737
N21815 G3 X0.2024 Y0.2964 Z-0.2918 I-0.0236 J-0.0008
N21820 G1 X0.2 Y0.2966 Z-0.2913
N21825 X-0.1992 Y0.3235
N21830 X-0.2
N21835 G3 X-0.2244 Y0.3008 Z-0.2992 I-0.0008 J-0.0236
N21840 G1 Y0.2611
N21845 X-0.2241 Y0.2552
N21850 X-0.2234 Y0.2494
N21855 X-0.2223 Y0.2436
N21860 X-0.2208 Y0.2379
N21865 X-0.2189 Y0.2323
N21870 X-0.2167 Y0.2268
N21875 X-0.2141 Y0.2212
N21880 X-0.211 Y0.2153
N21885 X-0.2074 Y0.2093
N21890 X-0.2032 Y0.2028
N21895 X-0.1984 Y0.1962
N21900 X-0.1929 Y0.1894
N21905 X-0.1865 Y0.1821
N21910 X-0.1795 Y0.175
N21915 X-0.1716 Y0.1676
N21920 X-0.1625 Y0.16
N21925 X-0.1527 Y0.1525
N21930 X-0.1421 Y0.1453
N21935 X-0.1302 Y0.1379
N21940 X-0.1171 Y0.1307
N21945 X-0.103 Y0.1238
N21950 X-0.0883 Y0.1175
N21955 X-0.0725 Y0.1115
N21960 X-0.0557 Y0.1061
N21965 X-0.0381 Y0.1014
N21970 X-0.0199 Y0.0975
N21975 X-0.0014 Y0.0945
N21980 X0.0173 Y0.0923
N21985 X0.0358 Y0.0911
N21990 X0.0538 Y0.0908
N21995 X0.0714 Y0.0913
N22000 X0.088 Y0.0927
N22005 X0.1034 Y0.0947
N22010 X0.1177 Y0.0972
N22015 X0.131 Y0.1003
N22020 X0.1418 Y0.1033
N22025 X0.153 Y0.1071
N22030 X0.1615 Y0.1104
N22035 X0.1699 Y0.1141
N22040 X0.178 Y0.1183
N22045 X0.1807 Y0.1198
N22050 X0.1932 Y0.1284
N22055 X0.2039 Y0.1391
N22060 X0.2127 Y0.1515
N22065 X0.2191 Y0.1652
N22070 X0.2231 Y0.1799
N22075 X0.2244 Y0.195
N22080 Y0.2344
N22085 G3 X0.2024 Y0.2571 Z-0.2918 I-0.0236 J-0.0008
N22090 G1 X0.2 Y0.2573 Z-0.2913
N22095 X-0.1992 Y0.2839
N22100 X-0.2
N22105 G3 X-0.2244 Y0.2611 Z-0.2992 I-0.0008 J-0.0236
N22110 G1 Y0.2215
N22115 X-0.2241 Y0.2156
N22120 X-0.2234 Y0.2097
N22125 X-0.2223 Y0.204
N22130 X-0.2207 Y0.1983
N22135 X-0.2188 Y0.1927
N22140 X-0.2166 Y0.1872
N22145 X-0.214 Y0.1816
N22150 X-0.2108 Y0.1757
N22155 X-0.2073 Y0.1696
N22160 X-0.203 Y0.1631
N22165 X-0.1982 Y0.1565
N22170 X-0.1927 Y0.1497
N22175 X-0.1862 Y0.1424
N22180 X-0.1792 Y0.1353
N22185 X-0.1712 Y0.1279
N22190 X-0.1621 Y0.1203
N22195 X-0.1523 Y0.1129
N22200 X-0.1416 Y0.1056
N22205 X-0.1297 Y0.0982
N22210 X-0.1165 Y0.091
N22215 X-0.1024 Y0.0841
N22220 X-0.0877 Y0.0778
N22225 X-0.0718 Y0.0719
N22230 X-0.0549 Y0.0666
N22235 X-0.0373 Y0.0619
N22240 X-0.0191 Y0.058
N22245 X-0.0005 Y0.055
N22250 X0.0181 Y0.0529
N22255 X0.0365 Y0.0517
N22260 X0.0546 Y0.0514
N22265 X0.0721 Y0.052
N22270 X0.0887 Y0.0534
N22275 X0.1041 Y0.0554
N22280 X0.1183 Y0.058
N22285 X0.1316 Y0.0611
N22290 X0.1422 Y0.0641
N22295 X0.1534 Y0.0679
N22300 X0.1619 Y0.0712
N22305 X0.1702 Y0.075
N22310 X0.1783 Y0.0791
N22315 X0.1808 Y0.0805
N22320 X0.1933 Y0.0892
N22325 X0.204 Y0.0999
N22330 X0.2127 Y0.1122
N22335 X0.2192 Y0.126
N22340 X0.2231 Y0.1406
N22345 X0.2244 Y0.1557
N22350 Y0.195
N22355 G3 X0.2024 Y0.2178 Z-0.2918 I-0.0236 J-0.0008
N22360 G1 X0.2 Y0.2179 Z-0.2913
N22365 X-0.1992 Y0.2443
N22370 X-0.2
N22375 G3 X-0.2244 Y0.2215 Z-0.2992 I-0.0008 J-0.0236
N22380 G1 Y0.1819
N22385 X-0.2241 Y0.176
N22390 X-0.2234 Y0.1701
N22395 X-0.2222 Y0.1643
N22400 X-0.2206 Y0.1586
N22405 X-0.2187 Y0.1531
N22410 X-0.2165 Y0.1476
N22415 X-0.2138 Y0.142
N22420 X-0.2107 Y0.136
N22425 X-0.2071 Y0.13
N22430 X-0.2028 Y0.1234
N22435 X-0.198 Y0.1169
N22440 X-0.1924 Y0.11
N22445 X-0.1859 Y0.1027
N22450 X-0.1789 Y0.0956
N22455 X-0.1708 Y0.0882
N22460 X-0.1617 Y0.0806
N22465 X-0.1518 Y0.0732
N22470 X-0.1411 Y0.0659
N22475 X-0.1291 Y0.0586
N22480 X-0.1159 Y0.0513
N22485 X-0.1018 Y0.0445
N22490 X-0.087 Y0.0382
N22495 X-0.071 Y0.0323
N22500 X-0.0541 Y0.027
N22505 X-0.0365 Y0.0223
N22510 X-0.0182 Y0.0185
N22515 X0.0003 Y0.0155
N22520 X0.0189 Y0.0135
N22525 X0.0374 Y0.0123
N22530 X0.0554 Y0.0121
N22535 X0.0729 Y0.0127
N22540 X0.0894 Y0.0141
N22545 X0.1047 Y0.0162
N22550 X0.1189 Y0.0188
N22555 X0.1321 Y0.0219
N22560 X0.1427 Y0.0249
N22565 X0.1539 Y0.0287
N22570 X0.1623 Y0.032
N22575 X0.1706 Y0.0358
N22580 X0.1787 Y0.0399
N22585 X0.181 Y0.0413
N22590 X0.1934 Y0.0499
N22595 X0.2041 Y0.0606
N22600 X0.2128 Y0.073
N22605 X0.2192 Y0.0867
N22610 X0.2231 Y0.1013
N22615 X0.2244 Y0.1163
N22620 Y0.1557
N22625 G3 X0.2023 Y0.1784 Z-0.2918 I-0.0236 J-0.0008
N22630 G1 X0.2 Y0.1786 Z-0.2913
N22635 X-0.1993 Y0.2046
N22640 X-0.2 Y0.2047
N22645 G3 X-0.2244 Y0.1819 Z-0.2992 I-0.0008 J-0.0236
N22650 G1 Y0.1423
N22655 X-0.2241 Y0.1364
N22660 X-0.2234 Y0.1305
N22665 X-0.2222 Y0.1247
N22670 X-0.2206 Y0.119
N22675 X-0.2186 Y0.1135
N22680 X-0.2164 Y0.108
N22685 X-0.2137 Y0.1023
N22690 X-0.2106 Y0.0964
N22695 X-0.207 Y0.0903
N22700 X-0.2026 Y0.0838
N22705 X-0.1978 Y0.0772
N22710 X-0.1922 Y0.0703
N22715 X-0.1856 Y0.063
N22720 X-0.1785 Y0.0559
N22725 X-0.1705 Y0.0485
N22730 X-0.1613 Y0.0409
N22735 X-0.1514 Y0.0335
N22740 X-0.1406 Y0.0262
N22745 X-0.1286 Y0.0189
N22750 X-0.1153 Y0.0116
N22755 X-0.1011 Y0.0048
N22760 X-0.0863 Y-0.0014
N22765 X-0.0703 Y-0.0073
N22770 X-0.0534 Y-0.0126
N22775 X-0.0357 Y-0.0172
N22780 X-0.0174 Y-0.021
N22785 X0.0011 Y-0.0239
N22790 X0.0197 Y-0.026
N22795 X0.0382 Y-0.0271
N22800 X0.0562 Y-0.0272
N22805 X0.0737 Y-0.0266
N22810 X0.0901 Y-0.0252
N22815 X0.1054 Y-0.0231
N22820 X0.1195 Y-0.0205
N22825 X0.1327 Y-0.0173
N22830 X0.1432 Y-0.0143
N22835 X0.1543 Y-0.0105
N22840 X0.1626 Y-0.0072
N22845 X0.171 Y-0.0034
N22850 X0.179 Y0.0008
N22855 X0.1812 Y0.002
N22860 X0.1935 Y0.0107
N22865 X0.2042 Y0.0214
N22870 X0.2128 Y0.0337
N22875 X0.2192 Y0.0474
N22880 X0.2231 Y0.062
N22885 X0.2244 Y0.077
N22890 Y0.1163
N22895 G3 X0.2023 Y0.1391 Z-0.2918 I-0.0236 J-0.0008
N22900 G1 X0.2 Y0.1392 Z-0.2913
N22905 X-0.1993 Y0.165
N22910 X-0.2
N22915 G3 X-0.2244 Y0.1423 Z-0.2992 I-0.0008 J-0.0236
N22920 G1 Y0.1026
N22925 X-0.2241 Y0.0967
N22930 X-0.2234 Y0.0909
N22935 X-0.2221 Y0.0851
N22940 X-0.2205 Y0.0794
N22945 X-0.2186 Y0.0738
N22950 X-0.2163 Y0.0684
N22955 X-0.2136 Y0.0627
N22960 X-0.2104 Y0.0568
N22965 X-0.2068 Y0.0507
N22970 X-0.2024 Y0.0441
N22975 X-0.1975 Y0.0375
N22980 X-0.1919 Y0.0306
N22985 X-0.1853 Y0.0233
N22990 X-0.1782 Y0.0162
N22995 X-0.1701 Y0.0088
N23000 X-0.1609 Y0.0012
N23005 X-0.1509 Y-0.0062
N23010 X-0.1401 Y-0.0135
N23015 X-0.128 Y-0.0208
N23020 X-0.1146 Y-0.028
N23025 X-0.1005 Y-0.0348
N23030 X-0.0856 Y-0.0411
N23035 X-0.0696 Y-0.0469
N23040 X-0.0526 Y-0.0522
N23045 X-0.0349 Y-0.0567
N23050 X-0.0166 Y-0.0605
N23055 X0.002 Y-0.0634
N23060 X0.0206 Y-0.0654
N23065 X0.039 Y-0.0664
N23070 X0.057 Y-0.0666
N23075 X0.0744 Y-0.0659
N23080 X0.0909 Y-0.0644
N23085 X0.106 Y-0.0623
N23090 X0.1201 Y-0.0597
N23095 X0.1333 Y-0.0565
N23100 X0.1437 Y-0.0535
N23105 X0.1547 Y-0.0497
N23110 X0.163 Y-0.0464
N23115 X0.1714 Y-0.0425
N23120 X0.1793 Y-0.0384
N23125 X0.1809 Y-0.0375
N23130 X0.1929 Y-0.0291
N23135 X0.2032 Y-0.0188
N23140 X0.2118 Y-0.0069
N23145 X0.2182 Y0.0062
N23150 X0.2222 Y0.0203
N23155 X0.2239 Y0.0348
N23160 X0.2244 Y0.0515
N23165 Y0.077
N23170 G3 X0.2023 Y0.0997 Z-0.2918 I-0.0236 J-0.0008
N23175 G1 X0.2 Y0.0999 Z-0.2913
N23180 X-0.1993 Y0.1254
N23185 X-0.2
N23190 G3 X-0.2244 Y0.1026 Z-0.2992 I-0.0008 J-0.0236
N23195 G1 Y0.063
N23200 X-0.2241 Y0.0571
N23205 X-0.2233 Y0.0513
N23210 X-0.2221 Y0.0455
N23215 X-0.2205 Y0.0398
N23220 X-0.2185 Y0.0342
N23225 X-0.2162 Y0.0288
N23230 X-0.2135 Y0.0231
N23235 X-0.2103 Y0.0172
N23240 X-0.2066 Y0.011
N23245 X-0.2022 Y0.0044
N23250 X-0.1973 Y-0.0021
N23255 X-0.1916 Y-0.009
N23260 X-0.185 Y-0.0164
N23265 X-0.1779 Y-0.0235
N23270 X-0.1697 Y-0.0309
N23275 X-0.1604 Y-0.0385
N23280 X-0.1505 Y-0.0459
N23285 X-0.1396 Y-0.0532
N23290 X-0.1274 Y-0.0605
N23295 X-0.114 Y-0.0677
N23300 X-0.0998 Y-0.0745
N23305 X-0.0849 Y-0.0807
N23310 X-0.0688 Y-0.0865
N23315 X-0.0518 Y-0.0918
N23320 X-0.034 Y-0.0963
N23325 X-0.0158 Y-0.1
N23330 X0.0028 Y-0.1029
N23335 X0.0214 Y-0.1048
N23340 X0.0398 Y-0.1058
N23345 X0.0578 Y-0.1059
N23350 X0.0752 Y-0.1052
N23355 X0.0916 Y-0.1037
N23360 X0.1067 Y-0.1016
N23365 X0.1208 Y-0.0989
N23370 X0.1337 Y-0.0957
N23375 X0.1442 Y-0.0927
N23380 X0.1549 Y-0.0889
N23385 X0.1631 Y-0.0857
N23390 X0.1717 Y-0.0817
N23395 X0.1732 Y-0.0809
N23400 X0.1846 Y-0.0738
N23405 X0.1948 Y-0.065
N23410 X0.2035 Y-0.0547
N23415 X0.2105 Y-0.0433
N23420 X0.2156 Y-0.0308
N23425 X0.2179 Y-0.0236
N23430 X0.2189 Y-0.0198
N23435 X0.2198 Y-0.0119
N23440 X0.2231 Y0.0198
N23445 X0.2237 Y0.0277
N23450 X0.2239 Y0.0348
N23455 G3 X0.2019 Y0.0582 Z-0.2917 I-0.0236 J-0.0001
N23460 G1 X0.2002 Y0.0584 Z-0.2913
N23465 X-0.1992 Y0.0857
N23470 X-0.2 Y0.0858
N23475 G3 X-0.2244 Y0.063 Z-0.2992 I-0.0008 J-0.0236
N23480 G1 Y0.0515
N23485 X-0.2237 Y0.0277
N23490 X-0.2231 Y0.0198
N23495 X-0.2216 Y0.0106
N23500 X-0.2205 Y0.0048
N23505 X-0.2188 Y-0.0009
N23510 X-0.2169 Y-0.0065
N23515 X-0.2146 Y-0.0119
N23520 X-0.212 Y-0.0175
N23525 X-0.2088 Y-0.0233
N23530 X-0.2052 Y-0.0293
N23535 X-0.2009 Y-0.0358
N23540 X-0.196 Y-0.0423
N23545 X-0.1904 Y-0.0491
N23550 X-0.1839 Y-0.0563
N23555 X-0.1768 Y-0.0633
N23560 X-0.1688 Y-0.0707
N23565 X-0.1596 Y-0.0782
N23570 X-0.1497 Y-0.0855
N23575 X-0.1389 Y-0.0928
N23580 X-0.1268 Y-0.1001
N23585 X-0.1134 Y-0.1072
N23590 X-0.0994 Y-0.1139
N23595 X-0.0845 Y-0.1201
N23600 X-0.0684 Y-0.1259
N23605 X-0.0514 Y-0.1312
N23610 X-0.0337 Y-0.1357
N23615 X-0.0155 Y-0.1394
N23620 X0.0031 Y-0.1422
N23625 X0.0216 Y-0.1442
N23630 X0.04 Y-0.1452
N23635 X0.0579 Y-0.1453
N23640 X0.0753 Y-0.1445
N23645 X0.0917 Y-0.143
N23650 X0.1067 Y-0.1409
N23655 X0.1207 Y-0.1382
N23660 X0.1319 Y-0.1355
N23665 X0.1388 Y-0.1335
N23670 X0.1502 Y-0.1293
N23675 X0.1609 Y-0.1235
N23680 X0.1706 Y-0.1162
N23685 X0.1793 Y-0.1077
N23690 X0.18 Y-0.107
N23695 X0.1849 Y-0.0991
N23700 X0.2032 Y-0.0674
N23705 X0.205 Y-0.0634
N23710 X0.2156 Y-0.0308
N23715 G3 X0.1994 Y-0.0016 Z-0.2913 I-0.0227 J0.0065
N23720 G1 X0.1975 Y-0.0012
N23725 X0.1956 Y-0.0009
N23730 X-0.1968 Y0.0442
N23735 X-0.2005 Y0.0444
N23740 G3 X-0.2231 Y0.0198 Z-0.2992 I0.001 J-0.0236
N23745 G1 X-0.2198 Y-0.0119
N23750 X-0.2189 Y-0.0198
N23755 X-0.2179 Y-0.0236
N23760 X-0.21 Y-0.048
N23765 X-0.2075 Y-0.0545
N23770 X-0.2052 Y-0.0599
N23775 X-0.2025 Y-0.0652
N23780 X-0.1995 Y-0.0705
N23785 X-0.1958 Y-0.0763
N23790 X-0.1916 Y-0.0823
N23795 X-0.1867 Y-0.0885
N23800 X-0.181 Y-0.0951
N23805 X-0.1747 Y-0.1017
N23810 X-0.1675 Y-0.1086
N23815 X-0.1592 Y-0.1157
N23820 X-0.1504 Y-0.1226
N23825 X-0.1404 Y-0.1297
N23830 X-0.1291 Y-0.1369
N23835 X-0.1172 Y-0.1437
N23840 X-0.1042 Y-0.1503
N23845 X-0.0899 Y-0.1567
N23850 X-0.0744 Y-0.1627
N23855 X-0.058 Y-0.1682
N23860 X-0.0411 Y-0.1729
N23865 X-0.0236 Y-0.177
N23870 X-0.0056 Y-0.1802
N23875 X0.0128 Y-0.1826
N23880 X0.0313 Y-0.184
N23885 X0.0494 Y-0.1846
N23890 X0.0583 Y-0.1844
N23895 X0.0698 Y-0.1835
N23900 X0.0811 Y-0.181
N23905 X0.092 Y-0.177
N23910 G3 X0.1029 Y-0.1454 Z-0.2913 I-0.0104 J0.0212
N23915 X0.0909 Y-0.134 I-0.0212 J-0.0103
N23920 G1 X-0.1781 Y-0.0198
N23925 G3 X-0.1938 Y-0.0188 I-0.0092 J-0.0217
N23930 X-0.21 Y-0.048 Z-0.2992 I0.0065 J-0.0227
N23935 G1 X-0.205 Y-0.0634
N23940 X-0.2032 Y-0.0674
N23945 X-0.1849 Y-0.0991
N23950 X-0.18 Y-0.107
N23955 X-0.1704 Y-0.1177
N23960 X-0.1514 Y-0.1387
N23965 X-0.149 Y-0.141
N23970 X-0.1466 Y-0.1429
N23975 X-0.1149 Y-0.1659
N23980 X-0.1109 Y-0.1685
N23985 X-0.1068 Y-0.1704
N23990 X-0.0712 Y-0.1862
N23995 X-0.0674 Y-0.1875
N24000 X-0.0277 Y-0.196
N24005 X-0.0238 Y-0.1967
N24010 X-0.0198 Y-0.1969
N24015 X0.0198
N24020 X0.0238 Y-0.1967
N24025 X0.0277 Y-0.196
N24030 X0.0674 Y-0.1875
N24035 X0.0712 Y-0.1862
N24040 X0.107 Y-0.1703
N24045 X0.1109 Y-0.1685
N24050 X0.1149 Y-0.1659
N24055 X0.1466 Y-0.1429
N24060 X0.149 Y-0.141
N24065 X0.1514 Y-0.1387
N24070 X0.1793 Y-0.1077
N24075 X0.1794 Y-0.1066
N24080 X0.1791 Y-0.1056
N24085 X0.1771 Y-0.1025 Z-0.2989
N24090 X0.1752 Y-0.0994 Z-0.2981
N24095 X0.1733 Y-0.0966 Z-0.2966
N24100 X0.1716 Y-0.0939 Z-0.2947
N24105 X0.1701 Y-0.0915 Z-0.2923
N24110 X0.1688 Y-0.0895 Z-0.2895
N24115 X0.1678 Y-0.0879 Z-0.2863
N24120 X0.167 Y-0.0867 Z-0.2829
N24125 X0.1665 Y-0.0859 Z-0.2793
N24130 X0.1664 Y-0.0857 Z-0.2756
N24135 Z0.1969
N24140 X1.6536 Y-0.7693
N24145 Z-0.252
N24150 Z-0.2756
N24155 X1.6534 Y-0.7695 Z-0.2793
N24160 X1.6528 Y-0.7701 Z-0.2829
N24165 X1.6518 Y-0.7711 Z-0.2863
N24170 X1.6505 Y-0.7726 Z-0.2895
N24175 X1.6489 Y-0.7743 Z-0.2923
N24180 X1.647 Y-0.7764 Z-0.2947
N24185 X1.6448 Y-0.7787 Z-0.2966
N24190 X1.6425 Y-0.7812 Z-0.2981
N24195 X1.64 Y-0.7838 Z-0.2989
N24200 X1.6375 Y-0.7865 Z-0.2992
N24205 G3 X1.6226 Y-0.8136 I0.0455 J-0.0426
N24210 G1 X1.6194 Y-0.8282
N24215 X1.6174 Y-0.8361
N24220 X1.6092 Y-0.8599
N24225 X1.5981 Y-0.8916
N24230 X1.5968 Y-0.8952
N24235 X1.5918 Y-0.9074
N24240 X1.5888 Y-0.9132
N24245 X1.5728 Y-0.9442
N24250 X1.5575 Y-0.9649
N24255 X1.5563 Y-0.9666
N24260 X1.5552 Y-0.9682
N24265 X1.5541 Y-0.9699
N24270 G3 X1.5508 Y-0.9819 Z-0.2965 I0.0204 J-0.012
N24275 X1.5625 Y-1.0022 Z-0.2913 I0.0236 J0.
N24280 X1.5946 Y-0.9942 I0.012 J0.0203
N24285 G1 X1.629 Y-0.9382
N24290 G3 X1.6214 Y-0.9058 I-0.0201 J0.0123
N24295 X1.5888 Y-0.9132 Z-0.2992 I-0.0126 J-0.02
N24300 G1 X1.5784 Y-0.9312
N24305 X1.573 Y-0.94
N24310 X1.5586 Y-0.9629
N24315 X1.5485 Y-0.9788
N24320 X1.5457 Y-0.9827
N24325 X1.5423 Y-0.9867
N24330 X1.5254 Y-1.0051
N24335 X1.5202 Y-1.0105
N24340 X1.4964 Y-1.0342
N24345 X1.4779 Y-1.0509
N24350 X1.47 Y-1.0573
N24355 X1.469 Y-1.058
N24360 X1.4383 Y-1.0774
N24365 X1.4303 Y-1.0823
N24370 X1.4224 Y-1.0873
N24375 X1.4043 Y-1.0976
N24380 X1.3986 Y-1.1008
N24385 X1.3828 Y-1.1069
N24390 X1.3749 Y-1.1097
N24395 X1.3531 Y-1.1173
N24400 G3 X1.3382 Y-1.1419 I0.0086 J-0.022
N24405 G1 X1.3386 Y-1.1456 Z-0.2989
N24410 X1.339 Y-1.1492 Z-0.2981
N24415 X1.3394 Y-1.1526 Z-0.2966
N24420 X1.3398 Y-1.1557 Z-0.2947
N24425 X1.3401 Y-1.1585 Z-0.2923
N24430 X1.3403 Y-1.1609 Z-0.2895
N24435 X1.3405 Y-1.1629 Z-0.2863
N24440 X1.3407 Y-1.1643 Z-0.2829
N24445 X1.3408 Y-1.1651 Z-0.2793
N24450 Y-1.1654 Z-0.2756
N24455 Z0.1969
N24460 X1.2587 Y1.1617
N24465 Z-0.252
N24470 Z-0.2756
N24475 X1.2589 Y1.1615 Z-0.2793
N24480 X1.2595 Y1.1609 Z-0.2829
N24485 X1.2606 Y1.16 Z-0.2863
N24490 X1.262 Y1.1587 Z-0.2895
N24495 X1.2638 Y1.1571 Z-0.2923
N24500 X1.2659 Y1.1552 Z-0.2947
N24505 X1.2682 Y1.1531 Z-0.2966
N24510 X1.2708 Y1.1508 Z-0.2981
N24515 X1.2735 Y1.1483 Z-0.2989
N24520 X1.2762 Y1.1459 Z-0.2992
N24525 G3 X1.3036 Y1.1315 I0.0418 J0.0462
N24530 G1 X1.3194 Y1.1283
N24535 X1.3273 Y1.1262
N24540 X1.3511 Y1.118
N24545 X1.3749 Y1.1097
N24550 X1.3828 Y1.1069
N24555 X1.3986 Y1.1008
N24560 X1.4003 Y1.0998
N24565 X1.4316 Y1.0843
N24570 X1.4602 Y1.0643
N24575 X1.4616 Y1.063
N24580 X1.4631 Y1.0618
N24585 X1.4647 Y1.0607
N24590 G3 X1.497 Y1.0692 Z-0.2913 I0.0119 J0.0204
N24595 X1.4888 Y1.1013 I-0.0204 J0.0119
N24600 G1 X1.4249 Y1.1402
N24605 G3 X1.3924 Y1.1323 I-0.0123 J-0.0202
N24610 X1.4003 Y1.0998 Z-0.2992 I0.0202 J-0.0122
N24615 G1 X1.4066 Y1.0963
N24620 X1.4224 Y1.0873
N24625 X1.4312 Y1.0818
N24630 X1.462 Y1.0624
N24635 X1.469 Y1.058
N24640 X1.47 Y1.0573
N24645 X1.4779 Y1.0509
N24650 X1.4964 Y1.0342
N24655 X1.5202 Y1.0105
N24660 X1.5254 Y1.0051
N24665 X1.5423 Y0.9867
N24670 X1.5457 Y0.9827
N24675 X1.5485 Y0.9788
N24680 X1.5586 Y0.9629
N24685 X1.5735 Y0.9391
N24690 X1.5784 Y0.9312
N24695 X1.5888 Y0.9132
N24700 X1.5918 Y0.9074
N24705 X1.5968 Y0.8952
N24710 X1.5981 Y0.8916
N24715 X1.6086 Y0.8618
N24720 X1.6101 Y0.8585
N24725 X1.6122 Y0.8555
N24730 X1.6144 Y0.8536 Z-0.299
N24735 X1.6166 Y0.8517 Z-0.2985
N24740 X1.6187 Y0.8499 Z-0.2976
N24745 X1.6216 Y0.8489 Z-0.2961
N24750 X1.6243 Y0.8479 Z-0.2941
N24755 X1.6267 Y0.847 Z-0.2918
N24760 X1.6289 Y0.8468 Z-0.2892
N24765 X1.6306 Y0.8467 Z-0.2863
N24770 X1.632 Y0.8468 Z-0.2829
N24775 X1.6329 Z-0.2793
N24780 X1.6332 Z-0.2756
N24785 Z0.1969
N24790 X0.1992 Y0.583
N24795 Z-0.2362
N24800 Z-0.2598
N24805 X0.1993 Y0.5833 Z-0.2635
N24810 X0.1995 Y0.5842 Z-0.2671
N24815 X0.1999 Y0.5855 Z-0.2706
N24820 X0.2004 Y0.5874 Z-0.2737
N24825 X0.201 Y0.5897 Z-0.2765
N24830 X0.2017 Y0.5925 Z-0.279
N24835 X0.2025 Y0.5955 Z-0.2809
N24840 X0.2034 Y0.5988 Z-0.2823
N24845 X0.2043 Y0.6023 Z-0.2832
N24850 X0.2052 Y0.6059 Z-0.2835
N24855 G3 X0.2244 Y0.7344 I-0.5834 J0.1529
N24860 G1 X0.2246 Y0.7568
N24865 X0.2252 Y0.7648
N24870 X0.2272 Y0.7806
N24875 X0.2283 Y0.7885
N24880 X0.2308 Y0.8044
N24885 X0.2321 Y0.8123
N24890 X0.2338 Y0.8203
N24895 X0.236 Y0.8282
N24900 X0.2387 Y0.8361
N24905 X0.2417 Y0.8429
N24910 X0.2539 Y0.8756
N24915 X0.2659 Y0.9084
N24920 X0.2794 Y0.9405
N24925 X0.2964 Y0.971
N24930 X0.3174 Y0.9989
N24935 X0.342 Y1.0236
N24940 X0.3706 Y1.0436
N24945 X0.4019 Y1.059
N24950 X0.435 Y1.07
N24955 X0.469 Y1.0777
N24960 X0.5035 Y1.0829
N24965 X0.5383 Y1.0863
N24970 X0.5731 Y1.0885
N24975 X0.6079 Y1.09
N24980 X0.6428 Y1.0909
N24985 X0.6777 Y1.0915
N24990 X0.7126 Y1.0919
N24995 X0.7475 Y1.0921
N25000 X0.7823 Y1.0923
N25005 X0.8521 Y1.0924
N25010 X0.9917 Y1.0925
N25015 X1.1312
N25020 X1.1661 Y1.0924
N25025 X1.201 Y1.0911
N25030 X1.2358 Y1.0886
N25035 X1.2703 Y1.0834
N25040 X1.3043 Y1.0759
N25045 X1.3375 Y1.0651
N25050 X1.3697 Y1.0517
N25055 X1.4004 Y1.0351
N25060 X1.4295 Y1.0158
N25065 X1.4565 Y0.9937
N25070 X1.4812 Y0.9691
N25075 X1.5035 Y0.9423
N25080 X1.5227 Y0.9132
N25085 X1.5394 Y0.8825
N25090 X1.5524 Y0.8502
N25095 X1.5626 Y0.8168
N25100 X1.5698 Y0.7826
N25105 X1.5746 Y0.7481
N25110 X1.5779 Y0.7134
N25115 X1.58 Y0.6785
N25120 X1.5813 Y0.6437
N25125 X1.5822 Y0.6088
N25130 X1.5827 Y0.5739
N25135 X1.5831 Y0.539
N25140 X1.5833 Y0.5041
N25145 X1.5834 Y0.4693
N25150 X1.5836 Y0.3995
N25155 Y0.2599
N25160 X1.5837 Y-0.6471
N25165 X1.5833 Y-0.682
N25170 X1.5818 Y-0.7169
N25175 X1.5789 Y-0.7516
N25180 X1.5731 Y-0.786
N25185 X1.565 Y-0.82
N25190 X1.5537 Y-0.8529
N25195 X1.5398 Y-0.885
N25200 X1.5226 Y-0.9153
N25205 X1.5027 Y-0.944
N25210 X1.4801 Y-0.9705
N25215 X1.455 Y-0.9947
N25220 X1.4276 Y-1.0164
N25225 X1.3982 Y-1.0351
N25230 X1.3672 Y-1.0511
N25235 X1.3346 Y-1.0635
N25240 X1.301 Y-1.0731
N25245 X1.2668 Y-1.0798
N25250 X1.2322 Y-1.0843
N25255 X1.1974 Y-1.0872
N25260 X1.1626 Y-1.0891
N25265 X1.1277 Y-1.0904
N25270 X1.0928 Y-1.0912
N25275 X1.058 Y-1.0917
N25280 X1.0231 Y-1.092
N25285 X0.9882 Y-1.0922
N25290 X0.9533 Y-1.0923
N25295 X0.9184 Y-1.0924
N25300 X0.8138 Y-1.0925
N25305 X0.3253
N25310 X-1.0701
N25315 X-1.1399
N25320 X-1.1748 Y-1.0921
N25325 X-1.2096 Y-1.0906
N25330 X-1.2444 Y-1.0875
N25335 X-1.2788 Y-1.0817
N25340 X-1.3127 Y-1.0734
N25345 X-1.3456 Y-1.0619
N25350 X-1.3775 Y-1.0478
N25355 X-1.4078 Y-1.0305
N25360 X-1.4364 Y-1.0105
N25365 X-1.4628 Y-0.9877
N25370 X-1.487 Y-0.9626
N25375 X-1.5085 Y-0.9351
N25380 X-1.5271 Y-0.9056
N25385 X-1.5429 Y-0.8745
N25390 X-1.5552 Y-0.8418
N25395 X-1.5647 Y-0.8083
N25400 X-1.5712 Y-0.774
N25405 X-1.5756 Y-0.7394
N25410 X-1.5785 Y-0.7046
N25415 X-1.5804 Y-0.6698
N25420 X-1.5816 Y-0.6349
N25425 X-1.5823 Y-0.6
N25430 X-1.5828 Y-0.5651
N25435 X-1.5831 Y-0.5303
N25440 X-1.5833 Y-0.4954
N25445 X-1.5834 Y-0.4605
N25450 X-1.5836 Y-0.3907
N25455 Y-0.2512
N25460 X-1.5837 Y0.5512
N25465 Y0.6559
N25470 X-1.5831 Y0.6908
N25475 X-1.5813 Y0.7256
N25480 X-1.5776 Y0.7603
N25485 X-1.5713 Y0.7946
N25490 X-1.5624 Y0.8283
N25495 X-1.5504 Y0.8611
N25500 X-1.5356 Y0.8927
N25505 X-1.5177 Y0.9226
N25510 X-1.4972 Y0.9509
N25515 X-1.4739 Y0.9768
N25520 X-1.4483 Y1.0005
N25525 X-1.4203 Y1.0214
N25530 X-1.3905 Y1.0395
N25535 X-1.359 Y1.0545
N25540 X-1.3261 Y1.0662
N25545 X-1.2924 Y1.075
N25550 X-1.258 Y1.0811
N25555 X-1.2234 Y1.0851
N25560 X-1.1886 Y1.0878
N25565 X-1.1537 Y1.0895
N25570 X-1.1189 Y1.0906
N25575 X-1.084 Y1.0913
N25580 X-1.0491 Y1.0918
N25585 X-1.0142 Y1.092
N25590 X-0.9793 Y1.0922
N25595 X-0.9445 Y1.0923
N25600 X-0.8747 Y1.0924
N25605 X-0.7002 Y1.0925
N25610 X-0.5607
N25615 X-0.5258 Y1.0922
N25620 X-0.491 Y1.0901
N25625 X-0.4566 Y1.0841
N25630 X-0.4233 Y1.0738
N25635 X-0.3918 Y1.0588
N25640 X-0.3634 Y1.0385
N25645 X-0.3388 Y1.0137
N25650 X-0.319 Y0.9851
N25655 X-0.304 Y0.9535
N25660 X-0.3009 Y0.9438
N25665 X-0.2961 Y0.9319
N25670 X-0.2896 Y0.9209
N25675 X-0.2816 Y0.911
N25680 X-0.2782 Y0.9074
N25685 X-0.2734 Y0.9017
N25690 X-0.2717 Y0.8995
N25695 X-0.2667 Y0.8916
N25700 X-0.2619 Y0.8836
N25705 X-0.2575 Y0.8753
N25710 X-0.2456 Y0.8519
N25715 X-0.2417 Y0.8429
N25720 X-0.2387 Y0.8361
N25725 X-0.236 Y0.8282
N25730 X-0.2338 Y0.8202
N25735 X-0.2321 Y0.8123
N25740 X-0.2308 Y0.8044
N25745 X-0.2283 Y0.7885
N25750 X-0.2272 Y0.7806
N25755 X-0.2251 Y0.7648
N25760 X-0.2246 Y0.7568
N25765 X-0.2245 Y0.741
N25770 G3 X-0.1998 Y0.7184 Z-0.2756 I0.0236 J0.001
N25775 G1 X-0.1973 Y0.7187
N25780 X-0.1948 Y0.7192
N25785 X0.2104 Y0.826
N25790 X0.217 Y0.8277 Z-0.277
N25795 X0.2264 Y0.8302 Z-0.2791
N25800 G3 X0.2417 Y0.8429 Z-0.2835 I-0.006 J0.0228
N25805 G1 X0.2456 Y0.8519
N25810 X0.2578 Y0.8757
N25815 X0.2619 Y0.8836
N25820 X0.2667 Y0.8916
N25825 X0.2717 Y0.8995
N25830 X0.2734 Y0.9017
N25835 X0.2782 Y0.9074
N25840 X0.2931 Y0.9233
N25845 X0.2972 Y0.9274
N25850 X0.3011 Y0.9312
N25855 X0.3174 Y0.947
N25860 X0.3209 Y0.9501
N25865 X0.3276 Y0.955
N25870 X0.3399 Y0.9629
N25875 X0.3413 Y0.9637
N25880 X0.3711 Y0.9819
N25885 X0.4023 Y0.9975
N25890 X0.4349 Y1.01
N25895 X0.4684 Y1.0197
N25900 X0.5025 Y1.0271
N25905 X0.5369 Y1.0325
N25910 X0.5716 Y1.0364
N25915 X0.6064 Y1.0392
N25920 X0.6412 Y1.0411
N25925 X0.6761 Y1.0425
N25930 X0.711 Y1.0434
N25935 X0.7458 Y1.044
N25940 X0.7807 Y1.0444
N25945 X0.8156 Y1.0447
N25950 X0.8505 Y1.0449
N25955 X0.8854 Y1.045
N25960 X0.9552 Y1.0452
N25965 X1.0598
N25970 X1.0947
N25975 X1.1296 Y1.0448
N25980 X1.1645 Y1.0438
N25985 X1.1992 Y1.0412
N25990 X1.2338 Y1.0366
N25995 X1.268 Y1.0295
N26000 X1.3014 Y1.0195
N26005 X1.3337 Y1.0063
N26010 X1.3645 Y0.9899
N26015 X1.3934 Y0.9704
N26020 X1.42 Y0.9478
N26025 X1.4439 Y0.9224
N26030 X1.4646 Y0.8943
N26035 X1.482 Y0.864
N26040 X1.496 Y0.8321
N26045 X1.5071 Y0.799
N26050 X1.5154 Y0.7651
N26055 X1.5216 Y0.7308
N26060 X1.5261 Y0.6962
N26065 X1.5293 Y0.6615
N26070 X1.5316 Y0.6267
N26075 X1.5331 Y0.5918
N26080 X1.5342 Y0.5569
N26085 X1.5349 Y0.5221
N26090 X1.5354 Y0.4872
N26095 X1.5358 Y0.4523
N26100 X1.536 Y0.4174
N26105 X1.5361 Y0.3825
N26110 X1.5363 Y0.3127
N26115 X1.5364 Y0.2081
N26120 Y0.1034
N26125 Y-0.5594
N26130 Y-0.5943
N26135 X1.5361 Y-0.6292
N26140 X1.5352 Y-0.6641
N26145 X1.5331 Y-0.6989
N26150 X1.5292 Y-0.7336
N26155 X1.5227 Y-0.7678
N26160 X1.5135 Y-0.8015
N26165 X1.5012 Y-0.8341
N26170 X1.4857 Y-0.8654
N26175 X1.467 Y-0.8948
N26180 X1.4452 Y-0.9221
N26185 X1.4204 Y-0.9466
N26190 X1.393 Y-0.9682
N26195 X1.3633 Y-0.9865
N26200 X1.3318 Y-1.0015
N26205 X1.299 Y-1.0134
N26210 X1.2653 Y-1.0224
N26215 X1.2311 Y-1.0291
N26220 X1.1965 Y-1.034
N26225 X1.1618 Y-1.0375
N26230 X1.127 Y-1.04
N26235 X1.0922 Y-1.0417
N26240 X1.0573 Y-1.0428
N26245 X1.0224 Y-1.0436
N26250 X0.9875 Y-1.0442
N26255 X0.9527 Y-1.0445
N26260 X0.9178 Y-1.0448
N26265 X0.8829 Y-1.045
N26270 X0.8131 Y-1.0451
N26275 X0.7085 Y-1.0452
N26280 X0.534 Y-1.0453
N26285 X-1.0708
N26290 X-1.1057 Y-1.0452
N26295 X-1.1405 Y-1.0446
N26300 X-1.1754 Y-1.0431
N26305 X-1.2101 Y-1.0399
N26310 X-1.2446 Y-1.0346
N26315 X-1.2786 Y-1.0266
N26320 X-1.3117 Y-1.0156
N26325 X-1.3436 Y-1.0014
N26330 X-1.3738 Y-0.9841
N26335 X-1.402 Y-0.9635
N26340 X-1.4278 Y-0.94
N26345 X-1.4507 Y-0.9137
N26350 X-1.4704 Y-0.8849
N26355 X-1.4867 Y-0.8541
N26360 X-1.4998 Y-0.8217
N26365 X-1.5099 Y-0.7884
N26370 X-1.5176 Y-0.7543
N26375 X-1.5232 Y-0.7199
N26380 X-1.5273 Y-0.6852
N26385 X-1.5301 Y-0.6505
N26390 X-1.5321 Y-0.6156
N26395 X-1.5335 Y-0.5808
N26400 X-1.5345 Y-0.5459
N26405 X-1.5351 Y-0.511
N26410 X-1.5356 Y-0.4761
N26415 X-1.5358 Y-0.4413
N26420 X-1.536 Y-0.4064
N26425 X-1.5362 Y-0.3715
N26430 X-1.5363 Y-0.3017
N26435 X-1.5364 Y-0.1622
N26440 Y0.5705
N26445 Y0.6053
N26450 X-1.5359 Y0.6402
N26455 X-1.5347 Y0.6751
N26460 X-1.5321 Y0.7099
N26465 X-1.5274 Y0.7445
N26470 X-1.5201 Y0.7786
N26475 X-1.5098 Y0.8119
N26480 X-1.4966 Y0.8442
N26485 X-1.4801 Y0.8749
N26490 X-1.4604 Y0.9037
N26495 X-1.4376 Y0.9301
N26500 X-1.412 Y0.9538
N26505 X-1.3838 Y0.9744
N26510 X-1.3535 Y0.9917
N26515 X-1.3215 Y1.0056
N26520 X-1.2884 Y1.0165
N26525 X-1.2545 Y1.0247
N26530 X-1.2201 Y1.0308
N26535 X-1.1855 Y1.0352
N26540 X-1.1508 Y1.0384
N26545 X-1.1159 Y1.0406
N26550 X-1.0811 Y1.0421
N26555 X-1.0462 Y1.0431
N26560 X-1.0113 Y1.0438
N26565 X-0.9765 Y1.0443
N26570 X-0.9416 Y1.0446
N26575 X-0.9067 Y1.0449
N26580 X-0.8718 Y1.045
N26585 X-0.802 Y1.0452
N26590 X-0.6625 Y1.0453
N26595 X-0.6276
N26600 X-0.5927 Y1.0452
N26605 X-0.5578 Y1.0442
N26610 X-0.5231 Y1.0409
N26615 X-0.489 Y1.0337
N26620 X-0.4565 Y1.021
N26625 X-0.427 Y1.0023
N26630 X-0.4187 Y0.9977
N26635 X-0.4099 Y0.994
N26640 X-0.4008 Y0.9912
N26645 X-0.4002 Y0.9911
N26650 X-0.3923 Y0.9885
N26655 X-0.3878 Y0.9867
N26660 X-0.3685 Y0.9777
N26665 X-0.3447 Y0.9655
N26670 X-0.3399 Y0.9629
N26675 X-0.3276 Y0.955
N26680 X-0.3209 Y0.9501
N26685 X-0.3174 Y0.947
N26690 X-0.3011 Y0.9312
N26695 X-0.2972 Y0.9274
N26700 X-0.2931 Y0.9233
N26705 X-0.2816 Y0.911
N26710 G3 X-0.2627 Y0.9043 Z-0.2791 I0.0166 J0.0168
N26715 G1 X-0.2532 Y0.9052 Z-0.277
N26720 X-0.2464 Y0.9058 Z-0.2756
N26725 X0.3048 Y0.9586
N26730 X0.3116 Y0.9593 Z-0.277
N26735 X0.333 Y0.9613 Z-0.2816
N26740 X0.3359 Y0.9618 Z-0.2822
N26745 X0.3387 Y0.9626 Z-0.2828
N26750 X0.3413 Y0.9637 Z-0.2835
N26755 X0.3447 Y0.9655
N26760 X0.3685 Y0.9777
N26765 X0.3878 Y0.9867
N26770 X0.3923 Y0.9885
N26775 X0.4002 Y0.9911
N26780 X0.4081 Y0.993
N26785 X0.416 Y0.9946
N26790 X0.4398 Y0.9984
N26795 X0.4557 Y1.0007
N26800 X0.4636 Y1.0016
N26805 X0.4873 Y1.002
N26810 X1.0658
N26815 X1.0896 Y1.0019
N26820 X1.0975 Y1.0015
N26825 X1.1054 Y1.0008
N26830 X1.1451 Y0.9963
N26835 X1.1609 Y0.9944
N26840 X1.1688 Y0.9935
N26845 X1.1702 Y0.9932
N26850 X1.2047 Y0.9882
N26855 X1.2388 Y0.9811
N26860 X1.2722 Y0.9708
N26865 X1.3042 Y0.957
N26870 X1.3345 Y0.9397
N26875 X1.3624 Y0.9187
N26880 X1.3873 Y0.8943
N26885 X1.4089 Y0.8669
N26890 X1.4271 Y0.8371
N26895 X1.442 Y0.8056
N26900 X1.4538 Y0.7728
N26905 X1.4552 Y0.7677
N26910 X1.4563 Y0.7641
N26915 X1.4576 Y0.7605
N26920 X1.459 Y0.7569
N26925 X1.462 Y0.7489
N26930 X1.4779 Y0.7036
N26935 X1.4786 Y0.7014
N26940 X1.4827 Y0.6855
N26945 X1.4846 Y0.6776
N26950 X1.4875 Y0.6538
N26955 X1.491 Y0.6221
N26960 X1.4926 Y0.6063
N26965 X1.4929 Y0.5983
N26970 X1.4931 Y0.5746
N26975 Y-0.5746
N26980 X1.4929 Y-0.5983
N26985 X1.4926 Y-0.6063
N26990 X1.491 Y-0.6221
N26995 X1.4875 Y-0.6538
N27000 X1.4846 Y-0.6776
N27005 X1.4843 Y-0.6789
N27010 X1.4832 Y-0.6847
N27015 X1.4783 Y-0.7193
N27020 X1.4706 Y-0.7533
N27025 X1.4598 Y-0.7865
N27030 X1.4455 Y-0.8183
N27035 X1.4275 Y-0.8482
N27040 X1.4059 Y-0.8756
N27045 X1.381 Y-0.9
N27050 X1.3533 Y-0.9211
N27055 X1.3232 Y-0.9388
N27060 X1.2914 Y-0.9531
N27065 X1.2584 Y-0.9645
N27070 X1.2569 Y-0.9649
N27075 X1.2537 Y-0.9658
N27080 X1.2505 Y-0.9669
N27085 X1.2474 Y-0.968
N27090 X1.2402 Y-0.9709
N27095 X1.1926 Y-0.9875
N27100 X1.1847 Y-0.9899
N27105 X1.1768 Y-0.9919
N27110 X1.1688 Y-0.9935
N27115 X1.153 Y-0.9954
N27120 X1.1371 Y-0.9972
N27125 X1.1054 Y-1.0008
N27130 X1.0975 Y-1.0015
N27135 X1.0896 Y-1.0019
N27140 X1.0658 Y-1.002
N27145 X-1.0658
N27150 X-1.0896 Y-1.0019
N27155 X-1.0975 Y-1.0015
N27160 X-1.1054 Y-1.0008
N27165 X-1.1451 Y-0.9963
N27170 X-1.1609 Y-0.9944
N27175 X-1.1688 Y-0.9935
N27180 X-1.1702 Y-0.9932
N27185 X-1.2047 Y-0.9882
N27190 X-1.2388 Y-0.981
N27195 X-1.2722 Y-0.9707
N27200 X-1.3042 Y-0.957
N27205 X-1.3345 Y-0.9396
N27210 X-1.3624 Y-0.9187
N27215 X-1.3873 Y-0.8943
N27220 X-1.4089 Y-0.8669
N27225 X-1.4271 Y-0.8371
N27230 X-1.442 Y-0.8055
N27235 X-1.4538 Y-0.7727
N27240 X-1.4552 Y-0.7678
N27245 X-1.4563 Y-0.7641
N27250 X-1.4576 Y-0.7605
N27255 X-1.459 Y-0.757
N27260 X-1.462 Y-0.7489
N27265 X-1.4779 Y-0.7036
N27270 X-1.4786 Y-0.7014
N27275 X-1.4827 Y-0.6855
N27280 X-1.4846 Y-0.6776
N27285 X-1.4875 Y-0.6538
N27290 X-1.491 Y-0.6221
N27295 X-1.4926 Y-0.6063
N27300 X-1.4929 Y-0.5983
N27305 X-1.4931 Y-0.5746
N27310 Y0.5746
N27315 X-1.4929 Y0.5983
N27320 X-1.4926 Y0.6063
N27325 X-1.491 Y0.6221
N27330 X-1.4875 Y0.6538
N27335 X-1.4846 Y0.6776
N27340 X-1.4843 Y0.6789
N27345 X-1.4832 Y0.6847
N27350 X-1.4783 Y0.7193
N27355 X-1.4706 Y0.7533
N27360 X-1.4598 Y0.7864
N27365 X-1.4454 Y0.8183
N27370 X-1.4275 Y0.8482
N27375 X-1.4059 Y0.8756
N27380 X-1.381 Y0.9
N27385 X-1.3532 Y0.9211
N27390 X-1.3231 Y0.9387
N27395 X-1.2913 Y0.9531
N27400 X-1.2583 Y0.9645
N27405 X-1.2543 Y0.9656
N27410 X-1.2511 Y0.9666
N27415 X-1.248 Y0.9678
N27420 X-1.2402 Y0.9709
N27425 X-1.1926 Y0.9875
N27430 X-1.1847 Y0.9899
N27435 X-1.1768 Y0.9919
N27440 X-1.1688 Y0.9935
N27445 X-1.153 Y0.9954
N27450 X-1.1371 Y0.9972
N27455 X-1.1054 Y1.0008
N27460 X-1.0975 Y1.0015
N27465 X-1.0896 Y1.0019
N27470 X-1.0658 Y1.002
N27475 X-0.4873
N27480 X-0.4636 Y1.0016
N27485 X-0.4557 Y1.0007
N27490 X-0.4398 Y0.9984
N27495 X-0.4159 Y0.9946
N27500 X-0.4081 Y0.993
N27505 X-0.4008 Y0.9912
N27510 G3 X-0.3749 Y1.0038 I0.0048 J0.0231
N27515 G1 X-0.3732 Y1.0071 Z-0.2832
N27520 X-0.3716 Y1.0103 Z-0.2823
N27525 X-0.3701 Y1.0133 Z-0.2809
N27530 X-0.3687 Y1.0162 Z-0.279
N27535 X-0.3674 Y1.0187 Z-0.2765
N27540 X-0.3663 Y1.0208 Z-0.2737
N27545 X-0.3654 Y1.0226 Z-0.2706
N27550 X-0.3648 Y1.0238 Z-0.2671
N27555 X-0.3644 Y1.0246 Z-0.2635
N27560 X-0.3643 Y1.0249 Z-0.2598
N27565 Z0.1969
N27570 X-1.5161 Y0.6351
N27575 Z-0.2362
N27580 Z-0.2598
N27585 X-1.5159 Y0.6353 Z-0.2635
N27590 X-1.5153 Y0.636 Z-0.2671
N27595 X-1.5143 Y0.637 Z-0.2706
N27600 X-1.5129 Y0.6384 Z-0.2737
N27605 X-1.5113 Y0.6401 Z-0.2765
N27610 X-1.5093 Y0.6421 Z-0.279
N27615 X-1.5071 Y0.6444 Z-0.2809
N27620 X-1.5047 Y0.6468 Z-0.2823
N27625 X-1.5022 Y0.6494 Z-0.2832
N27630 X-1.4996 Y0.6521 Z-0.2835
N27635 G3 X-1.4843 Y0.6789 I-0.0447 J0.0434
N27640 G1 X-1.4827 Y0.6855
N27645 X-1.4786 Y0.7014
N27650 X-1.4779 Y0.7036
N27655 X-1.462 Y0.7489
N27660 X-1.459 Y0.7568
N27665 X-1.4523 Y0.7727
N27670 X-1.4484 Y0.7806
N27675 X-1.4437 Y0.7885
N27680 X-1.4383 Y0.7973
N27685 X-1.4189 Y0.8282
N27690 X-1.4145 Y0.8349
N27695 X-1.4024 Y0.8519
N27700 X-1.3986 Y0.856
N27705 X-1.395 Y0.8599
N27710 X-1.3907 Y0.8644
N27715 X-1.3556 Y0.8995
N27720 X-1.3511 Y0.9039
N27725 X-1.3432 Y0.9111
N27730 X-1.3374 Y0.9153
N27735 X-1.326 Y0.9233
N27740 X-1.3194 Y0.9277
N27745 X-1.2798 Y0.9525
N27750 X-1.2719 Y0.9572
N27755 X-1.2639 Y0.9613
N27760 X-1.248 Y0.9678
N27765 G3 X-1.234 Y0.9929 I-0.0094 J0.0217
N27770 G1 X-1.2345 Y0.9966 Z-0.2832
N27775 X-1.235 Y1.0001 Z-0.2823
N27780 X-1.2355 Y1.0035 Z-0.2809
N27785 X-1.236 Y1.0067 Z-0.279
N27790 X-1.2364 Y1.0094 Z-0.2765
N27795 X-1.2368 Y1.0118 Z-0.2737
N27800 X-1.237 Y1.0137 Z-0.2706
N27805 X-1.2372 Y1.0151 Z-0.2671
N27810 X-1.2374 Y1.016 Z-0.2635
N27815 Y1.0163 Z-0.2598
N27820 Z0.1969
N27825 X-1.1252 Y-1.0233
N27830 Z-0.2362
N27835 Z-0.2598
N27840 X-1.1254 Y-1.0231 Z-0.2635
N27845 X-1.126 Y-1.0225 Z-0.2671
N27850 X-1.1271 Y-1.0216 Z-0.2706
N27855 X-1.1285 Y-1.0203 Z-0.2737
N27860 X-1.1303 Y-1.0187 Z-0.2765
N27865 X-1.1324 Y-1.0168 Z-0.279
N27870 X-1.1348 Y-1.0147 Z-0.2809
N27875 X-1.1373 Y-1.0124 Z-0.2823
N27880 X-1.14 Y-1.01 Z-0.2832
N27885 X-1.1427 Y-1.0075 Z-0.2835
N27890 G3 X-1.1702 Y-0.9932 I-0.0416 J-0.0464
N27895 G1 X-1.1768 Y-0.9919
N27900 X-1.1847 Y-0.9899
N27905 X-1.1926 Y-0.9875
N27910 X-1.2403 Y-0.9708
N27915 X-1.2481 Y-0.9678
N27920 X-1.2639 Y-0.9613
N27925 X-1.2719 Y-0.9572
N27930 X-1.2798 Y-0.9525
N27935 X-1.3194 Y-0.9277
N27940 X-1.3273 Y-0.9223
N27945 X-1.3374 Y-0.9153
N27950 X-1.3432 Y-0.9111
N27955 X-1.3511 Y-0.9039
N27960 X-1.3556 Y-0.8995
N27965 X-1.3907 Y-0.8644
N27970 X-1.395 Y-0.8599
N27975 X-1.3986 Y-0.856
N27980 X-1.4024 Y-0.8519
N27985 X-1.4145 Y-0.8349
N27990 X-1.4189 Y-0.8282
N27995 X-1.4388 Y-0.7965
N28000 X-1.4437 Y-0.7885
N28005 X-1.4484 Y-0.7806
N28010 X-1.4523 Y-0.7727
N28015 X-1.459 Y-0.757
N28020 G3 X-1.4845 Y-0.7437 I-0.0214 J-0.01
N28025 G1 X-1.4881 Y-0.7443 Z-0.2832
N28030 X-1.4917 Y-0.745 Z-0.2823
N28035 X-1.495 Y-0.7455 Z-0.2809
N28040 X-1.4981 Y-0.7461 Z-0.279
N28045 X-1.5009 Y-0.7466 Z-0.2765
N28050 X-1.5033 Y-0.747 Z-0.2737
N28055 X-1.5052 Y-0.7473 Z-0.2706
N28060 X-1.5066 Y-0.7476 Z-0.2671
N28065 X-1.5074 Y-0.7477 Z-0.2635
N28070 X-1.5077 Y-0.7478 Z-0.2598
N28075 Z0.1969
N28080 X1.5161 Y-0.6351
N28085 Z-0.2362
N28090 Z-0.2598
N28095 X1.5159 Y-0.6353 Z-0.2635
N28100 X1.5153 Y-0.636 Z-0.2671
N28105 X1.5143 Y-0.637 Z-0.2706
N28110 X1.5129 Y-0.6384 Z-0.2737
N28115 X1.5113 Y-0.6401 Z-0.2765
N28120 X1.5093 Y-0.6421 Z-0.279
N28125 X1.5071 Y-0.6444 Z-0.2809
N28130 X1.5047 Y-0.6468 Z-0.2823
N28135 X1.5022 Y-0.6494 Z-0.2832
N28140 X1.4996 Y-0.6521 Z-0.2835
N28145 G3 X1.4843 Y-0.6789 I0.0447 J-0.0434
N28150 G1 X1.4827 Y-0.6855
N28155 X1.4786 Y-0.7014
N28160 X1.4779 Y-0.7036
N28165 X1.462 Y-0.7489
N28170 X1.459 Y-0.7568
N28175 X1.4523 Y-0.7727
N28180 X1.4484 Y-0.7806
N28185 X1.4437 Y-0.7885
N28190 X1.4383 Y-0.7973
N28195 X1.4189 Y-0.8282
N28200 X1.4145 Y-0.8349
N28205 X1.4024 Y-0.8519
N28210 X1.3986 Y-0.856
N28215 X1.395 Y-0.8599
N28220 X1.3907 Y-0.8644
N28225 X1.3556 Y-0.8995
N28230 X1.3511 Y-0.9039
N28235 X1.3432 Y-0.9111
N28240 X1.3374 Y-0.9153
N28245 X1.326 Y-0.9233
N28250 X1.3194 Y-0.9277
N28255 X1.2798 Y-0.9525
N28260 X1.2719 Y-0.9572
N28265 X1.2639 Y-0.9613
N28270 X1.2474 Y-0.968
N28275 G3 X1.2334 Y-0.9932 I0.0094 J-0.0217
N28280 G1 X1.2339 Y-0.9968 Z-0.2832
N28285 X1.2344 Y-1.0004 Z-0.2823
N28290 X1.2349 Y-1.0038 Z-0.2809
N28295 X1.2354 Y-1.0069 Z-0.279
N28300 X1.2358 Y-1.0097 Z-0.2765
N28305 X1.2361 Y-1.0121 Z-0.2737
N28310 X1.2364 Y-1.014 Z-0.2706
N28315 X1.2366 Y-1.0154 Z-0.2671
N28320 X1.2368 Y-1.0162 Z-0.2635
N28325 Y-1.0165 Z-0.2598
N28330 Z0.1969
N28335 X1.1252 Y1.0233
N28340 Z-0.2362
N28345 Z-0.2598
N28350 X1.1254 Y1.0231 Z-0.2635
N28355 X1.126 Y1.0225 Z-0.2671
N28360 X1.1271 Y1.0216 Z-0.2706
N28365 X1.1285 Y1.0203 Z-0.2737
N28370 X1.1303 Y1.0187 Z-0.2765
N28375 X1.1324 Y1.0168 Z-0.279
N28380 X1.1348 Y1.0147 Z-0.2809
N28385 X1.1373 Y1.0124 Z-0.2823
N28390 X1.14 Y1.01 Z-0.2832
N28395 X1.1427 Y1.0075 Z-0.2835
N28400 G3 X1.1702 Y0.9932 I0.0416 J0.0464
N28405 G1 X1.1768 Y0.9919
N28410 X1.1847 Y0.9899
N28415 X1.1926 Y0.9875
N28420 X1.2403 Y0.9708
N28425 X1.2481 Y0.9678
N28430 X1.2639 Y0.9613
N28435 X1.2719 Y0.9572
N28440 X1.2798 Y0.9525
N28445 X1.3194 Y0.9277
N28450 X1.3273 Y0.9223
N28455 X1.3374 Y0.9153
N28460 X1.3432 Y0.9111
N28465 X1.3511 Y0.9039
N28470 X1.3556 Y0.8995
N28475 X1.3907 Y0.8644
N28480 X1.395 Y0.8599
N28485 X1.3986 Y0.856
N28490 X1.4024 Y0.8519
N28495 X1.4145 Y0.8349
N28500 X1.4189 Y0.8282
N28505 X1.4388 Y0.7965
N28510 X1.4437 Y0.7885
N28515 X1.4484 Y0.7806
N28520 X1.4523 Y0.7727
N28525 X1.459 Y0.7569
N28530 X1.4608 Y0.7538
N28535 X1.463 Y0.7509
N28540 X1.4654 Y0.7492 Z-0.2833
N28545 X1.4676 Y0.7474 Z-0.2827
N28550 X1.4699 Y0.7458 Z-0.2818
N28555 X1.4729 Y0.7449 Z-0.2803
N28560 X1.4756 Y0.7441 Z-0.2784
N28565 X1.4781 Y0.7434 Z-0.2761
N28570 X1.4804 Y0.7433 Z-0.2731
N28575 X1.4822 Y0.7434 Z-0.2701
N28580 X1.4834 Y0.7436 Z-0.2668
N28585 X1.4842 Z-0.2634
N28590 X1.4845 Z-0.2598
N28595 Z0.1969
N28600 X-1.5293 Y-1.32
N28605 Z-0.4094
N28610 Z-0.4331
N28615 X-1.5292 Y-1.3197 Z-0.4368
N28620 X-1.529 Y-1.3189 Z-0.4404
N28625 X-1.5286 Y-1.3175 Z-0.4438
N28630 X-1.5282 Y-1.3156 Z-0.447
N28635 X-1.5276 Y-1.3133 Z-0.4498
N28640 X-1.5269 Y-1.3106 Z-0.4522
N28645 X-1.5261 Y-1.3075 Z-0.4541
N28650 X-1.5252 Y-1.3042 Z-0.4555
N28655 X-1.5243 Y-1.3007 Z-0.4564
N28660 X-1.5234 Y-1.2971 Z-0.4567
N28665 G3 X-1.5049 Y-1.1685 I-0.5842 J0.1496
N28670 G1 Y-1.1657
N28675 X-1.5089 Y-1.1614
N28680 X-1.5363 Y-1.1398
N28685 X-1.558 Y-1.1125
N28690 X-1.5743 Y-1.0816
N28695 X-1.586 Y-1.0487
N28700 X-1.5942 Y-1.0148
N28705 X-1.5998 Y-0.9804
N28710 X-1.6035 Y-0.9457
N28715 X-1.6059 Y-0.9109
N28720 X-1.6075 Y-0.8761
N28725 X-1.6083 Y-0.8676
N28730 X-1.6099 Y-0.8592
N28735 X-1.6123 Y-0.8511
N28740 X-1.6174 Y-0.8361
N28745 X-1.6194 Y-0.8282
N28750 X-1.6229 Y-0.8123
N28755 X-1.6285 Y-0.7633
N28760 X-1.6291 Y-0.7568
N28765 X-1.6304 Y-0.741
N28770 X-1.6309 Y-0.7331
N28775 Y0.7331
N28780 X-1.6304 Y0.741
N28785 X-1.6291 Y0.7568
N28790 X-1.6283 Y0.7648
N28795 X-1.6229 Y0.8123
N28800 X-1.6226 Y0.8136
N28805 X-1.6207 Y0.8249
N28810 X-1.6167 Y0.8595
N28815 X-1.6142 Y0.8943
N28820 X-1.6127 Y0.9292
N28825 X-1.6118 Y0.9641
N28830 X-1.6095 Y0.9813
N28835 X-1.5983 Y1.0144
N28840 X-1.5776 Y1.0425
N28845 X-1.5507 Y1.0647
N28850 X-1.5202 Y1.0816
N28855 X-1.4875 Y1.0938
N28860 X-1.4537 Y1.1023
N28865 X-1.4193 Y1.1082
N28870 X-1.3846 Y1.112
N28875 X-1.3754 Y1.1127
N28880 X-1.3679 Y1.1136
N28885 X-1.3604 Y1.1151
N28890 X-1.3531 Y1.1173
N28895 X-1.3353 Y1.1235
N28900 X-1.3273 Y1.1262
N28905 X-1.3194 Y1.1283
N28910 X-1.3036 Y1.1315
N28915 X-1.2956 Y1.1327
N28920 X-1.255 Y1.1373
N28925 X-1.2481 Y1.138
N28930 X-1.2243 Y1.1397
N28935 X-1.2085 Y1.1398
N28940 X-0.4873
N28945 X-0.4636 Y1.1394
N28950 X-0.4557 Y1.1384
N28955 X-0.4398 Y1.1362
N28960 X-0.424 Y1.1337
N28965 X-0.416 Y1.1324
N28970 X-0.3888 Y1.1283
N28975 X-0.3541 Y1.1248
N28980 X-0.3193 Y1.1226
N28985 X-0.2844 Y1.1213
N28990 X-0.2495 Y1.1205
N28995 X-0.2147 Y1.12
N29000 X-0.1798 Y1.1197
N29005 X-0.1449 Y1.1195
N29010 X-0.11 Y1.1193
N29015 X-0.0402 Y1.1192
N29020 X0.0993 Y1.1191
N29025 X0.3579
N29030 X0.3697 Y1.1199
N29035 X0.3812 Y1.1223
N29040 X0.3923 Y1.1263
N29045 X0.4016 Y1.1293
N29050 X0.4081 Y1.1308
N29055 X0.416 Y1.1324
N29060 X0.4319 Y1.135
N29065 X0.4398 Y1.1362
N29070 X0.4557 Y1.1384
N29075 X0.4636 Y1.1394
N29080 X0.4873 Y1.1398
N29085 X1.2164
N29090 X1.2243 Y1.1397
N29095 X1.2481 Y1.138
N29100 X1.2639 Y1.1362
N29105 X1.2956 Y1.1327
N29110 X1.3036 Y1.1315
N29115 X1.3255 Y1.1282
N29120 X1.3602 Y1.1247
N29125 X1.395 Y1.1226
N29130 X1.4299 Y1.1213
N29135 X1.4648 Y1.1205
N29140 X1.4986 Y1.1121
N29145 X1.5279 Y1.0931
N29150 X1.5514 Y1.0673
N29155 X1.5694 Y1.0374
N29160 X1.5826 Y1.0051
N29165 X1.5918 Y0.9715
N29170 X1.5982 Y0.9372
N29175 X1.6024 Y0.9026
N29180 X1.604 Y0.8834
N29185 X1.6049 Y0.8761
N29190 X1.6064 Y0.8688
N29195 X1.6086 Y0.8618
N29200 X1.6174 Y0.8361
N29205 X1.6194 Y0.8282
N29210 X1.6229 Y0.8123
N29215 X1.6285 Y0.7633
N29220 X1.6291 Y0.7568
N29225 X1.6304 Y0.741
N29230 X1.6309 Y0.7331
N29235 Y-0.7331
N29240 X1.6304 Y-0.741
N29245 X1.6291 Y-0.7568
N29250 X1.6283 Y-0.7648
N29255 X1.6229 Y-0.8123
N29260 X1.6226 Y-0.8136
N29265 X1.6208 Y-0.8248
N29270 X1.6167 Y-0.8595
N29275 X1.6142 Y-0.8943
N29280 X1.6127 Y-0.9291
N29285 X1.6118 Y-0.964
N29290 X1.6095 Y-0.9813
N29295 X1.5984 Y-1.0144
N29300 X1.5776 Y-1.0424
N29305 X1.5508 Y-1.0647
N29310 X1.5202 Y-1.0815
N29315 X1.4875 Y-1.0938
N29320 X1.4537 Y-1.1023
N29325 X1.4193 Y-1.1081
N29330 X1.3847 Y-1.112
N29335 X1.3754 Y-1.1127
N29340 X1.3679 Y-1.1136
N29345 X1.3604 Y-1.1151
N29350 X1.3531 Y-1.1173
N29355 X1.3353 Y-1.1235
N29360 X1.3273 Y-1.1262
N29365 X1.3194 Y-1.1283
N29370 X1.3036 Y-1.1315
N29375 X1.2956 Y-1.1327
N29380 X1.255 Y-1.1373
N29385 X1.2481 Y-1.138
N29390 X1.2243 Y-1.1397
N29395 X1.2085 Y-1.1398
N29400 X-1.2164
N29405 X-1.2243 Y-1.1397
N29410 X-1.2481 Y-1.138
N29415 X-1.2639 Y-1.1362
N29420 X-1.2956 Y-1.1327
N29425 X-1.3036 Y-1.1315
N29430 X-1.3255 Y-1.1282
N29435 X-1.3602 Y-1.1247
N29440 X-1.395 Y-1.1226
N29445 X-1.4287 Y-1.1134
N29450 X-1.4589 Y-1.096
N29455 X-1.4845 Y-1.0723
N29460 X-1.5053 Y-1.0443
N29465 X-1.5211 Y-1.0141
N29470 X-1.5249 Y-1.0076
N29475 X-1.5291 Y-1.0015
N29480 X-1.534 Y-0.9958
N29485 G3 X-1.5624 Y-0.9918 I-0.0169 J-0.0166
N29490 G1 X-1.5657 Y-0.9936 Z-0.4564
N29495 X-1.5688 Y-0.9954 Z-0.4555
N29500 X-1.5718 Y-0.9971 Z-0.4541
N29505 X-1.5745 Y-0.9986 Z-0.4522
N29510 X-1.577 Y-1. Z-0.4498
N29515 X-1.5791 Y-1.0012 Z-0.447
N29520 X-1.5808 Y-1.0021 Z-0.4438
N29525 X-1.582 Y-1.0028 Z-0.4404
N29530 X-1.5827 Y-1.0033 Z-0.4368
N29535 X-1.583 Y-1.0034 Z-0.4331
N29540 Z0.1969
N29545 X-1.2587 Y-1.1617
N29550 Z-0.4094
N29555 Z-0.4331
N29560 X-1.2589 Y-1.1615 Z-0.4368
N29565 X-1.2595 Y-1.1609 Z-0.4404
N29570 X-1.2606 Y-1.16 Z-0.4438
N29575 X-1.262 Y-1.1587 Z-0.447
N29580 X-1.2638 Y-1.1571 Z-0.4498
N29585 X-1.2659 Y-1.1552 Z-0.4522
N29590 X-1.2682 Y-1.1531 Z-0.4541
N29595 X-1.2708 Y-1.1508 Z-0.4555
N29600 X-1.2735 Y-1.1483 Z-0.4564
N29605 X-1.2762 Y-1.1459 Z-0.4567
N29610 G3 X-1.3036 Y-1.1315 I-0.0418 J-0.0462
N29615 G1 X-1.3194 Y-1.1283
N29620 X-1.3273 Y-1.1262
N29625 X-1.3511 Y-1.118
N29630 X-1.3749 Y-1.1097
N29635 X-1.3828 Y-1.1069
N29640 X-1.3986 Y-1.1008
N29645 X-1.4066 Y-1.0963
N29650 X-1.4224 Y-1.0873
N29655 X-1.4312 Y-1.0818
N29660 X-1.462 Y-1.0624
N29665 X-1.469 Y-1.058
N29670 X-1.47 Y-1.0573
N29675 X-1.4779 Y-1.0509
N29680 X-1.4964 Y-1.0342
N29685 X-1.5202 Y-1.0105
N29690 X-1.5254 Y-1.0051
N29695 X-1.5423 Y-0.9867
N29700 X-1.5457 Y-0.9827
N29705 X-1.5485 Y-0.9788
N29710 X-1.5586 Y-0.9629
N29715 X-1.5735 Y-0.9391
N29720 X-1.5784 Y-0.9312
N29725 X-1.5888 Y-0.9132
N29730 X-1.5918 Y-0.9074
N29735 X-1.5968 Y-0.8952
N29740 X-1.5981 Y-0.8916
N29745 X-1.6092 Y-0.8599
N29750 X-1.6123 Y-0.8511
N29755 G3 X-1.6368 Y-0.8361 I-0.022 J-0.0085
N29760 G1 X-1.6405 Y-0.8365 Z-0.4564
N29765 X-1.6441 Y-0.8368 Z-0.4555
N29770 X-1.6475 Y-0.8372 Z-0.4541
N29775 X-1.6506 Y-0.8375 Z-0.4522
N29780 X-1.6534 Y-0.8378 Z-0.4498
N29785 X-1.6558 Y-0.8381 Z-0.447
N29790 X-1.6577 Y-0.8383 Z-0.4438
N29795 X-1.6592 Y-0.8384 Z-0.4404
N29800 X-1.66 Y-0.8385 Z-0.4368
N29805 X-1.6603 Y-0.8386 Z-0.4331
N29810 Z0.1969
N29815 X-1.6536 Y0.7693
N29820 Z-0.4094
N29825 Z-0.4331
N29830 X-1.6534 Y0.7695 Z-0.4368
N29835 X-1.6528 Y0.7701 Z-0.4404
N29840 X-1.6518 Y0.7711 Z-0.4438
N29845 X-1.6505 Y0.7726 Z-0.447
N29850 X-1.6489 Y0.7743 Z-0.4498
N29855 X-1.647 Y0.7764 Z-0.4522
N29860 X-1.6448 Y0.7787 Z-0.4541
N29865 X-1.6425 Y0.7812 Z-0.4555
N29870 X-1.64 Y0.7838 Z-0.4564
N29875 X-1.6375 Y0.7865 Z-0.4567
N29880 G3 X-1.6226 Y0.8136 I-0.0455 J0.0425
N29885 G1 X-1.6194 Y0.8282
N29890 X-1.6174 Y0.8361
N29895 X-1.6092 Y0.8599
N29900 X-1.5981 Y0.8916
N29905 X-1.5968 Y0.8952
N29910 X-1.5918 Y0.9074
N29915 X-1.5888 Y0.9132
N29920 X-1.5728 Y0.9442
N29925 X-1.5575 Y0.9649
N29930 X-1.5563 Y0.9666
N29935 X-1.5552 Y0.9682
N29940 X-1.5541 Y0.9699
N29945 G3 X-1.5508 Y0.9819 Z-0.454 I-0.0204 J0.012
N29950 X-1.5625 Y1.0022 Z-0.4488 I-0.0236 J0.
N29955 X-1.5946 Y0.9942 I-0.012 J-0.0203
N29960 G1 X-1.629 Y0.9382
N29965 G3 X-1.6214 Y0.9058 I0.0201 J-0.0123
N29970 X-1.5888 Y0.9132 Z-0.4567 I0.0126 J0.02
N29975 G1 X-1.5784 Y0.9312
N29980 X-1.573 Y0.94
N29985 X-1.5586 Y0.9629
N29990 X-1.5485 Y0.9788
N29995 X-1.5457 Y0.9827
N30000 X-1.5423 Y0.9867
N30005 X-1.5254 Y1.0051
N30010 X-1.5202 Y1.0105
N30015 X-1.4964 Y1.0342
N30020 X-1.4779 Y1.0509
N30025 X-1.47 Y1.0573
N30030 X-1.469 Y1.058
N30035 X-1.4383 Y1.0774
N30040 X-1.4303 Y1.0823
N30045 X-1.4224 Y1.0873
N30050 X-1.4043 Y1.0976
N30055 X-1.3986 Y1.1008
N30060 X-1.3828 Y1.1069
N30065 X-1.3749 Y1.1097
N30070 X-1.3531 Y1.1173
N30075 G3 X-1.3441 Y1.1236 Z-0.4543 I-0.0086 J0.022
N30080 G2 X-1.3264 Y1.1426 Z-0.4488 I0.4654 J-0.4148
N30085 X-1.2209 Y1.2299 I0.4477 J-0.4338
N30090 X-1.2083 Y1.2338 I0.013 J-0.0197
N30095 G1 X-0.5671 Y1.2446
N30100 G2 X-0.5544 Y1.2412 I0.0004 J-0.0236
N30105 X-0.4442 Y1.1558 I-0.3244 J-0.5324
N30110 X-0.4276 Y1.1391 Z-0.4538 I-0.4345 J-0.447
N30115 G3 X-0.416 Y1.1324 Z-0.4567 I0.0171 J0.0163
N30120 G1 X-0.4081 Y1.1308
N30125 X-0.4016 Y1.1293
N30130 X-0.3923 Y1.1263
N30135 X-0.3843 Y1.1228
N30140 X-0.3685 Y1.1154
N30145 X-0.3645 Y1.1135
N30150 X-0.3526 Y1.1074
N30155 X-0.3446 Y1.1038
N30160 X-0.3359 Y1.1003
N30165 X-0.3249 Y1.0966
N30170 X-0.3114 Y1.0927
N30175 X-0.2939 Y1.0886
N30180 X-0.2708 Y1.0844
N30185 X-0.2377 Y1.0799
N30190 X-0.2029 Y1.077
N30195 X-0.1681 Y1.0752
N30200 X-0.1332 Y1.074
N30205 X-0.0983 Y1.0732
N30210 X-0.0634 Y1.0727
N30215 X-0.0285 Y1.0724
N30220 X0.0063 Y1.0722
N30225 X0.0412 Y1.0721
N30230 X0.111 Y1.072
N30235 X0.2506 Y1.0719
N30240 X0.2708
N30245 X0.2849 Y1.073
N30250 X0.2987 Y1.0765
N30255 X0.3117 Y1.0821
N30260 X0.3236 Y1.0898
N30265 X0.3289 Y1.0939
N30270 X0.3348 Y1.0976
N30275 X0.3368 Y1.0989
N30280 X0.3447 Y1.1033
N30285 X0.3645 Y1.1135
N30290 X0.3685 Y1.1154
N30295 X0.3843 Y1.1228
N30300 X0.3923 Y1.1263
N30305 G3 X0.4044 Y1.1574 Z-0.4488 I-0.0095 J0.0216
N30310 X0.3825 Y1.1716 I-0.0216 J-0.0095
N30315 G1 X-0.3552 Y1.1649
N30320 G3 X-0.3775 Y1.134 I0.0002 J-0.0236
N30325 G1 X-0.3764 Y1.1313 Z-0.4494
N30330 X-0.375 Y1.1287 Z-0.4501
N30335 X-0.3745 Y1.1279 Z-0.4503
N30340 G3 X-0.3526 Y1.1074 Z-0.4567 I0.0523 J0.0339
N30345 G1 X-0.3447 Y1.1033
N30350 X-0.3368 Y1.0989
N30355 X-0.3348 Y1.0976
N30360 X-0.3289 Y1.0939
N30365 X-0.3209 Y1.0878
N30370 X-0.3141 Y1.0818
N30375 X-0.3097 Y1.0779
N30380 X-0.3048 Y1.0745
N30385 X-0.2991 Y1.0709
N30390 X-0.2929 Y1.0674
N30395 X-0.2855 Y1.0637
N30400 X-0.2762 Y1.0595
N30405 X-0.2657 Y1.0555
N30410 X-0.2526 Y1.0511
N30415 X-0.2366 Y1.0467
N30420 X-0.216 Y1.042
N30425 X-0.1892 Y1.0373
N30430 X-0.1546 Y1.033
N30435 X-0.1198 Y1.0301
N30440 X-0.085 Y1.0283
N30445 X-0.0501 Y1.027
N30450 X-0.0153 Y1.0262
N30455 X0.0196 Y1.0257
N30460 X0.0545 Y1.0253
N30465 X0.0894 Y1.0251
N30470 X0.1243 Y1.0249
N30475 X0.194 Y1.0248
N30480 X0.2208 Y1.025
N30485 X0.2267 Y1.0254
N30490 X0.2424 Y1.0278
N30495 X0.2574 Y1.033
N30500 X0.2712 Y1.0409
N30505 X0.2834 Y1.0512
N30510 X0.2901 Y1.058
N30515 X0.2979 Y1.0659
N30520 X0.3058 Y1.0739
N30525 X0.3141 Y1.0818
N30530 X0.3209 Y1.0878
N30535 X0.3236 Y1.0898
N30540 G3 X0.3268 Y1.1231 Z-0.4488 I-0.015 J0.0182
N30545 X0.3082 Y1.1317 I-0.0182 J-0.015
N30550 G1 X-0.2976 Y1.1219
N30555 G3 X-0.3138 Y1.1152 I0.0004 J-0.0236
N30560 X-0.3141 Y1.0818 Z-0.4567 I0.0165 J-0.0169
N30565 G1 X-0.3058 Y1.0739
N30570 X-0.2972 Y1.0652
N30575 X-0.2892 Y1.0572
N30580 X-0.2813 Y1.0491
N30585 X-0.2772 Y1.0449
N30590 X-0.2727 Y1.041
N30595 X-0.2681 Y1.0373
N30600 X-0.2627 Y1.0335
N30605 X-0.256 Y1.0293
N30610 X-0.2489 Y1.0252
N30615 X-0.2402 Y1.0208
N30620 X-0.2293 Y1.0159
N30625 X-0.2178 Y1.0114
N30630 X-0.203 Y1.0064
N30635 X-0.1858 Y1.0016
N30640 X-0.1637 Y0.9965
N30645 X-0.1351 Y0.9913
N30650 X-0.1005 Y0.9869
N30655 X-0.0657 Y0.9838
N30660 X-0.0309 Y0.9818
N30665 X0.004 Y0.9804
N30670 X0.0388 Y0.9794
N30675 X0.0737 Y0.9788
N30680 X0.1086 Y0.9783
N30685 X0.1435 Y0.978
N30690 X0.171 Y0.9782
N30695 X0.1863 Y0.9791
N30700 X0.2014 Y0.9807
N30705 X0.2164 Y0.9844
N30710 X0.2306 Y0.9908
N30715 X0.2434 Y0.9996
N30720 X0.2544 Y1.0105
N30725 X0.2633 Y1.0233
N30730 X0.2696 Y1.0342
N30735 X0.2734 Y1.0394
N30740 X0.2813 Y1.0491
N30745 X0.2834 Y1.0512
N30750 G3 X0.2819 Y1.0846 Z-0.4488 I-0.0174 J0.0159
N30755 X0.2658 Y1.0908 I-0.016 J-0.0174
N30760 G1 X-0.2627 Y1.0871
N30765 G3 X-0.277 Y1.0822 I0.0002 J-0.0236
N30770 X-0.2813 Y1.0491 Z-0.4567 I0.0144 J-0.0187
N30775 G1 X-0.2734 Y1.0394
N30780 X-0.2696 Y1.0342
N30785 X-0.2637 Y1.0239
N30790 X-0.2605 Y1.0189
N30795 X-0.2569 Y1.0142
N30800 X-0.253 Y1.0098
N30805 X-0.2488 Y1.0057
N30810 X-0.2441 Y1.0015
N30815 X-0.2391 Y0.9975
N30820 X-0.2329 Y0.993
N30825 X-0.2259 Y0.9884
N30830 X-0.2178 Y0.9837
N30835 X-0.2078 Y0.9784
N30840 X-0.1973 Y0.9736
N30845 X-0.1838 Y0.9681
N30850 X-0.1688 Y0.9629
N30855 X-0.15 Y0.9573
N30860 X-0.1281 Y0.952
N30865 X-0.0995 Y0.9465
N30870 X-0.065 Y0.9415
N30875 X-0.0302 Y0.9381
N30880 X0.0046 Y0.9357
N30885 X0.0394 Y0.934
N30890 X0.0743 Y0.9328
N30895 X0.1092 Y0.9322
N30900 X0.136 Y0.9324
N30905 X0.1546 Y0.9335
N30910 X0.1667 Y0.9348
N30915 X0.1794 Y0.9368
N30920 X0.1828 Y0.9375
N30925 X0.1958 Y0.9413
N30930 X0.208 Y0.947
N30935 X0.2192 Y0.9546
N30940 X0.2291 Y0.9638
N30945 X0.2374 Y0.9745
N30950 X0.244 Y0.9863
N30955 X0.2481 Y0.9946
N30960 X0.2575 Y1.0131
N30965 X0.2633 Y1.0233
N30970 G3 X0.2535 Y1.0552 Z-0.4488 I-0.0209 J0.011
N30975 X0.2425 Y1.0579 I-0.011 J-0.0209
N30980 G1 X-0.2428 Y1.0585
N30985 G3 X-0.2538 Y1.0558 I0. J-0.0236
N30990 X-0.2637 Y1.0239 Z-0.4567 I0.011 J-0.0209
N30995 G1 X-0.2575 Y1.0131
N31000 X-0.2481 Y0.9946
N31005 X-0.2469 Y0.9922
N31010 X-0.244 Y0.9871
N31015 X-0.2409 Y0.9821
N31020 X-0.2373 Y0.9773
N31025 X-0.2335 Y0.9728
N31030 X-0.2294 Y0.9686
N31035 X-0.2248 Y0.9642
N31040 X-0.2195 Y0.9596
N31045 X-0.2132 Y0.9547
N31050 X-0.2062 Y0.9497
N31055 X-0.1977 Y0.9443
N31060 X-0.1886 Y0.9392
N31065 X-0.1771 Y0.9333
N31070 X-0.165 Y0.9279
N31075 X-0.1494 Y0.9218
N31080 X-0.1325 Y0.9162
N31085 X-0.1111 Y0.9102
N31090 X-0.0854 Y0.9043
N31095 X-0.0525 Y0.8984
N31100 X-0.0179 Y0.894
N31105 X0.0168 Y0.8908
N31110 X0.0516 Y0.8886
N31115 X0.0865 Y0.8874
N31120 X0.1119 Y0.8877
N31125 X0.1297 Y0.8888
N31130 X0.1432 Y0.8903
N31135 X0.1556 Y0.8923
N31140 X0.1655 Y0.8943
N31145 X0.1751 Y0.8968
N31150 X0.1762 Y0.8972
N31155 X0.1903 Y0.903
N31160 X0.2031 Y0.9112
N31165 X0.2143 Y0.9216
N31170 X0.2236 Y0.9337
N31175 X0.2305 Y0.9473
N31180 X0.235 Y0.9619
N31185 G3 X0.2158 Y0.9892 Z-0.4488 I-0.0233 J0.0041
N31190 G1 X0.2136 Y0.9895
N31195 X-0.2235 Y1.0255
N31200 G3 X-0.2352 Y1.0235 I-0.0019 J-0.0235
N31205 X-0.2469 Y0.9922 Z-0.4567 I0.0098 J-0.0215
N31210 G1 X-0.2442 Y0.9867
N31215 X-0.2405 Y0.9788
N31220 X-0.2375 Y0.9708
N31225 X-0.2357 Y0.9645
N31230 X-0.2337 Y0.9589
N31235 X-0.2313 Y0.9535
N31240 X-0.2284 Y0.9484
N31245 X-0.2251 Y0.9435
N31250 X-0.2216 Y0.9387
N31255 X-0.2178 Y0.9342
N31260 X-0.2134 Y0.9296
N31265 X-0.2084 Y0.9246
N31270 X-0.2026 Y0.9195
N31275 X-0.1959 Y0.9142
N31280 X-0.1883 Y0.9087
N31285 X-0.1795 Y0.903
N31290 X-0.1694 Y0.8971
N31295 X-0.1577 Y0.891
N31300 X-0.1444 Y0.8849
N31305 X-0.1284 Y0.8785
N31310 X-0.1103 Y0.8722
N31315 X-0.089 Y0.866
N31320 X-0.0627 Y0.8597
N31325 X-0.0306 Y0.8536
N31330 X0.004 Y0.8488
N31335 X0.0383 Y0.8455
N31340 X0.0672 Y0.8442
N31345 X0.0903 Y0.8443
N31350 X0.1098 Y0.8453
N31355 X0.1238 Y0.8467
N31360 X0.1376 Y0.8488
N31365 X0.1475 Y0.8508
N31370 X0.1578 Y0.8534
N31375 X0.1668 Y0.8561
N31380 X0.1743 Y0.8588
N31385 X0.1758 Y0.8594
N31390 X0.1889 Y0.8662
N31395 X0.2006 Y0.8751
N31400 X0.2107 Y0.8858
N31405 X0.2188 Y0.8981
N31410 X0.2247 Y0.9116
N31415 X0.2282 Y0.9259
N31420 X0.2303 Y0.9391
N31425 X0.2318 Y0.947
N31430 X0.235 Y0.9619
N31435 G3 X0.2158 Y0.9892 Z-0.4488 I-0.0233 J0.0041
N31440 G1 X0.2139 Y0.9895
N31445 X0.212 Y0.9896
N31450 X-0.2125 Y0.994
N31455 X-0.2157 Y0.9939
N31460 X-0.2187 Y0.9933
N31465 G3 X-0.2357 Y0.9645 Z-0.4567 I0.0059 J-0.0229
N31470 G1 X-0.2352 Y0.9629
N31475 X-0.2318 Y0.947
N31480 X-0.2303 Y0.9391
N31485 X-0.2301 Y0.9378
N31490 X-0.2289 Y0.932
N31495 X-0.2271 Y0.9264
N31500 X-0.2248 Y0.921
N31505 X-0.2221 Y0.9157
N31510 X-0.2191 Y0.9106
N31515 X-0.2157 Y0.9057
N31520 X-0.2121 Y0.9009
N31525 X-0.2078 Y0.8959
N31530 X-0.203 Y0.8906
N31535 X-0.1973 Y0.8851
N31540 X-0.1909 Y0.8794
N31545 X-0.1833 Y0.8733
N31550 X-0.1751 Y0.8674
N31555 X-0.1651 Y0.8608
N31560 X-0.1546 Y0.8546
N31565 X-0.1414 Y0.8478
N31570 X-0.1275 Y0.8413
N31575 X-0.1102 Y0.8343
N31580 X-0.0912 Y0.8277
N31585 X-0.069 Y0.8211
N31590 X-0.0431 Y0.8148
N31595 X-0.0158 Y0.8096
N31600 X0.0111 Y0.8058
N31605 X0.0367 Y0.8034
N31610 X0.06 Y0.8024
N31615 X0.0801 Y0.8025
N31620 X0.0981 Y0.8034
N31625 X0.1143 Y0.8051
N31630 X0.1267 Y0.807
N31635 X0.1391 Y0.8095
N31640 X0.1488 Y0.8119
N31645 X0.1578 Y0.8147
N31650 X0.1668 Y0.8179
N31655 X0.1739 Y0.8209
N31660 X0.1753 Y0.8216
N31665 X0.1883 Y0.8291
N31670 X0.1997 Y0.8389
N31675 X0.2093 Y0.8504
N31680 X0.2168 Y0.8635
N31685 X0.2219 Y0.8776
N31690 X0.2245 Y0.8924
N31695 X0.2251 Y0.8995
N31700 X0.2266 Y0.9153
N31705 X0.228 Y0.9247
N31710 X0.2282 Y0.9259
N31715 G3 X0.2077 Y0.9522 Z-0.4488 I-0.0234 J0.0029
N31720 G1 X0.2054 Y0.9524
N31725 X-0.206 Y0.9643
N31730 X-0.2095 Y0.9641
N31735 G3 X-0.2301 Y0.9378 Z-0.4567 I0.0029 J-0.0234
N31740 G1 X-0.2278 Y0.9233
N31745 X-0.2266 Y0.9153
N31750 X-0.2259 Y0.9074
N31755 X-0.225 Y0.9016
N31760 X-0.2236 Y0.8958
N31765 X-0.2217 Y0.8903
N31770 X-0.2194 Y0.8848
N31775 X-0.2167 Y0.8796
N31780 X-0.2137 Y0.8745
N31785 X-0.2103 Y0.8694
N31790 X-0.2067 Y0.8643
N31795 X-0.2021 Y0.8587
N31800 X-0.1971 Y0.8531
N31805 X-0.1912 Y0.8471
N31810 X-0.1845 Y0.8409
N31815 X-0.1768 Y0.8346
N31820 X-0.1679 Y0.8278
N31825 X-0.1583 Y0.8212
N31830 X-0.1466 Y0.8141
N31835 X-0.1342 Y0.8073
N31840 X-0.1194 Y0.8001
N31845 X-0.1026 Y0.793
N31850 X-0.0848 Y0.7863
N31855 X-0.0644 Y0.7799
N31860 X-0.0423 Y0.7741
N31865 X-0.0195 Y0.7693
N31870 X0.0033 Y0.7656
N31875 X0.0256 Y0.7631
N31880 X0.047 Y0.7618
N31885 X0.0668 Y0.7615
N31890 X0.0845 Y0.7621
N31895 X0.1006 Y0.7635
N31900 X0.1157 Y0.7655
N31905 X0.1277 Y0.7677
N31910 X0.1392 Y0.7703
N31915 X0.1492 Y0.7732
N31920 X0.1574 Y0.776
N31925 X0.1664 Y0.7795
N31930 X0.1736 Y0.7828
N31935 X0.1804 Y0.7863
N31940 X0.181 Y0.7866
N31945 X0.1934 Y0.7952
N31950 X0.2041 Y0.8059
N31955 X0.2128 Y0.8183
N31960 X0.2192 Y0.832
N31965 X0.2231 Y0.8466
N31970 X0.2244 Y0.8617
N31975 Y0.8916
N31980 X0.2245 Y0.8924
N31985 G3 X0.2021 Y0.9172 Z-0.4488 I-0.0236 J0.0012
N31990 G1 X0.2018
N31995 X-0.2014 Y0.9325
N32000 X-0.2037 Y0.9324
N32005 G3 X-0.2259 Y0.9074 Z-0.4567 I0.0015 J-0.0236
N32010 G1 X-0.2251 Y0.8995
N32015 X-0.2244 Y0.8916
N32020 Y0.8793
N32025 X-0.2241 Y0.8734
N32030 X-0.2233 Y0.8675
N32035 X-0.2219 Y0.8618
N32040 X-0.22 Y0.8562
N32045 X-0.2178 Y0.8507
N32050 X-0.2153 Y0.8454
N32055 X-0.2124 Y0.8402
N32060 X-0.2093 Y0.8351
N32065 X-0.2053 Y0.8294
N32070 X-0.201 Y0.8237
N32075 X-0.1959 Y0.8176
N32080 X-0.19 Y0.8112
N32085 X-0.1834 Y0.8048
N32090 X-0.1756 Y0.7978
N32095 X-0.1672 Y0.791
N32100 X-0.1574 Y0.7839
N32105 X-0.1463 Y0.7766
N32110 X-0.1343 Y0.7695
N32115 X-0.1202 Y0.7621
N32120 X-0.1048 Y0.755
N32125 X-0.0885 Y0.7483
N32130 X-0.0703 Y0.742
N32135 X-0.0508 Y0.7362
N32140 X-0.0304 Y0.7312
N32145 X-0.0096 Y0.7271
N32150 X0.011 Y0.7242
N32155 X0.0312 Y0.7223
N32160 X0.0507 Y0.7214
N32165 X0.0691
N32170 X0.0859 Y0.7223
N32175 X0.1012 Y0.7239
N32180 X0.1157 Y0.726
N32185 X0.1289 Y0.7287
N32190 X0.1395 Y0.7314
N32195 X0.15 Y0.7346
N32200 X0.1592 Y0.7378
N32205 X0.1668 Y0.741
N32210 X0.1752 Y0.745
N32215 X0.1822 Y0.7487
N32220 X0.1943 Y0.7574
N32225 X0.2047 Y0.7681
N32230 X0.2131 Y0.7804
N32235 X0.2193 Y0.7939
N32240 X0.2231 Y0.8083
N32245 X0.2244 Y0.8231
N32250 Y0.8617
N32255 G3 X0.2018 Y0.8844 Z-0.4492 I-0.0236 J-0.0008
N32260 G1 X0.2 Y0.8845 Z-0.4488
N32265 X-0.1998 Y0.9021
N32270 X-0.2
N32275 G3 X-0.2244 Y0.8793 Z-0.4567 I-0.0008 J-0.0236
N32280 G1 Y0.8456
N32285 X-0.2241 Y0.8397
N32290 X-0.2233 Y0.8339
N32295 X-0.2221 Y0.8281
N32300 X-0.2204 Y0.8225
N32305 X-0.2183 Y0.8169
N32310 X-0.2159 Y0.8115
N32315 X-0.2132 Y0.8063
N32320 X-0.2101 Y0.8008
N32325 X-0.2063 Y0.7948
N32330 X-0.2021 Y0.7889
N32335 X-0.1971 Y0.7825
N32340 X-0.1914 Y0.776
N32345 X-0.185 Y0.7692
N32350 X-0.1774 Y0.762
N32355 X-0.1692 Y0.755
N32360 X-0.1599 Y0.7477
N32365 X-0.1491 Y0.7402
N32370 X-0.1378 Y0.733
N32375 X-0.1249 Y0.7257
N32380 X-0.1103 Y0.7183
N32385 X-0.0949 Y0.7115
N32390 X-0.0784 Y0.7051
N32395 X-0.0607 Y0.6992
N32400 X-0.0419 Y0.6939
N32405 X-0.0225 Y0.6895
N32410 X-0.0028 Y0.686
N32415 X0.0168 Y0.6836
N32420 X0.0359 Y0.6821
N32425 X0.0545 Y0.6815
N32430 X0.0723 Y0.6819
N32435 X0.0885 Y0.683
N32440 X0.1037 Y0.6848
N32445 X0.1179 Y0.6872
N32450 X0.1312 Y0.69
N32455 X0.1417 Y0.6929
N32460 X0.1522 Y0.6963
N32465 X0.1612 Y0.6997
N32470 X0.1688 Y0.703
N32475 X0.1771 Y0.7071
N32480 X0.1798 Y0.7085
N32485 X0.1925 Y0.7172
N32490 X0.2035 Y0.7279
N32495 X0.2124 Y0.7403
N32500 X0.219 Y0.7542
N32505 X0.2231 Y0.769
N32510 X0.2244 Y0.7843
N32515 Y0.8231
N32520 G3 X0.2021 Y0.8458 Z-0.4493 I-0.0236 J-0.0008
N32525 G1 X0.2 Y0.846 Z-0.4488
N32530 X-0.1995 Y0.8684
N32535 X-0.2
N32540 G3 X-0.2244 Y0.8456 Z-0.4567 I-0.0008 J-0.0236
N32545 G1 Y0.8099
N32550 X-0.2241 Y0.804
N32555 X-0.2234 Y0.7982
N32560 X-0.2222 Y0.7924
N32565 X-0.2206 Y0.7867
N32570 X-0.2187 Y0.7811
N32575 X-0.2164 Y0.7757
N32580 X-0.2138 Y0.7702
N32585 X-0.2108 Y0.7647
N32590 X-0.2071 Y0.7586
N32595 X-0.2029 Y0.7525
N32600 X-0.1981 Y0.746
N32605 X-0.1924 Y0.7392
N32610 X-0.1862 Y0.7324
N32615 X-0.1789 Y0.7252
N32620 X-0.1706 Y0.7178
N32625 X-0.1617 Y0.7106
N32630 X-0.1515 Y0.703
N32635 X-0.14 Y0.6954
N32640 X-0.1279 Y0.6882
N32645 X-0.1145 Y0.6811
N32650 X-0.0996 Y0.6741
N32655 X-0.0834 Y0.6674
N32660 X-0.0665 Y0.6614
N32665 X-0.0489 Y0.6561
N32670 X-0.0305 Y0.6515
N32675 X-0.0116 Y0.6477
N32680 X0.0076 Y0.6449
N32685 X0.0266 Y0.643
N32690 X0.0452 Y0.642
N32695 X0.063
N32700 X0.0798 Y0.6428
N32705 X0.0957 Y0.6443
N32710 X0.1107 Y0.6465
N32715 X0.1244 Y0.6492
N32720 X0.136 Y0.6521
N32725 X0.147 Y0.6554
N32730 X0.1569 Y0.6589
N32735 X0.1648 Y0.6621
N32740 X0.1735 Y0.6662
N32745 X0.1806 Y0.6699
N32750 X0.1819 Y0.6707
N32755 X0.194 Y0.6794
N32760 X0.2045 Y0.69
N32765 X0.213 Y0.7023
N32770 X0.2193 Y0.7159
N32775 X0.2231 Y0.7303
N32780 X0.2244 Y0.7452
N32785 Y0.7843
N32790 G3 X0.2023 Y0.807 Z-0.4493 I-0.0236 J-0.0008
N32795 G1 X0.2 Y0.8072 Z-0.4488
N32800 X-0.1993 Y0.8327
N32805 X-0.2
N32810 G3 X-0.2244 Y0.8099 Z-0.4567 I-0.0008 J-0.0236
N32815 G1 Y0.7727
N32820 X-0.2241 Y0.7668
N32825 X-0.2235 Y0.7609
N32830 X-0.2224 Y0.7551
N32835 X-0.2208 Y0.7494
N32840 X-0.2189 Y0.7438
N32845 X-0.2167 Y0.7384
N32850 X-0.2141 Y0.7328
N32855 X-0.2112 Y0.7272
N32860 X-0.2076 Y0.7212
N32865 X-0.2034 Y0.7148
N32870 X-0.1987 Y0.7084
N32875 X-0.1931 Y0.7014
N32880 X-0.1869 Y0.6945
N32885 X-0.1799 Y0.6874
N32890 X-0.1718 Y0.6799
N32895 X-0.1629 Y0.6725
N32900 X-0.1531 Y0.665
N32905 X-0.1419 Y0.6574
N32910 X-0.1296 Y0.6499
N32915 X-0.1167 Y0.6428
N32920 X-0.1025 Y0.6359
N32925 X-0.0871 Y0.6293
N32930 X-0.0705 Y0.6232
N32935 X-0.0531 Y0.6177
N32940 X-0.035 Y0.6129
N32945 X-0.0166 Y0.609
N32950 X0.0021 Y0.606
N32955 X0.0208 Y0.6039
N32960 X0.0392 Y0.6027
N32965 X0.0571 Y0.6024
N32970 X0.0742 Y0.603
N32975 X0.0905 Y0.6044
N32980 X0.1059 Y0.6064
N32985 X0.12 Y0.609
N32990 X0.133 Y0.612
N32995 X0.1433 Y0.615
N33000 X0.1542 Y0.6186
N33005 X0.1627 Y0.622
N33010 X0.1707 Y0.6256
N33015 X0.1788 Y0.6297
N33020 X0.1809 Y0.631
N33025 X0.1933 Y0.6396
N33030 X0.2041 Y0.6503
N33035 X0.2128 Y0.6627
N33040 X0.2192 Y0.6764
N33045 X0.2231 Y0.691
N33050 X0.2244 Y0.7061
N33055 Y0.7452
N33060 G3 X0.2024 Y0.768 Z-0.4493 I-0.0236 J-0.0008
N33065 G1 X0.2 Y0.7681 Z-0.4488
N33070 X-0.1992 Y0.7954
N33075 X-0.2 Y0.7955
N33080 G3 X-0.2244 Y0.7727 Z-0.4567 I-0.0008 J-0.0236
N33085 G1 Y0.7331
N33090 X-0.2241 Y0.7272
N33095 X-0.2234 Y0.7213
N33100 X-0.2222 Y0.7155
N33105 X-0.2206 Y0.7098
N33110 X-0.2187 Y0.7043
N33115 X-0.2164 Y0.6988
N33120 X-0.2138 Y0.6933
N33125 X-0.2106 Y0.6873
N33130 X-0.2071 Y0.6814
N33135 X-0.2027 Y0.6748
N33140 X-0.1978 Y0.6682
N33145 X-0.1923 Y0.6614
N33150 X-0.1857 Y0.6541
N33155 X-0.1786 Y0.6469
N33160 X-0.1706 Y0.6396
N33165 X-0.1613 Y0.6319
N33170 X-0.1513 Y0.6245
N33175 X-0.1404 Y0.6171
N33180 X-0.1281 Y0.6096
N33185 X-0.1145 Y0.6023
N33190 X-0.1002 Y0.5954
N33195 X-0.0851 Y0.589
N33200 X-0.0689 Y0.5831
N33205 X-0.0517 Y0.5777
N33210 X-0.0338 Y0.5731
N33215 X-0.0154 Y0.5693
N33220 X0.0032 Y0.5664
N33225 X0.0218 Y0.5644
N33230 X0.0402 Y0.5633
N33235 X0.0582 Y0.5631
N33240 X0.0756 Y0.5638
N33245 X0.0918 Y0.5652
N33250 X0.1068 Y0.5672
N33255 X0.1207 Y0.5699
N33260 X0.1336 Y0.5729
N33265 X0.1441 Y0.576
N33270 X0.1549 Y0.5797
N33275 X0.1631 Y0.5829
N33280 X0.1715 Y0.5868
N33285 X0.1793 Y0.5908
N33290 X0.1813 Y0.5919
N33295 X0.1936 Y0.6006
N33300 X0.2042 Y0.6113
N33305 X0.2129 Y0.6236
N33310 X0.2192 Y0.6373
N33315 X0.2231 Y0.6519
N33320 X0.2244 Y0.6669
N33325 Y0.7061
N33330 G3 X0.2024 Y0.7288 Z-0.4493 I-0.0236 J-0.0008
N33335 G1 X0.2 Y0.729 Z-0.4488
N33340 X-0.1992 Y0.7558
N33345 X-0.2 Y0.7559
N33350 G3 X-0.2244 Y0.7331 Z-0.4567 I-0.0008 J-0.0236
N33355 G1 Y0.6934
N33360 X-0.2241 Y0.6875
N33365 X-0.2233 Y0.6817
N33370 X-0.2221 Y0.6759
N33375 X-0.2205 Y0.6702
N33380 X-0.2185 Y0.6647
N33385 X-0.2163 Y0.6592
N33390 X-0.2136 Y0.6535
N33395 X-0.2104 Y0.6476
N33400 X-0.2067 Y0.6415
N33405 X-0.2023 Y0.6349
N33410 X-0.1974 Y0.6283
N33415 X-0.1917 Y0.6214
N33420 X-0.185 Y0.6141
N33425 X-0.1779 Y0.6069
N33430 X-0.1697 Y0.5995
N33435 X-0.1603 Y0.5918
N33440 X-0.1503 Y0.5843
N33445 X-0.1393 Y0.577
N33450 X-0.127 Y0.5695
N33455 X-0.1135 Y0.5623
N33460 X-0.0993 Y0.5555
N33465 X-0.0842 Y0.5492
N33470 X-0.0679 Y0.5433
N33475 X-0.0508 Y0.538
N33480 X-0.033 Y0.5334
N33485 X-0.0146 Y0.5297
N33490 X0.004 Y0.5268
N33495 X0.0226 Y0.5249
N33500 X0.041 Y0.5239
N33505 X0.0589 Y0.5237
N33510 X0.0762 Y0.5245
N33515 X0.0924 Y0.526
N33520 X0.1074 Y0.528
N33525 X0.1214 Y0.5307
N33530 X0.1342 Y0.5338
N33535 X0.1446 Y0.5369
N33540 X0.1554 Y0.5406
N33545 X0.1636 Y0.5439
N33550 X0.172 Y0.5478
N33555 X0.1797 Y0.5518
N33560 X0.1815 Y0.5528
N33565 X0.1938 Y0.5615
N33570 X0.2043 Y0.5722
N33575 X0.2129 Y0.5845
N33580 X0.2192 Y0.5981
N33585 X0.2231 Y0.6126
N33590 X0.2244 Y0.6276
N33595 Y0.6669
N33600 G3 X0.2024 Y0.6896 Z-0.4493 I-0.0236 J-0.0008
N33605 G1 X0.2 Y0.6898 Z-0.4488
N33610 X-0.1992 Y0.7162
N33615 X-0.2
N33620 G3 X-0.2244 Y0.6934 Z-0.4567 I-0.0008 J-0.0236
N33625 G1 Y0.6538
N33630 X-0.2241 Y0.6479
N33635 X-0.2233 Y0.6421
N33640 X-0.2221 Y0.6363
N33645 X-0.2204 Y0.6306
N33650 X-0.2184 Y0.6251
N33655 X-0.2162 Y0.6196
N33660 X-0.2134 Y0.6139
N33665 X-0.2102 Y0.608
N33670 X-0.2065 Y0.6018
N33675 X-0.202 Y0.5951
N33680 X-0.1971 Y0.5886
N33685 X-0.1914 Y0.5816
N33690 X-0.1847 Y0.5743
N33695 X-0.1775 Y0.5671
N33700 X-0.1692 Y0.5596
N33705 X-0.1599 Y0.5519
N33710 X-0.1499 Y0.5446
N33715 X-0.1389 Y0.5372
N33720 X-0.1265 Y0.5298
N33725 X-0.113 Y0.5225
N33730 X-0.0988 Y0.5158
N33735 X-0.0837 Y0.5095
N33740 X-0.0675 Y0.5037
N33745 X-0.0503 Y0.4984
N33750 X-0.0325 Y0.4939
N33755 X-0.0141 Y0.4902
N33760 X0.0045 Y0.4874
N33765 X0.0231 Y0.4855
N33770 X0.0414 Y0.4845
N33775 X0.0593 Y0.4844
N33780 X0.0766 Y0.4852
N33785 X0.0928 Y0.4867
N33790 X0.1077 Y0.4888
N33795 X0.1217 Y0.4915
N33800 X0.1346 Y0.4946
N33805 X0.1449 Y0.4977
N33810 X0.1557 Y0.5014
N33815 X0.1638 Y0.5047
N33820 X0.1722 Y0.5086
N33825 X0.18 Y0.5127
N33830 X0.1816 Y0.5136
N33835 X0.1939 Y0.5223
N33840 X0.2044 Y0.533
N33845 X0.213 Y0.5453
N33850 X0.2193 Y0.5589
N33855 X0.2231 Y0.5734
N33860 X0.2244 Y0.5883
N33865 Y0.6276
N33870 G3 X0.2023 Y0.6504 Z-0.4493 I-0.0236 J-0.0008
N33875 G1 X0.2 Y0.6505 Z-0.4488
N33880 X-0.1993 Y0.6766
N33885 X-0.2
N33890 G3 X-0.2244 Y0.6538 Z-0.4567 I-0.0008 J-0.0236
N33895 G1 Y0.6142
N33900 X-0.2241 Y0.6083
N33905 X-0.2233 Y0.6024
N33910 X-0.222 Y0.5967
N33915 X-0.2204 Y0.591
N33920 X-0.2184 Y0.5855
N33925 X-0.2161 Y0.58
N33930 X-0.2133 Y0.5742
N33935 X-0.2101 Y0.5683
N33940 X-0.2064 Y0.5621
N33945 X-0.2019 Y0.5555
N33950 X-0.197 Y0.5489
N33955 X-0.1912 Y0.5419
N33960 X-0.1845 Y0.5346
N33965 X-0.1773 Y0.5274
N33970 X-0.169 Y0.52
N33975 X-0.1596 Y0.5123
N33980 X-0.1496 Y0.5049
N33985 X-0.1386 Y0.4975
N33990 X-0.1262 Y0.4902
N33995 X-0.1127 Y0.4829
N34000 X-0.0985 Y0.4762
N34005 X-0.0833 Y0.47
N34010 X-0.0671 Y0.4641
N34015 X-0.05 Y0.4589
N34020 X-0.0321 Y0.4544
N34025 X-0.0138 Y0.4508
N34030 X0.0048 Y0.448
N34035 X0.0234 Y0.4461
N34040 X0.0417 Y0.4451
N34045 X0.0596
N34050 X0.0769 Y0.4458
N34055 X0.0931 Y0.4474
N34060 X0.108 Y0.4495
N34065 X0.122 Y0.4522
N34070 X0.1349 Y0.4554
N34075 X0.1452 Y0.4584
N34080 X0.1559 Y0.4622
N34085 X0.1641 Y0.4655
N34090 X0.1724 Y0.4694
N34095 X0.1802 Y0.4735
N34100 X0.1817 Y0.4744
N34105 X0.1939 Y0.4831
N34110 X0.2045 Y0.4937
N34115 X0.213 Y0.506
N34120 X0.2193 Y0.5196
N34125 X0.2231 Y0.5341
N34130 X0.2244 Y0.549
N34135 Y0.5883
N34140 G3 X0.2023 Y0.6111 Z-0.4493 I-0.0236 J-0.0008
N34145 G1 X0.2 Y0.6112 Z-0.4488
N34150 X-0.1993 Y0.6369
N34155 X-0.2 Y0.637
N34160 G3 X-0.2244 Y0.6142 Z-0.4567 I-0.0008 J-0.0236
N34165 G1 Y0.5762
N34170 X-0.2241 Y0.5703
N34175 X-0.2234 Y0.5644
N34180 X-0.2223 Y0.5586
N34185 X-0.2207 Y0.5529
N34190 X-0.2188 Y0.5473
N34195 X-0.2166 Y0.5419
N34200 X-0.2139 Y0.5361
N34205 X-0.2109 Y0.5304
N34210 X-0.2073 Y0.5242
N34215 X-0.203 Y0.5178
N34220 X-0.1983 Y0.5112
N34225 X-0.1926 Y0.5041
N34230 X-0.1863 Y0.4971
N34235 X-0.1792 Y0.4899
N34240 X-0.171 Y0.4823
N34245 X-0.1622 Y0.4749
N34250 X-0.1525 Y0.4675
N34255 X-0.1415 Y0.46
N34260 X-0.1293 Y0.4525
N34265 X-0.1165 Y0.4455
N34270 X-0.1026 Y0.4387
N34275 X-0.0876 Y0.4322
N34280 X-0.0714 Y0.4262
N34285 X-0.0544 Y0.4208
N34290 X-0.0367 Y0.4161
N34295 X-0.0185 Y0.4122
N34300 X-0.0001 Y0.4092
N34305 X0.0185 Y0.4071
N34310 X0.0368 Y0.4059
N34315 X0.0547 Y0.4056
N34320 X0.0721 Y0.4062
N34325 X0.0885 Y0.4075
N34330 X0.1041 Y0.4095
N34335 X0.1184 Y0.4121
N34340 X0.1317 Y0.4152
N34345 X0.1423 Y0.4182
N34350 X0.1533 Y0.4219
N34355 X0.162 Y0.4253
N34360 X0.17 Y0.4289
N34365 X0.1783 Y0.4331
N34370 X0.1808 Y0.4345
N34375 X0.1932 Y0.4432
N34380 X0.204 Y0.4539
N34385 X0.2127 Y0.4663
N34390 X0.2191 Y0.48
N34395 X0.2231 Y0.4946
N34400 X0.2244 Y0.5097
N34405 Y0.549
N34410 G3 X0.2024 Y0.5718 Z-0.4493 I-0.0236 J-0.0008
N34415 G1 X0.2 Y0.5719 Z-0.4488
N34420 X-0.1992 Y0.5989
N34425 X-0.2 Y0.599
N34430 G3 X-0.2244 Y0.5762 Z-0.4567 I-0.0008 J-0.0236
N34435 G1 Y0.5365
N34440 X-0.2241 Y0.5307
N34445 X-0.2234 Y0.5248
N34450 X-0.2222 Y0.519
N34455 X-0.2207 Y0.5133
N34460 X-0.2187 Y0.5077
N34465 X-0.2165 Y0.5022
N34470 X-0.2139 Y0.4966
N34475 X-0.2108 Y0.4907
N34480 X-0.2072 Y0.4847
N34485 X-0.2029 Y0.4781
N34490 X-0.1981 Y0.4715
N34495 X-0.1925 Y0.4646
N34500 X-0.186 Y0.4573
N34505 X-0.179 Y0.4502
N34510 X-0.171 Y0.4428
N34515 X-0.1618 Y0.4352
N34520 X-0.152 Y0.4278
N34525 X-0.1412 Y0.4204
N34530 X-0.1292 Y0.413
N34535 X-0.1159 Y0.4057
N34540 X-0.1018 Y0.3989
N34545 X-0.0869 Y0.3926
N34550 X-0.071 Y0.3866
N34555 X-0.054 Y0.3813
N34560 X-0.0364 Y0.3766
N34565 X-0.0182 Y0.3728
N34570 X0.0003 Y0.3698
N34575 X0.0188 Y0.3677
N34580 X0.0372 Y0.3665
N34585 X0.0553 Y0.3663
N34590 X0.0728 Y0.3669
N34595 X0.0893 Y0.3682
N34600 X0.1046 Y0.3703
N34605 X0.1187 Y0.3728
N34610 X0.132 Y0.3759
N34615 X0.1426 Y0.379
N34620 X0.1537 Y0.3827
N34625 X0.1621 Y0.386
N34630 X0.1705 Y0.3898
N34635 X0.1785 Y0.3939
N34640 X0.1809 Y0.3953
N34645 X0.1933 Y0.404
N34650 X0.2041 Y0.4146
N34655 X0.2128 Y0.427
N34660 X0.2192 Y0.4407
N34665 X0.2231 Y0.4553
N34670 X0.2244 Y0.4704
N34675 Y0.5097
N34680 G3 X0.2024 Y0.5325 Z-0.4493 I-0.0236 J-0.0008
N34685 G1 X0.2 Y0.5326 Z-0.4488
N34690 X-0.1992 Y0.5593
N34695 X-0.2
N34700 G3 X-0.2244 Y0.5365 Z-0.4567 I-0.0008 J-0.0236
N34705 G1 Y0.4969
N34710 X-0.2241 Y0.491
N34715 X-0.2234 Y0.4852
N34720 X-0.2222 Y0.4794
N34725 X-0.2206 Y0.4737
N34730 X-0.2187 Y0.4681
N34735 X-0.2165 Y0.4626
N34740 X-0.2138 Y0.457
N34745 X-0.2107 Y0.4511
N34750 X-0.2071 Y0.445
N34755 X-0.2027 Y0.4384
N34760 X-0.1979 Y0.4318
N34765 X-0.1923 Y0.425
N34770 X-0.1857 Y0.4176
N34775 X-0.1787 Y0.4105
N34780 X-0.1706 Y0.4031
N34785 X-0.1614 Y0.3955
N34790 X-0.1516 Y0.388
N34795 X-0.1408 Y0.3807
N34800 X-0.1287 Y0.3733
N34805 X-0.1154 Y0.3661
N34810 X-0.1013 Y0.3593
N34815 X-0.0865 Y0.353
N34820 X-0.0705 Y0.3471
N34825 X-0.0536 Y0.3417
N34830 X-0.0359 Y0.3371
N34835 X-0.0177 Y0.3333
N34840 X0.0009 Y0.3303
N34845 X0.0195 Y0.3283
N34850 X0.0379 Y0.3272
N34855 X0.0559 Y0.3269
N34860 X0.0734 Y0.3276
N34865 X0.0898 Y0.329
N34870 X0.1051 Y0.331
N34875 X0.1192 Y0.3336
N34880 X0.1324 Y0.3367
N34885 X0.143 Y0.3398
N34890 X0.154 Y0.3435
N34895 X0.1624 Y0.3468
N34900 X0.1708 Y0.3506
N34905 X0.1788 Y0.3548
N34910 X0.1811 Y0.3561
N34915 X0.1934 Y0.3647
N34920 X0.2041 Y0.3754
N34925 X0.2128 Y0.3878
N34930 X0.2192 Y0.4015
N34935 X0.2231 Y0.416
N34940 X0.2244 Y0.4311
N34945 Y0.4704
N34950 G3 X0.2024 Y0.4932 Z-0.4493 I-0.0236 J-0.0008
N34955 G1 X0.2 Y0.4933 Z-0.4488
N34960 X-0.1992 Y0.5197
N34965 X-0.2
N34970 G3 X-0.2244 Y0.4969 Z-0.4567 I-0.0008 J-0.0236
N34975 G1 Y0.4593
N34980 X-0.2241 Y0.4532
N34985 X-0.2235 Y0.4473
N34990 X-0.2225 Y0.4415
N34995 X-0.221 Y0.4358
N35000 X-0.2191 Y0.4301
N35005 X-0.217 Y0.4246
N35010 X-0.2144 Y0.419
N35015 X-0.2115 Y0.4133
N35020 X-0.208 Y0.4072
N35025 X-0.2039 Y0.4008
N35030 X-0.1993 Y0.3943
N35035 X-0.1938 Y0.3873
N35040 X-0.1876 Y0.3803
N35045 X-0.1808 Y0.3732
N35050 X-0.1728 Y0.3656
N35055 X-0.164 Y0.3582
N35060 X-0.1546 Y0.3508
N35065 X-0.1439 Y0.3433
N35070 X-0.1319 Y0.3358
N35075 X-0.1193 Y0.3287
N35080 X-0.1057 Y0.3219
N35085 X-0.0909 Y0.3154
N35090 X-0.075 Y0.3093
N35095 X-0.0582 Y0.3037
N35100 X-0.0406 Y0.2989
N35105 X-0.0226 Y0.2948
N35110 X-0.0042 Y0.2917
N35115 X0.0143 Y0.2893
N35120 X0.0328 Y0.288
N35125 X0.0508 Y0.2875
N35130 X0.0683 Y0.2879
N35135 X0.0849 Y0.2891
N35140 X0.1008 Y0.291
N35145 X0.1154 Y0.2935
N35150 X0.1289 Y0.2965
N35155 X0.1399 Y0.2995
N35160 X0.1511 Y0.3031
N35165 X0.1603 Y0.3066
N35170 X0.1682 Y0.3101
N35175 X0.1767 Y0.3143
N35180 X0.1837 Y0.3182
N35185 X0.1954 Y0.3269
N35190 X0.2054 Y0.3375
N35195 X0.2135 Y0.3497
N35200 X0.2195 Y0.363
N35205 X0.2232 Y0.3771
N35210 X0.2244 Y0.3917
N35215 Y0.4311
N35220 G3 X0.2025 Y0.4538 Z-0.4493 I-0.0236 J-0.0008
N35225 G1 X0.2 Y0.454 Z-0.4488
N35230 X-0.1991 Y0.482
N35235 X-0.2
N35240 G3 X-0.2244 Y0.4593 Z-0.4567 I-0.0008 J-0.0236
N35245 G1 Y0.4196
N35250 X-0.2241 Y0.4137
N35255 X-0.2235 Y0.4079
N35260 X-0.2225 Y0.4021
N35265 X-0.221 Y0.3963
N35270 X-0.2191 Y0.3907
N35275 X-0.217 Y0.3852
N35280 X-0.2145 Y0.3797
N35285 X-0.2115 Y0.3738
N35290 X-0.2081 Y0.3679
N35295 X-0.2039 Y0.3614
N35300 X-0.1992 Y0.3548
N35305 X-0.1938 Y0.348
N35310 X-0.1875 Y0.3408
N35315 X-0.1807 Y0.3337
N35320 X-0.173 Y0.3264
N35325 X-0.1641 Y0.3188
N35330 X-0.1544 Y0.3113
N35335 X-0.144 Y0.304
N35340 X-0.1322 Y0.2966
N35345 X-0.1192 Y0.2893
N35350 X-0.1053 Y0.2824
N35355 X-0.0908 Y0.2759
N35360 X-0.0751 Y0.2699
N35365 X-0.0584 Y0.2644
N35370 X-0.0409 Y0.2596
N35375 X-0.0228 Y0.2555
N35380 X-0.0044 Y0.2523
N35385 X0.0141 Y0.25
N35390 X0.0326 Y0.2486
N35395 X0.0507 Y0.2482
N35400 X0.0684 Y0.2486
N35405 X0.0851 Y0.2498
N35410 X0.1009 Y0.2517
N35415 X0.1152 Y0.2541
N35420 X0.1288 Y0.2571
N35425 X0.1407 Y0.2604
N35430 X0.1507 Y0.2636
N35435 X0.1607 Y0.2674
N35440 X0.1684 Y0.2708
N35445 X0.1767 Y0.2749
N35450 X0.18 Y0.2768
N35455 X0.1927 Y0.2854
N35460 X0.2036 Y0.2961
N35465 X0.2125 Y0.3085
N35470 X0.219 Y0.3224
N35475 X0.2231 Y0.3371
N35480 X0.2244 Y0.3524
N35485 Y0.3917
N35490 G3 X0.2024 Y0.4144 Z-0.4493 I-0.0236 J-0.0008
N35495 G1 X0.2 Y0.4146 Z-0.4488
N35500 X-0.1992 Y0.4424
N35505 X-0.2
N35510 G3 X-0.2244 Y0.4196 Z-0.4567 I-0.0008 J-0.0236
N35515 G1 Y0.38
N35520 X-0.2241 Y0.3741
N35525 X-0.2235 Y0.3682
N35530 X-0.2224 Y0.3624
N35535 X-0.2209 Y0.3567
N35540 X-0.2191 Y0.3511
N35545 X-0.2169 Y0.3456
N35550 X-0.2144 Y0.3401
N35555 X-0.2113 Y0.3342
N35560 X-0.2079 Y0.3282
N35565 X-0.2037 Y0.3218
N35570 X-0.199 Y0.3152
N35575 X-0.1936 Y0.3084
N35580 X-0.1873 Y0.3012
N35585 X-0.1804 Y0.294
N35590 X-0.1726 Y0.2867
N35595 X-0.1637 Y0.2791
N35600 X-0.1539 Y0.2716
N35605 X-0.1435 Y0.2643
N35610 X-0.1317 Y0.257
N35615 X-0.1187 Y0.2497
N35620 X-0.1048 Y0.2427
N35625 X-0.0902 Y0.2363
N35630 X-0.0745 Y0.2303
N35635 X-0.0578 Y0.2249
N35640 X-0.0403 Y0.2201
N35645 X-0.0222 Y0.2161
N35650 X-0.0037 Y0.2129
N35655 X0.0149 Y0.2106
N35660 X0.0333 Y0.2093
N35665 X0.0515 Y0.2088
N35670 X0.0691 Y0.2093
N35675 X0.086 Y0.2105
N35680 X0.1016 Y0.2124
N35685 X0.1159 Y0.2149
N35690 X0.1294 Y0.2179
N35695 X0.1403 Y0.2209
N35700 X0.1517 Y0.2246
N35705 X0.1604 Y0.228
N35710 X0.1688 Y0.2316
N35715 X0.1771 Y0.2358
N35720 X0.1838 Y0.2396
N35725 X0.1955 Y0.2483
N35730 X0.2055 Y0.2589
N35735 X0.2136 Y0.271
N35740 X0.2195 Y0.2843
N35745 X0.2232 Y0.2984
N35750 X0.2244 Y0.313
N35755 Y0.3524
N35760 G3 X0.2024 Y0.3751 Z-0.4493 I-0.0236 J-0.0008
N35765 G1 X0.2 Y0.3753 Z-0.4488
N35770 X-0.1992 Y0.4028
N35775 X-0.2
N35780 G3 X-0.2244 Y0.38 Z-0.4567 I-0.0008 J-0.0236
N35785 G1 Y0.3404
N35790 X-0.2241 Y0.3345
N35795 X-0.2235 Y0.3286
N35800 X-0.2224 Y0.3228
N35805 X-0.2209 Y0.3171
N35810 X-0.219 Y0.3115
N35815 X-0.2168 Y0.306
N35820 X-0.2143 Y0.3005
N35825 X-0.2112 Y0.2945
N35830 X-0.2077 Y0.2886
N35835 X-0.2035 Y0.2821
N35840 X-0.1988 Y0.2755
N35845 X-0.1934 Y0.2687
N35850 X-0.187 Y0.2615
N35855 X-0.1801 Y0.2543
N35860 X-0.1723 Y0.247
N35865 X-0.1633 Y0.2394
N35870 X-0.1535 Y0.2319
N35875 X-0.143 Y0.2246
N35880 X-0.1312 Y0.2173
N35885 X-0.1182 Y0.21
N35890 X-0.1042 Y0.2031
N35895 X-0.0896 Y0.1967
N35900 X-0.0738 Y0.1907
N35905 X-0.0571 Y0.1853
N35910 X-0.0396 Y0.1805
N35915 X-0.0215 Y0.1765
N35920 X-0.003 Y0.1734
N35925 X0.0157 Y0.1712
N35930 X0.0342 Y0.1699
N35935 X0.0523 Y0.1695
N35940 X0.0699 Y0.17
N35945 X0.0866 Y0.1712
N35950 X0.1021 Y0.1732
N35955 X0.1164 Y0.1757
N35960 X0.13 Y0.1787
N35965 X0.1416 Y0.1819
N35970 X0.1517 Y0.1852
N35975 X0.1614 Y0.189
N35980 X0.169 Y0.1924
N35985 X0.1774 Y0.1965
N35990 X0.1804 Y0.1982
N35995 X0.1929 Y0.2069
N36000 X0.2038 Y0.2176
N36005 X0.2126 Y0.23
N36010 X0.2191 Y0.2438
N36015 X0.2231 Y0.2585
N36020 X0.2244 Y0.2737
N36025 Y0.313
N36030 G3 X0.2024 Y0.3357 Z-0.4493 I-0.0236 J-0.0008
N36035 G1 X0.2 Y0.3359 Z-0.4488
N36040 X-0.1992 Y0.3631
N36045 X-0.2 Y0.3632
N36050 G3 X-0.2244 Y0.3404 Z-0.4567 I-0.0008 J-0.0236
N36055 G1 Y0.3008
N36060 X-0.2241 Y0.2949
N36065 X-0.2235 Y0.289
N36070 X-0.2223 Y0.2832
N36075 X-0.2208 Y0.2775
N36080 X-0.2189 Y0.2719
N36085 X-0.2167 Y0.2664
N36090 X-0.2142 Y0.2609
N36095 X-0.2111 Y0.2549
N36100 X-0.2076 Y0.2489
N36105 X-0.2034 Y0.2424
N36110 X-0.1986 Y0.2358
N36115 X-0.1932 Y0.229
N36120 X-0.1867 Y0.2218
N36125 X-0.1798 Y0.2146
N36130 X-0.1719 Y0.2073
N36135 X-0.1629 Y0.1997
N36140 X-0.1531 Y0.1922
N36145 X-0.1426 Y0.1849
N36150 X-0.1307 Y0.1776
N36155 X-0.1177 Y0.1704
N36160 X-0.1036 Y0.1634
N36165 X-0.089 Y0.1571
N36170 X-0.0732 Y0.1511
N36175 X-0.0564 Y0.1457
N36180 X-0.0388 Y0.141
N36185 X-0.0207 Y0.137
N36190 X-0.0022 Y0.1339
N36195 X0.0165 Y0.1318
N36200 X0.0349 Y0.1305
N36205 X0.053 Y0.1301
N36210 X0.0706 Y0.1306
N36215 X0.0874 Y0.132
N36220 X0.1029 Y0.1339
N36225 X0.1171 Y0.1364
N36230 X0.1305 Y0.1395
N36235 X0.1413 Y0.1425
N36240 X0.1526 Y0.1462
N36245 X0.1612 Y0.1496
N36250 X0.1695 Y0.1533
N36255 X0.1777 Y0.1574
N36260 X0.1805 Y0.159
N36265 X0.193 Y0.1676
N36270 X0.2039 Y0.1783
N36275 X0.2126 Y0.1908
N36280 X0.2191 Y0.2045
N36285 X0.2231 Y0.2192
N36290 X0.2244 Y0.2344
N36295 Y0.2737
N36300 G3 X0.2024 Y0.2964 Z-0.4493 I-0.0236 J-0.0008
N36305 G1 X0.2 Y0.2966 Z-0.4488
N36310 X-0.1992 Y0.3235
N36315 X-0.2
N36320 G3 X-0.2244 Y0.3008 Z-0.4567 I-0.0008 J-0.0236
N36325 G1 Y0.2611
N36330 X-0.2241 Y0.2552
N36335 X-0.2234 Y0.2494
N36340 X-0.2223 Y0.2436
N36345 X-0.2208 Y0.2379
N36350 X-0.2189 Y0.2323
N36355 X-0.2167 Y0.2268
N36360 X-0.2141 Y0.2212
N36365 X-0.211 Y0.2153
N36370 X-0.2074 Y0.2093
N36375 X-0.2032 Y0.2028
N36380 X-0.1984 Y0.1962
N36385 X-0.1929 Y0.1894
N36390 X-0.1865 Y0.1821
N36395 X-0.1795 Y0.175
N36400 X-0.1716 Y0.1676
N36405 X-0.1625 Y0.16
N36410 X-0.1527 Y0.1525
N36415 X-0.1421 Y0.1453
N36420 X-0.1302 Y0.1379
N36425 X-0.1171 Y0.1307
N36430 X-0.103 Y0.1238
N36435 X-0.0883 Y0.1175
N36440 X-0.0725 Y0.1115
N36445 X-0.0557 Y0.1061
N36450 X-0.0381 Y0.1014
N36455 X-0.0199 Y0.0975
N36460 X-0.0014 Y0.0945
N36465 X0.0173 Y0.0923
N36470 X0.0358 Y0.0911
N36475 X0.0538 Y0.0908
N36480 X0.0714 Y0.0913
N36485 X0.088 Y0.0927
N36490 X0.1034 Y0.0947
N36495 X0.1177 Y0.0972
N36500 X0.131 Y0.1003
N36505 X0.1418 Y0.1033
N36510 X0.153 Y0.1071
N36515 X0.1615 Y0.1104
N36520 X0.1699 Y0.1141
N36525 X0.178 Y0.1183
N36530 X0.1807 Y0.1198
N36535 X0.1932 Y0.1284
N36540 X0.2039 Y0.1391
N36545 X0.2127 Y0.1515
N36550 X0.2191 Y0.1652
N36555 X0.2231 Y0.1799
N36560 X0.2244 Y0.195
N36565 Y0.2344
N36570 G3 X0.2024 Y0.2571 Z-0.4493 I-0.0236 J-0.0008
N36575 G1 X0.2 Y0.2573 Z-0.4488
N36580 X-0.1992 Y0.2839
N36585 X-0.2
N36590 G3 X-0.2244 Y0.2611 Z-0.4567 I-0.0008 J-0.0236
N36595 G1 Y0.2215
N36600 X-0.2241 Y0.2156
N36605 X-0.2234 Y0.2097
N36610 X-0.2223 Y0.204
N36615 X-0.2207 Y0.1983
N36620 X-0.2188 Y0.1927
N36625 X-0.2166 Y0.1872
N36630 X-0.214 Y0.1816
N36635 X-0.2108 Y0.1757
N36640 X-0.2073 Y0.1696
N36645 X-0.203 Y0.1631
N36650 X-0.1982 Y0.1565
N36655 X-0.1927 Y0.1497
N36660 X-0.1862 Y0.1424
N36665 X-0.1792 Y0.1353
N36670 X-0.1712 Y0.1279
N36675 X-0.1621 Y0.1203
N36680 X-0.1523 Y0.1129
N36685 X-0.1416 Y0.1056
N36690 X-0.1297 Y0.0982
N36695 X-0.1165 Y0.091
N36700 X-0.1024 Y0.0841
N36705 X-0.0877 Y0.0778
N36710 X-0.0718 Y0.0719
N36715 X-0.0549 Y0.0666
N36720 X-0.0373 Y0.0619
N36725 X-0.0191 Y0.058
N36730 X-0.0005 Y0.055
N36735 X0.0181 Y0.0529
N36740 X0.0365 Y0.0517
N36745 X0.0546 Y0.0514
N36750 X0.0721 Y0.052
N36755 X0.0887 Y0.0534
N36760 X0.1041 Y0.0554
N36765 X0.1183 Y0.058
N36770 X0.1316 Y0.0611
N36775 X0.1422 Y0.0641
N36780 X0.1534 Y0.0679
N36785 X0.1619 Y0.0712
N36790 X0.1702 Y0.075
N36795 X0.1783 Y0.0791
N36800 X0.1808 Y0.0805
N36805 X0.1933 Y0.0892
N36810 X0.204 Y0.0999
N36815 X0.2127 Y0.1122
N36820 X0.2192 Y0.126
N36825 X0.2231 Y0.1406
N36830 X0.2244 Y0.1557
N36835 Y0.195
N36840 G3 X0.2024 Y0.2178 Z-0.4493 I-0.0236 J-0.0008
N36845 G1 X0.2 Y0.2179 Z-0.4488
N36850 X-0.1992 Y0.2443
N36855 X-0.2
N36860 G3 X-0.2244 Y0.2215 Z-0.4567 I-0.0008 J-0.0236
N36865 G1 Y0.1819
N36870 X-0.2241 Y0.176
N36875 X-0.2234 Y0.1701
N36880 X-0.2222 Y0.1643
N36885 X-0.2206 Y0.1586
N36890 X-0.2187 Y0.1531
N36895 X-0.2165 Y0.1476
N36900 X-0.2138 Y0.142
N36905 X-0.2107 Y0.136
N36910 X-0.2071 Y0.13
N36915 X-0.2028 Y0.1234
N36920 X-0.198 Y0.1169
N36925 X-0.1924 Y0.11
N36930 X-0.1859 Y0.1027
N36935 X-0.1789 Y0.0956
N36940 X-0.1708 Y0.0882
N36945 X-0.1617 Y0.0806
N36950 X-0.1518 Y0.0732
N36955 X-0.1411 Y0.0659
N36960 X-0.1291 Y0.0586
N36965 X-0.1159 Y0.0513
N36970 X-0.1018 Y0.0445
N36975 X-0.087 Y0.0382
N36980 X-0.071 Y0.0323
N36985 X-0.0541 Y0.027
N36990 X-0.0365 Y0.0223
N36995 X-0.0182 Y0.0185
N37000 X0.0003 Y0.0155
N37005 X0.0189 Y0.0135
N37010 X0.0374 Y0.0123
N37015 X0.0554 Y0.0121
N37020 X0.0729 Y0.0127
N37025 X0.0894 Y0.0141
N37030 X0.1047 Y0.0162
N37035 X0.1189 Y0.0188
N37040 X0.1321 Y0.0219
N37045 X0.1427 Y0.0249
N37050 X0.1539 Y0.0287
N37055 X0.1623 Y0.032
N37060 X0.1706 Y0.0358
N37065 X0.1787 Y0.0399
N37070 X0.181 Y0.0413
N37075 X0.1934 Y0.0499
N37080 X0.2041 Y0.0606
N37085 X0.2128 Y0.073
N37090 X0.2192 Y0.0867
N37095 X0.2231 Y0.1013
N37100 X0.2244 Y0.1163
N37105 Y0.1557
N37110 G3 X0.2023 Y0.1784 Z-0.4493 I-0.0236 J-0.0008
N37115 G1 X0.2 Y0.1786 Z-0.4488
N37120 X-0.1993 Y0.2046
N37125 X-0.2 Y0.2047
N37130 G3 X-0.2244 Y0.1819 Z-0.4567 I-0.0008 J-0.0236
N37135 G1 Y0.1423
N37140 X-0.2241 Y0.1364
N37145 X-0.2234 Y0.1305
N37150 X-0.2222 Y0.1247
N37155 X-0.2206 Y0.119
N37160 X-0.2186 Y0.1135
N37165 X-0.2164 Y0.108
N37170 X-0.2137 Y0.1023
N37175 X-0.2106 Y0.0964
N37180 X-0.207 Y0.0903
N37185 X-0.2026 Y0.0838
N37190 X-0.1978 Y0.0772
N37195 X-0.1922 Y0.0703
N37200 X-0.1856 Y0.063
N37205 X-0.1785 Y0.0559
N37210 X-0.1705 Y0.0485
N37215 X-0.1613 Y0.0409
N37220 X-0.1514 Y0.0335
N37225 X-0.1406 Y0.0262
N37230 X-0.1286 Y0.0189
N37235 X-0.1153 Y0.0116
N37240 X-0.1011 Y0.0048
N37245 X-0.0863 Y-0.0014
N37250 X-0.0703 Y-0.0073
N37255 X-0.0534 Y-0.0126
N37260 X-0.0357 Y-0.0172
N37265 X-0.0174 Y-0.021
N37270 X0.0011 Y-0.0239
N37275 X0.0197 Y-0.026
N37280 X0.0382 Y-0.0271
N37285 X0.0562 Y-0.0272
N37290 X0.0737 Y-0.0266
N37295 X0.0901 Y-0.0252
N37300 X0.1054 Y-0.0231
N37305 X0.1195 Y-0.0205
N37310 X0.1327 Y-0.0173
N37315 X0.1432 Y-0.0143
N37320 X0.1543 Y-0.0105
N37325 X0.1626 Y-0.0072
N37330 X0.171 Y-0.0034
N37335 X0.179 Y0.0008
N37340 X0.1812 Y0.002
N37345 X0.1935 Y0.0107
N37350 X0.2042 Y0.0214
N37355 X0.2128 Y0.0337
N37360 X0.2192 Y0.0474
N37365 X0.2231 Y0.062
N37370 X0.2244 Y0.077
N37375 Y0.1163
N37380 G3 X0.2023 Y0.1391 Z-0.4493 I-0.0236 J-0.0008
N37385 G1 X0.2 Y0.1392 Z-0.4488
N37390 X-0.1993 Y0.165
N37395 X-0.2
N37400 G3 X-0.2244 Y0.1423 Z-0.4567 I-0.0008 J-0.0236
N37405 G1 Y0.1026
N37410 X-0.2241 Y0.0967
N37415 X-0.2234 Y0.0909
N37420 X-0.2221 Y0.0851
N37425 X-0.2205 Y0.0794
N37430 X-0.2186 Y0.0738
N37435 X-0.2163 Y0.0684
N37440 X-0.2136 Y0.0627
N37445 X-0.2104 Y0.0568
N37450 X-0.2068 Y0.0507
N37455 X-0.2024 Y0.0441
N37460 X-0.1975 Y0.0375
N37465 X-0.1919 Y0.0306
N37470 X-0.1853 Y0.0233
N37475 X-0.1782 Y0.0162
N37480 X-0.1701 Y0.0088
N37485 X-0.1609 Y0.0012
N37490 X-0.1509 Y-0.0062
N37495 X-0.1401 Y-0.0135
N37500 X-0.128 Y-0.0208
N37505 X-0.1146 Y-0.028
N37510 X-0.1005 Y-0.0348
N37515 X-0.0856 Y-0.0411
N37520 X-0.0696 Y-0.0469
N37525 X-0.0526 Y-0.0522
N37530 X-0.0349 Y-0.0567
N37535 X-0.0166 Y-0.0605
N37540 X0.002 Y-0.0634
N37545 X0.0206 Y-0.0654
N37550 X0.039 Y-0.0664
N37555 X0.057 Y-0.0666
N37560 X0.0744 Y-0.0659
N37565 X0.0909 Y-0.0644
N37570 X0.106 Y-0.0623
N37575 X0.1201 Y-0.0597
N37580 X0.1333 Y-0.0565
N37585 X0.1437 Y-0.0535
N37590 X0.1547 Y-0.0497
N37595 X0.163 Y-0.0464
N37600 X0.1714 Y-0.0425
N37605 X0.1793 Y-0.0384
N37610 X0.1809 Y-0.0375
N37615 X0.1929 Y-0.0291
N37620 X0.2032 Y-0.0188
N37625 X0.2118 Y-0.0069
N37630 X0.2182 Y0.0062
N37635 X0.2222 Y0.0203
N37640 X0.2239 Y0.0348
N37645 X0.2244 Y0.0515
N37650 Y0.077
N37655 G3 X0.2023 Y0.0997 Z-0.4493 I-0.0236 J-0.0008
N37660 G1 X0.2 Y0.0999 Z-0.4488
N37665 X-0.1993 Y0.1254
N37670 X-0.2
N37675 G3 X-0.2244 Y0.1026 Z-0.4567 I-0.0008 J-0.0236
N37680 G1 Y0.063
N37685 X-0.2241 Y0.0571
N37690 X-0.2233 Y0.0513
N37695 X-0.2221 Y0.0455
N37700 X-0.2205 Y0.0398
N37705 X-0.2185 Y0.0342
N37710 X-0.2162 Y0.0288
N37715 X-0.2135 Y0.0231
N37720 X-0.2103 Y0.0172
N37725 X-0.2066 Y0.011
N37730 X-0.2022 Y0.0044
N37735 X-0.1973 Y-0.0021
N37740 X-0.1916 Y-0.009
N37745 X-0.185 Y-0.0164
N37750 X-0.1779 Y-0.0235
N37755 X-0.1697 Y-0.0309
N37760 X-0.1604 Y-0.0385
N37765 X-0.1505 Y-0.0459
N37770 X-0.1396 Y-0.0532
N37775 X-0.1274 Y-0.0605
N37780 X-0.114 Y-0.0677
N37785 X-0.0998 Y-0.0745
N37790 X-0.0849 Y-0.0807
N37795 X-0.0688 Y-0.0865
N37800 X-0.0518 Y-0.0918
N37805 X-0.034 Y-0.0963
N37810 X-0.0158 Y-0.1
N37815 X0.0028 Y-0.1029
N37820 X0.0214 Y-0.1048
N37825 X0.0398 Y-0.1058
N37830 X0.0578 Y-0.1059
N37835 X0.0752 Y-0.1052
N37840 X0.0916 Y-0.1037
N37845 X0.1067 Y-0.1016
N37850 X0.1208 Y-0.0989
N37855 X0.1337 Y-0.0957
N37860 X0.1442 Y-0.0927
N37865 X0.1549 Y-0.0889
N37870 X0.1631 Y-0.0857
N37875 X0.1717 Y-0.0817
N37880 X0.1732 Y-0.0809
N37885 X0.1846 Y-0.0738
N37890 X0.1948 Y-0.065
N37895 X0.2035 Y-0.0547
N37900 X0.2105 Y-0.0433
N37905 X0.2156 Y-0.0308
N37910 X0.2179 Y-0.0236
N37915 X0.2189 Y-0.0198
N37920 X0.2198 Y-0.0119
N37925 X0.2231 Y0.0198
N37930 X0.2237 Y0.0277
N37935 X0.2239 Y0.0348
N37940 G3 X0.2019 Y0.0582 Z-0.4492 I-0.0236 J-0.0001
N37945 G1 X0.2002 Y0.0584 Z-0.4488
N37950 X-0.1992 Y0.0857
N37955 X-0.2 Y0.0858
N37960 G3 X-0.2244 Y0.063 Z-0.4567 I-0.0008 J-0.0236
N37965 G1 Y0.0515
N37970 X-0.2237 Y0.0277
N37975 X-0.2231 Y0.0198
N37980 X-0.2216 Y0.0106
N37985 X-0.2205 Y0.0048
N37990 X-0.2188 Y-0.0009
N37995 X-0.2169 Y-0.0065
N38000 X-0.2146 Y-0.0119
N38005 X-0.212 Y-0.0175
N38010 X-0.2088 Y-0.0233
N38015 X-0.2052 Y-0.0293
N38020 X-0.2009 Y-0.0358
N38025 X-0.196 Y-0.0423
N38030 X-0.1904 Y-0.0491
N38035 X-0.1839 Y-0.0563
N38040 X-0.1768 Y-0.0633
N38045 X-0.1688 Y-0.0707
N38050 X-0.1596 Y-0.0782
N38055 X-0.1497 Y-0.0855
N38060 X-0.1389 Y-0.0928
N38065 X-0.1268 Y-0.1001
N38070 X-0.1134 Y-0.1072
N38075 X-0.0994 Y-0.1139
N38080 X-0.0845 Y-0.1201
N38085 X-0.0684 Y-0.1259
N38090 X-0.0514 Y-0.1312
N38095 X-0.0337 Y-0.1357
N38100 X-0.0155 Y-0.1394
N38105 X0.0031 Y-0.1422
N38110 X0.0216 Y-0.1442
N38115 X0.04 Y-0.1452
N38120 X0.0579 Y-0.1453
N38125 X0.0753 Y-0.1445
N38130 X0.0917 Y-0.143
N38135 X0.1067 Y-0.1409
N38140 X0.1207 Y-0.1382
N38145 X0.1319 Y-0.1355
N38150 X0.1388 Y-0.1335
N38155 X0.1502 Y-0.1293
N38160 X0.1609 Y-0.1235
N38165 X0.1706 Y-0.1162
N38170 X0.1793 Y-0.1077
N38175 X0.18 Y-0.107
N38180 X0.1849 Y-0.0991
N38185 X0.2032 Y-0.0674
N38190 X0.205 Y-0.0634
N38195 X0.2156 Y-0.0308
N38200 G3 X0.1994 Y-0.0016 Z-0.4488 I-0.0227 J0.0065
N38205 G1 X0.1975 Y-0.0012
N38210 X0.1956 Y-0.0009
N38215 X-0.1968 Y0.0442
N38220 X-0.2005 Y0.0444
N38225 G3 X-0.2231 Y0.0198 Z-0.4567 I0.001 J-0.0236
N38230 G1 X-0.2198 Y-0.0119
N38235 X-0.2189 Y-0.0198
N38240 X-0.2179 Y-0.0236
N38245 X-0.21 Y-0.048
N38250 X-0.2075 Y-0.0545
N38255 X-0.2052 Y-0.0599
N38260 X-0.2025 Y-0.0652
N38265 X-0.1995 Y-0.0705
N38270 X-0.1958 Y-0.0763
N38275 X-0.1916 Y-0.0823
N38280 X-0.1867 Y-0.0885
N38285 X-0.181 Y-0.0951
N38290 X-0.1747 Y-0.1017
N38295 X-0.1675 Y-0.1086
N38300 X-0.1592 Y-0.1157
N38305 X-0.1504 Y-0.1226
N38310 X-0.1404 Y-0.1297
N38315 X-0.1291 Y-0.1369
N38320 X-0.1172 Y-0.1437
N38325 X-0.1042 Y-0.1503
N38330 X-0.0899 Y-0.1567
N38335 X-0.0744 Y-0.1627
N38340 X-0.058 Y-0.1682
N38345 X-0.0411 Y-0.1729
N38350 X-0.0236 Y-0.177
N38355 X-0.0056 Y-0.1802
N38360 X0.0128 Y-0.1826
N38365 X0.0313 Y-0.184
N38370 X0.0494 Y-0.1846
N38375 X0.0583 Y-0.1844
N38380 X0.0698 Y-0.1835
N38385 X0.0811 Y-0.181
N38390 X0.092 Y-0.177
N38395 G3 X0.1029 Y-0.1454 Z-0.4488 I-0.0104 J0.0212
N38400 X0.0909 Y-0.134 I-0.0212 J-0.0103
N38405 G1 X-0.1781 Y-0.0198
N38410 G3 X-0.1938 Y-0.0188 I-0.0092 J-0.0217
N38415 X-0.21 Y-0.048 Z-0.4567 I0.0065 J-0.0227
N38420 G1 X-0.205 Y-0.0634
N38425 X-0.2032 Y-0.0674
N38430 X-0.1849 Y-0.0991
N38435 X-0.18 Y-0.107
N38440 X-0.1704 Y-0.1177
N38445 X-0.1514 Y-0.1387
N38450 X-0.149 Y-0.141
N38455 X-0.1466 Y-0.1429
N38460 X-0.1149 Y-0.1659
N38465 X-0.1109 Y-0.1685
N38470 X-0.1068 Y-0.1704
N38475 X-0.0712 Y-0.1862
N38480 X-0.0674 Y-0.1875
N38485 X-0.0277 Y-0.196
N38490 X-0.0238 Y-0.1967
N38495 X-0.0198 Y-0.1969
N38500 X0.0198
N38505 X0.0238 Y-0.1967
N38510 X0.0277 Y-0.196
N38515 X0.0674 Y-0.1875
N38520 X0.0712 Y-0.1862
N38525 X0.107 Y-0.1703
N38530 X0.1109 Y-0.1685
N38535 X0.1149 Y-0.1659
N38540 X0.1466 Y-0.1429
N38545 X0.149 Y-0.141
N38550 X0.1514 Y-0.1387
N38555 X0.1793 Y-0.1077
N38560 X0.1794 Y-0.1066
N38565 X0.1791 Y-0.1056
N38570 X0.1771 Y-0.1025 Z-0.4564
N38575 X0.1752 Y-0.0994 Z-0.4555
N38580 X0.1733 Y-0.0966 Z-0.4541
N38585 X0.1716 Y-0.0939 Z-0.4522
N38590 X0.1701 Y-0.0915 Z-0.4498
N38595 X0.1688 Y-0.0895 Z-0.447
N38600 X0.1678 Y-0.0879 Z-0.4438
N38605 X0.167 Y-0.0867 Z-0.4404
N38610 X0.1665 Y-0.0859 Z-0.4368
N38615 X0.1664 Y-0.0857 Z-0.4331
N38620 Z0.1969
N38625 X1.6536 Y-0.7693
N38630 Z-0.4094
N38635 Z-0.4331
N38640 X1.6534 Y-0.7695 Z-0.4368
N38645 X1.6528 Y-0.7701 Z-0.4404
N38650 X1.6518 Y-0.7711 Z-0.4438
N38655 X1.6505 Y-0.7726 Z-0.447
N38660 X1.6489 Y-0.7743 Z-0.4498
N38665 X1.647 Y-0.7764 Z-0.4522
N38670 X1.6448 Y-0.7787 Z-0.4541
N38675 X1.6425 Y-0.7812 Z-0.4555
N38680 X1.64 Y-0.7838 Z-0.4564
N38685 X1.6375 Y-0.7865 Z-0.4567
N38690 G3 X1.6226 Y-0.8136 I0.0455 J-0.0426
N38695 G1 X1.6194 Y-0.8282
N38700 X1.6174 Y-0.8361
N38705 X1.6092 Y-0.8599
N38710 X1.5981 Y-0.8916
N38715 X1.5968 Y-0.8952
N38720 X1.5918 Y-0.9074
N38725 X1.5888 Y-0.9132
N38730 X1.5728 Y-0.9442
N38735 X1.5575 Y-0.9649
N38740 X1.5563 Y-0.9666
N38745 X1.5552 Y-0.9682
N38750 X1.5541 Y-0.9699
N38755 G3 X1.5508 Y-0.9819 Z-0.454 I0.0204 J-0.012
N38760 X1.5625 Y-1.0022 Z-0.4488 I0.0236 J0.
N38765 X1.5946 Y-0.9942 I0.012 J0.0203
N38770 G1 X1.629 Y-0.9382
N38775 G3 X1.6214 Y-0.9058 I-0.0201 J0.0123
N38780 X1.5888 Y-0.9132 Z-0.4567 I-0.0126 J-0.02
N38785 G1 X1.5784 Y-0.9312
N38790 X1.573 Y-0.94
N38795 X1.5586 Y-0.9629
N38800 X1.5485 Y-0.9788
N38805 X1.5457 Y-0.9827
N38810 X1.5423 Y-0.9867
N38815 X1.5254 Y-1.0051
N38820 X1.5202 Y-1.0105
N38825 X1.4964 Y-1.0342
N38830 X1.4779 Y-1.0509
N38835 X1.47 Y-1.0573
N38840 X1.469 Y-1.058
N38845 X1.4383 Y-1.0774
N38850 X1.4303 Y-1.0823
N38855 X1.4224 Y-1.0873
N38860 X1.4043 Y-1.0976
N38865 X1.3986 Y-1.1008
N38870 X1.3828 Y-1.1069
N38875 X1.3749 Y-1.1097
N38880 X1.3531 Y-1.1173
N38885 G3 X1.3382 Y-1.1419 I0.0086 J-0.022
N38890 G1 X1.3386 Y-1.1456 Z-0.4564
N38895 X1.339 Y-1.1492 Z-0.4555
N38900 X1.3394 Y-1.1526 Z-0.4541
N38905 X1.3398 Y-1.1557 Z-0.4522
N38910 X1.3401 Y-1.1585 Z-0.4498
N38915 X1.3403 Y-1.1609 Z-0.447
N38920 X1.3405 Y-1.1629 Z-0.4438
N38925 X1.3407 Y-1.1643 Z-0.4404
N38930 X1.3408 Y-1.1651 Z-0.4368
N38935 Y-1.1654 Z-0.4331
N38940 Z0.1969
N38945 X1.2587 Y1.1617
N38950 Z-0.4094
N38955 Z-0.4331
N38960 X1.2589 Y1.1615 Z-0.4368
N38965 X1.2595 Y1.1609 Z-0.4404
N38970 X1.2606 Y1.16 Z-0.4438
N38975 X1.262 Y1.1587 Z-0.447
N38980 X1.2638 Y1.1571 Z-0.4498
N38985 X1.2659 Y1.1552 Z-0.4522
N38990 X1.2682 Y1.1531 Z-0.4541
N38995 X1.2708 Y1.1508 Z-0.4555
N39000 X1.2735 Y1.1483 Z-0.4564
N39005 X1.2762 Y1.1459 Z-0.4567
N39010 G3 X1.3036 Y1.1315 I0.0418 J0.0462
N39015 G1 X1.3194 Y1.1283
N39020 X1.3273 Y1.1262
N39025 X1.3511 Y1.118
N39030 X1.3749 Y1.1097
N39035 X1.3828 Y1.1069
N39040 X1.3986 Y1.1008
N39045 X1.4003 Y1.0998
N39050 X1.4316 Y1.0843
N39055 X1.4602 Y1.0643
N39060 X1.4616 Y1.063
N39065 X1.4631 Y1.0618
N39070 X1.4647 Y1.0607
N39075 G3 X1.497 Y1.0692 Z-0.4488 I0.0119 J0.0204
N39080 X1.4888 Y1.1013 I-0.0204 J0.0119
N39085 G1 X1.4249 Y1.1402
N39090 G3 X1.3924 Y1.1323 I-0.0123 J-0.0202
N39095 X1.4003 Y1.0998 Z-0.4567 I0.0202 J-0.0122
N39100 G1 X1.4066 Y1.0963
N39105 X1.4224 Y1.0873
N39110 X1.4312 Y1.0818
N39115 X1.462 Y1.0624
N39120 X1.469 Y1.058
N39125 X1.47 Y1.0573
N39130 X1.4779 Y1.0509
N39135 X1.4964 Y1.0342
N39140 X1.5202 Y1.0105
N39145 X1.5254 Y1.0051
N39150 X1.5423 Y0.9867
N39155 X1.5457 Y0.9827
N39160 X1.5485 Y0.9788
N39165 X1.5586 Y0.9629
N39170 X1.5735 Y0.9391
N39175 X1.5784 Y0.9312
N39180 X1.5888 Y0.9132
N39185 X1.5918 Y0.9074
N39190 X1.5968 Y0.8952
N39195 X1.5981 Y0.8916
N39200 X1.6086 Y0.8618
N39205 X1.6101 Y0.8585
N39210 X1.6122 Y0.8555
N39215 X1.6144 Y0.8536 Z-0.4565
N39220 X1.6166 Y0.8517 Z-0.456
N39225 X1.6187 Y0.8499 Z-0.4551
N39230 X1.6216 Y0.8489 Z-0.4536
N39235 X1.6243 Y0.8479 Z-0.4516
N39240 X1.6267 Y0.847 Z-0.4493
N39245 X1.6289 Y0.8468 Z-0.4467
N39250 X1.6306 Y0.8467 Z-0.4438
N39255 X1.632 Y0.8468 Z-0.4404
N39260 X1.6329 Z-0.4368
N39265 X1.6332 Z-0.4331
N39270 Z0.1969
N39275 X-1.5293 Y-1.32
N39280 Z-0.5429
N39285 Z-0.5665
N39290 X-1.5292 Y-1.3197 Z-0.5702
N39295 X-1.529 Y-1.3189 Z-0.5738
N39300 X-1.5286 Y-1.3175 Z-0.5773
N39305 X-1.5282 Y-1.3156 Z-0.5804
N39310 X-1.5276 Y-1.3133 Z-0.5832
N39315 X-1.5269 Y-1.3106 Z-0.5856
N39320 X-1.5261 Y-1.3075 Z-0.5876
N39325 X-1.5252 Y-1.3042 Z-0.589
N39330 X-1.5243 Y-1.3007 Z-0.5899
N39335 X-1.5234 Y-1.2971 Z-0.5902
N39340 G3 X-1.5049 Y-1.1685 I-0.5842 J0.1496
N39345 G1 Y-1.1657
N39350 X-1.5089 Y-1.1614
N39355 X-1.5363 Y-1.1398
N39360 X-1.558 Y-1.1125
N39365 X-1.5743 Y-1.0816
N39370 X-1.586 Y-1.0487
N39375 X-1.5942 Y-1.0148
N39380 X-1.5998 Y-0.9804
N39385 X-1.6035 Y-0.9457
N39390 X-1.6059 Y-0.9109
N39395 X-1.6075 Y-0.8761
N39400 X-1.6083 Y-0.8676
N39405 X-1.6099 Y-0.8592
N39410 X-1.6123 Y-0.8511
N39415 X-1.6174 Y-0.8361
N39420 X-1.6194 Y-0.8282
N39425 X-1.6229 Y-0.8123
N39430 X-1.6285 Y-0.7633
N39435 X-1.6291 Y-0.7568
N39440 X-1.6304 Y-0.741
N39445 X-1.6309 Y-0.7331
N39450 Y0.7331
N39455 X-1.6304 Y0.741
N39460 X-1.6291 Y0.7568
N39465 X-1.6283 Y0.7648
N39470 X-1.6229 Y0.8123
N39475 X-1.6226 Y0.8136
N39480 X-1.6207 Y0.8249
N39485 X-1.6167 Y0.8595
N39490 X-1.6142 Y0.8943
N39495 X-1.6127 Y0.9292
N39500 X-1.6118 Y0.9641
N39505 X-1.6095 Y0.9813
N39510 X-1.5983 Y1.0144
N39515 X-1.5776 Y1.0425
N39520 X-1.5507 Y1.0647
N39525 X-1.5202 Y1.0816
N39530 X-1.4875 Y1.0938
N39535 X-1.4537 Y1.1023
N39540 X-1.4193 Y1.1082
N39545 X-1.3846 Y1.112
N39550 X-1.3754 Y1.1127
N39555 X-1.3679 Y1.1136
N39560 X-1.3604 Y1.1151
N39565 X-1.3531 Y1.1173
N39570 X-1.3353 Y1.1235
N39575 X-1.3273 Y1.1262
N39580 X-1.3194 Y1.1283
N39585 X-1.3036 Y1.1315
N39590 X-1.2956 Y1.1327
N39595 X-1.255 Y1.1373
N39600 X-1.2481 Y1.138
N39605 X-1.2243 Y1.1397
N39610 X-1.2085 Y1.1398
N39615 X-0.4873
N39620 X-0.4636 Y1.1394
N39625 X-0.4557 Y1.1384
N39630 X-0.4398 Y1.1362
N39635 X-0.424 Y1.1337
N39640 X-0.416 Y1.1324
N39645 X-0.3888 Y1.1283
N39650 X-0.3541 Y1.1248
N39655 X-0.3193 Y1.1226
N39660 X-0.2844 Y1.1213
N39665 X-0.2495 Y1.1205
N39670 X-0.2147 Y1.12
N39675 X-0.1798 Y1.1197
N39680 X-0.1449 Y1.1195
N39685 X-0.11 Y1.1193
N39690 X-0.0402 Y1.1192
N39695 X0.0993 Y1.1191
N39700 X0.3579
N39705 X0.3697 Y1.1199
N39710 X0.3812 Y1.1223
N39715 X0.3923 Y1.1263
N39720 X0.4016 Y1.1293
N39725 X0.4081 Y1.1308
N39730 X0.416 Y1.1324
N39735 X0.4319 Y1.135
N39740 X0.4398 Y1.1362
N39745 X0.4557 Y1.1384
N39750 X0.4636 Y1.1394
N39755 X0.4873 Y1.1398
N39760 X1.2164
N39765 X1.2243 Y1.1397
N39770 X1.2481 Y1.138
N39775 X1.2639 Y1.1362
N39780 X1.2956 Y1.1327
N39785 X1.3036 Y1.1315
N39790 X1.3255 Y1.1282
N39795 X1.3602 Y1.1247
N39800 X1.395 Y1.1226
N39805 X1.4299 Y1.1213
N39810 X1.4648 Y1.1205
N39815 X1.4986 Y1.1121
N39820 X1.5279 Y1.0931
N39825 X1.5514 Y1.0673
N39830 X1.5694 Y1.0374
N39835 X1.5826 Y1.0051
N39840 X1.5918 Y0.9715
N39845 X1.5982 Y0.9372
N39850 X1.6024 Y0.9026
N39855 X1.604 Y0.8834
N39860 X1.6049 Y0.8761
N39865 X1.6064 Y0.8688
N39870 X1.6086 Y0.8618
N39875 X1.6174 Y0.8361
N39880 X1.6194 Y0.8282
N39885 X1.6229 Y0.8123
N39890 X1.6285 Y0.7633
N39895 X1.6291 Y0.7568
N39900 X1.6304 Y0.741
N39905 X1.6309 Y0.7331
N39910 Y-0.7331
N39915 X1.6304 Y-0.741
N39920 X1.6291 Y-0.7568
N39925 X1.6283 Y-0.7648
N39930 X1.6229 Y-0.8123
N39935 X1.6226 Y-0.8136
N39940 X1.6208 Y-0.8248
N39945 X1.6167 Y-0.8595
N39950 X1.6142 Y-0.8943
N39955 X1.6127 Y-0.9291
N39960 X1.6118 Y-0.964
N39965 X1.6095 Y-0.9813
N39970 X1.5984 Y-1.0144
N39975 X1.5776 Y-1.0424
N39980 X1.5508 Y-1.0647
N39985 X1.5202 Y-1.0815
N39990 X1.4875 Y-1.0938
N39995 X1.4537 Y-1.1023
N40000 X1.4193 Y-1.1081
N40005 X1.3847 Y-1.112
N40010 X1.3754 Y-1.1127
N40015 X1.3679 Y-1.1136
N40020 X1.3604 Y-1.1151
N40025 X1.3531 Y-1.1173
N40030 X1.3353 Y-1.1235
N40035 X1.3273 Y-1.1262
N40040 X1.3194 Y-1.1283
N40045 X1.3036 Y-1.1315
N40050 X1.2956 Y-1.1327
N40055 X1.255 Y-1.1373
N40060 X1.2481 Y-1.138
N40065 X1.2243 Y-1.1397
N40070 X1.2085 Y-1.1398
N40075 X-1.2164
N40080 X-1.2243 Y-1.1397
N40085 X-1.2481 Y-1.138
N40090 X-1.2639 Y-1.1362
N40095 X-1.2956 Y-1.1327
N40100 X-1.3036 Y-1.1315
N40105 X-1.3255 Y-1.1282
N40110 X-1.3602 Y-1.1247
N40115 X-1.395 Y-1.1226
N40120 X-1.4287 Y-1.1134
N40125 X-1.4589 Y-1.096
N40130 X-1.4845 Y-1.0723
N40135 X-1.5053 Y-1.0443
N40140 X-1.5211 Y-1.0141
N40145 X-1.5249 Y-1.0076
N40150 X-1.5291 Y-1.0015
N40155 X-1.534 Y-0.9958
N40160 G3 X-1.5624 Y-0.9918 I-0.0169 J-0.0166
N40165 G1 X-1.5657 Y-0.9936 Z-0.5899
N40170 X-1.5688 Y-0.9954 Z-0.589
N40175 X-1.5718 Y-0.9971 Z-0.5876
N40180 X-1.5745 Y-0.9986 Z-0.5856
N40185 X-1.577 Y-1. Z-0.5832
N40190 X-1.5791 Y-1.0012 Z-0.5804
N40195 X-1.5808 Y-1.0021 Z-0.5773
N40200 X-1.582 Y-1.0028 Z-0.5738
N40205 X-1.5827 Y-1.0033 Z-0.5702
N40210 X-1.583 Y-1.0034 Z-0.5665
N40215 Z0.1969
N40220 X-1.2587 Y-1.1617
N40225 Z-0.5429
N40230 Z-0.5665
N40235 X-1.2589 Y-1.1615 Z-0.5702
N40240 X-1.2595 Y-1.1609 Z-0.5738
N40245 X-1.2606 Y-1.16 Z-0.5773
N40250 X-1.262 Y-1.1587 Z-0.5804
N40255 X-1.2638 Y-1.1571 Z-0.5832
N40260 X-1.2659 Y-1.1552 Z-0.5856
N40265 X-1.2682 Y-1.1531 Z-0.5876
N40270 X-1.2708 Y-1.1508 Z-0.589
N40275 X-1.2735 Y-1.1483 Z-0.5899
N40280 X-1.2762 Y-1.1459 Z-0.5902
N40285 G3 X-1.3036 Y-1.1315 I-0.0418 J-0.0462
N40290 G1 X-1.3194 Y-1.1283
N40295 X-1.3273 Y-1.1262
N40300 X-1.3511 Y-1.118
N40305 X-1.3749 Y-1.1097
N40310 X-1.3828 Y-1.1069
N40315 X-1.3986 Y-1.1008
N40320 X-1.4066 Y-1.0963
N40325 X-1.4224 Y-1.0873
N40330 X-1.4312 Y-1.0818
N40335 X-1.462 Y-1.0624
N40340 X-1.469 Y-1.058
N40345 X-1.47 Y-1.0573
N40350 X-1.4779 Y-1.0509
N40355 X-1.4964 Y-1.0342
N40360 X-1.5202 Y-1.0105
N40365 X-1.5254 Y-1.0051
N40370 X-1.5423 Y-0.9867
N40375 X-1.5457 Y-0.9827
N40380 X-1.5485 Y-0.9788
N40385 X-1.5586 Y-0.9629
N40390 X-1.5735 Y-0.9391
N40395 X-1.5784 Y-0.9312
N40400 X-1.5888 Y-0.9132
N40405 X-1.5918 Y-0.9074
N40410 X-1.5968 Y-0.8952
N40415 X-1.5981 Y-0.8916
N40420 X-1.6092 Y-0.8599
N40425 X-1.6123 Y-0.8511
N40430 G3 X-1.6368 Y-0.8361 I-0.022 J-0.0085
N40435 G1 X-1.6405 Y-0.8365 Z-0.5899
N40440 X-1.6441 Y-0.8368 Z-0.589
N40445 X-1.6475 Y-0.8372 Z-0.5876
N40450 X-1.6506 Y-0.8375 Z-0.5856
N40455 X-1.6534 Y-0.8378 Z-0.5832
N40460 X-1.6558 Y-0.8381 Z-0.5804
N40465 X-1.6577 Y-0.8383 Z-0.5773
N40470 X-1.6592 Y-0.8384 Z-0.5738
N40475 X-1.66 Y-0.8385 Z-0.5702
N40480 X-1.6603 Y-0.8386 Z-0.5665
N40485 Z0.1969
N40490 X-1.6536 Y0.7693
N40495 Z-0.5429
N40500 Z-0.5665
N40505 X-1.6534 Y0.7695 Z-0.5702
N40510 X-1.6528 Y0.7701 Z-0.5738
N40515 X-1.6518 Y0.7711 Z-0.5773
N40520 X-1.6505 Y0.7726 Z-0.5804
N40525 X-1.6489 Y0.7743 Z-0.5832
N40530 X-1.647 Y0.7764 Z-0.5856
N40535 X-1.6448 Y0.7787 Z-0.5876
N40540 X-1.6425 Y0.7812 Z-0.589
N40545 X-1.64 Y0.7838 Z-0.5899
N40550 X-1.6375 Y0.7865 Z-0.5902
N40555 G3 X-1.6226 Y0.8136 I-0.0455 J0.0425
N40560 G1 X-1.6194 Y0.8282
N40565 X-1.6174 Y0.8361
N40570 X-1.6092 Y0.8599
N40575 X-1.5981 Y0.8916
N40580 X-1.5968 Y0.8952
N40585 X-1.5918 Y0.9074
N40590 X-1.5888 Y0.9132
N40595 X-1.5728 Y0.9442
N40600 X-1.5575 Y0.9649
N40605 X-1.5563 Y0.9666
N40610 X-1.5552 Y0.9682
N40615 X-1.5541 Y0.9699
N40620 G3 X-1.5508 Y0.9819 Z-0.5875 I-0.0204 J0.012
N40625 X-1.5625 Y1.0022 Z-0.5823 I-0.0236 J0.
N40630 X-1.5946 Y0.9942 I-0.012 J-0.0203
N40635 G1 X-1.629 Y0.9382
N40640 G3 X-1.6214 Y0.9058 I0.0201 J-0.0123
N40645 X-1.5888 Y0.9132 Z-0.5902 I0.0126 J0.02
N40650 G1 X-1.5784 Y0.9312
N40655 X-1.573 Y0.94
N40660 X-1.5586 Y0.9629
N40665 X-1.5485 Y0.9788
N40670 X-1.5457 Y0.9827
N40675 X-1.5423 Y0.9867
N40680 X-1.5254 Y1.0051
N40685 X-1.5202 Y1.0105
N40690 X-1.4964 Y1.0342
N40695 X-1.4779 Y1.0509
N40700 X-1.47 Y1.0573
N40705 X-1.469 Y1.058
N40710 X-1.4383 Y1.0774
N40715 X-1.4303 Y1.0823
N40720 X-1.4224 Y1.0873
N40725 X-1.4043 Y1.0976
N40730 X-1.3986 Y1.1008
N40735 X-1.3828 Y1.1069
N40740 X-1.3749 Y1.1097
N40745 X-1.3531 Y1.1173
N40750 G3 X-1.3441 Y1.1236 Z-0.5878 I-0.0086 J0.022
N40755 G2 X-1.3264 Y1.1426 Z-0.5823 I0.4654 J-0.4148
N40760 X-1.2209 Y1.2299 I0.4477 J-0.4338
N40765 X-1.2083 Y1.2338 I0.013 J-0.0197
N40770 G1 X-0.5671 Y1.2446
N40775 G2 X-0.5544 Y1.2412 I0.0004 J-0.0236
N40780 X-0.4442 Y1.1558 I-0.3244 J-0.5324
N40785 X-0.4276 Y1.1391 Z-0.5873 I-0.4345 J-0.447
N40790 G3 X-0.416 Y1.1324 Z-0.5902 I0.0171 J0.0163
N40795 G1 X-0.4081 Y1.1308
N40800 X-0.4016 Y1.1293
N40805 X-0.3923 Y1.1263
N40810 X-0.3843 Y1.1228
N40815 X-0.3685 Y1.1154
N40820 X-0.3645 Y1.1135
N40825 X-0.3526 Y1.1074
N40830 X-0.3446 Y1.1038
N40835 X-0.3359 Y1.1003
N40840 X-0.3249 Y1.0966
N40845 X-0.3114 Y1.0927
N40850 X-0.2939 Y1.0886
N40855 X-0.2708 Y1.0844
N40860 X-0.2377 Y1.0799
N40865 X-0.2029 Y1.077
N40870 X-0.1681 Y1.0752
N40875 X-0.1332 Y1.074
N40880 X-0.0983 Y1.0732
N40885 X-0.0634 Y1.0727
N40890 X-0.0285 Y1.0724
N40895 X0.0063 Y1.0722
N40900 X0.0412 Y1.0721
N40905 X0.111 Y1.072
N40910 X0.2506 Y1.0719
N40915 X0.2708
N40920 X0.2849 Y1.073
N40925 X0.2987 Y1.0765
N40930 X0.3117 Y1.0821
N40935 X0.3236 Y1.0898
N40940 X0.3289 Y1.0939
N40945 X0.3348 Y1.0976
N40950 X0.3368 Y1.0989
N40955 X0.3447 Y1.1033
N40960 X0.3645 Y1.1135
N40965 X0.3685 Y1.1154
N40970 X0.3843 Y1.1228
N40975 X0.3923 Y1.1263
N40980 G3 X0.4044 Y1.1574 Z-0.5823 I-0.0095 J0.0216
N40985 X0.3825 Y1.1716 I-0.0216 J-0.0095
N40990 G1 X-0.3552 Y1.1649
N40995 G3 X-0.3775 Y1.134 I0.0002 J-0.0236
N41000 G1 X-0.3764 Y1.1313 Z-0.5829
N41005 X-0.375 Y1.1287 Z-0.5835
N41010 G3 X-0.3526 Y1.1074 Z-0.5902 I0.0528 J0.0331
N41015 G1 X-0.3447 Y1.1033
N41020 X-0.3368 Y1.0989
N41025 X-0.3348 Y1.0976
N41030 X-0.3289 Y1.0939
N41035 X-0.3209 Y1.0878
N41040 X-0.3141 Y1.0818
N41045 X-0.3097 Y1.0779
N41050 X-0.3048 Y1.0745
N41055 X-0.2991 Y1.0709
N41060 X-0.2929 Y1.0674
N41065 X-0.2855 Y1.0637
N41070 X-0.2762 Y1.0595
N41075 X-0.2657 Y1.0555
N41080 X-0.2526 Y1.0511
N41085 X-0.2366 Y1.0467
N41090 X-0.216 Y1.042
N41095 X-0.1892 Y1.0373
N41100 X-0.1546 Y1.033
N41105 X-0.1198 Y1.0301
N41110 X-0.085 Y1.0283
N41115 X-0.0501 Y1.027
N41120 X-0.0153 Y1.0262
N41125 X0.0196 Y1.0257
N41130 X0.0545 Y1.0253
N41135 X0.0894 Y1.0251
N41140 X0.1243 Y1.0249
N41145 X0.194 Y1.0248
N41150 X0.2208 Y1.025
N41155 X0.2267 Y1.0254
N41160 X0.2424 Y1.0278
N41165 X0.2574 Y1.033
N41170 X0.2712 Y1.0409
N41175 X0.2834 Y1.0512
N41180 X0.2901 Y1.058
N41185 X0.2979 Y1.0659
N41190 X0.3058 Y1.0739
N41195 X0.3141 Y1.0818
N41200 X0.3209 Y1.0878
N41205 X0.3236 Y1.0898
N41210 G3 X0.3268 Y1.1231 Z-0.5823 I-0.015 J0.0182
N41215 X0.3082 Y1.1317 I-0.0182 J-0.015
N41220 G1 X-0.2976 Y1.1219
N41225 G3 X-0.3138 Y1.1152 I0.0004 J-0.0236
N41230 X-0.3141 Y1.0818 Z-0.5902 I0.0165 J-0.0169
N41235 G1 X-0.3058 Y1.0739
N41240 X-0.2972 Y1.0652
N41245 X-0.2892 Y1.0572
N41250 X-0.2813 Y1.0491
N41255 X-0.2772 Y1.0449
N41260 X-0.2727 Y1.041
N41265 X-0.2681 Y1.0373
N41270 X-0.2627 Y1.0335
N41275 X-0.256 Y1.0293
N41280 X-0.2489 Y1.0252
N41285 X-0.2402 Y1.0208
N41290 X-0.2293 Y1.0159
N41295 X-0.2178 Y1.0114
N41300 X-0.203 Y1.0064
N41305 X-0.1858 Y1.0016
N41310 X-0.1637 Y0.9965
N41315 X-0.1351 Y0.9913
N41320 X-0.1005 Y0.9869
N41325 X-0.0657 Y0.9838
N41330 X-0.0309 Y0.9818
N41335 X0.004 Y0.9804
N41340 X0.0388 Y0.9794
N41345 X0.0737 Y0.9788
N41350 X0.1086 Y0.9783
N41355 X0.1435 Y0.978
N41360 X0.171 Y0.9782
N41365 X0.1863 Y0.9791
N41370 X0.2014 Y0.9807
N41375 X0.2164 Y0.9844
N41380 X0.2306 Y0.9908
N41385 X0.2434 Y0.9996
N41390 X0.2544 Y1.0105
N41395 X0.2633 Y1.0233
N41400 X0.2696 Y1.0342
N41405 X0.2734 Y1.0394
N41410 X0.2813 Y1.0491
N41415 X0.2834 Y1.0512
N41420 G3 X0.2819 Y1.0846 Z-0.5823 I-0.0174 J0.0159
N41425 X0.2658 Y1.0908 I-0.016 J-0.0174
N41430 G1 X-0.2627 Y1.0871
N41435 G3 X-0.277 Y1.0822 I0.0002 J-0.0236
N41440 X-0.2813 Y1.0491 Z-0.5902 I0.0144 J-0.0187
N41445 G1 X-0.2734 Y1.0394
N41450 X-0.2696 Y1.0342
N41455 X-0.2637 Y1.0239
N41460 X-0.2605 Y1.0189
N41465 X-0.2569 Y1.0142
N41470 X-0.253 Y1.0098
N41475 X-0.2488 Y1.0057
N41480 X-0.2441 Y1.0015
N41485 X-0.2391 Y0.9975
N41490 X-0.2329 Y0.993
N41495 X-0.2259 Y0.9884
N41500 X-0.2178 Y0.9837
N41505 X-0.2078 Y0.9784
N41510 X-0.1973 Y0.9736
N41515 X-0.1838 Y0.9681
N41520 X-0.1688 Y0.9629
N41525 X-0.15 Y0.9573
N41530 X-0.1281 Y0.952
N41535 X-0.0995 Y0.9465
N41540 X-0.065 Y0.9415
N41545 X-0.0302 Y0.9381
N41550 X0.0046 Y0.9357
N41555 X0.0394 Y0.934
N41560 X0.0743 Y0.9328
N41565 X0.1092 Y0.9322
N41570 X0.136 Y0.9324
N41575 X0.1546 Y0.9335
N41580 X0.1667 Y0.9348
N41585 X0.1794 Y0.9368
N41590 X0.1828 Y0.9375
N41595 X0.1958 Y0.9413
N41600 X0.208 Y0.947
N41605 X0.2192 Y0.9546
N41610 X0.2291 Y0.9638
N41615 X0.2374 Y0.9745
N41620 X0.244 Y0.9863
N41625 X0.2481 Y0.9946
N41630 X0.2575 Y1.0131
N41635 X0.2633 Y1.0233
N41640 G3 X0.2535 Y1.0552 Z-0.5823 I-0.0209 J0.011
N41645 X0.2425 Y1.0579 I-0.011 J-0.0209
N41650 G1 X-0.2428 Y1.0585
N41655 G3 X-0.2538 Y1.0558 I0. J-0.0236
N41660 X-0.2637 Y1.0239 Z-0.5902 I0.011 J-0.0209
N41665 G1 X-0.2575 Y1.0131
N41670 X-0.2481 Y0.9946
N41675 X-0.2469 Y0.9922
N41680 X-0.244 Y0.9871
N41685 X-0.2409 Y0.9821
N41690 X-0.2373 Y0.9773
N41695 X-0.2335 Y0.9728
N41700 X-0.2294 Y0.9686
N41705 X-0.2248 Y0.9642
N41710 X-0.2195 Y0.9596
N41715 X-0.2132 Y0.9547
N41720 X-0.2062 Y0.9497
N41725 X-0.1977 Y0.9443
N41730 X-0.1886 Y0.9392
N41735 X-0.1771 Y0.9333
N41740 X-0.165 Y0.9279
N41745 X-0.1494 Y0.9218
N41750 X-0.1325 Y0.9162
N41755 X-0.1111 Y0.9102
N41760 X-0.0854 Y0.9043
N41765 X-0.0525 Y0.8984
N41770 X-0.0179 Y0.894
N41775 X0.0168 Y0.8908
N41780 X0.0516 Y0.8886
N41785 X0.0865 Y0.8874
N41790 X0.1119 Y0.8877
N41795 X0.1297 Y0.8888
N41800 X0.1432 Y0.8903
N41805 X0.1556 Y0.8923
N41810 X0.1655 Y0.8943
N41815 X0.1751 Y0.8968
N41820 X0.1762 Y0.8972
N41825 X0.1903 Y0.903
N41830 X0.2031 Y0.9112
N41835 X0.2143 Y0.9216
N41840 X0.2236 Y0.9337
N41845 X0.2305 Y0.9473
N41850 X0.235 Y0.9619
N41855 G3 X0.2158 Y0.9892 Z-0.5823 I-0.0233 J0.0041
N41860 G1 X0.2136 Y0.9895
N41865 X-0.2235 Y1.0255
N41870 G3 X-0.2352 Y1.0235 I-0.0019 J-0.0235
N41875 X-0.2469 Y0.9922 Z-0.5902 I0.0098 J-0.0215
N41880 G1 X-0.2442 Y0.9867
N41885 X-0.2405 Y0.9788
N41890 X-0.2375 Y0.9708
N41895 X-0.2357 Y0.9645
N41900 X-0.2337 Y0.9589
N41905 X-0.2313 Y0.9535
N41910 X-0.2284 Y0.9484
N41915 X-0.2251 Y0.9435
N41920 X-0.2216 Y0.9387
N41925 X-0.2178 Y0.9342
N41930 X-0.2134 Y0.9296
N41935 X-0.2084 Y0.9246
N41940 X-0.2026 Y0.9195
N41945 X-0.1959 Y0.9142
N41950 X-0.1883 Y0.9087
N41955 X-0.1795 Y0.903
N41960 X-0.1694 Y0.8971
N41965 X-0.1577 Y0.891
N41970 X-0.1444 Y0.8849
N41975 X-0.1284 Y0.8785
N41980 X-0.1103 Y0.8722
N41985 X-0.089 Y0.866
N41990 X-0.0627 Y0.8597
N41995 X-0.0306 Y0.8536
N42000 X0.004 Y0.8488
N42005 X0.0383 Y0.8455
N42010 X0.0672 Y0.8442
N42015 X0.0903 Y0.8443
N42020 X0.1098 Y0.8453
N42025 X0.1238 Y0.8467
N42030 X0.1376 Y0.8488
N42035 X0.1475 Y0.8508
N42040 X0.1578 Y0.8534
N42045 X0.1668 Y0.8561
N42050 X0.1743 Y0.8588
N42055 X0.1758 Y0.8594
N42060 X0.1889 Y0.8662
N42065 X0.2006 Y0.8751
N42070 X0.2107 Y0.8858
N42075 X0.2188 Y0.8981
N42080 X0.2247 Y0.9116
N42085 X0.2282 Y0.9259
N42090 X0.2303 Y0.9391
N42095 X0.2318 Y0.947
N42100 X0.235 Y0.9619
N42105 G3 X0.2158 Y0.9892 Z-0.5823 I-0.0233 J0.0041
N42110 G1 X0.2139 Y0.9895
N42115 X0.212 Y0.9896
N42120 X-0.2125 Y0.994
N42125 X-0.2157 Y0.9939
N42130 X-0.2187 Y0.9933
N42135 G3 X-0.2357 Y0.9645 Z-0.5902 I0.0059 J-0.0229
N42140 G1 X-0.2352 Y0.9629
N42145 X-0.2318 Y0.947
N42150 X-0.2303 Y0.9391
N42155 X-0.2301 Y0.9378
N42160 X-0.2289 Y0.932
N42165 X-0.2271 Y0.9264
N42170 X-0.2248 Y0.921
N42175 X-0.2221 Y0.9157
N42180 X-0.2191 Y0.9106
N42185 X-0.2157 Y0.9057
N42190 X-0.2121 Y0.9009
N42195 X-0.2078 Y0.8959
N42200 X-0.203 Y0.8906
N42205 X-0.1973 Y0.8851
N42210 X-0.1909 Y0.8794
N42215 X-0.1833 Y0.8733
N42220 X-0.1751 Y0.8674
N42225 X-0.1651 Y0.8608
N42230 X-0.1546 Y0.8546
N42235 X-0.1414 Y0.8478
N42240 X-0.1275 Y0.8413
N42245 X-0.1102 Y0.8343
N42250 X-0.0912 Y0.8277
N42255 X-0.069 Y0.8211
N42260 X-0.0431 Y0.8148
N42265 X-0.0158 Y0.8096
N42270 X0.0111 Y0.8058
N42275 X0.0367 Y0.8034
N42280 X0.06 Y0.8024
N42285 X0.0801 Y0.8025
N42290 X0.0981 Y0.8034
N42295 X0.1143 Y0.8051
N42300 X0.1267 Y0.807
N42305 X0.1391 Y0.8095
N42310 X0.1488 Y0.8119
N42315 X0.1578 Y0.8147
N42320 X0.1668 Y0.8179
N42325 X0.1739 Y0.8209
N42330 X0.1753 Y0.8216
N42335 X0.1883 Y0.8291
N42340 X0.1997 Y0.8389
N42345 X0.2093 Y0.8504
N42350 X0.2168 Y0.8635
N42355 X0.2219 Y0.8776
N42360 X0.2245 Y0.8924
N42365 X0.2251 Y0.8995
N42370 X0.2266 Y0.9153
N42375 X0.228 Y0.9247
N42380 X0.2282 Y0.9259
N42385 G3 X0.2077 Y0.9522 Z-0.5823 I-0.0234 J0.0029
N42390 G1 X0.2054 Y0.9524
N42395 X-0.206 Y0.9643
N42400 X-0.2095 Y0.9641
N42405 G3 X-0.2301 Y0.9378 Z-0.5902 I0.0029 J-0.0234
N42410 G1 X-0.2278 Y0.9233
N42415 X-0.2266 Y0.9153
N42420 X-0.2259 Y0.9074
N42425 X-0.225 Y0.9016
N42430 X-0.2236 Y0.8958
N42435 X-0.2217 Y0.8903
N42440 X-0.2194 Y0.8848
N42445 X-0.2167 Y0.8796
N42450 X-0.2137 Y0.8745
N42455 X-0.2103 Y0.8694
N42460 X-0.2067 Y0.8643
N42465 X-0.2021 Y0.8587
N42470 X-0.1971 Y0.8531
N42475 X-0.1912 Y0.8471
N42480 X-0.1845 Y0.8409
N42485 X-0.1768 Y0.8346
N42490 X-0.1679 Y0.8278
N42495 X-0.1583 Y0.8212
N42500 X-0.1466 Y0.8141
N42505 X-0.1342 Y0.8073
N42510 X-0.1194 Y0.8001
N42515 X-0.1026 Y0.793
N42520 X-0.0848 Y0.7863
N42525 X-0.0644 Y0.7799
N42530 X-0.0423 Y0.7741
N42535 X-0.0195 Y0.7693
N42540 X0.0033 Y0.7656
N42545 X0.0256 Y0.7631
N42550 X0.047 Y0.7618
N42555 X0.0668 Y0.7615
N42560 X0.0845 Y0.7621
N42565 X0.1006 Y0.7635
N42570 X0.1157 Y0.7655
N42575 X0.1277 Y0.7677
N42580 X0.1392 Y0.7703
N42585 X0.1492 Y0.7732
N42590 X0.1574 Y0.776
N42595 X0.1664 Y0.7795
N42600 X0.1736 Y0.7828
N42605 X0.1804 Y0.7863
N42610 X0.181 Y0.7866
N42615 X0.1934 Y0.7952
N42620 X0.2041 Y0.8059
N42625 X0.2128 Y0.8183
N42630 X0.2192 Y0.832
N42635 X0.2231 Y0.8466
N42640 X0.2244 Y0.8617
N42645 Y0.8916
N42650 X0.2245 Y0.8924
N42655 G3 X0.2021 Y0.9172 Z-0.5823 I-0.0236 J0.0012
N42660 G1 X0.2018
N42665 X-0.2014 Y0.9325
N42670 X-0.2037 Y0.9324
N42675 G3 X-0.2259 Y0.9074 Z-0.5902 I0.0015 J-0.0236
N42680 G1 X-0.2251 Y0.8995
N42685 X-0.2244 Y0.8916
N42690 Y0.8793
N42695 X-0.2241 Y0.8734
N42700 X-0.2233 Y0.8675
N42705 X-0.2219 Y0.8618
N42710 X-0.22 Y0.8562
N42715 X-0.2178 Y0.8507
N42720 X-0.2153 Y0.8454
N42725 X-0.2124 Y0.8402
N42730 X-0.2093 Y0.8351
N42735 X-0.2053 Y0.8294
N42740 X-0.201 Y0.8237
N42745 X-0.1959 Y0.8176
N42750 X-0.19 Y0.8112
N42755 X-0.1834 Y0.8048
N42760 X-0.1756 Y0.7978
N42765 X-0.1672 Y0.791
N42770 X-0.1574 Y0.7839
N42775 X-0.1463 Y0.7766
N42780 X-0.1343 Y0.7695
N42785 X-0.1202 Y0.7621
N42790 X-0.1048 Y0.755
N42795 X-0.0885 Y0.7483
N42800 X-0.0703 Y0.742
N42805 X-0.0508 Y0.7362
N42810 X-0.0304 Y0.7312
N42815 X-0.0096 Y0.7271
N42820 X0.011 Y0.7242
N42825 X0.0312 Y0.7223
N42830 X0.0507 Y0.7214
N42835 X0.0691
N42840 X0.0859 Y0.7223
N42845 X0.1012 Y0.7239
N42850 X0.1157 Y0.726
N42855 X0.1289 Y0.7287
N42860 X0.1395 Y0.7314
N42865 X0.15 Y0.7346
N42870 X0.1592 Y0.7378
N42875 X0.1668 Y0.741
N42880 X0.1752 Y0.745
N42885 X0.1822 Y0.7487
N42890 X0.1943 Y0.7574
N42895 X0.2047 Y0.7681
N42900 X0.2131 Y0.7804
N42905 X0.2193 Y0.7939
N42910 X0.2231 Y0.8083
N42915 X0.2244 Y0.8231
N42920 Y0.8617
N42925 G3 X0.2018 Y0.8844 Z-0.5827 I-0.0236 J-0.0008
N42930 G1 X0.2 Y0.8845 Z-0.5823
N42935 X-0.1998 Y0.9021
N42940 X-0.2
N42945 G3 X-0.2244 Y0.8793 Z-0.5902 I-0.0008 J-0.0236
N42950 G1 Y0.8456
N42955 X-0.2241 Y0.8397
N42960 X-0.2233 Y0.8339
N42965 X-0.2221 Y0.8281
N42970 X-0.2204 Y0.8225
N42975 X-0.2183 Y0.8169
N42980 X-0.2159 Y0.8115
N42985 X-0.2132 Y0.8063
N42990 X-0.2101 Y0.8008
N42995 X-0.2063 Y0.7948
N43000 X-0.2021 Y0.7889
N43005 X-0.1971 Y0.7825
N43010 X-0.1914 Y0.776
N43015 X-0.185 Y0.7692
N43020 X-0.1774 Y0.762
N43025 X-0.1692 Y0.755
N43030 X-0.1599 Y0.7477
N43035 X-0.1491 Y0.7402
N43040 X-0.1378 Y0.733
N43045 X-0.1249 Y0.7257
N43050 X-0.1103 Y0.7183
N43055 X-0.0949 Y0.7115
N43060 X-0.0784 Y0.7051
N43065 X-0.0607 Y0.6992
N43070 X-0.0419 Y0.6939
N43075 X-0.0225 Y0.6895
N43080 X-0.0028 Y0.686
N43085 X0.0168 Y0.6836
N43090 X0.0359 Y0.6821
N43095 X0.0545 Y0.6815
N43100 X0.0723 Y0.6819
N43105 X0.0885 Y0.683
N43110 X0.1037 Y0.6848
N43115 X0.1179 Y0.6872
N43120 X0.1312 Y0.69
N43125 X0.1417 Y0.6929
N43130 X0.1522 Y0.6963
N43135 X0.1612 Y0.6997
N43140 X0.1688 Y0.703
N43145 X0.1771 Y0.7071
N43150 X0.1798 Y0.7085
N43155 X0.1925 Y0.7172
N43160 X0.2035 Y0.7279
N43165 X0.2124 Y0.7403
N43170 X0.219 Y0.7542
N43175 X0.2231 Y0.769
N43180 X0.2244 Y0.7843
N43185 Y0.8231
N43190 G3 X0.2021 Y0.8458 Z-0.5827 I-0.0236 J-0.0008
N43195 G1 X0.2 Y0.846 Z-0.5823
N43200 X-0.1995 Y0.8684
N43205 X-0.2
N43210 G3 X-0.2244 Y0.8456 Z-0.5902 I-0.0008 J-0.0236
N43215 G1 Y0.8099
N43220 X-0.2241 Y0.804
N43225 X-0.2234 Y0.7982
N43230 X-0.2222 Y0.7924
N43235 X-0.2206 Y0.7867
N43240 X-0.2187 Y0.7811
N43245 X-0.2164 Y0.7757
N43250 X-0.2138 Y0.7702
N43255 X-0.2108 Y0.7647
N43260 X-0.2071 Y0.7586
N43265 X-0.2029 Y0.7525
N43270 X-0.1981 Y0.746
N43275 X-0.1924 Y0.7392
N43280 X-0.1862 Y0.7324
N43285 X-0.1789 Y0.7252
N43290 X-0.1706 Y0.7178
N43295 X-0.1617 Y0.7106
N43300 X-0.1515 Y0.703
N43305 X-0.14 Y0.6954
N43310 X-0.1279 Y0.6882
N43315 X-0.1145 Y0.6811
N43320 X-0.0996 Y0.6741
N43325 X-0.0834 Y0.6674
N43330 X-0.0665 Y0.6614
N43335 X-0.0489 Y0.6561
N43340 X-0.0305 Y0.6515
N43345 X-0.0116 Y0.6477
N43350 X0.0076 Y0.6449
N43355 X0.0266 Y0.643
N43360 X0.0452 Y0.642
N43365 X0.063
N43370 X0.0798 Y0.6428
N43375 X0.0957 Y0.6443
N43380 X0.1107 Y0.6465
N43385 X0.1244 Y0.6492
N43390 X0.136 Y0.6521
N43395 X0.147 Y0.6554
N43400 X0.1569 Y0.6589
N43405 X0.1648 Y0.6621
N43410 X0.1735 Y0.6662
N43415 X0.1806 Y0.6699
N43420 X0.1819 Y0.6707
N43425 X0.194 Y0.6794
N43430 X0.2045 Y0.69
N43435 X0.213 Y0.7023
N43440 X0.2193 Y0.7159
N43445 X0.2231 Y0.7303
N43450 X0.2244 Y0.7452
N43455 Y0.7843
N43460 G3 X0.2023 Y0.807 Z-0.5828 I-0.0236 J-0.0008
N43465 G1 X0.2 Y0.8072 Z-0.5823
N43470 X-0.1993 Y0.8327
N43475 X-0.2
N43480 G3 X-0.2244 Y0.8099 Z-0.5902 I-0.0008 J-0.0236
N43485 G1 Y0.7727
N43490 X-0.2241 Y0.7668
N43495 X-0.2235 Y0.7609
N43500 X-0.2224 Y0.7551
N43505 X-0.2208 Y0.7494
N43510 X-0.2189 Y0.7438
N43515 X-0.2167 Y0.7384
N43520 X-0.2141 Y0.7328
N43525 X-0.2112 Y0.7272
N43530 X-0.2076 Y0.7212
N43535 X-0.2034 Y0.7148
N43540 X-0.1987 Y0.7084
N43545 X-0.1931 Y0.7014
N43550 X-0.1869 Y0.6945
N43555 X-0.1799 Y0.6874
N43560 X-0.1718 Y0.6799
N43565 X-0.1629 Y0.6725
N43570 X-0.1531 Y0.665
N43575 X-0.1419 Y0.6574
N43580 X-0.1296 Y0.6499
N43585 X-0.1167 Y0.6428
N43590 X-0.1025 Y0.6359
N43595 X-0.0871 Y0.6293
N43600 X-0.0705 Y0.6232
N43605 X-0.0531 Y0.6177
N43610 X-0.035 Y0.6129
N43615 X-0.0166 Y0.609
N43620 X0.0021 Y0.606
N43625 X0.0208 Y0.6039
N43630 X0.0392 Y0.6027
N43635 X0.0571 Y0.6024
N43640 X0.0742 Y0.603
N43645 X0.0905 Y0.6044
N43650 X0.1059 Y0.6064
N43655 X0.12 Y0.609
N43660 X0.133 Y0.612
N43665 X0.1433 Y0.615
N43670 X0.1542 Y0.6186
N43675 X0.1627 Y0.622
N43680 X0.1707 Y0.6256
N43685 X0.1788 Y0.6297
N43690 X0.1809 Y0.631
N43695 X0.1933 Y0.6396
N43700 X0.2041 Y0.6503
N43705 X0.2128 Y0.6627
N43710 X0.2192 Y0.6764
N43715 X0.2231 Y0.691
N43720 X0.2244 Y0.7061
N43725 Y0.7452
N43730 G3 X0.2024 Y0.768 Z-0.5828 I-0.0236 J-0.0008
N43735 G1 X0.2 Y0.7681 Z-0.5823
N43740 X-0.1992 Y0.7954
N43745 X-0.2 Y0.7955
N43750 G3 X-0.2244 Y0.7727 Z-0.5902 I-0.0008 J-0.0236
N43755 G1 Y0.7331
N43760 X-0.2241 Y0.7272
N43765 X-0.2234 Y0.7213
N43770 X-0.2222 Y0.7155
N43775 X-0.2206 Y0.7098
N43780 X-0.2187 Y0.7043
N43785 X-0.2164 Y0.6988
N43790 X-0.2138 Y0.6933
N43795 X-0.2106 Y0.6873
N43800 X-0.2071 Y0.6814
N43805 X-0.2027 Y0.6748
N43810 X-0.1978 Y0.6682
N43815 X-0.1923 Y0.6614
N43820 X-0.1857 Y0.6541
N43825 X-0.1786 Y0.6469
N43830 X-0.1706 Y0.6396
N43835 X-0.1613 Y0.6319
N43840 X-0.1513 Y0.6245
N43845 X-0.1404 Y0.6171
N43850 X-0.1281 Y0.6096
N43855 X-0.1145 Y0.6023
N43860 X-0.1002 Y0.5954
N43865 X-0.0851 Y0.589
N43870 X-0.0689 Y0.5831
N43875 X-0.0517 Y0.5777
N43880 X-0.0338 Y0.5731
N43885 X-0.0154 Y0.5693
N43890 X0.0032 Y0.5664
N43895 X0.0218 Y0.5644
N43900 X0.0402 Y0.5633
N43905 X0.0582 Y0.5631
N43910 X0.0756 Y0.5638
N43915 X0.0918 Y0.5652
N43920 X0.1068 Y0.5672
N43925 X0.1207 Y0.5699
N43930 X0.1336 Y0.5729
N43935 X0.1441 Y0.576
N43940 X0.1549 Y0.5797
N43945 X0.1631 Y0.5829
N43950 X0.1715 Y0.5868
N43955 X0.1793 Y0.5908
N43960 X0.1813 Y0.5919
N43965 X0.1936 Y0.6006
N43970 X0.2042 Y0.6113
N43975 X0.2129 Y0.6236
N43980 X0.2192 Y0.6373
N43985 X0.2231 Y0.6519
N43990 X0.2244 Y0.6669
N43995 Y0.7061
N44000 G3 X0.2024 Y0.7288 Z-0.5828 I-0.0236 J-0.0008
N44005 G1 X0.2 Y0.729 Z-0.5823
N44010 X-0.1992 Y0.7558
N44015 X-0.2 Y0.7559
N44020 G3 X-0.2244 Y0.7331 Z-0.5902 I-0.0008 J-0.0236
N44025 G1 Y0.6934
N44030 X-0.2241 Y0.6875
N44035 X-0.2233 Y0.6817
N44040 X-0.2221 Y0.6759
N44045 X-0.2205 Y0.6702
N44050 X-0.2185 Y0.6647
N44055 X-0.2163 Y0.6592
N44060 X-0.2136 Y0.6535
N44065 X-0.2104 Y0.6476
N44070 X-0.2067 Y0.6415
N44075 X-0.2023 Y0.6349
N44080 X-0.1974 Y0.6283
N44085 X-0.1917 Y0.6214
N44090 X-0.185 Y0.6141
N44095 X-0.1779 Y0.6069
N44100 X-0.1697 Y0.5995
N44105 X-0.1603 Y0.5918
N44110 X-0.1503 Y0.5843
N44115 X-0.1393 Y0.577
N44120 X-0.127 Y0.5695
N44125 X-0.1135 Y0.5623
N44130 X-0.0993 Y0.5555
N44135 X-0.0842 Y0.5492
N44140 X-0.0679 Y0.5433
N44145 X-0.0508 Y0.538
N44150 X-0.033 Y0.5334
N44155 X-0.0146 Y0.5297
N44160 X0.004 Y0.5268
N44165 X0.0226 Y0.5249
N44170 X0.041 Y0.5239
N44175 X0.0589 Y0.5237
N44180 X0.0762 Y0.5245
N44185 X0.0924 Y0.526
N44190 X0.1074 Y0.528
N44195 X0.1214 Y0.5307
N44200 X0.1342 Y0.5338
N44205 X0.1446 Y0.5369
N44210 X0.1554 Y0.5406
N44215 X0.1636 Y0.5439
N44220 X0.172 Y0.5478
N44225 X0.1797 Y0.5518
N44230 X0.1815 Y0.5528
N44235 X0.1938 Y0.5615
N44240 X0.2043 Y0.5722
N44245 X0.2129 Y0.5845
N44250 X0.2192 Y0.5981
N44255 X0.2231 Y0.6126
N44260 X0.2244 Y0.6276
N44265 Y0.6669
N44270 G3 X0.2024 Y0.6896 Z-0.5828 I-0.0236 J-0.0008
N44275 G1 X0.2 Y0.6898 Z-0.5823
N44280 X-0.1992 Y0.7162
N44285 X-0.2
N44290 G3 X-0.2244 Y0.6934 Z-0.5902 I-0.0008 J-0.0236
N44295 G1 Y0.6538
N44300 X-0.2241 Y0.6479
N44305 X-0.2233 Y0.6421
N44310 X-0.2221 Y0.6363
N44315 X-0.2204 Y0.6306
N44320 X-0.2184 Y0.6251
N44325 X-0.2162 Y0.6196
N44330 X-0.2134 Y0.6139
N44335 X-0.2102 Y0.608
N44340 X-0.2065 Y0.6018
N44345 X-0.202 Y0.5951
N44350 X-0.1971 Y0.5886
N44355 X-0.1914 Y0.5816
N44360 X-0.1847 Y0.5743
N44365 X-0.1775 Y0.5671
N44370 X-0.1692 Y0.5596
N44375 X-0.1599 Y0.5519
N44380 X-0.1499 Y0.5446
N44385 X-0.1389 Y0.5372
N44390 X-0.1265 Y0.5298
N44395 X-0.113 Y0.5225
N44400 X-0.0988 Y0.5158
N44405 X-0.0837 Y0.5095
N44410 X-0.0675 Y0.5037
N44415 X-0.0503 Y0.4984
N44420 X-0.0325 Y0.4939
N44425 X-0.0141 Y0.4902
N44430 X0.0045 Y0.4874
N44435 X0.0231 Y0.4855
N44440 X0.0414 Y0.4845
N44445 X0.0593 Y0.4844
N44450 X0.0766 Y0.4852
N44455 X0.0928 Y0.4867
N44460 X0.1077 Y0.4888
N44465 X0.1217 Y0.4915
N44470 X0.1346 Y0.4946
N44475 X0.1449 Y0.4977
N44480 X0.1557 Y0.5014
N44485 X0.1638 Y0.5047
N44490 X0.1722 Y0.5086
N44495 X0.18 Y0.5127
N44500 X0.1816 Y0.5136
N44505 X0.1939 Y0.5223
N44510 X0.2044 Y0.533
N44515 X0.213 Y0.5453
N44520 X0.2193 Y0.5589
N44525 X0.2231 Y0.5734
N44530 X0.2244 Y0.5883
N44535 Y0.6276
N44540 G3 X0.2023 Y0.6504 Z-0.5828 I-0.0236 J-0.0008
N44545 G1 X0.2 Y0.6505 Z-0.5823
N44550 X-0.1993 Y0.6766
N44555 X-0.2
N44560 G3 X-0.2244 Y0.6538 Z-0.5902 I-0.0008 J-0.0236
N44565 G1 Y0.6142
N44570 X-0.2241 Y0.6083
N44575 X-0.2233 Y0.6024
N44580 X-0.222 Y0.5967
N44585 X-0.2204 Y0.591
N44590 X-0.2184 Y0.5855
N44595 X-0.2161 Y0.58
N44600 X-0.2133 Y0.5742
N44605 X-0.2101 Y0.5683
N44610 X-0.2064 Y0.5621
N44615 X-0.2019 Y0.5555
N44620 X-0.197 Y0.5489
N44625 X-0.1912 Y0.5419
N44630 X-0.1845 Y0.5346
N44635 X-0.1773 Y0.5274
N44640 X-0.169 Y0.52
N44645 X-0.1596 Y0.5123
N44650 X-0.1496 Y0.5049
N44655 X-0.1386 Y0.4975
N44660 X-0.1262 Y0.4902
N44665 X-0.1127 Y0.4829
N44670 X-0.0985 Y0.4762
N44675 X-0.0833 Y0.47
N44680 X-0.0671 Y0.4641
N44685 X-0.05 Y0.4589
N44690 X-0.0321 Y0.4544
N44695 X-0.0138 Y0.4508
N44700 X0.0048 Y0.448
N44705 X0.0234 Y0.4461
N44710 X0.0417 Y0.4451
N44715 X0.0596
N44720 X0.0769 Y0.4458
N44725 X0.0931 Y0.4474
N44730 X0.108 Y0.4495
N44735 X0.122 Y0.4522
N44740 X0.1349 Y0.4554
N44745 X0.1452 Y0.4584
N44750 X0.1559 Y0.4622
N44755 X0.1641 Y0.4655
N44760 X0.1724 Y0.4694
N44765 X0.1802 Y0.4735
N44770 X0.1817 Y0.4744
N44775 X0.1939 Y0.4831
N44780 X0.2045 Y0.4937
N44785 X0.213 Y0.506
N44790 X0.2193 Y0.5196
N44795 X0.2231 Y0.5341
N44800 X0.2244 Y0.549
N44805 Y0.5883
N44810 G3 X0.2023 Y0.6111 Z-0.5828 I-0.0236 J-0.0008
N44815 G1 X0.2 Y0.6112 Z-0.5823
N44820 X-0.1993 Y0.6369
N44825 X-0.2 Y0.637
N44830 G3 X-0.2244 Y0.6142 Z-0.5902 I-0.0008 J-0.0236
N44835 G1 Y0.5762
N44840 X-0.2241 Y0.5703
N44845 X-0.2234 Y0.5644
N44850 X-0.2223 Y0.5586
N44855 X-0.2207 Y0.5529
N44860 X-0.2188 Y0.5473
N44865 X-0.2166 Y0.5419
N44870 X-0.2139 Y0.5361
N44875 X-0.2109 Y0.5304
N44880 X-0.2073 Y0.5242
N44885 X-0.203 Y0.5178
N44890 X-0.1983 Y0.5112
N44895 X-0.1926 Y0.5041
N44900 X-0.1863 Y0.4971
N44905 X-0.1792 Y0.4899
N44910 X-0.171 Y0.4823
N44915 X-0.1622 Y0.4749
N44920 X-0.1525 Y0.4675
N44925 X-0.1415 Y0.46
N44930 X-0.1293 Y0.4525
N44935 X-0.1165 Y0.4455
N44940 X-0.1026 Y0.4387
N44945 X-0.0876 Y0.4322
N44950 X-0.0714 Y0.4262
N44955 X-0.0544 Y0.4208
N44960 X-0.0367 Y0.4161
N44965 X-0.0185 Y0.4122
N44970 X-0.0001 Y0.4092
N44975 X0.0185 Y0.4071
N44980 X0.0368 Y0.4059
N44985 X0.0547 Y0.4056
N44990 X0.0721 Y0.4062
N44995 X0.0885 Y0.4075
N45000 X0.1041 Y0.4095
N45005 X0.1184 Y0.4121
N45010 X0.1317 Y0.4152
N45015 X0.1423 Y0.4182
N45020 X0.1533 Y0.4219
N45025 X0.162 Y0.4253
N45030 X0.17 Y0.4289
N45035 X0.1783 Y0.4331
N45040 X0.1808 Y0.4345
N45045 X0.1932 Y0.4432
N45050 X0.204 Y0.4539
N45055 X0.2127 Y0.4663
N45060 X0.2191 Y0.48
N45065 X0.2231 Y0.4946
N45070 X0.2244 Y0.5097
N45075 Y0.549
N45080 G3 X0.2024 Y0.5718 Z-0.5828 I-0.0236 J-0.0008
N45085 G1 X0.2 Y0.5719 Z-0.5823
N45090 X-0.1992 Y0.5989
N45095 X-0.2 Y0.599
N45100 G3 X-0.2244 Y0.5762 Z-0.5902 I-0.0008 J-0.0236
N45105 G1 Y0.5365
N45110 X-0.2241 Y0.5307
N45115 X-0.2234 Y0.5248
N45120 X-0.2222 Y0.519
N45125 X-0.2207 Y0.5133
N45130 X-0.2187 Y0.5077
N45135 X-0.2165 Y0.5022
N45140 X-0.2139 Y0.4966
N45145 X-0.2108 Y0.4907
N45150 X-0.2072 Y0.4847
N45155 X-0.2029 Y0.4781
N45160 X-0.1981 Y0.4715
N45165 X-0.1925 Y0.4646
N45170 X-0.186 Y0.4573
N45175 X-0.179 Y0.4502
N45180 X-0.171 Y0.4428
N45185 X-0.1618 Y0.4352
N45190 X-0.152 Y0.4278
N45195 X-0.1412 Y0.4204
N45200 X-0.1292 Y0.413
N45205 X-0.1159 Y0.4057
N45210 X-0.1018 Y0.3989
N45215 X-0.0869 Y0.3926
N45220 X-0.071 Y0.3866
N45225 X-0.054 Y0.3813
N45230 X-0.0364 Y0.3766
N45235 X-0.0182 Y0.3728
N45240 X0.0003 Y0.3698
N45245 X0.0188 Y0.3677
N45250 X0.0372 Y0.3665
N45255 X0.0553 Y0.3663
N45260 X0.0728 Y0.3669
N45265 X0.0893 Y0.3682
N45270 X0.1046 Y0.3703
N45275 X0.1187 Y0.3728
N45280 X0.132 Y0.3759
N45285 X0.1426 Y0.379
N45290 X0.1537 Y0.3827
N45295 X0.1621 Y0.386
N45300 X0.1705 Y0.3898
N45305 X0.1785 Y0.3939
N45310 X0.1809 Y0.3953
N45315 X0.1933 Y0.404
N45320 X0.2041 Y0.4146
N45325 X0.2128 Y0.427
N45330 X0.2192 Y0.4407
N45335 X0.2231 Y0.4553
N45340 X0.2244 Y0.4704
N45345 Y0.5097
N45350 G3 X0.2024 Y0.5325 Z-0.5828 I-0.0236 J-0.0008
N45355 G1 X0.2 Y0.5326 Z-0.5823
N45360 X-0.1992 Y0.5593
N45365 X-0.2
N45370 G3 X-0.2244 Y0.5365 Z-0.5902 I-0.0008 J-0.0236
N45375 G1 Y0.4969
N45380 X-0.2241 Y0.491
N45385 X-0.2234 Y0.4852
N45390 X-0.2222 Y0.4794
N45395 X-0.2206 Y0.4737
N45400 X-0.2187 Y0.4681
N45405 X-0.2165 Y0.4626
N45410 X-0.2138 Y0.457
N45415 X-0.2107 Y0.4511
N45420 X-0.2071 Y0.445
N45425 X-0.2027 Y0.4384
N45430 X-0.1979 Y0.4318
N45435 X-0.1923 Y0.425
N45440 X-0.1857 Y0.4176
N45445 X-0.1787 Y0.4105
N45450 X-0.1706 Y0.4031
N45455 X-0.1614 Y0.3955
N45460 X-0.1516 Y0.388
N45465 X-0.1408 Y0.3807
N45470 X-0.1287 Y0.3733
N45475 X-0.1154 Y0.3661
N45480 X-0.1013 Y0.3593
N45485 X-0.0865 Y0.353
N45490 X-0.0705 Y0.3471
N45495 X-0.0536 Y0.3417
N45500 X-0.0359 Y0.3371
N45505 X-0.0177 Y0.3333
N45510 X0.0009 Y0.3303
N45515 X0.0195 Y0.3283
N45520 X0.0379 Y0.3272
N45525 X0.0559 Y0.3269
N45530 X0.0734 Y0.3276
N45535 X0.0898 Y0.329
N45540 X0.1051 Y0.331
N45545 X0.1192 Y0.3336
N45550 X0.1324 Y0.3367
N45555 X0.143 Y0.3398
N45560 X0.154 Y0.3435
N45565 X0.1624 Y0.3468
N45570 X0.1708 Y0.3506
N45575 X0.1788 Y0.3548
N45580 X0.1811 Y0.3561
N45585 X0.1934 Y0.3647
N45590 X0.2041 Y0.3754
N45595 X0.2128 Y0.3878
N45600 X0.2192 Y0.4015
N45605 X0.2231 Y0.416
N45610 X0.2244 Y0.4311
N45615 Y0.4704
N45620 G3 X0.2024 Y0.4932 Z-0.5828 I-0.0236 J-0.0008
N45625 G1 X0.2 Y0.4933 Z-0.5823
N45630 X-0.1992 Y0.5197
N45635 X-0.2
N45640 G3 X-0.2244 Y0.4969 Z-0.5902 I-0.0008 J-0.0236
N45645 G1 Y0.4593
N45650 X-0.2241 Y0.4532
N45655 X-0.2235 Y0.4473
N45660 X-0.2225 Y0.4415
N45665 X-0.221 Y0.4358
N45670 X-0.2191 Y0.4301
N45675 X-0.217 Y0.4246
N45680 X-0.2144 Y0.419
N45685 X-0.2115 Y0.4133
N45690 X-0.208 Y0.4072
N45695 X-0.2039 Y0.4008
N45700 X-0.1993 Y0.3943
N45705 X-0.1938 Y0.3873
N45710 X-0.1876 Y0.3803
N45715 X-0.1808 Y0.3732
N45720 X-0.1728 Y0.3656
N45725 X-0.164 Y0.3582
N45730 X-0.1546 Y0.3508
N45735 X-0.1439 Y0.3433
N45740 X-0.1319 Y0.3358
N45745 X-0.1193 Y0.3287
N45750 X-0.1057 Y0.3219
N45755 X-0.0909 Y0.3154
N45760 X-0.075 Y0.3093
N45765 X-0.0582 Y0.3037
N45770 X-0.0406 Y0.2989
N45775 X-0.0226 Y0.2948
N45780 X-0.0042 Y0.2917
N45785 X0.0143 Y0.2893
N45790 X0.0328 Y0.288
N45795 X0.0508 Y0.2875
N45800 X0.0683 Y0.2879
N45805 X0.0849 Y0.2891
N45810 X0.1008 Y0.291
N45815 X0.1154 Y0.2935
N45820 X0.1289 Y0.2965
N45825 X0.1399 Y0.2995
N45830 X0.1511 Y0.3031
N45835 X0.1603 Y0.3066
N45840 X0.1682 Y0.3101
N45845 X0.1767 Y0.3143
N45850 X0.1837 Y0.3182
N45855 X0.1954 Y0.3269
N45860 X0.2054 Y0.3375
N45865 X0.2135 Y0.3497
N45870 X0.2195 Y0.363
N45875 X0.2232 Y0.3771
N45880 X0.2244 Y0.3917
N45885 Y0.4311
N45890 G3 X0.2025 Y0.4538 Z-0.5828 I-0.0236 J-0.0008
N45895 G1 X0.2 Y0.454 Z-0.5823
N45900 X-0.1991 Y0.482
N45905 X-0.2
N45910 G3 X-0.2244 Y0.4593 Z-0.5902 I-0.0008 J-0.0236
N45915 G1 Y0.4196
N45920 X-0.2241 Y0.4137
N45925 X-0.2235 Y0.4079
N45930 X-0.2225 Y0.4021
N45935 X-0.221 Y0.3963
N45940 X-0.2191 Y0.3907
N45945 X-0.217 Y0.3852
N45950 X-0.2145 Y0.3797
N45955 X-0.2115 Y0.3738
N45960 X-0.2081 Y0.3679
N45965 X-0.2039 Y0.3614
N45970 X-0.1992 Y0.3548
N45975 X-0.1938 Y0.348
N45980 X-0.1875 Y0.3408
N45985 X-0.1807 Y0.3337
N45990 X-0.173 Y0.3264
N45995 X-0.1641 Y0.3188
N46000 X-0.1544 Y0.3113
N46005 X-0.144 Y0.304
N46010 X-0.1322 Y0.2966
N46015 X-0.1192 Y0.2893
N46020 X-0.1053 Y0.2824
N46025 X-0.0908 Y0.2759
N46030 X-0.0751 Y0.2699
N46035 X-0.0584 Y0.2644
N46040 X-0.0409 Y0.2596
N46045 X-0.0228 Y0.2555
N46050 X-0.0044 Y0.2523
N46055 X0.0141 Y0.25
N46060 X0.0326 Y0.2486
N46065 X0.0507 Y0.2482
N46070 X0.0684 Y0.2486
N46075 X0.0851 Y0.2498
N46080 X0.1009 Y0.2517
N46085 X0.1152 Y0.2541
N46090 X0.1288 Y0.2571
N46095 X0.1407 Y0.2604
N46100 X0.1507 Y0.2636
N46105 X0.1607 Y0.2674
N46110 X0.1684 Y0.2708
N46115 X0.1767 Y0.2749
N46120 X0.18 Y0.2768
N46125 X0.1927 Y0.2854
N46130 X0.2036 Y0.2961
N46135 X0.2125 Y0.3085
N46140 X0.219 Y0.3224
N46145 X0.2231 Y0.3371
N46150 X0.2244 Y0.3524
N46155 Y0.3917
N46160 G3 X0.2024 Y0.4144 Z-0.5828 I-0.0236 J-0.0008
N46165 G1 X0.2 Y0.4146 Z-0.5823
N46170 X-0.1992 Y0.4424
N46175 X-0.2
N46180 G3 X-0.2244 Y0.4196 Z-0.5902 I-0.0008 J-0.0236
N46185 G1 Y0.38
N46190 X-0.2241 Y0.3741
N46195 X-0.2235 Y0.3682
N46200 X-0.2224 Y0.3624
N46205 X-0.2209 Y0.3567
N46210 X-0.2191 Y0.3511
N46215 X-0.2169 Y0.3456
N46220 X-0.2144 Y0.3401
N46225 X-0.2113 Y0.3342
N46230 X-0.2079 Y0.3282
N46235 X-0.2037 Y0.3218
N46240 X-0.199 Y0.3152
N46245 X-0.1936 Y0.3084
N46250 X-0.1873 Y0.3012
N46255 X-0.1804 Y0.294
N46260 X-0.1726 Y0.2867
N46265 X-0.1637 Y0.2791
N46270 X-0.1539 Y0.2716
N46275 X-0.1435 Y0.2643
N46280 X-0.1317 Y0.257
N46285 X-0.1187 Y0.2497
N46290 X-0.1048 Y0.2427
N46295 X-0.0902 Y0.2363
N46300 X-0.0745 Y0.2303
N46305 X-0.0578 Y0.2249
N46310 X-0.0403 Y0.2201
N46315 X-0.0222 Y0.2161
N46320 X-0.0037 Y0.2129
N46325 X0.0149 Y0.2106
N46330 X0.0333 Y0.2093
N46335 X0.0515 Y0.2088
N46340 X0.0691 Y0.2093
N46345 X0.086 Y0.2105
N46350 X0.1016 Y0.2124
N46355 X0.1159 Y0.2149
N46360 X0.1294 Y0.2179
N46365 X0.1403 Y0.2209
N46370 X0.1517 Y0.2246
N46375 X0.1604 Y0.228
N46380 X0.1688 Y0.2316
N46385 X0.1771 Y0.2358
N46390 X0.1838 Y0.2396
N46395 X0.1955 Y0.2483
N46400 X0.2055 Y0.2589
N46405 X0.2136 Y0.271
N46410 X0.2195 Y0.2843
N46415 X0.2232 Y0.2984
N46420 X0.2244 Y0.313
N46425 Y0.3524
N46430 G3 X0.2024 Y0.3751 Z-0.5828 I-0.0236 J-0.0008
N46435 G1 X0.2 Y0.3753 Z-0.5823
N46440 X-0.1992 Y0.4028
N46445 X-0.2
N46450 G3 X-0.2244 Y0.38 Z-0.5902 I-0.0008 J-0.0236
N46455 G1 Y0.3404
N46460 X-0.2241 Y0.3345
N46465 X-0.2235 Y0.3286
N46470 X-0.2224 Y0.3228
N46475 X-0.2209 Y0.3171
N46480 X-0.219 Y0.3115
N46485 X-0.2168 Y0.306
N46490 X-0.2143 Y0.3005
N46495 X-0.2112 Y0.2945
N46500 X-0.2077 Y0.2886
N46505 X-0.2035 Y0.2821
N46510 X-0.1988 Y0.2755
N46515 X-0.1934 Y0.2687
N46520 X-0.187 Y0.2615
N46525 X-0.1801 Y0.2543
N46530 X-0.1723 Y0.247
N46535 X-0.1633 Y0.2394
N46540 X-0.1535 Y0.2319
N46545 X-0.143 Y0.2246
N46550 X-0.1312 Y0.2173
N46555 X-0.1182 Y0.21
N46560 X-0.1042 Y0.2031
N46565 X-0.0896 Y0.1967
N46570 X-0.0738 Y0.1907
N46575 X-0.0571 Y0.1853
N46580 X-0.0396 Y0.1805
N46585 X-0.0215 Y0.1765
N46590 X-0.003 Y0.1734
N46595 X0.0157 Y0.1712
N46600 X0.0342 Y0.1699
N46605 X0.0523 Y0.1695
N46610 X0.0699 Y0.17
N46615 X0.0866 Y0.1712
N46620 X0.1021 Y0.1732
N46625 X0.1164 Y0.1757
N46630 X0.13 Y0.1787
N46635 X0.1416 Y0.1819
N46640 X0.1517 Y0.1852
N46645 X0.1614 Y0.189
N46650 X0.169 Y0.1924
N46655 X0.1774 Y0.1965
N46660 X0.1804 Y0.1982
N46665 X0.1929 Y0.2069
N46670 X0.2038 Y0.2176
N46675 X0.2126 Y0.23
N46680 X0.2191 Y0.2438
N46685 X0.2231 Y0.2585
N46690 X0.2244 Y0.2737
N46695 Y0.313
N46700 G3 X0.2024 Y0.3357 Z-0.5828 I-0.0236 J-0.0008
N46705 G1 X0.2 Y0.3359 Z-0.5823
N46710 X-0.1992 Y0.3631
N46715 X-0.2 Y0.3632
N46720 G3 X-0.2244 Y0.3404 Z-0.5902 I-0.0008 J-0.0236
N46725 G1 Y0.3008
N46730 X-0.2241 Y0.2949
N46735 X-0.2235 Y0.289
N46740 X-0.2223 Y0.2832
N46745 X-0.2208 Y0.2775
N46750 X-0.2189 Y0.2719
N46755 X-0.2167 Y0.2664
N46760 X-0.2142 Y0.2609
N46765 X-0.2111 Y0.2549
N46770 X-0.2076 Y0.2489
N46775 X-0.2034 Y0.2424
N46780 X-0.1986 Y0.2358
N46785 X-0.1932 Y0.229
N46790 X-0.1867 Y0.2218
N46795 X-0.1798 Y0.2146
N46800 X-0.1719 Y0.2073
N46805 X-0.1629 Y0.1997
N46810 X-0.1531 Y0.1922
N46815 X-0.1426 Y0.1849
N46820 X-0.1307 Y0.1776
N46825 X-0.1177 Y0.1704
N46830 X-0.1036 Y0.1634
N46835 X-0.089 Y0.1571
N46840 X-0.0732 Y0.1511
N46845 X-0.0564 Y0.1457
N46850 X-0.0388 Y0.141
N46855 X-0.0207 Y0.137
N46860 X-0.0022 Y0.1339
N46865 X0.0165 Y0.1318
N46870 X0.0349 Y0.1305
N46875 X0.053 Y0.1301
N46880 X0.0706 Y0.1306
N46885 X0.0874 Y0.132
N46890 X0.1029 Y0.1339
N46895 X0.1171 Y0.1364
N46900 X0.1305 Y0.1395
N46905 X0.1413 Y0.1425
N46910 X0.1526 Y0.1462
N46915 X0.1612 Y0.1496
N46920 X0.1695 Y0.1533
N46925 X0.1777 Y0.1574
N46930 X0.1805 Y0.159
N46935 X0.193 Y0.1676
N46940 X0.2039 Y0.1783
N46945 X0.2126 Y0.1908
N46950 X0.2191 Y0.2045
N46955 X0.2231 Y0.2192
N46960 X0.2244 Y0.2344
N46965 Y0.2737
N46970 G3 X0.2024 Y0.2964 Z-0.5828 I-0.0236 J-0.0008
N46975 G1 X0.2 Y0.2966 Z-0.5823
N46980 X-0.1992 Y0.3235
N46985 X-0.2
N46990 G3 X-0.2244 Y0.3008 Z-0.5902 I-0.0008 J-0.0236
N46995 G1 Y0.2611
N47000 X-0.2241 Y0.2552
N47005 X-0.2234 Y0.2494
N47010 X-0.2223 Y0.2436
N47015 X-0.2208 Y0.2379
N47020 X-0.2189 Y0.2323
N47025 X-0.2167 Y0.2268
N47030 X-0.2141 Y0.2212
N47035 X-0.211 Y0.2153
N47040 X-0.2074 Y0.2093
N47045 X-0.2032 Y0.2028
N47050 X-0.1984 Y0.1962
N47055 X-0.1929 Y0.1894
N47060 X-0.1865 Y0.1821
N47065 X-0.1795 Y0.175
N47070 X-0.1716 Y0.1676
N47075 X-0.1625 Y0.16
N47080 X-0.1527 Y0.1525
N47085 X-0.1421 Y0.1453
N47090 X-0.1302 Y0.1379
N47095 X-0.1171 Y0.1307
N47100 X-0.103 Y0.1238
N47105 X-0.0883 Y0.1175
N47110 X-0.0725 Y0.1115
N47115 X-0.0557 Y0.1061
N47120 X-0.0381 Y0.1014
N47125 X-0.0199 Y0.0975
N47130 X-0.0014 Y0.0945
N47135 X0.0173 Y0.0923
N47140 X0.0358 Y0.0911
N47145 X0.0538 Y0.0908
N47150 X0.0714 Y0.0913
N47155 X0.088 Y0.0927
N47160 X0.1034 Y0.0947
N47165 X0.1177 Y0.0972
N47170 X0.131 Y0.1003
N47175 X0.1418 Y0.1033
N47180 X0.153 Y0.1071
N47185 X0.1615 Y0.1104
N47190 X0.1699 Y0.1141
N47195 X0.178 Y0.1183
N47200 X0.1807 Y0.1198
N47205 X0.1932 Y0.1284
N47210 X0.2039 Y0.1391
N47215 X0.2127 Y0.1515
N47220 X0.2191 Y0.1652
N47225 X0.2231 Y0.1799
N47230 X0.2244 Y0.195
N47235 Y0.2344
N47240 G3 X0.2024 Y0.2571 Z-0.5828 I-0.0236 J-0.0008
N47245 G1 X0.2 Y0.2573 Z-0.5823
N47250 X-0.1992 Y0.2839
N47255 X-0.2
N47260 G3 X-0.2244 Y0.2611 Z-0.5902 I-0.0008 J-0.0236
N47265 G1 Y0.2215
N47270 X-0.2241 Y0.2156
N47275 X-0.2234 Y0.2097
N47280 X-0.2223 Y0.204
N47285 X-0.2207 Y0.1983
N47290 X-0.2188 Y0.1927
N47295 X-0.2166 Y0.1872
N47300 X-0.214 Y0.1816
N47305 X-0.2108 Y0.1757
N47310 X-0.2073 Y0.1696
N47315 X-0.203 Y0.1631
N47320 X-0.1982 Y0.1565
N47325 X-0.1927 Y0.1497
N47330 X-0.1862 Y0.1424
N47335 X-0.1792 Y0.1353
N47340 X-0.1712 Y0.1279
N47345 X-0.1621 Y0.1203
N47350 X-0.1523 Y0.1129
N47355 X-0.1416 Y0.1056
N47360 X-0.1297 Y0.0982
N47365 X-0.1165 Y0.091
N47370 X-0.1024 Y0.0841
N47375 X-0.0877 Y0.0778
N47380 X-0.0718 Y0.0719
N47385 X-0.0549 Y0.0666
N47390 X-0.0373 Y0.0619
N47395 X-0.0191 Y0.058
N47400 X-0.0005 Y0.055
N47405 X0.0181 Y0.0529
N47410 X0.0365 Y0.0517
N47415 X0.0546 Y0.0514
N47420 X0.0721 Y0.052
N47425 X0.0887 Y0.0534
N47430 X0.1041 Y0.0554
N47435 X0.1183 Y0.058
N47440 X0.1316 Y0.0611
N47445 X0.1422 Y0.0641
N47450 X0.1534 Y0.0679
N47455 X0.1619 Y0.0712
N47460 X0.1702 Y0.075
N47465 X0.1783 Y0.0791
N47470 X0.1808 Y0.0805
N47475 X0.1933 Y0.0892
N47480 X0.204 Y0.0999
N47485 X0.2127 Y0.1122
N47490 X0.2192 Y0.126
N47495 X0.2231 Y0.1406
N47500 X0.2244 Y0.1557
N47505 Y0.195
N47510 G3 X0.2024 Y0.2178 Z-0.5828 I-0.0236 J-0.0008
N47515 G1 X0.2 Y0.2179 Z-0.5823
N47520 X-0.1992 Y0.2443
N47525 X-0.2
N47530 G3 X-0.2244 Y0.2215 Z-0.5902 I-0.0008 J-0.0236
N47535 G1 Y0.1819
N47540 X-0.2241 Y0.176
N47545 X-0.2234 Y0.1701
N47550 X-0.2222 Y0.1643
N47555 X-0.2206 Y0.1586
N47560 X-0.2187 Y0.1531
N47565 X-0.2165 Y0.1476
N47570 X-0.2138 Y0.142
N47575 X-0.2107 Y0.136
N47580 X-0.2071 Y0.13
N47585 X-0.2028 Y0.1234
N47590 X-0.198 Y0.1169
N47595 X-0.1924 Y0.11
N47600 X-0.1859 Y0.1027
N47605 X-0.1789 Y0.0956
N47610 X-0.1708 Y0.0882
N47615 X-0.1617 Y0.0806
N47620 X-0.1518 Y0.0732
N47625 X-0.1411 Y0.0659
N47630 X-0.1291 Y0.0586
N47635 X-0.1159 Y0.0513
N47640 X-0.1018 Y0.0445
N47645 X-0.087 Y0.0382
N47650 X-0.071 Y0.0323
N47655 X-0.0541 Y0.027
N47660 X-0.0365 Y0.0223
N47665 X-0.0182 Y0.0185
N47670 X0.0003 Y0.0155
N47675 X0.0189 Y0.0135
N47680 X0.0374 Y0.0123
N47685 X0.0554 Y0.0121
N47690 X0.0729 Y0.0127
N47695 X0.0894 Y0.0141
N47700 X0.1047 Y0.0162
N47705 X0.1189 Y0.0188
N47710 X0.1321 Y0.0219
N47715 X0.1427 Y0.0249
N47720 X0.1539 Y0.0287
N47725 X0.1623 Y0.032
N47730 X0.1706 Y0.0358
N47735 X0.1787 Y0.0399
N47740 X0.181 Y0.0413
N47745 X0.1934 Y0.0499
N47750 X0.2041 Y0.0606
N47755 X0.2128 Y0.073
N47760 X0.2192 Y0.0867
N47765 X0.2231 Y0.1013
N47770 X0.2244 Y0.1163
N47775 Y0.1557
N47780 G3 X0.2023 Y0.1784 Z-0.5828 I-0.0236 J-0.0008
N47785 G1 X0.2 Y0.1786 Z-0.5823
N47790 X-0.1993 Y0.2046
N47795 X-0.2 Y0.2047
N47800 G3 X-0.2244 Y0.1819 Z-0.5902 I-0.0008 J-0.0236
N47805 G1 Y0.1423
N47810 X-0.2241 Y0.1364
N47815 X-0.2234 Y0.1305
N47820 X-0.2222 Y0.1247
N47825 X-0.2206 Y0.119
N47830 X-0.2186 Y0.1135
N47835 X-0.2164 Y0.108
N47840 X-0.2137 Y0.1023
N47845 X-0.2106 Y0.0964
N47850 X-0.207 Y0.0903
N47855 X-0.2026 Y0.0838
N47860 X-0.1978 Y0.0772
N47865 X-0.1922 Y0.0703
N47870 X-0.1856 Y0.063
N47875 X-0.1785 Y0.0559
N47880 X-0.1705 Y0.0485
N47885 X-0.1613 Y0.0409
N47890 X-0.1514 Y0.0335
N47895 X-0.1406 Y0.0262
N47900 X-0.1286 Y0.0189
N47905 X-0.1153 Y0.0116
N47910 X-0.1011 Y0.0048
N47915 X-0.0863 Y-0.0014
N47920 X-0.0703 Y-0.0073
N47925 X-0.0534 Y-0.0126
N47930 X-0.0357 Y-0.0172
N47935 X-0.0174 Y-0.021
N47940 X0.0011 Y-0.0239
N47945 X0.0197 Y-0.026
N47950 X0.0382 Y-0.0271
N47955 X0.0562 Y-0.0272
N47960 X0.0737 Y-0.0266
N47965 X0.0901 Y-0.0252
N47970 X0.1054 Y-0.0231
N47975 X0.1195 Y-0.0205
N47980 X0.1327 Y-0.0173
N47985 X0.1432 Y-0.0143
N47990 X0.1543 Y-0.0105
N47995 X0.1626 Y-0.0072
N48000 X0.171 Y-0.0034
N48005 X0.179 Y0.0008
N48010 X0.1812 Y0.002
N48015 X0.1935 Y0.0107
N48020 X0.2042 Y0.0214
N48025 X0.2128 Y0.0337
N48030 X0.2192 Y0.0474
N48035 X0.2231 Y0.062
N48040 X0.2244 Y0.077
N48045 Y0.1163
N48050 G3 X0.2023 Y0.1391 Z-0.5828 I-0.0236 J-0.0008
N48055 G1 X0.2 Y0.1392 Z-0.5823
N48060 X-0.1993 Y0.165
N48065 X-0.2
N48070 G3 X-0.2244 Y0.1423 Z-0.5902 I-0.0008 J-0.0236
N48075 G1 Y0.1026
N48080 X-0.2241 Y0.0967
N48085 X-0.2234 Y0.0909
N48090 X-0.2221 Y0.0851
N48095 X-0.2205 Y0.0794
N48100 X-0.2186 Y0.0738
N48105 X-0.2163 Y0.0684
N48110 X-0.2136 Y0.0627
N48115 X-0.2104 Y0.0568
N48120 X-0.2068 Y0.0507
N48125 X-0.2024 Y0.0441
N48130 X-0.1975 Y0.0375
N48135 X-0.1919 Y0.0306
N48140 X-0.1853 Y0.0233
N48145 X-0.1782 Y0.0162
N48150 X-0.1701 Y0.0088
N48155 X-0.1609 Y0.0012
N48160 X-0.1509 Y-0.0062
N48165 X-0.1401 Y-0.0135
N48170 X-0.128 Y-0.0208
N48175 X-0.1146 Y-0.028
N48180 X-0.1005 Y-0.0348
N48185 X-0.0856 Y-0.0411
N48190 X-0.0696 Y-0.0469
N48195 X-0.0526 Y-0.0522
N48200 X-0.0349 Y-0.0567
N48205 X-0.0166 Y-0.0605
N48210 X0.002 Y-0.0634
N48215 X0.0206 Y-0.0654
N48220 X0.039 Y-0.0664
N48225 X0.057 Y-0.0666
N48230 X0.0744 Y-0.0659
N48235 X0.0909 Y-0.0644
N48240 X0.106 Y-0.0623
N48245 X0.1201 Y-0.0597
N48250 X0.1333 Y-0.0565
N48255 X0.1437 Y-0.0535
N48260 X0.1547 Y-0.0497
N48265 X0.163 Y-0.0464
N48270 X0.1714 Y-0.0425
N48275 X0.1793 Y-0.0384
N48280 X0.1809 Y-0.0375
N48285 X0.1929 Y-0.0291
N48290 X0.2032 Y-0.0188
N48295 X0.2118 Y-0.0069
N48300 X0.2182 Y0.0062
N48305 X0.2222 Y0.0203
N48310 X0.2239 Y0.0348
N48315 X0.2244 Y0.0515
N48320 Y0.077
N48325 G3 X0.2023 Y0.0997 Z-0.5828 I-0.0236 J-0.0008
N48330 G1 X0.2 Y0.0999 Z-0.5823
N48335 X-0.1993 Y0.1254
N48340 X-0.2
N48345 G3 X-0.2244 Y0.1026 Z-0.5902 I-0.0008 J-0.0236
N48350 G1 Y0.063
N48355 X-0.2241 Y0.0571
N48360 X-0.2233 Y0.0513
N48365 X-0.2221 Y0.0455
N48370 X-0.2205 Y0.0398
N48375 X-0.2185 Y0.0342
N48380 X-0.2162 Y0.0288
N48385 X-0.2135 Y0.0231
N48390 X-0.2103 Y0.0172
N48395 X-0.2066 Y0.011
N48400 X-0.2022 Y0.0044
N48405 X-0.1973 Y-0.0021
N48410 X-0.1916 Y-0.009
N48415 X-0.185 Y-0.0164
N48420 X-0.1779 Y-0.0235
N48425 X-0.1697 Y-0.0309
N48430 X-0.1604 Y-0.0385
N48435 X-0.1505 Y-0.0459
N48440 X-0.1396 Y-0.0532
N48445 X-0.1274 Y-0.0605
N48450 X-0.114 Y-0.0677
N48455 X-0.0998 Y-0.0745
N48460 X-0.0849 Y-0.0807
N48465 X-0.0688 Y-0.0865
N48470 X-0.0518 Y-0.0918
N48475 X-0.034 Y-0.0963
N48480 X-0.0158 Y-0.1
N48485 X0.0028 Y-0.1029
N48490 X0.0214 Y-0.1048
N48495 X0.0398 Y-0.1058
N48500 X0.0578 Y-0.1059
N48505 X0.0752 Y-0.1052
N48510 X0.0916 Y-0.1037
N48515 X0.1067 Y-0.1016
N48520 X0.1208 Y-0.0989
N48525 X0.1337 Y-0.0957
N48530 X0.1442 Y-0.0927
N48535 X0.1549 Y-0.0889
N48540 X0.1631 Y-0.0857
N48545 X0.1717 Y-0.0817
N48550 X0.1732 Y-0.0809
N48555 X0.1846 Y-0.0738
N48560 X0.1948 Y-0.065
N48565 X0.2035 Y-0.0547
N48570 X0.2105 Y-0.0433
N48575 X0.2156 Y-0.0308
N48580 X0.2179 Y-0.0236
N48585 X0.2189 Y-0.0198
N48590 X0.2198 Y-0.0119
N48595 X0.2231 Y0.0198
N48600 X0.2237 Y0.0277
N48605 X0.2239 Y0.0348
N48610 G3 X0.2019 Y0.0582 Z-0.5827 I-0.0236 J-0.0001
N48615 G1 X0.2002 Y0.0584 Z-0.5823
N48620 X-0.1992 Y0.0857
N48625 X-0.2 Y0.0858
N48630 G3 X-0.2244 Y0.063 Z-0.5902 I-0.0008 J-0.0236
N48635 G1 Y0.0515
N48640 X-0.2237 Y0.0277
N48645 X-0.2231 Y0.0198
N48650 X-0.2216 Y0.0106
N48655 X-0.2205 Y0.0048
N48660 X-0.2188 Y-0.0009
N48665 X-0.2169 Y-0.0065
N48670 X-0.2146 Y-0.0119
N48675 X-0.212 Y-0.0175
N48680 X-0.2088 Y-0.0233
N48685 X-0.2052 Y-0.0293
N48690 X-0.2009 Y-0.0358
N48695 X-0.196 Y-0.0423
N48700 X-0.1904 Y-0.0491
N48705 X-0.1839 Y-0.0563
N48710 X-0.1768 Y-0.0633
N48715 X-0.1688 Y-0.0707
N48720 X-0.1596 Y-0.0782
N48725 X-0.1497 Y-0.0855
N48730 X-0.1389 Y-0.0928
N48735 X-0.1268 Y-0.1001
N48740 X-0.1134 Y-0.1072
N48745 X-0.0994 Y-0.1139
N48750 X-0.0845 Y-0.1201
N48755 X-0.0684 Y-0.1259
N48760 X-0.0514 Y-0.1312
N48765 X-0.0337 Y-0.1357
N48770 X-0.0155 Y-0.1394
N48775 X0.0031 Y-0.1422
N48780 X0.0216 Y-0.1442
N48785 X0.04 Y-0.1452
N48790 X0.0579 Y-0.1453
N48795 X0.0753 Y-0.1445
N48800 X0.0917 Y-0.143
N48805 X0.1067 Y-0.1409
N48810 X0.1207 Y-0.1382
N48815 X0.1319 Y-0.1355
N48820 X0.1388 Y-0.1335
N48825 X0.1502 Y-0.1293
N48830 X0.1609 Y-0.1235
N48835 X0.1706 Y-0.1162
N48840 X0.1793 Y-0.1077
N48845 X0.18 Y-0.107
N48850 X0.1849 Y-0.0991
N48855 X0.2032 Y-0.0674
N48860 X0.205 Y-0.0634
N48865 X0.2156 Y-0.0308
N48870 G3 X0.1994 Y-0.0016 Z-0.5823 I-0.0227 J0.0065
N48875 G1 X0.1975 Y-0.0012
N48880 X0.1956 Y-0.0009
N48885 X-0.1968 Y0.0442
N48890 X-0.2005 Y0.0444
N48895 G3 X-0.2231 Y0.0198 Z-0.5902 I0.001 J-0.0236
N48900 G1 X-0.2198 Y-0.0119
N48905 X-0.2189 Y-0.0198
N48910 X-0.2179 Y-0.0236
N48915 X-0.21 Y-0.048
N48920 X-0.2075 Y-0.0545
N48925 X-0.2052 Y-0.0599
N48930 X-0.2025 Y-0.0652
N48935 X-0.1995 Y-0.0705
N48940 X-0.1958 Y-0.0763
N48945 X-0.1916 Y-0.0823
N48950 X-0.1867 Y-0.0885
N48955 X-0.181 Y-0.0951
N48960 X-0.1747 Y-0.1017
N48965 X-0.1675 Y-0.1086
N48970 X-0.1592 Y-0.1157
N48975 X-0.1504 Y-0.1226
N48980 X-0.1404 Y-0.1297
N48985 X-0.1291 Y-0.1369
N48990 X-0.1172 Y-0.1437
N48995 X-0.1042 Y-0.1503
N49000 X-0.0899 Y-0.1567
N49005 X-0.0744 Y-0.1627
N49010 X-0.058 Y-0.1682
N49015 X-0.0411 Y-0.1729
N49020 X-0.0236 Y-0.177
N49025 X-0.0056 Y-0.1802
N49030 X0.0128 Y-0.1826
N49035 X0.0313 Y-0.184
N49040 X0.0494 Y-0.1846
N49045 X0.0583 Y-0.1844
N49050 X0.0698 Y-0.1835
N49055 X0.0811 Y-0.181
N49060 X0.092 Y-0.177
N49065 G3 X0.1029 Y-0.1454 Z-0.5823 I-0.0104 J0.0212
N49070 X0.0909 Y-0.134 I-0.0212 J-0.0103
N49075 G1 X-0.1781 Y-0.0198
N49080 G3 X-0.1938 Y-0.0188 I-0.0092 J-0.0217
N49085 X-0.21 Y-0.048 Z-0.5902 I0.0065 J-0.0227
N49090 G1 X-0.205 Y-0.0634
N49095 X-0.2032 Y-0.0674
N49100 X-0.1849 Y-0.0991
N49105 X-0.18 Y-0.107
N49110 X-0.1704 Y-0.1177
N49115 X-0.1514 Y-0.1387
N49120 X-0.149 Y-0.141
N49125 X-0.1466 Y-0.1429
N49130 X-0.1149 Y-0.1659
N49135 X-0.1109 Y-0.1685
N49140 X-0.1068 Y-0.1704
N49145 X-0.0712 Y-0.1862
N49150 X-0.0674 Y-0.1875
N49155 X-0.0277 Y-0.196
N49160 X-0.0238 Y-0.1967
N49165 X-0.0198 Y-0.1969
N49170 X0.0198
N49175 X0.0238 Y-0.1967
N49180 X0.0277 Y-0.196
N49185 X0.0674 Y-0.1875
N49190 X0.0712 Y-0.1862
N49195 X0.107 Y-0.1703
N49200 X0.1109 Y-0.1685
N49205 X0.1149 Y-0.1659
N49210 X0.1466 Y-0.1429
N49215 X0.149 Y-0.141
N49220 X0.1514 Y-0.1387
N49225 X0.1793 Y-0.1077
N49230 X0.1794 Y-0.1066
N49235 X0.1791 Y-0.1056
N49240 X0.1771 Y-0.1025 Z-0.5899
N49245 X0.1752 Y-0.0994 Z-0.589
N49250 X0.1733 Y-0.0966 Z-0.5876
N49255 X0.1716 Y-0.0939 Z-0.5856
N49260 X0.1701 Y-0.0915 Z-0.5832
N49265 X0.1688 Y-0.0895 Z-0.5804
N49270 X0.1678 Y-0.0879 Z-0.5773
N49275 X0.167 Y-0.0867 Z-0.5738
N49280 X0.1665 Y-0.0859 Z-0.5702
N49285 X0.1664 Y-0.0857 Z-0.5665
N49290 Z0.1969
N49295 X1.6536 Y-0.7693
N49300 Z-0.5429
N49305 Z-0.5665
N49310 X1.6534 Y-0.7695 Z-0.5702
N49315 X1.6528 Y-0.7701 Z-0.5738
N49320 X1.6518 Y-0.7711 Z-0.5773
N49325 X1.6505 Y-0.7726 Z-0.5804
N49330 X1.6489 Y-0.7743 Z-0.5832
N49335 X1.647 Y-0.7764 Z-0.5856
N49340 X1.6448 Y-0.7787 Z-0.5876
N49345 X1.6425 Y-0.7812 Z-0.589
N49350 X1.64 Y-0.7838 Z-0.5899
N49355 X1.6375 Y-0.7865 Z-0.5902
N49360 G3 X1.6226 Y-0.8136 I0.0455 J-0.0426
N49365 G1 X1.6194 Y-0.8282
N49370 X1.6174 Y-0.8361
N49375 X1.6092 Y-0.8599
N49380 X1.5981 Y-0.8916
N49385 X1.5968 Y-0.8952
N49390 X1.5918 Y-0.9074
N49395 X1.5888 Y-0.9132
N49400 X1.5728 Y-0.9442
N49405 X1.5575 Y-0.9649
N49410 X1.5563 Y-0.9666
N49415 X1.5552 Y-0.9682
N49420 X1.5541 Y-0.9699
N49425 G3 X1.5508 Y-0.9819 Z-0.5875 I0.0204 J-0.012
N49430 X1.5625 Y-1.0022 Z-0.5823 I0.0236 J0.
N49435 X1.5946 Y-0.9942 I0.012 J0.0203
N49440 G1 X1.629 Y-0.9382
N49445 G3 X1.6214 Y-0.9058 I-0.0201 J0.0123
N49450 X1.5888 Y-0.9132 Z-0.5902 I-0.0126 J-0.02
N49455 G1 X1.5784 Y-0.9312
N49460 X1.573 Y-0.94
N49465 X1.5586 Y-0.9629
N49470 X1.5485 Y-0.9788
N49475 X1.5457 Y-0.9827
N49480 X1.5423 Y-0.9867
N49485 X1.5254 Y-1.0051
N49490 X1.5202 Y-1.0105
N49495 X1.4964 Y-1.0342
N49500 X1.4779 Y-1.0509
N49505 X1.47 Y-1.0573
N49510 X1.469 Y-1.058
N49515 X1.4383 Y-1.0774
N49520 X1.4303 Y-1.0823
N49525 X1.4224 Y-1.0873
N49530 X1.4043 Y-1.0976
N49535 X1.3986 Y-1.1008
N49540 X1.3828 Y-1.1069
N49545 X1.3749 Y-1.1097
N49550 X1.3531 Y-1.1173
N49555 G3 X1.3382 Y-1.1419 I0.0086 J-0.022
N49560 G1 X1.3386 Y-1.1456 Z-0.5899
N49565 X1.339 Y-1.1492 Z-0.589
N49570 X1.3394 Y-1.1526 Z-0.5876
N49575 X1.3398 Y-1.1557 Z-0.5856
N49580 X1.3401 Y-1.1585 Z-0.5832
N49585 X1.3403 Y-1.1609 Z-0.5804
N49590 X1.3405 Y-1.1629 Z-0.5773
N49595 X1.3407 Y-1.1643 Z-0.5738
N49600 X1.3408 Y-1.1651 Z-0.5702
N49605 Y-1.1654 Z-0.5665
N49610 Z0.1969
N49615 X1.2587 Y1.1617
N49620 Z-0.5429
N49625 Z-0.5665
N49630 X1.2589 Y1.1615 Z-0.5702
N49635 X1.2595 Y1.1609 Z-0.5738
N49640 X1.2606 Y1.16 Z-0.5773
N49645 X1.262 Y1.1587 Z-0.5804
N49650 X1.2638 Y1.1571 Z-0.5832
N49655 X1.2659 Y1.1552 Z-0.5856
N49660 X1.2682 Y1.1531 Z-0.5876
N49665 X1.2708 Y1.1508 Z-0.589
N49670 X1.2735 Y1.1483 Z-0.5899
N49675 X1.2762 Y1.1459 Z-0.5902
N49680 G3 X1.3036 Y1.1315 I0.0418 J0.0462
N49685 G1 X1.3194 Y1.1283
N49690 X1.3273 Y1.1262
N49695 X1.3511 Y1.118
N49700 X1.3749 Y1.1097
N49705 X1.3828 Y1.1069
N49710 X1.3986 Y1.1008
N49715 X1.4003 Y1.0998
N49720 X1.4316 Y1.0843
N49725 X1.4602 Y1.0643
N49730 X1.4616 Y1.063
N49735 X1.4631 Y1.0618
N49740 X1.4647 Y1.0607
N49745 G3 X1.497 Y1.0692 Z-0.5823 I0.0119 J0.0204
N49750 X1.4888 Y1.1013 I-0.0204 J0.0119
N49755 G1 X1.4249 Y1.1402
N49760 G3 X1.3924 Y1.1323 I-0.0123 J-0.0202
N49765 X1.4003 Y1.0998 Z-0.5902 I0.0202 J-0.0122
N49770 G1 X1.4066 Y1.0963
N49775 X1.4224 Y1.0873
N49780 X1.4312 Y1.0818
N49785 X1.462 Y1.0624
N49790 X1.469 Y1.058
N49795 X1.47 Y1.0573
N49800 X1.4779 Y1.0509
N49805 X1.4964 Y1.0342
N49810 X1.5202 Y1.0105
N49815 X1.5254 Y1.0051
N49820 X1.5423 Y0.9867
N49825 X1.5457 Y0.9827
N49830 X1.5485 Y0.9788
N49835 X1.5586 Y0.9629
N49840 X1.5735 Y0.9391
N49845 X1.5784 Y0.9312
N49850 X1.5888 Y0.9132
N49855 X1.5918 Y0.9074
N49860 X1.5968 Y0.8952
N49865 X1.5981 Y0.8916
N49870 X1.6086 Y0.8618
N49875 G3 X1.6332 Y0.8468 I0.022 J0.0086
N49880 G1 X1.6368 Y0.8473 Z-0.5899
N49885 X1.6404 Y0.8476 Z-0.589
N49890 X1.6438 Y0.848 Z-0.5876
N49895 X1.647 Y0.8484 Z-0.5856
N49900 X1.6498 Y0.8487 Z-0.5832
N49905 X1.6522 Y0.8489 Z-0.5804
N49910 X1.6541 Y0.8492 Z-0.5773
N49915 X1.6555 Y0.8493 Z-0.5738
N49920 X1.6564 Y0.8494 Z-0.5702
N49925 X1.6566 Z-0.5665
N49930 Z0.5906
N49935 M5
N49940 G53 G0 Z0.
N49945 M30
%
