%
(AXIS,hide)
(BASE PLATE)
(MACHINE)
(  VENDOR PRINTNC)
(  MODEL PRINTNC V4 METALCUTTER)
(  DESCRIPTION GENERIC 3-AXIS ROUTER)
(T14 D=4.8 CR=0. - ZMIN=-14.125 - THREAD MILL)
N10 G90 G94 G17 G91.1
N15 G21
(-ATTENTION- PROPERTY SAFE RETRACTS IS SET TO CLEARANCE HEIGHT.)
(ENSURE THE CLEARANCE HEIGHT WILL CLEAR THE PART AND OR FIXTURES.)
(RAISE THE Z-AXIS TO A SAFE HEIGHT BEFORE STARTING THE PROGRAM.)
(WHEN USING FUSION FOR PERSONAL USE, THE FEEDRATE OF RAPID)
(MOVES IS REDUCED TO MATCH THE FEEDRATE OF CUTTING MOVES,)
(WHICH CAN INCREASE MACHINING TIME. UNRESTRICTED RAPID MOVES)
(ARE AVAILABLE WITH A FUSION SUBSCRIPTION.)
(M6 THREADING 2)
N20 T14 M6
N25 S20000 M3
N30 G17 G90 G94
N35 G54
N40 G64 P0.05 Q0.05
N45 M7
N50 G0 X-130. Y-30.
N55 G43 Z15. H14
N60 G1 Z-12.125 F540.
N65 Z-14.125
N70 X-129.675 Y-30.325
N75 G3 X-129.35 Y-30. Z-14. I0. J0.325
N80 X-130.65 Z-13.5 I-0.65 J0.
N85 X-129.35 Z-13. I0.65 J0.
N90 X-130.65 Z-12.5 I-0.65 J0.
N95 X-129.35 Z-12. I0.65 J0.
N100 X-130.65 Z-11.5 I-0.65 J0.
N105 X-129.35 Z-11. I0.65 J0.
N110 X-130.65 Z-10.5 I-0.65 J0.
N115 X-129.35 Z-10. I0.65 J0.
N120 X-130.65 Z-9.5 I-0.65 J0.
N125 X-129.35 Z-9. I0.65 J0.
N130 X-130.65 Z-8.5 I-0.65 J0.
N135 X-129.35 Z-8. I0.65 J0.
N140 X-130.65 Z-7.5 I-0.65 J0.
N145 X-129.35 Z-7. I0.65 J0.
N150 X-130.65 Z-6.5 I-0.65 J0.
N155 X-129.35 Z-6. I0.65 J0.
N160 X-130.65 Z-5.5 I-0.65 J0.
N165 X-129.35 Z-5. I0.65 J0.
N170 X-130.65 Z-4.5 I-0.65 J0.
N175 X-129.35 Z-4. I0.65 J0.
N180 X-130.65 Z-3.5 I-0.65 J0.
N185 X-129.35 Z-3. I0.65 J0.
N190 X-130.65 Z-2.5 I-0.65 J0.
N195 X-129.35 Z-2. I0.65 J0.
N200 X-130.65 Z-1.5 I-0.65 J0.
N205 X-129.35 Z-1. I0.65 J0.
N210 X-130.65 Z-0.5 I-0.65 J0.
N215 X-130.325 Y-30.325 Z-0.375 I0.325 J0.
N220 G1 X-130. Y-30.
N225 Z5.
N230 X-110.
N235 Z-12.125
N240 Z-14.125
N245 X-109.675 Y-30.325
N250 G3 X-109.35 Y-30. Z-14. I0. J0.325
N255 X-110.65 Z-13.5 I-0.65 J0.
N260 X-109.35 Z-13. I0.65 J0.
N265 X-110.65 Z-12.5 I-0.65 J0.
N270 X-109.35 Z-12. I0.65 J0.
N275 X-110.65 Z-11.5 I-0.65 J0.
N280 X-109.35 Z-11. I0.65 J0.
N285 X-110.65 Z-10.5 I-0.65 J0.
N290 X-109.35 Z-10. I0.65 J0.
N295 X-110.65 Z-9.5 I-0.65 J0.
N300 X-109.35 Z-9. I0.65 J0.
N305 X-110.65 Z-8.5 I-0.65 J0.
N310 X-109.35 Z-8. I0.65 J0.
N315 X-110.65 Z-7.5 I-0.65 J0.
N320 X-109.35 Z-7. I0.65 J0.
N325 X-110.65 Z-6.5 I-0.65 J0.
N330 X-109.35 Z-6. I0.65 J0.
N335 X-110.65 Z-5.5 I-0.65 J0.
N340 X-109.35 Z-5. I0.65 J0.
N345 X-110.65 Z-4.5 I-0.65 J0.
N350 X-109.35 Z-4. I0.65 J0.
N355 X-110.65 Z-3.5 I-0.65 J0.
N360 X-109.35 Z-3. I0.65 J0.
N365 X-110.65 Z-2.5 I-0.65 J0.
N370 X-109.35 Z-2. I0.65 J0.
N375 X-110.65 Z-1.5 I-0.65 J0.
N380 X-109.35 Z-1. I0.65 J0.
N385 X-110.65 Z-0.5 I-0.65 J0.
N390 X-110.325 Y-30.325 Z-0.375 I0.325 J0.
N395 G1 X-110. Y-30.
N400 Z5.
N405 X-90.
N410 Z-12.125
N415 Z-14.125
N420 X-89.675 Y-30.325
N425 G3 X-89.35 Y-30. Z-14. I0. J0.325
N430 X-90.65 Z-13.5 I-0.65 J0.
N435 X-89.35 Z-13. I0.65 J0.
N440 X-90.65 Z-12.5 I-0.65 J0.
N445 X-89.35 Z-12. I0.65 J0.
N450 X-90.65 Z-11.5 I-0.65 J0.
N455 X-89.35 Z-11. I0.65 J0.
N460 X-90.65 Z-10.5 I-0.65 J0.
N465 X-89.35 Z-10. I0.65 J0.
N470 X-90.65 Z-9.5 I-0.65 J0.
N475 X-89.35 Z-9. I0.65 J0.
N480 X-90.65 Z-8.5 I-0.65 J0.
N485 X-89.35 Z-8. I0.65 J0.
N490 X-90.65 Z-7.5 I-0.65 J0.
N495 X-89.35 Z-7. I0.65 J0.
N500 X-90.65 Z-6.5 I-0.65 J0.
N505 X-89.35 Z-6. I0.65 J0.
N510 X-90.65 Z-5.5 I-0.65 J0.
N515 X-89.35 Z-5. I0.65 J0.
N520 X-90.65 Z-4.5 I-0.65 J0.
N525 X-89.35 Z-4. I0.65 J0.
N530 X-90.65 Z-3.5 I-0.65 J0.
N535 X-89.35 Z-3. I0.65 J0.
N540 X-90.65 Z-2.5 I-0.65 J0.
N545 X-89.35 Z-2. I0.65 J0.
N550 X-90.65 Z-1.5 I-0.65 J0.
N555 X-89.35 Z-1. I0.65 J0.
N560 X-90.65 Z-0.5 I-0.65 J0.
N565 X-90.325 Y-30.325 Z-0.375 I0.325 J0.
N570 G1 X-90. Y-30.
N575 Z5.
N580 X-70.
N585 Z-12.125
N590 Z-14.125
N595 X-69.675 Y-30.325
N600 G3 X-69.35 Y-30. Z-14. I0. J0.325
N605 X-70.65 Z-13.5 I-0.65 J0.
N610 X-69.35 Z-13. I0.65 J0.
N615 X-70.65 Z-12.5 I-0.65 J0.
N620 X-69.35 Z-12. I0.65 J0.
N625 X-70.65 Z-11.5 I-0.65 J0.
N630 X-69.35 Z-11. I0.65 J0.
N635 X-70.65 Z-10.5 I-0.65 J0.
N640 X-69.35 Z-10. I0.65 J0.
N645 X-70.65 Z-9.5 I-0.65 J0.
N650 X-69.35 Z-9. I0.65 J0.
N655 X-70.65 Z-8.5 I-0.65 J0.
N660 X-69.35 Z-8. I0.65 J0.
N665 X-70.65 Z-7.5 I-0.65 J0.
N670 X-69.35 Z-7. I0.65 J0.
N675 X-70.65 Z-6.5 I-0.65 J0.
N680 X-69.35 Z-6. I0.65 J0.
N685 X-70.65 Z-5.5 I-0.65 J0.
N690 X-69.35 Z-5. I0.65 J0.
N695 X-70.65 Z-4.5 I-0.65 J0.
N700 X-69.35 Z-4. I0.65 J0.
N705 X-70.65 Z-3.5 I-0.65 J0.
N710 X-69.35 Z-3. I0.65 J0.
N715 X-70.65 Z-2.5 I-0.65 J0.
N720 X-69.35 Z-2. I0.65 J0.
N725 X-70.65 Z-1.5 I-0.65 J0.
N730 X-69.35 Z-1. I0.65 J0.
N735 X-70.65 Z-0.5 I-0.65 J0.
N740 X-70.325 Y-30.325 Z-0.375 I0.325 J0.
N745 G1 X-70. Y-30.
N750 Z5.
N755 X-50.
N760 Z-12.125
N765 Z-14.125
N770 X-49.675 Y-30.325
N775 G3 X-49.35 Y-30. Z-14. I0. J0.325
N780 X-50.65 Z-13.5 I-0.65 J0.
N785 X-49.35 Z-13. I0.65 J0.
N790 X-50.65 Z-12.5 I-0.65 J0.
N795 X-49.35 Z-12. I0.65 J0.
N800 X-50.65 Z-11.5 I-0.65 J0.
N805 X-49.35 Z-11. I0.65 J0.
N810 X-50.65 Z-10.5 I-0.65 J0.
N815 X-49.35 Z-10. I0.65 J0.
N820 X-50.65 Z-9.5 I-0.65 J0.
N825 X-49.35 Z-9. I0.65 J0.
N830 X-50.65 Z-8.5 I-0.65 J0.
N835 X-49.35 Z-8. I0.65 J0.
N840 X-50.65 Z-7.5 I-0.65 J0.
N845 X-49.35 Z-7. I0.65 J0.
N850 X-50.65 Z-6.5 I-0.65 J0.
N855 X-49.35 Z-6. I0.65 J0.
N860 X-50.65 Z-5.5 I-0.65 J0.
N865 X-49.35 Z-5. I0.65 J0.
N870 X-50.65 Z-4.5 I-0.65 J0.
N875 X-49.35 Z-4. I0.65 J0.
N880 X-50.65 Z-3.5 I-0.65 J0.
N885 X-49.35 Z-3. I0.65 J0.
N890 X-50.65 Z-2.5 I-0.65 J0.
N895 X-49.35 Z-2. I0.65 J0.
N900 X-50.65 Z-1.5 I-0.65 J0.
N905 X-49.35 Z-1. I0.65 J0.
N910 X-50.65 Z-0.5 I-0.65 J0.
N915 X-50.325 Y-30.325 Z-0.375 I0.325 J0.
N920 G1 X-50. Y-30.
N925 Z5.
N930 X-30.
N935 Z-12.125
N940 Z-14.125
N945 X-29.675 Y-30.325
N950 G3 X-29.35 Y-30. Z-14. I0. J0.325
N955 X-30.65 Z-13.5 I-0.65 J0.
N960 X-29.35 Z-13. I0.65 J0.
N965 X-30.65 Z-12.5 I-0.65 J0.
N970 X-29.35 Z-12. I0.65 J0.
N975 X-30.65 Z-11.5 I-0.65 J0.
N980 X-29.35 Z-11. I0.65 J0.
N985 X-30.65 Z-10.5 I-0.65 J0.
N990 X-29.35 Z-10. I0.65 J0.
N995 X-30.65 Z-9.5 I-0.65 J0.
N1000 X-29.35 Z-9. I0.65 J0.
N1005 X-30.65 Z-8.5 I-0.65 J0.
N1010 X-29.35 Z-8. I0.65 J0.
N1015 X-30.65 Z-7.5 I-0.65 J0.
N1020 X-29.35 Z-7. I0.65 J0.
N1025 X-30.65 Z-6.5 I-0.65 J0.
N1030 X-29.35 Z-6. I0.65 J0.
N1035 X-30.65 Z-5.5 I-0.65 J0.
N1040 X-29.35 Z-5. I0.65 J0.
N1045 X-30.65 Z-4.5 I-0.65 J0.
N1050 X-29.35 Z-4. I0.65 J0.
N1055 X-30.65 Z-3.5 I-0.65 J0.
N1060 X-29.35 Z-3. I0.65 J0.
N1065 X-30.65 Z-2.5 I-0.65 J0.
N1070 X-29.35 Z-2. I0.65 J0.
N1075 X-30.65 Z-1.5 I-0.65 J0.
N1080 X-29.35 Z-1. I0.65 J0.
N1085 X-30.65 Z-0.5 I-0.65 J0.
N1090 X-30.325 Y-30.325 Z-0.375 I0.325 J0.
N1095 G1 X-30. Y-30.
N1100 Z5.
N1105 X-10.
N1110 Z-12.125
N1115 Z-14.125
N1120 X-9.675 Y-30.325
N1125 G3 X-9.35 Y-30. Z-14. I0. J0.325
N1130 X-10.65 Z-13.5 I-0.65 J0.
N1135 X-9.35 Z-13. I0.65 J0.
N1140 X-10.65 Z-12.5 I-0.65 J0.
N1145 X-9.35 Z-12. I0.65 J0.
N1150 X-10.65 Z-11.5 I-0.65 J0.
N1155 X-9.35 Z-11. I0.65 J0.
N1160 X-10.65 Z-10.5 I-0.65 J0.
N1165 X-9.35 Z-10. I0.65 J0.
N1170 X-10.65 Z-9.5 I-0.65 J0.
N1175 X-9.35 Z-9. I0.65 J0.
N1180 X-10.65 Z-8.5 I-0.65 J0.
N1185 X-9.35 Z-8. I0.65 J0.
N1190 X-10.65 Z-7.5 I-0.65 J0.
N1195 X-9.35 Z-7. I0.65 J0.
N1200 X-10.65 Z-6.5 I-0.65 J0.
N1205 X-9.35 Z-6. I0.65 J0.
N1210 X-10.65 Z-5.5 I-0.65 J0.
N1215 X-9.35 Z-5. I0.65 J0.
N1220 X-10.65 Z-4.5 I-0.65 J0.
N1225 X-9.35 Z-4. I0.65 J0.
N1230 X-10.65 Z-3.5 I-0.65 J0.
N1235 X-9.35 Z-3. I0.65 J0.
N1240 X-10.65 Z-2.5 I-0.65 J0.
N1245 X-9.35 Z-2. I0.65 J0.
N1250 X-10.65 Z-1.5 I-0.65 J0.
N1255 X-9.35 Z-1. I0.65 J0.
N1260 X-10.65 Z-0.5 I-0.65 J0.
N1265 X-10.325 Y-30.325 Z-0.375 I0.325 J0.
N1270 G1 X-10. Y-30.
N1275 Z5.
N1280 X10.
N1285 Z-12.125
N1290 Z-14.125
N1295 X10.325 Y-30.325
N1300 G3 X10.65 Y-30. Z-14. I0. J0.325
N1305 X9.35 Z-13.5 I-0.65 J0.
N1310 X10.65 Z-13. I0.65 J0.
N1315 X9.35 Z-12.5 I-0.65 J0.
N1320 X10.65 Z-12. I0.65 J0.
N1325 X9.35 Z-11.5 I-0.65 J0.
N1330 X10.65 Z-11. I0.65 J0.
N1335 X9.35 Z-10.5 I-0.65 J0.
N1340 X10.65 Z-10. I0.65 J0.
N1345 X9.35 Z-9.5 I-0.65 J0.
N1350 X10.65 Z-9. I0.65 J0.
N1355 X9.35 Z-8.5 I-0.65 J0.
N1360 X10.65 Z-8. I0.65 J0.
N1365 X9.35 Z-7.5 I-0.65 J0.
N1370 X10.65 Z-7. I0.65 J0.
N1375 X9.35 Z-6.5 I-0.65 J0.
N1380 X10.65 Z-6. I0.65 J0.
N1385 X9.35 Z-5.5 I-0.65 J0.
N1390 X10.65 Z-5. I0.65 J0.
N1395 X9.35 Z-4.5 I-0.65 J0.
N1400 X10.65 Z-4. I0.65 J0.
N1405 X9.35 Z-3.5 I-0.65 J0.
N1410 X10.65 Z-3. I0.65 J0.
N1415 X9.35 Z-2.5 I-0.65 J0.
N1420 X10.65 Z-2. I0.65 J0.
N1425 X9.35 Z-1.5 I-0.65 J0.
N1430 X10.65 Z-1. I0.65 J0.
N1435 X9.35 Z-0.5 I-0.65 J0.
N1440 X9.675 Y-30.325 Z-0.375 I0.325 J0.
N1445 G1 X10. Y-30.
N1450 Z5.
N1455 X30.
N1460 Z-12.125
N1465 Z-14.125
N1470 X30.325 Y-30.325
N1475 G3 X30.65 Y-30. Z-14. I0. J0.325
N1480 X29.35 Z-13.5 I-0.65 J0.
N1485 X30.65 Z-13. I0.65 J0.
N1490 X29.35 Z-12.5 I-0.65 J0.
N1495 X30.65 Z-12. I0.65 J0.
N1500 X29.35 Z-11.5 I-0.65 J0.
N1505 X30.65 Z-11. I0.65 J0.
N1510 X29.35 Z-10.5 I-0.65 J0.
N1515 X30.65 Z-10. I0.65 J0.
N1520 X29.35 Z-9.5 I-0.65 J0.
N1525 X30.65 Z-9. I0.65 J0.
N1530 X29.35 Z-8.5 I-0.65 J0.
N1535 X30.65 Z-8. I0.65 J0.
N1540 X29.35 Z-7.5 I-0.65 J0.
N1545 X30.65 Z-7. I0.65 J0.
N1550 X29.35 Z-6.5 I-0.65 J0.
N1555 X30.65 Z-6. I0.65 J0.
N1560 X29.35 Z-5.5 I-0.65 J0.
N1565 X30.65 Z-5. I0.65 J0.
N1570 X29.35 Z-4.5 I-0.65 J0.
N1575 X30.65 Z-4. I0.65 J0.
N1580 X29.35 Z-3.5 I-0.65 J0.
N1585 X30.65 Z-3. I0.65 J0.
N1590 X29.35 Z-2.5 I-0.65 J0.
N1595 X30.65 Z-2. I0.65 J0.
N1600 X29.35 Z-1.5 I-0.65 J0.
N1605 X30.65 Z-1. I0.65 J0.
N1610 X29.35 Z-0.5 I-0.65 J0.
N1615 X29.675 Y-30.325 Z-0.375 I0.325 J0.
N1620 G1 X30. Y-30.
N1625 Z5.
N1630 X50.
N1635 Z-12.125
N1640 Z-14.125
N1645 X50.325 Y-30.325
N1650 G3 X50.65 Y-30. Z-14. I0. J0.325
N1655 X49.35 Z-13.5 I-0.65 J0.
N1660 X50.65 Z-13. I0.65 J0.
N1665 X49.35 Z-12.5 I-0.65 J0.
N1670 X50.65 Z-12. I0.65 J0.
N1675 X49.35 Z-11.5 I-0.65 J0.
N1680 X50.65 Z-11. I0.65 J0.
N1685 X49.35 Z-10.5 I-0.65 J0.
N1690 X50.65 Z-10. I0.65 J0.
N1695 X49.35 Z-9.5 I-0.65 J0.
N1700 X50.65 Z-9. I0.65 J0.
N1705 X49.35 Z-8.5 I-0.65 J0.
N1710 X50.65 Z-8. I0.65 J0.
N1715 X49.35 Z-7.5 I-0.65 J0.
N1720 X50.65 Z-7. I0.65 J0.
N1725 X49.35 Z-6.5 I-0.65 J0.
N1730 X50.65 Z-6. I0.65 J0.
N1735 X49.35 Z-5.5 I-0.65 J0.
N1740 X50.65 Z-5. I0.65 J0.
N1745 X49.35 Z-4.5 I-0.65 J0.
N1750 X50.65 Z-4. I0.65 J0.
N1755 X49.35 Z-3.5 I-0.65 J0.
N1760 X50.65 Z-3. I0.65 J0.
N1765 X49.35 Z-2.5 I-0.65 J0.
N1770 X50.65 Z-2. I0.65 J0.
N1775 X49.35 Z-1.5 I-0.65 J0.
N1780 X50.65 Z-1. I0.65 J0.
N1785 X49.35 Z-0.5 I-0.65 J0.
N1790 X49.675 Y-30.325 Z-0.375 I0.325 J0.
N1795 G1 X50. Y-30.
N1800 Z5.
N1805 X70.
N1810 Z-12.125
N1815 Z-14.125
N1820 X70.325 Y-30.325
N1825 G3 X70.65 Y-30. Z-14. I0. J0.325
N1830 X69.35 Z-13.5 I-0.65 J0.
N1835 X70.65 Z-13. I0.65 J0.
N1840 X69.35 Z-12.5 I-0.65 J0.
N1845 X70.65 Z-12. I0.65 J0.
N1850 X69.35 Z-11.5 I-0.65 J0.
N1855 X70.65 Z-11. I0.65 J0.
N1860 X69.35 Z-10.5 I-0.65 J0.
N1865 X70.65 Z-10. I0.65 J0.
N1870 X69.35 Z-9.5 I-0.65 J0.
N1875 X70.65 Z-9. I0.65 J0.
N1880 X69.35 Z-8.5 I-0.65 J0.
N1885 X70.65 Z-8. I0.65 J0.
N1890 X69.35 Z-7.5 I-0.65 J0.
N1895 X70.65 Z-7. I0.65 J0.
N1900 X69.35 Z-6.5 I-0.65 J0.
N1905 X70.65 Z-6. I0.65 J0.
N1910 X69.35 Z-5.5 I-0.65 J0.
N1915 X70.65 Z-5. I0.65 J0.
N1920 X69.35 Z-4.5 I-0.65 J0.
N1925 X70.65 Z-4. I0.65 J0.
N1930 X69.35 Z-3.5 I-0.65 J0.
N1935 X70.65 Z-3. I0.65 J0.
N1940 X69.35 Z-2.5 I-0.65 J0.
N1945 X70.65 Z-2. I0.65 J0.
N1950 X69.35 Z-1.5 I-0.65 J0.
N1955 X70.65 Z-1. I0.65 J0.
N1960 X69.35 Z-0.5 I-0.65 J0.
N1965 X69.675 Y-30.325 Z-0.375 I0.325 J0.
N1970 G1 X70. Y-30.
N1975 Z5.
N1980 X90.
N1985 Z-12.125
N1990 Z-14.125
N1995 X90.325 Y-30.325
N2000 G3 X90.65 Y-30. Z-14. I0. J0.325
N2005 X89.35 Z-13.5 I-0.65 J0.
N2010 X90.65 Z-13. I0.65 J0.
N2015 X89.35 Z-12.5 I-0.65 J0.
N2020 X90.65 Z-12. I0.65 J0.
N2025 X89.35 Z-11.5 I-0.65 J0.
N2030 X90.65 Z-11. I0.65 J0.
N2035 X89.35 Z-10.5 I-0.65 J0.
N2040 X90.65 Z-10. I0.65 J0.
N2045 X89.35 Z-9.5 I-0.65 J0.
N2050 X90.65 Z-9. I0.65 J0.
N2055 X89.35 Z-8.5 I-0.65 J0.
N2060 X90.65 Z-8. I0.65 J0.
N2065 X89.35 Z-7.5 I-0.65 J0.
N2070 X90.65 Z-7. I0.65 J0.
N2075 X89.35 Z-6.5 I-0.65 J0.
N2080 X90.65 Z-6. I0.65 J0.
N2085 X89.35 Z-5.5 I-0.65 J0.
N2090 X90.65 Z-5. I0.65 J0.
N2095 X89.35 Z-4.5 I-0.65 J0.
N2100 X90.65 Z-4. I0.65 J0.
N2105 X89.35 Z-3.5 I-0.65 J0.
N2110 X90.65 Z-3. I0.65 J0.
N2115 X89.35 Z-2.5 I-0.65 J0.
N2120 X90.65 Z-2. I0.65 J0.
N2125 X89.35 Z-1.5 I-0.65 J0.
N2130 X90.65 Z-1. I0.65 J0.
N2135 X89.35 Z-0.5 I-0.65 J0.
N2140 X89.675 Y-30.325 Z-0.375 I0.325 J0.
N2145 G1 X90. Y-30.
N2150 Z5.
N2155 X110.
N2160 Z-12.125
N2165 Z-14.125
N2170 X110.325 Y-30.325
N2175 G3 X110.65 Y-30. Z-14. I0. J0.325
N2180 X109.35 Z-13.5 I-0.65 J0.
N2185 X110.65 Z-13. I0.65 J0.
N2190 X109.35 Z-12.5 I-0.65 J0.
N2195 X110.65 Z-12. I0.65 J0.
N2200 X109.35 Z-11.5 I-0.65 J0.
N2205 X110.65 Z-11. I0.65 J0.
N2210 X109.35 Z-10.5 I-0.65 J0.
N2215 X110.65 Z-10. I0.65 J0.
N2220 X109.35 Z-9.5 I-0.65 J0.
N2225 X110.65 Z-9. I0.65 J0.
N2230 X109.35 Z-8.5 I-0.65 J0.
N2235 X110.65 Z-8. I0.65 J0.
N2240 X109.35 Z-7.5 I-0.65 J0.
N2245 X110.65 Z-7. I0.65 J0.
N2250 X109.35 Z-6.5 I-0.65 J0.
N2255 X110.65 Z-6. I0.65 J0.
N2260 X109.35 Z-5.5 I-0.65 J0.
N2265 X110.65 Z-5. I0.65 J0.
N2270 X109.35 Z-4.5 I-0.65 J0.
N2275 X110.65 Z-4. I0.65 J0.
N2280 X109.35 Z-3.5 I-0.65 J0.
N2285 X110.65 Z-3. I0.65 J0.
N2290 X109.35 Z-2.5 I-0.65 J0.
N2295 X110.65 Z-2. I0.65 J0.
N2300 X109.35 Z-1.5 I-0.65 J0.
N2305 X110.65 Z-1. I0.65 J0.
N2310 X109.35 Z-0.5 I-0.65 J0.
N2315 X109.675 Y-30.325 Z-0.375 I0.325 J0.
N2320 G1 X110. Y-30.
N2325 Z5.
N2330 X130.
N2335 Z-12.125
N2340 Z-14.125
N2345 X130.325 Y-30.325
N2350 G3 X130.65 Y-30. Z-14. I0. J0.325
N2355 X129.35 Z-13.5 I-0.65 J0.
N2360 X130.65 Z-13. I0.65 J0.
N2365 X129.35 Z-12.5 I-0.65 J0.
N2370 X130.65 Z-12. I0.65 J0.
N2375 X129.35 Z-11.5 I-0.65 J0.
N2380 X130.65 Z-11. I0.65 J0.
N2385 X129.35 Z-10.5 I-0.65 J0.
N2390 X130.65 Z-10. I0.65 J0.
N2395 X129.35 Z-9.5 I-0.65 J0.
N2400 X130.65 Z-9. I0.65 J0.
N2405 X129.35 Z-8.5 I-0.65 J0.
N2410 X130.65 Z-8. I0.65 J0.
N2415 X129.35 Z-7.5 I-0.65 J0.
N2420 X130.65 Z-7. I0.65 J0.
N2425 X129.35 Z-6.5 I-0.65 J0.
N2430 X130.65 Z-6. I0.65 J0.
N2435 X129.35 Z-5.5 I-0.65 J0.
N2440 X130.65 Z-5. I0.65 J0.
N2445 X129.35 Z-4.5 I-0.65 J0.
N2450 X130.65 Z-4. I0.65 J0.
N2455 X129.35 Z-3.5 I-0.65 J0.
N2460 X130.65 Z-3. I0.65 J0.
N2465 X129.35 Z-2.5 I-0.65 J0.
N2470 X130.65 Z-2. I0.65 J0.
N2475 X129.35 Z-1.5 I-0.65 J0.
N2480 X130.65 Z-1. I0.65 J0.
N2485 X129.35 Z-0.5 I-0.65 J0.
N2490 X129.675 Y-30.325 Z-0.375 I0.325 J0.
N2495 G1 X130. Y-30.
N2500 Z5.
N2505 Y-50.
N2510 Z-12.125
N2515 Z-14.125
N2520 X130.325 Y-50.325
N2525 G3 X130.65 Y-50. Z-14. I0. J0.325
N2530 X129.35 Z-13.5 I-0.65 J0.
N2535 X130.65 Z-13. I0.65 J0.
N2540 X129.35 Z-12.5 I-0.65 J0.
N2545 X130.65 Z-12. I0.65 J0.
N2550 X129.35 Z-11.5 I-0.65 J0.
N2555 X130.65 Z-11. I0.65 J0.
N2560 X129.35 Z-10.5 I-0.65 J0.
N2565 X130.65 Z-10. I0.65 J0.
N2570 X129.35 Z-9.5 I-0.65 J0.
N2575 X130.65 Z-9. I0.65 J0.
N2580 X129.35 Z-8.5 I-0.65 J0.
N2585 X130.65 Z-8. I0.65 J0.
N2590 X129.35 Z-7.5 I-0.65 J0.
N2595 X130.65 Z-7. I0.65 J0.
N2600 X129.35 Z-6.5 I-0.65 J0.
N2605 X130.65 Z-6. I0.65 J0.
N2610 X129.35 Z-5.5 I-0.65 J0.
N2615 X130.65 Z-5. I0.65 J0.
N2620 X129.35 Z-4.5 I-0.65 J0.
N2625 X130.65 Z-4. I0.65 J0.
N2630 X129.35 Z-3.5 I-0.65 J0.
N2635 X130.65 Z-3. I0.65 J0.
N2640 X129.35 Z-2.5 I-0.65 J0.
N2645 X130.65 Z-2. I0.65 J0.
N2650 X129.35 Z-1.5 I-0.65 J0.
N2655 X130.65 Z-1. I0.65 J0.
N2660 X129.35 Z-0.5 I-0.65 J0.
N2665 X129.675 Y-50.325 Z-0.375 I0.325 J0.
N2670 G1 X130. Y-50.
N2675 Z5.
N2680 X110.
N2685 Z-12.125
N2690 Z-14.125
N2695 X110.325 Y-50.325
N2700 G3 X110.65 Y-50. Z-14. I0. J0.325
N2705 X109.35 Z-13.5 I-0.65 J0.
N2710 X110.65 Z-13. I0.65 J0.
N2715 X109.35 Z-12.5 I-0.65 J0.
N2720 X110.65 Z-12. I0.65 J0.
N2725 X109.35 Z-11.5 I-0.65 J0.
N2730 X110.65 Z-11. I0.65 J0.
N2735 X109.35 Z-10.5 I-0.65 J0.
N2740 X110.65 Z-10. I0.65 J0.
N2745 X109.35 Z-9.5 I-0.65 J0.
N2750 X110.65 Z-9. I0.65 J0.
N2755 X109.35 Z-8.5 I-0.65 J0.
N2760 X110.65 Z-8. I0.65 J0.
N2765 X109.35 Z-7.5 I-0.65 J0.
N2770 X110.65 Z-7. I0.65 J0.
N2775 X109.35 Z-6.5 I-0.65 J0.
N2780 X110.65 Z-6. I0.65 J0.
N2785 X109.35 Z-5.5 I-0.65 J0.
N2790 X110.65 Z-5. I0.65 J0.
N2795 X109.35 Z-4.5 I-0.65 J0.
N2800 X110.65 Z-4. I0.65 J0.
N2805 X109.35 Z-3.5 I-0.65 J0.
N2810 X110.65 Z-3. I0.65 J0.
N2815 X109.35 Z-2.5 I-0.65 J0.
N2820 X110.65 Z-2. I0.65 J0.
N2825 X109.35 Z-1.5 I-0.65 J0.
N2830 X110.65 Z-1. I0.65 J0.
N2835 X109.35 Z-0.5 I-0.65 J0.
N2840 X109.675 Y-50.325 Z-0.375 I0.325 J0.
N2845 G1 X110. Y-50.
N2850 Z5.
N2855 X90.
N2860 Z-12.125
N2865 Z-14.125
N2870 X90.325 Y-50.325
N2875 G3 X90.65 Y-50. Z-14. I0. J0.325
N2880 X89.35 Z-13.5 I-0.65 J0.
N2885 X90.65 Z-13. I0.65 J0.
N2890 X89.35 Z-12.5 I-0.65 J0.
N2895 X90.65 Z-12. I0.65 J0.
N2900 X89.35 Z-11.5 I-0.65 J0.
N2905 X90.65 Z-11. I0.65 J0.
N2910 X89.35 Z-10.5 I-0.65 J0.
N2915 X90.65 Z-10. I0.65 J0.
N2920 X89.35 Z-9.5 I-0.65 J0.
N2925 X90.65 Z-9. I0.65 J0.
N2930 X89.35 Z-8.5 I-0.65 J0.
N2935 X90.65 Z-8. I0.65 J0.
N2940 X89.35 Z-7.5 I-0.65 J0.
N2945 X90.65 Z-7. I0.65 J0.
N2950 X89.35 Z-6.5 I-0.65 J0.
N2955 X90.65 Z-6. I0.65 J0.
N2960 X89.35 Z-5.5 I-0.65 J0.
N2965 X90.65 Z-5. I0.65 J0.
N2970 X89.35 Z-4.5 I-0.65 J0.
N2975 X90.65 Z-4. I0.65 J0.
N2980 X89.35 Z-3.5 I-0.65 J0.
N2985 X90.65 Z-3. I0.65 J0.
N2990 X89.35 Z-2.5 I-0.65 J0.
N2995 X90.65 Z-2. I0.65 J0.
N3000 X89.35 Z-1.5 I-0.65 J0.
N3005 X90.65 Z-1. I0.65 J0.
N3010 X89.35 Z-0.5 I-0.65 J0.
N3015 X89.675 Y-50.325 Z-0.375 I0.325 J0.
N3020 G1 X90. Y-50.
N3025 Z5.
N3030 X70.
N3035 Z-12.125
N3040 Z-14.125
N3045 X70.325 Y-50.325
N3050 G3 X70.65 Y-50. Z-14. I0. J0.325
N3055 X69.35 Z-13.5 I-0.65 J0.
N3060 X70.65 Z-13. I0.65 J0.
N3065 X69.35 Z-12.5 I-0.65 J0.
N3070 X70.65 Z-12. I0.65 J0.
N3075 X69.35 Z-11.5 I-0.65 J0.
N3080 X70.65 Z-11. I0.65 J0.
N3085 X69.35 Z-10.5 I-0.65 J0.
N3090 X70.65 Z-10. I0.65 J0.
N3095 X69.35 Z-9.5 I-0.65 J0.
N3100 X70.65 Z-9. I0.65 J0.
N3105 X69.35 Z-8.5 I-0.65 J0.
N3110 X70.65 Z-8. I0.65 J0.
N3115 X69.35 Z-7.5 I-0.65 J0.
N3120 X70.65 Z-7. I0.65 J0.
N3125 X69.35 Z-6.5 I-0.65 J0.
N3130 X70.65 Z-6. I0.65 J0.
N3135 X69.35 Z-5.5 I-0.65 J0.
N3140 X70.65 Z-5. I0.65 J0.
N3145 X69.35 Z-4.5 I-0.65 J0.
N3150 X70.65 Z-4. I0.65 J0.
N3155 X69.35 Z-3.5 I-0.65 J0.
N3160 X70.65 Z-3. I0.65 J0.
N3165 X69.35 Z-2.5 I-0.65 J0.
N3170 X70.65 Z-2. I0.65 J0.
N3175 X69.35 Z-1.5 I-0.65 J0.
N3180 X70.65 Z-1. I0.65 J0.
N3185 X69.35 Z-0.5 I-0.65 J0.
N3190 X69.675 Y-50.325 Z-0.375 I0.325 J0.
N3195 G1 X70. Y-50.
N3200 Z5.
N3205 X50.
N3210 Z-12.125
N3215 Z-14.125
N3220 X50.325 Y-50.325
N3225 G3 X50.65 Y-50. Z-14. I0. J0.325
N3230 X49.35 Z-13.5 I-0.65 J0.
N3235 X50.65 Z-13. I0.65 J0.
N3240 X49.35 Z-12.5 I-0.65 J0.
N3245 X50.65 Z-12. I0.65 J0.
N3250 X49.35 Z-11.5 I-0.65 J0.
N3255 X50.65 Z-11. I0.65 J0.
N3260 X49.35 Z-10.5 I-0.65 J0.
N3265 X50.65 Z-10. I0.65 J0.
N3270 X49.35 Z-9.5 I-0.65 J0.
N3275 X50.65 Z-9. I0.65 J0.
N3280 X49.35 Z-8.5 I-0.65 J0.
N3285 X50.65 Z-8. I0.65 J0.
N3290 X49.35 Z-7.5 I-0.65 J0.
N3295 X50.65 Z-7. I0.65 J0.
N3300 X49.35 Z-6.5 I-0.65 J0.
N3305 X50.65 Z-6. I0.65 J0.
N3310 X49.35 Z-5.5 I-0.65 J0.
N3315 X50.65 Z-5. I0.65 J0.
N3320 X49.35 Z-4.5 I-0.65 J0.
N3325 X50.65 Z-4. I0.65 J0.
N3330 X49.35 Z-3.5 I-0.65 J0.
N3335 X50.65 Z-3. I0.65 J0.
N3340 X49.35 Z-2.5 I-0.65 J0.
N3345 X50.65 Z-2. I0.65 J0.
N3350 X49.35 Z-1.5 I-0.65 J0.
N3355 X50.65 Z-1. I0.65 J0.
N3360 X49.35 Z-0.5 I-0.65 J0.
N3365 X49.675 Y-50.325 Z-0.375 I0.325 J0.
N3370 G1 X50. Y-50.
N3375 Z5.
N3380 X30.
N3385 Z-12.125
N3390 Z-14.125
N3395 X30.325 Y-50.325
N3400 G3 X30.65 Y-50. Z-14. I0. J0.325
N3405 X29.35 Z-13.5 I-0.65 J0.
N3410 X30.65 Z-13. I0.65 J0.
N3415 X29.35 Z-12.5 I-0.65 J0.
N3420 X30.65 Z-12. I0.65 J0.
N3425 X29.35 Z-11.5 I-0.65 J0.
N3430 X30.65 Z-11. I0.65 J0.
N3435 X29.35 Z-10.5 I-0.65 J0.
N3440 X30.65 Z-10. I0.65 J0.
N3445 X29.35 Z-9.5 I-0.65 J0.
N3450 X30.65 Z-9. I0.65 J0.
N3455 X29.35 Z-8.5 I-0.65 J0.
N3460 X30.65 Z-8. I0.65 J0.
N3465 X29.35 Z-7.5 I-0.65 J0.
N3470 X30.65 Z-7. I0.65 J0.
N3475 X29.35 Z-6.5 I-0.65 J0.
N3480 X30.65 Z-6. I0.65 J0.
N3485 X29.35 Z-5.5 I-0.65 J0.
N3490 X30.65 Z-5. I0.65 J0.
N3495 X29.35 Z-4.5 I-0.65 J0.
N3500 X30.65 Z-4. I0.65 J0.
N3505 X29.35 Z-3.5 I-0.65 J0.
N3510 X30.65 Z-3. I0.65 J0.
N3515 X29.35 Z-2.5 I-0.65 J0.
N3520 X30.65 Z-2. I0.65 J0.
N3525 X29.35 Z-1.5 I-0.65 J0.
N3530 X30.65 Z-1. I0.65 J0.
N3535 X29.35 Z-0.5 I-0.65 J0.
N3540 X29.675 Y-50.325 Z-0.375 I0.325 J0.
N3545 G1 X30. Y-50.
N3550 Z5.
N3555 X10.
N3560 Z-12.125
N3565 Z-14.125
N3570 X10.325 Y-50.325
N3575 G3 X10.65 Y-50. Z-14. I0. J0.325
N3580 X9.35 Z-13.5 I-0.65 J0.
N3585 X10.65 Z-13. I0.65 J0.
N3590 X9.35 Z-12.5 I-0.65 J0.
N3595 X10.65 Z-12. I0.65 J0.
N3600 X9.35 Z-11.5 I-0.65 J0.
N3605 X10.65 Z-11. I0.65 J0.
N3610 X9.35 Z-10.5 I-0.65 J0.
N3615 X10.65 Z-10. I0.65 J0.
N3620 X9.35 Z-9.5 I-0.65 J0.
N3625 X10.65 Z-9. I0.65 J0.
N3630 X9.35 Z-8.5 I-0.65 J0.
N3635 X10.65 Z-8. I0.65 J0.
N3640 X9.35 Z-7.5 I-0.65 J0.
N3645 X10.65 Z-7. I0.65 J0.
N3650 X9.35 Z-6.5 I-0.65 J0.
N3655 X10.65 Z-6. I0.65 J0.
N3660 X9.35 Z-5.5 I-0.65 J0.
N3665 X10.65 Z-5. I0.65 J0.
N3670 X9.35 Z-4.5 I-0.65 J0.
N3675 X10.65 Z-4. I0.65 J0.
N3680 X9.35 Z-3.5 I-0.65 J0.
N3685 X10.65 Z-3. I0.65 J0.
N3690 X9.35 Z-2.5 I-0.65 J0.
N3695 X10.65 Z-2. I0.65 J0.
N3700 X9.35 Z-1.5 I-0.65 J0.
N3705 X10.65 Z-1. I0.65 J0.
N3710 X9.35 Z-0.5 I-0.65 J0.
N3715 X9.675 Y-50.325 Z-0.375 I0.325 J0.
N3720 G1 X10. Y-50.
N3725 Z5.
N3730 X-10.
N3735 Z-12.125
N3740 Z-14.125
N3745 X-9.675 Y-50.325
N3750 G3 X-9.35 Y-50. Z-14. I0. J0.325
N3755 X-10.65 Z-13.5 I-0.65 J0.
N3760 X-9.35 Z-13. I0.65 J0.
N3765 X-10.65 Z-12.5 I-0.65 J0.
N3770 X-9.35 Z-12. I0.65 J0.
N3775 X-10.65 Z-11.5 I-0.65 J0.
N3780 X-9.35 Z-11. I0.65 J0.
N3785 X-10.65 Z-10.5 I-0.65 J0.
N3790 X-9.35 Z-10. I0.65 J0.
N3795 X-10.65 Z-9.5 I-0.65 J0.
N3800 X-9.35 Z-9. I0.65 J0.
N3805 X-10.65 Z-8.5 I-0.65 J0.
N3810 X-9.35 Z-8. I0.65 J0.
N3815 X-10.65 Z-7.5 I-0.65 J0.
N3820 X-9.35 Z-7. I0.65 J0.
N3825 X-10.65 Z-6.5 I-0.65 J0.
N3830 X-9.35 Z-6. I0.65 J0.
N3835 X-10.65 Z-5.5 I-0.65 J0.
N3840 X-9.35 Z-5. I0.65 J0.
N3845 X-10.65 Z-4.5 I-0.65 J0.
N3850 X-9.35 Z-4. I0.65 J0.
N3855 X-10.65 Z-3.5 I-0.65 J0.
N3860 X-9.35 Z-3. I0.65 J0.
N3865 X-10.65 Z-2.5 I-0.65 J0.
N3870 X-9.35 Z-2. I0.65 J0.
N3875 X-10.65 Z-1.5 I-0.65 J0.
N3880 X-9.35 Z-1. I0.65 J0.
N3885 X-10.65 Z-0.5 I-0.65 J0.
N3890 X-10.325 Y-50.325 Z-0.375 I0.325 J0.
N3895 G1 X-10. Y-50.
N3900 Z5.
N3905 X-30.
N3910 Z-12.125
N3915 Z-14.125
N3920 X-29.675 Y-50.325
N3925 G3 X-29.35 Y-50. Z-14. I0. J0.325
N3930 X-30.65 Z-13.5 I-0.65 J0.
N3935 X-29.35 Z-13. I0.65 J0.
N3940 X-30.65 Z-12.5 I-0.65 J0.
N3945 X-29.35 Z-12. I0.65 J0.
N3950 X-30.65 Z-11.5 I-0.65 J0.
N3955 X-29.35 Z-11. I0.65 J0.
N3960 X-30.65 Z-10.5 I-0.65 J0.
N3965 X-29.35 Z-10. I0.65 J0.
N3970 X-30.65 Z-9.5 I-0.65 J0.
N3975 X-29.35 Z-9. I0.65 J0.
N3980 X-30.65 Z-8.5 I-0.65 J0.
N3985 X-29.35 Z-8. I0.65 J0.
N3990 X-30.65 Z-7.5 I-0.65 J0.
N3995 X-29.35 Z-7. I0.65 J0.
N4000 X-30.65 Z-6.5 I-0.65 J0.
N4005 X-29.35 Z-6. I0.65 J0.
N4010 X-30.65 Z-5.5 I-0.65 J0.
N4015 X-29.35 Z-5. I0.65 J0.
N4020 X-30.65 Z-4.5 I-0.65 J0.
N4025 X-29.35 Z-4. I0.65 J0.
N4030 X-30.65 Z-3.5 I-0.65 J0.
N4035 X-29.35 Z-3. I0.65 J0.
N4040 X-30.65 Z-2.5 I-0.65 J0.
N4045 X-29.35 Z-2. I0.65 J0.
N4050 X-30.65 Z-1.5 I-0.65 J0.
N4055 X-29.35 Z-1. I0.65 J0.
N4060 X-30.65 Z-0.5 I-0.65 J0.
N4065 X-30.325 Y-50.325 Z-0.375 I0.325 J0.
N4070 G1 X-30. Y-50.
N4075 Z5.
N4080 X-50.
N4085 Z-12.125
N4090 Z-14.125
N4095 X-49.675 Y-50.325
N4100 G3 X-49.35 Y-50. Z-14. I0. J0.325
N4105 X-50.65 Z-13.5 I-0.65 J0.
N4110 X-49.35 Z-13. I0.65 J0.
N4115 X-50.65 Z-12.5 I-0.65 J0.
N4120 X-49.35 Z-12. I0.65 J0.
N4125 X-50.65 Z-11.5 I-0.65 J0.
N4130 X-49.35 Z-11. I0.65 J0.
N4135 X-50.65 Z-10.5 I-0.65 J0.
N4140 X-49.35 Z-10. I0.65 J0.
N4145 X-50.65 Z-9.5 I-0.65 J0.
N4150 X-49.35 Z-9. I0.65 J0.
N4155 X-50.65 Z-8.5 I-0.65 J0.
N4160 X-49.35 Z-8. I0.65 J0.
N4165 X-50.65 Z-7.5 I-0.65 J0.
N4170 X-49.35 Z-7. I0.65 J0.
N4175 X-50.65 Z-6.5 I-0.65 J0.
N4180 X-49.35 Z-6. I0.65 J0.
N4185 X-50.65 Z-5.5 I-0.65 J0.
N4190 X-49.35 Z-5. I0.65 J0.
N4195 X-50.65 Z-4.5 I-0.65 J0.
N4200 X-49.35 Z-4. I0.65 J0.
N4205 X-50.65 Z-3.5 I-0.65 J0.
N4210 X-49.35 Z-3. I0.65 J0.
N4215 X-50.65 Z-2.5 I-0.65 J0.
N4220 X-49.35 Z-2. I0.65 J0.
N4225 X-50.65 Z-1.5 I-0.65 J0.
N4230 X-49.35 Z-1. I0.65 J0.
N4235 X-50.65 Z-0.5 I-0.65 J0.
N4240 X-50.325 Y-50.325 Z-0.375 I0.325 J0.
N4245 G1 X-50. Y-50.
N4250 Z5.
N4255 X-70.
N4260 Z-12.125
N4265 Z-14.125
N4270 X-69.675 Y-50.325
N4275 G3 X-69.35 Y-50. Z-14. I0. J0.325
N4280 X-70.65 Z-13.5 I-0.65 J0.
N4285 X-69.35 Z-13. I0.65 J0.
N4290 X-70.65 Z-12.5 I-0.65 J0.
N4295 X-69.35 Z-12. I0.65 J0.
N4300 X-70.65 Z-11.5 I-0.65 J0.
N4305 X-69.35 Z-11. I0.65 J0.
N4310 X-70.65 Z-10.5 I-0.65 J0.
N4315 X-69.35 Z-10. I0.65 J0.
N4320 X-70.65 Z-9.5 I-0.65 J0.
N4325 X-69.35 Z-9. I0.65 J0.
N4330 X-70.65 Z-8.5 I-0.65 J0.
N4335 X-69.35 Z-8. I0.65 J0.
N4340 X-70.65 Z-7.5 I-0.65 J0.
N4345 X-69.35 Z-7. I0.65 J0.
N4350 X-70.65 Z-6.5 I-0.65 J0.
N4355 X-69.35 Z-6. I0.65 J0.
N4360 X-70.65 Z-5.5 I-0.65 J0.
N4365 X-69.35 Z-5. I0.65 J0.
N4370 X-70.65 Z-4.5 I-0.65 J0.
N4375 X-69.35 Z-4. I0.65 J0.
N4380 X-70.65 Z-3.5 I-0.65 J0.
N4385 X-69.35 Z-3. I0.65 J0.
N4390 X-70.65 Z-2.5 I-0.65 J0.
N4395 X-69.35 Z-2. I0.65 J0.
N4400 X-70.65 Z-1.5 I-0.65 J0.
N4405 X-69.35 Z-1. I0.65 J0.
N4410 X-70.65 Z-0.5 I-0.65 J0.
N4415 X-70.325 Y-50.325 Z-0.375 I0.325 J0.
N4420 G1 X-70. Y-50.
N4425 Z5.
N4430 X-90.
N4435 Z-12.125
N4440 Z-14.125
N4445 X-89.675 Y-50.325
N4450 G3 X-89.35 Y-50. Z-14. I0. J0.325
N4455 X-90.65 Z-13.5 I-0.65 J0.
N4460 X-89.35 Z-13. I0.65 J0.
N4465 X-90.65 Z-12.5 I-0.65 J0.
N4470 X-89.35 Z-12. I0.65 J0.
N4475 X-90.65 Z-11.5 I-0.65 J0.
N4480 X-89.35 Z-11. I0.65 J0.
N4485 X-90.65 Z-10.5 I-0.65 J0.
N4490 X-89.35 Z-10. I0.65 J0.
N4495 X-90.65 Z-9.5 I-0.65 J0.
N4500 X-89.35 Z-9. I0.65 J0.
N4505 X-90.65 Z-8.5 I-0.65 J0.
N4510 X-89.35 Z-8. I0.65 J0.
N4515 X-90.65 Z-7.5 I-0.65 J0.
N4520 X-89.35 Z-7. I0.65 J0.
N4525 X-90.65 Z-6.5 I-0.65 J0.
N4530 X-89.35 Z-6. I0.65 J0.
N4535 X-90.65 Z-5.5 I-0.65 J0.
N4540 X-89.35 Z-5. I0.65 J0.
N4545 X-90.65 Z-4.5 I-0.65 J0.
N4550 X-89.35 Z-4. I0.65 J0.
N4555 X-90.65 Z-3.5 I-0.65 J0.
N4560 X-89.35 Z-3. I0.65 J0.
N4565 X-90.65 Z-2.5 I-0.65 J0.
N4570 X-89.35 Z-2. I0.65 J0.
N4575 X-90.65 Z-1.5 I-0.65 J0.
N4580 X-89.35 Z-1. I0.65 J0.
N4585 X-90.65 Z-0.5 I-0.65 J0.
N4590 X-90.325 Y-50.325 Z-0.375 I0.325 J0.
N4595 G1 X-90. Y-50.
N4600 Z5.
N4605 X-110.
N4610 Z-12.125
N4615 Z-14.125
N4620 X-109.675 Y-50.325
N4625 G3 X-109.35 Y-50. Z-14. I0. J0.325
N4630 X-110.65 Z-13.5 I-0.65 J0.
N4635 X-109.35 Z-13. I0.65 J0.
N4640 X-110.65 Z-12.5 I-0.65 J0.
N4645 X-109.35 Z-12. I0.65 J0.
N4650 X-110.65 Z-11.5 I-0.65 J0.
N4655 X-109.35 Z-11. I0.65 J0.
N4660 X-110.65 Z-10.5 I-0.65 J0.
N4665 X-109.35 Z-10. I0.65 J0.
N4670 X-110.65 Z-9.5 I-0.65 J0.
N4675 X-109.35 Z-9. I0.65 J0.
N4680 X-110.65 Z-8.5 I-0.65 J0.
N4685 X-109.35 Z-8. I0.65 J0.
N4690 X-110.65 Z-7.5 I-0.65 J0.
N4695 X-109.35 Z-7. I0.65 J0.
N4700 X-110.65 Z-6.5 I-0.65 J0.
N4705 X-109.35 Z-6. I0.65 J0.
N4710 X-110.65 Z-5.5 I-0.65 J0.
N4715 X-109.35 Z-5. I0.65 J0.
N4720 X-110.65 Z-4.5 I-0.65 J0.
N4725 X-109.35 Z-4. I0.65 J0.
N4730 X-110.65 Z-3.5 I-0.65 J0.
N4735 X-109.35 Z-3. I0.65 J0.
N4740 X-110.65 Z-2.5 I-0.65 J0.
N4745 X-109.35 Z-2. I0.65 J0.
N4750 X-110.65 Z-1.5 I-0.65 J0.
N4755 X-109.35 Z-1. I0.65 J0.
N4760 X-110.65 Z-0.5 I-0.65 J0.
N4765 X-110.325 Y-50.325 Z-0.375 I0.325 J0.
N4770 G1 X-110. Y-50.
N4775 Z5.
N4780 X-130.
N4785 Z-12.125
N4790 Z-14.125
N4795 X-129.675 Y-50.325
N4800 G3 X-129.35 Y-50. Z-14. I0. J0.325
N4805 X-130.65 Z-13.5 I-0.65 J0.
N4810 X-129.35 Z-13. I0.65 J0.
N4815 X-130.65 Z-12.5 I-0.65 J0.
N4820 X-129.35 Z-12. I0.65 J0.
N4825 X-130.65 Z-11.5 I-0.65 J0.
N4830 X-129.35 Z-11. I0.65 J0.
N4835 X-130.65 Z-10.5 I-0.65 J0.
N4840 X-129.35 Z-10. I0.65 J0.
N4845 X-130.65 Z-9.5 I-0.65 J0.
N4850 X-129.35 Z-9. I0.65 J0.
N4855 X-130.65 Z-8.5 I-0.65 J0.
N4860 X-129.35 Z-8. I0.65 J0.
N4865 X-130.65 Z-7.5 I-0.65 J0.
N4870 X-129.35 Z-7. I0.65 J0.
N4875 X-130.65 Z-6.5 I-0.65 J0.
N4880 X-129.35 Z-6. I0.65 J0.
N4885 X-130.65 Z-5.5 I-0.65 J0.
N4890 X-129.35 Z-5. I0.65 J0.
N4895 X-130.65 Z-4.5 I-0.65 J0.
N4900 X-129.35 Z-4. I0.65 J0.
N4905 X-130.65 Z-3.5 I-0.65 J0.
N4910 X-129.35 Z-3. I0.65 J0.
N4915 X-130.65 Z-2.5 I-0.65 J0.
N4920 X-129.35 Z-2. I0.65 J0.
N4925 X-130.65 Z-1.5 I-0.65 J0.
N4930 X-129.35 Z-1. I0.65 J0.
N4935 X-130.65 Z-0.5 I-0.65 J0.
N4940 X-130.325 Y-50.325 Z-0.375 I0.325 J0.
N4945 G1 X-130. Y-50.
N4950 Z5.
N4955 X110. Y-130.
N4960 Z-12.125
N4965 Z-14.125
N4970 X110.325 Y-130.325
N4975 G3 X110.65 Y-130. Z-14. I0. J0.325
N4980 X109.35 Z-13.5 I-0.65 J0.
N4985 X110.65 Z-13. I0.65 J0.
N4990 X109.35 Z-12.5 I-0.65 J0.
N4995 X110.65 Z-12. I0.65 J0.
N5000 X109.35 Z-11.5 I-0.65 J0.
N5005 X110.65 Z-11. I0.65 J0.
N5010 X109.35 Z-10.5 I-0.65 J0.
N5015 X110.65 Z-10. I0.65 J0.
N5020 X109.35 Z-9.5 I-0.65 J0.
N5025 X110.65 Z-9. I0.65 J0.
N5030 X109.35 Z-8.5 I-0.65 J0.
N5035 X110.65 Z-8. I0.65 J0.
N5040 X109.35 Z-7.5 I-0.65 J0.
N5045 X110.65 Z-7. I0.65 J0.
N5050 X109.35 Z-6.5 I-0.65 J0.
N5055 X110.65 Z-6. I0.65 J0.
N5060 X109.35 Z-5.5 I-0.65 J0.
N5065 X110.65 Z-5. I0.65 J0.
N5070 X109.35 Z-4.5 I-0.65 J0.
N5075 X110.65 Z-4. I0.65 J0.
N5080 X109.35 Z-3.5 I-0.65 J0.
N5085 X110.65 Z-3. I0.65 J0.
N5090 X109.35 Z-2.5 I-0.65 J0.
N5095 X110.65 Z-2. I0.65 J0.
N5100 X109.35 Z-1.5 I-0.65 J0.
N5105 X110.65 Z-1. I0.65 J0.
N5110 X109.35 Z-0.5 I-0.65 J0.
N5115 X109.675 Y-130.325 Z-0.375 I0.325 J0.
N5120 G1 X110. Y-130.
N5125 Z5.
N5130 X90.
N5135 Z-12.125
N5140 Z-14.125
N5145 X90.325 Y-130.325
N5150 G3 X90.65 Y-130. Z-14. I0. J0.325
N5155 X89.35 Z-13.5 I-0.65 J0.
N5160 X90.65 Z-13. I0.65 J0.
N5165 X89.35 Z-12.5 I-0.65 J0.
N5170 X90.65 Z-12. I0.65 J0.
N5175 X89.35 Z-11.5 I-0.65 J0.
N5180 X90.65 Z-11. I0.65 J0.
N5185 X89.35 Z-10.5 I-0.65 J0.
N5190 X90.65 Z-10. I0.65 J0.
N5195 X89.35 Z-9.5 I-0.65 J0.
N5200 X90.65 Z-9. I0.65 J0.
N5205 X89.35 Z-8.5 I-0.65 J0.
N5210 X90.65 Z-8. I0.65 J0.
N5215 X89.35 Z-7.5 I-0.65 J0.
N5220 X90.65 Z-7. I0.65 J0.
N5225 X89.35 Z-6.5 I-0.65 J0.
N5230 X90.65 Z-6. I0.65 J0.
N5235 X89.35 Z-5.5 I-0.65 J0.
N5240 X90.65 Z-5. I0.65 J0.
N5245 X89.35 Z-4.5 I-0.65 J0.
N5250 X90.65 Z-4. I0.65 J0.
N5255 X89.35 Z-3.5 I-0.65 J0.
N5260 X90.65 Z-3. I0.65 J0.
N5265 X89.35 Z-2.5 I-0.65 J0.
N5270 X90.65 Z-2. I0.65 J0.
N5275 X89.35 Z-1.5 I-0.65 J0.
N5280 X90.65 Z-1. I0.65 J0.
N5285 X89.35 Z-0.5 I-0.65 J0.
N5290 X89.675 Y-130.325 Z-0.375 I0.325 J0.
N5295 G1 X90. Y-130.
N5300 Z5.
N5305 X70.
N5310 Z-12.125
N5315 Z-14.125
N5320 X70.325 Y-130.325
N5325 G3 X70.65 Y-130. Z-14. I0. J0.325
N5330 X69.35 Z-13.5 I-0.65 J0.
N5335 X70.65 Z-13. I0.65 J0.
N5340 X69.35 Z-12.5 I-0.65 J0.
N5345 X70.65 Z-12. I0.65 J0.
N5350 X69.35 Z-11.5 I-0.65 J0.
N5355 X70.65 Z-11. I0.65 J0.
N5360 X69.35 Z-10.5 I-0.65 J0.
N5365 X70.65 Z-10. I0.65 J0.
N5370 X69.35 Z-9.5 I-0.65 J0.
N5375 X70.65 Z-9. I0.65 J0.
N5380 X69.35 Z-8.5 I-0.65 J0.
N5385 X70.65 Z-8. I0.65 J0.
N5390 X69.35 Z-7.5 I-0.65 J0.
N5395 X70.65 Z-7. I0.65 J0.
N5400 X69.35 Z-6.5 I-0.65 J0.
N5405 X70.65 Z-6. I0.65 J0.
N5410 X69.35 Z-5.5 I-0.65 J0.
N5415 X70.65 Z-5. I0.65 J0.
N5420 X69.35 Z-4.5 I-0.65 J0.
N5425 X70.65 Z-4. I0.65 J0.
N5430 X69.35 Z-3.5 I-0.65 J0.
N5435 X70.65 Z-3. I0.65 J0.
N5440 X69.35 Z-2.5 I-0.65 J0.
N5445 X70.65 Z-2. I0.65 J0.
N5450 X69.35 Z-1.5 I-0.65 J0.
N5455 X70.65 Z-1. I0.65 J0.
N5460 X69.35 Z-0.5 I-0.65 J0.
N5465 X69.675 Y-130.325 Z-0.375 I0.325 J0.
N5470 G1 X70. Y-130.
N5475 Z5.
N5480 X50.
N5485 Z-12.125
N5490 Z-14.125
N5495 X50.325 Y-130.325
N5500 G3 X50.65 Y-130. Z-14. I0. J0.325
N5505 X49.35 Z-13.5 I-0.65 J0.
N5510 X50.65 Z-13. I0.65 J0.
N5515 X49.35 Z-12.5 I-0.65 J0.
N5520 X50.65 Z-12. I0.65 J0.
N5525 X49.35 Z-11.5 I-0.65 J0.
N5530 X50.65 Z-11. I0.65 J0.
N5535 X49.35 Z-10.5 I-0.65 J0.
N5540 X50.65 Z-10. I0.65 J0.
N5545 X49.35 Z-9.5 I-0.65 J0.
N5550 X50.65 Z-9. I0.65 J0.
N5555 X49.35 Z-8.5 I-0.65 J0.
N5560 X50.65 Z-8. I0.65 J0.
N5565 X49.35 Z-7.5 I-0.65 J0.
N5570 X50.65 Z-7. I0.65 J0.
N5575 X49.35 Z-6.5 I-0.65 J0.
N5580 X50.65 Z-6. I0.65 J0.
N5585 X49.35 Z-5.5 I-0.65 J0.
N5590 X50.65 Z-5. I0.65 J0.
N5595 X49.35 Z-4.5 I-0.65 J0.
N5600 X50.65 Z-4. I0.65 J0.
N5605 X49.35 Z-3.5 I-0.65 J0.
N5610 X50.65 Z-3. I0.65 J0.
N5615 X49.35 Z-2.5 I-0.65 J0.
N5620 X50.65 Z-2. I0.65 J0.
N5625 X49.35 Z-1.5 I-0.65 J0.
N5630 X50.65 Z-1. I0.65 J0.
N5635 X49.35 Z-0.5 I-0.65 J0.
N5640 X49.675 Y-130.325 Z-0.375 I0.325 J0.
N5645 G1 X50. Y-130.
N5650 Z5.
N5655 X30.
N5660 Z-12.125
N5665 Z-14.125
N5670 X30.325 Y-130.325
N5675 G3 X30.65 Y-130. Z-14. I0. J0.325
N5680 X29.35 Z-13.5 I-0.65 J0.
N5685 X30.65 Z-13. I0.65 J0.
N5690 X29.35 Z-12.5 I-0.65 J0.
N5695 X30.65 Z-12. I0.65 J0.
N5700 X29.35 Z-11.5 I-0.65 J0.
N5705 X30.65 Z-11. I0.65 J0.
N5710 X29.35 Z-10.5 I-0.65 J0.
N5715 X30.65 Z-10. I0.65 J0.
N5720 X29.35 Z-9.5 I-0.65 J0.
N5725 X30.65 Z-9. I0.65 J0.
N5730 X29.35 Z-8.5 I-0.65 J0.
N5735 X30.65 Z-8. I0.65 J0.
N5740 X29.35 Z-7.5 I-0.65 J0.
N5745 X30.65 Z-7. I0.65 J0.
N5750 X29.35 Z-6.5 I-0.65 J0.
N5755 X30.65 Z-6. I0.65 J0.
N5760 X29.35 Z-5.5 I-0.65 J0.
N5765 X30.65 Z-5. I0.65 J0.
N5770 X29.35 Z-4.5 I-0.65 J0.
N5775 X30.65 Z-4. I0.65 J0.
N5780 X29.35 Z-3.5 I-0.65 J0.
N5785 X30.65 Z-3. I0.65 J0.
N5790 X29.35 Z-2.5 I-0.65 J0.
N5795 X30.65 Z-2. I0.65 J0.
N5800 X29.35 Z-1.5 I-0.65 J0.
N5805 X30.65 Z-1. I0.65 J0.
N5810 X29.35 Z-0.5 I-0.65 J0.
N5815 X29.675 Y-130.325 Z-0.375 I0.325 J0.
N5820 G1 X30. Y-130.
N5825 Z5.
N5830 X10.
N5835 Z-12.125
N5840 Z-14.125
N5845 X10.325 Y-130.325
N5850 G3 X10.65 Y-130. Z-14. I0. J0.325
N5855 X9.35 Z-13.5 I-0.65 J0.
N5860 X10.65 Z-13. I0.65 J0.
N5865 X9.35 Z-12.5 I-0.65 J0.
N5870 X10.65 Z-12. I0.65 J0.
N5875 X9.35 Z-11.5 I-0.65 J0.
N5880 X10.65 Z-11. I0.65 J0.
N5885 X9.35 Z-10.5 I-0.65 J0.
N5890 X10.65 Z-10. I0.65 J0.
N5895 X9.35 Z-9.5 I-0.65 J0.
N5900 X10.65 Z-9. I0.65 J0.
N5905 X9.35 Z-8.5 I-0.65 J0.
N5910 X10.65 Z-8. I0.65 J0.
N5915 X9.35 Z-7.5 I-0.65 J0.
N5920 X10.65 Z-7. I0.65 J0.
N5925 X9.35 Z-6.5 I-0.65 J0.
N5930 X10.65 Z-6. I0.65 J0.
N5935 X9.35 Z-5.5 I-0.65 J0.
N5940 X10.65 Z-5. I0.65 J0.
N5945 X9.35 Z-4.5 I-0.65 J0.
N5950 X10.65 Z-4. I0.65 J0.
N5955 X9.35 Z-3.5 I-0.65 J0.
N5960 X10.65 Z-3. I0.65 J0.
N5965 X9.35 Z-2.5 I-0.65 J0.
N5970 X10.65 Z-2. I0.65 J0.
N5975 X9.35 Z-1.5 I-0.65 J0.
N5980 X10.65 Z-1. I0.65 J0.
N5985 X9.35 Z-0.5 I-0.65 J0.
N5990 X9.675 Y-130.325 Z-0.375 I0.325 J0.
N5995 G1 X10. Y-130.
N6000 Z5.
N6005 X-10.
N6010 Z-12.125
N6015 Z-14.125
N6020 X-9.675 Y-130.325
N6025 G3 X-9.35 Y-130. Z-14. I0. J0.325
N6030 X-10.65 Z-13.5 I-0.65 J0.
N6035 X-9.35 Z-13. I0.65 J0.
N6040 X-10.65 Z-12.5 I-0.65 J0.
N6045 X-9.35 Z-12. I0.65 J0.
N6050 X-10.65 Z-11.5 I-0.65 J0.
N6055 X-9.35 Z-11. I0.65 J0.
N6060 X-10.65 Z-10.5 I-0.65 J0.
N6065 X-9.35 Z-10. I0.65 J0.
N6070 X-10.65 Z-9.5 I-0.65 J0.
N6075 X-9.35 Z-9. I0.65 J0.
N6080 X-10.65 Z-8.5 I-0.65 J0.
N6085 X-9.35 Z-8. I0.65 J0.
N6090 X-10.65 Z-7.5 I-0.65 J0.
N6095 X-9.35 Z-7. I0.65 J0.
N6100 X-10.65 Z-6.5 I-0.65 J0.
N6105 X-9.35 Z-6. I0.65 J0.
N6110 X-10.65 Z-5.5 I-0.65 J0.
N6115 X-9.35 Z-5. I0.65 J0.
N6120 X-10.65 Z-4.5 I-0.65 J0.
N6125 X-9.35 Z-4. I0.65 J0.
N6130 X-10.65 Z-3.5 I-0.65 J0.
N6135 X-9.35 Z-3. I0.65 J0.
N6140 X-10.65 Z-2.5 I-0.65 J0.
N6145 X-9.35 Z-2. I0.65 J0.
N6150 X-10.65 Z-1.5 I-0.65 J0.
N6155 X-9.35 Z-1. I0.65 J0.
N6160 X-10.65 Z-0.5 I-0.65 J0.
N6165 X-10.325 Y-130.325 Z-0.375 I0.325 J0.
N6170 G1 X-10. Y-130.
N6175 Z5.
N6180 X-30.
N6185 Z-12.125
N6190 Z-14.125
N6195 X-29.675 Y-130.325
N6200 G3 X-29.35 Y-130. Z-14. I0. J0.325
N6205 X-30.65 Z-13.5 I-0.65 J0.
N6210 X-29.35 Z-13. I0.65 J0.
N6215 X-30.65 Z-12.5 I-0.65 J0.
N6220 X-29.35 Z-12. I0.65 J0.
N6225 X-30.65 Z-11.5 I-0.65 J0.
N6230 X-29.35 Z-11. I0.65 J0.
N6235 X-30.65 Z-10.5 I-0.65 J0.
N6240 X-29.35 Z-10. I0.65 J0.
N6245 X-30.65 Z-9.5 I-0.65 J0.
N6250 X-29.35 Z-9. I0.65 J0.
N6255 X-30.65 Z-8.5 I-0.65 J0.
N6260 X-29.35 Z-8. I0.65 J0.
N6265 X-30.65 Z-7.5 I-0.65 J0.
N6270 X-29.35 Z-7. I0.65 J0.
N6275 X-30.65 Z-6.5 I-0.65 J0.
N6280 X-29.35 Z-6. I0.65 J0.
N6285 X-30.65 Z-5.5 I-0.65 J0.
N6290 X-29.35 Z-5. I0.65 J0.
N6295 X-30.65 Z-4.5 I-0.65 J0.
N6300 X-29.35 Z-4. I0.65 J0.
N6305 X-30.65 Z-3.5 I-0.65 J0.
N6310 X-29.35 Z-3. I0.65 J0.
N6315 X-30.65 Z-2.5 I-0.65 J0.
N6320 X-29.35 Z-2. I0.65 J0.
N6325 X-30.65 Z-1.5 I-0.65 J0.
N6330 X-29.35 Z-1. I0.65 J0.
N6335 X-30.65 Z-0.5 I-0.65 J0.
N6340 X-30.325 Y-130.325 Z-0.375 I0.325 J0.
N6345 G1 X-30. Y-130.
N6350 Z5.
N6355 X-50.
N6360 Z-12.125
N6365 Z-14.125
N6370 X-49.675 Y-130.325
N6375 G3 X-49.35 Y-130. Z-14. I0. J0.325
N6380 X-50.65 Z-13.5 I-0.65 J0.
N6385 X-49.35 Z-13. I0.65 J0.
N6390 X-50.65 Z-12.5 I-0.65 J0.
N6395 X-49.35 Z-12. I0.65 J0.
N6400 X-50.65 Z-11.5 I-0.65 J0.
N6405 X-49.35 Z-11. I0.65 J0.
N6410 X-50.65 Z-10.5 I-0.65 J0.
N6415 X-49.35 Z-10. I0.65 J0.
N6420 X-50.65 Z-9.5 I-0.65 J0.
N6425 X-49.35 Z-9. I0.65 J0.
N6430 X-50.65 Z-8.5 I-0.65 J0.
N6435 X-49.35 Z-8. I0.65 J0.
N6440 X-50.65 Z-7.5 I-0.65 J0.
N6445 X-49.35 Z-7. I0.65 J0.
N6450 X-50.65 Z-6.5 I-0.65 J0.
N6455 X-49.35 Z-6. I0.65 J0.
N6460 X-50.65 Z-5.5 I-0.65 J0.
N6465 X-49.35 Z-5. I0.65 J0.
N6470 X-50.65 Z-4.5 I-0.65 J0.
N6475 X-49.35 Z-4. I0.65 J0.
N6480 X-50.65 Z-3.5 I-0.65 J0.
N6485 X-49.35 Z-3. I0.65 J0.
N6490 X-50.65 Z-2.5 I-0.65 J0.
N6495 X-49.35 Z-2. I0.65 J0.
N6500 X-50.65 Z-1.5 I-0.65 J0.
N6505 X-49.35 Z-1. I0.65 J0.
N6510 X-50.65 Z-0.5 I-0.65 J0.
N6515 X-50.325 Y-130.325 Z-0.375 I0.325 J0.
N6520 G1 X-50. Y-130.
N6525 Z5.
N6530 X-70.
N6535 Z-12.125
N6540 Z-14.125
N6545 X-69.675 Y-130.325
N6550 G3 X-69.35 Y-130. Z-14. I0. J0.325
N6555 X-70.65 Z-13.5 I-0.65 J0.
N6560 X-69.35 Z-13. I0.65 J0.
N6565 X-70.65 Z-12.5 I-0.65 J0.
N6570 X-69.35 Z-12. I0.65 J0.
N6575 X-70.65 Z-11.5 I-0.65 J0.
N6580 X-69.35 Z-11. I0.65 J0.
N6585 X-70.65 Z-10.5 I-0.65 J0.
N6590 X-69.35 Z-10. I0.65 J0.
N6595 X-70.65 Z-9.5 I-0.65 J0.
N6600 X-69.35 Z-9. I0.65 J0.
N6605 X-70.65 Z-8.5 I-0.65 J0.
N6610 X-69.35 Z-8. I0.65 J0.
N6615 X-70.65 Z-7.5 I-0.65 J0.
N6620 X-69.35 Z-7. I0.65 J0.
N6625 X-70.65 Z-6.5 I-0.65 J0.
N6630 X-69.35 Z-6. I0.65 J0.
N6635 X-70.65 Z-5.5 I-0.65 J0.
N6640 X-69.35 Z-5. I0.65 J0.
N6645 X-70.65 Z-4.5 I-0.65 J0.
N6650 X-69.35 Z-4. I0.65 J0.
N6655 X-70.65 Z-3.5 I-0.65 J0.
N6660 X-69.35 Z-3. I0.65 J0.
N6665 X-70.65 Z-2.5 I-0.65 J0.
N6670 X-69.35 Z-2. I0.65 J0.
N6675 X-70.65 Z-1.5 I-0.65 J0.
N6680 X-69.35 Z-1. I0.65 J0.
N6685 X-70.65 Z-0.5 I-0.65 J0.
N6690 X-70.325 Y-130.325 Z-0.375 I0.325 J0.
N6695 G1 X-70. Y-130.
N6700 Z5.
N6705 X-90.
N6710 Z-12.125
N6715 Z-14.125
N6720 X-89.675 Y-130.325
N6725 G3 X-89.35 Y-130. Z-14. I0. J0.325
N6730 X-90.65 Z-13.5 I-0.65 J0.
N6735 X-89.35 Z-13. I0.65 J0.
N6740 X-90.65 Z-12.5 I-0.65 J0.
N6745 X-89.35 Z-12. I0.65 J0.
N6750 X-90.65 Z-11.5 I-0.65 J0.
N6755 X-89.35 Z-11. I0.65 J0.
N6760 X-90.65 Z-10.5 I-0.65 J0.
N6765 X-89.35 Z-10. I0.65 J0.
N6770 X-90.65 Z-9.5 I-0.65 J0.
N6775 X-89.35 Z-9. I0.65 J0.
N6780 X-90.65 Z-8.5 I-0.65 J0.
N6785 X-89.35 Z-8. I0.65 J0.
N6790 X-90.65 Z-7.5 I-0.65 J0.
N6795 X-89.35 Z-7. I0.65 J0.
N6800 X-90.65 Z-6.5 I-0.65 J0.
N6805 X-89.35 Z-6. I0.65 J0.
N6810 X-90.65 Z-5.5 I-0.65 J0.
N6815 X-89.35 Z-5. I0.65 J0.
N6820 X-90.65 Z-4.5 I-0.65 J0.
N6825 X-89.35 Z-4. I0.65 J0.
N6830 X-90.65 Z-3.5 I-0.65 J0.
N6835 X-89.35 Z-3. I0.65 J0.
N6840 X-90.65 Z-2.5 I-0.65 J0.
N6845 X-89.35 Z-2. I0.65 J0.
N6850 X-90.65 Z-1.5 I-0.65 J0.
N6855 X-89.35 Z-1. I0.65 J0.
N6860 X-90.65 Z-0.5 I-0.65 J0.
N6865 X-90.325 Y-130.325 Z-0.375 I0.325 J0.
N6870 G1 X-90. Y-130.
N6875 Z5.
N6880 X-110.
N6885 Z-12.125
N6890 Z-14.125
N6895 X-109.675 Y-130.325
N6900 G3 X-109.35 Y-130. Z-14. I0. J0.325
N6905 X-110.65 Z-13.5 I-0.65 J0.
N6910 X-109.35 Z-13. I0.65 J0.
N6915 X-110.65 Z-12.5 I-0.65 J0.
N6920 X-109.35 Z-12. I0.65 J0.
N6925 X-110.65 Z-11.5 I-0.65 J0.
N6930 X-109.35 Z-11. I0.65 J0.
N6935 X-110.65 Z-10.5 I-0.65 J0.
N6940 X-109.35 Z-10. I0.65 J0.
N6945 X-110.65 Z-9.5 I-0.65 J0.
N6950 X-109.35 Z-9. I0.65 J0.
N6955 X-110.65 Z-8.5 I-0.65 J0.
N6960 X-109.35 Z-8. I0.65 J0.
N6965 X-110.65 Z-7.5 I-0.65 J0.
N6970 X-109.35 Z-7. I0.65 J0.
N6975 X-110.65 Z-6.5 I-0.65 J0.
N6980 X-109.35 Z-6. I0.65 J0.
N6985 X-110.65 Z-5.5 I-0.65 J0.
N6990 X-109.35 Z-5. I0.65 J0.
N6995 X-110.65 Z-4.5 I-0.65 J0.
N7000 X-109.35 Z-4. I0.65 J0.
N7005 X-110.65 Z-3.5 I-0.65 J0.
N7010 X-109.35 Z-3. I0.65 J0.
N7015 X-110.65 Z-2.5 I-0.65 J0.
N7020 X-109.35 Z-2. I0.65 J0.
N7025 X-110.65 Z-1.5 I-0.65 J0.
N7030 X-109.35 Z-1. I0.65 J0.
N7035 X-110.65 Z-0.5 I-0.65 J0.
N7040 X-110.325 Y-130.325 Z-0.375 I0.325 J0.
N7045 G1 X-110. Y-130.
N7050 Z5.
N7055 X-130. Y-110.
N7060 Z-12.125
N7065 Z-14.125
N7070 X-129.675 Y-110.325
N7075 G3 X-129.35 Y-110. Z-14. I0. J0.325
N7080 X-130.65 Z-13.5 I-0.65 J0.
N7085 X-129.35 Z-13. I0.65 J0.
N7090 X-130.65 Z-12.5 I-0.65 J0.
N7095 X-129.35 Z-12. I0.65 J0.
N7100 X-130.65 Z-11.5 I-0.65 J0.
N7105 X-129.35 Z-11. I0.65 J0.
N7110 X-130.65 Z-10.5 I-0.65 J0.
N7115 X-129.35 Z-10. I0.65 J0.
N7120 X-130.65 Z-9.5 I-0.65 J0.
N7125 X-129.35 Z-9. I0.65 J0.
N7130 X-130.65 Z-8.5 I-0.65 J0.
N7135 X-129.35 Z-8. I0.65 J0.
N7140 X-130.65 Z-7.5 I-0.65 J0.
N7145 X-129.35 Z-7. I0.65 J0.
N7150 X-130.65 Z-6.5 I-0.65 J0.
N7155 X-129.35 Z-6. I0.65 J0.
N7160 X-130.65 Z-5.5 I-0.65 J0.
N7165 X-129.35 Z-5. I0.65 J0.
N7170 X-130.65 Z-4.5 I-0.65 J0.
N7175 X-129.35 Z-4. I0.65 J0.
N7180 X-130.65 Z-3.5 I-0.65 J0.
N7185 X-129.35 Z-3. I0.65 J0.
N7190 X-130.65 Z-2.5 I-0.65 J0.
N7195 X-129.35 Z-2. I0.65 J0.
N7200 X-130.65 Z-1.5 I-0.65 J0.
N7205 X-129.35 Z-1. I0.65 J0.
N7210 X-130.65 Z-0.5 I-0.65 J0.
N7215 X-130.325 Y-110.325 Z-0.375 I0.325 J0.
N7220 G1 X-130. Y-110.
N7225 Z5.
N7230 X-110.
N7235 Z-12.125
N7240 Z-14.125
N7245 X-109.675 Y-110.325
N7250 G3 X-109.35 Y-110. Z-14. I0. J0.325
N7255 X-110.65 Z-13.5 I-0.65 J0.
N7260 X-109.35 Z-13. I0.65 J0.
N7265 X-110.65 Z-12.5 I-0.65 J0.
N7270 X-109.35 Z-12. I0.65 J0.
N7275 X-110.65 Z-11.5 I-0.65 J0.
N7280 X-109.35 Z-11. I0.65 J0.
N7285 X-110.65 Z-10.5 I-0.65 J0.
N7290 X-109.35 Z-10. I0.65 J0.
N7295 X-110.65 Z-9.5 I-0.65 J0.
N7300 X-109.35 Z-9. I0.65 J0.
N7305 X-110.65 Z-8.5 I-0.65 J0.
N7310 X-109.35 Z-8. I0.65 J0.
N7315 X-110.65 Z-7.5 I-0.65 J0.
N7320 X-109.35 Z-7. I0.65 J0.
N7325 X-110.65 Z-6.5 I-0.65 J0.
N7330 X-109.35 Z-6. I0.65 J0.
N7335 X-110.65 Z-5.5 I-0.65 J0.
N7340 X-109.35 Z-5. I0.65 J0.
N7345 X-110.65 Z-4.5 I-0.65 J0.
N7350 X-109.35 Z-4. I0.65 J0.
N7355 X-110.65 Z-3.5 I-0.65 J0.
N7360 X-109.35 Z-3. I0.65 J0.
N7365 X-110.65 Z-2.5 I-0.65 J0.
N7370 X-109.35 Z-2. I0.65 J0.
N7375 X-110.65 Z-1.5 I-0.65 J0.
N7380 X-109.35 Z-1. I0.65 J0.
N7385 X-110.65 Z-0.5 I-0.65 J0.
N7390 X-110.325 Y-110.325 Z-0.375 I0.325 J0.
N7395 G1 X-110. Y-110.
N7400 Z5.
N7405 X-90.
N7410 Z-12.125
N7415 Z-14.125
N7420 X-89.675 Y-110.325
N7425 G3 X-89.35 Y-110. Z-14. I0. J0.325
N7430 X-90.65 Z-13.5 I-0.65 J0.
N7435 X-89.35 Z-13. I0.65 J0.
N7440 X-90.65 Z-12.5 I-0.65 J0.
N7445 X-89.35 Z-12. I0.65 J0.
N7450 X-90.65 Z-11.5 I-0.65 J0.
N7455 X-89.35 Z-11. I0.65 J0.
N7460 X-90.65 Z-10.5 I-0.65 J0.
N7465 X-89.35 Z-10. I0.65 J0.
N7470 X-90.65 Z-9.5 I-0.65 J0.
N7475 X-89.35 Z-9. I0.65 J0.
N7480 X-90.65 Z-8.5 I-0.65 J0.
N7485 X-89.35 Z-8. I0.65 J0.
N7490 X-90.65 Z-7.5 I-0.65 J0.
N7495 X-89.35 Z-7. I0.65 J0.
N7500 X-90.65 Z-6.5 I-0.65 J0.
N7505 X-89.35 Z-6. I0.65 J0.
N7510 X-90.65 Z-5.5 I-0.65 J0.
N7515 X-89.35 Z-5. I0.65 J0.
N7520 X-90.65 Z-4.5 I-0.65 J0.
N7525 X-89.35 Z-4. I0.65 J0.
N7530 X-90.65 Z-3.5 I-0.65 J0.
N7535 X-89.35 Z-3. I0.65 J0.
N7540 X-90.65 Z-2.5 I-0.65 J0.
N7545 X-89.35 Z-2. I0.65 J0.
N7550 X-90.65 Z-1.5 I-0.65 J0.
N7555 X-89.35 Z-1. I0.65 J0.
N7560 X-90.65 Z-0.5 I-0.65 J0.
N7565 X-90.325 Y-110.325 Z-0.375 I0.325 J0.
N7570 G1 X-90. Y-110.
N7575 Z5.
N7580 X-70.
N7585 Z-12.125
N7590 Z-14.125
N7595 X-69.675 Y-110.325
N7600 G3 X-69.35 Y-110. Z-14. I0. J0.325
N7605 X-70.65 Z-13.5 I-0.65 J0.
N7610 X-69.35 Z-13. I0.65 J0.
N7615 X-70.65 Z-12.5 I-0.65 J0.
N7620 X-69.35 Z-12. I0.65 J0.
N7625 X-70.65 Z-11.5 I-0.65 J0.
N7630 X-69.35 Z-11. I0.65 J0.
N7635 X-70.65 Z-10.5 I-0.65 J0.
N7640 X-69.35 Z-10. I0.65 J0.
N7645 X-70.65 Z-9.5 I-0.65 J0.
N7650 X-69.35 Z-9. I0.65 J0.
N7655 X-70.65 Z-8.5 I-0.65 J0.
N7660 X-69.35 Z-8. I0.65 J0.
N7665 X-70.65 Z-7.5 I-0.65 J0.
N7670 X-69.35 Z-7. I0.65 J0.
N7675 X-70.65 Z-6.5 I-0.65 J0.
N7680 X-69.35 Z-6. I0.65 J0.
N7685 X-70.65 Z-5.5 I-0.65 J0.
N7690 X-69.35 Z-5. I0.65 J0.
N7695 X-70.65 Z-4.5 I-0.65 J0.
N7700 X-69.35 Z-4. I0.65 J0.
N7705 X-70.65 Z-3.5 I-0.65 J0.
N7710 X-69.35 Z-3. I0.65 J0.
N7715 X-70.65 Z-2.5 I-0.65 J0.
N7720 X-69.35 Z-2. I0.65 J0.
N7725 X-70.65 Z-1.5 I-0.65 J0.
N7730 X-69.35 Z-1. I0.65 J0.
N7735 X-70.65 Z-0.5 I-0.65 J0.
N7740 X-70.325 Y-110.325 Z-0.375 I0.325 J0.
N7745 G1 X-70. Y-110.
N7750 Z5.
N7755 X-50.
N7760 Z-12.125
N7765 Z-14.125
N7770 X-49.675 Y-110.325
N7775 G3 X-49.35 Y-110. Z-14. I0. J0.325
N7780 X-50.65 Z-13.5 I-0.65 J0.
N7785 X-49.35 Z-13. I0.65 J0.
N7790 X-50.65 Z-12.5 I-0.65 J0.
N7795 X-49.35 Z-12. I0.65 J0.
N7800 X-50.65 Z-11.5 I-0.65 J0.
N7805 X-49.35 Z-11. I0.65 J0.
N7810 X-50.65 Z-10.5 I-0.65 J0.
N7815 X-49.35 Z-10. I0.65 J0.
N7820 X-50.65 Z-9.5 I-0.65 J0.
N7825 X-49.35 Z-9. I0.65 J0.
N7830 X-50.65 Z-8.5 I-0.65 J0.
N7835 X-49.35 Z-8. I0.65 J0.
N7840 X-50.65 Z-7.5 I-0.65 J0.
N7845 X-49.35 Z-7. I0.65 J0.
N7850 X-50.65 Z-6.5 I-0.65 J0.
N7855 X-49.35 Z-6. I0.65 J0.
N7860 X-50.65 Z-5.5 I-0.65 J0.
N7865 X-49.35 Z-5. I0.65 J0.
N7870 X-50.65 Z-4.5 I-0.65 J0.
N7875 X-49.35 Z-4. I0.65 J0.
N7880 X-50.65 Z-3.5 I-0.65 J0.
N7885 X-49.35 Z-3. I0.65 J0.
N7890 X-50.65 Z-2.5 I-0.65 J0.
N7895 X-49.35 Z-2. I0.65 J0.
N7900 X-50.65 Z-1.5 I-0.65 J0.
N7905 X-49.35 Z-1. I0.65 J0.
N7910 X-50.65 Z-0.5 I-0.65 J0.
N7915 X-50.325 Y-110.325 Z-0.375 I0.325 J0.
N7920 G1 X-50. Y-110.
N7925 Z5.
N7930 X-30.
N7935 Z-12.125
N7940 Z-14.125
N7945 X-29.675 Y-110.325
N7950 G3 X-29.35 Y-110. Z-14. I0. J0.325
N7955 X-30.65 Z-13.5 I-0.65 J0.
N7960 X-29.35 Z-13. I0.65 J0.
N7965 X-30.65 Z-12.5 I-0.65 J0.
N7970 X-29.35 Z-12. I0.65 J0.
N7975 X-30.65 Z-11.5 I-0.65 J0.
N7980 X-29.35 Z-11. I0.65 J0.
N7985 X-30.65 Z-10.5 I-0.65 J0.
N7990 X-29.35 Z-10. I0.65 J0.
N7995 X-30.65 Z-9.5 I-0.65 J0.
N8000 X-29.35 Z-9. I0.65 J0.
N8005 X-30.65 Z-8.5 I-0.65 J0.
N8010 X-29.35 Z-8. I0.65 J0.
N8015 X-30.65 Z-7.5 I-0.65 J0.
N8020 X-29.35 Z-7. I0.65 J0.
N8025 X-30.65 Z-6.5 I-0.65 J0.
N8030 X-29.35 Z-6. I0.65 J0.
N8035 X-30.65 Z-5.5 I-0.65 J0.
N8040 X-29.35 Z-5. I0.65 J0.
N8045 X-30.65 Z-4.5 I-0.65 J0.
N8050 X-29.35 Z-4. I0.65 J0.
N8055 X-30.65 Z-3.5 I-0.65 J0.
N8060 X-29.35 Z-3. I0.65 J0.
N8065 X-30.65 Z-2.5 I-0.65 J0.
N8070 X-29.35 Z-2. I0.65 J0.
N8075 X-30.65 Z-1.5 I-0.65 J0.
N8080 X-29.35 Z-1. I0.65 J0.
N8085 X-30.65 Z-0.5 I-0.65 J0.
N8090 X-30.325 Y-110.325 Z-0.375 I0.325 J0.
N8095 G1 X-30. Y-110.
N8100 Z5.
N8105 X-10.
N8110 Z-12.125
N8115 Z-14.125
N8120 X-9.675 Y-110.325
N8125 G3 X-9.35 Y-110. Z-14. I0. J0.325
N8130 X-10.65 Z-13.5 I-0.65 J0.
N8135 X-9.35 Z-13. I0.65 J0.
N8140 X-10.65 Z-12.5 I-0.65 J0.
N8145 X-9.35 Z-12. I0.65 J0.
N8150 X-10.65 Z-11.5 I-0.65 J0.
N8155 X-9.35 Z-11. I0.65 J0.
N8160 X-10.65 Z-10.5 I-0.65 J0.
N8165 X-9.35 Z-10. I0.65 J0.
N8170 X-10.65 Z-9.5 I-0.65 J0.
N8175 X-9.35 Z-9. I0.65 J0.
N8180 X-10.65 Z-8.5 I-0.65 J0.
N8185 X-9.35 Z-8. I0.65 J0.
N8190 X-10.65 Z-7.5 I-0.65 J0.
N8195 X-9.35 Z-7. I0.65 J0.
N8200 X-10.65 Z-6.5 I-0.65 J0.
N8205 X-9.35 Z-6. I0.65 J0.
N8210 X-10.65 Z-5.5 I-0.65 J0.
N8215 X-9.35 Z-5. I0.65 J0.
N8220 X-10.65 Z-4.5 I-0.65 J0.
N8225 X-9.35 Z-4. I0.65 J0.
N8230 X-10.65 Z-3.5 I-0.65 J0.
N8235 X-9.35 Z-3. I0.65 J0.
N8240 X-10.65 Z-2.5 I-0.65 J0.
N8245 X-9.35 Z-2. I0.65 J0.
N8250 X-10.65 Z-1.5 I-0.65 J0.
N8255 X-9.35 Z-1. I0.65 J0.
N8260 X-10.65 Z-0.5 I-0.65 J0.
N8265 X-10.325 Y-110.325 Z-0.375 I0.325 J0.
N8270 G1 X-10. Y-110.
N8275 Z5.
N8280 X10.
N8285 Z-12.125
N8290 Z-14.125
N8295 X10.325 Y-110.325
N8300 G3 X10.65 Y-110. Z-14. I0. J0.325
N8305 X9.35 Z-13.5 I-0.65 J0.
N8310 X10.65 Z-13. I0.65 J0.
N8315 X9.35 Z-12.5 I-0.65 J0.
N8320 X10.65 Z-12. I0.65 J0.
N8325 X9.35 Z-11.5 I-0.65 J0.
N8330 X10.65 Z-11. I0.65 J0.
N8335 X9.35 Z-10.5 I-0.65 J0.
N8340 X10.65 Z-10. I0.65 J0.
N8345 X9.35 Z-9.5 I-0.65 J0.
N8350 X10.65 Z-9. I0.65 J0.
N8355 X9.35 Z-8.5 I-0.65 J0.
N8360 X10.65 Z-8. I0.65 J0.
N8365 X9.35 Z-7.5 I-0.65 J0.
N8370 X10.65 Z-7. I0.65 J0.
N8375 X9.35 Z-6.5 I-0.65 J0.
N8380 X10.65 Z-6. I0.65 J0.
N8385 X9.35 Z-5.5 I-0.65 J0.
N8390 X10.65 Z-5. I0.65 J0.
N8395 X9.35 Z-4.5 I-0.65 J0.
N8400 X10.65 Z-4. I0.65 J0.
N8405 X9.35 Z-3.5 I-0.65 J0.
N8410 X10.65 Z-3. I0.65 J0.
N8415 X9.35 Z-2.5 I-0.65 J0.
N8420 X10.65 Z-2. I0.65 J0.
N8425 X9.35 Z-1.5 I-0.65 J0.
N8430 X10.65 Z-1. I0.65 J0.
N8435 X9.35 Z-0.5 I-0.65 J0.
N8440 X9.675 Y-110.325 Z-0.375 I0.325 J0.
N8445 G1 X10. Y-110.
N8450 Z5.
N8455 X30.
N8460 Z-12.125
N8465 Z-14.125
N8470 X30.325 Y-110.325
N8475 G3 X30.65 Y-110. Z-14. I0. J0.325
N8480 X29.35 Z-13.5 I-0.65 J0.
N8485 X30.65 Z-13. I0.65 J0.
N8490 X29.35 Z-12.5 I-0.65 J0.
N8495 X30.65 Z-12. I0.65 J0.
N8500 X29.35 Z-11.5 I-0.65 J0.
N8505 X30.65 Z-11. I0.65 J0.
N8510 X29.35 Z-10.5 I-0.65 J0.
N8515 X30.65 Z-10. I0.65 J0.
N8520 X29.35 Z-9.5 I-0.65 J0.
N8525 X30.65 Z-9. I0.65 J0.
N8530 X29.35 Z-8.5 I-0.65 J0.
N8535 X30.65 Z-8. I0.65 J0.
N8540 X29.35 Z-7.5 I-0.65 J0.
N8545 X30.65 Z-7. I0.65 J0.
N8550 X29.35 Z-6.5 I-0.65 J0.
N8555 X30.65 Z-6. I0.65 J0.
N8560 X29.35 Z-5.5 I-0.65 J0.
N8565 X30.65 Z-5. I0.65 J0.
N8570 X29.35 Z-4.5 I-0.65 J0.
N8575 X30.65 Z-4. I0.65 J0.
N8580 X29.35 Z-3.5 I-0.65 J0.
N8585 X30.65 Z-3. I0.65 J0.
N8590 X29.35 Z-2.5 I-0.65 J0.
N8595 X30.65 Z-2. I0.65 J0.
N8600 X29.35 Z-1.5 I-0.65 J0.
N8605 X30.65 Z-1. I0.65 J0.
N8610 X29.35 Z-0.5 I-0.65 J0.
N8615 X29.675 Y-110.325 Z-0.375 I0.325 J0.
N8620 G1 X30. Y-110.
N8625 Z5.
N8630 X50.
N8635 Z-12.125
N8640 Z-14.125
N8645 X50.325 Y-110.325
N8650 G3 X50.65 Y-110. Z-14. I0. J0.325
N8655 X49.35 Z-13.5 I-0.65 J0.
N8660 X50.65 Z-13. I0.65 J0.
N8665 X49.35 Z-12.5 I-0.65 J0.
N8670 X50.65 Z-12. I0.65 J0.
N8675 X49.35 Z-11.5 I-0.65 J0.
N8680 X50.65 Z-11. I0.65 J0.
N8685 X49.35 Z-10.5 I-0.65 J0.
N8690 X50.65 Z-10. I0.65 J0.
N8695 X49.35 Z-9.5 I-0.65 J0.
N8700 X50.65 Z-9. I0.65 J0.
N8705 X49.35 Z-8.5 I-0.65 J0.
N8710 X50.65 Z-8. I0.65 J0.
N8715 X49.35 Z-7.5 I-0.65 J0.
N8720 X50.65 Z-7. I0.65 J0.
N8725 X49.35 Z-6.5 I-0.65 J0.
N8730 X50.65 Z-6. I0.65 J0.
N8735 X49.35 Z-5.5 I-0.65 J0.
N8740 X50.65 Z-5. I0.65 J0.
N8745 X49.35 Z-4.5 I-0.65 J0.
N8750 X50.65 Z-4. I0.65 J0.
N8755 X49.35 Z-3.5 I-0.65 J0.
N8760 X50.65 Z-3. I0.65 J0.
N8765 X49.35 Z-2.5 I-0.65 J0.
N8770 X50.65 Z-2. I0.65 J0.
N8775 X49.35 Z-1.5 I-0.65 J0.
N8780 X50.65 Z-1. I0.65 J0.
N8785 X49.35 Z-0.5 I-0.65 J0.
N8790 X49.675 Y-110.325 Z-0.375 I0.325 J0.
N8795 G1 X50. Y-110.
N8800 Z5.
N8805 X70.
N8810 Z-12.125
N8815 Z-14.125
N8820 X70.325 Y-110.325
N8825 G3 X70.65 Y-110. Z-14. I0. J0.325
N8830 X69.35 Z-13.5 I-0.65 J0.
N8835 X70.65 Z-13. I0.65 J0.
N8840 X69.35 Z-12.5 I-0.65 J0.
N8845 X70.65 Z-12. I0.65 J0.
N8850 X69.35 Z-11.5 I-0.65 J0.
N8855 X70.65 Z-11. I0.65 J0.
N8860 X69.35 Z-10.5 I-0.65 J0.
N8865 X70.65 Z-10. I0.65 J0.
N8870 X69.35 Z-9.5 I-0.65 J0.
N8875 X70.65 Z-9. I0.65 J0.
N8880 X69.35 Z-8.5 I-0.65 J0.
N8885 X70.65 Z-8. I0.65 J0.
N8890 X69.35 Z-7.5 I-0.65 J0.
N8895 X70.65 Z-7. I0.65 J0.
N8900 X69.35 Z-6.5 I-0.65 J0.
N8905 X70.65 Z-6. I0.65 J0.
N8910 X69.35 Z-5.5 I-0.65 J0.
N8915 X70.65 Z-5. I0.65 J0.
N8920 X69.35 Z-4.5 I-0.65 J0.
N8925 X70.65 Z-4. I0.65 J0.
N8930 X69.35 Z-3.5 I-0.65 J0.
N8935 X70.65 Z-3. I0.65 J0.
N8940 X69.35 Z-2.5 I-0.65 J0.
N8945 X70.65 Z-2. I0.65 J0.
N8950 X69.35 Z-1.5 I-0.65 J0.
N8955 X70.65 Z-1. I0.65 J0.
N8960 X69.35 Z-0.5 I-0.65 J0.
N8965 X69.675 Y-110.325 Z-0.375 I0.325 J0.
N8970 G1 X70. Y-110.
N8975 Z5.
N8980 X90.
N8985 Z-12.125
N8990 Z-14.125
N8995 X90.325 Y-110.325
N9000 G3 X90.65 Y-110. Z-14. I0. J0.325
N9005 X89.35 Z-13.5 I-0.65 J0.
N9010 X90.65 Z-13. I0.65 J0.
N9015 X89.35 Z-12.5 I-0.65 J0.
N9020 X90.65 Z-12. I0.65 J0.
N9025 X89.35 Z-11.5 I-0.65 J0.
N9030 X90.65 Z-11. I0.65 J0.
N9035 X89.35 Z-10.5 I-0.65 J0.
N9040 X90.65 Z-10. I0.65 J0.
N9045 X89.35 Z-9.5 I-0.65 J0.
N9050 X90.65 Z-9. I0.65 J0.
N9055 X89.35 Z-8.5 I-0.65 J0.
N9060 X90.65 Z-8. I0.65 J0.
N9065 X89.35 Z-7.5 I-0.65 J0.
N9070 X90.65 Z-7. I0.65 J0.
N9075 X89.35 Z-6.5 I-0.65 J0.
N9080 X90.65 Z-6. I0.65 J0.
N9085 X89.35 Z-5.5 I-0.65 J0.
N9090 X90.65 Z-5. I0.65 J0.
N9095 X89.35 Z-4.5 I-0.65 J0.
N9100 X90.65 Z-4. I0.65 J0.
N9105 X89.35 Z-3.5 I-0.65 J0.
N9110 X90.65 Z-3. I0.65 J0.
N9115 X89.35 Z-2.5 I-0.65 J0.
N9120 X90.65 Z-2. I0.65 J0.
N9125 X89.35 Z-1.5 I-0.65 J0.
N9130 X90.65 Z-1. I0.65 J0.
N9135 X89.35 Z-0.5 I-0.65 J0.
N9140 X89.675 Y-110.325 Z-0.375 I0.325 J0.
N9145 G1 X90. Y-110.
N9150 Z5.
N9155 X110.
N9160 Z-12.125
N9165 Z-14.125
N9170 X110.325 Y-110.325
N9175 G3 X110.65 Y-110. Z-14. I0. J0.325
N9180 X109.35 Z-13.5 I-0.65 J0.
N9185 X110.65 Z-13. I0.65 J0.
N9190 X109.35 Z-12.5 I-0.65 J0.
N9195 X110.65 Z-12. I0.65 J0.
N9200 X109.35 Z-11.5 I-0.65 J0.
N9205 X110.65 Z-11. I0.65 J0.
N9210 X109.35 Z-10.5 I-0.65 J0.
N9215 X110.65 Z-10. I0.65 J0.
N9220 X109.35 Z-9.5 I-0.65 J0.
N9225 X110.65 Z-9. I0.65 J0.
N9230 X109.35 Z-8.5 I-0.65 J0.
N9235 X110.65 Z-8. I0.65 J0.
N9240 X109.35 Z-7.5 I-0.65 J0.
N9245 X110.65 Z-7. I0.65 J0.
N9250 X109.35 Z-6.5 I-0.65 J0.
N9255 X110.65 Z-6. I0.65 J0.
N9260 X109.35 Z-5.5 I-0.65 J0.
N9265 X110.65 Z-5. I0.65 J0.
N9270 X109.35 Z-4.5 I-0.65 J0.
N9275 X110.65 Z-4. I0.65 J0.
N9280 X109.35 Z-3.5 I-0.65 J0.
N9285 X110.65 Z-3. I0.65 J0.
N9290 X109.35 Z-2.5 I-0.65 J0.
N9295 X110.65 Z-2. I0.65 J0.
N9300 X109.35 Z-1.5 I-0.65 J0.
N9305 X110.65 Z-1. I0.65 J0.
N9310 X109.35 Z-0.5 I-0.65 J0.
N9315 X109.675 Y-110.325 Z-0.375 I0.325 J0.
N9320 G1 X110. Y-110.
N9325 Z5.
N9330 X130.
N9335 Z-12.125
N9340 Z-14.125
N9345 X130.325 Y-110.325
N9350 G3 X130.65 Y-110. Z-14. I0. J0.325
N9355 X129.35 Z-13.5 I-0.65 J0.
N9360 X130.65 Z-13. I0.65 J0.
N9365 X129.35 Z-12.5 I-0.65 J0.
N9370 X130.65 Z-12. I0.65 J0.
N9375 X129.35 Z-11.5 I-0.65 J0.
N9380 X130.65 Z-11. I0.65 J0.
N9385 X129.35 Z-10.5 I-0.65 J0.
N9390 X130.65 Z-10. I0.65 J0.
N9395 X129.35 Z-9.5 I-0.65 J0.
N9400 X130.65 Z-9. I0.65 J0.
N9405 X129.35 Z-8.5 I-0.65 J0.
N9410 X130.65 Z-8. I0.65 J0.
N9415 X129.35 Z-7.5 I-0.65 J0.
N9420 X130.65 Z-7. I0.65 J0.
N9425 X129.35 Z-6.5 I-0.65 J0.
N9430 X130.65 Z-6. I0.65 J0.
N9435 X129.35 Z-5.5 I-0.65 J0.
N9440 X130.65 Z-5. I0.65 J0.
N9445 X129.35 Z-4.5 I-0.65 J0.
N9450 X130.65 Z-4. I0.65 J0.
N9455 X129.35 Z-3.5 I-0.65 J0.
N9460 X130.65 Z-3. I0.65 J0.
N9465 X129.35 Z-2.5 I-0.65 J0.
N9470 X130.65 Z-2. I0.65 J0.
N9475 X129.35 Z-1.5 I-0.65 J0.
N9480 X130.65 Z-1. I0.65 J0.
N9485 X129.35 Z-0.5 I-0.65 J0.
N9490 X129.675 Y-110.325 Z-0.375 I0.325 J0.
N9495 G1 X130. Y-110.
N9500 Z5.
N9505 Y-90.
N9510 Z-12.125
N9515 Z-14.125
N9520 X130.325 Y-90.325
N9525 G3 X130.65 Y-90. Z-14. I0. J0.325
N9530 X129.35 Z-13.5 I-0.65 J0.
N9535 X130.65 Z-13. I0.65 J0.
N9540 X129.35 Z-12.5 I-0.65 J0.
N9545 X130.65 Z-12. I0.65 J0.
N9550 X129.35 Z-11.5 I-0.65 J0.
N9555 X130.65 Z-11. I0.65 J0.
N9560 X129.35 Z-10.5 I-0.65 J0.
N9565 X130.65 Z-10. I0.65 J0.
N9570 X129.35 Z-9.5 I-0.65 J0.
N9575 X130.65 Z-9. I0.65 J0.
N9580 X129.35 Z-8.5 I-0.65 J0.
N9585 X130.65 Z-8. I0.65 J0.
N9590 X129.35 Z-7.5 I-0.65 J0.
N9595 X130.65 Z-7. I0.65 J0.
N9600 X129.35 Z-6.5 I-0.65 J0.
N9605 X130.65 Z-6. I0.65 J0.
N9610 X129.35 Z-5.5 I-0.65 J0.
N9615 X130.65 Z-5. I0.65 J0.
N9620 X129.35 Z-4.5 I-0.65 J0.
N9625 X130.65 Z-4. I0.65 J0.
N9630 X129.35 Z-3.5 I-0.65 J0.
N9635 X130.65 Z-3. I0.65 J0.
N9640 X129.35 Z-2.5 I-0.65 J0.
N9645 X130.65 Z-2. I0.65 J0.
N9650 X129.35 Z-1.5 I-0.65 J0.
N9655 X130.65 Z-1. I0.65 J0.
N9660 X129.35 Z-0.5 I-0.65 J0.
N9665 X129.675 Y-90.325 Z-0.375 I0.325 J0.
N9670 G1 X130. Y-90.
N9675 Z5.
N9680 X110.
N9685 Z-12.125
N9690 Z-14.125
N9695 X110.325 Y-90.325
N9700 G3 X110.65 Y-90. Z-14. I0. J0.325
N9705 X109.35 Z-13.5 I-0.65 J0.
N9710 X110.65 Z-13. I0.65 J0.
N9715 X109.35 Z-12.5 I-0.65 J0.
N9720 X110.65 Z-12. I0.65 J0.
N9725 X109.35 Z-11.5 I-0.65 J0.
N9730 X110.65 Z-11. I0.65 J0.
N9735 X109.35 Z-10.5 I-0.65 J0.
N9740 X110.65 Z-10. I0.65 J0.
N9745 X109.35 Z-9.5 I-0.65 J0.
N9750 X110.65 Z-9. I0.65 J0.
N9755 X109.35 Z-8.5 I-0.65 J0.
N9760 X110.65 Z-8. I0.65 J0.
N9765 X109.35 Z-7.5 I-0.65 J0.
N9770 X110.65 Z-7. I0.65 J0.
N9775 X109.35 Z-6.5 I-0.65 J0.
N9780 X110.65 Z-6. I0.65 J0.
N9785 X109.35 Z-5.5 I-0.65 J0.
N9790 X110.65 Z-5. I0.65 J0.
N9795 X109.35 Z-4.5 I-0.65 J0.
N9800 X110.65 Z-4. I0.65 J0.
N9805 X109.35 Z-3.5 I-0.65 J0.
N9810 X110.65 Z-3. I0.65 J0.
N9815 X109.35 Z-2.5 I-0.65 J0.
N9820 X110.65 Z-2. I0.65 J0.
N9825 X109.35 Z-1.5 I-0.65 J0.
N9830 X110.65 Z-1. I0.65 J0.
N9835 X109.35 Z-0.5 I-0.65 J0.
N9840 X109.675 Y-90.325 Z-0.375 I0.325 J0.
N9845 G1 X110. Y-90.
N9850 Z5.
N9855 X90.
N9860 Z-12.125
N9865 Z-14.125
N9870 X90.325 Y-90.325
N9875 G3 X90.65 Y-90. Z-14. I0. J0.325
N9880 X89.35 Z-13.5 I-0.65 J0.
N9885 X90.65 Z-13. I0.65 J0.
N9890 X89.35 Z-12.5 I-0.65 J0.
N9895 X90.65 Z-12. I0.65 J0.
N9900 X89.35 Z-11.5 I-0.65 J0.
N9905 X90.65 Z-11. I0.65 J0.
N9910 X89.35 Z-10.5 I-0.65 J0.
N9915 X90.65 Z-10. I0.65 J0.
N9920 X89.35 Z-9.5 I-0.65 J0.
N9925 X90.65 Z-9. I0.65 J0.
N9930 X89.35 Z-8.5 I-0.65 J0.
N9935 X90.65 Z-8. I0.65 J0.
N9940 X89.35 Z-7.5 I-0.65 J0.
N9945 X90.65 Z-7. I0.65 J0.
N9950 X89.35 Z-6.5 I-0.65 J0.
N9955 X90.65 Z-6. I0.65 J0.
N9960 X89.35 Z-5.5 I-0.65 J0.
N9965 X90.65 Z-5. I0.65 J0.
N9970 X89.35 Z-4.5 I-0.65 J0.
N9975 X90.65 Z-4. I0.65 J0.
N9980 X89.35 Z-3.5 I-0.65 J0.
N9985 X90.65 Z-3. I0.65 J0.
N9990 X89.35 Z-2.5 I-0.65 J0.
N9995 X90.65 Z-2. I0.65 J0.
N10000 X89.35 Z-1.5 I-0.65 J0.
N10005 X90.65 Z-1. I0.65 J0.
N10010 X89.35 Z-0.5 I-0.65 J0.
N10015 X89.675 Y-90.325 Z-0.375 I0.325 J0.
N10020 G1 X90. Y-90.
N10025 Z5.
N10030 X70.
N10035 Z-12.125
N10040 Z-14.125
N10045 X70.325 Y-90.325
N10050 G3 X70.65 Y-90. Z-14. I0. J0.325
N10055 X69.35 Z-13.5 I-0.65 J0.
N10060 X70.65 Z-13. I0.65 J0.
N10065 X69.35 Z-12.5 I-0.65 J0.
N10070 X70.65 Z-12. I0.65 J0.
N10075 X69.35 Z-11.5 I-0.65 J0.
N10080 X70.65 Z-11. I0.65 J0.
N10085 X69.35 Z-10.5 I-0.65 J0.
N10090 X70.65 Z-10. I0.65 J0.
N10095 X69.35 Z-9.5 I-0.65 J0.
N10100 X70.65 Z-9. I0.65 J0.
N10105 X69.35 Z-8.5 I-0.65 J0.
N10110 X70.65 Z-8. I0.65 J0.
N10115 X69.35 Z-7.5 I-0.65 J0.
N10120 X70.65 Z-7. I0.65 J0.
N10125 X69.35 Z-6.5 I-0.65 J0.
N10130 X70.65 Z-6. I0.65 J0.
N10135 X69.35 Z-5.5 I-0.65 J0.
N10140 X70.65 Z-5. I0.65 J0.
N10145 X69.35 Z-4.5 I-0.65 J0.
N10150 X70.65 Z-4. I0.65 J0.
N10155 X69.35 Z-3.5 I-0.65 J0.
N10160 X70.65 Z-3. I0.65 J0.
N10165 X69.35 Z-2.5 I-0.65 J0.
N10170 X70.65 Z-2. I0.65 J0.
N10175 X69.35 Z-1.5 I-0.65 J0.
N10180 X70.65 Z-1. I0.65 J0.
N10185 X69.35 Z-0.5 I-0.65 J0.
N10190 X69.675 Y-90.325 Z-0.375 I0.325 J0.
N10195 G1 X70. Y-90.
N10200 Z5.
N10205 X50.
N10210 Z-12.125
N10215 Z-14.125
N10220 X50.325 Y-90.325
N10225 G3 X50.65 Y-90. Z-14. I0. J0.325
N10230 X49.35 Z-13.5 I-0.65 J0.
N10235 X50.65 Z-13. I0.65 J0.
N10240 X49.35 Z-12.5 I-0.65 J0.
N10245 X50.65 Z-12. I0.65 J0.
N10250 X49.35 Z-11.5 I-0.65 J0.
N10255 X50.65 Z-11. I0.65 J0.
N10260 X49.35 Z-10.5 I-0.65 J0.
N10265 X50.65 Z-10. I0.65 J0.
N10270 X49.35 Z-9.5 I-0.65 J0.
N10275 X50.65 Z-9. I0.65 J0.
N10280 X49.35 Z-8.5 I-0.65 J0.
N10285 X50.65 Z-8. I0.65 J0.
N10290 X49.35 Z-7.5 I-0.65 J0.
N10295 X50.65 Z-7. I0.65 J0.
N10300 X49.35 Z-6.5 I-0.65 J0.
N10305 X50.65 Z-6. I0.65 J0.
N10310 X49.35 Z-5.5 I-0.65 J0.
N10315 X50.65 Z-5. I0.65 J0.
N10320 X49.35 Z-4.5 I-0.65 J0.
N10325 X50.65 Z-4. I0.65 J0.
N10330 X49.35 Z-3.5 I-0.65 J0.
N10335 X50.65 Z-3. I0.65 J0.
N10340 X49.35 Z-2.5 I-0.65 J0.
N10345 X50.65 Z-2. I0.65 J0.
N10350 X49.35 Z-1.5 I-0.65 J0.
N10355 X50.65 Z-1. I0.65 J0.
N10360 X49.35 Z-0.5 I-0.65 J0.
N10365 X49.675 Y-90.325 Z-0.375 I0.325 J0.
N10370 G1 X50. Y-90.
N10375 Z5.
N10380 X30.
N10385 Z-12.125
N10390 Z-14.125
N10395 X30.325 Y-90.325
N10400 G3 X30.65 Y-90. Z-14. I0. J0.325
N10405 X29.35 Z-13.5 I-0.65 J0.
N10410 X30.65 Z-13. I0.65 J0.
N10415 X29.35 Z-12.5 I-0.65 J0.
N10420 X30.65 Z-12. I0.65 J0.
N10425 X29.35 Z-11.5 I-0.65 J0.
N10430 X30.65 Z-11. I0.65 J0.
N10435 X29.35 Z-10.5 I-0.65 J0.
N10440 X30.65 Z-10. I0.65 J0.
N10445 X29.35 Z-9.5 I-0.65 J0.
N10450 X30.65 Z-9. I0.65 J0.
N10455 X29.35 Z-8.5 I-0.65 J0.
N10460 X30.65 Z-8. I0.65 J0.
N10465 X29.35 Z-7.5 I-0.65 J0.
N10470 X30.65 Z-7. I0.65 J0.
N10475 X29.35 Z-6.5 I-0.65 J0.
N10480 X30.65 Z-6. I0.65 J0.
N10485 X29.35 Z-5.5 I-0.65 J0.
N10490 X30.65 Z-5. I0.65 J0.
N10495 X29.35 Z-4.5 I-0.65 J0.
N10500 X30.65 Z-4. I0.65 J0.
N10505 X29.35 Z-3.5 I-0.65 J0.
N10510 X30.65 Z-3. I0.65 J0.
N10515 X29.35 Z-2.5 I-0.65 J0.
N10520 X30.65 Z-2. I0.65 J0.
N10525 X29.35 Z-1.5 I-0.65 J0.
N10530 X30.65 Z-1. I0.65 J0.
N10535 X29.35 Z-0.5 I-0.65 J0.
N10540 X29.675 Y-90.325 Z-0.375 I0.325 J0.
N10545 G1 X30. Y-90.
N10550 Z5.
N10555 X10.
N10560 Z-12.125
N10565 Z-14.125
N10570 X10.325 Y-90.325
N10575 G3 X10.65 Y-90. Z-14. I0. J0.325
N10580 X9.35 Z-13.5 I-0.65 J0.
N10585 X10.65 Z-13. I0.65 J0.
N10590 X9.35 Z-12.5 I-0.65 J0.
N10595 X10.65 Z-12. I0.65 J0.
N10600 X9.35 Z-11.5 I-0.65 J0.
N10605 X10.65 Z-11. I0.65 J0.
N10610 X9.35 Z-10.5 I-0.65 J0.
N10615 X10.65 Z-10. I0.65 J0.
N10620 X9.35 Z-9.5 I-0.65 J0.
N10625 X10.65 Z-9. I0.65 J0.
N10630 X9.35 Z-8.5 I-0.65 J0.
N10635 X10.65 Z-8. I0.65 J0.
N10640 X9.35 Z-7.5 I-0.65 J0.
N10645 X10.65 Z-7. I0.65 J0.
N10650 X9.35 Z-6.5 I-0.65 J0.
N10655 X10.65 Z-6. I0.65 J0.
N10660 X9.35 Z-5.5 I-0.65 J0.
N10665 X10.65 Z-5. I0.65 J0.
N10670 X9.35 Z-4.5 I-0.65 J0.
N10675 X10.65 Z-4. I0.65 J0.
N10680 X9.35 Z-3.5 I-0.65 J0.
N10685 X10.65 Z-3. I0.65 J0.
N10690 X9.35 Z-2.5 I-0.65 J0.
N10695 X10.65 Z-2. I0.65 J0.
N10700 X9.35 Z-1.5 I-0.65 J0.
N10705 X10.65 Z-1. I0.65 J0.
N10710 X9.35 Z-0.5 I-0.65 J0.
N10715 X9.675 Y-90.325 Z-0.375 I0.325 J0.
N10720 G1 X10. Y-90.
N10725 Z5.
N10730 X-10.
N10735 Z-12.125
N10740 Z-14.125
N10745 X-9.675 Y-90.325
N10750 G3 X-9.35 Y-90. Z-14. I0. J0.325
N10755 X-10.65 Z-13.5 I-0.65 J0.
N10760 X-9.35 Z-13. I0.65 J0.
N10765 X-10.65 Z-12.5 I-0.65 J0.
N10770 X-9.35 Z-12. I0.65 J0.
N10775 X-10.65 Z-11.5 I-0.65 J0.
N10780 X-9.35 Z-11. I0.65 J0.
N10785 X-10.65 Z-10.5 I-0.65 J0.
N10790 X-9.35 Z-10. I0.65 J0.
N10795 X-10.65 Z-9.5 I-0.65 J0.
N10800 X-9.35 Z-9. I0.65 J0.
N10805 X-10.65 Z-8.5 I-0.65 J0.
N10810 X-9.35 Z-8. I0.65 J0.
N10815 X-10.65 Z-7.5 I-0.65 J0.
N10820 X-9.35 Z-7. I0.65 J0.
N10825 X-10.65 Z-6.5 I-0.65 J0.
N10830 X-9.35 Z-6. I0.65 J0.
N10835 X-10.65 Z-5.5 I-0.65 J0.
N10840 X-9.35 Z-5. I0.65 J0.
N10845 X-10.65 Z-4.5 I-0.65 J0.
N10850 X-9.35 Z-4. I0.65 J0.
N10855 X-10.65 Z-3.5 I-0.65 J0.
N10860 X-9.35 Z-3. I0.65 J0.
N10865 X-10.65 Z-2.5 I-0.65 J0.
N10870 X-9.35 Z-2. I0.65 J0.
N10875 X-10.65 Z-1.5 I-0.65 J0.
N10880 X-9.35 Z-1. I0.65 J0.
N10885 X-10.65 Z-0.5 I-0.65 J0.
N10890 X-10.325 Y-90.325 Z-0.375 I0.325 J0.
N10895 G1 X-10. Y-90.
N10900 Z5.
N10905 X-30.
N10910 Z-12.125
N10915 Z-14.125
N10920 X-29.675 Y-90.325
N10925 G3 X-29.35 Y-90. Z-14. I0. J0.325
N10930 X-30.65 Z-13.5 I-0.65 J0.
N10935 X-29.35 Z-13. I0.65 J0.
N10940 X-30.65 Z-12.5 I-0.65 J0.
N10945 X-29.35 Z-12. I0.65 J0.
N10950 X-30.65 Z-11.5 I-0.65 J0.
N10955 X-29.35 Z-11. I0.65 J0.
N10960 X-30.65 Z-10.5 I-0.65 J0.
N10965 X-29.35 Z-10. I0.65 J0.
N10970 X-30.65 Z-9.5 I-0.65 J0.
N10975 X-29.35 Z-9. I0.65 J0.
N10980 X-30.65 Z-8.5 I-0.65 J0.
N10985 X-29.35 Z-8. I0.65 J0.
N10990 X-30.65 Z-7.5 I-0.65 J0.
N10995 X-29.35 Z-7. I0.65 J0.
N11000 X-30.65 Z-6.5 I-0.65 J0.
N11005 X-29.35 Z-6. I0.65 J0.
N11010 X-30.65 Z-5.5 I-0.65 J0.
N11015 X-29.35 Z-5. I0.65 J0.
N11020 X-30.65 Z-4.5 I-0.65 J0.
N11025 X-29.35 Z-4. I0.65 J0.
N11030 X-30.65 Z-3.5 I-0.65 J0.
N11035 X-29.35 Z-3. I0.65 J0.
N11040 X-30.65 Z-2.5 I-0.65 J0.
N11045 X-29.35 Z-2. I0.65 J0.
N11050 X-30.65 Z-1.5 I-0.65 J0.
N11055 X-29.35 Z-1. I0.65 J0.
N11060 X-30.65 Z-0.5 I-0.65 J0.
N11065 X-30.325 Y-90.325 Z-0.375 I0.325 J0.
N11070 G1 X-30. Y-90.
N11075 Z5.
N11080 X-50.
N11085 Z-12.125
N11090 Z-14.125
N11095 X-49.675 Y-90.325
N11100 G3 X-49.35 Y-90. Z-14. I0. J0.325
N11105 X-50.65 Z-13.5 I-0.65 J0.
N11110 X-49.35 Z-13. I0.65 J0.
N11115 X-50.65 Z-12.5 I-0.65 J0.
N11120 X-49.35 Z-12. I0.65 J0.
N11125 X-50.65 Z-11.5 I-0.65 J0.
N11130 X-49.35 Z-11. I0.65 J0.
N11135 X-50.65 Z-10.5 I-0.65 J0.
N11140 X-49.35 Z-10. I0.65 J0.
N11145 X-50.65 Z-9.5 I-0.65 J0.
N11150 X-49.35 Z-9. I0.65 J0.
N11155 X-50.65 Z-8.5 I-0.65 J0.
N11160 X-49.35 Z-8. I0.65 J0.
N11165 X-50.65 Z-7.5 I-0.65 J0.
N11170 X-49.35 Z-7. I0.65 J0.
N11175 X-50.65 Z-6.5 I-0.65 J0.
N11180 X-49.35 Z-6. I0.65 J0.
N11185 X-50.65 Z-5.5 I-0.65 J0.
N11190 X-49.35 Z-5. I0.65 J0.
N11195 X-50.65 Z-4.5 I-0.65 J0.
N11200 X-49.35 Z-4. I0.65 J0.
N11205 X-50.65 Z-3.5 I-0.65 J0.
N11210 X-49.35 Z-3. I0.65 J0.
N11215 X-50.65 Z-2.5 I-0.65 J0.
N11220 X-49.35 Z-2. I0.65 J0.
N11225 X-50.65 Z-1.5 I-0.65 J0.
N11230 X-49.35 Z-1. I0.65 J0.
N11235 X-50.65 Z-0.5 I-0.65 J0.
N11240 X-50.325 Y-90.325 Z-0.375 I0.325 J0.
N11245 G1 X-50. Y-90.
N11250 Z5.
N11255 X-70.
N11260 Z-12.125
N11265 Z-14.125
N11270 X-69.675 Y-90.325
N11275 G3 X-69.35 Y-90. Z-14. I0. J0.325
N11280 X-70.65 Z-13.5 I-0.65 J0.
N11285 X-69.35 Z-13. I0.65 J0.
N11290 X-70.65 Z-12.5 I-0.65 J0.
N11295 X-69.35 Z-12. I0.65 J0.
N11300 X-70.65 Z-11.5 I-0.65 J0.
N11305 X-69.35 Z-11. I0.65 J0.
N11310 X-70.65 Z-10.5 I-0.65 J0.
N11315 X-69.35 Z-10. I0.65 J0.
N11320 X-70.65 Z-9.5 I-0.65 J0.
N11325 X-69.35 Z-9. I0.65 J0.
N11330 X-70.65 Z-8.5 I-0.65 J0.
N11335 X-69.35 Z-8. I0.65 J0.
N11340 X-70.65 Z-7.5 I-0.65 J0.
N11345 X-69.35 Z-7. I0.65 J0.
N11350 X-70.65 Z-6.5 I-0.65 J0.
N11355 X-69.35 Z-6. I0.65 J0.
N11360 X-70.65 Z-5.5 I-0.65 J0.
N11365 X-69.35 Z-5. I0.65 J0.
N11370 X-70.65 Z-4.5 I-0.65 J0.
N11375 X-69.35 Z-4. I0.65 J0.
N11380 X-70.65 Z-3.5 I-0.65 J0.
N11385 X-69.35 Z-3. I0.65 J0.
N11390 X-70.65 Z-2.5 I-0.65 J0.
N11395 X-69.35 Z-2. I0.65 J0.
N11400 X-70.65 Z-1.5 I-0.65 J0.
N11405 X-69.35 Z-1. I0.65 J0.
N11410 X-70.65 Z-0.5 I-0.65 J0.
N11415 X-70.325 Y-90.325 Z-0.375 I0.325 J0.
N11420 G1 X-70. Y-90.
N11425 Z5.
N11430 X-90.
N11435 Z-12.125
N11440 Z-14.125
N11445 X-89.675 Y-90.325
N11450 G3 X-89.35 Y-90. Z-14. I0. J0.325
N11455 X-90.65 Z-13.5 I-0.65 J0.
N11460 X-89.35 Z-13. I0.65 J0.
N11465 X-90.65 Z-12.5 I-0.65 J0.
N11470 X-89.35 Z-12. I0.65 J0.
N11475 X-90.65 Z-11.5 I-0.65 J0.
N11480 X-89.35 Z-11. I0.65 J0.
N11485 X-90.65 Z-10.5 I-0.65 J0.
N11490 X-89.35 Z-10. I0.65 J0.
N11495 X-90.65 Z-9.5 I-0.65 J0.
N11500 X-89.35 Z-9. I0.65 J0.
N11505 X-90.65 Z-8.5 I-0.65 J0.
N11510 X-89.35 Z-8. I0.65 J0.
N11515 X-90.65 Z-7.5 I-0.65 J0.
N11520 X-89.35 Z-7. I0.65 J0.
N11525 X-90.65 Z-6.5 I-0.65 J0.
N11530 X-89.35 Z-6. I0.65 J0.
N11535 X-90.65 Z-5.5 I-0.65 J0.
N11540 X-89.35 Z-5. I0.65 J0.
N11545 X-90.65 Z-4.5 I-0.65 J0.
N11550 X-89.35 Z-4. I0.65 J0.
N11555 X-90.65 Z-3.5 I-0.65 J0.
N11560 X-89.35 Z-3. I0.65 J0.
N11565 X-90.65 Z-2.5 I-0.65 J0.
N11570 X-89.35 Z-2. I0.65 J0.
N11575 X-90.65 Z-1.5 I-0.65 J0.
N11580 X-89.35 Z-1. I0.65 J0.
N11585 X-90.65 Z-0.5 I-0.65 J0.
N11590 X-90.325 Y-90.325 Z-0.375 I0.325 J0.
N11595 G1 X-90. Y-90.
N11600 Z5.
N11605 X-110.
N11610 Z-12.125
N11615 Z-14.125
N11620 X-109.675 Y-90.325
N11625 G3 X-109.35 Y-90. Z-14. I0. J0.325
N11630 X-110.65 Z-13.5 I-0.65 J0.
N11635 X-109.35 Z-13. I0.65 J0.
N11640 X-110.65 Z-12.5 I-0.65 J0.
N11645 X-109.35 Z-12. I0.65 J0.
N11650 X-110.65 Z-11.5 I-0.65 J0.
N11655 X-109.35 Z-11. I0.65 J0.
N11660 X-110.65 Z-10.5 I-0.65 J0.
N11665 X-109.35 Z-10. I0.65 J0.
N11670 X-110.65 Z-9.5 I-0.65 J0.
N11675 X-109.35 Z-9. I0.65 J0.
N11680 X-110.65 Z-8.5 I-0.65 J0.
N11685 X-109.35 Z-8. I0.65 J0.
N11690 X-110.65 Z-7.5 I-0.65 J0.
N11695 X-109.35 Z-7. I0.65 J0.
N11700 X-110.65 Z-6.5 I-0.65 J0.
N11705 X-109.35 Z-6. I0.65 J0.
N11710 X-110.65 Z-5.5 I-0.65 J0.
N11715 X-109.35 Z-5. I0.65 J0.
N11720 X-110.65 Z-4.5 I-0.65 J0.
N11725 X-109.35 Z-4. I0.65 J0.
N11730 X-110.65 Z-3.5 I-0.65 J0.
N11735 X-109.35 Z-3. I0.65 J0.
N11740 X-110.65 Z-2.5 I-0.65 J0.
N11745 X-109.35 Z-2. I0.65 J0.
N11750 X-110.65 Z-1.5 I-0.65 J0.
N11755 X-109.35 Z-1. I0.65 J0.
N11760 X-110.65 Z-0.5 I-0.65 J0.
N11765 X-110.325 Y-90.325 Z-0.375 I0.325 J0.
N11770 G1 X-110. Y-90.
N11775 Z5.
N11780 X-130.
N11785 Z-12.125
N11790 Z-14.125
N11795 X-129.675 Y-90.325
N11800 G3 X-129.35 Y-90. Z-14. I0. J0.325
N11805 X-130.65 Z-13.5 I-0.65 J0.
N11810 X-129.35 Z-13. I0.65 J0.
N11815 X-130.65 Z-12.5 I-0.65 J0.
N11820 X-129.35 Z-12. I0.65 J0.
N11825 X-130.65 Z-11.5 I-0.65 J0.
N11830 X-129.35 Z-11. I0.65 J0.
N11835 X-130.65 Z-10.5 I-0.65 J0.
N11840 X-129.35 Z-10. I0.65 J0.
N11845 X-130.65 Z-9.5 I-0.65 J0.
N11850 X-129.35 Z-9. I0.65 J0.
N11855 X-130.65 Z-8.5 I-0.65 J0.
N11860 X-129.35 Z-8. I0.65 J0.
N11865 X-130.65 Z-7.5 I-0.65 J0.
N11870 X-129.35 Z-7. I0.65 J0.
N11875 X-130.65 Z-6.5 I-0.65 J0.
N11880 X-129.35 Z-6. I0.65 J0.
N11885 X-130.65 Z-5.5 I-0.65 J0.
N11890 X-129.35 Z-5. I0.65 J0.
N11895 X-130.65 Z-4.5 I-0.65 J0.
N11900 X-129.35 Z-4. I0.65 J0.
N11905 X-130.65 Z-3.5 I-0.65 J0.
N11910 X-129.35 Z-3. I0.65 J0.
N11915 X-130.65 Z-2.5 I-0.65 J0.
N11920 X-129.35 Z-2. I0.65 J0.
N11925 X-130.65 Z-1.5 I-0.65 J0.
N11930 X-129.35 Z-1. I0.65 J0.
N11935 X-130.65 Z-0.5 I-0.65 J0.
N11940 X-130.325 Y-90.325 Z-0.375 I0.325 J0.
N11945 G1 X-130. Y-90.
N11950 Z5.
N11955 Y-70.
N11960 Z-12.125
N11965 Z-14.125
N11970 X-129.675 Y-70.325
N11975 G3 X-129.35 Y-70. Z-14. I0. J0.325
N11980 X-130.65 Z-13.5 I-0.65 J0.
N11985 X-129.35 Z-13. I0.65 J0.
N11990 X-130.65 Z-12.5 I-0.65 J0.
N11995 X-129.35 Z-12. I0.65 J0.
N12000 X-130.65 Z-11.5 I-0.65 J0.
N12005 X-129.35 Z-11. I0.65 J0.
N12010 X-130.65 Z-10.5 I-0.65 J0.
N12015 X-129.35 Z-10. I0.65 J0.
N12020 X-130.65 Z-9.5 I-0.65 J0.
N12025 X-129.35 Z-9. I0.65 J0.
N12030 X-130.65 Z-8.5 I-0.65 J0.
N12035 X-129.35 Z-8. I0.65 J0.
N12040 X-130.65 Z-7.5 I-0.65 J0.
N12045 X-129.35 Z-7. I0.65 J0.
N12050 X-130.65 Z-6.5 I-0.65 J0.
N12055 X-129.35 Z-6. I0.65 J0.
N12060 X-130.65 Z-5.5 I-0.65 J0.
N12065 X-129.35 Z-5. I0.65 J0.
N12070 X-130.65 Z-4.5 I-0.65 J0.
N12075 X-129.35 Z-4. I0.65 J0.
N12080 X-130.65 Z-3.5 I-0.65 J0.
N12085 X-129.35 Z-3. I0.65 J0.
N12090 X-130.65 Z-2.5 I-0.65 J0.
N12095 X-129.35 Z-2. I0.65 J0.
N12100 X-130.65 Z-1.5 I-0.65 J0.
N12105 X-129.35 Z-1. I0.65 J0.
N12110 X-130.65 Z-0.5 I-0.65 J0.
N12115 X-130.325 Y-70.325 Z-0.375 I0.325 J0.
N12120 G1 X-130. Y-70.
N12125 Z5.
N12130 X-110.
N12135 Z-12.125
N12140 Z-14.125
N12145 X-109.675 Y-70.325
N12150 G3 X-109.35 Y-70. Z-14. I0. J0.325
N12155 X-110.65 Z-13.5 I-0.65 J0.
N12160 X-109.35 Z-13. I0.65 J0.
N12165 X-110.65 Z-12.5 I-0.65 J0.
N12170 X-109.35 Z-12. I0.65 J0.
N12175 X-110.65 Z-11.5 I-0.65 J0.
N12180 X-109.35 Z-11. I0.65 J0.
N12185 X-110.65 Z-10.5 I-0.65 J0.
N12190 X-109.35 Z-10. I0.65 J0.
N12195 X-110.65 Z-9.5 I-0.65 J0.
N12200 X-109.35 Z-9. I0.65 J0.
N12205 X-110.65 Z-8.5 I-0.65 J0.
N12210 X-109.35 Z-8. I0.65 J0.
N12215 X-110.65 Z-7.5 I-0.65 J0.
N12220 X-109.35 Z-7. I0.65 J0.
N12225 X-110.65 Z-6.5 I-0.65 J0.
N12230 X-109.35 Z-6. I0.65 J0.
N12235 X-110.65 Z-5.5 I-0.65 J0.
N12240 X-109.35 Z-5. I0.65 J0.
N12245 X-110.65 Z-4.5 I-0.65 J0.
N12250 X-109.35 Z-4. I0.65 J0.
N12255 X-110.65 Z-3.5 I-0.65 J0.
N12260 X-109.35 Z-3. I0.65 J0.
N12265 X-110.65 Z-2.5 I-0.65 J0.
N12270 X-109.35 Z-2. I0.65 J0.
N12275 X-110.65 Z-1.5 I-0.65 J0.
N12280 X-109.35 Z-1. I0.65 J0.
N12285 X-110.65 Z-0.5 I-0.65 J0.
N12290 X-110.325 Y-70.325 Z-0.375 I0.325 J0.
N12295 G1 X-110. Y-70.
N12300 Z5.
N12305 X-90.
N12310 Z-12.125
N12315 Z-14.125
N12320 X-89.675 Y-70.325
N12325 G3 X-89.35 Y-70. Z-14. I0. J0.325
N12330 X-90.65 Z-13.5 I-0.65 J0.
N12335 X-89.35 Z-13. I0.65 J0.
N12340 X-90.65 Z-12.5 I-0.65 J0.
N12345 X-89.35 Z-12. I0.65 J0.
N12350 X-90.65 Z-11.5 I-0.65 J0.
N12355 X-89.35 Z-11. I0.65 J0.
N12360 X-90.65 Z-10.5 I-0.65 J0.
N12365 X-89.35 Z-10. I0.65 J0.
N12370 X-90.65 Z-9.5 I-0.65 J0.
N12375 X-89.35 Z-9. I0.65 J0.
N12380 X-90.65 Z-8.5 I-0.65 J0.
N12385 X-89.35 Z-8. I0.65 J0.
N12390 X-90.65 Z-7.5 I-0.65 J0.
N12395 X-89.35 Z-7. I0.65 J0.
N12400 X-90.65 Z-6.5 I-0.65 J0.
N12405 X-89.35 Z-6. I0.65 J0.
N12410 X-90.65 Z-5.5 I-0.65 J0.
N12415 X-89.35 Z-5. I0.65 J0.
N12420 X-90.65 Z-4.5 I-0.65 J0.
N12425 X-89.35 Z-4. I0.65 J0.
N12430 X-90.65 Z-3.5 I-0.65 J0.
N12435 X-89.35 Z-3. I0.65 J0.
N12440 X-90.65 Z-2.5 I-0.65 J0.
N12445 X-89.35 Z-2. I0.65 J0.
N12450 X-90.65 Z-1.5 I-0.65 J0.
N12455 X-89.35 Z-1. I0.65 J0.
N12460 X-90.65 Z-0.5 I-0.65 J0.
N12465 X-90.325 Y-70.325 Z-0.375 I0.325 J0.
N12470 G1 X-90. Y-70.
N12475 Z5.
N12480 X-70.
N12485 Z-12.125
N12490 Z-14.125
N12495 X-69.675 Y-70.325
N12500 G3 X-69.35 Y-70. Z-14. I0. J0.325
N12505 X-70.65 Z-13.5 I-0.65 J0.
N12510 X-69.35 Z-13. I0.65 J0.
N12515 X-70.65 Z-12.5 I-0.65 J0.
N12520 X-69.35 Z-12. I0.65 J0.
N12525 X-70.65 Z-11.5 I-0.65 J0.
N12530 X-69.35 Z-11. I0.65 J0.
N12535 X-70.65 Z-10.5 I-0.65 J0.
N12540 X-69.35 Z-10. I0.65 J0.
N12545 X-70.65 Z-9.5 I-0.65 J0.
N12550 X-69.35 Z-9. I0.65 J0.
N12555 X-70.65 Z-8.5 I-0.65 J0.
N12560 X-69.35 Z-8. I0.65 J0.
N12565 X-70.65 Z-7.5 I-0.65 J0.
N12570 X-69.35 Z-7. I0.65 J0.
N12575 X-70.65 Z-6.5 I-0.65 J0.
N12580 X-69.35 Z-6. I0.65 J0.
N12585 X-70.65 Z-5.5 I-0.65 J0.
N12590 X-69.35 Z-5. I0.65 J0.
N12595 X-70.65 Z-4.5 I-0.65 J0.
N12600 X-69.35 Z-4. I0.65 J0.
N12605 X-70.65 Z-3.5 I-0.65 J0.
N12610 X-69.35 Z-3. I0.65 J0.
N12615 X-70.65 Z-2.5 I-0.65 J0.
N12620 X-69.35 Z-2. I0.65 J0.
N12625 X-70.65 Z-1.5 I-0.65 J0.
N12630 X-69.35 Z-1. I0.65 J0.
N12635 X-70.65 Z-0.5 I-0.65 J0.
N12640 X-70.325 Y-70.325 Z-0.375 I0.325 J0.
N12645 G1 X-70. Y-70.
N12650 Z5.
N12655 X-50.
N12660 Z-12.125
N12665 Z-14.125
N12670 X-49.675 Y-70.325
N12675 G3 X-49.35 Y-70. Z-14. I0. J0.325
N12680 X-50.65 Z-13.5 I-0.65 J0.
N12685 X-49.35 Z-13. I0.65 J0.
N12690 X-50.65 Z-12.5 I-0.65 J0.
N12695 X-49.35 Z-12. I0.65 J0.
N12700 X-50.65 Z-11.5 I-0.65 J0.
N12705 X-49.35 Z-11. I0.65 J0.
N12710 X-50.65 Z-10.5 I-0.65 J0.
N12715 X-49.35 Z-10. I0.65 J0.
N12720 X-50.65 Z-9.5 I-0.65 J0.
N12725 X-49.35 Z-9. I0.65 J0.
N12730 X-50.65 Z-8.5 I-0.65 J0.
N12735 X-49.35 Z-8. I0.65 J0.
N12740 X-50.65 Z-7.5 I-0.65 J0.
N12745 X-49.35 Z-7. I0.65 J0.
N12750 X-50.65 Z-6.5 I-0.65 J0.
N12755 X-49.35 Z-6. I0.65 J0.
N12760 X-50.65 Z-5.5 I-0.65 J0.
N12765 X-49.35 Z-5. I0.65 J0.
N12770 X-50.65 Z-4.5 I-0.65 J0.
N12775 X-49.35 Z-4. I0.65 J0.
N12780 X-50.65 Z-3.5 I-0.65 J0.
N12785 X-49.35 Z-3. I0.65 J0.
N12790 X-50.65 Z-2.5 I-0.65 J0.
N12795 X-49.35 Z-2. I0.65 J0.
N12800 X-50.65 Z-1.5 I-0.65 J0.
N12805 X-49.35 Z-1. I0.65 J0.
N12810 X-50.65 Z-0.5 I-0.65 J0.
N12815 X-50.325 Y-70.325 Z-0.375 I0.325 J0.
N12820 G1 X-50. Y-70.
N12825 Z5.
N12830 X-30.
N12835 Z-12.125
N12840 Z-14.125
N12845 X-29.675 Y-70.325
N12850 G3 X-29.35 Y-70. Z-14. I0. J0.325
N12855 X-30.65 Z-13.5 I-0.65 J0.
N12860 X-29.35 Z-13. I0.65 J0.
N12865 X-30.65 Z-12.5 I-0.65 J0.
N12870 X-29.35 Z-12. I0.65 J0.
N12875 X-30.65 Z-11.5 I-0.65 J0.
N12880 X-29.35 Z-11. I0.65 J0.
N12885 X-30.65 Z-10.5 I-0.65 J0.
N12890 X-29.35 Z-10. I0.65 J0.
N12895 X-30.65 Z-9.5 I-0.65 J0.
N12900 X-29.35 Z-9. I0.65 J0.
N12905 X-30.65 Z-8.5 I-0.65 J0.
N12910 X-29.35 Z-8. I0.65 J0.
N12915 X-30.65 Z-7.5 I-0.65 J0.
N12920 X-29.35 Z-7. I0.65 J0.
N12925 X-30.65 Z-6.5 I-0.65 J0.
N12930 X-29.35 Z-6. I0.65 J0.
N12935 X-30.65 Z-5.5 I-0.65 J0.
N12940 X-29.35 Z-5. I0.65 J0.
N12945 X-30.65 Z-4.5 I-0.65 J0.
N12950 X-29.35 Z-4. I0.65 J0.
N12955 X-30.65 Z-3.5 I-0.65 J0.
N12960 X-29.35 Z-3. I0.65 J0.
N12965 X-30.65 Z-2.5 I-0.65 J0.
N12970 X-29.35 Z-2. I0.65 J0.
N12975 X-30.65 Z-1.5 I-0.65 J0.
N12980 X-29.35 Z-1. I0.65 J0.
N12985 X-30.65 Z-0.5 I-0.65 J0.
N12990 X-30.325 Y-70.325 Z-0.375 I0.325 J0.
N12995 G1 X-30. Y-70.
N13000 Z5.
N13005 X-10.
N13010 Z-12.125
N13015 Z-14.125
N13020 X-9.675 Y-70.325
N13025 G3 X-9.35 Y-70. Z-14. I0. J0.325
N13030 X-10.65 Z-13.5 I-0.65 J0.
N13035 X-9.35 Z-13. I0.65 J0.
N13040 X-10.65 Z-12.5 I-0.65 J0.
N13045 X-9.35 Z-12. I0.65 J0.
N13050 X-10.65 Z-11.5 I-0.65 J0.
N13055 X-9.35 Z-11. I0.65 J0.
N13060 X-10.65 Z-10.5 I-0.65 J0.
N13065 X-9.35 Z-10. I0.65 J0.
N13070 X-10.65 Z-9.5 I-0.65 J0.
N13075 X-9.35 Z-9. I0.65 J0.
N13080 X-10.65 Z-8.5 I-0.65 J0.
N13085 X-9.35 Z-8. I0.65 J0.
N13090 X-10.65 Z-7.5 I-0.65 J0.
N13095 X-9.35 Z-7. I0.65 J0.
N13100 X-10.65 Z-6.5 I-0.65 J0.
N13105 X-9.35 Z-6. I0.65 J0.
N13110 X-10.65 Z-5.5 I-0.65 J0.
N13115 X-9.35 Z-5. I0.65 J0.
N13120 X-10.65 Z-4.5 I-0.65 J0.
N13125 X-9.35 Z-4. I0.65 J0.
N13130 X-10.65 Z-3.5 I-0.65 J0.
N13135 X-9.35 Z-3. I0.65 J0.
N13140 X-10.65 Z-2.5 I-0.65 J0.
N13145 X-9.35 Z-2. I0.65 J0.
N13150 X-10.65 Z-1.5 I-0.65 J0.
N13155 X-9.35 Z-1. I0.65 J0.
N13160 X-10.65 Z-0.5 I-0.65 J0.
N13165 X-10.325 Y-70.325 Z-0.375 I0.325 J0.
N13170 G1 X-10. Y-70.
N13175 Z5.
N13180 X10.
N13185 Z-12.125
N13190 Z-14.125
N13195 X10.325 Y-70.325
N13200 G3 X10.65 Y-70. Z-14. I0. J0.325
N13205 X9.35 Z-13.5 I-0.65 J0.
N13210 X10.65 Z-13. I0.65 J0.
N13215 X9.35 Z-12.5 I-0.65 J0.
N13220 X10.65 Z-12. I0.65 J0.
N13225 X9.35 Z-11.5 I-0.65 J0.
N13230 X10.65 Z-11. I0.65 J0.
N13235 X9.35 Z-10.5 I-0.65 J0.
N13240 X10.65 Z-10. I0.65 J0.
N13245 X9.35 Z-9.5 I-0.65 J0.
N13250 X10.65 Z-9. I0.65 J0.
N13255 X9.35 Z-8.5 I-0.65 J0.
N13260 X10.65 Z-8. I0.65 J0.
N13265 X9.35 Z-7.5 I-0.65 J0.
N13270 X10.65 Z-7. I0.65 J0.
N13275 X9.35 Z-6.5 I-0.65 J0.
N13280 X10.65 Z-6. I0.65 J0.
N13285 X9.35 Z-5.5 I-0.65 J0.
N13290 X10.65 Z-5. I0.65 J0.
N13295 X9.35 Z-4.5 I-0.65 J0.
N13300 X10.65 Z-4. I0.65 J0.
N13305 X9.35 Z-3.5 I-0.65 J0.
N13310 X10.65 Z-3. I0.65 J0.
N13315 X9.35 Z-2.5 I-0.65 J0.
N13320 X10.65 Z-2. I0.65 J0.
N13325 X9.35 Z-1.5 I-0.65 J0.
N13330 X10.65 Z-1. I0.65 J0.
N13335 X9.35 Z-0.5 I-0.65 J0.
N13340 X9.675 Y-70.325 Z-0.375 I0.325 J0.
N13345 G1 X10. Y-70.
N13350 Z5.
N13355 X30.
N13360 Z-12.125
N13365 Z-14.125
N13370 X30.325 Y-70.325
N13375 G3 X30.65 Y-70. Z-14. I0. J0.325
N13380 X29.35 Z-13.5 I-0.65 J0.
N13385 X30.65 Z-13. I0.65 J0.
N13390 X29.35 Z-12.5 I-0.65 J0.
N13395 X30.65 Z-12. I0.65 J0.
N13400 X29.35 Z-11.5 I-0.65 J0.
N13405 X30.65 Z-11. I0.65 J0.
N13410 X29.35 Z-10.5 I-0.65 J0.
N13415 X30.65 Z-10. I0.65 J0.
N13420 X29.35 Z-9.5 I-0.65 J0.
N13425 X30.65 Z-9. I0.65 J0.
N13430 X29.35 Z-8.5 I-0.65 J0.
N13435 X30.65 Z-8. I0.65 J0.
N13440 X29.35 Z-7.5 I-0.65 J0.
N13445 X30.65 Z-7. I0.65 J0.
N13450 X29.35 Z-6.5 I-0.65 J0.
N13455 X30.65 Z-6. I0.65 J0.
N13460 X29.35 Z-5.5 I-0.65 J0.
N13465 X30.65 Z-5. I0.65 J0.
N13470 X29.35 Z-4.5 I-0.65 J0.
N13475 X30.65 Z-4. I0.65 J0.
N13480 X29.35 Z-3.5 I-0.65 J0.
N13485 X30.65 Z-3. I0.65 J0.
N13490 X29.35 Z-2.5 I-0.65 J0.
N13495 X30.65 Z-2. I0.65 J0.
N13500 X29.35 Z-1.5 I-0.65 J0.
N13505 X30.65 Z-1. I0.65 J0.
N13510 X29.35 Z-0.5 I-0.65 J0.
N13515 X29.675 Y-70.325 Z-0.375 I0.325 J0.
N13520 G1 X30. Y-70.
N13525 Z5.
N13530 X50.
N13535 Z-12.125
N13540 Z-14.125
N13545 X50.325 Y-70.325
N13550 G3 X50.65 Y-70. Z-14. I0. J0.325
N13555 X49.35 Z-13.5 I-0.65 J0.
N13560 X50.65 Z-13. I0.65 J0.
N13565 X49.35 Z-12.5 I-0.65 J0.
N13570 X50.65 Z-12. I0.65 J0.
N13575 X49.35 Z-11.5 I-0.65 J0.
N13580 X50.65 Z-11. I0.65 J0.
N13585 X49.35 Z-10.5 I-0.65 J0.
N13590 X50.65 Z-10. I0.65 J0.
N13595 X49.35 Z-9.5 I-0.65 J0.
N13600 X50.65 Z-9. I0.65 J0.
N13605 X49.35 Z-8.5 I-0.65 J0.
N13610 X50.65 Z-8. I0.65 J0.
N13615 X49.35 Z-7.5 I-0.65 J0.
N13620 X50.65 Z-7. I0.65 J0.
N13625 X49.35 Z-6.5 I-0.65 J0.
N13630 X50.65 Z-6. I0.65 J0.
N13635 X49.35 Z-5.5 I-0.65 J0.
N13640 X50.65 Z-5. I0.65 J0.
N13645 X49.35 Z-4.5 I-0.65 J0.
N13650 X50.65 Z-4. I0.65 J0.
N13655 X49.35 Z-3.5 I-0.65 J0.
N13660 X50.65 Z-3. I0.65 J0.
N13665 X49.35 Z-2.5 I-0.65 J0.
N13670 X50.65 Z-2. I0.65 J0.
N13675 X49.35 Z-1.5 I-0.65 J0.
N13680 X50.65 Z-1. I0.65 J0.
N13685 X49.35 Z-0.5 I-0.65 J0.
N13690 X49.675 Y-70.325 Z-0.375 I0.325 J0.
N13695 G1 X50. Y-70.
N13700 Z5.
N13705 X70.
N13710 Z-12.125
N13715 Z-14.125
N13720 X70.325 Y-70.325
N13725 G3 X70.65 Y-70. Z-14. I0. J0.325
N13730 X69.35 Z-13.5 I-0.65 J0.
N13735 X70.65 Z-13. I0.65 J0.
N13740 X69.35 Z-12.5 I-0.65 J0.
N13745 X70.65 Z-12. I0.65 J0.
N13750 X69.35 Z-11.5 I-0.65 J0.
N13755 X70.65 Z-11. I0.65 J0.
N13760 X69.35 Z-10.5 I-0.65 J0.
N13765 X70.65 Z-10. I0.65 J0.
N13770 X69.35 Z-9.5 I-0.65 J0.
N13775 X70.65 Z-9. I0.65 J0.
N13780 X69.35 Z-8.5 I-0.65 J0.
N13785 X70.65 Z-8. I0.65 J0.
N13790 X69.35 Z-7.5 I-0.65 J0.
N13795 X70.65 Z-7. I0.65 J0.
N13800 X69.35 Z-6.5 I-0.65 J0.
N13805 X70.65 Z-6. I0.65 J0.
N13810 X69.35 Z-5.5 I-0.65 J0.
N13815 X70.65 Z-5. I0.65 J0.
N13820 X69.35 Z-4.5 I-0.65 J0.
N13825 X70.65 Z-4. I0.65 J0.
N13830 X69.35 Z-3.5 I-0.65 J0.
N13835 X70.65 Z-3. I0.65 J0.
N13840 X69.35 Z-2.5 I-0.65 J0.
N13845 X70.65 Z-2. I0.65 J0.
N13850 X69.35 Z-1.5 I-0.65 J0.
N13855 X70.65 Z-1. I0.65 J0.
N13860 X69.35 Z-0.5 I-0.65 J0.
N13865 X69.675 Y-70.325 Z-0.375 I0.325 J0.
N13870 G1 X70. Y-70.
N13875 Z5.
N13880 X90.
N13885 Z-12.125
N13890 Z-14.125
N13895 X90.325 Y-70.325
N13900 G3 X90.65 Y-70. Z-14. I0. J0.325
N13905 X89.35 Z-13.5 I-0.65 J0.
N13910 X90.65 Z-13. I0.65 J0.
N13915 X89.35 Z-12.5 I-0.65 J0.
N13920 X90.65 Z-12. I0.65 J0.
N13925 X89.35 Z-11.5 I-0.65 J0.
N13930 X90.65 Z-11. I0.65 J0.
N13935 X89.35 Z-10.5 I-0.65 J0.
N13940 X90.65 Z-10. I0.65 J0.
N13945 X89.35 Z-9.5 I-0.65 J0.
N13950 X90.65 Z-9. I0.65 J0.
N13955 X89.35 Z-8.5 I-0.65 J0.
N13960 X90.65 Z-8. I0.65 J0.
N13965 X89.35 Z-7.5 I-0.65 J0.
N13970 X90.65 Z-7. I0.65 J0.
N13975 X89.35 Z-6.5 I-0.65 J0.
N13980 X90.65 Z-6. I0.65 J0.
N13985 X89.35 Z-5.5 I-0.65 J0.
N13990 X90.65 Z-5. I0.65 J0.
N13995 X89.35 Z-4.5 I-0.65 J0.
N14000 X90.65 Z-4. I0.65 J0.
N14005 X89.35 Z-3.5 I-0.65 J0.
N14010 X90.65 Z-3. I0.65 J0.
N14015 X89.35 Z-2.5 I-0.65 J0.
N14020 X90.65 Z-2. I0.65 J0.
N14025 X89.35 Z-1.5 I-0.65 J0.
N14030 X90.65 Z-1. I0.65 J0.
N14035 X89.35 Z-0.5 I-0.65 J0.
N14040 X89.675 Y-70.325 Z-0.375 I0.325 J0.
N14045 G1 X90. Y-70.
N14050 Z5.
N14055 X110.
N14060 Z-12.125
N14065 Z-14.125
N14070 X110.325 Y-70.325
N14075 G3 X110.65 Y-70. Z-14. I0. J0.325
N14080 X109.35 Z-13.5 I-0.65 J0.
N14085 X110.65 Z-13. I0.65 J0.
N14090 X109.35 Z-12.5 I-0.65 J0.
N14095 X110.65 Z-12. I0.65 J0.
N14100 X109.35 Z-11.5 I-0.65 J0.
N14105 X110.65 Z-11. I0.65 J0.
N14110 X109.35 Z-10.5 I-0.65 J0.
N14115 X110.65 Z-10. I0.65 J0.
N14120 X109.35 Z-9.5 I-0.65 J0.
N14125 X110.65 Z-9. I0.65 J0.
N14130 X109.35 Z-8.5 I-0.65 J0.
N14135 X110.65 Z-8. I0.65 J0.
N14140 X109.35 Z-7.5 I-0.65 J0.
N14145 X110.65 Z-7. I0.65 J0.
N14150 X109.35 Z-6.5 I-0.65 J0.
N14155 X110.65 Z-6. I0.65 J0.
N14160 X109.35 Z-5.5 I-0.65 J0.
N14165 X110.65 Z-5. I0.65 J0.
N14170 X109.35 Z-4.5 I-0.65 J0.
N14175 X110.65 Z-4. I0.65 J0.
N14180 X109.35 Z-3.5 I-0.65 J0.
N14185 X110.65 Z-3. I0.65 J0.
N14190 X109.35 Z-2.5 I-0.65 J0.
N14195 X110.65 Z-2. I0.65 J0.
N14200 X109.35 Z-1.5 I-0.65 J0.
N14205 X110.65 Z-1. I0.65 J0.
N14210 X109.35 Z-0.5 I-0.65 J0.
N14215 X109.675 Y-70.325 Z-0.375 I0.325 J0.
N14220 G1 X110. Y-70.
N14225 Z5.
N14230 X130.
N14235 Z-12.125
N14240 Z-14.125
N14245 X130.325 Y-70.325
N14250 G3 X130.65 Y-70. Z-14. I0. J0.325
N14255 X129.35 Z-13.5 I-0.65 J0.
N14260 X130.65 Z-13. I0.65 J0.
N14265 X129.35 Z-12.5 I-0.65 J0.
N14270 X130.65 Z-12. I0.65 J0.
N14275 X129.35 Z-11.5 I-0.65 J0.
N14280 X130.65 Z-11. I0.65 J0.
N14285 X129.35 Z-10.5 I-0.65 J0.
N14290 X130.65 Z-10. I0.65 J0.
N14295 X129.35 Z-9.5 I-0.65 J0.
N14300 X130.65 Z-9. I0.65 J0.
N14305 X129.35 Z-8.5 I-0.65 J0.
N14310 X130.65 Z-8. I0.65 J0.
N14315 X129.35 Z-7.5 I-0.65 J0.
N14320 X130.65 Z-7. I0.65 J0.
N14325 X129.35 Z-6.5 I-0.65 J0.
N14330 X130.65 Z-6. I0.65 J0.
N14335 X129.35 Z-5.5 I-0.65 J0.
N14340 X130.65 Z-5. I0.65 J0.
N14345 X129.35 Z-4.5 I-0.65 J0.
N14350 X130.65 Z-4. I0.65 J0.
N14355 X129.35 Z-3.5 I-0.65 J0.
N14360 X130.65 Z-3. I0.65 J0.
N14365 X129.35 Z-2.5 I-0.65 J0.
N14370 X130.65 Z-2. I0.65 J0.
N14375 X129.35 Z-1.5 I-0.65 J0.
N14380 X130.65 Z-1. I0.65 J0.
N14385 X129.35 Z-0.5 I-0.65 J0.
N14390 X129.675 Y-70.325 Z-0.375 I0.325 J0.
N14395 G1 X130. Y-70.
N14400 Z5.
N14405 Y-10.
N14410 Z-12.125
N14415 Z-14.125
N14420 X130.325 Y-10.325
N14425 G3 X130.65 Y-10. Z-14. I0. J0.325
N14430 X129.35 Z-13.5 I-0.65 J0.
N14435 X130.65 Z-13. I0.65 J0.
N14440 X129.35 Z-12.5 I-0.65 J0.
N14445 X130.65 Z-12. I0.65 J0.
N14450 X129.35 Z-11.5 I-0.65 J0.
N14455 X130.65 Z-11. I0.65 J0.
N14460 X129.35 Z-10.5 I-0.65 J0.
N14465 X130.65 Z-10. I0.65 J0.
N14470 X129.35 Z-9.5 I-0.65 J0.
N14475 X130.65 Z-9. I0.65 J0.
N14480 X129.35 Z-8.5 I-0.65 J0.
N14485 X130.65 Z-8. I0.65 J0.
N14490 X129.35 Z-7.5 I-0.65 J0.
N14495 X130.65 Z-7. I0.65 J0.
N14500 X129.35 Z-6.5 I-0.65 J0.
N14505 X130.65 Z-6. I0.65 J0.
N14510 X129.35 Z-5.5 I-0.65 J0.
N14515 X130.65 Z-5. I0.65 J0.
N14520 X129.35 Z-4.5 I-0.65 J0.
N14525 X130.65 Z-4. I0.65 J0.
N14530 X129.35 Z-3.5 I-0.65 J0.
N14535 X130.65 Z-3. I0.65 J0.
N14540 X129.35 Z-2.5 I-0.65 J0.
N14545 X130.65 Z-2. I0.65 J0.
N14550 X129.35 Z-1.5 I-0.65 J0.
N14555 X130.65 Z-1. I0.65 J0.
N14560 X129.35 Z-0.5 I-0.65 J0.
N14565 X129.675 Y-10.325 Z-0.375 I0.325 J0.
N14570 G1 X130. Y-10.
N14575 Z5.
N14580 X110.
N14585 Z-12.125
N14590 Z-14.125
N14595 X110.325 Y-10.325
N14600 G3 X110.65 Y-10. Z-14. I0. J0.325
N14605 X109.35 Z-13.5 I-0.65 J0.
N14610 X110.65 Z-13. I0.65 J0.
N14615 X109.35 Z-12.5 I-0.65 J0.
N14620 X110.65 Z-12. I0.65 J0.
N14625 X109.35 Z-11.5 I-0.65 J0.
N14630 X110.65 Z-11. I0.65 J0.
N14635 X109.35 Z-10.5 I-0.65 J0.
N14640 X110.65 Z-10. I0.65 J0.
N14645 X109.35 Z-9.5 I-0.65 J0.
N14650 X110.65 Z-9. I0.65 J0.
N14655 X109.35 Z-8.5 I-0.65 J0.
N14660 X110.65 Z-8. I0.65 J0.
N14665 X109.35 Z-7.5 I-0.65 J0.
N14670 X110.65 Z-7. I0.65 J0.
N14675 X109.35 Z-6.5 I-0.65 J0.
N14680 X110.65 Z-6. I0.65 J0.
N14685 X109.35 Z-5.5 I-0.65 J0.
N14690 X110.65 Z-5. I0.65 J0.
N14695 X109.35 Z-4.5 I-0.65 J0.
N14700 X110.65 Z-4. I0.65 J0.
N14705 X109.35 Z-3.5 I-0.65 J0.
N14710 X110.65 Z-3. I0.65 J0.
N14715 X109.35 Z-2.5 I-0.65 J0.
N14720 X110.65 Z-2. I0.65 J0.
N14725 X109.35 Z-1.5 I-0.65 J0.
N14730 X110.65 Z-1. I0.65 J0.
N14735 X109.35 Z-0.5 I-0.65 J0.
N14740 X109.675 Y-10.325 Z-0.375 I0.325 J0.
N14745 G1 X110. Y-10.
N14750 Z5.
N14755 X90.
N14760 Z-12.125
N14765 Z-14.125
N14770 X90.325 Y-10.325
N14775 G3 X90.65 Y-10. Z-14. I0. J0.325
N14780 X89.35 Z-13.5 I-0.65 J0.
N14785 X90.65 Z-13. I0.65 J0.
N14790 X89.35 Z-12.5 I-0.65 J0.
N14795 X90.65 Z-12. I0.65 J0.
N14800 X89.35 Z-11.5 I-0.65 J0.
N14805 X90.65 Z-11. I0.65 J0.
N14810 X89.35 Z-10.5 I-0.65 J0.
N14815 X90.65 Z-10. I0.65 J0.
N14820 X89.35 Z-9.5 I-0.65 J0.
N14825 X90.65 Z-9. I0.65 J0.
N14830 X89.35 Z-8.5 I-0.65 J0.
N14835 X90.65 Z-8. I0.65 J0.
N14840 X89.35 Z-7.5 I-0.65 J0.
N14845 X90.65 Z-7. I0.65 J0.
N14850 X89.35 Z-6.5 I-0.65 J0.
N14855 X90.65 Z-6. I0.65 J0.
N14860 X89.35 Z-5.5 I-0.65 J0.
N14865 X90.65 Z-5. I0.65 J0.
N14870 X89.35 Z-4.5 I-0.65 J0.
N14875 X90.65 Z-4. I0.65 J0.
N14880 X89.35 Z-3.5 I-0.65 J0.
N14885 X90.65 Z-3. I0.65 J0.
N14890 X89.35 Z-2.5 I-0.65 J0.
N14895 X90.65 Z-2. I0.65 J0.
N14900 X89.35 Z-1.5 I-0.65 J0.
N14905 X90.65 Z-1. I0.65 J0.
N14910 X89.35 Z-0.5 I-0.65 J0.
N14915 X89.675 Y-10.325 Z-0.375 I0.325 J0.
N14920 G1 X90. Y-10.
N14925 Z5.
N14930 X70.
N14935 Z-12.125
N14940 Z-14.125
N14945 X70.325 Y-10.325
N14950 G3 X70.65 Y-10. Z-14. I0. J0.325
N14955 X69.35 Z-13.5 I-0.65 J0.
N14960 X70.65 Z-13. I0.65 J0.
N14965 X69.35 Z-12.5 I-0.65 J0.
N14970 X70.65 Z-12. I0.65 J0.
N14975 X69.35 Z-11.5 I-0.65 J0.
N14980 X70.65 Z-11. I0.65 J0.
N14985 X69.35 Z-10.5 I-0.65 J0.
N14990 X70.65 Z-10. I0.65 J0.
N14995 X69.35 Z-9.5 I-0.65 J0.
N15000 X70.65 Z-9. I0.65 J0.
N15005 X69.35 Z-8.5 I-0.65 J0.
N15010 X70.65 Z-8. I0.65 J0.
N15015 X69.35 Z-7.5 I-0.65 J0.
N15020 X70.65 Z-7. I0.65 J0.
N15025 X69.35 Z-6.5 I-0.65 J0.
N15030 X70.65 Z-6. I0.65 J0.
N15035 X69.35 Z-5.5 I-0.65 J0.
N15040 X70.65 Z-5. I0.65 J0.
N15045 X69.35 Z-4.5 I-0.65 J0.
N15050 X70.65 Z-4. I0.65 J0.
N15055 X69.35 Z-3.5 I-0.65 J0.
N15060 X70.65 Z-3. I0.65 J0.
N15065 X69.35 Z-2.5 I-0.65 J0.
N15070 X70.65 Z-2. I0.65 J0.
N15075 X69.35 Z-1.5 I-0.65 J0.
N15080 X70.65 Z-1. I0.65 J0.
N15085 X69.35 Z-0.5 I-0.65 J0.
N15090 X69.675 Y-10.325 Z-0.375 I0.325 J0.
N15095 G1 X70. Y-10.
N15100 Z5.
N15105 X50.
N15110 Z-12.125
N15115 Z-14.125
N15120 X50.325 Y-10.325
N15125 G3 X50.65 Y-10. Z-14. I0. J0.325
N15130 X49.35 Z-13.5 I-0.65 J0.
N15135 X50.65 Z-13. I0.65 J0.
N15140 X49.35 Z-12.5 I-0.65 J0.
N15145 X50.65 Z-12. I0.65 J0.
N15150 X49.35 Z-11.5 I-0.65 J0.
N15155 X50.65 Z-11. I0.65 J0.
N15160 X49.35 Z-10.5 I-0.65 J0.
N15165 X50.65 Z-10. I0.65 J0.
N15170 X49.35 Z-9.5 I-0.65 J0.
N15175 X50.65 Z-9. I0.65 J0.
N15180 X49.35 Z-8.5 I-0.65 J0.
N15185 X50.65 Z-8. I0.65 J0.
N15190 X49.35 Z-7.5 I-0.65 J0.
N15195 X50.65 Z-7. I0.65 J0.
N15200 X49.35 Z-6.5 I-0.65 J0.
N15205 X50.65 Z-6. I0.65 J0.
N15210 X49.35 Z-5.5 I-0.65 J0.
N15215 X50.65 Z-5. I0.65 J0.
N15220 X49.35 Z-4.5 I-0.65 J0.
N15225 X50.65 Z-4. I0.65 J0.
N15230 X49.35 Z-3.5 I-0.65 J0.
N15235 X50.65 Z-3. I0.65 J0.
N15240 X49.35 Z-2.5 I-0.65 J0.
N15245 X50.65 Z-2. I0.65 J0.
N15250 X49.35 Z-1.5 I-0.65 J0.
N15255 X50.65 Z-1. I0.65 J0.
N15260 X49.35 Z-0.5 I-0.65 J0.
N15265 X49.675 Y-10.325 Z-0.375 I0.325 J0.
N15270 G1 X50. Y-10.
N15275 Z5.
N15280 X30.
N15285 Z-12.125
N15290 Z-14.125
N15295 X30.325 Y-10.325
N15300 G3 X30.65 Y-10. Z-14. I0. J0.325
N15305 X29.35 Z-13.5 I-0.65 J0.
N15310 X30.65 Z-13. I0.65 J0.
N15315 X29.35 Z-12.5 I-0.65 J0.
N15320 X30.65 Z-12. I0.65 J0.
N15325 X29.35 Z-11.5 I-0.65 J0.
N15330 X30.65 Z-11. I0.65 J0.
N15335 X29.35 Z-10.5 I-0.65 J0.
N15340 X30.65 Z-10. I0.65 J0.
N15345 X29.35 Z-9.5 I-0.65 J0.
N15350 X30.65 Z-9. I0.65 J0.
N15355 X29.35 Z-8.5 I-0.65 J0.
N15360 X30.65 Z-8. I0.65 J0.
N15365 X29.35 Z-7.5 I-0.65 J0.
N15370 X30.65 Z-7. I0.65 J0.
N15375 X29.35 Z-6.5 I-0.65 J0.
N15380 X30.65 Z-6. I0.65 J0.
N15385 X29.35 Z-5.5 I-0.65 J0.
N15390 X30.65 Z-5. I0.65 J0.
N15395 X29.35 Z-4.5 I-0.65 J0.
N15400 X30.65 Z-4. I0.65 J0.
N15405 X29.35 Z-3.5 I-0.65 J0.
N15410 X30.65 Z-3. I0.65 J0.
N15415 X29.35 Z-2.5 I-0.65 J0.
N15420 X30.65 Z-2. I0.65 J0.
N15425 X29.35 Z-1.5 I-0.65 J0.
N15430 X30.65 Z-1. I0.65 J0.
N15435 X29.35 Z-0.5 I-0.65 J0.
N15440 X29.675 Y-10.325 Z-0.375 I0.325 J0.
N15445 G1 X30. Y-10.
N15450 Z5.
N15455 X10.
N15460 Z-12.125
N15465 Z-14.125
N15470 X10.325 Y-10.325
N15475 G3 X10.65 Y-10. Z-14. I0. J0.325
N15480 X9.35 Z-13.5 I-0.65 J0.
N15485 X10.65 Z-13. I0.65 J0.
N15490 X9.35 Z-12.5 I-0.65 J0.
N15495 X10.65 Z-12. I0.65 J0.
N15500 X9.35 Z-11.5 I-0.65 J0.
N15505 X10.65 Z-11. I0.65 J0.
N15510 X9.35 Z-10.5 I-0.65 J0.
N15515 X10.65 Z-10. I0.65 J0.
N15520 X9.35 Z-9.5 I-0.65 J0.
N15525 X10.65 Z-9. I0.65 J0.
N15530 X9.35 Z-8.5 I-0.65 J0.
N15535 X10.65 Z-8. I0.65 J0.
N15540 X9.35 Z-7.5 I-0.65 J0.
N15545 X10.65 Z-7. I0.65 J0.
N15550 X9.35 Z-6.5 I-0.65 J0.
N15555 X10.65 Z-6. I0.65 J0.
N15560 X9.35 Z-5.5 I-0.65 J0.
N15565 X10.65 Z-5. I0.65 J0.
N15570 X9.35 Z-4.5 I-0.65 J0.
N15575 X10.65 Z-4. I0.65 J0.
N15580 X9.35 Z-3.5 I-0.65 J0.
N15585 X10.65 Z-3. I0.65 J0.
N15590 X9.35 Z-2.5 I-0.65 J0.
N15595 X10.65 Z-2. I0.65 J0.
N15600 X9.35 Z-1.5 I-0.65 J0.
N15605 X10.65 Z-1. I0.65 J0.
N15610 X9.35 Z-0.5 I-0.65 J0.
N15615 X9.675 Y-10.325 Z-0.375 I0.325 J0.
N15620 G1 X10. Y-10.
N15625 Z5.
N15630 X-10.
N15635 Z-12.125
N15640 Z-14.125
N15645 X-9.675 Y-10.325
N15650 G3 X-9.35 Y-10. Z-14. I0. J0.325
N15655 X-10.65 Z-13.5 I-0.65 J0.
N15660 X-9.35 Z-13. I0.65 J0.
N15665 X-10.65 Z-12.5 I-0.65 J0.
N15670 X-9.35 Z-12. I0.65 J0.
N15675 X-10.65 Z-11.5 I-0.65 J0.
N15680 X-9.35 Z-11. I0.65 J0.
N15685 X-10.65 Z-10.5 I-0.65 J0.
N15690 X-9.35 Z-10. I0.65 J0.
N15695 X-10.65 Z-9.5 I-0.65 J0.
N15700 X-9.35 Z-9. I0.65 J0.
N15705 X-10.65 Z-8.5 I-0.65 J0.
N15710 X-9.35 Z-8. I0.65 J0.
N15715 X-10.65 Z-7.5 I-0.65 J0.
N15720 X-9.35 Z-7. I0.65 J0.
N15725 X-10.65 Z-6.5 I-0.65 J0.
N15730 X-9.35 Z-6. I0.65 J0.
N15735 X-10.65 Z-5.5 I-0.65 J0.
N15740 X-9.35 Z-5. I0.65 J0.
N15745 X-10.65 Z-4.5 I-0.65 J0.
N15750 X-9.35 Z-4. I0.65 J0.
N15755 X-10.65 Z-3.5 I-0.65 J0.
N15760 X-9.35 Z-3. I0.65 J0.
N15765 X-10.65 Z-2.5 I-0.65 J0.
N15770 X-9.35 Z-2. I0.65 J0.
N15775 X-10.65 Z-1.5 I-0.65 J0.
N15780 X-9.35 Z-1. I0.65 J0.
N15785 X-10.65 Z-0.5 I-0.65 J0.
N15790 X-10.325 Y-10.325 Z-0.375 I0.325 J0.
N15795 G1 X-10. Y-10.
N15800 Z5.
N15805 X-30.
N15810 Z-12.125
N15815 Z-14.125
N15820 X-29.675 Y-10.325
N15825 G3 X-29.35 Y-10. Z-14. I0. J0.325
N15830 X-30.65 Z-13.5 I-0.65 J0.
N15835 X-29.35 Z-13. I0.65 J0.
N15840 X-30.65 Z-12.5 I-0.65 J0.
N15845 X-29.35 Z-12. I0.65 J0.
N15850 X-30.65 Z-11.5 I-0.65 J0.
N15855 X-29.35 Z-11. I0.65 J0.
N15860 X-30.65 Z-10.5 I-0.65 J0.
N15865 X-29.35 Z-10. I0.65 J0.
N15870 X-30.65 Z-9.5 I-0.65 J0.
N15875 X-29.35 Z-9. I0.65 J0.
N15880 X-30.65 Z-8.5 I-0.65 J0.
N15885 X-29.35 Z-8. I0.65 J0.
N15890 X-30.65 Z-7.5 I-0.65 J0.
N15895 X-29.35 Z-7. I0.65 J0.
N15900 X-30.65 Z-6.5 I-0.65 J0.
N15905 X-29.35 Z-6. I0.65 J0.
N15910 X-30.65 Z-5.5 I-0.65 J0.
N15915 X-29.35 Z-5. I0.65 J0.
N15920 X-30.65 Z-4.5 I-0.65 J0.
N15925 X-29.35 Z-4. I0.65 J0.
N15930 X-30.65 Z-3.5 I-0.65 J0.
N15935 X-29.35 Z-3. I0.65 J0.
N15940 X-30.65 Z-2.5 I-0.65 J0.
N15945 X-29.35 Z-2. I0.65 J0.
N15950 X-30.65 Z-1.5 I-0.65 J0.
N15955 X-29.35 Z-1. I0.65 J0.
N15960 X-30.65 Z-0.5 I-0.65 J0.
N15965 X-30.325 Y-10.325 Z-0.375 I0.325 J0.
N15970 G1 X-30. Y-10.
N15975 Z5.
N15980 X-50.
N15985 Z-12.125
N15990 Z-14.125
N15995 X-49.675 Y-10.325
N16000 G3 X-49.35 Y-10. Z-14. I0. J0.325
N16005 X-50.65 Z-13.5 I-0.65 J0.
N16010 X-49.35 Z-13. I0.65 J0.
N16015 X-50.65 Z-12.5 I-0.65 J0.
N16020 X-49.35 Z-12. I0.65 J0.
N16025 X-50.65 Z-11.5 I-0.65 J0.
N16030 X-49.35 Z-11. I0.65 J0.
N16035 X-50.65 Z-10.5 I-0.65 J0.
N16040 X-49.35 Z-10. I0.65 J0.
N16045 X-50.65 Z-9.5 I-0.65 J0.
N16050 X-49.35 Z-9. I0.65 J0.
N16055 X-50.65 Z-8.5 I-0.65 J0.
N16060 X-49.35 Z-8. I0.65 J0.
N16065 X-50.65 Z-7.5 I-0.65 J0.
N16070 X-49.35 Z-7. I0.65 J0.
N16075 X-50.65 Z-6.5 I-0.65 J0.
N16080 X-49.35 Z-6. I0.65 J0.
N16085 X-50.65 Z-5.5 I-0.65 J0.
N16090 X-49.35 Z-5. I0.65 J0.
N16095 X-50.65 Z-4.5 I-0.65 J0.
N16100 X-49.35 Z-4. I0.65 J0.
N16105 X-50.65 Z-3.5 I-0.65 J0.
N16110 X-49.35 Z-3. I0.65 J0.
N16115 X-50.65 Z-2.5 I-0.65 J0.
N16120 X-49.35 Z-2. I0.65 J0.
N16125 X-50.65 Z-1.5 I-0.65 J0.
N16130 X-49.35 Z-1. I0.65 J0.
N16135 X-50.65 Z-0.5 I-0.65 J0.
N16140 X-50.325 Y-10.325 Z-0.375 I0.325 J0.
N16145 G1 X-50. Y-10.
N16150 Z5.
N16155 X-70.
N16160 Z-12.125
N16165 Z-14.125
N16170 X-69.675 Y-10.325
N16175 G3 X-69.35 Y-10. Z-14. I0. J0.325
N16180 X-70.65 Z-13.5 I-0.65 J0.
N16185 X-69.35 Z-13. I0.65 J0.
N16190 X-70.65 Z-12.5 I-0.65 J0.
N16195 X-69.35 Z-12. I0.65 J0.
N16200 X-70.65 Z-11.5 I-0.65 J0.
N16205 X-69.35 Z-11. I0.65 J0.
N16210 X-70.65 Z-10.5 I-0.65 J0.
N16215 X-69.35 Z-10. I0.65 J0.
N16220 X-70.65 Z-9.5 I-0.65 J0.
N16225 X-69.35 Z-9. I0.65 J0.
N16230 X-70.65 Z-8.5 I-0.65 J0.
N16235 X-69.35 Z-8. I0.65 J0.
N16240 X-70.65 Z-7.5 I-0.65 J0.
N16245 X-69.35 Z-7. I0.65 J0.
N16250 X-70.65 Z-6.5 I-0.65 J0.
N16255 X-69.35 Z-6. I0.65 J0.
N16260 X-70.65 Z-5.5 I-0.65 J0.
N16265 X-69.35 Z-5. I0.65 J0.
N16270 X-70.65 Z-4.5 I-0.65 J0.
N16275 X-69.35 Z-4. I0.65 J0.
N16280 X-70.65 Z-3.5 I-0.65 J0.
N16285 X-69.35 Z-3. I0.65 J0.
N16290 X-70.65 Z-2.5 I-0.65 J0.
N16295 X-69.35 Z-2. I0.65 J0.
N16300 X-70.65 Z-1.5 I-0.65 J0.
N16305 X-69.35 Z-1. I0.65 J0.
N16310 X-70.65 Z-0.5 I-0.65 J0.
N16315 X-70.325 Y-10.325 Z-0.375 I0.325 J0.
N16320 G1 X-70. Y-10.
N16325 Z5.
N16330 X-90.
N16335 Z-12.125
N16340 Z-14.125
N16345 X-89.675 Y-10.325
N16350 G3 X-89.35 Y-10. Z-14. I0. J0.325
N16355 X-90.65 Z-13.5 I-0.65 J0.
N16360 X-89.35 Z-13. I0.65 J0.
N16365 X-90.65 Z-12.5 I-0.65 J0.
N16370 X-89.35 Z-12. I0.65 J0.
N16375 X-90.65 Z-11.5 I-0.65 J0.
N16380 X-89.35 Z-11. I0.65 J0.
N16385 X-90.65 Z-10.5 I-0.65 J0.
N16390 X-89.35 Z-10. I0.65 J0.
N16395 X-90.65 Z-9.5 I-0.65 J0.
N16400 X-89.35 Z-9. I0.65 J0.
N16405 X-90.65 Z-8.5 I-0.65 J0.
N16410 X-89.35 Z-8. I0.65 J0.
N16415 X-90.65 Z-7.5 I-0.65 J0.
N16420 X-89.35 Z-7. I0.65 J0.
N16425 X-90.65 Z-6.5 I-0.65 J0.
N16430 X-89.35 Z-6. I0.65 J0.
N16435 X-90.65 Z-5.5 I-0.65 J0.
N16440 X-89.35 Z-5. I0.65 J0.
N16445 X-90.65 Z-4.5 I-0.65 J0.
N16450 X-89.35 Z-4. I0.65 J0.
N16455 X-90.65 Z-3.5 I-0.65 J0.
N16460 X-89.35 Z-3. I0.65 J0.
N16465 X-90.65 Z-2.5 I-0.65 J0.
N16470 X-89.35 Z-2. I0.65 J0.
N16475 X-90.65 Z-1.5 I-0.65 J0.
N16480 X-89.35 Z-1. I0.65 J0.
N16485 X-90.65 Z-0.5 I-0.65 J0.
N16490 X-90.325 Y-10.325 Z-0.375 I0.325 J0.
N16495 G1 X-90. Y-10.
N16500 Z5.
N16505 X-110.
N16510 Z-12.125
N16515 Z-14.125
N16520 X-109.675 Y-10.325
N16525 G3 X-109.35 Y-10. Z-14. I0. J0.325
N16530 X-110.65 Z-13.5 I-0.65 J0.
N16535 X-109.35 Z-13. I0.65 J0.
N16540 X-110.65 Z-12.5 I-0.65 J0.
N16545 X-109.35 Z-12. I0.65 J0.
N16550 X-110.65 Z-11.5 I-0.65 J0.
N16555 X-109.35 Z-11. I0.65 J0.
N16560 X-110.65 Z-10.5 I-0.65 J0.
N16565 X-109.35 Z-10. I0.65 J0.
N16570 X-110.65 Z-9.5 I-0.65 J0.
N16575 X-109.35 Z-9. I0.65 J0.
N16580 X-110.65 Z-8.5 I-0.65 J0.
N16585 X-109.35 Z-8. I0.65 J0.
N16590 X-110.65 Z-7.5 I-0.65 J0.
N16595 X-109.35 Z-7. I0.65 J0.
N16600 X-110.65 Z-6.5 I-0.65 J0.
N16605 X-109.35 Z-6. I0.65 J0.
N16610 X-110.65 Z-5.5 I-0.65 J0.
N16615 X-109.35 Z-5. I0.65 J0.
N16620 X-110.65 Z-4.5 I-0.65 J0.
N16625 X-109.35 Z-4. I0.65 J0.
N16630 X-110.65 Z-3.5 I-0.65 J0.
N16635 X-109.35 Z-3. I0.65 J0.
N16640 X-110.65 Z-2.5 I-0.65 J0.
N16645 X-109.35 Z-2. I0.65 J0.
N16650 X-110.65 Z-1.5 I-0.65 J0.
N16655 X-109.35 Z-1. I0.65 J0.
N16660 X-110.65 Z-0.5 I-0.65 J0.
N16665 X-110.325 Y-10.325 Z-0.375 I0.325 J0.
N16670 G1 X-110. Y-10.
N16675 Z5.
N16680 X-130.
N16685 Z-12.125
N16690 Z-14.125
N16695 X-129.675 Y-10.325
N16700 G3 X-129.35 Y-10. Z-14. I0. J0.325
N16705 X-130.65 Z-13.5 I-0.65 J0.
N16710 X-129.35 Z-13. I0.65 J0.
N16715 X-130.65 Z-12.5 I-0.65 J0.
N16720 X-129.35 Z-12. I0.65 J0.
N16725 X-130.65 Z-11.5 I-0.65 J0.
N16730 X-129.35 Z-11. I0.65 J0.
N16735 X-130.65 Z-10.5 I-0.65 J0.
N16740 X-129.35 Z-10. I0.65 J0.
N16745 X-130.65 Z-9.5 I-0.65 J0.
N16750 X-129.35 Z-9. I0.65 J0.
N16755 X-130.65 Z-8.5 I-0.65 J0.
N16760 X-129.35 Z-8. I0.65 J0.
N16765 X-130.65 Z-7.5 I-0.65 J0.
N16770 X-129.35 Z-7. I0.65 J0.
N16775 X-130.65 Z-6.5 I-0.65 J0.
N16780 X-129.35 Z-6. I0.65 J0.
N16785 X-130.65 Z-5.5 I-0.65 J0.
N16790 X-129.35 Z-5. I0.65 J0.
N16795 X-130.65 Z-4.5 I-0.65 J0.
N16800 X-129.35 Z-4. I0.65 J0.
N16805 X-130.65 Z-3.5 I-0.65 J0.
N16810 X-129.35 Z-3. I0.65 J0.
N16815 X-130.65 Z-2.5 I-0.65 J0.
N16820 X-129.35 Z-2. I0.65 J0.
N16825 X-130.65 Z-1.5 I-0.65 J0.
N16830 X-129.35 Z-1. I0.65 J0.
N16835 X-130.65 Z-0.5 I-0.65 J0.
N16840 X-130.325 Y-10.325 Z-0.375 I0.325 J0.
N16845 G1 X-130. Y-10.
N16850 Z5.
N16855 Y10.
N16860 Z-12.125
N16865 Z-14.125
N16870 X-129.675 Y9.675
N16875 G3 X-129.35 Y10. Z-14. I0. J0.325
N16880 X-130.65 Z-13.5 I-0.65 J0.
N16885 X-129.35 Z-13. I0.65 J0.
N16890 X-130.65 Z-12.5 I-0.65 J0.
N16895 X-129.35 Z-12. I0.65 J0.
N16900 X-130.65 Z-11.5 I-0.65 J0.
N16905 X-129.35 Z-11. I0.65 J0.
N16910 X-130.65 Z-10.5 I-0.65 J0.
N16915 X-129.35 Z-10. I0.65 J0.
N16920 X-130.65 Z-9.5 I-0.65 J0.
N16925 X-129.35 Z-9. I0.65 J0.
N16930 X-130.65 Z-8.5 I-0.65 J0.
N16935 X-129.35 Z-8. I0.65 J0.
N16940 X-130.65 Z-7.5 I-0.65 J0.
N16945 X-129.35 Z-7. I0.65 J0.
N16950 X-130.65 Z-6.5 I-0.65 J0.
N16955 X-129.35 Z-6. I0.65 J0.
N16960 X-130.65 Z-5.5 I-0.65 J0.
N16965 X-129.35 Z-5. I0.65 J0.
N16970 X-130.65 Z-4.5 I-0.65 J0.
N16975 X-129.35 Z-4. I0.65 J0.
N16980 X-130.65 Z-3.5 I-0.65 J0.
N16985 X-129.35 Z-3. I0.65 J0.
N16990 X-130.65 Z-2.5 I-0.65 J0.
N16995 X-129.35 Z-2. I0.65 J0.
N17000 X-130.65 Z-1.5 I-0.65 J0.
N17005 X-129.35 Z-1. I0.65 J0.
N17010 X-130.65 Z-0.5 I-0.65 J0.
N17015 X-130.325 Y9.675 Z-0.375 I0.325 J0.
N17020 G1 X-130. Y10.
N17025 Z5.
N17030 X-110.
N17035 Z-12.125
N17040 Z-14.125
N17045 X-109.675 Y9.675
N17050 G3 X-109.35 Y10. Z-14. I0. J0.325
N17055 X-110.65 Z-13.5 I-0.65 J0.
N17060 X-109.35 Z-13. I0.65 J0.
N17065 X-110.65 Z-12.5 I-0.65 J0.
N17070 X-109.35 Z-12. I0.65 J0.
N17075 X-110.65 Z-11.5 I-0.65 J0.
N17080 X-109.35 Z-11. I0.65 J0.
N17085 X-110.65 Z-10.5 I-0.65 J0.
N17090 X-109.35 Z-10. I0.65 J0.
N17095 X-110.65 Z-9.5 I-0.65 J0.
N17100 X-109.35 Z-9. I0.65 J0.
N17105 X-110.65 Z-8.5 I-0.65 J0.
N17110 X-109.35 Z-8. I0.65 J0.
N17115 X-110.65 Z-7.5 I-0.65 J0.
N17120 X-109.35 Z-7. I0.65 J0.
N17125 X-110.65 Z-6.5 I-0.65 J0.
N17130 X-109.35 Z-6. I0.65 J0.
N17135 X-110.65 Z-5.5 I-0.65 J0.
N17140 X-109.35 Z-5. I0.65 J0.
N17145 X-110.65 Z-4.5 I-0.65 J0.
N17150 X-109.35 Z-4. I0.65 J0.
N17155 X-110.65 Z-3.5 I-0.65 J0.
N17160 X-109.35 Z-3. I0.65 J0.
N17165 X-110.65 Z-2.5 I-0.65 J0.
N17170 X-109.35 Z-2. I0.65 J0.
N17175 X-110.65 Z-1.5 I-0.65 J0.
N17180 X-109.35 Z-1. I0.65 J0.
N17185 X-110.65 Z-0.5 I-0.65 J0.
N17190 X-110.325 Y9.675 Z-0.375 I0.325 J0.
N17195 G1 X-110. Y10.
N17200 Z5.
N17205 X-90.
N17210 Z-12.125
N17215 Z-14.125
N17220 X-89.675 Y9.675
N17225 G3 X-89.35 Y10. Z-14. I0. J0.325
N17230 X-90.65 Z-13.5 I-0.65 J0.
N17235 X-89.35 Z-13. I0.65 J0.
N17240 X-90.65 Z-12.5 I-0.65 J0.
N17245 X-89.35 Z-12. I0.65 J0.
N17250 X-90.65 Z-11.5 I-0.65 J0.
N17255 X-89.35 Z-11. I0.65 J0.
N17260 X-90.65 Z-10.5 I-0.65 J0.
N17265 X-89.35 Z-10. I0.65 J0.
N17270 X-90.65 Z-9.5 I-0.65 J0.
N17275 X-89.35 Z-9. I0.65 J0.
N17280 X-90.65 Z-8.5 I-0.65 J0.
N17285 X-89.35 Z-8. I0.65 J0.
N17290 X-90.65 Z-7.5 I-0.65 J0.
N17295 X-89.35 Z-7. I0.65 J0.
N17300 X-90.65 Z-6.5 I-0.65 J0.
N17305 X-89.35 Z-6. I0.65 J0.
N17310 X-90.65 Z-5.5 I-0.65 J0.
N17315 X-89.35 Z-5. I0.65 J0.
N17320 X-90.65 Z-4.5 I-0.65 J0.
N17325 X-89.35 Z-4. I0.65 J0.
N17330 X-90.65 Z-3.5 I-0.65 J0.
N17335 X-89.35 Z-3. I0.65 J0.
N17340 X-90.65 Z-2.5 I-0.65 J0.
N17345 X-89.35 Z-2. I0.65 J0.
N17350 X-90.65 Z-1.5 I-0.65 J0.
N17355 X-89.35 Z-1. I0.65 J0.
N17360 X-90.65 Z-0.5 I-0.65 J0.
N17365 X-90.325 Y9.675 Z-0.375 I0.325 J0.
N17370 G1 X-90. Y10.
N17375 Z5.
N17380 X-70.
N17385 Z-12.125
N17390 Z-14.125
N17395 X-69.675 Y9.675
N17400 G3 X-69.35 Y10. Z-14. I0. J0.325
N17405 X-70.65 Z-13.5 I-0.65 J0.
N17410 X-69.35 Z-13. I0.65 J0.
N17415 X-70.65 Z-12.5 I-0.65 J0.
N17420 X-69.35 Z-12. I0.65 J0.
N17425 X-70.65 Z-11.5 I-0.65 J0.
N17430 X-69.35 Z-11. I0.65 J0.
N17435 X-70.65 Z-10.5 I-0.65 J0.
N17440 X-69.35 Z-10. I0.65 J0.
N17445 X-70.65 Z-9.5 I-0.65 J0.
N17450 X-69.35 Z-9. I0.65 J0.
N17455 X-70.65 Z-8.5 I-0.65 J0.
N17460 X-69.35 Z-8. I0.65 J0.
N17465 X-70.65 Z-7.5 I-0.65 J0.
N17470 X-69.35 Z-7. I0.65 J0.
N17475 X-70.65 Z-6.5 I-0.65 J0.
N17480 X-69.35 Z-6. I0.65 J0.
N17485 X-70.65 Z-5.5 I-0.65 J0.
N17490 X-69.35 Z-5. I0.65 J0.
N17495 X-70.65 Z-4.5 I-0.65 J0.
N17500 X-69.35 Z-4. I0.65 J0.
N17505 X-70.65 Z-3.5 I-0.65 J0.
N17510 X-69.35 Z-3. I0.65 J0.
N17515 X-70.65 Z-2.5 I-0.65 J0.
N17520 X-69.35 Z-2. I0.65 J0.
N17525 X-70.65 Z-1.5 I-0.65 J0.
N17530 X-69.35 Z-1. I0.65 J0.
N17535 X-70.65 Z-0.5 I-0.65 J0.
N17540 X-70.325 Y9.675 Z-0.375 I0.325 J0.
N17545 G1 X-70. Y10.
N17550 Z5.
N17555 X-50.
N17560 Z-12.125
N17565 Z-14.125
N17570 X-49.675 Y9.675
N17575 G3 X-49.35 Y10. Z-14. I0. J0.325
N17580 X-50.65 Z-13.5 I-0.65 J0.
N17585 X-49.35 Z-13. I0.65 J0.
N17590 X-50.65 Z-12.5 I-0.65 J0.
N17595 X-49.35 Z-12. I0.65 J0.
N17600 X-50.65 Z-11.5 I-0.65 J0.
N17605 X-49.35 Z-11. I0.65 J0.
N17610 X-50.65 Z-10.5 I-0.65 J0.
N17615 X-49.35 Z-10. I0.65 J0.
N17620 X-50.65 Z-9.5 I-0.65 J0.
N17625 X-49.35 Z-9. I0.65 J0.
N17630 X-50.65 Z-8.5 I-0.65 J0.
N17635 X-49.35 Z-8. I0.65 J0.
N17640 X-50.65 Z-7.5 I-0.65 J0.
N17645 X-49.35 Z-7. I0.65 J0.
N17650 X-50.65 Z-6.5 I-0.65 J0.
N17655 X-49.35 Z-6. I0.65 J0.
N17660 X-50.65 Z-5.5 I-0.65 J0.
N17665 X-49.35 Z-5. I0.65 J0.
N17670 X-50.65 Z-4.5 I-0.65 J0.
N17675 X-49.35 Z-4. I0.65 J0.
N17680 X-50.65 Z-3.5 I-0.65 J0.
N17685 X-49.35 Z-3. I0.65 J0.
N17690 X-50.65 Z-2.5 I-0.65 J0.
N17695 X-49.35 Z-2. I0.65 J0.
N17700 X-50.65 Z-1.5 I-0.65 J0.
N17705 X-49.35 Z-1. I0.65 J0.
N17710 X-50.65 Z-0.5 I-0.65 J0.
N17715 X-50.325 Y9.675 Z-0.375 I0.325 J0.
N17720 G1 X-50. Y10.
N17725 Z5.
N17730 X-30.
N17735 Z-12.125
N17740 Z-14.125
N17745 X-29.675 Y9.675
N17750 G3 X-29.35 Y10. Z-14. I0. J0.325
N17755 X-30.65 Z-13.5 I-0.65 J0.
N17760 X-29.35 Z-13. I0.65 J0.
N17765 X-30.65 Z-12.5 I-0.65 J0.
N17770 X-29.35 Z-12. I0.65 J0.
N17775 X-30.65 Z-11.5 I-0.65 J0.
N17780 X-29.35 Z-11. I0.65 J0.
N17785 X-30.65 Z-10.5 I-0.65 J0.
N17790 X-29.35 Z-10. I0.65 J0.
N17795 X-30.65 Z-9.5 I-0.65 J0.
N17800 X-29.35 Z-9. I0.65 J0.
N17805 X-30.65 Z-8.5 I-0.65 J0.
N17810 X-29.35 Z-8. I0.65 J0.
N17815 X-30.65 Z-7.5 I-0.65 J0.
N17820 X-29.35 Z-7. I0.65 J0.
N17825 X-30.65 Z-6.5 I-0.65 J0.
N17830 X-29.35 Z-6. I0.65 J0.
N17835 X-30.65 Z-5.5 I-0.65 J0.
N17840 X-29.35 Z-5. I0.65 J0.
N17845 X-30.65 Z-4.5 I-0.65 J0.
N17850 X-29.35 Z-4. I0.65 J0.
N17855 X-30.65 Z-3.5 I-0.65 J0.
N17860 X-29.35 Z-3. I0.65 J0.
N17865 X-30.65 Z-2.5 I-0.65 J0.
N17870 X-29.35 Z-2. I0.65 J0.
N17875 X-30.65 Z-1.5 I-0.65 J0.
N17880 X-29.35 Z-1. I0.65 J0.
N17885 X-30.65 Z-0.5 I-0.65 J0.
N17890 X-30.325 Y9.675 Z-0.375 I0.325 J0.
N17895 G1 X-30. Y10.
N17900 Z5.
N17905 X-10.
N17910 Z-12.125
N17915 Z-14.125
N17920 X-9.675 Y9.675
N17925 G3 X-9.35 Y10. Z-14. I0. J0.325
N17930 X-10.65 Z-13.5 I-0.65 J0.
N17935 X-9.35 Z-13. I0.65 J0.
N17940 X-10.65 Z-12.5 I-0.65 J0.
N17945 X-9.35 Z-12. I0.65 J0.
N17950 X-10.65 Z-11.5 I-0.65 J0.
N17955 X-9.35 Z-11. I0.65 J0.
N17960 X-10.65 Z-10.5 I-0.65 J0.
N17965 X-9.35 Z-10. I0.65 J0.
N17970 X-10.65 Z-9.5 I-0.65 J0.
N17975 X-9.35 Z-9. I0.65 J0.
N17980 X-10.65 Z-8.5 I-0.65 J0.
N17985 X-9.35 Z-8. I0.65 J0.
N17990 X-10.65 Z-7.5 I-0.65 J0.
N17995 X-9.35 Z-7. I0.65 J0.
N18000 X-10.65 Z-6.5 I-0.65 J0.
N18005 X-9.35 Z-6. I0.65 J0.
N18010 X-10.65 Z-5.5 I-0.65 J0.
N18015 X-9.35 Z-5. I0.65 J0.
N18020 X-10.65 Z-4.5 I-0.65 J0.
N18025 X-9.35 Z-4. I0.65 J0.
N18030 X-10.65 Z-3.5 I-0.65 J0.
N18035 X-9.35 Z-3. I0.65 J0.
N18040 X-10.65 Z-2.5 I-0.65 J0.
N18045 X-9.35 Z-2. I0.65 J0.
N18050 X-10.65 Z-1.5 I-0.65 J0.
N18055 X-9.35 Z-1. I0.65 J0.
N18060 X-10.65 Z-0.5 I-0.65 J0.
N18065 X-10.325 Y9.675 Z-0.375 I0.325 J0.
N18070 G1 X-10. Y10.
N18075 Z5.
N18080 X10.
N18085 Z-12.125
N18090 Z-14.125
N18095 X10.325 Y9.675
N18100 G3 X10.65 Y10. Z-14. I0. J0.325
N18105 X9.35 Z-13.5 I-0.65 J0.
N18110 X10.65 Z-13. I0.65 J0.
N18115 X9.35 Z-12.5 I-0.65 J0.
N18120 X10.65 Z-12. I0.65 J0.
N18125 X9.35 Z-11.5 I-0.65 J0.
N18130 X10.65 Z-11. I0.65 J0.
N18135 X9.35 Z-10.5 I-0.65 J0.
N18140 X10.65 Z-10. I0.65 J0.
N18145 X9.35 Z-9.5 I-0.65 J0.
N18150 X10.65 Z-9. I0.65 J0.
N18155 X9.35 Z-8.5 I-0.65 J0.
N18160 X10.65 Z-8. I0.65 J0.
N18165 X9.35 Z-7.5 I-0.65 J0.
N18170 X10.65 Z-7. I0.65 J0.
N18175 X9.35 Z-6.5 I-0.65 J0.
N18180 X10.65 Z-6. I0.65 J0.
N18185 X9.35 Z-5.5 I-0.65 J0.
N18190 X10.65 Z-5. I0.65 J0.
N18195 X9.35 Z-4.5 I-0.65 J0.
N18200 X10.65 Z-4. I0.65 J0.
N18205 X9.35 Z-3.5 I-0.65 J0.
N18210 X10.65 Z-3. I0.65 J0.
N18215 X9.35 Z-2.5 I-0.65 J0.
N18220 X10.65 Z-2. I0.65 J0.
N18225 X9.35 Z-1.5 I-0.65 J0.
N18230 X10.65 Z-1. I0.65 J0.
N18235 X9.35 Z-0.5 I-0.65 J0.
N18240 X9.675 Y9.675 Z-0.375 I0.325 J0.
N18245 G1 X10. Y10.
N18250 Z5.
N18255 X30.
N18260 Z-12.125
N18265 Z-14.125
N18270 X30.325 Y9.675
N18275 G3 X30.65 Y10. Z-14. I0. J0.325
N18280 X29.35 Z-13.5 I-0.65 J0.
N18285 X30.65 Z-13. I0.65 J0.
N18290 X29.35 Z-12.5 I-0.65 J0.
N18295 X30.65 Z-12. I0.65 J0.
N18300 X29.35 Z-11.5 I-0.65 J0.
N18305 X30.65 Z-11. I0.65 J0.
N18310 X29.35 Z-10.5 I-0.65 J0.
N18315 X30.65 Z-10. I0.65 J0.
N18320 X29.35 Z-9.5 I-0.65 J0.
N18325 X30.65 Z-9. I0.65 J0.
N18330 X29.35 Z-8.5 I-0.65 J0.
N18335 X30.65 Z-8. I0.65 J0.
N18340 X29.35 Z-7.5 I-0.65 J0.
N18345 X30.65 Z-7. I0.65 J0.
N18350 X29.35 Z-6.5 I-0.65 J0.
N18355 X30.65 Z-6. I0.65 J0.
N18360 X29.35 Z-5.5 I-0.65 J0.
N18365 X30.65 Z-5. I0.65 J0.
N18370 X29.35 Z-4.5 I-0.65 J0.
N18375 X30.65 Z-4. I0.65 J0.
N18380 X29.35 Z-3.5 I-0.65 J0.
N18385 X30.65 Z-3. I0.65 J0.
N18390 X29.35 Z-2.5 I-0.65 J0.
N18395 X30.65 Z-2. I0.65 J0.
N18400 X29.35 Z-1.5 I-0.65 J0.
N18405 X30.65 Z-1. I0.65 J0.
N18410 X29.35 Z-0.5 I-0.65 J0.
N18415 X29.675 Y9.675 Z-0.375 I0.325 J0.
N18420 G1 X30. Y10.
N18425 Z5.
N18430 X50.
N18435 Z-12.125
N18440 Z-14.125
N18445 X50.325 Y9.675
N18450 G3 X50.65 Y10. Z-14. I0. J0.325
N18455 X49.35 Z-13.5 I-0.65 J0.
N18460 X50.65 Z-13. I0.65 J0.
N18465 X49.35 Z-12.5 I-0.65 J0.
N18470 X50.65 Z-12. I0.65 J0.
N18475 X49.35 Z-11.5 I-0.65 J0.
N18480 X50.65 Z-11. I0.65 J0.
N18485 X49.35 Z-10.5 I-0.65 J0.
N18490 X50.65 Z-10. I0.65 J0.
N18495 X49.35 Z-9.5 I-0.65 J0.
N18500 X50.65 Z-9. I0.65 J0.
N18505 X49.35 Z-8.5 I-0.65 J0.
N18510 X50.65 Z-8. I0.65 J0.
N18515 X49.35 Z-7.5 I-0.65 J0.
N18520 X50.65 Z-7. I0.65 J0.
N18525 X49.35 Z-6.5 I-0.65 J0.
N18530 X50.65 Z-6. I0.65 J0.
N18535 X49.35 Z-5.5 I-0.65 J0.
N18540 X50.65 Z-5. I0.65 J0.
N18545 X49.35 Z-4.5 I-0.65 J0.
N18550 X50.65 Z-4. I0.65 J0.
N18555 X49.35 Z-3.5 I-0.65 J0.
N18560 X50.65 Z-3. I0.65 J0.
N18565 X49.35 Z-2.5 I-0.65 J0.
N18570 X50.65 Z-2. I0.65 J0.
N18575 X49.35 Z-1.5 I-0.65 J0.
N18580 X50.65 Z-1. I0.65 J0.
N18585 X49.35 Z-0.5 I-0.65 J0.
N18590 X49.675 Y9.675 Z-0.375 I0.325 J0.
N18595 G1 X50. Y10.
N18600 Z5.
N18605 X70.
N18610 Z-12.125
N18615 Z-14.125
N18620 X70.325 Y9.675
N18625 G3 X70.65 Y10. Z-14. I0. J0.325
N18630 X69.35 Z-13.5 I-0.65 J0.
N18635 X70.65 Z-13. I0.65 J0.
N18640 X69.35 Z-12.5 I-0.65 J0.
N18645 X70.65 Z-12. I0.65 J0.
N18650 X69.35 Z-11.5 I-0.65 J0.
N18655 X70.65 Z-11. I0.65 J0.
N18660 X69.35 Z-10.5 I-0.65 J0.
N18665 X70.65 Z-10. I0.65 J0.
N18670 X69.35 Z-9.5 I-0.65 J0.
N18675 X70.65 Z-9. I0.65 J0.
N18680 X69.35 Z-8.5 I-0.65 J0.
N18685 X70.65 Z-8. I0.65 J0.
N18690 X69.35 Z-7.5 I-0.65 J0.
N18695 X70.65 Z-7. I0.65 J0.
N18700 X69.35 Z-6.5 I-0.65 J0.
N18705 X70.65 Z-6. I0.65 J0.
N18710 X69.35 Z-5.5 I-0.65 J0.
N18715 X70.65 Z-5. I0.65 J0.
N18720 X69.35 Z-4.5 I-0.65 J0.
N18725 X70.65 Z-4. I0.65 J0.
N18730 X69.35 Z-3.5 I-0.65 J0.
N18735 X70.65 Z-3. I0.65 J0.
N18740 X69.35 Z-2.5 I-0.65 J0.
N18745 X70.65 Z-2. I0.65 J0.
N18750 X69.35 Z-1.5 I-0.65 J0.
N18755 X70.65 Z-1. I0.65 J0.
N18760 X69.35 Z-0.5 I-0.65 J0.
N18765 X69.675 Y9.675 Z-0.375 I0.325 J0.
N18770 G1 X70. Y10.
N18775 Z5.
N18780 X90.
N18785 Z-12.125
N18790 Z-14.125
N18795 X90.325 Y9.675
N18800 G3 X90.65 Y10. Z-14. I0. J0.325
N18805 X89.35 Z-13.5 I-0.65 J0.
N18810 X90.65 Z-13. I0.65 J0.
N18815 X89.35 Z-12.5 I-0.65 J0.
N18820 X90.65 Z-12. I0.65 J0.
N18825 X89.35 Z-11.5 I-0.65 J0.
N18830 X90.65 Z-11. I0.65 J0.
N18835 X89.35 Z-10.5 I-0.65 J0.
N18840 X90.65 Z-10. I0.65 J0.
N18845 X89.35 Z-9.5 I-0.65 J0.
N18850 X90.65 Z-9. I0.65 J0.
N18855 X89.35 Z-8.5 I-0.65 J0.
N18860 X90.65 Z-8. I0.65 J0.
N18865 X89.35 Z-7.5 I-0.65 J0.
N18870 X90.65 Z-7. I0.65 J0.
N18875 X89.35 Z-6.5 I-0.65 J0.
N18880 X90.65 Z-6. I0.65 J0.
N18885 X89.35 Z-5.5 I-0.65 J0.
N18890 X90.65 Z-5. I0.65 J0.
N18895 X89.35 Z-4.5 I-0.65 J0.
N18900 X90.65 Z-4. I0.65 J0.
N18905 X89.35 Z-3.5 I-0.65 J0.
N18910 X90.65 Z-3. I0.65 J0.
N18915 X89.35 Z-2.5 I-0.65 J0.
N18920 X90.65 Z-2. I0.65 J0.
N18925 X89.35 Z-1.5 I-0.65 J0.
N18930 X90.65 Z-1. I0.65 J0.
N18935 X89.35 Z-0.5 I-0.65 J0.
N18940 X89.675 Y9.675 Z-0.375 I0.325 J0.
N18945 G1 X90. Y10.
N18950 Z5.
N18955 X110.
N18960 Z-12.125
N18965 Z-14.125
N18970 X110.325 Y9.675
N18975 G3 X110.65 Y10. Z-14. I0. J0.325
N18980 X109.35 Z-13.5 I-0.65 J0.
N18985 X110.65 Z-13. I0.65 J0.
N18990 X109.35 Z-12.5 I-0.65 J0.
N18995 X110.65 Z-12. I0.65 J0.
N19000 X109.35 Z-11.5 I-0.65 J0.
N19005 X110.65 Z-11. I0.65 J0.
N19010 X109.35 Z-10.5 I-0.65 J0.
N19015 X110.65 Z-10. I0.65 J0.
N19020 X109.35 Z-9.5 I-0.65 J0.
N19025 X110.65 Z-9. I0.65 J0.
N19030 X109.35 Z-8.5 I-0.65 J0.
N19035 X110.65 Z-8. I0.65 J0.
N19040 X109.35 Z-7.5 I-0.65 J0.
N19045 X110.65 Z-7. I0.65 J0.
N19050 X109.35 Z-6.5 I-0.65 J0.
N19055 X110.65 Z-6. I0.65 J0.
N19060 X109.35 Z-5.5 I-0.65 J0.
N19065 X110.65 Z-5. I0.65 J0.
N19070 X109.35 Z-4.5 I-0.65 J0.
N19075 X110.65 Z-4. I0.65 J0.
N19080 X109.35 Z-3.5 I-0.65 J0.
N19085 X110.65 Z-3. I0.65 J0.
N19090 X109.35 Z-2.5 I-0.65 J0.
N19095 X110.65 Z-2. I0.65 J0.
N19100 X109.35 Z-1.5 I-0.65 J0.
N19105 X110.65 Z-1. I0.65 J0.
N19110 X109.35 Z-0.5 I-0.65 J0.
N19115 X109.675 Y9.675 Z-0.375 I0.325 J0.
N19120 G1 X110. Y10.
N19125 Z5.
N19130 X130.
N19135 Z-12.125
N19140 Z-14.125
N19145 X130.325 Y9.675
N19150 G3 X130.65 Y10. Z-14. I0. J0.325
N19155 X129.35 Z-13.5 I-0.65 J0.
N19160 X130.65 Z-13. I0.65 J0.
N19165 X129.35 Z-12.5 I-0.65 J0.
N19170 X130.65 Z-12. I0.65 J0.
N19175 X129.35 Z-11.5 I-0.65 J0.
N19180 X130.65 Z-11. I0.65 J0.
N19185 X129.35 Z-10.5 I-0.65 J0.
N19190 X130.65 Z-10. I0.65 J0.
N19195 X129.35 Z-9.5 I-0.65 J0.
N19200 X130.65 Z-9. I0.65 J0.
N19205 X129.35 Z-8.5 I-0.65 J0.
N19210 X130.65 Z-8. I0.65 J0.
N19215 X129.35 Z-7.5 I-0.65 J0.
N19220 X130.65 Z-7. I0.65 J0.
N19225 X129.35 Z-6.5 I-0.65 J0.
N19230 X130.65 Z-6. I0.65 J0.
N19235 X129.35 Z-5.5 I-0.65 J0.
N19240 X130.65 Z-5. I0.65 J0.
N19245 X129.35 Z-4.5 I-0.65 J0.
N19250 X130.65 Z-4. I0.65 J0.
N19255 X129.35 Z-3.5 I-0.65 J0.
N19260 X130.65 Z-3. I0.65 J0.
N19265 X129.35 Z-2.5 I-0.65 J0.
N19270 X130.65 Z-2. I0.65 J0.
N19275 X129.35 Z-1.5 I-0.65 J0.
N19280 X130.65 Z-1. I0.65 J0.
N19285 X129.35 Z-0.5 I-0.65 J0.
N19290 X129.675 Y9.675 Z-0.375 I0.325 J0.
N19295 G1 X130. Y10.
N19300 Z5.
N19305 Y30.
N19310 Z-12.125
N19315 Z-14.125
N19320 X130.325 Y29.675
N19325 G3 X130.65 Y30. Z-14. I0. J0.325
N19330 X129.35 Z-13.5 I-0.65 J0.
N19335 X130.65 Z-13. I0.65 J0.
N19340 X129.35 Z-12.5 I-0.65 J0.
N19345 X130.65 Z-12. I0.65 J0.
N19350 X129.35 Z-11.5 I-0.65 J0.
N19355 X130.65 Z-11. I0.65 J0.
N19360 X129.35 Z-10.5 I-0.65 J0.
N19365 X130.65 Z-10. I0.65 J0.
N19370 X129.35 Z-9.5 I-0.65 J0.
N19375 X130.65 Z-9. I0.65 J0.
N19380 X129.35 Z-8.5 I-0.65 J0.
N19385 X130.65 Z-8. I0.65 J0.
N19390 X129.35 Z-7.5 I-0.65 J0.
N19395 X130.65 Z-7. I0.65 J0.
N19400 X129.35 Z-6.5 I-0.65 J0.
N19405 X130.65 Z-6. I0.65 J0.
N19410 X129.35 Z-5.5 I-0.65 J0.
N19415 X130.65 Z-5. I0.65 J0.
N19420 X129.35 Z-4.5 I-0.65 J0.
N19425 X130.65 Z-4. I0.65 J0.
N19430 X129.35 Z-3.5 I-0.65 J0.
N19435 X130.65 Z-3. I0.65 J0.
N19440 X129.35 Z-2.5 I-0.65 J0.
N19445 X130.65 Z-2. I0.65 J0.
N19450 X129.35 Z-1.5 I-0.65 J0.
N19455 X130.65 Z-1. I0.65 J0.
N19460 X129.35 Z-0.5 I-0.65 J0.
N19465 X129.675 Y29.675 Z-0.375 I0.325 J0.
N19470 G1 X130. Y30.
N19475 Z5.
N19480 X110.
N19485 Z-12.125
N19490 Z-14.125
N19495 X110.325 Y29.675
N19500 G3 X110.65 Y30. Z-14. I0. J0.325
N19505 X109.35 Z-13.5 I-0.65 J0.
N19510 X110.65 Z-13. I0.65 J0.
N19515 X109.35 Z-12.5 I-0.65 J0.
N19520 X110.65 Z-12. I0.65 J0.
N19525 X109.35 Z-11.5 I-0.65 J0.
N19530 X110.65 Z-11. I0.65 J0.
N19535 X109.35 Z-10.5 I-0.65 J0.
N19540 X110.65 Z-10. I0.65 J0.
N19545 X109.35 Z-9.5 I-0.65 J0.
N19550 X110.65 Z-9. I0.65 J0.
N19555 X109.35 Z-8.5 I-0.65 J0.
N19560 X110.65 Z-8. I0.65 J0.
N19565 X109.35 Z-7.5 I-0.65 J0.
N19570 X110.65 Z-7. I0.65 J0.
N19575 X109.35 Z-6.5 I-0.65 J0.
N19580 X110.65 Z-6. I0.65 J0.
N19585 X109.35 Z-5.5 I-0.65 J0.
N19590 X110.65 Z-5. I0.65 J0.
N19595 X109.35 Z-4.5 I-0.65 J0.
N19600 X110.65 Z-4. I0.65 J0.
N19605 X109.35 Z-3.5 I-0.65 J0.
N19610 X110.65 Z-3. I0.65 J0.
N19615 X109.35 Z-2.5 I-0.65 J0.
N19620 X110.65 Z-2. I0.65 J0.
N19625 X109.35 Z-1.5 I-0.65 J0.
N19630 X110.65 Z-1. I0.65 J0.
N19635 X109.35 Z-0.5 I-0.65 J0.
N19640 X109.675 Y29.675 Z-0.375 I0.325 J0.
N19645 G1 X110. Y30.
N19650 Z5.
N19655 X90.
N19660 Z-12.125
N19665 Z-14.125
N19670 X90.325 Y29.675
N19675 G3 X90.65 Y30. Z-14. I0. J0.325
N19680 X89.35 Z-13.5 I-0.65 J0.
N19685 X90.65 Z-13. I0.65 J0.
N19690 X89.35 Z-12.5 I-0.65 J0.
N19695 X90.65 Z-12. I0.65 J0.
N19700 X89.35 Z-11.5 I-0.65 J0.
N19705 X90.65 Z-11. I0.65 J0.
N19710 X89.35 Z-10.5 I-0.65 J0.
N19715 X90.65 Z-10. I0.65 J0.
N19720 X89.35 Z-9.5 I-0.65 J0.
N19725 X90.65 Z-9. I0.65 J0.
N19730 X89.35 Z-8.5 I-0.65 J0.
N19735 X90.65 Z-8. I0.65 J0.
N19740 X89.35 Z-7.5 I-0.65 J0.
N19745 X90.65 Z-7. I0.65 J0.
N19750 X89.35 Z-6.5 I-0.65 J0.
N19755 X90.65 Z-6. I0.65 J0.
N19760 X89.35 Z-5.5 I-0.65 J0.
N19765 X90.65 Z-5. I0.65 J0.
N19770 X89.35 Z-4.5 I-0.65 J0.
N19775 X90.65 Z-4. I0.65 J0.
N19780 X89.35 Z-3.5 I-0.65 J0.
N19785 X90.65 Z-3. I0.65 J0.
N19790 X89.35 Z-2.5 I-0.65 J0.
N19795 X90.65 Z-2. I0.65 J0.
N19800 X89.35 Z-1.5 I-0.65 J0.
N19805 X90.65 Z-1. I0.65 J0.
N19810 X89.35 Z-0.5 I-0.65 J0.
N19815 X89.675 Y29.675 Z-0.375 I0.325 J0.
N19820 G1 X90. Y30.
N19825 Z5.
N19830 X70.
N19835 Z-12.125
N19840 Z-14.125
N19845 X70.325 Y29.675
N19850 G3 X70.65 Y30. Z-14. I0. J0.325
N19855 X69.35 Z-13.5 I-0.65 J0.
N19860 X70.65 Z-13. I0.65 J0.
N19865 X69.35 Z-12.5 I-0.65 J0.
N19870 X70.65 Z-12. I0.65 J0.
N19875 X69.35 Z-11.5 I-0.65 J0.
N19880 X70.65 Z-11. I0.65 J0.
N19885 X69.35 Z-10.5 I-0.65 J0.
N19890 X70.65 Z-10. I0.65 J0.
N19895 X69.35 Z-9.5 I-0.65 J0.
N19900 X70.65 Z-9. I0.65 J0.
N19905 X69.35 Z-8.5 I-0.65 J0.
N19910 X70.65 Z-8. I0.65 J0.
N19915 X69.35 Z-7.5 I-0.65 J0.
N19920 X70.65 Z-7. I0.65 J0.
N19925 X69.35 Z-6.5 I-0.65 J0.
N19930 X70.65 Z-6. I0.65 J0.
N19935 X69.35 Z-5.5 I-0.65 J0.
N19940 X70.65 Z-5. I0.65 J0.
N19945 X69.35 Z-4.5 I-0.65 J0.
N19950 X70.65 Z-4. I0.65 J0.
N19955 X69.35 Z-3.5 I-0.65 J0.
N19960 X70.65 Z-3. I0.65 J0.
N19965 X69.35 Z-2.5 I-0.65 J0.
N19970 X70.65 Z-2. I0.65 J0.
N19975 X69.35 Z-1.5 I-0.65 J0.
N19980 X70.65 Z-1. I0.65 J0.
N19985 X69.35 Z-0.5 I-0.65 J0.
N19990 X69.675 Y29.675 Z-0.375 I0.325 J0.
N19995 G1 X70. Y30.
N20000 Z5.
N20005 X50.
N20010 Z-12.125
N20015 Z-14.125
N20020 X50.325 Y29.675
N20025 G3 X50.65 Y30. Z-14. I0. J0.325
N20030 X49.35 Z-13.5 I-0.65 J0.
N20035 X50.65 Z-13. I0.65 J0.
N20040 X49.35 Z-12.5 I-0.65 J0.
N20045 X50.65 Z-12. I0.65 J0.
N20050 X49.35 Z-11.5 I-0.65 J0.
N20055 X50.65 Z-11. I0.65 J0.
N20060 X49.35 Z-10.5 I-0.65 J0.
N20065 X50.65 Z-10. I0.65 J0.
N20070 X49.35 Z-9.5 I-0.65 J0.
N20075 X50.65 Z-9. I0.65 J0.
N20080 X49.35 Z-8.5 I-0.65 J0.
N20085 X50.65 Z-8. I0.65 J0.
N20090 X49.35 Z-7.5 I-0.65 J0.
N20095 X50.65 Z-7. I0.65 J0.
N20100 X49.35 Z-6.5 I-0.65 J0.
N20105 X50.65 Z-6. I0.65 J0.
N20110 X49.35 Z-5.5 I-0.65 J0.
N20115 X50.65 Z-5. I0.65 J0.
N20120 X49.35 Z-4.5 I-0.65 J0.
N20125 X50.65 Z-4. I0.65 J0.
N20130 X49.35 Z-3.5 I-0.65 J0.
N20135 X50.65 Z-3. I0.65 J0.
N20140 X49.35 Z-2.5 I-0.65 J0.
N20145 X50.65 Z-2. I0.65 J0.
N20150 X49.35 Z-1.5 I-0.65 J0.
N20155 X50.65 Z-1. I0.65 J0.
N20160 X49.35 Z-0.5 I-0.65 J0.
N20165 X49.675 Y29.675 Z-0.375 I0.325 J0.
N20170 G1 X50. Y30.
N20175 Z5.
N20180 X30.
N20185 Z-12.125
N20190 Z-14.125
N20195 X30.325 Y29.675
N20200 G3 X30.65 Y30. Z-14. I0. J0.325
N20205 X29.35 Z-13.5 I-0.65 J0.
N20210 X30.65 Z-13. I0.65 J0.
N20215 X29.35 Z-12.5 I-0.65 J0.
N20220 X30.65 Z-12. I0.65 J0.
N20225 X29.35 Z-11.5 I-0.65 J0.
N20230 X30.65 Z-11. I0.65 J0.
N20235 X29.35 Z-10.5 I-0.65 J0.
N20240 X30.65 Z-10. I0.65 J0.
N20245 X29.35 Z-9.5 I-0.65 J0.
N20250 X30.65 Z-9. I0.65 J0.
N20255 X29.35 Z-8.5 I-0.65 J0.
N20260 X30.65 Z-8. I0.65 J0.
N20265 X29.35 Z-7.5 I-0.65 J0.
N20270 X30.65 Z-7. I0.65 J0.
N20275 X29.35 Z-6.5 I-0.65 J0.
N20280 X30.65 Z-6. I0.65 J0.
N20285 X29.35 Z-5.5 I-0.65 J0.
N20290 X30.65 Z-5. I0.65 J0.
N20295 X29.35 Z-4.5 I-0.65 J0.
N20300 X30.65 Z-4. I0.65 J0.
N20305 X29.35 Z-3.5 I-0.65 J0.
N20310 X30.65 Z-3. I0.65 J0.
N20315 X29.35 Z-2.5 I-0.65 J0.
N20320 X30.65 Z-2. I0.65 J0.
N20325 X29.35 Z-1.5 I-0.65 J0.
N20330 X30.65 Z-1. I0.65 J0.
N20335 X29.35 Z-0.5 I-0.65 J0.
N20340 X29.675 Y29.675 Z-0.375 I0.325 J0.
N20345 G1 X30. Y30.
N20350 Z5.
N20355 X10.
N20360 Z-12.125
N20365 Z-14.125
N20370 X10.325 Y29.675
N20375 G3 X10.65 Y30. Z-14. I0. J0.325
N20380 X9.35 Z-13.5 I-0.65 J0.
N20385 X10.65 Z-13. I0.65 J0.
N20390 X9.35 Z-12.5 I-0.65 J0.
N20395 X10.65 Z-12. I0.65 J0.
N20400 X9.35 Z-11.5 I-0.65 J0.
N20405 X10.65 Z-11. I0.65 J0.
N20410 X9.35 Z-10.5 I-0.65 J0.
N20415 X10.65 Z-10. I0.65 J0.
N20420 X9.35 Z-9.5 I-0.65 J0.
N20425 X10.65 Z-9. I0.65 J0.
N20430 X9.35 Z-8.5 I-0.65 J0.
N20435 X10.65 Z-8. I0.65 J0.
N20440 X9.35 Z-7.5 I-0.65 J0.
N20445 X10.65 Z-7. I0.65 J0.
N20450 X9.35 Z-6.5 I-0.65 J0.
N20455 X10.65 Z-6. I0.65 J0.
N20460 X9.35 Z-5.5 I-0.65 J0.
N20465 X10.65 Z-5. I0.65 J0.
N20470 X9.35 Z-4.5 I-0.65 J0.
N20475 X10.65 Z-4. I0.65 J0.
N20480 X9.35 Z-3.5 I-0.65 J0.
N20485 X10.65 Z-3. I0.65 J0.
N20490 X9.35 Z-2.5 I-0.65 J0.
N20495 X10.65 Z-2. I0.65 J0.
N20500 X9.35 Z-1.5 I-0.65 J0.
N20505 X10.65 Z-1. I0.65 J0.
N20510 X9.35 Z-0.5 I-0.65 J0.
N20515 X9.675 Y29.675 Z-0.375 I0.325 J0.
N20520 G1 X10. Y30.
N20525 Z5.
N20530 X-10.
N20535 Z-12.125
N20540 Z-14.125
N20545 X-9.675 Y29.675
N20550 G3 X-9.35 Y30. Z-14. I0. J0.325
N20555 X-10.65 Z-13.5 I-0.65 J0.
N20560 X-9.35 Z-13. I0.65 J0.
N20565 X-10.65 Z-12.5 I-0.65 J0.
N20570 X-9.35 Z-12. I0.65 J0.
N20575 X-10.65 Z-11.5 I-0.65 J0.
N20580 X-9.35 Z-11. I0.65 J0.
N20585 X-10.65 Z-10.5 I-0.65 J0.
N20590 X-9.35 Z-10. I0.65 J0.
N20595 X-10.65 Z-9.5 I-0.65 J0.
N20600 X-9.35 Z-9. I0.65 J0.
N20605 X-10.65 Z-8.5 I-0.65 J0.
N20610 X-9.35 Z-8. I0.65 J0.
N20615 X-10.65 Z-7.5 I-0.65 J0.
N20620 X-9.35 Z-7. I0.65 J0.
N20625 X-10.65 Z-6.5 I-0.65 J0.
N20630 X-9.35 Z-6. I0.65 J0.
N20635 X-10.65 Z-5.5 I-0.65 J0.
N20640 X-9.35 Z-5. I0.65 J0.
N20645 X-10.65 Z-4.5 I-0.65 J0.
N20650 X-9.35 Z-4. I0.65 J0.
N20655 X-10.65 Z-3.5 I-0.65 J0.
N20660 X-9.35 Z-3. I0.65 J0.
N20665 X-10.65 Z-2.5 I-0.65 J0.
N20670 X-9.35 Z-2. I0.65 J0.
N20675 X-10.65 Z-1.5 I-0.65 J0.
N20680 X-9.35 Z-1. I0.65 J0.
N20685 X-10.65 Z-0.5 I-0.65 J0.
N20690 X-10.325 Y29.675 Z-0.375 I0.325 J0.
N20695 G1 X-10. Y30.
N20700 Z5.
N20705 X-30.
N20710 Z-12.125
N20715 Z-14.125
N20720 X-29.675 Y29.675
N20725 G3 X-29.35 Y30. Z-14. I0. J0.325
N20730 X-30.65 Z-13.5 I-0.65 J0.
N20735 X-29.35 Z-13. I0.65 J0.
N20740 X-30.65 Z-12.5 I-0.65 J0.
N20745 X-29.35 Z-12. I0.65 J0.
N20750 X-30.65 Z-11.5 I-0.65 J0.
N20755 X-29.35 Z-11. I0.65 J0.
N20760 X-30.65 Z-10.5 I-0.65 J0.
N20765 X-29.35 Z-10. I0.65 J0.
N20770 X-30.65 Z-9.5 I-0.65 J0.
N20775 X-29.35 Z-9. I0.65 J0.
N20780 X-30.65 Z-8.5 I-0.65 J0.
N20785 X-29.35 Z-8. I0.65 J0.
N20790 X-30.65 Z-7.5 I-0.65 J0.
N20795 X-29.35 Z-7. I0.65 J0.
N20800 X-30.65 Z-6.5 I-0.65 J0.
N20805 X-29.35 Z-6. I0.65 J0.
N20810 X-30.65 Z-5.5 I-0.65 J0.
N20815 X-29.35 Z-5. I0.65 J0.
N20820 X-30.65 Z-4.5 I-0.65 J0.
N20825 X-29.35 Z-4. I0.65 J0.
N20830 X-30.65 Z-3.5 I-0.65 J0.
N20835 X-29.35 Z-3. I0.65 J0.
N20840 X-30.65 Z-2.5 I-0.65 J0.
N20845 X-29.35 Z-2. I0.65 J0.
N20850 X-30.65 Z-1.5 I-0.65 J0.
N20855 X-29.35 Z-1. I0.65 J0.
N20860 X-30.65 Z-0.5 I-0.65 J0.
N20865 X-30.325 Y29.675 Z-0.375 I0.325 J0.
N20870 G1 X-30. Y30.
N20875 Z5.
N20880 X-50.
N20885 Z-12.125
N20890 Z-14.125
N20895 X-49.675 Y29.675
N20900 G3 X-49.35 Y30. Z-14. I0. J0.325
N20905 X-50.65 Z-13.5 I-0.65 J0.
N20910 X-49.35 Z-13. I0.65 J0.
N20915 X-50.65 Z-12.5 I-0.65 J0.
N20920 X-49.35 Z-12. I0.65 J0.
N20925 X-50.65 Z-11.5 I-0.65 J0.
N20930 X-49.35 Z-11. I0.65 J0.
N20935 X-50.65 Z-10.5 I-0.65 J0.
N20940 X-49.35 Z-10. I0.65 J0.
N20945 X-50.65 Z-9.5 I-0.65 J0.
N20950 X-49.35 Z-9. I0.65 J0.
N20955 X-50.65 Z-8.5 I-0.65 J0.
N20960 X-49.35 Z-8. I0.65 J0.
N20965 X-50.65 Z-7.5 I-0.65 J0.
N20970 X-49.35 Z-7. I0.65 J0.
N20975 X-50.65 Z-6.5 I-0.65 J0.
N20980 X-49.35 Z-6. I0.65 J0.
N20985 X-50.65 Z-5.5 I-0.65 J0.
N20990 X-49.35 Z-5. I0.65 J0.
N20995 X-50.65 Z-4.5 I-0.65 J0.
N21000 X-49.35 Z-4. I0.65 J0.
N21005 X-50.65 Z-3.5 I-0.65 J0.
N21010 X-49.35 Z-3. I0.65 J0.
N21015 X-50.65 Z-2.5 I-0.65 J0.
N21020 X-49.35 Z-2. I0.65 J0.
N21025 X-50.65 Z-1.5 I-0.65 J0.
N21030 X-49.35 Z-1. I0.65 J0.
N21035 X-50.65 Z-0.5 I-0.65 J0.
N21040 X-50.325 Y29.675 Z-0.375 I0.325 J0.
N21045 G1 X-50. Y30.
N21050 Z5.
N21055 X-70.
N21060 Z-12.125
N21065 Z-14.125
N21070 X-69.675 Y29.675
N21075 G3 X-69.35 Y30. Z-14. I0. J0.325
N21080 X-70.65 Z-13.5 I-0.65 J0.
N21085 X-69.35 Z-13. I0.65 J0.
N21090 X-70.65 Z-12.5 I-0.65 J0.
N21095 X-69.35 Z-12. I0.65 J0.
N21100 X-70.65 Z-11.5 I-0.65 J0.
N21105 X-69.35 Z-11. I0.65 J0.
N21110 X-70.65 Z-10.5 I-0.65 J0.
N21115 X-69.35 Z-10. I0.65 J0.
N21120 X-70.65 Z-9.5 I-0.65 J0.
N21125 X-69.35 Z-9. I0.65 J0.
N21130 X-70.65 Z-8.5 I-0.65 J0.
N21135 X-69.35 Z-8. I0.65 J0.
N21140 X-70.65 Z-7.5 I-0.65 J0.
N21145 X-69.35 Z-7. I0.65 J0.
N21150 X-70.65 Z-6.5 I-0.65 J0.
N21155 X-69.35 Z-6. I0.65 J0.
N21160 X-70.65 Z-5.5 I-0.65 J0.
N21165 X-69.35 Z-5. I0.65 J0.
N21170 X-70.65 Z-4.5 I-0.65 J0.
N21175 X-69.35 Z-4. I0.65 J0.
N21180 X-70.65 Z-3.5 I-0.65 J0.
N21185 X-69.35 Z-3. I0.65 J0.
N21190 X-70.65 Z-2.5 I-0.65 J0.
N21195 X-69.35 Z-2. I0.65 J0.
N21200 X-70.65 Z-1.5 I-0.65 J0.
N21205 X-69.35 Z-1. I0.65 J0.
N21210 X-70.65 Z-0.5 I-0.65 J0.
N21215 X-70.325 Y29.675 Z-0.375 I0.325 J0.
N21220 G1 X-70. Y30.
N21225 Z5.
N21230 X-90.
N21235 Z-12.125
N21240 Z-14.125
N21245 X-89.675 Y29.675
N21250 G3 X-89.35 Y30. Z-14. I0. J0.325
N21255 X-90.65 Z-13.5 I-0.65 J0.
N21260 X-89.35 Z-13. I0.65 J0.
N21265 X-90.65 Z-12.5 I-0.65 J0.
N21270 X-89.35 Z-12. I0.65 J0.
N21275 X-90.65 Z-11.5 I-0.65 J0.
N21280 X-89.35 Z-11. I0.65 J0.
N21285 X-90.65 Z-10.5 I-0.65 J0.
N21290 X-89.35 Z-10. I0.65 J0.
N21295 X-90.65 Z-9.5 I-0.65 J0.
N21300 X-89.35 Z-9. I0.65 J0.
N21305 X-90.65 Z-8.5 I-0.65 J0.
N21310 X-89.35 Z-8. I0.65 J0.
N21315 X-90.65 Z-7.5 I-0.65 J0.
N21320 X-89.35 Z-7. I0.65 J0.
N21325 X-90.65 Z-6.5 I-0.65 J0.
N21330 X-89.35 Z-6. I0.65 J0.
N21335 X-90.65 Z-5.5 I-0.65 J0.
N21340 X-89.35 Z-5. I0.65 J0.
N21345 X-90.65 Z-4.5 I-0.65 J0.
N21350 X-89.35 Z-4. I0.65 J0.
N21355 X-90.65 Z-3.5 I-0.65 J0.
N21360 X-89.35 Z-3. I0.65 J0.
N21365 X-90.65 Z-2.5 I-0.65 J0.
N21370 X-89.35 Z-2. I0.65 J0.
N21375 X-90.65 Z-1.5 I-0.65 J0.
N21380 X-89.35 Z-1. I0.65 J0.
N21385 X-90.65 Z-0.5 I-0.65 J0.
N21390 X-90.325 Y29.675 Z-0.375 I0.325 J0.
N21395 G1 X-90. Y30.
N21400 Z5.
N21405 X-110.
N21410 Z-12.125
N21415 Z-14.125
N21420 X-109.675 Y29.675
N21425 G3 X-109.35 Y30. Z-14. I0. J0.325
N21430 X-110.65 Z-13.5 I-0.65 J0.
N21435 X-109.35 Z-13. I0.65 J0.
N21440 X-110.65 Z-12.5 I-0.65 J0.
N21445 X-109.35 Z-12. I0.65 J0.
N21450 X-110.65 Z-11.5 I-0.65 J0.
N21455 X-109.35 Z-11. I0.65 J0.
N21460 X-110.65 Z-10.5 I-0.65 J0.
N21465 X-109.35 Z-10. I0.65 J0.
N21470 X-110.65 Z-9.5 I-0.65 J0.
N21475 X-109.35 Z-9. I0.65 J0.
N21480 X-110.65 Z-8.5 I-0.65 J0.
N21485 X-109.35 Z-8. I0.65 J0.
N21490 X-110.65 Z-7.5 I-0.65 J0.
N21495 X-109.35 Z-7. I0.65 J0.
N21500 X-110.65 Z-6.5 I-0.65 J0.
N21505 X-109.35 Z-6. I0.65 J0.
N21510 X-110.65 Z-5.5 I-0.65 J0.
N21515 X-109.35 Z-5. I0.65 J0.
N21520 X-110.65 Z-4.5 I-0.65 J0.
N21525 X-109.35 Z-4. I0.65 J0.
N21530 X-110.65 Z-3.5 I-0.65 J0.
N21535 X-109.35 Z-3. I0.65 J0.
N21540 X-110.65 Z-2.5 I-0.65 J0.
N21545 X-109.35 Z-2. I0.65 J0.
N21550 X-110.65 Z-1.5 I-0.65 J0.
N21555 X-109.35 Z-1. I0.65 J0.
N21560 X-110.65 Z-0.5 I-0.65 J0.
N21565 X-110.325 Y29.675 Z-0.375 I0.325 J0.
N21570 G1 X-110. Y30.
N21575 Z5.
N21580 X-130.
N21585 Z-12.125
N21590 Z-14.125
N21595 X-129.675 Y29.675
N21600 G3 X-129.35 Y30. Z-14. I0. J0.325
N21605 X-130.65 Z-13.5 I-0.65 J0.
N21610 X-129.35 Z-13. I0.65 J0.
N21615 X-130.65 Z-12.5 I-0.65 J0.
N21620 X-129.35 Z-12. I0.65 J0.
N21625 X-130.65 Z-11.5 I-0.65 J0.
N21630 X-129.35 Z-11. I0.65 J0.
N21635 X-130.65 Z-10.5 I-0.65 J0.
N21640 X-129.35 Z-10. I0.65 J0.
N21645 X-130.65 Z-9.5 I-0.65 J0.
N21650 X-129.35 Z-9. I0.65 J0.
N21655 X-130.65 Z-8.5 I-0.65 J0.
N21660 X-129.35 Z-8. I0.65 J0.
N21665 X-130.65 Z-7.5 I-0.65 J0.
N21670 X-129.35 Z-7. I0.65 J0.
N21675 X-130.65 Z-6.5 I-0.65 J0.
N21680 X-129.35 Z-6. I0.65 J0.
N21685 X-130.65 Z-5.5 I-0.65 J0.
N21690 X-129.35 Z-5. I0.65 J0.
N21695 X-130.65 Z-4.5 I-0.65 J0.
N21700 X-129.35 Z-4. I0.65 J0.
N21705 X-130.65 Z-3.5 I-0.65 J0.
N21710 X-129.35 Z-3. I0.65 J0.
N21715 X-130.65 Z-2.5 I-0.65 J0.
N21720 X-129.35 Z-2. I0.65 J0.
N21725 X-130.65 Z-1.5 I-0.65 J0.
N21730 X-129.35 Z-1. I0.65 J0.
N21735 X-130.65 Z-0.5 I-0.65 J0.
N21740 X-130.325 Y29.675 Z-0.375 I0.325 J0.
N21745 G1 X-130. Y30.
N21750 Z5.
N21755 Y50.
N21760 Z-12.125
N21765 Z-14.125
N21770 X-129.675 Y49.675
N21775 G3 X-129.35 Y50. Z-14. I0. J0.325
N21780 X-130.65 Z-13.5 I-0.65 J0.
N21785 X-129.35 Z-13. I0.65 J0.
N21790 X-130.65 Z-12.5 I-0.65 J0.
N21795 X-129.35 Z-12. I0.65 J0.
N21800 X-130.65 Z-11.5 I-0.65 J0.
N21805 X-129.35 Z-11. I0.65 J0.
N21810 X-130.65 Z-10.5 I-0.65 J0.
N21815 X-129.35 Z-10. I0.65 J0.
N21820 X-130.65 Z-9.5 I-0.65 J0.
N21825 X-129.35 Z-9. I0.65 J0.
N21830 X-130.65 Z-8.5 I-0.65 J0.
N21835 X-129.35 Z-8. I0.65 J0.
N21840 X-130.65 Z-7.5 I-0.65 J0.
N21845 X-129.35 Z-7. I0.65 J0.
N21850 X-130.65 Z-6.5 I-0.65 J0.
N21855 X-129.35 Z-6. I0.65 J0.
N21860 X-130.65 Z-5.5 I-0.65 J0.
N21865 X-129.35 Z-5. I0.65 J0.
N21870 X-130.65 Z-4.5 I-0.65 J0.
N21875 X-129.35 Z-4. I0.65 J0.
N21880 X-130.65 Z-3.5 I-0.65 J0.
N21885 X-129.35 Z-3. I0.65 J0.
N21890 X-130.65 Z-2.5 I-0.65 J0.
N21895 X-129.35 Z-2. I0.65 J0.
N21900 X-130.65 Z-1.5 I-0.65 J0.
N21905 X-129.35 Z-1. I0.65 J0.
N21910 X-130.65 Z-0.5 I-0.65 J0.
N21915 X-130.325 Y49.675 Z-0.375 I0.325 J0.
N21920 G1 X-130. Y50.
N21925 Z5.
N21930 X-110.
N21935 Z-12.125
N21940 Z-14.125
N21945 X-109.675 Y49.675
N21950 G3 X-109.35 Y50. Z-14. I0. J0.325
N21955 X-110.65 Z-13.5 I-0.65 J0.
N21960 X-109.35 Z-13. I0.65 J0.
N21965 X-110.65 Z-12.5 I-0.65 J0.
N21970 X-109.35 Z-12. I0.65 J0.
N21975 X-110.65 Z-11.5 I-0.65 J0.
N21980 X-109.35 Z-11. I0.65 J0.
N21985 X-110.65 Z-10.5 I-0.65 J0.
N21990 X-109.35 Z-10. I0.65 J0.
N21995 X-110.65 Z-9.5 I-0.65 J0.
N22000 X-109.35 Z-9. I0.65 J0.
N22005 X-110.65 Z-8.5 I-0.65 J0.
N22010 X-109.35 Z-8. I0.65 J0.
N22015 X-110.65 Z-7.5 I-0.65 J0.
N22020 X-109.35 Z-7. I0.65 J0.
N22025 X-110.65 Z-6.5 I-0.65 J0.
N22030 X-109.35 Z-6. I0.65 J0.
N22035 X-110.65 Z-5.5 I-0.65 J0.
N22040 X-109.35 Z-5. I0.65 J0.
N22045 X-110.65 Z-4.5 I-0.65 J0.
N22050 X-109.35 Z-4. I0.65 J0.
N22055 X-110.65 Z-3.5 I-0.65 J0.
N22060 X-109.35 Z-3. I0.65 J0.
N22065 X-110.65 Z-2.5 I-0.65 J0.
N22070 X-109.35 Z-2. I0.65 J0.
N22075 X-110.65 Z-1.5 I-0.65 J0.
N22080 X-109.35 Z-1. I0.65 J0.
N22085 X-110.65 Z-0.5 I-0.65 J0.
N22090 X-110.325 Y49.675 Z-0.375 I0.325 J0.
N22095 G1 X-110. Y50.
N22100 Z5.
N22105 X-90.
N22110 Z-12.125
N22115 Z-14.125
N22120 X-89.675 Y49.675
N22125 G3 X-89.35 Y50. Z-14. I0. J0.325
N22130 X-90.65 Z-13.5 I-0.65 J0.
N22135 X-89.35 Z-13. I0.65 J0.
N22140 X-90.65 Z-12.5 I-0.65 J0.
N22145 X-89.35 Z-12. I0.65 J0.
N22150 X-90.65 Z-11.5 I-0.65 J0.
N22155 X-89.35 Z-11. I0.65 J0.
N22160 X-90.65 Z-10.5 I-0.65 J0.
N22165 X-89.35 Z-10. I0.65 J0.
N22170 X-90.65 Z-9.5 I-0.65 J0.
N22175 X-89.35 Z-9. I0.65 J0.
N22180 X-90.65 Z-8.5 I-0.65 J0.
N22185 X-89.35 Z-8. I0.65 J0.
N22190 X-90.65 Z-7.5 I-0.65 J0.
N22195 X-89.35 Z-7. I0.65 J0.
N22200 X-90.65 Z-6.5 I-0.65 J0.
N22205 X-89.35 Z-6. I0.65 J0.
N22210 X-90.65 Z-5.5 I-0.65 J0.
N22215 X-89.35 Z-5. I0.65 J0.
N22220 X-90.65 Z-4.5 I-0.65 J0.
N22225 X-89.35 Z-4. I0.65 J0.
N22230 X-90.65 Z-3.5 I-0.65 J0.
N22235 X-89.35 Z-3. I0.65 J0.
N22240 X-90.65 Z-2.5 I-0.65 J0.
N22245 X-89.35 Z-2. I0.65 J0.
N22250 X-90.65 Z-1.5 I-0.65 J0.
N22255 X-89.35 Z-1. I0.65 J0.
N22260 X-90.65 Z-0.5 I-0.65 J0.
N22265 X-90.325 Y49.675 Z-0.375 I0.325 J0.
N22270 G1 X-90. Y50.
N22275 Z5.
N22280 X-70.
N22285 Z-12.125
N22290 Z-14.125
N22295 X-69.675 Y49.675
N22300 G3 X-69.35 Y50. Z-14. I0. J0.325
N22305 X-70.65 Z-13.5 I-0.65 J0.
N22310 X-69.35 Z-13. I0.65 J0.
N22315 X-70.65 Z-12.5 I-0.65 J0.
N22320 X-69.35 Z-12. I0.65 J0.
N22325 X-70.65 Z-11.5 I-0.65 J0.
N22330 X-69.35 Z-11. I0.65 J0.
N22335 X-70.65 Z-10.5 I-0.65 J0.
N22340 X-69.35 Z-10. I0.65 J0.
N22345 X-70.65 Z-9.5 I-0.65 J0.
N22350 X-69.35 Z-9. I0.65 J0.
N22355 X-70.65 Z-8.5 I-0.65 J0.
N22360 X-69.35 Z-8. I0.65 J0.
N22365 X-70.65 Z-7.5 I-0.65 J0.
N22370 X-69.35 Z-7. I0.65 J0.
N22375 X-70.65 Z-6.5 I-0.65 J0.
N22380 X-69.35 Z-6. I0.65 J0.
N22385 X-70.65 Z-5.5 I-0.65 J0.
N22390 X-69.35 Z-5. I0.65 J0.
N22395 X-70.65 Z-4.5 I-0.65 J0.
N22400 X-69.35 Z-4. I0.65 J0.
N22405 X-70.65 Z-3.5 I-0.65 J0.
N22410 X-69.35 Z-3. I0.65 J0.
N22415 X-70.65 Z-2.5 I-0.65 J0.
N22420 X-69.35 Z-2. I0.65 J0.
N22425 X-70.65 Z-1.5 I-0.65 J0.
N22430 X-69.35 Z-1. I0.65 J0.
N22435 X-70.65 Z-0.5 I-0.65 J0.
N22440 X-70.325 Y49.675 Z-0.375 I0.325 J0.
N22445 G1 X-70. Y50.
N22450 Z5.
N22455 X-50.
N22460 Z-12.125
N22465 Z-14.125
N22470 X-49.675 Y49.675
N22475 G3 X-49.35 Y50. Z-14. I0. J0.325
N22480 X-50.65 Z-13.5 I-0.65 J0.
N22485 X-49.35 Z-13. I0.65 J0.
N22490 X-50.65 Z-12.5 I-0.65 J0.
N22495 X-49.35 Z-12. I0.65 J0.
N22500 X-50.65 Z-11.5 I-0.65 J0.
N22505 X-49.35 Z-11. I0.65 J0.
N22510 X-50.65 Z-10.5 I-0.65 J0.
N22515 X-49.35 Z-10. I0.65 J0.
N22520 X-50.65 Z-9.5 I-0.65 J0.
N22525 X-49.35 Z-9. I0.65 J0.
N22530 X-50.65 Z-8.5 I-0.65 J0.
N22535 X-49.35 Z-8. I0.65 J0.
N22540 X-50.65 Z-7.5 I-0.65 J0.
N22545 X-49.35 Z-7. I0.65 J0.
N22550 X-50.65 Z-6.5 I-0.65 J0.
N22555 X-49.35 Z-6. I0.65 J0.
N22560 X-50.65 Z-5.5 I-0.65 J0.
N22565 X-49.35 Z-5. I0.65 J0.
N22570 X-50.65 Z-4.5 I-0.65 J0.
N22575 X-49.35 Z-4. I0.65 J0.
N22580 X-50.65 Z-3.5 I-0.65 J0.
N22585 X-49.35 Z-3. I0.65 J0.
N22590 X-50.65 Z-2.5 I-0.65 J0.
N22595 X-49.35 Z-2. I0.65 J0.
N22600 X-50.65 Z-1.5 I-0.65 J0.
N22605 X-49.35 Z-1. I0.65 J0.
N22610 X-50.65 Z-0.5 I-0.65 J0.
N22615 X-50.325 Y49.675 Z-0.375 I0.325 J0.
N22620 G1 X-50. Y50.
N22625 Z5.
N22630 X-30.
N22635 Z-12.125
N22640 Z-14.125
N22645 X-29.675 Y49.675
N22650 G3 X-29.35 Y50. Z-14. I0. J0.325
N22655 X-30.65 Z-13.5 I-0.65 J0.
N22660 X-29.35 Z-13. I0.65 J0.
N22665 X-30.65 Z-12.5 I-0.65 J0.
N22670 X-29.35 Z-12. I0.65 J0.
N22675 X-30.65 Z-11.5 I-0.65 J0.
N22680 X-29.35 Z-11. I0.65 J0.
N22685 X-30.65 Z-10.5 I-0.65 J0.
N22690 X-29.35 Z-10. I0.65 J0.
N22695 X-30.65 Z-9.5 I-0.65 J0.
N22700 X-29.35 Z-9. I0.65 J0.
N22705 X-30.65 Z-8.5 I-0.65 J0.
N22710 X-29.35 Z-8. I0.65 J0.
N22715 X-30.65 Z-7.5 I-0.65 J0.
N22720 X-29.35 Z-7. I0.65 J0.
N22725 X-30.65 Z-6.5 I-0.65 J0.
N22730 X-29.35 Z-6. I0.65 J0.
N22735 X-30.65 Z-5.5 I-0.65 J0.
N22740 X-29.35 Z-5. I0.65 J0.
N22745 X-30.65 Z-4.5 I-0.65 J0.
N22750 X-29.35 Z-4. I0.65 J0.
N22755 X-30.65 Z-3.5 I-0.65 J0.
N22760 X-29.35 Z-3. I0.65 J0.
N22765 X-30.65 Z-2.5 I-0.65 J0.
N22770 X-29.35 Z-2. I0.65 J0.
N22775 X-30.65 Z-1.5 I-0.65 J0.
N22780 X-29.35 Z-1. I0.65 J0.
N22785 X-30.65 Z-0.5 I-0.65 J0.
N22790 X-30.325 Y49.675 Z-0.375 I0.325 J0.
N22795 G1 X-30. Y50.
N22800 Z5.
N22805 X-10.
N22810 Z-12.125
N22815 Z-14.125
N22820 X-9.675 Y49.675
N22825 G3 X-9.35 Y50. Z-14. I0. J0.325
N22830 X-10.65 Z-13.5 I-0.65 J0.
N22835 X-9.35 Z-13. I0.65 J0.
N22840 X-10.65 Z-12.5 I-0.65 J0.
N22845 X-9.35 Z-12. I0.65 J0.
N22850 X-10.65 Z-11.5 I-0.65 J0.
N22855 X-9.35 Z-11. I0.65 J0.
N22860 X-10.65 Z-10.5 I-0.65 J0.
N22865 X-9.35 Z-10. I0.65 J0.
N22870 X-10.65 Z-9.5 I-0.65 J0.
N22875 X-9.35 Z-9. I0.65 J0.
N22880 X-10.65 Z-8.5 I-0.65 J0.
N22885 X-9.35 Z-8. I0.65 J0.
N22890 X-10.65 Z-7.5 I-0.65 J0.
N22895 X-9.35 Z-7. I0.65 J0.
N22900 X-10.65 Z-6.5 I-0.65 J0.
N22905 X-9.35 Z-6. I0.65 J0.
N22910 X-10.65 Z-5.5 I-0.65 J0.
N22915 X-9.35 Z-5. I0.65 J0.
N22920 X-10.65 Z-4.5 I-0.65 J0.
N22925 X-9.35 Z-4. I0.65 J0.
N22930 X-10.65 Z-3.5 I-0.65 J0.
N22935 X-9.35 Z-3. I0.65 J0.
N22940 X-10.65 Z-2.5 I-0.65 J0.
N22945 X-9.35 Z-2. I0.65 J0.
N22950 X-10.65 Z-1.5 I-0.65 J0.
N22955 X-9.35 Z-1. I0.65 J0.
N22960 X-10.65 Z-0.5 I-0.65 J0.
N22965 X-10.325 Y49.675 Z-0.375 I0.325 J0.
N22970 G1 X-10. Y50.
N22975 Z5.
N22980 X10.
N22985 Z-12.125
N22990 Z-14.125
N22995 X10.325 Y49.675
N23000 G3 X10.65 Y50. Z-14. I0. J0.325
N23005 X9.35 Z-13.5 I-0.65 J0.
N23010 X10.65 Z-13. I0.65 J0.
N23015 X9.35 Z-12.5 I-0.65 J0.
N23020 X10.65 Z-12. I0.65 J0.
N23025 X9.35 Z-11.5 I-0.65 J0.
N23030 X10.65 Z-11. I0.65 J0.
N23035 X9.35 Z-10.5 I-0.65 J0.
N23040 X10.65 Z-10. I0.65 J0.
N23045 X9.35 Z-9.5 I-0.65 J0.
N23050 X10.65 Z-9. I0.65 J0.
N23055 X9.35 Z-8.5 I-0.65 J0.
N23060 X10.65 Z-8. I0.65 J0.
N23065 X9.35 Z-7.5 I-0.65 J0.
N23070 X10.65 Z-7. I0.65 J0.
N23075 X9.35 Z-6.5 I-0.65 J0.
N23080 X10.65 Z-6. I0.65 J0.
N23085 X9.35 Z-5.5 I-0.65 J0.
N23090 X10.65 Z-5. I0.65 J0.
N23095 X9.35 Z-4.5 I-0.65 J0.
N23100 X10.65 Z-4. I0.65 J0.
N23105 X9.35 Z-3.5 I-0.65 J0.
N23110 X10.65 Z-3. I0.65 J0.
N23115 X9.35 Z-2.5 I-0.65 J0.
N23120 X10.65 Z-2. I0.65 J0.
N23125 X9.35 Z-1.5 I-0.65 J0.
N23130 X10.65 Z-1. I0.65 J0.
N23135 X9.35 Z-0.5 I-0.65 J0.
N23140 X9.675 Y49.675 Z-0.375 I0.325 J0.
N23145 G1 X10. Y50.
N23150 Z5.
N23155 X30.
N23160 Z-12.125
N23165 Z-14.125
N23170 X30.325 Y49.675
N23175 G3 X30.65 Y50. Z-14. I0. J0.325
N23180 X29.35 Z-13.5 I-0.65 J0.
N23185 X30.65 Z-13. I0.65 J0.
N23190 X29.35 Z-12.5 I-0.65 J0.
N23195 X30.65 Z-12. I0.65 J0.
N23200 X29.35 Z-11.5 I-0.65 J0.
N23205 X30.65 Z-11. I0.65 J0.
N23210 X29.35 Z-10.5 I-0.65 J0.
N23215 X30.65 Z-10. I0.65 J0.
N23220 X29.35 Z-9.5 I-0.65 J0.
N23225 X30.65 Z-9. I0.65 J0.
N23230 X29.35 Z-8.5 I-0.65 J0.
N23235 X30.65 Z-8. I0.65 J0.
N23240 X29.35 Z-7.5 I-0.65 J0.
N23245 X30.65 Z-7. I0.65 J0.
N23250 X29.35 Z-6.5 I-0.65 J0.
N23255 X30.65 Z-6. I0.65 J0.
N23260 X29.35 Z-5.5 I-0.65 J0.
N23265 X30.65 Z-5. I0.65 J0.
N23270 X29.35 Z-4.5 I-0.65 J0.
N23275 X30.65 Z-4. I0.65 J0.
N23280 X29.35 Z-3.5 I-0.65 J0.
N23285 X30.65 Z-3. I0.65 J0.
N23290 X29.35 Z-2.5 I-0.65 J0.
N23295 X30.65 Z-2. I0.65 J0.
N23300 X29.35 Z-1.5 I-0.65 J0.
N23305 X30.65 Z-1. I0.65 J0.
N23310 X29.35 Z-0.5 I-0.65 J0.
N23315 X29.675 Y49.675 Z-0.375 I0.325 J0.
N23320 G1 X30. Y50.
N23325 Z5.
N23330 X50.
N23335 Z-12.125
N23340 Z-14.125
N23345 X50.325 Y49.675
N23350 G3 X50.65 Y50. Z-14. I0. J0.325
N23355 X49.35 Z-13.5 I-0.65 J0.
N23360 X50.65 Z-13. I0.65 J0.
N23365 X49.35 Z-12.5 I-0.65 J0.
N23370 X50.65 Z-12. I0.65 J0.
N23375 X49.35 Z-11.5 I-0.65 J0.
N23380 X50.65 Z-11. I0.65 J0.
N23385 X49.35 Z-10.5 I-0.65 J0.
N23390 X50.65 Z-10. I0.65 J0.
N23395 X49.35 Z-9.5 I-0.65 J0.
N23400 X50.65 Z-9. I0.65 J0.
N23405 X49.35 Z-8.5 I-0.65 J0.
N23410 X50.65 Z-8. I0.65 J0.
N23415 X49.35 Z-7.5 I-0.65 J0.
N23420 X50.65 Z-7. I0.65 J0.
N23425 X49.35 Z-6.5 I-0.65 J0.
N23430 X50.65 Z-6. I0.65 J0.
N23435 X49.35 Z-5.5 I-0.65 J0.
N23440 X50.65 Z-5. I0.65 J0.
N23445 X49.35 Z-4.5 I-0.65 J0.
N23450 X50.65 Z-4. I0.65 J0.
N23455 X49.35 Z-3.5 I-0.65 J0.
N23460 X50.65 Z-3. I0.65 J0.
N23465 X49.35 Z-2.5 I-0.65 J0.
N23470 X50.65 Z-2. I0.65 J0.
N23475 X49.35 Z-1.5 I-0.65 J0.
N23480 X50.65 Z-1. I0.65 J0.
N23485 X49.35 Z-0.5 I-0.65 J0.
N23490 X49.675 Y49.675 Z-0.375 I0.325 J0.
N23495 G1 X50. Y50.
N23500 Z5.
N23505 X70.
N23510 Z-12.125
N23515 Z-14.125
N23520 X70.325 Y49.675
N23525 G3 X70.65 Y50. Z-14. I0. J0.325
N23530 X69.35 Z-13.5 I-0.65 J0.
N23535 X70.65 Z-13. I0.65 J0.
N23540 X69.35 Z-12.5 I-0.65 J0.
N23545 X70.65 Z-12. I0.65 J0.
N23550 X69.35 Z-11.5 I-0.65 J0.
N23555 X70.65 Z-11. I0.65 J0.
N23560 X69.35 Z-10.5 I-0.65 J0.
N23565 X70.65 Z-10. I0.65 J0.
N23570 X69.35 Z-9.5 I-0.65 J0.
N23575 X70.65 Z-9. I0.65 J0.
N23580 X69.35 Z-8.5 I-0.65 J0.
N23585 X70.65 Z-8. I0.65 J0.
N23590 X69.35 Z-7.5 I-0.65 J0.
N23595 X70.65 Z-7. I0.65 J0.
N23600 X69.35 Z-6.5 I-0.65 J0.
N23605 X70.65 Z-6. I0.65 J0.
N23610 X69.35 Z-5.5 I-0.65 J0.
N23615 X70.65 Z-5. I0.65 J0.
N23620 X69.35 Z-4.5 I-0.65 J0.
N23625 X70.65 Z-4. I0.65 J0.
N23630 X69.35 Z-3.5 I-0.65 J0.
N23635 X70.65 Z-3. I0.65 J0.
N23640 X69.35 Z-2.5 I-0.65 J0.
N23645 X70.65 Z-2. I0.65 J0.
N23650 X69.35 Z-1.5 I-0.65 J0.
N23655 X70.65 Z-1. I0.65 J0.
N23660 X69.35 Z-0.5 I-0.65 J0.
N23665 X69.675 Y49.675 Z-0.375 I0.325 J0.
N23670 G1 X70. Y50.
N23675 Z5.
N23680 X90.
N23685 Z-12.125
N23690 Z-14.125
N23695 X90.325 Y49.675
N23700 G3 X90.65 Y50. Z-14. I0. J0.325
N23705 X89.35 Z-13.5 I-0.65 J0.
N23710 X90.65 Z-13. I0.65 J0.
N23715 X89.35 Z-12.5 I-0.65 J0.
N23720 X90.65 Z-12. I0.65 J0.
N23725 X89.35 Z-11.5 I-0.65 J0.
N23730 X90.65 Z-11. I0.65 J0.
N23735 X89.35 Z-10.5 I-0.65 J0.
N23740 X90.65 Z-10. I0.65 J0.
N23745 X89.35 Z-9.5 I-0.65 J0.
N23750 X90.65 Z-9. I0.65 J0.
N23755 X89.35 Z-8.5 I-0.65 J0.
N23760 X90.65 Z-8. I0.65 J0.
N23765 X89.35 Z-7.5 I-0.65 J0.
N23770 X90.65 Z-7. I0.65 J0.
N23775 X89.35 Z-6.5 I-0.65 J0.
N23780 X90.65 Z-6. I0.65 J0.
N23785 X89.35 Z-5.5 I-0.65 J0.
N23790 X90.65 Z-5. I0.65 J0.
N23795 X89.35 Z-4.5 I-0.65 J0.
N23800 X90.65 Z-4. I0.65 J0.
N23805 X89.35 Z-3.5 I-0.65 J0.
N23810 X90.65 Z-3. I0.65 J0.
N23815 X89.35 Z-2.5 I-0.65 J0.
N23820 X90.65 Z-2. I0.65 J0.
N23825 X89.35 Z-1.5 I-0.65 J0.
N23830 X90.65 Z-1. I0.65 J0.
N23835 X89.35 Z-0.5 I-0.65 J0.
N23840 X89.675 Y49.675 Z-0.375 I0.325 J0.
N23845 G1 X90. Y50.
N23850 Z5.
N23855 X110.
N23860 Z-12.125
N23865 Z-14.125
N23870 X110.325 Y49.675
N23875 G3 X110.65 Y50. Z-14. I0. J0.325
N23880 X109.35 Z-13.5 I-0.65 J0.
N23885 X110.65 Z-13. I0.65 J0.
N23890 X109.35 Z-12.5 I-0.65 J0.
N23895 X110.65 Z-12. I0.65 J0.
N23900 X109.35 Z-11.5 I-0.65 J0.
N23905 X110.65 Z-11. I0.65 J0.
N23910 X109.35 Z-10.5 I-0.65 J0.
N23915 X110.65 Z-10. I0.65 J0.
N23920 X109.35 Z-9.5 I-0.65 J0.
N23925 X110.65 Z-9. I0.65 J0.
N23930 X109.35 Z-8.5 I-0.65 J0.
N23935 X110.65 Z-8. I0.65 J0.
N23940 X109.35 Z-7.5 I-0.65 J0.
N23945 X110.65 Z-7. I0.65 J0.
N23950 X109.35 Z-6.5 I-0.65 J0.
N23955 X110.65 Z-6. I0.65 J0.
N23960 X109.35 Z-5.5 I-0.65 J0.
N23965 X110.65 Z-5. I0.65 J0.
N23970 X109.35 Z-4.5 I-0.65 J0.
N23975 X110.65 Z-4. I0.65 J0.
N23980 X109.35 Z-3.5 I-0.65 J0.
N23985 X110.65 Z-3. I0.65 J0.
N23990 X109.35 Z-2.5 I-0.65 J0.
N23995 X110.65 Z-2. I0.65 J0.
N24000 X109.35 Z-1.5 I-0.65 J0.
N24005 X110.65 Z-1. I0.65 J0.
N24010 X109.35 Z-0.5 I-0.65 J0.
N24015 X109.675 Y49.675 Z-0.375 I0.325 J0.
N24020 G1 X110. Y50.
N24025 Z5.
N24030 X130.
N24035 Z-12.125
N24040 Z-14.125
N24045 X130.325 Y49.675
N24050 G3 X130.65 Y50. Z-14. I0. J0.325
N24055 X129.35 Z-13.5 I-0.65 J0.
N24060 X130.65 Z-13. I0.65 J0.
N24065 X129.35 Z-12.5 I-0.65 J0.
N24070 X130.65 Z-12. I0.65 J0.
N24075 X129.35 Z-11.5 I-0.65 J0.
N24080 X130.65 Z-11. I0.65 J0.
N24085 X129.35 Z-10.5 I-0.65 J0.
N24090 X130.65 Z-10. I0.65 J0.
N24095 X129.35 Z-9.5 I-0.65 J0.
N24100 X130.65 Z-9. I0.65 J0.
N24105 X129.35 Z-8.5 I-0.65 J0.
N24110 X130.65 Z-8. I0.65 J0.
N24115 X129.35 Z-7.5 I-0.65 J0.
N24120 X130.65 Z-7. I0.65 J0.
N24125 X129.35 Z-6.5 I-0.65 J0.
N24130 X130.65 Z-6. I0.65 J0.
N24135 X129.35 Z-5.5 I-0.65 J0.
N24140 X130.65 Z-5. I0.65 J0.
N24145 X129.35 Z-4.5 I-0.65 J0.
N24150 X130.65 Z-4. I0.65 J0.
N24155 X129.35 Z-3.5 I-0.65 J0.
N24160 X130.65 Z-3. I0.65 J0.
N24165 X129.35 Z-2.5 I-0.65 J0.
N24170 X130.65 Z-2. I0.65 J0.
N24175 X129.35 Z-1.5 I-0.65 J0.
N24180 X130.65 Z-1. I0.65 J0.
N24185 X129.35 Z-0.5 I-0.65 J0.
N24190 X129.675 Y49.675 Z-0.375 I0.325 J0.
N24195 G1 X130. Y50.
N24200 Z5.
N24205 Y70.
N24210 Z-12.125
N24215 Z-14.125
N24220 X130.325 Y69.675
N24225 G3 X130.65 Y70. Z-14. I0. J0.325
N24230 X129.35 Z-13.5 I-0.65 J0.
N24235 X130.65 Z-13. I0.65 J0.
N24240 X129.35 Z-12.5 I-0.65 J0.
N24245 X130.65 Z-12. I0.65 J0.
N24250 X129.35 Z-11.5 I-0.65 J0.
N24255 X130.65 Z-11. I0.65 J0.
N24260 X129.35 Z-10.5 I-0.65 J0.
N24265 X130.65 Z-10. I0.65 J0.
N24270 X129.35 Z-9.5 I-0.65 J0.
N24275 X130.65 Z-9. I0.65 J0.
N24280 X129.35 Z-8.5 I-0.65 J0.
N24285 X130.65 Z-8. I0.65 J0.
N24290 X129.35 Z-7.5 I-0.65 J0.
N24295 X130.65 Z-7. I0.65 J0.
N24300 X129.35 Z-6.5 I-0.65 J0.
N24305 X130.65 Z-6. I0.65 J0.
N24310 X129.35 Z-5.5 I-0.65 J0.
N24315 X130.65 Z-5. I0.65 J0.
N24320 X129.35 Z-4.5 I-0.65 J0.
N24325 X130.65 Z-4. I0.65 J0.
N24330 X129.35 Z-3.5 I-0.65 J0.
N24335 X130.65 Z-3. I0.65 J0.
N24340 X129.35 Z-2.5 I-0.65 J0.
N24345 X130.65 Z-2. I0.65 J0.
N24350 X129.35 Z-1.5 I-0.65 J0.
N24355 X130.65 Z-1. I0.65 J0.
N24360 X129.35 Z-0.5 I-0.65 J0.
N24365 X129.675 Y69.675 Z-0.375 I0.325 J0.
N24370 G1 X130. Y70.
N24375 Z5.
N24380 X110.
N24385 Z-12.125
N24390 Z-14.125
N24395 X110.325 Y69.675
N24400 G3 X110.65 Y70. Z-14. I0. J0.325
N24405 X109.35 Z-13.5 I-0.65 J0.
N24410 X110.65 Z-13. I0.65 J0.
N24415 X109.35 Z-12.5 I-0.65 J0.
N24420 X110.65 Z-12. I0.65 J0.
N24425 X109.35 Z-11.5 I-0.65 J0.
N24430 X110.65 Z-11. I0.65 J0.
N24435 X109.35 Z-10.5 I-0.65 J0.
N24440 X110.65 Z-10. I0.65 J0.
N24445 X109.35 Z-9.5 I-0.65 J0.
N24450 X110.65 Z-9. I0.65 J0.
N24455 X109.35 Z-8.5 I-0.65 J0.
N24460 X110.65 Z-8. I0.65 J0.
N24465 X109.35 Z-7.5 I-0.65 J0.
N24470 X110.65 Z-7. I0.65 J0.
N24475 X109.35 Z-6.5 I-0.65 J0.
N24480 X110.65 Z-6. I0.65 J0.
N24485 X109.35 Z-5.5 I-0.65 J0.
N24490 X110.65 Z-5. I0.65 J0.
N24495 X109.35 Z-4.5 I-0.65 J0.
N24500 X110.65 Z-4. I0.65 J0.
N24505 X109.35 Z-3.5 I-0.65 J0.
N24510 X110.65 Z-3. I0.65 J0.
N24515 X109.35 Z-2.5 I-0.65 J0.
N24520 X110.65 Z-2. I0.65 J0.
N24525 X109.35 Z-1.5 I-0.65 J0.
N24530 X110.65 Z-1. I0.65 J0.
N24535 X109.35 Z-0.5 I-0.65 J0.
N24540 X109.675 Y69.675 Z-0.375 I0.325 J0.
N24545 G1 X110. Y70.
N24550 Z5.
N24555 X90.
N24560 Z-12.125
N24565 Z-14.125
N24570 X90.325 Y69.675
N24575 G3 X90.65 Y70. Z-14. I0. J0.325
N24580 X89.35 Z-13.5 I-0.65 J0.
N24585 X90.65 Z-13. I0.65 J0.
N24590 X89.35 Z-12.5 I-0.65 J0.
N24595 X90.65 Z-12. I0.65 J0.
N24600 X89.35 Z-11.5 I-0.65 J0.
N24605 X90.65 Z-11. I0.65 J0.
N24610 X89.35 Z-10.5 I-0.65 J0.
N24615 X90.65 Z-10. I0.65 J0.
N24620 X89.35 Z-9.5 I-0.65 J0.
N24625 X90.65 Z-9. I0.65 J0.
N24630 X89.35 Z-8.5 I-0.65 J0.
N24635 X90.65 Z-8. I0.65 J0.
N24640 X89.35 Z-7.5 I-0.65 J0.
N24645 X90.65 Z-7. I0.65 J0.
N24650 X89.35 Z-6.5 I-0.65 J0.
N24655 X90.65 Z-6. I0.65 J0.
N24660 X89.35 Z-5.5 I-0.65 J0.
N24665 X90.65 Z-5. I0.65 J0.
N24670 X89.35 Z-4.5 I-0.65 J0.
N24675 X90.65 Z-4. I0.65 J0.
N24680 X89.35 Z-3.5 I-0.65 J0.
N24685 X90.65 Z-3. I0.65 J0.
N24690 X89.35 Z-2.5 I-0.65 J0.
N24695 X90.65 Z-2. I0.65 J0.
N24700 X89.35 Z-1.5 I-0.65 J0.
N24705 X90.65 Z-1. I0.65 J0.
N24710 X89.35 Z-0.5 I-0.65 J0.
N24715 X89.675 Y69.675 Z-0.375 I0.325 J0.
N24720 G1 X90. Y70.
N24725 Z5.
N24730 X70.
N24735 Z-12.125
N24740 Z-14.125
N24745 X70.325 Y69.675
N24750 G3 X70.65 Y70. Z-14. I0. J0.325
N24755 X69.35 Z-13.5 I-0.65 J0.
N24760 X70.65 Z-13. I0.65 J0.
N24765 X69.35 Z-12.5 I-0.65 J0.
N24770 X70.65 Z-12. I0.65 J0.
N24775 X69.35 Z-11.5 I-0.65 J0.
N24780 X70.65 Z-11. I0.65 J0.
N24785 X69.35 Z-10.5 I-0.65 J0.
N24790 X70.65 Z-10. I0.65 J0.
N24795 X69.35 Z-9.5 I-0.65 J0.
N24800 X70.65 Z-9. I0.65 J0.
N24805 X69.35 Z-8.5 I-0.65 J0.
N24810 X70.65 Z-8. I0.65 J0.
N24815 X69.35 Z-7.5 I-0.65 J0.
N24820 X70.65 Z-7. I0.65 J0.
N24825 X69.35 Z-6.5 I-0.65 J0.
N24830 X70.65 Z-6. I0.65 J0.
N24835 X69.35 Z-5.5 I-0.65 J0.
N24840 X70.65 Z-5. I0.65 J0.
N24845 X69.35 Z-4.5 I-0.65 J0.
N24850 X70.65 Z-4. I0.65 J0.
N24855 X69.35 Z-3.5 I-0.65 J0.
N24860 X70.65 Z-3. I0.65 J0.
N24865 X69.35 Z-2.5 I-0.65 J0.
N24870 X70.65 Z-2. I0.65 J0.
N24875 X69.35 Z-1.5 I-0.65 J0.
N24880 X70.65 Z-1. I0.65 J0.
N24885 X69.35 Z-0.5 I-0.65 J0.
N24890 X69.675 Y69.675 Z-0.375 I0.325 J0.
N24895 G1 X70. Y70.
N24900 Z5.
N24905 X50.
N24910 Z-12.125
N24915 Z-14.125
N24920 X50.325 Y69.675
N24925 G3 X50.65 Y70. Z-14. I0. J0.325
N24930 X49.35 Z-13.5 I-0.65 J0.
N24935 X50.65 Z-13. I0.65 J0.
N24940 X49.35 Z-12.5 I-0.65 J0.
N24945 X50.65 Z-12. I0.65 J0.
N24950 X49.35 Z-11.5 I-0.65 J0.
N24955 X50.65 Z-11. I0.65 J0.
N24960 X49.35 Z-10.5 I-0.65 J0.
N24965 X50.65 Z-10. I0.65 J0.
N24970 X49.35 Z-9.5 I-0.65 J0.
N24975 X50.65 Z-9. I0.65 J0.
N24980 X49.35 Z-8.5 I-0.65 J0.
N24985 X50.65 Z-8. I0.65 J0.
N24990 X49.35 Z-7.5 I-0.65 J0.
N24995 X50.65 Z-7. I0.65 J0.
N25000 X49.35 Z-6.5 I-0.65 J0.
N25005 X50.65 Z-6. I0.65 J0.
N25010 X49.35 Z-5.5 I-0.65 J0.
N25015 X50.65 Z-5. I0.65 J0.
N25020 X49.35 Z-4.5 I-0.65 J0.
N25025 X50.65 Z-4. I0.65 J0.
N25030 X49.35 Z-3.5 I-0.65 J0.
N25035 X50.65 Z-3. I0.65 J0.
N25040 X49.35 Z-2.5 I-0.65 J0.
N25045 X50.65 Z-2. I0.65 J0.
N25050 X49.35 Z-1.5 I-0.65 J0.
N25055 X50.65 Z-1. I0.65 J0.
N25060 X49.35 Z-0.5 I-0.65 J0.
N25065 X49.675 Y69.675 Z-0.375 I0.325 J0.
N25070 G1 X50. Y70.
N25075 Z5.
N25080 X30.
N25085 Z-12.125
N25090 Z-14.125
N25095 X30.325 Y69.675
N25100 G3 X30.65 Y70. Z-14. I0. J0.325
N25105 X29.35 Z-13.5 I-0.65 J0.
N25110 X30.65 Z-13. I0.65 J0.
N25115 X29.35 Z-12.5 I-0.65 J0.
N25120 X30.65 Z-12. I0.65 J0.
N25125 X29.35 Z-11.5 I-0.65 J0.
N25130 X30.65 Z-11. I0.65 J0.
N25135 X29.35 Z-10.5 I-0.65 J0.
N25140 X30.65 Z-10. I0.65 J0.
N25145 X29.35 Z-9.5 I-0.65 J0.
N25150 X30.65 Z-9. I0.65 J0.
N25155 X29.35 Z-8.5 I-0.65 J0.
N25160 X30.65 Z-8. I0.65 J0.
N25165 X29.35 Z-7.5 I-0.65 J0.
N25170 X30.65 Z-7. I0.65 J0.
N25175 X29.35 Z-6.5 I-0.65 J0.
N25180 X30.65 Z-6. I0.65 J0.
N25185 X29.35 Z-5.5 I-0.65 J0.
N25190 X30.65 Z-5. I0.65 J0.
N25195 X29.35 Z-4.5 I-0.65 J0.
N25200 X30.65 Z-4. I0.65 J0.
N25205 X29.35 Z-3.5 I-0.65 J0.
N25210 X30.65 Z-3. I0.65 J0.
N25215 X29.35 Z-2.5 I-0.65 J0.
N25220 X30.65 Z-2. I0.65 J0.
N25225 X29.35 Z-1.5 I-0.65 J0.
N25230 X30.65 Z-1. I0.65 J0.
N25235 X29.35 Z-0.5 I-0.65 J0.
N25240 X29.675 Y69.675 Z-0.375 I0.325 J0.
N25245 G1 X30. Y70.
N25250 Z5.
N25255 X10.
N25260 Z-12.125
N25265 Z-14.125
N25270 X10.325 Y69.675
N25275 G3 X10.65 Y70. Z-14. I0. J0.325
N25280 X9.35 Z-13.5 I-0.65 J0.
N25285 X10.65 Z-13. I0.65 J0.
N25290 X9.35 Z-12.5 I-0.65 J0.
N25295 X10.65 Z-12. I0.65 J0.
N25300 X9.35 Z-11.5 I-0.65 J0.
N25305 X10.65 Z-11. I0.65 J0.
N25310 X9.35 Z-10.5 I-0.65 J0.
N25315 X10.65 Z-10. I0.65 J0.
N25320 X9.35 Z-9.5 I-0.65 J0.
N25325 X10.65 Z-9. I0.65 J0.
N25330 X9.35 Z-8.5 I-0.65 J0.
N25335 X10.65 Z-8. I0.65 J0.
N25340 X9.35 Z-7.5 I-0.65 J0.
N25345 X10.65 Z-7. I0.65 J0.
N25350 X9.35 Z-6.5 I-0.65 J0.
N25355 X10.65 Z-6. I0.65 J0.
N25360 X9.35 Z-5.5 I-0.65 J0.
N25365 X10.65 Z-5. I0.65 J0.
N25370 X9.35 Z-4.5 I-0.65 J0.
N25375 X10.65 Z-4. I0.65 J0.
N25380 X9.35 Z-3.5 I-0.65 J0.
N25385 X10.65 Z-3. I0.65 J0.
N25390 X9.35 Z-2.5 I-0.65 J0.
N25395 X10.65 Z-2. I0.65 J0.
N25400 X9.35 Z-1.5 I-0.65 J0.
N25405 X10.65 Z-1. I0.65 J0.
N25410 X9.35 Z-0.5 I-0.65 J0.
N25415 X9.675 Y69.675 Z-0.375 I0.325 J0.
N25420 G1 X10. Y70.
N25425 Z5.
N25430 X-10.
N25435 Z-12.125
N25440 Z-14.125
N25445 X-9.675 Y69.675
N25450 G3 X-9.35 Y70. Z-14. I0. J0.325
N25455 X-10.65 Z-13.5 I-0.65 J0.
N25460 X-9.35 Z-13. I0.65 J0.
N25465 X-10.65 Z-12.5 I-0.65 J0.
N25470 X-9.35 Z-12. I0.65 J0.
N25475 X-10.65 Z-11.5 I-0.65 J0.
N25480 X-9.35 Z-11. I0.65 J0.
N25485 X-10.65 Z-10.5 I-0.65 J0.
N25490 X-9.35 Z-10. I0.65 J0.
N25495 X-10.65 Z-9.5 I-0.65 J0.
N25500 X-9.35 Z-9. I0.65 J0.
N25505 X-10.65 Z-8.5 I-0.65 J0.
N25510 X-9.35 Z-8. I0.65 J0.
N25515 X-10.65 Z-7.5 I-0.65 J0.
N25520 X-9.35 Z-7. I0.65 J0.
N25525 X-10.65 Z-6.5 I-0.65 J0.
N25530 X-9.35 Z-6. I0.65 J0.
N25535 X-10.65 Z-5.5 I-0.65 J0.
N25540 X-9.35 Z-5. I0.65 J0.
N25545 X-10.65 Z-4.5 I-0.65 J0.
N25550 X-9.35 Z-4. I0.65 J0.
N25555 X-10.65 Z-3.5 I-0.65 J0.
N25560 X-9.35 Z-3. I0.65 J0.
N25565 X-10.65 Z-2.5 I-0.65 J0.
N25570 X-9.35 Z-2. I0.65 J0.
N25575 X-10.65 Z-1.5 I-0.65 J0.
N25580 X-9.35 Z-1. I0.65 J0.
N25585 X-10.65 Z-0.5 I-0.65 J0.
N25590 X-10.325 Y69.675 Z-0.375 I0.325 J0.
N25595 G1 X-10. Y70.
N25600 Z5.
N25605 X-30.
N25610 Z-12.125
N25615 Z-14.125
N25620 X-29.675 Y69.675
N25625 G3 X-29.35 Y70. Z-14. I0. J0.325
N25630 X-30.65 Z-13.5 I-0.65 J0.
N25635 X-29.35 Z-13. I0.65 J0.
N25640 X-30.65 Z-12.5 I-0.65 J0.
N25645 X-29.35 Z-12. I0.65 J0.
N25650 X-30.65 Z-11.5 I-0.65 J0.
N25655 X-29.35 Z-11. I0.65 J0.
N25660 X-30.65 Z-10.5 I-0.65 J0.
N25665 X-29.35 Z-10. I0.65 J0.
N25670 X-30.65 Z-9.5 I-0.65 J0.
N25675 X-29.35 Z-9. I0.65 J0.
N25680 X-30.65 Z-8.5 I-0.65 J0.
N25685 X-29.35 Z-8. I0.65 J0.
N25690 X-30.65 Z-7.5 I-0.65 J0.
N25695 X-29.35 Z-7. I0.65 J0.
N25700 X-30.65 Z-6.5 I-0.65 J0.
N25705 X-29.35 Z-6. I0.65 J0.
N25710 X-30.65 Z-5.5 I-0.65 J0.
N25715 X-29.35 Z-5. I0.65 J0.
N25720 X-30.65 Z-4.5 I-0.65 J0.
N25725 X-29.35 Z-4. I0.65 J0.
N25730 X-30.65 Z-3.5 I-0.65 J0.
N25735 X-29.35 Z-3. I0.65 J0.
N25740 X-30.65 Z-2.5 I-0.65 J0.
N25745 X-29.35 Z-2. I0.65 J0.
N25750 X-30.65 Z-1.5 I-0.65 J0.
N25755 X-29.35 Z-1. I0.65 J0.
N25760 X-30.65 Z-0.5 I-0.65 J0.
N25765 X-30.325 Y69.675 Z-0.375 I0.325 J0.
N25770 G1 X-30. Y70.
N25775 Z5.
N25780 X-50.
N25785 Z-12.125
N25790 Z-14.125
N25795 X-49.675 Y69.675
N25800 G3 X-49.35 Y70. Z-14. I0. J0.325
N25805 X-50.65 Z-13.5 I-0.65 J0.
N25810 X-49.35 Z-13. I0.65 J0.
N25815 X-50.65 Z-12.5 I-0.65 J0.
N25820 X-49.35 Z-12. I0.65 J0.
N25825 X-50.65 Z-11.5 I-0.65 J0.
N25830 X-49.35 Z-11. I0.65 J0.
N25835 X-50.65 Z-10.5 I-0.65 J0.
N25840 X-49.35 Z-10. I0.65 J0.
N25845 X-50.65 Z-9.5 I-0.65 J0.
N25850 X-49.35 Z-9. I0.65 J0.
N25855 X-50.65 Z-8.5 I-0.65 J0.
N25860 X-49.35 Z-8. I0.65 J0.
N25865 X-50.65 Z-7.5 I-0.65 J0.
N25870 X-49.35 Z-7. I0.65 J0.
N25875 X-50.65 Z-6.5 I-0.65 J0.
N25880 X-49.35 Z-6. I0.65 J0.
N25885 X-50.65 Z-5.5 I-0.65 J0.
N25890 X-49.35 Z-5. I0.65 J0.
N25895 X-50.65 Z-4.5 I-0.65 J0.
N25900 X-49.35 Z-4. I0.65 J0.
N25905 X-50.65 Z-3.5 I-0.65 J0.
N25910 X-49.35 Z-3. I0.65 J0.
N25915 X-50.65 Z-2.5 I-0.65 J0.
N25920 X-49.35 Z-2. I0.65 J0.
N25925 X-50.65 Z-1.5 I-0.65 J0.
N25930 X-49.35 Z-1. I0.65 J0.
N25935 X-50.65 Z-0.5 I-0.65 J0.
N25940 X-50.325 Y69.675 Z-0.375 I0.325 J0.
N25945 G1 X-50. Y70.
N25950 Z5.
N25955 X-70.
N25960 Z-12.125
N25965 Z-14.125
N25970 X-69.675 Y69.675
N25975 G3 X-69.35 Y70. Z-14. I0. J0.325
N25980 X-70.65 Z-13.5 I-0.65 J0.
N25985 X-69.35 Z-13. I0.65 J0.
N25990 X-70.65 Z-12.5 I-0.65 J0.
N25995 X-69.35 Z-12. I0.65 J0.
N26000 X-70.65 Z-11.5 I-0.65 J0.
N26005 X-69.35 Z-11. I0.65 J0.
N26010 X-70.65 Z-10.5 I-0.65 J0.
N26015 X-69.35 Z-10. I0.65 J0.
N26020 X-70.65 Z-9.5 I-0.65 J0.
N26025 X-69.35 Z-9. I0.65 J0.
N26030 X-70.65 Z-8.5 I-0.65 J0.
N26035 X-69.35 Z-8. I0.65 J0.
N26040 X-70.65 Z-7.5 I-0.65 J0.
N26045 X-69.35 Z-7. I0.65 J0.
N26050 X-70.65 Z-6.5 I-0.65 J0.
N26055 X-69.35 Z-6. I0.65 J0.
N26060 X-70.65 Z-5.5 I-0.65 J0.
N26065 X-69.35 Z-5. I0.65 J0.
N26070 X-70.65 Z-4.5 I-0.65 J0.
N26075 X-69.35 Z-4. I0.65 J0.
N26080 X-70.65 Z-3.5 I-0.65 J0.
N26085 X-69.35 Z-3. I0.65 J0.
N26090 X-70.65 Z-2.5 I-0.65 J0.
N26095 X-69.35 Z-2. I0.65 J0.
N26100 X-70.65 Z-1.5 I-0.65 J0.
N26105 X-69.35 Z-1. I0.65 J0.
N26110 X-70.65 Z-0.5 I-0.65 J0.
N26115 X-70.325 Y69.675 Z-0.375 I0.325 J0.
N26120 G1 X-70. Y70.
N26125 Z5.
N26130 X-90.
N26135 Z-12.125
N26140 Z-14.125
N26145 X-89.675 Y69.675
N26150 G3 X-89.35 Y70. Z-14. I0. J0.325
N26155 X-90.65 Z-13.5 I-0.65 J0.
N26160 X-89.35 Z-13. I0.65 J0.
N26165 X-90.65 Z-12.5 I-0.65 J0.
N26170 X-89.35 Z-12. I0.65 J0.
N26175 X-90.65 Z-11.5 I-0.65 J0.
N26180 X-89.35 Z-11. I0.65 J0.
N26185 X-90.65 Z-10.5 I-0.65 J0.
N26190 X-89.35 Z-10. I0.65 J0.
N26195 X-90.65 Z-9.5 I-0.65 J0.
N26200 X-89.35 Z-9. I0.65 J0.
N26205 X-90.65 Z-8.5 I-0.65 J0.
N26210 X-89.35 Z-8. I0.65 J0.
N26215 X-90.65 Z-7.5 I-0.65 J0.
N26220 X-89.35 Z-7. I0.65 J0.
N26225 X-90.65 Z-6.5 I-0.65 J0.
N26230 X-89.35 Z-6. I0.65 J0.
N26235 X-90.65 Z-5.5 I-0.65 J0.
N26240 X-89.35 Z-5. I0.65 J0.
N26245 X-90.65 Z-4.5 I-0.65 J0.
N26250 X-89.35 Z-4. I0.65 J0.
N26255 X-90.65 Z-3.5 I-0.65 J0.
N26260 X-89.35 Z-3. I0.65 J0.
N26265 X-90.65 Z-2.5 I-0.65 J0.
N26270 X-89.35 Z-2. I0.65 J0.
N26275 X-90.65 Z-1.5 I-0.65 J0.
N26280 X-89.35 Z-1. I0.65 J0.
N26285 X-90.65 Z-0.5 I-0.65 J0.
N26290 X-90.325 Y69.675 Z-0.375 I0.325 J0.
N26295 G1 X-90. Y70.
N26300 Z5.
N26305 X-110.
N26310 Z-12.125
N26315 Z-14.125
N26320 X-109.675 Y69.675
N26325 G3 X-109.35 Y70. Z-14. I0. J0.325
N26330 X-110.65 Z-13.5 I-0.65 J0.
N26335 X-109.35 Z-13. I0.65 J0.
N26340 X-110.65 Z-12.5 I-0.65 J0.
N26345 X-109.35 Z-12. I0.65 J0.
N26350 X-110.65 Z-11.5 I-0.65 J0.
N26355 X-109.35 Z-11. I0.65 J0.
N26360 X-110.65 Z-10.5 I-0.65 J0.
N26365 X-109.35 Z-10. I0.65 J0.
N26370 X-110.65 Z-9.5 I-0.65 J0.
N26375 X-109.35 Z-9. I0.65 J0.
N26380 X-110.65 Z-8.5 I-0.65 J0.
N26385 X-109.35 Z-8. I0.65 J0.
N26390 X-110.65 Z-7.5 I-0.65 J0.
N26395 X-109.35 Z-7. I0.65 J0.
N26400 X-110.65 Z-6.5 I-0.65 J0.
N26405 X-109.35 Z-6. I0.65 J0.
N26410 X-110.65 Z-5.5 I-0.65 J0.
N26415 X-109.35 Z-5. I0.65 J0.
N26420 X-110.65 Z-4.5 I-0.65 J0.
N26425 X-109.35 Z-4. I0.65 J0.
N26430 X-110.65 Z-3.5 I-0.65 J0.
N26435 X-109.35 Z-3. I0.65 J0.
N26440 X-110.65 Z-2.5 I-0.65 J0.
N26445 X-109.35 Z-2. I0.65 J0.
N26450 X-110.65 Z-1.5 I-0.65 J0.
N26455 X-109.35 Z-1. I0.65 J0.
N26460 X-110.65 Z-0.5 I-0.65 J0.
N26465 X-110.325 Y69.675 Z-0.375 I0.325 J0.
N26470 G1 X-110. Y70.
N26475 Z5.
N26480 X-130.
N26485 Z-12.125
N26490 Z-14.125
N26495 X-129.675 Y69.675
N26500 G3 X-129.35 Y70. Z-14. I0. J0.325
N26505 X-130.65 Z-13.5 I-0.65 J0.
N26510 X-129.35 Z-13. I0.65 J0.
N26515 X-130.65 Z-12.5 I-0.65 J0.
N26520 X-129.35 Z-12. I0.65 J0.
N26525 X-130.65 Z-11.5 I-0.65 J0.
N26530 X-129.35 Z-11. I0.65 J0.
N26535 X-130.65 Z-10.5 I-0.65 J0.
N26540 X-129.35 Z-10. I0.65 J0.
N26545 X-130.65 Z-9.5 I-0.65 J0.
N26550 X-129.35 Z-9. I0.65 J0.
N26555 X-130.65 Z-8.5 I-0.65 J0.
N26560 X-129.35 Z-8. I0.65 J0.
N26565 X-130.65 Z-7.5 I-0.65 J0.
N26570 X-129.35 Z-7. I0.65 J0.
N26575 X-130.65 Z-6.5 I-0.65 J0.
N26580 X-129.35 Z-6. I0.65 J0.
N26585 X-130.65 Z-5.5 I-0.65 J0.
N26590 X-129.35 Z-5. I0.65 J0.
N26595 X-130.65 Z-4.5 I-0.65 J0.
N26600 X-129.35 Z-4. I0.65 J0.
N26605 X-130.65 Z-3.5 I-0.65 J0.
N26610 X-129.35 Z-3. I0.65 J0.
N26615 X-130.65 Z-2.5 I-0.65 J0.
N26620 X-129.35 Z-2. I0.65 J0.
N26625 X-130.65 Z-1.5 I-0.65 J0.
N26630 X-129.35 Z-1. I0.65 J0.
N26635 X-130.65 Z-0.5 I-0.65 J0.
N26640 X-130.325 Y69.675 Z-0.375 I0.325 J0.
N26645 G1 X-130. Y70.
N26650 Z5.
N26655 Y90.
N26660 Z-12.125
N26665 Z-14.125
N26670 X-129.675 Y89.675
N26675 G3 X-129.35 Y90. Z-14. I0. J0.325
N26680 X-130.65 Z-13.5 I-0.65 J0.
N26685 X-129.35 Z-13. I0.65 J0.
N26690 X-130.65 Z-12.5 I-0.65 J0.
N26695 X-129.35 Z-12. I0.65 J0.
N26700 X-130.65 Z-11.5 I-0.65 J0.
N26705 X-129.35 Z-11. I0.65 J0.
N26710 X-130.65 Z-10.5 I-0.65 J0.
N26715 X-129.35 Z-10. I0.65 J0.
N26720 X-130.65 Z-9.5 I-0.65 J0.
N26725 X-129.35 Z-9. I0.65 J0.
N26730 X-130.65 Z-8.5 I-0.65 J0.
N26735 X-129.35 Z-8. I0.65 J0.
N26740 X-130.65 Z-7.5 I-0.65 J0.
N26745 X-129.35 Z-7. I0.65 J0.
N26750 X-130.65 Z-6.5 I-0.65 J0.
N26755 X-129.35 Z-6. I0.65 J0.
N26760 X-130.65 Z-5.5 I-0.65 J0.
N26765 X-129.35 Z-5. I0.65 J0.
N26770 X-130.65 Z-4.5 I-0.65 J0.
N26775 X-129.35 Z-4. I0.65 J0.
N26780 X-130.65 Z-3.5 I-0.65 J0.
N26785 X-129.35 Z-3. I0.65 J0.
N26790 X-130.65 Z-2.5 I-0.65 J0.
N26795 X-129.35 Z-2. I0.65 J0.
N26800 X-130.65 Z-1.5 I-0.65 J0.
N26805 X-129.35 Z-1. I0.65 J0.
N26810 X-130.65 Z-0.5 I-0.65 J0.
N26815 X-130.325 Y89.675 Z-0.375 I0.325 J0.
N26820 G1 X-130. Y90.
N26825 Z5.
N26830 X-110.
N26835 Z-12.125
N26840 Z-14.125
N26845 X-109.675 Y89.675
N26850 G3 X-109.35 Y90. Z-14. I0. J0.325
N26855 X-110.65 Z-13.5 I-0.65 J0.
N26860 X-109.35 Z-13. I0.65 J0.
N26865 X-110.65 Z-12.5 I-0.65 J0.
N26870 X-109.35 Z-12. I0.65 J0.
N26875 X-110.65 Z-11.5 I-0.65 J0.
N26880 X-109.35 Z-11. I0.65 J0.
N26885 X-110.65 Z-10.5 I-0.65 J0.
N26890 X-109.35 Z-10. I0.65 J0.
N26895 X-110.65 Z-9.5 I-0.65 J0.
N26900 X-109.35 Z-9. I0.65 J0.
N26905 X-110.65 Z-8.5 I-0.65 J0.
N26910 X-109.35 Z-8. I0.65 J0.
N26915 X-110.65 Z-7.5 I-0.65 J0.
N26920 X-109.35 Z-7. I0.65 J0.
N26925 X-110.65 Z-6.5 I-0.65 J0.
N26930 X-109.35 Z-6. I0.65 J0.
N26935 X-110.65 Z-5.5 I-0.65 J0.
N26940 X-109.35 Z-5. I0.65 J0.
N26945 X-110.65 Z-4.5 I-0.65 J0.
N26950 X-109.35 Z-4. I0.65 J0.
N26955 X-110.65 Z-3.5 I-0.65 J0.
N26960 X-109.35 Z-3. I0.65 J0.
N26965 X-110.65 Z-2.5 I-0.65 J0.
N26970 X-109.35 Z-2. I0.65 J0.
N26975 X-110.65 Z-1.5 I-0.65 J0.
N26980 X-109.35 Z-1. I0.65 J0.
N26985 X-110.65 Z-0.5 I-0.65 J0.
N26990 X-110.325 Y89.675 Z-0.375 I0.325 J0.
N26995 G1 X-110. Y90.
N27000 Z5.
N27005 X-90.
N27010 Z-12.125
N27015 Z-14.125
N27020 X-89.675 Y89.675
N27025 G3 X-89.35 Y90. Z-14. I0. J0.325
N27030 X-90.65 Z-13.5 I-0.65 J0.
N27035 X-89.35 Z-13. I0.65 J0.
N27040 X-90.65 Z-12.5 I-0.65 J0.
N27045 X-89.35 Z-12. I0.65 J0.
N27050 X-90.65 Z-11.5 I-0.65 J0.
N27055 X-89.35 Z-11. I0.65 J0.
N27060 X-90.65 Z-10.5 I-0.65 J0.
N27065 X-89.35 Z-10. I0.65 J0.
N27070 X-90.65 Z-9.5 I-0.65 J0.
N27075 X-89.35 Z-9. I0.65 J0.
N27080 X-90.65 Z-8.5 I-0.65 J0.
N27085 X-89.35 Z-8. I0.65 J0.
N27090 X-90.65 Z-7.5 I-0.65 J0.
N27095 X-89.35 Z-7. I0.65 J0.
N27100 X-90.65 Z-6.5 I-0.65 J0.
N27105 X-89.35 Z-6. I0.65 J0.
N27110 X-90.65 Z-5.5 I-0.65 J0.
N27115 X-89.35 Z-5. I0.65 J0.
N27120 X-90.65 Z-4.5 I-0.65 J0.
N27125 X-89.35 Z-4. I0.65 J0.
N27130 X-90.65 Z-3.5 I-0.65 J0.
N27135 X-89.35 Z-3. I0.65 J0.
N27140 X-90.65 Z-2.5 I-0.65 J0.
N27145 X-89.35 Z-2. I0.65 J0.
N27150 X-90.65 Z-1.5 I-0.65 J0.
N27155 X-89.35 Z-1. I0.65 J0.
N27160 X-90.65 Z-0.5 I-0.65 J0.
N27165 X-90.325 Y89.675 Z-0.375 I0.325 J0.
N27170 G1 X-90. Y90.
N27175 Z5.
N27180 X-70.
N27185 Z-12.125
N27190 Z-14.125
N27195 X-69.675 Y89.675
N27200 G3 X-69.35 Y90. Z-14. I0. J0.325
N27205 X-70.65 Z-13.5 I-0.65 J0.
N27210 X-69.35 Z-13. I0.65 J0.
N27215 X-70.65 Z-12.5 I-0.65 J0.
N27220 X-69.35 Z-12. I0.65 J0.
N27225 X-70.65 Z-11.5 I-0.65 J0.
N27230 X-69.35 Z-11. I0.65 J0.
N27235 X-70.65 Z-10.5 I-0.65 J0.
N27240 X-69.35 Z-10. I0.65 J0.
N27245 X-70.65 Z-9.5 I-0.65 J0.
N27250 X-69.35 Z-9. I0.65 J0.
N27255 X-70.65 Z-8.5 I-0.65 J0.
N27260 X-69.35 Z-8. I0.65 J0.
N27265 X-70.65 Z-7.5 I-0.65 J0.
N27270 X-69.35 Z-7. I0.65 J0.
N27275 X-70.65 Z-6.5 I-0.65 J0.
N27280 X-69.35 Z-6. I0.65 J0.
N27285 X-70.65 Z-5.5 I-0.65 J0.
N27290 X-69.35 Z-5. I0.65 J0.
N27295 X-70.65 Z-4.5 I-0.65 J0.
N27300 X-69.35 Z-4. I0.65 J0.
N27305 X-70.65 Z-3.5 I-0.65 J0.
N27310 X-69.35 Z-3. I0.65 J0.
N27315 X-70.65 Z-2.5 I-0.65 J0.
N27320 X-69.35 Z-2. I0.65 J0.
N27325 X-70.65 Z-1.5 I-0.65 J0.
N27330 X-69.35 Z-1. I0.65 J0.
N27335 X-70.65 Z-0.5 I-0.65 J0.
N27340 X-70.325 Y89.675 Z-0.375 I0.325 J0.
N27345 G1 X-70. Y90.
N27350 Z5.
N27355 X-50.
N27360 Z-12.125
N27365 Z-14.125
N27370 X-49.675 Y89.675
N27375 G3 X-49.35 Y90. Z-14. I0. J0.325
N27380 X-50.65 Z-13.5 I-0.65 J0.
N27385 X-49.35 Z-13. I0.65 J0.
N27390 X-50.65 Z-12.5 I-0.65 J0.
N27395 X-49.35 Z-12. I0.65 J0.
N27400 X-50.65 Z-11.5 I-0.65 J0.
N27405 X-49.35 Z-11. I0.65 J0.
N27410 X-50.65 Z-10.5 I-0.65 J0.
N27415 X-49.35 Z-10. I0.65 J0.
N27420 X-50.65 Z-9.5 I-0.65 J0.
N27425 X-49.35 Z-9. I0.65 J0.
N27430 X-50.65 Z-8.5 I-0.65 J0.
N27435 X-49.35 Z-8. I0.65 J0.
N27440 X-50.65 Z-7.5 I-0.65 J0.
N27445 X-49.35 Z-7. I0.65 J0.
N27450 X-50.65 Z-6.5 I-0.65 J0.
N27455 X-49.35 Z-6. I0.65 J0.
N27460 X-50.65 Z-5.5 I-0.65 J0.
N27465 X-49.35 Z-5. I0.65 J0.
N27470 X-50.65 Z-4.5 I-0.65 J0.
N27475 X-49.35 Z-4. I0.65 J0.
N27480 X-50.65 Z-3.5 I-0.65 J0.
N27485 X-49.35 Z-3. I0.65 J0.
N27490 X-50.65 Z-2.5 I-0.65 J0.
N27495 X-49.35 Z-2. I0.65 J0.
N27500 X-50.65 Z-1.5 I-0.65 J0.
N27505 X-49.35 Z-1. I0.65 J0.
N27510 X-50.65 Z-0.5 I-0.65 J0.
N27515 X-50.325 Y89.675 Z-0.375 I0.325 J0.
N27520 G1 X-50. Y90.
N27525 Z5.
N27530 X-30.
N27535 Z-12.125
N27540 Z-14.125
N27545 X-29.675 Y89.675
N27550 G3 X-29.35 Y90. Z-14. I0. J0.325
N27555 X-30.65 Z-13.5 I-0.65 J0.
N27560 X-29.35 Z-13. I0.65 J0.
N27565 X-30.65 Z-12.5 I-0.65 J0.
N27570 X-29.35 Z-12. I0.65 J0.
N27575 X-30.65 Z-11.5 I-0.65 J0.
N27580 X-29.35 Z-11. I0.65 J0.
N27585 X-30.65 Z-10.5 I-0.65 J0.
N27590 X-29.35 Z-10. I0.65 J0.
N27595 X-30.65 Z-9.5 I-0.65 J0.
N27600 X-29.35 Z-9. I0.65 J0.
N27605 X-30.65 Z-8.5 I-0.65 J0.
N27610 X-29.35 Z-8. I0.65 J0.
N27615 X-30.65 Z-7.5 I-0.65 J0.
N27620 X-29.35 Z-7. I0.65 J0.
N27625 X-30.65 Z-6.5 I-0.65 J0.
N27630 X-29.35 Z-6. I0.65 J0.
N27635 X-30.65 Z-5.5 I-0.65 J0.
N27640 X-29.35 Z-5. I0.65 J0.
N27645 X-30.65 Z-4.5 I-0.65 J0.
N27650 X-29.35 Z-4. I0.65 J0.
N27655 X-30.65 Z-3.5 I-0.65 J0.
N27660 X-29.35 Z-3. I0.65 J0.
N27665 X-30.65 Z-2.5 I-0.65 J0.
N27670 X-29.35 Z-2. I0.65 J0.
N27675 X-30.65 Z-1.5 I-0.65 J0.
N27680 X-29.35 Z-1. I0.65 J0.
N27685 X-30.65 Z-0.5 I-0.65 J0.
N27690 X-30.325 Y89.675 Z-0.375 I0.325 J0.
N27695 G1 X-30. Y90.
N27700 Z5.
N27705 X-10.
N27710 Z-12.125
N27715 Z-14.125
N27720 X-9.675 Y89.675
N27725 G3 X-9.35 Y90. Z-14. I0. J0.325
N27730 X-10.65 Z-13.5 I-0.65 J0.
N27735 X-9.35 Z-13. I0.65 J0.
N27740 X-10.65 Z-12.5 I-0.65 J0.
N27745 X-9.35 Z-12. I0.65 J0.
N27750 X-10.65 Z-11.5 I-0.65 J0.
N27755 X-9.35 Z-11. I0.65 J0.
N27760 X-10.65 Z-10.5 I-0.65 J0.
N27765 X-9.35 Z-10. I0.65 J0.
N27770 X-10.65 Z-9.5 I-0.65 J0.
N27775 X-9.35 Z-9. I0.65 J0.
N27780 X-10.65 Z-8.5 I-0.65 J0.
N27785 X-9.35 Z-8. I0.65 J0.
N27790 X-10.65 Z-7.5 I-0.65 J0.
N27795 X-9.35 Z-7. I0.65 J0.
N27800 X-10.65 Z-6.5 I-0.65 J0.
N27805 X-9.35 Z-6. I0.65 J0.
N27810 X-10.65 Z-5.5 I-0.65 J0.
N27815 X-9.35 Z-5. I0.65 J0.
N27820 X-10.65 Z-4.5 I-0.65 J0.
N27825 X-9.35 Z-4. I0.65 J0.
N27830 X-10.65 Z-3.5 I-0.65 J0.
N27835 X-9.35 Z-3. I0.65 J0.
N27840 X-10.65 Z-2.5 I-0.65 J0.
N27845 X-9.35 Z-2. I0.65 J0.
N27850 X-10.65 Z-1.5 I-0.65 J0.
N27855 X-9.35 Z-1. I0.65 J0.
N27860 X-10.65 Z-0.5 I-0.65 J0.
N27865 X-10.325 Y89.675 Z-0.375 I0.325 J0.
N27870 G1 X-10. Y90.
N27875 Z5.
N27880 X10.
N27885 Z-12.125
N27890 Z-14.125
N27895 X10.325 Y89.675
N27900 G3 X10.65 Y90. Z-14. I0. J0.325
N27905 X9.35 Z-13.5 I-0.65 J0.
N27910 X10.65 Z-13. I0.65 J0.
N27915 X9.35 Z-12.5 I-0.65 J0.
N27920 X10.65 Z-12. I0.65 J0.
N27925 X9.35 Z-11.5 I-0.65 J0.
N27930 X10.65 Z-11. I0.65 J0.
N27935 X9.35 Z-10.5 I-0.65 J0.
N27940 X10.65 Z-10. I0.65 J0.
N27945 X9.35 Z-9.5 I-0.65 J0.
N27950 X10.65 Z-9. I0.65 J0.
N27955 X9.35 Z-8.5 I-0.65 J0.
N27960 X10.65 Z-8. I0.65 J0.
N27965 X9.35 Z-7.5 I-0.65 J0.
N27970 X10.65 Z-7. I0.65 J0.
N27975 X9.35 Z-6.5 I-0.65 J0.
N27980 X10.65 Z-6. I0.65 J0.
N27985 X9.35 Z-5.5 I-0.65 J0.
N27990 X10.65 Z-5. I0.65 J0.
N27995 X9.35 Z-4.5 I-0.65 J0.
N28000 X10.65 Z-4. I0.65 J0.
N28005 X9.35 Z-3.5 I-0.65 J0.
N28010 X10.65 Z-3. I0.65 J0.
N28015 X9.35 Z-2.5 I-0.65 J0.
N28020 X10.65 Z-2. I0.65 J0.
N28025 X9.35 Z-1.5 I-0.65 J0.
N28030 X10.65 Z-1. I0.65 J0.
N28035 X9.35 Z-0.5 I-0.65 J0.
N28040 X9.675 Y89.675 Z-0.375 I0.325 J0.
N28045 G1 X10. Y90.
N28050 Z5.
N28055 X30.
N28060 Z-12.125
N28065 Z-14.125
N28070 X30.325 Y89.675
N28075 G3 X30.65 Y90. Z-14. I0. J0.325
N28080 X29.35 Z-13.5 I-0.65 J0.
N28085 X30.65 Z-13. I0.65 J0.
N28090 X29.35 Z-12.5 I-0.65 J0.
N28095 X30.65 Z-12. I0.65 J0.
N28100 X29.35 Z-11.5 I-0.65 J0.
N28105 X30.65 Z-11. I0.65 J0.
N28110 X29.35 Z-10.5 I-0.65 J0.
N28115 X30.65 Z-10. I0.65 J0.
N28120 X29.35 Z-9.5 I-0.65 J0.
N28125 X30.65 Z-9. I0.65 J0.
N28130 X29.35 Z-8.5 I-0.65 J0.
N28135 X30.65 Z-8. I0.65 J0.
N28140 X29.35 Z-7.5 I-0.65 J0.
N28145 X30.65 Z-7. I0.65 J0.
N28150 X29.35 Z-6.5 I-0.65 J0.
N28155 X30.65 Z-6. I0.65 J0.
N28160 X29.35 Z-5.5 I-0.65 J0.
N28165 X30.65 Z-5. I0.65 J0.
N28170 X29.35 Z-4.5 I-0.65 J0.
N28175 X30.65 Z-4. I0.65 J0.
N28180 X29.35 Z-3.5 I-0.65 J0.
N28185 X30.65 Z-3. I0.65 J0.
N28190 X29.35 Z-2.5 I-0.65 J0.
N28195 X30.65 Z-2. I0.65 J0.
N28200 X29.35 Z-1.5 I-0.65 J0.
N28205 X30.65 Z-1. I0.65 J0.
N28210 X29.35 Z-0.5 I-0.65 J0.
N28215 X29.675 Y89.675 Z-0.375 I0.325 J0.
N28220 G1 X30. Y90.
N28225 Z5.
N28230 X50.
N28235 Z-12.125
N28240 Z-14.125
N28245 X50.325 Y89.675
N28250 G3 X50.65 Y90. Z-14. I0. J0.325
N28255 X49.35 Z-13.5 I-0.65 J0.
N28260 X50.65 Z-13. I0.65 J0.
N28265 X49.35 Z-12.5 I-0.65 J0.
N28270 X50.65 Z-12. I0.65 J0.
N28275 X49.35 Z-11.5 I-0.65 J0.
N28280 X50.65 Z-11. I0.65 J0.
N28285 X49.35 Z-10.5 I-0.65 J0.
N28290 X50.65 Z-10. I0.65 J0.
N28295 X49.35 Z-9.5 I-0.65 J0.
N28300 X50.65 Z-9. I0.65 J0.
N28305 X49.35 Z-8.5 I-0.65 J0.
N28310 X50.65 Z-8. I0.65 J0.
N28315 X49.35 Z-7.5 I-0.65 J0.
N28320 X50.65 Z-7. I0.65 J0.
N28325 X49.35 Z-6.5 I-0.65 J0.
N28330 X50.65 Z-6. I0.65 J0.
N28335 X49.35 Z-5.5 I-0.65 J0.
N28340 X50.65 Z-5. I0.65 J0.
N28345 X49.35 Z-4.5 I-0.65 J0.
N28350 X50.65 Z-4. I0.65 J0.
N28355 X49.35 Z-3.5 I-0.65 J0.
N28360 X50.65 Z-3. I0.65 J0.
N28365 X49.35 Z-2.5 I-0.65 J0.
N28370 X50.65 Z-2. I0.65 J0.
N28375 X49.35 Z-1.5 I-0.65 J0.
N28380 X50.65 Z-1. I0.65 J0.
N28385 X49.35 Z-0.5 I-0.65 J0.
N28390 X49.675 Y89.675 Z-0.375 I0.325 J0.
N28395 G1 X50. Y90.
N28400 Z5.
N28405 X70.
N28410 Z-12.125
N28415 Z-14.125
N28420 X70.325 Y89.675
N28425 G3 X70.65 Y90. Z-14. I0. J0.325
N28430 X69.35 Z-13.5 I-0.65 J0.
N28435 X70.65 Z-13. I0.65 J0.
N28440 X69.35 Z-12.5 I-0.65 J0.
N28445 X70.65 Z-12. I0.65 J0.
N28450 X69.35 Z-11.5 I-0.65 J0.
N28455 X70.65 Z-11. I0.65 J0.
N28460 X69.35 Z-10.5 I-0.65 J0.
N28465 X70.65 Z-10. I0.65 J0.
N28470 X69.35 Z-9.5 I-0.65 J0.
N28475 X70.65 Z-9. I0.65 J0.
N28480 X69.35 Z-8.5 I-0.65 J0.
N28485 X70.65 Z-8. I0.65 J0.
N28490 X69.35 Z-7.5 I-0.65 J0.
N28495 X70.65 Z-7. I0.65 J0.
N28500 X69.35 Z-6.5 I-0.65 J0.
N28505 X70.65 Z-6. I0.65 J0.
N28510 X69.35 Z-5.5 I-0.65 J0.
N28515 X70.65 Z-5. I0.65 J0.
N28520 X69.35 Z-4.5 I-0.65 J0.
N28525 X70.65 Z-4. I0.65 J0.
N28530 X69.35 Z-3.5 I-0.65 J0.
N28535 X70.65 Z-3. I0.65 J0.
N28540 X69.35 Z-2.5 I-0.65 J0.
N28545 X70.65 Z-2. I0.65 J0.
N28550 X69.35 Z-1.5 I-0.65 J0.
N28555 X70.65 Z-1. I0.65 J0.
N28560 X69.35 Z-0.5 I-0.65 J0.
N28565 X69.675 Y89.675 Z-0.375 I0.325 J0.
N28570 G1 X70. Y90.
N28575 Z5.
N28580 X90.
N28585 Z-12.125
N28590 Z-14.125
N28595 X90.325 Y89.675
N28600 G3 X90.65 Y90. Z-14. I0. J0.325
N28605 X89.35 Z-13.5 I-0.65 J0.
N28610 X90.65 Z-13. I0.65 J0.
N28615 X89.35 Z-12.5 I-0.65 J0.
N28620 X90.65 Z-12. I0.65 J0.
N28625 X89.35 Z-11.5 I-0.65 J0.
N28630 X90.65 Z-11. I0.65 J0.
N28635 X89.35 Z-10.5 I-0.65 J0.
N28640 X90.65 Z-10. I0.65 J0.
N28645 X89.35 Z-9.5 I-0.65 J0.
N28650 X90.65 Z-9. I0.65 J0.
N28655 X89.35 Z-8.5 I-0.65 J0.
N28660 X90.65 Z-8. I0.65 J0.
N28665 X89.35 Z-7.5 I-0.65 J0.
N28670 X90.65 Z-7. I0.65 J0.
N28675 X89.35 Z-6.5 I-0.65 J0.
N28680 X90.65 Z-6. I0.65 J0.
N28685 X89.35 Z-5.5 I-0.65 J0.
N28690 X90.65 Z-5. I0.65 J0.
N28695 X89.35 Z-4.5 I-0.65 J0.
N28700 X90.65 Z-4. I0.65 J0.
N28705 X89.35 Z-3.5 I-0.65 J0.
N28710 X90.65 Z-3. I0.65 J0.
N28715 X89.35 Z-2.5 I-0.65 J0.
N28720 X90.65 Z-2. I0.65 J0.
N28725 X89.35 Z-1.5 I-0.65 J0.
N28730 X90.65 Z-1. I0.65 J0.
N28735 X89.35 Z-0.5 I-0.65 J0.
N28740 X89.675 Y89.675 Z-0.375 I0.325 J0.
N28745 G1 X90. Y90.
N28750 Z5.
N28755 X110.
N28760 Z-12.125
N28765 Z-14.125
N28770 X110.325 Y89.675
N28775 G3 X110.65 Y90. Z-14. I0. J0.325
N28780 X109.35 Z-13.5 I-0.65 J0.
N28785 X110.65 Z-13. I0.65 J0.
N28790 X109.35 Z-12.5 I-0.65 J0.
N28795 X110.65 Z-12. I0.65 J0.
N28800 X109.35 Z-11.5 I-0.65 J0.
N28805 X110.65 Z-11. I0.65 J0.
N28810 X109.35 Z-10.5 I-0.65 J0.
N28815 X110.65 Z-10. I0.65 J0.
N28820 X109.35 Z-9.5 I-0.65 J0.
N28825 X110.65 Z-9. I0.65 J0.
N28830 X109.35 Z-8.5 I-0.65 J0.
N28835 X110.65 Z-8. I0.65 J0.
N28840 X109.35 Z-7.5 I-0.65 J0.
N28845 X110.65 Z-7. I0.65 J0.
N28850 X109.35 Z-6.5 I-0.65 J0.
N28855 X110.65 Z-6. I0.65 J0.
N28860 X109.35 Z-5.5 I-0.65 J0.
N28865 X110.65 Z-5. I0.65 J0.
N28870 X109.35 Z-4.5 I-0.65 J0.
N28875 X110.65 Z-4. I0.65 J0.
N28880 X109.35 Z-3.5 I-0.65 J0.
N28885 X110.65 Z-3. I0.65 J0.
N28890 X109.35 Z-2.5 I-0.65 J0.
N28895 X110.65 Z-2. I0.65 J0.
N28900 X109.35 Z-1.5 I-0.65 J0.
N28905 X110.65 Z-1. I0.65 J0.
N28910 X109.35 Z-0.5 I-0.65 J0.
N28915 X109.675 Y89.675 Z-0.375 I0.325 J0.
N28920 G1 X110. Y90.
N28925 Z5.
N28930 X130.
N28935 Z-12.125
N28940 Z-14.125
N28945 X130.325 Y89.675
N28950 G3 X130.65 Y90. Z-14. I0. J0.325
N28955 X129.35 Z-13.5 I-0.65 J0.
N28960 X130.65 Z-13. I0.65 J0.
N28965 X129.35 Z-12.5 I-0.65 J0.
N28970 X130.65 Z-12. I0.65 J0.
N28975 X129.35 Z-11.5 I-0.65 J0.
N28980 X130.65 Z-11. I0.65 J0.
N28985 X129.35 Z-10.5 I-0.65 J0.
N28990 X130.65 Z-10. I0.65 J0.
N28995 X129.35 Z-9.5 I-0.65 J0.
N29000 X130.65 Z-9. I0.65 J0.
N29005 X129.35 Z-8.5 I-0.65 J0.
N29010 X130.65 Z-8. I0.65 J0.
N29015 X129.35 Z-7.5 I-0.65 J0.
N29020 X130.65 Z-7. I0.65 J0.
N29025 X129.35 Z-6.5 I-0.65 J0.
N29030 X130.65 Z-6. I0.65 J0.
N29035 X129.35 Z-5.5 I-0.65 J0.
N29040 X130.65 Z-5. I0.65 J0.
N29045 X129.35 Z-4.5 I-0.65 J0.
N29050 X130.65 Z-4. I0.65 J0.
N29055 X129.35 Z-3.5 I-0.65 J0.
N29060 X130.65 Z-3. I0.65 J0.
N29065 X129.35 Z-2.5 I-0.65 J0.
N29070 X130.65 Z-2. I0.65 J0.
N29075 X129.35 Z-1.5 I-0.65 J0.
N29080 X130.65 Z-1. I0.65 J0.
N29085 X129.35 Z-0.5 I-0.65 J0.
N29090 X129.675 Y89.675 Z-0.375 I0.325 J0.
N29095 G1 X130. Y90.
N29100 Z5.
N29105 Y110.
N29110 Z-12.125
N29115 Z-14.125
N29120 X130.325 Y109.675
N29125 G3 X130.65 Y110. Z-14. I0. J0.325
N29130 X129.35 Z-13.5 I-0.65 J0.
N29135 X130.65 Z-13. I0.65 J0.
N29140 X129.35 Z-12.5 I-0.65 J0.
N29145 X130.65 Z-12. I0.65 J0.
N29150 X129.35 Z-11.5 I-0.65 J0.
N29155 X130.65 Z-11. I0.65 J0.
N29160 X129.35 Z-10.5 I-0.65 J0.
N29165 X130.65 Z-10. I0.65 J0.
N29170 X129.35 Z-9.5 I-0.65 J0.
N29175 X130.65 Z-9. I0.65 J0.
N29180 X129.35 Z-8.5 I-0.65 J0.
N29185 X130.65 Z-8. I0.65 J0.
N29190 X129.35 Z-7.5 I-0.65 J0.
N29195 X130.65 Z-7. I0.65 J0.
N29200 X129.35 Z-6.5 I-0.65 J0.
N29205 X130.65 Z-6. I0.65 J0.
N29210 X129.35 Z-5.5 I-0.65 J0.
N29215 X130.65 Z-5. I0.65 J0.
N29220 X129.35 Z-4.5 I-0.65 J0.
N29225 X130.65 Z-4. I0.65 J0.
N29230 X129.35 Z-3.5 I-0.65 J0.
N29235 X130.65 Z-3. I0.65 J0.
N29240 X129.35 Z-2.5 I-0.65 J0.
N29245 X130.65 Z-2. I0.65 J0.
N29250 X129.35 Z-1.5 I-0.65 J0.
N29255 X130.65 Z-1. I0.65 J0.
N29260 X129.35 Z-0.5 I-0.65 J0.
N29265 X129.675 Y109.675 Z-0.375 I0.325 J0.
N29270 G1 X130. Y110.
N29275 Z5.
N29280 X110.
N29285 Z-12.125
N29290 Z-14.125
N29295 X110.325 Y109.675
N29300 G3 X110.65 Y110. Z-14. I0. J0.325
N29305 X109.35 Z-13.5 I-0.65 J0.
N29310 X110.65 Z-13. I0.65 J0.
N29315 X109.35 Z-12.5 I-0.65 J0.
N29320 X110.65 Z-12. I0.65 J0.
N29325 X109.35 Z-11.5 I-0.65 J0.
N29330 X110.65 Z-11. I0.65 J0.
N29335 X109.35 Z-10.5 I-0.65 J0.
N29340 X110.65 Z-10. I0.65 J0.
N29345 X109.35 Z-9.5 I-0.65 J0.
N29350 X110.65 Z-9. I0.65 J0.
N29355 X109.35 Z-8.5 I-0.65 J0.
N29360 X110.65 Z-8. I0.65 J0.
N29365 X109.35 Z-7.5 I-0.65 J0.
N29370 X110.65 Z-7. I0.65 J0.
N29375 X109.35 Z-6.5 I-0.65 J0.
N29380 X110.65 Z-6. I0.65 J0.
N29385 X109.35 Z-5.5 I-0.65 J0.
N29390 X110.65 Z-5. I0.65 J0.
N29395 X109.35 Z-4.5 I-0.65 J0.
N29400 X110.65 Z-4. I0.65 J0.
N29405 X109.35 Z-3.5 I-0.65 J0.
N29410 X110.65 Z-3. I0.65 J0.
N29415 X109.35 Z-2.5 I-0.65 J0.
N29420 X110.65 Z-2. I0.65 J0.
N29425 X109.35 Z-1.5 I-0.65 J0.
N29430 X110.65 Z-1. I0.65 J0.
N29435 X109.35 Z-0.5 I-0.65 J0.
N29440 X109.675 Y109.675 Z-0.375 I0.325 J0.
N29445 G1 X110. Y110.
N29450 Z5.
N29455 X90.
N29460 Z-12.125
N29465 Z-14.125
N29470 X90.325 Y109.675
N29475 G3 X90.65 Y110. Z-14. I0. J0.325
N29480 X89.35 Z-13.5 I-0.65 J0.
N29485 X90.65 Z-13. I0.65 J0.
N29490 X89.35 Z-12.5 I-0.65 J0.
N29495 X90.65 Z-12. I0.65 J0.
N29500 X89.35 Z-11.5 I-0.65 J0.
N29505 X90.65 Z-11. I0.65 J0.
N29510 X89.35 Z-10.5 I-0.65 J0.
N29515 X90.65 Z-10. I0.65 J0.
N29520 X89.35 Z-9.5 I-0.65 J0.
N29525 X90.65 Z-9. I0.65 J0.
N29530 X89.35 Z-8.5 I-0.65 J0.
N29535 X90.65 Z-8. I0.65 J0.
N29540 X89.35 Z-7.5 I-0.65 J0.
N29545 X90.65 Z-7. I0.65 J0.
N29550 X89.35 Z-6.5 I-0.65 J0.
N29555 X90.65 Z-6. I0.65 J0.
N29560 X89.35 Z-5.5 I-0.65 J0.
N29565 X90.65 Z-5. I0.65 J0.
N29570 X89.35 Z-4.5 I-0.65 J0.
N29575 X90.65 Z-4. I0.65 J0.
N29580 X89.35 Z-3.5 I-0.65 J0.
N29585 X90.65 Z-3. I0.65 J0.
N29590 X89.35 Z-2.5 I-0.65 J0.
N29595 X90.65 Z-2. I0.65 J0.
N29600 X89.35 Z-1.5 I-0.65 J0.
N29605 X90.65 Z-1. I0.65 J0.
N29610 X89.35 Z-0.5 I-0.65 J0.
N29615 X89.675 Y109.675 Z-0.375 I0.325 J0.
N29620 G1 X90. Y110.
N29625 Z5.
N29630 X70.
N29635 Z-12.125
N29640 Z-14.125
N29645 X70.325 Y109.675
N29650 G3 X70.65 Y110. Z-14. I0. J0.325
N29655 X69.35 Z-13.5 I-0.65 J0.
N29660 X70.65 Z-13. I0.65 J0.
N29665 X69.35 Z-12.5 I-0.65 J0.
N29670 X70.65 Z-12. I0.65 J0.
N29675 X69.35 Z-11.5 I-0.65 J0.
N29680 X70.65 Z-11. I0.65 J0.
N29685 X69.35 Z-10.5 I-0.65 J0.
N29690 X70.65 Z-10. I0.65 J0.
N29695 X69.35 Z-9.5 I-0.65 J0.
N29700 X70.65 Z-9. I0.65 J0.
N29705 X69.35 Z-8.5 I-0.65 J0.
N29710 X70.65 Z-8. I0.65 J0.
N29715 X69.35 Z-7.5 I-0.65 J0.
N29720 X70.65 Z-7. I0.65 J0.
N29725 X69.35 Z-6.5 I-0.65 J0.
N29730 X70.65 Z-6. I0.65 J0.
N29735 X69.35 Z-5.5 I-0.65 J0.
N29740 X70.65 Z-5. I0.65 J0.
N29745 X69.35 Z-4.5 I-0.65 J0.
N29750 X70.65 Z-4. I0.65 J0.
N29755 X69.35 Z-3.5 I-0.65 J0.
N29760 X70.65 Z-3. I0.65 J0.
N29765 X69.35 Z-2.5 I-0.65 J0.
N29770 X70.65 Z-2. I0.65 J0.
N29775 X69.35 Z-1.5 I-0.65 J0.
N29780 X70.65 Z-1. I0.65 J0.
N29785 X69.35 Z-0.5 I-0.65 J0.
N29790 X69.675 Y109.675 Z-0.375 I0.325 J0.
N29795 G1 X70. Y110.
N29800 Z5.
N29805 X50.
N29810 Z-12.125
N29815 Z-14.125
N29820 X50.325 Y109.675
N29825 G3 X50.65 Y110. Z-14. I0. J0.325
N29830 X49.35 Z-13.5 I-0.65 J0.
N29835 X50.65 Z-13. I0.65 J0.
N29840 X49.35 Z-12.5 I-0.65 J0.
N29845 X50.65 Z-12. I0.65 J0.
N29850 X49.35 Z-11.5 I-0.65 J0.
N29855 X50.65 Z-11. I0.65 J0.
N29860 X49.35 Z-10.5 I-0.65 J0.
N29865 X50.65 Z-10. I0.65 J0.
N29870 X49.35 Z-9.5 I-0.65 J0.
N29875 X50.65 Z-9. I0.65 J0.
N29880 X49.35 Z-8.5 I-0.65 J0.
N29885 X50.65 Z-8. I0.65 J0.
N29890 X49.35 Z-7.5 I-0.65 J0.
N29895 X50.65 Z-7. I0.65 J0.
N29900 X49.35 Z-6.5 I-0.65 J0.
N29905 X50.65 Z-6. I0.65 J0.
N29910 X49.35 Z-5.5 I-0.65 J0.
N29915 X50.65 Z-5. I0.65 J0.
N29920 X49.35 Z-4.5 I-0.65 J0.
N29925 X50.65 Z-4. I0.65 J0.
N29930 X49.35 Z-3.5 I-0.65 J0.
N29935 X50.65 Z-3. I0.65 J0.
N29940 X49.35 Z-2.5 I-0.65 J0.
N29945 X50.65 Z-2. I0.65 J0.
N29950 X49.35 Z-1.5 I-0.65 J0.
N29955 X50.65 Z-1. I0.65 J0.
N29960 X49.35 Z-0.5 I-0.65 J0.
N29965 X49.675 Y109.675 Z-0.375 I0.325 J0.
N29970 G1 X50. Y110.
N29975 Z5.
N29980 X30.
N29985 Z-12.125
N29990 Z-14.125
N29995 X30.325 Y109.675
N30000 G3 X30.65 Y110. Z-14. I0. J0.325
N30005 X29.35 Z-13.5 I-0.65 J0.
N30010 X30.65 Z-13. I0.65 J0.
N30015 X29.35 Z-12.5 I-0.65 J0.
N30020 X30.65 Z-12. I0.65 J0.
N30025 X29.35 Z-11.5 I-0.65 J0.
N30030 X30.65 Z-11. I0.65 J0.
N30035 X29.35 Z-10.5 I-0.65 J0.
N30040 X30.65 Z-10. I0.65 J0.
N30045 X29.35 Z-9.5 I-0.65 J0.
N30050 X30.65 Z-9. I0.65 J0.
N30055 X29.35 Z-8.5 I-0.65 J0.
N30060 X30.65 Z-8. I0.65 J0.
N30065 X29.35 Z-7.5 I-0.65 J0.
N30070 X30.65 Z-7. I0.65 J0.
N30075 X29.35 Z-6.5 I-0.65 J0.
N30080 X30.65 Z-6. I0.65 J0.
N30085 X29.35 Z-5.5 I-0.65 J0.
N30090 X30.65 Z-5. I0.65 J0.
N30095 X29.35 Z-4.5 I-0.65 J0.
N30100 X30.65 Z-4. I0.65 J0.
N30105 X29.35 Z-3.5 I-0.65 J0.
N30110 X30.65 Z-3. I0.65 J0.
N30115 X29.35 Z-2.5 I-0.65 J0.
N30120 X30.65 Z-2. I0.65 J0.
N30125 X29.35 Z-1.5 I-0.65 J0.
N30130 X30.65 Z-1. I0.65 J0.
N30135 X29.35 Z-0.5 I-0.65 J0.
N30140 X29.675 Y109.675 Z-0.375 I0.325 J0.
N30145 G1 X30. Y110.
N30150 Z5.
N30155 X10.
N30160 Z-12.125
N30165 Z-14.125
N30170 X10.325 Y109.675
N30175 G3 X10.65 Y110. Z-14. I0. J0.325
N30180 X9.35 Z-13.5 I-0.65 J0.
N30185 X10.65 Z-13. I0.65 J0.
N30190 X9.35 Z-12.5 I-0.65 J0.
N30195 X10.65 Z-12. I0.65 J0.
N30200 X9.35 Z-11.5 I-0.65 J0.
N30205 X10.65 Z-11. I0.65 J0.
N30210 X9.35 Z-10.5 I-0.65 J0.
N30215 X10.65 Z-10. I0.65 J0.
N30220 X9.35 Z-9.5 I-0.65 J0.
N30225 X10.65 Z-9. I0.65 J0.
N30230 X9.35 Z-8.5 I-0.65 J0.
N30235 X10.65 Z-8. I0.65 J0.
N30240 X9.35 Z-7.5 I-0.65 J0.
N30245 X10.65 Z-7. I0.65 J0.
N30250 X9.35 Z-6.5 I-0.65 J0.
N30255 X10.65 Z-6. I0.65 J0.
N30260 X9.35 Z-5.5 I-0.65 J0.
N30265 X10.65 Z-5. I0.65 J0.
N30270 X9.35 Z-4.5 I-0.65 J0.
N30275 X10.65 Z-4. I0.65 J0.
N30280 X9.35 Z-3.5 I-0.65 J0.
N30285 X10.65 Z-3. I0.65 J0.
N30290 X9.35 Z-2.5 I-0.65 J0.
N30295 X10.65 Z-2. I0.65 J0.
N30300 X9.35 Z-1.5 I-0.65 J0.
N30305 X10.65 Z-1. I0.65 J0.
N30310 X9.35 Z-0.5 I-0.65 J0.
N30315 X9.675 Y109.675 Z-0.375 I0.325 J0.
N30320 G1 X10. Y110.
N30325 Z5.
N30330 X-10.
N30335 Z-12.125
N30340 Z-14.125
N30345 X-9.675 Y109.675
N30350 G3 X-9.35 Y110. Z-14. I0. J0.325
N30355 X-10.65 Z-13.5 I-0.65 J0.
N30360 X-9.35 Z-13. I0.65 J0.
N30365 X-10.65 Z-12.5 I-0.65 J0.
N30370 X-9.35 Z-12. I0.65 J0.
N30375 X-10.65 Z-11.5 I-0.65 J0.
N30380 X-9.35 Z-11. I0.65 J0.
N30385 X-10.65 Z-10.5 I-0.65 J0.
N30390 X-9.35 Z-10. I0.65 J0.
N30395 X-10.65 Z-9.5 I-0.65 J0.
N30400 X-9.35 Z-9. I0.65 J0.
N30405 X-10.65 Z-8.5 I-0.65 J0.
N30410 X-9.35 Z-8. I0.65 J0.
N30415 X-10.65 Z-7.5 I-0.65 J0.
N30420 X-9.35 Z-7. I0.65 J0.
N30425 X-10.65 Z-6.5 I-0.65 J0.
N30430 X-9.35 Z-6. I0.65 J0.
N30435 X-10.65 Z-5.5 I-0.65 J0.
N30440 X-9.35 Z-5. I0.65 J0.
N30445 X-10.65 Z-4.5 I-0.65 J0.
N30450 X-9.35 Z-4. I0.65 J0.
N30455 X-10.65 Z-3.5 I-0.65 J0.
N30460 X-9.35 Z-3. I0.65 J0.
N30465 X-10.65 Z-2.5 I-0.65 J0.
N30470 X-9.35 Z-2. I0.65 J0.
N30475 X-10.65 Z-1.5 I-0.65 J0.
N30480 X-9.35 Z-1. I0.65 J0.
N30485 X-10.65 Z-0.5 I-0.65 J0.
N30490 X-10.325 Y109.675 Z-0.375 I0.325 J0.
N30495 G1 X-10. Y110.
N30500 Z5.
N30505 X-30.
N30510 Z-12.125
N30515 Z-14.125
N30520 X-29.675 Y109.675
N30525 G3 X-29.35 Y110. Z-14. I0. J0.325
N30530 X-30.65 Z-13.5 I-0.65 J0.
N30535 X-29.35 Z-13. I0.65 J0.
N30540 X-30.65 Z-12.5 I-0.65 J0.
N30545 X-29.35 Z-12. I0.65 J0.
N30550 X-30.65 Z-11.5 I-0.65 J0.
N30555 X-29.35 Z-11. I0.65 J0.
N30560 X-30.65 Z-10.5 I-0.65 J0.
N30565 X-29.35 Z-10. I0.65 J0.
N30570 X-30.65 Z-9.5 I-0.65 J0.
N30575 X-29.35 Z-9. I0.65 J0.
N30580 X-30.65 Z-8.5 I-0.65 J0.
N30585 X-29.35 Z-8. I0.65 J0.
N30590 X-30.65 Z-7.5 I-0.65 J0.
N30595 X-29.35 Z-7. I0.65 J0.
N30600 X-30.65 Z-6.5 I-0.65 J0.
N30605 X-29.35 Z-6. I0.65 J0.
N30610 X-30.65 Z-5.5 I-0.65 J0.
N30615 X-29.35 Z-5. I0.65 J0.
N30620 X-30.65 Z-4.5 I-0.65 J0.
N30625 X-29.35 Z-4. I0.65 J0.
N30630 X-30.65 Z-3.5 I-0.65 J0.
N30635 X-29.35 Z-3. I0.65 J0.
N30640 X-30.65 Z-2.5 I-0.65 J0.
N30645 X-29.35 Z-2. I0.65 J0.
N30650 X-30.65 Z-1.5 I-0.65 J0.
N30655 X-29.35 Z-1. I0.65 J0.
N30660 X-30.65 Z-0.5 I-0.65 J0.
N30665 X-30.325 Y109.675 Z-0.375 I0.325 J0.
N30670 G1 X-30. Y110.
N30675 Z5.
N30680 X-50.
N30685 Z-12.125
N30690 Z-14.125
N30695 X-49.675 Y109.675
N30700 G3 X-49.35 Y110. Z-14. I0. J0.325
N30705 X-50.65 Z-13.5 I-0.65 J0.
N30710 X-49.35 Z-13. I0.65 J0.
N30715 X-50.65 Z-12.5 I-0.65 J0.
N30720 X-49.35 Z-12. I0.65 J0.
N30725 X-50.65 Z-11.5 I-0.65 J0.
N30730 X-49.35 Z-11. I0.65 J0.
N30735 X-50.65 Z-10.5 I-0.65 J0.
N30740 X-49.35 Z-10. I0.65 J0.
N30745 X-50.65 Z-9.5 I-0.65 J0.
N30750 X-49.35 Z-9. I0.65 J0.
N30755 X-50.65 Z-8.5 I-0.65 J0.
N30760 X-49.35 Z-8. I0.65 J0.
N30765 X-50.65 Z-7.5 I-0.65 J0.
N30770 X-49.35 Z-7. I0.65 J0.
N30775 X-50.65 Z-6.5 I-0.65 J0.
N30780 X-49.35 Z-6. I0.65 J0.
N30785 X-50.65 Z-5.5 I-0.65 J0.
N30790 X-49.35 Z-5. I0.65 J0.
N30795 X-50.65 Z-4.5 I-0.65 J0.
N30800 X-49.35 Z-4. I0.65 J0.
N30805 X-50.65 Z-3.5 I-0.65 J0.
N30810 X-49.35 Z-3. I0.65 J0.
N30815 X-50.65 Z-2.5 I-0.65 J0.
N30820 X-49.35 Z-2. I0.65 J0.
N30825 X-50.65 Z-1.5 I-0.65 J0.
N30830 X-49.35 Z-1. I0.65 J0.
N30835 X-50.65 Z-0.5 I-0.65 J0.
N30840 X-50.325 Y109.675 Z-0.375 I0.325 J0.
N30845 G1 X-50. Y110.
N30850 Z5.
N30855 X-70.
N30860 Z-12.125
N30865 Z-14.125
N30870 X-69.675 Y109.675
N30875 G3 X-69.35 Y110. Z-14. I0. J0.325
N30880 X-70.65 Z-13.5 I-0.65 J0.
N30885 X-69.35 Z-13. I0.65 J0.
N30890 X-70.65 Z-12.5 I-0.65 J0.
N30895 X-69.35 Z-12. I0.65 J0.
N30900 X-70.65 Z-11.5 I-0.65 J0.
N30905 X-69.35 Z-11. I0.65 J0.
N30910 X-70.65 Z-10.5 I-0.65 J0.
N30915 X-69.35 Z-10. I0.65 J0.
N30920 X-70.65 Z-9.5 I-0.65 J0.
N30925 X-69.35 Z-9. I0.65 J0.
N30930 X-70.65 Z-8.5 I-0.65 J0.
N30935 X-69.35 Z-8. I0.65 J0.
N30940 X-70.65 Z-7.5 I-0.65 J0.
N30945 X-69.35 Z-7. I0.65 J0.
N30950 X-70.65 Z-6.5 I-0.65 J0.
N30955 X-69.35 Z-6. I0.65 J0.
N30960 X-70.65 Z-5.5 I-0.65 J0.
N30965 X-69.35 Z-5. I0.65 J0.
N30970 X-70.65 Z-4.5 I-0.65 J0.
N30975 X-69.35 Z-4. I0.65 J0.
N30980 X-70.65 Z-3.5 I-0.65 J0.
N30985 X-69.35 Z-3. I0.65 J0.
N30990 X-70.65 Z-2.5 I-0.65 J0.
N30995 X-69.35 Z-2. I0.65 J0.
N31000 X-70.65 Z-1.5 I-0.65 J0.
N31005 X-69.35 Z-1. I0.65 J0.
N31010 X-70.65 Z-0.5 I-0.65 J0.
N31015 X-70.325 Y109.675 Z-0.375 I0.325 J0.
N31020 G1 X-70. Y110.
N31025 Z5.
N31030 X-90.
N31035 Z-12.125
N31040 Z-14.125
N31045 X-89.675 Y109.675
N31050 G3 X-89.35 Y110. Z-14. I0. J0.325
N31055 X-90.65 Z-13.5 I-0.65 J0.
N31060 X-89.35 Z-13. I0.65 J0.
N31065 X-90.65 Z-12.5 I-0.65 J0.
N31070 X-89.35 Z-12. I0.65 J0.
N31075 X-90.65 Z-11.5 I-0.65 J0.
N31080 X-89.35 Z-11. I0.65 J0.
N31085 X-90.65 Z-10.5 I-0.65 J0.
N31090 X-89.35 Z-10. I0.65 J0.
N31095 X-90.65 Z-9.5 I-0.65 J0.
N31100 X-89.35 Z-9. I0.65 J0.
N31105 X-90.65 Z-8.5 I-0.65 J0.
N31110 X-89.35 Z-8. I0.65 J0.
N31115 X-90.65 Z-7.5 I-0.65 J0.
N31120 X-89.35 Z-7. I0.65 J0.
N31125 X-90.65 Z-6.5 I-0.65 J0.
N31130 X-89.35 Z-6. I0.65 J0.
N31135 X-90.65 Z-5.5 I-0.65 J0.
N31140 X-89.35 Z-5. I0.65 J0.
N31145 X-90.65 Z-4.5 I-0.65 J0.
N31150 X-89.35 Z-4. I0.65 J0.
N31155 X-90.65 Z-3.5 I-0.65 J0.
N31160 X-89.35 Z-3. I0.65 J0.
N31165 X-90.65 Z-2.5 I-0.65 J0.
N31170 X-89.35 Z-2. I0.65 J0.
N31175 X-90.65 Z-1.5 I-0.65 J0.
N31180 X-89.35 Z-1. I0.65 J0.
N31185 X-90.65 Z-0.5 I-0.65 J0.
N31190 X-90.325 Y109.675 Z-0.375 I0.325 J0.
N31195 G1 X-90. Y110.
N31200 Z5.
N31205 X-110.
N31210 Z-12.125
N31215 Z-14.125
N31220 X-109.675 Y109.675
N31225 G3 X-109.35 Y110. Z-14. I0. J0.325
N31230 X-110.65 Z-13.5 I-0.65 J0.
N31235 X-109.35 Z-13. I0.65 J0.
N31240 X-110.65 Z-12.5 I-0.65 J0.
N31245 X-109.35 Z-12. I0.65 J0.
N31250 X-110.65 Z-11.5 I-0.65 J0.
N31255 X-109.35 Z-11. I0.65 J0.
N31260 X-110.65 Z-10.5 I-0.65 J0.
N31265 X-109.35 Z-10. I0.65 J0.
N31270 X-110.65 Z-9.5 I-0.65 J0.
N31275 X-109.35 Z-9. I0.65 J0.
N31280 X-110.65 Z-8.5 I-0.65 J0.
N31285 X-109.35 Z-8. I0.65 J0.
N31290 X-110.65 Z-7.5 I-0.65 J0.
N31295 X-109.35 Z-7. I0.65 J0.
N31300 X-110.65 Z-6.5 I-0.65 J0.
N31305 X-109.35 Z-6. I0.65 J0.
N31310 X-110.65 Z-5.5 I-0.65 J0.
N31315 X-109.35 Z-5. I0.65 J0.
N31320 X-110.65 Z-4.5 I-0.65 J0.
N31325 X-109.35 Z-4. I0.65 J0.
N31330 X-110.65 Z-3.5 I-0.65 J0.
N31335 X-109.35 Z-3. I0.65 J0.
N31340 X-110.65 Z-2.5 I-0.65 J0.
N31345 X-109.35 Z-2. I0.65 J0.
N31350 X-110.65 Z-1.5 I-0.65 J0.
N31355 X-109.35 Z-1. I0.65 J0.
N31360 X-110.65 Z-0.5 I-0.65 J0.
N31365 X-110.325 Y109.675 Z-0.375 I0.325 J0.
N31370 G1 X-110. Y110.
N31375 Z5.
N31380 X-130.
N31385 Z-12.125
N31390 Z-14.125
N31395 X-129.675 Y109.675
N31400 G3 X-129.35 Y110. Z-14. I0. J0.325
N31405 X-130.65 Z-13.5 I-0.65 J0.
N31410 X-129.35 Z-13. I0.65 J0.
N31415 X-130.65 Z-12.5 I-0.65 J0.
N31420 X-129.35 Z-12. I0.65 J0.
N31425 X-130.65 Z-11.5 I-0.65 J0.
N31430 X-129.35 Z-11. I0.65 J0.
N31435 X-130.65 Z-10.5 I-0.65 J0.
N31440 X-129.35 Z-10. I0.65 J0.
N31445 X-130.65 Z-9.5 I-0.65 J0.
N31450 X-129.35 Z-9. I0.65 J0.
N31455 X-130.65 Z-8.5 I-0.65 J0.
N31460 X-129.35 Z-8. I0.65 J0.
N31465 X-130.65 Z-7.5 I-0.65 J0.
N31470 X-129.35 Z-7. I0.65 J0.
N31475 X-130.65 Z-6.5 I-0.65 J0.
N31480 X-129.35 Z-6. I0.65 J0.
N31485 X-130.65 Z-5.5 I-0.65 J0.
N31490 X-129.35 Z-5. I0.65 J0.
N31495 X-130.65 Z-4.5 I-0.65 J0.
N31500 X-129.35 Z-4. I0.65 J0.
N31505 X-130.65 Z-3.5 I-0.65 J0.
N31510 X-129.35 Z-3. I0.65 J0.
N31515 X-130.65 Z-2.5 I-0.65 J0.
N31520 X-129.35 Z-2. I0.65 J0.
N31525 X-130.65 Z-1.5 I-0.65 J0.
N31530 X-129.35 Z-1. I0.65 J0.
N31535 X-130.65 Z-0.5 I-0.65 J0.
N31540 X-130.325 Y109.675 Z-0.375 I0.325 J0.
N31545 G1 X-130. Y110.
N31550 Z5.
N31555 X-110. Y130.
N31560 Z-12.125
N31565 Z-14.125
N31570 X-109.675 Y129.675
N31575 G3 X-109.35 Y130. Z-14. I0. J0.325
N31580 X-110.65 Z-13.5 I-0.65 J0.
N31585 X-109.35 Z-13. I0.65 J0.
N31590 X-110.65 Z-12.5 I-0.65 J0.
N31595 X-109.35 Z-12. I0.65 J0.
N31600 X-110.65 Z-11.5 I-0.65 J0.
N31605 X-109.35 Z-11. I0.65 J0.
N31610 X-110.65 Z-10.5 I-0.65 J0.
N31615 X-109.35 Z-10. I0.65 J0.
N31620 X-110.65 Z-9.5 I-0.65 J0.
N31625 X-109.35 Z-9. I0.65 J0.
N31630 X-110.65 Z-8.5 I-0.65 J0.
N31635 X-109.35 Z-8. I0.65 J0.
N31640 X-110.65 Z-7.5 I-0.65 J0.
N31645 X-109.35 Z-7. I0.65 J0.
N31650 X-110.65 Z-6.5 I-0.65 J0.
N31655 X-109.35 Z-6. I0.65 J0.
N31660 X-110.65 Z-5.5 I-0.65 J0.
N31665 X-109.35 Z-5. I0.65 J0.
N31670 X-110.65 Z-4.5 I-0.65 J0.
N31675 X-109.35 Z-4. I0.65 J0.
N31680 X-110.65 Z-3.5 I-0.65 J0.
N31685 X-109.35 Z-3. I0.65 J0.
N31690 X-110.65 Z-2.5 I-0.65 J0.
N31695 X-109.35 Z-2. I0.65 J0.
N31700 X-110.65 Z-1.5 I-0.65 J0.
N31705 X-109.35 Z-1. I0.65 J0.
N31710 X-110.65 Z-0.5 I-0.65 J0.
N31715 X-110.325 Y129.675 Z-0.375 I0.325 J0.
N31720 G1 X-110. Y130.
N31725 Z5.
N31730 X-90.
N31735 Z-12.125
N31740 Z-14.125
N31745 X-89.675 Y129.675
N31750 G3 X-89.35 Y130. Z-14. I0. J0.325
N31755 X-90.65 Z-13.5 I-0.65 J0.
N31760 X-89.35 Z-13. I0.65 J0.
N31765 X-90.65 Z-12.5 I-0.65 J0.
N31770 X-89.35 Z-12. I0.65 J0.
N31775 X-90.65 Z-11.5 I-0.65 J0.
N31780 X-89.35 Z-11. I0.65 J0.
N31785 X-90.65 Z-10.5 I-0.65 J0.
N31790 X-89.35 Z-10. I0.65 J0.
N31795 X-90.65 Z-9.5 I-0.65 J0.
N31800 X-89.35 Z-9. I0.65 J0.
N31805 X-90.65 Z-8.5 I-0.65 J0.
N31810 X-89.35 Z-8. I0.65 J0.
N31815 X-90.65 Z-7.5 I-0.65 J0.
N31820 X-89.35 Z-7. I0.65 J0.
N31825 X-90.65 Z-6.5 I-0.65 J0.
N31830 X-89.35 Z-6. I0.65 J0.
N31835 X-90.65 Z-5.5 I-0.65 J0.
N31840 X-89.35 Z-5. I0.65 J0.
N31845 X-90.65 Z-4.5 I-0.65 J0.
N31850 X-89.35 Z-4. I0.65 J0.
N31855 X-90.65 Z-3.5 I-0.65 J0.
N31860 X-89.35 Z-3. I0.65 J0.
N31865 X-90.65 Z-2.5 I-0.65 J0.
N31870 X-89.35 Z-2. I0.65 J0.
N31875 X-90.65 Z-1.5 I-0.65 J0.
N31880 X-89.35 Z-1. I0.65 J0.
N31885 X-90.65 Z-0.5 I-0.65 J0.
N31890 X-90.325 Y129.675 Z-0.375 I0.325 J0.
N31895 G1 X-90. Y130.
N31900 Z5.
N31905 X-70.
N31910 Z-12.125
N31915 Z-14.125
N31920 X-69.675 Y129.675
N31925 G3 X-69.35 Y130. Z-14. I0. J0.325
N31930 X-70.65 Z-13.5 I-0.65 J0.
N31935 X-69.35 Z-13. I0.65 J0.
N31940 X-70.65 Z-12.5 I-0.65 J0.
N31945 X-69.35 Z-12. I0.65 J0.
N31950 X-70.65 Z-11.5 I-0.65 J0.
N31955 X-69.35 Z-11. I0.65 J0.
N31960 X-70.65 Z-10.5 I-0.65 J0.
N31965 X-69.35 Z-10. I0.65 J0.
N31970 X-70.65 Z-9.5 I-0.65 J0.
N31975 X-69.35 Z-9. I0.65 J0.
N31980 X-70.65 Z-8.5 I-0.65 J0.
N31985 X-69.35 Z-8. I0.65 J0.
N31990 X-70.65 Z-7.5 I-0.65 J0.
N31995 X-69.35 Z-7. I0.65 J0.
N32000 X-70.65 Z-6.5 I-0.65 J0.
N32005 X-69.35 Z-6. I0.65 J0.
N32010 X-70.65 Z-5.5 I-0.65 J0.
N32015 X-69.35 Z-5. I0.65 J0.
N32020 X-70.65 Z-4.5 I-0.65 J0.
N32025 X-69.35 Z-4. I0.65 J0.
N32030 X-70.65 Z-3.5 I-0.65 J0.
N32035 X-69.35 Z-3. I0.65 J0.
N32040 X-70.65 Z-2.5 I-0.65 J0.
N32045 X-69.35 Z-2. I0.65 J0.
N32050 X-70.65 Z-1.5 I-0.65 J0.
N32055 X-69.35 Z-1. I0.65 J0.
N32060 X-70.65 Z-0.5 I-0.65 J0.
N32065 X-70.325 Y129.675 Z-0.375 I0.325 J0.
N32070 G1 X-70. Y130.
N32075 Z5.
N32080 X-50.
N32085 Z-12.125
N32090 Z-14.125
N32095 X-49.675 Y129.675
N32100 G3 X-49.35 Y130. Z-14. I0. J0.325
N32105 X-50.65 Z-13.5 I-0.65 J0.
N32110 X-49.35 Z-13. I0.65 J0.
N32115 X-50.65 Z-12.5 I-0.65 J0.
N32120 X-49.35 Z-12. I0.65 J0.
N32125 X-50.65 Z-11.5 I-0.65 J0.
N32130 X-49.35 Z-11. I0.65 J0.
N32135 X-50.65 Z-10.5 I-0.65 J0.
N32140 X-49.35 Z-10. I0.65 J0.
N32145 X-50.65 Z-9.5 I-0.65 J0.
N32150 X-49.35 Z-9. I0.65 J0.
N32155 X-50.65 Z-8.5 I-0.65 J0.
N32160 X-49.35 Z-8. I0.65 J0.
N32165 X-50.65 Z-7.5 I-0.65 J0.
N32170 X-49.35 Z-7. I0.65 J0.
N32175 X-50.65 Z-6.5 I-0.65 J0.
N32180 X-49.35 Z-6. I0.65 J0.
N32185 X-50.65 Z-5.5 I-0.65 J0.
N32190 X-49.35 Z-5. I0.65 J0.
N32195 X-50.65 Z-4.5 I-0.65 J0.
N32200 X-49.35 Z-4. I0.65 J0.
N32205 X-50.65 Z-3.5 I-0.65 J0.
N32210 X-49.35 Z-3. I0.65 J0.
N32215 X-50.65 Z-2.5 I-0.65 J0.
N32220 X-49.35 Z-2. I0.65 J0.
N32225 X-50.65 Z-1.5 I-0.65 J0.
N32230 X-49.35 Z-1. I0.65 J0.
N32235 X-50.65 Z-0.5 I-0.65 J0.
N32240 X-50.325 Y129.675 Z-0.375 I0.325 J0.
N32245 G1 X-50. Y130.
N32250 Z5.
N32255 X-30.
N32260 Z-12.125
N32265 Z-14.125
N32270 X-29.675 Y129.675
N32275 G3 X-29.35 Y130. Z-14. I0. J0.325
N32280 X-30.65 Z-13.5 I-0.65 J0.
N32285 X-29.35 Z-13. I0.65 J0.
N32290 X-30.65 Z-12.5 I-0.65 J0.
N32295 X-29.35 Z-12. I0.65 J0.
N32300 X-30.65 Z-11.5 I-0.65 J0.
N32305 X-29.35 Z-11. I0.65 J0.
N32310 X-30.65 Z-10.5 I-0.65 J0.
N32315 X-29.35 Z-10. I0.65 J0.
N32320 X-30.65 Z-9.5 I-0.65 J0.
N32325 X-29.35 Z-9. I0.65 J0.
N32330 X-30.65 Z-8.5 I-0.65 J0.
N32335 X-29.35 Z-8. I0.65 J0.
N32340 X-30.65 Z-7.5 I-0.65 J0.
N32345 X-29.35 Z-7. I0.65 J0.
N32350 X-30.65 Z-6.5 I-0.65 J0.
N32355 X-29.35 Z-6. I0.65 J0.
N32360 X-30.65 Z-5.5 I-0.65 J0.
N32365 X-29.35 Z-5. I0.65 J0.
N32370 X-30.65 Z-4.5 I-0.65 J0.
N32375 X-29.35 Z-4. I0.65 J0.
N32380 X-30.65 Z-3.5 I-0.65 J0.
N32385 X-29.35 Z-3. I0.65 J0.
N32390 X-30.65 Z-2.5 I-0.65 J0.
N32395 X-29.35 Z-2. I0.65 J0.
N32400 X-30.65 Z-1.5 I-0.65 J0.
N32405 X-29.35 Z-1. I0.65 J0.
N32410 X-30.65 Z-0.5 I-0.65 J0.
N32415 X-30.325 Y129.675 Z-0.375 I0.325 J0.
N32420 G1 X-30. Y130.
N32425 Z5.
N32430 X-10.
N32435 Z-12.125
N32440 Z-14.125
N32445 X-9.675 Y129.675
N32450 G3 X-9.35 Y130. Z-14. I0. J0.325
N32455 X-10.65 Z-13.5 I-0.65 J0.
N32460 X-9.35 Z-13. I0.65 J0.
N32465 X-10.65 Z-12.5 I-0.65 J0.
N32470 X-9.35 Z-12. I0.65 J0.
N32475 X-10.65 Z-11.5 I-0.65 J0.
N32480 X-9.35 Z-11. I0.65 J0.
N32485 X-10.65 Z-10.5 I-0.65 J0.
N32490 X-9.35 Z-10. I0.65 J0.
N32495 X-10.65 Z-9.5 I-0.65 J0.
N32500 X-9.35 Z-9. I0.65 J0.
N32505 X-10.65 Z-8.5 I-0.65 J0.
N32510 X-9.35 Z-8. I0.65 J0.
N32515 X-10.65 Z-7.5 I-0.65 J0.
N32520 X-9.35 Z-7. I0.65 J0.
N32525 X-10.65 Z-6.5 I-0.65 J0.
N32530 X-9.35 Z-6. I0.65 J0.
N32535 X-10.65 Z-5.5 I-0.65 J0.
N32540 X-9.35 Z-5. I0.65 J0.
N32545 X-10.65 Z-4.5 I-0.65 J0.
N32550 X-9.35 Z-4. I0.65 J0.
N32555 X-10.65 Z-3.5 I-0.65 J0.
N32560 X-9.35 Z-3. I0.65 J0.
N32565 X-10.65 Z-2.5 I-0.65 J0.
N32570 X-9.35 Z-2. I0.65 J0.
N32575 X-10.65 Z-1.5 I-0.65 J0.
N32580 X-9.35 Z-1. I0.65 J0.
N32585 X-10.65 Z-0.5 I-0.65 J0.
N32590 X-10.325 Y129.675 Z-0.375 I0.325 J0.
N32595 G1 X-10. Y130.
N32600 Z5.
N32605 X10.
N32610 Z-12.125
N32615 Z-14.125
N32620 X10.325 Y129.675
N32625 G3 X10.65 Y130. Z-14. I0. J0.325
N32630 X9.35 Z-13.5 I-0.65 J0.
N32635 X10.65 Z-13. I0.65 J0.
N32640 X9.35 Z-12.5 I-0.65 J0.
N32645 X10.65 Z-12. I0.65 J0.
N32650 X9.35 Z-11.5 I-0.65 J0.
N32655 X10.65 Z-11. I0.65 J0.
N32660 X9.35 Z-10.5 I-0.65 J0.
N32665 X10.65 Z-10. I0.65 J0.
N32670 X9.35 Z-9.5 I-0.65 J0.
N32675 X10.65 Z-9. I0.65 J0.
N32680 X9.35 Z-8.5 I-0.65 J0.
N32685 X10.65 Z-8. I0.65 J0.
N32690 X9.35 Z-7.5 I-0.65 J0.
N32695 X10.65 Z-7. I0.65 J0.
N32700 X9.35 Z-6.5 I-0.65 J0.
N32705 X10.65 Z-6. I0.65 J0.
N32710 X9.35 Z-5.5 I-0.65 J0.
N32715 X10.65 Z-5. I0.65 J0.
N32720 X9.35 Z-4.5 I-0.65 J0.
N32725 X10.65 Z-4. I0.65 J0.
N32730 X9.35 Z-3.5 I-0.65 J0.
N32735 X10.65 Z-3. I0.65 J0.
N32740 X9.35 Z-2.5 I-0.65 J0.
N32745 X10.65 Z-2. I0.65 J0.
N32750 X9.35 Z-1.5 I-0.65 J0.
N32755 X10.65 Z-1. I0.65 J0.
N32760 X9.35 Z-0.5 I-0.65 J0.
N32765 X9.675 Y129.675 Z-0.375 I0.325 J0.
N32770 G1 X10. Y130.
N32775 Z5.
N32780 X30.
N32785 Z-12.125
N32790 Z-14.125
N32795 X30.325 Y129.675
N32800 G3 X30.65 Y130. Z-14. I0. J0.325
N32805 X29.35 Z-13.5 I-0.65 J0.
N32810 X30.65 Z-13. I0.65 J0.
N32815 X29.35 Z-12.5 I-0.65 J0.
N32820 X30.65 Z-12. I0.65 J0.
N32825 X29.35 Z-11.5 I-0.65 J0.
N32830 X30.65 Z-11. I0.65 J0.
N32835 X29.35 Z-10.5 I-0.65 J0.
N32840 X30.65 Z-10. I0.65 J0.
N32845 X29.35 Z-9.5 I-0.65 J0.
N32850 X30.65 Z-9. I0.65 J0.
N32855 X29.35 Z-8.5 I-0.65 J0.
N32860 X30.65 Z-8. I0.65 J0.
N32865 X29.35 Z-7.5 I-0.65 J0.
N32870 X30.65 Z-7. I0.65 J0.
N32875 X29.35 Z-6.5 I-0.65 J0.
N32880 X30.65 Z-6. I0.65 J0.
N32885 X29.35 Z-5.5 I-0.65 J0.
N32890 X30.65 Z-5. I0.65 J0.
N32895 X29.35 Z-4.5 I-0.65 J0.
N32900 X30.65 Z-4. I0.65 J0.
N32905 X29.35 Z-3.5 I-0.65 J0.
N32910 X30.65 Z-3. I0.65 J0.
N32915 X29.35 Z-2.5 I-0.65 J0.
N32920 X30.65 Z-2. I0.65 J0.
N32925 X29.35 Z-1.5 I-0.65 J0.
N32930 X30.65 Z-1. I0.65 J0.
N32935 X29.35 Z-0.5 I-0.65 J0.
N32940 X29.675 Y129.675 Z-0.375 I0.325 J0.
N32945 G1 X30. Y130.
N32950 Z5.
N32955 X50.
N32960 Z-12.125
N32965 Z-14.125
N32970 X50.325 Y129.675
N32975 G3 X50.65 Y130. Z-14. I0. J0.325
N32980 X49.35 Z-13.5 I-0.65 J0.
N32985 X50.65 Z-13. I0.65 J0.
N32990 X49.35 Z-12.5 I-0.65 J0.
N32995 X50.65 Z-12. I0.65 J0.
N33000 X49.35 Z-11.5 I-0.65 J0.
N33005 X50.65 Z-11. I0.65 J0.
N33010 X49.35 Z-10.5 I-0.65 J0.
N33015 X50.65 Z-10. I0.65 J0.
N33020 X49.35 Z-9.5 I-0.65 J0.
N33025 X50.65 Z-9. I0.65 J0.
N33030 X49.35 Z-8.5 I-0.65 J0.
N33035 X50.65 Z-8. I0.65 J0.
N33040 X49.35 Z-7.5 I-0.65 J0.
N33045 X50.65 Z-7. I0.65 J0.
N33050 X49.35 Z-6.5 I-0.65 J0.
N33055 X50.65 Z-6. I0.65 J0.
N33060 X49.35 Z-5.5 I-0.65 J0.
N33065 X50.65 Z-5. I0.65 J0.
N33070 X49.35 Z-4.5 I-0.65 J0.
N33075 X50.65 Z-4. I0.65 J0.
N33080 X49.35 Z-3.5 I-0.65 J0.
N33085 X50.65 Z-3. I0.65 J0.
N33090 X49.35 Z-2.5 I-0.65 J0.
N33095 X50.65 Z-2. I0.65 J0.
N33100 X49.35 Z-1.5 I-0.65 J0.
N33105 X50.65 Z-1. I0.65 J0.
N33110 X49.35 Z-0.5 I-0.65 J0.
N33115 X49.675 Y129.675 Z-0.375 I0.325 J0.
N33120 G1 X50. Y130.
N33125 Z5.
N33130 X70.
N33135 Z-12.125
N33140 Z-14.125
N33145 X70.325 Y129.675
N33150 G3 X70.65 Y130. Z-14. I0. J0.325
N33155 X69.35 Z-13.5 I-0.65 J0.
N33160 X70.65 Z-13. I0.65 J0.
N33165 X69.35 Z-12.5 I-0.65 J0.
N33170 X70.65 Z-12. I0.65 J0.
N33175 X69.35 Z-11.5 I-0.65 J0.
N33180 X70.65 Z-11. I0.65 J0.
N33185 X69.35 Z-10.5 I-0.65 J0.
N33190 X70.65 Z-10. I0.65 J0.
N33195 X69.35 Z-9.5 I-0.65 J0.
N33200 X70.65 Z-9. I0.65 J0.
N33205 X69.35 Z-8.5 I-0.65 J0.
N33210 X70.65 Z-8. I0.65 J0.
N33215 X69.35 Z-7.5 I-0.65 J0.
N33220 X70.65 Z-7. I0.65 J0.
N33225 X69.35 Z-6.5 I-0.65 J0.
N33230 X70.65 Z-6. I0.65 J0.
N33235 X69.35 Z-5.5 I-0.65 J0.
N33240 X70.65 Z-5. I0.65 J0.
N33245 X69.35 Z-4.5 I-0.65 J0.
N33250 X70.65 Z-4. I0.65 J0.
N33255 X69.35 Z-3.5 I-0.65 J0.
N33260 X70.65 Z-3. I0.65 J0.
N33265 X69.35 Z-2.5 I-0.65 J0.
N33270 X70.65 Z-2. I0.65 J0.
N33275 X69.35 Z-1.5 I-0.65 J0.
N33280 X70.65 Z-1. I0.65 J0.
N33285 X69.35 Z-0.5 I-0.65 J0.
N33290 X69.675 Y129.675 Z-0.375 I0.325 J0.
N33295 G1 X70. Y130.
N33300 Z5.
N33305 X90.
N33310 Z-12.125
N33315 Z-14.125
N33320 X90.325 Y129.675
N33325 G3 X90.65 Y130. Z-14. I0. J0.325
N33330 X89.35 Z-13.5 I-0.65 J0.
N33335 X90.65 Z-13. I0.65 J0.
N33340 X89.35 Z-12.5 I-0.65 J0.
N33345 X90.65 Z-12. I0.65 J0.
N33350 X89.35 Z-11.5 I-0.65 J0.
N33355 X90.65 Z-11. I0.65 J0.
N33360 X89.35 Z-10.5 I-0.65 J0.
N33365 X90.65 Z-10. I0.65 J0.
N33370 X89.35 Z-9.5 I-0.65 J0.
N33375 X90.65 Z-9. I0.65 J0.
N33380 X89.35 Z-8.5 I-0.65 J0.
N33385 X90.65 Z-8. I0.65 J0.
N33390 X89.35 Z-7.5 I-0.65 J0.
N33395 X90.65 Z-7. I0.65 J0.
N33400 X89.35 Z-6.5 I-0.65 J0.
N33405 X90.65 Z-6. I0.65 J0.
N33410 X89.35 Z-5.5 I-0.65 J0.
N33415 X90.65 Z-5. I0.65 J0.
N33420 X89.35 Z-4.5 I-0.65 J0.
N33425 X90.65 Z-4. I0.65 J0.
N33430 X89.35 Z-3.5 I-0.65 J0.
N33435 X90.65 Z-3. I0.65 J0.
N33440 X89.35 Z-2.5 I-0.65 J0.
N33445 X90.65 Z-2. I0.65 J0.
N33450 X89.35 Z-1.5 I-0.65 J0.
N33455 X90.65 Z-1. I0.65 J0.
N33460 X89.35 Z-0.5 I-0.65 J0.
N33465 X89.675 Y129.675 Z-0.375 I0.325 J0.
N33470 G1 X90. Y130.
N33475 Z5.
N33480 X110.
N33485 Z-12.125
N33490 Z-14.125
N33495 X110.325 Y129.675
N33500 G3 X110.65 Y130. Z-14. I0. J0.325
N33505 X109.35 Z-13.5 I-0.65 J0.
N33510 X110.65 Z-13. I0.65 J0.
N33515 X109.35 Z-12.5 I-0.65 J0.
N33520 X110.65 Z-12. I0.65 J0.
N33525 X109.35 Z-11.5 I-0.65 J0.
N33530 X110.65 Z-11. I0.65 J0.
N33535 X109.35 Z-10.5 I-0.65 J0.
N33540 X110.65 Z-10. I0.65 J0.
N33545 X109.35 Z-9.5 I-0.65 J0.
N33550 X110.65 Z-9. I0.65 J0.
N33555 X109.35 Z-8.5 I-0.65 J0.
N33560 X110.65 Z-8. I0.65 J0.
N33565 X109.35 Z-7.5 I-0.65 J0.
N33570 X110.65 Z-7. I0.65 J0.
N33575 X109.35 Z-6.5 I-0.65 J0.
N33580 X110.65 Z-6. I0.65 J0.
N33585 X109.35 Z-5.5 I-0.65 J0.
N33590 X110.65 Z-5. I0.65 J0.
N33595 X109.35 Z-4.5 I-0.65 J0.
N33600 X110.65 Z-4. I0.65 J0.
N33605 X109.35 Z-3.5 I-0.65 J0.
N33610 X110.65 Z-3. I0.65 J0.
N33615 X109.35 Z-2.5 I-0.65 J0.
N33620 X110.65 Z-2. I0.65 J0.
N33625 X109.35 Z-1.5 I-0.65 J0.
N33630 X110.65 Z-1. I0.65 J0.
N33635 X109.35 Z-0.5 I-0.65 J0.
N33640 X109.675 Y129.675 Z-0.375 I0.325 J0.
N33645 G1 X110. Y130.
N33650 Z15.
N33655 M9
N33660 M5
N33665 M30
%
