%
(AXIS,hide)
(BASE PLATE)
(MACHINE)
(  VENDOR PRINTNC)
(  MODEL PRINTNC V4 METALCUTTER)
(  DESCRIPTION GENERIC 3-AXIS ROUTER)
(T8 D=6. CR=0. - ZMIN=-19.65 - FLAT END MILL)
N10 G90 G94 G17 G91.1
N15 G21
(-ATTENTION- PROPERTY SAFE RETRACTS IS SET TO CLEARANCE HEIGHT.)
(ENSURE THE CLEARANCE HEIGHT WILL CLEAR THE PART AND OR FIXTURES.)
(RAISE THE Z-AXIS TO A SAFE HEIGHT BEFORE STARTING THE PROGRAM.)
(WHEN USING FUSION FOR PERSONAL USE, THE FEEDRATE OF RAPID)
(MOVES IS REDUCED TO MATCH THE FEEDRATE OF CUTTING MOVES,)
(WHICH CAN INCREASE MACHINING TIME. UNRESTRICTED RAPID MOVES)
(ARE AVAILABLE WITH A FUSION SUBSCRIPTION.)
(M6 BORE)
N20 T8 M6
N25 S18000 M3
N30 G17 G90 G94
N35 G54
N40 G64 P0.01 Q0.01
N45 M7
N50 G0 X-130.15 Y129.85
N55 G43 Z15. H8
N60 G1 Z1.1 F720.
N65 Z-0.3
N70 X-129.85
N75 X-129.804 Y129.857
N80 X-129.762 Y129.879
N85 X-129.729 Y129.912
N90 X-129.707 Y129.954
N95 X-129.7 Y130.
N100 G3 X-130.3 Z-0.425 I-0.3 J0.
N105 X-129.7 Z-0.55 I0.3 J0.
N110 X-130.3 Z-0.675 I-0.3 J0.
N115 X-129.7 Z-0.8 I0.3 J0.
N120 X-130.3 Z-0.925 I-0.3 J0.
N125 X-129.7 Z-1.05 I0.3 J0.
N130 X-130.3 Z-1.175 I-0.3 J0.
N135 X-129.7 Z-1.3 I0.3 J0.
N140 X-130.3 Z-1.425 I-0.3 J0.
N145 X-129.7 Z-1.55 I0.3 J0.
N150 X-130.3 Z-1.675 I-0.3 J0.
N155 X-129.7 Z-1.8 I0.3 J0.
N160 X-130.3 Z-1.925 I-0.3 J0.
N165 X-129.7 Z-2.05 I0.3 J0.
N170 X-130.3 Z-2.175 I-0.3 J0.
N175 X-129.7 Z-2.3 I0.3 J0.
N180 X-130.3 Z-2.425 I-0.3 J0.
N185 X-129.7 Z-2.55 I0.3 J0.
N190 X-130.3 Z-2.675 I-0.3 J0.
N195 X-129.7 Z-2.8 I0.3 J0.
N200 X-130.3 Z-2.925 I-0.3 J0.
N205 X-129.7 Z-3.05 I0.3 J0.
N210 X-130.3 Z-3.175 I-0.3 J0.
N215 X-129.7 Z-3.3 I0.3 J0.
N220 X-130.3 Z-3.425 I-0.3 J0.
N225 X-129.7 Z-3.55 I0.3 J0.
N230 X-130.3 Z-3.675 I-0.3 J0.
N235 X-129.7 Z-3.8 I0.3 J0.
N240 X-130.3 Z-3.925 I-0.3 J0.
N245 X-129.7 Z-4.05 I0.3 J0.
N250 X-130.3 Z-4.175 I-0.3 J0.
N255 X-129.7 Z-4.3 I0.3 J0.
N260 X-130.3 Z-4.425 I-0.3 J0.
N265 X-129.7 Z-4.55 I0.3 J0.
N270 X-130.3 Z-4.675 I-0.3 J0.
N275 X-129.7 Z-4.8 I0.3 J0.
N280 X-130.3 Z-4.925 I-0.3 J0.
N285 X-129.7 Z-5.05 I0.3 J0.
N290 X-130.3 Z-5.175 I-0.3 J0.
N295 X-129.7 Z-5.3 I0.3 J0.
N300 X-130.3 Z-5.425 I-0.3 J0.
N305 X-129.7 Z-5.55 I0.3 J0.
N310 X-130.3 Z-5.675 I-0.3 J0.
N315 X-129.7 Z-5.8 I0.3 J0.
N320 X-130.3 Z-5.925 I-0.3 J0.
N325 X-129.7 Z-6.05 I0.3 J0.
N330 X-130.3 Z-6.175 I-0.3 J0.
N335 X-129.7 Z-6.3 I0.3 J0.
N340 X-130.3 Z-6.425 I-0.3 J0.
N345 X-129.7 Z-6.55 I0.3 J0.
N350 X-130.3 Z-6.675 I-0.3 J0.
N355 X-129.7 Z-6.8 I0.3 J0.
N360 X-130.3 Z-6.925 I-0.3 J0.
N365 X-129.7 Z-7.05 I0.3 J0.
N370 X-130.3 Z-7.175 I-0.3 J0.
N375 X-129.7 Z-7.3 I0.3 J0.
N380 X-130.3 Z-7.425 I-0.3 J0.
N385 X-129.7 Z-7.55 I0.3 J0.
N390 X-130.3 Z-7.675 I-0.3 J0.
N395 X-129.7 Z-7.8 I0.3 J0.
N400 X-130.3 Z-7.925 I-0.3 J0.
N405 X-129.7 Z-8.05 I0.3 J0.
N410 X-130.3 Z-8.175 I-0.3 J0.
N415 X-129.7 Z-8.3 I0.3 J0.
N420 X-130.3 Z-8.425 I-0.3 J0.
N425 X-129.7 Z-8.55 I0.3 J0.
N430 X-130.3 Z-8.675 I-0.3 J0.
N435 X-129.7 Z-8.8 I0.3 J0.
N440 X-130.3 Z-8.925 I-0.3 J0.
N445 X-129.7 Z-9.05 I0.3 J0.
N450 X-130.3 Z-9.175 I-0.3 J0.
N455 X-129.7 Z-9.3 I0.3 J0.
N460 X-130.3 Z-9.425 I-0.3 J0.
N465 X-129.7 Z-9.55 I0.3 J0.
N470 X-130.3 Z-9.675 I-0.3 J0.
N475 X-129.7 Z-9.8 I0.3 J0.
N480 X-130.3 Z-9.925 I-0.3 J0.
N485 X-129.7 Z-10.05 I0.3 J0.
N490 X-130.3 Z-10.175 I-0.3 J0.
N495 X-129.7 Z-10.3 I0.3 J0.
N500 X-130.3 Z-10.425 I-0.3 J0.
N505 X-129.7 Z-10.55 I0.3 J0.
N510 X-130.3 Z-10.675 I-0.3 J0.
N515 X-129.7 Z-10.8 I0.3 J0.
N520 X-130.3 Z-10.925 I-0.3 J0.
N525 X-129.7 Z-11.05 I0.3 J0.
N530 X-130.3 Z-11.175 I-0.3 J0.
N535 X-129.7 Z-11.3 I0.3 J0.
N540 X-130.3 Z-11.425 I-0.3 J0.
N545 X-129.7 Z-11.55 I0.3 J0.
N550 X-130.3 Z-11.675 I-0.3 J0.
N555 X-129.7 Z-11.8 I0.3 J0.
N560 X-130.3 Z-11.925 I-0.3 J0.
N565 X-129.7 Z-12.05 I0.3 J0.
N570 X-130.3 Z-12.175 I-0.3 J0.
N575 X-129.7 Z-12.3 I0.3 J0.
N580 X-130.3 Z-12.425 I-0.3 J0.
N585 X-129.7 Z-12.55 I0.3 J0.
N590 X-130.3 Z-12.675 I-0.3 J0.
N595 X-129.7 Z-12.8 I0.3 J0.
N600 X-130.3 Z-12.925 I-0.3 J0.
N605 X-129.7 Z-13.05 I0.3 J0.
N610 X-130.3 Z-13.175 I-0.3 J0.
N615 X-129.7 Z-13.3 I0.3 J0.
N620 X-130.3 Z-13.425 I-0.3 J0.
N625 X-129.7 Z-13.55 I0.3 J0.
N630 X-130.3 Z-13.675 I-0.3 J0.
N635 X-129.7 Z-13.8 I0.3 J0.
N640 X-130.3 Z-13.925 I-0.3 J0.
N645 X-129.7 Z-14.05 I0.3 J0.
N650 X-130.3 Z-14.175 I-0.3 J0.
N655 X-129.7 Z-14.3 I0.3 J0.
N660 X-130.3 Z-14.425 I-0.3 J0.
N665 X-129.7 Z-14.55 I0.3 J0.
N670 X-130.3 Z-14.675 I-0.3 J0.
N675 X-129.7 Z-14.8 I0.3 J0.
N680 X-130.3 Z-14.925 I-0.3 J0.
N685 X-129.7 Z-15.05 I0.3 J0.
N690 X-130.3 Z-15.175 I-0.3 J0.
N695 X-129.7 Z-15.3 I0.3 J0.
N700 X-130.3 Z-15.425 I-0.3 J0.
N705 X-129.7 Z-15.55 I0.3 J0.
N710 X-130.3 Z-15.675 I-0.3 J0.
N715 X-129.7 Z-15.8 I0.3 J0.
N720 X-130.3 Z-15.925 I-0.3 J0.
N725 X-129.7 Z-16.05 I0.3 J0.
N730 X-130.3 Z-16.175 I-0.3 J0.
N735 X-129.7 Z-16.3 I0.3 J0.
N740 X-130.3 Z-16.425 I-0.3 J0.
N745 X-129.7 Z-16.55 I0.3 J0.
N750 X-130.3 Z-16.675 I-0.3 J0.
N755 X-129.7 Z-16.8 I0.3 J0.
N760 X-130.3 Z-16.925 I-0.3 J0.
N765 X-129.7 Z-17.05 I0.3 J0.
N770 X-130.3 Z-17.175 I-0.3 J0.
N775 X-129.7 Z-17.3 I0.3 J0.
N780 X-130.3 Z-17.425 I-0.3 J0.
N785 X-129.7 Z-17.55 I0.3 J0.
N790 X-130.3 Z-17.675 I-0.3 J0.
N795 X-129.7 Z-17.8 I0.3 J0.
N800 X-130.3 Z-17.925 I-0.3 J0.
N805 X-129.7 Z-18.05 I0.3 J0.
N810 X-130.3 Z-18.175 I-0.3 J0.
N815 X-129.7 Z-18.3 I0.3 J0.
N820 X-130.3 Z-18.425 I-0.3 J0.
N825 X-129.7 Z-18.55 I0.3 J0.
N830 X-130.3 Z-18.675 I-0.3 J0.
N835 X-129.7 Z-18.8 I0.3 J0.
N840 X-130.3 Z-18.925 I-0.3 J0.
N845 X-129.7 Z-19.05 I0.3 J0.
N850 X-130.3 Z-19.175 I-0.3 J0.
N855 X-129.7 Z-19.3 I0.3 J0.
N860 X-130.3 Z-19.425 I-0.3 J0.
N865 X-129.7 Z-19.55 I0.3 J0.
N870 X-130.243 Y130.176 Z-19.65 I-0.3 J0.
N875 X-129.757 Y129.824 I0.243 J-0.176
N880 X-130.243 Y130.176 I-0.243 J0.176
N885 G1 X-130.264 Y130.135
N890 X-130.271 Y130.088
N895 X-130.264 Y130.042
N900 X-130.243 Y130.
N905 X-130.21 Y129.967
N910 X-129.967 Y129.79
N915 Z5.
N920 X-0.15 Y129.85
N925 Z1.1
N930 Z-0.3
N935 X0.15
N940 X0.196 Y129.857
N945 X0.238 Y129.879
N950 X0.271 Y129.912
N955 X0.293 Y129.954
N960 X0.3 Y130.
N965 G3 X-0.3 Z-0.425 I-0.3 J0.
N970 X0.3 Z-0.55 I0.3 J0.
N975 X-0.3 Z-0.675 I-0.3 J0.
N980 X0.3 Z-0.8 I0.3 J0.
N985 X-0.3 Z-0.925 I-0.3 J0.
N990 X0.3 Z-1.05 I0.3 J0.
N995 X-0.3 Z-1.175 I-0.3 J0.
N1000 X0.3 Z-1.3 I0.3 J0.
N1005 X-0.3 Z-1.425 I-0.3 J0.
N1010 X0.3 Z-1.55 I0.3 J0.
N1015 X-0.3 Z-1.675 I-0.3 J0.
N1020 X0.3 Z-1.8 I0.3 J0.
N1025 X-0.3 Z-1.925 I-0.3 J0.
N1030 X0.3 Z-2.05 I0.3 J0.
N1035 X-0.3 Z-2.175 I-0.3 J0.
N1040 X0.3 Z-2.3 I0.3 J0.
N1045 X-0.3 Z-2.425 I-0.3 J0.
N1050 X0.3 Z-2.55 I0.3 J0.
N1055 X-0.3 Z-2.675 I-0.3 J0.
N1060 X0.3 Z-2.8 I0.3 J0.
N1065 X-0.3 Z-2.925 I-0.3 J0.
N1070 X0.3 Z-3.05 I0.3 J0.
N1075 X-0.3 Z-3.175 I-0.3 J0.
N1080 X0.3 Z-3.3 I0.3 J0.
N1085 X-0.3 Z-3.425 I-0.3 J0.
N1090 X0.3 Z-3.55 I0.3 J0.
N1095 X-0.3 Z-3.675 I-0.3 J0.
N1100 X0.3 Z-3.8 I0.3 J0.
N1105 X-0.3 Z-3.925 I-0.3 J0.
N1110 X0.3 Z-4.05 I0.3 J0.
N1115 X-0.3 Z-4.175 I-0.3 J0.
N1120 X0.3 Z-4.3 I0.3 J0.
N1125 X-0.3 Z-4.425 I-0.3 J0.
N1130 X0.3 Z-4.55 I0.3 J0.
N1135 X-0.3 Z-4.675 I-0.3 J0.
N1140 X0.3 Z-4.8 I0.3 J0.
N1145 X-0.3 Z-4.925 I-0.3 J0.
N1150 X0.3 Z-5.05 I0.3 J0.
N1155 X-0.3 Z-5.175 I-0.3 J0.
N1160 X0.3 Z-5.3 I0.3 J0.
N1165 X-0.3 Z-5.425 I-0.3 J0.
N1170 X0.3 Z-5.55 I0.3 J0.
N1175 X-0.3 Z-5.675 I-0.3 J0.
N1180 X0.3 Z-5.8 I0.3 J0.
N1185 X-0.3 Z-5.925 I-0.3 J0.
N1190 X0.3 Z-6.05 I0.3 J0.
N1195 X-0.3 Z-6.175 I-0.3 J0.
N1200 X0.3 Z-6.3 I0.3 J0.
N1205 X-0.3 Z-6.425 I-0.3 J0.
N1210 X0.3 Z-6.55 I0.3 J0.
N1215 X-0.3 Z-6.675 I-0.3 J0.
N1220 X0.3 Z-6.8 I0.3 J0.
N1225 X-0.3 Z-6.925 I-0.3 J0.
N1230 X0.3 Z-7.05 I0.3 J0.
N1235 X-0.3 Z-7.175 I-0.3 J0.
N1240 X0.3 Z-7.3 I0.3 J0.
N1245 X-0.3 Z-7.425 I-0.3 J0.
N1250 X0.3 Z-7.55 I0.3 J0.
N1255 X-0.3 Z-7.675 I-0.3 J0.
N1260 X0.3 Z-7.8 I0.3 J0.
N1265 X-0.3 Z-7.925 I-0.3 J0.
N1270 X0.3 Z-8.05 I0.3 J0.
N1275 X-0.3 Z-8.175 I-0.3 J0.
N1280 X0.3 Z-8.3 I0.3 J0.
N1285 X-0.3 Z-8.425 I-0.3 J0.
N1290 X0.3 Z-8.55 I0.3 J0.
N1295 X-0.3 Z-8.675 I-0.3 J0.
N1300 X0.3 Z-8.8 I0.3 J0.
N1305 X-0.3 Z-8.925 I-0.3 J0.
N1310 X0.3 Z-9.05 I0.3 J0.
N1315 X-0.3 Z-9.175 I-0.3 J0.
N1320 X0.3 Z-9.3 I0.3 J0.
N1325 X-0.3 Z-9.425 I-0.3 J0.
N1330 X0.3 Z-9.55 I0.3 J0.
N1335 X-0.3 Z-9.675 I-0.3 J0.
N1340 X0.3 Z-9.8 I0.3 J0.
N1345 X-0.3 Z-9.925 I-0.3 J0.
N1350 X0.3 Z-10.05 I0.3 J0.
N1355 X-0.3 Z-10.175 I-0.3 J0.
N1360 X0.3 Z-10.3 I0.3 J0.
N1365 X-0.3 Z-10.425 I-0.3 J0.
N1370 X0.3 Z-10.55 I0.3 J0.
N1375 X-0.3 Z-10.675 I-0.3 J0.
N1380 X0.3 Z-10.8 I0.3 J0.
N1385 X-0.3 Z-10.925 I-0.3 J0.
N1390 X0.3 Z-11.05 I0.3 J0.
N1395 X-0.3 Z-11.175 I-0.3 J0.
N1400 X0.3 Z-11.3 I0.3 J0.
N1405 X-0.3 Z-11.425 I-0.3 J0.
N1410 X0.3 Z-11.55 I0.3 J0.
N1415 X-0.3 Z-11.675 I-0.3 J0.
N1420 X0.3 Z-11.8 I0.3 J0.
N1425 X-0.3 Z-11.925 I-0.3 J0.
N1430 X0.3 Z-12.05 I0.3 J0.
N1435 X-0.3 Z-12.175 I-0.3 J0.
N1440 X0.3 Z-12.3 I0.3 J0.
N1445 X-0.3 Z-12.425 I-0.3 J0.
N1450 X0.3 Z-12.55 I0.3 J0.
N1455 X-0.3 Z-12.675 I-0.3 J0.
N1460 X0.3 Z-12.8 I0.3 J0.
N1465 X-0.3 Z-12.925 I-0.3 J0.
N1470 X0.3 Z-13.05 I0.3 J0.
N1475 X-0.3 Z-13.175 I-0.3 J0.
N1480 X0.3 Z-13.3 I0.3 J0.
N1485 X-0.3 Z-13.425 I-0.3 J0.
N1490 X0.3 Z-13.55 I0.3 J0.
N1495 X-0.3 Z-13.675 I-0.3 J0.
N1500 X0.3 Z-13.8 I0.3 J0.
N1505 X-0.3 Z-13.925 I-0.3 J0.
N1510 X0.3 Z-14.05 I0.3 J0.
N1515 X-0.3 Z-14.175 I-0.3 J0.
N1520 X0.3 Z-14.3 I0.3 J0.
N1525 X-0.3 Z-14.425 I-0.3 J0.
N1530 X0.3 Z-14.55 I0.3 J0.
N1535 X-0.3 Z-14.675 I-0.3 J0.
N1540 X0.3 Z-14.8 I0.3 J0.
N1545 X-0.3 Z-14.925 I-0.3 J0.
N1550 X0.3 Z-15.05 I0.3 J0.
N1555 X-0.3 Z-15.175 I-0.3 J0.
N1560 X0.3 Z-15.3 I0.3 J0.
N1565 X-0.3 Z-15.425 I-0.3 J0.
N1570 X0.3 Z-15.55 I0.3 J0.
N1575 X-0.3 Z-15.675 I-0.3 J0.
N1580 X0.3 Z-15.8 I0.3 J0.
N1585 X-0.3 Z-15.925 I-0.3 J0.
N1590 X0.3 Z-16.05 I0.3 J0.
N1595 X-0.3 Z-16.175 I-0.3 J0.
N1600 X0.3 Z-16.3 I0.3 J0.
N1605 X-0.3 Z-16.425 I-0.3 J0.
N1610 X0.3 Z-16.55 I0.3 J0.
N1615 X-0.3 Z-16.675 I-0.3 J0.
N1620 X0.3 Z-16.8 I0.3 J0.
N1625 X-0.3 Z-16.925 I-0.3 J0.
N1630 X0.3 Z-17.05 I0.3 J0.
N1635 X-0.3 Z-17.175 I-0.3 J0.
N1640 X0.3 Z-17.3 I0.3 J0.
N1645 X-0.3 Z-17.425 I-0.3 J0.
N1650 X0.3 Z-17.55 I0.3 J0.
N1655 X-0.3 Z-17.675 I-0.3 J0.
N1660 X0.3 Z-17.8 I0.3 J0.
N1665 X-0.3 Z-17.925 I-0.3 J0.
N1670 X0.3 Z-18.05 I0.3 J0.
N1675 X-0.3 Z-18.175 I-0.3 J0.
N1680 X0.3 Z-18.3 I0.3 J0.
N1685 X-0.3 Z-18.425 I-0.3 J0.
N1690 X0.3 Z-18.55 I0.3 J0.
N1695 X-0.3 Z-18.675 I-0.3 J0.
N1700 X0.3 Z-18.8 I0.3 J0.
N1705 X-0.3 Z-18.925 I-0.3 J0.
N1710 X0.3 Z-19.05 I0.3 J0.
N1715 X-0.3 Z-19.175 I-0.3 J0.
N1720 X0.3 Z-19.3 I0.3 J0.
N1725 X-0.3 Z-19.425 I-0.3 J0.
N1730 X0.3 Z-19.55 I0.3 J0.
N1735 X-0.243 Y130.176 Z-19.65 I-0.3 J0.
N1740 X0.243 Y129.824 I0.243 J-0.176
N1745 X-0.243 Y130.176 I-0.243 J0.176
N1750 G1 X-0.264 Y130.135
N1755 X-0.271 Y130.088
N1760 X-0.264 Y130.042
N1765 X-0.243 Y130.
N1770 X-0.21 Y129.967
N1775 X0.033 Y129.79
N1780 Z5.
N1785 X129.85 Y129.85
N1790 Z1.1
N1795 Z-0.3
N1800 X130.15
N1805 X130.196 Y129.857
N1810 X130.238 Y129.879
N1815 X130.271 Y129.912
N1820 X130.293 Y129.954
N1825 X130.3 Y130.
N1830 G3 X129.7 Z-0.425 I-0.3 J0.
N1835 X130.3 Z-0.55 I0.3 J0.
N1840 X129.7 Z-0.675 I-0.3 J0.
N1845 X130.3 Z-0.8 I0.3 J0.
N1850 X129.7 Z-0.925 I-0.3 J0.
N1855 X130.3 Z-1.05 I0.3 J0.
N1860 X129.7 Z-1.175 I-0.3 J0.
N1865 X130.3 Z-1.3 I0.3 J0.
N1870 X129.7 Z-1.425 I-0.3 J0.
N1875 X130.3 Z-1.55 I0.3 J0.
N1880 X129.7 Z-1.675 I-0.3 J0.
N1885 X130.3 Z-1.8 I0.3 J0.
N1890 X129.7 Z-1.925 I-0.3 J0.
N1895 X130.3 Z-2.05 I0.3 J0.
N1900 X129.7 Z-2.175 I-0.3 J0.
N1905 X130.3 Z-2.3 I0.3 J0.
N1910 X129.7 Z-2.425 I-0.3 J0.
N1915 X130.3 Z-2.55 I0.3 J0.
N1920 X129.7 Z-2.675 I-0.3 J0.
N1925 X130.3 Z-2.8 I0.3 J0.
N1930 X129.7 Z-2.925 I-0.3 J0.
N1935 X130.3 Z-3.05 I0.3 J0.
N1940 X129.7 Z-3.175 I-0.3 J0.
N1945 X130.3 Z-3.3 I0.3 J0.
N1950 X129.7 Z-3.425 I-0.3 J0.
N1955 X130.3 Z-3.55 I0.3 J0.
N1960 X129.7 Z-3.675 I-0.3 J0.
N1965 X130.3 Z-3.8 I0.3 J0.
N1970 X129.7 Z-3.925 I-0.3 J0.
N1975 X130.3 Z-4.05 I0.3 J0.
N1980 X129.7 Z-4.175 I-0.3 J0.
N1985 X130.3 Z-4.3 I0.3 J0.
N1990 X129.7 Z-4.425 I-0.3 J0.
N1995 X130.3 Z-4.55 I0.3 J0.
N2000 X129.7 Z-4.675 I-0.3 J0.
N2005 X130.3 Z-4.8 I0.3 J0.
N2010 X129.7 Z-4.925 I-0.3 J0.
N2015 X130.3 Z-5.05 I0.3 J0.
N2020 X129.7 Z-5.175 I-0.3 J0.
N2025 X130.3 Z-5.3 I0.3 J0.
N2030 X129.7 Z-5.425 I-0.3 J0.
N2035 X130.3 Z-5.55 I0.3 J0.
N2040 X129.7 Z-5.675 I-0.3 J0.
N2045 X130.3 Z-5.8 I0.3 J0.
N2050 X129.7 Z-5.925 I-0.3 J0.
N2055 X130.3 Z-6.05 I0.3 J0.
N2060 X129.7 Z-6.175 I-0.3 J0.
N2065 X130.3 Z-6.3 I0.3 J0.
N2070 X129.7 Z-6.425 I-0.3 J0.
N2075 X130.3 Z-6.55 I0.3 J0.
N2080 X129.7 Z-6.675 I-0.3 J0.
N2085 X130.3 Z-6.8 I0.3 J0.
N2090 X129.7 Z-6.925 I-0.3 J0.
N2095 X130.3 Z-7.05 I0.3 J0.
N2100 X129.7 Z-7.175 I-0.3 J0.
N2105 X130.3 Z-7.3 I0.3 J0.
N2110 X129.7 Z-7.425 I-0.3 J0.
N2115 X130.3 Z-7.55 I0.3 J0.
N2120 X129.7 Z-7.675 I-0.3 J0.
N2125 X130.3 Z-7.8 I0.3 J0.
N2130 X129.7 Z-7.925 I-0.3 J0.
N2135 X130.3 Z-8.05 I0.3 J0.
N2140 X129.7 Z-8.175 I-0.3 J0.
N2145 X130.3 Z-8.3 I0.3 J0.
N2150 X129.7 Z-8.425 I-0.3 J0.
N2155 X130.3 Z-8.55 I0.3 J0.
N2160 X129.7 Z-8.675 I-0.3 J0.
N2165 X130.3 Z-8.8 I0.3 J0.
N2170 X129.7 Z-8.925 I-0.3 J0.
N2175 X130.3 Z-9.05 I0.3 J0.
N2180 X129.7 Z-9.175 I-0.3 J0.
N2185 X130.3 Z-9.3 I0.3 J0.
N2190 X129.7 Z-9.425 I-0.3 J0.
N2195 X130.3 Z-9.55 I0.3 J0.
N2200 X129.7 Z-9.675 I-0.3 J0.
N2205 X130.3 Z-9.8 I0.3 J0.
N2210 X129.7 Z-9.925 I-0.3 J0.
N2215 X130.3 Z-10.05 I0.3 J0.
N2220 X129.7 Z-10.175 I-0.3 J0.
N2225 X130.3 Z-10.3 I0.3 J0.
N2230 X129.7 Z-10.425 I-0.3 J0.
N2235 X130.3 Z-10.55 I0.3 J0.
N2240 X129.7 Z-10.675 I-0.3 J0.
N2245 X130.3 Z-10.8 I0.3 J0.
N2250 X129.7 Z-10.925 I-0.3 J0.
N2255 X130.3 Z-11.05 I0.3 J0.
N2260 X129.7 Z-11.175 I-0.3 J0.
N2265 X130.3 Z-11.3 I0.3 J0.
N2270 X129.7 Z-11.425 I-0.3 J0.
N2275 X130.3 Z-11.55 I0.3 J0.
N2280 X129.7 Z-11.675 I-0.3 J0.
N2285 X130.3 Z-11.8 I0.3 J0.
N2290 X129.7 Z-11.925 I-0.3 J0.
N2295 X130.3 Z-12.05 I0.3 J0.
N2300 X129.7 Z-12.175 I-0.3 J0.
N2305 X130.3 Z-12.3 I0.3 J0.
N2310 X129.7 Z-12.425 I-0.3 J0.
N2315 X130.3 Z-12.55 I0.3 J0.
N2320 X129.7 Z-12.675 I-0.3 J0.
N2325 X130.3 Z-12.8 I0.3 J0.
N2330 X129.7 Z-12.925 I-0.3 J0.
N2335 X130.3 Z-13.05 I0.3 J0.
N2340 X129.7 Z-13.175 I-0.3 J0.
N2345 X130.3 Z-13.3 I0.3 J0.
N2350 X129.7 Z-13.425 I-0.3 J0.
N2355 X130.3 Z-13.55 I0.3 J0.
N2360 X129.7 Z-13.675 I-0.3 J0.
N2365 X130.3 Z-13.8 I0.3 J0.
N2370 X129.7 Z-13.925 I-0.3 J0.
N2375 X130.3 Z-14.05 I0.3 J0.
N2380 X129.7 Z-14.175 I-0.3 J0.
N2385 X130.3 Z-14.3 I0.3 J0.
N2390 X129.7 Z-14.425 I-0.3 J0.
N2395 X130.3 Z-14.55 I0.3 J0.
N2400 X129.7 Z-14.675 I-0.3 J0.
N2405 X130.3 Z-14.8 I0.3 J0.
N2410 X129.7 Z-14.925 I-0.3 J0.
N2415 X130.3 Z-15.05 I0.3 J0.
N2420 X129.7 Z-15.175 I-0.3 J0.
N2425 X130.3 Z-15.3 I0.3 J0.
N2430 X129.7 Z-15.425 I-0.3 J0.
N2435 X130.3 Z-15.55 I0.3 J0.
N2440 X129.7 Z-15.675 I-0.3 J0.
N2445 X130.3 Z-15.8 I0.3 J0.
N2450 X129.7 Z-15.925 I-0.3 J0.
N2455 X130.3 Z-16.05 I0.3 J0.
N2460 X129.7 Z-16.175 I-0.3 J0.
N2465 X130.3 Z-16.3 I0.3 J0.
N2470 X129.7 Z-16.425 I-0.3 J0.
N2475 X130.3 Z-16.55 I0.3 J0.
N2480 X129.7 Z-16.675 I-0.3 J0.
N2485 X130.3 Z-16.8 I0.3 J0.
N2490 X129.7 Z-16.925 I-0.3 J0.
N2495 X130.3 Z-17.05 I0.3 J0.
N2500 X129.7 Z-17.175 I-0.3 J0.
N2505 X130.3 Z-17.3 I0.3 J0.
N2510 X129.7 Z-17.425 I-0.3 J0.
N2515 X130.3 Z-17.55 I0.3 J0.
N2520 X129.7 Z-17.675 I-0.3 J0.
N2525 X130.3 Z-17.8 I0.3 J0.
N2530 X129.7 Z-17.925 I-0.3 J0.
N2535 X130.3 Z-18.05 I0.3 J0.
N2540 X129.7 Z-18.175 I-0.3 J0.
N2545 X130.3 Z-18.3 I0.3 J0.
N2550 X129.7 Z-18.425 I-0.3 J0.
N2555 X130.3 Z-18.55 I0.3 J0.
N2560 X129.7 Z-18.675 I-0.3 J0.
N2565 X130.3 Z-18.8 I0.3 J0.
N2570 X129.7 Z-18.925 I-0.3 J0.
N2575 X130.3 Z-19.05 I0.3 J0.
N2580 X129.7 Z-19.175 I-0.3 J0.
N2585 X130.3 Z-19.3 I0.3 J0.
N2590 X129.7 Z-19.425 I-0.3 J0.
N2595 X130.3 Z-19.55 I0.3 J0.
N2600 X129.757 Y130.176 Z-19.65 I-0.3 J0.
N2605 X130.243 Y129.824 I0.243 J-0.176
N2610 X129.757 Y130.176 I-0.243 J0.176
N2615 G1 X129.736 Y130.135
N2620 X129.729 Y130.088
N2625 X129.736 Y130.042
N2630 X129.757 Y130.
N2635 X129.79 Y129.967
N2640 X130.033 Y129.79
N2645 Z5.
N2650 X129.85 Y-0.15
N2655 Z1.1
N2660 Z-0.3
N2665 X130.15
N2670 X130.196 Y-0.143
N2675 X130.238 Y-0.121
N2680 X130.271 Y-0.088
N2685 X130.293 Y-0.046
N2690 X130.3 Y0.
N2695 G3 X129.7 Z-0.425 I-0.3 J0.
N2700 X130.3 Z-0.55 I0.3 J0.
N2705 X129.7 Z-0.675 I-0.3 J0.
N2710 X130.3 Z-0.8 I0.3 J0.
N2715 X129.7 Z-0.925 I-0.3 J0.
N2720 X130.3 Z-1.05 I0.3 J0.
N2725 X129.7 Z-1.175 I-0.3 J0.
N2730 X130.3 Z-1.3 I0.3 J0.
N2735 X129.7 Z-1.425 I-0.3 J0.
N2740 X130.3 Z-1.55 I0.3 J0.
N2745 X129.7 Z-1.675 I-0.3 J0.
N2750 X130.3 Z-1.8 I0.3 J0.
N2755 X129.7 Z-1.925 I-0.3 J0.
N2760 X130.3 Z-2.05 I0.3 J0.
N2765 X129.7 Z-2.175 I-0.3 J0.
N2770 X130.3 Z-2.3 I0.3 J0.
N2775 X129.7 Z-2.425 I-0.3 J0.
N2780 X130.3 Z-2.55 I0.3 J0.
N2785 X129.7 Z-2.675 I-0.3 J0.
N2790 X130.3 Z-2.8 I0.3 J0.
N2795 X129.7 Z-2.925 I-0.3 J0.
N2800 X130.3 Z-3.05 I0.3 J0.
N2805 X129.7 Z-3.175 I-0.3 J0.
N2810 X130.3 Z-3.3 I0.3 J0.
N2815 X129.7 Z-3.425 I-0.3 J0.
N2820 X130.3 Z-3.55 I0.3 J0.
N2825 X129.7 Z-3.675 I-0.3 J0.
N2830 X130.3 Z-3.8 I0.3 J0.
N2835 X129.7 Z-3.925 I-0.3 J0.
N2840 X130.3 Z-4.05 I0.3 J0.
N2845 X129.7 Z-4.175 I-0.3 J0.
N2850 X130.3 Z-4.3 I0.3 J0.
N2855 X129.7 Z-4.425 I-0.3 J0.
N2860 X130.3 Z-4.55 I0.3 J0.
N2865 X129.7 Z-4.675 I-0.3 J0.
N2870 X130.3 Z-4.8 I0.3 J0.
N2875 X129.7 Z-4.925 I-0.3 J0.
N2880 X130.3 Z-5.05 I0.3 J0.
N2885 X129.7 Z-5.175 I-0.3 J0.
N2890 X130.3 Z-5.3 I0.3 J0.
N2895 X129.7 Z-5.425 I-0.3 J0.
N2900 X130.3 Z-5.55 I0.3 J0.
N2905 X129.7 Z-5.675 I-0.3 J0.
N2910 X130.3 Z-5.8 I0.3 J0.
N2915 X129.7 Z-5.925 I-0.3 J0.
N2920 X130.3 Z-6.05 I0.3 J0.
N2925 X129.7 Z-6.175 I-0.3 J0.
N2930 X130.3 Z-6.3 I0.3 J0.
N2935 X129.7 Z-6.425 I-0.3 J0.
N2940 X130.3 Z-6.55 I0.3 J0.
N2945 X129.7 Z-6.675 I-0.3 J0.
N2950 X130.3 Z-6.8 I0.3 J0.
N2955 X129.7 Z-6.925 I-0.3 J0.
N2960 X130.3 Z-7.05 I0.3 J0.
N2965 X129.7 Z-7.175 I-0.3 J0.
N2970 X130.3 Z-7.3 I0.3 J0.
N2975 X129.7 Z-7.425 I-0.3 J0.
N2980 X130.3 Z-7.55 I0.3 J0.
N2985 X129.7 Z-7.675 I-0.3 J0.
N2990 X130.3 Z-7.8 I0.3 J0.
N2995 X129.7 Z-7.925 I-0.3 J0.
N3000 X130.3 Z-8.05 I0.3 J0.
N3005 X129.7 Z-8.175 I-0.3 J0.
N3010 X130.3 Z-8.3 I0.3 J0.
N3015 X129.7 Z-8.425 I-0.3 J0.
N3020 X130.3 Z-8.55 I0.3 J0.
N3025 X129.7 Z-8.675 I-0.3 J0.
N3030 X130.3 Z-8.8 I0.3 J0.
N3035 X129.7 Z-8.925 I-0.3 J0.
N3040 X130.3 Z-9.05 I0.3 J0.
N3045 X129.7 Z-9.175 I-0.3 J0.
N3050 X130.3 Z-9.3 I0.3 J0.
N3055 X129.7 Z-9.425 I-0.3 J0.
N3060 X130.3 Z-9.55 I0.3 J0.
N3065 X129.7 Z-9.675 I-0.3 J0.
N3070 X130.3 Z-9.8 I0.3 J0.
N3075 X129.7 Z-9.925 I-0.3 J0.
N3080 X130.3 Z-10.05 I0.3 J0.
N3085 X129.7 Z-10.175 I-0.3 J0.
N3090 X130.3 Z-10.3 I0.3 J0.
N3095 X129.7 Z-10.425 I-0.3 J0.
N3100 X130.3 Z-10.55 I0.3 J0.
N3105 X129.7 Z-10.675 I-0.3 J0.
N3110 X130.3 Z-10.8 I0.3 J0.
N3115 X129.7 Z-10.925 I-0.3 J0.
N3120 X130.3 Z-11.05 I0.3 J0.
N3125 X129.7 Z-11.175 I-0.3 J0.
N3130 X130.3 Z-11.3 I0.3 J0.
N3135 X129.7 Z-11.425 I-0.3 J0.
N3140 X130.3 Z-11.55 I0.3 J0.
N3145 X129.7 Z-11.675 I-0.3 J0.
N3150 X130.3 Z-11.8 I0.3 J0.
N3155 X129.7 Z-11.925 I-0.3 J0.
N3160 X130.3 Z-12.05 I0.3 J0.
N3165 X129.7 Z-12.175 I-0.3 J0.
N3170 X130.3 Z-12.3 I0.3 J0.
N3175 X129.7 Z-12.425 I-0.3 J0.
N3180 X130.3 Z-12.55 I0.3 J0.
N3185 X129.7 Z-12.675 I-0.3 J0.
N3190 X130.3 Z-12.8 I0.3 J0.
N3195 X129.7 Z-12.925 I-0.3 J0.
N3200 X130.3 Z-13.05 I0.3 J0.
N3205 X129.7 Z-13.175 I-0.3 J0.
N3210 X130.3 Z-13.3 I0.3 J0.
N3215 X129.7 Z-13.425 I-0.3 J0.
N3220 X130.3 Z-13.55 I0.3 J0.
N3225 X129.7 Z-13.675 I-0.3 J0.
N3230 X130.3 Z-13.8 I0.3 J0.
N3235 X129.7 Z-13.925 I-0.3 J0.
N3240 X130.3 Z-14.05 I0.3 J0.
N3245 X129.7 Z-14.175 I-0.3 J0.
N3250 X130.3 Z-14.3 I0.3 J0.
N3255 X129.7 Z-14.425 I-0.3 J0.
N3260 X130.3 Z-14.55 I0.3 J0.
N3265 X129.7 Z-14.675 I-0.3 J0.
N3270 X130.3 Z-14.8 I0.3 J0.
N3275 X129.7 Z-14.925 I-0.3 J0.
N3280 X130.3 Z-15.05 I0.3 J0.
N3285 X129.7 Z-15.175 I-0.3 J0.
N3290 X130.3 Z-15.3 I0.3 J0.
N3295 X129.7 Z-15.425 I-0.3 J0.
N3300 X130.3 Z-15.55 I0.3 J0.
N3305 X129.7 Z-15.675 I-0.3 J0.
N3310 X130.3 Z-15.8 I0.3 J0.
N3315 X129.7 Z-15.925 I-0.3 J0.
N3320 X130.3 Z-16.05 I0.3 J0.
N3325 X129.7 Z-16.175 I-0.3 J0.
N3330 X130.3 Z-16.3 I0.3 J0.
N3335 X129.7 Z-16.425 I-0.3 J0.
N3340 X130.3 Z-16.55 I0.3 J0.
N3345 X129.7 Z-16.675 I-0.3 J0.
N3350 X130.3 Z-16.8 I0.3 J0.
N3355 X129.7 Z-16.925 I-0.3 J0.
N3360 X130.3 Z-17.05 I0.3 J0.
N3365 X129.7 Z-17.175 I-0.3 J0.
N3370 X130.3 Z-17.3 I0.3 J0.
N3375 X129.7 Z-17.425 I-0.3 J0.
N3380 X130.3 Z-17.55 I0.3 J0.
N3385 X129.7 Z-17.675 I-0.3 J0.
N3390 X130.3 Z-17.8 I0.3 J0.
N3395 X129.7 Z-17.925 I-0.3 J0.
N3400 X130.3 Z-18.05 I0.3 J0.
N3405 X129.7 Z-18.175 I-0.3 J0.
N3410 X130.3 Z-18.3 I0.3 J0.
N3415 X129.7 Z-18.425 I-0.3 J0.
N3420 X130.3 Z-18.55 I0.3 J0.
N3425 X129.7 Z-18.675 I-0.3 J0.
N3430 X130.3 Z-18.8 I0.3 J0.
N3435 X129.7 Z-18.925 I-0.3 J0.
N3440 X130.3 Z-19.05 I0.3 J0.
N3445 X129.7 Z-19.175 I-0.3 J0.
N3450 X130.3 Z-19.3 I0.3 J0.
N3455 X129.7 Z-19.425 I-0.3 J0.
N3460 X130.3 Z-19.55 I0.3 J0.
N3465 X129.757 Y0.176 Z-19.65 I-0.3 J0.
N3470 X130.243 Y-0.176 I0.243 J-0.176
N3475 X129.757 Y0.176 I-0.243 J0.176
N3480 G1 X129.736 Y0.135
N3485 X129.729 Y0.088
N3490 X129.736 Y0.042
N3495 X129.757 Y0.
N3500 X129.79 Y-0.033
N3505 X130.033 Y-0.21
N3510 Z5.
N3515 X-0.15 Y-0.15
N3520 Z1.1
N3525 Z-0.3
N3530 X0.15
N3535 X0.196 Y-0.143
N3540 X0.238 Y-0.121
N3545 X0.271 Y-0.088
N3550 X0.293 Y-0.046
N3555 X0.3 Y0.
N3560 G3 X-0.3 Z-0.425 I-0.3 J0.
N3565 X0.3 Z-0.55 I0.3 J0.
N3570 X-0.3 Z-0.675 I-0.3 J0.
N3575 X0.3 Z-0.8 I0.3 J0.
N3580 X-0.3 Z-0.925 I-0.3 J0.
N3585 X0.3 Z-1.05 I0.3 J0.
N3590 X-0.3 Z-1.175 I-0.3 J0.
N3595 X0.3 Z-1.3 I0.3 J0.
N3600 X-0.3 Z-1.425 I-0.3 J0.
N3605 X0.3 Z-1.55 I0.3 J0.
N3610 X-0.3 Z-1.675 I-0.3 J0.
N3615 X0.3 Z-1.8 I0.3 J0.
N3620 X-0.3 Z-1.925 I-0.3 J0.
N3625 X0.3 Z-2.05 I0.3 J0.
N3630 X-0.3 Z-2.175 I-0.3 J0.
N3635 X0.3 Z-2.3 I0.3 J0.
N3640 X-0.3 Z-2.425 I-0.3 J0.
N3645 X0.3 Z-2.55 I0.3 J0.
N3650 X-0.3 Z-2.675 I-0.3 J0.
N3655 X0.3 Z-2.8 I0.3 J0.
N3660 X-0.3 Z-2.925 I-0.3 J0.
N3665 X0.3 Z-3.05 I0.3 J0.
N3670 X-0.3 Z-3.175 I-0.3 J0.
N3675 X0.3 Z-3.3 I0.3 J0.
N3680 X-0.3 Z-3.425 I-0.3 J0.
N3685 X0.3 Z-3.55 I0.3 J0.
N3690 X-0.3 Z-3.675 I-0.3 J0.
N3695 X0.3 Z-3.8 I0.3 J0.
N3700 X-0.3 Z-3.925 I-0.3 J0.
N3705 X0.3 Z-4.05 I0.3 J0.
N3710 X-0.3 Z-4.175 I-0.3 J0.
N3715 X0.3 Z-4.3 I0.3 J0.
N3720 X-0.3 Z-4.425 I-0.3 J0.
N3725 X0.3 Z-4.55 I0.3 J0.
N3730 X-0.3 Z-4.675 I-0.3 J0.
N3735 X0.3 Z-4.8 I0.3 J0.
N3740 X-0.3 Z-4.925 I-0.3 J0.
N3745 X0.3 Z-5.05 I0.3 J0.
N3750 X-0.3 Z-5.175 I-0.3 J0.
N3755 X0.3 Z-5.3 I0.3 J0.
N3760 X-0.3 Z-5.425 I-0.3 J0.
N3765 X0.3 Z-5.55 I0.3 J0.
N3770 X-0.3 Z-5.675 I-0.3 J0.
N3775 X0.3 Z-5.8 I0.3 J0.
N3780 X-0.3 Z-5.925 I-0.3 J0.
N3785 X0.3 Z-6.05 I0.3 J0.
N3790 X-0.3 Z-6.175 I-0.3 J0.
N3795 X0.3 Z-6.3 I0.3 J0.
N3800 X-0.3 Z-6.425 I-0.3 J0.
N3805 X0.3 Z-6.55 I0.3 J0.
N3810 X-0.3 Z-6.675 I-0.3 J0.
N3815 X0.3 Z-6.8 I0.3 J0.
N3820 X-0.3 Z-6.925 I-0.3 J0.
N3825 X0.3 Z-7.05 I0.3 J0.
N3830 X-0.3 Z-7.175 I-0.3 J0.
N3835 X0.3 Z-7.3 I0.3 J0.
N3840 X-0.3 Z-7.425 I-0.3 J0.
N3845 X0.3 Z-7.55 I0.3 J0.
N3850 X-0.3 Z-7.675 I-0.3 J0.
N3855 X0.3 Z-7.8 I0.3 J0.
N3860 X-0.3 Z-7.925 I-0.3 J0.
N3865 X0.3 Z-8.05 I0.3 J0.
N3870 X-0.3 Z-8.175 I-0.3 J0.
N3875 X0.3 Z-8.3 I0.3 J0.
N3880 X-0.3 Z-8.425 I-0.3 J0.
N3885 X0.3 Z-8.55 I0.3 J0.
N3890 X-0.3 Z-8.675 I-0.3 J0.
N3895 X0.3 Z-8.8 I0.3 J0.
N3900 X-0.3 Z-8.925 I-0.3 J0.
N3905 X0.3 Z-9.05 I0.3 J0.
N3910 X-0.3 Z-9.175 I-0.3 J0.
N3915 X0.3 Z-9.3 I0.3 J0.
N3920 X-0.3 Z-9.425 I-0.3 J0.
N3925 X0.3 Z-9.55 I0.3 J0.
N3930 X-0.3 Z-9.675 I-0.3 J0.
N3935 X0.3 Z-9.8 I0.3 J0.
N3940 X-0.3 Z-9.925 I-0.3 J0.
N3945 X0.3 Z-10.05 I0.3 J0.
N3950 X-0.3 Z-10.175 I-0.3 J0.
N3955 X0.3 Z-10.3 I0.3 J0.
N3960 X-0.3 Z-10.425 I-0.3 J0.
N3965 X0.3 Z-10.55 I0.3 J0.
N3970 X-0.3 Z-10.675 I-0.3 J0.
N3975 X0.3 Z-10.8 I0.3 J0.
N3980 X-0.3 Z-10.925 I-0.3 J0.
N3985 X0.3 Z-11.05 I0.3 J0.
N3990 X-0.3 Z-11.175 I-0.3 J0.
N3995 X0.3 Z-11.3 I0.3 J0.
N4000 X-0.3 Z-11.425 I-0.3 J0.
N4005 X0.3 Z-11.55 I0.3 J0.
N4010 X-0.3 Z-11.675 I-0.3 J0.
N4015 X0.3 Z-11.8 I0.3 J0.
N4020 X-0.3 Z-11.925 I-0.3 J0.
N4025 X0.3 Z-12.05 I0.3 J0.
N4030 X-0.3 Z-12.175 I-0.3 J0.
N4035 X0.3 Z-12.3 I0.3 J0.
N4040 X-0.3 Z-12.425 I-0.3 J0.
N4045 X0.3 Z-12.55 I0.3 J0.
N4050 X-0.3 Z-12.675 I-0.3 J0.
N4055 X0.3 Z-12.8 I0.3 J0.
N4060 X-0.3 Z-12.925 I-0.3 J0.
N4065 X0.3 Z-13.05 I0.3 J0.
N4070 X-0.3 Z-13.175 I-0.3 J0.
N4075 X0.3 Z-13.3 I0.3 J0.
N4080 X-0.3 Z-13.425 I-0.3 J0.
N4085 X0.3 Z-13.55 I0.3 J0.
N4090 X-0.3 Z-13.675 I-0.3 J0.
N4095 X0.3 Z-13.8 I0.3 J0.
N4100 X-0.3 Z-13.925 I-0.3 J0.
N4105 X0.3 Z-14.05 I0.3 J0.
N4110 X-0.3 Z-14.175 I-0.3 J0.
N4115 X0.3 Z-14.3 I0.3 J0.
N4120 X-0.3 Z-14.425 I-0.3 J0.
N4125 X0.3 Z-14.55 I0.3 J0.
N4130 X-0.3 Z-14.675 I-0.3 J0.
N4135 X0.3 Z-14.8 I0.3 J0.
N4140 X-0.3 Z-14.925 I-0.3 J0.
N4145 X0.3 Z-15.05 I0.3 J0.
N4150 X-0.3 Z-15.175 I-0.3 J0.
N4155 X0.3 Z-15.3 I0.3 J0.
N4160 X-0.3 Z-15.425 I-0.3 J0.
N4165 X0.3 Z-15.55 I0.3 J0.
N4170 X-0.3 Z-15.675 I-0.3 J0.
N4175 X0.3 Z-15.8 I0.3 J0.
N4180 X-0.3 Z-15.925 I-0.3 J0.
N4185 X0.3 Z-16.05 I0.3 J0.
N4190 X-0.3 Z-16.175 I-0.3 J0.
N4195 X0.3 Z-16.3 I0.3 J0.
N4200 X-0.3 Z-16.425 I-0.3 J0.
N4205 X0.3 Z-16.55 I0.3 J0.
N4210 X-0.3 Z-16.675 I-0.3 J0.
N4215 X0.3 Z-16.8 I0.3 J0.
N4220 X-0.3 Z-16.925 I-0.3 J0.
N4225 X0.3 Z-17.05 I0.3 J0.
N4230 X-0.3 Z-17.175 I-0.3 J0.
N4235 X0.3 Z-17.3 I0.3 J0.
N4240 X-0.3 Z-17.425 I-0.3 J0.
N4245 X0.3 Z-17.55 I0.3 J0.
N4250 X-0.3 Z-17.675 I-0.3 J0.
N4255 X0.3 Z-17.8 I0.3 J0.
N4260 X-0.3 Z-17.925 I-0.3 J0.
N4265 X0.3 Z-18.05 I0.3 J0.
N4270 X-0.3 Z-18.175 I-0.3 J0.
N4275 X0.3 Z-18.3 I0.3 J0.
N4280 X-0.3 Z-18.425 I-0.3 J0.
N4285 X0.3 Z-18.55 I0.3 J0.
N4290 X-0.3 Z-18.675 I-0.3 J0.
N4295 X0.3 Z-18.8 I0.3 J0.
N4300 X-0.3 Z-18.925 I-0.3 J0.
N4305 X0.3 Z-19.05 I0.3 J0.
N4310 X-0.3 Z-19.175 I-0.3 J0.
N4315 X0.3 Z-19.3 I0.3 J0.
N4320 X-0.3 Z-19.425 I-0.3 J0.
N4325 X0.3 Z-19.55 I0.3 J0.
N4330 X-0.243 Y0.176 Z-19.65 I-0.3 J0.
N4335 X0.243 Y-0.176 I0.243 J-0.176
N4340 X-0.243 Y0.176 I-0.243 J0.176
N4345 G1 X-0.264 Y0.135
N4350 X-0.271 Y0.088
N4355 X-0.264 Y0.042
N4360 X-0.243 Y0.
N4365 X-0.21 Y-0.033
N4370 X0.033 Y-0.21
N4375 Z5.
N4380 X-130.15 Y-0.15
N4385 Z1.1
N4390 Z-0.3
N4395 X-129.85
N4400 X-129.804 Y-0.143
N4405 X-129.762 Y-0.121
N4410 X-129.729 Y-0.088
N4415 X-129.707 Y-0.046
N4420 X-129.7 Y0.
N4425 G3 X-130.3 Z-0.425 I-0.3 J0.
N4430 X-129.7 Z-0.55 I0.3 J0.
N4435 X-130.3 Z-0.675 I-0.3 J0.
N4440 X-129.7 Z-0.8 I0.3 J0.
N4445 X-130.3 Z-0.925 I-0.3 J0.
N4450 X-129.7 Z-1.05 I0.3 J0.
N4455 X-130.3 Z-1.175 I-0.3 J0.
N4460 X-129.7 Z-1.3 I0.3 J0.
N4465 X-130.3 Z-1.425 I-0.3 J0.
N4470 X-129.7 Z-1.55 I0.3 J0.
N4475 X-130.3 Z-1.675 I-0.3 J0.
N4480 X-129.7 Z-1.8 I0.3 J0.
N4485 X-130.3 Z-1.925 I-0.3 J0.
N4490 X-129.7 Z-2.05 I0.3 J0.
N4495 X-130.3 Z-2.175 I-0.3 J0.
N4500 X-129.7 Z-2.3 I0.3 J0.
N4505 X-130.3 Z-2.425 I-0.3 J0.
N4510 X-129.7 Z-2.55 I0.3 J0.
N4515 X-130.3 Z-2.675 I-0.3 J0.
N4520 X-129.7 Z-2.8 I0.3 J0.
N4525 X-130.3 Z-2.925 I-0.3 J0.
N4530 X-129.7 Z-3.05 I0.3 J0.
N4535 X-130.3 Z-3.175 I-0.3 J0.
N4540 X-129.7 Z-3.3 I0.3 J0.
N4545 X-130.3 Z-3.425 I-0.3 J0.
N4550 X-129.7 Z-3.55 I0.3 J0.
N4555 X-130.3 Z-3.675 I-0.3 J0.
N4560 X-129.7 Z-3.8 I0.3 J0.
N4565 X-130.3 Z-3.925 I-0.3 J0.
N4570 X-129.7 Z-4.05 I0.3 J0.
N4575 X-130.3 Z-4.175 I-0.3 J0.
N4580 X-129.7 Z-4.3 I0.3 J0.
N4585 X-130.3 Z-4.425 I-0.3 J0.
N4590 X-129.7 Z-4.55 I0.3 J0.
N4595 X-130.3 Z-4.675 I-0.3 J0.
N4600 X-129.7 Z-4.8 I0.3 J0.
N4605 X-130.3 Z-4.925 I-0.3 J0.
N4610 X-129.7 Z-5.05 I0.3 J0.
N4615 X-130.3 Z-5.175 I-0.3 J0.
N4620 X-129.7 Z-5.3 I0.3 J0.
N4625 X-130.3 Z-5.425 I-0.3 J0.
N4630 X-129.7 Z-5.55 I0.3 J0.
N4635 X-130.3 Z-5.675 I-0.3 J0.
N4640 X-129.7 Z-5.8 I0.3 J0.
N4645 X-130.3 Z-5.925 I-0.3 J0.
N4650 X-129.7 Z-6.05 I0.3 J0.
N4655 X-130.3 Z-6.175 I-0.3 J0.
N4660 X-129.7 Z-6.3 I0.3 J0.
N4665 X-130.3 Z-6.425 I-0.3 J0.
N4670 X-129.7 Z-6.55 I0.3 J0.
N4675 X-130.3 Z-6.675 I-0.3 J0.
N4680 X-129.7 Z-6.8 I0.3 J0.
N4685 X-130.3 Z-6.925 I-0.3 J0.
N4690 X-129.7 Z-7.05 I0.3 J0.
N4695 X-130.3 Z-7.175 I-0.3 J0.
N4700 X-129.7 Z-7.3 I0.3 J0.
N4705 X-130.3 Z-7.425 I-0.3 J0.
N4710 X-129.7 Z-7.55 I0.3 J0.
N4715 X-130.3 Z-7.675 I-0.3 J0.
N4720 X-129.7 Z-7.8 I0.3 J0.
N4725 X-130.3 Z-7.925 I-0.3 J0.
N4730 X-129.7 Z-8.05 I0.3 J0.
N4735 X-130.3 Z-8.175 I-0.3 J0.
N4740 X-129.7 Z-8.3 I0.3 J0.
N4745 X-130.3 Z-8.425 I-0.3 J0.
N4750 X-129.7 Z-8.55 I0.3 J0.
N4755 X-130.3 Z-8.675 I-0.3 J0.
N4760 X-129.7 Z-8.8 I0.3 J0.
N4765 X-130.3 Z-8.925 I-0.3 J0.
N4770 X-129.7 Z-9.05 I0.3 J0.
N4775 X-130.3 Z-9.175 I-0.3 J0.
N4780 X-129.7 Z-9.3 I0.3 J0.
N4785 X-130.3 Z-9.425 I-0.3 J0.
N4790 X-129.7 Z-9.55 I0.3 J0.
N4795 X-130.3 Z-9.675 I-0.3 J0.
N4800 X-129.7 Z-9.8 I0.3 J0.
N4805 X-130.3 Z-9.925 I-0.3 J0.
N4810 X-129.7 Z-10.05 I0.3 J0.
N4815 X-130.3 Z-10.175 I-0.3 J0.
N4820 X-129.7 Z-10.3 I0.3 J0.
N4825 X-130.3 Z-10.425 I-0.3 J0.
N4830 X-129.7 Z-10.55 I0.3 J0.
N4835 X-130.3 Z-10.675 I-0.3 J0.
N4840 X-129.7 Z-10.8 I0.3 J0.
N4845 X-130.3 Z-10.925 I-0.3 J0.
N4850 X-129.7 Z-11.05 I0.3 J0.
N4855 X-130.3 Z-11.175 I-0.3 J0.
N4860 X-129.7 Z-11.3 I0.3 J0.
N4865 X-130.3 Z-11.425 I-0.3 J0.
N4870 X-129.7 Z-11.55 I0.3 J0.
N4875 X-130.3 Z-11.675 I-0.3 J0.
N4880 X-129.7 Z-11.8 I0.3 J0.
N4885 X-130.3 Z-11.925 I-0.3 J0.
N4890 X-129.7 Z-12.05 I0.3 J0.
N4895 X-130.3 Z-12.175 I-0.3 J0.
N4900 X-129.7 Z-12.3 I0.3 J0.
N4905 X-130.3 Z-12.425 I-0.3 J0.
N4910 X-129.7 Z-12.55 I0.3 J0.
N4915 X-130.3 Z-12.675 I-0.3 J0.
N4920 X-129.7 Z-12.8 I0.3 J0.
N4925 X-130.3 Z-12.925 I-0.3 J0.
N4930 X-129.7 Z-13.05 I0.3 J0.
N4935 X-130.3 Z-13.175 I-0.3 J0.
N4940 X-129.7 Z-13.3 I0.3 J0.
N4945 X-130.3 Z-13.425 I-0.3 J0.
N4950 X-129.7 Z-13.55 I0.3 J0.
N4955 X-130.3 Z-13.675 I-0.3 J0.
N4960 X-129.7 Z-13.8 I0.3 J0.
N4965 X-130.3 Z-13.925 I-0.3 J0.
N4970 X-129.7 Z-14.05 I0.3 J0.
N4975 X-130.3 Z-14.175 I-0.3 J0.
N4980 X-129.7 Z-14.3 I0.3 J0.
N4985 X-130.3 Z-14.425 I-0.3 J0.
N4990 X-129.7 Z-14.55 I0.3 J0.
N4995 X-130.3 Z-14.675 I-0.3 J0.
N5000 X-129.7 Z-14.8 I0.3 J0.
N5005 X-130.3 Z-14.925 I-0.3 J0.
N5010 X-129.7 Z-15.05 I0.3 J0.
N5015 X-130.3 Z-15.175 I-0.3 J0.
N5020 X-129.7 Z-15.3 I0.3 J0.
N5025 X-130.3 Z-15.425 I-0.3 J0.
N5030 X-129.7 Z-15.55 I0.3 J0.
N5035 X-130.3 Z-15.675 I-0.3 J0.
N5040 X-129.7 Z-15.8 I0.3 J0.
N5045 X-130.3 Z-15.925 I-0.3 J0.
N5050 X-129.7 Z-16.05 I0.3 J0.
N5055 X-130.3 Z-16.175 I-0.3 J0.
N5060 X-129.7 Z-16.3 I0.3 J0.
N5065 X-130.3 Z-16.425 I-0.3 J0.
N5070 X-129.7 Z-16.55 I0.3 J0.
N5075 X-130.3 Z-16.675 I-0.3 J0.
N5080 X-129.7 Z-16.8 I0.3 J0.
N5085 X-130.3 Z-16.925 I-0.3 J0.
N5090 X-129.7 Z-17.05 I0.3 J0.
N5095 X-130.3 Z-17.175 I-0.3 J0.
N5100 X-129.7 Z-17.3 I0.3 J0.
N5105 X-130.3 Z-17.425 I-0.3 J0.
N5110 X-129.7 Z-17.55 I0.3 J0.
N5115 X-130.3 Z-17.675 I-0.3 J0.
N5120 X-129.7 Z-17.8 I0.3 J0.
N5125 X-130.3 Z-17.925 I-0.3 J0.
N5130 X-129.7 Z-18.05 I0.3 J0.
N5135 X-130.3 Z-18.175 I-0.3 J0.
N5140 X-129.7 Z-18.3 I0.3 J0.
N5145 X-130.3 Z-18.425 I-0.3 J0.
N5150 X-129.7 Z-18.55 I0.3 J0.
N5155 X-130.3 Z-18.675 I-0.3 J0.
N5160 X-129.7 Z-18.8 I0.3 J0.
N5165 X-130.3 Z-18.925 I-0.3 J0.
N5170 X-129.7 Z-19.05 I0.3 J0.
N5175 X-130.3 Z-19.175 I-0.3 J0.
N5180 X-129.7 Z-19.3 I0.3 J0.
N5185 X-130.3 Z-19.425 I-0.3 J0.
N5190 X-129.7 Z-19.55 I0.3 J0.
N5195 X-130.243 Y0.176 Z-19.65 I-0.3 J0.
N5200 X-129.757 Y-0.176 I0.243 J-0.176
N5205 X-130.243 Y0.176 I-0.243 J0.176
N5210 G1 X-130.264 Y0.135
N5215 X-130.271 Y0.088
N5220 X-130.264 Y0.042
N5225 X-130.243 Y0.
N5230 X-130.21 Y-0.033
N5235 X-129.967 Y-0.21
N5240 Z5.
N5245 X-130.15 Y-130.15
N5250 Z1.1
N5255 Z-0.3
N5260 X-129.85
N5265 X-129.804 Y-130.143
N5270 X-129.762 Y-130.121
N5275 X-129.729 Y-130.088
N5280 X-129.707 Y-130.046
N5285 X-129.7 Y-130.
N5290 G3 X-130.3 Z-0.425 I-0.3 J0.
N5295 X-129.7 Z-0.55 I0.3 J0.
N5300 X-130.3 Z-0.675 I-0.3 J0.
N5305 X-129.7 Z-0.8 I0.3 J0.
N5310 X-130.3 Z-0.925 I-0.3 J0.
N5315 X-129.7 Z-1.05 I0.3 J0.
N5320 X-130.3 Z-1.175 I-0.3 J0.
N5325 X-129.7 Z-1.3 I0.3 J0.
N5330 X-130.3 Z-1.425 I-0.3 J0.
N5335 X-129.7 Z-1.55 I0.3 J0.
N5340 X-130.3 Z-1.675 I-0.3 J0.
N5345 X-129.7 Z-1.8 I0.3 J0.
N5350 X-130.3 Z-1.925 I-0.3 J0.
N5355 X-129.7 Z-2.05 I0.3 J0.
N5360 X-130.3 Z-2.175 I-0.3 J0.
N5365 X-129.7 Z-2.3 I0.3 J0.
N5370 X-130.3 Z-2.425 I-0.3 J0.
N5375 X-129.7 Z-2.55 I0.3 J0.
N5380 X-130.3 Z-2.675 I-0.3 J0.
N5385 X-129.7 Z-2.8 I0.3 J0.
N5390 X-130.3 Z-2.925 I-0.3 J0.
N5395 X-129.7 Z-3.05 I0.3 J0.
N5400 X-130.3 Z-3.175 I-0.3 J0.
N5405 X-129.7 Z-3.3 I0.3 J0.
N5410 X-130.3 Z-3.425 I-0.3 J0.
N5415 X-129.7 Z-3.55 I0.3 J0.
N5420 X-130.3 Z-3.675 I-0.3 J0.
N5425 X-129.7 Z-3.8 I0.3 J0.
N5430 X-130.3 Z-3.925 I-0.3 J0.
N5435 X-129.7 Z-4.05 I0.3 J0.
N5440 X-130.3 Z-4.175 I-0.3 J0.
N5445 X-129.7 Z-4.3 I0.3 J0.
N5450 X-130.3 Z-4.425 I-0.3 J0.
N5455 X-129.7 Z-4.55 I0.3 J0.
N5460 X-130.3 Z-4.675 I-0.3 J0.
N5465 X-129.7 Z-4.8 I0.3 J0.
N5470 X-130.3 Z-4.925 I-0.3 J0.
N5475 X-129.7 Z-5.05 I0.3 J0.
N5480 X-130.3 Z-5.175 I-0.3 J0.
N5485 X-129.7 Z-5.3 I0.3 J0.
N5490 X-130.3 Z-5.425 I-0.3 J0.
N5495 X-129.7 Z-5.55 I0.3 J0.
N5500 X-130.3 Z-5.675 I-0.3 J0.
N5505 X-129.7 Z-5.8 I0.3 J0.
N5510 X-130.3 Z-5.925 I-0.3 J0.
N5515 X-129.7 Z-6.05 I0.3 J0.
N5520 X-130.3 Z-6.175 I-0.3 J0.
N5525 X-129.7 Z-6.3 I0.3 J0.
N5530 X-130.3 Z-6.425 I-0.3 J0.
N5535 X-129.7 Z-6.55 I0.3 J0.
N5540 X-130.3 Z-6.675 I-0.3 J0.
N5545 X-129.7 Z-6.8 I0.3 J0.
N5550 X-130.3 Z-6.925 I-0.3 J0.
N5555 X-129.7 Z-7.05 I0.3 J0.
N5560 X-130.3 Z-7.175 I-0.3 J0.
N5565 X-129.7 Z-7.3 I0.3 J0.
N5570 X-130.3 Z-7.425 I-0.3 J0.
N5575 X-129.7 Z-7.55 I0.3 J0.
N5580 X-130.3 Z-7.675 I-0.3 J0.
N5585 X-129.7 Z-7.8 I0.3 J0.
N5590 X-130.3 Z-7.925 I-0.3 J0.
N5595 X-129.7 Z-8.05 I0.3 J0.
N5600 X-130.3 Z-8.175 I-0.3 J0.
N5605 X-129.7 Z-8.3 I0.3 J0.
N5610 X-130.3 Z-8.425 I-0.3 J0.
N5615 X-129.7 Z-8.55 I0.3 J0.
N5620 X-130.3 Z-8.675 I-0.3 J0.
N5625 X-129.7 Z-8.8 I0.3 J0.
N5630 X-130.3 Z-8.925 I-0.3 J0.
N5635 X-129.7 Z-9.05 I0.3 J0.
N5640 X-130.3 Z-9.175 I-0.3 J0.
N5645 X-129.7 Z-9.3 I0.3 J0.
N5650 X-130.3 Z-9.425 I-0.3 J0.
N5655 X-129.7 Z-9.55 I0.3 J0.
N5660 X-130.3 Z-9.675 I-0.3 J0.
N5665 X-129.7 Z-9.8 I0.3 J0.
N5670 X-130.3 Z-9.925 I-0.3 J0.
N5675 X-129.7 Z-10.05 I0.3 J0.
N5680 X-130.3 Z-10.175 I-0.3 J0.
N5685 X-129.7 Z-10.3 I0.3 J0.
N5690 X-130.3 Z-10.425 I-0.3 J0.
N5695 X-129.7 Z-10.55 I0.3 J0.
N5700 X-130.3 Z-10.675 I-0.3 J0.
N5705 X-129.7 Z-10.8 I0.3 J0.
N5710 X-130.3 Z-10.925 I-0.3 J0.
N5715 X-129.7 Z-11.05 I0.3 J0.
N5720 X-130.3 Z-11.175 I-0.3 J0.
N5725 X-129.7 Z-11.3 I0.3 J0.
N5730 X-130.3 Z-11.425 I-0.3 J0.
N5735 X-129.7 Z-11.55 I0.3 J0.
N5740 X-130.3 Z-11.675 I-0.3 J0.
N5745 X-129.7 Z-11.8 I0.3 J0.
N5750 X-130.3 Z-11.925 I-0.3 J0.
N5755 X-129.7 Z-12.05 I0.3 J0.
N5760 X-130.3 Z-12.175 I-0.3 J0.
N5765 X-129.7 Z-12.3 I0.3 J0.
N5770 X-130.3 Z-12.425 I-0.3 J0.
N5775 X-129.7 Z-12.55 I0.3 J0.
N5780 X-130.3 Z-12.675 I-0.3 J0.
N5785 X-129.7 Z-12.8 I0.3 J0.
N5790 X-130.3 Z-12.925 I-0.3 J0.
N5795 X-129.7 Z-13.05 I0.3 J0.
N5800 X-130.3 Z-13.175 I-0.3 J0.
N5805 X-129.7 Z-13.3 I0.3 J0.
N5810 X-130.3 Z-13.425 I-0.3 J0.
N5815 X-129.7 Z-13.55 I0.3 J0.
N5820 X-130.3 Z-13.675 I-0.3 J0.
N5825 X-129.7 Z-13.8 I0.3 J0.
N5830 X-130.3 Z-13.925 I-0.3 J0.
N5835 X-129.7 Z-14.05 I0.3 J0.
N5840 X-130.3 Z-14.175 I-0.3 J0.
N5845 X-129.7 Z-14.3 I0.3 J0.
N5850 X-130.3 Z-14.425 I-0.3 J0.
N5855 X-129.7 Z-14.55 I0.3 J0.
N5860 X-130.3 Z-14.675 I-0.3 J0.
N5865 X-129.7 Z-14.8 I0.3 J0.
N5870 X-130.3 Z-14.925 I-0.3 J0.
N5875 X-129.7 Z-15.05 I0.3 J0.
N5880 X-130.3 Z-15.175 I-0.3 J0.
N5885 X-129.7 Z-15.3 I0.3 J0.
N5890 X-130.3 Z-15.425 I-0.3 J0.
N5895 X-129.7 Z-15.55 I0.3 J0.
N5900 X-130.3 Z-15.675 I-0.3 J0.
N5905 X-129.7 Z-15.8 I0.3 J0.
N5910 X-130.3 Z-15.925 I-0.3 J0.
N5915 X-129.7 Z-16.05 I0.3 J0.
N5920 X-130.3 Z-16.175 I-0.3 J0.
N5925 X-129.7 Z-16.3 I0.3 J0.
N5930 X-130.3 Z-16.425 I-0.3 J0.
N5935 X-129.7 Z-16.55 I0.3 J0.
N5940 X-130.3 Z-16.675 I-0.3 J0.
N5945 X-129.7 Z-16.8 I0.3 J0.
N5950 X-130.3 Z-16.925 I-0.3 J0.
N5955 X-129.7 Z-17.05 I0.3 J0.
N5960 X-130.3 Z-17.175 I-0.3 J0.
N5965 X-129.7 Z-17.3 I0.3 J0.
N5970 X-130.3 Z-17.425 I-0.3 J0.
N5975 X-129.7 Z-17.55 I0.3 J0.
N5980 X-130.3 Z-17.675 I-0.3 J0.
N5985 X-129.7 Z-17.8 I0.3 J0.
N5990 X-130.3 Z-17.925 I-0.3 J0.
N5995 X-129.7 Z-18.05 I0.3 J0.
N6000 X-130.3 Z-18.175 I-0.3 J0.
N6005 X-129.7 Z-18.3 I0.3 J0.
N6010 X-130.3 Z-18.425 I-0.3 J0.
N6015 X-129.7 Z-18.55 I0.3 J0.
N6020 X-130.3 Z-18.675 I-0.3 J0.
N6025 X-129.7 Z-18.8 I0.3 J0.
N6030 X-130.3 Z-18.925 I-0.3 J0.
N6035 X-129.7 Z-19.05 I0.3 J0.
N6040 X-130.3 Z-19.175 I-0.3 J0.
N6045 X-129.7 Z-19.3 I0.3 J0.
N6050 X-130.3 Z-19.425 I-0.3 J0.
N6055 X-129.7 Z-19.55 I0.3 J0.
N6060 X-130.243 Y-129.824 Z-19.65 I-0.3 J0.
N6065 X-129.757 Y-130.176 I0.243 J-0.176
N6070 X-130.243 Y-129.824 I-0.243 J0.176
N6075 G1 X-130.264 Y-129.865
N6080 X-130.271 Y-129.912
N6085 X-130.264 Y-129.958
N6090 X-130.243 Y-130.
N6095 X-130.21 Y-130.033
N6100 X-129.967 Y-130.21
N6105 Z5.
N6110 X-0.15 Y-130.15
N6115 Z1.1
N6120 Z-0.3
N6125 X0.15
N6130 X0.196 Y-130.143
N6135 X0.238 Y-130.121
N6140 X0.271 Y-130.088
N6145 X0.293 Y-130.046
N6150 X0.3 Y-130.
N6155 G3 X-0.3 Z-0.425 I-0.3 J0.
N6160 X0.3 Z-0.55 I0.3 J0.
N6165 X-0.3 Z-0.675 I-0.3 J0.
N6170 X0.3 Z-0.8 I0.3 J0.
N6175 X-0.3 Z-0.925 I-0.3 J0.
N6180 X0.3 Z-1.05 I0.3 J0.
N6185 X-0.3 Z-1.175 I-0.3 J0.
N6190 X0.3 Z-1.3 I0.3 J0.
N6195 X-0.3 Z-1.425 I-0.3 J0.
N6200 X0.3 Z-1.55 I0.3 J0.
N6205 X-0.3 Z-1.675 I-0.3 J0.
N6210 X0.3 Z-1.8 I0.3 J0.
N6215 X-0.3 Z-1.925 I-0.3 J0.
N6220 X0.3 Z-2.05 I0.3 J0.
N6225 X-0.3 Z-2.175 I-0.3 J0.
N6230 X0.3 Z-2.3 I0.3 J0.
N6235 X-0.3 Z-2.425 I-0.3 J0.
N6240 X0.3 Z-2.55 I0.3 J0.
N6245 X-0.3 Z-2.675 I-0.3 J0.
N6250 X0.3 Z-2.8 I0.3 J0.
N6255 X-0.3 Z-2.925 I-0.3 J0.
N6260 X0.3 Z-3.05 I0.3 J0.
N6265 X-0.3 Z-3.175 I-0.3 J0.
N6270 X0.3 Z-3.3 I0.3 J0.
N6275 X-0.3 Z-3.425 I-0.3 J0.
N6280 X0.3 Z-3.55 I0.3 J0.
N6285 X-0.3 Z-3.675 I-0.3 J0.
N6290 X0.3 Z-3.8 I0.3 J0.
N6295 X-0.3 Z-3.925 I-0.3 J0.
N6300 X0.3 Z-4.05 I0.3 J0.
N6305 X-0.3 Z-4.175 I-0.3 J0.
N6310 X0.3 Z-4.3 I0.3 J0.
N6315 X-0.3 Z-4.425 I-0.3 J0.
N6320 X0.3 Z-4.55 I0.3 J0.
N6325 X-0.3 Z-4.675 I-0.3 J0.
N6330 X0.3 Z-4.8 I0.3 J0.
N6335 X-0.3 Z-4.925 I-0.3 J0.
N6340 X0.3 Z-5.05 I0.3 J0.
N6345 X-0.3 Z-5.175 I-0.3 J0.
N6350 X0.3 Z-5.3 I0.3 J0.
N6355 X-0.3 Z-5.425 I-0.3 J0.
N6360 X0.3 Z-5.55 I0.3 J0.
N6365 X-0.3 Z-5.675 I-0.3 J0.
N6370 X0.3 Z-5.8 I0.3 J0.
N6375 X-0.3 Z-5.925 I-0.3 J0.
N6380 X0.3 Z-6.05 I0.3 J0.
N6385 X-0.3 Z-6.175 I-0.3 J0.
N6390 X0.3 Z-6.3 I0.3 J0.
N6395 X-0.3 Z-6.425 I-0.3 J0.
N6400 X0.3 Z-6.55 I0.3 J0.
N6405 X-0.3 Z-6.675 I-0.3 J0.
N6410 X0.3 Z-6.8 I0.3 J0.
N6415 X-0.3 Z-6.925 I-0.3 J0.
N6420 X0.3 Z-7.05 I0.3 J0.
N6425 X-0.3 Z-7.175 I-0.3 J0.
N6430 X0.3 Z-7.3 I0.3 J0.
N6435 X-0.3 Z-7.425 I-0.3 J0.
N6440 X0.3 Z-7.55 I0.3 J0.
N6445 X-0.3 Z-7.675 I-0.3 J0.
N6450 X0.3 Z-7.8 I0.3 J0.
N6455 X-0.3 Z-7.925 I-0.3 J0.
N6460 X0.3 Z-8.05 I0.3 J0.
N6465 X-0.3 Z-8.175 I-0.3 J0.
N6470 X0.3 Z-8.3 I0.3 J0.
N6475 X-0.3 Z-8.425 I-0.3 J0.
N6480 X0.3 Z-8.55 I0.3 J0.
N6485 X-0.3 Z-8.675 I-0.3 J0.
N6490 X0.3 Z-8.8 I0.3 J0.
N6495 X-0.3 Z-8.925 I-0.3 J0.
N6500 X0.3 Z-9.05 I0.3 J0.
N6505 X-0.3 Z-9.175 I-0.3 J0.
N6510 X0.3 Z-9.3 I0.3 J0.
N6515 X-0.3 Z-9.425 I-0.3 J0.
N6520 X0.3 Z-9.55 I0.3 J0.
N6525 X-0.3 Z-9.675 I-0.3 J0.
N6530 X0.3 Z-9.8 I0.3 J0.
N6535 X-0.3 Z-9.925 I-0.3 J0.
N6540 X0.3 Z-10.05 I0.3 J0.
N6545 X-0.3 Z-10.175 I-0.3 J0.
N6550 X0.3 Z-10.3 I0.3 J0.
N6555 X-0.3 Z-10.425 I-0.3 J0.
N6560 X0.3 Z-10.55 I0.3 J0.
N6565 X-0.3 Z-10.675 I-0.3 J0.
N6570 X0.3 Z-10.8 I0.3 J0.
N6575 X-0.3 Z-10.925 I-0.3 J0.
N6580 X0.3 Z-11.05 I0.3 J0.
N6585 X-0.3 Z-11.175 I-0.3 J0.
N6590 X0.3 Z-11.3 I0.3 J0.
N6595 X-0.3 Z-11.425 I-0.3 J0.
N6600 X0.3 Z-11.55 I0.3 J0.
N6605 X-0.3 Z-11.675 I-0.3 J0.
N6610 X0.3 Z-11.8 I0.3 J0.
N6615 X-0.3 Z-11.925 I-0.3 J0.
N6620 X0.3 Z-12.05 I0.3 J0.
N6625 X-0.3 Z-12.175 I-0.3 J0.
N6630 X0.3 Z-12.3 I0.3 J0.
N6635 X-0.3 Z-12.425 I-0.3 J0.
N6640 X0.3 Z-12.55 I0.3 J0.
N6645 X-0.3 Z-12.675 I-0.3 J0.
N6650 X0.3 Z-12.8 I0.3 J0.
N6655 X-0.3 Z-12.925 I-0.3 J0.
N6660 X0.3 Z-13.05 I0.3 J0.
N6665 X-0.3 Z-13.175 I-0.3 J0.
N6670 X0.3 Z-13.3 I0.3 J0.
N6675 X-0.3 Z-13.425 I-0.3 J0.
N6680 X0.3 Z-13.55 I0.3 J0.
N6685 X-0.3 Z-13.675 I-0.3 J0.
N6690 X0.3 Z-13.8 I0.3 J0.
N6695 X-0.3 Z-13.925 I-0.3 J0.
N6700 X0.3 Z-14.05 I0.3 J0.
N6705 X-0.3 Z-14.175 I-0.3 J0.
N6710 X0.3 Z-14.3 I0.3 J0.
N6715 X-0.3 Z-14.425 I-0.3 J0.
N6720 X0.3 Z-14.55 I0.3 J0.
N6725 X-0.3 Z-14.675 I-0.3 J0.
N6730 X0.3 Z-14.8 I0.3 J0.
N6735 X-0.3 Z-14.925 I-0.3 J0.
N6740 X0.3 Z-15.05 I0.3 J0.
N6745 X-0.3 Z-15.175 I-0.3 J0.
N6750 X0.3 Z-15.3 I0.3 J0.
N6755 X-0.3 Z-15.425 I-0.3 J0.
N6760 X0.3 Z-15.55 I0.3 J0.
N6765 X-0.3 Z-15.675 I-0.3 J0.
N6770 X0.3 Z-15.8 I0.3 J0.
N6775 X-0.3 Z-15.925 I-0.3 J0.
N6780 X0.3 Z-16.05 I0.3 J0.
N6785 X-0.3 Z-16.175 I-0.3 J0.
N6790 X0.3 Z-16.3 I0.3 J0.
N6795 X-0.3 Z-16.425 I-0.3 J0.
N6800 X0.3 Z-16.55 I0.3 J0.
N6805 X-0.3 Z-16.675 I-0.3 J0.
N6810 X0.3 Z-16.8 I0.3 J0.
N6815 X-0.3 Z-16.925 I-0.3 J0.
N6820 X0.3 Z-17.05 I0.3 J0.
N6825 X-0.3 Z-17.175 I-0.3 J0.
N6830 X0.3 Z-17.3 I0.3 J0.
N6835 X-0.3 Z-17.425 I-0.3 J0.
N6840 X0.3 Z-17.55 I0.3 J0.
N6845 X-0.3 Z-17.675 I-0.3 J0.
N6850 X0.3 Z-17.8 I0.3 J0.
N6855 X-0.3 Z-17.925 I-0.3 J0.
N6860 X0.3 Z-18.05 I0.3 J0.
N6865 X-0.3 Z-18.175 I-0.3 J0.
N6870 X0.3 Z-18.3 I0.3 J0.
N6875 X-0.3 Z-18.425 I-0.3 J0.
N6880 X0.3 Z-18.55 I0.3 J0.
N6885 X-0.3 Z-18.675 I-0.3 J0.
N6890 X0.3 Z-18.8 I0.3 J0.
N6895 X-0.3 Z-18.925 I-0.3 J0.
N6900 X0.3 Z-19.05 I0.3 J0.
N6905 X-0.3 Z-19.175 I-0.3 J0.
N6910 X0.3 Z-19.3 I0.3 J0.
N6915 X-0.3 Z-19.425 I-0.3 J0.
N6920 X0.3 Z-19.55 I0.3 J0.
N6925 X-0.243 Y-129.824 Z-19.65 I-0.3 J0.
N6930 X0.243 Y-130.176 I0.243 J-0.176
N6935 X-0.243 Y-129.824 I-0.243 J0.176
N6940 G1 X-0.264 Y-129.865
N6945 X-0.271 Y-129.912
N6950 X-0.264 Y-129.958
N6955 X-0.243 Y-130.
N6960 X-0.21 Y-130.033
N6965 X0.033 Y-130.21
N6970 Z5.
N6975 X129.85 Y-130.15
N6980 Z1.1
N6985 Z-0.3
N6990 X130.15
N6995 X130.196 Y-130.143
N7000 X130.238 Y-130.121
N7005 X130.271 Y-130.088
N7010 X130.293 Y-130.046
N7015 X130.3 Y-130.
N7020 G3 X129.7 Z-0.425 I-0.3 J0.
N7025 X130.3 Z-0.55 I0.3 J0.
N7030 X129.7 Z-0.675 I-0.3 J0.
N7035 X130.3 Z-0.8 I0.3 J0.
N7040 X129.7 Z-0.925 I-0.3 J0.
N7045 X130.3 Z-1.05 I0.3 J0.
N7050 X129.7 Z-1.175 I-0.3 J0.
N7055 X130.3 Z-1.3 I0.3 J0.
N7060 X129.7 Z-1.425 I-0.3 J0.
N7065 X130.3 Z-1.55 I0.3 J0.
N7070 X129.7 Z-1.675 I-0.3 J0.
N7075 X130.3 Z-1.8 I0.3 J0.
N7080 X129.7 Z-1.925 I-0.3 J0.
N7085 X130.3 Z-2.05 I0.3 J0.
N7090 X129.7 Z-2.175 I-0.3 J0.
N7095 X130.3 Z-2.3 I0.3 J0.
N7100 X129.7 Z-2.425 I-0.3 J0.
N7105 X130.3 Z-2.55 I0.3 J0.
N7110 X129.7 Z-2.675 I-0.3 J0.
N7115 X130.3 Z-2.8 I0.3 J0.
N7120 X129.7 Z-2.925 I-0.3 J0.
N7125 X130.3 Z-3.05 I0.3 J0.
N7130 X129.7 Z-3.175 I-0.3 J0.
N7135 X130.3 Z-3.3 I0.3 J0.
N7140 X129.7 Z-3.425 I-0.3 J0.
N7145 X130.3 Z-3.55 I0.3 J0.
N7150 X129.7 Z-3.675 I-0.3 J0.
N7155 X130.3 Z-3.8 I0.3 J0.
N7160 X129.7 Z-3.925 I-0.3 J0.
N7165 X130.3 Z-4.05 I0.3 J0.
N7170 X129.7 Z-4.175 I-0.3 J0.
N7175 X130.3 Z-4.3 I0.3 J0.
N7180 X129.7 Z-4.425 I-0.3 J0.
N7185 X130.3 Z-4.55 I0.3 J0.
N7190 X129.7 Z-4.675 I-0.3 J0.
N7195 X130.3 Z-4.8 I0.3 J0.
N7200 X129.7 Z-4.925 I-0.3 J0.
N7205 X130.3 Z-5.05 I0.3 J0.
N7210 X129.7 Z-5.175 I-0.3 J0.
N7215 X130.3 Z-5.3 I0.3 J0.
N7220 X129.7 Z-5.425 I-0.3 J0.
N7225 X130.3 Z-5.55 I0.3 J0.
N7230 X129.7 Z-5.675 I-0.3 J0.
N7235 X130.3 Z-5.8 I0.3 J0.
N7240 X129.7 Z-5.925 I-0.3 J0.
N7245 X130.3 Z-6.05 I0.3 J0.
N7250 X129.7 Z-6.175 I-0.3 J0.
N7255 X130.3 Z-6.3 I0.3 J0.
N7260 X129.7 Z-6.425 I-0.3 J0.
N7265 X130.3 Z-6.55 I0.3 J0.
N7270 X129.7 Z-6.675 I-0.3 J0.
N7275 X130.3 Z-6.8 I0.3 J0.
N7280 X129.7 Z-6.925 I-0.3 J0.
N7285 X130.3 Z-7.05 I0.3 J0.
N7290 X129.7 Z-7.175 I-0.3 J0.
N7295 X130.3 Z-7.3 I0.3 J0.
N7300 X129.7 Z-7.425 I-0.3 J0.
N7305 X130.3 Z-7.55 I0.3 J0.
N7310 X129.7 Z-7.675 I-0.3 J0.
N7315 X130.3 Z-7.8 I0.3 J0.
N7320 X129.7 Z-7.925 I-0.3 J0.
N7325 X130.3 Z-8.05 I0.3 J0.
N7330 X129.7 Z-8.175 I-0.3 J0.
N7335 X130.3 Z-8.3 I0.3 J0.
N7340 X129.7 Z-8.425 I-0.3 J0.
N7345 X130.3 Z-8.55 I0.3 J0.
N7350 X129.7 Z-8.675 I-0.3 J0.
N7355 X130.3 Z-8.8 I0.3 J0.
N7360 X129.7 Z-8.925 I-0.3 J0.
N7365 X130.3 Z-9.05 I0.3 J0.
N7370 X129.7 Z-9.175 I-0.3 J0.
N7375 X130.3 Z-9.3 I0.3 J0.
N7380 X129.7 Z-9.425 I-0.3 J0.
N7385 X130.3 Z-9.55 I0.3 J0.
N7390 X129.7 Z-9.675 I-0.3 J0.
N7395 X130.3 Z-9.8 I0.3 J0.
N7400 X129.7 Z-9.925 I-0.3 J0.
N7405 X130.3 Z-10.05 I0.3 J0.
N7410 X129.7 Z-10.175 I-0.3 J0.
N7415 X130.3 Z-10.3 I0.3 J0.
N7420 X129.7 Z-10.425 I-0.3 J0.
N7425 X130.3 Z-10.55 I0.3 J0.
N7430 X129.7 Z-10.675 I-0.3 J0.
N7435 X130.3 Z-10.8 I0.3 J0.
N7440 X129.7 Z-10.925 I-0.3 J0.
N7445 X130.3 Z-11.05 I0.3 J0.
N7450 X129.7 Z-11.175 I-0.3 J0.
N7455 X130.3 Z-11.3 I0.3 J0.
N7460 X129.7 Z-11.425 I-0.3 J0.
N7465 X130.3 Z-11.55 I0.3 J0.
N7470 X129.7 Z-11.675 I-0.3 J0.
N7475 X130.3 Z-11.8 I0.3 J0.
N7480 X129.7 Z-11.925 I-0.3 J0.
N7485 X130.3 Z-12.05 I0.3 J0.
N7490 X129.7 Z-12.175 I-0.3 J0.
N7495 X130.3 Z-12.3 I0.3 J0.
N7500 X129.7 Z-12.425 I-0.3 J0.
N7505 X130.3 Z-12.55 I0.3 J0.
N7510 X129.7 Z-12.675 I-0.3 J0.
N7515 X130.3 Z-12.8 I0.3 J0.
N7520 X129.7 Z-12.925 I-0.3 J0.
N7525 X130.3 Z-13.05 I0.3 J0.
N7530 X129.7 Z-13.175 I-0.3 J0.
N7535 X130.3 Z-13.3 I0.3 J0.
N7540 X129.7 Z-13.425 I-0.3 J0.
N7545 X130.3 Z-13.55 I0.3 J0.
N7550 X129.7 Z-13.675 I-0.3 J0.
N7555 X130.3 Z-13.8 I0.3 J0.
N7560 X129.7 Z-13.925 I-0.3 J0.
N7565 X130.3 Z-14.05 I0.3 J0.
N7570 X129.7 Z-14.175 I-0.3 J0.
N7575 X130.3 Z-14.3 I0.3 J0.
N7580 X129.7 Z-14.425 I-0.3 J0.
N7585 X130.3 Z-14.55 I0.3 J0.
N7590 X129.7 Z-14.675 I-0.3 J0.
N7595 X130.3 Z-14.8 I0.3 J0.
N7600 X129.7 Z-14.925 I-0.3 J0.
N7605 X130.3 Z-15.05 I0.3 J0.
N7610 X129.7 Z-15.175 I-0.3 J0.
N7615 X130.3 Z-15.3 I0.3 J0.
N7620 X129.7 Z-15.425 I-0.3 J0.
N7625 X130.3 Z-15.55 I0.3 J0.
N7630 X129.7 Z-15.675 I-0.3 J0.
N7635 X130.3 Z-15.8 I0.3 J0.
N7640 X129.7 Z-15.925 I-0.3 J0.
N7645 X130.3 Z-16.05 I0.3 J0.
N7650 X129.7 Z-16.175 I-0.3 J0.
N7655 X130.3 Z-16.3 I0.3 J0.
N7660 X129.7 Z-16.425 I-0.3 J0.
N7665 X130.3 Z-16.55 I0.3 J0.
N7670 X129.7 Z-16.675 I-0.3 J0.
N7675 X130.3 Z-16.8 I0.3 J0.
N7680 X129.7 Z-16.925 I-0.3 J0.
N7685 X130.3 Z-17.05 I0.3 J0.
N7690 X129.7 Z-17.175 I-0.3 J0.
N7695 X130.3 Z-17.3 I0.3 J0.
N7700 X129.7 Z-17.425 I-0.3 J0.
N7705 X130.3 Z-17.55 I0.3 J0.
N7710 X129.7 Z-17.675 I-0.3 J0.
N7715 X130.3 Z-17.8 I0.3 J0.
N7720 X129.7 Z-17.925 I-0.3 J0.
N7725 X130.3 Z-18.05 I0.3 J0.
N7730 X129.7 Z-18.175 I-0.3 J0.
N7735 X130.3 Z-18.3 I0.3 J0.
N7740 X129.7 Z-18.425 I-0.3 J0.
N7745 X130.3 Z-18.55 I0.3 J0.
N7750 X129.7 Z-18.675 I-0.3 J0.
N7755 X130.3 Z-18.8 I0.3 J0.
N7760 X129.7 Z-18.925 I-0.3 J0.
N7765 X130.3 Z-19.05 I0.3 J0.
N7770 X129.7 Z-19.175 I-0.3 J0.
N7775 X130.3 Z-19.3 I0.3 J0.
N7780 X129.7 Z-19.425 I-0.3 J0.
N7785 X130.3 Z-19.55 I0.3 J0.
N7790 X129.757 Y-129.824 Z-19.65 I-0.3 J0.
N7795 X130.243 Y-130.176 I0.243 J-0.176
N7800 X129.757 Y-129.824 I-0.243 J0.176
N7805 G1 X129.736 Y-129.865
N7810 X129.729 Y-129.912
N7815 X129.736 Y-129.958
N7820 X129.757 Y-130.
N7825 X129.79 Y-130.033
N7830 X130.033 Y-130.21
N7835 Z15.
(WHEN USING FUSION FOR PERSONAL USE, THE FEEDRATE OF RAPID)
(MOVES IS REDUCED TO MATCH THE FEEDRATE OF CUTTING MOVES,)
(WHICH CAN INCREASE MACHINING TIME. UNRESTRICTED RAPID MOVES)
(ARE AVAILABLE WITH A FUSION SUBSCRIPTION.)
(M6 COUNTERBORE)
N7840 G64 P0.1 Q0.1
N7845 G0 X-131.546 Y-128.035
N7850 G1 Z15. F900.
N7855 Z5.
N7860 Z1.6 F150.
N7865 S22000
N7870 X-131.569 Y-128.053 Z1.416 F550.
N7875 X-131.633 Y-128.107 Z1.249
N7880 X-131.73 Y-128.196 Z1.117
N7885 X-131.846 Y-128.314 Z1.031
N7890 X-131.965 Y-128.455 Z1.
N7895 G3 X-128.035 Y-131.545 Z0.925 I1.965 J-1.545
N7900 X-131.965 Y-128.455 Z0.85 I-1.965 J1.545
N7905 X-128.035 Y-131.545 Z0.775 I1.965 J-1.545
N7910 X-131.965 Y-128.455 Z0.7 I-1.965 J1.545
N7915 X-128.035 Y-131.545 Z0.625 I1.965 J-1.545
N7920 X-131.965 Y-128.455 Z0.55 I-1.965 J1.545
N7925 X-128.035 Y-131.545 Z0.475 I1.965 J-1.545
N7930 X-131.965 Y-128.455 Z0.4 I-1.965 J1.545
N7935 X-128.035 Y-131.545 Z0.325 I1.965 J-1.545
N7940 X-131.965 Y-128.455 Z0.25 I-1.965 J1.545
N7945 X-128.035 Y-131.545 Z0.175 I1.965 J-1.545
N7950 X-131.965 Y-128.455 Z0.1 I-1.965 J1.545
N7955 X-128.035 Y-131.545 Z0.025 I1.965 J-1.545
N7960 X-131.965 Y-128.455 Z-0.05 I-1.965 J1.545
N7965 X-128.035 Y-131.545 Z-0.125 I1.965 J-1.545
N7970 X-131.965 Y-128.455 Z-0.2 I-1.965 J1.545
N7975 X-128.035 Y-131.545 Z-0.275 I1.965 J-1.545
N7980 X-131.965 Y-128.455 Z-0.35 I-1.965 J1.545
N7985 X-128.035 Y-131.545 Z-0.425 I1.965 J-1.545
N7990 X-131.965 Y-128.455 Z-0.5 I-1.965 J1.545
N7995 X-128.035 Y-131.545 Z-0.575 I1.965 J-1.545
N8000 X-127.5 Y-130. Z-0.591 I-1.965 J1.545
N8005 S18000
N8010 X-132.5 I-2.5 J0. F900.
N8015 X-127.5 I2.5 J0.
N8020 S22000
N8025 X-132.5 Z-0.666 I-2.5 J0. F550.
N8030 X-127.5 Z-0.741 I2.5 J0.
N8035 X-132.5 Z-0.816 I-2.5 J0.
N8040 X-127.5 Z-0.891 I2.5 J0.
N8045 X-132.5 Z-0.966 I-2.5 J0.
N8050 X-127.5 Z-1.041 I2.5 J0.
N8055 X-132.5 Z-1.116 I-2.5 J0.
N8060 X-127.679 Y-130.929 Z-1.182 I2.5 J0.
N8065 S18000
N8070 X-132.321 Y-129.071 I-2.321 J0.929 F900.
N8075 X-127.679 Y-130.929 I2.321 J-0.929
N8080 S22000
N8085 X-132.321 Y-129.071 Z-1.257 I-2.321 J0.929 F550.
N8090 X-127.679 Y-130.929 Z-1.332 I2.321 J-0.929
N8095 X-132.321 Y-129.071 Z-1.407 I-2.321 J0.929
N8100 X-127.679 Y-130.929 Z-1.482 I2.321 J-0.929
N8105 X-132.321 Y-129.071 Z-1.557 I-2.321 J0.929
N8110 X-127.679 Y-130.929 Z-1.632 I2.321 J-0.929
N8115 X-132.321 Y-129.071 Z-1.707 I-2.321 J0.929
N8120 X-128.191 Y-131.725 Z-1.773 I2.321 J-0.929
N8125 S18000
N8130 X-131.809 Y-128.275 I-1.809 J1.725 F900.
N8135 X-128.191 Y-131.725 I1.809 J-1.725
N8140 S22000
N8145 X-131.809 Y-128.275 Z-1.848 I-1.809 J1.725 F550.
N8150 X-128.191 Y-131.725 Z-1.923 I1.809 J-1.725
N8155 X-131.809 Y-128.275 Z-1.998 I-1.809 J1.725
N8160 X-128.191 Y-131.725 Z-2.073 I1.809 J-1.725
N8165 X-131.809 Y-128.275 Z-2.148 I-1.809 J1.725
N8170 X-128.191 Y-131.725 Z-2.223 I1.809 J-1.725
N8175 X-131.809 Y-128.275 Z-2.298 I-1.809 J1.725
N8180 X-128.961 Y-132.274 Z-2.364 I1.809 J-1.725
N8185 S18000
N8190 X-131.039 Y-127.726 I-1.039 J2.274 F900.
N8195 X-128.961 Y-132.274 I1.039 J-2.274
N8200 S22000
N8205 X-131.039 Y-127.726 Z-2.439 I-1.039 J2.274 F550.
N8210 X-128.961 Y-132.274 Z-2.514 I1.039 J-2.274
N8215 X-131.039 Y-127.726 Z-2.589 I-1.039 J2.274
N8220 X-128.961 Y-132.274 Z-2.664 I1.039 J-2.274
N8225 X-131.039 Y-127.726 Z-2.739 I-1.039 J2.274
N8230 X-128.961 Y-132.274 Z-2.814 I1.039 J-2.274
N8235 X-131.039 Y-127.726 Z-2.889 I-1.039 J2.274
N8240 X-129.881 Y-132.497 Z-2.955 I1.039 J-2.274
N8245 S18000
N8250 X-130.119 Y-127.503 I-0.119 J2.497 F900.
N8255 X-129.881 Y-132.497 I0.119 J-2.497
N8260 S22000
N8265 X-130.119 Y-127.503 Z-3.03 I-0.119 J2.497 F550.
N8270 X-129.881 Y-132.497 Z-3.105 I0.119 J-2.497
N8275 X-130.119 Y-127.503 Z-3.18 I-0.119 J2.497
N8280 X-129.881 Y-132.497 Z-3.255 I0.119 J-2.497
N8285 X-130.119 Y-127.503 Z-3.33 I-0.119 J2.497
N8290 X-129.881 Y-132.497 Z-3.405 I0.119 J-2.497
N8295 X-130.119 Y-127.503 Z-3.48 I-0.119 J2.497
N8300 X-130.818 Y-132.363 Z-3.545 I0.119 J-2.497
N8305 S18000
N8310 X-129.182 Y-127.637 I0.818 J2.363 F900.
N8315 X-130.818 Y-132.363 I-0.818 J-2.363
N8320 S22000
N8325 X-129.182 Y-127.637 Z-3.62 I0.818 J2.363 F550.
N8330 X-130.818 Y-132.363 Z-3.695 I-0.818 J-2.363
N8335 X-129.182 Y-127.637 Z-3.77 I0.818 J2.363
N8340 X-130.818 Y-132.363 Z-3.845 I-0.818 J-2.363
N8345 X-129.182 Y-127.638 Z-3.92 I0.818 J2.363
N8350 X-130.818 Y-132.362 Z-3.995 I-0.818 J-2.362
N8355 X-129.182 Y-127.638 Z-4.07 I0.818 J2.362
N8360 X-131.637 Y-131.889 Z-4.136 I-0.818 J-2.362
N8365 S18000
N8370 X-128.363 Y-128.111 I1.637 J1.889 F900.
N8375 X-131.637 Y-131.889 I-1.637 J-1.889
N8380 S22000
N8385 X-128.363 Y-128.111 Z-4.211 I1.637 J1.889 F550.
N8390 X-131.637 Y-131.889 Z-4.286 I-1.637 J-1.889
N8395 X-128.363 Y-128.111 Z-4.361 I1.637 J1.889
N8400 X-131.637 Y-131.889 Z-4.436 I-1.637 J-1.889
N8405 X-128.363 Y-128.111 Z-4.511 I1.637 J1.889
N8410 X-131.637 Y-131.889 Z-4.586 I-1.637 J-1.889
N8415 X-128.363 Y-128.111 Z-4.661 I1.637 J1.889
N8420 X-132.222 Y-131.146 Z-4.727 I-1.637 J-1.889
N8425 S18000
N8430 X-127.778 Y-128.854 I2.222 J1.146 F900.
N8435 X-132.222 Y-131.146 I-2.222 J-1.146
N8440 S22000
N8445 X-127.778 Y-128.854 Z-4.802 I2.222 J1.146 F550.
N8450 X-132.222 Y-131.146 Z-4.877 I-2.222 J-1.146
N8455 X-127.778 Y-128.854 Z-4.952 I2.222 J1.146
N8460 X-132.222 Y-131.146 Z-5.027 I-2.222 J-1.146
N8465 X-127.778 Y-128.854 Z-5.102 I2.222 J1.146
N8470 X-132.222 Y-131.146 Z-5.177 I-2.222 J-1.146
N8475 X-127.778 Y-128.854 Z-5.252 I2.222 J1.146
N8480 X-132.489 Y-130.238 Z-5.318 I-2.222 J-1.146
N8485 S18000
N8490 X-127.511 Y-129.762 I2.489 J0.238 F900.
N8495 X-132.489 Y-130.238 I-2.489 J-0.238
N8500 S22000
N8505 X-127.511 Y-129.762 Z-5.393 I2.489 J0.238 F550.
N8510 X-132.489 Y-130.238 Z-5.468 I-2.489 J-0.238
N8515 X-127.511 Y-129.762 Z-5.543 I2.489 J0.238
N8520 X-132.489 Y-130.238 Z-5.618 I-2.489 J-0.238
N8525 X-127.511 Y-129.762 Z-5.693 I2.489 J0.238
N8530 X-132.489 Y-130.238 Z-5.768 I-2.489 J-0.238
N8535 X-127.511 Y-129.762 Z-5.843 I2.489 J0.238
N8540 X-132.399 Y-129.296 Z-5.909 I-2.489 J-0.238
N8545 S18000
N8550 X-127.601 Y-130.704 I2.399 J-0.704 F900.
N8555 X-132.399 Y-129.296 I-2.399 J0.704
N8560 S22000
N8565 X-127.601 Y-130.704 Z-5.984 I2.399 J-0.704 F550.
N8570 X-132.399 Y-129.296 Z-6.059 I-2.399 J0.704
N8575 X-127.601 Y-130.704 Z-6.134 I2.399 J-0.704
N8580 X-132.399 Y-129.296 Z-6.209 I-2.399 J0.704
N8585 X-127.601 Y-130.704 Z-6.284 I2.399 J-0.704
N8590 X-132.399 Y-129.296 Z-6.359 I-2.399 J0.704
N8595 X-127.601 Y-130.704 Z-6.434 I2.399 J-0.704
N8600 X-131.965 Y-128.455 Z-6.5 I-2.399 J0.704
N8605 S18000
N8610 X-128.035 Y-131.545 I1.965 J-1.545 F900.
N8615 X-131.965 Y-128.455 I-1.965 J1.545
N8620 G1 X-132.014 Y-128.533 Z-6.485
N8625 X-132.051 Y-128.618 Z-6.471
N8630 X-132.072 Y-128.699 Z-6.428
N8635 X-132.081 Y-128.782 Z-6.385
N8640 X-132.08 Y-128.848 Z-6.319
N8645 X-132.071 Y-128.914 Z-6.253
N8650 X-132.049 Y-128.996 Z-6.085
N8655 X-132.038 Y-129.024 Z-5.9
N8660 Z15.
N8665 X-1.546 Y-128.035
N8670 Z5.
N8675 Z1.6 F150.
N8680 S22000
N8685 X-1.569 Y-128.053 Z1.416 F550.
N8690 X-1.633 Y-128.107 Z1.249
N8695 X-1.73 Y-128.196 Z1.117
N8700 X-1.846 Y-128.314 Z1.031
N8705 X-1.965 Y-128.455 Z1.
N8710 G3 X1.965 Y-131.545 Z0.925 I1.965 J-1.545
N8715 X-1.965 Y-128.455 Z0.85 I-1.965 J1.545
N8720 X1.965 Y-131.545 Z0.775 I1.965 J-1.545
N8725 X-1.965 Y-128.455 Z0.7 I-1.965 J1.545
N8730 X1.965 Y-131.545 Z0.625 I1.965 J-1.545
N8735 X-1.965 Y-128.455 Z0.55 I-1.965 J1.545
N8740 X1.965 Y-131.545 Z0.475 I1.965 J-1.545
N8745 X-1.965 Y-128.455 Z0.4 I-1.965 J1.545
N8750 X1.965 Y-131.545 Z0.325 I1.965 J-1.545
N8755 X-1.965 Y-128.455 Z0.25 I-1.965 J1.545
N8760 X1.965 Y-131.545 Z0.175 I1.965 J-1.545
N8765 X-1.965 Y-128.455 Z0.1 I-1.965 J1.545
N8770 X1.965 Y-131.545 Z0.025 I1.965 J-1.545
N8775 X-1.965 Y-128.455 Z-0.05 I-1.965 J1.545
N8780 X1.965 Y-131.545 Z-0.125 I1.965 J-1.545
N8785 X-1.965 Y-128.455 Z-0.2 I-1.965 J1.545
N8790 X1.965 Y-131.545 Z-0.275 I1.965 J-1.545
N8795 X-1.965 Y-128.455 Z-0.35 I-1.965 J1.545
N8800 X1.965 Y-131.545 Z-0.425 I1.965 J-1.545
N8805 X-1.965 Y-128.455 Z-0.5 I-1.965 J1.545
N8810 X1.965 Y-131.545 Z-0.575 I1.965 J-1.545
N8815 X2.5 Y-130. Z-0.591 I-1.965 J1.545
N8820 S18000
N8825 X-2.5 I-2.5 J0. F900.
N8830 X2.5 I2.5 J0.
N8835 S22000
N8840 X-2.5 Z-0.666 I-2.5 J0. F550.
N8845 X2.5 Z-0.741 I2.5 J0.
N8850 X-2.5 Z-0.816 I-2.5 J0.
N8855 X2.5 Z-0.891 I2.5 J0.
N8860 X-2.5 Z-0.966 I-2.5 J0.
N8865 X2.5 Z-1.041 I2.5 J0.
N8870 X-2.5 Z-1.116 I-2.5 J0.
N8875 X2.321 Y-130.929 Z-1.182 I2.5 J0.
N8880 S18000
N8885 X-2.321 Y-129.071 I-2.321 J0.929 F900.
N8890 X2.321 Y-130.929 I2.321 J-0.929
N8895 S22000
N8900 X-2.321 Y-129.071 Z-1.257 I-2.321 J0.929 F550.
N8905 X2.321 Y-130.929 Z-1.332 I2.321 J-0.929
N8910 X-2.321 Y-129.071 Z-1.407 I-2.321 J0.929
N8915 X2.321 Y-130.929 Z-1.482 I2.321 J-0.929
N8920 X-2.321 Y-129.071 Z-1.557 I-2.321 J0.929
N8925 X2.321 Y-130.929 Z-1.632 I2.321 J-0.929
N8930 X-2.321 Y-129.071 Z-1.707 I-2.321 J0.929
N8935 X1.809 Y-131.725 Z-1.773 I2.321 J-0.929
N8940 S18000
N8945 X-1.809 Y-128.275 I-1.809 J1.725 F900.
N8950 X1.809 Y-131.725 I1.809 J-1.725
N8955 S22000
N8960 X-1.809 Y-128.275 Z-1.848 I-1.809 J1.725 F550.
N8965 X1.809 Y-131.725 Z-1.923 I1.809 J-1.725
N8970 X-1.809 Y-128.275 Z-1.998 I-1.809 J1.725
N8975 X1.809 Y-131.725 Z-2.073 I1.809 J-1.725
N8980 X-1.809 Y-128.275 Z-2.148 I-1.809 J1.725
N8985 X1.809 Y-131.725 Z-2.223 I1.809 J-1.725
N8990 X-1.809 Y-128.275 Z-2.298 I-1.809 J1.725
N8995 X1.039 Y-132.274 Z-2.364 I1.809 J-1.725
N9000 S18000
N9005 X-1.039 Y-127.726 I-1.039 J2.274 F900.
N9010 X1.039 Y-132.274 I1.039 J-2.274
N9015 S22000
N9020 X-1.039 Y-127.726 Z-2.439 I-1.039 J2.274 F550.
N9025 X1.039 Y-132.274 Z-2.514 I1.039 J-2.274
N9030 X-1.039 Y-127.726 Z-2.589 I-1.039 J2.274
N9035 X1.039 Y-132.274 Z-2.664 I1.039 J-2.274
N9040 X-1.039 Y-127.726 Z-2.739 I-1.039 J2.274
N9045 X1.039 Y-132.274 Z-2.814 I1.039 J-2.274
N9050 X-1.039 Y-127.726 Z-2.889 I-1.039 J2.274
N9055 X0.119 Y-132.497 Z-2.955 I1.039 J-2.274
N9060 S18000
N9065 X-0.119 Y-127.503 I-0.119 J2.497 F900.
N9070 X0.119 Y-132.497 I0.119 J-2.497
N9075 S22000
N9080 X-0.119 Y-127.503 Z-3.03 I-0.119 J2.497 F550.
N9085 X0.119 Y-132.497 Z-3.105 I0.119 J-2.497
N9090 X-0.119 Y-127.503 Z-3.18 I-0.119 J2.497
N9095 X0.119 Y-132.497 Z-3.255 I0.119 J-2.497
N9100 X-0.119 Y-127.503 Z-3.33 I-0.119 J2.497
N9105 X0.119 Y-132.497 Z-3.405 I0.119 J-2.497
N9110 X-0.119 Y-127.503 Z-3.48 I-0.119 J2.497
N9115 X-0.818 Y-132.363 Z-3.545 I0.119 J-2.497
N9120 S18000
N9125 X0.818 Y-127.637 I0.818 J2.363 F900.
N9130 X-0.818 Y-132.363 I-0.818 J-2.363
N9135 S22000
N9140 X0.818 Y-127.637 Z-3.62 I0.818 J2.363 F550.
N9145 X-0.818 Y-132.363 Z-3.695 I-0.818 J-2.363
N9150 X0.818 Y-127.637 Z-3.77 I0.818 J2.363
N9155 X-0.818 Y-132.363 Z-3.845 I-0.818 J-2.363
N9160 X0.818 Y-127.637 Z-3.92 I0.818 J2.363
N9165 X-0.818 Y-132.363 Z-3.995 I-0.818 J-2.363
N9170 X0.818 Y-127.637 Z-4.07 I0.818 J2.363
N9175 X-1.637 Y-131.889 Z-4.136 I-0.818 J-2.363
N9180 S18000
N9185 X1.637 Y-128.111 I1.637 J1.889 F900.
N9190 X-1.637 Y-131.889 I-1.637 J-1.889
N9195 S22000
N9200 X1.637 Y-128.111 Z-4.211 I1.637 J1.889 F550.
N9205 X-1.637 Y-131.889 Z-4.286 I-1.637 J-1.889
N9210 X1.637 Y-128.111 Z-4.361 I1.637 J1.889
N9215 X-1.637 Y-131.889 Z-4.436 I-1.637 J-1.889
N9220 X1.637 Y-128.111 Z-4.511 I1.637 J1.889
N9225 X-1.637 Y-131.889 Z-4.586 I-1.637 J-1.889
N9230 X1.637 Y-128.111 Z-4.661 I1.637 J1.889
N9235 X-2.222 Y-131.146 Z-4.727 I-1.637 J-1.889
N9240 S18000
N9245 X2.222 Y-128.854 I2.222 J1.146 F900.
N9250 X-2.222 Y-131.146 I-2.222 J-1.146
N9255 S22000
N9260 X2.222 Y-128.854 Z-4.802 I2.222 J1.146 F550.
N9265 X-2.222 Y-131.146 Z-4.877 I-2.222 J-1.146
N9270 X2.222 Y-128.854 Z-4.952 I2.222 J1.146
N9275 X-2.222 Y-131.146 Z-5.027 I-2.222 J-1.146
N9280 X2.222 Y-128.854 Z-5.102 I2.222 J1.146
N9285 X-2.222 Y-131.146 Z-5.177 I-2.222 J-1.146
N9290 X2.222 Y-128.854 Z-5.252 I2.222 J1.146
N9295 X-2.489 Y-130.238 Z-5.318 I-2.222 J-1.146
N9300 S18000
N9305 X2.489 Y-129.762 I2.489 J0.238 F900.
N9310 X-2.489 Y-130.238 I-2.489 J-0.238
N9315 S22000
N9320 X2.489 Y-129.762 Z-5.393 I2.489 J0.238 F550.
N9325 X-2.489 Y-130.238 Z-5.468 I-2.489 J-0.238
N9330 X2.489 Y-129.762 Z-5.543 I2.489 J0.238
N9335 X-2.489 Y-130.238 Z-5.618 I-2.489 J-0.238
N9340 X2.489 Y-129.762 Z-5.693 I2.489 J0.238
N9345 X-2.489 Y-130.238 Z-5.768 I-2.489 J-0.238
N9350 X2.489 Y-129.762 Z-5.843 I2.489 J0.238
N9355 X-2.399 Y-129.296 Z-5.909 I-2.489 J-0.238
N9360 S18000
N9365 X2.399 Y-130.704 I2.399 J-0.704 F900.
N9370 X-2.399 Y-129.296 I-2.399 J0.704
N9375 S22000
N9380 X2.399 Y-130.704 Z-5.984 I2.399 J-0.704 F550.
N9385 X-2.399 Y-129.296 Z-6.059 I-2.399 J0.704
N9390 X2.399 Y-130.704 Z-6.134 I2.399 J-0.704
N9395 X-2.399 Y-129.296 Z-6.209 I-2.399 J0.704
N9400 X2.399 Y-130.704 Z-6.284 I2.399 J-0.704
N9405 X-2.399 Y-129.296 Z-6.359 I-2.399 J0.704
N9410 X2.399 Y-130.704 Z-6.434 I2.399 J-0.704
N9415 X-1.965 Y-128.455 Z-6.5 I-2.399 J0.704
N9420 S18000
N9425 X1.965 Y-131.545 I1.965 J-1.545 F900.
N9430 X-1.965 Y-128.455 I-1.965 J1.545
N9435 G1 X-2.014 Y-128.533 Z-6.485
N9440 X-2.051 Y-128.618 Z-6.471
N9445 X-2.072 Y-128.699 Z-6.428
N9450 X-2.081 Y-128.782 Z-6.385
N9455 X-2.08 Y-128.848 Z-6.319
N9460 X-2.071 Y-128.914 Z-6.253
N9465 X-2.049 Y-128.996 Z-6.085
N9470 X-2.038 Y-129.024 Z-5.9
N9475 Z15.
N9480 X128.454 Y-128.035
N9485 Z5.
N9490 Z1.6 F150.
N9495 S22000
N9500 X128.431 Y-128.053 Z1.416 F550.
N9505 X128.367 Y-128.107 Z1.249
N9510 X128.27 Y-128.196 Z1.117
N9515 X128.154 Y-128.314 Z1.031
N9520 X128.035 Y-128.455 Z1.
N9525 G3 X131.965 Y-131.545 Z0.925 I1.965 J-1.545
N9530 X128.035 Y-128.455 Z0.85 I-1.965 J1.545
N9535 X131.965 Y-131.545 Z0.775 I1.965 J-1.545
N9540 X128.035 Y-128.455 Z0.7 I-1.965 J1.545
N9545 X131.965 Y-131.545 Z0.625 I1.965 J-1.545
N9550 X128.035 Y-128.455 Z0.55 I-1.965 J1.545
N9555 X131.965 Y-131.545 Z0.475 I1.965 J-1.545
N9560 X128.035 Y-128.455 Z0.4 I-1.965 J1.545
N9565 X131.965 Y-131.545 Z0.325 I1.965 J-1.545
N9570 X128.035 Y-128.455 Z0.25 I-1.965 J1.545
N9575 X131.965 Y-131.545 Z0.175 I1.965 J-1.545
N9580 X128.035 Y-128.455 Z0.1 I-1.965 J1.545
N9585 X131.965 Y-131.545 Z0.025 I1.965 J-1.545
N9590 X128.035 Y-128.455 Z-0.05 I-1.965 J1.545
N9595 X131.965 Y-131.545 Z-0.125 I1.965 J-1.545
N9600 X128.035 Y-128.455 Z-0.2 I-1.965 J1.545
N9605 X131.965 Y-131.545 Z-0.275 I1.965 J-1.545
N9610 X128.035 Y-128.455 Z-0.35 I-1.965 J1.545
N9615 X131.965 Y-131.545 Z-0.425 I1.965 J-1.545
N9620 X128.035 Y-128.455 Z-0.5 I-1.965 J1.545
N9625 X131.965 Y-131.545 Z-0.575 I1.965 J-1.545
N9630 X132.5 Y-130. Z-0.591 I-1.965 J1.545
N9635 S18000
N9640 X127.5 I-2.5 J0. F900.
N9645 X132.5 I2.5 J0.
N9650 S22000
N9655 X127.5 Z-0.666 I-2.5 J0. F550.
N9660 X132.5 Z-0.741 I2.5 J0.
N9665 X127.5 Z-0.816 I-2.5 J0.
N9670 X132.5 Z-0.891 I2.5 J0.
N9675 X127.5 Z-0.966 I-2.5 J0.
N9680 X132.5 Z-1.041 I2.5 J0.
N9685 X127.5 Z-1.116 I-2.5 J0.
N9690 X132.321 Y-130.929 Z-1.182 I2.5 J0.
N9695 S18000
N9700 X127.679 Y-129.071 I-2.321 J0.929 F900.
N9705 X132.321 Y-130.929 I2.321 J-0.929
N9710 S22000
N9715 X127.679 Y-129.071 Z-1.257 I-2.321 J0.929 F550.
N9720 X132.321 Y-130.929 Z-1.332 I2.321 J-0.929
N9725 X127.679 Y-129.071 Z-1.407 I-2.321 J0.929
N9730 X132.321 Y-130.929 Z-1.482 I2.321 J-0.929
N9735 X127.679 Y-129.071 Z-1.557 I-2.321 J0.929
N9740 X132.321 Y-130.929 Z-1.632 I2.321 J-0.929
N9745 X127.679 Y-129.071 Z-1.707 I-2.321 J0.929
N9750 X131.809 Y-131.725 Z-1.773 I2.321 J-0.929
N9755 S18000
N9760 X128.191 Y-128.275 I-1.809 J1.725 F900.
N9765 X131.809 Y-131.725 I1.809 J-1.725
N9770 S22000
N9775 X128.191 Y-128.275 Z-1.848 I-1.809 J1.725 F550.
N9780 X131.809 Y-131.725 Z-1.923 I1.809 J-1.725
N9785 X128.191 Y-128.275 Z-1.998 I-1.809 J1.725
N9790 X131.809 Y-131.725 Z-2.073 I1.809 J-1.725
N9795 X128.191 Y-128.275 Z-2.148 I-1.809 J1.725
N9800 X131.809 Y-131.725 Z-2.223 I1.809 J-1.725
N9805 X128.191 Y-128.275 Z-2.298 I-1.809 J1.725
N9810 X131.039 Y-132.274 Z-2.364 I1.809 J-1.725
N9815 S18000
N9820 X128.961 Y-127.726 I-1.039 J2.274 F900.
N9825 X131.039 Y-132.274 I1.039 J-2.274
N9830 S22000
N9835 X128.961 Y-127.726 Z-2.439 I-1.039 J2.274 F550.
N9840 X131.039 Y-132.274 Z-2.514 I1.039 J-2.274
N9845 X128.961 Y-127.726 Z-2.589 I-1.039 J2.274
N9850 X131.039 Y-132.274 Z-2.664 I1.039 J-2.274
N9855 X128.961 Y-127.726 Z-2.739 I-1.039 J2.274
N9860 X131.039 Y-132.274 Z-2.814 I1.039 J-2.274
N9865 X128.961 Y-127.726 Z-2.889 I-1.039 J2.274
N9870 X130.119 Y-132.497 Z-2.955 I1.039 J-2.274
N9875 S18000
N9880 X129.881 Y-127.503 I-0.119 J2.497 F900.
N9885 X130.119 Y-132.497 I0.119 J-2.497
N9890 S22000
N9895 X129.881 Y-127.503 Z-3.03 I-0.119 J2.497 F550.
N9900 X130.119 Y-132.497 Z-3.105 I0.119 J-2.497
N9905 X129.881 Y-127.503 Z-3.18 I-0.119 J2.497
N9910 X130.119 Y-132.497 Z-3.255 I0.119 J-2.497
N9915 X129.881 Y-127.503 Z-3.33 I-0.119 J2.497
N9920 X130.119 Y-132.497 Z-3.405 I0.119 J-2.497
N9925 X129.881 Y-127.503 Z-3.48 I-0.119 J2.497
N9930 X129.182 Y-132.363 Z-3.545 I0.119 J-2.497
N9935 S18000
N9940 X130.818 Y-127.637 I0.818 J2.363 F900.
N9945 X129.182 Y-132.363 I-0.818 J-2.363
N9950 S22000
N9955 X130.818 Y-127.637 Z-3.62 I0.818 J2.363 F550.
N9960 X129.182 Y-132.363 Z-3.695 I-0.818 J-2.363
N9965 X130.818 Y-127.637 Z-3.77 I0.818 J2.363
N9970 X129.182 Y-132.363 Z-3.845 I-0.818 J-2.363
N9975 X130.818 Y-127.638 Z-3.92 I0.818 J2.363
N9980 X129.182 Y-132.362 Z-3.995 I-0.818 J-2.362
N9985 X130.818 Y-127.638 Z-4.07 I0.818 J2.362
N9990 X128.363 Y-131.889 Z-4.136 I-0.818 J-2.362
N9995 S18000
N10000 X131.637 Y-128.111 I1.637 J1.889 F900.
N10005 X128.363 Y-131.889 I-1.637 J-1.889
N10010 S22000
N10015 X131.637 Y-128.111 Z-4.211 I1.637 J1.889 F550.
N10020 X128.363 Y-131.889 Z-4.286 I-1.637 J-1.889
N10025 X131.637 Y-128.111 Z-4.361 I1.637 J1.889
N10030 X128.363 Y-131.889 Z-4.436 I-1.637 J-1.889
N10035 X131.637 Y-128.111 Z-4.511 I1.637 J1.889
N10040 X128.363 Y-131.889 Z-4.586 I-1.637 J-1.889
N10045 X131.637 Y-128.111 Z-4.661 I1.637 J1.889
N10050 X127.778 Y-131.146 Z-4.727 I-1.637 J-1.889
N10055 S18000
N10060 X132.222 Y-128.854 I2.222 J1.146 F900.
N10065 X127.778 Y-131.146 I-2.222 J-1.146
N10070 S22000
N10075 X132.222 Y-128.854 Z-4.802 I2.222 J1.146 F550.
N10080 X127.778 Y-131.146 Z-4.877 I-2.222 J-1.146
N10085 X132.222 Y-128.854 Z-4.952 I2.222 J1.146
N10090 X127.778 Y-131.146 Z-5.027 I-2.222 J-1.146
N10095 X132.222 Y-128.854 Z-5.102 I2.222 J1.146
N10100 X127.778 Y-131.146 Z-5.177 I-2.222 J-1.146
N10105 X132.222 Y-128.854 Z-5.252 I2.222 J1.146
N10110 X127.511 Y-130.238 Z-5.318 I-2.222 J-1.146
N10115 S18000
N10120 X132.489 Y-129.762 I2.489 J0.238 F900.
N10125 X127.511 Y-130.238 I-2.489 J-0.238
N10130 S22000
N10135 X132.489 Y-129.762 Z-5.393 I2.489 J0.238 F550.
N10140 X127.511 Y-130.238 Z-5.468 I-2.489 J-0.238
N10145 X132.489 Y-129.762 Z-5.543 I2.489 J0.238
N10150 X127.511 Y-130.238 Z-5.618 I-2.489 J-0.238
N10155 X132.489 Y-129.762 Z-5.693 I2.489 J0.238
N10160 X127.511 Y-130.238 Z-5.768 I-2.489 J-0.238
N10165 X132.489 Y-129.762 Z-5.843 I2.489 J0.238
N10170 X127.601 Y-129.296 Z-5.909 I-2.489 J-0.238
N10175 S18000
N10180 X132.399 Y-130.704 I2.399 J-0.704 F900.
N10185 X127.601 Y-129.296 I-2.399 J0.704
N10190 S22000
N10195 X132.399 Y-130.704 Z-5.984 I2.399 J-0.704 F550.
N10200 X127.601 Y-129.296 Z-6.059 I-2.399 J0.704
N10205 X132.399 Y-130.704 Z-6.134 I2.399 J-0.704
N10210 X127.601 Y-129.296 Z-6.209 I-2.399 J0.704
N10215 X132.399 Y-130.704 Z-6.284 I2.399 J-0.704
N10220 X127.601 Y-129.296 Z-6.359 I-2.399 J0.704
N10225 X132.399 Y-130.704 Z-6.434 I2.399 J-0.704
N10230 X128.035 Y-128.455 Z-6.5 I-2.399 J0.704
N10235 S18000
N10240 X131.965 Y-131.545 I1.965 J-1.545 F900.
N10245 X128.035 Y-128.455 I-1.965 J1.545
N10250 G1 X127.986 Y-128.533 Z-6.485
N10255 X127.949 Y-128.618 Z-6.471
N10260 X127.928 Y-128.699 Z-6.428
N10265 X127.919 Y-128.782 Z-6.385
N10270 X127.92 Y-128.848 Z-6.319
N10275 X127.929 Y-128.914 Z-6.253
N10280 X127.951 Y-128.996 Z-6.085
N10285 X127.962 Y-129.024 Z-5.9
N10290 Z15.
N10295 X128.454 Y1.965
N10300 Z5.
N10305 Z1.6 F150.
N10310 S22000
N10315 X128.431 Y1.947 Z1.416 F550.
N10320 X128.367 Y1.893 Z1.249
N10325 X128.27 Y1.804 Z1.117
N10330 X128.154 Y1.686 Z1.031
N10335 X128.035 Y1.545 Z1.
N10340 G3 X131.965 Y-1.545 Z0.925 I1.965 J-1.545
N10345 X128.035 Y1.545 Z0.85 I-1.965 J1.545
N10350 X131.965 Y-1.545 Z0.775 I1.965 J-1.545
N10355 X128.035 Y1.545 Z0.7 I-1.965 J1.545
N10360 X131.965 Y-1.545 Z0.625 I1.965 J-1.545
N10365 X128.035 Y1.545 Z0.55 I-1.965 J1.545
N10370 X131.965 Y-1.545 Z0.475 I1.965 J-1.545
N10375 X128.035 Y1.545 Z0.4 I-1.965 J1.545
N10380 X131.965 Y-1.545 Z0.325 I1.965 J-1.545
N10385 X128.035 Y1.545 Z0.25 I-1.965 J1.545
N10390 X131.965 Y-1.545 Z0.175 I1.965 J-1.545
N10395 X128.035 Y1.545 Z0.1 I-1.965 J1.545
N10400 X131.965 Y-1.545 Z0.025 I1.965 J-1.545
N10405 X128.035 Y1.545 Z-0.05 I-1.965 J1.545
N10410 X131.965 Y-1.545 Z-0.125 I1.965 J-1.545
N10415 X128.035 Y1.545 Z-0.2 I-1.965 J1.545
N10420 X131.965 Y-1.545 Z-0.275 I1.965 J-1.545
N10425 X128.035 Y1.545 Z-0.35 I-1.965 J1.545
N10430 X131.965 Y-1.545 Z-0.425 I1.965 J-1.545
N10435 X128.035 Y1.545 Z-0.5 I-1.965 J1.545
N10440 X131.965 Y-1.545 Z-0.575 I1.965 J-1.545
N10445 X132.5 Y0. Z-0.591 I-1.965 J1.545
N10450 S18000
N10455 X127.5 I-2.5 J0. F900.
N10460 X132.5 I2.5 J0.
N10465 S22000
N10470 X127.5 Z-0.666 I-2.5 J0. F550.
N10475 X132.5 Z-0.741 I2.5 J0.
N10480 X127.5 Z-0.816 I-2.5 J0.
N10485 X132.5 Z-0.891 I2.5 J0.
N10490 X127.5 Z-0.966 I-2.5 J0.
N10495 X132.5 Z-1.041 I2.5 J0.
N10500 X127.5 Z-1.116 I-2.5 J0.
N10505 X132.321 Y-0.929 Z-1.182 I2.5 J0.
N10510 S18000
N10515 X127.679 Y0.929 I-2.321 J0.929 F900.
N10520 X132.321 Y-0.929 I2.321 J-0.929
N10525 S22000
N10530 X127.679 Y0.929 Z-1.257 I-2.321 J0.929 F550.
N10535 X132.321 Y-0.929 Z-1.332 I2.321 J-0.929
N10540 X127.679 Y0.929 Z-1.407 I-2.321 J0.929
N10545 X132.321 Y-0.929 Z-1.482 I2.321 J-0.929
N10550 X127.679 Y0.929 Z-1.557 I-2.321 J0.929
N10555 X132.321 Y-0.929 Z-1.632 I2.321 J-0.929
N10560 X127.679 Y0.929 Z-1.707 I-2.321 J0.929
N10565 X131.809 Y-1.725 Z-1.773 I2.321 J-0.929
N10570 S18000
N10575 X128.191 Y1.725 I-1.809 J1.725 F900.
N10580 X131.809 Y-1.725 I1.809 J-1.725
N10585 S22000
N10590 X128.191 Y1.725 Z-1.848 I-1.809 J1.725 F550.
N10595 X131.809 Y-1.725 Z-1.923 I1.809 J-1.725
N10600 X128.191 Y1.725 Z-1.998 I-1.809 J1.725
N10605 X131.809 Y-1.725 Z-2.073 I1.809 J-1.725
N10610 X128.191 Y1.725 Z-2.148 I-1.809 J1.725
N10615 X131.809 Y-1.725 Z-2.223 I1.809 J-1.725
N10620 X128.191 Y1.725 Z-2.298 I-1.809 J1.725
N10625 X131.039 Y-2.274 Z-2.364 I1.809 J-1.725
N10630 S18000
N10635 X128.961 Y2.274 I-1.039 J2.274 F900.
N10640 X131.039 Y-2.274 I1.039 J-2.274
N10645 S22000
N10650 X128.961 Y2.274 Z-2.439 I-1.039 J2.274 F550.
N10655 X131.039 Y-2.274 Z-2.514 I1.039 J-2.274
N10660 X128.961 Y2.274 Z-2.589 I-1.039 J2.274
N10665 X131.039 Y-2.274 Z-2.664 I1.039 J-2.274
N10670 X128.961 Y2.274 Z-2.739 I-1.039 J2.274
N10675 X131.039 Y-2.274 Z-2.814 I1.039 J-2.274
N10680 X128.961 Y2.274 Z-2.889 I-1.039 J2.274
N10685 X130.119 Y-2.497 Z-2.955 I1.039 J-2.274
N10690 S18000
N10695 X129.881 Y2.497 I-0.119 J2.497 F900.
N10700 X130.119 Y-2.497 I0.119 J-2.497
N10705 S22000
N10710 X129.881 Y2.497 Z-3.03 I-0.119 J2.497 F550.
N10715 X130.119 Y-2.497 Z-3.105 I0.119 J-2.497
N10720 X129.881 Y2.497 Z-3.18 I-0.119 J2.497
N10725 X130.119 Y-2.497 Z-3.255 I0.119 J-2.497
N10730 X129.881 Y2.497 Z-3.33 I-0.119 J2.497
N10735 X130.119 Y-2.497 Z-3.405 I0.119 J-2.497
N10740 X129.881 Y2.497 Z-3.48 I-0.119 J2.497
N10745 X129.182 Y-2.363 Z-3.545 I0.119 J-2.497
N10750 S18000
N10755 X130.818 Y2.363 I0.818 J2.363 F900.
N10760 X129.182 Y-2.363 I-0.818 J-2.363
N10765 S22000
N10770 X130.818 Y2.363 Z-3.62 I0.818 J2.363 F550.
N10775 X129.182 Y-2.363 Z-3.695 I-0.818 J-2.363
N10780 X130.818 Y2.363 Z-3.77 I0.818 J2.363
N10785 X129.182 Y-2.362 Z-3.845 I-0.818 J-2.363
N10790 X130.818 Y2.362 Z-3.92 I0.818 J2.362
N10795 X129.182 Y-2.362 Z-3.995 I-0.818 J-2.362
N10800 X130.818 Y2.362 Z-4.07 I0.818 J2.362
N10805 X128.363 Y-1.889 Z-4.136 I-0.818 J-2.362
N10810 S18000
N10815 X131.637 Y1.889 I1.637 J1.889 F900.
N10820 X128.363 Y-1.889 I-1.637 J-1.889
N10825 S22000
N10830 X131.637 Y1.889 Z-4.211 I1.637 J1.889 F550.
N10835 X128.363 Y-1.889 Z-4.286 I-1.637 J-1.889
N10840 X131.637 Y1.889 Z-4.361 I1.637 J1.889
N10845 X128.363 Y-1.889 Z-4.436 I-1.637 J-1.889
N10850 X131.637 Y1.889 Z-4.511 I1.637 J1.889
N10855 X128.363 Y-1.889 Z-4.586 I-1.637 J-1.889
N10860 X131.637 Y1.889 Z-4.661 I1.637 J1.889
N10865 X127.778 Y-1.146 Z-4.727 I-1.637 J-1.889
N10870 S18000
N10875 X132.222 Y1.146 I2.222 J1.146 F900.
N10880 X127.778 Y-1.146 I-2.222 J-1.146
N10885 S22000
N10890 X132.222 Y1.146 Z-4.802 I2.222 J1.146 F550.
N10895 X127.778 Y-1.146 Z-4.877 I-2.222 J-1.146
N10900 X132.222 Y1.146 Z-4.952 I2.222 J1.146
N10905 X127.778 Y-1.146 Z-5.027 I-2.222 J-1.146
N10910 X132.222 Y1.146 Z-5.102 I2.222 J1.146
N10915 X127.778 Y-1.146 Z-5.177 I-2.222 J-1.146
N10920 X132.222 Y1.146 Z-5.252 I2.222 J1.146
N10925 X127.511 Y-0.238 Z-5.318 I-2.222 J-1.146
N10930 S18000
N10935 X132.489 Y0.238 I2.489 J0.238 F900.
N10940 X127.511 Y-0.238 I-2.489 J-0.238
N10945 S22000
N10950 X132.489 Y0.238 Z-5.393 I2.489 J0.238 F550.
N10955 X127.511 Y-0.238 Z-5.468 I-2.489 J-0.238
N10960 X132.489 Y0.238 Z-5.543 I2.489 J0.238
N10965 X127.511 Y-0.238 Z-5.618 I-2.489 J-0.238
N10970 X132.489 Y0.238 Z-5.693 I2.489 J0.238
N10975 X127.511 Y-0.238 Z-5.768 I-2.489 J-0.238
N10980 X132.489 Y0.238 Z-5.843 I2.489 J0.238
N10985 X127.601 Y0.704 Z-5.909 I-2.489 J-0.238
N10990 S18000
N10995 X132.399 Y-0.704 I2.399 J-0.704 F900.
N11000 X127.601 Y0.704 I-2.399 J0.704
N11005 S22000
N11010 X132.399 Y-0.704 Z-5.984 I2.399 J-0.704 F550.
N11015 X127.601 Y0.704 Z-6.059 I-2.399 J0.704
N11020 X132.399 Y-0.704 Z-6.134 I2.399 J-0.704
N11025 X127.601 Y0.704 Z-6.209 I-2.399 J0.704
N11030 X132.399 Y-0.704 Z-6.284 I2.399 J-0.704
N11035 X127.601 Y0.704 Z-6.359 I-2.399 J0.704
N11040 X132.399 Y-0.704 Z-6.434 I2.399 J-0.704
N11045 X128.035 Y1.545 Z-6.5 I-2.399 J0.704
N11050 S18000
N11055 X131.965 Y-1.545 I1.965 J-1.545 F900.
N11060 X128.035 Y1.545 I-1.965 J1.545
N11065 G1 X127.986 Y1.467 Z-6.485
N11070 X127.949 Y1.382 Z-6.471
N11075 X127.928 Y1.301 Z-6.428
N11080 X127.919 Y1.218 Z-6.385
N11085 X127.92 Y1.152 Z-6.319
N11090 X127.929 Y1.086 Z-6.253
N11095 X127.951 Y1.004 Z-6.085
N11100 X127.962 Y0.976 Z-5.9
N11105 Z15.
N11110 X-1.546 Y1.965
N11115 Z5.
N11120 Z1.6 F150.
N11125 S22000
N11130 X-1.569 Y1.947 Z1.416 F550.
N11135 X-1.633 Y1.893 Z1.249
N11140 X-1.73 Y1.804 Z1.117
N11145 X-1.846 Y1.686 Z1.031
N11150 X-1.965 Y1.545 Z1.
N11155 G3 X1.965 Y-1.545 Z0.925 I1.965 J-1.545
N11160 X-1.965 Y1.545 Z0.85 I-1.965 J1.545
N11165 X1.965 Y-1.545 Z0.775 I1.965 J-1.545
N11170 X-1.965 Y1.545 Z0.7 I-1.965 J1.545
N11175 X1.965 Y-1.545 Z0.625 I1.965 J-1.545
N11180 X-1.965 Y1.545 Z0.55 I-1.965 J1.545
N11185 X1.965 Y-1.545 Z0.475 I1.965 J-1.545
N11190 X-1.965 Y1.545 Z0.4 I-1.965 J1.545
N11195 X1.965 Y-1.545 Z0.325 I1.965 J-1.545
N11200 X-1.965 Y1.545 Z0.25 I-1.965 J1.545
N11205 X1.965 Y-1.545 Z0.175 I1.965 J-1.545
N11210 X-1.965 Y1.545 Z0.1 I-1.965 J1.545
N11215 X1.965 Y-1.545 Z0.025 I1.965 J-1.545
N11220 X-1.965 Y1.545 Z-0.05 I-1.965 J1.545
N11225 X1.965 Y-1.545 Z-0.125 I1.965 J-1.545
N11230 X-1.965 Y1.545 Z-0.2 I-1.965 J1.545
N11235 X1.965 Y-1.545 Z-0.275 I1.965 J-1.545
N11240 X-1.965 Y1.545 Z-0.35 I-1.965 J1.545
N11245 X1.965 Y-1.545 Z-0.425 I1.965 J-1.545
N11250 X-1.965 Y1.545 Z-0.5 I-1.965 J1.545
N11255 X1.965 Y-1.545 Z-0.575 I1.965 J-1.545
N11260 X2.5 Y0. Z-0.591 I-1.965 J1.545
N11265 S18000
N11270 X-2.5 I-2.5 J0. F900.
N11275 X2.5 I2.5 J0.
N11280 S22000
N11285 X-2.5 Z-0.666 I-2.5 J0. F550.
N11290 X2.5 Z-0.741 I2.5 J0.
N11295 X-2.5 Z-0.816 I-2.5 J0.
N11300 X2.5 Z-0.891 I2.5 J0.
N11305 X-2.5 Z-0.966 I-2.5 J0.
N11310 X2.5 Z-1.041 I2.5 J0.
N11315 X-2.5 Z-1.116 I-2.5 J0.
N11320 X2.321 Y-0.929 Z-1.182 I2.5 J0.
N11325 S18000
N11330 X-2.321 Y0.929 I-2.321 J0.929 F900.
N11335 X2.321 Y-0.929 I2.321 J-0.929
N11340 S22000
N11345 X-2.321 Y0.929 Z-1.257 I-2.321 J0.929 F550.
N11350 X2.321 Y-0.929 Z-1.332 I2.321 J-0.929
N11355 X-2.321 Y0.929 Z-1.407 I-2.321 J0.929
N11360 X2.321 Y-0.929 Z-1.482 I2.321 J-0.929
N11365 X-2.321 Y0.929 Z-1.557 I-2.321 J0.929
N11370 X2.321 Y-0.929 Z-1.632 I2.321 J-0.929
N11375 X-2.321 Y0.929 Z-1.707 I-2.321 J0.929
N11380 X1.809 Y-1.725 Z-1.773 I2.321 J-0.929
N11385 S18000
N11390 X-1.809 Y1.725 I-1.809 J1.725 F900.
N11395 X1.809 Y-1.725 I1.809 J-1.725
N11400 S22000
N11405 X-1.809 Y1.725 Z-1.848 I-1.809 J1.725 F550.
N11410 X1.809 Y-1.725 Z-1.923 I1.809 J-1.725
N11415 X-1.809 Y1.725 Z-1.998 I-1.809 J1.725
N11420 X1.809 Y-1.725 Z-2.073 I1.809 J-1.725
N11425 X-1.809 Y1.725 Z-2.148 I-1.809 J1.725
N11430 X1.809 Y-1.725 Z-2.223 I1.809 J-1.725
N11435 X-1.809 Y1.725 Z-2.298 I-1.809 J1.725
N11440 X1.039 Y-2.274 Z-2.364 I1.809 J-1.725
N11445 S18000
N11450 X-1.039 Y2.274 I-1.039 J2.274 F900.
N11455 X1.039 Y-2.274 I1.039 J-2.274
N11460 S22000
N11465 X-1.039 Y2.274 Z-2.439 I-1.039 J2.274 F550.
N11470 X1.039 Y-2.274 Z-2.514 I1.039 J-2.274
N11475 X-1.039 Y2.274 Z-2.589 I-1.039 J2.274
N11480 X1.039 Y-2.274 Z-2.664 I1.039 J-2.274
N11485 X-1.039 Y2.274 Z-2.739 I-1.039 J2.274
N11490 X1.039 Y-2.274 Z-2.814 I1.039 J-2.274
N11495 X-1.039 Y2.274 Z-2.889 I-1.039 J2.274
N11500 X0.119 Y-2.497 Z-2.955 I1.039 J-2.274
N11505 S18000
N11510 X-0.119 Y2.497 I-0.119 J2.497 F900.
N11515 X0.119 Y-2.497 I0.119 J-2.497
N11520 S22000
N11525 X-0.119 Y2.497 Z-3.03 I-0.119 J2.497 F550.
N11530 X0.119 Y-2.497 Z-3.105 I0.119 J-2.497
N11535 X-0.119 Y2.497 Z-3.18 I-0.119 J2.497
N11540 X0.119 Y-2.497 Z-3.255 I0.119 J-2.497
N11545 X-0.119 Y2.497 Z-3.33 I-0.119 J2.497
N11550 X0.119 Y-2.497 Z-3.405 I0.119 J-2.497
N11555 X-0.119 Y2.497 Z-3.48 I-0.119 J2.497
N11560 X-0.818 Y-2.363 Z-3.545 I0.119 J-2.497
N11565 S18000
N11570 X0.818 Y2.363 I0.818 J2.363 F900.
N11575 X-0.818 Y-2.363 I-0.818 J-2.363
N11580 S22000
N11585 X0.818 Y2.363 Z-3.62 I0.818 J2.363 F550.
N11590 X-0.818 Y-2.363 Z-3.695 I-0.818 J-2.363
N11595 X0.818 Y2.363 Z-3.77 I0.818 J2.363
N11600 X-0.818 Y-2.363 Z-3.845 I-0.818 J-2.363
N11605 X0.818 Y2.363 Z-3.92 I0.818 J2.363
N11610 X-0.818 Y-2.363 Z-3.995 I-0.818 J-2.363
N11615 X0.818 Y2.363 Z-4.07 I0.818 J2.363
N11620 X-1.637 Y-1.889 Z-4.136 I-0.818 J-2.363
N11625 S18000
N11630 X1.637 Y1.889 I1.637 J1.889 F900.
N11635 X-1.637 Y-1.889 I-1.637 J-1.889
N11640 S22000
N11645 X1.637 Y1.889 Z-4.211 I1.637 J1.889 F550.
N11650 X-1.637 Y-1.889 Z-4.286 I-1.637 J-1.889
N11655 X1.637 Y1.889 Z-4.361 I1.637 J1.889
N11660 X-1.637 Y-1.889 Z-4.436 I-1.637 J-1.889
N11665 X1.637 Y1.889 Z-4.511 I1.637 J1.889
N11670 X-1.637 Y-1.889 Z-4.586 I-1.637 J-1.889
N11675 X1.637 Y1.889 Z-4.661 I1.637 J1.889
N11680 X-2.222 Y-1.146 Z-4.727 I-1.637 J-1.889
N11685 S18000
N11690 X2.222 Y1.146 I2.222 J1.146 F900.
N11695 X-2.222 Y-1.146 I-2.222 J-1.146
N11700 S22000
N11705 X2.222 Y1.146 Z-4.802 I2.222 J1.146 F550.
N11710 X-2.222 Y-1.146 Z-4.877 I-2.222 J-1.146
N11715 X2.222 Y1.146 Z-4.952 I2.222 J1.146
N11720 X-2.222 Y-1.146 Z-5.027 I-2.222 J-1.146
N11725 X2.222 Y1.146 Z-5.102 I2.222 J1.146
N11730 X-2.222 Y-1.146 Z-5.177 I-2.222 J-1.146
N11735 X2.222 Y1.146 Z-5.252 I2.222 J1.146
N11740 X-2.489 Y-0.238 Z-5.318 I-2.222 J-1.146
N11745 S18000
N11750 X2.489 Y0.238 I2.489 J0.238 F900.
N11755 X-2.489 Y-0.238 I-2.489 J-0.238
N11760 S22000
N11765 X2.489 Y0.238 Z-5.393 I2.489 J0.238 F550.
N11770 X-2.489 Y-0.238 Z-5.468 I-2.489 J-0.238
N11775 X2.489 Y0.238 Z-5.543 I2.489 J0.238
N11780 X-2.489 Y-0.238 Z-5.618 I-2.489 J-0.238
N11785 X2.489 Y0.238 Z-5.693 I2.489 J0.238
N11790 X-2.489 Y-0.238 Z-5.768 I-2.489 J-0.238
N11795 X2.489 Y0.238 Z-5.843 I2.489 J0.238
N11800 X-2.399 Y0.704 Z-5.909 I-2.489 J-0.238
N11805 S18000
N11810 X2.399 Y-0.704 I2.399 J-0.704 F900.
N11815 X-2.399 Y0.704 I-2.399 J0.704
N11820 S22000
N11825 X2.399 Y-0.704 Z-5.984 I2.399 J-0.704 F550.
N11830 X-2.399 Y0.704 Z-6.059 I-2.399 J0.704
N11835 X2.399 Y-0.704 Z-6.134 I2.399 J-0.704
N11840 X-2.399 Y0.704 Z-6.209 I-2.399 J0.704
N11845 X2.399 Y-0.704 Z-6.284 I2.399 J-0.704
N11850 X-2.399 Y0.704 Z-6.359 I-2.399 J0.704
N11855 X2.399 Y-0.704 Z-6.434 I2.399 J-0.704
N11860 X-1.965 Y1.545 Z-6.5 I-2.399 J0.704
N11865 S18000
N11870 X1.965 Y-1.545 I1.965 J-1.545 F900.
N11875 X-1.965 Y1.545 I-1.965 J1.545
N11880 G1 X-2.014 Y1.467 Z-6.485
N11885 X-2.051 Y1.382 Z-6.471
N11890 X-2.072 Y1.301 Z-6.428
N11895 X-2.081 Y1.218 Z-6.385
N11900 X-2.08 Y1.152 Z-6.319
N11905 X-2.071 Y1.086 Z-6.253
N11910 X-2.049 Y1.004 Z-6.085
N11915 X-2.038 Y0.976 Z-5.9
N11920 Z15.
N11925 X-131.546 Y1.965
N11930 Z5.
N11935 Z1.6 F150.
N11940 S22000
N11945 X-131.569 Y1.947 Z1.416 F550.
N11950 X-131.633 Y1.893 Z1.249
N11955 X-131.73 Y1.804 Z1.117
N11960 X-131.846 Y1.686 Z1.031
N11965 X-131.965 Y1.545 Z1.
N11970 G3 X-128.035 Y-1.545 Z0.925 I1.965 J-1.545
N11975 X-131.965 Y1.545 Z0.85 I-1.965 J1.545
N11980 X-128.035 Y-1.545 Z0.775 I1.965 J-1.545
N11985 X-131.965 Y1.545 Z0.7 I-1.965 J1.545
N11990 X-128.035 Y-1.545 Z0.625 I1.965 J-1.545
N11995 X-131.965 Y1.545 Z0.55 I-1.965 J1.545
N12000 X-128.035 Y-1.545 Z0.475 I1.965 J-1.545
N12005 X-131.965 Y1.545 Z0.4 I-1.965 J1.545
N12010 X-128.035 Y-1.545 Z0.325 I1.965 J-1.545
N12015 X-131.965 Y1.545 Z0.25 I-1.965 J1.545
N12020 X-128.035 Y-1.545 Z0.175 I1.965 J-1.545
N12025 X-131.965 Y1.545 Z0.1 I-1.965 J1.545
N12030 X-128.035 Y-1.545 Z0.025 I1.965 J-1.545
N12035 X-131.965 Y1.545 Z-0.05 I-1.965 J1.545
N12040 X-128.035 Y-1.545 Z-0.125 I1.965 J-1.545
N12045 X-131.965 Y1.545 Z-0.2 I-1.965 J1.545
N12050 X-128.035 Y-1.545 Z-0.275 I1.965 J-1.545
N12055 X-131.965 Y1.545 Z-0.35 I-1.965 J1.545
N12060 X-128.035 Y-1.545 Z-0.425 I1.965 J-1.545
N12065 X-131.965 Y1.545 Z-0.5 I-1.965 J1.545
N12070 X-128.035 Y-1.545 Z-0.575 I1.965 J-1.545
N12075 X-127.5 Y0. Z-0.591 I-1.965 J1.545
N12080 S18000
N12085 X-132.5 I-2.5 J0. F900.
N12090 X-127.5 I2.5 J0.
N12095 S22000
N12100 X-132.5 Z-0.666 I-2.5 J0. F550.
N12105 X-127.5 Z-0.741 I2.5 J0.
N12110 X-132.5 Z-0.816 I-2.5 J0.
N12115 X-127.5 Z-0.891 I2.5 J0.
N12120 X-132.5 Z-0.966 I-2.5 J0.
N12125 X-127.5 Z-1.041 I2.5 J0.
N12130 X-132.5 Z-1.116 I-2.5 J0.
N12135 X-127.679 Y-0.929 Z-1.182 I2.5 J0.
N12140 S18000
N12145 X-132.321 Y0.929 I-2.321 J0.929 F900.
N12150 X-127.679 Y-0.929 I2.321 J-0.929
N12155 S22000
N12160 X-132.321 Y0.929 Z-1.257 I-2.321 J0.929 F550.
N12165 X-127.679 Y-0.929 Z-1.332 I2.321 J-0.929
N12170 X-132.321 Y0.929 Z-1.407 I-2.321 J0.929
N12175 X-127.679 Y-0.929 Z-1.482 I2.321 J-0.929
N12180 X-132.321 Y0.929 Z-1.557 I-2.321 J0.929
N12185 X-127.679 Y-0.929 Z-1.632 I2.321 J-0.929
N12190 X-132.321 Y0.929 Z-1.707 I-2.321 J0.929
N12195 X-128.191 Y-1.725 Z-1.773 I2.321 J-0.929
N12200 S18000
N12205 X-131.809 Y1.725 I-1.809 J1.725 F900.
N12210 X-128.191 Y-1.725 I1.809 J-1.725
N12215 S22000
N12220 X-131.809 Y1.725 Z-1.848 I-1.809 J1.725 F550.
N12225 X-128.191 Y-1.725 Z-1.923 I1.809 J-1.725
N12230 X-131.809 Y1.725 Z-1.998 I-1.809 J1.725
N12235 X-128.191 Y-1.725 Z-2.073 I1.809 J-1.725
N12240 X-131.809 Y1.725 Z-2.148 I-1.809 J1.725
N12245 X-128.191 Y-1.725 Z-2.223 I1.809 J-1.725
N12250 X-131.809 Y1.725 Z-2.298 I-1.809 J1.725
N12255 X-128.961 Y-2.274 Z-2.364 I1.809 J-1.725
N12260 S18000
N12265 X-131.039 Y2.274 I-1.039 J2.274 F900.
N12270 X-128.961 Y-2.274 I1.039 J-2.274
N12275 S22000
N12280 X-131.039 Y2.274 Z-2.439 I-1.039 J2.274 F550.
N12285 X-128.961 Y-2.274 Z-2.514 I1.039 J-2.274
N12290 X-131.039 Y2.274 Z-2.589 I-1.039 J2.274
N12295 X-128.961 Y-2.274 Z-2.664 I1.039 J-2.274
N12300 X-131.039 Y2.274 Z-2.739 I-1.039 J2.274
N12305 X-128.961 Y-2.274 Z-2.814 I1.039 J-2.274
N12310 X-131.039 Y2.274 Z-2.889 I-1.039 J2.274
N12315 X-129.881 Y-2.497 Z-2.955 I1.039 J-2.274
N12320 S18000
N12325 X-130.119 Y2.497 I-0.119 J2.497 F900.
N12330 X-129.881 Y-2.497 I0.119 J-2.497
N12335 S22000
N12340 X-130.119 Y2.497 Z-3.03 I-0.119 J2.497 F550.
N12345 X-129.881 Y-2.497 Z-3.105 I0.119 J-2.497
N12350 X-130.119 Y2.497 Z-3.18 I-0.119 J2.497
N12355 X-129.881 Y-2.497 Z-3.255 I0.119 J-2.497
N12360 X-130.119 Y2.497 Z-3.33 I-0.119 J2.497
N12365 X-129.881 Y-2.497 Z-3.405 I0.119 J-2.497
N12370 X-130.119 Y2.497 Z-3.48 I-0.119 J2.497
N12375 X-130.818 Y-2.363 Z-3.545 I0.119 J-2.497
N12380 S18000
N12385 X-129.182 Y2.363 I0.818 J2.363 F900.
N12390 X-130.818 Y-2.363 I-0.818 J-2.363
N12395 S22000
N12400 X-129.182 Y2.363 Z-3.62 I0.818 J2.363 F550.
N12405 X-130.818 Y-2.363 Z-3.695 I-0.818 J-2.363
N12410 X-129.182 Y2.363 Z-3.77 I0.818 J2.363
N12415 X-130.818 Y-2.362 Z-3.845 I-0.818 J-2.363
N12420 X-129.182 Y2.362 Z-3.92 I0.818 J2.362
N12425 X-130.818 Y-2.362 Z-3.995 I-0.818 J-2.362
N12430 X-129.182 Y2.362 Z-4.07 I0.818 J2.362
N12435 X-131.637 Y-1.889 Z-4.136 I-0.818 J-2.362
N12440 S18000
N12445 X-128.363 Y1.889 I1.637 J1.889 F900.
N12450 X-131.637 Y-1.889 I-1.637 J-1.889
N12455 S22000
N12460 X-128.363 Y1.889 Z-4.211 I1.637 J1.889 F550.
N12465 X-131.637 Y-1.889 Z-4.286 I-1.637 J-1.889
N12470 X-128.363 Y1.889 Z-4.361 I1.637 J1.889
N12475 X-131.637 Y-1.889 Z-4.436 I-1.637 J-1.889
N12480 X-128.363 Y1.889 Z-4.511 I1.637 J1.889
N12485 X-131.637 Y-1.889 Z-4.586 I-1.637 J-1.889
N12490 X-128.363 Y1.889 Z-4.661 I1.637 J1.889
N12495 X-132.222 Y-1.146 Z-4.727 I-1.637 J-1.889
N12500 S18000
N12505 X-127.778 Y1.146 I2.222 J1.146 F900.
N12510 X-132.222 Y-1.146 I-2.222 J-1.146
N12515 S22000
N12520 X-127.778 Y1.146 Z-4.802 I2.222 J1.146 F550.
N12525 X-132.222 Y-1.146 Z-4.877 I-2.222 J-1.146
N12530 X-127.778 Y1.146 Z-4.952 I2.222 J1.146
N12535 X-132.222 Y-1.146 Z-5.027 I-2.222 J-1.146
N12540 X-127.778 Y1.146 Z-5.102 I2.222 J1.146
N12545 X-132.222 Y-1.146 Z-5.177 I-2.222 J-1.146
N12550 X-127.778 Y1.146 Z-5.252 I2.222 J1.146
N12555 X-132.489 Y-0.238 Z-5.318 I-2.222 J-1.146
N12560 S18000
N12565 X-127.511 Y0.238 I2.489 J0.238 F900.
N12570 X-132.489 Y-0.238 I-2.489 J-0.238
N12575 S22000
N12580 X-127.511 Y0.238 Z-5.393 I2.489 J0.238 F550.
N12585 X-132.489 Y-0.238 Z-5.468 I-2.489 J-0.238
N12590 X-127.511 Y0.238 Z-5.543 I2.489 J0.238
N12595 X-132.489 Y-0.238 Z-5.618 I-2.489 J-0.238
N12600 X-127.511 Y0.238 Z-5.693 I2.489 J0.238
N12605 X-132.489 Y-0.238 Z-5.768 I-2.489 J-0.238
N12610 X-127.511 Y0.238 Z-5.843 I2.489 J0.238
N12615 X-132.399 Y0.704 Z-5.909 I-2.489 J-0.238
N12620 S18000
N12625 X-127.601 Y-0.704 I2.399 J-0.704 F900.
N12630 X-132.399 Y0.704 I-2.399 J0.704
N12635 S22000
N12640 X-127.601 Y-0.704 Z-5.984 I2.399 J-0.704 F550.
N12645 X-132.399 Y0.704 Z-6.059 I-2.399 J0.704
N12650 X-127.601 Y-0.704 Z-6.134 I2.399 J-0.704
N12655 X-132.399 Y0.704 Z-6.209 I-2.399 J0.704
N12660 X-127.601 Y-0.704 Z-6.284 I2.399 J-0.704
N12665 X-132.399 Y0.704 Z-6.359 I-2.399 J0.704
N12670 X-127.601 Y-0.704 Z-6.434 I2.399 J-0.704
N12675 X-131.965 Y1.545 Z-6.5 I-2.399 J0.704
N12680 S18000
N12685 X-128.035 Y-1.545 I1.965 J-1.545 F900.
N12690 X-131.965 Y1.545 I-1.965 J1.545
N12695 G1 X-132.014 Y1.467 Z-6.485
N12700 X-132.051 Y1.382 Z-6.471
N12705 X-132.072 Y1.301 Z-6.428
N12710 X-132.081 Y1.218 Z-6.385
N12715 X-132.08 Y1.152 Z-6.319
N12720 X-132.071 Y1.086 Z-6.253
N12725 X-132.049 Y1.004 Z-6.085
N12730 X-132.038 Y0.976 Z-5.9
N12735 Z15.
N12740 X-131.546 Y131.965
N12745 Z5.
N12750 Z1.6 F150.
N12755 S22000
N12760 X-131.569 Y131.947 Z1.416 F550.
N12765 X-131.633 Y131.893 Z1.249
N12770 X-131.73 Y131.804 Z1.117
N12775 X-131.846 Y131.686 Z1.031
N12780 X-131.965 Y131.545 Z1.
N12785 G3 X-128.035 Y128.455 Z0.925 I1.965 J-1.545
N12790 X-131.965 Y131.545 Z0.85 I-1.965 J1.545
N12795 X-128.035 Y128.455 Z0.775 I1.965 J-1.545
N12800 X-131.965 Y131.545 Z0.7 I-1.965 J1.545
N12805 X-128.035 Y128.455 Z0.625 I1.965 J-1.545
N12810 X-131.965 Y131.545 Z0.55 I-1.965 J1.545
N12815 X-128.035 Y128.455 Z0.475 I1.965 J-1.545
N12820 X-131.965 Y131.545 Z0.4 I-1.965 J1.545
N12825 X-128.035 Y128.455 Z0.325 I1.965 J-1.545
N12830 X-131.965 Y131.545 Z0.25 I-1.965 J1.545
N12835 X-128.035 Y128.455 Z0.175 I1.965 J-1.545
N12840 X-131.965 Y131.545 Z0.1 I-1.965 J1.545
N12845 X-128.035 Y128.455 Z0.025 I1.965 J-1.545
N12850 X-131.965 Y131.545 Z-0.05 I-1.965 J1.545
N12855 X-128.035 Y128.455 Z-0.125 I1.965 J-1.545
N12860 X-131.965 Y131.545 Z-0.2 I-1.965 J1.545
N12865 X-128.035 Y128.455 Z-0.275 I1.965 J-1.545
N12870 X-131.965 Y131.545 Z-0.35 I-1.965 J1.545
N12875 X-128.035 Y128.455 Z-0.425 I1.965 J-1.545
N12880 X-131.965 Y131.545 Z-0.5 I-1.965 J1.545
N12885 X-128.035 Y128.455 Z-0.575 I1.965 J-1.545
N12890 X-127.5 Y130. Z-0.591 I-1.965 J1.545
N12895 S18000
N12900 X-132.5 I-2.5 J0. F900.
N12905 X-127.5 I2.5 J0.
N12910 S22000
N12915 X-132.5 Z-0.666 I-2.5 J0. F550.
N12920 X-127.5 Z-0.741 I2.5 J0.
N12925 X-132.5 Z-0.816 I-2.5 J0.
N12930 X-127.5 Z-0.891 I2.5 J0.
N12935 X-132.5 Z-0.966 I-2.5 J0.
N12940 X-127.5 Z-1.041 I2.5 J0.
N12945 X-132.5 Z-1.116 I-2.5 J0.
N12950 X-127.679 Y129.071 Z-1.182 I2.5 J0.
N12955 S18000
N12960 X-132.321 Y130.929 I-2.321 J0.929 F900.
N12965 X-127.679 Y129.071 I2.321 J-0.929
N12970 S22000
N12975 X-132.321 Y130.929 Z-1.257 I-2.321 J0.929 F550.
N12980 X-127.679 Y129.071 Z-1.332 I2.321 J-0.929
N12985 X-132.321 Y130.929 Z-1.407 I-2.321 J0.929
N12990 X-127.679 Y129.071 Z-1.482 I2.321 J-0.929
N12995 X-132.321 Y130.929 Z-1.557 I-2.321 J0.929
N13000 X-127.679 Y129.071 Z-1.632 I2.321 J-0.929
N13005 X-132.321 Y130.929 Z-1.707 I-2.321 J0.929
N13010 X-128.191 Y128.275 Z-1.773 I2.321 J-0.929
N13015 S18000
N13020 X-131.809 Y131.725 I-1.809 J1.725 F900.
N13025 X-128.191 Y128.275 I1.809 J-1.725
N13030 S22000
N13035 X-131.809 Y131.725 Z-1.848 I-1.809 J1.725 F550.
N13040 X-128.191 Y128.275 Z-1.923 I1.809 J-1.725
N13045 X-131.809 Y131.725 Z-1.998 I-1.809 J1.725
N13050 X-128.191 Y128.275 Z-2.073 I1.809 J-1.725
N13055 X-131.809 Y131.725 Z-2.148 I-1.809 J1.725
N13060 X-128.191 Y128.275 Z-2.223 I1.809 J-1.725
N13065 X-131.809 Y131.725 Z-2.298 I-1.809 J1.725
N13070 X-128.961 Y127.726 Z-2.364 I1.809 J-1.725
N13075 S18000
N13080 X-131.039 Y132.274 I-1.039 J2.274 F900.
N13085 X-128.961 Y127.726 I1.039 J-2.274
N13090 S22000
N13095 X-131.039 Y132.274 Z-2.439 I-1.039 J2.274 F550.
N13100 X-128.961 Y127.726 Z-2.514 I1.039 J-2.274
N13105 X-131.039 Y132.274 Z-2.589 I-1.039 J2.274
N13110 X-128.961 Y127.726 Z-2.664 I1.039 J-2.274
N13115 X-131.039 Y132.274 Z-2.739 I-1.039 J2.274
N13120 X-128.961 Y127.726 Z-2.814 I1.039 J-2.274
N13125 X-131.039 Y132.274 Z-2.889 I-1.039 J2.274
N13130 X-129.881 Y127.503 Z-2.955 I1.039 J-2.274
N13135 S18000
N13140 X-130.119 Y132.497 I-0.119 J2.497 F900.
N13145 X-129.881 Y127.503 I0.119 J-2.497
N13150 S22000
N13155 X-130.119 Y132.497 Z-3.03 I-0.119 J2.497 F550.
N13160 X-129.881 Y127.503 Z-3.105 I0.119 J-2.497
N13165 X-130.119 Y132.497 Z-3.18 I-0.119 J2.497
N13170 X-129.881 Y127.503 Z-3.255 I0.119 J-2.497
N13175 X-130.119 Y132.497 Z-3.33 I-0.119 J2.497
N13180 X-129.881 Y127.503 Z-3.405 I0.119 J-2.497
N13185 X-130.119 Y132.497 Z-3.48 I-0.119 J2.497
N13190 X-130.818 Y127.637 Z-3.545 I0.119 J-2.497
N13195 S18000
N13200 X-129.182 Y132.363 I0.818 J2.363 F900.
N13205 X-130.818 Y127.637 I-0.818 J-2.363
N13210 S22000
N13215 X-129.182 Y132.363 Z-3.62 I0.818 J2.363 F550.
N13220 X-130.818 Y127.637 Z-3.695 I-0.818 J-2.363
N13225 X-129.182 Y132.363 Z-3.77 I0.818 J2.363
N13230 X-130.818 Y127.637 Z-3.845 I-0.818 J-2.363
N13235 X-129.182 Y132.362 Z-3.92 I0.818 J2.363
N13240 X-130.818 Y127.638 Z-3.995 I-0.818 J-2.362
N13245 X-129.182 Y132.362 Z-4.07 I0.818 J2.362
N13250 X-131.637 Y128.111 Z-4.136 I-0.818 J-2.362
N13255 S18000
N13260 X-128.363 Y131.889 I1.637 J1.889 F900.
N13265 X-131.637 Y128.111 I-1.637 J-1.889
N13270 S22000
N13275 X-128.363 Y131.889 Z-4.211 I1.637 J1.889 F550.
N13280 X-131.637 Y128.111 Z-4.286 I-1.637 J-1.889
N13285 X-128.363 Y131.889 Z-4.361 I1.637 J1.889
N13290 X-131.637 Y128.111 Z-4.436 I-1.637 J-1.889
N13295 X-128.363 Y131.889 Z-4.511 I1.637 J1.889
N13300 X-131.637 Y128.111 Z-4.586 I-1.637 J-1.889
N13305 X-128.363 Y131.889 Z-4.661 I1.637 J1.889
N13310 X-132.222 Y128.854 Z-4.727 I-1.637 J-1.889
N13315 S18000
N13320 X-127.778 Y131.146 I2.222 J1.146 F900.
N13325 X-132.222 Y128.854 I-2.222 J-1.146
N13330 S22000
N13335 X-127.778 Y131.146 Z-4.802 I2.222 J1.146 F550.
N13340 X-132.222 Y128.854 Z-4.877 I-2.222 J-1.146
N13345 X-127.778 Y131.146 Z-4.952 I2.222 J1.146
N13350 X-132.222 Y128.854 Z-5.027 I-2.222 J-1.146
N13355 X-127.778 Y131.146 Z-5.102 I2.222 J1.146
N13360 X-132.222 Y128.854 Z-5.177 I-2.222 J-1.146
N13365 X-127.778 Y131.146 Z-5.252 I2.222 J1.146
N13370 X-132.489 Y129.762 Z-5.318 I-2.222 J-1.146
N13375 S18000
N13380 X-127.511 Y130.238 I2.489 J0.238 F900.
N13385 X-132.489 Y129.762 I-2.489 J-0.238
N13390 S22000
N13395 X-127.511 Y130.238 Z-5.393 I2.489 J0.238 F550.
N13400 X-132.489 Y129.762 Z-5.468 I-2.489 J-0.238
N13405 X-127.511 Y130.238 Z-5.543 I2.489 J0.238
N13410 X-132.489 Y129.762 Z-5.618 I-2.489 J-0.238
N13415 X-127.511 Y130.238 Z-5.693 I2.489 J0.238
N13420 X-132.489 Y129.762 Z-5.768 I-2.489 J-0.238
N13425 X-127.511 Y130.238 Z-5.843 I2.489 J0.238
N13430 X-132.399 Y130.704 Z-5.909 I-2.489 J-0.238
N13435 S18000
N13440 X-127.601 Y129.296 I2.399 J-0.704 F900.
N13445 X-132.399 Y130.704 I-2.399 J0.704
N13450 S22000
N13455 X-127.601 Y129.296 Z-5.984 I2.399 J-0.704 F550.
N13460 X-132.399 Y130.704 Z-6.059 I-2.399 J0.704
N13465 X-127.601 Y129.296 Z-6.134 I2.399 J-0.704
N13470 X-132.399 Y130.704 Z-6.209 I-2.399 J0.704
N13475 X-127.601 Y129.296 Z-6.284 I2.399 J-0.704
N13480 X-132.399 Y130.704 Z-6.359 I-2.399 J0.704
N13485 X-127.601 Y129.296 Z-6.434 I2.399 J-0.704
N13490 X-131.965 Y131.545 Z-6.5 I-2.399 J0.704
N13495 S18000
N13500 X-128.035 Y128.455 I1.965 J-1.545 F900.
N13505 X-131.965 Y131.545 I-1.965 J1.545
N13510 G1 X-132.014 Y131.467 Z-6.485
N13515 X-132.051 Y131.382 Z-6.471
N13520 X-132.072 Y131.301 Z-6.428
N13525 X-132.081 Y131.218 Z-6.385
N13530 X-132.08 Y131.152 Z-6.319
N13535 X-132.071 Y131.086 Z-6.253
N13540 X-132.049 Y131.004 Z-6.085
N13545 X-132.038 Y130.976 Z-5.9
N13550 Z15.
N13555 X-1.546 Y131.965
N13560 Z5.
N13565 Z1.6 F150.
N13570 S22000
N13575 X-1.569 Y131.947 Z1.416 F550.
N13580 X-1.633 Y131.893 Z1.249
N13585 X-1.73 Y131.804 Z1.117
N13590 X-1.846 Y131.686 Z1.031
N13595 X-1.965 Y131.545 Z1.
N13600 G3 X1.965 Y128.455 Z0.925 I1.965 J-1.545
N13605 X-1.965 Y131.545 Z0.85 I-1.965 J1.545
N13610 X1.965 Y128.455 Z0.775 I1.965 J-1.545
N13615 X-1.965 Y131.545 Z0.7 I-1.965 J1.545
N13620 X1.965 Y128.455 Z0.625 I1.965 J-1.545
N13625 X-1.965 Y131.545 Z0.55 I-1.965 J1.545
N13630 X1.965 Y128.455 Z0.475 I1.965 J-1.545
N13635 X-1.965 Y131.545 Z0.4 I-1.965 J1.545
N13640 X1.965 Y128.455 Z0.325 I1.965 J-1.545
N13645 X-1.965 Y131.545 Z0.25 I-1.965 J1.545
N13650 X1.965 Y128.455 Z0.175 I1.965 J-1.545
N13655 X-1.965 Y131.545 Z0.1 I-1.965 J1.545
N13660 X1.965 Y128.455 Z0.025 I1.965 J-1.545
N13665 X-1.965 Y131.545 Z-0.05 I-1.965 J1.545
N13670 X1.965 Y128.455 Z-0.125 I1.965 J-1.545
N13675 X-1.965 Y131.545 Z-0.2 I-1.965 J1.545
N13680 X1.965 Y128.455 Z-0.275 I1.965 J-1.545
N13685 X-1.965 Y131.545 Z-0.35 I-1.965 J1.545
N13690 X1.965 Y128.455 Z-0.425 I1.965 J-1.545
N13695 X-1.965 Y131.545 Z-0.5 I-1.965 J1.545
N13700 X1.965 Y128.455 Z-0.575 I1.965 J-1.545
N13705 X2.5 Y130. Z-0.591 I-1.965 J1.545
N13710 S18000
N13715 X-2.5 I-2.5 J0. F900.
N13720 X2.5 I2.5 J0.
N13725 S22000
N13730 X-2.5 Z-0.666 I-2.5 J0. F550.
N13735 X2.5 Z-0.741 I2.5 J0.
N13740 X-2.5 Z-0.816 I-2.5 J0.
N13745 X2.5 Z-0.891 I2.5 J0.
N13750 X-2.5 Z-0.966 I-2.5 J0.
N13755 X2.5 Z-1.041 I2.5 J0.
N13760 X-2.5 Z-1.116 I-2.5 J0.
N13765 X2.321 Y129.071 Z-1.182 I2.5 J0.
N13770 S18000
N13775 X-2.321 Y130.929 I-2.321 J0.929 F900.
N13780 X2.321 Y129.071 I2.321 J-0.929
N13785 S22000
N13790 X-2.321 Y130.929 Z-1.257 I-2.321 J0.929 F550.
N13795 X2.321 Y129.071 Z-1.332 I2.321 J-0.929
N13800 X-2.321 Y130.929 Z-1.407 I-2.321 J0.929
N13805 X2.321 Y129.071 Z-1.482 I2.321 J-0.929
N13810 X-2.321 Y130.929 Z-1.557 I-2.321 J0.929
N13815 X2.321 Y129.071 Z-1.632 I2.321 J-0.929
N13820 X-2.321 Y130.929 Z-1.707 I-2.321 J0.929
N13825 X1.809 Y128.275 Z-1.773 I2.321 J-0.929
N13830 S18000
N13835 X-1.809 Y131.725 I-1.809 J1.725 F900.
N13840 X1.809 Y128.275 I1.809 J-1.725
N13845 S22000
N13850 X-1.809 Y131.725 Z-1.848 I-1.809 J1.725 F550.
N13855 X1.809 Y128.275 Z-1.923 I1.809 J-1.725
N13860 X-1.809 Y131.725 Z-1.998 I-1.809 J1.725
N13865 X1.809 Y128.275 Z-2.073 I1.809 J-1.725
N13870 X-1.809 Y131.725 Z-2.148 I-1.809 J1.725
N13875 X1.809 Y128.275 Z-2.223 I1.809 J-1.725
N13880 X-1.809 Y131.725 Z-2.298 I-1.809 J1.725
N13885 X1.039 Y127.726 Z-2.364 I1.809 J-1.725
N13890 S18000
N13895 X-1.039 Y132.274 I-1.039 J2.274 F900.
N13900 X1.039 Y127.726 I1.039 J-2.274
N13905 S22000
N13910 X-1.039 Y132.274 Z-2.439 I-1.039 J2.274 F550.
N13915 X1.039 Y127.726 Z-2.514 I1.039 J-2.274
N13920 X-1.039 Y132.274 Z-2.589 I-1.039 J2.274
N13925 X1.039 Y127.726 Z-2.664 I1.039 J-2.274
N13930 X-1.039 Y132.274 Z-2.739 I-1.039 J2.274
N13935 X1.039 Y127.726 Z-2.814 I1.039 J-2.274
N13940 X-1.039 Y132.274 Z-2.889 I-1.039 J2.274
N13945 X0.119 Y127.503 Z-2.955 I1.039 J-2.274
N13950 S18000
N13955 X-0.119 Y132.497 I-0.119 J2.497 F900.
N13960 X0.119 Y127.503 I0.119 J-2.497
N13965 S22000
N13970 X-0.119 Y132.497 Z-3.03 I-0.119 J2.497 F550.
N13975 X0.119 Y127.503 Z-3.105 I0.119 J-2.497
N13980 X-0.119 Y132.497 Z-3.18 I-0.119 J2.497
N13985 X0.119 Y127.503 Z-3.255 I0.119 J-2.497
N13990 X-0.119 Y132.497 Z-3.33 I-0.119 J2.497
N13995 X0.119 Y127.503 Z-3.405 I0.119 J-2.497
N14000 X-0.119 Y132.497 Z-3.48 I-0.119 J2.497
N14005 X-0.818 Y127.637 Z-3.545 I0.119 J-2.497
N14010 S18000
N14015 X0.818 Y132.363 I0.818 J2.363 F900.
N14020 X-0.818 Y127.637 I-0.818 J-2.363
N14025 S22000
N14030 X0.818 Y132.363 Z-3.62 I0.818 J2.363 F550.
N14035 X-0.818 Y127.637 Z-3.695 I-0.818 J-2.363
N14040 X0.818 Y132.363 Z-3.77 I0.818 J2.363
N14045 X-0.818 Y127.637 Z-3.845 I-0.818 J-2.363
N14050 X0.818 Y132.363 Z-3.92 I0.818 J2.363
N14055 X-0.818 Y127.637 Z-3.995 I-0.818 J-2.363
N14060 X0.818 Y132.363 Z-4.07 I0.818 J2.363
N14065 X-1.637 Y128.111 Z-4.136 I-0.818 J-2.363
N14070 S18000
N14075 X1.637 Y131.889 I1.637 J1.889 F900.
N14080 X-1.637 Y128.111 I-1.637 J-1.889
N14085 S22000
N14090 X1.637 Y131.889 Z-4.211 I1.637 J1.889 F550.
N14095 X-1.637 Y128.111 Z-4.286 I-1.637 J-1.889
N14100 X1.637 Y131.889 Z-4.361 I1.637 J1.889
N14105 X-1.637 Y128.111 Z-4.436 I-1.637 J-1.889
N14110 X1.637 Y131.889 Z-4.511 I1.637 J1.889
N14115 X-1.637 Y128.111 Z-4.586 I-1.637 J-1.889
N14120 X1.637 Y131.889 Z-4.661 I1.637 J1.889
N14125 X-2.222 Y128.854 Z-4.727 I-1.637 J-1.889
N14130 S18000
N14135 X2.222 Y131.146 I2.222 J1.146 F900.
N14140 X-2.222 Y128.854 I-2.222 J-1.146
N14145 S22000
N14150 X2.222 Y131.146 Z-4.802 I2.222 J1.146 F550.
N14155 X-2.222 Y128.854 Z-4.877 I-2.222 J-1.146
N14160 X2.222 Y131.146 Z-4.952 I2.222 J1.146
N14165 X-2.222 Y128.854 Z-5.027 I-2.222 J-1.146
N14170 X2.222 Y131.146 Z-5.102 I2.222 J1.146
N14175 X-2.222 Y128.854 Z-5.177 I-2.222 J-1.146
N14180 X2.222 Y131.146 Z-5.252 I2.222 J1.146
N14185 X-2.489 Y129.762 Z-5.318 I-2.222 J-1.146
N14190 S18000
N14195 X2.489 Y130.238 I2.489 J0.238 F900.
N14200 X-2.489 Y129.762 I-2.489 J-0.238
N14205 S22000
N14210 X2.489 Y130.238 Z-5.393 I2.489 J0.238 F550.
N14215 X-2.489 Y129.762 Z-5.468 I-2.489 J-0.238
N14220 X2.489 Y130.238 Z-5.543 I2.489 J0.238
N14225 X-2.489 Y129.762 Z-5.618 I-2.489 J-0.238
N14230 X2.489 Y130.238 Z-5.693 I2.489 J0.238
N14235 X-2.489 Y129.762 Z-5.768 I-2.489 J-0.238
N14240 X2.489 Y130.238 Z-5.843 I2.489 J0.238
N14245 X-2.399 Y130.704 Z-5.909 I-2.489 J-0.238
N14250 S18000
N14255 X2.399 Y129.296 I2.399 J-0.704 F900.
N14260 X-2.399 Y130.704 I-2.399 J0.704
N14265 S22000
N14270 X2.399 Y129.296 Z-5.984 I2.399 J-0.704 F550.
N14275 X-2.399 Y130.704 Z-6.059 I-2.399 J0.704
N14280 X2.399 Y129.296 Z-6.134 I2.399 J-0.704
N14285 X-2.399 Y130.704 Z-6.209 I-2.399 J0.704
N14290 X2.399 Y129.296 Z-6.284 I2.399 J-0.704
N14295 X-2.399 Y130.704 Z-6.359 I-2.399 J0.704
N14300 X2.399 Y129.296 Z-6.434 I2.399 J-0.704
N14305 X-1.965 Y131.545 Z-6.5 I-2.399 J0.704
N14310 S18000
N14315 X1.965 Y128.455 I1.965 J-1.545 F900.
N14320 X-1.965 Y131.545 I-1.965 J1.545
N14325 G1 X-2.014 Y131.467 Z-6.485
N14330 X-2.051 Y131.382 Z-6.471
N14335 X-2.072 Y131.301 Z-6.428
N14340 X-2.081 Y131.218 Z-6.385
N14345 X-2.08 Y131.152 Z-6.319
N14350 X-2.071 Y131.086 Z-6.253
N14355 X-2.049 Y131.004 Z-6.085
N14360 X-2.038 Y130.976 Z-5.9
N14365 Z15.
N14370 X128.454 Y131.965
N14375 Z5.
N14380 Z1.6 F150.
N14385 S22000
N14390 X128.431 Y131.947 Z1.416 F550.
N14395 X128.367 Y131.893 Z1.249
N14400 X128.27 Y131.804 Z1.117
N14405 X128.154 Y131.686 Z1.031
N14410 X128.035 Y131.545 Z1.
N14415 G3 X131.965 Y128.455 Z0.925 I1.965 J-1.545
N14420 X128.035 Y131.545 Z0.85 I-1.965 J1.545
N14425 X131.965 Y128.455 Z0.775 I1.965 J-1.545
N14430 X128.035 Y131.545 Z0.7 I-1.965 J1.545
N14435 X131.965 Y128.455 Z0.625 I1.965 J-1.545
N14440 X128.035 Y131.545 Z0.55 I-1.965 J1.545
N14445 X131.965 Y128.455 Z0.475 I1.965 J-1.545
N14450 X128.035 Y131.545 Z0.4 I-1.965 J1.545
N14455 X131.965 Y128.455 Z0.325 I1.965 J-1.545
N14460 X128.035 Y131.545 Z0.25 I-1.965 J1.545
N14465 X131.965 Y128.455 Z0.175 I1.965 J-1.545
N14470 X128.035 Y131.545 Z0.1 I-1.965 J1.545
N14475 X131.965 Y128.455 Z0.025 I1.965 J-1.545
N14480 X128.035 Y131.545 Z-0.05 I-1.965 J1.545
N14485 X131.965 Y128.455 Z-0.125 I1.965 J-1.545
N14490 X128.035 Y131.545 Z-0.2 I-1.965 J1.545
N14495 X131.965 Y128.455 Z-0.275 I1.965 J-1.545
N14500 X128.035 Y131.545 Z-0.35 I-1.965 J1.545
N14505 X131.965 Y128.455 Z-0.425 I1.965 J-1.545
N14510 X128.035 Y131.545 Z-0.5 I-1.965 J1.545
N14515 X131.965 Y128.455 Z-0.575 I1.965 J-1.545
N14520 X132.5 Y130. Z-0.591 I-1.965 J1.545
N14525 S18000
N14530 X127.5 I-2.5 J0. F900.
N14535 X132.5 I2.5 J0.
N14540 S22000
N14545 X127.5 Z-0.666 I-2.5 J0. F550.
N14550 X132.5 Z-0.741 I2.5 J0.
N14555 X127.5 Z-0.816 I-2.5 J0.
N14560 X132.5 Z-0.891 I2.5 J0.
N14565 X127.5 Z-0.966 I-2.5 J0.
N14570 X132.5 Z-1.041 I2.5 J0.
N14575 X127.5 Z-1.116 I-2.5 J0.
N14580 X132.321 Y129.071 Z-1.182 I2.5 J0.
N14585 S18000
N14590 X127.679 Y130.929 I-2.321 J0.929 F900.
N14595 X132.321 Y129.071 I2.321 J-0.929
N14600 S22000
N14605 X127.679 Y130.929 Z-1.257 I-2.321 J0.929 F550.
N14610 X132.321 Y129.071 Z-1.332 I2.321 J-0.929
N14615 X127.679 Y130.929 Z-1.407 I-2.321 J0.929
N14620 X132.321 Y129.071 Z-1.482 I2.321 J-0.929
N14625 X127.679 Y130.929 Z-1.557 I-2.321 J0.929
N14630 X132.321 Y129.071 Z-1.632 I2.321 J-0.929
N14635 X127.679 Y130.929 Z-1.707 I-2.321 J0.929
N14640 X131.809 Y128.275 Z-1.773 I2.321 J-0.929
N14645 S18000
N14650 X128.191 Y131.725 I-1.809 J1.725 F900.
N14655 X131.809 Y128.275 I1.809 J-1.725
N14660 S22000
N14665 X128.191 Y131.725 Z-1.848 I-1.809 J1.725 F550.
N14670 X131.809 Y128.275 Z-1.923 I1.809 J-1.725
N14675 X128.191 Y131.725 Z-1.998 I-1.809 J1.725
N14680 X131.809 Y128.275 Z-2.073 I1.809 J-1.725
N14685 X128.191 Y131.725 Z-2.148 I-1.809 J1.725
N14690 X131.809 Y128.275 Z-2.223 I1.809 J-1.725
N14695 X128.191 Y131.725 Z-2.298 I-1.809 J1.725
N14700 X131.039 Y127.726 Z-2.364 I1.809 J-1.725
N14705 S18000
N14710 X128.961 Y132.274 I-1.039 J2.274 F900.
N14715 X131.039 Y127.726 I1.039 J-2.274
N14720 S22000
N14725 X128.961 Y132.274 Z-2.439 I-1.039 J2.274 F550.
N14730 X131.039 Y127.726 Z-2.514 I1.039 J-2.274
N14735 X128.961 Y132.274 Z-2.589 I-1.039 J2.274
N14740 X131.039 Y127.726 Z-2.664 I1.039 J-2.274
N14745 X128.961 Y132.274 Z-2.739 I-1.039 J2.274
N14750 X131.039 Y127.726 Z-2.814 I1.039 J-2.274
N14755 X128.961 Y132.274 Z-2.889 I-1.039 J2.274
N14760 X130.119 Y127.503 Z-2.955 I1.039 J-2.274
N14765 S18000
N14770 X129.881 Y132.497 I-0.119 J2.497 F900.
N14775 X130.119 Y127.503 I0.119 J-2.497
N14780 S22000
N14785 X129.881 Y132.497 Z-3.03 I-0.119 J2.497 F550.
N14790 X130.119 Y127.503 Z-3.105 I0.119 J-2.497
N14795 X129.881 Y132.497 Z-3.18 I-0.119 J2.497
N14800 X130.119 Y127.503 Z-3.255 I0.119 J-2.497
N14805 X129.881 Y132.497 Z-3.33 I-0.119 J2.497
N14810 X130.119 Y127.503 Z-3.405 I0.119 J-2.497
N14815 X129.881 Y132.497 Z-3.48 I-0.119 J2.497
N14820 X129.182 Y127.637 Z-3.545 I0.119 J-2.497
N14825 S18000
N14830 X130.818 Y132.363 I0.818 J2.363 F900.
N14835 X129.182 Y127.637 I-0.818 J-2.363
N14840 S22000
N14845 X130.818 Y132.363 Z-3.62 I0.818 J2.363 F550.
N14850 X129.182 Y127.637 Z-3.695 I-0.818 J-2.363
N14855 X130.818 Y132.363 Z-3.77 I0.818 J2.363
N14860 X129.182 Y127.637 Z-3.845 I-0.818 J-2.363
N14865 X130.818 Y132.362 Z-3.92 I0.818 J2.363
N14870 X129.182 Y127.638 Z-3.995 I-0.818 J-2.362
N14875 X130.818 Y132.362 Z-4.07 I0.818 J2.362
N14880 X128.363 Y128.111 Z-4.136 I-0.818 J-2.362
N14885 S18000
N14890 X131.637 Y131.889 I1.637 J1.889 F900.
N14895 X128.363 Y128.111 I-1.637 J-1.889
N14900 S22000
N14905 X131.637 Y131.889 Z-4.211 I1.637 J1.889 F550.
N14910 X128.363 Y128.111 Z-4.286 I-1.637 J-1.889
N14915 X131.637 Y131.889 Z-4.361 I1.637 J1.889
N14920 X128.363 Y128.111 Z-4.436 I-1.637 J-1.889
N14925 X131.637 Y131.889 Z-4.511 I1.637 J1.889
N14930 X128.363 Y128.111 Z-4.586 I-1.637 J-1.889
N14935 X131.637 Y131.889 Z-4.661 I1.637 J1.889
N14940 X127.778 Y128.854 Z-4.727 I-1.637 J-1.889
N14945 S18000
N14950 X132.222 Y131.146 I2.222 J1.146 F900.
N14955 X127.778 Y128.854 I-2.222 J-1.146
N14960 S22000
N14965 X132.222 Y131.146 Z-4.802 I2.222 J1.146 F550.
N14970 X127.778 Y128.854 Z-4.877 I-2.222 J-1.146
N14975 X132.222 Y131.146 Z-4.952 I2.222 J1.146
N14980 X127.778 Y128.854 Z-5.027 I-2.222 J-1.146
N14985 X132.222 Y131.146 Z-5.102 I2.222 J1.146
N14990 X127.778 Y128.854 Z-5.177 I-2.222 J-1.146
N14995 X132.222 Y131.146 Z-5.252 I2.222 J1.146
N15000 X127.511 Y129.762 Z-5.318 I-2.222 J-1.146
N15005 S18000
N15010 X132.489 Y130.238 I2.489 J0.238 F900.
N15015 X127.511 Y129.762 I-2.489 J-0.238
N15020 S22000
N15025 X132.489 Y130.238 Z-5.393 I2.489 J0.238 F550.
N15030 X127.511 Y129.762 Z-5.468 I-2.489 J-0.238
N15035 X132.489 Y130.238 Z-5.543 I2.489 J0.238
N15040 X127.511 Y129.762 Z-5.618 I-2.489 J-0.238
N15045 X132.489 Y130.238 Z-5.693 I2.489 J0.238
N15050 X127.511 Y129.762 Z-5.768 I-2.489 J-0.238
N15055 X132.489 Y130.238 Z-5.843 I2.489 J0.238
N15060 X127.601 Y130.704 Z-5.909 I-2.489 J-0.238
N15065 S18000
N15070 X132.399 Y129.296 I2.399 J-0.704 F900.
N15075 X127.601 Y130.704 I-2.399 J0.704
N15080 S22000
N15085 X132.399 Y129.296 Z-5.984 I2.399 J-0.704 F550.
N15090 X127.601 Y130.704 Z-6.059 I-2.399 J0.704
N15095 X132.399 Y129.296 Z-6.134 I2.399 J-0.704
N15100 X127.601 Y130.704 Z-6.209 I-2.399 J0.704
N15105 X132.399 Y129.296 Z-6.284 I2.399 J-0.704
N15110 X127.601 Y130.704 Z-6.359 I-2.399 J0.704
N15115 X132.399 Y129.296 Z-6.434 I2.399 J-0.704
N15120 X128.035 Y131.545 Z-6.5 I-2.399 J0.704
N15125 S18000
N15130 X131.965 Y128.455 I1.965 J-1.545 F900.
N15135 X128.035 Y131.545 I-1.965 J1.545
N15140 G1 X127.986 Y131.467 Z-6.485
N15145 X127.949 Y131.382 Z-6.471
N15150 X127.928 Y131.301 Z-6.428
N15155 X127.919 Y131.218 Z-6.385
N15160 X127.92 Y131.152 Z-6.319
N15165 X127.929 Y131.086 Z-6.253
N15170 X127.951 Y131.004 Z-6.085
N15175 X127.962 Y130.976 Z-5.9
N15180 Z15.
N15185 M9
N15190 M5
N15195 M30
%
