%
(BASE PLATE)
(MACHINE)
(  VENDOR PRINTNC)
(  MODEL PRINTNC V4 METALCUTTER)
(  DESCRIPTION GENERIC 3-AXIS ROUTER)
(T14 D=0.189 CR=0. - ZMIN=-0.5998 - THREAD MILL)
N10 G90 G94 G17 G91.1
N15 G20
(WHEN USING FUSION FOR PERSONAL USE, THE FEEDRATE OF RAPID)
(MOVES IS REDUCED TO MATCH THE FEEDRATE OF CUTTING MOVES,)
(WHICH CAN INCREASE MACHINING TIME. UNRESTRICTED RAPID MOVES)
(ARE AVAILABLE WITH A FUSION SUBSCRIPTION.)
N20 G53 G0 Z0.
(M6 THREADING)
N25 T14 M6
N30 S24000 M3
N35 G17 G90 G94
N40 G54
N45 G64 P0.002 Q0.002
N50 M7
N55 G0 X-5.1181 Y2.7559
N60 G43 Z0.5906 H14
N65 G1 Z-0.5211 F5.039
N70 Z-0.5998
N75 G41 X-5.1122 Y2.6555 D14
N80 G3 X-5.0118 Y2.7559 Z-0.5906 I0. J0.1004
N85 X-5.2244 Z-0.5709 I-0.1063 J0.
N90 X-5.0118 Z-0.5512 I0.1063 J0.
N95 X-5.2244 Z-0.5315 I-0.1063 J0.
N100 X-5.0118 Z-0.5118 I0.1063 J0.
N105 X-5.2244 Z-0.4921 I-0.1063 J0.
N110 X-5.0118 Z-0.4724 I0.1063 J0.
N115 X-5.2244 Z-0.4528 I-0.1063 J0.
N120 X-5.0118 Z-0.4331 I0.1063 J0.
N125 X-5.2244 Z-0.4134 I-0.1063 J0.
N130 X-5.0118 Z-0.3937 I0.1063 J0.
N135 X-5.2244 Z-0.374 I-0.1063 J0.
N140 X-5.0118 Z-0.3543 I0.1063 J0.
N145 X-5.2244 Z-0.3346 I-0.1063 J0.
N150 X-5.0118 Z-0.315 I0.1063 J0.
N155 X-5.2244 Z-0.2953 I-0.1063 J0.
N160 X-5.0118 Z-0.2756 I0.1063 J0.
N165 X-5.2244 Z-0.2559 I-0.1063 J0.
N170 X-5.0118 Z-0.2362 I0.1063 J0.
N175 X-5.2244 Z-0.2165 I-0.1063 J0.
N180 X-5.0118 Z-0.1969 I0.1063 J0.
N185 X-5.2244 Z-0.1772 I-0.1063 J0.
N190 X-5.0118 Z-0.1575 I0.1063 J0.
N195 X-5.2244 Z-0.1378 I-0.1063 J0.
N200 X-5.0118 Z-0.1181 I0.1063 J0.
N205 X-5.2244 Z-0.0984 I-0.1063 J0.
N210 X-5.0118 Z-0.0787 I0.1063 J0.
N215 X-5.2244 Z-0.0591 I-0.1063 J0.
N220 X-5.0118 Z-0.0394 I0.1063 J0.
N225 X-5.0321 Y2.8184 Z-0.0354 I-0.1063 J0.
N230 X-5.1723 Y2.8406 Z-0.0261 I-0.0812 J-0.059
N235 G1 G40 X-5.1181 Y2.7559
N240 Z0.1969
N245 Z-0.5209
N250 Z-0.5996
N255 G41 X-5.1093 Y2.6526 D14
N260 G3 X-5.0059 Y2.7559 Z-0.5906 I0. J0.1033
N265 X-5.2303 Z-0.5709 I-0.1122 J0.
N270 X-5.0059 Z-0.5512 I0.1122 J0.
N275 X-5.2303 Z-0.5315 I-0.1122 J0.
N280 X-5.0059 Z-0.5118 I0.1122 J0.
N285 X-5.2303 Z-0.4921 I-0.1122 J0.
N290 X-5.0059 Z-0.4724 I0.1122 J0.
N295 X-5.2303 Z-0.4528 I-0.1122 J0.
N300 X-5.0059 Z-0.4331 I0.1122 J0.
N305 X-5.2303 Z-0.4134 I-0.1122 J0.
N310 X-5.0059 Z-0.3937 I0.1122 J0.
N315 X-5.2303 Z-0.374 I-0.1122 J0.
N320 X-5.0059 Z-0.3543 I0.1122 J0.
N325 X-5.2303 Z-0.3346 I-0.1122 J0.
N330 X-5.0059 Z-0.315 I0.1122 J0.
N335 X-5.2303 Z-0.2953 I-0.1122 J0.
N340 X-5.0059 Z-0.2756 I0.1122 J0.
N345 X-5.2303 Z-0.2559 I-0.1122 J0.
N350 X-5.0059 Z-0.2362 I0.1122 J0.
N355 X-5.2303 Z-0.2165 I-0.1122 J0.
N360 X-5.0059 Z-0.1969 I0.1122 J0.
N365 X-5.2303 Z-0.1772 I-0.1122 J0.
N370 X-5.0059 Z-0.1575 I0.1122 J0.
N375 X-5.2303 Z-0.1378 I-0.1122 J0.
N380 X-5.0059 Z-0.1181 I0.1122 J0.
N385 X-5.2303 Z-0.0984 I-0.1122 J0.
N390 X-5.0059 Z-0.0787 I0.1122 J0.
N395 X-5.2303 Z-0.0591 I-0.1122 J0.
N400 X-5.0059 Z-0.0394 I0.1122 J0.
N405 X-5.0273 Y2.8219 Z-0.0354 I-0.1122 J0.
N410 X-5.1717 Y2.8447 Z-0.0264 I-0.0836 J-0.0607
N415 G1 G40 X-5.1181 Y2.7559
N420 Z0.1969
N425 Z-0.5207
N430 Z-0.5994
N435 G41 X-5.1063 Y2.6496 D14
N440 G3 X-5. Y2.7559 Z-0.5906 I0. J0.1063
N445 X-5.2362 Z-0.5709 I-0.1181 J0.
N450 X-5. Z-0.5512 I0.1181 J0.
N455 X-5.2362 Z-0.5315 I-0.1181 J0.
N460 X-5. Z-0.5118 I0.1181 J0.
N465 X-5.2362 Z-0.4921 I-0.1181 J0.
N470 X-5. Z-0.4724 I0.1181 J0.
N475 X-5.2362 Z-0.4528 I-0.1181 J0.
N480 X-5. Z-0.4331 I0.1181 J0.
N485 X-5.2362 Z-0.4134 I-0.1181 J0.
N490 X-5. Z-0.3937 I0.1181 J0.
N495 X-5.2362 Z-0.374 I-0.1181 J0.
N500 X-5. Z-0.3543 I0.1181 J0.
N505 X-5.2362 Z-0.3346 I-0.1181 J0.
N510 X-5. Z-0.315 I0.1181 J0.
N515 X-5.2362 Z-0.2953 I-0.1181 J0.
N520 X-5. Z-0.2756 I0.1181 J0.
N525 X-5.2362 Z-0.2559 I-0.1181 J0.
N530 X-5. Z-0.2362 I0.1181 J0.
N535 X-5.2362 Z-0.2165 I-0.1181 J0.
N540 X-5. Z-0.1969 I0.1181 J0.
N545 X-5.2362 Z-0.1772 I-0.1181 J0.
N550 X-5. Z-0.1575 I0.1181 J0.
N555 X-5.2362 Z-0.1378 I-0.1181 J0.
N560 X-5. Z-0.1181 I0.1181 J0.
N565 X-5.2362 Z-0.0984 I-0.1181 J0.
N570 X-5. Z-0.0787 I0.1181 J0.
N575 X-5.2362 Z-0.0591 I-0.1181 J0.
N580 X-5. Z-0.0394 I0.1181 J0.
N585 X-5.0226 Y2.8253 Z-0.0354 I-0.1181 J0.
N590 X-5.171 Y2.8488 Z-0.0266 I-0.086 J-0.0625
N595 G1 G40 X-5.1181 Y2.7559
N600 Z0.1969
N605 X-4.3307
N610 Z-0.5211
N615 Z-0.5998
N620 G41 X-4.3248 Y2.6555 D14
N625 G3 X-4.2244 Y2.7559 Z-0.5906 I0. J0.1004
N630 X-4.437 Z-0.5709 I-0.1063 J0.
N635 X-4.2244 Z-0.5512 I0.1063 J0.
N640 X-4.437 Z-0.5315 I-0.1063 J0.
N645 X-4.2244 Z-0.5118 I0.1063 J0.
N650 X-4.437 Z-0.4921 I-0.1063 J0.
N655 X-4.2244 Z-0.4724 I0.1063 J0.
N660 X-4.437 Z-0.4528 I-0.1063 J0.
N665 X-4.2244 Z-0.4331 I0.1063 J0.
N670 X-4.437 Z-0.4134 I-0.1063 J0.
N675 X-4.2244 Z-0.3937 I0.1063 J0.
N680 X-4.437 Z-0.374 I-0.1063 J0.
N685 X-4.2244 Z-0.3543 I0.1063 J0.
N690 X-4.437 Z-0.3346 I-0.1063 J0.
N695 X-4.2244 Z-0.315 I0.1063 J0.
N700 X-4.437 Z-0.2953 I-0.1063 J0.
N705 X-4.2244 Z-0.2756 I0.1063 J0.
N710 X-4.437 Z-0.2559 I-0.1063 J0.
N715 X-4.2244 Z-0.2362 I0.1063 J0.
N720 X-4.437 Z-0.2165 I-0.1063 J0.
N725 X-4.2244 Z-0.1969 I0.1063 J0.
N730 X-4.437 Z-0.1772 I-0.1063 J0.
N735 X-4.2244 Z-0.1575 I0.1063 J0.
N740 X-4.437 Z-0.1378 I-0.1063 J0.
N745 X-4.2244 Z-0.1181 I0.1063 J0.
N750 X-4.437 Z-0.0984 I-0.1063 J0.
N755 X-4.2244 Z-0.0787 I0.1063 J0.
N760 X-4.437 Z-0.0591 I-0.1063 J0.
N765 X-4.2244 Z-0.0394 I0.1063 J0.
N770 X-4.2447 Y2.8184 Z-0.0354 I-0.1063 J0.
N775 X-4.3849 Y2.8406 Z-0.0261 I-0.0812 J-0.059
N780 G1 G40 X-4.3307 Y2.7559
N785 Z0.1969
N790 Z-0.5209
N795 Z-0.5996
N800 G41 X-4.3219 Y2.6526 D14
N805 G3 X-4.2185 Y2.7559 Z-0.5906 I0. J0.1033
N810 X-4.4429 Z-0.5709 I-0.1122 J0.
N815 X-4.2185 Z-0.5512 I0.1122 J0.
N820 X-4.4429 Z-0.5315 I-0.1122 J0.
N825 X-4.2185 Z-0.5118 I0.1122 J0.
N830 X-4.4429 Z-0.4921 I-0.1122 J0.
N835 X-4.2185 Z-0.4724 I0.1122 J0.
N840 X-4.4429 Z-0.4528 I-0.1122 J0.
N845 X-4.2185 Z-0.4331 I0.1122 J0.
N850 X-4.4429 Z-0.4134 I-0.1122 J0.
N855 X-4.2185 Z-0.3937 I0.1122 J0.
N860 X-4.4429 Z-0.374 I-0.1122 J0.
N865 X-4.2185 Z-0.3543 I0.1122 J0.
N870 X-4.4429 Z-0.3346 I-0.1122 J0.
N875 X-4.2185 Z-0.315 I0.1122 J0.
N880 X-4.4429 Z-0.2953 I-0.1122 J0.
N885 X-4.2185 Z-0.2756 I0.1122 J0.
N890 X-4.4429 Z-0.2559 I-0.1122 J0.
N895 X-4.2185 Z-0.2362 I0.1122 J0.
N900 X-4.4429 Z-0.2165 I-0.1122 J0.
N905 X-4.2185 Z-0.1969 I0.1122 J0.
N910 X-4.4429 Z-0.1772 I-0.1122 J0.
N915 X-4.2185 Z-0.1575 I0.1122 J0.
N920 X-4.4429 Z-0.1378 I-0.1122 J0.
N925 X-4.2185 Z-0.1181 I0.1122 J0.
N930 X-4.4429 Z-0.0984 I-0.1122 J0.
N935 X-4.2185 Z-0.0787 I0.1122 J0.
N940 X-4.4429 Z-0.0591 I-0.1122 J0.
N945 X-4.2185 Z-0.0394 I0.1122 J0.
N950 X-4.2399 Y2.8219 Z-0.0354 I-0.1122 J0.
N955 X-4.3843 Y2.8447 Z-0.0264 I-0.0836 J-0.0607
N960 G1 G40 X-4.3307 Y2.7559
N965 Z0.1969
N970 Z-0.5207
N975 Z-0.5994
N980 G41 X-4.3189 Y2.6496 D14
N985 G3 X-4.2126 Y2.7559 Z-0.5906 I0. J0.1063
N990 X-4.4488 Z-0.5709 I-0.1181 J0.
N995 X-4.2126 Z-0.5512 I0.1181 J0.
N1000 X-4.4488 Z-0.5315 I-0.1181 J0.
N1005 X-4.2126 Z-0.5118 I0.1181 J0.
N1010 X-4.4488 Z-0.4921 I-0.1181 J0.
N1015 X-4.2126 Z-0.4724 I0.1181 J0.
N1020 X-4.4488 Z-0.4528 I-0.1181 J0.
N1025 X-4.2126 Z-0.4331 I0.1181 J0.
N1030 X-4.4488 Z-0.4134 I-0.1181 J0.
N1035 X-4.2126 Z-0.3937 I0.1181 J0.
N1040 X-4.4488 Z-0.374 I-0.1181 J0.
N1045 X-4.2126 Z-0.3543 I0.1181 J0.
N1050 X-4.4488 Z-0.3346 I-0.1181 J0.
N1055 X-4.2126 Z-0.315 I0.1181 J0.
N1060 X-4.4488 Z-0.2953 I-0.1181 J0.
N1065 X-4.2126 Z-0.2756 I0.1181 J0.
N1070 X-4.4488 Z-0.2559 I-0.1181 J0.
N1075 X-4.2126 Z-0.2362 I0.1181 J0.
N1080 X-4.4488 Z-0.2165 I-0.1181 J0.
N1085 X-4.2126 Z-0.1969 I0.1181 J0.
N1090 X-4.4488 Z-0.1772 I-0.1181 J0.
N1095 X-4.2126 Z-0.1575 I0.1181 J0.
N1100 X-4.4488 Z-0.1378 I-0.1181 J0.
N1105 X-4.2126 Z-0.1181 I0.1181 J0.
N1110 X-4.4488 Z-0.0984 I-0.1181 J0.
N1115 X-4.2126 Z-0.0787 I0.1181 J0.
N1120 X-4.4488 Z-0.0591 I-0.1181 J0.
N1125 X-4.2126 Z-0.0394 I0.1181 J0.
N1130 X-4.2352 Y2.8253 Z-0.0354 I-0.1181 J0.
N1135 X-4.3836 Y2.8488 Z-0.0266 I-0.086 J-0.0625
N1140 G1 G40 X-4.3307 Y2.7559
N1145 Z0.1969
N1150 X-3.5433
N1155 Z-0.5211
N1160 Z-0.5998
N1165 G41 X-3.5374 Y2.6555 D14
N1170 G3 X-3.437 Y2.7559 Z-0.5906 I0. J0.1004
N1175 X-3.6496 Z-0.5709 I-0.1063 J0.
N1180 X-3.437 Z-0.5512 I0.1063 J0.
N1185 X-3.6496 Z-0.5315 I-0.1063 J0.
N1190 X-3.437 Z-0.5118 I0.1063 J0.
N1195 X-3.6496 Z-0.4921 I-0.1063 J0.
N1200 X-3.437 Z-0.4724 I0.1063 J0.
N1205 X-3.6496 Z-0.4528 I-0.1063 J0.
N1210 X-3.437 Z-0.4331 I0.1063 J0.
N1215 X-3.6496 Z-0.4134 I-0.1063 J0.
N1220 X-3.437 Z-0.3937 I0.1063 J0.
N1225 X-3.6496 Z-0.374 I-0.1063 J0.
N1230 X-3.437 Z-0.3543 I0.1063 J0.
N1235 X-3.6496 Z-0.3346 I-0.1063 J0.
N1240 X-3.437 Z-0.315 I0.1063 J0.
N1245 X-3.6496 Z-0.2953 I-0.1063 J0.
N1250 X-3.437 Z-0.2756 I0.1063 J0.
N1255 X-3.6496 Z-0.2559 I-0.1063 J0.
N1260 X-3.437 Z-0.2362 I0.1063 J0.
N1265 X-3.6496 Z-0.2165 I-0.1063 J0.
N1270 X-3.437 Z-0.1969 I0.1063 J0.
N1275 X-3.6496 Z-0.1772 I-0.1063 J0.
N1280 X-3.437 Z-0.1575 I0.1063 J0.
N1285 X-3.6496 Z-0.1378 I-0.1063 J0.
N1290 X-3.437 Z-0.1181 I0.1063 J0.
N1295 X-3.6496 Z-0.0984 I-0.1063 J0.
N1300 X-3.437 Z-0.0787 I0.1063 J0.
N1305 X-3.6496 Z-0.0591 I-0.1063 J0.
N1310 X-3.437 Z-0.0394 I0.1063 J0.
N1315 X-3.4573 Y2.8184 Z-0.0354 I-0.1063 J0.
N1320 X-3.5975 Y2.8406 Z-0.0261 I-0.0812 J-0.059
N1325 G1 G40 X-3.5433 Y2.7559
N1330 Z0.1969
N1335 Z-0.5209
N1340 Z-0.5996
N1345 G41 X-3.5344 Y2.6526 D14
N1350 G3 X-3.4311 Y2.7559 Z-0.5906 I0. J0.1033
N1355 X-3.6555 Z-0.5709 I-0.1122 J0.
N1360 X-3.4311 Z-0.5512 I0.1122 J0.
N1365 X-3.6555 Z-0.5315 I-0.1122 J0.
N1370 X-3.4311 Z-0.5118 I0.1122 J0.
N1375 X-3.6555 Z-0.4921 I-0.1122 J0.
N1380 X-3.4311 Z-0.4724 I0.1122 J0.
N1385 X-3.6555 Z-0.4528 I-0.1122 J0.
N1390 X-3.4311 Z-0.4331 I0.1122 J0.
N1395 X-3.6555 Z-0.4134 I-0.1122 J0.
N1400 X-3.4311 Z-0.3937 I0.1122 J0.
N1405 X-3.6555 Z-0.374 I-0.1122 J0.
N1410 X-3.4311 Z-0.3543 I0.1122 J0.
N1415 X-3.6555 Z-0.3346 I-0.1122 J0.
N1420 X-3.4311 Z-0.315 I0.1122 J0.
N1425 X-3.6555 Z-0.2953 I-0.1122 J0.
N1430 X-3.4311 Z-0.2756 I0.1122 J0.
N1435 X-3.6555 Z-0.2559 I-0.1122 J0.
N1440 X-3.4311 Z-0.2362 I0.1122 J0.
N1445 X-3.6555 Z-0.2165 I-0.1122 J0.
N1450 X-3.4311 Z-0.1969 I0.1122 J0.
N1455 X-3.6555 Z-0.1772 I-0.1122 J0.
N1460 X-3.4311 Z-0.1575 I0.1122 J0.
N1465 X-3.6555 Z-0.1378 I-0.1122 J0.
N1470 X-3.4311 Z-0.1181 I0.1122 J0.
N1475 X-3.6555 Z-0.0984 I-0.1122 J0.
N1480 X-3.4311 Z-0.0787 I0.1122 J0.
N1485 X-3.6555 Z-0.0591 I-0.1122 J0.
N1490 X-3.4311 Z-0.0394 I0.1122 J0.
N1495 X-3.4525 Y2.8219 Z-0.0354 I-0.1122 J0.
N1500 X-3.5969 Y2.8447 Z-0.0264 I-0.0836 J-0.0607
N1505 G1 G40 X-3.5433 Y2.7559
N1510 Z0.1969
N1515 Z-0.5207
N1520 Z-0.5994
N1525 G41 X-3.5315 Y2.6496 D14
N1530 G3 X-3.4252 Y2.7559 Z-0.5906 I0. J0.1063
N1535 X-3.6614 Z-0.5709 I-0.1181 J0.
N1540 X-3.4252 Z-0.5512 I0.1181 J0.
N1545 X-3.6614 Z-0.5315 I-0.1181 J0.
N1550 X-3.4252 Z-0.5118 I0.1181 J0.
N1555 X-3.6614 Z-0.4921 I-0.1181 J0.
N1560 X-3.4252 Z-0.4724 I0.1181 J0.
N1565 X-3.6614 Z-0.4528 I-0.1181 J0.
N1570 X-3.4252 Z-0.4331 I0.1181 J0.
N1575 X-3.6614 Z-0.4134 I-0.1181 J0.
N1580 X-3.4252 Z-0.3937 I0.1181 J0.
N1585 X-3.6614 Z-0.374 I-0.1181 J0.
N1590 X-3.4252 Z-0.3543 I0.1181 J0.
N1595 X-3.6614 Z-0.3346 I-0.1181 J0.
N1600 X-3.4252 Z-0.315 I0.1181 J0.
N1605 X-3.6614 Z-0.2953 I-0.1181 J0.
N1610 X-3.4252 Z-0.2756 I0.1181 J0.
N1615 X-3.6614 Z-0.2559 I-0.1181 J0.
N1620 X-3.4252 Z-0.2362 I0.1181 J0.
N1625 X-3.6614 Z-0.2165 I-0.1181 J0.
N1630 X-3.4252 Z-0.1969 I0.1181 J0.
N1635 X-3.6614 Z-0.1772 I-0.1181 J0.
N1640 X-3.4252 Z-0.1575 I0.1181 J0.
N1645 X-3.6614 Z-0.1378 I-0.1181 J0.
N1650 X-3.4252 Z-0.1181 I0.1181 J0.
N1655 X-3.6614 Z-0.0984 I-0.1181 J0.
N1660 X-3.4252 Z-0.0787 I0.1181 J0.
N1665 X-3.6614 Z-0.0591 I-0.1181 J0.
N1670 X-3.4252 Z-0.0394 I0.1181 J0.
N1675 X-3.4478 Y2.8253 Z-0.0354 I-0.1181 J0.
N1680 X-3.5962 Y2.8488 Z-0.0266 I-0.086 J-0.0625
N1685 G1 G40 X-3.5433 Y2.7559
N1690 Z0.1969
N1695 X-2.7559
N1700 Z-0.5211
N1705 Z-0.5998
N1710 G41 X-2.75 Y2.6555 D14
N1715 G3 X-2.6496 Y2.7559 Z-0.5906 I0. J0.1004
N1720 X-2.8622 Z-0.5709 I-0.1063 J0.
N1725 X-2.6496 Z-0.5512 I0.1063 J0.
N1730 X-2.8622 Z-0.5315 I-0.1063 J0.
N1735 X-2.6496 Z-0.5118 I0.1063 J0.
N1740 X-2.8622 Z-0.4921 I-0.1063 J0.
N1745 X-2.6496 Z-0.4724 I0.1063 J0.
N1750 X-2.8622 Z-0.4528 I-0.1063 J0.
N1755 X-2.6496 Z-0.4331 I0.1063 J0.
N1760 X-2.8622 Z-0.4134 I-0.1063 J0.
N1765 X-2.6496 Z-0.3937 I0.1063 J0.
N1770 X-2.8622 Z-0.374 I-0.1063 J0.
N1775 X-2.6496 Z-0.3543 I0.1063 J0.
N1780 X-2.8622 Z-0.3346 I-0.1063 J0.
N1785 X-2.6496 Z-0.315 I0.1063 J0.
N1790 X-2.8622 Z-0.2953 I-0.1063 J0.
N1795 X-2.6496 Z-0.2756 I0.1063 J0.
N1800 X-2.8622 Z-0.2559 I-0.1063 J0.
N1805 X-2.6496 Z-0.2362 I0.1063 J0.
N1810 X-2.8622 Z-0.2165 I-0.1063 J0.
N1815 X-2.6496 Z-0.1969 I0.1063 J0.
N1820 X-2.8622 Z-0.1772 I-0.1063 J0.
N1825 X-2.6496 Z-0.1575 I0.1063 J0.
N1830 X-2.8622 Z-0.1378 I-0.1063 J0.
N1835 X-2.6496 Z-0.1181 I0.1063 J0.
N1840 X-2.8622 Z-0.0984 I-0.1063 J0.
N1845 X-2.6496 Z-0.0787 I0.1063 J0.
N1850 X-2.8622 Z-0.0591 I-0.1063 J0.
N1855 X-2.6496 Z-0.0394 I0.1063 J0.
N1860 X-2.6699 Y2.8184 Z-0.0354 I-0.1063 J0.
N1865 X-2.8101 Y2.8406 Z-0.0261 I-0.0812 J-0.059
N1870 G1 G40 X-2.7559 Y2.7559
N1875 Z0.1969
N1880 Z-0.5209
N1885 Z-0.5996
N1890 G41 X-2.747 Y2.6526 D14
N1895 G3 X-2.6437 Y2.7559 Z-0.5906 I0. J0.1033
N1900 X-2.8681 Z-0.5709 I-0.1122 J0.
N1905 X-2.6437 Z-0.5512 I0.1122 J0.
N1910 X-2.8681 Z-0.5315 I-0.1122 J0.
N1915 X-2.6437 Z-0.5118 I0.1122 J0.
N1920 X-2.8681 Z-0.4921 I-0.1122 J0.
N1925 X-2.6437 Z-0.4724 I0.1122 J0.
N1930 X-2.8681 Z-0.4528 I-0.1122 J0.
N1935 X-2.6437 Z-0.4331 I0.1122 J0.
N1940 X-2.8681 Z-0.4134 I-0.1122 J0.
N1945 X-2.6437 Z-0.3937 I0.1122 J0.
N1950 X-2.8681 Z-0.374 I-0.1122 J0.
N1955 X-2.6437 Z-0.3543 I0.1122 J0.
N1960 X-2.8681 Z-0.3346 I-0.1122 J0.
N1965 X-2.6437 Z-0.315 I0.1122 J0.
N1970 X-2.8681 Z-0.2953 I-0.1122 J0.
N1975 X-2.6437 Z-0.2756 I0.1122 J0.
N1980 X-2.8681 Z-0.2559 I-0.1122 J0.
N1985 X-2.6437 Z-0.2362 I0.1122 J0.
N1990 X-2.8681 Z-0.2165 I-0.1122 J0.
N1995 X-2.6437 Z-0.1969 I0.1122 J0.
N2000 X-2.8681 Z-0.1772 I-0.1122 J0.
N2005 X-2.6437 Z-0.1575 I0.1122 J0.
N2010 X-2.8681 Z-0.1378 I-0.1122 J0.
N2015 X-2.6437 Z-0.1181 I0.1122 J0.
N2020 X-2.8681 Z-0.0984 I-0.1122 J0.
N2025 X-2.6437 Z-0.0787 I0.1122 J0.
N2030 X-2.8681 Z-0.0591 I-0.1122 J0.
N2035 X-2.6437 Z-0.0394 I0.1122 J0.
N2040 X-2.6651 Y2.8219 Z-0.0354 I-0.1122 J0.
N2045 X-2.8095 Y2.8447 Z-0.0264 I-0.0836 J-0.0607
N2050 G1 G40 X-2.7559 Y2.7559
N2055 Z0.1969
N2060 Z-0.5207
N2065 Z-0.5994
N2070 G41 X-2.7441 Y2.6496 D14
N2075 G3 X-2.6378 Y2.7559 Z-0.5906 I0. J0.1063
N2080 X-2.874 Z-0.5709 I-0.1181 J0.
N2085 X-2.6378 Z-0.5512 I0.1181 J0.
N2090 X-2.874 Z-0.5315 I-0.1181 J0.
N2095 X-2.6378 Z-0.5118 I0.1181 J0.
N2100 X-2.874 Z-0.4921 I-0.1181 J0.
N2105 X-2.6378 Z-0.4724 I0.1181 J0.
N2110 X-2.874 Z-0.4528 I-0.1181 J0.
N2115 X-2.6378 Z-0.4331 I0.1181 J0.
N2120 X-2.874 Z-0.4134 I-0.1181 J0.
N2125 X-2.6378 Z-0.3937 I0.1181 J0.
N2130 X-2.874 Z-0.374 I-0.1181 J0.
N2135 X-2.6378 Z-0.3543 I0.1181 J0.
N2140 X-2.874 Z-0.3346 I-0.1181 J0.
N2145 X-2.6378 Z-0.315 I0.1181 J0.
N2150 X-2.874 Z-0.2953 I-0.1181 J0.
N2155 X-2.6378 Z-0.2756 I0.1181 J0.
N2160 X-2.874 Z-0.2559 I-0.1181 J0.
N2165 X-2.6378 Z-0.2362 I0.1181 J0.
N2170 X-2.874 Z-0.2165 I-0.1181 J0.
N2175 X-2.6378 Z-0.1969 I0.1181 J0.
N2180 X-2.874 Z-0.1772 I-0.1181 J0.
N2185 X-2.6378 Z-0.1575 I0.1181 J0.
N2190 X-2.874 Z-0.1378 I-0.1181 J0.
N2195 X-2.6378 Z-0.1181 I0.1181 J0.
N2200 X-2.874 Z-0.0984 I-0.1181 J0.
N2205 X-2.6378 Z-0.0787 I0.1181 J0.
N2210 X-2.874 Z-0.0591 I-0.1181 J0.
N2215 X-2.6378 Z-0.0394 I0.1181 J0.
N2220 X-2.6604 Y2.8253 Z-0.0354 I-0.1181 J0.
N2225 X-2.8088 Y2.8488 Z-0.0266 I-0.086 J-0.0625
N2230 G1 G40 X-2.7559 Y2.7559
N2235 Z0.1969
N2240 X-1.9685
N2245 Z-0.5211
N2250 Z-0.5998
N2255 G41 X-1.9626 Y2.6555 D14
N2260 G3 X-1.8622 Y2.7559 Z-0.5906 I0. J0.1004
N2265 X-2.0748 Z-0.5709 I-0.1063 J0.
N2270 X-1.8622 Z-0.5512 I0.1063 J0.
N2275 X-2.0748 Z-0.5315 I-0.1063 J0.
N2280 X-1.8622 Z-0.5118 I0.1063 J0.
N2285 X-2.0748 Z-0.4921 I-0.1063 J0.
N2290 X-1.8622 Z-0.4724 I0.1063 J0.
N2295 X-2.0748 Z-0.4528 I-0.1063 J0.
N2300 X-1.8622 Z-0.4331 I0.1063 J0.
N2305 X-2.0748 Z-0.4134 I-0.1063 J0.
N2310 X-1.8622 Z-0.3937 I0.1063 J0.
N2315 X-2.0748 Z-0.374 I-0.1063 J0.
N2320 X-1.8622 Z-0.3543 I0.1063 J0.
N2325 X-2.0748 Z-0.3346 I-0.1063 J0.
N2330 X-1.8622 Z-0.315 I0.1063 J0.
N2335 X-2.0748 Z-0.2953 I-0.1063 J0.
N2340 X-1.8622 Z-0.2756 I0.1063 J0.
N2345 X-2.0748 Z-0.2559 I-0.1063 J0.
N2350 X-1.8622 Z-0.2362 I0.1063 J0.
N2355 X-2.0748 Z-0.2165 I-0.1063 J0.
N2360 X-1.8622 Z-0.1969 I0.1063 J0.
N2365 X-2.0748 Z-0.1772 I-0.1063 J0.
N2370 X-1.8622 Z-0.1575 I0.1063 J0.
N2375 X-2.0748 Z-0.1378 I-0.1063 J0.
N2380 X-1.8622 Z-0.1181 I0.1063 J0.
N2385 X-2.0748 Z-0.0984 I-0.1063 J0.
N2390 X-1.8622 Z-0.0787 I0.1063 J0.
N2395 X-2.0748 Z-0.0591 I-0.1063 J0.
N2400 X-1.8622 Z-0.0394 I0.1063 J0.
N2405 X-1.8825 Y2.8184 Z-0.0354 I-0.1063 J0.
N2410 X-2.0227 Y2.8406 Z-0.0261 I-0.0812 J-0.059
N2415 G1 G40 X-1.9685 Y2.7559
N2420 Z0.1969
N2425 Z-0.5209
N2430 Z-0.5996
N2435 G41 X-1.9596 Y2.6526 D14
N2440 G3 X-1.8563 Y2.7559 Z-0.5906 I0. J0.1033
N2445 X-2.0807 Z-0.5709 I-0.1122 J0.
N2450 X-1.8563 Z-0.5512 I0.1122 J0.
N2455 X-2.0807 Z-0.5315 I-0.1122 J0.
N2460 X-1.8563 Z-0.5118 I0.1122 J0.
N2465 X-2.0807 Z-0.4921 I-0.1122 J0.
N2470 X-1.8563 Z-0.4724 I0.1122 J0.
N2475 X-2.0807 Z-0.4528 I-0.1122 J0.
N2480 X-1.8563 Z-0.4331 I0.1122 J0.
N2485 X-2.0807 Z-0.4134 I-0.1122 J0.
N2490 X-1.8563 Z-0.3937 I0.1122 J0.
N2495 X-2.0807 Z-0.374 I-0.1122 J0.
N2500 X-1.8563 Z-0.3543 I0.1122 J0.
N2505 X-2.0807 Z-0.3346 I-0.1122 J0.
N2510 X-1.8563 Z-0.315 I0.1122 J0.
N2515 X-2.0807 Z-0.2953 I-0.1122 J0.
N2520 X-1.8563 Z-0.2756 I0.1122 J0.
N2525 X-2.0807 Z-0.2559 I-0.1122 J0.
N2530 X-1.8563 Z-0.2362 I0.1122 J0.
N2535 X-2.0807 Z-0.2165 I-0.1122 J0.
N2540 X-1.8563 Z-0.1969 I0.1122 J0.
N2545 X-2.0807 Z-0.1772 I-0.1122 J0.
N2550 X-1.8563 Z-0.1575 I0.1122 J0.
N2555 X-2.0807 Z-0.1378 I-0.1122 J0.
N2560 X-1.8563 Z-0.1181 I0.1122 J0.
N2565 X-2.0807 Z-0.0984 I-0.1122 J0.
N2570 X-1.8563 Z-0.0787 I0.1122 J0.
N2575 X-2.0807 Z-0.0591 I-0.1122 J0.
N2580 X-1.8563 Z-0.0394 I0.1122 J0.
N2585 X-1.8777 Y2.8219 Z-0.0354 I-0.1122 J0.
N2590 X-2.0221 Y2.8447 Z-0.0264 I-0.0836 J-0.0607
N2595 G1 G40 X-1.9685 Y2.7559
N2600 Z0.1969
N2605 Z-0.5207
N2610 Z-0.5994
N2615 G41 X-1.9567 Y2.6496 D14
N2620 G3 X-1.8504 Y2.7559 Z-0.5906 I0. J0.1063
N2625 X-2.0866 Z-0.5709 I-0.1181 J0.
N2630 X-1.8504 Z-0.5512 I0.1181 J0.
N2635 X-2.0866 Z-0.5315 I-0.1181 J0.
N2640 X-1.8504 Z-0.5118 I0.1181 J0.
N2645 X-2.0866 Z-0.4921 I-0.1181 J0.
N2650 X-1.8504 Z-0.4724 I0.1181 J0.
N2655 X-2.0866 Z-0.4528 I-0.1181 J0.
N2660 X-1.8504 Z-0.4331 I0.1181 J0.
N2665 X-2.0866 Z-0.4134 I-0.1181 J0.
N2670 X-1.8504 Z-0.3937 I0.1181 J0.
N2675 X-2.0866 Z-0.374 I-0.1181 J0.
N2680 X-1.8504 Z-0.3543 I0.1181 J0.
N2685 X-2.0866 Z-0.3346 I-0.1181 J0.
N2690 X-1.8504 Z-0.315 I0.1181 J0.
N2695 X-2.0866 Z-0.2953 I-0.1181 J0.
N2700 X-1.8504 Z-0.2756 I0.1181 J0.
N2705 X-2.0866 Z-0.2559 I-0.1181 J0.
N2710 X-1.8504 Z-0.2362 I0.1181 J0.
N2715 X-2.0866 Z-0.2165 I-0.1181 J0.
N2720 X-1.8504 Z-0.1969 I0.1181 J0.
N2725 X-2.0866 Z-0.1772 I-0.1181 J0.
N2730 X-1.8504 Z-0.1575 I0.1181 J0.
N2735 X-2.0866 Z-0.1378 I-0.1181 J0.
N2740 X-1.8504 Z-0.1181 I0.1181 J0.
N2745 X-2.0866 Z-0.0984 I-0.1181 J0.
N2750 X-1.8504 Z-0.0787 I0.1181 J0.
N2755 X-2.0866 Z-0.0591 I-0.1181 J0.
N2760 X-1.8504 Z-0.0394 I0.1181 J0.
N2765 X-1.873 Y2.8253 Z-0.0354 I-0.1181 J0.
N2770 X-2.0214 Y2.8488 Z-0.0266 I-0.086 J-0.0625
N2775 G1 G40 X-1.9685 Y2.7559
N2780 Z0.1969
N2785 X-1.1811
N2790 Z-0.5211
N2795 Z-0.5998
N2800 G41 X-1.1752 Y2.6555 D14
N2805 G3 X-1.0748 Y2.7559 Z-0.5906 I0. J0.1004
N2810 X-1.2874 Z-0.5709 I-0.1063 J0.
N2815 X-1.0748 Z-0.5512 I0.1063 J0.
N2820 X-1.2874 Z-0.5315 I-0.1063 J0.
N2825 X-1.0748 Z-0.5118 I0.1063 J0.
N2830 X-1.2874 Z-0.4921 I-0.1063 J0.
N2835 X-1.0748 Z-0.4724 I0.1063 J0.
N2840 X-1.2874 Z-0.4528 I-0.1063 J0.
N2845 X-1.0748 Z-0.4331 I0.1063 J0.
N2850 X-1.2874 Z-0.4134 I-0.1063 J0.
N2855 X-1.0748 Z-0.3937 I0.1063 J0.
N2860 X-1.2874 Z-0.374 I-0.1063 J0.
N2865 X-1.0748 Z-0.3543 I0.1063 J0.
N2870 X-1.2874 Z-0.3346 I-0.1063 J0.
N2875 X-1.0748 Z-0.315 I0.1063 J0.
N2880 X-1.2874 Z-0.2953 I-0.1063 J0.
N2885 X-1.0748 Z-0.2756 I0.1063 J0.
N2890 X-1.2874 Z-0.2559 I-0.1063 J0.
N2895 X-1.0748 Z-0.2362 I0.1063 J0.
N2900 X-1.2874 Z-0.2165 I-0.1063 J0.
N2905 X-1.0748 Z-0.1969 I0.1063 J0.
N2910 X-1.2874 Z-0.1772 I-0.1063 J0.
N2915 X-1.0748 Z-0.1575 I0.1063 J0.
N2920 X-1.2874 Z-0.1378 I-0.1063 J0.
N2925 X-1.0748 Z-0.1181 I0.1063 J0.
N2930 X-1.2874 Z-0.0984 I-0.1063 J0.
N2935 X-1.0748 Z-0.0787 I0.1063 J0.
N2940 X-1.2874 Z-0.0591 I-0.1063 J0.
N2945 X-1.0748 Z-0.0394 I0.1063 J0.
N2950 X-1.0951 Y2.8184 Z-0.0354 I-0.1063 J0.
N2955 X-1.2353 Y2.8406 Z-0.0261 I-0.0812 J-0.059
N2960 G1 G40 X-1.1811 Y2.7559
N2965 Z0.1969
N2970 Z-0.5209
N2975 Z-0.5996
N2980 G41 X-1.1722 Y2.6526 D14
N2985 G3 X-1.0689 Y2.7559 Z-0.5906 I0. J0.1033
N2990 X-1.2933 Z-0.5709 I-0.1122 J0.
N2995 X-1.0689 Z-0.5512 I0.1122 J0.
N3000 X-1.2933 Z-0.5315 I-0.1122 J0.
N3005 X-1.0689 Z-0.5118 I0.1122 J0.
N3010 X-1.2933 Z-0.4921 I-0.1122 J0.
N3015 X-1.0689 Z-0.4724 I0.1122 J0.
N3020 X-1.2933 Z-0.4528 I-0.1122 J0.
N3025 X-1.0689 Z-0.4331 I0.1122 J0.
N3030 X-1.2933 Z-0.4134 I-0.1122 J0.
N3035 X-1.0689 Z-0.3937 I0.1122 J0.
N3040 X-1.2933 Z-0.374 I-0.1122 J0.
N3045 X-1.0689 Z-0.3543 I0.1122 J0.
N3050 X-1.2933 Z-0.3346 I-0.1122 J0.
N3055 X-1.0689 Z-0.315 I0.1122 J0.
N3060 X-1.2933 Z-0.2953 I-0.1122 J0.
N3065 X-1.0689 Z-0.2756 I0.1122 J0.
N3070 X-1.2933 Z-0.2559 I-0.1122 J0.
N3075 X-1.0689 Z-0.2362 I0.1122 J0.
N3080 X-1.2933 Z-0.2165 I-0.1122 J0.
N3085 X-1.0689 Z-0.1969 I0.1122 J0.
N3090 X-1.2933 Z-0.1772 I-0.1122 J0.
N3095 X-1.0689 Z-0.1575 I0.1122 J0.
N3100 X-1.2933 Z-0.1378 I-0.1122 J0.
N3105 X-1.0689 Z-0.1181 I0.1122 J0.
N3110 X-1.2933 Z-0.0984 I-0.1122 J0.
N3115 X-1.0689 Z-0.0787 I0.1122 J0.
N3120 X-1.2933 Z-0.0591 I-0.1122 J0.
N3125 X-1.0689 Z-0.0394 I0.1122 J0.
N3130 X-1.0903 Y2.8219 Z-0.0354 I-0.1122 J0.
N3135 X-1.2347 Y2.8447 Z-0.0264 I-0.0836 J-0.0607
N3140 G1 G40 X-1.1811 Y2.7559
N3145 Z0.1969
N3150 Z-0.5207
N3155 Z-0.5994
N3160 G41 X-1.1693 Y2.6496 D14
N3165 G3 X-1.063 Y2.7559 Z-0.5906 I0. J0.1063
N3170 X-1.2992 Z-0.5709 I-0.1181 J0.
N3175 X-1.063 Z-0.5512 I0.1181 J0.
N3180 X-1.2992 Z-0.5315 I-0.1181 J0.
N3185 X-1.063 Z-0.5118 I0.1181 J0.
N3190 X-1.2992 Z-0.4921 I-0.1181 J0.
N3195 X-1.063 Z-0.4724 I0.1181 J0.
N3200 X-1.2992 Z-0.4528 I-0.1181 J0.
N3205 X-1.063 Z-0.4331 I0.1181 J0.
N3210 X-1.2992 Z-0.4134 I-0.1181 J0.
N3215 X-1.063 Z-0.3937 I0.1181 J0.
N3220 X-1.2992 Z-0.374 I-0.1181 J0.
N3225 X-1.063 Z-0.3543 I0.1181 J0.
N3230 X-1.2992 Z-0.3346 I-0.1181 J0.
N3235 X-1.063 Z-0.315 I0.1181 J0.
N3240 X-1.2992 Z-0.2953 I-0.1181 J0.
N3245 X-1.063 Z-0.2756 I0.1181 J0.
N3250 X-1.2992 Z-0.2559 I-0.1181 J0.
N3255 X-1.063 Z-0.2362 I0.1181 J0.
N3260 X-1.2992 Z-0.2165 I-0.1181 J0.
N3265 X-1.063 Z-0.1969 I0.1181 J0.
N3270 X-1.2992 Z-0.1772 I-0.1181 J0.
N3275 X-1.063 Z-0.1575 I0.1181 J0.
N3280 X-1.2992 Z-0.1378 I-0.1181 J0.
N3285 X-1.063 Z-0.1181 I0.1181 J0.
N3290 X-1.2992 Z-0.0984 I-0.1181 J0.
N3295 X-1.063 Z-0.0787 I0.1181 J0.
N3300 X-1.2992 Z-0.0591 I-0.1181 J0.
N3305 X-1.063 Z-0.0394 I0.1181 J0.
N3310 X-1.0855 Y2.8253 Z-0.0354 I-0.1181 J0.
N3315 X-1.234 Y2.8488 Z-0.0266 I-0.086 J-0.0625
N3320 G1 G40 X-1.1811 Y2.7559
N3325 Z0.1969
N3330 X-0.3937
N3335 Z-0.5211
N3340 Z-0.5998
N3345 G41 X-0.3878 Y2.6555 D14
N3350 G3 X-0.2874 Y2.7559 Z-0.5906 I0. J0.1004
N3355 X-0.5 Z-0.5709 I-0.1063 J0.
N3360 X-0.2874 Z-0.5512 I0.1063 J0.
N3365 X-0.5 Z-0.5315 I-0.1063 J0.
N3370 X-0.2874 Z-0.5118 I0.1063 J0.
N3375 X-0.5 Z-0.4921 I-0.1063 J0.
N3380 X-0.2874 Z-0.4724 I0.1063 J0.
N3385 X-0.5 Z-0.4528 I-0.1063 J0.
N3390 X-0.2874 Z-0.4331 I0.1063 J0.
N3395 X-0.5 Z-0.4134 I-0.1063 J0.
N3400 X-0.2874 Z-0.3937 I0.1063 J0.
N3405 X-0.5 Z-0.374 I-0.1063 J0.
N3410 X-0.2874 Z-0.3543 I0.1063 J0.
N3415 X-0.5 Z-0.3346 I-0.1063 J0.
N3420 X-0.2874 Z-0.315 I0.1063 J0.
N3425 X-0.5 Z-0.2953 I-0.1063 J0.
N3430 X-0.2874 Z-0.2756 I0.1063 J0.
N3435 X-0.5 Z-0.2559 I-0.1063 J0.
N3440 X-0.2874 Z-0.2362 I0.1063 J0.
N3445 X-0.5 Z-0.2165 I-0.1063 J0.
N3450 X-0.2874 Z-0.1969 I0.1063 J0.
N3455 X-0.5 Z-0.1772 I-0.1063 J0.
N3460 X-0.2874 Z-0.1575 I0.1063 J0.
N3465 X-0.5 Z-0.1378 I-0.1063 J0.
N3470 X-0.2874 Z-0.1181 I0.1063 J0.
N3475 X-0.5 Z-0.0984 I-0.1063 J0.
N3480 X-0.2874 Z-0.0787 I0.1063 J0.
N3485 X-0.5 Z-0.0591 I-0.1063 J0.
N3490 X-0.2874 Z-0.0394 I0.1063 J0.
N3495 X-0.3077 Y2.8184 Z-0.0354 I-0.1063 J0.
N3500 X-0.4479 Y2.8406 Z-0.0261 I-0.0812 J-0.059
N3505 G1 G40 X-0.3937 Y2.7559
N3510 Z0.1969
N3515 Z-0.5209
N3520 Z-0.5996
N3525 G41 X-0.3848 Y2.6526 D14
N3530 G3 X-0.2815 Y2.7559 Z-0.5906 I0. J0.1033
N3535 X-0.5059 Z-0.5709 I-0.1122 J0.
N3540 X-0.2815 Z-0.5512 I0.1122 J0.
N3545 X-0.5059 Z-0.5315 I-0.1122 J0.
N3550 X-0.2815 Z-0.5118 I0.1122 J0.
N3555 X-0.5059 Z-0.4921 I-0.1122 J0.
N3560 X-0.2815 Z-0.4724 I0.1122 J0.
N3565 X-0.5059 Z-0.4528 I-0.1122 J0.
N3570 X-0.2815 Z-0.4331 I0.1122 J0.
N3575 X-0.5059 Z-0.4134 I-0.1122 J0.
N3580 X-0.2815 Z-0.3937 I0.1122 J0.
N3585 X-0.5059 Z-0.374 I-0.1122 J0.
N3590 X-0.2815 Z-0.3543 I0.1122 J0.
N3595 X-0.5059 Z-0.3346 I-0.1122 J0.
N3600 X-0.2815 Z-0.315 I0.1122 J0.
N3605 X-0.5059 Z-0.2953 I-0.1122 J0.
N3610 X-0.2815 Z-0.2756 I0.1122 J0.
N3615 X-0.5059 Z-0.2559 I-0.1122 J0.
N3620 X-0.2815 Z-0.2362 I0.1122 J0.
N3625 X-0.5059 Z-0.2165 I-0.1122 J0.
N3630 X-0.2815 Z-0.1969 I0.1122 J0.
N3635 X-0.5059 Z-0.1772 I-0.1122 J0.
N3640 X-0.2815 Z-0.1575 I0.1122 J0.
N3645 X-0.5059 Z-0.1378 I-0.1122 J0.
N3650 X-0.2815 Z-0.1181 I0.1122 J0.
N3655 X-0.5059 Z-0.0984 I-0.1122 J0.
N3660 X-0.2815 Z-0.0787 I0.1122 J0.
N3665 X-0.5059 Z-0.0591 I-0.1122 J0.
N3670 X-0.2815 Z-0.0394 I0.1122 J0.
N3675 X-0.3029 Y2.8219 Z-0.0354 I-0.1122 J0.
N3680 X-0.4473 Y2.8447 Z-0.0264 I-0.0836 J-0.0607
N3685 G1 G40 X-0.3937 Y2.7559
N3690 Z0.1969
N3695 Z-0.5207
N3700 Z-0.5994
N3705 G41 X-0.3819 Y2.6496 D14
N3710 G3 X-0.2756 Y2.7559 Z-0.5906 I0. J0.1063
N3715 X-0.5118 Z-0.5709 I-0.1181 J0.
N3720 X-0.2756 Z-0.5512 I0.1181 J0.
N3725 X-0.5118 Z-0.5315 I-0.1181 J0.
N3730 X-0.2756 Z-0.5118 I0.1181 J0.
N3735 X-0.5118 Z-0.4921 I-0.1181 J0.
N3740 X-0.2756 Z-0.4724 I0.1181 J0.
N3745 X-0.5118 Z-0.4528 I-0.1181 J0.
N3750 X-0.2756 Z-0.4331 I0.1181 J0.
N3755 X-0.5118 Z-0.4134 I-0.1181 J0.
N3760 X-0.2756 Z-0.3937 I0.1181 J0.
N3765 X-0.5118 Z-0.374 I-0.1181 J0.
N3770 X-0.2756 Z-0.3543 I0.1181 J0.
N3775 X-0.5118 Z-0.3346 I-0.1181 J0.
N3780 X-0.2756 Z-0.315 I0.1181 J0.
N3785 X-0.5118 Z-0.2953 I-0.1181 J0.
N3790 X-0.2756 Z-0.2756 I0.1181 J0.
N3795 X-0.5118 Z-0.2559 I-0.1181 J0.
N3800 X-0.2756 Z-0.2362 I0.1181 J0.
N3805 X-0.5118 Z-0.2165 I-0.1181 J0.
N3810 X-0.2756 Z-0.1969 I0.1181 J0.
N3815 X-0.5118 Z-0.1772 I-0.1181 J0.
N3820 X-0.2756 Z-0.1575 I0.1181 J0.
N3825 X-0.5118 Z-0.1378 I-0.1181 J0.
N3830 X-0.2756 Z-0.1181 I0.1181 J0.
N3835 X-0.5118 Z-0.0984 I-0.1181 J0.
N3840 X-0.2756 Z-0.0787 I0.1181 J0.
N3845 X-0.5118 Z-0.0591 I-0.1181 J0.
N3850 X-0.2756 Z-0.0394 I0.1181 J0.
N3855 X-0.2981 Y2.8253 Z-0.0354 I-0.1181 J0.
N3860 X-0.4466 Y2.8488 Z-0.0266 I-0.086 J-0.0625
N3865 G1 G40 X-0.3937 Y2.7559
N3870 Z0.1969
N3875 X0.3937
N3880 Z-0.5211
N3885 Z-0.5998
N3890 G41 X0.3996 Y2.6555 D14
N3895 G3 X0.5 Y2.7559 Z-0.5906 I0. J0.1004
N3900 X0.2874 Z-0.5709 I-0.1063 J0.
N3905 X0.5 Z-0.5512 I0.1063 J0.
N3910 X0.2874 Z-0.5315 I-0.1063 J0.
N3915 X0.5 Z-0.5118 I0.1063 J0.
N3920 X0.2874 Z-0.4921 I-0.1063 J0.
N3925 X0.5 Z-0.4724 I0.1063 J0.
N3930 X0.2874 Z-0.4528 I-0.1063 J0.
N3935 X0.5 Z-0.4331 I0.1063 J0.
N3940 X0.2874 Z-0.4134 I-0.1063 J0.
N3945 X0.5 Z-0.3937 I0.1063 J0.
N3950 X0.2874 Z-0.374 I-0.1063 J0.
N3955 X0.5 Z-0.3543 I0.1063 J0.
N3960 X0.2874 Z-0.3346 I-0.1063 J0.
N3965 X0.5 Z-0.315 I0.1063 J0.
N3970 X0.2874 Z-0.2953 I-0.1063 J0.
N3975 X0.5 Z-0.2756 I0.1063 J0.
N3980 X0.2874 Z-0.2559 I-0.1063 J0.
N3985 X0.5 Z-0.2362 I0.1063 J0.
N3990 X0.2874 Z-0.2165 I-0.1063 J0.
N3995 X0.5 Z-0.1969 I0.1063 J0.
N4000 X0.2874 Z-0.1772 I-0.1063 J0.
N4005 X0.5 Z-0.1575 I0.1063 J0.
N4010 X0.2874 Z-0.1378 I-0.1063 J0.
N4015 X0.5 Z-0.1181 I0.1063 J0.
N4020 X0.2874 Z-0.0984 I-0.1063 J0.
N4025 X0.5 Z-0.0787 I0.1063 J0.
N4030 X0.2874 Z-0.0591 I-0.1063 J0.
N4035 X0.5 Z-0.0394 I0.1063 J0.
N4040 X0.4797 Y2.8184 Z-0.0354 I-0.1063 J0.
N4045 X0.3395 Y2.8406 Z-0.0261 I-0.0812 J-0.059
N4050 G1 G40 X0.3937 Y2.7559
N4055 Z0.1969
N4060 Z-0.5209
N4065 Z-0.5996
N4070 G41 X0.4026 Y2.6526 D14
N4075 G3 X0.5059 Y2.7559 Z-0.5906 I0. J0.1033
N4080 X0.2815 Z-0.5709 I-0.1122 J0.
N4085 X0.5059 Z-0.5512 I0.1122 J0.
N4090 X0.2815 Z-0.5315 I-0.1122 J0.
N4095 X0.5059 Z-0.5118 I0.1122 J0.
N4100 X0.2815 Z-0.4921 I-0.1122 J0.
N4105 X0.5059 Z-0.4724 I0.1122 J0.
N4110 X0.2815 Z-0.4528 I-0.1122 J0.
N4115 X0.5059 Z-0.4331 I0.1122 J0.
N4120 X0.2815 Z-0.4134 I-0.1122 J0.
N4125 X0.5059 Z-0.3937 I0.1122 J0.
N4130 X0.2815 Z-0.374 I-0.1122 J0.
N4135 X0.5059 Z-0.3543 I0.1122 J0.
N4140 X0.2815 Z-0.3346 I-0.1122 J0.
N4145 X0.5059 Z-0.315 I0.1122 J0.
N4150 X0.2815 Z-0.2953 I-0.1122 J0.
N4155 X0.5059 Z-0.2756 I0.1122 J0.
N4160 X0.2815 Z-0.2559 I-0.1122 J0.
N4165 X0.5059 Z-0.2362 I0.1122 J0.
N4170 X0.2815 Z-0.2165 I-0.1122 J0.
N4175 X0.5059 Z-0.1969 I0.1122 J0.
N4180 X0.2815 Z-0.1772 I-0.1122 J0.
N4185 X0.5059 Z-0.1575 I0.1122 J0.
N4190 X0.2815 Z-0.1378 I-0.1122 J0.
N4195 X0.5059 Z-0.1181 I0.1122 J0.
N4200 X0.2815 Z-0.0984 I-0.1122 J0.
N4205 X0.5059 Z-0.0787 I0.1122 J0.
N4210 X0.2815 Z-0.0591 I-0.1122 J0.
N4215 X0.5059 Z-0.0394 I0.1122 J0.
N4220 X0.4845 Y2.8219 Z-0.0354 I-0.1122 J0.
N4225 X0.3401 Y2.8447 Z-0.0264 I-0.0836 J-0.0607
N4230 G1 G40 X0.3937 Y2.7559
N4235 Z0.1969
N4240 Z-0.5207
N4245 Z-0.5994
N4250 G41 X0.4055 Y2.6496 D14
N4255 G3 X0.5118 Y2.7559 Z-0.5906 I0. J0.1063
N4260 X0.2756 Z-0.5709 I-0.1181 J0.
N4265 X0.5118 Z-0.5512 I0.1181 J0.
N4270 X0.2756 Z-0.5315 I-0.1181 J0.
N4275 X0.5118 Z-0.5118 I0.1181 J0.
N4280 X0.2756 Z-0.4921 I-0.1181 J0.
N4285 X0.5118 Z-0.4724 I0.1181 J0.
N4290 X0.2756 Z-0.4528 I-0.1181 J0.
N4295 X0.5118 Z-0.4331 I0.1181 J0.
N4300 X0.2756 Z-0.4134 I-0.1181 J0.
N4305 X0.5118 Z-0.3937 I0.1181 J0.
N4310 X0.2756 Z-0.374 I-0.1181 J0.
N4315 X0.5118 Z-0.3543 I0.1181 J0.
N4320 X0.2756 Z-0.3346 I-0.1181 J0.
N4325 X0.5118 Z-0.315 I0.1181 J0.
N4330 X0.2756 Z-0.2953 I-0.1181 J0.
N4335 X0.5118 Z-0.2756 I0.1181 J0.
N4340 X0.2756 Z-0.2559 I-0.1181 J0.
N4345 X0.5118 Z-0.2362 I0.1181 J0.
N4350 X0.2756 Z-0.2165 I-0.1181 J0.
N4355 X0.5118 Z-0.1969 I0.1181 J0.
N4360 X0.2756 Z-0.1772 I-0.1181 J0.
N4365 X0.5118 Z-0.1575 I0.1181 J0.
N4370 X0.2756 Z-0.1378 I-0.1181 J0.
N4375 X0.5118 Z-0.1181 I0.1181 J0.
N4380 X0.2756 Z-0.0984 I-0.1181 J0.
N4385 X0.5118 Z-0.0787 I0.1181 J0.
N4390 X0.2756 Z-0.0591 I-0.1181 J0.
N4395 X0.5118 Z-0.0394 I0.1181 J0.
N4400 X0.4893 Y2.8253 Z-0.0354 I-0.1181 J0.
N4405 X0.3408 Y2.8488 Z-0.0266 I-0.086 J-0.0625
N4410 G1 G40 X0.3937 Y2.7559
N4415 Z0.1969
N4420 X1.1811
N4425 Z-0.5211
N4430 Z-0.5998
N4435 G41 X1.187 Y2.6555 D14
N4440 G3 X1.2874 Y2.7559 Z-0.5906 I0. J0.1004
N4445 X1.0748 Z-0.5709 I-0.1063 J0.
N4450 X1.2874 Z-0.5512 I0.1063 J0.
N4455 X1.0748 Z-0.5315 I-0.1063 J0.
N4460 X1.2874 Z-0.5118 I0.1063 J0.
N4465 X1.0748 Z-0.4921 I-0.1063 J0.
N4470 X1.2874 Z-0.4724 I0.1063 J0.
N4475 X1.0748 Z-0.4528 I-0.1063 J0.
N4480 X1.2874 Z-0.4331 I0.1063 J0.
N4485 X1.0748 Z-0.4134 I-0.1063 J0.
N4490 X1.2874 Z-0.3937 I0.1063 J0.
N4495 X1.0748 Z-0.374 I-0.1063 J0.
N4500 X1.2874 Z-0.3543 I0.1063 J0.
N4505 X1.0748 Z-0.3346 I-0.1063 J0.
N4510 X1.2874 Z-0.315 I0.1063 J0.
N4515 X1.0748 Z-0.2953 I-0.1063 J0.
N4520 X1.2874 Z-0.2756 I0.1063 J0.
N4525 X1.0748 Z-0.2559 I-0.1063 J0.
N4530 X1.2874 Z-0.2362 I0.1063 J0.
N4535 X1.0748 Z-0.2165 I-0.1063 J0.
N4540 X1.2874 Z-0.1969 I0.1063 J0.
N4545 X1.0748 Z-0.1772 I-0.1063 J0.
N4550 X1.2874 Z-0.1575 I0.1063 J0.
N4555 X1.0748 Z-0.1378 I-0.1063 J0.
N4560 X1.2874 Z-0.1181 I0.1063 J0.
N4565 X1.0748 Z-0.0984 I-0.1063 J0.
N4570 X1.2874 Z-0.0787 I0.1063 J0.
N4575 X1.0748 Z-0.0591 I-0.1063 J0.
N4580 X1.2874 Z-0.0394 I0.1063 J0.
N4585 X1.2671 Y2.8184 Z-0.0354 I-0.1063 J0.
N4590 X1.1269 Y2.8406 Z-0.0261 I-0.0812 J-0.059
N4595 G1 G40 X1.1811 Y2.7559
N4600 Z0.1969
N4605 Z-0.5209
N4610 Z-0.5996
N4615 G41 X1.19 Y2.6526 D14
N4620 G3 X1.2933 Y2.7559 Z-0.5906 I0. J0.1033
N4625 X1.0689 Z-0.5709 I-0.1122 J0.
N4630 X1.2933 Z-0.5512 I0.1122 J0.
N4635 X1.0689 Z-0.5315 I-0.1122 J0.
N4640 X1.2933 Z-0.5118 I0.1122 J0.
N4645 X1.0689 Z-0.4921 I-0.1122 J0.
N4650 X1.2933 Z-0.4724 I0.1122 J0.
N4655 X1.0689 Z-0.4528 I-0.1122 J0.
N4660 X1.2933 Z-0.4331 I0.1122 J0.
N4665 X1.0689 Z-0.4134 I-0.1122 J0.
N4670 X1.2933 Z-0.3937 I0.1122 J0.
N4675 X1.0689 Z-0.374 I-0.1122 J0.
N4680 X1.2933 Z-0.3543 I0.1122 J0.
N4685 X1.0689 Z-0.3346 I-0.1122 J0.
N4690 X1.2933 Z-0.315 I0.1122 J0.
N4695 X1.0689 Z-0.2953 I-0.1122 J0.
N4700 X1.2933 Z-0.2756 I0.1122 J0.
N4705 X1.0689 Z-0.2559 I-0.1122 J0.
N4710 X1.2933 Z-0.2362 I0.1122 J0.
N4715 X1.0689 Z-0.2165 I-0.1122 J0.
N4720 X1.2933 Z-0.1969 I0.1122 J0.
N4725 X1.0689 Z-0.1772 I-0.1122 J0.
N4730 X1.2933 Z-0.1575 I0.1122 J0.
N4735 X1.0689 Z-0.1378 I-0.1122 J0.
N4740 X1.2933 Z-0.1181 I0.1122 J0.
N4745 X1.0689 Z-0.0984 I-0.1122 J0.
N4750 X1.2933 Z-0.0787 I0.1122 J0.
N4755 X1.0689 Z-0.0591 I-0.1122 J0.
N4760 X1.2933 Z-0.0394 I0.1122 J0.
N4765 X1.2719 Y2.8219 Z-0.0354 I-0.1122 J0.
N4770 X1.1275 Y2.8447 Z-0.0264 I-0.0836 J-0.0607
N4775 G1 G40 X1.1811 Y2.7559
N4780 Z0.1969
N4785 Z-0.5207
N4790 Z-0.5994
N4795 G41 X1.1929 Y2.6496 D14
N4800 G3 X1.2992 Y2.7559 Z-0.5906 I0. J0.1063
N4805 X1.063 Z-0.5709 I-0.1181 J0.
N4810 X1.2992 Z-0.5512 I0.1181 J0.
N4815 X1.063 Z-0.5315 I-0.1181 J0.
N4820 X1.2992 Z-0.5118 I0.1181 J0.
N4825 X1.063 Z-0.4921 I-0.1181 J0.
N4830 X1.2992 Z-0.4724 I0.1181 J0.
N4835 X1.063 Z-0.4528 I-0.1181 J0.
N4840 X1.2992 Z-0.4331 I0.1181 J0.
N4845 X1.063 Z-0.4134 I-0.1181 J0.
N4850 X1.2992 Z-0.3937 I0.1181 J0.
N4855 X1.063 Z-0.374 I-0.1181 J0.
N4860 X1.2992 Z-0.3543 I0.1181 J0.
N4865 X1.063 Z-0.3346 I-0.1181 J0.
N4870 X1.2992 Z-0.315 I0.1181 J0.
N4875 X1.063 Z-0.2953 I-0.1181 J0.
N4880 X1.2992 Z-0.2756 I0.1181 J0.
N4885 X1.063 Z-0.2559 I-0.1181 J0.
N4890 X1.2992 Z-0.2362 I0.1181 J0.
N4895 X1.063 Z-0.2165 I-0.1181 J0.
N4900 X1.2992 Z-0.1969 I0.1181 J0.
N4905 X1.063 Z-0.1772 I-0.1181 J0.
N4910 X1.2992 Z-0.1575 I0.1181 J0.
N4915 X1.063 Z-0.1378 I-0.1181 J0.
N4920 X1.2992 Z-0.1181 I0.1181 J0.
N4925 X1.063 Z-0.0984 I-0.1181 J0.
N4930 X1.2992 Z-0.0787 I0.1181 J0.
N4935 X1.063 Z-0.0591 I-0.1181 J0.
N4940 X1.2992 Z-0.0394 I0.1181 J0.
N4945 X1.2767 Y2.8253 Z-0.0354 I-0.1181 J0.
N4950 X1.1282 Y2.8488 Z-0.0266 I-0.086 J-0.0625
N4955 G1 G40 X1.1811 Y2.7559
N4960 Z0.1969
N4965 X1.9685
N4970 Z-0.5211
N4975 Z-0.5998
N4980 G41 X1.9744 Y2.6555 D14
N4985 G3 X2.0748 Y2.7559 Z-0.5906 I0. J0.1004
N4990 X1.8622 Z-0.5709 I-0.1063 J0.
N4995 X2.0748 Z-0.5512 I0.1063 J0.
N5000 X1.8622 Z-0.5315 I-0.1063 J0.
N5005 X2.0748 Z-0.5118 I0.1063 J0.
N5010 X1.8622 Z-0.4921 I-0.1063 J0.
N5015 X2.0748 Z-0.4724 I0.1063 J0.
N5020 X1.8622 Z-0.4528 I-0.1063 J0.
N5025 X2.0748 Z-0.4331 I0.1063 J0.
N5030 X1.8622 Z-0.4134 I-0.1063 J0.
N5035 X2.0748 Z-0.3937 I0.1063 J0.
N5040 X1.8622 Z-0.374 I-0.1063 J0.
N5045 X2.0748 Z-0.3543 I0.1063 J0.
N5050 X1.8622 Z-0.3346 I-0.1063 J0.
N5055 X2.0748 Z-0.315 I0.1063 J0.
N5060 X1.8622 Z-0.2953 I-0.1063 J0.
N5065 X2.0748 Z-0.2756 I0.1063 J0.
N5070 X1.8622 Z-0.2559 I-0.1063 J0.
N5075 X2.0748 Z-0.2362 I0.1063 J0.
N5080 X1.8622 Z-0.2165 I-0.1063 J0.
N5085 X2.0748 Z-0.1969 I0.1063 J0.
N5090 X1.8622 Z-0.1772 I-0.1063 J0.
N5095 X2.0748 Z-0.1575 I0.1063 J0.
N5100 X1.8622 Z-0.1378 I-0.1063 J0.
N5105 X2.0748 Z-0.1181 I0.1063 J0.
N5110 X1.8622 Z-0.0984 I-0.1063 J0.
N5115 X2.0748 Z-0.0787 I0.1063 J0.
N5120 X1.8622 Z-0.0591 I-0.1063 J0.
N5125 X2.0748 Z-0.0394 I0.1063 J0.
N5130 X2.0545 Y2.8184 Z-0.0354 I-0.1063 J0.
N5135 X1.9143 Y2.8406 Z-0.0261 I-0.0812 J-0.059
N5140 G1 G40 X1.9685 Y2.7559
N5145 Z0.1969
N5150 Z-0.5209
N5155 Z-0.5996
N5160 G41 X1.9774 Y2.6526 D14
N5165 G3 X2.0807 Y2.7559 Z-0.5906 I0. J0.1033
N5170 X1.8563 Z-0.5709 I-0.1122 J0.
N5175 X2.0807 Z-0.5512 I0.1122 J0.
N5180 X1.8563 Z-0.5315 I-0.1122 J0.
N5185 X2.0807 Z-0.5118 I0.1122 J0.
N5190 X1.8563 Z-0.4921 I-0.1122 J0.
N5195 X2.0807 Z-0.4724 I0.1122 J0.
N5200 X1.8563 Z-0.4528 I-0.1122 J0.
N5205 X2.0807 Z-0.4331 I0.1122 J0.
N5210 X1.8563 Z-0.4134 I-0.1122 J0.
N5215 X2.0807 Z-0.3937 I0.1122 J0.
N5220 X1.8563 Z-0.374 I-0.1122 J0.
N5225 X2.0807 Z-0.3543 I0.1122 J0.
N5230 X1.8563 Z-0.3346 I-0.1122 J0.
N5235 X2.0807 Z-0.315 I0.1122 J0.
N5240 X1.8563 Z-0.2953 I-0.1122 J0.
N5245 X2.0807 Z-0.2756 I0.1122 J0.
N5250 X1.8563 Z-0.2559 I-0.1122 J0.
N5255 X2.0807 Z-0.2362 I0.1122 J0.
N5260 X1.8563 Z-0.2165 I-0.1122 J0.
N5265 X2.0807 Z-0.1969 I0.1122 J0.
N5270 X1.8563 Z-0.1772 I-0.1122 J0.
N5275 X2.0807 Z-0.1575 I0.1122 J0.
N5280 X1.8563 Z-0.1378 I-0.1122 J0.
N5285 X2.0807 Z-0.1181 I0.1122 J0.
N5290 X1.8563 Z-0.0984 I-0.1122 J0.
N5295 X2.0807 Z-0.0787 I0.1122 J0.
N5300 X1.8563 Z-0.0591 I-0.1122 J0.
N5305 X2.0807 Z-0.0394 I0.1122 J0.
N5310 X2.0593 Y2.8219 Z-0.0354 I-0.1122 J0.
N5315 X1.9149 Y2.8447 Z-0.0264 I-0.0836 J-0.0607
N5320 G1 G40 X1.9685 Y2.7559
N5325 Z0.1969
N5330 Z-0.5207
N5335 Z-0.5994
N5340 G41 X1.9803 Y2.6496 D14
N5345 G3 X2.0866 Y2.7559 Z-0.5906 I0. J0.1063
N5350 X1.8504 Z-0.5709 I-0.1181 J0.
N5355 X2.0866 Z-0.5512 I0.1181 J0.
N5360 X1.8504 Z-0.5315 I-0.1181 J0.
N5365 X2.0866 Z-0.5118 I0.1181 J0.
N5370 X1.8504 Z-0.4921 I-0.1181 J0.
N5375 X2.0866 Z-0.4724 I0.1181 J0.
N5380 X1.8504 Z-0.4528 I-0.1181 J0.
N5385 X2.0866 Z-0.4331 I0.1181 J0.
N5390 X1.8504 Z-0.4134 I-0.1181 J0.
N5395 X2.0866 Z-0.3937 I0.1181 J0.
N5400 X1.8504 Z-0.374 I-0.1181 J0.
N5405 X2.0866 Z-0.3543 I0.1181 J0.
N5410 X1.8504 Z-0.3346 I-0.1181 J0.
N5415 X2.0866 Z-0.315 I0.1181 J0.
N5420 X1.8504 Z-0.2953 I-0.1181 J0.
N5425 X2.0866 Z-0.2756 I0.1181 J0.
N5430 X1.8504 Z-0.2559 I-0.1181 J0.
N5435 X2.0866 Z-0.2362 I0.1181 J0.
N5440 X1.8504 Z-0.2165 I-0.1181 J0.
N5445 X2.0866 Z-0.1969 I0.1181 J0.
N5450 X1.8504 Z-0.1772 I-0.1181 J0.
N5455 X2.0866 Z-0.1575 I0.1181 J0.
N5460 X1.8504 Z-0.1378 I-0.1181 J0.
N5465 X2.0866 Z-0.1181 I0.1181 J0.
N5470 X1.8504 Z-0.0984 I-0.1181 J0.
N5475 X2.0866 Z-0.0787 I0.1181 J0.
N5480 X1.8504 Z-0.0591 I-0.1181 J0.
N5485 X2.0866 Z-0.0394 I0.1181 J0.
N5490 X2.0641 Y2.8253 Z-0.0354 I-0.1181 J0.
N5495 X1.9156 Y2.8488 Z-0.0266 I-0.086 J-0.0625
N5500 G1 G40 X1.9685 Y2.7559
N5505 Z0.1969
N5510 X2.7559
N5515 Z-0.5211
N5520 Z-0.5998
N5525 G41 X2.7618 Y2.6555 D14
N5530 G3 X2.8622 Y2.7559 Z-0.5906 I0. J0.1004
N5535 X2.6496 Z-0.5709 I-0.1063 J0.
N5540 X2.8622 Z-0.5512 I0.1063 J0.
N5545 X2.6496 Z-0.5315 I-0.1063 J0.
N5550 X2.8622 Z-0.5118 I0.1063 J0.
N5555 X2.6496 Z-0.4921 I-0.1063 J0.
N5560 X2.8622 Z-0.4724 I0.1063 J0.
N5565 X2.6496 Z-0.4528 I-0.1063 J0.
N5570 X2.8622 Z-0.4331 I0.1063 J0.
N5575 X2.6496 Z-0.4134 I-0.1063 J0.
N5580 X2.8622 Z-0.3937 I0.1063 J0.
N5585 X2.6496 Z-0.374 I-0.1063 J0.
N5590 X2.8622 Z-0.3543 I0.1063 J0.
N5595 X2.6496 Z-0.3346 I-0.1063 J0.
N5600 X2.8622 Z-0.315 I0.1063 J0.
N5605 X2.6496 Z-0.2953 I-0.1063 J0.
N5610 X2.8622 Z-0.2756 I0.1063 J0.
N5615 X2.6496 Z-0.2559 I-0.1063 J0.
N5620 X2.8622 Z-0.2362 I0.1063 J0.
N5625 X2.6496 Z-0.2165 I-0.1063 J0.
N5630 X2.8622 Z-0.1969 I0.1063 J0.
N5635 X2.6496 Z-0.1772 I-0.1063 J0.
N5640 X2.8622 Z-0.1575 I0.1063 J0.
N5645 X2.6496 Z-0.1378 I-0.1063 J0.
N5650 X2.8622 Z-0.1181 I0.1063 J0.
N5655 X2.6496 Z-0.0984 I-0.1063 J0.
N5660 X2.8622 Z-0.0787 I0.1063 J0.
N5665 X2.6496 Z-0.0591 I-0.1063 J0.
N5670 X2.8622 Z-0.0394 I0.1063 J0.
N5675 X2.8419 Y2.8184 Z-0.0354 I-0.1063 J0.
N5680 X2.7017 Y2.8406 Z-0.0261 I-0.0812 J-0.059
N5685 G1 G40 X2.7559 Y2.7559
N5690 Z0.1969
N5695 Z-0.5209
N5700 Z-0.5996
N5705 G41 X2.7648 Y2.6526 D14
N5710 G3 X2.8681 Y2.7559 Z-0.5906 I0. J0.1033
N5715 X2.6437 Z-0.5709 I-0.1122 J0.
N5720 X2.8681 Z-0.5512 I0.1122 J0.
N5725 X2.6437 Z-0.5315 I-0.1122 J0.
N5730 X2.8681 Z-0.5118 I0.1122 J0.
N5735 X2.6437 Z-0.4921 I-0.1122 J0.
N5740 X2.8681 Z-0.4724 I0.1122 J0.
N5745 X2.6437 Z-0.4528 I-0.1122 J0.
N5750 X2.8681 Z-0.4331 I0.1122 J0.
N5755 X2.6437 Z-0.4134 I-0.1122 J0.
N5760 X2.8681 Z-0.3937 I0.1122 J0.
N5765 X2.6437 Z-0.374 I-0.1122 J0.
N5770 X2.8681 Z-0.3543 I0.1122 J0.
N5775 X2.6437 Z-0.3346 I-0.1122 J0.
N5780 X2.8681 Z-0.315 I0.1122 J0.
N5785 X2.6437 Z-0.2953 I-0.1122 J0.
N5790 X2.8681 Z-0.2756 I0.1122 J0.
N5795 X2.6437 Z-0.2559 I-0.1122 J0.
N5800 X2.8681 Z-0.2362 I0.1122 J0.
N5805 X2.6437 Z-0.2165 I-0.1122 J0.
N5810 X2.8681 Z-0.1969 I0.1122 J0.
N5815 X2.6437 Z-0.1772 I-0.1122 J0.
N5820 X2.8681 Z-0.1575 I0.1122 J0.
N5825 X2.6437 Z-0.1378 I-0.1122 J0.
N5830 X2.8681 Z-0.1181 I0.1122 J0.
N5835 X2.6437 Z-0.0984 I-0.1122 J0.
N5840 X2.8681 Z-0.0787 I0.1122 J0.
N5845 X2.6437 Z-0.0591 I-0.1122 J0.
N5850 X2.8681 Z-0.0394 I0.1122 J0.
N5855 X2.8467 Y2.8219 Z-0.0354 I-0.1122 J0.
N5860 X2.7023 Y2.8447 Z-0.0264 I-0.0836 J-0.0607
N5865 G1 G40 X2.7559 Y2.7559
N5870 Z0.1969
N5875 Z-0.5207
N5880 Z-0.5994
N5885 G41 X2.7677 Y2.6496 D14
N5890 G3 X2.874 Y2.7559 Z-0.5906 I0. J0.1063
N5895 X2.6378 Z-0.5709 I-0.1181 J0.
N5900 X2.874 Z-0.5512 I0.1181 J0.
N5905 X2.6378 Z-0.5315 I-0.1181 J0.
N5910 X2.874 Z-0.5118 I0.1181 J0.
N5915 X2.6378 Z-0.4921 I-0.1181 J0.
N5920 X2.874 Z-0.4724 I0.1181 J0.
N5925 X2.6378 Z-0.4528 I-0.1181 J0.
N5930 X2.874 Z-0.4331 I0.1181 J0.
N5935 X2.6378 Z-0.4134 I-0.1181 J0.
N5940 X2.874 Z-0.3937 I0.1181 J0.
N5945 X2.6378 Z-0.374 I-0.1181 J0.
N5950 X2.874 Z-0.3543 I0.1181 J0.
N5955 X2.6378 Z-0.3346 I-0.1181 J0.
N5960 X2.874 Z-0.315 I0.1181 J0.
N5965 X2.6378 Z-0.2953 I-0.1181 J0.
N5970 X2.874 Z-0.2756 I0.1181 J0.
N5975 X2.6378 Z-0.2559 I-0.1181 J0.
N5980 X2.874 Z-0.2362 I0.1181 J0.
N5985 X2.6378 Z-0.2165 I-0.1181 J0.
N5990 X2.874 Z-0.1969 I0.1181 J0.
N5995 X2.6378 Z-0.1772 I-0.1181 J0.
N6000 X2.874 Z-0.1575 I0.1181 J0.
N6005 X2.6378 Z-0.1378 I-0.1181 J0.
N6010 X2.874 Z-0.1181 I0.1181 J0.
N6015 X2.6378 Z-0.0984 I-0.1181 J0.
N6020 X2.874 Z-0.0787 I0.1181 J0.
N6025 X2.6378 Z-0.0591 I-0.1181 J0.
N6030 X2.874 Z-0.0394 I0.1181 J0.
N6035 X2.8515 Y2.8253 Z-0.0354 I-0.1181 J0.
N6040 X2.703 Y2.8488 Z-0.0266 I-0.086 J-0.0625
N6045 G1 G40 X2.7559 Y2.7559
N6050 Z0.1969
N6055 X3.5433
N6060 Z-0.5211
N6065 Z-0.5998
N6070 G41 X3.5492 Y2.6555 D14
N6075 G3 X3.6496 Y2.7559 Z-0.5906 I0. J0.1004
N6080 X3.437 Z-0.5709 I-0.1063 J0.
N6085 X3.6496 Z-0.5512 I0.1063 J0.
N6090 X3.437 Z-0.5315 I-0.1063 J0.
N6095 X3.6496 Z-0.5118 I0.1063 J0.
N6100 X3.437 Z-0.4921 I-0.1063 J0.
N6105 X3.6496 Z-0.4724 I0.1063 J0.
N6110 X3.437 Z-0.4528 I-0.1063 J0.
N6115 X3.6496 Z-0.4331 I0.1063 J0.
N6120 X3.437 Z-0.4134 I-0.1063 J0.
N6125 X3.6496 Z-0.3937 I0.1063 J0.
N6130 X3.437 Z-0.374 I-0.1063 J0.
N6135 X3.6496 Z-0.3543 I0.1063 J0.
N6140 X3.437 Z-0.3346 I-0.1063 J0.
N6145 X3.6496 Z-0.315 I0.1063 J0.
N6150 X3.437 Z-0.2953 I-0.1063 J0.
N6155 X3.6496 Z-0.2756 I0.1063 J0.
N6160 X3.437 Z-0.2559 I-0.1063 J0.
N6165 X3.6496 Z-0.2362 I0.1063 J0.
N6170 X3.437 Z-0.2165 I-0.1063 J0.
N6175 X3.6496 Z-0.1969 I0.1063 J0.
N6180 X3.437 Z-0.1772 I-0.1063 J0.
N6185 X3.6496 Z-0.1575 I0.1063 J0.
N6190 X3.437 Z-0.1378 I-0.1063 J0.
N6195 X3.6496 Z-0.1181 I0.1063 J0.
N6200 X3.437 Z-0.0984 I-0.1063 J0.
N6205 X3.6496 Z-0.0787 I0.1063 J0.
N6210 X3.437 Z-0.0591 I-0.1063 J0.
N6215 X3.6496 Z-0.0394 I0.1063 J0.
N6220 X3.6293 Y2.8184 Z-0.0354 I-0.1063 J0.
N6225 X3.4891 Y2.8406 Z-0.0261 I-0.0812 J-0.059
N6230 G1 G40 X3.5433 Y2.7559
N6235 Z0.1969
N6240 Z-0.5209
N6245 Z-0.5996
N6250 G41 X3.5522 Y2.6526 D14
N6255 G3 X3.6555 Y2.7559 Z-0.5906 I0. J0.1033
N6260 X3.4311 Z-0.5709 I-0.1122 J0.
N6265 X3.6555 Z-0.5512 I0.1122 J0.
N6270 X3.4311 Z-0.5315 I-0.1122 J0.
N6275 X3.6555 Z-0.5118 I0.1122 J0.
N6280 X3.4311 Z-0.4921 I-0.1122 J0.
N6285 X3.6555 Z-0.4724 I0.1122 J0.
N6290 X3.4311 Z-0.4528 I-0.1122 J0.
N6295 X3.6555 Z-0.4331 I0.1122 J0.
N6300 X3.4311 Z-0.4134 I-0.1122 J0.
N6305 X3.6555 Z-0.3937 I0.1122 J0.
N6310 X3.4311 Z-0.374 I-0.1122 J0.
N6315 X3.6555 Z-0.3543 I0.1122 J0.
N6320 X3.4311 Z-0.3346 I-0.1122 J0.
N6325 X3.6555 Z-0.315 I0.1122 J0.
N6330 X3.4311 Z-0.2953 I-0.1122 J0.
N6335 X3.6555 Z-0.2756 I0.1122 J0.
N6340 X3.4311 Z-0.2559 I-0.1122 J0.
N6345 X3.6555 Z-0.2362 I0.1122 J0.
N6350 X3.4311 Z-0.2165 I-0.1122 J0.
N6355 X3.6555 Z-0.1969 I0.1122 J0.
N6360 X3.4311 Z-0.1772 I-0.1122 J0.
N6365 X3.6555 Z-0.1575 I0.1122 J0.
N6370 X3.4311 Z-0.1378 I-0.1122 J0.
N6375 X3.6555 Z-0.1181 I0.1122 J0.
N6380 X3.4311 Z-0.0984 I-0.1122 J0.
N6385 X3.6555 Z-0.0787 I0.1122 J0.
N6390 X3.4311 Z-0.0591 I-0.1122 J0.
N6395 X3.6555 Z-0.0394 I0.1122 J0.
N6400 X3.6341 Y2.8219 Z-0.0354 I-0.1122 J0.
N6405 X3.4897 Y2.8447 Z-0.0264 I-0.0836 J-0.0607
N6410 G1 G40 X3.5433 Y2.7559
N6415 Z0.1969
N6420 Z-0.5207
N6425 Z-0.5994
N6430 G41 X3.5551 Y2.6496 D14
N6435 G3 X3.6614 Y2.7559 Z-0.5906 I0. J0.1063
N6440 X3.4252 Z-0.5709 I-0.1181 J0.
N6445 X3.6614 Z-0.5512 I0.1181 J0.
N6450 X3.4252 Z-0.5315 I-0.1181 J0.
N6455 X3.6614 Z-0.5118 I0.1181 J0.
N6460 X3.4252 Z-0.4921 I-0.1181 J0.
N6465 X3.6614 Z-0.4724 I0.1181 J0.
N6470 X3.4252 Z-0.4528 I-0.1181 J0.
N6475 X3.6614 Z-0.4331 I0.1181 J0.
N6480 X3.4252 Z-0.4134 I-0.1181 J0.
N6485 X3.6614 Z-0.3937 I0.1181 J0.
N6490 X3.4252 Z-0.374 I-0.1181 J0.
N6495 X3.6614 Z-0.3543 I0.1181 J0.
N6500 X3.4252 Z-0.3346 I-0.1181 J0.
N6505 X3.6614 Z-0.315 I0.1181 J0.
N6510 X3.4252 Z-0.2953 I-0.1181 J0.
N6515 X3.6614 Z-0.2756 I0.1181 J0.
N6520 X3.4252 Z-0.2559 I-0.1181 J0.
N6525 X3.6614 Z-0.2362 I0.1181 J0.
N6530 X3.4252 Z-0.2165 I-0.1181 J0.
N6535 X3.6614 Z-0.1969 I0.1181 J0.
N6540 X3.4252 Z-0.1772 I-0.1181 J0.
N6545 X3.6614 Z-0.1575 I0.1181 J0.
N6550 X3.4252 Z-0.1378 I-0.1181 J0.
N6555 X3.6614 Z-0.1181 I0.1181 J0.
N6560 X3.4252 Z-0.0984 I-0.1181 J0.
N6565 X3.6614 Z-0.0787 I0.1181 J0.
N6570 X3.4252 Z-0.0591 I-0.1181 J0.
N6575 X3.6614 Z-0.0394 I0.1181 J0.
N6580 X3.6389 Y2.8253 Z-0.0354 I-0.1181 J0.
N6585 X3.4904 Y2.8488 Z-0.0266 I-0.086 J-0.0625
N6590 G1 G40 X3.5433 Y2.7559
N6595 Z0.1969
N6600 X4.3307
N6605 Z-0.5211
N6610 Z-0.5998
N6615 G41 X4.3366 Y2.6555 D14
N6620 G3 X4.437 Y2.7559 Z-0.5906 I0. J0.1004
N6625 X4.2244 Z-0.5709 I-0.1063 J0.
N6630 X4.437 Z-0.5512 I0.1063 J0.
N6635 X4.2244 Z-0.5315 I-0.1063 J0.
N6640 X4.437 Z-0.5118 I0.1063 J0.
N6645 X4.2244 Z-0.4921 I-0.1063 J0.
N6650 X4.437 Z-0.4724 I0.1063 J0.
N6655 X4.2244 Z-0.4528 I-0.1063 J0.
N6660 X4.437 Z-0.4331 I0.1063 J0.
N6665 X4.2244 Z-0.4134 I-0.1063 J0.
N6670 X4.437 Z-0.3937 I0.1063 J0.
N6675 X4.2244 Z-0.374 I-0.1063 J0.
N6680 X4.437 Z-0.3543 I0.1063 J0.
N6685 X4.2244 Z-0.3346 I-0.1063 J0.
N6690 X4.437 Z-0.315 I0.1063 J0.
N6695 X4.2244 Z-0.2953 I-0.1063 J0.
N6700 X4.437 Z-0.2756 I0.1063 J0.
N6705 X4.2244 Z-0.2559 I-0.1063 J0.
N6710 X4.437 Z-0.2362 I0.1063 J0.
N6715 X4.2244 Z-0.2165 I-0.1063 J0.
N6720 X4.437 Z-0.1969 I0.1063 J0.
N6725 X4.2244 Z-0.1772 I-0.1063 J0.
N6730 X4.437 Z-0.1575 I0.1063 J0.
N6735 X4.2244 Z-0.1378 I-0.1063 J0.
N6740 X4.437 Z-0.1181 I0.1063 J0.
N6745 X4.2244 Z-0.0984 I-0.1063 J0.
N6750 X4.437 Z-0.0787 I0.1063 J0.
N6755 X4.2244 Z-0.0591 I-0.1063 J0.
N6760 X4.437 Z-0.0394 I0.1063 J0.
N6765 X4.4167 Y2.8184 Z-0.0354 I-0.1063 J0.
N6770 X4.2765 Y2.8406 Z-0.0261 I-0.0812 J-0.059
N6775 G1 G40 X4.3307 Y2.7559
N6780 Z0.1969
N6785 Z-0.5209
N6790 Z-0.5996
N6795 G41 X4.3396 Y2.6526 D14
N6800 G3 X4.4429 Y2.7559 Z-0.5906 I0. J0.1033
N6805 X4.2185 Z-0.5709 I-0.1122 J0.
N6810 X4.4429 Z-0.5512 I0.1122 J0.
N6815 X4.2185 Z-0.5315 I-0.1122 J0.
N6820 X4.4429 Z-0.5118 I0.1122 J0.
N6825 X4.2185 Z-0.4921 I-0.1122 J0.
N6830 X4.4429 Z-0.4724 I0.1122 J0.
N6835 X4.2185 Z-0.4528 I-0.1122 J0.
N6840 X4.4429 Z-0.4331 I0.1122 J0.
N6845 X4.2185 Z-0.4134 I-0.1122 J0.
N6850 X4.4429 Z-0.3937 I0.1122 J0.
N6855 X4.2185 Z-0.374 I-0.1122 J0.
N6860 X4.4429 Z-0.3543 I0.1122 J0.
N6865 X4.2185 Z-0.3346 I-0.1122 J0.
N6870 X4.4429 Z-0.315 I0.1122 J0.
N6875 X4.2185 Z-0.2953 I-0.1122 J0.
N6880 X4.4429 Z-0.2756 I0.1122 J0.
N6885 X4.2185 Z-0.2559 I-0.1122 J0.
N6890 X4.4429 Z-0.2362 I0.1122 J0.
N6895 X4.2185 Z-0.2165 I-0.1122 J0.
N6900 X4.4429 Z-0.1969 I0.1122 J0.
N6905 X4.2185 Z-0.1772 I-0.1122 J0.
N6910 X4.4429 Z-0.1575 I0.1122 J0.
N6915 X4.2185 Z-0.1378 I-0.1122 J0.
N6920 X4.4429 Z-0.1181 I0.1122 J0.
N6925 X4.2185 Z-0.0984 I-0.1122 J0.
N6930 X4.4429 Z-0.0787 I0.1122 J0.
N6935 X4.2185 Z-0.0591 I-0.1122 J0.
N6940 X4.4429 Z-0.0394 I0.1122 J0.
N6945 X4.4215 Y2.8219 Z-0.0354 I-0.1122 J0.
N6950 X4.2771 Y2.8447 Z-0.0264 I-0.0836 J-0.0607
N6955 G1 G40 X4.3307 Y2.7559
N6960 Z0.1969
N6965 Z-0.5207
N6970 Z-0.5994
N6975 G41 X4.3425 Y2.6496 D14
N6980 G3 X4.4488 Y2.7559 Z-0.5906 I0. J0.1063
N6985 X4.2126 Z-0.5709 I-0.1181 J0.
N6990 X4.4488 Z-0.5512 I0.1181 J0.
N6995 X4.2126 Z-0.5315 I-0.1181 J0.
N7000 X4.4488 Z-0.5118 I0.1181 J0.
N7005 X4.2126 Z-0.4921 I-0.1181 J0.
N7010 X4.4488 Z-0.4724 I0.1181 J0.
N7015 X4.2126 Z-0.4528 I-0.1181 J0.
N7020 X4.4488 Z-0.4331 I0.1181 J0.
N7025 X4.2126 Z-0.4134 I-0.1181 J0.
N7030 X4.4488 Z-0.3937 I0.1181 J0.
N7035 X4.2126 Z-0.374 I-0.1181 J0.
N7040 X4.4488 Z-0.3543 I0.1181 J0.
N7045 X4.2126 Z-0.3346 I-0.1181 J0.
N7050 X4.4488 Z-0.315 I0.1181 J0.
N7055 X4.2126 Z-0.2953 I-0.1181 J0.
N7060 X4.4488 Z-0.2756 I0.1181 J0.
N7065 X4.2126 Z-0.2559 I-0.1181 J0.
N7070 X4.4488 Z-0.2362 I0.1181 J0.
N7075 X4.2126 Z-0.2165 I-0.1181 J0.
N7080 X4.4488 Z-0.1969 I0.1181 J0.
N7085 X4.2126 Z-0.1772 I-0.1181 J0.
N7090 X4.4488 Z-0.1575 I0.1181 J0.
N7095 X4.2126 Z-0.1378 I-0.1181 J0.
N7100 X4.4488 Z-0.1181 I0.1181 J0.
N7105 X4.2126 Z-0.0984 I-0.1181 J0.
N7110 X4.4488 Z-0.0787 I0.1181 J0.
N7115 X4.2126 Z-0.0591 I-0.1181 J0.
N7120 X4.4488 Z-0.0394 I0.1181 J0.
N7125 X4.4263 Y2.8253 Z-0.0354 I-0.1181 J0.
N7130 X4.2778 Y2.8488 Z-0.0266 I-0.086 J-0.0625
N7135 G1 G40 X4.3307 Y2.7559
N7140 Z0.1969
N7145 X5.1181
N7150 Z-0.5211
N7155 Z-0.5998
N7160 G41 X5.124 Y2.6555 D14
N7165 G3 X5.2244 Y2.7559 Z-0.5906 I0. J0.1004
N7170 X5.0118 Z-0.5709 I-0.1063 J0.
N7175 X5.2244 Z-0.5512 I0.1063 J0.
N7180 X5.0118 Z-0.5315 I-0.1063 J0.
N7185 X5.2244 Z-0.5118 I0.1063 J0.
N7190 X5.0118 Z-0.4921 I-0.1063 J0.
N7195 X5.2244 Z-0.4724 I0.1063 J0.
N7200 X5.0118 Z-0.4528 I-0.1063 J0.
N7205 X5.2244 Z-0.4331 I0.1063 J0.
N7210 X5.0118 Z-0.4134 I-0.1063 J0.
N7215 X5.2244 Z-0.3937 I0.1063 J0.
N7220 X5.0118 Z-0.374 I-0.1063 J0.
N7225 X5.2244 Z-0.3543 I0.1063 J0.
N7230 X5.0118 Z-0.3346 I-0.1063 J0.
N7235 X5.2244 Z-0.315 I0.1063 J0.
N7240 X5.0118 Z-0.2953 I-0.1063 J0.
N7245 X5.2244 Z-0.2756 I0.1063 J0.
N7250 X5.0118 Z-0.2559 I-0.1063 J0.
N7255 X5.2244 Z-0.2362 I0.1063 J0.
N7260 X5.0118 Z-0.2165 I-0.1063 J0.
N7265 X5.2244 Z-0.1969 I0.1063 J0.
N7270 X5.0118 Z-0.1772 I-0.1063 J0.
N7275 X5.2244 Z-0.1575 I0.1063 J0.
N7280 X5.0118 Z-0.1378 I-0.1063 J0.
N7285 X5.2244 Z-0.1181 I0.1063 J0.
N7290 X5.0118 Z-0.0984 I-0.1063 J0.
N7295 X5.2244 Z-0.0787 I0.1063 J0.
N7300 X5.0118 Z-0.0591 I-0.1063 J0.
N7305 X5.2244 Z-0.0394 I0.1063 J0.
N7310 X5.2041 Y2.8184 Z-0.0354 I-0.1063 J0.
N7315 X5.0639 Y2.8406 Z-0.0261 I-0.0812 J-0.059
N7320 G1 G40 X5.1181 Y2.7559
N7325 Z0.1969
N7330 Z-0.5209
N7335 Z-0.5996
N7340 G41 X5.127 Y2.6526 D14
N7345 G3 X5.2303 Y2.7559 Z-0.5906 I0. J0.1033
N7350 X5.0059 Z-0.5709 I-0.1122 J0.
N7355 X5.2303 Z-0.5512 I0.1122 J0.
N7360 X5.0059 Z-0.5315 I-0.1122 J0.
N7365 X5.2303 Z-0.5118 I0.1122 J0.
N7370 X5.0059 Z-0.4921 I-0.1122 J0.
N7375 X5.2303 Z-0.4724 I0.1122 J0.
N7380 X5.0059 Z-0.4528 I-0.1122 J0.
N7385 X5.2303 Z-0.4331 I0.1122 J0.
N7390 X5.0059 Z-0.4134 I-0.1122 J0.
N7395 X5.2303 Z-0.3937 I0.1122 J0.
N7400 X5.0059 Z-0.374 I-0.1122 J0.
N7405 X5.2303 Z-0.3543 I0.1122 J0.
N7410 X5.0059 Z-0.3346 I-0.1122 J0.
N7415 X5.2303 Z-0.315 I0.1122 J0.
N7420 X5.0059 Z-0.2953 I-0.1122 J0.
N7425 X5.2303 Z-0.2756 I0.1122 J0.
N7430 X5.0059 Z-0.2559 I-0.1122 J0.
N7435 X5.2303 Z-0.2362 I0.1122 J0.
N7440 X5.0059 Z-0.2165 I-0.1122 J0.
N7445 X5.2303 Z-0.1969 I0.1122 J0.
N7450 X5.0059 Z-0.1772 I-0.1122 J0.
N7455 X5.2303 Z-0.1575 I0.1122 J0.
N7460 X5.0059 Z-0.1378 I-0.1122 J0.
N7465 X5.2303 Z-0.1181 I0.1122 J0.
N7470 X5.0059 Z-0.0984 I-0.1122 J0.
N7475 X5.2303 Z-0.0787 I0.1122 J0.
N7480 X5.0059 Z-0.0591 I-0.1122 J0.
N7485 X5.2303 Z-0.0394 I0.1122 J0.
N7490 X5.2089 Y2.8219 Z-0.0354 I-0.1122 J0.
N7495 X5.0645 Y2.8447 Z-0.0264 I-0.0836 J-0.0607
N7500 G1 G40 X5.1181 Y2.7559
N7505 Z0.1969
N7510 Z-0.5207
N7515 Z-0.5994
N7520 G41 X5.1299 Y2.6496 D14
N7525 G3 X5.2362 Y2.7559 Z-0.5906 I0. J0.1063
N7530 X5. Z-0.5709 I-0.1181 J0.
N7535 X5.2362 Z-0.5512 I0.1181 J0.
N7540 X5. Z-0.5315 I-0.1181 J0.
N7545 X5.2362 Z-0.5118 I0.1181 J0.
N7550 X5. Z-0.4921 I-0.1181 J0.
N7555 X5.2362 Z-0.4724 I0.1181 J0.
N7560 X5. Z-0.4528 I-0.1181 J0.
N7565 X5.2362 Z-0.4331 I0.1181 J0.
N7570 X5. Z-0.4134 I-0.1181 J0.
N7575 X5.2362 Z-0.3937 I0.1181 J0.
N7580 X5. Z-0.374 I-0.1181 J0.
N7585 X5.2362 Z-0.3543 I0.1181 J0.
N7590 X5. Z-0.3346 I-0.1181 J0.
N7595 X5.2362 Z-0.315 I0.1181 J0.
N7600 X5. Z-0.2953 I-0.1181 J0.
N7605 X5.2362 Z-0.2756 I0.1181 J0.
N7610 X5. Z-0.2559 I-0.1181 J0.
N7615 X5.2362 Z-0.2362 I0.1181 J0.
N7620 X5. Z-0.2165 I-0.1181 J0.
N7625 X5.2362 Z-0.1969 I0.1181 J0.
N7630 X5. Z-0.1772 I-0.1181 J0.
N7635 X5.2362 Z-0.1575 I0.1181 J0.
N7640 X5. Z-0.1378 I-0.1181 J0.
N7645 X5.2362 Z-0.1181 I0.1181 J0.
N7650 X5. Z-0.0984 I-0.1181 J0.
N7655 X5.2362 Z-0.0787 I0.1181 J0.
N7660 X5. Z-0.0591 I-0.1181 J0.
N7665 X5.2362 Z-0.0394 I0.1181 J0.
N7670 X5.2137 Y2.8253 Z-0.0354 I-0.1181 J0.
N7675 X5.0652 Y2.8488 Z-0.0266 I-0.086 J-0.0625
N7680 G1 G40 X5.1181 Y2.7559
N7685 Z0.1969
N7690 Y3.5433
N7695 Z-0.5211
N7700 Z-0.5998
N7705 G41 X5.124 Y3.4429 D14
N7710 G3 X5.2244 Y3.5433 Z-0.5906 I0. J0.1004
N7715 X5.0118 Z-0.5709 I-0.1063 J0.
N7720 X5.2244 Z-0.5512 I0.1063 J0.
N7725 X5.0118 Z-0.5315 I-0.1063 J0.
N7730 X5.2244 Z-0.5118 I0.1063 J0.
N7735 X5.0118 Z-0.4921 I-0.1063 J0.
N7740 X5.2244 Z-0.4724 I0.1063 J0.
N7745 X5.0118 Z-0.4528 I-0.1063 J0.
N7750 X5.2244 Z-0.4331 I0.1063 J0.
N7755 X5.0118 Z-0.4134 I-0.1063 J0.
N7760 X5.2244 Z-0.3937 I0.1063 J0.
N7765 X5.0118 Z-0.374 I-0.1063 J0.
N7770 X5.2244 Z-0.3543 I0.1063 J0.
N7775 X5.0118 Z-0.3346 I-0.1063 J0.
N7780 X5.2244 Z-0.315 I0.1063 J0.
N7785 X5.0118 Z-0.2953 I-0.1063 J0.
N7790 X5.2244 Z-0.2756 I0.1063 J0.
N7795 X5.0118 Z-0.2559 I-0.1063 J0.
N7800 X5.2244 Z-0.2362 I0.1063 J0.
N7805 X5.0118 Z-0.2165 I-0.1063 J0.
N7810 X5.2244 Z-0.1969 I0.1063 J0.
N7815 X5.0118 Z-0.1772 I-0.1063 J0.
N7820 X5.2244 Z-0.1575 I0.1063 J0.
N7825 X5.0118 Z-0.1378 I-0.1063 J0.
N7830 X5.2244 Z-0.1181 I0.1063 J0.
N7835 X5.0118 Z-0.0984 I-0.1063 J0.
N7840 X5.2244 Z-0.0787 I0.1063 J0.
N7845 X5.0118 Z-0.0591 I-0.1063 J0.
N7850 X5.2244 Z-0.0394 I0.1063 J0.
N7855 X5.2041 Y3.6058 Z-0.0354 I-0.1063 J0.
N7860 X5.0639 Y3.628 Z-0.0261 I-0.0812 J-0.059
N7865 G1 G40 X5.1181 Y3.5433
N7870 Z0.1969
N7875 Z-0.5209
N7880 Z-0.5996
N7885 G41 X5.127 Y3.44 D14
N7890 G3 X5.2303 Y3.5433 Z-0.5906 I0. J0.1033
N7895 X5.0059 Z-0.5709 I-0.1122 J0.
N7900 X5.2303 Z-0.5512 I0.1122 J0.
N7905 X5.0059 Z-0.5315 I-0.1122 J0.
N7910 X5.2303 Z-0.5118 I0.1122 J0.
N7915 X5.0059 Z-0.4921 I-0.1122 J0.
N7920 X5.2303 Z-0.4724 I0.1122 J0.
N7925 X5.0059 Z-0.4528 I-0.1122 J0.
N7930 X5.2303 Z-0.4331 I0.1122 J0.
N7935 X5.0059 Z-0.4134 I-0.1122 J0.
N7940 X5.2303 Z-0.3937 I0.1122 J0.
N7945 X5.0059 Z-0.374 I-0.1122 J0.
N7950 X5.2303 Z-0.3543 I0.1122 J0.
N7955 X5.0059 Z-0.3346 I-0.1122 J0.
N7960 X5.2303 Z-0.315 I0.1122 J0.
N7965 X5.0059 Z-0.2953 I-0.1122 J0.
N7970 X5.2303 Z-0.2756 I0.1122 J0.
N7975 X5.0059 Z-0.2559 I-0.1122 J0.
N7980 X5.2303 Z-0.2362 I0.1122 J0.
N7985 X5.0059 Z-0.2165 I-0.1122 J0.
N7990 X5.2303 Z-0.1969 I0.1122 J0.
N7995 X5.0059 Z-0.1772 I-0.1122 J0.
N8000 X5.2303 Z-0.1575 I0.1122 J0.
N8005 X5.0059 Z-0.1378 I-0.1122 J0.
N8010 X5.2303 Z-0.1181 I0.1122 J0.
N8015 X5.0059 Z-0.0984 I-0.1122 J0.
N8020 X5.2303 Z-0.0787 I0.1122 J0.
N8025 X5.0059 Z-0.0591 I-0.1122 J0.
N8030 X5.2303 Z-0.0394 I0.1122 J0.
N8035 X5.2089 Y3.6093 Z-0.0354 I-0.1122 J0.
N8040 X5.0645 Y3.6321 Z-0.0264 I-0.0836 J-0.0607
N8045 G1 G40 X5.1181 Y3.5433
N8050 Z0.1969
N8055 Z-0.5207
N8060 Z-0.5994
N8065 G41 X5.1299 Y3.437 D14
N8070 G3 X5.2362 Y3.5433 Z-0.5906 I0. J0.1063
N8075 X5. Z-0.5709 I-0.1181 J0.
N8080 X5.2362 Z-0.5512 I0.1181 J0.
N8085 X5. Z-0.5315 I-0.1181 J0.
N8090 X5.2362 Z-0.5118 I0.1181 J0.
N8095 X5. Z-0.4921 I-0.1181 J0.
N8100 X5.2362 Z-0.4724 I0.1181 J0.
N8105 X5. Z-0.4528 I-0.1181 J0.
N8110 X5.2362 Z-0.4331 I0.1181 J0.
N8115 X5. Z-0.4134 I-0.1181 J0.
N8120 X5.2362 Z-0.3937 I0.1181 J0.
N8125 X5. Z-0.374 I-0.1181 J0.
N8130 X5.2362 Z-0.3543 I0.1181 J0.
N8135 X5. Z-0.3346 I-0.1181 J0.
N8140 X5.2362 Z-0.315 I0.1181 J0.
N8145 X5. Z-0.2953 I-0.1181 J0.
N8150 X5.2362 Z-0.2756 I0.1181 J0.
N8155 X5. Z-0.2559 I-0.1181 J0.
N8160 X5.2362 Z-0.2362 I0.1181 J0.
N8165 X5. Z-0.2165 I-0.1181 J0.
N8170 X5.2362 Z-0.1969 I0.1181 J0.
N8175 X5. Z-0.1772 I-0.1181 J0.
N8180 X5.2362 Z-0.1575 I0.1181 J0.
N8185 X5. Z-0.1378 I-0.1181 J0.
N8190 X5.2362 Z-0.1181 I0.1181 J0.
N8195 X5. Z-0.0984 I-0.1181 J0.
N8200 X5.2362 Z-0.0787 I0.1181 J0.
N8205 X5. Z-0.0591 I-0.1181 J0.
N8210 X5.2362 Z-0.0394 I0.1181 J0.
N8215 X5.2137 Y3.6127 Z-0.0354 I-0.1181 J0.
N8220 X5.0652 Y3.6362 Z-0.0266 I-0.086 J-0.0625
N8225 G1 G40 X5.1181 Y3.5433
N8230 Z0.1969
N8235 X4.3307
N8240 Z-0.5211
N8245 Z-0.5998
N8250 G41 X4.3366 Y3.4429 D14
N8255 G3 X4.437 Y3.5433 Z-0.5906 I0. J0.1004
N8260 X4.2244 Z-0.5709 I-0.1063 J0.
N8265 X4.437 Z-0.5512 I0.1063 J0.
N8270 X4.2244 Z-0.5315 I-0.1063 J0.
N8275 X4.437 Z-0.5118 I0.1063 J0.
N8280 X4.2244 Z-0.4921 I-0.1063 J0.
N8285 X4.437 Z-0.4724 I0.1063 J0.
N8290 X4.2244 Z-0.4528 I-0.1063 J0.
N8295 X4.437 Z-0.4331 I0.1063 J0.
N8300 X4.2244 Z-0.4134 I-0.1063 J0.
N8305 X4.437 Z-0.3937 I0.1063 J0.
N8310 X4.2244 Z-0.374 I-0.1063 J0.
N8315 X4.437 Z-0.3543 I0.1063 J0.
N8320 X4.2244 Z-0.3346 I-0.1063 J0.
N8325 X4.437 Z-0.315 I0.1063 J0.
N8330 X4.2244 Z-0.2953 I-0.1063 J0.
N8335 X4.437 Z-0.2756 I0.1063 J0.
N8340 X4.2244 Z-0.2559 I-0.1063 J0.
N8345 X4.437 Z-0.2362 I0.1063 J0.
N8350 X4.2244 Z-0.2165 I-0.1063 J0.
N8355 X4.437 Z-0.1969 I0.1063 J0.
N8360 X4.2244 Z-0.1772 I-0.1063 J0.
N8365 X4.437 Z-0.1575 I0.1063 J0.
N8370 X4.2244 Z-0.1378 I-0.1063 J0.
N8375 X4.437 Z-0.1181 I0.1063 J0.
N8380 X4.2244 Z-0.0984 I-0.1063 J0.
N8385 X4.437 Z-0.0787 I0.1063 J0.
N8390 X4.2244 Z-0.0591 I-0.1063 J0.
N8395 X4.437 Z-0.0394 I0.1063 J0.
N8400 X4.4167 Y3.6058 Z-0.0354 I-0.1063 J0.
N8405 X4.2765 Y3.628 Z-0.0261 I-0.0812 J-0.059
N8410 G1 G40 X4.3307 Y3.5433
N8415 Z0.1969
N8420 Z-0.5209
N8425 Z-0.5996
N8430 G41 X4.3396 Y3.44 D14
N8435 G3 X4.4429 Y3.5433 Z-0.5906 I0. J0.1033
N8440 X4.2185 Z-0.5709 I-0.1122 J0.
N8445 X4.4429 Z-0.5512 I0.1122 J0.
N8450 X4.2185 Z-0.5315 I-0.1122 J0.
N8455 X4.4429 Z-0.5118 I0.1122 J0.
N8460 X4.2185 Z-0.4921 I-0.1122 J0.
N8465 X4.4429 Z-0.4724 I0.1122 J0.
N8470 X4.2185 Z-0.4528 I-0.1122 J0.
N8475 X4.4429 Z-0.4331 I0.1122 J0.
N8480 X4.2185 Z-0.4134 I-0.1122 J0.
N8485 X4.4429 Z-0.3937 I0.1122 J0.
N8490 X4.2185 Z-0.374 I-0.1122 J0.
N8495 X4.4429 Z-0.3543 I0.1122 J0.
N8500 X4.2185 Z-0.3346 I-0.1122 J0.
N8505 X4.4429 Z-0.315 I0.1122 J0.
N8510 X4.2185 Z-0.2953 I-0.1122 J0.
N8515 X4.4429 Z-0.2756 I0.1122 J0.
N8520 X4.2185 Z-0.2559 I-0.1122 J0.
N8525 X4.4429 Z-0.2362 I0.1122 J0.
N8530 X4.2185 Z-0.2165 I-0.1122 J0.
N8535 X4.4429 Z-0.1969 I0.1122 J0.
N8540 X4.2185 Z-0.1772 I-0.1122 J0.
N8545 X4.4429 Z-0.1575 I0.1122 J0.
N8550 X4.2185 Z-0.1378 I-0.1122 J0.
N8555 X4.4429 Z-0.1181 I0.1122 J0.
N8560 X4.2185 Z-0.0984 I-0.1122 J0.
N8565 X4.4429 Z-0.0787 I0.1122 J0.
N8570 X4.2185 Z-0.0591 I-0.1122 J0.
N8575 X4.4429 Z-0.0394 I0.1122 J0.
N8580 X4.4215 Y3.6093 Z-0.0354 I-0.1122 J0.
N8585 X4.2771 Y3.6321 Z-0.0264 I-0.0836 J-0.0607
N8590 G1 G40 X4.3307 Y3.5433
N8595 Z0.1969
N8600 Z-0.5207
N8605 Z-0.5994
N8610 G41 X4.3425 Y3.437 D14
N8615 G3 X4.4488 Y3.5433 Z-0.5906 I0. J0.1063
N8620 X4.2126 Z-0.5709 I-0.1181 J0.
N8625 X4.4488 Z-0.5512 I0.1181 J0.
N8630 X4.2126 Z-0.5315 I-0.1181 J0.
N8635 X4.4488 Z-0.5118 I0.1181 J0.
N8640 X4.2126 Z-0.4921 I-0.1181 J0.
N8645 X4.4488 Z-0.4724 I0.1181 J0.
N8650 X4.2126 Z-0.4528 I-0.1181 J0.
N8655 X4.4488 Z-0.4331 I0.1181 J0.
N8660 X4.2126 Z-0.4134 I-0.1181 J0.
N8665 X4.4488 Z-0.3937 I0.1181 J0.
N8670 X4.2126 Z-0.374 I-0.1181 J0.
N8675 X4.4488 Z-0.3543 I0.1181 J0.
N8680 X4.2126 Z-0.3346 I-0.1181 J0.
N8685 X4.4488 Z-0.315 I0.1181 J0.
N8690 X4.2126 Z-0.2953 I-0.1181 J0.
N8695 X4.4488 Z-0.2756 I0.1181 J0.
N8700 X4.2126 Z-0.2559 I-0.1181 J0.
N8705 X4.4488 Z-0.2362 I0.1181 J0.
N8710 X4.2126 Z-0.2165 I-0.1181 J0.
N8715 X4.4488 Z-0.1969 I0.1181 J0.
N8720 X4.2126 Z-0.1772 I-0.1181 J0.
N8725 X4.4488 Z-0.1575 I0.1181 J0.
N8730 X4.2126 Z-0.1378 I-0.1181 J0.
N8735 X4.4488 Z-0.1181 I0.1181 J0.
N8740 X4.2126 Z-0.0984 I-0.1181 J0.
N8745 X4.4488 Z-0.0787 I0.1181 J0.
N8750 X4.2126 Z-0.0591 I-0.1181 J0.
N8755 X4.4488 Z-0.0394 I0.1181 J0.
N8760 X4.4263 Y3.6127 Z-0.0354 I-0.1181 J0.
N8765 X4.2778 Y3.6362 Z-0.0266 I-0.086 J-0.0625
N8770 G1 G40 X4.3307 Y3.5433
N8775 Z0.1969
N8780 X3.5433
N8785 Z-0.5211
N8790 Z-0.5998
N8795 G41 X3.5492 Y3.4429 D14
N8800 G3 X3.6496 Y3.5433 Z-0.5906 I0. J0.1004
N8805 X3.437 Z-0.5709 I-0.1063 J0.
N8810 X3.6496 Z-0.5512 I0.1063 J0.
N8815 X3.437 Z-0.5315 I-0.1063 J0.
N8820 X3.6496 Z-0.5118 I0.1063 J0.
N8825 X3.437 Z-0.4921 I-0.1063 J0.
N8830 X3.6496 Z-0.4724 I0.1063 J0.
N8835 X3.437 Z-0.4528 I-0.1063 J0.
N8840 X3.6496 Z-0.4331 I0.1063 J0.
N8845 X3.437 Z-0.4134 I-0.1063 J0.
N8850 X3.6496 Z-0.3937 I0.1063 J0.
N8855 X3.437 Z-0.374 I-0.1063 J0.
N8860 X3.6496 Z-0.3543 I0.1063 J0.
N8865 X3.437 Z-0.3346 I-0.1063 J0.
N8870 X3.6496 Z-0.315 I0.1063 J0.
N8875 X3.437 Z-0.2953 I-0.1063 J0.
N8880 X3.6496 Z-0.2756 I0.1063 J0.
N8885 X3.437 Z-0.2559 I-0.1063 J0.
N8890 X3.6496 Z-0.2362 I0.1063 J0.
N8895 X3.437 Z-0.2165 I-0.1063 J0.
N8900 X3.6496 Z-0.1969 I0.1063 J0.
N8905 X3.437 Z-0.1772 I-0.1063 J0.
N8910 X3.6496 Z-0.1575 I0.1063 J0.
N8915 X3.437 Z-0.1378 I-0.1063 J0.
N8920 X3.6496 Z-0.1181 I0.1063 J0.
N8925 X3.437 Z-0.0984 I-0.1063 J0.
N8930 X3.6496 Z-0.0787 I0.1063 J0.
N8935 X3.437 Z-0.0591 I-0.1063 J0.
N8940 X3.6496 Z-0.0394 I0.1063 J0.
N8945 X3.6293 Y3.6058 Z-0.0354 I-0.1063 J0.
N8950 X3.4891 Y3.628 Z-0.0261 I-0.0812 J-0.059
N8955 G1 G40 X3.5433 Y3.5433
N8960 Z0.1969
N8965 Z-0.5209
N8970 Z-0.5996
N8975 G41 X3.5522 Y3.44 D14
N8980 G3 X3.6555 Y3.5433 Z-0.5906 I0. J0.1033
N8985 X3.4311 Z-0.5709 I-0.1122 J0.
N8990 X3.6555 Z-0.5512 I0.1122 J0.
N8995 X3.4311 Z-0.5315 I-0.1122 J0.
N9000 X3.6555 Z-0.5118 I0.1122 J0.
N9005 X3.4311 Z-0.4921 I-0.1122 J0.
N9010 X3.6555 Z-0.4724 I0.1122 J0.
N9015 X3.4311 Z-0.4528 I-0.1122 J0.
N9020 X3.6555 Z-0.4331 I0.1122 J0.
N9025 X3.4311 Z-0.4134 I-0.1122 J0.
N9030 X3.6555 Z-0.3937 I0.1122 J0.
N9035 X3.4311 Z-0.374 I-0.1122 J0.
N9040 X3.6555 Z-0.3543 I0.1122 J0.
N9045 X3.4311 Z-0.3346 I-0.1122 J0.
N9050 X3.6555 Z-0.315 I0.1122 J0.
N9055 X3.4311 Z-0.2953 I-0.1122 J0.
N9060 X3.6555 Z-0.2756 I0.1122 J0.
N9065 X3.4311 Z-0.2559 I-0.1122 J0.
N9070 X3.6555 Z-0.2362 I0.1122 J0.
N9075 X3.4311 Z-0.2165 I-0.1122 J0.
N9080 X3.6555 Z-0.1969 I0.1122 J0.
N9085 X3.4311 Z-0.1772 I-0.1122 J0.
N9090 X3.6555 Z-0.1575 I0.1122 J0.
N9095 X3.4311 Z-0.1378 I-0.1122 J0.
N9100 X3.6555 Z-0.1181 I0.1122 J0.
N9105 X3.4311 Z-0.0984 I-0.1122 J0.
N9110 X3.6555 Z-0.0787 I0.1122 J0.
N9115 X3.4311 Z-0.0591 I-0.1122 J0.
N9120 X3.6555 Z-0.0394 I0.1122 J0.
N9125 X3.6341 Y3.6093 Z-0.0354 I-0.1122 J0.
N9130 X3.4897 Y3.6321 Z-0.0264 I-0.0836 J-0.0607
N9135 G1 G40 X3.5433 Y3.5433
N9140 Z0.1969
N9145 Z-0.5207
N9150 Z-0.5994
N9155 G41 X3.5551 Y3.437 D14
N9160 G3 X3.6614 Y3.5433 Z-0.5906 I0. J0.1063
N9165 X3.4252 Z-0.5709 I-0.1181 J0.
N9170 X3.6614 Z-0.5512 I0.1181 J0.
N9175 X3.4252 Z-0.5315 I-0.1181 J0.
N9180 X3.6614 Z-0.5118 I0.1181 J0.
N9185 X3.4252 Z-0.4921 I-0.1181 J0.
N9190 X3.6614 Z-0.4724 I0.1181 J0.
N9195 X3.4252 Z-0.4528 I-0.1181 J0.
N9200 X3.6614 Z-0.4331 I0.1181 J0.
N9205 X3.4252 Z-0.4134 I-0.1181 J0.
N9210 X3.6614 Z-0.3937 I0.1181 J0.
N9215 X3.4252 Z-0.374 I-0.1181 J0.
N9220 X3.6614 Z-0.3543 I0.1181 J0.
N9225 X3.4252 Z-0.3346 I-0.1181 J0.
N9230 X3.6614 Z-0.315 I0.1181 J0.
N9235 X3.4252 Z-0.2953 I-0.1181 J0.
N9240 X3.6614 Z-0.2756 I0.1181 J0.
N9245 X3.4252 Z-0.2559 I-0.1181 J0.
N9250 X3.6614 Z-0.2362 I0.1181 J0.
N9255 X3.4252 Z-0.2165 I-0.1181 J0.
N9260 X3.6614 Z-0.1969 I0.1181 J0.
N9265 X3.4252 Z-0.1772 I-0.1181 J0.
N9270 X3.6614 Z-0.1575 I0.1181 J0.
N9275 X3.4252 Z-0.1378 I-0.1181 J0.
N9280 X3.6614 Z-0.1181 I0.1181 J0.
N9285 X3.4252 Z-0.0984 I-0.1181 J0.
N9290 X3.6614 Z-0.0787 I0.1181 J0.
N9295 X3.4252 Z-0.0591 I-0.1181 J0.
N9300 X3.6614 Z-0.0394 I0.1181 J0.
N9305 X3.6389 Y3.6127 Z-0.0354 I-0.1181 J0.
N9310 X3.4904 Y3.6362 Z-0.0266 I-0.086 J-0.0625
N9315 G1 G40 X3.5433 Y3.5433
N9320 Z0.1969
N9325 X2.7559
N9330 Z-0.5211
N9335 Z-0.5998
N9340 G41 X2.7618 Y3.4429 D14
N9345 G3 X2.8622 Y3.5433 Z-0.5906 I0. J0.1004
N9350 X2.6496 Z-0.5709 I-0.1063 J0.
N9355 X2.8622 Z-0.5512 I0.1063 J0.
N9360 X2.6496 Z-0.5315 I-0.1063 J0.
N9365 X2.8622 Z-0.5118 I0.1063 J0.
N9370 X2.6496 Z-0.4921 I-0.1063 J0.
N9375 X2.8622 Z-0.4724 I0.1063 J0.
N9380 X2.6496 Z-0.4528 I-0.1063 J0.
N9385 X2.8622 Z-0.4331 I0.1063 J0.
N9390 X2.6496 Z-0.4134 I-0.1063 J0.
N9395 X2.8622 Z-0.3937 I0.1063 J0.
N9400 X2.6496 Z-0.374 I-0.1063 J0.
N9405 X2.8622 Z-0.3543 I0.1063 J0.
N9410 X2.6496 Z-0.3346 I-0.1063 J0.
N9415 X2.8622 Z-0.315 I0.1063 J0.
N9420 X2.6496 Z-0.2953 I-0.1063 J0.
N9425 X2.8622 Z-0.2756 I0.1063 J0.
N9430 X2.6496 Z-0.2559 I-0.1063 J0.
N9435 X2.8622 Z-0.2362 I0.1063 J0.
N9440 X2.6496 Z-0.2165 I-0.1063 J0.
N9445 X2.8622 Z-0.1969 I0.1063 J0.
N9450 X2.6496 Z-0.1772 I-0.1063 J0.
N9455 X2.8622 Z-0.1575 I0.1063 J0.
N9460 X2.6496 Z-0.1378 I-0.1063 J0.
N9465 X2.8622 Z-0.1181 I0.1063 J0.
N9470 X2.6496 Z-0.0984 I-0.1063 J0.
N9475 X2.8622 Z-0.0787 I0.1063 J0.
N9480 X2.6496 Z-0.0591 I-0.1063 J0.
N9485 X2.8622 Z-0.0394 I0.1063 J0.
N9490 X2.8419 Y3.6058 Z-0.0354 I-0.1063 J0.
N9495 X2.7017 Y3.628 Z-0.0261 I-0.0812 J-0.059
N9500 G1 G40 X2.7559 Y3.5433
N9505 Z0.1969
N9510 Z-0.5209
N9515 Z-0.5996
N9520 G41 X2.7648 Y3.44 D14
N9525 G3 X2.8681 Y3.5433 Z-0.5906 I0. J0.1033
N9530 X2.6437 Z-0.5709 I-0.1122 J0.
N9535 X2.8681 Z-0.5512 I0.1122 J0.
N9540 X2.6437 Z-0.5315 I-0.1122 J0.
N9545 X2.8681 Z-0.5118 I0.1122 J0.
N9550 X2.6437 Z-0.4921 I-0.1122 J0.
N9555 X2.8681 Z-0.4724 I0.1122 J0.
N9560 X2.6437 Z-0.4528 I-0.1122 J0.
N9565 X2.8681 Z-0.4331 I0.1122 J0.
N9570 X2.6437 Z-0.4134 I-0.1122 J0.
N9575 X2.8681 Z-0.3937 I0.1122 J0.
N9580 X2.6437 Z-0.374 I-0.1122 J0.
N9585 X2.8681 Z-0.3543 I0.1122 J0.
N9590 X2.6437 Z-0.3346 I-0.1122 J0.
N9595 X2.8681 Z-0.315 I0.1122 J0.
N9600 X2.6437 Z-0.2953 I-0.1122 J0.
N9605 X2.8681 Z-0.2756 I0.1122 J0.
N9610 X2.6437 Z-0.2559 I-0.1122 J0.
N9615 X2.8681 Z-0.2362 I0.1122 J0.
N9620 X2.6437 Z-0.2165 I-0.1122 J0.
N9625 X2.8681 Z-0.1969 I0.1122 J0.
N9630 X2.6437 Z-0.1772 I-0.1122 J0.
N9635 X2.8681 Z-0.1575 I0.1122 J0.
N9640 X2.6437 Z-0.1378 I-0.1122 J0.
N9645 X2.8681 Z-0.1181 I0.1122 J0.
N9650 X2.6437 Z-0.0984 I-0.1122 J0.
N9655 X2.8681 Z-0.0787 I0.1122 J0.
N9660 X2.6437 Z-0.0591 I-0.1122 J0.
N9665 X2.8681 Z-0.0394 I0.1122 J0.
N9670 X2.8467 Y3.6093 Z-0.0354 I-0.1122 J0.
N9675 X2.7023 Y3.6321 Z-0.0264 I-0.0836 J-0.0607
N9680 G1 G40 X2.7559 Y3.5433
N9685 Z0.1969
N9690 Z-0.5207
N9695 Z-0.5994
N9700 G41 X2.7677 Y3.437 D14
N9705 G3 X2.874 Y3.5433 Z-0.5906 I0. J0.1063
N9710 X2.6378 Z-0.5709 I-0.1181 J0.
N9715 X2.874 Z-0.5512 I0.1181 J0.
N9720 X2.6378 Z-0.5315 I-0.1181 J0.
N9725 X2.874 Z-0.5118 I0.1181 J0.
N9730 X2.6378 Z-0.4921 I-0.1181 J0.
N9735 X2.874 Z-0.4724 I0.1181 J0.
N9740 X2.6378 Z-0.4528 I-0.1181 J0.
N9745 X2.874 Z-0.4331 I0.1181 J0.
N9750 X2.6378 Z-0.4134 I-0.1181 J0.
N9755 X2.874 Z-0.3937 I0.1181 J0.
N9760 X2.6378 Z-0.374 I-0.1181 J0.
N9765 X2.874 Z-0.3543 I0.1181 J0.
N9770 X2.6378 Z-0.3346 I-0.1181 J0.
N9775 X2.874 Z-0.315 I0.1181 J0.
N9780 X2.6378 Z-0.2953 I-0.1181 J0.
N9785 X2.874 Z-0.2756 I0.1181 J0.
N9790 X2.6378 Z-0.2559 I-0.1181 J0.
N9795 X2.874 Z-0.2362 I0.1181 J0.
N9800 X2.6378 Z-0.2165 I-0.1181 J0.
N9805 X2.874 Z-0.1969 I0.1181 J0.
N9810 X2.6378 Z-0.1772 I-0.1181 J0.
N9815 X2.874 Z-0.1575 I0.1181 J0.
N9820 X2.6378 Z-0.1378 I-0.1181 J0.
N9825 X2.874 Z-0.1181 I0.1181 J0.
N9830 X2.6378 Z-0.0984 I-0.1181 J0.
N9835 X2.874 Z-0.0787 I0.1181 J0.
N9840 X2.6378 Z-0.0591 I-0.1181 J0.
N9845 X2.874 Z-0.0394 I0.1181 J0.
N9850 X2.8515 Y3.6127 Z-0.0354 I-0.1181 J0.
N9855 X2.703 Y3.6362 Z-0.0266 I-0.086 J-0.0625
N9860 G1 G40 X2.7559 Y3.5433
N9865 Z0.1969
N9870 X1.9685
N9875 Z-0.5211
N9880 Z-0.5998
N9885 G41 X1.9744 Y3.4429 D14
N9890 G3 X2.0748 Y3.5433 Z-0.5906 I0. J0.1004
N9895 X1.8622 Z-0.5709 I-0.1063 J0.
N9900 X2.0748 Z-0.5512 I0.1063 J0.
N9905 X1.8622 Z-0.5315 I-0.1063 J0.
N9910 X2.0748 Z-0.5118 I0.1063 J0.
N9915 X1.8622 Z-0.4921 I-0.1063 J0.
N9920 X2.0748 Z-0.4724 I0.1063 J0.
N9925 X1.8622 Z-0.4528 I-0.1063 J0.
N9930 X2.0748 Z-0.4331 I0.1063 J0.
N9935 X1.8622 Z-0.4134 I-0.1063 J0.
N9940 X2.0748 Z-0.3937 I0.1063 J0.
N9945 X1.8622 Z-0.374 I-0.1063 J0.
N9950 X2.0748 Z-0.3543 I0.1063 J0.
N9955 X1.8622 Z-0.3346 I-0.1063 J0.
N9960 X2.0748 Z-0.315 I0.1063 J0.
N9965 X1.8622 Z-0.2953 I-0.1063 J0.
N9970 X2.0748 Z-0.2756 I0.1063 J0.
N9975 X1.8622 Z-0.2559 I-0.1063 J0.
N9980 X2.0748 Z-0.2362 I0.1063 J0.
N9985 X1.8622 Z-0.2165 I-0.1063 J0.
N9990 X2.0748 Z-0.1969 I0.1063 J0.
N9995 X1.8622 Z-0.1772 I-0.1063 J0.
N10000 X2.0748 Z-0.1575 I0.1063 J0.
N10005 X1.8622 Z-0.1378 I-0.1063 J0.
N10010 X2.0748 Z-0.1181 I0.1063 J0.
N10015 X1.8622 Z-0.0984 I-0.1063 J0.
N10020 X2.0748 Z-0.0787 I0.1063 J0.
N10025 X1.8622 Z-0.0591 I-0.1063 J0.
N10030 X2.0748 Z-0.0394 I0.1063 J0.
N10035 X2.0545 Y3.6058 Z-0.0354 I-0.1063 J0.
N10040 X1.9143 Y3.628 Z-0.0261 I-0.0812 J-0.059
N10045 G1 G40 X1.9685 Y3.5433
N10050 Z0.1969
N10055 Z-0.5209
N10060 Z-0.5996
N10065 G41 X1.9774 Y3.44 D14
N10070 G3 X2.0807 Y3.5433 Z-0.5906 I0. J0.1033
N10075 X1.8563 Z-0.5709 I-0.1122 J0.
N10080 X2.0807 Z-0.5512 I0.1122 J0.
N10085 X1.8563 Z-0.5315 I-0.1122 J0.
N10090 X2.0807 Z-0.5118 I0.1122 J0.
N10095 X1.8563 Z-0.4921 I-0.1122 J0.
N10100 X2.0807 Z-0.4724 I0.1122 J0.
N10105 X1.8563 Z-0.4528 I-0.1122 J0.
N10110 X2.0807 Z-0.4331 I0.1122 J0.
N10115 X1.8563 Z-0.4134 I-0.1122 J0.
N10120 X2.0807 Z-0.3937 I0.1122 J0.
N10125 X1.8563 Z-0.374 I-0.1122 J0.
N10130 X2.0807 Z-0.3543 I0.1122 J0.
N10135 X1.8563 Z-0.3346 I-0.1122 J0.
N10140 X2.0807 Z-0.315 I0.1122 J0.
N10145 X1.8563 Z-0.2953 I-0.1122 J0.
N10150 X2.0807 Z-0.2756 I0.1122 J0.
N10155 X1.8563 Z-0.2559 I-0.1122 J0.
N10160 X2.0807 Z-0.2362 I0.1122 J0.
N10165 X1.8563 Z-0.2165 I-0.1122 J0.
N10170 X2.0807 Z-0.1969 I0.1122 J0.
N10175 X1.8563 Z-0.1772 I-0.1122 J0.
N10180 X2.0807 Z-0.1575 I0.1122 J0.
N10185 X1.8563 Z-0.1378 I-0.1122 J0.
N10190 X2.0807 Z-0.1181 I0.1122 J0.
N10195 X1.8563 Z-0.0984 I-0.1122 J0.
N10200 X2.0807 Z-0.0787 I0.1122 J0.
N10205 X1.8563 Z-0.0591 I-0.1122 J0.
N10210 X2.0807 Z-0.0394 I0.1122 J0.
N10215 X2.0593 Y3.6093 Z-0.0354 I-0.1122 J0.
N10220 X1.9149 Y3.6321 Z-0.0264 I-0.0836 J-0.0607
N10225 G1 G40 X1.9685 Y3.5433
N10230 Z0.1969
N10235 Z-0.5207
N10240 Z-0.5994
N10245 G41 X1.9803 Y3.437 D14
N10250 G3 X2.0866 Y3.5433 Z-0.5906 I0. J0.1063
N10255 X1.8504 Z-0.5709 I-0.1181 J0.
N10260 X2.0866 Z-0.5512 I0.1181 J0.
N10265 X1.8504 Z-0.5315 I-0.1181 J0.
N10270 X2.0866 Z-0.5118 I0.1181 J0.
N10275 X1.8504 Z-0.4921 I-0.1181 J0.
N10280 X2.0866 Z-0.4724 I0.1181 J0.
N10285 X1.8504 Z-0.4528 I-0.1181 J0.
N10290 X2.0866 Z-0.4331 I0.1181 J0.
N10295 X1.8504 Z-0.4134 I-0.1181 J0.
N10300 X2.0866 Z-0.3937 I0.1181 J0.
N10305 X1.8504 Z-0.374 I-0.1181 J0.
N10310 X2.0866 Z-0.3543 I0.1181 J0.
N10315 X1.8504 Z-0.3346 I-0.1181 J0.
N10320 X2.0866 Z-0.315 I0.1181 J0.
N10325 X1.8504 Z-0.2953 I-0.1181 J0.
N10330 X2.0866 Z-0.2756 I0.1181 J0.
N10335 X1.8504 Z-0.2559 I-0.1181 J0.
N10340 X2.0866 Z-0.2362 I0.1181 J0.
N10345 X1.8504 Z-0.2165 I-0.1181 J0.
N10350 X2.0866 Z-0.1969 I0.1181 J0.
N10355 X1.8504 Z-0.1772 I-0.1181 J0.
N10360 X2.0866 Z-0.1575 I0.1181 J0.
N10365 X1.8504 Z-0.1378 I-0.1181 J0.
N10370 X2.0866 Z-0.1181 I0.1181 J0.
N10375 X1.8504 Z-0.0984 I-0.1181 J0.
N10380 X2.0866 Z-0.0787 I0.1181 J0.
N10385 X1.8504 Z-0.0591 I-0.1181 J0.
N10390 X2.0866 Z-0.0394 I0.1181 J0.
N10395 X2.0641 Y3.6127 Z-0.0354 I-0.1181 J0.
N10400 X1.9156 Y3.6362 Z-0.0266 I-0.086 J-0.0625
N10405 G1 G40 X1.9685 Y3.5433
N10410 Z0.1969
N10415 X1.1811
N10420 Z-0.5211
N10425 Z-0.5998
N10430 G41 X1.187 Y3.4429 D14
N10435 G3 X1.2874 Y3.5433 Z-0.5906 I0. J0.1004
N10440 X1.0748 Z-0.5709 I-0.1063 J0.
N10445 X1.2874 Z-0.5512 I0.1063 J0.
N10450 X1.0748 Z-0.5315 I-0.1063 J0.
N10455 X1.2874 Z-0.5118 I0.1063 J0.
N10460 X1.0748 Z-0.4921 I-0.1063 J0.
N10465 X1.2874 Z-0.4724 I0.1063 J0.
N10470 X1.0748 Z-0.4528 I-0.1063 J0.
N10475 X1.2874 Z-0.4331 I0.1063 J0.
N10480 X1.0748 Z-0.4134 I-0.1063 J0.
N10485 X1.2874 Z-0.3937 I0.1063 J0.
N10490 X1.0748 Z-0.374 I-0.1063 J0.
N10495 X1.2874 Z-0.3543 I0.1063 J0.
N10500 X1.0748 Z-0.3346 I-0.1063 J0.
N10505 X1.2874 Z-0.315 I0.1063 J0.
N10510 X1.0748 Z-0.2953 I-0.1063 J0.
N10515 X1.2874 Z-0.2756 I0.1063 J0.
N10520 X1.0748 Z-0.2559 I-0.1063 J0.
N10525 X1.2874 Z-0.2362 I0.1063 J0.
N10530 X1.0748 Z-0.2165 I-0.1063 J0.
N10535 X1.2874 Z-0.1969 I0.1063 J0.
N10540 X1.0748 Z-0.1772 I-0.1063 J0.
N10545 X1.2874 Z-0.1575 I0.1063 J0.
N10550 X1.0748 Z-0.1378 I-0.1063 J0.
N10555 X1.2874 Z-0.1181 I0.1063 J0.
N10560 X1.0748 Z-0.0984 I-0.1063 J0.
N10565 X1.2874 Z-0.0787 I0.1063 J0.
N10570 X1.0748 Z-0.0591 I-0.1063 J0.
N10575 X1.2874 Z-0.0394 I0.1063 J0.
N10580 X1.2671 Y3.6058 Z-0.0354 I-0.1063 J0.
N10585 X1.1269 Y3.628 Z-0.0261 I-0.0812 J-0.059
N10590 G1 G40 X1.1811 Y3.5433
N10595 Z0.1969
N10600 Z-0.5209
N10605 Z-0.5996
N10610 G41 X1.19 Y3.44 D14
N10615 G3 X1.2933 Y3.5433 Z-0.5906 I0. J0.1033
N10620 X1.0689 Z-0.5709 I-0.1122 J0.
N10625 X1.2933 Z-0.5512 I0.1122 J0.
N10630 X1.0689 Z-0.5315 I-0.1122 J0.
N10635 X1.2933 Z-0.5118 I0.1122 J0.
N10640 X1.0689 Z-0.4921 I-0.1122 J0.
N10645 X1.2933 Z-0.4724 I0.1122 J0.
N10650 X1.0689 Z-0.4528 I-0.1122 J0.
N10655 X1.2933 Z-0.4331 I0.1122 J0.
N10660 X1.0689 Z-0.4134 I-0.1122 J0.
N10665 X1.2933 Z-0.3937 I0.1122 J0.
N10670 X1.0689 Z-0.374 I-0.1122 J0.
N10675 X1.2933 Z-0.3543 I0.1122 J0.
N10680 X1.0689 Z-0.3346 I-0.1122 J0.
N10685 X1.2933 Z-0.315 I0.1122 J0.
N10690 X1.0689 Z-0.2953 I-0.1122 J0.
N10695 X1.2933 Z-0.2756 I0.1122 J0.
N10700 X1.0689 Z-0.2559 I-0.1122 J0.
N10705 X1.2933 Z-0.2362 I0.1122 J0.
N10710 X1.0689 Z-0.2165 I-0.1122 J0.
N10715 X1.2933 Z-0.1969 I0.1122 J0.
N10720 X1.0689 Z-0.1772 I-0.1122 J0.
N10725 X1.2933 Z-0.1575 I0.1122 J0.
N10730 X1.0689 Z-0.1378 I-0.1122 J0.
N10735 X1.2933 Z-0.1181 I0.1122 J0.
N10740 X1.0689 Z-0.0984 I-0.1122 J0.
N10745 X1.2933 Z-0.0787 I0.1122 J0.
N10750 X1.0689 Z-0.0591 I-0.1122 J0.
N10755 X1.2933 Z-0.0394 I0.1122 J0.
N10760 X1.2719 Y3.6093 Z-0.0354 I-0.1122 J0.
N10765 X1.1275 Y3.6321 Z-0.0264 I-0.0836 J-0.0607
N10770 G1 G40 X1.1811 Y3.5433
N10775 Z0.1969
N10780 Z-0.5207
N10785 Z-0.5994
N10790 G41 X1.1929 Y3.437 D14
N10795 G3 X1.2992 Y3.5433 Z-0.5906 I0. J0.1063
N10800 X1.063 Z-0.5709 I-0.1181 J0.
N10805 X1.2992 Z-0.5512 I0.1181 J0.
N10810 X1.063 Z-0.5315 I-0.1181 J0.
N10815 X1.2992 Z-0.5118 I0.1181 J0.
N10820 X1.063 Z-0.4921 I-0.1181 J0.
N10825 X1.2992 Z-0.4724 I0.1181 J0.
N10830 X1.063 Z-0.4528 I-0.1181 J0.
N10835 X1.2992 Z-0.4331 I0.1181 J0.
N10840 X1.063 Z-0.4134 I-0.1181 J0.
N10845 X1.2992 Z-0.3937 I0.1181 J0.
N10850 X1.063 Z-0.374 I-0.1181 J0.
N10855 X1.2992 Z-0.3543 I0.1181 J0.
N10860 X1.063 Z-0.3346 I-0.1181 J0.
N10865 X1.2992 Z-0.315 I0.1181 J0.
N10870 X1.063 Z-0.2953 I-0.1181 J0.
N10875 X1.2992 Z-0.2756 I0.1181 J0.
N10880 X1.063 Z-0.2559 I-0.1181 J0.
N10885 X1.2992 Z-0.2362 I0.1181 J0.
N10890 X1.063 Z-0.2165 I-0.1181 J0.
N10895 X1.2992 Z-0.1969 I0.1181 J0.
N10900 X1.063 Z-0.1772 I-0.1181 J0.
N10905 X1.2992 Z-0.1575 I0.1181 J0.
N10910 X1.063 Z-0.1378 I-0.1181 J0.
N10915 X1.2992 Z-0.1181 I0.1181 J0.
N10920 X1.063 Z-0.0984 I-0.1181 J0.
N10925 X1.2992 Z-0.0787 I0.1181 J0.
N10930 X1.063 Z-0.0591 I-0.1181 J0.
N10935 X1.2992 Z-0.0394 I0.1181 J0.
N10940 X1.2767 Y3.6127 Z-0.0354 I-0.1181 J0.
N10945 X1.1282 Y3.6362 Z-0.0266 I-0.086 J-0.0625
N10950 G1 G40 X1.1811 Y3.5433
N10955 Z0.1969
N10960 X0.3937
N10965 Z-0.5211
N10970 Z-0.5998
N10975 G41 X0.3996 Y3.4429 D14
N10980 G3 X0.5 Y3.5433 Z-0.5906 I0. J0.1004
N10985 X0.2874 Z-0.5709 I-0.1063 J0.
N10990 X0.5 Z-0.5512 I0.1063 J0.
N10995 X0.2874 Z-0.5315 I-0.1063 J0.
N11000 X0.5 Z-0.5118 I0.1063 J0.
N11005 X0.2874 Z-0.4921 I-0.1063 J0.
N11010 X0.5 Z-0.4724 I0.1063 J0.
N11015 X0.2874 Z-0.4528 I-0.1063 J0.
N11020 X0.5 Z-0.4331 I0.1063 J0.
N11025 X0.2874 Z-0.4134 I-0.1063 J0.
N11030 X0.5 Z-0.3937 I0.1063 J0.
N11035 X0.2874 Z-0.374 I-0.1063 J0.
N11040 X0.5 Z-0.3543 I0.1063 J0.
N11045 X0.2874 Z-0.3346 I-0.1063 J0.
N11050 X0.5 Z-0.315 I0.1063 J0.
N11055 X0.2874 Z-0.2953 I-0.1063 J0.
N11060 X0.5 Z-0.2756 I0.1063 J0.
N11065 X0.2874 Z-0.2559 I-0.1063 J0.
N11070 X0.5 Z-0.2362 I0.1063 J0.
N11075 X0.2874 Z-0.2165 I-0.1063 J0.
N11080 X0.5 Z-0.1969 I0.1063 J0.
N11085 X0.2874 Z-0.1772 I-0.1063 J0.
N11090 X0.5 Z-0.1575 I0.1063 J0.
N11095 X0.2874 Z-0.1378 I-0.1063 J0.
N11100 X0.5 Z-0.1181 I0.1063 J0.
N11105 X0.2874 Z-0.0984 I-0.1063 J0.
N11110 X0.5 Z-0.0787 I0.1063 J0.
N11115 X0.2874 Z-0.0591 I-0.1063 J0.
N11120 X0.5 Z-0.0394 I0.1063 J0.
N11125 X0.4797 Y3.6058 Z-0.0354 I-0.1063 J0.
N11130 X0.3395 Y3.628 Z-0.0261 I-0.0812 J-0.059
N11135 G1 G40 X0.3937 Y3.5433
N11140 Z0.1969
N11145 Z-0.5209
N11150 Z-0.5996
N11155 G41 X0.4026 Y3.44 D14
N11160 G3 X0.5059 Y3.5433 Z-0.5906 I0. J0.1033
N11165 X0.2815 Z-0.5709 I-0.1122 J0.
N11170 X0.5059 Z-0.5512 I0.1122 J0.
N11175 X0.2815 Z-0.5315 I-0.1122 J0.
N11180 X0.5059 Z-0.5118 I0.1122 J0.
N11185 X0.2815 Z-0.4921 I-0.1122 J0.
N11190 X0.5059 Z-0.4724 I0.1122 J0.
N11195 X0.2815 Z-0.4528 I-0.1122 J0.
N11200 X0.5059 Z-0.4331 I0.1122 J0.
N11205 X0.2815 Z-0.4134 I-0.1122 J0.
N11210 X0.5059 Z-0.3937 I0.1122 J0.
N11215 X0.2815 Z-0.374 I-0.1122 J0.
N11220 X0.5059 Z-0.3543 I0.1122 J0.
N11225 X0.2815 Z-0.3346 I-0.1122 J0.
N11230 X0.5059 Z-0.315 I0.1122 J0.
N11235 X0.2815 Z-0.2953 I-0.1122 J0.
N11240 X0.5059 Z-0.2756 I0.1122 J0.
N11245 X0.2815 Z-0.2559 I-0.1122 J0.
N11250 X0.5059 Z-0.2362 I0.1122 J0.
N11255 X0.2815 Z-0.2165 I-0.1122 J0.
N11260 X0.5059 Z-0.1969 I0.1122 J0.
N11265 X0.2815 Z-0.1772 I-0.1122 J0.
N11270 X0.5059 Z-0.1575 I0.1122 J0.
N11275 X0.2815 Z-0.1378 I-0.1122 J0.
N11280 X0.5059 Z-0.1181 I0.1122 J0.
N11285 X0.2815 Z-0.0984 I-0.1122 J0.
N11290 X0.5059 Z-0.0787 I0.1122 J0.
N11295 X0.2815 Z-0.0591 I-0.1122 J0.
N11300 X0.5059 Z-0.0394 I0.1122 J0.
N11305 X0.4845 Y3.6093 Z-0.0354 I-0.1122 J0.
N11310 X0.3401 Y3.6321 Z-0.0264 I-0.0836 J-0.0607
N11315 G1 G40 X0.3937 Y3.5433
N11320 Z0.1969
N11325 Z-0.5207
N11330 Z-0.5994
N11335 G41 X0.4055 Y3.437 D14
N11340 G3 X0.5118 Y3.5433 Z-0.5906 I0. J0.1063
N11345 X0.2756 Z-0.5709 I-0.1181 J0.
N11350 X0.5118 Z-0.5512 I0.1181 J0.
N11355 X0.2756 Z-0.5315 I-0.1181 J0.
N11360 X0.5118 Z-0.5118 I0.1181 J0.
N11365 X0.2756 Z-0.4921 I-0.1181 J0.
N11370 X0.5118 Z-0.4724 I0.1181 J0.
N11375 X0.2756 Z-0.4528 I-0.1181 J0.
N11380 X0.5118 Z-0.4331 I0.1181 J0.
N11385 X0.2756 Z-0.4134 I-0.1181 J0.
N11390 X0.5118 Z-0.3937 I0.1181 J0.
N11395 X0.2756 Z-0.374 I-0.1181 J0.
N11400 X0.5118 Z-0.3543 I0.1181 J0.
N11405 X0.2756 Z-0.3346 I-0.1181 J0.
N11410 X0.5118 Z-0.315 I0.1181 J0.
N11415 X0.2756 Z-0.2953 I-0.1181 J0.
N11420 X0.5118 Z-0.2756 I0.1181 J0.
N11425 X0.2756 Z-0.2559 I-0.1181 J0.
N11430 X0.5118 Z-0.2362 I0.1181 J0.
N11435 X0.2756 Z-0.2165 I-0.1181 J0.
N11440 X0.5118 Z-0.1969 I0.1181 J0.
N11445 X0.2756 Z-0.1772 I-0.1181 J0.
N11450 X0.5118 Z-0.1575 I0.1181 J0.
N11455 X0.2756 Z-0.1378 I-0.1181 J0.
N11460 X0.5118 Z-0.1181 I0.1181 J0.
N11465 X0.2756 Z-0.0984 I-0.1181 J0.
N11470 X0.5118 Z-0.0787 I0.1181 J0.
N11475 X0.2756 Z-0.0591 I-0.1181 J0.
N11480 X0.5118 Z-0.0394 I0.1181 J0.
N11485 X0.4893 Y3.6127 Z-0.0354 I-0.1181 J0.
N11490 X0.3408 Y3.6362 Z-0.0266 I-0.086 J-0.0625
N11495 G1 G40 X0.3937 Y3.5433
N11500 Z0.1969
N11505 X-0.3937
N11510 Z-0.5211
N11515 Z-0.5998
N11520 G41 X-0.3878 Y3.4429 D14
N11525 G3 X-0.2874 Y3.5433 Z-0.5906 I0. J0.1004
N11530 X-0.5 Z-0.5709 I-0.1063 J0.
N11535 X-0.2874 Z-0.5512 I0.1063 J0.
N11540 X-0.5 Z-0.5315 I-0.1063 J0.
N11545 X-0.2874 Z-0.5118 I0.1063 J0.
N11550 X-0.5 Z-0.4921 I-0.1063 J0.
N11555 X-0.2874 Z-0.4724 I0.1063 J0.
N11560 X-0.5 Z-0.4528 I-0.1063 J0.
N11565 X-0.2874 Z-0.4331 I0.1063 J0.
N11570 X-0.5 Z-0.4134 I-0.1063 J0.
N11575 X-0.2874 Z-0.3937 I0.1063 J0.
N11580 X-0.5 Z-0.374 I-0.1063 J0.
N11585 X-0.2874 Z-0.3543 I0.1063 J0.
N11590 X-0.5 Z-0.3346 I-0.1063 J0.
N11595 X-0.2874 Z-0.315 I0.1063 J0.
N11600 X-0.5 Z-0.2953 I-0.1063 J0.
N11605 X-0.2874 Z-0.2756 I0.1063 J0.
N11610 X-0.5 Z-0.2559 I-0.1063 J0.
N11615 X-0.2874 Z-0.2362 I0.1063 J0.
N11620 X-0.5 Z-0.2165 I-0.1063 J0.
N11625 X-0.2874 Z-0.1969 I0.1063 J0.
N11630 X-0.5 Z-0.1772 I-0.1063 J0.
N11635 X-0.2874 Z-0.1575 I0.1063 J0.
N11640 X-0.5 Z-0.1378 I-0.1063 J0.
N11645 X-0.2874 Z-0.1181 I0.1063 J0.
N11650 X-0.5 Z-0.0984 I-0.1063 J0.
N11655 X-0.2874 Z-0.0787 I0.1063 J0.
N11660 X-0.5 Z-0.0591 I-0.1063 J0.
N11665 X-0.2874 Z-0.0394 I0.1063 J0.
N11670 X-0.3077 Y3.6058 Z-0.0354 I-0.1063 J0.
N11675 X-0.4479 Y3.628 Z-0.0261 I-0.0812 J-0.059
N11680 G1 G40 X-0.3937 Y3.5433
N11685 Z0.1969
N11690 Z-0.5209
N11695 Z-0.5996
N11700 G41 X-0.3848 Y3.44 D14
N11705 G3 X-0.2815 Y3.5433 Z-0.5906 I0. J0.1033
N11710 X-0.5059 Z-0.5709 I-0.1122 J0.
N11715 X-0.2815 Z-0.5512 I0.1122 J0.
N11720 X-0.5059 Z-0.5315 I-0.1122 J0.
N11725 X-0.2815 Z-0.5118 I0.1122 J0.
N11730 X-0.5059 Z-0.4921 I-0.1122 J0.
N11735 X-0.2815 Z-0.4724 I0.1122 J0.
N11740 X-0.5059 Z-0.4528 I-0.1122 J0.
N11745 X-0.2815 Z-0.4331 I0.1122 J0.
N11750 X-0.5059 Z-0.4134 I-0.1122 J0.
N11755 X-0.2815 Z-0.3937 I0.1122 J0.
N11760 X-0.5059 Z-0.374 I-0.1122 J0.
N11765 X-0.2815 Z-0.3543 I0.1122 J0.
N11770 X-0.5059 Z-0.3346 I-0.1122 J0.
N11775 X-0.2815 Z-0.315 I0.1122 J0.
N11780 X-0.5059 Z-0.2953 I-0.1122 J0.
N11785 X-0.2815 Z-0.2756 I0.1122 J0.
N11790 X-0.5059 Z-0.2559 I-0.1122 J0.
N11795 X-0.2815 Z-0.2362 I0.1122 J0.
N11800 X-0.5059 Z-0.2165 I-0.1122 J0.
N11805 X-0.2815 Z-0.1969 I0.1122 J0.
N11810 X-0.5059 Z-0.1772 I-0.1122 J0.
N11815 X-0.2815 Z-0.1575 I0.1122 J0.
N11820 X-0.5059 Z-0.1378 I-0.1122 J0.
N11825 X-0.2815 Z-0.1181 I0.1122 J0.
N11830 X-0.5059 Z-0.0984 I-0.1122 J0.
N11835 X-0.2815 Z-0.0787 I0.1122 J0.
N11840 X-0.5059 Z-0.0591 I-0.1122 J0.
N11845 X-0.2815 Z-0.0394 I0.1122 J0.
N11850 X-0.3029 Y3.6093 Z-0.0354 I-0.1122 J0.
N11855 X-0.4473 Y3.6321 Z-0.0264 I-0.0836 J-0.0607
N11860 G1 G40 X-0.3937 Y3.5433
N11865 Z0.1969
N11870 Z-0.5207
N11875 Z-0.5994
N11880 G41 X-0.3819 Y3.437 D14
N11885 G3 X-0.2756 Y3.5433 Z-0.5906 I0. J0.1063
N11890 X-0.5118 Z-0.5709 I-0.1181 J0.
N11895 X-0.2756 Z-0.5512 I0.1181 J0.
N11900 X-0.5118 Z-0.5315 I-0.1181 J0.
N11905 X-0.2756 Z-0.5118 I0.1181 J0.
N11910 X-0.5118 Z-0.4921 I-0.1181 J0.
N11915 X-0.2756 Z-0.4724 I0.1181 J0.
N11920 X-0.5118 Z-0.4528 I-0.1181 J0.
N11925 X-0.2756 Z-0.4331 I0.1181 J0.
N11930 X-0.5118 Z-0.4134 I-0.1181 J0.
N11935 X-0.2756 Z-0.3937 I0.1181 J0.
N11940 X-0.5118 Z-0.374 I-0.1181 J0.
N11945 X-0.2756 Z-0.3543 I0.1181 J0.
N11950 X-0.5118 Z-0.3346 I-0.1181 J0.
N11955 X-0.2756 Z-0.315 I0.1181 J0.
N11960 X-0.5118 Z-0.2953 I-0.1181 J0.
N11965 X-0.2756 Z-0.2756 I0.1181 J0.
N11970 X-0.5118 Z-0.2559 I-0.1181 J0.
N11975 X-0.2756 Z-0.2362 I0.1181 J0.
N11980 X-0.5118 Z-0.2165 I-0.1181 J0.
N11985 X-0.2756 Z-0.1969 I0.1181 J0.
N11990 X-0.5118 Z-0.1772 I-0.1181 J0.
N11995 X-0.2756 Z-0.1575 I0.1181 J0.
N12000 X-0.5118 Z-0.1378 I-0.1181 J0.
N12005 X-0.2756 Z-0.1181 I0.1181 J0.
N12010 X-0.5118 Z-0.0984 I-0.1181 J0.
N12015 X-0.2756 Z-0.0787 I0.1181 J0.
N12020 X-0.5118 Z-0.0591 I-0.1181 J0.
N12025 X-0.2756 Z-0.0394 I0.1181 J0.
N12030 X-0.2981 Y3.6127 Z-0.0354 I-0.1181 J0.
N12035 X-0.4466 Y3.6362 Z-0.0266 I-0.086 J-0.0625
N12040 G1 G40 X-0.3937 Y3.5433
N12045 Z0.1969
N12050 X-1.1811
N12055 Z-0.5211
N12060 Z-0.5998
N12065 G41 X-1.1752 Y3.4429 D14
N12070 G3 X-1.0748 Y3.5433 Z-0.5906 I0. J0.1004
N12075 X-1.2874 Z-0.5709 I-0.1063 J0.
N12080 X-1.0748 Z-0.5512 I0.1063 J0.
N12085 X-1.2874 Z-0.5315 I-0.1063 J0.
N12090 X-1.0748 Z-0.5118 I0.1063 J0.
N12095 X-1.2874 Z-0.4921 I-0.1063 J0.
N12100 X-1.0748 Z-0.4724 I0.1063 J0.
N12105 X-1.2874 Z-0.4528 I-0.1063 J0.
N12110 X-1.0748 Z-0.4331 I0.1063 J0.
N12115 X-1.2874 Z-0.4134 I-0.1063 J0.
N12120 X-1.0748 Z-0.3937 I0.1063 J0.
N12125 X-1.2874 Z-0.374 I-0.1063 J0.
N12130 X-1.0748 Z-0.3543 I0.1063 J0.
N12135 X-1.2874 Z-0.3346 I-0.1063 J0.
N12140 X-1.0748 Z-0.315 I0.1063 J0.
N12145 X-1.2874 Z-0.2953 I-0.1063 J0.
N12150 X-1.0748 Z-0.2756 I0.1063 J0.
N12155 X-1.2874 Z-0.2559 I-0.1063 J0.
N12160 X-1.0748 Z-0.2362 I0.1063 J0.
N12165 X-1.2874 Z-0.2165 I-0.1063 J0.
N12170 X-1.0748 Z-0.1969 I0.1063 J0.
N12175 X-1.2874 Z-0.1772 I-0.1063 J0.
N12180 X-1.0748 Z-0.1575 I0.1063 J0.
N12185 X-1.2874 Z-0.1378 I-0.1063 J0.
N12190 X-1.0748 Z-0.1181 I0.1063 J0.
N12195 X-1.2874 Z-0.0984 I-0.1063 J0.
N12200 X-1.0748 Z-0.0787 I0.1063 J0.
N12205 X-1.2874 Z-0.0591 I-0.1063 J0.
N12210 X-1.0748 Z-0.0394 I0.1063 J0.
N12215 X-1.0951 Y3.6058 Z-0.0354 I-0.1063 J0.
N12220 X-1.2353 Y3.628 Z-0.0261 I-0.0812 J-0.059
N12225 G1 G40 X-1.1811 Y3.5433
N12230 Z0.1969
N12235 Z-0.5209
N12240 Z-0.5996
N12245 G41 X-1.1722 Y3.44 D14
N12250 G3 X-1.0689 Y3.5433 Z-0.5906 I0. J0.1033
N12255 X-1.2933 Z-0.5709 I-0.1122 J0.
N12260 X-1.0689 Z-0.5512 I0.1122 J0.
N12265 X-1.2933 Z-0.5315 I-0.1122 J0.
N12270 X-1.0689 Z-0.5118 I0.1122 J0.
N12275 X-1.2933 Z-0.4921 I-0.1122 J0.
N12280 X-1.0689 Z-0.4724 I0.1122 J0.
N12285 X-1.2933 Z-0.4528 I-0.1122 J0.
N12290 X-1.0689 Z-0.4331 I0.1122 J0.
N12295 X-1.2933 Z-0.4134 I-0.1122 J0.
N12300 X-1.0689 Z-0.3937 I0.1122 J0.
N12305 X-1.2933 Z-0.374 I-0.1122 J0.
N12310 X-1.0689 Z-0.3543 I0.1122 J0.
N12315 X-1.2933 Z-0.3346 I-0.1122 J0.
N12320 X-1.0689 Z-0.315 I0.1122 J0.
N12325 X-1.2933 Z-0.2953 I-0.1122 J0.
N12330 X-1.0689 Z-0.2756 I0.1122 J0.
N12335 X-1.2933 Z-0.2559 I-0.1122 J0.
N12340 X-1.0689 Z-0.2362 I0.1122 J0.
N12345 X-1.2933 Z-0.2165 I-0.1122 J0.
N12350 X-1.0689 Z-0.1969 I0.1122 J0.
N12355 X-1.2933 Z-0.1772 I-0.1122 J0.
N12360 X-1.0689 Z-0.1575 I0.1122 J0.
N12365 X-1.2933 Z-0.1378 I-0.1122 J0.
N12370 X-1.0689 Z-0.1181 I0.1122 J0.
N12375 X-1.2933 Z-0.0984 I-0.1122 J0.
N12380 X-1.0689 Z-0.0787 I0.1122 J0.
N12385 X-1.2933 Z-0.0591 I-0.1122 J0.
N12390 X-1.0689 Z-0.0394 I0.1122 J0.
N12395 X-1.0903 Y3.6093 Z-0.0354 I-0.1122 J0.
N12400 X-1.2347 Y3.6321 Z-0.0264 I-0.0836 J-0.0607
N12405 G1 G40 X-1.1811 Y3.5433
N12410 Z0.1969
N12415 Z-0.5207
N12420 Z-0.5994
N12425 G41 X-1.1693 Y3.437 D14
N12430 G3 X-1.063 Y3.5433 Z-0.5906 I0. J0.1063
N12435 X-1.2992 Z-0.5709 I-0.1181 J0.
N12440 X-1.063 Z-0.5512 I0.1181 J0.
N12445 X-1.2992 Z-0.5315 I-0.1181 J0.
N12450 X-1.063 Z-0.5118 I0.1181 J0.
N12455 X-1.2992 Z-0.4921 I-0.1181 J0.
N12460 X-1.063 Z-0.4724 I0.1181 J0.
N12465 X-1.2992 Z-0.4528 I-0.1181 J0.
N12470 X-1.063 Z-0.4331 I0.1181 J0.
N12475 X-1.2992 Z-0.4134 I-0.1181 J0.
N12480 X-1.063 Z-0.3937 I0.1181 J0.
N12485 X-1.2992 Z-0.374 I-0.1181 J0.
N12490 X-1.063 Z-0.3543 I0.1181 J0.
N12495 X-1.2992 Z-0.3346 I-0.1181 J0.
N12500 X-1.063 Z-0.315 I0.1181 J0.
N12505 X-1.2992 Z-0.2953 I-0.1181 J0.
N12510 X-1.063 Z-0.2756 I0.1181 J0.
N12515 X-1.2992 Z-0.2559 I-0.1181 J0.
N12520 X-1.063 Z-0.2362 I0.1181 J0.
N12525 X-1.2992 Z-0.2165 I-0.1181 J0.
N12530 X-1.063 Z-0.1969 I0.1181 J0.
N12535 X-1.2992 Z-0.1772 I-0.1181 J0.
N12540 X-1.063 Z-0.1575 I0.1181 J0.
N12545 X-1.2992 Z-0.1378 I-0.1181 J0.
N12550 X-1.063 Z-0.1181 I0.1181 J0.
N12555 X-1.2992 Z-0.0984 I-0.1181 J0.
N12560 X-1.063 Z-0.0787 I0.1181 J0.
N12565 X-1.2992 Z-0.0591 I-0.1181 J0.
N12570 X-1.063 Z-0.0394 I0.1181 J0.
N12575 X-1.0855 Y3.6127 Z-0.0354 I-0.1181 J0.
N12580 X-1.234 Y3.6362 Z-0.0266 I-0.086 J-0.0625
N12585 G1 G40 X-1.1811 Y3.5433
N12590 Z0.1969
N12595 X-1.9685
N12600 Z-0.5211
N12605 Z-0.5998
N12610 G41 X-1.9626 Y3.4429 D14
N12615 G3 X-1.8622 Y3.5433 Z-0.5906 I0. J0.1004
N12620 X-2.0748 Z-0.5709 I-0.1063 J0.
N12625 X-1.8622 Z-0.5512 I0.1063 J0.
N12630 X-2.0748 Z-0.5315 I-0.1063 J0.
N12635 X-1.8622 Z-0.5118 I0.1063 J0.
N12640 X-2.0748 Z-0.4921 I-0.1063 J0.
N12645 X-1.8622 Z-0.4724 I0.1063 J0.
N12650 X-2.0748 Z-0.4528 I-0.1063 J0.
N12655 X-1.8622 Z-0.4331 I0.1063 J0.
N12660 X-2.0748 Z-0.4134 I-0.1063 J0.
N12665 X-1.8622 Z-0.3937 I0.1063 J0.
N12670 X-2.0748 Z-0.374 I-0.1063 J0.
N12675 X-1.8622 Z-0.3543 I0.1063 J0.
N12680 X-2.0748 Z-0.3346 I-0.1063 J0.
N12685 X-1.8622 Z-0.315 I0.1063 J0.
N12690 X-2.0748 Z-0.2953 I-0.1063 J0.
N12695 X-1.8622 Z-0.2756 I0.1063 J0.
N12700 X-2.0748 Z-0.2559 I-0.1063 J0.
N12705 X-1.8622 Z-0.2362 I0.1063 J0.
N12710 X-2.0748 Z-0.2165 I-0.1063 J0.
N12715 X-1.8622 Z-0.1969 I0.1063 J0.
N12720 X-2.0748 Z-0.1772 I-0.1063 J0.
N12725 X-1.8622 Z-0.1575 I0.1063 J0.
N12730 X-2.0748 Z-0.1378 I-0.1063 J0.
N12735 X-1.8622 Z-0.1181 I0.1063 J0.
N12740 X-2.0748 Z-0.0984 I-0.1063 J0.
N12745 X-1.8622 Z-0.0787 I0.1063 J0.
N12750 X-2.0748 Z-0.0591 I-0.1063 J0.
N12755 X-1.8622 Z-0.0394 I0.1063 J0.
N12760 X-1.8825 Y3.6058 Z-0.0354 I-0.1063 J0.
N12765 X-2.0227 Y3.628 Z-0.0261 I-0.0812 J-0.059
N12770 G1 G40 X-1.9685 Y3.5433
N12775 Z0.1969
N12780 Z-0.5209
N12785 Z-0.5996
N12790 G41 X-1.9596 Y3.44 D14
N12795 G3 X-1.8563 Y3.5433 Z-0.5906 I0. J0.1033
N12800 X-2.0807 Z-0.5709 I-0.1122 J0.
N12805 X-1.8563 Z-0.5512 I0.1122 J0.
N12810 X-2.0807 Z-0.5315 I-0.1122 J0.
N12815 X-1.8563 Z-0.5118 I0.1122 J0.
N12820 X-2.0807 Z-0.4921 I-0.1122 J0.
N12825 X-1.8563 Z-0.4724 I0.1122 J0.
N12830 X-2.0807 Z-0.4528 I-0.1122 J0.
N12835 X-1.8563 Z-0.4331 I0.1122 J0.
N12840 X-2.0807 Z-0.4134 I-0.1122 J0.
N12845 X-1.8563 Z-0.3937 I0.1122 J0.
N12850 X-2.0807 Z-0.374 I-0.1122 J0.
N12855 X-1.8563 Z-0.3543 I0.1122 J0.
N12860 X-2.0807 Z-0.3346 I-0.1122 J0.
N12865 X-1.8563 Z-0.315 I0.1122 J0.
N12870 X-2.0807 Z-0.2953 I-0.1122 J0.
N12875 X-1.8563 Z-0.2756 I0.1122 J0.
N12880 X-2.0807 Z-0.2559 I-0.1122 J0.
N12885 X-1.8563 Z-0.2362 I0.1122 J0.
N12890 X-2.0807 Z-0.2165 I-0.1122 J0.
N12895 X-1.8563 Z-0.1969 I0.1122 J0.
N12900 X-2.0807 Z-0.1772 I-0.1122 J0.
N12905 X-1.8563 Z-0.1575 I0.1122 J0.
N12910 X-2.0807 Z-0.1378 I-0.1122 J0.
N12915 X-1.8563 Z-0.1181 I0.1122 J0.
N12920 X-2.0807 Z-0.0984 I-0.1122 J0.
N12925 X-1.8563 Z-0.0787 I0.1122 J0.
N12930 X-2.0807 Z-0.0591 I-0.1122 J0.
N12935 X-1.8563 Z-0.0394 I0.1122 J0.
N12940 X-1.8777 Y3.6093 Z-0.0354 I-0.1122 J0.
N12945 X-2.0221 Y3.6321 Z-0.0264 I-0.0836 J-0.0607
N12950 G1 G40 X-1.9685 Y3.5433
N12955 Z0.1969
N12960 Z-0.5207
N12965 Z-0.5994
N12970 G41 X-1.9567 Y3.437 D14
N12975 G3 X-1.8504 Y3.5433 Z-0.5906 I0. J0.1063
N12980 X-2.0866 Z-0.5709 I-0.1181 J0.
N12985 X-1.8504 Z-0.5512 I0.1181 J0.
N12990 X-2.0866 Z-0.5315 I-0.1181 J0.
N12995 X-1.8504 Z-0.5118 I0.1181 J0.
N13000 X-2.0866 Z-0.4921 I-0.1181 J0.
N13005 X-1.8504 Z-0.4724 I0.1181 J0.
N13010 X-2.0866 Z-0.4528 I-0.1181 J0.
N13015 X-1.8504 Z-0.4331 I0.1181 J0.
N13020 X-2.0866 Z-0.4134 I-0.1181 J0.
N13025 X-1.8504 Z-0.3937 I0.1181 J0.
N13030 X-2.0866 Z-0.374 I-0.1181 J0.
N13035 X-1.8504 Z-0.3543 I0.1181 J0.
N13040 X-2.0866 Z-0.3346 I-0.1181 J0.
N13045 X-1.8504 Z-0.315 I0.1181 J0.
N13050 X-2.0866 Z-0.2953 I-0.1181 J0.
N13055 X-1.8504 Z-0.2756 I0.1181 J0.
N13060 X-2.0866 Z-0.2559 I-0.1181 J0.
N13065 X-1.8504 Z-0.2362 I0.1181 J0.
N13070 X-2.0866 Z-0.2165 I-0.1181 J0.
N13075 X-1.8504 Z-0.1969 I0.1181 J0.
N13080 X-2.0866 Z-0.1772 I-0.1181 J0.
N13085 X-1.8504 Z-0.1575 I0.1181 J0.
N13090 X-2.0866 Z-0.1378 I-0.1181 J0.
N13095 X-1.8504 Z-0.1181 I0.1181 J0.
N13100 X-2.0866 Z-0.0984 I-0.1181 J0.
N13105 X-1.8504 Z-0.0787 I0.1181 J0.
N13110 X-2.0866 Z-0.0591 I-0.1181 J0.
N13115 X-1.8504 Z-0.0394 I0.1181 J0.
N13120 X-1.873 Y3.6127 Z-0.0354 I-0.1181 J0.
N13125 X-2.0214 Y3.6362 Z-0.0266 I-0.086 J-0.0625
N13130 G1 G40 X-1.9685 Y3.5433
N13135 Z0.1969
N13140 X-2.7559
N13145 Z-0.5211
N13150 Z-0.5998
N13155 G41 X-2.75 Y3.4429 D14
N13160 G3 X-2.6496 Y3.5433 Z-0.5906 I0. J0.1004
N13165 X-2.8622 Z-0.5709 I-0.1063 J0.
N13170 X-2.6496 Z-0.5512 I0.1063 J0.
N13175 X-2.8622 Z-0.5315 I-0.1063 J0.
N13180 X-2.6496 Z-0.5118 I0.1063 J0.
N13185 X-2.8622 Z-0.4921 I-0.1063 J0.
N13190 X-2.6496 Z-0.4724 I0.1063 J0.
N13195 X-2.8622 Z-0.4528 I-0.1063 J0.
N13200 X-2.6496 Z-0.4331 I0.1063 J0.
N13205 X-2.8622 Z-0.4134 I-0.1063 J0.
N13210 X-2.6496 Z-0.3937 I0.1063 J0.
N13215 X-2.8622 Z-0.374 I-0.1063 J0.
N13220 X-2.6496 Z-0.3543 I0.1063 J0.
N13225 X-2.8622 Z-0.3346 I-0.1063 J0.
N13230 X-2.6496 Z-0.315 I0.1063 J0.
N13235 X-2.8622 Z-0.2953 I-0.1063 J0.
N13240 X-2.6496 Z-0.2756 I0.1063 J0.
N13245 X-2.8622 Z-0.2559 I-0.1063 J0.
N13250 X-2.6496 Z-0.2362 I0.1063 J0.
N13255 X-2.8622 Z-0.2165 I-0.1063 J0.
N13260 X-2.6496 Z-0.1969 I0.1063 J0.
N13265 X-2.8622 Z-0.1772 I-0.1063 J0.
N13270 X-2.6496 Z-0.1575 I0.1063 J0.
N13275 X-2.8622 Z-0.1378 I-0.1063 J0.
N13280 X-2.6496 Z-0.1181 I0.1063 J0.
N13285 X-2.8622 Z-0.0984 I-0.1063 J0.
N13290 X-2.6496 Z-0.0787 I0.1063 J0.
N13295 X-2.8622 Z-0.0591 I-0.1063 J0.
N13300 X-2.6496 Z-0.0394 I0.1063 J0.
N13305 X-2.6699 Y3.6058 Z-0.0354 I-0.1063 J0.
N13310 X-2.8101 Y3.628 Z-0.0261 I-0.0812 J-0.059
N13315 G1 G40 X-2.7559 Y3.5433
N13320 Z0.1969
N13325 Z-0.5209
N13330 Z-0.5996
N13335 G41 X-2.747 Y3.44 D14
N13340 G3 X-2.6437 Y3.5433 Z-0.5906 I0. J0.1033
N13345 X-2.8681 Z-0.5709 I-0.1122 J0.
N13350 X-2.6437 Z-0.5512 I0.1122 J0.
N13355 X-2.8681 Z-0.5315 I-0.1122 J0.
N13360 X-2.6437 Z-0.5118 I0.1122 J0.
N13365 X-2.8681 Z-0.4921 I-0.1122 J0.
N13370 X-2.6437 Z-0.4724 I0.1122 J0.
N13375 X-2.8681 Z-0.4528 I-0.1122 J0.
N13380 X-2.6437 Z-0.4331 I0.1122 J0.
N13385 X-2.8681 Z-0.4134 I-0.1122 J0.
N13390 X-2.6437 Z-0.3937 I0.1122 J0.
N13395 X-2.8681 Z-0.374 I-0.1122 J0.
N13400 X-2.6437 Z-0.3543 I0.1122 J0.
N13405 X-2.8681 Z-0.3346 I-0.1122 J0.
N13410 X-2.6437 Z-0.315 I0.1122 J0.
N13415 X-2.8681 Z-0.2953 I-0.1122 J0.
N13420 X-2.6437 Z-0.2756 I0.1122 J0.
N13425 X-2.8681 Z-0.2559 I-0.1122 J0.
N13430 X-2.6437 Z-0.2362 I0.1122 J0.
N13435 X-2.8681 Z-0.2165 I-0.1122 J0.
N13440 X-2.6437 Z-0.1969 I0.1122 J0.
N13445 X-2.8681 Z-0.1772 I-0.1122 J0.
N13450 X-2.6437 Z-0.1575 I0.1122 J0.
N13455 X-2.8681 Z-0.1378 I-0.1122 J0.
N13460 X-2.6437 Z-0.1181 I0.1122 J0.
N13465 X-2.8681 Z-0.0984 I-0.1122 J0.
N13470 X-2.6437 Z-0.0787 I0.1122 J0.
N13475 X-2.8681 Z-0.0591 I-0.1122 J0.
N13480 X-2.6437 Z-0.0394 I0.1122 J0.
N13485 X-2.6651 Y3.6093 Z-0.0354 I-0.1122 J0.
N13490 X-2.8095 Y3.6321 Z-0.0264 I-0.0836 J-0.0607
N13495 G1 G40 X-2.7559 Y3.5433
N13500 Z0.1969
N13505 Z-0.5207
N13510 Z-0.5994
N13515 G41 X-2.7441 Y3.437 D14
N13520 G3 X-2.6378 Y3.5433 Z-0.5906 I0. J0.1063
N13525 X-2.874 Z-0.5709 I-0.1181 J0.
N13530 X-2.6378 Z-0.5512 I0.1181 J0.
N13535 X-2.874 Z-0.5315 I-0.1181 J0.
N13540 X-2.6378 Z-0.5118 I0.1181 J0.
N13545 X-2.874 Z-0.4921 I-0.1181 J0.
N13550 X-2.6378 Z-0.4724 I0.1181 J0.
N13555 X-2.874 Z-0.4528 I-0.1181 J0.
N13560 X-2.6378 Z-0.4331 I0.1181 J0.
N13565 X-2.874 Z-0.4134 I-0.1181 J0.
N13570 X-2.6378 Z-0.3937 I0.1181 J0.
N13575 X-2.874 Z-0.374 I-0.1181 J0.
N13580 X-2.6378 Z-0.3543 I0.1181 J0.
N13585 X-2.874 Z-0.3346 I-0.1181 J0.
N13590 X-2.6378 Z-0.315 I0.1181 J0.
N13595 X-2.874 Z-0.2953 I-0.1181 J0.
N13600 X-2.6378 Z-0.2756 I0.1181 J0.
N13605 X-2.874 Z-0.2559 I-0.1181 J0.
N13610 X-2.6378 Z-0.2362 I0.1181 J0.
N13615 X-2.874 Z-0.2165 I-0.1181 J0.
N13620 X-2.6378 Z-0.1969 I0.1181 J0.
N13625 X-2.874 Z-0.1772 I-0.1181 J0.
N13630 X-2.6378 Z-0.1575 I0.1181 J0.
N13635 X-2.874 Z-0.1378 I-0.1181 J0.
N13640 X-2.6378 Z-0.1181 I0.1181 J0.
N13645 X-2.874 Z-0.0984 I-0.1181 J0.
N13650 X-2.6378 Z-0.0787 I0.1181 J0.
N13655 X-2.874 Z-0.0591 I-0.1181 J0.
N13660 X-2.6378 Z-0.0394 I0.1181 J0.
N13665 X-2.6604 Y3.6127 Z-0.0354 I-0.1181 J0.
N13670 X-2.8088 Y3.6362 Z-0.0266 I-0.086 J-0.0625
N13675 G1 G40 X-2.7559 Y3.5433
N13680 Z0.1969
N13685 X-3.5433
N13690 Z-0.5211
N13695 Z-0.5998
N13700 G41 X-3.5374 Y3.4429 D14
N13705 G3 X-3.437 Y3.5433 Z-0.5906 I0. J0.1004
N13710 X-3.6496 Z-0.5709 I-0.1063 J0.
N13715 X-3.437 Z-0.5512 I0.1063 J0.
N13720 X-3.6496 Z-0.5315 I-0.1063 J0.
N13725 X-3.437 Z-0.5118 I0.1063 J0.
N13730 X-3.6496 Z-0.4921 I-0.1063 J0.
N13735 X-3.437 Z-0.4724 I0.1063 J0.
N13740 X-3.6496 Z-0.4528 I-0.1063 J0.
N13745 X-3.437 Z-0.4331 I0.1063 J0.
N13750 X-3.6496 Z-0.4134 I-0.1063 J0.
N13755 X-3.437 Z-0.3937 I0.1063 J0.
N13760 X-3.6496 Z-0.374 I-0.1063 J0.
N13765 X-3.437 Z-0.3543 I0.1063 J0.
N13770 X-3.6496 Z-0.3346 I-0.1063 J0.
N13775 X-3.437 Z-0.315 I0.1063 J0.
N13780 X-3.6496 Z-0.2953 I-0.1063 J0.
N13785 X-3.437 Z-0.2756 I0.1063 J0.
N13790 X-3.6496 Z-0.2559 I-0.1063 J0.
N13795 X-3.437 Z-0.2362 I0.1063 J0.
N13800 X-3.6496 Z-0.2165 I-0.1063 J0.
N13805 X-3.437 Z-0.1969 I0.1063 J0.
N13810 X-3.6496 Z-0.1772 I-0.1063 J0.
N13815 X-3.437 Z-0.1575 I0.1063 J0.
N13820 X-3.6496 Z-0.1378 I-0.1063 J0.
N13825 X-3.437 Z-0.1181 I0.1063 J0.
N13830 X-3.6496 Z-0.0984 I-0.1063 J0.
N13835 X-3.437 Z-0.0787 I0.1063 J0.
N13840 X-3.6496 Z-0.0591 I-0.1063 J0.
N13845 X-3.437 Z-0.0394 I0.1063 J0.
N13850 X-3.4573 Y3.6058 Z-0.0354 I-0.1063 J0.
N13855 X-3.5975 Y3.628 Z-0.0261 I-0.0812 J-0.059
N13860 G1 G40 X-3.5433 Y3.5433
N13865 Z0.1969
N13870 Z-0.5209
N13875 Z-0.5996
N13880 G41 X-3.5344 Y3.44 D14
N13885 G3 X-3.4311 Y3.5433 Z-0.5906 I0. J0.1033
N13890 X-3.6555 Z-0.5709 I-0.1122 J0.
N13895 X-3.4311 Z-0.5512 I0.1122 J0.
N13900 X-3.6555 Z-0.5315 I-0.1122 J0.
N13905 X-3.4311 Z-0.5118 I0.1122 J0.
N13910 X-3.6555 Z-0.4921 I-0.1122 J0.
N13915 X-3.4311 Z-0.4724 I0.1122 J0.
N13920 X-3.6555 Z-0.4528 I-0.1122 J0.
N13925 X-3.4311 Z-0.4331 I0.1122 J0.
N13930 X-3.6555 Z-0.4134 I-0.1122 J0.
N13935 X-3.4311 Z-0.3937 I0.1122 J0.
N13940 X-3.6555 Z-0.374 I-0.1122 J0.
N13945 X-3.4311 Z-0.3543 I0.1122 J0.
N13950 X-3.6555 Z-0.3346 I-0.1122 J0.
N13955 X-3.4311 Z-0.315 I0.1122 J0.
N13960 X-3.6555 Z-0.2953 I-0.1122 J0.
N13965 X-3.4311 Z-0.2756 I0.1122 J0.
N13970 X-3.6555 Z-0.2559 I-0.1122 J0.
N13975 X-3.4311 Z-0.2362 I0.1122 J0.
N13980 X-3.6555 Z-0.2165 I-0.1122 J0.
N13985 X-3.4311 Z-0.1969 I0.1122 J0.
N13990 X-3.6555 Z-0.1772 I-0.1122 J0.
N13995 X-3.4311 Z-0.1575 I0.1122 J0.
N14000 X-3.6555 Z-0.1378 I-0.1122 J0.
N14005 X-3.4311 Z-0.1181 I0.1122 J0.
N14010 X-3.6555 Z-0.0984 I-0.1122 J0.
N14015 X-3.4311 Z-0.0787 I0.1122 J0.
N14020 X-3.6555 Z-0.0591 I-0.1122 J0.
N14025 X-3.4311 Z-0.0394 I0.1122 J0.
N14030 X-3.4525 Y3.6093 Z-0.0354 I-0.1122 J0.
N14035 X-3.5969 Y3.6321 Z-0.0264 I-0.0836 J-0.0607
N14040 G1 G40 X-3.5433 Y3.5433
N14045 Z0.1969
N14050 Z-0.5207
N14055 Z-0.5994
N14060 G41 X-3.5315 Y3.437 D14
N14065 G3 X-3.4252 Y3.5433 Z-0.5906 I0. J0.1063
N14070 X-3.6614 Z-0.5709 I-0.1181 J0.
N14075 X-3.4252 Z-0.5512 I0.1181 J0.
N14080 X-3.6614 Z-0.5315 I-0.1181 J0.
N14085 X-3.4252 Z-0.5118 I0.1181 J0.
N14090 X-3.6614 Z-0.4921 I-0.1181 J0.
N14095 X-3.4252 Z-0.4724 I0.1181 J0.
N14100 X-3.6614 Z-0.4528 I-0.1181 J0.
N14105 X-3.4252 Z-0.4331 I0.1181 J0.
N14110 X-3.6614 Z-0.4134 I-0.1181 J0.
N14115 X-3.4252 Z-0.3937 I0.1181 J0.
N14120 X-3.6614 Z-0.374 I-0.1181 J0.
N14125 X-3.4252 Z-0.3543 I0.1181 J0.
N14130 X-3.6614 Z-0.3346 I-0.1181 J0.
N14135 X-3.4252 Z-0.315 I0.1181 J0.
N14140 X-3.6614 Z-0.2953 I-0.1181 J0.
N14145 X-3.4252 Z-0.2756 I0.1181 J0.
N14150 X-3.6614 Z-0.2559 I-0.1181 J0.
N14155 X-3.4252 Z-0.2362 I0.1181 J0.
N14160 X-3.6614 Z-0.2165 I-0.1181 J0.
N14165 X-3.4252 Z-0.1969 I0.1181 J0.
N14170 X-3.6614 Z-0.1772 I-0.1181 J0.
N14175 X-3.4252 Z-0.1575 I0.1181 J0.
N14180 X-3.6614 Z-0.1378 I-0.1181 J0.
N14185 X-3.4252 Z-0.1181 I0.1181 J0.
N14190 X-3.6614 Z-0.0984 I-0.1181 J0.
N14195 X-3.4252 Z-0.0787 I0.1181 J0.
N14200 X-3.6614 Z-0.0591 I-0.1181 J0.
N14205 X-3.4252 Z-0.0394 I0.1181 J0.
N14210 X-3.4478 Y3.6127 Z-0.0354 I-0.1181 J0.
N14215 X-3.5962 Y3.6362 Z-0.0266 I-0.086 J-0.0625
N14220 G1 G40 X-3.5433 Y3.5433
N14225 Z0.1969
N14230 X-4.3307
N14235 Z-0.5211
N14240 Z-0.5998
N14245 G41 X-4.3248 Y3.4429 D14
N14250 G3 X-4.2244 Y3.5433 Z-0.5906 I0. J0.1004
N14255 X-4.437 Z-0.5709 I-0.1063 J0.
N14260 X-4.2244 Z-0.5512 I0.1063 J0.
N14265 X-4.437 Z-0.5315 I-0.1063 J0.
N14270 X-4.2244 Z-0.5118 I0.1063 J0.
N14275 X-4.437 Z-0.4921 I-0.1063 J0.
N14280 X-4.2244 Z-0.4724 I0.1063 J0.
N14285 X-4.437 Z-0.4528 I-0.1063 J0.
N14290 X-4.2244 Z-0.4331 I0.1063 J0.
N14295 X-4.437 Z-0.4134 I-0.1063 J0.
N14300 X-4.2244 Z-0.3937 I0.1063 J0.
N14305 X-4.437 Z-0.374 I-0.1063 J0.
N14310 X-4.2244 Z-0.3543 I0.1063 J0.
N14315 X-4.437 Z-0.3346 I-0.1063 J0.
N14320 X-4.2244 Z-0.315 I0.1063 J0.
N14325 X-4.437 Z-0.2953 I-0.1063 J0.
N14330 X-4.2244 Z-0.2756 I0.1063 J0.
N14335 X-4.437 Z-0.2559 I-0.1063 J0.
N14340 X-4.2244 Z-0.2362 I0.1063 J0.
N14345 X-4.437 Z-0.2165 I-0.1063 J0.
N14350 X-4.2244 Z-0.1969 I0.1063 J0.
N14355 X-4.437 Z-0.1772 I-0.1063 J0.
N14360 X-4.2244 Z-0.1575 I0.1063 J0.
N14365 X-4.437 Z-0.1378 I-0.1063 J0.
N14370 X-4.2244 Z-0.1181 I0.1063 J0.
N14375 X-4.437 Z-0.0984 I-0.1063 J0.
N14380 X-4.2244 Z-0.0787 I0.1063 J0.
N14385 X-4.437 Z-0.0591 I-0.1063 J0.
N14390 X-4.2244 Z-0.0394 I0.1063 J0.
N14395 X-4.2447 Y3.6058 Z-0.0354 I-0.1063 J0.
N14400 X-4.3849 Y3.628 Z-0.0261 I-0.0812 J-0.059
N14405 G1 G40 X-4.3307 Y3.5433
N14410 Z0.1969
N14415 Z-0.5209
N14420 Z-0.5996
N14425 G41 X-4.3219 Y3.44 D14
N14430 G3 X-4.2185 Y3.5433 Z-0.5906 I0. J0.1033
N14435 X-4.4429 Z-0.5709 I-0.1122 J0.
N14440 X-4.2185 Z-0.5512 I0.1122 J0.
N14445 X-4.4429 Z-0.5315 I-0.1122 J0.
N14450 X-4.2185 Z-0.5118 I0.1122 J0.
N14455 X-4.4429 Z-0.4921 I-0.1122 J0.
N14460 X-4.2185 Z-0.4724 I0.1122 J0.
N14465 X-4.4429 Z-0.4528 I-0.1122 J0.
N14470 X-4.2185 Z-0.4331 I0.1122 J0.
N14475 X-4.4429 Z-0.4134 I-0.1122 J0.
N14480 X-4.2185 Z-0.3937 I0.1122 J0.
N14485 X-4.4429 Z-0.374 I-0.1122 J0.
N14490 X-4.2185 Z-0.3543 I0.1122 J0.
N14495 X-4.4429 Z-0.3346 I-0.1122 J0.
N14500 X-4.2185 Z-0.315 I0.1122 J0.
N14505 X-4.4429 Z-0.2953 I-0.1122 J0.
N14510 X-4.2185 Z-0.2756 I0.1122 J0.
N14515 X-4.4429 Z-0.2559 I-0.1122 J0.
N14520 X-4.2185 Z-0.2362 I0.1122 J0.
N14525 X-4.4429 Z-0.2165 I-0.1122 J0.
N14530 X-4.2185 Z-0.1969 I0.1122 J0.
N14535 X-4.4429 Z-0.1772 I-0.1122 J0.
N14540 X-4.2185 Z-0.1575 I0.1122 J0.
N14545 X-4.4429 Z-0.1378 I-0.1122 J0.
N14550 X-4.2185 Z-0.1181 I0.1122 J0.
N14555 X-4.4429 Z-0.0984 I-0.1122 J0.
N14560 X-4.2185 Z-0.0787 I0.1122 J0.
N14565 X-4.4429 Z-0.0591 I-0.1122 J0.
N14570 X-4.2185 Z-0.0394 I0.1122 J0.
N14575 X-4.2399 Y3.6093 Z-0.0354 I-0.1122 J0.
N14580 X-4.3843 Y3.6321 Z-0.0264 I-0.0836 J-0.0607
N14585 G1 G40 X-4.3307 Y3.5433
N14590 Z0.1969
N14595 Z-0.5207
N14600 Z-0.5994
N14605 G41 X-4.3189 Y3.437 D14
N14610 G3 X-4.2126 Y3.5433 Z-0.5906 I0. J0.1063
N14615 X-4.4488 Z-0.5709 I-0.1181 J0.
N14620 X-4.2126 Z-0.5512 I0.1181 J0.
N14625 X-4.4488 Z-0.5315 I-0.1181 J0.
N14630 X-4.2126 Z-0.5118 I0.1181 J0.
N14635 X-4.4488 Z-0.4921 I-0.1181 J0.
N14640 X-4.2126 Z-0.4724 I0.1181 J0.
N14645 X-4.4488 Z-0.4528 I-0.1181 J0.
N14650 X-4.2126 Z-0.4331 I0.1181 J0.
N14655 X-4.4488 Z-0.4134 I-0.1181 J0.
N14660 X-4.2126 Z-0.3937 I0.1181 J0.
N14665 X-4.4488 Z-0.374 I-0.1181 J0.
N14670 X-4.2126 Z-0.3543 I0.1181 J0.
N14675 X-4.4488 Z-0.3346 I-0.1181 J0.
N14680 X-4.2126 Z-0.315 I0.1181 J0.
N14685 X-4.4488 Z-0.2953 I-0.1181 J0.
N14690 X-4.2126 Z-0.2756 I0.1181 J0.
N14695 X-4.4488 Z-0.2559 I-0.1181 J0.
N14700 X-4.2126 Z-0.2362 I0.1181 J0.
N14705 X-4.4488 Z-0.2165 I-0.1181 J0.
N14710 X-4.2126 Z-0.1969 I0.1181 J0.
N14715 X-4.4488 Z-0.1772 I-0.1181 J0.
N14720 X-4.2126 Z-0.1575 I0.1181 J0.
N14725 X-4.4488 Z-0.1378 I-0.1181 J0.
N14730 X-4.2126 Z-0.1181 I0.1181 J0.
N14735 X-4.4488 Z-0.0984 I-0.1181 J0.
N14740 X-4.2126 Z-0.0787 I0.1181 J0.
N14745 X-4.4488 Z-0.0591 I-0.1181 J0.
N14750 X-4.2126 Z-0.0394 I0.1181 J0.
N14755 X-4.2352 Y3.6127 Z-0.0354 I-0.1181 J0.
N14760 X-4.3836 Y3.6362 Z-0.0266 I-0.086 J-0.0625
N14765 G1 G40 X-4.3307 Y3.5433
N14770 Z0.1969
N14775 X-5.1181
N14780 Z-0.5211
N14785 Z-0.5998
N14790 G41 X-5.1122 Y3.4429 D14
N14795 G3 X-5.0118 Y3.5433 Z-0.5906 I0. J0.1004
N14800 X-5.2244 Z-0.5709 I-0.1063 J0.
N14805 X-5.0118 Z-0.5512 I0.1063 J0.
N14810 X-5.2244 Z-0.5315 I-0.1063 J0.
N14815 X-5.0118 Z-0.5118 I0.1063 J0.
N14820 X-5.2244 Z-0.4921 I-0.1063 J0.
N14825 X-5.0118 Z-0.4724 I0.1063 J0.
N14830 X-5.2244 Z-0.4528 I-0.1063 J0.
N14835 X-5.0118 Z-0.4331 I0.1063 J0.
N14840 X-5.2244 Z-0.4134 I-0.1063 J0.
N14845 X-5.0118 Z-0.3937 I0.1063 J0.
N14850 X-5.2244 Z-0.374 I-0.1063 J0.
N14855 X-5.0118 Z-0.3543 I0.1063 J0.
N14860 X-5.2244 Z-0.3346 I-0.1063 J0.
N14865 X-5.0118 Z-0.315 I0.1063 J0.
N14870 X-5.2244 Z-0.2953 I-0.1063 J0.
N14875 X-5.0118 Z-0.2756 I0.1063 J0.
N14880 X-5.2244 Z-0.2559 I-0.1063 J0.
N14885 X-5.0118 Z-0.2362 I0.1063 J0.
N14890 X-5.2244 Z-0.2165 I-0.1063 J0.
N14895 X-5.0118 Z-0.1969 I0.1063 J0.
N14900 X-5.2244 Z-0.1772 I-0.1063 J0.
N14905 X-5.0118 Z-0.1575 I0.1063 J0.
N14910 X-5.2244 Z-0.1378 I-0.1063 J0.
N14915 X-5.0118 Z-0.1181 I0.1063 J0.
N14920 X-5.2244 Z-0.0984 I-0.1063 J0.
N14925 X-5.0118 Z-0.0787 I0.1063 J0.
N14930 X-5.2244 Z-0.0591 I-0.1063 J0.
N14935 X-5.0118 Z-0.0394 I0.1063 J0.
N14940 X-5.0321 Y3.6058 Z-0.0354 I-0.1063 J0.
N14945 X-5.1723 Y3.628 Z-0.0261 I-0.0812 J-0.059
N14950 G1 G40 X-5.1181 Y3.5433
N14955 Z0.1969
N14960 Z-0.5209
N14965 Z-0.5996
N14970 G41 X-5.1093 Y3.44 D14
N14975 G3 X-5.0059 Y3.5433 Z-0.5906 I0. J0.1033
N14980 X-5.2303 Z-0.5709 I-0.1122 J0.
N14985 X-5.0059 Z-0.5512 I0.1122 J0.
N14990 X-5.2303 Z-0.5315 I-0.1122 J0.
N14995 X-5.0059 Z-0.5118 I0.1122 J0.
N15000 X-5.2303 Z-0.4921 I-0.1122 J0.
N15005 X-5.0059 Z-0.4724 I0.1122 J0.
N15010 X-5.2303 Z-0.4528 I-0.1122 J0.
N15015 X-5.0059 Z-0.4331 I0.1122 J0.
N15020 X-5.2303 Z-0.4134 I-0.1122 J0.
N15025 X-5.0059 Z-0.3937 I0.1122 J0.
N15030 X-5.2303 Z-0.374 I-0.1122 J0.
N15035 X-5.0059 Z-0.3543 I0.1122 J0.
N15040 X-5.2303 Z-0.3346 I-0.1122 J0.
N15045 X-5.0059 Z-0.315 I0.1122 J0.
N15050 X-5.2303 Z-0.2953 I-0.1122 J0.
N15055 X-5.0059 Z-0.2756 I0.1122 J0.
N15060 X-5.2303 Z-0.2559 I-0.1122 J0.
N15065 X-5.0059 Z-0.2362 I0.1122 J0.
N15070 X-5.2303 Z-0.2165 I-0.1122 J0.
N15075 X-5.0059 Z-0.1969 I0.1122 J0.
N15080 X-5.2303 Z-0.1772 I-0.1122 J0.
N15085 X-5.0059 Z-0.1575 I0.1122 J0.
N15090 X-5.2303 Z-0.1378 I-0.1122 J0.
N15095 X-5.0059 Z-0.1181 I0.1122 J0.
N15100 X-5.2303 Z-0.0984 I-0.1122 J0.
N15105 X-5.0059 Z-0.0787 I0.1122 J0.
N15110 X-5.2303 Z-0.0591 I-0.1122 J0.
N15115 X-5.0059 Z-0.0394 I0.1122 J0.
N15120 X-5.0273 Y3.6093 Z-0.0354 I-0.1122 J0.
N15125 X-5.1717 Y3.6321 Z-0.0264 I-0.0836 J-0.0607
N15130 G1 G40 X-5.1181 Y3.5433
N15135 Z0.1969
N15140 Z-0.5207
N15145 Z-0.5994
N15150 G41 X-5.1063 Y3.437 D14
N15155 G3 X-5. Y3.5433 Z-0.5906 I0. J0.1063
N15160 X-5.2362 Z-0.5709 I-0.1181 J0.
N15165 X-5. Z-0.5512 I0.1181 J0.
N15170 X-5.2362 Z-0.5315 I-0.1181 J0.
N15175 X-5. Z-0.5118 I0.1181 J0.
N15180 X-5.2362 Z-0.4921 I-0.1181 J0.
N15185 X-5. Z-0.4724 I0.1181 J0.
N15190 X-5.2362 Z-0.4528 I-0.1181 J0.
N15195 X-5. Z-0.4331 I0.1181 J0.
N15200 X-5.2362 Z-0.4134 I-0.1181 J0.
N15205 X-5. Z-0.3937 I0.1181 J0.
N15210 X-5.2362 Z-0.374 I-0.1181 J0.
N15215 X-5. Z-0.3543 I0.1181 J0.
N15220 X-5.2362 Z-0.3346 I-0.1181 J0.
N15225 X-5. Z-0.315 I0.1181 J0.
N15230 X-5.2362 Z-0.2953 I-0.1181 J0.
N15235 X-5. Z-0.2756 I0.1181 J0.
N15240 X-5.2362 Z-0.2559 I-0.1181 J0.
N15245 X-5. Z-0.2362 I0.1181 J0.
N15250 X-5.2362 Z-0.2165 I-0.1181 J0.
N15255 X-5. Z-0.1969 I0.1181 J0.
N15260 X-5.2362 Z-0.1772 I-0.1181 J0.
N15265 X-5. Z-0.1575 I0.1181 J0.
N15270 X-5.2362 Z-0.1378 I-0.1181 J0.
N15275 X-5. Z-0.1181 I0.1181 J0.
N15280 X-5.2362 Z-0.0984 I-0.1181 J0.
N15285 X-5. Z-0.0787 I0.1181 J0.
N15290 X-5.2362 Z-0.0591 I-0.1181 J0.
N15295 X-5. Z-0.0394 I0.1181 J0.
N15300 X-5.0226 Y3.6127 Z-0.0354 I-0.1181 J0.
N15305 X-5.171 Y3.6362 Z-0.0266 I-0.086 J-0.0625
N15310 G1 G40 X-5.1181 Y3.5433
N15315 Z0.1969
N15320 Y4.3307
N15325 Z-0.5211
N15330 Z-0.5998
N15335 G41 X-5.1122 Y4.2303 D14
N15340 G3 X-5.0118 Y4.3307 Z-0.5906 I0. J0.1004
N15345 X-5.2244 Z-0.5709 I-0.1063 J0.
N15350 X-5.0118 Z-0.5512 I0.1063 J0.
N15355 X-5.2244 Z-0.5315 I-0.1063 J0.
N15360 X-5.0118 Z-0.5118 I0.1063 J0.
N15365 X-5.2244 Z-0.4921 I-0.1063 J0.
N15370 X-5.0118 Z-0.4724 I0.1063 J0.
N15375 X-5.2244 Z-0.4528 I-0.1063 J0.
N15380 X-5.0118 Z-0.4331 I0.1063 J0.
N15385 X-5.2244 Z-0.4134 I-0.1063 J0.
N15390 X-5.0118 Z-0.3937 I0.1063 J0.
N15395 X-5.2244 Z-0.374 I-0.1063 J0.
N15400 X-5.0118 Z-0.3543 I0.1063 J0.
N15405 X-5.2244 Z-0.3346 I-0.1063 J0.
N15410 X-5.0118 Z-0.315 I0.1063 J0.
N15415 X-5.2244 Z-0.2953 I-0.1063 J0.
N15420 X-5.0118 Z-0.2756 I0.1063 J0.
N15425 X-5.2244 Z-0.2559 I-0.1063 J0.
N15430 X-5.0118 Z-0.2362 I0.1063 J0.
N15435 X-5.2244 Z-0.2165 I-0.1063 J0.
N15440 X-5.0118 Z-0.1969 I0.1063 J0.
N15445 X-5.2244 Z-0.1772 I-0.1063 J0.
N15450 X-5.0118 Z-0.1575 I0.1063 J0.
N15455 X-5.2244 Z-0.1378 I-0.1063 J0.
N15460 X-5.0118 Z-0.1181 I0.1063 J0.
N15465 X-5.2244 Z-0.0984 I-0.1063 J0.
N15470 X-5.0118 Z-0.0787 I0.1063 J0.
N15475 X-5.2244 Z-0.0591 I-0.1063 J0.
N15480 X-5.0118 Z-0.0394 I0.1063 J0.
N15485 X-5.0321 Y4.3932 Z-0.0354 I-0.1063 J0.
N15490 X-5.1723 Y4.4154 Z-0.0261 I-0.0812 J-0.059
N15495 G1 G40 X-5.1181 Y4.3307
N15500 Z0.1969
N15505 Z-0.5209
N15510 Z-0.5996
N15515 G41 X-5.1093 Y4.2274 D14
N15520 G3 X-5.0059 Y4.3307 Z-0.5906 I0. J0.1033
N15525 X-5.2303 Z-0.5709 I-0.1122 J0.
N15530 X-5.0059 Z-0.5512 I0.1122 J0.
N15535 X-5.2303 Z-0.5315 I-0.1122 J0.
N15540 X-5.0059 Z-0.5118 I0.1122 J0.
N15545 X-5.2303 Z-0.4921 I-0.1122 J0.
N15550 X-5.0059 Z-0.4724 I0.1122 J0.
N15555 X-5.2303 Z-0.4528 I-0.1122 J0.
N15560 X-5.0059 Z-0.4331 I0.1122 J0.
N15565 X-5.2303 Z-0.4134 I-0.1122 J0.
N15570 X-5.0059 Z-0.3937 I0.1122 J0.
N15575 X-5.2303 Z-0.374 I-0.1122 J0.
N15580 X-5.0059 Z-0.3543 I0.1122 J0.
N15585 X-5.2303 Z-0.3346 I-0.1122 J0.
N15590 X-5.0059 Z-0.315 I0.1122 J0.
N15595 X-5.2303 Z-0.2953 I-0.1122 J0.
N15600 X-5.0059 Z-0.2756 I0.1122 J0.
N15605 X-5.2303 Z-0.2559 I-0.1122 J0.
N15610 X-5.0059 Z-0.2362 I0.1122 J0.
N15615 X-5.2303 Z-0.2165 I-0.1122 J0.
N15620 X-5.0059 Z-0.1969 I0.1122 J0.
N15625 X-5.2303 Z-0.1772 I-0.1122 J0.
N15630 X-5.0059 Z-0.1575 I0.1122 J0.
N15635 X-5.2303 Z-0.1378 I-0.1122 J0.
N15640 X-5.0059 Z-0.1181 I0.1122 J0.
N15645 X-5.2303 Z-0.0984 I-0.1122 J0.
N15650 X-5.0059 Z-0.0787 I0.1122 J0.
N15655 X-5.2303 Z-0.0591 I-0.1122 J0.
N15660 X-5.0059 Z-0.0394 I0.1122 J0.
N15665 X-5.0273 Y4.3967 Z-0.0354 I-0.1122 J0.
N15670 X-5.1717 Y4.4195 Z-0.0264 I-0.0836 J-0.0607
N15675 G1 G40 X-5.1181 Y4.3307
N15680 Z0.1969
N15685 Z-0.5207
N15690 Z-0.5994
N15695 G41 X-5.1063 Y4.2244 D14
N15700 G3 X-5. Y4.3307 Z-0.5906 I0. J0.1063
N15705 X-5.2362 Z-0.5709 I-0.1181 J0.
N15710 X-5. Z-0.5512 I0.1181 J0.
N15715 X-5.2362 Z-0.5315 I-0.1181 J0.
N15720 X-5. Z-0.5118 I0.1181 J0.
N15725 X-5.2362 Z-0.4921 I-0.1181 J0.
N15730 X-5. Z-0.4724 I0.1181 J0.
N15735 X-5.2362 Z-0.4528 I-0.1181 J0.
N15740 X-5. Z-0.4331 I0.1181 J0.
N15745 X-5.2362 Z-0.4134 I-0.1181 J0.
N15750 X-5. Z-0.3937 I0.1181 J0.
N15755 X-5.2362 Z-0.374 I-0.1181 J0.
N15760 X-5. Z-0.3543 I0.1181 J0.
N15765 X-5.2362 Z-0.3346 I-0.1181 J0.
N15770 X-5. Z-0.315 I0.1181 J0.
N15775 X-5.2362 Z-0.2953 I-0.1181 J0.
N15780 X-5. Z-0.2756 I0.1181 J0.
N15785 X-5.2362 Z-0.2559 I-0.1181 J0.
N15790 X-5. Z-0.2362 I0.1181 J0.
N15795 X-5.2362 Z-0.2165 I-0.1181 J0.
N15800 X-5. Z-0.1969 I0.1181 J0.
N15805 X-5.2362 Z-0.1772 I-0.1181 J0.
N15810 X-5. Z-0.1575 I0.1181 J0.
N15815 X-5.2362 Z-0.1378 I-0.1181 J0.
N15820 X-5. Z-0.1181 I0.1181 J0.
N15825 X-5.2362 Z-0.0984 I-0.1181 J0.
N15830 X-5. Z-0.0787 I0.1181 J0.
N15835 X-5.2362 Z-0.0591 I-0.1181 J0.
N15840 X-5. Z-0.0394 I0.1181 J0.
N15845 X-5.0226 Y4.4001 Z-0.0354 I-0.1181 J0.
N15850 X-5.171 Y4.4236 Z-0.0266 I-0.086 J-0.0625
N15855 G1 G40 X-5.1181 Y4.3307
N15860 Z0.1969
N15865 X-4.3307
N15870 Z-0.5211
N15875 Z-0.5998
N15880 G41 X-4.3248 Y4.2303 D14
N15885 G3 X-4.2244 Y4.3307 Z-0.5906 I0. J0.1004
N15890 X-4.437 Z-0.5709 I-0.1063 J0.
N15895 X-4.2244 Z-0.5512 I0.1063 J0.
N15900 X-4.437 Z-0.5315 I-0.1063 J0.
N15905 X-4.2244 Z-0.5118 I0.1063 J0.
N15910 X-4.437 Z-0.4921 I-0.1063 J0.
N15915 X-4.2244 Z-0.4724 I0.1063 J0.
N15920 X-4.437 Z-0.4528 I-0.1063 J0.
N15925 X-4.2244 Z-0.4331 I0.1063 J0.
N15930 X-4.437 Z-0.4134 I-0.1063 J0.
N15935 X-4.2244 Z-0.3937 I0.1063 J0.
N15940 X-4.437 Z-0.374 I-0.1063 J0.
N15945 X-4.2244 Z-0.3543 I0.1063 J0.
N15950 X-4.437 Z-0.3346 I-0.1063 J0.
N15955 X-4.2244 Z-0.315 I0.1063 J0.
N15960 X-4.437 Z-0.2953 I-0.1063 J0.
N15965 X-4.2244 Z-0.2756 I0.1063 J0.
N15970 X-4.437 Z-0.2559 I-0.1063 J0.
N15975 X-4.2244 Z-0.2362 I0.1063 J0.
N15980 X-4.437 Z-0.2165 I-0.1063 J0.
N15985 X-4.2244 Z-0.1969 I0.1063 J0.
N15990 X-4.437 Z-0.1772 I-0.1063 J0.
N15995 X-4.2244 Z-0.1575 I0.1063 J0.
N16000 X-4.437 Z-0.1378 I-0.1063 J0.
N16005 X-4.2244 Z-0.1181 I0.1063 J0.
N16010 X-4.437 Z-0.0984 I-0.1063 J0.
N16015 X-4.2244 Z-0.0787 I0.1063 J0.
N16020 X-4.437 Z-0.0591 I-0.1063 J0.
N16025 X-4.2244 Z-0.0394 I0.1063 J0.
N16030 X-4.2447 Y4.3932 Z-0.0354 I-0.1063 J0.
N16035 X-4.3849 Y4.4154 Z-0.0261 I-0.0812 J-0.059
N16040 G1 G40 X-4.3307 Y4.3307
N16045 Z0.1969
N16050 Z-0.5209
N16055 Z-0.5996
N16060 G41 X-4.3219 Y4.2274 D14
N16065 G3 X-4.2185 Y4.3307 Z-0.5906 I0. J0.1033
N16070 X-4.4429 Z-0.5709 I-0.1122 J0.
N16075 X-4.2185 Z-0.5512 I0.1122 J0.
N16080 X-4.4429 Z-0.5315 I-0.1122 J0.
N16085 X-4.2185 Z-0.5118 I0.1122 J0.
N16090 X-4.4429 Z-0.4921 I-0.1122 J0.
N16095 X-4.2185 Z-0.4724 I0.1122 J0.
N16100 X-4.4429 Z-0.4528 I-0.1122 J0.
N16105 X-4.2185 Z-0.4331 I0.1122 J0.
N16110 X-4.4429 Z-0.4134 I-0.1122 J0.
N16115 X-4.2185 Z-0.3937 I0.1122 J0.
N16120 X-4.4429 Z-0.374 I-0.1122 J0.
N16125 X-4.2185 Z-0.3543 I0.1122 J0.
N16130 X-4.4429 Z-0.3346 I-0.1122 J0.
N16135 X-4.2185 Z-0.315 I0.1122 J0.
N16140 X-4.4429 Z-0.2953 I-0.1122 J0.
N16145 X-4.2185 Z-0.2756 I0.1122 J0.
N16150 X-4.4429 Z-0.2559 I-0.1122 J0.
N16155 X-4.2185 Z-0.2362 I0.1122 J0.
N16160 X-4.4429 Z-0.2165 I-0.1122 J0.
N16165 X-4.2185 Z-0.1969 I0.1122 J0.
N16170 X-4.4429 Z-0.1772 I-0.1122 J0.
N16175 X-4.2185 Z-0.1575 I0.1122 J0.
N16180 X-4.4429 Z-0.1378 I-0.1122 J0.
N16185 X-4.2185 Z-0.1181 I0.1122 J0.
N16190 X-4.4429 Z-0.0984 I-0.1122 J0.
N16195 X-4.2185 Z-0.0787 I0.1122 J0.
N16200 X-4.4429 Z-0.0591 I-0.1122 J0.
N16205 X-4.2185 Z-0.0394 I0.1122 J0.
N16210 X-4.2399 Y4.3967 Z-0.0354 I-0.1122 J0.
N16215 X-4.3843 Y4.4195 Z-0.0264 I-0.0836 J-0.0607
N16220 G1 G40 X-4.3307 Y4.3307
N16225 Z0.1969
N16230 Z-0.5207
N16235 Z-0.5994
N16240 G41 X-4.3189 Y4.2244 D14
N16245 G3 X-4.2126 Y4.3307 Z-0.5906 I0. J0.1063
N16250 X-4.4488 Z-0.5709 I-0.1181 J0.
N16255 X-4.2126 Z-0.5512 I0.1181 J0.
N16260 X-4.4488 Z-0.5315 I-0.1181 J0.
N16265 X-4.2126 Z-0.5118 I0.1181 J0.
N16270 X-4.4488 Z-0.4921 I-0.1181 J0.
N16275 X-4.2126 Z-0.4724 I0.1181 J0.
N16280 X-4.4488 Z-0.4528 I-0.1181 J0.
N16285 X-4.2126 Z-0.4331 I0.1181 J0.
N16290 X-4.4488 Z-0.4134 I-0.1181 J0.
N16295 X-4.2126 Z-0.3937 I0.1181 J0.
N16300 X-4.4488 Z-0.374 I-0.1181 J0.
N16305 X-4.2126 Z-0.3543 I0.1181 J0.
N16310 X-4.4488 Z-0.3346 I-0.1181 J0.
N16315 X-4.2126 Z-0.315 I0.1181 J0.
N16320 X-4.4488 Z-0.2953 I-0.1181 J0.
N16325 X-4.2126 Z-0.2756 I0.1181 J0.
N16330 X-4.4488 Z-0.2559 I-0.1181 J0.
N16335 X-4.2126 Z-0.2362 I0.1181 J0.
N16340 X-4.4488 Z-0.2165 I-0.1181 J0.
N16345 X-4.2126 Z-0.1969 I0.1181 J0.
N16350 X-4.4488 Z-0.1772 I-0.1181 J0.
N16355 X-4.2126 Z-0.1575 I0.1181 J0.
N16360 X-4.4488 Z-0.1378 I-0.1181 J0.
N16365 X-4.2126 Z-0.1181 I0.1181 J0.
N16370 X-4.4488 Z-0.0984 I-0.1181 J0.
N16375 X-4.2126 Z-0.0787 I0.1181 J0.
N16380 X-4.4488 Z-0.0591 I-0.1181 J0.
N16385 X-4.2126 Z-0.0394 I0.1181 J0.
N16390 X-4.2352 Y4.4001 Z-0.0354 I-0.1181 J0.
N16395 X-4.3836 Y4.4236 Z-0.0266 I-0.086 J-0.0625
N16400 G1 G40 X-4.3307 Y4.3307
N16405 Z0.1969
N16410 X-3.5433
N16415 Z-0.5211
N16420 Z-0.5998
N16425 G41 X-3.5374 Y4.2303 D14
N16430 G3 X-3.437 Y4.3307 Z-0.5906 I0. J0.1004
N16435 X-3.6496 Z-0.5709 I-0.1063 J0.
N16440 X-3.437 Z-0.5512 I0.1063 J0.
N16445 X-3.6496 Z-0.5315 I-0.1063 J0.
N16450 X-3.437 Z-0.5118 I0.1063 J0.
N16455 X-3.6496 Z-0.4921 I-0.1063 J0.
N16460 X-3.437 Z-0.4724 I0.1063 J0.
N16465 X-3.6496 Z-0.4528 I-0.1063 J0.
N16470 X-3.437 Z-0.4331 I0.1063 J0.
N16475 X-3.6496 Z-0.4134 I-0.1063 J0.
N16480 X-3.437 Z-0.3937 I0.1063 J0.
N16485 X-3.6496 Z-0.374 I-0.1063 J0.
N16490 X-3.437 Z-0.3543 I0.1063 J0.
N16495 X-3.6496 Z-0.3346 I-0.1063 J0.
N16500 X-3.437 Z-0.315 I0.1063 J0.
N16505 X-3.6496 Z-0.2953 I-0.1063 J0.
N16510 X-3.437 Z-0.2756 I0.1063 J0.
N16515 X-3.6496 Z-0.2559 I-0.1063 J0.
N16520 X-3.437 Z-0.2362 I0.1063 J0.
N16525 X-3.6496 Z-0.2165 I-0.1063 J0.
N16530 X-3.437 Z-0.1969 I0.1063 J0.
N16535 X-3.6496 Z-0.1772 I-0.1063 J0.
N16540 X-3.437 Z-0.1575 I0.1063 J0.
N16545 X-3.6496 Z-0.1378 I-0.1063 J0.
N16550 X-3.437 Z-0.1181 I0.1063 J0.
N16555 X-3.6496 Z-0.0984 I-0.1063 J0.
N16560 X-3.437 Z-0.0787 I0.1063 J0.
N16565 X-3.6496 Z-0.0591 I-0.1063 J0.
N16570 X-3.437 Z-0.0394 I0.1063 J0.
N16575 X-3.4573 Y4.3932 Z-0.0354 I-0.1063 J0.
N16580 X-3.5975 Y4.4154 Z-0.0261 I-0.0812 J-0.059
N16585 G1 G40 X-3.5433 Y4.3307
N16590 Z0.1969
N16595 Z-0.5209
N16600 Z-0.5996
N16605 G41 X-3.5344 Y4.2274 D14
N16610 G3 X-3.4311 Y4.3307 Z-0.5906 I0. J0.1033
N16615 X-3.6555 Z-0.5709 I-0.1122 J0.
N16620 X-3.4311 Z-0.5512 I0.1122 J0.
N16625 X-3.6555 Z-0.5315 I-0.1122 J0.
N16630 X-3.4311 Z-0.5118 I0.1122 J0.
N16635 X-3.6555 Z-0.4921 I-0.1122 J0.
N16640 X-3.4311 Z-0.4724 I0.1122 J0.
N16645 X-3.6555 Z-0.4528 I-0.1122 J0.
N16650 X-3.4311 Z-0.4331 I0.1122 J0.
N16655 X-3.6555 Z-0.4134 I-0.1122 J0.
N16660 X-3.4311 Z-0.3937 I0.1122 J0.
N16665 X-3.6555 Z-0.374 I-0.1122 J0.
N16670 X-3.4311 Z-0.3543 I0.1122 J0.
N16675 X-3.6555 Z-0.3346 I-0.1122 J0.
N16680 X-3.4311 Z-0.315 I0.1122 J0.
N16685 X-3.6555 Z-0.2953 I-0.1122 J0.
N16690 X-3.4311 Z-0.2756 I0.1122 J0.
N16695 X-3.6555 Z-0.2559 I-0.1122 J0.
N16700 X-3.4311 Z-0.2362 I0.1122 J0.
N16705 X-3.6555 Z-0.2165 I-0.1122 J0.
N16710 X-3.4311 Z-0.1969 I0.1122 J0.
N16715 X-3.6555 Z-0.1772 I-0.1122 J0.
N16720 X-3.4311 Z-0.1575 I0.1122 J0.
N16725 X-3.6555 Z-0.1378 I-0.1122 J0.
N16730 X-3.4311 Z-0.1181 I0.1122 J0.
N16735 X-3.6555 Z-0.0984 I-0.1122 J0.
N16740 X-3.4311 Z-0.0787 I0.1122 J0.
N16745 X-3.6555 Z-0.0591 I-0.1122 J0.
N16750 X-3.4311 Z-0.0394 I0.1122 J0.
N16755 X-3.4525 Y4.3967 Z-0.0354 I-0.1122 J0.
N16760 X-3.5969 Y4.4195 Z-0.0264 I-0.0836 J-0.0607
N16765 G1 G40 X-3.5433 Y4.3307
N16770 Z0.1969
N16775 Z-0.5207
N16780 Z-0.5994
N16785 G41 X-3.5315 Y4.2244 D14
N16790 G3 X-3.4252 Y4.3307 Z-0.5906 I0. J0.1063
N16795 X-3.6614 Z-0.5709 I-0.1181 J0.
N16800 X-3.4252 Z-0.5512 I0.1181 J0.
N16805 X-3.6614 Z-0.5315 I-0.1181 J0.
N16810 X-3.4252 Z-0.5118 I0.1181 J0.
N16815 X-3.6614 Z-0.4921 I-0.1181 J0.
N16820 X-3.4252 Z-0.4724 I0.1181 J0.
N16825 X-3.6614 Z-0.4528 I-0.1181 J0.
N16830 X-3.4252 Z-0.4331 I0.1181 J0.
N16835 X-3.6614 Z-0.4134 I-0.1181 J0.
N16840 X-3.4252 Z-0.3937 I0.1181 J0.
N16845 X-3.6614 Z-0.374 I-0.1181 J0.
N16850 X-3.4252 Z-0.3543 I0.1181 J0.
N16855 X-3.6614 Z-0.3346 I-0.1181 J0.
N16860 X-3.4252 Z-0.315 I0.1181 J0.
N16865 X-3.6614 Z-0.2953 I-0.1181 J0.
N16870 X-3.4252 Z-0.2756 I0.1181 J0.
N16875 X-3.6614 Z-0.2559 I-0.1181 J0.
N16880 X-3.4252 Z-0.2362 I0.1181 J0.
N16885 X-3.6614 Z-0.2165 I-0.1181 J0.
N16890 X-3.4252 Z-0.1969 I0.1181 J0.
N16895 X-3.6614 Z-0.1772 I-0.1181 J0.
N16900 X-3.4252 Z-0.1575 I0.1181 J0.
N16905 X-3.6614 Z-0.1378 I-0.1181 J0.
N16910 X-3.4252 Z-0.1181 I0.1181 J0.
N16915 X-3.6614 Z-0.0984 I-0.1181 J0.
N16920 X-3.4252 Z-0.0787 I0.1181 J0.
N16925 X-3.6614 Z-0.0591 I-0.1181 J0.
N16930 X-3.4252 Z-0.0394 I0.1181 J0.
N16935 X-3.4478 Y4.4001 Z-0.0354 I-0.1181 J0.
N16940 X-3.5962 Y4.4236 Z-0.0266 I-0.086 J-0.0625
N16945 G1 G40 X-3.5433 Y4.3307
N16950 Z0.1969
N16955 X-2.7559
N16960 Z-0.5211
N16965 Z-0.5998
N16970 G41 X-2.75 Y4.2303 D14
N16975 G3 X-2.6496 Y4.3307 Z-0.5906 I0. J0.1004
N16980 X-2.8622 Z-0.5709 I-0.1063 J0.
N16985 X-2.6496 Z-0.5512 I0.1063 J0.
N16990 X-2.8622 Z-0.5315 I-0.1063 J0.
N16995 X-2.6496 Z-0.5118 I0.1063 J0.
N17000 X-2.8622 Z-0.4921 I-0.1063 J0.
N17005 X-2.6496 Z-0.4724 I0.1063 J0.
N17010 X-2.8622 Z-0.4528 I-0.1063 J0.
N17015 X-2.6496 Z-0.4331 I0.1063 J0.
N17020 X-2.8622 Z-0.4134 I-0.1063 J0.
N17025 X-2.6496 Z-0.3937 I0.1063 J0.
N17030 X-2.8622 Z-0.374 I-0.1063 J0.
N17035 X-2.6496 Z-0.3543 I0.1063 J0.
N17040 X-2.8622 Z-0.3346 I-0.1063 J0.
N17045 X-2.6496 Z-0.315 I0.1063 J0.
N17050 X-2.8622 Z-0.2953 I-0.1063 J0.
N17055 X-2.6496 Z-0.2756 I0.1063 J0.
N17060 X-2.8622 Z-0.2559 I-0.1063 J0.
N17065 X-2.6496 Z-0.2362 I0.1063 J0.
N17070 X-2.8622 Z-0.2165 I-0.1063 J0.
N17075 X-2.6496 Z-0.1969 I0.1063 J0.
N17080 X-2.8622 Z-0.1772 I-0.1063 J0.
N17085 X-2.6496 Z-0.1575 I0.1063 J0.
N17090 X-2.8622 Z-0.1378 I-0.1063 J0.
N17095 X-2.6496 Z-0.1181 I0.1063 J0.
N17100 X-2.8622 Z-0.0984 I-0.1063 J0.
N17105 X-2.6496 Z-0.0787 I0.1063 J0.
N17110 X-2.8622 Z-0.0591 I-0.1063 J0.
N17115 X-2.6496 Z-0.0394 I0.1063 J0.
N17120 X-2.6699 Y4.3932 Z-0.0354 I-0.1063 J0.
N17125 X-2.8101 Y4.4154 Z-0.0261 I-0.0812 J-0.059
N17130 G1 G40 X-2.7559 Y4.3307
N17135 Z0.1969
N17140 Z-0.5209
N17145 Z-0.5996
N17150 G41 X-2.747 Y4.2274 D14
N17155 G3 X-2.6437 Y4.3307 Z-0.5906 I0. J0.1033
N17160 X-2.8681 Z-0.5709 I-0.1122 J0.
N17165 X-2.6437 Z-0.5512 I0.1122 J0.
N17170 X-2.8681 Z-0.5315 I-0.1122 J0.
N17175 X-2.6437 Z-0.5118 I0.1122 J0.
N17180 X-2.8681 Z-0.4921 I-0.1122 J0.
N17185 X-2.6437 Z-0.4724 I0.1122 J0.
N17190 X-2.8681 Z-0.4528 I-0.1122 J0.
N17195 X-2.6437 Z-0.4331 I0.1122 J0.
N17200 X-2.8681 Z-0.4134 I-0.1122 J0.
N17205 X-2.6437 Z-0.3937 I0.1122 J0.
N17210 X-2.8681 Z-0.374 I-0.1122 J0.
N17215 X-2.6437 Z-0.3543 I0.1122 J0.
N17220 X-2.8681 Z-0.3346 I-0.1122 J0.
N17225 X-2.6437 Z-0.315 I0.1122 J0.
N17230 X-2.8681 Z-0.2953 I-0.1122 J0.
N17235 X-2.6437 Z-0.2756 I0.1122 J0.
N17240 X-2.8681 Z-0.2559 I-0.1122 J0.
N17245 X-2.6437 Z-0.2362 I0.1122 J0.
N17250 X-2.8681 Z-0.2165 I-0.1122 J0.
N17255 X-2.6437 Z-0.1969 I0.1122 J0.
N17260 X-2.8681 Z-0.1772 I-0.1122 J0.
N17265 X-2.6437 Z-0.1575 I0.1122 J0.
N17270 X-2.8681 Z-0.1378 I-0.1122 J0.
N17275 X-2.6437 Z-0.1181 I0.1122 J0.
N17280 X-2.8681 Z-0.0984 I-0.1122 J0.
N17285 X-2.6437 Z-0.0787 I0.1122 J0.
N17290 X-2.8681 Z-0.0591 I-0.1122 J0.
N17295 X-2.6437 Z-0.0394 I0.1122 J0.
N17300 X-2.6651 Y4.3967 Z-0.0354 I-0.1122 J0.
N17305 X-2.8095 Y4.4195 Z-0.0264 I-0.0836 J-0.0607
N17310 G1 G40 X-2.7559 Y4.3307
N17315 Z0.1969
N17320 Z-0.5207
N17325 Z-0.5994
N17330 G41 X-2.7441 Y4.2244 D14
N17335 G3 X-2.6378 Y4.3307 Z-0.5906 I0. J0.1063
N17340 X-2.874 Z-0.5709 I-0.1181 J0.
N17345 X-2.6378 Z-0.5512 I0.1181 J0.
N17350 X-2.874 Z-0.5315 I-0.1181 J0.
N17355 X-2.6378 Z-0.5118 I0.1181 J0.
N17360 X-2.874 Z-0.4921 I-0.1181 J0.
N17365 X-2.6378 Z-0.4724 I0.1181 J0.
N17370 X-2.874 Z-0.4528 I-0.1181 J0.
N17375 X-2.6378 Z-0.4331 I0.1181 J0.
N17380 X-2.874 Z-0.4134 I-0.1181 J0.
N17385 X-2.6378 Z-0.3937 I0.1181 J0.
N17390 X-2.874 Z-0.374 I-0.1181 J0.
N17395 X-2.6378 Z-0.3543 I0.1181 J0.
N17400 X-2.874 Z-0.3346 I-0.1181 J0.
N17405 X-2.6378 Z-0.315 I0.1181 J0.
N17410 X-2.874 Z-0.2953 I-0.1181 J0.
N17415 X-2.6378 Z-0.2756 I0.1181 J0.
N17420 X-2.874 Z-0.2559 I-0.1181 J0.
N17425 X-2.6378 Z-0.2362 I0.1181 J0.
N17430 X-2.874 Z-0.2165 I-0.1181 J0.
N17435 X-2.6378 Z-0.1969 I0.1181 J0.
N17440 X-2.874 Z-0.1772 I-0.1181 J0.
N17445 X-2.6378 Z-0.1575 I0.1181 J0.
N17450 X-2.874 Z-0.1378 I-0.1181 J0.
N17455 X-2.6378 Z-0.1181 I0.1181 J0.
N17460 X-2.874 Z-0.0984 I-0.1181 J0.
N17465 X-2.6378 Z-0.0787 I0.1181 J0.
N17470 X-2.874 Z-0.0591 I-0.1181 J0.
N17475 X-2.6378 Z-0.0394 I0.1181 J0.
N17480 X-2.6604 Y4.4001 Z-0.0354 I-0.1181 J0.
N17485 X-2.8088 Y4.4236 Z-0.0266 I-0.086 J-0.0625
N17490 G1 G40 X-2.7559 Y4.3307
N17495 Z0.1969
N17500 X-1.9685
N17505 Z-0.5211
N17510 Z-0.5998
N17515 G41 X-1.9626 Y4.2303 D14
N17520 G3 X-1.8622 Y4.3307 Z-0.5906 I0. J0.1004
N17525 X-2.0748 Z-0.5709 I-0.1063 J0.
N17530 X-1.8622 Z-0.5512 I0.1063 J0.
N17535 X-2.0748 Z-0.5315 I-0.1063 J0.
N17540 X-1.8622 Z-0.5118 I0.1063 J0.
N17545 X-2.0748 Z-0.4921 I-0.1063 J0.
N17550 X-1.8622 Z-0.4724 I0.1063 J0.
N17555 X-2.0748 Z-0.4528 I-0.1063 J0.
N17560 X-1.8622 Z-0.4331 I0.1063 J0.
N17565 X-2.0748 Z-0.4134 I-0.1063 J0.
N17570 X-1.8622 Z-0.3937 I0.1063 J0.
N17575 X-2.0748 Z-0.374 I-0.1063 J0.
N17580 X-1.8622 Z-0.3543 I0.1063 J0.
N17585 X-2.0748 Z-0.3346 I-0.1063 J0.
N17590 X-1.8622 Z-0.315 I0.1063 J0.
N17595 X-2.0748 Z-0.2953 I-0.1063 J0.
N17600 X-1.8622 Z-0.2756 I0.1063 J0.
N17605 X-2.0748 Z-0.2559 I-0.1063 J0.
N17610 X-1.8622 Z-0.2362 I0.1063 J0.
N17615 X-2.0748 Z-0.2165 I-0.1063 J0.
N17620 X-1.8622 Z-0.1969 I0.1063 J0.
N17625 X-2.0748 Z-0.1772 I-0.1063 J0.
N17630 X-1.8622 Z-0.1575 I0.1063 J0.
N17635 X-2.0748 Z-0.1378 I-0.1063 J0.
N17640 X-1.8622 Z-0.1181 I0.1063 J0.
N17645 X-2.0748 Z-0.0984 I-0.1063 J0.
N17650 X-1.8622 Z-0.0787 I0.1063 J0.
N17655 X-2.0748 Z-0.0591 I-0.1063 J0.
N17660 X-1.8622 Z-0.0394 I0.1063 J0.
N17665 X-1.8825 Y4.3932 Z-0.0354 I-0.1063 J0.
N17670 X-2.0227 Y4.4154 Z-0.0261 I-0.0812 J-0.059
N17675 G1 G40 X-1.9685 Y4.3307
N17680 Z0.1969
N17685 Z-0.5209
N17690 Z-0.5996
N17695 G41 X-1.9596 Y4.2274 D14
N17700 G3 X-1.8563 Y4.3307 Z-0.5906 I0. J0.1033
N17705 X-2.0807 Z-0.5709 I-0.1122 J0.
N17710 X-1.8563 Z-0.5512 I0.1122 J0.
N17715 X-2.0807 Z-0.5315 I-0.1122 J0.
N17720 X-1.8563 Z-0.5118 I0.1122 J0.
N17725 X-2.0807 Z-0.4921 I-0.1122 J0.
N17730 X-1.8563 Z-0.4724 I0.1122 J0.
N17735 X-2.0807 Z-0.4528 I-0.1122 J0.
N17740 X-1.8563 Z-0.4331 I0.1122 J0.
N17745 X-2.0807 Z-0.4134 I-0.1122 J0.
N17750 X-1.8563 Z-0.3937 I0.1122 J0.
N17755 X-2.0807 Z-0.374 I-0.1122 J0.
N17760 X-1.8563 Z-0.3543 I0.1122 J0.
N17765 X-2.0807 Z-0.3346 I-0.1122 J0.
N17770 X-1.8563 Z-0.315 I0.1122 J0.
N17775 X-2.0807 Z-0.2953 I-0.1122 J0.
N17780 X-1.8563 Z-0.2756 I0.1122 J0.
N17785 X-2.0807 Z-0.2559 I-0.1122 J0.
N17790 X-1.8563 Z-0.2362 I0.1122 J0.
N17795 X-2.0807 Z-0.2165 I-0.1122 J0.
N17800 X-1.8563 Z-0.1969 I0.1122 J0.
N17805 X-2.0807 Z-0.1772 I-0.1122 J0.
N17810 X-1.8563 Z-0.1575 I0.1122 J0.
N17815 X-2.0807 Z-0.1378 I-0.1122 J0.
N17820 X-1.8563 Z-0.1181 I0.1122 J0.
N17825 X-2.0807 Z-0.0984 I-0.1122 J0.
N17830 X-1.8563 Z-0.0787 I0.1122 J0.
N17835 X-2.0807 Z-0.0591 I-0.1122 J0.
N17840 X-1.8563 Z-0.0394 I0.1122 J0.
N17845 X-1.8777 Y4.3967 Z-0.0354 I-0.1122 J0.
N17850 X-2.0221 Y4.4195 Z-0.0264 I-0.0836 J-0.0607
N17855 G1 G40 X-1.9685 Y4.3307
N17860 Z0.1969
N17865 Z-0.5207
N17870 Z-0.5994
N17875 G41 X-1.9567 Y4.2244 D14
N17880 G3 X-1.8504 Y4.3307 Z-0.5906 I0. J0.1063
N17885 X-2.0866 Z-0.5709 I-0.1181 J0.
N17890 X-1.8504 Z-0.5512 I0.1181 J0.
N17895 X-2.0866 Z-0.5315 I-0.1181 J0.
N17900 X-1.8504 Z-0.5118 I0.1181 J0.
N17905 X-2.0866 Z-0.4921 I-0.1181 J0.
N17910 X-1.8504 Z-0.4724 I0.1181 J0.
N17915 X-2.0866 Z-0.4528 I-0.1181 J0.
N17920 X-1.8504 Z-0.4331 I0.1181 J0.
N17925 X-2.0866 Z-0.4134 I-0.1181 J0.
N17930 X-1.8504 Z-0.3937 I0.1181 J0.
N17935 X-2.0866 Z-0.374 I-0.1181 J0.
N17940 X-1.8504 Z-0.3543 I0.1181 J0.
N17945 X-2.0866 Z-0.3346 I-0.1181 J0.
N17950 X-1.8504 Z-0.315 I0.1181 J0.
N17955 X-2.0866 Z-0.2953 I-0.1181 J0.
N17960 X-1.8504 Z-0.2756 I0.1181 J0.
N17965 X-2.0866 Z-0.2559 I-0.1181 J0.
N17970 X-1.8504 Z-0.2362 I0.1181 J0.
N17975 X-2.0866 Z-0.2165 I-0.1181 J0.
N17980 X-1.8504 Z-0.1969 I0.1181 J0.
N17985 X-2.0866 Z-0.1772 I-0.1181 J0.
N17990 X-1.8504 Z-0.1575 I0.1181 J0.
N17995 X-2.0866 Z-0.1378 I-0.1181 J0.
N18000 X-1.8504 Z-0.1181 I0.1181 J0.
N18005 X-2.0866 Z-0.0984 I-0.1181 J0.
N18010 X-1.8504 Z-0.0787 I0.1181 J0.
N18015 X-2.0866 Z-0.0591 I-0.1181 J0.
N18020 X-1.8504 Z-0.0394 I0.1181 J0.
N18025 X-1.873 Y4.4001 Z-0.0354 I-0.1181 J0.
N18030 X-2.0214 Y4.4236 Z-0.0266 I-0.086 J-0.0625
N18035 G1 G40 X-1.9685 Y4.3307
N18040 Z0.1969
N18045 X-1.1811
N18050 Z-0.5211
N18055 Z-0.5998
N18060 G41 X-1.1752 Y4.2303 D14
N18065 G3 X-1.0748 Y4.3307 Z-0.5906 I0. J0.1004
N18070 X-1.2874 Z-0.5709 I-0.1063 J0.
N18075 X-1.0748 Z-0.5512 I0.1063 J0.
N18080 X-1.2874 Z-0.5315 I-0.1063 J0.
N18085 X-1.0748 Z-0.5118 I0.1063 J0.
N18090 X-1.2874 Z-0.4921 I-0.1063 J0.
N18095 X-1.0748 Z-0.4724 I0.1063 J0.
N18100 X-1.2874 Z-0.4528 I-0.1063 J0.
N18105 X-1.0748 Z-0.4331 I0.1063 J0.
N18110 X-1.2874 Z-0.4134 I-0.1063 J0.
N18115 X-1.0748 Z-0.3937 I0.1063 J0.
N18120 X-1.2874 Z-0.374 I-0.1063 J0.
N18125 X-1.0748 Z-0.3543 I0.1063 J0.
N18130 X-1.2874 Z-0.3346 I-0.1063 J0.
N18135 X-1.0748 Z-0.315 I0.1063 J0.
N18140 X-1.2874 Z-0.2953 I-0.1063 J0.
N18145 X-1.0748 Z-0.2756 I0.1063 J0.
N18150 X-1.2874 Z-0.2559 I-0.1063 J0.
N18155 X-1.0748 Z-0.2362 I0.1063 J0.
N18160 X-1.2874 Z-0.2165 I-0.1063 J0.
N18165 X-1.0748 Z-0.1969 I0.1063 J0.
N18170 X-1.2874 Z-0.1772 I-0.1063 J0.
N18175 X-1.0748 Z-0.1575 I0.1063 J0.
N18180 X-1.2874 Z-0.1378 I-0.1063 J0.
N18185 X-1.0748 Z-0.1181 I0.1063 J0.
N18190 X-1.2874 Z-0.0984 I-0.1063 J0.
N18195 X-1.0748 Z-0.0787 I0.1063 J0.
N18200 X-1.2874 Z-0.0591 I-0.1063 J0.
N18205 X-1.0748 Z-0.0394 I0.1063 J0.
N18210 X-1.0951 Y4.3932 Z-0.0354 I-0.1063 J0.
N18215 X-1.2353 Y4.4154 Z-0.0261 I-0.0812 J-0.059
N18220 G1 G40 X-1.1811 Y4.3307
N18225 Z0.1969
N18230 Z-0.5209
N18235 Z-0.5996
N18240 G41 X-1.1722 Y4.2274 D14
N18245 G3 X-1.0689 Y4.3307 Z-0.5906 I0. J0.1033
N18250 X-1.2933 Z-0.5709 I-0.1122 J0.
N18255 X-1.0689 Z-0.5512 I0.1122 J0.
N18260 X-1.2933 Z-0.5315 I-0.1122 J0.
N18265 X-1.0689 Z-0.5118 I0.1122 J0.
N18270 X-1.2933 Z-0.4921 I-0.1122 J0.
N18275 X-1.0689 Z-0.4724 I0.1122 J0.
N18280 X-1.2933 Z-0.4528 I-0.1122 J0.
N18285 X-1.0689 Z-0.4331 I0.1122 J0.
N18290 X-1.2933 Z-0.4134 I-0.1122 J0.
N18295 X-1.0689 Z-0.3937 I0.1122 J0.
N18300 X-1.2933 Z-0.374 I-0.1122 J0.
N18305 X-1.0689 Z-0.3543 I0.1122 J0.
N18310 X-1.2933 Z-0.3346 I-0.1122 J0.
N18315 X-1.0689 Z-0.315 I0.1122 J0.
N18320 X-1.2933 Z-0.2953 I-0.1122 J0.
N18325 X-1.0689 Z-0.2756 I0.1122 J0.
N18330 X-1.2933 Z-0.2559 I-0.1122 J0.
N18335 X-1.0689 Z-0.2362 I0.1122 J0.
N18340 X-1.2933 Z-0.2165 I-0.1122 J0.
N18345 X-1.0689 Z-0.1969 I0.1122 J0.
N18350 X-1.2933 Z-0.1772 I-0.1122 J0.
N18355 X-1.0689 Z-0.1575 I0.1122 J0.
N18360 X-1.2933 Z-0.1378 I-0.1122 J0.
N18365 X-1.0689 Z-0.1181 I0.1122 J0.
N18370 X-1.2933 Z-0.0984 I-0.1122 J0.
N18375 X-1.0689 Z-0.0787 I0.1122 J0.
N18380 X-1.2933 Z-0.0591 I-0.1122 J0.
N18385 X-1.0689 Z-0.0394 I0.1122 J0.
N18390 X-1.0903 Y4.3967 Z-0.0354 I-0.1122 J0.
N18395 X-1.2347 Y4.4195 Z-0.0264 I-0.0836 J-0.0607
N18400 G1 G40 X-1.1811 Y4.3307
N18405 Z0.1969
N18410 Z-0.5207
N18415 Z-0.5994
N18420 G41 X-1.1693 Y4.2244 D14
N18425 G3 X-1.063 Y4.3307 Z-0.5906 I0. J0.1063
N18430 X-1.2992 Z-0.5709 I-0.1181 J0.
N18435 X-1.063 Z-0.5512 I0.1181 J0.
N18440 X-1.2992 Z-0.5315 I-0.1181 J0.
N18445 X-1.063 Z-0.5118 I0.1181 J0.
N18450 X-1.2992 Z-0.4921 I-0.1181 J0.
N18455 X-1.063 Z-0.4724 I0.1181 J0.
N18460 X-1.2992 Z-0.4528 I-0.1181 J0.
N18465 X-1.063 Z-0.4331 I0.1181 J0.
N18470 X-1.2992 Z-0.4134 I-0.1181 J0.
N18475 X-1.063 Z-0.3937 I0.1181 J0.
N18480 X-1.2992 Z-0.374 I-0.1181 J0.
N18485 X-1.063 Z-0.3543 I0.1181 J0.
N18490 X-1.2992 Z-0.3346 I-0.1181 J0.
N18495 X-1.063 Z-0.315 I0.1181 J0.
N18500 X-1.2992 Z-0.2953 I-0.1181 J0.
N18505 X-1.063 Z-0.2756 I0.1181 J0.
N18510 X-1.2992 Z-0.2559 I-0.1181 J0.
N18515 X-1.063 Z-0.2362 I0.1181 J0.
N18520 X-1.2992 Z-0.2165 I-0.1181 J0.
N18525 X-1.063 Z-0.1969 I0.1181 J0.
N18530 X-1.2992 Z-0.1772 I-0.1181 J0.
N18535 X-1.063 Z-0.1575 I0.1181 J0.
N18540 X-1.2992 Z-0.1378 I-0.1181 J0.
N18545 X-1.063 Z-0.1181 I0.1181 J0.
N18550 X-1.2992 Z-0.0984 I-0.1181 J0.
N18555 X-1.063 Z-0.0787 I0.1181 J0.
N18560 X-1.2992 Z-0.0591 I-0.1181 J0.
N18565 X-1.063 Z-0.0394 I0.1181 J0.
N18570 X-1.0855 Y4.4001 Z-0.0354 I-0.1181 J0.
N18575 X-1.234 Y4.4236 Z-0.0266 I-0.086 J-0.0625
N18580 G1 G40 X-1.1811 Y4.3307
N18585 Z0.1969
N18590 X-0.3937
N18595 Z-0.5211
N18600 Z-0.5998
N18605 G41 X-0.3878 Y4.2303 D14
N18610 G3 X-0.2874 Y4.3307 Z-0.5906 I0. J0.1004
N18615 X-0.5 Z-0.5709 I-0.1063 J0.
N18620 X-0.2874 Z-0.5512 I0.1063 J0.
N18625 X-0.5 Z-0.5315 I-0.1063 J0.
N18630 X-0.2874 Z-0.5118 I0.1063 J0.
N18635 X-0.5 Z-0.4921 I-0.1063 J0.
N18640 X-0.2874 Z-0.4724 I0.1063 J0.
N18645 X-0.5 Z-0.4528 I-0.1063 J0.
N18650 X-0.2874 Z-0.4331 I0.1063 J0.
N18655 X-0.5 Z-0.4134 I-0.1063 J0.
N18660 X-0.2874 Z-0.3937 I0.1063 J0.
N18665 X-0.5 Z-0.374 I-0.1063 J0.
N18670 X-0.2874 Z-0.3543 I0.1063 J0.
N18675 X-0.5 Z-0.3346 I-0.1063 J0.
N18680 X-0.2874 Z-0.315 I0.1063 J0.
N18685 X-0.5 Z-0.2953 I-0.1063 J0.
N18690 X-0.2874 Z-0.2756 I0.1063 J0.
N18695 X-0.5 Z-0.2559 I-0.1063 J0.
N18700 X-0.2874 Z-0.2362 I0.1063 J0.
N18705 X-0.5 Z-0.2165 I-0.1063 J0.
N18710 X-0.2874 Z-0.1969 I0.1063 J0.
N18715 X-0.5 Z-0.1772 I-0.1063 J0.
N18720 X-0.2874 Z-0.1575 I0.1063 J0.
N18725 X-0.5 Z-0.1378 I-0.1063 J0.
N18730 X-0.2874 Z-0.1181 I0.1063 J0.
N18735 X-0.5 Z-0.0984 I-0.1063 J0.
N18740 X-0.2874 Z-0.0787 I0.1063 J0.
N18745 X-0.5 Z-0.0591 I-0.1063 J0.
N18750 X-0.2874 Z-0.0394 I0.1063 J0.
N18755 X-0.3077 Y4.3932 Z-0.0354 I-0.1063 J0.
N18760 X-0.4479 Y4.4154 Z-0.0261 I-0.0812 J-0.059
N18765 G1 G40 X-0.3937 Y4.3307
N18770 Z0.1969
N18775 Z-0.5209
N18780 Z-0.5996
N18785 G41 X-0.3848 Y4.2274 D14
N18790 G3 X-0.2815 Y4.3307 Z-0.5906 I0. J0.1033
N18795 X-0.5059 Z-0.5709 I-0.1122 J0.
N18800 X-0.2815 Z-0.5512 I0.1122 J0.
N18805 X-0.5059 Z-0.5315 I-0.1122 J0.
N18810 X-0.2815 Z-0.5118 I0.1122 J0.
N18815 X-0.5059 Z-0.4921 I-0.1122 J0.
N18820 X-0.2815 Z-0.4724 I0.1122 J0.
N18825 X-0.5059 Z-0.4528 I-0.1122 J0.
N18830 X-0.2815 Z-0.4331 I0.1122 J0.
N18835 X-0.5059 Z-0.4134 I-0.1122 J0.
N18840 X-0.2815 Z-0.3937 I0.1122 J0.
N18845 X-0.5059 Z-0.374 I-0.1122 J0.
N18850 X-0.2815 Z-0.3543 I0.1122 J0.
N18855 X-0.5059 Z-0.3346 I-0.1122 J0.
N18860 X-0.2815 Z-0.315 I0.1122 J0.
N18865 X-0.5059 Z-0.2953 I-0.1122 J0.
N18870 X-0.2815 Z-0.2756 I0.1122 J0.
N18875 X-0.5059 Z-0.2559 I-0.1122 J0.
N18880 X-0.2815 Z-0.2362 I0.1122 J0.
N18885 X-0.5059 Z-0.2165 I-0.1122 J0.
N18890 X-0.2815 Z-0.1969 I0.1122 J0.
N18895 X-0.5059 Z-0.1772 I-0.1122 J0.
N18900 X-0.2815 Z-0.1575 I0.1122 J0.
N18905 X-0.5059 Z-0.1378 I-0.1122 J0.
N18910 X-0.2815 Z-0.1181 I0.1122 J0.
N18915 X-0.5059 Z-0.0984 I-0.1122 J0.
N18920 X-0.2815 Z-0.0787 I0.1122 J0.
N18925 X-0.5059 Z-0.0591 I-0.1122 J0.
N18930 X-0.2815 Z-0.0394 I0.1122 J0.
N18935 X-0.3029 Y4.3967 Z-0.0354 I-0.1122 J0.
N18940 X-0.4473 Y4.4195 Z-0.0264 I-0.0836 J-0.0607
N18945 G1 G40 X-0.3937 Y4.3307
N18950 Z0.1969
N18955 Z-0.5207
N18960 Z-0.5994
N18965 G41 X-0.3819 Y4.2244 D14
N18970 G3 X-0.2756 Y4.3307 Z-0.5906 I0. J0.1063
N18975 X-0.5118 Z-0.5709 I-0.1181 J0.
N18980 X-0.2756 Z-0.5512 I0.1181 J0.
N18985 X-0.5118 Z-0.5315 I-0.1181 J0.
N18990 X-0.2756 Z-0.5118 I0.1181 J0.
N18995 X-0.5118 Z-0.4921 I-0.1181 J0.
N19000 X-0.2756 Z-0.4724 I0.1181 J0.
N19005 X-0.5118 Z-0.4528 I-0.1181 J0.
N19010 X-0.2756 Z-0.4331 I0.1181 J0.
N19015 X-0.5118 Z-0.4134 I-0.1181 J0.
N19020 X-0.2756 Z-0.3937 I0.1181 J0.
N19025 X-0.5118 Z-0.374 I-0.1181 J0.
N19030 X-0.2756 Z-0.3543 I0.1181 J0.
N19035 X-0.5118 Z-0.3346 I-0.1181 J0.
N19040 X-0.2756 Z-0.315 I0.1181 J0.
N19045 X-0.5118 Z-0.2953 I-0.1181 J0.
N19050 X-0.2756 Z-0.2756 I0.1181 J0.
N19055 X-0.5118 Z-0.2559 I-0.1181 J0.
N19060 X-0.2756 Z-0.2362 I0.1181 J0.
N19065 X-0.5118 Z-0.2165 I-0.1181 J0.
N19070 X-0.2756 Z-0.1969 I0.1181 J0.
N19075 X-0.5118 Z-0.1772 I-0.1181 J0.
N19080 X-0.2756 Z-0.1575 I0.1181 J0.
N19085 X-0.5118 Z-0.1378 I-0.1181 J0.
N19090 X-0.2756 Z-0.1181 I0.1181 J0.
N19095 X-0.5118 Z-0.0984 I-0.1181 J0.
N19100 X-0.2756 Z-0.0787 I0.1181 J0.
N19105 X-0.5118 Z-0.0591 I-0.1181 J0.
N19110 X-0.2756 Z-0.0394 I0.1181 J0.
N19115 X-0.2981 Y4.4001 Z-0.0354 I-0.1181 J0.
N19120 X-0.4466 Y4.4236 Z-0.0266 I-0.086 J-0.0625
N19125 G1 G40 X-0.3937 Y4.3307
N19130 Z0.1969
N19135 X0.3937
N19140 Z-0.5211
N19145 Z-0.5998
N19150 G41 X0.3996 Y4.2303 D14
N19155 G3 X0.5 Y4.3307 Z-0.5906 I0. J0.1004
N19160 X0.2874 Z-0.5709 I-0.1063 J0.
N19165 X0.5 Z-0.5512 I0.1063 J0.
N19170 X0.2874 Z-0.5315 I-0.1063 J0.
N19175 X0.5 Z-0.5118 I0.1063 J0.
N19180 X0.2874 Z-0.4921 I-0.1063 J0.
N19185 X0.5 Z-0.4724 I0.1063 J0.
N19190 X0.2874 Z-0.4528 I-0.1063 J0.
N19195 X0.5 Z-0.4331 I0.1063 J0.
N19200 X0.2874 Z-0.4134 I-0.1063 J0.
N19205 X0.5 Z-0.3937 I0.1063 J0.
N19210 X0.2874 Z-0.374 I-0.1063 J0.
N19215 X0.5 Z-0.3543 I0.1063 J0.
N19220 X0.2874 Z-0.3346 I-0.1063 J0.
N19225 X0.5 Z-0.315 I0.1063 J0.
N19230 X0.2874 Z-0.2953 I-0.1063 J0.
N19235 X0.5 Z-0.2756 I0.1063 J0.
N19240 X0.2874 Z-0.2559 I-0.1063 J0.
N19245 X0.5 Z-0.2362 I0.1063 J0.
N19250 X0.2874 Z-0.2165 I-0.1063 J0.
N19255 X0.5 Z-0.1969 I0.1063 J0.
N19260 X0.2874 Z-0.1772 I-0.1063 J0.
N19265 X0.5 Z-0.1575 I0.1063 J0.
N19270 X0.2874 Z-0.1378 I-0.1063 J0.
N19275 X0.5 Z-0.1181 I0.1063 J0.
N19280 X0.2874 Z-0.0984 I-0.1063 J0.
N19285 X0.5 Z-0.0787 I0.1063 J0.
N19290 X0.2874 Z-0.0591 I-0.1063 J0.
N19295 X0.5 Z-0.0394 I0.1063 J0.
N19300 X0.4797 Y4.3932 Z-0.0354 I-0.1063 J0.
N19305 X0.3395 Y4.4154 Z-0.0261 I-0.0812 J-0.059
N19310 G1 G40 X0.3937 Y4.3307
N19315 Z0.1969
N19320 Z-0.5209
N19325 Z-0.5996
N19330 G41 X0.4026 Y4.2274 D14
N19335 G3 X0.5059 Y4.3307 Z-0.5906 I0. J0.1033
N19340 X0.2815 Z-0.5709 I-0.1122 J0.
N19345 X0.5059 Z-0.5512 I0.1122 J0.
N19350 X0.2815 Z-0.5315 I-0.1122 J0.
N19355 X0.5059 Z-0.5118 I0.1122 J0.
N19360 X0.2815 Z-0.4921 I-0.1122 J0.
N19365 X0.5059 Z-0.4724 I0.1122 J0.
N19370 X0.2815 Z-0.4528 I-0.1122 J0.
N19375 X0.5059 Z-0.4331 I0.1122 J0.
N19380 X0.2815 Z-0.4134 I-0.1122 J0.
N19385 X0.5059 Z-0.3937 I0.1122 J0.
N19390 X0.2815 Z-0.374 I-0.1122 J0.
N19395 X0.5059 Z-0.3543 I0.1122 J0.
N19400 X0.2815 Z-0.3346 I-0.1122 J0.
N19405 X0.5059 Z-0.315 I0.1122 J0.
N19410 X0.2815 Z-0.2953 I-0.1122 J0.
N19415 X0.5059 Z-0.2756 I0.1122 J0.
N19420 X0.2815 Z-0.2559 I-0.1122 J0.
N19425 X0.5059 Z-0.2362 I0.1122 J0.
N19430 X0.2815 Z-0.2165 I-0.1122 J0.
N19435 X0.5059 Z-0.1969 I0.1122 J0.
N19440 X0.2815 Z-0.1772 I-0.1122 J0.
N19445 X0.5059 Z-0.1575 I0.1122 J0.
N19450 X0.2815 Z-0.1378 I-0.1122 J0.
N19455 X0.5059 Z-0.1181 I0.1122 J0.
N19460 X0.2815 Z-0.0984 I-0.1122 J0.
N19465 X0.5059 Z-0.0787 I0.1122 J0.
N19470 X0.2815 Z-0.0591 I-0.1122 J0.
N19475 X0.5059 Z-0.0394 I0.1122 J0.
N19480 X0.4845 Y4.3967 Z-0.0354 I-0.1122 J0.
N19485 X0.3401 Y4.4195 Z-0.0264 I-0.0836 J-0.0607
N19490 G1 G40 X0.3937 Y4.3307
N19495 Z0.1969
N19500 Z-0.5207
N19505 Z-0.5994
N19510 G41 X0.4055 Y4.2244 D14
N19515 G3 X0.5118 Y4.3307 Z-0.5906 I0. J0.1063
N19520 X0.2756 Z-0.5709 I-0.1181 J0.
N19525 X0.5118 Z-0.5512 I0.1181 J0.
N19530 X0.2756 Z-0.5315 I-0.1181 J0.
N19535 X0.5118 Z-0.5118 I0.1181 J0.
N19540 X0.2756 Z-0.4921 I-0.1181 J0.
N19545 X0.5118 Z-0.4724 I0.1181 J0.
N19550 X0.2756 Z-0.4528 I-0.1181 J0.
N19555 X0.5118 Z-0.4331 I0.1181 J0.
N19560 X0.2756 Z-0.4134 I-0.1181 J0.
N19565 X0.5118 Z-0.3937 I0.1181 J0.
N19570 X0.2756 Z-0.374 I-0.1181 J0.
N19575 X0.5118 Z-0.3543 I0.1181 J0.
N19580 X0.2756 Z-0.3346 I-0.1181 J0.
N19585 X0.5118 Z-0.315 I0.1181 J0.
N19590 X0.2756 Z-0.2953 I-0.1181 J0.
N19595 X0.5118 Z-0.2756 I0.1181 J0.
N19600 X0.2756 Z-0.2559 I-0.1181 J0.
N19605 X0.5118 Z-0.2362 I0.1181 J0.
N19610 X0.2756 Z-0.2165 I-0.1181 J0.
N19615 X0.5118 Z-0.1969 I0.1181 J0.
N19620 X0.2756 Z-0.1772 I-0.1181 J0.
N19625 X0.5118 Z-0.1575 I0.1181 J0.
N19630 X0.2756 Z-0.1378 I-0.1181 J0.
N19635 X0.5118 Z-0.1181 I0.1181 J0.
N19640 X0.2756 Z-0.0984 I-0.1181 J0.
N19645 X0.5118 Z-0.0787 I0.1181 J0.
N19650 X0.2756 Z-0.0591 I-0.1181 J0.
N19655 X0.5118 Z-0.0394 I0.1181 J0.
N19660 X0.4893 Y4.4001 Z-0.0354 I-0.1181 J0.
N19665 X0.3408 Y4.4236 Z-0.0266 I-0.086 J-0.0625
N19670 G1 G40 X0.3937 Y4.3307
N19675 Z0.1969
N19680 X1.1811
N19685 Z-0.5211
N19690 Z-0.5998
N19695 G41 X1.187 Y4.2303 D14
N19700 G3 X1.2874 Y4.3307 Z-0.5906 I0. J0.1004
N19705 X1.0748 Z-0.5709 I-0.1063 J0.
N19710 X1.2874 Z-0.5512 I0.1063 J0.
N19715 X1.0748 Z-0.5315 I-0.1063 J0.
N19720 X1.2874 Z-0.5118 I0.1063 J0.
N19725 X1.0748 Z-0.4921 I-0.1063 J0.
N19730 X1.2874 Z-0.4724 I0.1063 J0.
N19735 X1.0748 Z-0.4528 I-0.1063 J0.
N19740 X1.2874 Z-0.4331 I0.1063 J0.
N19745 X1.0748 Z-0.4134 I-0.1063 J0.
N19750 X1.2874 Z-0.3937 I0.1063 J0.
N19755 X1.0748 Z-0.374 I-0.1063 J0.
N19760 X1.2874 Z-0.3543 I0.1063 J0.
N19765 X1.0748 Z-0.3346 I-0.1063 J0.
N19770 X1.2874 Z-0.315 I0.1063 J0.
N19775 X1.0748 Z-0.2953 I-0.1063 J0.
N19780 X1.2874 Z-0.2756 I0.1063 J0.
N19785 X1.0748 Z-0.2559 I-0.1063 J0.
N19790 X1.2874 Z-0.2362 I0.1063 J0.
N19795 X1.0748 Z-0.2165 I-0.1063 J0.
N19800 X1.2874 Z-0.1969 I0.1063 J0.
N19805 X1.0748 Z-0.1772 I-0.1063 J0.
N19810 X1.2874 Z-0.1575 I0.1063 J0.
N19815 X1.0748 Z-0.1378 I-0.1063 J0.
N19820 X1.2874 Z-0.1181 I0.1063 J0.
N19825 X1.0748 Z-0.0984 I-0.1063 J0.
N19830 X1.2874 Z-0.0787 I0.1063 J0.
N19835 X1.0748 Z-0.0591 I-0.1063 J0.
N19840 X1.2874 Z-0.0394 I0.1063 J0.
N19845 X1.2671 Y4.3932 Z-0.0354 I-0.1063 J0.
N19850 X1.1269 Y4.4154 Z-0.0261 I-0.0812 J-0.059
N19855 G1 G40 X1.1811 Y4.3307
N19860 Z0.1969
N19865 Z-0.5209
N19870 Z-0.5996
N19875 G41 X1.19 Y4.2274 D14
N19880 G3 X1.2933 Y4.3307 Z-0.5906 I0. J0.1033
N19885 X1.0689 Z-0.5709 I-0.1122 J0.
N19890 X1.2933 Z-0.5512 I0.1122 J0.
N19895 X1.0689 Z-0.5315 I-0.1122 J0.
N19900 X1.2933 Z-0.5118 I0.1122 J0.
N19905 X1.0689 Z-0.4921 I-0.1122 J0.
N19910 X1.2933 Z-0.4724 I0.1122 J0.
N19915 X1.0689 Z-0.4528 I-0.1122 J0.
N19920 X1.2933 Z-0.4331 I0.1122 J0.
N19925 X1.0689 Z-0.4134 I-0.1122 J0.
N19930 X1.2933 Z-0.3937 I0.1122 J0.
N19935 X1.0689 Z-0.374 I-0.1122 J0.
N19940 X1.2933 Z-0.3543 I0.1122 J0.
N19945 X1.0689 Z-0.3346 I-0.1122 J0.
N19950 X1.2933 Z-0.315 I0.1122 J0.
N19955 X1.0689 Z-0.2953 I-0.1122 J0.
N19960 X1.2933 Z-0.2756 I0.1122 J0.
N19965 X1.0689 Z-0.2559 I-0.1122 J0.
N19970 X1.2933 Z-0.2362 I0.1122 J0.
N19975 X1.0689 Z-0.2165 I-0.1122 J0.
N19980 X1.2933 Z-0.1969 I0.1122 J0.
N19985 X1.0689 Z-0.1772 I-0.1122 J0.
N19990 X1.2933 Z-0.1575 I0.1122 J0.
N19995 X1.0689 Z-0.1378 I-0.1122 J0.
N20000 X1.2933 Z-0.1181 I0.1122 J0.
N20005 X1.0689 Z-0.0984 I-0.1122 J0.
N20010 X1.2933 Z-0.0787 I0.1122 J0.
N20015 X1.0689 Z-0.0591 I-0.1122 J0.
N20020 X1.2933 Z-0.0394 I0.1122 J0.
N20025 X1.2719 Y4.3967 Z-0.0354 I-0.1122 J0.
N20030 X1.1275 Y4.4195 Z-0.0264 I-0.0836 J-0.0607
N20035 G1 G40 X1.1811 Y4.3307
N20040 Z0.1969
N20045 Z-0.5207
N20050 Z-0.5994
N20055 G41 X1.1929 Y4.2244 D14
N20060 G3 X1.2992 Y4.3307 Z-0.5906 I0. J0.1063
N20065 X1.063 Z-0.5709 I-0.1181 J0.
N20070 X1.2992 Z-0.5512 I0.1181 J0.
N20075 X1.063 Z-0.5315 I-0.1181 J0.
N20080 X1.2992 Z-0.5118 I0.1181 J0.
N20085 X1.063 Z-0.4921 I-0.1181 J0.
N20090 X1.2992 Z-0.4724 I0.1181 J0.
N20095 X1.063 Z-0.4528 I-0.1181 J0.
N20100 X1.2992 Z-0.4331 I0.1181 J0.
N20105 X1.063 Z-0.4134 I-0.1181 J0.
N20110 X1.2992 Z-0.3937 I0.1181 J0.
N20115 X1.063 Z-0.374 I-0.1181 J0.
N20120 X1.2992 Z-0.3543 I0.1181 J0.
N20125 X1.063 Z-0.3346 I-0.1181 J0.
N20130 X1.2992 Z-0.315 I0.1181 J0.
N20135 X1.063 Z-0.2953 I-0.1181 J0.
N20140 X1.2992 Z-0.2756 I0.1181 J0.
N20145 X1.063 Z-0.2559 I-0.1181 J0.
N20150 X1.2992 Z-0.2362 I0.1181 J0.
N20155 X1.063 Z-0.2165 I-0.1181 J0.
N20160 X1.2992 Z-0.1969 I0.1181 J0.
N20165 X1.063 Z-0.1772 I-0.1181 J0.
N20170 X1.2992 Z-0.1575 I0.1181 J0.
N20175 X1.063 Z-0.1378 I-0.1181 J0.
N20180 X1.2992 Z-0.1181 I0.1181 J0.
N20185 X1.063 Z-0.0984 I-0.1181 J0.
N20190 X1.2992 Z-0.0787 I0.1181 J0.
N20195 X1.063 Z-0.0591 I-0.1181 J0.
N20200 X1.2992 Z-0.0394 I0.1181 J0.
N20205 X1.2767 Y4.4001 Z-0.0354 I-0.1181 J0.
N20210 X1.1282 Y4.4236 Z-0.0266 I-0.086 J-0.0625
N20215 G1 G40 X1.1811 Y4.3307
N20220 Z0.1969
N20225 X1.9685
N20230 Z-0.5211
N20235 Z-0.5998
N20240 G41 X1.9744 Y4.2303 D14
N20245 G3 X2.0748 Y4.3307 Z-0.5906 I0. J0.1004
N20250 X1.8622 Z-0.5709 I-0.1063 J0.
N20255 X2.0748 Z-0.5512 I0.1063 J0.
N20260 X1.8622 Z-0.5315 I-0.1063 J0.
N20265 X2.0748 Z-0.5118 I0.1063 J0.
N20270 X1.8622 Z-0.4921 I-0.1063 J0.
N20275 X2.0748 Z-0.4724 I0.1063 J0.
N20280 X1.8622 Z-0.4528 I-0.1063 J0.
N20285 X2.0748 Z-0.4331 I0.1063 J0.
N20290 X1.8622 Z-0.4134 I-0.1063 J0.
N20295 X2.0748 Z-0.3937 I0.1063 J0.
N20300 X1.8622 Z-0.374 I-0.1063 J0.
N20305 X2.0748 Z-0.3543 I0.1063 J0.
N20310 X1.8622 Z-0.3346 I-0.1063 J0.
N20315 X2.0748 Z-0.315 I0.1063 J0.
N20320 X1.8622 Z-0.2953 I-0.1063 J0.
N20325 X2.0748 Z-0.2756 I0.1063 J0.
N20330 X1.8622 Z-0.2559 I-0.1063 J0.
N20335 X2.0748 Z-0.2362 I0.1063 J0.
N20340 X1.8622 Z-0.2165 I-0.1063 J0.
N20345 X2.0748 Z-0.1969 I0.1063 J0.
N20350 X1.8622 Z-0.1772 I-0.1063 J0.
N20355 X2.0748 Z-0.1575 I0.1063 J0.
N20360 X1.8622 Z-0.1378 I-0.1063 J0.
N20365 X2.0748 Z-0.1181 I0.1063 J0.
N20370 X1.8622 Z-0.0984 I-0.1063 J0.
N20375 X2.0748 Z-0.0787 I0.1063 J0.
N20380 X1.8622 Z-0.0591 I-0.1063 J0.
N20385 X2.0748 Z-0.0394 I0.1063 J0.
N20390 X2.0545 Y4.3932 Z-0.0354 I-0.1063 J0.
N20395 X1.9143 Y4.4154 Z-0.0261 I-0.0812 J-0.059
N20400 G1 G40 X1.9685 Y4.3307
N20405 Z0.1969
N20410 Z-0.5209
N20415 Z-0.5996
N20420 G41 X1.9774 Y4.2274 D14
N20425 G3 X2.0807 Y4.3307 Z-0.5906 I0. J0.1033
N20430 X1.8563 Z-0.5709 I-0.1122 J0.
N20435 X2.0807 Z-0.5512 I0.1122 J0.
N20440 X1.8563 Z-0.5315 I-0.1122 J0.
N20445 X2.0807 Z-0.5118 I0.1122 J0.
N20450 X1.8563 Z-0.4921 I-0.1122 J0.
N20455 X2.0807 Z-0.4724 I0.1122 J0.
N20460 X1.8563 Z-0.4528 I-0.1122 J0.
N20465 X2.0807 Z-0.4331 I0.1122 J0.
N20470 X1.8563 Z-0.4134 I-0.1122 J0.
N20475 X2.0807 Z-0.3937 I0.1122 J0.
N20480 X1.8563 Z-0.374 I-0.1122 J0.
N20485 X2.0807 Z-0.3543 I0.1122 J0.
N20490 X1.8563 Z-0.3346 I-0.1122 J0.
N20495 X2.0807 Z-0.315 I0.1122 J0.
N20500 X1.8563 Z-0.2953 I-0.1122 J0.
N20505 X2.0807 Z-0.2756 I0.1122 J0.
N20510 X1.8563 Z-0.2559 I-0.1122 J0.
N20515 X2.0807 Z-0.2362 I0.1122 J0.
N20520 X1.8563 Z-0.2165 I-0.1122 J0.
N20525 X2.0807 Z-0.1969 I0.1122 J0.
N20530 X1.8563 Z-0.1772 I-0.1122 J0.
N20535 X2.0807 Z-0.1575 I0.1122 J0.
N20540 X1.8563 Z-0.1378 I-0.1122 J0.
N20545 X2.0807 Z-0.1181 I0.1122 J0.
N20550 X1.8563 Z-0.0984 I-0.1122 J0.
N20555 X2.0807 Z-0.0787 I0.1122 J0.
N20560 X1.8563 Z-0.0591 I-0.1122 J0.
N20565 X2.0807 Z-0.0394 I0.1122 J0.
N20570 X2.0593 Y4.3967 Z-0.0354 I-0.1122 J0.
N20575 X1.9149 Y4.4195 Z-0.0264 I-0.0836 J-0.0607
N20580 G1 G40 X1.9685 Y4.3307
N20585 Z0.1969
N20590 Z-0.5207
N20595 Z-0.5994
N20600 G41 X1.9803 Y4.2244 D14
N20605 G3 X2.0866 Y4.3307 Z-0.5906 I0. J0.1063
N20610 X1.8504 Z-0.5709 I-0.1181 J0.
N20615 X2.0866 Z-0.5512 I0.1181 J0.
N20620 X1.8504 Z-0.5315 I-0.1181 J0.
N20625 X2.0866 Z-0.5118 I0.1181 J0.
N20630 X1.8504 Z-0.4921 I-0.1181 J0.
N20635 X2.0866 Z-0.4724 I0.1181 J0.
N20640 X1.8504 Z-0.4528 I-0.1181 J0.
N20645 X2.0866 Z-0.4331 I0.1181 J0.
N20650 X1.8504 Z-0.4134 I-0.1181 J0.
N20655 X2.0866 Z-0.3937 I0.1181 J0.
N20660 X1.8504 Z-0.374 I-0.1181 J0.
N20665 X2.0866 Z-0.3543 I0.1181 J0.
N20670 X1.8504 Z-0.3346 I-0.1181 J0.
N20675 X2.0866 Z-0.315 I0.1181 J0.
N20680 X1.8504 Z-0.2953 I-0.1181 J0.
N20685 X2.0866 Z-0.2756 I0.1181 J0.
N20690 X1.8504 Z-0.2559 I-0.1181 J0.
N20695 X2.0866 Z-0.2362 I0.1181 J0.
N20700 X1.8504 Z-0.2165 I-0.1181 J0.
N20705 X2.0866 Z-0.1969 I0.1181 J0.
N20710 X1.8504 Z-0.1772 I-0.1181 J0.
N20715 X2.0866 Z-0.1575 I0.1181 J0.
N20720 X1.8504 Z-0.1378 I-0.1181 J0.
N20725 X2.0866 Z-0.1181 I0.1181 J0.
N20730 X1.8504 Z-0.0984 I-0.1181 J0.
N20735 X2.0866 Z-0.0787 I0.1181 J0.
N20740 X1.8504 Z-0.0591 I-0.1181 J0.
N20745 X2.0866 Z-0.0394 I0.1181 J0.
N20750 X2.0641 Y4.4001 Z-0.0354 I-0.1181 J0.
N20755 X1.9156 Y4.4236 Z-0.0266 I-0.086 J-0.0625
N20760 G1 G40 X1.9685 Y4.3307
N20765 Z0.1969
N20770 X2.7559
N20775 Z-0.5211
N20780 Z-0.5998
N20785 G41 X2.7618 Y4.2303 D14
N20790 G3 X2.8622 Y4.3307 Z-0.5906 I0. J0.1004
N20795 X2.6496 Z-0.5709 I-0.1063 J0.
N20800 X2.8622 Z-0.5512 I0.1063 J0.
N20805 X2.6496 Z-0.5315 I-0.1063 J0.
N20810 X2.8622 Z-0.5118 I0.1063 J0.
N20815 X2.6496 Z-0.4921 I-0.1063 J0.
N20820 X2.8622 Z-0.4724 I0.1063 J0.
N20825 X2.6496 Z-0.4528 I-0.1063 J0.
N20830 X2.8622 Z-0.4331 I0.1063 J0.
N20835 X2.6496 Z-0.4134 I-0.1063 J0.
N20840 X2.8622 Z-0.3937 I0.1063 J0.
N20845 X2.6496 Z-0.374 I-0.1063 J0.
N20850 X2.8622 Z-0.3543 I0.1063 J0.
N20855 X2.6496 Z-0.3346 I-0.1063 J0.
N20860 X2.8622 Z-0.315 I0.1063 J0.
N20865 X2.6496 Z-0.2953 I-0.1063 J0.
N20870 X2.8622 Z-0.2756 I0.1063 J0.
N20875 X2.6496 Z-0.2559 I-0.1063 J0.
N20880 X2.8622 Z-0.2362 I0.1063 J0.
N20885 X2.6496 Z-0.2165 I-0.1063 J0.
N20890 X2.8622 Z-0.1969 I0.1063 J0.
N20895 X2.6496 Z-0.1772 I-0.1063 J0.
N20900 X2.8622 Z-0.1575 I0.1063 J0.
N20905 X2.6496 Z-0.1378 I-0.1063 J0.
N20910 X2.8622 Z-0.1181 I0.1063 J0.
N20915 X2.6496 Z-0.0984 I-0.1063 J0.
N20920 X2.8622 Z-0.0787 I0.1063 J0.
N20925 X2.6496 Z-0.0591 I-0.1063 J0.
N20930 X2.8622 Z-0.0394 I0.1063 J0.
N20935 X2.8419 Y4.3932 Z-0.0354 I-0.1063 J0.
N20940 X2.7017 Y4.4154 Z-0.0261 I-0.0812 J-0.059
N20945 G1 G40 X2.7559 Y4.3307
N20950 Z0.1969
N20955 Z-0.5209
N20960 Z-0.5996
N20965 G41 X2.7648 Y4.2274 D14
N20970 G3 X2.8681 Y4.3307 Z-0.5906 I0. J0.1033
N20975 X2.6437 Z-0.5709 I-0.1122 J0.
N20980 X2.8681 Z-0.5512 I0.1122 J0.
N20985 X2.6437 Z-0.5315 I-0.1122 J0.
N20990 X2.8681 Z-0.5118 I0.1122 J0.
N20995 X2.6437 Z-0.4921 I-0.1122 J0.
N21000 X2.8681 Z-0.4724 I0.1122 J0.
N21005 X2.6437 Z-0.4528 I-0.1122 J0.
N21010 X2.8681 Z-0.4331 I0.1122 J0.
N21015 X2.6437 Z-0.4134 I-0.1122 J0.
N21020 X2.8681 Z-0.3937 I0.1122 J0.
N21025 X2.6437 Z-0.374 I-0.1122 J0.
N21030 X2.8681 Z-0.3543 I0.1122 J0.
N21035 X2.6437 Z-0.3346 I-0.1122 J0.
N21040 X2.8681 Z-0.315 I0.1122 J0.
N21045 X2.6437 Z-0.2953 I-0.1122 J0.
N21050 X2.8681 Z-0.2756 I0.1122 J0.
N21055 X2.6437 Z-0.2559 I-0.1122 J0.
N21060 X2.8681 Z-0.2362 I0.1122 J0.
N21065 X2.6437 Z-0.2165 I-0.1122 J0.
N21070 X2.8681 Z-0.1969 I0.1122 J0.
N21075 X2.6437 Z-0.1772 I-0.1122 J0.
N21080 X2.8681 Z-0.1575 I0.1122 J0.
N21085 X2.6437 Z-0.1378 I-0.1122 J0.
N21090 X2.8681 Z-0.1181 I0.1122 J0.
N21095 X2.6437 Z-0.0984 I-0.1122 J0.
N21100 X2.8681 Z-0.0787 I0.1122 J0.
N21105 X2.6437 Z-0.0591 I-0.1122 J0.
N21110 X2.8681 Z-0.0394 I0.1122 J0.
N21115 X2.8467 Y4.3967 Z-0.0354 I-0.1122 J0.
N21120 X2.7023 Y4.4195 Z-0.0264 I-0.0836 J-0.0607
N21125 G1 G40 X2.7559 Y4.3307
N21130 Z0.1969
N21135 Z-0.5207
N21140 Z-0.5994
N21145 G41 X2.7677 Y4.2244 D14
N21150 G3 X2.874 Y4.3307 Z-0.5906 I0. J0.1063
N21155 X2.6378 Z-0.5709 I-0.1181 J0.
N21160 X2.874 Z-0.5512 I0.1181 J0.
N21165 X2.6378 Z-0.5315 I-0.1181 J0.
N21170 X2.874 Z-0.5118 I0.1181 J0.
N21175 X2.6378 Z-0.4921 I-0.1181 J0.
N21180 X2.874 Z-0.4724 I0.1181 J0.
N21185 X2.6378 Z-0.4528 I-0.1181 J0.
N21190 X2.874 Z-0.4331 I0.1181 J0.
N21195 X2.6378 Z-0.4134 I-0.1181 J0.
N21200 X2.874 Z-0.3937 I0.1181 J0.
N21205 X2.6378 Z-0.374 I-0.1181 J0.
N21210 X2.874 Z-0.3543 I0.1181 J0.
N21215 X2.6378 Z-0.3346 I-0.1181 J0.
N21220 X2.874 Z-0.315 I0.1181 J0.
N21225 X2.6378 Z-0.2953 I-0.1181 J0.
N21230 X2.874 Z-0.2756 I0.1181 J0.
N21235 X2.6378 Z-0.2559 I-0.1181 J0.
N21240 X2.874 Z-0.2362 I0.1181 J0.
N21245 X2.6378 Z-0.2165 I-0.1181 J0.
N21250 X2.874 Z-0.1969 I0.1181 J0.
N21255 X2.6378 Z-0.1772 I-0.1181 J0.
N21260 X2.874 Z-0.1575 I0.1181 J0.
N21265 X2.6378 Z-0.1378 I-0.1181 J0.
N21270 X2.874 Z-0.1181 I0.1181 J0.
N21275 X2.6378 Z-0.0984 I-0.1181 J0.
N21280 X2.874 Z-0.0787 I0.1181 J0.
N21285 X2.6378 Z-0.0591 I-0.1181 J0.
N21290 X2.874 Z-0.0394 I0.1181 J0.
N21295 X2.8515 Y4.4001 Z-0.0354 I-0.1181 J0.
N21300 X2.703 Y4.4236 Z-0.0266 I-0.086 J-0.0625
N21305 G1 G40 X2.7559 Y4.3307
N21310 Z0.1969
N21315 X3.5433
N21320 Z-0.5211
N21325 Z-0.5998
N21330 G41 X3.5492 Y4.2303 D14
N21335 G3 X3.6496 Y4.3307 Z-0.5906 I0. J0.1004
N21340 X3.437 Z-0.5709 I-0.1063 J0.
N21345 X3.6496 Z-0.5512 I0.1063 J0.
N21350 X3.437 Z-0.5315 I-0.1063 J0.
N21355 X3.6496 Z-0.5118 I0.1063 J0.
N21360 X3.437 Z-0.4921 I-0.1063 J0.
N21365 X3.6496 Z-0.4724 I0.1063 J0.
N21370 X3.437 Z-0.4528 I-0.1063 J0.
N21375 X3.6496 Z-0.4331 I0.1063 J0.
N21380 X3.437 Z-0.4134 I-0.1063 J0.
N21385 X3.6496 Z-0.3937 I0.1063 J0.
N21390 X3.437 Z-0.374 I-0.1063 J0.
N21395 X3.6496 Z-0.3543 I0.1063 J0.
N21400 X3.437 Z-0.3346 I-0.1063 J0.
N21405 X3.6496 Z-0.315 I0.1063 J0.
N21410 X3.437 Z-0.2953 I-0.1063 J0.
N21415 X3.6496 Z-0.2756 I0.1063 J0.
N21420 X3.437 Z-0.2559 I-0.1063 J0.
N21425 X3.6496 Z-0.2362 I0.1063 J0.
N21430 X3.437 Z-0.2165 I-0.1063 J0.
N21435 X3.6496 Z-0.1969 I0.1063 J0.
N21440 X3.437 Z-0.1772 I-0.1063 J0.
N21445 X3.6496 Z-0.1575 I0.1063 J0.
N21450 X3.437 Z-0.1378 I-0.1063 J0.
N21455 X3.6496 Z-0.1181 I0.1063 J0.
N21460 X3.437 Z-0.0984 I-0.1063 J0.
N21465 X3.6496 Z-0.0787 I0.1063 J0.
N21470 X3.437 Z-0.0591 I-0.1063 J0.
N21475 X3.6496 Z-0.0394 I0.1063 J0.
N21480 X3.6293 Y4.3932 Z-0.0354 I-0.1063 J0.
N21485 X3.4891 Y4.4154 Z-0.0261 I-0.0812 J-0.059
N21490 G1 G40 X3.5433 Y4.3307
N21495 Z0.1969
N21500 Z-0.5209
N21505 Z-0.5996
N21510 G41 X3.5522 Y4.2274 D14
N21515 G3 X3.6555 Y4.3307 Z-0.5906 I0. J0.1033
N21520 X3.4311 Z-0.5709 I-0.1122 J0.
N21525 X3.6555 Z-0.5512 I0.1122 J0.
N21530 X3.4311 Z-0.5315 I-0.1122 J0.
N21535 X3.6555 Z-0.5118 I0.1122 J0.
N21540 X3.4311 Z-0.4921 I-0.1122 J0.
N21545 X3.6555 Z-0.4724 I0.1122 J0.
N21550 X3.4311 Z-0.4528 I-0.1122 J0.
N21555 X3.6555 Z-0.4331 I0.1122 J0.
N21560 X3.4311 Z-0.4134 I-0.1122 J0.
N21565 X3.6555 Z-0.3937 I0.1122 J0.
N21570 X3.4311 Z-0.374 I-0.1122 J0.
N21575 X3.6555 Z-0.3543 I0.1122 J0.
N21580 X3.4311 Z-0.3346 I-0.1122 J0.
N21585 X3.6555 Z-0.315 I0.1122 J0.
N21590 X3.4311 Z-0.2953 I-0.1122 J0.
N21595 X3.6555 Z-0.2756 I0.1122 J0.
N21600 X3.4311 Z-0.2559 I-0.1122 J0.
N21605 X3.6555 Z-0.2362 I0.1122 J0.
N21610 X3.4311 Z-0.2165 I-0.1122 J0.
N21615 X3.6555 Z-0.1969 I0.1122 J0.
N21620 X3.4311 Z-0.1772 I-0.1122 J0.
N21625 X3.6555 Z-0.1575 I0.1122 J0.
N21630 X3.4311 Z-0.1378 I-0.1122 J0.
N21635 X3.6555 Z-0.1181 I0.1122 J0.
N21640 X3.4311 Z-0.0984 I-0.1122 J0.
N21645 X3.6555 Z-0.0787 I0.1122 J0.
N21650 X3.4311 Z-0.0591 I-0.1122 J0.
N21655 X3.6555 Z-0.0394 I0.1122 J0.
N21660 X3.6341 Y4.3967 Z-0.0354 I-0.1122 J0.
N21665 X3.4897 Y4.4195 Z-0.0264 I-0.0836 J-0.0607
N21670 G1 G40 X3.5433 Y4.3307
N21675 Z0.1969
N21680 Z-0.5207
N21685 Z-0.5994
N21690 G41 X3.5551 Y4.2244 D14
N21695 G3 X3.6614 Y4.3307 Z-0.5906 I0. J0.1063
N21700 X3.4252 Z-0.5709 I-0.1181 J0.
N21705 X3.6614 Z-0.5512 I0.1181 J0.
N21710 X3.4252 Z-0.5315 I-0.1181 J0.
N21715 X3.6614 Z-0.5118 I0.1181 J0.
N21720 X3.4252 Z-0.4921 I-0.1181 J0.
N21725 X3.6614 Z-0.4724 I0.1181 J0.
N21730 X3.4252 Z-0.4528 I-0.1181 J0.
N21735 X3.6614 Z-0.4331 I0.1181 J0.
N21740 X3.4252 Z-0.4134 I-0.1181 J0.
N21745 X3.6614 Z-0.3937 I0.1181 J0.
N21750 X3.4252 Z-0.374 I-0.1181 J0.
N21755 X3.6614 Z-0.3543 I0.1181 J0.
N21760 X3.4252 Z-0.3346 I-0.1181 J0.
N21765 X3.6614 Z-0.315 I0.1181 J0.
N21770 X3.4252 Z-0.2953 I-0.1181 J0.
N21775 X3.6614 Z-0.2756 I0.1181 J0.
N21780 X3.4252 Z-0.2559 I-0.1181 J0.
N21785 X3.6614 Z-0.2362 I0.1181 J0.
N21790 X3.4252 Z-0.2165 I-0.1181 J0.
N21795 X3.6614 Z-0.1969 I0.1181 J0.
N21800 X3.4252 Z-0.1772 I-0.1181 J0.
N21805 X3.6614 Z-0.1575 I0.1181 J0.
N21810 X3.4252 Z-0.1378 I-0.1181 J0.
N21815 X3.6614 Z-0.1181 I0.1181 J0.
N21820 X3.4252 Z-0.0984 I-0.1181 J0.
N21825 X3.6614 Z-0.0787 I0.1181 J0.
N21830 X3.4252 Z-0.0591 I-0.1181 J0.
N21835 X3.6614 Z-0.0394 I0.1181 J0.
N21840 X3.6389 Y4.4001 Z-0.0354 I-0.1181 J0.
N21845 X3.4904 Y4.4236 Z-0.0266 I-0.086 J-0.0625
N21850 G1 G40 X3.5433 Y4.3307
N21855 Z0.1969
N21860 X4.3307
N21865 Z-0.5211
N21870 Z-0.5998
N21875 G41 X4.3366 Y4.2303 D14
N21880 G3 X4.437 Y4.3307 Z-0.5906 I0. J0.1004
N21885 X4.2244 Z-0.5709 I-0.1063 J0.
N21890 X4.437 Z-0.5512 I0.1063 J0.
N21895 X4.2244 Z-0.5315 I-0.1063 J0.
N21900 X4.437 Z-0.5118 I0.1063 J0.
N21905 X4.2244 Z-0.4921 I-0.1063 J0.
N21910 X4.437 Z-0.4724 I0.1063 J0.
N21915 X4.2244 Z-0.4528 I-0.1063 J0.
N21920 X4.437 Z-0.4331 I0.1063 J0.
N21925 X4.2244 Z-0.4134 I-0.1063 J0.
N21930 X4.437 Z-0.3937 I0.1063 J0.
N21935 X4.2244 Z-0.374 I-0.1063 J0.
N21940 X4.437 Z-0.3543 I0.1063 J0.
N21945 X4.2244 Z-0.3346 I-0.1063 J0.
N21950 X4.437 Z-0.315 I0.1063 J0.
N21955 X4.2244 Z-0.2953 I-0.1063 J0.
N21960 X4.437 Z-0.2756 I0.1063 J0.
N21965 X4.2244 Z-0.2559 I-0.1063 J0.
N21970 X4.437 Z-0.2362 I0.1063 J0.
N21975 X4.2244 Z-0.2165 I-0.1063 J0.
N21980 X4.437 Z-0.1969 I0.1063 J0.
N21985 X4.2244 Z-0.1772 I-0.1063 J0.
N21990 X4.437 Z-0.1575 I0.1063 J0.
N21995 X4.2244 Z-0.1378 I-0.1063 J0.
N22000 X4.437 Z-0.1181 I0.1063 J0.
N22005 X4.2244 Z-0.0984 I-0.1063 J0.
N22010 X4.437 Z-0.0787 I0.1063 J0.
N22015 X4.2244 Z-0.0591 I-0.1063 J0.
N22020 X4.437 Z-0.0394 I0.1063 J0.
N22025 X4.4167 Y4.3932 Z-0.0354 I-0.1063 J0.
N22030 X4.2765 Y4.4154 Z-0.0261 I-0.0812 J-0.059
N22035 G1 G40 X4.3307 Y4.3307
N22040 Z0.1969
N22045 Z-0.5209
N22050 Z-0.5996
N22055 G41 X4.3396 Y4.2274 D14
N22060 G3 X4.4429 Y4.3307 Z-0.5906 I0. J0.1033
N22065 X4.2185 Z-0.5709 I-0.1122 J0.
N22070 X4.4429 Z-0.5512 I0.1122 J0.
N22075 X4.2185 Z-0.5315 I-0.1122 J0.
N22080 X4.4429 Z-0.5118 I0.1122 J0.
N22085 X4.2185 Z-0.4921 I-0.1122 J0.
N22090 X4.4429 Z-0.4724 I0.1122 J0.
N22095 X4.2185 Z-0.4528 I-0.1122 J0.
N22100 X4.4429 Z-0.4331 I0.1122 J0.
N22105 X4.2185 Z-0.4134 I-0.1122 J0.
N22110 X4.4429 Z-0.3937 I0.1122 J0.
N22115 X4.2185 Z-0.374 I-0.1122 J0.
N22120 X4.4429 Z-0.3543 I0.1122 J0.
N22125 X4.2185 Z-0.3346 I-0.1122 J0.
N22130 X4.4429 Z-0.315 I0.1122 J0.
N22135 X4.2185 Z-0.2953 I-0.1122 J0.
N22140 X4.4429 Z-0.2756 I0.1122 J0.
N22145 X4.2185 Z-0.2559 I-0.1122 J0.
N22150 X4.4429 Z-0.2362 I0.1122 J0.
N22155 X4.2185 Z-0.2165 I-0.1122 J0.
N22160 X4.4429 Z-0.1969 I0.1122 J0.
N22165 X4.2185 Z-0.1772 I-0.1122 J0.
N22170 X4.4429 Z-0.1575 I0.1122 J0.
N22175 X4.2185 Z-0.1378 I-0.1122 J0.
N22180 X4.4429 Z-0.1181 I0.1122 J0.
N22185 X4.2185 Z-0.0984 I-0.1122 J0.
N22190 X4.4429 Z-0.0787 I0.1122 J0.
N22195 X4.2185 Z-0.0591 I-0.1122 J0.
N22200 X4.4429 Z-0.0394 I0.1122 J0.
N22205 X4.4215 Y4.3967 Z-0.0354 I-0.1122 J0.
N22210 X4.2771 Y4.4195 Z-0.0264 I-0.0836 J-0.0607
N22215 G1 G40 X4.3307 Y4.3307
N22220 Z0.1969
N22225 Z-0.5207
N22230 Z-0.5994
N22235 G41 X4.3425 Y4.2244 D14
N22240 G3 X4.4488 Y4.3307 Z-0.5906 I0. J0.1063
N22245 X4.2126 Z-0.5709 I-0.1181 J0.
N22250 X4.4488 Z-0.5512 I0.1181 J0.
N22255 X4.2126 Z-0.5315 I-0.1181 J0.
N22260 X4.4488 Z-0.5118 I0.1181 J0.
N22265 X4.2126 Z-0.4921 I-0.1181 J0.
N22270 X4.4488 Z-0.4724 I0.1181 J0.
N22275 X4.2126 Z-0.4528 I-0.1181 J0.
N22280 X4.4488 Z-0.4331 I0.1181 J0.
N22285 X4.2126 Z-0.4134 I-0.1181 J0.
N22290 X4.4488 Z-0.3937 I0.1181 J0.
N22295 X4.2126 Z-0.374 I-0.1181 J0.
N22300 X4.4488 Z-0.3543 I0.1181 J0.
N22305 X4.2126 Z-0.3346 I-0.1181 J0.
N22310 X4.4488 Z-0.315 I0.1181 J0.
N22315 X4.2126 Z-0.2953 I-0.1181 J0.
N22320 X4.4488 Z-0.2756 I0.1181 J0.
N22325 X4.2126 Z-0.2559 I-0.1181 J0.
N22330 X4.4488 Z-0.2362 I0.1181 J0.
N22335 X4.2126 Z-0.2165 I-0.1181 J0.
N22340 X4.4488 Z-0.1969 I0.1181 J0.
N22345 X4.2126 Z-0.1772 I-0.1181 J0.
N22350 X4.4488 Z-0.1575 I0.1181 J0.
N22355 X4.2126 Z-0.1378 I-0.1181 J0.
N22360 X4.4488 Z-0.1181 I0.1181 J0.
N22365 X4.2126 Z-0.0984 I-0.1181 J0.
N22370 X4.4488 Z-0.0787 I0.1181 J0.
N22375 X4.2126 Z-0.0591 I-0.1181 J0.
N22380 X4.4488 Z-0.0394 I0.1181 J0.
N22385 X4.4263 Y4.4001 Z-0.0354 I-0.1181 J0.
N22390 X4.2778 Y4.4236 Z-0.0266 I-0.086 J-0.0625
N22395 G1 G40 X4.3307 Y4.3307
N22400 Z0.1969
N22405 X5.1181
N22410 Z-0.5211
N22415 Z-0.5998
N22420 G41 X5.124 Y4.2303 D14
N22425 G3 X5.2244 Y4.3307 Z-0.5906 I0. J0.1004
N22430 X5.0118 Z-0.5709 I-0.1063 J0.
N22435 X5.2244 Z-0.5512 I0.1063 J0.
N22440 X5.0118 Z-0.5315 I-0.1063 J0.
N22445 X5.2244 Z-0.5118 I0.1063 J0.
N22450 X5.0118 Z-0.4921 I-0.1063 J0.
N22455 X5.2244 Z-0.4724 I0.1063 J0.
N22460 X5.0118 Z-0.4528 I-0.1063 J0.
N22465 X5.2244 Z-0.4331 I0.1063 J0.
N22470 X5.0118 Z-0.4134 I-0.1063 J0.
N22475 X5.2244 Z-0.3937 I0.1063 J0.
N22480 X5.0118 Z-0.374 I-0.1063 J0.
N22485 X5.2244 Z-0.3543 I0.1063 J0.
N22490 X5.0118 Z-0.3346 I-0.1063 J0.
N22495 X5.2244 Z-0.315 I0.1063 J0.
N22500 X5.0118 Z-0.2953 I-0.1063 J0.
N22505 X5.2244 Z-0.2756 I0.1063 J0.
N22510 X5.0118 Z-0.2559 I-0.1063 J0.
N22515 X5.2244 Z-0.2362 I0.1063 J0.
N22520 X5.0118 Z-0.2165 I-0.1063 J0.
N22525 X5.2244 Z-0.1969 I0.1063 J0.
N22530 X5.0118 Z-0.1772 I-0.1063 J0.
N22535 X5.2244 Z-0.1575 I0.1063 J0.
N22540 X5.0118 Z-0.1378 I-0.1063 J0.
N22545 X5.2244 Z-0.1181 I0.1063 J0.
N22550 X5.0118 Z-0.0984 I-0.1063 J0.
N22555 X5.2244 Z-0.0787 I0.1063 J0.
N22560 X5.0118 Z-0.0591 I-0.1063 J0.
N22565 X5.2244 Z-0.0394 I0.1063 J0.
N22570 X5.2041 Y4.3932 Z-0.0354 I-0.1063 J0.
N22575 X5.0639 Y4.4154 Z-0.0261 I-0.0812 J-0.059
N22580 G1 G40 X5.1181 Y4.3307
N22585 Z0.1969
N22590 Z-0.5209
N22595 Z-0.5996
N22600 G41 X5.127 Y4.2274 D14
N22605 G3 X5.2303 Y4.3307 Z-0.5906 I0. J0.1033
N22610 X5.0059 Z-0.5709 I-0.1122 J0.
N22615 X5.2303 Z-0.5512 I0.1122 J0.
N22620 X5.0059 Z-0.5315 I-0.1122 J0.
N22625 X5.2303 Z-0.5118 I0.1122 J0.
N22630 X5.0059 Z-0.4921 I-0.1122 J0.
N22635 X5.2303 Z-0.4724 I0.1122 J0.
N22640 X5.0059 Z-0.4528 I-0.1122 J0.
N22645 X5.2303 Z-0.4331 I0.1122 J0.
N22650 X5.0059 Z-0.4134 I-0.1122 J0.
N22655 X5.2303 Z-0.3937 I0.1122 J0.
N22660 X5.0059 Z-0.374 I-0.1122 J0.
N22665 X5.2303 Z-0.3543 I0.1122 J0.
N22670 X5.0059 Z-0.3346 I-0.1122 J0.
N22675 X5.2303 Z-0.315 I0.1122 J0.
N22680 X5.0059 Z-0.2953 I-0.1122 J0.
N22685 X5.2303 Z-0.2756 I0.1122 J0.
N22690 X5.0059 Z-0.2559 I-0.1122 J0.
N22695 X5.2303 Z-0.2362 I0.1122 J0.
N22700 X5.0059 Z-0.2165 I-0.1122 J0.
N22705 X5.2303 Z-0.1969 I0.1122 J0.
N22710 X5.0059 Z-0.1772 I-0.1122 J0.
N22715 X5.2303 Z-0.1575 I0.1122 J0.
N22720 X5.0059 Z-0.1378 I-0.1122 J0.
N22725 X5.2303 Z-0.1181 I0.1122 J0.
N22730 X5.0059 Z-0.0984 I-0.1122 J0.
N22735 X5.2303 Z-0.0787 I0.1122 J0.
N22740 X5.0059 Z-0.0591 I-0.1122 J0.
N22745 X5.2303 Z-0.0394 I0.1122 J0.
N22750 X5.2089 Y4.3967 Z-0.0354 I-0.1122 J0.
N22755 X5.0645 Y4.4195 Z-0.0264 I-0.0836 J-0.0607
N22760 G1 G40 X5.1181 Y4.3307
N22765 Z0.1969
N22770 Z-0.5207
N22775 Z-0.5994
N22780 G41 X5.1299 Y4.2244 D14
N22785 G3 X5.2362 Y4.3307 Z-0.5906 I0. J0.1063
N22790 X5. Z-0.5709 I-0.1181 J0.
N22795 X5.2362 Z-0.5512 I0.1181 J0.
N22800 X5. Z-0.5315 I-0.1181 J0.
N22805 X5.2362 Z-0.5118 I0.1181 J0.
N22810 X5. Z-0.4921 I-0.1181 J0.
N22815 X5.2362 Z-0.4724 I0.1181 J0.
N22820 X5. Z-0.4528 I-0.1181 J0.
N22825 X5.2362 Z-0.4331 I0.1181 J0.
N22830 X5. Z-0.4134 I-0.1181 J0.
N22835 X5.2362 Z-0.3937 I0.1181 J0.
N22840 X5. Z-0.374 I-0.1181 J0.
N22845 X5.2362 Z-0.3543 I0.1181 J0.
N22850 X5. Z-0.3346 I-0.1181 J0.
N22855 X5.2362 Z-0.315 I0.1181 J0.
N22860 X5. Z-0.2953 I-0.1181 J0.
N22865 X5.2362 Z-0.2756 I0.1181 J0.
N22870 X5. Z-0.2559 I-0.1181 J0.
N22875 X5.2362 Z-0.2362 I0.1181 J0.
N22880 X5. Z-0.2165 I-0.1181 J0.
N22885 X5.2362 Z-0.1969 I0.1181 J0.
N22890 X5. Z-0.1772 I-0.1181 J0.
N22895 X5.2362 Z-0.1575 I0.1181 J0.
N22900 X5. Z-0.1378 I-0.1181 J0.
N22905 X5.2362 Z-0.1181 I0.1181 J0.
N22910 X5. Z-0.0984 I-0.1181 J0.
N22915 X5.2362 Z-0.0787 I0.1181 J0.
N22920 X5. Z-0.0591 I-0.1181 J0.
N22925 X5.2362 Z-0.0394 I0.1181 J0.
N22930 X5.2137 Y4.4001 Z-0.0354 I-0.1181 J0.
N22935 X5.0652 Y4.4236 Z-0.0266 I-0.086 J-0.0625
N22940 G1 G40 X5.1181 Y4.3307
N22945 Z0.1969
N22950 X4.3307 Y5.1181
N22955 Z-0.5211
N22960 Z-0.5998
N22965 G41 X4.3366 Y5.0177 D14
N22970 G3 X4.437 Y5.1181 Z-0.5906 I0. J0.1004
N22975 X4.2244 Z-0.5709 I-0.1063 J0.
N22980 X4.437 Z-0.5512 I0.1063 J0.
N22985 X4.2244 Z-0.5315 I-0.1063 J0.
N22990 X4.437 Z-0.5118 I0.1063 J0.
N22995 X4.2244 Z-0.4921 I-0.1063 J0.
N23000 X4.437 Z-0.4724 I0.1063 J0.
N23005 X4.2244 Z-0.4528 I-0.1063 J0.
N23010 X4.437 Z-0.4331 I0.1063 J0.
N23015 X4.2244 Z-0.4134 I-0.1063 J0.
N23020 X4.437 Z-0.3937 I0.1063 J0.
N23025 X4.2244 Z-0.374 I-0.1063 J0.
N23030 X4.437 Z-0.3543 I0.1063 J0.
N23035 X4.2244 Z-0.3346 I-0.1063 J0.
N23040 X4.437 Z-0.315 I0.1063 J0.
N23045 X4.2244 Z-0.2953 I-0.1063 J0.
N23050 X4.437 Z-0.2756 I0.1063 J0.
N23055 X4.2244 Z-0.2559 I-0.1063 J0.
N23060 X4.437 Z-0.2362 I0.1063 J0.
N23065 X4.2244 Z-0.2165 I-0.1063 J0.
N23070 X4.437 Z-0.1969 I0.1063 J0.
N23075 X4.2244 Z-0.1772 I-0.1063 J0.
N23080 X4.437 Z-0.1575 I0.1063 J0.
N23085 X4.2244 Z-0.1378 I-0.1063 J0.
N23090 X4.437 Z-0.1181 I0.1063 J0.
N23095 X4.2244 Z-0.0984 I-0.1063 J0.
N23100 X4.437 Z-0.0787 I0.1063 J0.
N23105 X4.2244 Z-0.0591 I-0.1063 J0.
N23110 X4.437 Z-0.0394 I0.1063 J0.
N23115 X4.4167 Y5.1806 Z-0.0354 I-0.1063 J0.
N23120 X4.2765 Y5.2028 Z-0.0261 I-0.0812 J-0.059
N23125 G1 G40 X4.3307 Y5.1181
N23130 Z0.1969
N23135 Z-0.5209
N23140 Z-0.5996
N23145 G41 X4.3396 Y5.0148 D14
N23150 G3 X4.4429 Y5.1181 Z-0.5906 I0. J0.1033
N23155 X4.2185 Z-0.5709 I-0.1122 J0.
N23160 X4.4429 Z-0.5512 I0.1122 J0.
N23165 X4.2185 Z-0.5315 I-0.1122 J0.
N23170 X4.4429 Z-0.5118 I0.1122 J0.
N23175 X4.2185 Z-0.4921 I-0.1122 J0.
N23180 X4.4429 Z-0.4724 I0.1122 J0.
N23185 X4.2185 Z-0.4528 I-0.1122 J0.
N23190 X4.4429 Z-0.4331 I0.1122 J0.
N23195 X4.2185 Z-0.4134 I-0.1122 J0.
N23200 X4.4429 Z-0.3937 I0.1122 J0.
N23205 X4.2185 Z-0.374 I-0.1122 J0.
N23210 X4.4429 Z-0.3543 I0.1122 J0.
N23215 X4.2185 Z-0.3346 I-0.1122 J0.
N23220 X4.4429 Z-0.315 I0.1122 J0.
N23225 X4.2185 Z-0.2953 I-0.1122 J0.
N23230 X4.4429 Z-0.2756 I0.1122 J0.
N23235 X4.2185 Z-0.2559 I-0.1122 J0.
N23240 X4.4429 Z-0.2362 I0.1122 J0.
N23245 X4.2185 Z-0.2165 I-0.1122 J0.
N23250 X4.4429 Z-0.1969 I0.1122 J0.
N23255 X4.2185 Z-0.1772 I-0.1122 J0.
N23260 X4.4429 Z-0.1575 I0.1122 J0.
N23265 X4.2185 Z-0.1378 I-0.1122 J0.
N23270 X4.4429 Z-0.1181 I0.1122 J0.
N23275 X4.2185 Z-0.0984 I-0.1122 J0.
N23280 X4.4429 Z-0.0787 I0.1122 J0.
N23285 X4.2185 Z-0.0591 I-0.1122 J0.
N23290 X4.4429 Z-0.0394 I0.1122 J0.
N23295 X4.4215 Y5.1841 Z-0.0354 I-0.1122 J0.
N23300 X4.2771 Y5.2069 Z-0.0264 I-0.0836 J-0.0607
N23305 G1 G40 X4.3307 Y5.1181
N23310 Z0.1969
N23315 Z-0.5207
N23320 Z-0.5994
N23325 G41 X4.3425 Y5.0118 D14
N23330 G3 X4.4488 Y5.1181 Z-0.5906 I0. J0.1063
N23335 X4.2126 Z-0.5709 I-0.1181 J0.
N23340 X4.4488 Z-0.5512 I0.1181 J0.
N23345 X4.2126 Z-0.5315 I-0.1181 J0.
N23350 X4.4488 Z-0.5118 I0.1181 J0.
N23355 X4.2126 Z-0.4921 I-0.1181 J0.
N23360 X4.4488 Z-0.4724 I0.1181 J0.
N23365 X4.2126 Z-0.4528 I-0.1181 J0.
N23370 X4.4488 Z-0.4331 I0.1181 J0.
N23375 X4.2126 Z-0.4134 I-0.1181 J0.
N23380 X4.4488 Z-0.3937 I0.1181 J0.
N23385 X4.2126 Z-0.374 I-0.1181 J0.
N23390 X4.4488 Z-0.3543 I0.1181 J0.
N23395 X4.2126 Z-0.3346 I-0.1181 J0.
N23400 X4.4488 Z-0.315 I0.1181 J0.
N23405 X4.2126 Z-0.2953 I-0.1181 J0.
N23410 X4.4488 Z-0.2756 I0.1181 J0.
N23415 X4.2126 Z-0.2559 I-0.1181 J0.
N23420 X4.4488 Z-0.2362 I0.1181 J0.
N23425 X4.2126 Z-0.2165 I-0.1181 J0.
N23430 X4.4488 Z-0.1969 I0.1181 J0.
N23435 X4.2126 Z-0.1772 I-0.1181 J0.
N23440 X4.4488 Z-0.1575 I0.1181 J0.
N23445 X4.2126 Z-0.1378 I-0.1181 J0.
N23450 X4.4488 Z-0.1181 I0.1181 J0.
N23455 X4.2126 Z-0.0984 I-0.1181 J0.
N23460 X4.4488 Z-0.0787 I0.1181 J0.
N23465 X4.2126 Z-0.0591 I-0.1181 J0.
N23470 X4.4488 Z-0.0394 I0.1181 J0.
N23475 X4.4263 Y5.1875 Z-0.0354 I-0.1181 J0.
N23480 X4.2778 Y5.2111 Z-0.0266 I-0.086 J-0.0625
N23485 G1 G40 X4.3307 Y5.1181
N23490 Z0.1969
N23495 X3.5433
N23500 Z-0.5211
N23505 Z-0.5998
N23510 G41 X3.5492 Y5.0177 D14
N23515 G3 X3.6496 Y5.1181 Z-0.5906 I0. J0.1004
N23520 X3.437 Z-0.5709 I-0.1063 J0.
N23525 X3.6496 Z-0.5512 I0.1063 J0.
N23530 X3.437 Z-0.5315 I-0.1063 J0.
N23535 X3.6496 Z-0.5118 I0.1063 J0.
N23540 X3.437 Z-0.4921 I-0.1063 J0.
N23545 X3.6496 Z-0.4724 I0.1063 J0.
N23550 X3.437 Z-0.4528 I-0.1063 J0.
N23555 X3.6496 Z-0.4331 I0.1063 J0.
N23560 X3.437 Z-0.4134 I-0.1063 J0.
N23565 X3.6496 Z-0.3937 I0.1063 J0.
N23570 X3.437 Z-0.374 I-0.1063 J0.
N23575 X3.6496 Z-0.3543 I0.1063 J0.
N23580 X3.437 Z-0.3346 I-0.1063 J0.
N23585 X3.6496 Z-0.315 I0.1063 J0.
N23590 X3.437 Z-0.2953 I-0.1063 J0.
N23595 X3.6496 Z-0.2756 I0.1063 J0.
N23600 X3.437 Z-0.2559 I-0.1063 J0.
N23605 X3.6496 Z-0.2362 I0.1063 J0.
N23610 X3.437 Z-0.2165 I-0.1063 J0.
N23615 X3.6496 Z-0.1969 I0.1063 J0.
N23620 X3.437 Z-0.1772 I-0.1063 J0.
N23625 X3.6496 Z-0.1575 I0.1063 J0.
N23630 X3.437 Z-0.1378 I-0.1063 J0.
N23635 X3.6496 Z-0.1181 I0.1063 J0.
N23640 X3.437 Z-0.0984 I-0.1063 J0.
N23645 X3.6496 Z-0.0787 I0.1063 J0.
N23650 X3.437 Z-0.0591 I-0.1063 J0.
N23655 X3.6496 Z-0.0394 I0.1063 J0.
N23660 X3.6293 Y5.1806 Z-0.0354 I-0.1063 J0.
N23665 X3.4891 Y5.2028 Z-0.0261 I-0.0812 J-0.059
N23670 G1 G40 X3.5433 Y5.1181
N23675 Z0.1969
N23680 Z-0.5209
N23685 Z-0.5996
N23690 G41 X3.5522 Y5.0148 D14
N23695 G3 X3.6555 Y5.1181 Z-0.5906 I0. J0.1033
N23700 X3.4311 Z-0.5709 I-0.1122 J0.
N23705 X3.6555 Z-0.5512 I0.1122 J0.
N23710 X3.4311 Z-0.5315 I-0.1122 J0.
N23715 X3.6555 Z-0.5118 I0.1122 J0.
N23720 X3.4311 Z-0.4921 I-0.1122 J0.
N23725 X3.6555 Z-0.4724 I0.1122 J0.
N23730 X3.4311 Z-0.4528 I-0.1122 J0.
N23735 X3.6555 Z-0.4331 I0.1122 J0.
N23740 X3.4311 Z-0.4134 I-0.1122 J0.
N23745 X3.6555 Z-0.3937 I0.1122 J0.
N23750 X3.4311 Z-0.374 I-0.1122 J0.
N23755 X3.6555 Z-0.3543 I0.1122 J0.
N23760 X3.4311 Z-0.3346 I-0.1122 J0.
N23765 X3.6555 Z-0.315 I0.1122 J0.
N23770 X3.4311 Z-0.2953 I-0.1122 J0.
N23775 X3.6555 Z-0.2756 I0.1122 J0.
N23780 X3.4311 Z-0.2559 I-0.1122 J0.
N23785 X3.6555 Z-0.2362 I0.1122 J0.
N23790 X3.4311 Z-0.2165 I-0.1122 J0.
N23795 X3.6555 Z-0.1969 I0.1122 J0.
N23800 X3.4311 Z-0.1772 I-0.1122 J0.
N23805 X3.6555 Z-0.1575 I0.1122 J0.
N23810 X3.4311 Z-0.1378 I-0.1122 J0.
N23815 X3.6555 Z-0.1181 I0.1122 J0.
N23820 X3.4311 Z-0.0984 I-0.1122 J0.
N23825 X3.6555 Z-0.0787 I0.1122 J0.
N23830 X3.4311 Z-0.0591 I-0.1122 J0.
N23835 X3.6555 Z-0.0394 I0.1122 J0.
N23840 X3.6341 Y5.1841 Z-0.0354 I-0.1122 J0.
N23845 X3.4897 Y5.2069 Z-0.0264 I-0.0836 J-0.0607
N23850 G1 G40 X3.5433 Y5.1181
N23855 Z0.1969
N23860 Z-0.5207
N23865 Z-0.5994
N23870 G41 X3.5551 Y5.0118 D14
N23875 G3 X3.6614 Y5.1181 Z-0.5906 I0. J0.1063
N23880 X3.4252 Z-0.5709 I-0.1181 J0.
N23885 X3.6614 Z-0.5512 I0.1181 J0.
N23890 X3.4252 Z-0.5315 I-0.1181 J0.
N23895 X3.6614 Z-0.5118 I0.1181 J0.
N23900 X3.4252 Z-0.4921 I-0.1181 J0.
N23905 X3.6614 Z-0.4724 I0.1181 J0.
N23910 X3.4252 Z-0.4528 I-0.1181 J0.
N23915 X3.6614 Z-0.4331 I0.1181 J0.
N23920 X3.4252 Z-0.4134 I-0.1181 J0.
N23925 X3.6614 Z-0.3937 I0.1181 J0.
N23930 X3.4252 Z-0.374 I-0.1181 J0.
N23935 X3.6614 Z-0.3543 I0.1181 J0.
N23940 X3.4252 Z-0.3346 I-0.1181 J0.
N23945 X3.6614 Z-0.315 I0.1181 J0.
N23950 X3.4252 Z-0.2953 I-0.1181 J0.
N23955 X3.6614 Z-0.2756 I0.1181 J0.
N23960 X3.4252 Z-0.2559 I-0.1181 J0.
N23965 X3.6614 Z-0.2362 I0.1181 J0.
N23970 X3.4252 Z-0.2165 I-0.1181 J0.
N23975 X3.6614 Z-0.1969 I0.1181 J0.
N23980 X3.4252 Z-0.1772 I-0.1181 J0.
N23985 X3.6614 Z-0.1575 I0.1181 J0.
N23990 X3.4252 Z-0.1378 I-0.1181 J0.
N23995 X3.6614 Z-0.1181 I0.1181 J0.
N24000 X3.4252 Z-0.0984 I-0.1181 J0.
N24005 X3.6614 Z-0.0787 I0.1181 J0.
N24010 X3.4252 Z-0.0591 I-0.1181 J0.
N24015 X3.6614 Z-0.0394 I0.1181 J0.
N24020 X3.6389 Y5.1875 Z-0.0354 I-0.1181 J0.
N24025 X3.4904 Y5.2111 Z-0.0266 I-0.086 J-0.0625
N24030 G1 G40 X3.5433 Y5.1181
N24035 Z0.1969
N24040 X2.7559
N24045 Z-0.5211
N24050 Z-0.5998
N24055 G41 X2.7618 Y5.0177 D14
N24060 G3 X2.8622 Y5.1181 Z-0.5906 I0. J0.1004
N24065 X2.6496 Z-0.5709 I-0.1063 J0.
N24070 X2.8622 Z-0.5512 I0.1063 J0.
N24075 X2.6496 Z-0.5315 I-0.1063 J0.
N24080 X2.8622 Z-0.5118 I0.1063 J0.
N24085 X2.6496 Z-0.4921 I-0.1063 J0.
N24090 X2.8622 Z-0.4724 I0.1063 J0.
N24095 X2.6496 Z-0.4528 I-0.1063 J0.
N24100 X2.8622 Z-0.4331 I0.1063 J0.
N24105 X2.6496 Z-0.4134 I-0.1063 J0.
N24110 X2.8622 Z-0.3937 I0.1063 J0.
N24115 X2.6496 Z-0.374 I-0.1063 J0.
N24120 X2.8622 Z-0.3543 I0.1063 J0.
N24125 X2.6496 Z-0.3346 I-0.1063 J0.
N24130 X2.8622 Z-0.315 I0.1063 J0.
N24135 X2.6496 Z-0.2953 I-0.1063 J0.
N24140 X2.8622 Z-0.2756 I0.1063 J0.
N24145 X2.6496 Z-0.2559 I-0.1063 J0.
N24150 X2.8622 Z-0.2362 I0.1063 J0.
N24155 X2.6496 Z-0.2165 I-0.1063 J0.
N24160 X2.8622 Z-0.1969 I0.1063 J0.
N24165 X2.6496 Z-0.1772 I-0.1063 J0.
N24170 X2.8622 Z-0.1575 I0.1063 J0.
N24175 X2.6496 Z-0.1378 I-0.1063 J0.
N24180 X2.8622 Z-0.1181 I0.1063 J0.
N24185 X2.6496 Z-0.0984 I-0.1063 J0.
N24190 X2.8622 Z-0.0787 I0.1063 J0.
N24195 X2.6496 Z-0.0591 I-0.1063 J0.
N24200 X2.8622 Z-0.0394 I0.1063 J0.
N24205 X2.8419 Y5.1806 Z-0.0354 I-0.1063 J0.
N24210 X2.7017 Y5.2028 Z-0.0261 I-0.0812 J-0.059
N24215 G1 G40 X2.7559 Y5.1181
N24220 Z0.1969
N24225 Z-0.5209
N24230 Z-0.5996
N24235 G41 X2.7648 Y5.0148 D14
N24240 G3 X2.8681 Y5.1181 Z-0.5906 I0. J0.1033
N24245 X2.6437 Z-0.5709 I-0.1122 J0.
N24250 X2.8681 Z-0.5512 I0.1122 J0.
N24255 X2.6437 Z-0.5315 I-0.1122 J0.
N24260 X2.8681 Z-0.5118 I0.1122 J0.
N24265 X2.6437 Z-0.4921 I-0.1122 J0.
N24270 X2.8681 Z-0.4724 I0.1122 J0.
N24275 X2.6437 Z-0.4528 I-0.1122 J0.
N24280 X2.8681 Z-0.4331 I0.1122 J0.
N24285 X2.6437 Z-0.4134 I-0.1122 J0.
N24290 X2.8681 Z-0.3937 I0.1122 J0.
N24295 X2.6437 Z-0.374 I-0.1122 J0.
N24300 X2.8681 Z-0.3543 I0.1122 J0.
N24305 X2.6437 Z-0.3346 I-0.1122 J0.
N24310 X2.8681 Z-0.315 I0.1122 J0.
N24315 X2.6437 Z-0.2953 I-0.1122 J0.
N24320 X2.8681 Z-0.2756 I0.1122 J0.
N24325 X2.6437 Z-0.2559 I-0.1122 J0.
N24330 X2.8681 Z-0.2362 I0.1122 J0.
N24335 X2.6437 Z-0.2165 I-0.1122 J0.
N24340 X2.8681 Z-0.1969 I0.1122 J0.
N24345 X2.6437 Z-0.1772 I-0.1122 J0.
N24350 X2.8681 Z-0.1575 I0.1122 J0.
N24355 X2.6437 Z-0.1378 I-0.1122 J0.
N24360 X2.8681 Z-0.1181 I0.1122 J0.
N24365 X2.6437 Z-0.0984 I-0.1122 J0.
N24370 X2.8681 Z-0.0787 I0.1122 J0.
N24375 X2.6437 Z-0.0591 I-0.1122 J0.
N24380 X2.8681 Z-0.0394 I0.1122 J0.
N24385 X2.8467 Y5.1841 Z-0.0354 I-0.1122 J0.
N24390 X2.7023 Y5.2069 Z-0.0264 I-0.0836 J-0.0607
N24395 G1 G40 X2.7559 Y5.1181
N24400 Z0.1969
N24405 Z-0.5207
N24410 Z-0.5994
N24415 G41 X2.7677 Y5.0118 D14
N24420 G3 X2.874 Y5.1181 Z-0.5906 I0. J0.1063
N24425 X2.6378 Z-0.5709 I-0.1181 J0.
N24430 X2.874 Z-0.5512 I0.1181 J0.
N24435 X2.6378 Z-0.5315 I-0.1181 J0.
N24440 X2.874 Z-0.5118 I0.1181 J0.
N24445 X2.6378 Z-0.4921 I-0.1181 J0.
N24450 X2.874 Z-0.4724 I0.1181 J0.
N24455 X2.6378 Z-0.4528 I-0.1181 J0.
N24460 X2.874 Z-0.4331 I0.1181 J0.
N24465 X2.6378 Z-0.4134 I-0.1181 J0.
N24470 X2.874 Z-0.3937 I0.1181 J0.
N24475 X2.6378 Z-0.374 I-0.1181 J0.
N24480 X2.874 Z-0.3543 I0.1181 J0.
N24485 X2.6378 Z-0.3346 I-0.1181 J0.
N24490 X2.874 Z-0.315 I0.1181 J0.
N24495 X2.6378 Z-0.2953 I-0.1181 J0.
N24500 X2.874 Z-0.2756 I0.1181 J0.
N24505 X2.6378 Z-0.2559 I-0.1181 J0.
N24510 X2.874 Z-0.2362 I0.1181 J0.
N24515 X2.6378 Z-0.2165 I-0.1181 J0.
N24520 X2.874 Z-0.1969 I0.1181 J0.
N24525 X2.6378 Z-0.1772 I-0.1181 J0.
N24530 X2.874 Z-0.1575 I0.1181 J0.
N24535 X2.6378 Z-0.1378 I-0.1181 J0.
N24540 X2.874 Z-0.1181 I0.1181 J0.
N24545 X2.6378 Z-0.0984 I-0.1181 J0.
N24550 X2.874 Z-0.0787 I0.1181 J0.
N24555 X2.6378 Z-0.0591 I-0.1181 J0.
N24560 X2.874 Z-0.0394 I0.1181 J0.
N24565 X2.8515 Y5.1875 Z-0.0354 I-0.1181 J0.
N24570 X2.703 Y5.2111 Z-0.0266 I-0.086 J-0.0625
N24575 G1 G40 X2.7559 Y5.1181
N24580 Z0.1969
N24585 X1.9685
N24590 Z-0.5211
N24595 Z-0.5998
N24600 G41 X1.9744 Y5.0177 D14
N24605 G3 X2.0748 Y5.1181 Z-0.5906 I0. J0.1004
N24610 X1.8622 Z-0.5709 I-0.1063 J0.
N24615 X2.0748 Z-0.5512 I0.1063 J0.
N24620 X1.8622 Z-0.5315 I-0.1063 J0.
N24625 X2.0748 Z-0.5118 I0.1063 J0.
N24630 X1.8622 Z-0.4921 I-0.1063 J0.
N24635 X2.0748 Z-0.4724 I0.1063 J0.
N24640 X1.8622 Z-0.4528 I-0.1063 J0.
N24645 X2.0748 Z-0.4331 I0.1063 J0.
N24650 X1.8622 Z-0.4134 I-0.1063 J0.
N24655 X2.0748 Z-0.3937 I0.1063 J0.
N24660 X1.8622 Z-0.374 I-0.1063 J0.
N24665 X2.0748 Z-0.3543 I0.1063 J0.
N24670 X1.8622 Z-0.3346 I-0.1063 J0.
N24675 X2.0748 Z-0.315 I0.1063 J0.
N24680 X1.8622 Z-0.2953 I-0.1063 J0.
N24685 X2.0748 Z-0.2756 I0.1063 J0.
N24690 X1.8622 Z-0.2559 I-0.1063 J0.
N24695 X2.0748 Z-0.2362 I0.1063 J0.
N24700 X1.8622 Z-0.2165 I-0.1063 J0.
N24705 X2.0748 Z-0.1969 I0.1063 J0.
N24710 X1.8622 Z-0.1772 I-0.1063 J0.
N24715 X2.0748 Z-0.1575 I0.1063 J0.
N24720 X1.8622 Z-0.1378 I-0.1063 J0.
N24725 X2.0748 Z-0.1181 I0.1063 J0.
N24730 X1.8622 Z-0.0984 I-0.1063 J0.
N24735 X2.0748 Z-0.0787 I0.1063 J0.
N24740 X1.8622 Z-0.0591 I-0.1063 J0.
N24745 X2.0748 Z-0.0394 I0.1063 J0.
N24750 X2.0545 Y5.1806 Z-0.0354 I-0.1063 J0.
N24755 X1.9143 Y5.2028 Z-0.0261 I-0.0812 J-0.059
N24760 G1 G40 X1.9685 Y5.1181
N24765 Z0.1969
N24770 Z-0.5209
N24775 Z-0.5996
N24780 G41 X1.9774 Y5.0148 D14
N24785 G3 X2.0807 Y5.1181 Z-0.5906 I0. J0.1033
N24790 X1.8563 Z-0.5709 I-0.1122 J0.
N24795 X2.0807 Z-0.5512 I0.1122 J0.
N24800 X1.8563 Z-0.5315 I-0.1122 J0.
N24805 X2.0807 Z-0.5118 I0.1122 J0.
N24810 X1.8563 Z-0.4921 I-0.1122 J0.
N24815 X2.0807 Z-0.4724 I0.1122 J0.
N24820 X1.8563 Z-0.4528 I-0.1122 J0.
N24825 X2.0807 Z-0.4331 I0.1122 J0.
N24830 X1.8563 Z-0.4134 I-0.1122 J0.
N24835 X2.0807 Z-0.3937 I0.1122 J0.
N24840 X1.8563 Z-0.374 I-0.1122 J0.
N24845 X2.0807 Z-0.3543 I0.1122 J0.
N24850 X1.8563 Z-0.3346 I-0.1122 J0.
N24855 X2.0807 Z-0.315 I0.1122 J0.
N24860 X1.8563 Z-0.2953 I-0.1122 J0.
N24865 X2.0807 Z-0.2756 I0.1122 J0.
N24870 X1.8563 Z-0.2559 I-0.1122 J0.
N24875 X2.0807 Z-0.2362 I0.1122 J0.
N24880 X1.8563 Z-0.2165 I-0.1122 J0.
N24885 X2.0807 Z-0.1969 I0.1122 J0.
N24890 X1.8563 Z-0.1772 I-0.1122 J0.
N24895 X2.0807 Z-0.1575 I0.1122 J0.
N24900 X1.8563 Z-0.1378 I-0.1122 J0.
N24905 X2.0807 Z-0.1181 I0.1122 J0.
N24910 X1.8563 Z-0.0984 I-0.1122 J0.
N24915 X2.0807 Z-0.0787 I0.1122 J0.
N24920 X1.8563 Z-0.0591 I-0.1122 J0.
N24925 X2.0807 Z-0.0394 I0.1122 J0.
N24930 X2.0593 Y5.1841 Z-0.0354 I-0.1122 J0.
N24935 X1.9149 Y5.2069 Z-0.0264 I-0.0836 J-0.0607
N24940 G1 G40 X1.9685 Y5.1181
N24945 Z0.1969
N24950 Z-0.5207
N24955 Z-0.5994
N24960 G41 X1.9803 Y5.0118 D14
N24965 G3 X2.0866 Y5.1181 Z-0.5906 I0. J0.1063
N24970 X1.8504 Z-0.5709 I-0.1181 J0.
N24975 X2.0866 Z-0.5512 I0.1181 J0.
N24980 X1.8504 Z-0.5315 I-0.1181 J0.
N24985 X2.0866 Z-0.5118 I0.1181 J0.
N24990 X1.8504 Z-0.4921 I-0.1181 J0.
N24995 X2.0866 Z-0.4724 I0.1181 J0.
N25000 X1.8504 Z-0.4528 I-0.1181 J0.
N25005 X2.0866 Z-0.4331 I0.1181 J0.
N25010 X1.8504 Z-0.4134 I-0.1181 J0.
N25015 X2.0866 Z-0.3937 I0.1181 J0.
N25020 X1.8504 Z-0.374 I-0.1181 J0.
N25025 X2.0866 Z-0.3543 I0.1181 J0.
N25030 X1.8504 Z-0.3346 I-0.1181 J0.
N25035 X2.0866 Z-0.315 I0.1181 J0.
N25040 X1.8504 Z-0.2953 I-0.1181 J0.
N25045 X2.0866 Z-0.2756 I0.1181 J0.
N25050 X1.8504 Z-0.2559 I-0.1181 J0.
N25055 X2.0866 Z-0.2362 I0.1181 J0.
N25060 X1.8504 Z-0.2165 I-0.1181 J0.
N25065 X2.0866 Z-0.1969 I0.1181 J0.
N25070 X1.8504 Z-0.1772 I-0.1181 J0.
N25075 X2.0866 Z-0.1575 I0.1181 J0.
N25080 X1.8504 Z-0.1378 I-0.1181 J0.
N25085 X2.0866 Z-0.1181 I0.1181 J0.
N25090 X1.8504 Z-0.0984 I-0.1181 J0.
N25095 X2.0866 Z-0.0787 I0.1181 J0.
N25100 X1.8504 Z-0.0591 I-0.1181 J0.
N25105 X2.0866 Z-0.0394 I0.1181 J0.
N25110 X2.0641 Y5.1875 Z-0.0354 I-0.1181 J0.
N25115 X1.9156 Y5.2111 Z-0.0266 I-0.086 J-0.0625
N25120 G1 G40 X1.9685 Y5.1181
N25125 Z0.1969
N25130 X1.1811
N25135 Z-0.5211
N25140 Z-0.5998
N25145 G41 X1.187 Y5.0177 D14
N25150 G3 X1.2874 Y5.1181 Z-0.5906 I0. J0.1004
N25155 X1.0748 Z-0.5709 I-0.1063 J0.
N25160 X1.2874 Z-0.5512 I0.1063 J0.
N25165 X1.0748 Z-0.5315 I-0.1063 J0.
N25170 X1.2874 Z-0.5118 I0.1063 J0.
N25175 X1.0748 Z-0.4921 I-0.1063 J0.
N25180 X1.2874 Z-0.4724 I0.1063 J0.
N25185 X1.0748 Z-0.4528 I-0.1063 J0.
N25190 X1.2874 Z-0.4331 I0.1063 J0.
N25195 X1.0748 Z-0.4134 I-0.1063 J0.
N25200 X1.2874 Z-0.3937 I0.1063 J0.
N25205 X1.0748 Z-0.374 I-0.1063 J0.
N25210 X1.2874 Z-0.3543 I0.1063 J0.
N25215 X1.0748 Z-0.3346 I-0.1063 J0.
N25220 X1.2874 Z-0.315 I0.1063 J0.
N25225 X1.0748 Z-0.2953 I-0.1063 J0.
N25230 X1.2874 Z-0.2756 I0.1063 J0.
N25235 X1.0748 Z-0.2559 I-0.1063 J0.
N25240 X1.2874 Z-0.2362 I0.1063 J0.
N25245 X1.0748 Z-0.2165 I-0.1063 J0.
N25250 X1.2874 Z-0.1969 I0.1063 J0.
N25255 X1.0748 Z-0.1772 I-0.1063 J0.
N25260 X1.2874 Z-0.1575 I0.1063 J0.
N25265 X1.0748 Z-0.1378 I-0.1063 J0.
N25270 X1.2874 Z-0.1181 I0.1063 J0.
N25275 X1.0748 Z-0.0984 I-0.1063 J0.
N25280 X1.2874 Z-0.0787 I0.1063 J0.
N25285 X1.0748 Z-0.0591 I-0.1063 J0.
N25290 X1.2874 Z-0.0394 I0.1063 J0.
N25295 X1.2671 Y5.1806 Z-0.0354 I-0.1063 J0.
N25300 X1.1269 Y5.2028 Z-0.0261 I-0.0812 J-0.059
N25305 G1 G40 X1.1811 Y5.1181
N25310 Z0.1969
N25315 Z-0.5209
N25320 Z-0.5996
N25325 G41 X1.19 Y5.0148 D14
N25330 G3 X1.2933 Y5.1181 Z-0.5906 I0. J0.1033
N25335 X1.0689 Z-0.5709 I-0.1122 J0.
N25340 X1.2933 Z-0.5512 I0.1122 J0.
N25345 X1.0689 Z-0.5315 I-0.1122 J0.
N25350 X1.2933 Z-0.5118 I0.1122 J0.
N25355 X1.0689 Z-0.4921 I-0.1122 J0.
N25360 X1.2933 Z-0.4724 I0.1122 J0.
N25365 X1.0689 Z-0.4528 I-0.1122 J0.
N25370 X1.2933 Z-0.4331 I0.1122 J0.
N25375 X1.0689 Z-0.4134 I-0.1122 J0.
N25380 X1.2933 Z-0.3937 I0.1122 J0.
N25385 X1.0689 Z-0.374 I-0.1122 J0.
N25390 X1.2933 Z-0.3543 I0.1122 J0.
N25395 X1.0689 Z-0.3346 I-0.1122 J0.
N25400 X1.2933 Z-0.315 I0.1122 J0.
N25405 X1.0689 Z-0.2953 I-0.1122 J0.
N25410 X1.2933 Z-0.2756 I0.1122 J0.
N25415 X1.0689 Z-0.2559 I-0.1122 J0.
N25420 X1.2933 Z-0.2362 I0.1122 J0.
N25425 X1.0689 Z-0.2165 I-0.1122 J0.
N25430 X1.2933 Z-0.1969 I0.1122 J0.
N25435 X1.0689 Z-0.1772 I-0.1122 J0.
N25440 X1.2933 Z-0.1575 I0.1122 J0.
N25445 X1.0689 Z-0.1378 I-0.1122 J0.
N25450 X1.2933 Z-0.1181 I0.1122 J0.
N25455 X1.0689 Z-0.0984 I-0.1122 J0.
N25460 X1.2933 Z-0.0787 I0.1122 J0.
N25465 X1.0689 Z-0.0591 I-0.1122 J0.
N25470 X1.2933 Z-0.0394 I0.1122 J0.
N25475 X1.2719 Y5.1841 Z-0.0354 I-0.1122 J0.
N25480 X1.1275 Y5.2069 Z-0.0264 I-0.0836 J-0.0607
N25485 G1 G40 X1.1811 Y5.1181
N25490 Z0.1969
N25495 Z-0.5207
N25500 Z-0.5994
N25505 G41 X1.1929 Y5.0118 D14
N25510 G3 X1.2992 Y5.1181 Z-0.5906 I0. J0.1063
N25515 X1.063 Z-0.5709 I-0.1181 J0.
N25520 X1.2992 Z-0.5512 I0.1181 J0.
N25525 X1.063 Z-0.5315 I-0.1181 J0.
N25530 X1.2992 Z-0.5118 I0.1181 J0.
N25535 X1.063 Z-0.4921 I-0.1181 J0.
N25540 X1.2992 Z-0.4724 I0.1181 J0.
N25545 X1.063 Z-0.4528 I-0.1181 J0.
N25550 X1.2992 Z-0.4331 I0.1181 J0.
N25555 X1.063 Z-0.4134 I-0.1181 J0.
N25560 X1.2992 Z-0.3937 I0.1181 J0.
N25565 X1.063 Z-0.374 I-0.1181 J0.
N25570 X1.2992 Z-0.3543 I0.1181 J0.
N25575 X1.063 Z-0.3346 I-0.1181 J0.
N25580 X1.2992 Z-0.315 I0.1181 J0.
N25585 X1.063 Z-0.2953 I-0.1181 J0.
N25590 X1.2992 Z-0.2756 I0.1181 J0.
N25595 X1.063 Z-0.2559 I-0.1181 J0.
N25600 X1.2992 Z-0.2362 I0.1181 J0.
N25605 X1.063 Z-0.2165 I-0.1181 J0.
N25610 X1.2992 Z-0.1969 I0.1181 J0.
N25615 X1.063 Z-0.1772 I-0.1181 J0.
N25620 X1.2992 Z-0.1575 I0.1181 J0.
N25625 X1.063 Z-0.1378 I-0.1181 J0.
N25630 X1.2992 Z-0.1181 I0.1181 J0.
N25635 X1.063 Z-0.0984 I-0.1181 J0.
N25640 X1.2992 Z-0.0787 I0.1181 J0.
N25645 X1.063 Z-0.0591 I-0.1181 J0.
N25650 X1.2992 Z-0.0394 I0.1181 J0.
N25655 X1.2767 Y5.1875 Z-0.0354 I-0.1181 J0.
N25660 X1.1282 Y5.2111 Z-0.0266 I-0.086 J-0.0625
N25665 G1 G40 X1.1811 Y5.1181
N25670 Z0.1969
N25675 X0.3937
N25680 Z-0.5211
N25685 Z-0.5998
N25690 G41 X0.3996 Y5.0177 D14
N25695 G3 X0.5 Y5.1181 Z-0.5906 I0. J0.1004
N25700 X0.2874 Z-0.5709 I-0.1063 J0.
N25705 X0.5 Z-0.5512 I0.1063 J0.
N25710 X0.2874 Z-0.5315 I-0.1063 J0.
N25715 X0.5 Z-0.5118 I0.1063 J0.
N25720 X0.2874 Z-0.4921 I-0.1063 J0.
N25725 X0.5 Z-0.4724 I0.1063 J0.
N25730 X0.2874 Z-0.4528 I-0.1063 J0.
N25735 X0.5 Z-0.4331 I0.1063 J0.
N25740 X0.2874 Z-0.4134 I-0.1063 J0.
N25745 X0.5 Z-0.3937 I0.1063 J0.
N25750 X0.2874 Z-0.374 I-0.1063 J0.
N25755 X0.5 Z-0.3543 I0.1063 J0.
N25760 X0.2874 Z-0.3346 I-0.1063 J0.
N25765 X0.5 Z-0.315 I0.1063 J0.
N25770 X0.2874 Z-0.2953 I-0.1063 J0.
N25775 X0.5 Z-0.2756 I0.1063 J0.
N25780 X0.2874 Z-0.2559 I-0.1063 J0.
N25785 X0.5 Z-0.2362 I0.1063 J0.
N25790 X0.2874 Z-0.2165 I-0.1063 J0.
N25795 X0.5 Z-0.1969 I0.1063 J0.
N25800 X0.2874 Z-0.1772 I-0.1063 J0.
N25805 X0.5 Z-0.1575 I0.1063 J0.
N25810 X0.2874 Z-0.1378 I-0.1063 J0.
N25815 X0.5 Z-0.1181 I0.1063 J0.
N25820 X0.2874 Z-0.0984 I-0.1063 J0.
N25825 X0.5 Z-0.0787 I0.1063 J0.
N25830 X0.2874 Z-0.0591 I-0.1063 J0.
N25835 X0.5 Z-0.0394 I0.1063 J0.
N25840 X0.4797 Y5.1806 Z-0.0354 I-0.1063 J0.
N25845 X0.3395 Y5.2028 Z-0.0261 I-0.0812 J-0.059
N25850 G1 G40 X0.3937 Y5.1181
N25855 Z0.1969
N25860 Z-0.5209
N25865 Z-0.5996
N25870 G41 X0.4026 Y5.0148 D14
N25875 G3 X0.5059 Y5.1181 Z-0.5906 I0. J0.1033
N25880 X0.2815 Z-0.5709 I-0.1122 J0.
N25885 X0.5059 Z-0.5512 I0.1122 J0.
N25890 X0.2815 Z-0.5315 I-0.1122 J0.
N25895 X0.5059 Z-0.5118 I0.1122 J0.
N25900 X0.2815 Z-0.4921 I-0.1122 J0.
N25905 X0.5059 Z-0.4724 I0.1122 J0.
N25910 X0.2815 Z-0.4528 I-0.1122 J0.
N25915 X0.5059 Z-0.4331 I0.1122 J0.
N25920 X0.2815 Z-0.4134 I-0.1122 J0.
N25925 X0.5059 Z-0.3937 I0.1122 J0.
N25930 X0.2815 Z-0.374 I-0.1122 J0.
N25935 X0.5059 Z-0.3543 I0.1122 J0.
N25940 X0.2815 Z-0.3346 I-0.1122 J0.
N25945 X0.5059 Z-0.315 I0.1122 J0.
N25950 X0.2815 Z-0.2953 I-0.1122 J0.
N25955 X0.5059 Z-0.2756 I0.1122 J0.
N25960 X0.2815 Z-0.2559 I-0.1122 J0.
N25965 X0.5059 Z-0.2362 I0.1122 J0.
N25970 X0.2815 Z-0.2165 I-0.1122 J0.
N25975 X0.5059 Z-0.1969 I0.1122 J0.
N25980 X0.2815 Z-0.1772 I-0.1122 J0.
N25985 X0.5059 Z-0.1575 I0.1122 J0.
N25990 X0.2815 Z-0.1378 I-0.1122 J0.
N25995 X0.5059 Z-0.1181 I0.1122 J0.
N26000 X0.2815 Z-0.0984 I-0.1122 J0.
N26005 X0.5059 Z-0.0787 I0.1122 J0.
N26010 X0.2815 Z-0.0591 I-0.1122 J0.
N26015 X0.5059 Z-0.0394 I0.1122 J0.
N26020 X0.4845 Y5.1841 Z-0.0354 I-0.1122 J0.
N26025 X0.3401 Y5.2069 Z-0.0264 I-0.0836 J-0.0607
N26030 G1 G40 X0.3937 Y5.1181
N26035 Z0.1969
N26040 Z-0.5207
N26045 Z-0.5994
N26050 G41 X0.4055 Y5.0118 D14
N26055 G3 X0.5118 Y5.1181 Z-0.5906 I0. J0.1063
N26060 X0.2756 Z-0.5709 I-0.1181 J0.
N26065 X0.5118 Z-0.5512 I0.1181 J0.
N26070 X0.2756 Z-0.5315 I-0.1181 J0.
N26075 X0.5118 Z-0.5118 I0.1181 J0.
N26080 X0.2756 Z-0.4921 I-0.1181 J0.
N26085 X0.5118 Z-0.4724 I0.1181 J0.
N26090 X0.2756 Z-0.4528 I-0.1181 J0.
N26095 X0.5118 Z-0.4331 I0.1181 J0.
N26100 X0.2756 Z-0.4134 I-0.1181 J0.
N26105 X0.5118 Z-0.3937 I0.1181 J0.
N26110 X0.2756 Z-0.374 I-0.1181 J0.
N26115 X0.5118 Z-0.3543 I0.1181 J0.
N26120 X0.2756 Z-0.3346 I-0.1181 J0.
N26125 X0.5118 Z-0.315 I0.1181 J0.
N26130 X0.2756 Z-0.2953 I-0.1181 J0.
N26135 X0.5118 Z-0.2756 I0.1181 J0.
N26140 X0.2756 Z-0.2559 I-0.1181 J0.
N26145 X0.5118 Z-0.2362 I0.1181 J0.
N26150 X0.2756 Z-0.2165 I-0.1181 J0.
N26155 X0.5118 Z-0.1969 I0.1181 J0.
N26160 X0.2756 Z-0.1772 I-0.1181 J0.
N26165 X0.5118 Z-0.1575 I0.1181 J0.
N26170 X0.2756 Z-0.1378 I-0.1181 J0.
N26175 X0.5118 Z-0.1181 I0.1181 J0.
N26180 X0.2756 Z-0.0984 I-0.1181 J0.
N26185 X0.5118 Z-0.0787 I0.1181 J0.
N26190 X0.2756 Z-0.0591 I-0.1181 J0.
N26195 X0.5118 Z-0.0394 I0.1181 J0.
N26200 X0.4893 Y5.1875 Z-0.0354 I-0.1181 J0.
N26205 X0.3408 Y5.2111 Z-0.0266 I-0.086 J-0.0625
N26210 G1 G40 X0.3937 Y5.1181
N26215 Z0.1969
N26220 X-0.3937
N26225 Z-0.5211
N26230 Z-0.5998
N26235 G41 X-0.3878 Y5.0177 D14
N26240 G3 X-0.2874 Y5.1181 Z-0.5906 I0. J0.1004
N26245 X-0.5 Z-0.5709 I-0.1063 J0.
N26250 X-0.2874 Z-0.5512 I0.1063 J0.
N26255 X-0.5 Z-0.5315 I-0.1063 J0.
N26260 X-0.2874 Z-0.5118 I0.1063 J0.
N26265 X-0.5 Z-0.4921 I-0.1063 J0.
N26270 X-0.2874 Z-0.4724 I0.1063 J0.
N26275 X-0.5 Z-0.4528 I-0.1063 J0.
N26280 X-0.2874 Z-0.4331 I0.1063 J0.
N26285 X-0.5 Z-0.4134 I-0.1063 J0.
N26290 X-0.2874 Z-0.3937 I0.1063 J0.
N26295 X-0.5 Z-0.374 I-0.1063 J0.
N26300 X-0.2874 Z-0.3543 I0.1063 J0.
N26305 X-0.5 Z-0.3346 I-0.1063 J0.
N26310 X-0.2874 Z-0.315 I0.1063 J0.
N26315 X-0.5 Z-0.2953 I-0.1063 J0.
N26320 X-0.2874 Z-0.2756 I0.1063 J0.
N26325 X-0.5 Z-0.2559 I-0.1063 J0.
N26330 X-0.2874 Z-0.2362 I0.1063 J0.
N26335 X-0.5 Z-0.2165 I-0.1063 J0.
N26340 X-0.2874 Z-0.1969 I0.1063 J0.
N26345 X-0.5 Z-0.1772 I-0.1063 J0.
N26350 X-0.2874 Z-0.1575 I0.1063 J0.
N26355 X-0.5 Z-0.1378 I-0.1063 J0.
N26360 X-0.2874 Z-0.1181 I0.1063 J0.
N26365 X-0.5 Z-0.0984 I-0.1063 J0.
N26370 X-0.2874 Z-0.0787 I0.1063 J0.
N26375 X-0.5 Z-0.0591 I-0.1063 J0.
N26380 X-0.2874 Z-0.0394 I0.1063 J0.
N26385 X-0.3077 Y5.1806 Z-0.0354 I-0.1063 J0.
N26390 X-0.4479 Y5.2028 Z-0.0261 I-0.0812 J-0.059
N26395 G1 G40 X-0.3937 Y5.1181
N26400 Z0.1969
N26405 Z-0.5209
N26410 Z-0.5996
N26415 G41 X-0.3848 Y5.0148 D14
N26420 G3 X-0.2815 Y5.1181 Z-0.5906 I0. J0.1033
N26425 X-0.5059 Z-0.5709 I-0.1122 J0.
N26430 X-0.2815 Z-0.5512 I0.1122 J0.
N26435 X-0.5059 Z-0.5315 I-0.1122 J0.
N26440 X-0.2815 Z-0.5118 I0.1122 J0.
N26445 X-0.5059 Z-0.4921 I-0.1122 J0.
N26450 X-0.2815 Z-0.4724 I0.1122 J0.
N26455 X-0.5059 Z-0.4528 I-0.1122 J0.
N26460 X-0.2815 Z-0.4331 I0.1122 J0.
N26465 X-0.5059 Z-0.4134 I-0.1122 J0.
N26470 X-0.2815 Z-0.3937 I0.1122 J0.
N26475 X-0.5059 Z-0.374 I-0.1122 J0.
N26480 X-0.2815 Z-0.3543 I0.1122 J0.
N26485 X-0.5059 Z-0.3346 I-0.1122 J0.
N26490 X-0.2815 Z-0.315 I0.1122 J0.
N26495 X-0.5059 Z-0.2953 I-0.1122 J0.
N26500 X-0.2815 Z-0.2756 I0.1122 J0.
N26505 X-0.5059 Z-0.2559 I-0.1122 J0.
N26510 X-0.2815 Z-0.2362 I0.1122 J0.
N26515 X-0.5059 Z-0.2165 I-0.1122 J0.
N26520 X-0.2815 Z-0.1969 I0.1122 J0.
N26525 X-0.5059 Z-0.1772 I-0.1122 J0.
N26530 X-0.2815 Z-0.1575 I0.1122 J0.
N26535 X-0.5059 Z-0.1378 I-0.1122 J0.
N26540 X-0.2815 Z-0.1181 I0.1122 J0.
N26545 X-0.5059 Z-0.0984 I-0.1122 J0.
N26550 X-0.2815 Z-0.0787 I0.1122 J0.
N26555 X-0.5059 Z-0.0591 I-0.1122 J0.
N26560 X-0.2815 Z-0.0394 I0.1122 J0.
N26565 X-0.3029 Y5.1841 Z-0.0354 I-0.1122 J0.
N26570 X-0.4473 Y5.2069 Z-0.0264 I-0.0836 J-0.0607
N26575 G1 G40 X-0.3937 Y5.1181
N26580 Z0.1969
N26585 Z-0.5207
N26590 Z-0.5994
N26595 G41 X-0.3819 Y5.0118 D14
N26600 G3 X-0.2756 Y5.1181 Z-0.5906 I0. J0.1063
N26605 X-0.5118 Z-0.5709 I-0.1181 J0.
N26610 X-0.2756 Z-0.5512 I0.1181 J0.
N26615 X-0.5118 Z-0.5315 I-0.1181 J0.
N26620 X-0.2756 Z-0.5118 I0.1181 J0.
N26625 X-0.5118 Z-0.4921 I-0.1181 J0.
N26630 X-0.2756 Z-0.4724 I0.1181 J0.
N26635 X-0.5118 Z-0.4528 I-0.1181 J0.
N26640 X-0.2756 Z-0.4331 I0.1181 J0.
N26645 X-0.5118 Z-0.4134 I-0.1181 J0.
N26650 X-0.2756 Z-0.3937 I0.1181 J0.
N26655 X-0.5118 Z-0.374 I-0.1181 J0.
N26660 X-0.2756 Z-0.3543 I0.1181 J0.
N26665 X-0.5118 Z-0.3346 I-0.1181 J0.
N26670 X-0.2756 Z-0.315 I0.1181 J0.
N26675 X-0.5118 Z-0.2953 I-0.1181 J0.
N26680 X-0.2756 Z-0.2756 I0.1181 J0.
N26685 X-0.5118 Z-0.2559 I-0.1181 J0.
N26690 X-0.2756 Z-0.2362 I0.1181 J0.
N26695 X-0.5118 Z-0.2165 I-0.1181 J0.
N26700 X-0.2756 Z-0.1969 I0.1181 J0.
N26705 X-0.5118 Z-0.1772 I-0.1181 J0.
N26710 X-0.2756 Z-0.1575 I0.1181 J0.
N26715 X-0.5118 Z-0.1378 I-0.1181 J0.
N26720 X-0.2756 Z-0.1181 I0.1181 J0.
N26725 X-0.5118 Z-0.0984 I-0.1181 J0.
N26730 X-0.2756 Z-0.0787 I0.1181 J0.
N26735 X-0.5118 Z-0.0591 I-0.1181 J0.
N26740 X-0.2756 Z-0.0394 I0.1181 J0.
N26745 X-0.2981 Y5.1875 Z-0.0354 I-0.1181 J0.
N26750 X-0.4466 Y5.2111 Z-0.0266 I-0.086 J-0.0625
N26755 G1 G40 X-0.3937 Y5.1181
N26760 Z0.1969
N26765 X-1.1811
N26770 Z-0.5211
N26775 Z-0.5998
N26780 G41 X-1.1752 Y5.0177 D14
N26785 G3 X-1.0748 Y5.1181 Z-0.5906 I0. J0.1004
N26790 X-1.2874 Z-0.5709 I-0.1063 J0.
N26795 X-1.0748 Z-0.5512 I0.1063 J0.
N26800 X-1.2874 Z-0.5315 I-0.1063 J0.
N26805 X-1.0748 Z-0.5118 I0.1063 J0.
N26810 X-1.2874 Z-0.4921 I-0.1063 J0.
N26815 X-1.0748 Z-0.4724 I0.1063 J0.
N26820 X-1.2874 Z-0.4528 I-0.1063 J0.
N26825 X-1.0748 Z-0.4331 I0.1063 J0.
N26830 X-1.2874 Z-0.4134 I-0.1063 J0.
N26835 X-1.0748 Z-0.3937 I0.1063 J0.
N26840 X-1.2874 Z-0.374 I-0.1063 J0.
N26845 X-1.0748 Z-0.3543 I0.1063 J0.
N26850 X-1.2874 Z-0.3346 I-0.1063 J0.
N26855 X-1.0748 Z-0.315 I0.1063 J0.
N26860 X-1.2874 Z-0.2953 I-0.1063 J0.
N26865 X-1.0748 Z-0.2756 I0.1063 J0.
N26870 X-1.2874 Z-0.2559 I-0.1063 J0.
N26875 X-1.0748 Z-0.2362 I0.1063 J0.
N26880 X-1.2874 Z-0.2165 I-0.1063 J0.
N26885 X-1.0748 Z-0.1969 I0.1063 J0.
N26890 X-1.2874 Z-0.1772 I-0.1063 J0.
N26895 X-1.0748 Z-0.1575 I0.1063 J0.
N26900 X-1.2874 Z-0.1378 I-0.1063 J0.
N26905 X-1.0748 Z-0.1181 I0.1063 J0.
N26910 X-1.2874 Z-0.0984 I-0.1063 J0.
N26915 X-1.0748 Z-0.0787 I0.1063 J0.
N26920 X-1.2874 Z-0.0591 I-0.1063 J0.
N26925 X-1.0748 Z-0.0394 I0.1063 J0.
N26930 X-1.0951 Y5.1806 Z-0.0354 I-0.1063 J0.
N26935 X-1.2353 Y5.2028 Z-0.0261 I-0.0812 J-0.059
N26940 G1 G40 X-1.1811 Y5.1181
N26945 Z0.1969
N26950 Z-0.5209
N26955 Z-0.5996
N26960 G41 X-1.1722 Y5.0148 D14
N26965 G3 X-1.0689 Y5.1181 Z-0.5906 I0. J0.1033
N26970 X-1.2933 Z-0.5709 I-0.1122 J0.
N26975 X-1.0689 Z-0.5512 I0.1122 J0.
N26980 X-1.2933 Z-0.5315 I-0.1122 J0.
N26985 X-1.0689 Z-0.5118 I0.1122 J0.
N26990 X-1.2933 Z-0.4921 I-0.1122 J0.
N26995 X-1.0689 Z-0.4724 I0.1122 J0.
N27000 X-1.2933 Z-0.4528 I-0.1122 J0.
N27005 X-1.0689 Z-0.4331 I0.1122 J0.
N27010 X-1.2933 Z-0.4134 I-0.1122 J0.
N27015 X-1.0689 Z-0.3937 I0.1122 J0.
N27020 X-1.2933 Z-0.374 I-0.1122 J0.
N27025 X-1.0689 Z-0.3543 I0.1122 J0.
N27030 X-1.2933 Z-0.3346 I-0.1122 J0.
N27035 X-1.0689 Z-0.315 I0.1122 J0.
N27040 X-1.2933 Z-0.2953 I-0.1122 J0.
N27045 X-1.0689 Z-0.2756 I0.1122 J0.
N27050 X-1.2933 Z-0.2559 I-0.1122 J0.
N27055 X-1.0689 Z-0.2362 I0.1122 J0.
N27060 X-1.2933 Z-0.2165 I-0.1122 J0.
N27065 X-1.0689 Z-0.1969 I0.1122 J0.
N27070 X-1.2933 Z-0.1772 I-0.1122 J0.
N27075 X-1.0689 Z-0.1575 I0.1122 J0.
N27080 X-1.2933 Z-0.1378 I-0.1122 J0.
N27085 X-1.0689 Z-0.1181 I0.1122 J0.
N27090 X-1.2933 Z-0.0984 I-0.1122 J0.
N27095 X-1.0689 Z-0.0787 I0.1122 J0.
N27100 X-1.2933 Z-0.0591 I-0.1122 J0.
N27105 X-1.0689 Z-0.0394 I0.1122 J0.
N27110 X-1.0903 Y5.1841 Z-0.0354 I-0.1122 J0.
N27115 X-1.2347 Y5.2069 Z-0.0264 I-0.0836 J-0.0607
N27120 G1 G40 X-1.1811 Y5.1181
N27125 Z0.1969
N27130 Z-0.5207
N27135 Z-0.5994
N27140 G41 X-1.1693 Y5.0118 D14
N27145 G3 X-1.063 Y5.1181 Z-0.5906 I0. J0.1063
N27150 X-1.2992 Z-0.5709 I-0.1181 J0.
N27155 X-1.063 Z-0.5512 I0.1181 J0.
N27160 X-1.2992 Z-0.5315 I-0.1181 J0.
N27165 X-1.063 Z-0.5118 I0.1181 J0.
N27170 X-1.2992 Z-0.4921 I-0.1181 J0.
N27175 X-1.063 Z-0.4724 I0.1181 J0.
N27180 X-1.2992 Z-0.4528 I-0.1181 J0.
N27185 X-1.063 Z-0.4331 I0.1181 J0.
N27190 X-1.2992 Z-0.4134 I-0.1181 J0.
N27195 X-1.063 Z-0.3937 I0.1181 J0.
N27200 X-1.2992 Z-0.374 I-0.1181 J0.
N27205 X-1.063 Z-0.3543 I0.1181 J0.
N27210 X-1.2992 Z-0.3346 I-0.1181 J0.
N27215 X-1.063 Z-0.315 I0.1181 J0.
N27220 X-1.2992 Z-0.2953 I-0.1181 J0.
N27225 X-1.063 Z-0.2756 I0.1181 J0.
N27230 X-1.2992 Z-0.2559 I-0.1181 J0.
N27235 X-1.063 Z-0.2362 I0.1181 J0.
N27240 X-1.2992 Z-0.2165 I-0.1181 J0.
N27245 X-1.063 Z-0.1969 I0.1181 J0.
N27250 X-1.2992 Z-0.1772 I-0.1181 J0.
N27255 X-1.063 Z-0.1575 I0.1181 J0.
N27260 X-1.2992 Z-0.1378 I-0.1181 J0.
N27265 X-1.063 Z-0.1181 I0.1181 J0.
N27270 X-1.2992 Z-0.0984 I-0.1181 J0.
N27275 X-1.063 Z-0.0787 I0.1181 J0.
N27280 X-1.2992 Z-0.0591 I-0.1181 J0.
N27285 X-1.063 Z-0.0394 I0.1181 J0.
N27290 X-1.0855 Y5.1875 Z-0.0354 I-0.1181 J0.
N27295 X-1.234 Y5.2111 Z-0.0266 I-0.086 J-0.0625
N27300 G1 G40 X-1.1811 Y5.1181
N27305 Z0.1969
N27310 X-1.9685
N27315 Z-0.5211
N27320 Z-0.5998
N27325 G41 X-1.9626 Y5.0177 D14
N27330 G3 X-1.8622 Y5.1181 Z-0.5906 I0. J0.1004
N27335 X-2.0748 Z-0.5709 I-0.1063 J0.
N27340 X-1.8622 Z-0.5512 I0.1063 J0.
N27345 X-2.0748 Z-0.5315 I-0.1063 J0.
N27350 X-1.8622 Z-0.5118 I0.1063 J0.
N27355 X-2.0748 Z-0.4921 I-0.1063 J0.
N27360 X-1.8622 Z-0.4724 I0.1063 J0.
N27365 X-2.0748 Z-0.4528 I-0.1063 J0.
N27370 X-1.8622 Z-0.4331 I0.1063 J0.
N27375 X-2.0748 Z-0.4134 I-0.1063 J0.
N27380 X-1.8622 Z-0.3937 I0.1063 J0.
N27385 X-2.0748 Z-0.374 I-0.1063 J0.
N27390 X-1.8622 Z-0.3543 I0.1063 J0.
N27395 X-2.0748 Z-0.3346 I-0.1063 J0.
N27400 X-1.8622 Z-0.315 I0.1063 J0.
N27405 X-2.0748 Z-0.2953 I-0.1063 J0.
N27410 X-1.8622 Z-0.2756 I0.1063 J0.
N27415 X-2.0748 Z-0.2559 I-0.1063 J0.
N27420 X-1.8622 Z-0.2362 I0.1063 J0.
N27425 X-2.0748 Z-0.2165 I-0.1063 J0.
N27430 X-1.8622 Z-0.1969 I0.1063 J0.
N27435 X-2.0748 Z-0.1772 I-0.1063 J0.
N27440 X-1.8622 Z-0.1575 I0.1063 J0.
N27445 X-2.0748 Z-0.1378 I-0.1063 J0.
N27450 X-1.8622 Z-0.1181 I0.1063 J0.
N27455 X-2.0748 Z-0.0984 I-0.1063 J0.
N27460 X-1.8622 Z-0.0787 I0.1063 J0.
N27465 X-2.0748 Z-0.0591 I-0.1063 J0.
N27470 X-1.8622 Z-0.0394 I0.1063 J0.
N27475 X-1.8825 Y5.1806 Z-0.0354 I-0.1063 J0.
N27480 X-2.0227 Y5.2028 Z-0.0261 I-0.0812 J-0.059
N27485 G1 G40 X-1.9685 Y5.1181
N27490 Z0.1969
N27495 Z-0.5209
N27500 Z-0.5996
N27505 G41 X-1.9596 Y5.0148 D14
N27510 G3 X-1.8563 Y5.1181 Z-0.5906 I0. J0.1033
N27515 X-2.0807 Z-0.5709 I-0.1122 J0.
N27520 X-1.8563 Z-0.5512 I0.1122 J0.
N27525 X-2.0807 Z-0.5315 I-0.1122 J0.
N27530 X-1.8563 Z-0.5118 I0.1122 J0.
N27535 X-2.0807 Z-0.4921 I-0.1122 J0.
N27540 X-1.8563 Z-0.4724 I0.1122 J0.
N27545 X-2.0807 Z-0.4528 I-0.1122 J0.
N27550 X-1.8563 Z-0.4331 I0.1122 J0.
N27555 X-2.0807 Z-0.4134 I-0.1122 J0.
N27560 X-1.8563 Z-0.3937 I0.1122 J0.
N27565 X-2.0807 Z-0.374 I-0.1122 J0.
N27570 X-1.8563 Z-0.3543 I0.1122 J0.
N27575 X-2.0807 Z-0.3346 I-0.1122 J0.
N27580 X-1.8563 Z-0.315 I0.1122 J0.
N27585 X-2.0807 Z-0.2953 I-0.1122 J0.
N27590 X-1.8563 Z-0.2756 I0.1122 J0.
N27595 X-2.0807 Z-0.2559 I-0.1122 J0.
N27600 X-1.8563 Z-0.2362 I0.1122 J0.
N27605 X-2.0807 Z-0.2165 I-0.1122 J0.
N27610 X-1.8563 Z-0.1969 I0.1122 J0.
N27615 X-2.0807 Z-0.1772 I-0.1122 J0.
N27620 X-1.8563 Z-0.1575 I0.1122 J0.
N27625 X-2.0807 Z-0.1378 I-0.1122 J0.
N27630 X-1.8563 Z-0.1181 I0.1122 J0.
N27635 X-2.0807 Z-0.0984 I-0.1122 J0.
N27640 X-1.8563 Z-0.0787 I0.1122 J0.
N27645 X-2.0807 Z-0.0591 I-0.1122 J0.
N27650 X-1.8563 Z-0.0394 I0.1122 J0.
N27655 X-1.8777 Y5.1841 Z-0.0354 I-0.1122 J0.
N27660 X-2.0221 Y5.2069 Z-0.0264 I-0.0836 J-0.0607
N27665 G1 G40 X-1.9685 Y5.1181
N27670 Z0.1969
N27675 Z-0.5207
N27680 Z-0.5994
N27685 G41 X-1.9567 Y5.0118 D14
N27690 G3 X-1.8504 Y5.1181 Z-0.5906 I0. J0.1063
N27695 X-2.0866 Z-0.5709 I-0.1181 J0.
N27700 X-1.8504 Z-0.5512 I0.1181 J0.
N27705 X-2.0866 Z-0.5315 I-0.1181 J0.
N27710 X-1.8504 Z-0.5118 I0.1181 J0.
N27715 X-2.0866 Z-0.4921 I-0.1181 J0.
N27720 X-1.8504 Z-0.4724 I0.1181 J0.
N27725 X-2.0866 Z-0.4528 I-0.1181 J0.
N27730 X-1.8504 Z-0.4331 I0.1181 J0.
N27735 X-2.0866 Z-0.4134 I-0.1181 J0.
N27740 X-1.8504 Z-0.3937 I0.1181 J0.
N27745 X-2.0866 Z-0.374 I-0.1181 J0.
N27750 X-1.8504 Z-0.3543 I0.1181 J0.
N27755 X-2.0866 Z-0.3346 I-0.1181 J0.
N27760 X-1.8504 Z-0.315 I0.1181 J0.
N27765 X-2.0866 Z-0.2953 I-0.1181 J0.
N27770 X-1.8504 Z-0.2756 I0.1181 J0.
N27775 X-2.0866 Z-0.2559 I-0.1181 J0.
N27780 X-1.8504 Z-0.2362 I0.1181 J0.
N27785 X-2.0866 Z-0.2165 I-0.1181 J0.
N27790 X-1.8504 Z-0.1969 I0.1181 J0.
N27795 X-2.0866 Z-0.1772 I-0.1181 J0.
N27800 X-1.8504 Z-0.1575 I0.1181 J0.
N27805 X-2.0866 Z-0.1378 I-0.1181 J0.
N27810 X-1.8504 Z-0.1181 I0.1181 J0.
N27815 X-2.0866 Z-0.0984 I-0.1181 J0.
N27820 X-1.8504 Z-0.0787 I0.1181 J0.
N27825 X-2.0866 Z-0.0591 I-0.1181 J0.
N27830 X-1.8504 Z-0.0394 I0.1181 J0.
N27835 X-1.873 Y5.1875 Z-0.0354 I-0.1181 J0.
N27840 X-2.0214 Y5.2111 Z-0.0266 I-0.086 J-0.0625
N27845 G1 G40 X-1.9685 Y5.1181
N27850 Z0.1969
N27855 X-2.7559
N27860 Z-0.5211
N27865 Z-0.5998
N27870 G41 X-2.75 Y5.0177 D14
N27875 G3 X-2.6496 Y5.1181 Z-0.5906 I0. J0.1004
N27880 X-2.8622 Z-0.5709 I-0.1063 J0.
N27885 X-2.6496 Z-0.5512 I0.1063 J0.
N27890 X-2.8622 Z-0.5315 I-0.1063 J0.
N27895 X-2.6496 Z-0.5118 I0.1063 J0.
N27900 X-2.8622 Z-0.4921 I-0.1063 J0.
N27905 X-2.6496 Z-0.4724 I0.1063 J0.
N27910 X-2.8622 Z-0.4528 I-0.1063 J0.
N27915 X-2.6496 Z-0.4331 I0.1063 J0.
N27920 X-2.8622 Z-0.4134 I-0.1063 J0.
N27925 X-2.6496 Z-0.3937 I0.1063 J0.
N27930 X-2.8622 Z-0.374 I-0.1063 J0.
N27935 X-2.6496 Z-0.3543 I0.1063 J0.
N27940 X-2.8622 Z-0.3346 I-0.1063 J0.
N27945 X-2.6496 Z-0.315 I0.1063 J0.
N27950 X-2.8622 Z-0.2953 I-0.1063 J0.
N27955 X-2.6496 Z-0.2756 I0.1063 J0.
N27960 X-2.8622 Z-0.2559 I-0.1063 J0.
N27965 X-2.6496 Z-0.2362 I0.1063 J0.
N27970 X-2.8622 Z-0.2165 I-0.1063 J0.
N27975 X-2.6496 Z-0.1969 I0.1063 J0.
N27980 X-2.8622 Z-0.1772 I-0.1063 J0.
N27985 X-2.6496 Z-0.1575 I0.1063 J0.
N27990 X-2.8622 Z-0.1378 I-0.1063 J0.
N27995 X-2.6496 Z-0.1181 I0.1063 J0.
N28000 X-2.8622 Z-0.0984 I-0.1063 J0.
N28005 X-2.6496 Z-0.0787 I0.1063 J0.
N28010 X-2.8622 Z-0.0591 I-0.1063 J0.
N28015 X-2.6496 Z-0.0394 I0.1063 J0.
N28020 X-2.6699 Y5.1806 Z-0.0354 I-0.1063 J0.
N28025 X-2.8101 Y5.2028 Z-0.0261 I-0.0812 J-0.059
N28030 G1 G40 X-2.7559 Y5.1181
N28035 Z0.1969
N28040 Z-0.5209
N28045 Z-0.5996
N28050 G41 X-2.747 Y5.0148 D14
N28055 G3 X-2.6437 Y5.1181 Z-0.5906 I0. J0.1033
N28060 X-2.8681 Z-0.5709 I-0.1122 J0.
N28065 X-2.6437 Z-0.5512 I0.1122 J0.
N28070 X-2.8681 Z-0.5315 I-0.1122 J0.
N28075 X-2.6437 Z-0.5118 I0.1122 J0.
N28080 X-2.8681 Z-0.4921 I-0.1122 J0.
N28085 X-2.6437 Z-0.4724 I0.1122 J0.
N28090 X-2.8681 Z-0.4528 I-0.1122 J0.
N28095 X-2.6437 Z-0.4331 I0.1122 J0.
N28100 X-2.8681 Z-0.4134 I-0.1122 J0.
N28105 X-2.6437 Z-0.3937 I0.1122 J0.
N28110 X-2.8681 Z-0.374 I-0.1122 J0.
N28115 X-2.6437 Z-0.3543 I0.1122 J0.
N28120 X-2.8681 Z-0.3346 I-0.1122 J0.
N28125 X-2.6437 Z-0.315 I0.1122 J0.
N28130 X-2.8681 Z-0.2953 I-0.1122 J0.
N28135 X-2.6437 Z-0.2756 I0.1122 J0.
N28140 X-2.8681 Z-0.2559 I-0.1122 J0.
N28145 X-2.6437 Z-0.2362 I0.1122 J0.
N28150 X-2.8681 Z-0.2165 I-0.1122 J0.
N28155 X-2.6437 Z-0.1969 I0.1122 J0.
N28160 X-2.8681 Z-0.1772 I-0.1122 J0.
N28165 X-2.6437 Z-0.1575 I0.1122 J0.
N28170 X-2.8681 Z-0.1378 I-0.1122 J0.
N28175 X-2.6437 Z-0.1181 I0.1122 J0.
N28180 X-2.8681 Z-0.0984 I-0.1122 J0.
N28185 X-2.6437 Z-0.0787 I0.1122 J0.
N28190 X-2.8681 Z-0.0591 I-0.1122 J0.
N28195 X-2.6437 Z-0.0394 I0.1122 J0.
N28200 X-2.6651 Y5.1841 Z-0.0354 I-0.1122 J0.
N28205 X-2.8095 Y5.2069 Z-0.0264 I-0.0836 J-0.0607
N28210 G1 G40 X-2.7559 Y5.1181
N28215 Z0.1969
N28220 Z-0.5207
N28225 Z-0.5994
N28230 G41 X-2.7441 Y5.0118 D14
N28235 G3 X-2.6378 Y5.1181 Z-0.5906 I0. J0.1063
N28240 X-2.874 Z-0.5709 I-0.1181 J0.
N28245 X-2.6378 Z-0.5512 I0.1181 J0.
N28250 X-2.874 Z-0.5315 I-0.1181 J0.
N28255 X-2.6378 Z-0.5118 I0.1181 J0.
N28260 X-2.874 Z-0.4921 I-0.1181 J0.
N28265 X-2.6378 Z-0.4724 I0.1181 J0.
N28270 X-2.874 Z-0.4528 I-0.1181 J0.
N28275 X-2.6378 Z-0.4331 I0.1181 J0.
N28280 X-2.874 Z-0.4134 I-0.1181 J0.
N28285 X-2.6378 Z-0.3937 I0.1181 J0.
N28290 X-2.874 Z-0.374 I-0.1181 J0.
N28295 X-2.6378 Z-0.3543 I0.1181 J0.
N28300 X-2.874 Z-0.3346 I-0.1181 J0.
N28305 X-2.6378 Z-0.315 I0.1181 J0.
N28310 X-2.874 Z-0.2953 I-0.1181 J0.
N28315 X-2.6378 Z-0.2756 I0.1181 J0.
N28320 X-2.874 Z-0.2559 I-0.1181 J0.
N28325 X-2.6378 Z-0.2362 I0.1181 J0.
N28330 X-2.874 Z-0.2165 I-0.1181 J0.
N28335 X-2.6378 Z-0.1969 I0.1181 J0.
N28340 X-2.874 Z-0.1772 I-0.1181 J0.
N28345 X-2.6378 Z-0.1575 I0.1181 J0.
N28350 X-2.874 Z-0.1378 I-0.1181 J0.
N28355 X-2.6378 Z-0.1181 I0.1181 J0.
N28360 X-2.874 Z-0.0984 I-0.1181 J0.
N28365 X-2.6378 Z-0.0787 I0.1181 J0.
N28370 X-2.874 Z-0.0591 I-0.1181 J0.
N28375 X-2.6378 Z-0.0394 I0.1181 J0.
N28380 X-2.6604 Y5.1875 Z-0.0354 I-0.1181 J0.
N28385 X-2.8088 Y5.2111 Z-0.0266 I-0.086 J-0.0625
N28390 G1 G40 X-2.7559 Y5.1181
N28395 Z0.1969
N28400 X-3.5433
N28405 Z-0.5211
N28410 Z-0.5998
N28415 G41 X-3.5374 Y5.0177 D14
N28420 G3 X-3.437 Y5.1181 Z-0.5906 I0. J0.1004
N28425 X-3.6496 Z-0.5709 I-0.1063 J0.
N28430 X-3.437 Z-0.5512 I0.1063 J0.
N28435 X-3.6496 Z-0.5315 I-0.1063 J0.
N28440 X-3.437 Z-0.5118 I0.1063 J0.
N28445 X-3.6496 Z-0.4921 I-0.1063 J0.
N28450 X-3.437 Z-0.4724 I0.1063 J0.
N28455 X-3.6496 Z-0.4528 I-0.1063 J0.
N28460 X-3.437 Z-0.4331 I0.1063 J0.
N28465 X-3.6496 Z-0.4134 I-0.1063 J0.
N28470 X-3.437 Z-0.3937 I0.1063 J0.
N28475 X-3.6496 Z-0.374 I-0.1063 J0.
N28480 X-3.437 Z-0.3543 I0.1063 J0.
N28485 X-3.6496 Z-0.3346 I-0.1063 J0.
N28490 X-3.437 Z-0.315 I0.1063 J0.
N28495 X-3.6496 Z-0.2953 I-0.1063 J0.
N28500 X-3.437 Z-0.2756 I0.1063 J0.
N28505 X-3.6496 Z-0.2559 I-0.1063 J0.
N28510 X-3.437 Z-0.2362 I0.1063 J0.
N28515 X-3.6496 Z-0.2165 I-0.1063 J0.
N28520 X-3.437 Z-0.1969 I0.1063 J0.
N28525 X-3.6496 Z-0.1772 I-0.1063 J0.
N28530 X-3.437 Z-0.1575 I0.1063 J0.
N28535 X-3.6496 Z-0.1378 I-0.1063 J0.
N28540 X-3.437 Z-0.1181 I0.1063 J0.
N28545 X-3.6496 Z-0.0984 I-0.1063 J0.
N28550 X-3.437 Z-0.0787 I0.1063 J0.
N28555 X-3.6496 Z-0.0591 I-0.1063 J0.
N28560 X-3.437 Z-0.0394 I0.1063 J0.
N28565 X-3.4573 Y5.1806 Z-0.0354 I-0.1063 J0.
N28570 X-3.5975 Y5.2028 Z-0.0261 I-0.0812 J-0.059
N28575 G1 G40 X-3.5433 Y5.1181
N28580 Z0.1969
N28585 Z-0.5209
N28590 Z-0.5996
N28595 G41 X-3.5344 Y5.0148 D14
N28600 G3 X-3.4311 Y5.1181 Z-0.5906 I0. J0.1033
N28605 X-3.6555 Z-0.5709 I-0.1122 J0.
N28610 X-3.4311 Z-0.5512 I0.1122 J0.
N28615 X-3.6555 Z-0.5315 I-0.1122 J0.
N28620 X-3.4311 Z-0.5118 I0.1122 J0.
N28625 X-3.6555 Z-0.4921 I-0.1122 J0.
N28630 X-3.4311 Z-0.4724 I0.1122 J0.
N28635 X-3.6555 Z-0.4528 I-0.1122 J0.
N28640 X-3.4311 Z-0.4331 I0.1122 J0.
N28645 X-3.6555 Z-0.4134 I-0.1122 J0.
N28650 X-3.4311 Z-0.3937 I0.1122 J0.
N28655 X-3.6555 Z-0.374 I-0.1122 J0.
N28660 X-3.4311 Z-0.3543 I0.1122 J0.
N28665 X-3.6555 Z-0.3346 I-0.1122 J0.
N28670 X-3.4311 Z-0.315 I0.1122 J0.
N28675 X-3.6555 Z-0.2953 I-0.1122 J0.
N28680 X-3.4311 Z-0.2756 I0.1122 J0.
N28685 X-3.6555 Z-0.2559 I-0.1122 J0.
N28690 X-3.4311 Z-0.2362 I0.1122 J0.
N28695 X-3.6555 Z-0.2165 I-0.1122 J0.
N28700 X-3.4311 Z-0.1969 I0.1122 J0.
N28705 X-3.6555 Z-0.1772 I-0.1122 J0.
N28710 X-3.4311 Z-0.1575 I0.1122 J0.
N28715 X-3.6555 Z-0.1378 I-0.1122 J0.
N28720 X-3.4311 Z-0.1181 I0.1122 J0.
N28725 X-3.6555 Z-0.0984 I-0.1122 J0.
N28730 X-3.4311 Z-0.0787 I0.1122 J0.
N28735 X-3.6555 Z-0.0591 I-0.1122 J0.
N28740 X-3.4311 Z-0.0394 I0.1122 J0.
N28745 X-3.4525 Y5.1841 Z-0.0354 I-0.1122 J0.
N28750 X-3.5969 Y5.2069 Z-0.0264 I-0.0836 J-0.0607
N28755 G1 G40 X-3.5433 Y5.1181
N28760 Z0.1969
N28765 Z-0.5207
N28770 Z-0.5994
N28775 G41 X-3.5315 Y5.0118 D14
N28780 G3 X-3.4252 Y5.1181 Z-0.5906 I0. J0.1063
N28785 X-3.6614 Z-0.5709 I-0.1181 J0.
N28790 X-3.4252 Z-0.5512 I0.1181 J0.
N28795 X-3.6614 Z-0.5315 I-0.1181 J0.
N28800 X-3.4252 Z-0.5118 I0.1181 J0.
N28805 X-3.6614 Z-0.4921 I-0.1181 J0.
N28810 X-3.4252 Z-0.4724 I0.1181 J0.
N28815 X-3.6614 Z-0.4528 I-0.1181 J0.
N28820 X-3.4252 Z-0.4331 I0.1181 J0.
N28825 X-3.6614 Z-0.4134 I-0.1181 J0.
N28830 X-3.4252 Z-0.3937 I0.1181 J0.
N28835 X-3.6614 Z-0.374 I-0.1181 J0.
N28840 X-3.4252 Z-0.3543 I0.1181 J0.
N28845 X-3.6614 Z-0.3346 I-0.1181 J0.
N28850 X-3.4252 Z-0.315 I0.1181 J0.
N28855 X-3.6614 Z-0.2953 I-0.1181 J0.
N28860 X-3.4252 Z-0.2756 I0.1181 J0.
N28865 X-3.6614 Z-0.2559 I-0.1181 J0.
N28870 X-3.4252 Z-0.2362 I0.1181 J0.
N28875 X-3.6614 Z-0.2165 I-0.1181 J0.
N28880 X-3.4252 Z-0.1969 I0.1181 J0.
N28885 X-3.6614 Z-0.1772 I-0.1181 J0.
N28890 X-3.4252 Z-0.1575 I0.1181 J0.
N28895 X-3.6614 Z-0.1378 I-0.1181 J0.
N28900 X-3.4252 Z-0.1181 I0.1181 J0.
N28905 X-3.6614 Z-0.0984 I-0.1181 J0.
N28910 X-3.4252 Z-0.0787 I0.1181 J0.
N28915 X-3.6614 Z-0.0591 I-0.1181 J0.
N28920 X-3.4252 Z-0.0394 I0.1181 J0.
N28925 X-3.4478 Y5.1875 Z-0.0354 I-0.1181 J0.
N28930 X-3.5962 Y5.2111 Z-0.0266 I-0.086 J-0.0625
N28935 G1 G40 X-3.5433 Y5.1181
N28940 Z0.1969
N28945 X-4.3307
N28950 Z-0.5211
N28955 Z-0.5998
N28960 G41 X-4.3248 Y5.0177 D14
N28965 G3 X-4.2244 Y5.1181 Z-0.5906 I0. J0.1004
N28970 X-4.437 Z-0.5709 I-0.1063 J0.
N28975 X-4.2244 Z-0.5512 I0.1063 J0.
N28980 X-4.437 Z-0.5315 I-0.1063 J0.
N28985 X-4.2244 Z-0.5118 I0.1063 J0.
N28990 X-4.437 Z-0.4921 I-0.1063 J0.
N28995 X-4.2244 Z-0.4724 I0.1063 J0.
N29000 X-4.437 Z-0.4528 I-0.1063 J0.
N29005 X-4.2244 Z-0.4331 I0.1063 J0.
N29010 X-4.437 Z-0.4134 I-0.1063 J0.
N29015 X-4.2244 Z-0.3937 I0.1063 J0.
N29020 X-4.437 Z-0.374 I-0.1063 J0.
N29025 X-4.2244 Z-0.3543 I0.1063 J0.
N29030 X-4.437 Z-0.3346 I-0.1063 J0.
N29035 X-4.2244 Z-0.315 I0.1063 J0.
N29040 X-4.437 Z-0.2953 I-0.1063 J0.
N29045 X-4.2244 Z-0.2756 I0.1063 J0.
N29050 X-4.437 Z-0.2559 I-0.1063 J0.
N29055 X-4.2244 Z-0.2362 I0.1063 J0.
N29060 X-4.437 Z-0.2165 I-0.1063 J0.
N29065 X-4.2244 Z-0.1969 I0.1063 J0.
N29070 X-4.437 Z-0.1772 I-0.1063 J0.
N29075 X-4.2244 Z-0.1575 I0.1063 J0.
N29080 X-4.437 Z-0.1378 I-0.1063 J0.
N29085 X-4.2244 Z-0.1181 I0.1063 J0.
N29090 X-4.437 Z-0.0984 I-0.1063 J0.
N29095 X-4.2244 Z-0.0787 I0.1063 J0.
N29100 X-4.437 Z-0.0591 I-0.1063 J0.
N29105 X-4.2244 Z-0.0394 I0.1063 J0.
N29110 X-4.2447 Y5.1806 Z-0.0354 I-0.1063 J0.
N29115 X-4.3849 Y5.2028 Z-0.0261 I-0.0812 J-0.059
N29120 G1 G40 X-4.3307 Y5.1181
N29125 Z0.1969
N29130 Z-0.5209
N29135 Z-0.5996
N29140 G41 X-4.3219 Y5.0148 D14
N29145 G3 X-4.2185 Y5.1181 Z-0.5906 I0. J0.1033
N29150 X-4.4429 Z-0.5709 I-0.1122 J0.
N29155 X-4.2185 Z-0.5512 I0.1122 J0.
N29160 X-4.4429 Z-0.5315 I-0.1122 J0.
N29165 X-4.2185 Z-0.5118 I0.1122 J0.
N29170 X-4.4429 Z-0.4921 I-0.1122 J0.
N29175 X-4.2185 Z-0.4724 I0.1122 J0.
N29180 X-4.4429 Z-0.4528 I-0.1122 J0.
N29185 X-4.2185 Z-0.4331 I0.1122 J0.
N29190 X-4.4429 Z-0.4134 I-0.1122 J0.
N29195 X-4.2185 Z-0.3937 I0.1122 J0.
N29200 X-4.4429 Z-0.374 I-0.1122 J0.
N29205 X-4.2185 Z-0.3543 I0.1122 J0.
N29210 X-4.4429 Z-0.3346 I-0.1122 J0.
N29215 X-4.2185 Z-0.315 I0.1122 J0.
N29220 X-4.4429 Z-0.2953 I-0.1122 J0.
N29225 X-4.2185 Z-0.2756 I0.1122 J0.
N29230 X-4.4429 Z-0.2559 I-0.1122 J0.
N29235 X-4.2185 Z-0.2362 I0.1122 J0.
N29240 X-4.4429 Z-0.2165 I-0.1122 J0.
N29245 X-4.2185 Z-0.1969 I0.1122 J0.
N29250 X-4.4429 Z-0.1772 I-0.1122 J0.
N29255 X-4.2185 Z-0.1575 I0.1122 J0.
N29260 X-4.4429 Z-0.1378 I-0.1122 J0.
N29265 X-4.2185 Z-0.1181 I0.1122 J0.
N29270 X-4.4429 Z-0.0984 I-0.1122 J0.
N29275 X-4.2185 Z-0.0787 I0.1122 J0.
N29280 X-4.4429 Z-0.0591 I-0.1122 J0.
N29285 X-4.2185 Z-0.0394 I0.1122 J0.
N29290 X-4.2399 Y5.1841 Z-0.0354 I-0.1122 J0.
N29295 X-4.3843 Y5.2069 Z-0.0264 I-0.0836 J-0.0607
N29300 G1 G40 X-4.3307 Y5.1181
N29305 Z0.1969
N29310 Z-0.5207
N29315 Z-0.5994
N29320 G41 X-4.3189 Y5.0118 D14
N29325 G3 X-4.2126 Y5.1181 Z-0.5906 I0. J0.1063
N29330 X-4.4488 Z-0.5709 I-0.1181 J0.
N29335 X-4.2126 Z-0.5512 I0.1181 J0.
N29340 X-4.4488 Z-0.5315 I-0.1181 J0.
N29345 X-4.2126 Z-0.5118 I0.1181 J0.
N29350 X-4.4488 Z-0.4921 I-0.1181 J0.
N29355 X-4.2126 Z-0.4724 I0.1181 J0.
N29360 X-4.4488 Z-0.4528 I-0.1181 J0.
N29365 X-4.2126 Z-0.4331 I0.1181 J0.
N29370 X-4.4488 Z-0.4134 I-0.1181 J0.
N29375 X-4.2126 Z-0.3937 I0.1181 J0.
N29380 X-4.4488 Z-0.374 I-0.1181 J0.
N29385 X-4.2126 Z-0.3543 I0.1181 J0.
N29390 X-4.4488 Z-0.3346 I-0.1181 J0.
N29395 X-4.2126 Z-0.315 I0.1181 J0.
N29400 X-4.4488 Z-0.2953 I-0.1181 J0.
N29405 X-4.2126 Z-0.2756 I0.1181 J0.
N29410 X-4.4488 Z-0.2559 I-0.1181 J0.
N29415 X-4.2126 Z-0.2362 I0.1181 J0.
N29420 X-4.4488 Z-0.2165 I-0.1181 J0.
N29425 X-4.2126 Z-0.1969 I0.1181 J0.
N29430 X-4.4488 Z-0.1772 I-0.1181 J0.
N29435 X-4.2126 Z-0.1575 I0.1181 J0.
N29440 X-4.4488 Z-0.1378 I-0.1181 J0.
N29445 X-4.2126 Z-0.1181 I0.1181 J0.
N29450 X-4.4488 Z-0.0984 I-0.1181 J0.
N29455 X-4.2126 Z-0.0787 I0.1181 J0.
N29460 X-4.4488 Z-0.0591 I-0.1181 J0.
N29465 X-4.2126 Z-0.0394 I0.1181 J0.
N29470 X-4.2352 Y5.1875 Z-0.0354 I-0.1181 J0.
N29475 X-4.3836 Y5.2111 Z-0.0266 I-0.086 J-0.0625
N29480 G1 G40 X-4.3307 Y5.1181
N29485 Z0.1969
N29490 X5.1181 Y1.9685
N29495 Z-0.5211
N29500 Z-0.5998
N29505 G41 X5.124 Y1.8681 D14
N29510 G3 X5.2244 Y1.9685 Z-0.5906 I0. J0.1004
N29515 X5.0118 Z-0.5709 I-0.1063 J0.
N29520 X5.2244 Z-0.5512 I0.1063 J0.
N29525 X5.0118 Z-0.5315 I-0.1063 J0.
N29530 X5.2244 Z-0.5118 I0.1063 J0.
N29535 X5.0118 Z-0.4921 I-0.1063 J0.
N29540 X5.2244 Z-0.4724 I0.1063 J0.
N29545 X5.0118 Z-0.4528 I-0.1063 J0.
N29550 X5.2244 Z-0.4331 I0.1063 J0.
N29555 X5.0118 Z-0.4134 I-0.1063 J0.
N29560 X5.2244 Z-0.3937 I0.1063 J0.
N29565 X5.0118 Z-0.374 I-0.1063 J0.
N29570 X5.2244 Z-0.3543 I0.1063 J0.
N29575 X5.0118 Z-0.3346 I-0.1063 J0.
N29580 X5.2244 Z-0.315 I0.1063 J0.
N29585 X5.0118 Z-0.2953 I-0.1063 J0.
N29590 X5.2244 Z-0.2756 I0.1063 J0.
N29595 X5.0118 Z-0.2559 I-0.1063 J0.
N29600 X5.2244 Z-0.2362 I0.1063 J0.
N29605 X5.0118 Z-0.2165 I-0.1063 J0.
N29610 X5.2244 Z-0.1969 I0.1063 J0.
N29615 X5.0118 Z-0.1772 I-0.1063 J0.
N29620 X5.2244 Z-0.1575 I0.1063 J0.
N29625 X5.0118 Z-0.1378 I-0.1063 J0.
N29630 X5.2244 Z-0.1181 I0.1063 J0.
N29635 X5.0118 Z-0.0984 I-0.1063 J0.
N29640 X5.2244 Z-0.0787 I0.1063 J0.
N29645 X5.0118 Z-0.0591 I-0.1063 J0.
N29650 X5.2244 Z-0.0394 I0.1063 J0.
N29655 X5.2041 Y2.031 Z-0.0354 I-0.1063 J0.
N29660 X5.0639 Y2.0532 Z-0.0261 I-0.0812 J-0.059
N29665 G1 G40 X5.1181 Y1.9685
N29670 Z0.1969
N29675 Z-0.5209
N29680 Z-0.5996
N29685 G41 X5.127 Y1.8652 D14
N29690 G3 X5.2303 Y1.9685 Z-0.5906 I0. J0.1033
N29695 X5.0059 Z-0.5709 I-0.1122 J0.
N29700 X5.2303 Z-0.5512 I0.1122 J0.
N29705 X5.0059 Z-0.5315 I-0.1122 J0.
N29710 X5.2303 Z-0.5118 I0.1122 J0.
N29715 X5.0059 Z-0.4921 I-0.1122 J0.
N29720 X5.2303 Z-0.4724 I0.1122 J0.
N29725 X5.0059 Z-0.4528 I-0.1122 J0.
N29730 X5.2303 Z-0.4331 I0.1122 J0.
N29735 X5.0059 Z-0.4134 I-0.1122 J0.
N29740 X5.2303 Z-0.3937 I0.1122 J0.
N29745 X5.0059 Z-0.374 I-0.1122 J0.
N29750 X5.2303 Z-0.3543 I0.1122 J0.
N29755 X5.0059 Z-0.3346 I-0.1122 J0.
N29760 X5.2303 Z-0.315 I0.1122 J0.
N29765 X5.0059 Z-0.2953 I-0.1122 J0.
N29770 X5.2303 Z-0.2756 I0.1122 J0.
N29775 X5.0059 Z-0.2559 I-0.1122 J0.
N29780 X5.2303 Z-0.2362 I0.1122 J0.
N29785 X5.0059 Z-0.2165 I-0.1122 J0.
N29790 X5.2303 Z-0.1969 I0.1122 J0.
N29795 X5.0059 Z-0.1772 I-0.1122 J0.
N29800 X5.2303 Z-0.1575 I0.1122 J0.
N29805 X5.0059 Z-0.1378 I-0.1122 J0.
N29810 X5.2303 Z-0.1181 I0.1122 J0.
N29815 X5.0059 Z-0.0984 I-0.1122 J0.
N29820 X5.2303 Z-0.0787 I0.1122 J0.
N29825 X5.0059 Z-0.0591 I-0.1122 J0.
N29830 X5.2303 Z-0.0394 I0.1122 J0.
N29835 X5.2089 Y2.0345 Z-0.0354 I-0.1122 J0.
N29840 X5.0645 Y2.0573 Z-0.0264 I-0.0836 J-0.0607
N29845 G1 G40 X5.1181 Y1.9685
N29850 Z0.1969
N29855 Z-0.5207
N29860 Z-0.5994
N29865 G41 X5.1299 Y1.8622 D14
N29870 G3 X5.2362 Y1.9685 Z-0.5906 I0. J0.1063
N29875 X5. Z-0.5709 I-0.1181 J0.
N29880 X5.2362 Z-0.5512 I0.1181 J0.
N29885 X5. Z-0.5315 I-0.1181 J0.
N29890 X5.2362 Z-0.5118 I0.1181 J0.
N29895 X5. Z-0.4921 I-0.1181 J0.
N29900 X5.2362 Z-0.4724 I0.1181 J0.
N29905 X5. Z-0.4528 I-0.1181 J0.
N29910 X5.2362 Z-0.4331 I0.1181 J0.
N29915 X5. Z-0.4134 I-0.1181 J0.
N29920 X5.2362 Z-0.3937 I0.1181 J0.
N29925 X5. Z-0.374 I-0.1181 J0.
N29930 X5.2362 Z-0.3543 I0.1181 J0.
N29935 X5. Z-0.3346 I-0.1181 J0.
N29940 X5.2362 Z-0.315 I0.1181 J0.
N29945 X5. Z-0.2953 I-0.1181 J0.
N29950 X5.2362 Z-0.2756 I0.1181 J0.
N29955 X5. Z-0.2559 I-0.1181 J0.
N29960 X5.2362 Z-0.2362 I0.1181 J0.
N29965 X5. Z-0.2165 I-0.1181 J0.
N29970 X5.2362 Z-0.1969 I0.1181 J0.
N29975 X5. Z-0.1772 I-0.1181 J0.
N29980 X5.2362 Z-0.1575 I0.1181 J0.
N29985 X5. Z-0.1378 I-0.1181 J0.
N29990 X5.2362 Z-0.1181 I0.1181 J0.
N29995 X5. Z-0.0984 I-0.1181 J0.
N30000 X5.2362 Z-0.0787 I0.1181 J0.
N30005 X5. Z-0.0591 I-0.1181 J0.
N30010 X5.2362 Z-0.0394 I0.1181 J0.
N30015 X5.2137 Y2.0379 Z-0.0354 I-0.1181 J0.
N30020 X5.0652 Y2.0614 Z-0.0266 I-0.086 J-0.0625
N30025 G1 G40 X5.1181 Y1.9685
N30030 Z0.1969
N30035 X4.3307
N30040 Z-0.5211
N30045 Z-0.5998
N30050 G41 X4.3366 Y1.8681 D14
N30055 G3 X4.437 Y1.9685 Z-0.5906 I0. J0.1004
N30060 X4.2244 Z-0.5709 I-0.1063 J0.
N30065 X4.437 Z-0.5512 I0.1063 J0.
N30070 X4.2244 Z-0.5315 I-0.1063 J0.
N30075 X4.437 Z-0.5118 I0.1063 J0.
N30080 X4.2244 Z-0.4921 I-0.1063 J0.
N30085 X4.437 Z-0.4724 I0.1063 J0.
N30090 X4.2244 Z-0.4528 I-0.1063 J0.
N30095 X4.437 Z-0.4331 I0.1063 J0.
N30100 X4.2244 Z-0.4134 I-0.1063 J0.
N30105 X4.437 Z-0.3937 I0.1063 J0.
N30110 X4.2244 Z-0.374 I-0.1063 J0.
N30115 X4.437 Z-0.3543 I0.1063 J0.
N30120 X4.2244 Z-0.3346 I-0.1063 J0.
N30125 X4.437 Z-0.315 I0.1063 J0.
N30130 X4.2244 Z-0.2953 I-0.1063 J0.
N30135 X4.437 Z-0.2756 I0.1063 J0.
N30140 X4.2244 Z-0.2559 I-0.1063 J0.
N30145 X4.437 Z-0.2362 I0.1063 J0.
N30150 X4.2244 Z-0.2165 I-0.1063 J0.
N30155 X4.437 Z-0.1969 I0.1063 J0.
N30160 X4.2244 Z-0.1772 I-0.1063 J0.
N30165 X4.437 Z-0.1575 I0.1063 J0.
N30170 X4.2244 Z-0.1378 I-0.1063 J0.
N30175 X4.437 Z-0.1181 I0.1063 J0.
N30180 X4.2244 Z-0.0984 I-0.1063 J0.
N30185 X4.437 Z-0.0787 I0.1063 J0.
N30190 X4.2244 Z-0.0591 I-0.1063 J0.
N30195 X4.437 Z-0.0394 I0.1063 J0.
N30200 X4.4167 Y2.031 Z-0.0354 I-0.1063 J0.
N30205 X4.2765 Y2.0532 Z-0.0261 I-0.0812 J-0.059
N30210 G1 G40 X4.3307 Y1.9685
N30215 Z0.1969
N30220 Z-0.5209
N30225 Z-0.5996
N30230 G41 X4.3396 Y1.8652 D14
N30235 G3 X4.4429 Y1.9685 Z-0.5906 I0. J0.1033
N30240 X4.2185 Z-0.5709 I-0.1122 J0.
N30245 X4.4429 Z-0.5512 I0.1122 J0.
N30250 X4.2185 Z-0.5315 I-0.1122 J0.
N30255 X4.4429 Z-0.5118 I0.1122 J0.
N30260 X4.2185 Z-0.4921 I-0.1122 J0.
N30265 X4.4429 Z-0.4724 I0.1122 J0.
N30270 X4.2185 Z-0.4528 I-0.1122 J0.
N30275 X4.4429 Z-0.4331 I0.1122 J0.
N30280 X4.2185 Z-0.4134 I-0.1122 J0.
N30285 X4.4429 Z-0.3937 I0.1122 J0.
N30290 X4.2185 Z-0.374 I-0.1122 J0.
N30295 X4.4429 Z-0.3543 I0.1122 J0.
N30300 X4.2185 Z-0.3346 I-0.1122 J0.
N30305 X4.4429 Z-0.315 I0.1122 J0.
N30310 X4.2185 Z-0.2953 I-0.1122 J0.
N30315 X4.4429 Z-0.2756 I0.1122 J0.
N30320 X4.2185 Z-0.2559 I-0.1122 J0.
N30325 X4.4429 Z-0.2362 I0.1122 J0.
N30330 X4.2185 Z-0.2165 I-0.1122 J0.
N30335 X4.4429 Z-0.1969 I0.1122 J0.
N30340 X4.2185 Z-0.1772 I-0.1122 J0.
N30345 X4.4429 Z-0.1575 I0.1122 J0.
N30350 X4.2185 Z-0.1378 I-0.1122 J0.
N30355 X4.4429 Z-0.1181 I0.1122 J0.
N30360 X4.2185 Z-0.0984 I-0.1122 J0.
N30365 X4.4429 Z-0.0787 I0.1122 J0.
N30370 X4.2185 Z-0.0591 I-0.1122 J0.
N30375 X4.4429 Z-0.0394 I0.1122 J0.
N30380 X4.4215 Y2.0345 Z-0.0354 I-0.1122 J0.
N30385 X4.2771 Y2.0573 Z-0.0264 I-0.0836 J-0.0607
N30390 G1 G40 X4.3307 Y1.9685
N30395 Z0.1969
N30400 Z-0.5207
N30405 Z-0.5994
N30410 G41 X4.3425 Y1.8622 D14
N30415 G3 X4.4488 Y1.9685 Z-0.5906 I0. J0.1063
N30420 X4.2126 Z-0.5709 I-0.1181 J0.
N30425 X4.4488 Z-0.5512 I0.1181 J0.
N30430 X4.2126 Z-0.5315 I-0.1181 J0.
N30435 X4.4488 Z-0.5118 I0.1181 J0.
N30440 X4.2126 Z-0.4921 I-0.1181 J0.
N30445 X4.4488 Z-0.4724 I0.1181 J0.
N30450 X4.2126 Z-0.4528 I-0.1181 J0.
N30455 X4.4488 Z-0.4331 I0.1181 J0.
N30460 X4.2126 Z-0.4134 I-0.1181 J0.
N30465 X4.4488 Z-0.3937 I0.1181 J0.
N30470 X4.2126 Z-0.374 I-0.1181 J0.
N30475 X4.4488 Z-0.3543 I0.1181 J0.
N30480 X4.2126 Z-0.3346 I-0.1181 J0.
N30485 X4.4488 Z-0.315 I0.1181 J0.
N30490 X4.2126 Z-0.2953 I-0.1181 J0.
N30495 X4.4488 Z-0.2756 I0.1181 J0.
N30500 X4.2126 Z-0.2559 I-0.1181 J0.
N30505 X4.4488 Z-0.2362 I0.1181 J0.
N30510 X4.2126 Z-0.2165 I-0.1181 J0.
N30515 X4.4488 Z-0.1969 I0.1181 J0.
N30520 X4.2126 Z-0.1772 I-0.1181 J0.
N30525 X4.4488 Z-0.1575 I0.1181 J0.
N30530 X4.2126 Z-0.1378 I-0.1181 J0.
N30535 X4.4488 Z-0.1181 I0.1181 J0.
N30540 X4.2126 Z-0.0984 I-0.1181 J0.
N30545 X4.4488 Z-0.0787 I0.1181 J0.
N30550 X4.2126 Z-0.0591 I-0.1181 J0.
N30555 X4.4488 Z-0.0394 I0.1181 J0.
N30560 X4.4263 Y2.0379 Z-0.0354 I-0.1181 J0.
N30565 X4.2778 Y2.0614 Z-0.0266 I-0.086 J-0.0625
N30570 G1 G40 X4.3307 Y1.9685
N30575 Z0.1969
N30580 X3.5433
N30585 Z-0.5211
N30590 Z-0.5998
N30595 G41 X3.5492 Y1.8681 D14
N30600 G3 X3.6496 Y1.9685 Z-0.5906 I0. J0.1004
N30605 X3.437 Z-0.5709 I-0.1063 J0.
N30610 X3.6496 Z-0.5512 I0.1063 J0.
N30615 X3.437 Z-0.5315 I-0.1063 J0.
N30620 X3.6496 Z-0.5118 I0.1063 J0.
N30625 X3.437 Z-0.4921 I-0.1063 J0.
N30630 X3.6496 Z-0.4724 I0.1063 J0.
N30635 X3.437 Z-0.4528 I-0.1063 J0.
N30640 X3.6496 Z-0.4331 I0.1063 J0.
N30645 X3.437 Z-0.4134 I-0.1063 J0.
N30650 X3.6496 Z-0.3937 I0.1063 J0.
N30655 X3.437 Z-0.374 I-0.1063 J0.
N30660 X3.6496 Z-0.3543 I0.1063 J0.
N30665 X3.437 Z-0.3346 I-0.1063 J0.
N30670 X3.6496 Z-0.315 I0.1063 J0.
N30675 X3.437 Z-0.2953 I-0.1063 J0.
N30680 X3.6496 Z-0.2756 I0.1063 J0.
N30685 X3.437 Z-0.2559 I-0.1063 J0.
N30690 X3.6496 Z-0.2362 I0.1063 J0.
N30695 X3.437 Z-0.2165 I-0.1063 J0.
N30700 X3.6496 Z-0.1969 I0.1063 J0.
N30705 X3.437 Z-0.1772 I-0.1063 J0.
N30710 X3.6496 Z-0.1575 I0.1063 J0.
N30715 X3.437 Z-0.1378 I-0.1063 J0.
N30720 X3.6496 Z-0.1181 I0.1063 J0.
N30725 X3.437 Z-0.0984 I-0.1063 J0.
N30730 X3.6496 Z-0.0787 I0.1063 J0.
N30735 X3.437 Z-0.0591 I-0.1063 J0.
N30740 X3.6496 Z-0.0394 I0.1063 J0.
N30745 X3.6293 Y2.031 Z-0.0354 I-0.1063 J0.
N30750 X3.4891 Y2.0532 Z-0.0261 I-0.0812 J-0.059
N30755 G1 G40 X3.5433 Y1.9685
N30760 Z0.1969
N30765 Z-0.5209
N30770 Z-0.5996
N30775 G41 X3.5522 Y1.8652 D14
N30780 G3 X3.6555 Y1.9685 Z-0.5906 I0. J0.1033
N30785 X3.4311 Z-0.5709 I-0.1122 J0.
N30790 X3.6555 Z-0.5512 I0.1122 J0.
N30795 X3.4311 Z-0.5315 I-0.1122 J0.
N30800 X3.6555 Z-0.5118 I0.1122 J0.
N30805 X3.4311 Z-0.4921 I-0.1122 J0.
N30810 X3.6555 Z-0.4724 I0.1122 J0.
N30815 X3.4311 Z-0.4528 I-0.1122 J0.
N30820 X3.6555 Z-0.4331 I0.1122 J0.
N30825 X3.4311 Z-0.4134 I-0.1122 J0.
N30830 X3.6555 Z-0.3937 I0.1122 J0.
N30835 X3.4311 Z-0.374 I-0.1122 J0.
N30840 X3.6555 Z-0.3543 I0.1122 J0.
N30845 X3.4311 Z-0.3346 I-0.1122 J0.
N30850 X3.6555 Z-0.315 I0.1122 J0.
N30855 X3.4311 Z-0.2953 I-0.1122 J0.
N30860 X3.6555 Z-0.2756 I0.1122 J0.
N30865 X3.4311 Z-0.2559 I-0.1122 J0.
N30870 X3.6555 Z-0.2362 I0.1122 J0.
N30875 X3.4311 Z-0.2165 I-0.1122 J0.
N30880 X3.6555 Z-0.1969 I0.1122 J0.
N30885 X3.4311 Z-0.1772 I-0.1122 J0.
N30890 X3.6555 Z-0.1575 I0.1122 J0.
N30895 X3.4311 Z-0.1378 I-0.1122 J0.
N30900 X3.6555 Z-0.1181 I0.1122 J0.
N30905 X3.4311 Z-0.0984 I-0.1122 J0.
N30910 X3.6555 Z-0.0787 I0.1122 J0.
N30915 X3.4311 Z-0.0591 I-0.1122 J0.
N30920 X3.6555 Z-0.0394 I0.1122 J0.
N30925 X3.6341 Y2.0345 Z-0.0354 I-0.1122 J0.
N30930 X3.4897 Y2.0573 Z-0.0264 I-0.0836 J-0.0607
N30935 G1 G40 X3.5433 Y1.9685
N30940 Z0.1969
N30945 Z-0.5207
N30950 Z-0.5994
N30955 G41 X3.5551 Y1.8622 D14
N30960 G3 X3.6614 Y1.9685 Z-0.5906 I0. J0.1063
N30965 X3.4252 Z-0.5709 I-0.1181 J0.
N30970 X3.6614 Z-0.5512 I0.1181 J0.
N30975 X3.4252 Z-0.5315 I-0.1181 J0.
N30980 X3.6614 Z-0.5118 I0.1181 J0.
N30985 X3.4252 Z-0.4921 I-0.1181 J0.
N30990 X3.6614 Z-0.4724 I0.1181 J0.
N30995 X3.4252 Z-0.4528 I-0.1181 J0.
N31000 X3.6614 Z-0.4331 I0.1181 J0.
N31005 X3.4252 Z-0.4134 I-0.1181 J0.
N31010 X3.6614 Z-0.3937 I0.1181 J0.
N31015 X3.4252 Z-0.374 I-0.1181 J0.
N31020 X3.6614 Z-0.3543 I0.1181 J0.
N31025 X3.4252 Z-0.3346 I-0.1181 J0.
N31030 X3.6614 Z-0.315 I0.1181 J0.
N31035 X3.4252 Z-0.2953 I-0.1181 J0.
N31040 X3.6614 Z-0.2756 I0.1181 J0.
N31045 X3.4252 Z-0.2559 I-0.1181 J0.
N31050 X3.6614 Z-0.2362 I0.1181 J0.
N31055 X3.4252 Z-0.2165 I-0.1181 J0.
N31060 X3.6614 Z-0.1969 I0.1181 J0.
N31065 X3.4252 Z-0.1772 I-0.1181 J0.
N31070 X3.6614 Z-0.1575 I0.1181 J0.
N31075 X3.4252 Z-0.1378 I-0.1181 J0.
N31080 X3.6614 Z-0.1181 I0.1181 J0.
N31085 X3.4252 Z-0.0984 I-0.1181 J0.
N31090 X3.6614 Z-0.0787 I0.1181 J0.
N31095 X3.4252 Z-0.0591 I-0.1181 J0.
N31100 X3.6614 Z-0.0394 I0.1181 J0.
N31105 X3.6389 Y2.0379 Z-0.0354 I-0.1181 J0.
N31110 X3.4904 Y2.0614 Z-0.0266 I-0.086 J-0.0625
N31115 G1 G40 X3.5433 Y1.9685
N31120 Z0.1969
N31125 X2.7559
N31130 Z-0.5211
N31135 Z-0.5998
N31140 G41 X2.7618 Y1.8681 D14
N31145 G3 X2.8622 Y1.9685 Z-0.5906 I0. J0.1004
N31150 X2.6496 Z-0.5709 I-0.1063 J0.
N31155 X2.8622 Z-0.5512 I0.1063 J0.
N31160 X2.6496 Z-0.5315 I-0.1063 J0.
N31165 X2.8622 Z-0.5118 I0.1063 J0.
N31170 X2.6496 Z-0.4921 I-0.1063 J0.
N31175 X2.8622 Z-0.4724 I0.1063 J0.
N31180 X2.6496 Z-0.4528 I-0.1063 J0.
N31185 X2.8622 Z-0.4331 I0.1063 J0.
N31190 X2.6496 Z-0.4134 I-0.1063 J0.
N31195 X2.8622 Z-0.3937 I0.1063 J0.
N31200 X2.6496 Z-0.374 I-0.1063 J0.
N31205 X2.8622 Z-0.3543 I0.1063 J0.
N31210 X2.6496 Z-0.3346 I-0.1063 J0.
N31215 X2.8622 Z-0.315 I0.1063 J0.
N31220 X2.6496 Z-0.2953 I-0.1063 J0.
N31225 X2.8622 Z-0.2756 I0.1063 J0.
N31230 X2.6496 Z-0.2559 I-0.1063 J0.
N31235 X2.8622 Z-0.2362 I0.1063 J0.
N31240 X2.6496 Z-0.2165 I-0.1063 J0.
N31245 X2.8622 Z-0.1969 I0.1063 J0.
N31250 X2.6496 Z-0.1772 I-0.1063 J0.
N31255 X2.8622 Z-0.1575 I0.1063 J0.
N31260 X2.6496 Z-0.1378 I-0.1063 J0.
N31265 X2.8622 Z-0.1181 I0.1063 J0.
N31270 X2.6496 Z-0.0984 I-0.1063 J0.
N31275 X2.8622 Z-0.0787 I0.1063 J0.
N31280 X2.6496 Z-0.0591 I-0.1063 J0.
N31285 X2.8622 Z-0.0394 I0.1063 J0.
N31290 X2.8419 Y2.031 Z-0.0354 I-0.1063 J0.
N31295 X2.7017 Y2.0532 Z-0.0261 I-0.0812 J-0.059
N31300 G1 G40 X2.7559 Y1.9685
N31305 Z0.1969
N31310 Z-0.5209
N31315 Z-0.5996
N31320 G41 X2.7648 Y1.8652 D14
N31325 G3 X2.8681 Y1.9685 Z-0.5906 I0. J0.1033
N31330 X2.6437 Z-0.5709 I-0.1122 J0.
N31335 X2.8681 Z-0.5512 I0.1122 J0.
N31340 X2.6437 Z-0.5315 I-0.1122 J0.
N31345 X2.8681 Z-0.5118 I0.1122 J0.
N31350 X2.6437 Z-0.4921 I-0.1122 J0.
N31355 X2.8681 Z-0.4724 I0.1122 J0.
N31360 X2.6437 Z-0.4528 I-0.1122 J0.
N31365 X2.8681 Z-0.4331 I0.1122 J0.
N31370 X2.6437 Z-0.4134 I-0.1122 J0.
N31375 X2.8681 Z-0.3937 I0.1122 J0.
N31380 X2.6437 Z-0.374 I-0.1122 J0.
N31385 X2.8681 Z-0.3543 I0.1122 J0.
N31390 X2.6437 Z-0.3346 I-0.1122 J0.
N31395 X2.8681 Z-0.315 I0.1122 J0.
N31400 X2.6437 Z-0.2953 I-0.1122 J0.
N31405 X2.8681 Z-0.2756 I0.1122 J0.
N31410 X2.6437 Z-0.2559 I-0.1122 J0.
N31415 X2.8681 Z-0.2362 I0.1122 J0.
N31420 X2.6437 Z-0.2165 I-0.1122 J0.
N31425 X2.8681 Z-0.1969 I0.1122 J0.
N31430 X2.6437 Z-0.1772 I-0.1122 J0.
N31435 X2.8681 Z-0.1575 I0.1122 J0.
N31440 X2.6437 Z-0.1378 I-0.1122 J0.
N31445 X2.8681 Z-0.1181 I0.1122 J0.
N31450 X2.6437 Z-0.0984 I-0.1122 J0.
N31455 X2.8681 Z-0.0787 I0.1122 J0.
N31460 X2.6437 Z-0.0591 I-0.1122 J0.
N31465 X2.8681 Z-0.0394 I0.1122 J0.
N31470 X2.8467 Y2.0345 Z-0.0354 I-0.1122 J0.
N31475 X2.7023 Y2.0573 Z-0.0264 I-0.0836 J-0.0607
N31480 G1 G40 X2.7559 Y1.9685
N31485 Z0.1969
N31490 Z-0.5207
N31495 Z-0.5994
N31500 G41 X2.7677 Y1.8622 D14
N31505 G3 X2.874 Y1.9685 Z-0.5906 I0. J0.1063
N31510 X2.6378 Z-0.5709 I-0.1181 J0.
N31515 X2.874 Z-0.5512 I0.1181 J0.
N31520 X2.6378 Z-0.5315 I-0.1181 J0.
N31525 X2.874 Z-0.5118 I0.1181 J0.
N31530 X2.6378 Z-0.4921 I-0.1181 J0.
N31535 X2.874 Z-0.4724 I0.1181 J0.
N31540 X2.6378 Z-0.4528 I-0.1181 J0.
N31545 X2.874 Z-0.4331 I0.1181 J0.
N31550 X2.6378 Z-0.4134 I-0.1181 J0.
N31555 X2.874 Z-0.3937 I0.1181 J0.
N31560 X2.6378 Z-0.374 I-0.1181 J0.
N31565 X2.874 Z-0.3543 I0.1181 J0.
N31570 X2.6378 Z-0.3346 I-0.1181 J0.
N31575 X2.874 Z-0.315 I0.1181 J0.
N31580 X2.6378 Z-0.2953 I-0.1181 J0.
N31585 X2.874 Z-0.2756 I0.1181 J0.
N31590 X2.6378 Z-0.2559 I-0.1181 J0.
N31595 X2.874 Z-0.2362 I0.1181 J0.
N31600 X2.6378 Z-0.2165 I-0.1181 J0.
N31605 X2.874 Z-0.1969 I0.1181 J0.
N31610 X2.6378 Z-0.1772 I-0.1181 J0.
N31615 X2.874 Z-0.1575 I0.1181 J0.
N31620 X2.6378 Z-0.1378 I-0.1181 J0.
N31625 X2.874 Z-0.1181 I0.1181 J0.
N31630 X2.6378 Z-0.0984 I-0.1181 J0.
N31635 X2.874 Z-0.0787 I0.1181 J0.
N31640 X2.6378 Z-0.0591 I-0.1181 J0.
N31645 X2.874 Z-0.0394 I0.1181 J0.
N31650 X2.8515 Y2.0379 Z-0.0354 I-0.1181 J0.
N31655 X2.703 Y2.0614 Z-0.0266 I-0.086 J-0.0625
N31660 G1 G40 X2.7559 Y1.9685
N31665 Z0.1969
N31670 X1.9685
N31675 Z-0.5211
N31680 Z-0.5998
N31685 G41 X1.9744 Y1.8681 D14
N31690 G3 X2.0748 Y1.9685 Z-0.5906 I0. J0.1004
N31695 X1.8622 Z-0.5709 I-0.1063 J0.
N31700 X2.0748 Z-0.5512 I0.1063 J0.
N31705 X1.8622 Z-0.5315 I-0.1063 J0.
N31710 X2.0748 Z-0.5118 I0.1063 J0.
N31715 X1.8622 Z-0.4921 I-0.1063 J0.
N31720 X2.0748 Z-0.4724 I0.1063 J0.
N31725 X1.8622 Z-0.4528 I-0.1063 J0.
N31730 X2.0748 Z-0.4331 I0.1063 J0.
N31735 X1.8622 Z-0.4134 I-0.1063 J0.
N31740 X2.0748 Z-0.3937 I0.1063 J0.
N31745 X1.8622 Z-0.374 I-0.1063 J0.
N31750 X2.0748 Z-0.3543 I0.1063 J0.
N31755 X1.8622 Z-0.3346 I-0.1063 J0.
N31760 X2.0748 Z-0.315 I0.1063 J0.
N31765 X1.8622 Z-0.2953 I-0.1063 J0.
N31770 X2.0748 Z-0.2756 I0.1063 J0.
N31775 X1.8622 Z-0.2559 I-0.1063 J0.
N31780 X2.0748 Z-0.2362 I0.1063 J0.
N31785 X1.8622 Z-0.2165 I-0.1063 J0.
N31790 X2.0748 Z-0.1969 I0.1063 J0.
N31795 X1.8622 Z-0.1772 I-0.1063 J0.
N31800 X2.0748 Z-0.1575 I0.1063 J0.
N31805 X1.8622 Z-0.1378 I-0.1063 J0.
N31810 X2.0748 Z-0.1181 I0.1063 J0.
N31815 X1.8622 Z-0.0984 I-0.1063 J0.
N31820 X2.0748 Z-0.0787 I0.1063 J0.
N31825 X1.8622 Z-0.0591 I-0.1063 J0.
N31830 X2.0748 Z-0.0394 I0.1063 J0.
N31835 X2.0545 Y2.031 Z-0.0354 I-0.1063 J0.
N31840 X1.9143 Y2.0532 Z-0.0261 I-0.0812 J-0.059
N31845 G1 G40 X1.9685 Y1.9685
N31850 Z0.1969
N31855 Z-0.5209
N31860 Z-0.5996
N31865 G41 X1.9774 Y1.8652 D14
N31870 G3 X2.0807 Y1.9685 Z-0.5906 I0. J0.1033
N31875 X1.8563 Z-0.5709 I-0.1122 J0.
N31880 X2.0807 Z-0.5512 I0.1122 J0.
N31885 X1.8563 Z-0.5315 I-0.1122 J0.
N31890 X2.0807 Z-0.5118 I0.1122 J0.
N31895 X1.8563 Z-0.4921 I-0.1122 J0.
N31900 X2.0807 Z-0.4724 I0.1122 J0.
N31905 X1.8563 Z-0.4528 I-0.1122 J0.
N31910 X2.0807 Z-0.4331 I0.1122 J0.
N31915 X1.8563 Z-0.4134 I-0.1122 J0.
N31920 X2.0807 Z-0.3937 I0.1122 J0.
N31925 X1.8563 Z-0.374 I-0.1122 J0.
N31930 X2.0807 Z-0.3543 I0.1122 J0.
N31935 X1.8563 Z-0.3346 I-0.1122 J0.
N31940 X2.0807 Z-0.315 I0.1122 J0.
N31945 X1.8563 Z-0.2953 I-0.1122 J0.
N31950 X2.0807 Z-0.2756 I0.1122 J0.
N31955 X1.8563 Z-0.2559 I-0.1122 J0.
N31960 X2.0807 Z-0.2362 I0.1122 J0.
N31965 X1.8563 Z-0.2165 I-0.1122 J0.
N31970 X2.0807 Z-0.1969 I0.1122 J0.
N31975 X1.8563 Z-0.1772 I-0.1122 J0.
N31980 X2.0807 Z-0.1575 I0.1122 J0.
N31985 X1.8563 Z-0.1378 I-0.1122 J0.
N31990 X2.0807 Z-0.1181 I0.1122 J0.
N31995 X1.8563 Z-0.0984 I-0.1122 J0.
N32000 X2.0807 Z-0.0787 I0.1122 J0.
N32005 X1.8563 Z-0.0591 I-0.1122 J0.
N32010 X2.0807 Z-0.0394 I0.1122 J0.
N32015 X2.0593 Y2.0345 Z-0.0354 I-0.1122 J0.
N32020 X1.9149 Y2.0573 Z-0.0264 I-0.0836 J-0.0607
N32025 G1 G40 X1.9685 Y1.9685
N32030 Z0.1969
N32035 Z-0.5207
N32040 Z-0.5994
N32045 G41 X1.9803 Y1.8622 D14
N32050 G3 X2.0866 Y1.9685 Z-0.5906 I0. J0.1063
N32055 X1.8504 Z-0.5709 I-0.1181 J0.
N32060 X2.0866 Z-0.5512 I0.1181 J0.
N32065 X1.8504 Z-0.5315 I-0.1181 J0.
N32070 X2.0866 Z-0.5118 I0.1181 J0.
N32075 X1.8504 Z-0.4921 I-0.1181 J0.
N32080 X2.0866 Z-0.4724 I0.1181 J0.
N32085 X1.8504 Z-0.4528 I-0.1181 J0.
N32090 X2.0866 Z-0.4331 I0.1181 J0.
N32095 X1.8504 Z-0.4134 I-0.1181 J0.
N32100 X2.0866 Z-0.3937 I0.1181 J0.
N32105 X1.8504 Z-0.374 I-0.1181 J0.
N32110 X2.0866 Z-0.3543 I0.1181 J0.
N32115 X1.8504 Z-0.3346 I-0.1181 J0.
N32120 X2.0866 Z-0.315 I0.1181 J0.
N32125 X1.8504 Z-0.2953 I-0.1181 J0.
N32130 X2.0866 Z-0.2756 I0.1181 J0.
N32135 X1.8504 Z-0.2559 I-0.1181 J0.
N32140 X2.0866 Z-0.2362 I0.1181 J0.
N32145 X1.8504 Z-0.2165 I-0.1181 J0.
N32150 X2.0866 Z-0.1969 I0.1181 J0.
N32155 X1.8504 Z-0.1772 I-0.1181 J0.
N32160 X2.0866 Z-0.1575 I0.1181 J0.
N32165 X1.8504 Z-0.1378 I-0.1181 J0.
N32170 X2.0866 Z-0.1181 I0.1181 J0.
N32175 X1.8504 Z-0.0984 I-0.1181 J0.
N32180 X2.0866 Z-0.0787 I0.1181 J0.
N32185 X1.8504 Z-0.0591 I-0.1181 J0.
N32190 X2.0866 Z-0.0394 I0.1181 J0.
N32195 X2.0641 Y2.0379 Z-0.0354 I-0.1181 J0.
N32200 X1.9156 Y2.0614 Z-0.0266 I-0.086 J-0.0625
N32205 G1 G40 X1.9685 Y1.9685
N32210 Z0.1969
N32215 X1.1811
N32220 Z-0.5211
N32225 Z-0.5998
N32230 G41 X1.187 Y1.8681 D14
N32235 G3 X1.2874 Y1.9685 Z-0.5906 I0. J0.1004
N32240 X1.0748 Z-0.5709 I-0.1063 J0.
N32245 X1.2874 Z-0.5512 I0.1063 J0.
N32250 X1.0748 Z-0.5315 I-0.1063 J0.
N32255 X1.2874 Z-0.5118 I0.1063 J0.
N32260 X1.0748 Z-0.4921 I-0.1063 J0.
N32265 X1.2874 Z-0.4724 I0.1063 J0.
N32270 X1.0748 Z-0.4528 I-0.1063 J0.
N32275 X1.2874 Z-0.4331 I0.1063 J0.
N32280 X1.0748 Z-0.4134 I-0.1063 J0.
N32285 X1.2874 Z-0.3937 I0.1063 J0.
N32290 X1.0748 Z-0.374 I-0.1063 J0.
N32295 X1.2874 Z-0.3543 I0.1063 J0.
N32300 X1.0748 Z-0.3346 I-0.1063 J0.
N32305 X1.2874 Z-0.315 I0.1063 J0.
N32310 X1.0748 Z-0.2953 I-0.1063 J0.
N32315 X1.2874 Z-0.2756 I0.1063 J0.
N32320 X1.0748 Z-0.2559 I-0.1063 J0.
N32325 X1.2874 Z-0.2362 I0.1063 J0.
N32330 X1.0748 Z-0.2165 I-0.1063 J0.
N32335 X1.2874 Z-0.1969 I0.1063 J0.
N32340 X1.0748 Z-0.1772 I-0.1063 J0.
N32345 X1.2874 Z-0.1575 I0.1063 J0.
N32350 X1.0748 Z-0.1378 I-0.1063 J0.
N32355 X1.2874 Z-0.1181 I0.1063 J0.
N32360 X1.0748 Z-0.0984 I-0.1063 J0.
N32365 X1.2874 Z-0.0787 I0.1063 J0.
N32370 X1.0748 Z-0.0591 I-0.1063 J0.
N32375 X1.2874 Z-0.0394 I0.1063 J0.
N32380 X1.2671 Y2.031 Z-0.0354 I-0.1063 J0.
N32385 X1.1269 Y2.0532 Z-0.0261 I-0.0812 J-0.059
N32390 G1 G40 X1.1811 Y1.9685
N32395 Z0.1969
N32400 Z-0.5209
N32405 Z-0.5996
N32410 G41 X1.19 Y1.8652 D14
N32415 G3 X1.2933 Y1.9685 Z-0.5906 I0. J0.1033
N32420 X1.0689 Z-0.5709 I-0.1122 J0.
N32425 X1.2933 Z-0.5512 I0.1122 J0.
N32430 X1.0689 Z-0.5315 I-0.1122 J0.
N32435 X1.2933 Z-0.5118 I0.1122 J0.
N32440 X1.0689 Z-0.4921 I-0.1122 J0.
N32445 X1.2933 Z-0.4724 I0.1122 J0.
N32450 X1.0689 Z-0.4528 I-0.1122 J0.
N32455 X1.2933 Z-0.4331 I0.1122 J0.
N32460 X1.0689 Z-0.4134 I-0.1122 J0.
N32465 X1.2933 Z-0.3937 I0.1122 J0.
N32470 X1.0689 Z-0.374 I-0.1122 J0.
N32475 X1.2933 Z-0.3543 I0.1122 J0.
N32480 X1.0689 Z-0.3346 I-0.1122 J0.
N32485 X1.2933 Z-0.315 I0.1122 J0.
N32490 X1.0689 Z-0.2953 I-0.1122 J0.
N32495 X1.2933 Z-0.2756 I0.1122 J0.
N32500 X1.0689 Z-0.2559 I-0.1122 J0.
N32505 X1.2933 Z-0.2362 I0.1122 J0.
N32510 X1.0689 Z-0.2165 I-0.1122 J0.
N32515 X1.2933 Z-0.1969 I0.1122 J0.
N32520 X1.0689 Z-0.1772 I-0.1122 J0.
N32525 X1.2933 Z-0.1575 I0.1122 J0.
N32530 X1.0689 Z-0.1378 I-0.1122 J0.
N32535 X1.2933 Z-0.1181 I0.1122 J0.
N32540 X1.0689 Z-0.0984 I-0.1122 J0.
N32545 X1.2933 Z-0.0787 I0.1122 J0.
N32550 X1.0689 Z-0.0591 I-0.1122 J0.
N32555 X1.2933 Z-0.0394 I0.1122 J0.
N32560 X1.2719 Y2.0345 Z-0.0354 I-0.1122 J0.
N32565 X1.1275 Y2.0573 Z-0.0264 I-0.0836 J-0.0607
N32570 G1 G40 X1.1811 Y1.9685
N32575 Z0.1969
N32580 Z-0.5207
N32585 Z-0.5994
N32590 G41 X1.1929 Y1.8622 D14
N32595 G3 X1.2992 Y1.9685 Z-0.5906 I0. J0.1063
N32600 X1.063 Z-0.5709 I-0.1181 J0.
N32605 X1.2992 Z-0.5512 I0.1181 J0.
N32610 X1.063 Z-0.5315 I-0.1181 J0.
N32615 X1.2992 Z-0.5118 I0.1181 J0.
N32620 X1.063 Z-0.4921 I-0.1181 J0.
N32625 X1.2992 Z-0.4724 I0.1181 J0.
N32630 X1.063 Z-0.4528 I-0.1181 J0.
N32635 X1.2992 Z-0.4331 I0.1181 J0.
N32640 X1.063 Z-0.4134 I-0.1181 J0.
N32645 X1.2992 Z-0.3937 I0.1181 J0.
N32650 X1.063 Z-0.374 I-0.1181 J0.
N32655 X1.2992 Z-0.3543 I0.1181 J0.
N32660 X1.063 Z-0.3346 I-0.1181 J0.
N32665 X1.2992 Z-0.315 I0.1181 J0.
N32670 X1.063 Z-0.2953 I-0.1181 J0.
N32675 X1.2992 Z-0.2756 I0.1181 J0.
N32680 X1.063 Z-0.2559 I-0.1181 J0.
N32685 X1.2992 Z-0.2362 I0.1181 J0.
N32690 X1.063 Z-0.2165 I-0.1181 J0.
N32695 X1.2992 Z-0.1969 I0.1181 J0.
N32700 X1.063 Z-0.1772 I-0.1181 J0.
N32705 X1.2992 Z-0.1575 I0.1181 J0.
N32710 X1.063 Z-0.1378 I-0.1181 J0.
N32715 X1.2992 Z-0.1181 I0.1181 J0.
N32720 X1.063 Z-0.0984 I-0.1181 J0.
N32725 X1.2992 Z-0.0787 I0.1181 J0.
N32730 X1.063 Z-0.0591 I-0.1181 J0.
N32735 X1.2992 Z-0.0394 I0.1181 J0.
N32740 X1.2767 Y2.0379 Z-0.0354 I-0.1181 J0.
N32745 X1.1282 Y2.0614 Z-0.0266 I-0.086 J-0.0625
N32750 G1 G40 X1.1811 Y1.9685
N32755 Z0.1969
N32760 X0.3937
N32765 Z-0.5211
N32770 Z-0.5998
N32775 G41 X0.3996 Y1.8681 D14
N32780 G3 X0.5 Y1.9685 Z-0.5906 I0. J0.1004
N32785 X0.2874 Z-0.5709 I-0.1063 J0.
N32790 X0.5 Z-0.5512 I0.1063 J0.
N32795 X0.2874 Z-0.5315 I-0.1063 J0.
N32800 X0.5 Z-0.5118 I0.1063 J0.
N32805 X0.2874 Z-0.4921 I-0.1063 J0.
N32810 X0.5 Z-0.4724 I0.1063 J0.
N32815 X0.2874 Z-0.4528 I-0.1063 J0.
N32820 X0.5 Z-0.4331 I0.1063 J0.
N32825 X0.2874 Z-0.4134 I-0.1063 J0.
N32830 X0.5 Z-0.3937 I0.1063 J0.
N32835 X0.2874 Z-0.374 I-0.1063 J0.
N32840 X0.5 Z-0.3543 I0.1063 J0.
N32845 X0.2874 Z-0.3346 I-0.1063 J0.
N32850 X0.5 Z-0.315 I0.1063 J0.
N32855 X0.2874 Z-0.2953 I-0.1063 J0.
N32860 X0.5 Z-0.2756 I0.1063 J0.
N32865 X0.2874 Z-0.2559 I-0.1063 J0.
N32870 X0.5 Z-0.2362 I0.1063 J0.
N32875 X0.2874 Z-0.2165 I-0.1063 J0.
N32880 X0.5 Z-0.1969 I0.1063 J0.
N32885 X0.2874 Z-0.1772 I-0.1063 J0.
N32890 X0.5 Z-0.1575 I0.1063 J0.
N32895 X0.2874 Z-0.1378 I-0.1063 J0.
N32900 X0.5 Z-0.1181 I0.1063 J0.
N32905 X0.2874 Z-0.0984 I-0.1063 J0.
N32910 X0.5 Z-0.0787 I0.1063 J0.
N32915 X0.2874 Z-0.0591 I-0.1063 J0.
N32920 X0.5 Z-0.0394 I0.1063 J0.
N32925 X0.4797 Y2.031 Z-0.0354 I-0.1063 J0.
N32930 X0.3395 Y2.0532 Z-0.0261 I-0.0812 J-0.059
N32935 G1 G40 X0.3937 Y1.9685
N32940 Z0.1969
N32945 Z-0.5209
N32950 Z-0.5996
N32955 G41 X0.4026 Y1.8652 D14
N32960 G3 X0.5059 Y1.9685 Z-0.5906 I0. J0.1033
N32965 X0.2815 Z-0.5709 I-0.1122 J0.
N32970 X0.5059 Z-0.5512 I0.1122 J0.
N32975 X0.2815 Z-0.5315 I-0.1122 J0.
N32980 X0.5059 Z-0.5118 I0.1122 J0.
N32985 X0.2815 Z-0.4921 I-0.1122 J0.
N32990 X0.5059 Z-0.4724 I0.1122 J0.
N32995 X0.2815 Z-0.4528 I-0.1122 J0.
N33000 X0.5059 Z-0.4331 I0.1122 J0.
N33005 X0.2815 Z-0.4134 I-0.1122 J0.
N33010 X0.5059 Z-0.3937 I0.1122 J0.
N33015 X0.2815 Z-0.374 I-0.1122 J0.
N33020 X0.5059 Z-0.3543 I0.1122 J0.
N33025 X0.2815 Z-0.3346 I-0.1122 J0.
N33030 X0.5059 Z-0.315 I0.1122 J0.
N33035 X0.2815 Z-0.2953 I-0.1122 J0.
N33040 X0.5059 Z-0.2756 I0.1122 J0.
N33045 X0.2815 Z-0.2559 I-0.1122 J0.
N33050 X0.5059 Z-0.2362 I0.1122 J0.
N33055 X0.2815 Z-0.2165 I-0.1122 J0.
N33060 X0.5059 Z-0.1969 I0.1122 J0.
N33065 X0.2815 Z-0.1772 I-0.1122 J0.
N33070 X0.5059 Z-0.1575 I0.1122 J0.
N33075 X0.2815 Z-0.1378 I-0.1122 J0.
N33080 X0.5059 Z-0.1181 I0.1122 J0.
N33085 X0.2815 Z-0.0984 I-0.1122 J0.
N33090 X0.5059 Z-0.0787 I0.1122 J0.
N33095 X0.2815 Z-0.0591 I-0.1122 J0.
N33100 X0.5059 Z-0.0394 I0.1122 J0.
N33105 X0.4845 Y2.0345 Z-0.0354 I-0.1122 J0.
N33110 X0.3401 Y2.0573 Z-0.0264 I-0.0836 J-0.0607
N33115 G1 G40 X0.3937 Y1.9685
N33120 Z0.1969
N33125 Z-0.5207
N33130 Z-0.5994
N33135 G41 X0.4055 Y1.8622 D14
N33140 G3 X0.5118 Y1.9685 Z-0.5906 I0. J0.1063
N33145 X0.2756 Z-0.5709 I-0.1181 J0.
N33150 X0.5118 Z-0.5512 I0.1181 J0.
N33155 X0.2756 Z-0.5315 I-0.1181 J0.
N33160 X0.5118 Z-0.5118 I0.1181 J0.
N33165 X0.2756 Z-0.4921 I-0.1181 J0.
N33170 X0.5118 Z-0.4724 I0.1181 J0.
N33175 X0.2756 Z-0.4528 I-0.1181 J0.
N33180 X0.5118 Z-0.4331 I0.1181 J0.
N33185 X0.2756 Z-0.4134 I-0.1181 J0.
N33190 X0.5118 Z-0.3937 I0.1181 J0.
N33195 X0.2756 Z-0.374 I-0.1181 J0.
N33200 X0.5118 Z-0.3543 I0.1181 J0.
N33205 X0.2756 Z-0.3346 I-0.1181 J0.
N33210 X0.5118 Z-0.315 I0.1181 J0.
N33215 X0.2756 Z-0.2953 I-0.1181 J0.
N33220 X0.5118 Z-0.2756 I0.1181 J0.
N33225 X0.2756 Z-0.2559 I-0.1181 J0.
N33230 X0.5118 Z-0.2362 I0.1181 J0.
N33235 X0.2756 Z-0.2165 I-0.1181 J0.
N33240 X0.5118 Z-0.1969 I0.1181 J0.
N33245 X0.2756 Z-0.1772 I-0.1181 J0.
N33250 X0.5118 Z-0.1575 I0.1181 J0.
N33255 X0.2756 Z-0.1378 I-0.1181 J0.
N33260 X0.5118 Z-0.1181 I0.1181 J0.
N33265 X0.2756 Z-0.0984 I-0.1181 J0.
N33270 X0.5118 Z-0.0787 I0.1181 J0.
N33275 X0.2756 Z-0.0591 I-0.1181 J0.
N33280 X0.5118 Z-0.0394 I0.1181 J0.
N33285 X0.4893 Y2.0379 Z-0.0354 I-0.1181 J0.
N33290 X0.3408 Y2.0614 Z-0.0266 I-0.086 J-0.0625
N33295 G1 G40 X0.3937 Y1.9685
N33300 Z0.1969
N33305 X-0.3937
N33310 Z-0.5211
N33315 Z-0.5998
N33320 G41 X-0.3878 Y1.8681 D14
N33325 G3 X-0.2874 Y1.9685 Z-0.5906 I0. J0.1004
N33330 X-0.5 Z-0.5709 I-0.1063 J0.
N33335 X-0.2874 Z-0.5512 I0.1063 J0.
N33340 X-0.5 Z-0.5315 I-0.1063 J0.
N33345 X-0.2874 Z-0.5118 I0.1063 J0.
N33350 X-0.5 Z-0.4921 I-0.1063 J0.
N33355 X-0.2874 Z-0.4724 I0.1063 J0.
N33360 X-0.5 Z-0.4528 I-0.1063 J0.
N33365 X-0.2874 Z-0.4331 I0.1063 J0.
N33370 X-0.5 Z-0.4134 I-0.1063 J0.
N33375 X-0.2874 Z-0.3937 I0.1063 J0.
N33380 X-0.5 Z-0.374 I-0.1063 J0.
N33385 X-0.2874 Z-0.3543 I0.1063 J0.
N33390 X-0.5 Z-0.3346 I-0.1063 J0.
N33395 X-0.2874 Z-0.315 I0.1063 J0.
N33400 X-0.5 Z-0.2953 I-0.1063 J0.
N33405 X-0.2874 Z-0.2756 I0.1063 J0.
N33410 X-0.5 Z-0.2559 I-0.1063 J0.
N33415 X-0.2874 Z-0.2362 I0.1063 J0.
N33420 X-0.5 Z-0.2165 I-0.1063 J0.
N33425 X-0.2874 Z-0.1969 I0.1063 J0.
N33430 X-0.5 Z-0.1772 I-0.1063 J0.
N33435 X-0.2874 Z-0.1575 I0.1063 J0.
N33440 X-0.5 Z-0.1378 I-0.1063 J0.
N33445 X-0.2874 Z-0.1181 I0.1063 J0.
N33450 X-0.5 Z-0.0984 I-0.1063 J0.
N33455 X-0.2874 Z-0.0787 I0.1063 J0.
N33460 X-0.5 Z-0.0591 I-0.1063 J0.
N33465 X-0.2874 Z-0.0394 I0.1063 J0.
N33470 X-0.3077 Y2.031 Z-0.0354 I-0.1063 J0.
N33475 X-0.4479 Y2.0532 Z-0.0261 I-0.0812 J-0.059
N33480 G1 G40 X-0.3937 Y1.9685
N33485 Z0.1969
N33490 Z-0.5209
N33495 Z-0.5996
N33500 G41 X-0.3848 Y1.8652 D14
N33505 G3 X-0.2815 Y1.9685 Z-0.5906 I0. J0.1033
N33510 X-0.5059 Z-0.5709 I-0.1122 J0.
N33515 X-0.2815 Z-0.5512 I0.1122 J0.
N33520 X-0.5059 Z-0.5315 I-0.1122 J0.
N33525 X-0.2815 Z-0.5118 I0.1122 J0.
N33530 X-0.5059 Z-0.4921 I-0.1122 J0.
N33535 X-0.2815 Z-0.4724 I0.1122 J0.
N33540 X-0.5059 Z-0.4528 I-0.1122 J0.
N33545 X-0.2815 Z-0.4331 I0.1122 J0.
N33550 X-0.5059 Z-0.4134 I-0.1122 J0.
N33555 X-0.2815 Z-0.3937 I0.1122 J0.
N33560 X-0.5059 Z-0.374 I-0.1122 J0.
N33565 X-0.2815 Z-0.3543 I0.1122 J0.
N33570 X-0.5059 Z-0.3346 I-0.1122 J0.
N33575 X-0.2815 Z-0.315 I0.1122 J0.
N33580 X-0.5059 Z-0.2953 I-0.1122 J0.
N33585 X-0.2815 Z-0.2756 I0.1122 J0.
N33590 X-0.5059 Z-0.2559 I-0.1122 J0.
N33595 X-0.2815 Z-0.2362 I0.1122 J0.
N33600 X-0.5059 Z-0.2165 I-0.1122 J0.
N33605 X-0.2815 Z-0.1969 I0.1122 J0.
N33610 X-0.5059 Z-0.1772 I-0.1122 J0.
N33615 X-0.2815 Z-0.1575 I0.1122 J0.
N33620 X-0.5059 Z-0.1378 I-0.1122 J0.
N33625 X-0.2815 Z-0.1181 I0.1122 J0.
N33630 X-0.5059 Z-0.0984 I-0.1122 J0.
N33635 X-0.2815 Z-0.0787 I0.1122 J0.
N33640 X-0.5059 Z-0.0591 I-0.1122 J0.
N33645 X-0.2815 Z-0.0394 I0.1122 J0.
N33650 X-0.3029 Y2.0345 Z-0.0354 I-0.1122 J0.
N33655 X-0.4473 Y2.0573 Z-0.0264 I-0.0836 J-0.0607
N33660 G1 G40 X-0.3937 Y1.9685
N33665 Z0.1969
N33670 Z-0.5207
N33675 Z-0.5994
N33680 G41 X-0.3819 Y1.8622 D14
N33685 G3 X-0.2756 Y1.9685 Z-0.5906 I0. J0.1063
N33690 X-0.5118 Z-0.5709 I-0.1181 J0.
N33695 X-0.2756 Z-0.5512 I0.1181 J0.
N33700 X-0.5118 Z-0.5315 I-0.1181 J0.
N33705 X-0.2756 Z-0.5118 I0.1181 J0.
N33710 X-0.5118 Z-0.4921 I-0.1181 J0.
N33715 X-0.2756 Z-0.4724 I0.1181 J0.
N33720 X-0.5118 Z-0.4528 I-0.1181 J0.
N33725 X-0.2756 Z-0.4331 I0.1181 J0.
N33730 X-0.5118 Z-0.4134 I-0.1181 J0.
N33735 X-0.2756 Z-0.3937 I0.1181 J0.
N33740 X-0.5118 Z-0.374 I-0.1181 J0.
N33745 X-0.2756 Z-0.3543 I0.1181 J0.
N33750 X-0.5118 Z-0.3346 I-0.1181 J0.
N33755 X-0.2756 Z-0.315 I0.1181 J0.
N33760 X-0.5118 Z-0.2953 I-0.1181 J0.
N33765 X-0.2756 Z-0.2756 I0.1181 J0.
N33770 X-0.5118 Z-0.2559 I-0.1181 J0.
N33775 X-0.2756 Z-0.2362 I0.1181 J0.
N33780 X-0.5118 Z-0.2165 I-0.1181 J0.
N33785 X-0.2756 Z-0.1969 I0.1181 J0.
N33790 X-0.5118 Z-0.1772 I-0.1181 J0.
N33795 X-0.2756 Z-0.1575 I0.1181 J0.
N33800 X-0.5118 Z-0.1378 I-0.1181 J0.
N33805 X-0.2756 Z-0.1181 I0.1181 J0.
N33810 X-0.5118 Z-0.0984 I-0.1181 J0.
N33815 X-0.2756 Z-0.0787 I0.1181 J0.
N33820 X-0.5118 Z-0.0591 I-0.1181 J0.
N33825 X-0.2756 Z-0.0394 I0.1181 J0.
N33830 X-0.2981 Y2.0379 Z-0.0354 I-0.1181 J0.
N33835 X-0.4466 Y2.0614 Z-0.0266 I-0.086 J-0.0625
N33840 G1 G40 X-0.3937 Y1.9685
N33845 Z0.1969
N33850 X-1.1811
N33855 Z-0.5211
N33860 Z-0.5998
N33865 G41 X-1.1752 Y1.8681 D14
N33870 G3 X-1.0748 Y1.9685 Z-0.5906 I0. J0.1004
N33875 X-1.2874 Z-0.5709 I-0.1063 J0.
N33880 X-1.0748 Z-0.5512 I0.1063 J0.
N33885 X-1.2874 Z-0.5315 I-0.1063 J0.
N33890 X-1.0748 Z-0.5118 I0.1063 J0.
N33895 X-1.2874 Z-0.4921 I-0.1063 J0.
N33900 X-1.0748 Z-0.4724 I0.1063 J0.
N33905 X-1.2874 Z-0.4528 I-0.1063 J0.
N33910 X-1.0748 Z-0.4331 I0.1063 J0.
N33915 X-1.2874 Z-0.4134 I-0.1063 J0.
N33920 X-1.0748 Z-0.3937 I0.1063 J0.
N33925 X-1.2874 Z-0.374 I-0.1063 J0.
N33930 X-1.0748 Z-0.3543 I0.1063 J0.
N33935 X-1.2874 Z-0.3346 I-0.1063 J0.
N33940 X-1.0748 Z-0.315 I0.1063 J0.
N33945 X-1.2874 Z-0.2953 I-0.1063 J0.
N33950 X-1.0748 Z-0.2756 I0.1063 J0.
N33955 X-1.2874 Z-0.2559 I-0.1063 J0.
N33960 X-1.0748 Z-0.2362 I0.1063 J0.
N33965 X-1.2874 Z-0.2165 I-0.1063 J0.
N33970 X-1.0748 Z-0.1969 I0.1063 J0.
N33975 X-1.2874 Z-0.1772 I-0.1063 J0.
N33980 X-1.0748 Z-0.1575 I0.1063 J0.
N33985 X-1.2874 Z-0.1378 I-0.1063 J0.
N33990 X-1.0748 Z-0.1181 I0.1063 J0.
N33995 X-1.2874 Z-0.0984 I-0.1063 J0.
N34000 X-1.0748 Z-0.0787 I0.1063 J0.
N34005 X-1.2874 Z-0.0591 I-0.1063 J0.
N34010 X-1.0748 Z-0.0394 I0.1063 J0.
N34015 X-1.0951 Y2.031 Z-0.0354 I-0.1063 J0.
N34020 X-1.2353 Y2.0532 Z-0.0261 I-0.0812 J-0.059
N34025 G1 G40 X-1.1811 Y1.9685
N34030 Z0.1969
N34035 Z-0.5209
N34040 Z-0.5996
N34045 G41 X-1.1722 Y1.8652 D14
N34050 G3 X-1.0689 Y1.9685 Z-0.5906 I0. J0.1033
N34055 X-1.2933 Z-0.5709 I-0.1122 J0.
N34060 X-1.0689 Z-0.5512 I0.1122 J0.
N34065 X-1.2933 Z-0.5315 I-0.1122 J0.
N34070 X-1.0689 Z-0.5118 I0.1122 J0.
N34075 X-1.2933 Z-0.4921 I-0.1122 J0.
N34080 X-1.0689 Z-0.4724 I0.1122 J0.
N34085 X-1.2933 Z-0.4528 I-0.1122 J0.
N34090 X-1.0689 Z-0.4331 I0.1122 J0.
N34095 X-1.2933 Z-0.4134 I-0.1122 J0.
N34100 X-1.0689 Z-0.3937 I0.1122 J0.
N34105 X-1.2933 Z-0.374 I-0.1122 J0.
N34110 X-1.0689 Z-0.3543 I0.1122 J0.
N34115 X-1.2933 Z-0.3346 I-0.1122 J0.
N34120 X-1.0689 Z-0.315 I0.1122 J0.
N34125 X-1.2933 Z-0.2953 I-0.1122 J0.
N34130 X-1.0689 Z-0.2756 I0.1122 J0.
N34135 X-1.2933 Z-0.2559 I-0.1122 J0.
N34140 X-1.0689 Z-0.2362 I0.1122 J0.
N34145 X-1.2933 Z-0.2165 I-0.1122 J0.
N34150 X-1.0689 Z-0.1969 I0.1122 J0.
N34155 X-1.2933 Z-0.1772 I-0.1122 J0.
N34160 X-1.0689 Z-0.1575 I0.1122 J0.
N34165 X-1.2933 Z-0.1378 I-0.1122 J0.
N34170 X-1.0689 Z-0.1181 I0.1122 J0.
N34175 X-1.2933 Z-0.0984 I-0.1122 J0.
N34180 X-1.0689 Z-0.0787 I0.1122 J0.
N34185 X-1.2933 Z-0.0591 I-0.1122 J0.
N34190 X-1.0689 Z-0.0394 I0.1122 J0.
N34195 X-1.0903 Y2.0345 Z-0.0354 I-0.1122 J0.
N34200 X-1.2347 Y2.0573 Z-0.0264 I-0.0836 J-0.0607
N34205 G1 G40 X-1.1811 Y1.9685
N34210 Z0.1969
N34215 Z-0.5207
N34220 Z-0.5994
N34225 G41 X-1.1693 Y1.8622 D14
N34230 G3 X-1.063 Y1.9685 Z-0.5906 I0. J0.1063
N34235 X-1.2992 Z-0.5709 I-0.1181 J0.
N34240 X-1.063 Z-0.5512 I0.1181 J0.
N34245 X-1.2992 Z-0.5315 I-0.1181 J0.
N34250 X-1.063 Z-0.5118 I0.1181 J0.
N34255 X-1.2992 Z-0.4921 I-0.1181 J0.
N34260 X-1.063 Z-0.4724 I0.1181 J0.
N34265 X-1.2992 Z-0.4528 I-0.1181 J0.
N34270 X-1.063 Z-0.4331 I0.1181 J0.
N34275 X-1.2992 Z-0.4134 I-0.1181 J0.
N34280 X-1.063 Z-0.3937 I0.1181 J0.
N34285 X-1.2992 Z-0.374 I-0.1181 J0.
N34290 X-1.063 Z-0.3543 I0.1181 J0.
N34295 X-1.2992 Z-0.3346 I-0.1181 J0.
N34300 X-1.063 Z-0.315 I0.1181 J0.
N34305 X-1.2992 Z-0.2953 I-0.1181 J0.
N34310 X-1.063 Z-0.2756 I0.1181 J0.
N34315 X-1.2992 Z-0.2559 I-0.1181 J0.
N34320 X-1.063 Z-0.2362 I0.1181 J0.
N34325 X-1.2992 Z-0.2165 I-0.1181 J0.
N34330 X-1.063 Z-0.1969 I0.1181 J0.
N34335 X-1.2992 Z-0.1772 I-0.1181 J0.
N34340 X-1.063 Z-0.1575 I0.1181 J0.
N34345 X-1.2992 Z-0.1378 I-0.1181 J0.
N34350 X-1.063 Z-0.1181 I0.1181 J0.
N34355 X-1.2992 Z-0.0984 I-0.1181 J0.
N34360 X-1.063 Z-0.0787 I0.1181 J0.
N34365 X-1.2992 Z-0.0591 I-0.1181 J0.
N34370 X-1.063 Z-0.0394 I0.1181 J0.
N34375 X-1.0855 Y2.0379 Z-0.0354 I-0.1181 J0.
N34380 X-1.234 Y2.0614 Z-0.0266 I-0.086 J-0.0625
N34385 G1 G40 X-1.1811 Y1.9685
N34390 Z0.1969
N34395 X-1.9685
N34400 Z-0.5211
N34405 Z-0.5998
N34410 G41 X-1.9626 Y1.8681 D14
N34415 G3 X-1.8622 Y1.9685 Z-0.5906 I0. J0.1004
N34420 X-2.0748 Z-0.5709 I-0.1063 J0.
N34425 X-1.8622 Z-0.5512 I0.1063 J0.
N34430 X-2.0748 Z-0.5315 I-0.1063 J0.
N34435 X-1.8622 Z-0.5118 I0.1063 J0.
N34440 X-2.0748 Z-0.4921 I-0.1063 J0.
N34445 X-1.8622 Z-0.4724 I0.1063 J0.
N34450 X-2.0748 Z-0.4528 I-0.1063 J0.
N34455 X-1.8622 Z-0.4331 I0.1063 J0.
N34460 X-2.0748 Z-0.4134 I-0.1063 J0.
N34465 X-1.8622 Z-0.3937 I0.1063 J0.
N34470 X-2.0748 Z-0.374 I-0.1063 J0.
N34475 X-1.8622 Z-0.3543 I0.1063 J0.
N34480 X-2.0748 Z-0.3346 I-0.1063 J0.
N34485 X-1.8622 Z-0.315 I0.1063 J0.
N34490 X-2.0748 Z-0.2953 I-0.1063 J0.
N34495 X-1.8622 Z-0.2756 I0.1063 J0.
N34500 X-2.0748 Z-0.2559 I-0.1063 J0.
N34505 X-1.8622 Z-0.2362 I0.1063 J0.
N34510 X-2.0748 Z-0.2165 I-0.1063 J0.
N34515 X-1.8622 Z-0.1969 I0.1063 J0.
N34520 X-2.0748 Z-0.1772 I-0.1063 J0.
N34525 X-1.8622 Z-0.1575 I0.1063 J0.
N34530 X-2.0748 Z-0.1378 I-0.1063 J0.
N34535 X-1.8622 Z-0.1181 I0.1063 J0.
N34540 X-2.0748 Z-0.0984 I-0.1063 J0.
N34545 X-1.8622 Z-0.0787 I0.1063 J0.
N34550 X-2.0748 Z-0.0591 I-0.1063 J0.
N34555 X-1.8622 Z-0.0394 I0.1063 J0.
N34560 X-1.8825 Y2.031 Z-0.0354 I-0.1063 J0.
N34565 X-2.0227 Y2.0532 Z-0.0261 I-0.0812 J-0.059
N34570 G1 G40 X-1.9685 Y1.9685
N34575 Z0.1969
N34580 Z-0.5209
N34585 Z-0.5996
N34590 G41 X-1.9596 Y1.8652 D14
N34595 G3 X-1.8563 Y1.9685 Z-0.5906 I0. J0.1033
N34600 X-2.0807 Z-0.5709 I-0.1122 J0.
N34605 X-1.8563 Z-0.5512 I0.1122 J0.
N34610 X-2.0807 Z-0.5315 I-0.1122 J0.
N34615 X-1.8563 Z-0.5118 I0.1122 J0.
N34620 X-2.0807 Z-0.4921 I-0.1122 J0.
N34625 X-1.8563 Z-0.4724 I0.1122 J0.
N34630 X-2.0807 Z-0.4528 I-0.1122 J0.
N34635 X-1.8563 Z-0.4331 I0.1122 J0.
N34640 X-2.0807 Z-0.4134 I-0.1122 J0.
N34645 X-1.8563 Z-0.3937 I0.1122 J0.
N34650 X-2.0807 Z-0.374 I-0.1122 J0.
N34655 X-1.8563 Z-0.3543 I0.1122 J0.
N34660 X-2.0807 Z-0.3346 I-0.1122 J0.
N34665 X-1.8563 Z-0.315 I0.1122 J0.
N34670 X-2.0807 Z-0.2953 I-0.1122 J0.
N34675 X-1.8563 Z-0.2756 I0.1122 J0.
N34680 X-2.0807 Z-0.2559 I-0.1122 J0.
N34685 X-1.8563 Z-0.2362 I0.1122 J0.
N34690 X-2.0807 Z-0.2165 I-0.1122 J0.
N34695 X-1.8563 Z-0.1969 I0.1122 J0.
N34700 X-2.0807 Z-0.1772 I-0.1122 J0.
N34705 X-1.8563 Z-0.1575 I0.1122 J0.
N34710 X-2.0807 Z-0.1378 I-0.1122 J0.
N34715 X-1.8563 Z-0.1181 I0.1122 J0.
N34720 X-2.0807 Z-0.0984 I-0.1122 J0.
N34725 X-1.8563 Z-0.0787 I0.1122 J0.
N34730 X-2.0807 Z-0.0591 I-0.1122 J0.
N34735 X-1.8563 Z-0.0394 I0.1122 J0.
N34740 X-1.8777 Y2.0345 Z-0.0354 I-0.1122 J0.
N34745 X-2.0221 Y2.0573 Z-0.0264 I-0.0836 J-0.0607
N34750 G1 G40 X-1.9685 Y1.9685
N34755 Z0.1969
N34760 Z-0.5207
N34765 Z-0.5994
N34770 G41 X-1.9567 Y1.8622 D14
N34775 G3 X-1.8504 Y1.9685 Z-0.5906 I0. J0.1063
N34780 X-2.0866 Z-0.5709 I-0.1181 J0.
N34785 X-1.8504 Z-0.5512 I0.1181 J0.
N34790 X-2.0866 Z-0.5315 I-0.1181 J0.
N34795 X-1.8504 Z-0.5118 I0.1181 J0.
N34800 X-2.0866 Z-0.4921 I-0.1181 J0.
N34805 X-1.8504 Z-0.4724 I0.1181 J0.
N34810 X-2.0866 Z-0.4528 I-0.1181 J0.
N34815 X-1.8504 Z-0.4331 I0.1181 J0.
N34820 X-2.0866 Z-0.4134 I-0.1181 J0.
N34825 X-1.8504 Z-0.3937 I0.1181 J0.
N34830 X-2.0866 Z-0.374 I-0.1181 J0.
N34835 X-1.8504 Z-0.3543 I0.1181 J0.
N34840 X-2.0866 Z-0.3346 I-0.1181 J0.
N34845 X-1.8504 Z-0.315 I0.1181 J0.
N34850 X-2.0866 Z-0.2953 I-0.1181 J0.
N34855 X-1.8504 Z-0.2756 I0.1181 J0.
N34860 X-2.0866 Z-0.2559 I-0.1181 J0.
N34865 X-1.8504 Z-0.2362 I0.1181 J0.
N34870 X-2.0866 Z-0.2165 I-0.1181 J0.
N34875 X-1.8504 Z-0.1969 I0.1181 J0.
N34880 X-2.0866 Z-0.1772 I-0.1181 J0.
N34885 X-1.8504 Z-0.1575 I0.1181 J0.
N34890 X-2.0866 Z-0.1378 I-0.1181 J0.
N34895 X-1.8504 Z-0.1181 I0.1181 J0.
N34900 X-2.0866 Z-0.0984 I-0.1181 J0.
N34905 X-1.8504 Z-0.0787 I0.1181 J0.
N34910 X-2.0866 Z-0.0591 I-0.1181 J0.
N34915 X-1.8504 Z-0.0394 I0.1181 J0.
N34920 X-1.873 Y2.0379 Z-0.0354 I-0.1181 J0.
N34925 X-2.0214 Y2.0614 Z-0.0266 I-0.086 J-0.0625
N34930 G1 G40 X-1.9685 Y1.9685
N34935 Z0.1969
N34940 X-2.7559
N34945 Z-0.5211
N34950 Z-0.5998
N34955 G41 X-2.75 Y1.8681 D14
N34960 G3 X-2.6496 Y1.9685 Z-0.5906 I0. J0.1004
N34965 X-2.8622 Z-0.5709 I-0.1063 J0.
N34970 X-2.6496 Z-0.5512 I0.1063 J0.
N34975 X-2.8622 Z-0.5315 I-0.1063 J0.
N34980 X-2.6496 Z-0.5118 I0.1063 J0.
N34985 X-2.8622 Z-0.4921 I-0.1063 J0.
N34990 X-2.6496 Z-0.4724 I0.1063 J0.
N34995 X-2.8622 Z-0.4528 I-0.1063 J0.
N35000 X-2.6496 Z-0.4331 I0.1063 J0.
N35005 X-2.8622 Z-0.4134 I-0.1063 J0.
N35010 X-2.6496 Z-0.3937 I0.1063 J0.
N35015 X-2.8622 Z-0.374 I-0.1063 J0.
N35020 X-2.6496 Z-0.3543 I0.1063 J0.
N35025 X-2.8622 Z-0.3346 I-0.1063 J0.
N35030 X-2.6496 Z-0.315 I0.1063 J0.
N35035 X-2.8622 Z-0.2953 I-0.1063 J0.
N35040 X-2.6496 Z-0.2756 I0.1063 J0.
N35045 X-2.8622 Z-0.2559 I-0.1063 J0.
N35050 X-2.6496 Z-0.2362 I0.1063 J0.
N35055 X-2.8622 Z-0.2165 I-0.1063 J0.
N35060 X-2.6496 Z-0.1969 I0.1063 J0.
N35065 X-2.8622 Z-0.1772 I-0.1063 J0.
N35070 X-2.6496 Z-0.1575 I0.1063 J0.
N35075 X-2.8622 Z-0.1378 I-0.1063 J0.
N35080 X-2.6496 Z-0.1181 I0.1063 J0.
N35085 X-2.8622 Z-0.0984 I-0.1063 J0.
N35090 X-2.6496 Z-0.0787 I0.1063 J0.
N35095 X-2.8622 Z-0.0591 I-0.1063 J0.
N35100 X-2.6496 Z-0.0394 I0.1063 J0.
N35105 X-2.6699 Y2.031 Z-0.0354 I-0.1063 J0.
N35110 X-2.8101 Y2.0532 Z-0.0261 I-0.0812 J-0.059
N35115 G1 G40 X-2.7559 Y1.9685
N35120 Z0.1969
N35125 Z-0.5209
N35130 Z-0.5996
N35135 G41 X-2.747 Y1.8652 D14
N35140 G3 X-2.6437 Y1.9685 Z-0.5906 I0. J0.1033
N35145 X-2.8681 Z-0.5709 I-0.1122 J0.
N35150 X-2.6437 Z-0.5512 I0.1122 J0.
N35155 X-2.8681 Z-0.5315 I-0.1122 J0.
N35160 X-2.6437 Z-0.5118 I0.1122 J0.
N35165 X-2.8681 Z-0.4921 I-0.1122 J0.
N35170 X-2.6437 Z-0.4724 I0.1122 J0.
N35175 X-2.8681 Z-0.4528 I-0.1122 J0.
N35180 X-2.6437 Z-0.4331 I0.1122 J0.
N35185 X-2.8681 Z-0.4134 I-0.1122 J0.
N35190 X-2.6437 Z-0.3937 I0.1122 J0.
N35195 X-2.8681 Z-0.374 I-0.1122 J0.
N35200 X-2.6437 Z-0.3543 I0.1122 J0.
N35205 X-2.8681 Z-0.3346 I-0.1122 J0.
N35210 X-2.6437 Z-0.315 I0.1122 J0.
N35215 X-2.8681 Z-0.2953 I-0.1122 J0.
N35220 X-2.6437 Z-0.2756 I0.1122 J0.
N35225 X-2.8681 Z-0.2559 I-0.1122 J0.
N35230 X-2.6437 Z-0.2362 I0.1122 J0.
N35235 X-2.8681 Z-0.2165 I-0.1122 J0.
N35240 X-2.6437 Z-0.1969 I0.1122 J0.
N35245 X-2.8681 Z-0.1772 I-0.1122 J0.
N35250 X-2.6437 Z-0.1575 I0.1122 J0.
N35255 X-2.8681 Z-0.1378 I-0.1122 J0.
N35260 X-2.6437 Z-0.1181 I0.1122 J0.
N35265 X-2.8681 Z-0.0984 I-0.1122 J0.
N35270 X-2.6437 Z-0.0787 I0.1122 J0.
N35275 X-2.8681 Z-0.0591 I-0.1122 J0.
N35280 X-2.6437 Z-0.0394 I0.1122 J0.
N35285 X-2.6651 Y2.0345 Z-0.0354 I-0.1122 J0.
N35290 X-2.8095 Y2.0573 Z-0.0264 I-0.0836 J-0.0607
N35295 G1 G40 X-2.7559 Y1.9685
N35300 Z0.1969
N35305 Z-0.5207
N35310 Z-0.5994
N35315 G41 X-2.7441 Y1.8622 D14
N35320 G3 X-2.6378 Y1.9685 Z-0.5906 I0. J0.1063
N35325 X-2.874 Z-0.5709 I-0.1181 J0.
N35330 X-2.6378 Z-0.5512 I0.1181 J0.
N35335 X-2.874 Z-0.5315 I-0.1181 J0.
N35340 X-2.6378 Z-0.5118 I0.1181 J0.
N35345 X-2.874 Z-0.4921 I-0.1181 J0.
N35350 X-2.6378 Z-0.4724 I0.1181 J0.
N35355 X-2.874 Z-0.4528 I-0.1181 J0.
N35360 X-2.6378 Z-0.4331 I0.1181 J0.
N35365 X-2.874 Z-0.4134 I-0.1181 J0.
N35370 X-2.6378 Z-0.3937 I0.1181 J0.
N35375 X-2.874 Z-0.374 I-0.1181 J0.
N35380 X-2.6378 Z-0.3543 I0.1181 J0.
N35385 X-2.874 Z-0.3346 I-0.1181 J0.
N35390 X-2.6378 Z-0.315 I0.1181 J0.
N35395 X-2.874 Z-0.2953 I-0.1181 J0.
N35400 X-2.6378 Z-0.2756 I0.1181 J0.
N35405 X-2.874 Z-0.2559 I-0.1181 J0.
N35410 X-2.6378 Z-0.2362 I0.1181 J0.
N35415 X-2.874 Z-0.2165 I-0.1181 J0.
N35420 X-2.6378 Z-0.1969 I0.1181 J0.
N35425 X-2.874 Z-0.1772 I-0.1181 J0.
N35430 X-2.6378 Z-0.1575 I0.1181 J0.
N35435 X-2.874 Z-0.1378 I-0.1181 J0.
N35440 X-2.6378 Z-0.1181 I0.1181 J0.
N35445 X-2.874 Z-0.0984 I-0.1181 J0.
N35450 X-2.6378 Z-0.0787 I0.1181 J0.
N35455 X-2.874 Z-0.0591 I-0.1181 J0.
N35460 X-2.6378 Z-0.0394 I0.1181 J0.
N35465 X-2.6604 Y2.0379 Z-0.0354 I-0.1181 J0.
N35470 X-2.8088 Y2.0614 Z-0.0266 I-0.086 J-0.0625
N35475 G1 G40 X-2.7559 Y1.9685
N35480 Z0.1969
N35485 X-3.5433
N35490 Z-0.5211
N35495 Z-0.5998
N35500 G41 X-3.5374 Y1.8681 D14
N35505 G3 X-3.437 Y1.9685 Z-0.5906 I0. J0.1004
N35510 X-3.6496 Z-0.5709 I-0.1063 J0.
N35515 X-3.437 Z-0.5512 I0.1063 J0.
N35520 X-3.6496 Z-0.5315 I-0.1063 J0.
N35525 X-3.437 Z-0.5118 I0.1063 J0.
N35530 X-3.6496 Z-0.4921 I-0.1063 J0.
N35535 X-3.437 Z-0.4724 I0.1063 J0.
N35540 X-3.6496 Z-0.4528 I-0.1063 J0.
N35545 X-3.437 Z-0.4331 I0.1063 J0.
N35550 X-3.6496 Z-0.4134 I-0.1063 J0.
N35555 X-3.437 Z-0.3937 I0.1063 J0.
N35560 X-3.6496 Z-0.374 I-0.1063 J0.
N35565 X-3.437 Z-0.3543 I0.1063 J0.
N35570 X-3.6496 Z-0.3346 I-0.1063 J0.
N35575 X-3.437 Z-0.315 I0.1063 J0.
N35580 X-3.6496 Z-0.2953 I-0.1063 J0.
N35585 X-3.437 Z-0.2756 I0.1063 J0.
N35590 X-3.6496 Z-0.2559 I-0.1063 J0.
N35595 X-3.437 Z-0.2362 I0.1063 J0.
N35600 X-3.6496 Z-0.2165 I-0.1063 J0.
N35605 X-3.437 Z-0.1969 I0.1063 J0.
N35610 X-3.6496 Z-0.1772 I-0.1063 J0.
N35615 X-3.437 Z-0.1575 I0.1063 J0.
N35620 X-3.6496 Z-0.1378 I-0.1063 J0.
N35625 X-3.437 Z-0.1181 I0.1063 J0.
N35630 X-3.6496 Z-0.0984 I-0.1063 J0.
N35635 X-3.437 Z-0.0787 I0.1063 J0.
N35640 X-3.6496 Z-0.0591 I-0.1063 J0.
N35645 X-3.437 Z-0.0394 I0.1063 J0.
N35650 X-3.4573 Y2.031 Z-0.0354 I-0.1063 J0.
N35655 X-3.5975 Y2.0532 Z-0.0261 I-0.0812 J-0.059
N35660 G1 G40 X-3.5433 Y1.9685
N35665 Z0.1969
N35670 Z-0.5209
N35675 Z-0.5996
N35680 G41 X-3.5344 Y1.8652 D14
N35685 G3 X-3.4311 Y1.9685 Z-0.5906 I0. J0.1033
N35690 X-3.6555 Z-0.5709 I-0.1122 J0.
N35695 X-3.4311 Z-0.5512 I0.1122 J0.
N35700 X-3.6555 Z-0.5315 I-0.1122 J0.
N35705 X-3.4311 Z-0.5118 I0.1122 J0.
N35710 X-3.6555 Z-0.4921 I-0.1122 J0.
N35715 X-3.4311 Z-0.4724 I0.1122 J0.
N35720 X-3.6555 Z-0.4528 I-0.1122 J0.
N35725 X-3.4311 Z-0.4331 I0.1122 J0.
N35730 X-3.6555 Z-0.4134 I-0.1122 J0.
N35735 X-3.4311 Z-0.3937 I0.1122 J0.
N35740 X-3.6555 Z-0.374 I-0.1122 J0.
N35745 X-3.4311 Z-0.3543 I0.1122 J0.
N35750 X-3.6555 Z-0.3346 I-0.1122 J0.
N35755 X-3.4311 Z-0.315 I0.1122 J0.
N35760 X-3.6555 Z-0.2953 I-0.1122 J0.
N35765 X-3.4311 Z-0.2756 I0.1122 J0.
N35770 X-3.6555 Z-0.2559 I-0.1122 J0.
N35775 X-3.4311 Z-0.2362 I0.1122 J0.
N35780 X-3.6555 Z-0.2165 I-0.1122 J0.
N35785 X-3.4311 Z-0.1969 I0.1122 J0.
N35790 X-3.6555 Z-0.1772 I-0.1122 J0.
N35795 X-3.4311 Z-0.1575 I0.1122 J0.
N35800 X-3.6555 Z-0.1378 I-0.1122 J0.
N35805 X-3.4311 Z-0.1181 I0.1122 J0.
N35810 X-3.6555 Z-0.0984 I-0.1122 J0.
N35815 X-3.4311 Z-0.0787 I0.1122 J0.
N35820 X-3.6555 Z-0.0591 I-0.1122 J0.
N35825 X-3.4311 Z-0.0394 I0.1122 J0.
N35830 X-3.4525 Y2.0345 Z-0.0354 I-0.1122 J0.
N35835 X-3.5969 Y2.0573 Z-0.0264 I-0.0836 J-0.0607
N35840 G1 G40 X-3.5433 Y1.9685
N35845 Z0.1969
N35850 Z-0.5207
N35855 Z-0.5994
N35860 G41 X-3.5315 Y1.8622 D14
N35865 G3 X-3.4252 Y1.9685 Z-0.5906 I0. J0.1063
N35870 X-3.6614 Z-0.5709 I-0.1181 J0.
N35875 X-3.4252 Z-0.5512 I0.1181 J0.
N35880 X-3.6614 Z-0.5315 I-0.1181 J0.
N35885 X-3.4252 Z-0.5118 I0.1181 J0.
N35890 X-3.6614 Z-0.4921 I-0.1181 J0.
N35895 X-3.4252 Z-0.4724 I0.1181 J0.
N35900 X-3.6614 Z-0.4528 I-0.1181 J0.
N35905 X-3.4252 Z-0.4331 I0.1181 J0.
N35910 X-3.6614 Z-0.4134 I-0.1181 J0.
N35915 X-3.4252 Z-0.3937 I0.1181 J0.
N35920 X-3.6614 Z-0.374 I-0.1181 J0.
N35925 X-3.4252 Z-0.3543 I0.1181 J0.
N35930 X-3.6614 Z-0.3346 I-0.1181 J0.
N35935 X-3.4252 Z-0.315 I0.1181 J0.
N35940 X-3.6614 Z-0.2953 I-0.1181 J0.
N35945 X-3.4252 Z-0.2756 I0.1181 J0.
N35950 X-3.6614 Z-0.2559 I-0.1181 J0.
N35955 X-3.4252 Z-0.2362 I0.1181 J0.
N35960 X-3.6614 Z-0.2165 I-0.1181 J0.
N35965 X-3.4252 Z-0.1969 I0.1181 J0.
N35970 X-3.6614 Z-0.1772 I-0.1181 J0.
N35975 X-3.4252 Z-0.1575 I0.1181 J0.
N35980 X-3.6614 Z-0.1378 I-0.1181 J0.
N35985 X-3.4252 Z-0.1181 I0.1181 J0.
N35990 X-3.6614 Z-0.0984 I-0.1181 J0.
N35995 X-3.4252 Z-0.0787 I0.1181 J0.
N36000 X-3.6614 Z-0.0591 I-0.1181 J0.
N36005 X-3.4252 Z-0.0394 I0.1181 J0.
N36010 X-3.4478 Y2.0379 Z-0.0354 I-0.1181 J0.
N36015 X-3.5962 Y2.0614 Z-0.0266 I-0.086 J-0.0625
N36020 G1 G40 X-3.5433 Y1.9685
N36025 Z0.1969
N36030 X-4.3307
N36035 Z-0.5211
N36040 Z-0.5998
N36045 G41 X-4.3248 Y1.8681 D14
N36050 G3 X-4.2244 Y1.9685 Z-0.5906 I0. J0.1004
N36055 X-4.437 Z-0.5709 I-0.1063 J0.
N36060 X-4.2244 Z-0.5512 I0.1063 J0.
N36065 X-4.437 Z-0.5315 I-0.1063 J0.
N36070 X-4.2244 Z-0.5118 I0.1063 J0.
N36075 X-4.437 Z-0.4921 I-0.1063 J0.
N36080 X-4.2244 Z-0.4724 I0.1063 J0.
N36085 X-4.437 Z-0.4528 I-0.1063 J0.
N36090 X-4.2244 Z-0.4331 I0.1063 J0.
N36095 X-4.437 Z-0.4134 I-0.1063 J0.
N36100 X-4.2244 Z-0.3937 I0.1063 J0.
N36105 X-4.437 Z-0.374 I-0.1063 J0.
N36110 X-4.2244 Z-0.3543 I0.1063 J0.
N36115 X-4.437 Z-0.3346 I-0.1063 J0.
N36120 X-4.2244 Z-0.315 I0.1063 J0.
N36125 X-4.437 Z-0.2953 I-0.1063 J0.
N36130 X-4.2244 Z-0.2756 I0.1063 J0.
N36135 X-4.437 Z-0.2559 I-0.1063 J0.
N36140 X-4.2244 Z-0.2362 I0.1063 J0.
N36145 X-4.437 Z-0.2165 I-0.1063 J0.
N36150 X-4.2244 Z-0.1969 I0.1063 J0.
N36155 X-4.437 Z-0.1772 I-0.1063 J0.
N36160 X-4.2244 Z-0.1575 I0.1063 J0.
N36165 X-4.437 Z-0.1378 I-0.1063 J0.
N36170 X-4.2244 Z-0.1181 I0.1063 J0.
N36175 X-4.437 Z-0.0984 I-0.1063 J0.
N36180 X-4.2244 Z-0.0787 I0.1063 J0.
N36185 X-4.437 Z-0.0591 I-0.1063 J0.
N36190 X-4.2244 Z-0.0394 I0.1063 J0.
N36195 X-4.2447 Y2.031 Z-0.0354 I-0.1063 J0.
N36200 X-4.3849 Y2.0532 Z-0.0261 I-0.0812 J-0.059
N36205 G1 G40 X-4.3307 Y1.9685
N36210 Z0.1969
N36215 Z-0.5209
N36220 Z-0.5996
N36225 G41 X-4.3219 Y1.8652 D14
N36230 G3 X-4.2185 Y1.9685 Z-0.5906 I0. J0.1033
N36235 X-4.4429 Z-0.5709 I-0.1122 J0.
N36240 X-4.2185 Z-0.5512 I0.1122 J0.
N36245 X-4.4429 Z-0.5315 I-0.1122 J0.
N36250 X-4.2185 Z-0.5118 I0.1122 J0.
N36255 X-4.4429 Z-0.4921 I-0.1122 J0.
N36260 X-4.2185 Z-0.4724 I0.1122 J0.
N36265 X-4.4429 Z-0.4528 I-0.1122 J0.
N36270 X-4.2185 Z-0.4331 I0.1122 J0.
N36275 X-4.4429 Z-0.4134 I-0.1122 J0.
N36280 X-4.2185 Z-0.3937 I0.1122 J0.
N36285 X-4.4429 Z-0.374 I-0.1122 J0.
N36290 X-4.2185 Z-0.3543 I0.1122 J0.
N36295 X-4.4429 Z-0.3346 I-0.1122 J0.
N36300 X-4.2185 Z-0.315 I0.1122 J0.
N36305 X-4.4429 Z-0.2953 I-0.1122 J0.
N36310 X-4.2185 Z-0.2756 I0.1122 J0.
N36315 X-4.4429 Z-0.2559 I-0.1122 J0.
N36320 X-4.2185 Z-0.2362 I0.1122 J0.
N36325 X-4.4429 Z-0.2165 I-0.1122 J0.
N36330 X-4.2185 Z-0.1969 I0.1122 J0.
N36335 X-4.4429 Z-0.1772 I-0.1122 J0.
N36340 X-4.2185 Z-0.1575 I0.1122 J0.
N36345 X-4.4429 Z-0.1378 I-0.1122 J0.
N36350 X-4.2185 Z-0.1181 I0.1122 J0.
N36355 X-4.4429 Z-0.0984 I-0.1122 J0.
N36360 X-4.2185 Z-0.0787 I0.1122 J0.
N36365 X-4.4429 Z-0.0591 I-0.1122 J0.
N36370 X-4.2185 Z-0.0394 I0.1122 J0.
N36375 X-4.2399 Y2.0345 Z-0.0354 I-0.1122 J0.
N36380 X-4.3843 Y2.0573 Z-0.0264 I-0.0836 J-0.0607
N36385 G1 G40 X-4.3307 Y1.9685
N36390 Z0.1969
N36395 Z-0.5207
N36400 Z-0.5994
N36405 G41 X-4.3189 Y1.8622 D14
N36410 G3 X-4.2126 Y1.9685 Z-0.5906 I0. J0.1063
N36415 X-4.4488 Z-0.5709 I-0.1181 J0.
N36420 X-4.2126 Z-0.5512 I0.1181 J0.
N36425 X-4.4488 Z-0.5315 I-0.1181 J0.
N36430 X-4.2126 Z-0.5118 I0.1181 J0.
N36435 X-4.4488 Z-0.4921 I-0.1181 J0.
N36440 X-4.2126 Z-0.4724 I0.1181 J0.
N36445 X-4.4488 Z-0.4528 I-0.1181 J0.
N36450 X-4.2126 Z-0.4331 I0.1181 J0.
N36455 X-4.4488 Z-0.4134 I-0.1181 J0.
N36460 X-4.2126 Z-0.3937 I0.1181 J0.
N36465 X-4.4488 Z-0.374 I-0.1181 J0.
N36470 X-4.2126 Z-0.3543 I0.1181 J0.
N36475 X-4.4488 Z-0.3346 I-0.1181 J0.
N36480 X-4.2126 Z-0.315 I0.1181 J0.
N36485 X-4.4488 Z-0.2953 I-0.1181 J0.
N36490 X-4.2126 Z-0.2756 I0.1181 J0.
N36495 X-4.4488 Z-0.2559 I-0.1181 J0.
N36500 X-4.2126 Z-0.2362 I0.1181 J0.
N36505 X-4.4488 Z-0.2165 I-0.1181 J0.
N36510 X-4.2126 Z-0.1969 I0.1181 J0.
N36515 X-4.4488 Z-0.1772 I-0.1181 J0.
N36520 X-4.2126 Z-0.1575 I0.1181 J0.
N36525 X-4.4488 Z-0.1378 I-0.1181 J0.
N36530 X-4.2126 Z-0.1181 I0.1181 J0.
N36535 X-4.4488 Z-0.0984 I-0.1181 J0.
N36540 X-4.2126 Z-0.0787 I0.1181 J0.
N36545 X-4.4488 Z-0.0591 I-0.1181 J0.
N36550 X-4.2126 Z-0.0394 I0.1181 J0.
N36555 X-4.2352 Y2.0379 Z-0.0354 I-0.1181 J0.
N36560 X-4.3836 Y2.0614 Z-0.0266 I-0.086 J-0.0625
N36565 G1 G40 X-4.3307 Y1.9685
N36570 Z0.1969
N36575 X-5.1181
N36580 Z-0.5211
N36585 Z-0.5998
N36590 G41 X-5.1122 Y1.8681 D14
N36595 G3 X-5.0118 Y1.9685 Z-0.5906 I0. J0.1004
N36600 X-5.2244 Z-0.5709 I-0.1063 J0.
N36605 X-5.0118 Z-0.5512 I0.1063 J0.
N36610 X-5.2244 Z-0.5315 I-0.1063 J0.
N36615 X-5.0118 Z-0.5118 I0.1063 J0.
N36620 X-5.2244 Z-0.4921 I-0.1063 J0.
N36625 X-5.0118 Z-0.4724 I0.1063 J0.
N36630 X-5.2244 Z-0.4528 I-0.1063 J0.
N36635 X-5.0118 Z-0.4331 I0.1063 J0.
N36640 X-5.2244 Z-0.4134 I-0.1063 J0.
N36645 X-5.0118 Z-0.3937 I0.1063 J0.
N36650 X-5.2244 Z-0.374 I-0.1063 J0.
N36655 X-5.0118 Z-0.3543 I0.1063 J0.
N36660 X-5.2244 Z-0.3346 I-0.1063 J0.
N36665 X-5.0118 Z-0.315 I0.1063 J0.
N36670 X-5.2244 Z-0.2953 I-0.1063 J0.
N36675 X-5.0118 Z-0.2756 I0.1063 J0.
N36680 X-5.2244 Z-0.2559 I-0.1063 J0.
N36685 X-5.0118 Z-0.2362 I0.1063 J0.
N36690 X-5.2244 Z-0.2165 I-0.1063 J0.
N36695 X-5.0118 Z-0.1969 I0.1063 J0.
N36700 X-5.2244 Z-0.1772 I-0.1063 J0.
N36705 X-5.0118 Z-0.1575 I0.1063 J0.
N36710 X-5.2244 Z-0.1378 I-0.1063 J0.
N36715 X-5.0118 Z-0.1181 I0.1063 J0.
N36720 X-5.2244 Z-0.0984 I-0.1063 J0.
N36725 X-5.0118 Z-0.0787 I0.1063 J0.
N36730 X-5.2244 Z-0.0591 I-0.1063 J0.
N36735 X-5.0118 Z-0.0394 I0.1063 J0.
N36740 X-5.0321 Y2.031 Z-0.0354 I-0.1063 J0.
N36745 X-5.1723 Y2.0532 Z-0.0261 I-0.0812 J-0.059
N36750 G1 G40 X-5.1181 Y1.9685
N36755 Z0.1969
N36760 Z-0.5209
N36765 Z-0.5996
N36770 G41 X-5.1093 Y1.8652 D14
N36775 G3 X-5.0059 Y1.9685 Z-0.5906 I0. J0.1033
N36780 X-5.2303 Z-0.5709 I-0.1122 J0.
N36785 X-5.0059 Z-0.5512 I0.1122 J0.
N36790 X-5.2303 Z-0.5315 I-0.1122 J0.
N36795 X-5.0059 Z-0.5118 I0.1122 J0.
N36800 X-5.2303 Z-0.4921 I-0.1122 J0.
N36805 X-5.0059 Z-0.4724 I0.1122 J0.
N36810 X-5.2303 Z-0.4528 I-0.1122 J0.
N36815 X-5.0059 Z-0.4331 I0.1122 J0.
N36820 X-5.2303 Z-0.4134 I-0.1122 J0.
N36825 X-5.0059 Z-0.3937 I0.1122 J0.
N36830 X-5.2303 Z-0.374 I-0.1122 J0.
N36835 X-5.0059 Z-0.3543 I0.1122 J0.
N36840 X-5.2303 Z-0.3346 I-0.1122 J0.
N36845 X-5.0059 Z-0.315 I0.1122 J0.
N36850 X-5.2303 Z-0.2953 I-0.1122 J0.
N36855 X-5.0059 Z-0.2756 I0.1122 J0.
N36860 X-5.2303 Z-0.2559 I-0.1122 J0.
N36865 X-5.0059 Z-0.2362 I0.1122 J0.
N36870 X-5.2303 Z-0.2165 I-0.1122 J0.
N36875 X-5.0059 Z-0.1969 I0.1122 J0.
N36880 X-5.2303 Z-0.1772 I-0.1122 J0.
N36885 X-5.0059 Z-0.1575 I0.1122 J0.
N36890 X-5.2303 Z-0.1378 I-0.1122 J0.
N36895 X-5.0059 Z-0.1181 I0.1122 J0.
N36900 X-5.2303 Z-0.0984 I-0.1122 J0.
N36905 X-5.0059 Z-0.0787 I0.1122 J0.
N36910 X-5.2303 Z-0.0591 I-0.1122 J0.
N36915 X-5.0059 Z-0.0394 I0.1122 J0.
N36920 X-5.0273 Y2.0345 Z-0.0354 I-0.1122 J0.
N36925 X-5.1717 Y2.0573 Z-0.0264 I-0.0836 J-0.0607
N36930 G1 G40 X-5.1181 Y1.9685
N36935 Z0.1969
N36940 Z-0.5207
N36945 Z-0.5994
N36950 G41 X-5.1063 Y1.8622 D14
N36955 G3 X-5. Y1.9685 Z-0.5906 I0. J0.1063
N36960 X-5.2362 Z-0.5709 I-0.1181 J0.
N36965 X-5. Z-0.5512 I0.1181 J0.
N36970 X-5.2362 Z-0.5315 I-0.1181 J0.
N36975 X-5. Z-0.5118 I0.1181 J0.
N36980 X-5.2362 Z-0.4921 I-0.1181 J0.
N36985 X-5. Z-0.4724 I0.1181 J0.
N36990 X-5.2362 Z-0.4528 I-0.1181 J0.
N36995 X-5. Z-0.4331 I0.1181 J0.
N37000 X-5.2362 Z-0.4134 I-0.1181 J0.
N37005 X-5. Z-0.3937 I0.1181 J0.
N37010 X-5.2362 Z-0.374 I-0.1181 J0.
N37015 X-5. Z-0.3543 I0.1181 J0.
N37020 X-5.2362 Z-0.3346 I-0.1181 J0.
N37025 X-5. Z-0.315 I0.1181 J0.
N37030 X-5.2362 Z-0.2953 I-0.1181 J0.
N37035 X-5. Z-0.2756 I0.1181 J0.
N37040 X-5.2362 Z-0.2559 I-0.1181 J0.
N37045 X-5. Z-0.2362 I0.1181 J0.
N37050 X-5.2362 Z-0.2165 I-0.1181 J0.
N37055 X-5. Z-0.1969 I0.1181 J0.
N37060 X-5.2362 Z-0.1772 I-0.1181 J0.
N37065 X-5. Z-0.1575 I0.1181 J0.
N37070 X-5.2362 Z-0.1378 I-0.1181 J0.
N37075 X-5. Z-0.1181 I0.1181 J0.
N37080 X-5.2362 Z-0.0984 I-0.1181 J0.
N37085 X-5. Z-0.0787 I0.1181 J0.
N37090 X-5.2362 Z-0.0591 I-0.1181 J0.
N37095 X-5. Z-0.0394 I0.1181 J0.
N37100 X-5.0226 Y2.0379 Z-0.0354 I-0.1181 J0.
N37105 X-5.171 Y2.0614 Z-0.0266 I-0.086 J-0.0625
N37110 G1 G40 X-5.1181 Y1.9685
N37115 Z0.1969
N37120 Y1.1811
N37125 Z-0.5211
N37130 Z-0.5998
N37135 G41 X-5.1122 Y1.0807 D14
N37140 G3 X-5.0118 Y1.1811 Z-0.5906 I0. J0.1004
N37145 X-5.2244 Z-0.5709 I-0.1063 J0.
N37150 X-5.0118 Z-0.5512 I0.1063 J0.
N37155 X-5.2244 Z-0.5315 I-0.1063 J0.
N37160 X-5.0118 Z-0.5118 I0.1063 J0.
N37165 X-5.2244 Z-0.4921 I-0.1063 J0.
N37170 X-5.0118 Z-0.4724 I0.1063 J0.
N37175 X-5.2244 Z-0.4528 I-0.1063 J0.
N37180 X-5.0118 Z-0.4331 I0.1063 J0.
N37185 X-5.2244 Z-0.4134 I-0.1063 J0.
N37190 X-5.0118 Z-0.3937 I0.1063 J0.
N37195 X-5.2244 Z-0.374 I-0.1063 J0.
N37200 X-5.0118 Z-0.3543 I0.1063 J0.
N37205 X-5.2244 Z-0.3346 I-0.1063 J0.
N37210 X-5.0118 Z-0.315 I0.1063 J0.
N37215 X-5.2244 Z-0.2953 I-0.1063 J0.
N37220 X-5.0118 Z-0.2756 I0.1063 J0.
N37225 X-5.2244 Z-0.2559 I-0.1063 J0.
N37230 X-5.0118 Z-0.2362 I0.1063 J0.
N37235 X-5.2244 Z-0.2165 I-0.1063 J0.
N37240 X-5.0118 Z-0.1969 I0.1063 J0.
N37245 X-5.2244 Z-0.1772 I-0.1063 J0.
N37250 X-5.0118 Z-0.1575 I0.1063 J0.
N37255 X-5.2244 Z-0.1378 I-0.1063 J0.
N37260 X-5.0118 Z-0.1181 I0.1063 J0.
N37265 X-5.2244 Z-0.0984 I-0.1063 J0.
N37270 X-5.0118 Z-0.0787 I0.1063 J0.
N37275 X-5.2244 Z-0.0591 I-0.1063 J0.
N37280 X-5.0118 Z-0.0394 I0.1063 J0.
N37285 X-5.0321 Y1.2436 Z-0.0354 I-0.1063 J0.
N37290 X-5.1723 Y1.2658 Z-0.0261 I-0.0812 J-0.059
N37295 G1 G40 X-5.1181 Y1.1811
N37300 Z0.1969
N37305 Z-0.5209
N37310 Z-0.5996
N37315 G41 X-5.1093 Y1.0778 D14
N37320 G3 X-5.0059 Y1.1811 Z-0.5906 I0. J0.1033
N37325 X-5.2303 Z-0.5709 I-0.1122 J0.
N37330 X-5.0059 Z-0.5512 I0.1122 J0.
N37335 X-5.2303 Z-0.5315 I-0.1122 J0.
N37340 X-5.0059 Z-0.5118 I0.1122 J0.
N37345 X-5.2303 Z-0.4921 I-0.1122 J0.
N37350 X-5.0059 Z-0.4724 I0.1122 J0.
N37355 X-5.2303 Z-0.4528 I-0.1122 J0.
N37360 X-5.0059 Z-0.4331 I0.1122 J0.
N37365 X-5.2303 Z-0.4134 I-0.1122 J0.
N37370 X-5.0059 Z-0.3937 I0.1122 J0.
N37375 X-5.2303 Z-0.374 I-0.1122 J0.
N37380 X-5.0059 Z-0.3543 I0.1122 J0.
N37385 X-5.2303 Z-0.3346 I-0.1122 J0.
N37390 X-5.0059 Z-0.315 I0.1122 J0.
N37395 X-5.2303 Z-0.2953 I-0.1122 J0.
N37400 X-5.0059 Z-0.2756 I0.1122 J0.
N37405 X-5.2303 Z-0.2559 I-0.1122 J0.
N37410 X-5.0059 Z-0.2362 I0.1122 J0.
N37415 X-5.2303 Z-0.2165 I-0.1122 J0.
N37420 X-5.0059 Z-0.1969 I0.1122 J0.
N37425 X-5.2303 Z-0.1772 I-0.1122 J0.
N37430 X-5.0059 Z-0.1575 I0.1122 J0.
N37435 X-5.2303 Z-0.1378 I-0.1122 J0.
N37440 X-5.0059 Z-0.1181 I0.1122 J0.
N37445 X-5.2303 Z-0.0984 I-0.1122 J0.
N37450 X-5.0059 Z-0.0787 I0.1122 J0.
N37455 X-5.2303 Z-0.0591 I-0.1122 J0.
N37460 X-5.0059 Z-0.0394 I0.1122 J0.
N37465 X-5.0273 Y1.2471 Z-0.0354 I-0.1122 J0.
N37470 X-5.1717 Y1.2699 Z-0.0264 I-0.0836 J-0.0607
N37475 G1 G40 X-5.1181 Y1.1811
N37480 Z0.1969
N37485 Z-0.5207
N37490 Z-0.5994
N37495 G41 X-5.1063 Y1.0748 D14
N37500 G3 X-5. Y1.1811 Z-0.5906 I0. J0.1063
N37505 X-5.2362 Z-0.5709 I-0.1181 J0.
N37510 X-5. Z-0.5512 I0.1181 J0.
N37515 X-5.2362 Z-0.5315 I-0.1181 J0.
N37520 X-5. Z-0.5118 I0.1181 J0.
N37525 X-5.2362 Z-0.4921 I-0.1181 J0.
N37530 X-5. Z-0.4724 I0.1181 J0.
N37535 X-5.2362 Z-0.4528 I-0.1181 J0.
N37540 X-5. Z-0.4331 I0.1181 J0.
N37545 X-5.2362 Z-0.4134 I-0.1181 J0.
N37550 X-5. Z-0.3937 I0.1181 J0.
N37555 X-5.2362 Z-0.374 I-0.1181 J0.
N37560 X-5. Z-0.3543 I0.1181 J0.
N37565 X-5.2362 Z-0.3346 I-0.1181 J0.
N37570 X-5. Z-0.315 I0.1181 J0.
N37575 X-5.2362 Z-0.2953 I-0.1181 J0.
N37580 X-5. Z-0.2756 I0.1181 J0.
N37585 X-5.2362 Z-0.2559 I-0.1181 J0.
N37590 X-5. Z-0.2362 I0.1181 J0.
N37595 X-5.2362 Z-0.2165 I-0.1181 J0.
N37600 X-5. Z-0.1969 I0.1181 J0.
N37605 X-5.2362 Z-0.1772 I-0.1181 J0.
N37610 X-5. Z-0.1575 I0.1181 J0.
N37615 X-5.2362 Z-0.1378 I-0.1181 J0.
N37620 X-5. Z-0.1181 I0.1181 J0.
N37625 X-5.2362 Z-0.0984 I-0.1181 J0.
N37630 X-5. Z-0.0787 I0.1181 J0.
N37635 X-5.2362 Z-0.0591 I-0.1181 J0.
N37640 X-5. Z-0.0394 I0.1181 J0.
N37645 X-5.0226 Y1.2505 Z-0.0354 I-0.1181 J0.
N37650 X-5.171 Y1.274 Z-0.0266 I-0.086 J-0.0625
N37655 G1 G40 X-5.1181 Y1.1811
N37660 Z0.1969
N37665 X-4.3307
N37670 Z-0.5211
N37675 Z-0.5998
N37680 G41 X-4.3248 Y1.0807 D14
N37685 G3 X-4.2244 Y1.1811 Z-0.5906 I0. J0.1004
N37690 X-4.437 Z-0.5709 I-0.1063 J0.
N37695 X-4.2244 Z-0.5512 I0.1063 J0.
N37700 X-4.437 Z-0.5315 I-0.1063 J0.
N37705 X-4.2244 Z-0.5118 I0.1063 J0.
N37710 X-4.437 Z-0.4921 I-0.1063 J0.
N37715 X-4.2244 Z-0.4724 I0.1063 J0.
N37720 X-4.437 Z-0.4528 I-0.1063 J0.
N37725 X-4.2244 Z-0.4331 I0.1063 J0.
N37730 X-4.437 Z-0.4134 I-0.1063 J0.
N37735 X-4.2244 Z-0.3937 I0.1063 J0.
N37740 X-4.437 Z-0.374 I-0.1063 J0.
N37745 X-4.2244 Z-0.3543 I0.1063 J0.
N37750 X-4.437 Z-0.3346 I-0.1063 J0.
N37755 X-4.2244 Z-0.315 I0.1063 J0.
N37760 X-4.437 Z-0.2953 I-0.1063 J0.
N37765 X-4.2244 Z-0.2756 I0.1063 J0.
N37770 X-4.437 Z-0.2559 I-0.1063 J0.
N37775 X-4.2244 Z-0.2362 I0.1063 J0.
N37780 X-4.437 Z-0.2165 I-0.1063 J0.
N37785 X-4.2244 Z-0.1969 I0.1063 J0.
N37790 X-4.437 Z-0.1772 I-0.1063 J0.
N37795 X-4.2244 Z-0.1575 I0.1063 J0.
N37800 X-4.437 Z-0.1378 I-0.1063 J0.
N37805 X-4.2244 Z-0.1181 I0.1063 J0.
N37810 X-4.437 Z-0.0984 I-0.1063 J0.
N37815 X-4.2244 Z-0.0787 I0.1063 J0.
N37820 X-4.437 Z-0.0591 I-0.1063 J0.
N37825 X-4.2244 Z-0.0394 I0.1063 J0.
N37830 X-4.2447 Y1.2436 Z-0.0354 I-0.1063 J0.
N37835 X-4.3849 Y1.2658 Z-0.0261 I-0.0812 J-0.059
N37840 G1 G40 X-4.3307 Y1.1811
N37845 Z0.1969
N37850 Z-0.5209
N37855 Z-0.5996
N37860 G41 X-4.3219 Y1.0778 D14
N37865 G3 X-4.2185 Y1.1811 Z-0.5906 I0. J0.1033
N37870 X-4.4429 Z-0.5709 I-0.1122 J0.
N37875 X-4.2185 Z-0.5512 I0.1122 J0.
N37880 X-4.4429 Z-0.5315 I-0.1122 J0.
N37885 X-4.2185 Z-0.5118 I0.1122 J0.
N37890 X-4.4429 Z-0.4921 I-0.1122 J0.
N37895 X-4.2185 Z-0.4724 I0.1122 J0.
N37900 X-4.4429 Z-0.4528 I-0.1122 J0.
N37905 X-4.2185 Z-0.4331 I0.1122 J0.
N37910 X-4.4429 Z-0.4134 I-0.1122 J0.
N37915 X-4.2185 Z-0.3937 I0.1122 J0.
N37920 X-4.4429 Z-0.374 I-0.1122 J0.
N37925 X-4.2185 Z-0.3543 I0.1122 J0.
N37930 X-4.4429 Z-0.3346 I-0.1122 J0.
N37935 X-4.2185 Z-0.315 I0.1122 J0.
N37940 X-4.4429 Z-0.2953 I-0.1122 J0.
N37945 X-4.2185 Z-0.2756 I0.1122 J0.
N37950 X-4.4429 Z-0.2559 I-0.1122 J0.
N37955 X-4.2185 Z-0.2362 I0.1122 J0.
N37960 X-4.4429 Z-0.2165 I-0.1122 J0.
N37965 X-4.2185 Z-0.1969 I0.1122 J0.
N37970 X-4.4429 Z-0.1772 I-0.1122 J0.
N37975 X-4.2185 Z-0.1575 I0.1122 J0.
N37980 X-4.4429 Z-0.1378 I-0.1122 J0.
N37985 X-4.2185 Z-0.1181 I0.1122 J0.
N37990 X-4.4429 Z-0.0984 I-0.1122 J0.
N37995 X-4.2185 Z-0.0787 I0.1122 J0.
N38000 X-4.4429 Z-0.0591 I-0.1122 J0.
N38005 X-4.2185 Z-0.0394 I0.1122 J0.
N38010 X-4.2399 Y1.2471 Z-0.0354 I-0.1122 J0.
N38015 X-4.3843 Y1.2699 Z-0.0264 I-0.0836 J-0.0607
N38020 G1 G40 X-4.3307 Y1.1811
N38025 Z0.1969
N38030 Z-0.5207
N38035 Z-0.5994
N38040 G41 X-4.3189 Y1.0748 D14
N38045 G3 X-4.2126 Y1.1811 Z-0.5906 I0. J0.1063
N38050 X-4.4488 Z-0.5709 I-0.1181 J0.
N38055 X-4.2126 Z-0.5512 I0.1181 J0.
N38060 X-4.4488 Z-0.5315 I-0.1181 J0.
N38065 X-4.2126 Z-0.5118 I0.1181 J0.
N38070 X-4.4488 Z-0.4921 I-0.1181 J0.
N38075 X-4.2126 Z-0.4724 I0.1181 J0.
N38080 X-4.4488 Z-0.4528 I-0.1181 J0.
N38085 X-4.2126 Z-0.4331 I0.1181 J0.
N38090 X-4.4488 Z-0.4134 I-0.1181 J0.
N38095 X-4.2126 Z-0.3937 I0.1181 J0.
N38100 X-4.4488 Z-0.374 I-0.1181 J0.
N38105 X-4.2126 Z-0.3543 I0.1181 J0.
N38110 X-4.4488 Z-0.3346 I-0.1181 J0.
N38115 X-4.2126 Z-0.315 I0.1181 J0.
N38120 X-4.4488 Z-0.2953 I-0.1181 J0.
N38125 X-4.2126 Z-0.2756 I0.1181 J0.
N38130 X-4.4488 Z-0.2559 I-0.1181 J0.
N38135 X-4.2126 Z-0.2362 I0.1181 J0.
N38140 X-4.4488 Z-0.2165 I-0.1181 J0.
N38145 X-4.2126 Z-0.1969 I0.1181 J0.
N38150 X-4.4488 Z-0.1772 I-0.1181 J0.
N38155 X-4.2126 Z-0.1575 I0.1181 J0.
N38160 X-4.4488 Z-0.1378 I-0.1181 J0.
N38165 X-4.2126 Z-0.1181 I0.1181 J0.
N38170 X-4.4488 Z-0.0984 I-0.1181 J0.
N38175 X-4.2126 Z-0.0787 I0.1181 J0.
N38180 X-4.4488 Z-0.0591 I-0.1181 J0.
N38185 X-4.2126 Z-0.0394 I0.1181 J0.
N38190 X-4.2352 Y1.2505 Z-0.0354 I-0.1181 J0.
N38195 X-4.3836 Y1.274 Z-0.0266 I-0.086 J-0.0625
N38200 G1 G40 X-4.3307 Y1.1811
N38205 Z0.1969
N38210 X-3.5433
N38215 Z-0.5211
N38220 Z-0.5998
N38225 G41 X-3.5374 Y1.0807 D14
N38230 G3 X-3.437 Y1.1811 Z-0.5906 I0. J0.1004
N38235 X-3.6496 Z-0.5709 I-0.1063 J0.
N38240 X-3.437 Z-0.5512 I0.1063 J0.
N38245 X-3.6496 Z-0.5315 I-0.1063 J0.
N38250 X-3.437 Z-0.5118 I0.1063 J0.
N38255 X-3.6496 Z-0.4921 I-0.1063 J0.
N38260 X-3.437 Z-0.4724 I0.1063 J0.
N38265 X-3.6496 Z-0.4528 I-0.1063 J0.
N38270 X-3.437 Z-0.4331 I0.1063 J0.
N38275 X-3.6496 Z-0.4134 I-0.1063 J0.
N38280 X-3.437 Z-0.3937 I0.1063 J0.
N38285 X-3.6496 Z-0.374 I-0.1063 J0.
N38290 X-3.437 Z-0.3543 I0.1063 J0.
N38295 X-3.6496 Z-0.3346 I-0.1063 J0.
N38300 X-3.437 Z-0.315 I0.1063 J0.
N38305 X-3.6496 Z-0.2953 I-0.1063 J0.
N38310 X-3.437 Z-0.2756 I0.1063 J0.
N38315 X-3.6496 Z-0.2559 I-0.1063 J0.
N38320 X-3.437 Z-0.2362 I0.1063 J0.
N38325 X-3.6496 Z-0.2165 I-0.1063 J0.
N38330 X-3.437 Z-0.1969 I0.1063 J0.
N38335 X-3.6496 Z-0.1772 I-0.1063 J0.
N38340 X-3.437 Z-0.1575 I0.1063 J0.
N38345 X-3.6496 Z-0.1378 I-0.1063 J0.
N38350 X-3.437 Z-0.1181 I0.1063 J0.
N38355 X-3.6496 Z-0.0984 I-0.1063 J0.
N38360 X-3.437 Z-0.0787 I0.1063 J0.
N38365 X-3.6496 Z-0.0591 I-0.1063 J0.
N38370 X-3.437 Z-0.0394 I0.1063 J0.
N38375 X-3.4573 Y1.2436 Z-0.0354 I-0.1063 J0.
N38380 X-3.5975 Y1.2658 Z-0.0261 I-0.0812 J-0.059
N38385 G1 G40 X-3.5433 Y1.1811
N38390 Z0.1969
N38395 Z-0.5209
N38400 Z-0.5996
N38405 G41 X-3.5344 Y1.0778 D14
N38410 G3 X-3.4311 Y1.1811 Z-0.5906 I0. J0.1033
N38415 X-3.6555 Z-0.5709 I-0.1122 J0.
N38420 X-3.4311 Z-0.5512 I0.1122 J0.
N38425 X-3.6555 Z-0.5315 I-0.1122 J0.
N38430 X-3.4311 Z-0.5118 I0.1122 J0.
N38435 X-3.6555 Z-0.4921 I-0.1122 J0.
N38440 X-3.4311 Z-0.4724 I0.1122 J0.
N38445 X-3.6555 Z-0.4528 I-0.1122 J0.
N38450 X-3.4311 Z-0.4331 I0.1122 J0.
N38455 X-3.6555 Z-0.4134 I-0.1122 J0.
N38460 X-3.4311 Z-0.3937 I0.1122 J0.
N38465 X-3.6555 Z-0.374 I-0.1122 J0.
N38470 X-3.4311 Z-0.3543 I0.1122 J0.
N38475 X-3.6555 Z-0.3346 I-0.1122 J0.
N38480 X-3.4311 Z-0.315 I0.1122 J0.
N38485 X-3.6555 Z-0.2953 I-0.1122 J0.
N38490 X-3.4311 Z-0.2756 I0.1122 J0.
N38495 X-3.6555 Z-0.2559 I-0.1122 J0.
N38500 X-3.4311 Z-0.2362 I0.1122 J0.
N38505 X-3.6555 Z-0.2165 I-0.1122 J0.
N38510 X-3.4311 Z-0.1969 I0.1122 J0.
N38515 X-3.6555 Z-0.1772 I-0.1122 J0.
N38520 X-3.4311 Z-0.1575 I0.1122 J0.
N38525 X-3.6555 Z-0.1378 I-0.1122 J0.
N38530 X-3.4311 Z-0.1181 I0.1122 J0.
N38535 X-3.6555 Z-0.0984 I-0.1122 J0.
N38540 X-3.4311 Z-0.0787 I0.1122 J0.
N38545 X-3.6555 Z-0.0591 I-0.1122 J0.
N38550 X-3.4311 Z-0.0394 I0.1122 J0.
N38555 X-3.4525 Y1.2471 Z-0.0354 I-0.1122 J0.
N38560 X-3.5969 Y1.2699 Z-0.0264 I-0.0836 J-0.0607
N38565 G1 G40 X-3.5433 Y1.1811
N38570 Z0.1969
N38575 Z-0.5207
N38580 Z-0.5994
N38585 G41 X-3.5315 Y1.0748 D14
N38590 G3 X-3.4252 Y1.1811 Z-0.5906 I0. J0.1063
N38595 X-3.6614 Z-0.5709 I-0.1181 J0.
N38600 X-3.4252 Z-0.5512 I0.1181 J0.
N38605 X-3.6614 Z-0.5315 I-0.1181 J0.
N38610 X-3.4252 Z-0.5118 I0.1181 J0.
N38615 X-3.6614 Z-0.4921 I-0.1181 J0.
N38620 X-3.4252 Z-0.4724 I0.1181 J0.
N38625 X-3.6614 Z-0.4528 I-0.1181 J0.
N38630 X-3.4252 Z-0.4331 I0.1181 J0.
N38635 X-3.6614 Z-0.4134 I-0.1181 J0.
N38640 X-3.4252 Z-0.3937 I0.1181 J0.
N38645 X-3.6614 Z-0.374 I-0.1181 J0.
N38650 X-3.4252 Z-0.3543 I0.1181 J0.
N38655 X-3.6614 Z-0.3346 I-0.1181 J0.
N38660 X-3.4252 Z-0.315 I0.1181 J0.
N38665 X-3.6614 Z-0.2953 I-0.1181 J0.
N38670 X-3.4252 Z-0.2756 I0.1181 J0.
N38675 X-3.6614 Z-0.2559 I-0.1181 J0.
N38680 X-3.4252 Z-0.2362 I0.1181 J0.
N38685 X-3.6614 Z-0.2165 I-0.1181 J0.
N38690 X-3.4252 Z-0.1969 I0.1181 J0.
N38695 X-3.6614 Z-0.1772 I-0.1181 J0.
N38700 X-3.4252 Z-0.1575 I0.1181 J0.
N38705 X-3.6614 Z-0.1378 I-0.1181 J0.
N38710 X-3.4252 Z-0.1181 I0.1181 J0.
N38715 X-3.6614 Z-0.0984 I-0.1181 J0.
N38720 X-3.4252 Z-0.0787 I0.1181 J0.
N38725 X-3.6614 Z-0.0591 I-0.1181 J0.
N38730 X-3.4252 Z-0.0394 I0.1181 J0.
N38735 X-3.4478 Y1.2505 Z-0.0354 I-0.1181 J0.
N38740 X-3.5962 Y1.274 Z-0.0266 I-0.086 J-0.0625
N38745 G1 G40 X-3.5433 Y1.1811
N38750 Z0.1969
N38755 X-2.7559
N38760 Z-0.5211
N38765 Z-0.5998
N38770 G41 X-2.75 Y1.0807 D14
N38775 G3 X-2.6496 Y1.1811 Z-0.5906 I0. J0.1004
N38780 X-2.8622 Z-0.5709 I-0.1063 J0.
N38785 X-2.6496 Z-0.5512 I0.1063 J0.
N38790 X-2.8622 Z-0.5315 I-0.1063 J0.
N38795 X-2.6496 Z-0.5118 I0.1063 J0.
N38800 X-2.8622 Z-0.4921 I-0.1063 J0.
N38805 X-2.6496 Z-0.4724 I0.1063 J0.
N38810 X-2.8622 Z-0.4528 I-0.1063 J0.
N38815 X-2.6496 Z-0.4331 I0.1063 J0.
N38820 X-2.8622 Z-0.4134 I-0.1063 J0.
N38825 X-2.6496 Z-0.3937 I0.1063 J0.
N38830 X-2.8622 Z-0.374 I-0.1063 J0.
N38835 X-2.6496 Z-0.3543 I0.1063 J0.
N38840 X-2.8622 Z-0.3346 I-0.1063 J0.
N38845 X-2.6496 Z-0.315 I0.1063 J0.
N38850 X-2.8622 Z-0.2953 I-0.1063 J0.
N38855 X-2.6496 Z-0.2756 I0.1063 J0.
N38860 X-2.8622 Z-0.2559 I-0.1063 J0.
N38865 X-2.6496 Z-0.2362 I0.1063 J0.
N38870 X-2.8622 Z-0.2165 I-0.1063 J0.
N38875 X-2.6496 Z-0.1969 I0.1063 J0.
N38880 X-2.8622 Z-0.1772 I-0.1063 J0.
N38885 X-2.6496 Z-0.1575 I0.1063 J0.
N38890 X-2.8622 Z-0.1378 I-0.1063 J0.
N38895 X-2.6496 Z-0.1181 I0.1063 J0.
N38900 X-2.8622 Z-0.0984 I-0.1063 J0.
N38905 X-2.6496 Z-0.0787 I0.1063 J0.
N38910 X-2.8622 Z-0.0591 I-0.1063 J0.
N38915 X-2.6496 Z-0.0394 I0.1063 J0.
N38920 X-2.6699 Y1.2436 Z-0.0354 I-0.1063 J0.
N38925 X-2.8101 Y1.2658 Z-0.0261 I-0.0812 J-0.059
N38930 G1 G40 X-2.7559 Y1.1811
N38935 Z0.1969
N38940 Z-0.5209
N38945 Z-0.5996
N38950 G41 X-2.747 Y1.0778 D14
N38955 G3 X-2.6437 Y1.1811 Z-0.5906 I0. J0.1033
N38960 X-2.8681 Z-0.5709 I-0.1122 J0.
N38965 X-2.6437 Z-0.5512 I0.1122 J0.
N38970 X-2.8681 Z-0.5315 I-0.1122 J0.
N38975 X-2.6437 Z-0.5118 I0.1122 J0.
N38980 X-2.8681 Z-0.4921 I-0.1122 J0.
N38985 X-2.6437 Z-0.4724 I0.1122 J0.
N38990 X-2.8681 Z-0.4528 I-0.1122 J0.
N38995 X-2.6437 Z-0.4331 I0.1122 J0.
N39000 X-2.8681 Z-0.4134 I-0.1122 J0.
N39005 X-2.6437 Z-0.3937 I0.1122 J0.
N39010 X-2.8681 Z-0.374 I-0.1122 J0.
N39015 X-2.6437 Z-0.3543 I0.1122 J0.
N39020 X-2.8681 Z-0.3346 I-0.1122 J0.
N39025 X-2.6437 Z-0.315 I0.1122 J0.
N39030 X-2.8681 Z-0.2953 I-0.1122 J0.
N39035 X-2.6437 Z-0.2756 I0.1122 J0.
N39040 X-2.8681 Z-0.2559 I-0.1122 J0.
N39045 X-2.6437 Z-0.2362 I0.1122 J0.
N39050 X-2.8681 Z-0.2165 I-0.1122 J0.
N39055 X-2.6437 Z-0.1969 I0.1122 J0.
N39060 X-2.8681 Z-0.1772 I-0.1122 J0.
N39065 X-2.6437 Z-0.1575 I0.1122 J0.
N39070 X-2.8681 Z-0.1378 I-0.1122 J0.
N39075 X-2.6437 Z-0.1181 I0.1122 J0.
N39080 X-2.8681 Z-0.0984 I-0.1122 J0.
N39085 X-2.6437 Z-0.0787 I0.1122 J0.
N39090 X-2.8681 Z-0.0591 I-0.1122 J0.
N39095 X-2.6437 Z-0.0394 I0.1122 J0.
N39100 X-2.6651 Y1.2471 Z-0.0354 I-0.1122 J0.
N39105 X-2.8095 Y1.2699 Z-0.0264 I-0.0836 J-0.0607
N39110 G1 G40 X-2.7559 Y1.1811
N39115 Z0.1969
N39120 Z-0.5207
N39125 Z-0.5994
N39130 G41 X-2.7441 Y1.0748 D14
N39135 G3 X-2.6378 Y1.1811 Z-0.5906 I0. J0.1063
N39140 X-2.874 Z-0.5709 I-0.1181 J0.
N39145 X-2.6378 Z-0.5512 I0.1181 J0.
N39150 X-2.874 Z-0.5315 I-0.1181 J0.
N39155 X-2.6378 Z-0.5118 I0.1181 J0.
N39160 X-2.874 Z-0.4921 I-0.1181 J0.
N39165 X-2.6378 Z-0.4724 I0.1181 J0.
N39170 X-2.874 Z-0.4528 I-0.1181 J0.
N39175 X-2.6378 Z-0.4331 I0.1181 J0.
N39180 X-2.874 Z-0.4134 I-0.1181 J0.
N39185 X-2.6378 Z-0.3937 I0.1181 J0.
N39190 X-2.874 Z-0.374 I-0.1181 J0.
N39195 X-2.6378 Z-0.3543 I0.1181 J0.
N39200 X-2.874 Z-0.3346 I-0.1181 J0.
N39205 X-2.6378 Z-0.315 I0.1181 J0.
N39210 X-2.874 Z-0.2953 I-0.1181 J0.
N39215 X-2.6378 Z-0.2756 I0.1181 J0.
N39220 X-2.874 Z-0.2559 I-0.1181 J0.
N39225 X-2.6378 Z-0.2362 I0.1181 J0.
N39230 X-2.874 Z-0.2165 I-0.1181 J0.
N39235 X-2.6378 Z-0.1969 I0.1181 J0.
N39240 X-2.874 Z-0.1772 I-0.1181 J0.
N39245 X-2.6378 Z-0.1575 I0.1181 J0.
N39250 X-2.874 Z-0.1378 I-0.1181 J0.
N39255 X-2.6378 Z-0.1181 I0.1181 J0.
N39260 X-2.874 Z-0.0984 I-0.1181 J0.
N39265 X-2.6378 Z-0.0787 I0.1181 J0.
N39270 X-2.874 Z-0.0591 I-0.1181 J0.
N39275 X-2.6378 Z-0.0394 I0.1181 J0.
N39280 X-2.6604 Y1.2505 Z-0.0354 I-0.1181 J0.
N39285 X-2.8088 Y1.274 Z-0.0266 I-0.086 J-0.0625
N39290 G1 G40 X-2.7559 Y1.1811
N39295 Z0.1969
N39300 X-1.9685
N39305 Z-0.5211
N39310 Z-0.5998
N39315 G41 X-1.9626 Y1.0807 D14
N39320 G3 X-1.8622 Y1.1811 Z-0.5906 I0. J0.1004
N39325 X-2.0748 Z-0.5709 I-0.1063 J0.
N39330 X-1.8622 Z-0.5512 I0.1063 J0.
N39335 X-2.0748 Z-0.5315 I-0.1063 J0.
N39340 X-1.8622 Z-0.5118 I0.1063 J0.
N39345 X-2.0748 Z-0.4921 I-0.1063 J0.
N39350 X-1.8622 Z-0.4724 I0.1063 J0.
N39355 X-2.0748 Z-0.4528 I-0.1063 J0.
N39360 X-1.8622 Z-0.4331 I0.1063 J0.
N39365 X-2.0748 Z-0.4134 I-0.1063 J0.
N39370 X-1.8622 Z-0.3937 I0.1063 J0.
N39375 X-2.0748 Z-0.374 I-0.1063 J0.
N39380 X-1.8622 Z-0.3543 I0.1063 J0.
N39385 X-2.0748 Z-0.3346 I-0.1063 J0.
N39390 X-1.8622 Z-0.315 I0.1063 J0.
N39395 X-2.0748 Z-0.2953 I-0.1063 J0.
N39400 X-1.8622 Z-0.2756 I0.1063 J0.
N39405 X-2.0748 Z-0.2559 I-0.1063 J0.
N39410 X-1.8622 Z-0.2362 I0.1063 J0.
N39415 X-2.0748 Z-0.2165 I-0.1063 J0.
N39420 X-1.8622 Z-0.1969 I0.1063 J0.
N39425 X-2.0748 Z-0.1772 I-0.1063 J0.
N39430 X-1.8622 Z-0.1575 I0.1063 J0.
N39435 X-2.0748 Z-0.1378 I-0.1063 J0.
N39440 X-1.8622 Z-0.1181 I0.1063 J0.
N39445 X-2.0748 Z-0.0984 I-0.1063 J0.
N39450 X-1.8622 Z-0.0787 I0.1063 J0.
N39455 X-2.0748 Z-0.0591 I-0.1063 J0.
N39460 X-1.8622 Z-0.0394 I0.1063 J0.
N39465 X-1.8825 Y1.2436 Z-0.0354 I-0.1063 J0.
N39470 X-2.0227 Y1.2658 Z-0.0261 I-0.0812 J-0.059
N39475 G1 G40 X-1.9685 Y1.1811
N39480 Z0.1969
N39485 Z-0.5209
N39490 Z-0.5996
N39495 G41 X-1.9596 Y1.0778 D14
N39500 G3 X-1.8563 Y1.1811 Z-0.5906 I0. J0.1033
N39505 X-2.0807 Z-0.5709 I-0.1122 J0.
N39510 X-1.8563 Z-0.5512 I0.1122 J0.
N39515 X-2.0807 Z-0.5315 I-0.1122 J0.
N39520 X-1.8563 Z-0.5118 I0.1122 J0.
N39525 X-2.0807 Z-0.4921 I-0.1122 J0.
N39530 X-1.8563 Z-0.4724 I0.1122 J0.
N39535 X-2.0807 Z-0.4528 I-0.1122 J0.
N39540 X-1.8563 Z-0.4331 I0.1122 J0.
N39545 X-2.0807 Z-0.4134 I-0.1122 J0.
N39550 X-1.8563 Z-0.3937 I0.1122 J0.
N39555 X-2.0807 Z-0.374 I-0.1122 J0.
N39560 X-1.8563 Z-0.3543 I0.1122 J0.
N39565 X-2.0807 Z-0.3346 I-0.1122 J0.
N39570 X-1.8563 Z-0.315 I0.1122 J0.
N39575 X-2.0807 Z-0.2953 I-0.1122 J0.
N39580 X-1.8563 Z-0.2756 I0.1122 J0.
N39585 X-2.0807 Z-0.2559 I-0.1122 J0.
N39590 X-1.8563 Z-0.2362 I0.1122 J0.
N39595 X-2.0807 Z-0.2165 I-0.1122 J0.
N39600 X-1.8563 Z-0.1969 I0.1122 J0.
N39605 X-2.0807 Z-0.1772 I-0.1122 J0.
N39610 X-1.8563 Z-0.1575 I0.1122 J0.
N39615 X-2.0807 Z-0.1378 I-0.1122 J0.
N39620 X-1.8563 Z-0.1181 I0.1122 J0.
N39625 X-2.0807 Z-0.0984 I-0.1122 J0.
N39630 X-1.8563 Z-0.0787 I0.1122 J0.
N39635 X-2.0807 Z-0.0591 I-0.1122 J0.
N39640 X-1.8563 Z-0.0394 I0.1122 J0.
N39645 X-1.8777 Y1.2471 Z-0.0354 I-0.1122 J0.
N39650 X-2.0221 Y1.2699 Z-0.0264 I-0.0836 J-0.0607
N39655 G1 G40 X-1.9685 Y1.1811
N39660 Z0.1969
N39665 Z-0.5207
N39670 Z-0.5994
N39675 G41 X-1.9567 Y1.0748 D14
N39680 G3 X-1.8504 Y1.1811 Z-0.5906 I0. J0.1063
N39685 X-2.0866 Z-0.5709 I-0.1181 J0.
N39690 X-1.8504 Z-0.5512 I0.1181 J0.
N39695 X-2.0866 Z-0.5315 I-0.1181 J0.
N39700 X-1.8504 Z-0.5118 I0.1181 J0.
N39705 X-2.0866 Z-0.4921 I-0.1181 J0.
N39710 X-1.8504 Z-0.4724 I0.1181 J0.
N39715 X-2.0866 Z-0.4528 I-0.1181 J0.
N39720 X-1.8504 Z-0.4331 I0.1181 J0.
N39725 X-2.0866 Z-0.4134 I-0.1181 J0.
N39730 X-1.8504 Z-0.3937 I0.1181 J0.
N39735 X-2.0866 Z-0.374 I-0.1181 J0.
N39740 X-1.8504 Z-0.3543 I0.1181 J0.
N39745 X-2.0866 Z-0.3346 I-0.1181 J0.
N39750 X-1.8504 Z-0.315 I0.1181 J0.
N39755 X-2.0866 Z-0.2953 I-0.1181 J0.
N39760 X-1.8504 Z-0.2756 I0.1181 J0.
N39765 X-2.0866 Z-0.2559 I-0.1181 J0.
N39770 X-1.8504 Z-0.2362 I0.1181 J0.
N39775 X-2.0866 Z-0.2165 I-0.1181 J0.
N39780 X-1.8504 Z-0.1969 I0.1181 J0.
N39785 X-2.0866 Z-0.1772 I-0.1181 J0.
N39790 X-1.8504 Z-0.1575 I0.1181 J0.
N39795 X-2.0866 Z-0.1378 I-0.1181 J0.
N39800 X-1.8504 Z-0.1181 I0.1181 J0.
N39805 X-2.0866 Z-0.0984 I-0.1181 J0.
N39810 X-1.8504 Z-0.0787 I0.1181 J0.
N39815 X-2.0866 Z-0.0591 I-0.1181 J0.
N39820 X-1.8504 Z-0.0394 I0.1181 J0.
N39825 X-1.873 Y1.2505 Z-0.0354 I-0.1181 J0.
N39830 X-2.0214 Y1.274 Z-0.0266 I-0.086 J-0.0625
N39835 G1 G40 X-1.9685 Y1.1811
N39840 Z0.1969
N39845 X-1.1811
N39850 Z-0.5211
N39855 Z-0.5998
N39860 G41 X-1.1752 Y1.0807 D14
N39865 G3 X-1.0748 Y1.1811 Z-0.5906 I0. J0.1004
N39870 X-1.2874 Z-0.5709 I-0.1063 J0.
N39875 X-1.0748 Z-0.5512 I0.1063 J0.
N39880 X-1.2874 Z-0.5315 I-0.1063 J0.
N39885 X-1.0748 Z-0.5118 I0.1063 J0.
N39890 X-1.2874 Z-0.4921 I-0.1063 J0.
N39895 X-1.0748 Z-0.4724 I0.1063 J0.
N39900 X-1.2874 Z-0.4528 I-0.1063 J0.
N39905 X-1.0748 Z-0.4331 I0.1063 J0.
N39910 X-1.2874 Z-0.4134 I-0.1063 J0.
N39915 X-1.0748 Z-0.3937 I0.1063 J0.
N39920 X-1.2874 Z-0.374 I-0.1063 J0.
N39925 X-1.0748 Z-0.3543 I0.1063 J0.
N39930 X-1.2874 Z-0.3346 I-0.1063 J0.
N39935 X-1.0748 Z-0.315 I0.1063 J0.
N39940 X-1.2874 Z-0.2953 I-0.1063 J0.
N39945 X-1.0748 Z-0.2756 I0.1063 J0.
N39950 X-1.2874 Z-0.2559 I-0.1063 J0.
N39955 X-1.0748 Z-0.2362 I0.1063 J0.
N39960 X-1.2874 Z-0.2165 I-0.1063 J0.
N39965 X-1.0748 Z-0.1969 I0.1063 J0.
N39970 X-1.2874 Z-0.1772 I-0.1063 J0.
N39975 X-1.0748 Z-0.1575 I0.1063 J0.
N39980 X-1.2874 Z-0.1378 I-0.1063 J0.
N39985 X-1.0748 Z-0.1181 I0.1063 J0.
N39990 X-1.2874 Z-0.0984 I-0.1063 J0.
N39995 X-1.0748 Z-0.0787 I0.1063 J0.
N40000 X-1.2874 Z-0.0591 I-0.1063 J0.
N40005 X-1.0748 Z-0.0394 I0.1063 J0.
N40010 X-1.0951 Y1.2436 Z-0.0354 I-0.1063 J0.
N40015 X-1.2353 Y1.2658 Z-0.0261 I-0.0812 J-0.059
N40020 G1 G40 X-1.1811 Y1.1811
N40025 Z0.1969
N40030 Z-0.5209
N40035 Z-0.5996
N40040 G41 X-1.1722 Y1.0778 D14
N40045 G3 X-1.0689 Y1.1811 Z-0.5906 I0. J0.1033
N40050 X-1.2933 Z-0.5709 I-0.1122 J0.
N40055 X-1.0689 Z-0.5512 I0.1122 J0.
N40060 X-1.2933 Z-0.5315 I-0.1122 J0.
N40065 X-1.0689 Z-0.5118 I0.1122 J0.
N40070 X-1.2933 Z-0.4921 I-0.1122 J0.
N40075 X-1.0689 Z-0.4724 I0.1122 J0.
N40080 X-1.2933 Z-0.4528 I-0.1122 J0.
N40085 X-1.0689 Z-0.4331 I0.1122 J0.
N40090 X-1.2933 Z-0.4134 I-0.1122 J0.
N40095 X-1.0689 Z-0.3937 I0.1122 J0.
N40100 X-1.2933 Z-0.374 I-0.1122 J0.
N40105 X-1.0689 Z-0.3543 I0.1122 J0.
N40110 X-1.2933 Z-0.3346 I-0.1122 J0.
N40115 X-1.0689 Z-0.315 I0.1122 J0.
N40120 X-1.2933 Z-0.2953 I-0.1122 J0.
N40125 X-1.0689 Z-0.2756 I0.1122 J0.
N40130 X-1.2933 Z-0.2559 I-0.1122 J0.
N40135 X-1.0689 Z-0.2362 I0.1122 J0.
N40140 X-1.2933 Z-0.2165 I-0.1122 J0.
N40145 X-1.0689 Z-0.1969 I0.1122 J0.
N40150 X-1.2933 Z-0.1772 I-0.1122 J0.
N40155 X-1.0689 Z-0.1575 I0.1122 J0.
N40160 X-1.2933 Z-0.1378 I-0.1122 J0.
N40165 X-1.0689 Z-0.1181 I0.1122 J0.
N40170 X-1.2933 Z-0.0984 I-0.1122 J0.
N40175 X-1.0689 Z-0.0787 I0.1122 J0.
N40180 X-1.2933 Z-0.0591 I-0.1122 J0.
N40185 X-1.0689 Z-0.0394 I0.1122 J0.
N40190 X-1.0903 Y1.2471 Z-0.0354 I-0.1122 J0.
N40195 X-1.2347 Y1.2699 Z-0.0264 I-0.0836 J-0.0607
N40200 G1 G40 X-1.1811 Y1.1811
N40205 Z0.1969
N40210 Z-0.5207
N40215 Z-0.5994
N40220 G41 X-1.1693 Y1.0748 D14
N40225 G3 X-1.063 Y1.1811 Z-0.5906 I0. J0.1063
N40230 X-1.2992 Z-0.5709 I-0.1181 J0.
N40235 X-1.063 Z-0.5512 I0.1181 J0.
N40240 X-1.2992 Z-0.5315 I-0.1181 J0.
N40245 X-1.063 Z-0.5118 I0.1181 J0.
N40250 X-1.2992 Z-0.4921 I-0.1181 J0.
N40255 X-1.063 Z-0.4724 I0.1181 J0.
N40260 X-1.2992 Z-0.4528 I-0.1181 J0.
N40265 X-1.063 Z-0.4331 I0.1181 J0.
N40270 X-1.2992 Z-0.4134 I-0.1181 J0.
N40275 X-1.063 Z-0.3937 I0.1181 J0.
N40280 X-1.2992 Z-0.374 I-0.1181 J0.
N40285 X-1.063 Z-0.3543 I0.1181 J0.
N40290 X-1.2992 Z-0.3346 I-0.1181 J0.
N40295 X-1.063 Z-0.315 I0.1181 J0.
N40300 X-1.2992 Z-0.2953 I-0.1181 J0.
N40305 X-1.063 Z-0.2756 I0.1181 J0.
N40310 X-1.2992 Z-0.2559 I-0.1181 J0.
N40315 X-1.063 Z-0.2362 I0.1181 J0.
N40320 X-1.2992 Z-0.2165 I-0.1181 J0.
N40325 X-1.063 Z-0.1969 I0.1181 J0.
N40330 X-1.2992 Z-0.1772 I-0.1181 J0.
N40335 X-1.063 Z-0.1575 I0.1181 J0.
N40340 X-1.2992 Z-0.1378 I-0.1181 J0.
N40345 X-1.063 Z-0.1181 I0.1181 J0.
N40350 X-1.2992 Z-0.0984 I-0.1181 J0.
N40355 X-1.063 Z-0.0787 I0.1181 J0.
N40360 X-1.2992 Z-0.0591 I-0.1181 J0.
N40365 X-1.063 Z-0.0394 I0.1181 J0.
N40370 X-1.0855 Y1.2505 Z-0.0354 I-0.1181 J0.
N40375 X-1.234 Y1.274 Z-0.0266 I-0.086 J-0.0625
N40380 G1 G40 X-1.1811 Y1.1811
N40385 Z0.1969
N40390 X-0.3937
N40395 Z-0.5211
N40400 Z-0.5998
N40405 G41 X-0.3878 Y1.0807 D14
N40410 G3 X-0.2874 Y1.1811 Z-0.5906 I0. J0.1004
N40415 X-0.5 Z-0.5709 I-0.1063 J0.
N40420 X-0.2874 Z-0.5512 I0.1063 J0.
N40425 X-0.5 Z-0.5315 I-0.1063 J0.
N40430 X-0.2874 Z-0.5118 I0.1063 J0.
N40435 X-0.5 Z-0.4921 I-0.1063 J0.
N40440 X-0.2874 Z-0.4724 I0.1063 J0.
N40445 X-0.5 Z-0.4528 I-0.1063 J0.
N40450 X-0.2874 Z-0.4331 I0.1063 J0.
N40455 X-0.5 Z-0.4134 I-0.1063 J0.
N40460 X-0.2874 Z-0.3937 I0.1063 J0.
N40465 X-0.5 Z-0.374 I-0.1063 J0.
N40470 X-0.2874 Z-0.3543 I0.1063 J0.
N40475 X-0.5 Z-0.3346 I-0.1063 J0.
N40480 X-0.2874 Z-0.315 I0.1063 J0.
N40485 X-0.5 Z-0.2953 I-0.1063 J0.
N40490 X-0.2874 Z-0.2756 I0.1063 J0.
N40495 X-0.5 Z-0.2559 I-0.1063 J0.
N40500 X-0.2874 Z-0.2362 I0.1063 J0.
N40505 X-0.5 Z-0.2165 I-0.1063 J0.
N40510 X-0.2874 Z-0.1969 I0.1063 J0.
N40515 X-0.5 Z-0.1772 I-0.1063 J0.
N40520 X-0.2874 Z-0.1575 I0.1063 J0.
N40525 X-0.5 Z-0.1378 I-0.1063 J0.
N40530 X-0.2874 Z-0.1181 I0.1063 J0.
N40535 X-0.5 Z-0.0984 I-0.1063 J0.
N40540 X-0.2874 Z-0.0787 I0.1063 J0.
N40545 X-0.5 Z-0.0591 I-0.1063 J0.
N40550 X-0.2874 Z-0.0394 I0.1063 J0.
N40555 X-0.3077 Y1.2436 Z-0.0354 I-0.1063 J0.
N40560 X-0.4479 Y1.2658 Z-0.0261 I-0.0812 J-0.059
N40565 G1 G40 X-0.3937 Y1.1811
N40570 Z0.1969
N40575 Z-0.5209
N40580 Z-0.5996
N40585 G41 X-0.3848 Y1.0778 D14
N40590 G3 X-0.2815 Y1.1811 Z-0.5906 I0. J0.1033
N40595 X-0.5059 Z-0.5709 I-0.1122 J0.
N40600 X-0.2815 Z-0.5512 I0.1122 J0.
N40605 X-0.5059 Z-0.5315 I-0.1122 J0.
N40610 X-0.2815 Z-0.5118 I0.1122 J0.
N40615 X-0.5059 Z-0.4921 I-0.1122 J0.
N40620 X-0.2815 Z-0.4724 I0.1122 J0.
N40625 X-0.5059 Z-0.4528 I-0.1122 J0.
N40630 X-0.2815 Z-0.4331 I0.1122 J0.
N40635 X-0.5059 Z-0.4134 I-0.1122 J0.
N40640 X-0.2815 Z-0.3937 I0.1122 J0.
N40645 X-0.5059 Z-0.374 I-0.1122 J0.
N40650 X-0.2815 Z-0.3543 I0.1122 J0.
N40655 X-0.5059 Z-0.3346 I-0.1122 J0.
N40660 X-0.2815 Z-0.315 I0.1122 J0.
N40665 X-0.5059 Z-0.2953 I-0.1122 J0.
N40670 X-0.2815 Z-0.2756 I0.1122 J0.
N40675 X-0.5059 Z-0.2559 I-0.1122 J0.
N40680 X-0.2815 Z-0.2362 I0.1122 J0.
N40685 X-0.5059 Z-0.2165 I-0.1122 J0.
N40690 X-0.2815 Z-0.1969 I0.1122 J0.
N40695 X-0.5059 Z-0.1772 I-0.1122 J0.
N40700 X-0.2815 Z-0.1575 I0.1122 J0.
N40705 X-0.5059 Z-0.1378 I-0.1122 J0.
N40710 X-0.2815 Z-0.1181 I0.1122 J0.
N40715 X-0.5059 Z-0.0984 I-0.1122 J0.
N40720 X-0.2815 Z-0.0787 I0.1122 J0.
N40725 X-0.5059 Z-0.0591 I-0.1122 J0.
N40730 X-0.2815 Z-0.0394 I0.1122 J0.
N40735 X-0.3029 Y1.2471 Z-0.0354 I-0.1122 J0.
N40740 X-0.4473 Y1.2699 Z-0.0264 I-0.0836 J-0.0607
N40745 G1 G40 X-0.3937 Y1.1811
N40750 Z0.1969
N40755 Z-0.5207
N40760 Z-0.5994
N40765 G41 X-0.3819 Y1.0748 D14
N40770 G3 X-0.2756 Y1.1811 Z-0.5906 I0. J0.1063
N40775 X-0.5118 Z-0.5709 I-0.1181 J0.
N40780 X-0.2756 Z-0.5512 I0.1181 J0.
N40785 X-0.5118 Z-0.5315 I-0.1181 J0.
N40790 X-0.2756 Z-0.5118 I0.1181 J0.
N40795 X-0.5118 Z-0.4921 I-0.1181 J0.
N40800 X-0.2756 Z-0.4724 I0.1181 J0.
N40805 X-0.5118 Z-0.4528 I-0.1181 J0.
N40810 X-0.2756 Z-0.4331 I0.1181 J0.
N40815 X-0.5118 Z-0.4134 I-0.1181 J0.
N40820 X-0.2756 Z-0.3937 I0.1181 J0.
N40825 X-0.5118 Z-0.374 I-0.1181 J0.
N40830 X-0.2756 Z-0.3543 I0.1181 J0.
N40835 X-0.5118 Z-0.3346 I-0.1181 J0.
N40840 X-0.2756 Z-0.315 I0.1181 J0.
N40845 X-0.5118 Z-0.2953 I-0.1181 J0.
N40850 X-0.2756 Z-0.2756 I0.1181 J0.
N40855 X-0.5118 Z-0.2559 I-0.1181 J0.
N40860 X-0.2756 Z-0.2362 I0.1181 J0.
N40865 X-0.5118 Z-0.2165 I-0.1181 J0.
N40870 X-0.2756 Z-0.1969 I0.1181 J0.
N40875 X-0.5118 Z-0.1772 I-0.1181 J0.
N40880 X-0.2756 Z-0.1575 I0.1181 J0.
N40885 X-0.5118 Z-0.1378 I-0.1181 J0.
N40890 X-0.2756 Z-0.1181 I0.1181 J0.
N40895 X-0.5118 Z-0.0984 I-0.1181 J0.
N40900 X-0.2756 Z-0.0787 I0.1181 J0.
N40905 X-0.5118 Z-0.0591 I-0.1181 J0.
N40910 X-0.2756 Z-0.0394 I0.1181 J0.
N40915 X-0.2981 Y1.2505 Z-0.0354 I-0.1181 J0.
N40920 X-0.4466 Y1.274 Z-0.0266 I-0.086 J-0.0625
N40925 G1 G40 X-0.3937 Y1.1811
N40930 Z0.1969
N40935 X0.3937
N40940 Z-0.5211
N40945 Z-0.5998
N40950 G41 X0.3996 Y1.0807 D14
N40955 G3 X0.5 Y1.1811 Z-0.5906 I0. J0.1004
N40960 X0.2874 Z-0.5709 I-0.1063 J0.
N40965 X0.5 Z-0.5512 I0.1063 J0.
N40970 X0.2874 Z-0.5315 I-0.1063 J0.
N40975 X0.5 Z-0.5118 I0.1063 J0.
N40980 X0.2874 Z-0.4921 I-0.1063 J0.
N40985 X0.5 Z-0.4724 I0.1063 J0.
N40990 X0.2874 Z-0.4528 I-0.1063 J0.
N40995 X0.5 Z-0.4331 I0.1063 J0.
N41000 X0.2874 Z-0.4134 I-0.1063 J0.
N41005 X0.5 Z-0.3937 I0.1063 J0.
N41010 X0.2874 Z-0.374 I-0.1063 J0.
N41015 X0.5 Z-0.3543 I0.1063 J0.
N41020 X0.2874 Z-0.3346 I-0.1063 J0.
N41025 X0.5 Z-0.315 I0.1063 J0.
N41030 X0.2874 Z-0.2953 I-0.1063 J0.
N41035 X0.5 Z-0.2756 I0.1063 J0.
N41040 X0.2874 Z-0.2559 I-0.1063 J0.
N41045 X0.5 Z-0.2362 I0.1063 J0.
N41050 X0.2874 Z-0.2165 I-0.1063 J0.
N41055 X0.5 Z-0.1969 I0.1063 J0.
N41060 X0.2874 Z-0.1772 I-0.1063 J0.
N41065 X0.5 Z-0.1575 I0.1063 J0.
N41070 X0.2874 Z-0.1378 I-0.1063 J0.
N41075 X0.5 Z-0.1181 I0.1063 J0.
N41080 X0.2874 Z-0.0984 I-0.1063 J0.
N41085 X0.5 Z-0.0787 I0.1063 J0.
N41090 X0.2874 Z-0.0591 I-0.1063 J0.
N41095 X0.5 Z-0.0394 I0.1063 J0.
N41100 X0.4797 Y1.2436 Z-0.0354 I-0.1063 J0.
N41105 X0.3395 Y1.2658 Z-0.0261 I-0.0812 J-0.059
N41110 G1 G40 X0.3937 Y1.1811
N41115 Z0.1969
N41120 Z-0.5209
N41125 Z-0.5996
N41130 G41 X0.4026 Y1.0778 D14
N41135 G3 X0.5059 Y1.1811 Z-0.5906 I0. J0.1033
N41140 X0.2815 Z-0.5709 I-0.1122 J0.
N41145 X0.5059 Z-0.5512 I0.1122 J0.
N41150 X0.2815 Z-0.5315 I-0.1122 J0.
N41155 X0.5059 Z-0.5118 I0.1122 J0.
N41160 X0.2815 Z-0.4921 I-0.1122 J0.
N41165 X0.5059 Z-0.4724 I0.1122 J0.
N41170 X0.2815 Z-0.4528 I-0.1122 J0.
N41175 X0.5059 Z-0.4331 I0.1122 J0.
N41180 X0.2815 Z-0.4134 I-0.1122 J0.
N41185 X0.5059 Z-0.3937 I0.1122 J0.
N41190 X0.2815 Z-0.374 I-0.1122 J0.
N41195 X0.5059 Z-0.3543 I0.1122 J0.
N41200 X0.2815 Z-0.3346 I-0.1122 J0.
N41205 X0.5059 Z-0.315 I0.1122 J0.
N41210 X0.2815 Z-0.2953 I-0.1122 J0.
N41215 X0.5059 Z-0.2756 I0.1122 J0.
N41220 X0.2815 Z-0.2559 I-0.1122 J0.
N41225 X0.5059 Z-0.2362 I0.1122 J0.
N41230 X0.2815 Z-0.2165 I-0.1122 J0.
N41235 X0.5059 Z-0.1969 I0.1122 J0.
N41240 X0.2815 Z-0.1772 I-0.1122 J0.
N41245 X0.5059 Z-0.1575 I0.1122 J0.
N41250 X0.2815 Z-0.1378 I-0.1122 J0.
N41255 X0.5059 Z-0.1181 I0.1122 J0.
N41260 X0.2815 Z-0.0984 I-0.1122 J0.
N41265 X0.5059 Z-0.0787 I0.1122 J0.
N41270 X0.2815 Z-0.0591 I-0.1122 J0.
N41275 X0.5059 Z-0.0394 I0.1122 J0.
N41280 X0.4845 Y1.2471 Z-0.0354 I-0.1122 J0.
N41285 X0.3401 Y1.2699 Z-0.0264 I-0.0836 J-0.0607
N41290 G1 G40 X0.3937 Y1.1811
N41295 Z0.1969
N41300 Z-0.5207
N41305 Z-0.5994
N41310 G41 X0.4055 Y1.0748 D14
N41315 G3 X0.5118 Y1.1811 Z-0.5906 I0. J0.1063
N41320 X0.2756 Z-0.5709 I-0.1181 J0.
N41325 X0.5118 Z-0.5512 I0.1181 J0.
N41330 X0.2756 Z-0.5315 I-0.1181 J0.
N41335 X0.5118 Z-0.5118 I0.1181 J0.
N41340 X0.2756 Z-0.4921 I-0.1181 J0.
N41345 X0.5118 Z-0.4724 I0.1181 J0.
N41350 X0.2756 Z-0.4528 I-0.1181 J0.
N41355 X0.5118 Z-0.4331 I0.1181 J0.
N41360 X0.2756 Z-0.4134 I-0.1181 J0.
N41365 X0.5118 Z-0.3937 I0.1181 J0.
N41370 X0.2756 Z-0.374 I-0.1181 J0.
N41375 X0.5118 Z-0.3543 I0.1181 J0.
N41380 X0.2756 Z-0.3346 I-0.1181 J0.
N41385 X0.5118 Z-0.315 I0.1181 J0.
N41390 X0.2756 Z-0.2953 I-0.1181 J0.
N41395 X0.5118 Z-0.2756 I0.1181 J0.
N41400 X0.2756 Z-0.2559 I-0.1181 J0.
N41405 X0.5118 Z-0.2362 I0.1181 J0.
N41410 X0.2756 Z-0.2165 I-0.1181 J0.
N41415 X0.5118 Z-0.1969 I0.1181 J0.
N41420 X0.2756 Z-0.1772 I-0.1181 J0.
N41425 X0.5118 Z-0.1575 I0.1181 J0.
N41430 X0.2756 Z-0.1378 I-0.1181 J0.
N41435 X0.5118 Z-0.1181 I0.1181 J0.
N41440 X0.2756 Z-0.0984 I-0.1181 J0.
N41445 X0.5118 Z-0.0787 I0.1181 J0.
N41450 X0.2756 Z-0.0591 I-0.1181 J0.
N41455 X0.5118 Z-0.0394 I0.1181 J0.
N41460 X0.4893 Y1.2505 Z-0.0354 I-0.1181 J0.
N41465 X0.3408 Y1.274 Z-0.0266 I-0.086 J-0.0625
N41470 G1 G40 X0.3937 Y1.1811
N41475 Z0.1969
N41480 X1.1811
N41485 Z-0.5211
N41490 Z-0.5998
N41495 G41 X1.187 Y1.0807 D14
N41500 G3 X1.2874 Y1.1811 Z-0.5906 I0. J0.1004
N41505 X1.0748 Z-0.5709 I-0.1063 J0.
N41510 X1.2874 Z-0.5512 I0.1063 J0.
N41515 X1.0748 Z-0.5315 I-0.1063 J0.
N41520 X1.2874 Z-0.5118 I0.1063 J0.
N41525 X1.0748 Z-0.4921 I-0.1063 J0.
N41530 X1.2874 Z-0.4724 I0.1063 J0.
N41535 X1.0748 Z-0.4528 I-0.1063 J0.
N41540 X1.2874 Z-0.4331 I0.1063 J0.
N41545 X1.0748 Z-0.4134 I-0.1063 J0.
N41550 X1.2874 Z-0.3937 I0.1063 J0.
N41555 X1.0748 Z-0.374 I-0.1063 J0.
N41560 X1.2874 Z-0.3543 I0.1063 J0.
N41565 X1.0748 Z-0.3346 I-0.1063 J0.
N41570 X1.2874 Z-0.315 I0.1063 J0.
N41575 X1.0748 Z-0.2953 I-0.1063 J0.
N41580 X1.2874 Z-0.2756 I0.1063 J0.
N41585 X1.0748 Z-0.2559 I-0.1063 J0.
N41590 X1.2874 Z-0.2362 I0.1063 J0.
N41595 X1.0748 Z-0.2165 I-0.1063 J0.
N41600 X1.2874 Z-0.1969 I0.1063 J0.
N41605 X1.0748 Z-0.1772 I-0.1063 J0.
N41610 X1.2874 Z-0.1575 I0.1063 J0.
N41615 X1.0748 Z-0.1378 I-0.1063 J0.
N41620 X1.2874 Z-0.1181 I0.1063 J0.
N41625 X1.0748 Z-0.0984 I-0.1063 J0.
N41630 X1.2874 Z-0.0787 I0.1063 J0.
N41635 X1.0748 Z-0.0591 I-0.1063 J0.
N41640 X1.2874 Z-0.0394 I0.1063 J0.
N41645 X1.2671 Y1.2436 Z-0.0354 I-0.1063 J0.
N41650 X1.1269 Y1.2658 Z-0.0261 I-0.0812 J-0.059
N41655 G1 G40 X1.1811 Y1.1811
N41660 Z0.1969
N41665 Z-0.5209
N41670 Z-0.5996
N41675 G41 X1.19 Y1.0778 D14
N41680 G3 X1.2933 Y1.1811 Z-0.5906 I0. J0.1033
N41685 X1.0689 Z-0.5709 I-0.1122 J0.
N41690 X1.2933 Z-0.5512 I0.1122 J0.
N41695 X1.0689 Z-0.5315 I-0.1122 J0.
N41700 X1.2933 Z-0.5118 I0.1122 J0.
N41705 X1.0689 Z-0.4921 I-0.1122 J0.
N41710 X1.2933 Z-0.4724 I0.1122 J0.
N41715 X1.0689 Z-0.4528 I-0.1122 J0.
N41720 X1.2933 Z-0.4331 I0.1122 J0.
N41725 X1.0689 Z-0.4134 I-0.1122 J0.
N41730 X1.2933 Z-0.3937 I0.1122 J0.
N41735 X1.0689 Z-0.374 I-0.1122 J0.
N41740 X1.2933 Z-0.3543 I0.1122 J0.
N41745 X1.0689 Z-0.3346 I-0.1122 J0.
N41750 X1.2933 Z-0.315 I0.1122 J0.
N41755 X1.0689 Z-0.2953 I-0.1122 J0.
N41760 X1.2933 Z-0.2756 I0.1122 J0.
N41765 X1.0689 Z-0.2559 I-0.1122 J0.
N41770 X1.2933 Z-0.2362 I0.1122 J0.
N41775 X1.0689 Z-0.2165 I-0.1122 J0.
N41780 X1.2933 Z-0.1969 I0.1122 J0.
N41785 X1.0689 Z-0.1772 I-0.1122 J0.
N41790 X1.2933 Z-0.1575 I0.1122 J0.
N41795 X1.0689 Z-0.1378 I-0.1122 J0.
N41800 X1.2933 Z-0.1181 I0.1122 J0.
N41805 X1.0689 Z-0.0984 I-0.1122 J0.
N41810 X1.2933 Z-0.0787 I0.1122 J0.
N41815 X1.0689 Z-0.0591 I-0.1122 J0.
N41820 X1.2933 Z-0.0394 I0.1122 J0.
N41825 X1.2719 Y1.2471 Z-0.0354 I-0.1122 J0.
N41830 X1.1275 Y1.2699 Z-0.0264 I-0.0836 J-0.0607
N41835 G1 G40 X1.1811 Y1.1811
N41840 Z0.1969
N41845 Z-0.5207
N41850 Z-0.5994
N41855 G41 X1.1929 Y1.0748 D14
N41860 G3 X1.2992 Y1.1811 Z-0.5906 I0. J0.1063
N41865 X1.063 Z-0.5709 I-0.1181 J0.
N41870 X1.2992 Z-0.5512 I0.1181 J0.
N41875 X1.063 Z-0.5315 I-0.1181 J0.
N41880 X1.2992 Z-0.5118 I0.1181 J0.
N41885 X1.063 Z-0.4921 I-0.1181 J0.
N41890 X1.2992 Z-0.4724 I0.1181 J0.
N41895 X1.063 Z-0.4528 I-0.1181 J0.
N41900 X1.2992 Z-0.4331 I0.1181 J0.
N41905 X1.063 Z-0.4134 I-0.1181 J0.
N41910 X1.2992 Z-0.3937 I0.1181 J0.
N41915 X1.063 Z-0.374 I-0.1181 J0.
N41920 X1.2992 Z-0.3543 I0.1181 J0.
N41925 X1.063 Z-0.3346 I-0.1181 J0.
N41930 X1.2992 Z-0.315 I0.1181 J0.
N41935 X1.063 Z-0.2953 I-0.1181 J0.
N41940 X1.2992 Z-0.2756 I0.1181 J0.
N41945 X1.063 Z-0.2559 I-0.1181 J0.
N41950 X1.2992 Z-0.2362 I0.1181 J0.
N41955 X1.063 Z-0.2165 I-0.1181 J0.
N41960 X1.2992 Z-0.1969 I0.1181 J0.
N41965 X1.063 Z-0.1772 I-0.1181 J0.
N41970 X1.2992 Z-0.1575 I0.1181 J0.
N41975 X1.063 Z-0.1378 I-0.1181 J0.
N41980 X1.2992 Z-0.1181 I0.1181 J0.
N41985 X1.063 Z-0.0984 I-0.1181 J0.
N41990 X1.2992 Z-0.0787 I0.1181 J0.
N41995 X1.063 Z-0.0591 I-0.1181 J0.
N42000 X1.2992 Z-0.0394 I0.1181 J0.
N42005 X1.2767 Y1.2505 Z-0.0354 I-0.1181 J0.
N42010 X1.1282 Y1.274 Z-0.0266 I-0.086 J-0.0625
N42015 G1 G40 X1.1811 Y1.1811
N42020 Z0.1969
N42025 X1.9685
N42030 Z-0.5211
N42035 Z-0.5998
N42040 G41 X1.9744 Y1.0807 D14
N42045 G3 X2.0748 Y1.1811 Z-0.5906 I0. J0.1004
N42050 X1.8622 Z-0.5709 I-0.1063 J0.
N42055 X2.0748 Z-0.5512 I0.1063 J0.
N42060 X1.8622 Z-0.5315 I-0.1063 J0.
N42065 X2.0748 Z-0.5118 I0.1063 J0.
N42070 X1.8622 Z-0.4921 I-0.1063 J0.
N42075 X2.0748 Z-0.4724 I0.1063 J0.
N42080 X1.8622 Z-0.4528 I-0.1063 J0.
N42085 X2.0748 Z-0.4331 I0.1063 J0.
N42090 X1.8622 Z-0.4134 I-0.1063 J0.
N42095 X2.0748 Z-0.3937 I0.1063 J0.
N42100 X1.8622 Z-0.374 I-0.1063 J0.
N42105 X2.0748 Z-0.3543 I0.1063 J0.
N42110 X1.8622 Z-0.3346 I-0.1063 J0.
N42115 X2.0748 Z-0.315 I0.1063 J0.
N42120 X1.8622 Z-0.2953 I-0.1063 J0.
N42125 X2.0748 Z-0.2756 I0.1063 J0.
N42130 X1.8622 Z-0.2559 I-0.1063 J0.
N42135 X2.0748 Z-0.2362 I0.1063 J0.
N42140 X1.8622 Z-0.2165 I-0.1063 J0.
N42145 X2.0748 Z-0.1969 I0.1063 J0.
N42150 X1.8622 Z-0.1772 I-0.1063 J0.
N42155 X2.0748 Z-0.1575 I0.1063 J0.
N42160 X1.8622 Z-0.1378 I-0.1063 J0.
N42165 X2.0748 Z-0.1181 I0.1063 J0.
N42170 X1.8622 Z-0.0984 I-0.1063 J0.
N42175 X2.0748 Z-0.0787 I0.1063 J0.
N42180 X1.8622 Z-0.0591 I-0.1063 J0.
N42185 X2.0748 Z-0.0394 I0.1063 J0.
N42190 X2.0545 Y1.2436 Z-0.0354 I-0.1063 J0.
N42195 X1.9143 Y1.2658 Z-0.0261 I-0.0812 J-0.059
N42200 G1 G40 X1.9685 Y1.1811
N42205 Z0.1969
N42210 Z-0.5209
N42215 Z-0.5996
N42220 G41 X1.9774 Y1.0778 D14
N42225 G3 X2.0807 Y1.1811 Z-0.5906 I0. J0.1033
N42230 X1.8563 Z-0.5709 I-0.1122 J0.
N42235 X2.0807 Z-0.5512 I0.1122 J0.
N42240 X1.8563 Z-0.5315 I-0.1122 J0.
N42245 X2.0807 Z-0.5118 I0.1122 J0.
N42250 X1.8563 Z-0.4921 I-0.1122 J0.
N42255 X2.0807 Z-0.4724 I0.1122 J0.
N42260 X1.8563 Z-0.4528 I-0.1122 J0.
N42265 X2.0807 Z-0.4331 I0.1122 J0.
N42270 X1.8563 Z-0.4134 I-0.1122 J0.
N42275 X2.0807 Z-0.3937 I0.1122 J0.
N42280 X1.8563 Z-0.374 I-0.1122 J0.
N42285 X2.0807 Z-0.3543 I0.1122 J0.
N42290 X1.8563 Z-0.3346 I-0.1122 J0.
N42295 X2.0807 Z-0.315 I0.1122 J0.
N42300 X1.8563 Z-0.2953 I-0.1122 J0.
N42305 X2.0807 Z-0.2756 I0.1122 J0.
N42310 X1.8563 Z-0.2559 I-0.1122 J0.
N42315 X2.0807 Z-0.2362 I0.1122 J0.
N42320 X1.8563 Z-0.2165 I-0.1122 J0.
N42325 X2.0807 Z-0.1969 I0.1122 J0.
N42330 X1.8563 Z-0.1772 I-0.1122 J0.
N42335 X2.0807 Z-0.1575 I0.1122 J0.
N42340 X1.8563 Z-0.1378 I-0.1122 J0.
N42345 X2.0807 Z-0.1181 I0.1122 J0.
N42350 X1.8563 Z-0.0984 I-0.1122 J0.
N42355 X2.0807 Z-0.0787 I0.1122 J0.
N42360 X1.8563 Z-0.0591 I-0.1122 J0.
N42365 X2.0807 Z-0.0394 I0.1122 J0.
N42370 X2.0593 Y1.2471 Z-0.0354 I-0.1122 J0.
N42375 X1.9149 Y1.2699 Z-0.0264 I-0.0836 J-0.0607
N42380 G1 G40 X1.9685 Y1.1811
N42385 Z0.1969
N42390 Z-0.5207
N42395 Z-0.5994
N42400 G41 X1.9803 Y1.0748 D14
N42405 G3 X2.0866 Y1.1811 Z-0.5906 I0. J0.1063
N42410 X1.8504 Z-0.5709 I-0.1181 J0.
N42415 X2.0866 Z-0.5512 I0.1181 J0.
N42420 X1.8504 Z-0.5315 I-0.1181 J0.
N42425 X2.0866 Z-0.5118 I0.1181 J0.
N42430 X1.8504 Z-0.4921 I-0.1181 J0.
N42435 X2.0866 Z-0.4724 I0.1181 J0.
N42440 X1.8504 Z-0.4528 I-0.1181 J0.
N42445 X2.0866 Z-0.4331 I0.1181 J0.
N42450 X1.8504 Z-0.4134 I-0.1181 J0.
N42455 X2.0866 Z-0.3937 I0.1181 J0.
N42460 X1.8504 Z-0.374 I-0.1181 J0.
N42465 X2.0866 Z-0.3543 I0.1181 J0.
N42470 X1.8504 Z-0.3346 I-0.1181 J0.
N42475 X2.0866 Z-0.315 I0.1181 J0.
N42480 X1.8504 Z-0.2953 I-0.1181 J0.
N42485 X2.0866 Z-0.2756 I0.1181 J0.
N42490 X1.8504 Z-0.2559 I-0.1181 J0.
N42495 X2.0866 Z-0.2362 I0.1181 J0.
N42500 X1.8504 Z-0.2165 I-0.1181 J0.
N42505 X2.0866 Z-0.1969 I0.1181 J0.
N42510 X1.8504 Z-0.1772 I-0.1181 J0.
N42515 X2.0866 Z-0.1575 I0.1181 J0.
N42520 X1.8504 Z-0.1378 I-0.1181 J0.
N42525 X2.0866 Z-0.1181 I0.1181 J0.
N42530 X1.8504 Z-0.0984 I-0.1181 J0.
N42535 X2.0866 Z-0.0787 I0.1181 J0.
N42540 X1.8504 Z-0.0591 I-0.1181 J0.
N42545 X2.0866 Z-0.0394 I0.1181 J0.
N42550 X2.0641 Y1.2505 Z-0.0354 I-0.1181 J0.
N42555 X1.9156 Y1.274 Z-0.0266 I-0.086 J-0.0625
N42560 G1 G40 X1.9685 Y1.1811
N42565 Z0.1969
N42570 X2.7559
N42575 Z-0.5211
N42580 Z-0.5998
N42585 G41 X2.7618 Y1.0807 D14
N42590 G3 X2.8622 Y1.1811 Z-0.5906 I0. J0.1004
N42595 X2.6496 Z-0.5709 I-0.1063 J0.
N42600 X2.8622 Z-0.5512 I0.1063 J0.
N42605 X2.6496 Z-0.5315 I-0.1063 J0.
N42610 X2.8622 Z-0.5118 I0.1063 J0.
N42615 X2.6496 Z-0.4921 I-0.1063 J0.
N42620 X2.8622 Z-0.4724 I0.1063 J0.
N42625 X2.6496 Z-0.4528 I-0.1063 J0.
N42630 X2.8622 Z-0.4331 I0.1063 J0.
N42635 X2.6496 Z-0.4134 I-0.1063 J0.
N42640 X2.8622 Z-0.3937 I0.1063 J0.
N42645 X2.6496 Z-0.374 I-0.1063 J0.
N42650 X2.8622 Z-0.3543 I0.1063 J0.
N42655 X2.6496 Z-0.3346 I-0.1063 J0.
N42660 X2.8622 Z-0.315 I0.1063 J0.
N42665 X2.6496 Z-0.2953 I-0.1063 J0.
N42670 X2.8622 Z-0.2756 I0.1063 J0.
N42675 X2.6496 Z-0.2559 I-0.1063 J0.
N42680 X2.8622 Z-0.2362 I0.1063 J0.
N42685 X2.6496 Z-0.2165 I-0.1063 J0.
N42690 X2.8622 Z-0.1969 I0.1063 J0.
N42695 X2.6496 Z-0.1772 I-0.1063 J0.
N42700 X2.8622 Z-0.1575 I0.1063 J0.
N42705 X2.6496 Z-0.1378 I-0.1063 J0.
N42710 X2.8622 Z-0.1181 I0.1063 J0.
N42715 X2.6496 Z-0.0984 I-0.1063 J0.
N42720 X2.8622 Z-0.0787 I0.1063 J0.
N42725 X2.6496 Z-0.0591 I-0.1063 J0.
N42730 X2.8622 Z-0.0394 I0.1063 J0.
N42735 X2.8419 Y1.2436 Z-0.0354 I-0.1063 J0.
N42740 X2.7017 Y1.2658 Z-0.0261 I-0.0812 J-0.059
N42745 G1 G40 X2.7559 Y1.1811
N42750 Z0.1969
N42755 Z-0.5209
N42760 Z-0.5996
N42765 G41 X2.7648 Y1.0778 D14
N42770 G3 X2.8681 Y1.1811 Z-0.5906 I0. J0.1033
N42775 X2.6437 Z-0.5709 I-0.1122 J0.
N42780 X2.8681 Z-0.5512 I0.1122 J0.
N42785 X2.6437 Z-0.5315 I-0.1122 J0.
N42790 X2.8681 Z-0.5118 I0.1122 J0.
N42795 X2.6437 Z-0.4921 I-0.1122 J0.
N42800 X2.8681 Z-0.4724 I0.1122 J0.
N42805 X2.6437 Z-0.4528 I-0.1122 J0.
N42810 X2.8681 Z-0.4331 I0.1122 J0.
N42815 X2.6437 Z-0.4134 I-0.1122 J0.
N42820 X2.8681 Z-0.3937 I0.1122 J0.
N42825 X2.6437 Z-0.374 I-0.1122 J0.
N42830 X2.8681 Z-0.3543 I0.1122 J0.
N42835 X2.6437 Z-0.3346 I-0.1122 J0.
N42840 X2.8681 Z-0.315 I0.1122 J0.
N42845 X2.6437 Z-0.2953 I-0.1122 J0.
N42850 X2.8681 Z-0.2756 I0.1122 J0.
N42855 X2.6437 Z-0.2559 I-0.1122 J0.
N42860 X2.8681 Z-0.2362 I0.1122 J0.
N42865 X2.6437 Z-0.2165 I-0.1122 J0.
N42870 X2.8681 Z-0.1969 I0.1122 J0.
N42875 X2.6437 Z-0.1772 I-0.1122 J0.
N42880 X2.8681 Z-0.1575 I0.1122 J0.
N42885 X2.6437 Z-0.1378 I-0.1122 J0.
N42890 X2.8681 Z-0.1181 I0.1122 J0.
N42895 X2.6437 Z-0.0984 I-0.1122 J0.
N42900 X2.8681 Z-0.0787 I0.1122 J0.
N42905 X2.6437 Z-0.0591 I-0.1122 J0.
N42910 X2.8681 Z-0.0394 I0.1122 J0.
N42915 X2.8467 Y1.2471 Z-0.0354 I-0.1122 J0.
N42920 X2.7023 Y1.2699 Z-0.0264 I-0.0836 J-0.0607
N42925 G1 G40 X2.7559 Y1.1811
N42930 Z0.1969
N42935 Z-0.5207
N42940 Z-0.5994
N42945 G41 X2.7677 Y1.0748 D14
N42950 G3 X2.874 Y1.1811 Z-0.5906 I0. J0.1063
N42955 X2.6378 Z-0.5709 I-0.1181 J0.
N42960 X2.874 Z-0.5512 I0.1181 J0.
N42965 X2.6378 Z-0.5315 I-0.1181 J0.
N42970 X2.874 Z-0.5118 I0.1181 J0.
N42975 X2.6378 Z-0.4921 I-0.1181 J0.
N42980 X2.874 Z-0.4724 I0.1181 J0.
N42985 X2.6378 Z-0.4528 I-0.1181 J0.
N42990 X2.874 Z-0.4331 I0.1181 J0.
N42995 X2.6378 Z-0.4134 I-0.1181 J0.
N43000 X2.874 Z-0.3937 I0.1181 J0.
N43005 X2.6378 Z-0.374 I-0.1181 J0.
N43010 X2.874 Z-0.3543 I0.1181 J0.
N43015 X2.6378 Z-0.3346 I-0.1181 J0.
N43020 X2.874 Z-0.315 I0.1181 J0.
N43025 X2.6378 Z-0.2953 I-0.1181 J0.
N43030 X2.874 Z-0.2756 I0.1181 J0.
N43035 X2.6378 Z-0.2559 I-0.1181 J0.
N43040 X2.874 Z-0.2362 I0.1181 J0.
N43045 X2.6378 Z-0.2165 I-0.1181 J0.
N43050 X2.874 Z-0.1969 I0.1181 J0.
N43055 X2.6378 Z-0.1772 I-0.1181 J0.
N43060 X2.874 Z-0.1575 I0.1181 J0.
N43065 X2.6378 Z-0.1378 I-0.1181 J0.
N43070 X2.874 Z-0.1181 I0.1181 J0.
N43075 X2.6378 Z-0.0984 I-0.1181 J0.
N43080 X2.874 Z-0.0787 I0.1181 J0.
N43085 X2.6378 Z-0.0591 I-0.1181 J0.
N43090 X2.874 Z-0.0394 I0.1181 J0.
N43095 X2.8515 Y1.2505 Z-0.0354 I-0.1181 J0.
N43100 X2.703 Y1.274 Z-0.0266 I-0.086 J-0.0625
N43105 G1 G40 X2.7559 Y1.1811
N43110 Z0.1969
N43115 X3.5433
N43120 Z-0.5211
N43125 Z-0.5998
N43130 G41 X3.5492 Y1.0807 D14
N43135 G3 X3.6496 Y1.1811 Z-0.5906 I0. J0.1004
N43140 X3.437 Z-0.5709 I-0.1063 J0.
N43145 X3.6496 Z-0.5512 I0.1063 J0.
N43150 X3.437 Z-0.5315 I-0.1063 J0.
N43155 X3.6496 Z-0.5118 I0.1063 J0.
N43160 X3.437 Z-0.4921 I-0.1063 J0.
N43165 X3.6496 Z-0.4724 I0.1063 J0.
N43170 X3.437 Z-0.4528 I-0.1063 J0.
N43175 X3.6496 Z-0.4331 I0.1063 J0.
N43180 X3.437 Z-0.4134 I-0.1063 J0.
N43185 X3.6496 Z-0.3937 I0.1063 J0.
N43190 X3.437 Z-0.374 I-0.1063 J0.
N43195 X3.6496 Z-0.3543 I0.1063 J0.
N43200 X3.437 Z-0.3346 I-0.1063 J0.
N43205 X3.6496 Z-0.315 I0.1063 J0.
N43210 X3.437 Z-0.2953 I-0.1063 J0.
N43215 X3.6496 Z-0.2756 I0.1063 J0.
N43220 X3.437 Z-0.2559 I-0.1063 J0.
N43225 X3.6496 Z-0.2362 I0.1063 J0.
N43230 X3.437 Z-0.2165 I-0.1063 J0.
N43235 X3.6496 Z-0.1969 I0.1063 J0.
N43240 X3.437 Z-0.1772 I-0.1063 J0.
N43245 X3.6496 Z-0.1575 I0.1063 J0.
N43250 X3.437 Z-0.1378 I-0.1063 J0.
N43255 X3.6496 Z-0.1181 I0.1063 J0.
N43260 X3.437 Z-0.0984 I-0.1063 J0.
N43265 X3.6496 Z-0.0787 I0.1063 J0.
N43270 X3.437 Z-0.0591 I-0.1063 J0.
N43275 X3.6496 Z-0.0394 I0.1063 J0.
N43280 X3.6293 Y1.2436 Z-0.0354 I-0.1063 J0.
N43285 X3.4891 Y1.2658 Z-0.0261 I-0.0812 J-0.059
N43290 G1 G40 X3.5433 Y1.1811
N43295 Z0.1969
N43300 Z-0.5209
N43305 Z-0.5996
N43310 G41 X3.5522 Y1.0778 D14
N43315 G3 X3.6555 Y1.1811 Z-0.5906 I0. J0.1033
N43320 X3.4311 Z-0.5709 I-0.1122 J0.
N43325 X3.6555 Z-0.5512 I0.1122 J0.
N43330 X3.4311 Z-0.5315 I-0.1122 J0.
N43335 X3.6555 Z-0.5118 I0.1122 J0.
N43340 X3.4311 Z-0.4921 I-0.1122 J0.
N43345 X3.6555 Z-0.4724 I0.1122 J0.
N43350 X3.4311 Z-0.4528 I-0.1122 J0.
N43355 X3.6555 Z-0.4331 I0.1122 J0.
N43360 X3.4311 Z-0.4134 I-0.1122 J0.
N43365 X3.6555 Z-0.3937 I0.1122 J0.
N43370 X3.4311 Z-0.374 I-0.1122 J0.
N43375 X3.6555 Z-0.3543 I0.1122 J0.
N43380 X3.4311 Z-0.3346 I-0.1122 J0.
N43385 X3.6555 Z-0.315 I0.1122 J0.
N43390 X3.4311 Z-0.2953 I-0.1122 J0.
N43395 X3.6555 Z-0.2756 I0.1122 J0.
N43400 X3.4311 Z-0.2559 I-0.1122 J0.
N43405 X3.6555 Z-0.2362 I0.1122 J0.
N43410 X3.4311 Z-0.2165 I-0.1122 J0.
N43415 X3.6555 Z-0.1969 I0.1122 J0.
N43420 X3.4311 Z-0.1772 I-0.1122 J0.
N43425 X3.6555 Z-0.1575 I0.1122 J0.
N43430 X3.4311 Z-0.1378 I-0.1122 J0.
N43435 X3.6555 Z-0.1181 I0.1122 J0.
N43440 X3.4311 Z-0.0984 I-0.1122 J0.
N43445 X3.6555 Z-0.0787 I0.1122 J0.
N43450 X3.4311 Z-0.0591 I-0.1122 J0.
N43455 X3.6555 Z-0.0394 I0.1122 J0.
N43460 X3.6341 Y1.2471 Z-0.0354 I-0.1122 J0.
N43465 X3.4897 Y1.2699 Z-0.0264 I-0.0836 J-0.0607
N43470 G1 G40 X3.5433 Y1.1811
N43475 Z0.1969
N43480 Z-0.5207
N43485 Z-0.5994
N43490 G41 X3.5551 Y1.0748 D14
N43495 G3 X3.6614 Y1.1811 Z-0.5906 I0. J0.1063
N43500 X3.4252 Z-0.5709 I-0.1181 J0.
N43505 X3.6614 Z-0.5512 I0.1181 J0.
N43510 X3.4252 Z-0.5315 I-0.1181 J0.
N43515 X3.6614 Z-0.5118 I0.1181 J0.
N43520 X3.4252 Z-0.4921 I-0.1181 J0.
N43525 X3.6614 Z-0.4724 I0.1181 J0.
N43530 X3.4252 Z-0.4528 I-0.1181 J0.
N43535 X3.6614 Z-0.4331 I0.1181 J0.
N43540 X3.4252 Z-0.4134 I-0.1181 J0.
N43545 X3.6614 Z-0.3937 I0.1181 J0.
N43550 X3.4252 Z-0.374 I-0.1181 J0.
N43555 X3.6614 Z-0.3543 I0.1181 J0.
N43560 X3.4252 Z-0.3346 I-0.1181 J0.
N43565 X3.6614 Z-0.315 I0.1181 J0.
N43570 X3.4252 Z-0.2953 I-0.1181 J0.
N43575 X3.6614 Z-0.2756 I0.1181 J0.
N43580 X3.4252 Z-0.2559 I-0.1181 J0.
N43585 X3.6614 Z-0.2362 I0.1181 J0.
N43590 X3.4252 Z-0.2165 I-0.1181 J0.
N43595 X3.6614 Z-0.1969 I0.1181 J0.
N43600 X3.4252 Z-0.1772 I-0.1181 J0.
N43605 X3.6614 Z-0.1575 I0.1181 J0.
N43610 X3.4252 Z-0.1378 I-0.1181 J0.
N43615 X3.6614 Z-0.1181 I0.1181 J0.
N43620 X3.4252 Z-0.0984 I-0.1181 J0.
N43625 X3.6614 Z-0.0787 I0.1181 J0.
N43630 X3.4252 Z-0.0591 I-0.1181 J0.
N43635 X3.6614 Z-0.0394 I0.1181 J0.
N43640 X3.6389 Y1.2505 Z-0.0354 I-0.1181 J0.
N43645 X3.4904 Y1.274 Z-0.0266 I-0.086 J-0.0625
N43650 G1 G40 X3.5433 Y1.1811
N43655 Z0.1969
N43660 X4.3307
N43665 Z-0.5211
N43670 Z-0.5998
N43675 G41 X4.3366 Y1.0807 D14
N43680 G3 X4.437 Y1.1811 Z-0.5906 I0. J0.1004
N43685 X4.2244 Z-0.5709 I-0.1063 J0.
N43690 X4.437 Z-0.5512 I0.1063 J0.
N43695 X4.2244 Z-0.5315 I-0.1063 J0.
N43700 X4.437 Z-0.5118 I0.1063 J0.
N43705 X4.2244 Z-0.4921 I-0.1063 J0.
N43710 X4.437 Z-0.4724 I0.1063 J0.
N43715 X4.2244 Z-0.4528 I-0.1063 J0.
N43720 X4.437 Z-0.4331 I0.1063 J0.
N43725 X4.2244 Z-0.4134 I-0.1063 J0.
N43730 X4.437 Z-0.3937 I0.1063 J0.
N43735 X4.2244 Z-0.374 I-0.1063 J0.
N43740 X4.437 Z-0.3543 I0.1063 J0.
N43745 X4.2244 Z-0.3346 I-0.1063 J0.
N43750 X4.437 Z-0.315 I0.1063 J0.
N43755 X4.2244 Z-0.2953 I-0.1063 J0.
N43760 X4.437 Z-0.2756 I0.1063 J0.
N43765 X4.2244 Z-0.2559 I-0.1063 J0.
N43770 X4.437 Z-0.2362 I0.1063 J0.
N43775 X4.2244 Z-0.2165 I-0.1063 J0.
N43780 X4.437 Z-0.1969 I0.1063 J0.
N43785 X4.2244 Z-0.1772 I-0.1063 J0.
N43790 X4.437 Z-0.1575 I0.1063 J0.
N43795 X4.2244 Z-0.1378 I-0.1063 J0.
N43800 X4.437 Z-0.1181 I0.1063 J0.
N43805 X4.2244 Z-0.0984 I-0.1063 J0.
N43810 X4.437 Z-0.0787 I0.1063 J0.
N43815 X4.2244 Z-0.0591 I-0.1063 J0.
N43820 X4.437 Z-0.0394 I0.1063 J0.
N43825 X4.4167 Y1.2436 Z-0.0354 I-0.1063 J0.
N43830 X4.2765 Y1.2658 Z-0.0261 I-0.0812 J-0.059
N43835 G1 G40 X4.3307 Y1.1811
N43840 Z0.1969
N43845 Z-0.5209
N43850 Z-0.5996
N43855 G41 X4.3396 Y1.0778 D14
N43860 G3 X4.4429 Y1.1811 Z-0.5906 I0. J0.1033
N43865 X4.2185 Z-0.5709 I-0.1122 J0.
N43870 X4.4429 Z-0.5512 I0.1122 J0.
N43875 X4.2185 Z-0.5315 I-0.1122 J0.
N43880 X4.4429 Z-0.5118 I0.1122 J0.
N43885 X4.2185 Z-0.4921 I-0.1122 J0.
N43890 X4.4429 Z-0.4724 I0.1122 J0.
N43895 X4.2185 Z-0.4528 I-0.1122 J0.
N43900 X4.4429 Z-0.4331 I0.1122 J0.
N43905 X4.2185 Z-0.4134 I-0.1122 J0.
N43910 X4.4429 Z-0.3937 I0.1122 J0.
N43915 X4.2185 Z-0.374 I-0.1122 J0.
N43920 X4.4429 Z-0.3543 I0.1122 J0.
N43925 X4.2185 Z-0.3346 I-0.1122 J0.
N43930 X4.4429 Z-0.315 I0.1122 J0.
N43935 X4.2185 Z-0.2953 I-0.1122 J0.
N43940 X4.4429 Z-0.2756 I0.1122 J0.
N43945 X4.2185 Z-0.2559 I-0.1122 J0.
N43950 X4.4429 Z-0.2362 I0.1122 J0.
N43955 X4.2185 Z-0.2165 I-0.1122 J0.
N43960 X4.4429 Z-0.1969 I0.1122 J0.
N43965 X4.2185 Z-0.1772 I-0.1122 J0.
N43970 X4.4429 Z-0.1575 I0.1122 J0.
N43975 X4.2185 Z-0.1378 I-0.1122 J0.
N43980 X4.4429 Z-0.1181 I0.1122 J0.
N43985 X4.2185 Z-0.0984 I-0.1122 J0.
N43990 X4.4429 Z-0.0787 I0.1122 J0.
N43995 X4.2185 Z-0.0591 I-0.1122 J0.
N44000 X4.4429 Z-0.0394 I0.1122 J0.
N44005 X4.4215 Y1.2471 Z-0.0354 I-0.1122 J0.
N44010 X4.2771 Y1.2699 Z-0.0264 I-0.0836 J-0.0607
N44015 G1 G40 X4.3307 Y1.1811
N44020 Z0.1969
N44025 Z-0.5207
N44030 Z-0.5994
N44035 G41 X4.3425 Y1.0748 D14
N44040 G3 X4.4488 Y1.1811 Z-0.5906 I0. J0.1063
N44045 X4.2126 Z-0.5709 I-0.1181 J0.
N44050 X4.4488 Z-0.5512 I0.1181 J0.
N44055 X4.2126 Z-0.5315 I-0.1181 J0.
N44060 X4.4488 Z-0.5118 I0.1181 J0.
N44065 X4.2126 Z-0.4921 I-0.1181 J0.
N44070 X4.4488 Z-0.4724 I0.1181 J0.
N44075 X4.2126 Z-0.4528 I-0.1181 J0.
N44080 X4.4488 Z-0.4331 I0.1181 J0.
N44085 X4.2126 Z-0.4134 I-0.1181 J0.
N44090 X4.4488 Z-0.3937 I0.1181 J0.
N44095 X4.2126 Z-0.374 I-0.1181 J0.
N44100 X4.4488 Z-0.3543 I0.1181 J0.
N44105 X4.2126 Z-0.3346 I-0.1181 J0.
N44110 X4.4488 Z-0.315 I0.1181 J0.
N44115 X4.2126 Z-0.2953 I-0.1181 J0.
N44120 X4.4488 Z-0.2756 I0.1181 J0.
N44125 X4.2126 Z-0.2559 I-0.1181 J0.
N44130 X4.4488 Z-0.2362 I0.1181 J0.
N44135 X4.2126 Z-0.2165 I-0.1181 J0.
N44140 X4.4488 Z-0.1969 I0.1181 J0.
N44145 X4.2126 Z-0.1772 I-0.1181 J0.
N44150 X4.4488 Z-0.1575 I0.1181 J0.
N44155 X4.2126 Z-0.1378 I-0.1181 J0.
N44160 X4.4488 Z-0.1181 I0.1181 J0.
N44165 X4.2126 Z-0.0984 I-0.1181 J0.
N44170 X4.4488 Z-0.0787 I0.1181 J0.
N44175 X4.2126 Z-0.0591 I-0.1181 J0.
N44180 X4.4488 Z-0.0394 I0.1181 J0.
N44185 X4.4263 Y1.2505 Z-0.0354 I-0.1181 J0.
N44190 X4.2778 Y1.274 Z-0.0266 I-0.086 J-0.0625
N44195 G1 G40 X4.3307 Y1.1811
N44200 Z0.1969
N44205 X5.1181
N44210 Z-0.5211
N44215 Z-0.5998
N44220 G41 X5.124 Y1.0807 D14
N44225 G3 X5.2244 Y1.1811 Z-0.5906 I0. J0.1004
N44230 X5.0118 Z-0.5709 I-0.1063 J0.
N44235 X5.2244 Z-0.5512 I0.1063 J0.
N44240 X5.0118 Z-0.5315 I-0.1063 J0.
N44245 X5.2244 Z-0.5118 I0.1063 J0.
N44250 X5.0118 Z-0.4921 I-0.1063 J0.
N44255 X5.2244 Z-0.4724 I0.1063 J0.
N44260 X5.0118 Z-0.4528 I-0.1063 J0.
N44265 X5.2244 Z-0.4331 I0.1063 J0.
N44270 X5.0118 Z-0.4134 I-0.1063 J0.
N44275 X5.2244 Z-0.3937 I0.1063 J0.
N44280 X5.0118 Z-0.374 I-0.1063 J0.
N44285 X5.2244 Z-0.3543 I0.1063 J0.
N44290 X5.0118 Z-0.3346 I-0.1063 J0.
N44295 X5.2244 Z-0.315 I0.1063 J0.
N44300 X5.0118 Z-0.2953 I-0.1063 J0.
N44305 X5.2244 Z-0.2756 I0.1063 J0.
N44310 X5.0118 Z-0.2559 I-0.1063 J0.
N44315 X5.2244 Z-0.2362 I0.1063 J0.
N44320 X5.0118 Z-0.2165 I-0.1063 J0.
N44325 X5.2244 Z-0.1969 I0.1063 J0.
N44330 X5.0118 Z-0.1772 I-0.1063 J0.
N44335 X5.2244 Z-0.1575 I0.1063 J0.
N44340 X5.0118 Z-0.1378 I-0.1063 J0.
N44345 X5.2244 Z-0.1181 I0.1063 J0.
N44350 X5.0118 Z-0.0984 I-0.1063 J0.
N44355 X5.2244 Z-0.0787 I0.1063 J0.
N44360 X5.0118 Z-0.0591 I-0.1063 J0.
N44365 X5.2244 Z-0.0394 I0.1063 J0.
N44370 X5.2041 Y1.2436 Z-0.0354 I-0.1063 J0.
N44375 X5.0639 Y1.2658 Z-0.0261 I-0.0812 J-0.059
N44380 G1 G40 X5.1181 Y1.1811
N44385 Z0.1969
N44390 Z-0.5209
N44395 Z-0.5996
N44400 G41 X5.127 Y1.0778 D14
N44405 G3 X5.2303 Y1.1811 Z-0.5906 I0. J0.1033
N44410 X5.0059 Z-0.5709 I-0.1122 J0.
N44415 X5.2303 Z-0.5512 I0.1122 J0.
N44420 X5.0059 Z-0.5315 I-0.1122 J0.
N44425 X5.2303 Z-0.5118 I0.1122 J0.
N44430 X5.0059 Z-0.4921 I-0.1122 J0.
N44435 X5.2303 Z-0.4724 I0.1122 J0.
N44440 X5.0059 Z-0.4528 I-0.1122 J0.
N44445 X5.2303 Z-0.4331 I0.1122 J0.
N44450 X5.0059 Z-0.4134 I-0.1122 J0.
N44455 X5.2303 Z-0.3937 I0.1122 J0.
N44460 X5.0059 Z-0.374 I-0.1122 J0.
N44465 X5.2303 Z-0.3543 I0.1122 J0.
N44470 X5.0059 Z-0.3346 I-0.1122 J0.
N44475 X5.2303 Z-0.315 I0.1122 J0.
N44480 X5.0059 Z-0.2953 I-0.1122 J0.
N44485 X5.2303 Z-0.2756 I0.1122 J0.
N44490 X5.0059 Z-0.2559 I-0.1122 J0.
N44495 X5.2303 Z-0.2362 I0.1122 J0.
N44500 X5.0059 Z-0.2165 I-0.1122 J0.
N44505 X5.2303 Z-0.1969 I0.1122 J0.
N44510 X5.0059 Z-0.1772 I-0.1122 J0.
N44515 X5.2303 Z-0.1575 I0.1122 J0.
N44520 X5.0059 Z-0.1378 I-0.1122 J0.
N44525 X5.2303 Z-0.1181 I0.1122 J0.
N44530 X5.0059 Z-0.0984 I-0.1122 J0.
N44535 X5.2303 Z-0.0787 I0.1122 J0.
N44540 X5.0059 Z-0.0591 I-0.1122 J0.
N44545 X5.2303 Z-0.0394 I0.1122 J0.
N44550 X5.2089 Y1.2471 Z-0.0354 I-0.1122 J0.
N44555 X5.0645 Y1.2699 Z-0.0264 I-0.0836 J-0.0607
N44560 G1 G40 X5.1181 Y1.1811
N44565 Z0.1969
N44570 Z-0.5207
N44575 Z-0.5994
N44580 G41 X5.1299 Y1.0748 D14
N44585 G3 X5.2362 Y1.1811 Z-0.5906 I0. J0.1063
N44590 X5. Z-0.5709 I-0.1181 J0.
N44595 X5.2362 Z-0.5512 I0.1181 J0.
N44600 X5. Z-0.5315 I-0.1181 J0.
N44605 X5.2362 Z-0.5118 I0.1181 J0.
N44610 X5. Z-0.4921 I-0.1181 J0.
N44615 X5.2362 Z-0.4724 I0.1181 J0.
N44620 X5. Z-0.4528 I-0.1181 J0.
N44625 X5.2362 Z-0.4331 I0.1181 J0.
N44630 X5. Z-0.4134 I-0.1181 J0.
N44635 X5.2362 Z-0.3937 I0.1181 J0.
N44640 X5. Z-0.374 I-0.1181 J0.
N44645 X5.2362 Z-0.3543 I0.1181 J0.
N44650 X5. Z-0.3346 I-0.1181 J0.
N44655 X5.2362 Z-0.315 I0.1181 J0.
N44660 X5. Z-0.2953 I-0.1181 J0.
N44665 X5.2362 Z-0.2756 I0.1181 J0.
N44670 X5. Z-0.2559 I-0.1181 J0.
N44675 X5.2362 Z-0.2362 I0.1181 J0.
N44680 X5. Z-0.2165 I-0.1181 J0.
N44685 X5.2362 Z-0.1969 I0.1181 J0.
N44690 X5. Z-0.1772 I-0.1181 J0.
N44695 X5.2362 Z-0.1575 I0.1181 J0.
N44700 X5. Z-0.1378 I-0.1181 J0.
N44705 X5.2362 Z-0.1181 I0.1181 J0.
N44710 X5. Z-0.0984 I-0.1181 J0.
N44715 X5.2362 Z-0.0787 I0.1181 J0.
N44720 X5. Z-0.0591 I-0.1181 J0.
N44725 X5.2362 Z-0.0394 I0.1181 J0.
N44730 X5.2137 Y1.2505 Z-0.0354 I-0.1181 J0.
N44735 X5.0652 Y1.274 Z-0.0266 I-0.086 J-0.0625
N44740 G1 G40 X5.1181 Y1.1811
N44745 Z0.1969
N44750 Y0.3937
N44755 Z-0.5211
N44760 Z-0.5998
N44765 G41 X5.124 Y0.2933 D14
N44770 G3 X5.2244 Y0.3937 Z-0.5906 I0. J0.1004
N44775 X5.0118 Z-0.5709 I-0.1063 J0.
N44780 X5.2244 Z-0.5512 I0.1063 J0.
N44785 X5.0118 Z-0.5315 I-0.1063 J0.
N44790 X5.2244 Z-0.5118 I0.1063 J0.
N44795 X5.0118 Z-0.4921 I-0.1063 J0.
N44800 X5.2244 Z-0.4724 I0.1063 J0.
N44805 X5.0118 Z-0.4528 I-0.1063 J0.
N44810 X5.2244 Z-0.4331 I0.1063 J0.
N44815 X5.0118 Z-0.4134 I-0.1063 J0.
N44820 X5.2244 Z-0.3937 I0.1063 J0.
N44825 X5.0118 Z-0.374 I-0.1063 J0.
N44830 X5.2244 Z-0.3543 I0.1063 J0.
N44835 X5.0118 Z-0.3346 I-0.1063 J0.
N44840 X5.2244 Z-0.315 I0.1063 J0.
N44845 X5.0118 Z-0.2953 I-0.1063 J0.
N44850 X5.2244 Z-0.2756 I0.1063 J0.
N44855 X5.0118 Z-0.2559 I-0.1063 J0.
N44860 X5.2244 Z-0.2362 I0.1063 J0.
N44865 X5.0118 Z-0.2165 I-0.1063 J0.
N44870 X5.2244 Z-0.1969 I0.1063 J0.
N44875 X5.0118 Z-0.1772 I-0.1063 J0.
N44880 X5.2244 Z-0.1575 I0.1063 J0.
N44885 X5.0118 Z-0.1378 I-0.1063 J0.
N44890 X5.2244 Z-0.1181 I0.1063 J0.
N44895 X5.0118 Z-0.0984 I-0.1063 J0.
N44900 X5.2244 Z-0.0787 I0.1063 J0.
N44905 X5.0118 Z-0.0591 I-0.1063 J0.
N44910 X5.2244 Z-0.0394 I0.1063 J0.
N44915 X5.2041 Y0.4562 Z-0.0354 I-0.1063 J0.
N44920 X5.0639 Y0.4784 Z-0.0261 I-0.0812 J-0.059
N44925 G1 G40 X5.1181 Y0.3937
N44930 Z0.1969
N44935 Z-0.5209
N44940 Z-0.5996
N44945 G41 X5.127 Y0.2904 D14
N44950 G3 X5.2303 Y0.3937 Z-0.5906 I0. J0.1033
N44955 X5.0059 Z-0.5709 I-0.1122 J0.
N44960 X5.2303 Z-0.5512 I0.1122 J0.
N44965 X5.0059 Z-0.5315 I-0.1122 J0.
N44970 X5.2303 Z-0.5118 I0.1122 J0.
N44975 X5.0059 Z-0.4921 I-0.1122 J0.
N44980 X5.2303 Z-0.4724 I0.1122 J0.
N44985 X5.0059 Z-0.4528 I-0.1122 J0.
N44990 X5.2303 Z-0.4331 I0.1122 J0.
N44995 X5.0059 Z-0.4134 I-0.1122 J0.
N45000 X5.2303 Z-0.3937 I0.1122 J0.
N45005 X5.0059 Z-0.374 I-0.1122 J0.
N45010 X5.2303 Z-0.3543 I0.1122 J0.
N45015 X5.0059 Z-0.3346 I-0.1122 J0.
N45020 X5.2303 Z-0.315 I0.1122 J0.
N45025 X5.0059 Z-0.2953 I-0.1122 J0.
N45030 X5.2303 Z-0.2756 I0.1122 J0.
N45035 X5.0059 Z-0.2559 I-0.1122 J0.
N45040 X5.2303 Z-0.2362 I0.1122 J0.
N45045 X5.0059 Z-0.2165 I-0.1122 J0.
N45050 X5.2303 Z-0.1969 I0.1122 J0.
N45055 X5.0059 Z-0.1772 I-0.1122 J0.
N45060 X5.2303 Z-0.1575 I0.1122 J0.
N45065 X5.0059 Z-0.1378 I-0.1122 J0.
N45070 X5.2303 Z-0.1181 I0.1122 J0.
N45075 X5.0059 Z-0.0984 I-0.1122 J0.
N45080 X5.2303 Z-0.0787 I0.1122 J0.
N45085 X5.0059 Z-0.0591 I-0.1122 J0.
N45090 X5.2303 Z-0.0394 I0.1122 J0.
N45095 X5.2089 Y0.4597 Z-0.0354 I-0.1122 J0.
N45100 X5.0645 Y0.4825 Z-0.0264 I-0.0836 J-0.0607
N45105 G1 G40 X5.1181 Y0.3937
N45110 Z0.1969
N45115 Z-0.5207
N45120 Z-0.5994
N45125 G41 X5.1299 Y0.2874 D14
N45130 G3 X5.2362 Y0.3937 Z-0.5906 I0. J0.1063
N45135 X5. Z-0.5709 I-0.1181 J0.
N45140 X5.2362 Z-0.5512 I0.1181 J0.
N45145 X5. Z-0.5315 I-0.1181 J0.
N45150 X5.2362 Z-0.5118 I0.1181 J0.
N45155 X5. Z-0.4921 I-0.1181 J0.
N45160 X5.2362 Z-0.4724 I0.1181 J0.
N45165 X5. Z-0.4528 I-0.1181 J0.
N45170 X5.2362 Z-0.4331 I0.1181 J0.
N45175 X5. Z-0.4134 I-0.1181 J0.
N45180 X5.2362 Z-0.3937 I0.1181 J0.
N45185 X5. Z-0.374 I-0.1181 J0.
N45190 X5.2362 Z-0.3543 I0.1181 J0.
N45195 X5. Z-0.3346 I-0.1181 J0.
N45200 X5.2362 Z-0.315 I0.1181 J0.
N45205 X5. Z-0.2953 I-0.1181 J0.
N45210 X5.2362 Z-0.2756 I0.1181 J0.
N45215 X5. Z-0.2559 I-0.1181 J0.
N45220 X5.2362 Z-0.2362 I0.1181 J0.
N45225 X5. Z-0.2165 I-0.1181 J0.
N45230 X5.2362 Z-0.1969 I0.1181 J0.
N45235 X5. Z-0.1772 I-0.1181 J0.
N45240 X5.2362 Z-0.1575 I0.1181 J0.
N45245 X5. Z-0.1378 I-0.1181 J0.
N45250 X5.2362 Z-0.1181 I0.1181 J0.
N45255 X5. Z-0.0984 I-0.1181 J0.
N45260 X5.2362 Z-0.0787 I0.1181 J0.
N45265 X5. Z-0.0591 I-0.1181 J0.
N45270 X5.2362 Z-0.0394 I0.1181 J0.
N45275 X5.2137 Y0.4631 Z-0.0354 I-0.1181 J0.
N45280 X5.0652 Y0.4866 Z-0.0266 I-0.086 J-0.0625
N45285 G1 G40 X5.1181 Y0.3937
N45290 Z0.1969
N45295 X4.3307
N45300 Z-0.5211
N45305 Z-0.5998
N45310 G41 X4.3366 Y0.2933 D14
N45315 G3 X4.437 Y0.3937 Z-0.5906 I0. J0.1004
N45320 X4.2244 Z-0.5709 I-0.1063 J0.
N45325 X4.437 Z-0.5512 I0.1063 J0.
N45330 X4.2244 Z-0.5315 I-0.1063 J0.
N45335 X4.437 Z-0.5118 I0.1063 J0.
N45340 X4.2244 Z-0.4921 I-0.1063 J0.
N45345 X4.437 Z-0.4724 I0.1063 J0.
N45350 X4.2244 Z-0.4528 I-0.1063 J0.
N45355 X4.437 Z-0.4331 I0.1063 J0.
N45360 X4.2244 Z-0.4134 I-0.1063 J0.
N45365 X4.437 Z-0.3937 I0.1063 J0.
N45370 X4.2244 Z-0.374 I-0.1063 J0.
N45375 X4.437 Z-0.3543 I0.1063 J0.
N45380 X4.2244 Z-0.3346 I-0.1063 J0.
N45385 X4.437 Z-0.315 I0.1063 J0.
N45390 X4.2244 Z-0.2953 I-0.1063 J0.
N45395 X4.437 Z-0.2756 I0.1063 J0.
N45400 X4.2244 Z-0.2559 I-0.1063 J0.
N45405 X4.437 Z-0.2362 I0.1063 J0.
N45410 X4.2244 Z-0.2165 I-0.1063 J0.
N45415 X4.437 Z-0.1969 I0.1063 J0.
N45420 X4.2244 Z-0.1772 I-0.1063 J0.
N45425 X4.437 Z-0.1575 I0.1063 J0.
N45430 X4.2244 Z-0.1378 I-0.1063 J0.
N45435 X4.437 Z-0.1181 I0.1063 J0.
N45440 X4.2244 Z-0.0984 I-0.1063 J0.
N45445 X4.437 Z-0.0787 I0.1063 J0.
N45450 X4.2244 Z-0.0591 I-0.1063 J0.
N45455 X4.437 Z-0.0394 I0.1063 J0.
N45460 X4.4167 Y0.4562 Z-0.0354 I-0.1063 J0.
N45465 X4.2765 Y0.4784 Z-0.0261 I-0.0812 J-0.059
N45470 G1 G40 X4.3307 Y0.3937
N45475 Z0.1969
N45480 Z-0.5209
N45485 Z-0.5996
N45490 G41 X4.3396 Y0.2904 D14
N45495 G3 X4.4429 Y0.3937 Z-0.5906 I0. J0.1033
N45500 X4.2185 Z-0.5709 I-0.1122 J0.
N45505 X4.4429 Z-0.5512 I0.1122 J0.
N45510 X4.2185 Z-0.5315 I-0.1122 J0.
N45515 X4.4429 Z-0.5118 I0.1122 J0.
N45520 X4.2185 Z-0.4921 I-0.1122 J0.
N45525 X4.4429 Z-0.4724 I0.1122 J0.
N45530 X4.2185 Z-0.4528 I-0.1122 J0.
N45535 X4.4429 Z-0.4331 I0.1122 J0.
N45540 X4.2185 Z-0.4134 I-0.1122 J0.
N45545 X4.4429 Z-0.3937 I0.1122 J0.
N45550 X4.2185 Z-0.374 I-0.1122 J0.
N45555 X4.4429 Z-0.3543 I0.1122 J0.
N45560 X4.2185 Z-0.3346 I-0.1122 J0.
N45565 X4.4429 Z-0.315 I0.1122 J0.
N45570 X4.2185 Z-0.2953 I-0.1122 J0.
N45575 X4.4429 Z-0.2756 I0.1122 J0.
N45580 X4.2185 Z-0.2559 I-0.1122 J0.
N45585 X4.4429 Z-0.2362 I0.1122 J0.
N45590 X4.2185 Z-0.2165 I-0.1122 J0.
N45595 X4.4429 Z-0.1969 I0.1122 J0.
N45600 X4.2185 Z-0.1772 I-0.1122 J0.
N45605 X4.4429 Z-0.1575 I0.1122 J0.
N45610 X4.2185 Z-0.1378 I-0.1122 J0.
N45615 X4.4429 Z-0.1181 I0.1122 J0.
N45620 X4.2185 Z-0.0984 I-0.1122 J0.
N45625 X4.4429 Z-0.0787 I0.1122 J0.
N45630 X4.2185 Z-0.0591 I-0.1122 J0.
N45635 X4.4429 Z-0.0394 I0.1122 J0.
N45640 X4.4215 Y0.4597 Z-0.0354 I-0.1122 J0.
N45645 X4.2771 Y0.4825 Z-0.0264 I-0.0836 J-0.0607
N45650 G1 G40 X4.3307 Y0.3937
N45655 Z0.1969
N45660 Z-0.5207
N45665 Z-0.5994
N45670 G41 X4.3425 Y0.2874 D14
N45675 G3 X4.4488 Y0.3937 Z-0.5906 I0. J0.1063
N45680 X4.2126 Z-0.5709 I-0.1181 J0.
N45685 X4.4488 Z-0.5512 I0.1181 J0.
N45690 X4.2126 Z-0.5315 I-0.1181 J0.
N45695 X4.4488 Z-0.5118 I0.1181 J0.
N45700 X4.2126 Z-0.4921 I-0.1181 J0.
N45705 X4.4488 Z-0.4724 I0.1181 J0.
N45710 X4.2126 Z-0.4528 I-0.1181 J0.
N45715 X4.4488 Z-0.4331 I0.1181 J0.
N45720 X4.2126 Z-0.4134 I-0.1181 J0.
N45725 X4.4488 Z-0.3937 I0.1181 J0.
N45730 X4.2126 Z-0.374 I-0.1181 J0.
N45735 X4.4488 Z-0.3543 I0.1181 J0.
N45740 X4.2126 Z-0.3346 I-0.1181 J0.
N45745 X4.4488 Z-0.315 I0.1181 J0.
N45750 X4.2126 Z-0.2953 I-0.1181 J0.
N45755 X4.4488 Z-0.2756 I0.1181 J0.
N45760 X4.2126 Z-0.2559 I-0.1181 J0.
N45765 X4.4488 Z-0.2362 I0.1181 J0.
N45770 X4.2126 Z-0.2165 I-0.1181 J0.
N45775 X4.4488 Z-0.1969 I0.1181 J0.
N45780 X4.2126 Z-0.1772 I-0.1181 J0.
N45785 X4.4488 Z-0.1575 I0.1181 J0.
N45790 X4.2126 Z-0.1378 I-0.1181 J0.
N45795 X4.4488 Z-0.1181 I0.1181 J0.
N45800 X4.2126 Z-0.0984 I-0.1181 J0.
N45805 X4.4488 Z-0.0787 I0.1181 J0.
N45810 X4.2126 Z-0.0591 I-0.1181 J0.
N45815 X4.4488 Z-0.0394 I0.1181 J0.
N45820 X4.4263 Y0.4631 Z-0.0354 I-0.1181 J0.
N45825 X4.2778 Y0.4866 Z-0.0266 I-0.086 J-0.0625
N45830 G1 G40 X4.3307 Y0.3937
N45835 Z0.1969
N45840 X3.5433
N45845 Z-0.5211
N45850 Z-0.5998
N45855 G41 X3.5492 Y0.2933 D14
N45860 G3 X3.6496 Y0.3937 Z-0.5906 I0. J0.1004
N45865 X3.437 Z-0.5709 I-0.1063 J0.
N45870 X3.6496 Z-0.5512 I0.1063 J0.
N45875 X3.437 Z-0.5315 I-0.1063 J0.
N45880 X3.6496 Z-0.5118 I0.1063 J0.
N45885 X3.437 Z-0.4921 I-0.1063 J0.
N45890 X3.6496 Z-0.4724 I0.1063 J0.
N45895 X3.437 Z-0.4528 I-0.1063 J0.
N45900 X3.6496 Z-0.4331 I0.1063 J0.
N45905 X3.437 Z-0.4134 I-0.1063 J0.
N45910 X3.6496 Z-0.3937 I0.1063 J0.
N45915 X3.437 Z-0.374 I-0.1063 J0.
N45920 X3.6496 Z-0.3543 I0.1063 J0.
N45925 X3.437 Z-0.3346 I-0.1063 J0.
N45930 X3.6496 Z-0.315 I0.1063 J0.
N45935 X3.437 Z-0.2953 I-0.1063 J0.
N45940 X3.6496 Z-0.2756 I0.1063 J0.
N45945 X3.437 Z-0.2559 I-0.1063 J0.
N45950 X3.6496 Z-0.2362 I0.1063 J0.
N45955 X3.437 Z-0.2165 I-0.1063 J0.
N45960 X3.6496 Z-0.1969 I0.1063 J0.
N45965 X3.437 Z-0.1772 I-0.1063 J0.
N45970 X3.6496 Z-0.1575 I0.1063 J0.
N45975 X3.437 Z-0.1378 I-0.1063 J0.
N45980 X3.6496 Z-0.1181 I0.1063 J0.
N45985 X3.437 Z-0.0984 I-0.1063 J0.
N45990 X3.6496 Z-0.0787 I0.1063 J0.
N45995 X3.437 Z-0.0591 I-0.1063 J0.
N46000 X3.6496 Z-0.0394 I0.1063 J0.
N46005 X3.6293 Y0.4562 Z-0.0354 I-0.1063 J0.
N46010 X3.4891 Y0.4784 Z-0.0261 I-0.0812 J-0.059
N46015 G1 G40 X3.5433 Y0.3937
N46020 Z0.1969
N46025 Z-0.5209
N46030 Z-0.5996
N46035 G41 X3.5522 Y0.2904 D14
N46040 G3 X3.6555 Y0.3937 Z-0.5906 I0. J0.1033
N46045 X3.4311 Z-0.5709 I-0.1122 J0.
N46050 X3.6555 Z-0.5512 I0.1122 J0.
N46055 X3.4311 Z-0.5315 I-0.1122 J0.
N46060 X3.6555 Z-0.5118 I0.1122 J0.
N46065 X3.4311 Z-0.4921 I-0.1122 J0.
N46070 X3.6555 Z-0.4724 I0.1122 J0.
N46075 X3.4311 Z-0.4528 I-0.1122 J0.
N46080 X3.6555 Z-0.4331 I0.1122 J0.
N46085 X3.4311 Z-0.4134 I-0.1122 J0.
N46090 X3.6555 Z-0.3937 I0.1122 J0.
N46095 X3.4311 Z-0.374 I-0.1122 J0.
N46100 X3.6555 Z-0.3543 I0.1122 J0.
N46105 X3.4311 Z-0.3346 I-0.1122 J0.
N46110 X3.6555 Z-0.315 I0.1122 J0.
N46115 X3.4311 Z-0.2953 I-0.1122 J0.
N46120 X3.6555 Z-0.2756 I0.1122 J0.
N46125 X3.4311 Z-0.2559 I-0.1122 J0.
N46130 X3.6555 Z-0.2362 I0.1122 J0.
N46135 X3.4311 Z-0.2165 I-0.1122 J0.
N46140 X3.6555 Z-0.1969 I0.1122 J0.
N46145 X3.4311 Z-0.1772 I-0.1122 J0.
N46150 X3.6555 Z-0.1575 I0.1122 J0.
N46155 X3.4311 Z-0.1378 I-0.1122 J0.
N46160 X3.6555 Z-0.1181 I0.1122 J0.
N46165 X3.4311 Z-0.0984 I-0.1122 J0.
N46170 X3.6555 Z-0.0787 I0.1122 J0.
N46175 X3.4311 Z-0.0591 I-0.1122 J0.
N46180 X3.6555 Z-0.0394 I0.1122 J0.
N46185 X3.6341 Y0.4597 Z-0.0354 I-0.1122 J0.
N46190 X3.4897 Y0.4825 Z-0.0264 I-0.0836 J-0.0607
N46195 G1 G40 X3.5433 Y0.3937
N46200 Z0.1969
N46205 Z-0.5207
N46210 Z-0.5994
N46215 G41 X3.5551 Y0.2874 D14
N46220 G3 X3.6614 Y0.3937 Z-0.5906 I0. J0.1063
N46225 X3.4252 Z-0.5709 I-0.1181 J0.
N46230 X3.6614 Z-0.5512 I0.1181 J0.
N46235 X3.4252 Z-0.5315 I-0.1181 J0.
N46240 X3.6614 Z-0.5118 I0.1181 J0.
N46245 X3.4252 Z-0.4921 I-0.1181 J0.
N46250 X3.6614 Z-0.4724 I0.1181 J0.
N46255 X3.4252 Z-0.4528 I-0.1181 J0.
N46260 X3.6614 Z-0.4331 I0.1181 J0.
N46265 X3.4252 Z-0.4134 I-0.1181 J0.
N46270 X3.6614 Z-0.3937 I0.1181 J0.
N46275 X3.4252 Z-0.374 I-0.1181 J0.
N46280 X3.6614 Z-0.3543 I0.1181 J0.
N46285 X3.4252 Z-0.3346 I-0.1181 J0.
N46290 X3.6614 Z-0.315 I0.1181 J0.
N46295 X3.4252 Z-0.2953 I-0.1181 J0.
N46300 X3.6614 Z-0.2756 I0.1181 J0.
N46305 X3.4252 Z-0.2559 I-0.1181 J0.
N46310 X3.6614 Z-0.2362 I0.1181 J0.
N46315 X3.4252 Z-0.2165 I-0.1181 J0.
N46320 X3.6614 Z-0.1969 I0.1181 J0.
N46325 X3.4252 Z-0.1772 I-0.1181 J0.
N46330 X3.6614 Z-0.1575 I0.1181 J0.
N46335 X3.4252 Z-0.1378 I-0.1181 J0.
N46340 X3.6614 Z-0.1181 I0.1181 J0.
N46345 X3.4252 Z-0.0984 I-0.1181 J0.
N46350 X3.6614 Z-0.0787 I0.1181 J0.
N46355 X3.4252 Z-0.0591 I-0.1181 J0.
N46360 X3.6614 Z-0.0394 I0.1181 J0.
N46365 X3.6389 Y0.4631 Z-0.0354 I-0.1181 J0.
N46370 X3.4904 Y0.4866 Z-0.0266 I-0.086 J-0.0625
N46375 G1 G40 X3.5433 Y0.3937
N46380 Z0.1969
N46385 X2.7559
N46390 Z-0.5211
N46395 Z-0.5998
N46400 G41 X2.7618 Y0.2933 D14
N46405 G3 X2.8622 Y0.3937 Z-0.5906 I0. J0.1004
N46410 X2.6496 Z-0.5709 I-0.1063 J0.
N46415 X2.8622 Z-0.5512 I0.1063 J0.
N46420 X2.6496 Z-0.5315 I-0.1063 J0.
N46425 X2.8622 Z-0.5118 I0.1063 J0.
N46430 X2.6496 Z-0.4921 I-0.1063 J0.
N46435 X2.8622 Z-0.4724 I0.1063 J0.
N46440 X2.6496 Z-0.4528 I-0.1063 J0.
N46445 X2.8622 Z-0.4331 I0.1063 J0.
N46450 X2.6496 Z-0.4134 I-0.1063 J0.
N46455 X2.8622 Z-0.3937 I0.1063 J0.
N46460 X2.6496 Z-0.374 I-0.1063 J0.
N46465 X2.8622 Z-0.3543 I0.1063 J0.
N46470 X2.6496 Z-0.3346 I-0.1063 J0.
N46475 X2.8622 Z-0.315 I0.1063 J0.
N46480 X2.6496 Z-0.2953 I-0.1063 J0.
N46485 X2.8622 Z-0.2756 I0.1063 J0.
N46490 X2.6496 Z-0.2559 I-0.1063 J0.
N46495 X2.8622 Z-0.2362 I0.1063 J0.
N46500 X2.6496 Z-0.2165 I-0.1063 J0.
N46505 X2.8622 Z-0.1969 I0.1063 J0.
N46510 X2.6496 Z-0.1772 I-0.1063 J0.
N46515 X2.8622 Z-0.1575 I0.1063 J0.
N46520 X2.6496 Z-0.1378 I-0.1063 J0.
N46525 X2.8622 Z-0.1181 I0.1063 J0.
N46530 X2.6496 Z-0.0984 I-0.1063 J0.
N46535 X2.8622 Z-0.0787 I0.1063 J0.
N46540 X2.6496 Z-0.0591 I-0.1063 J0.
N46545 X2.8622 Z-0.0394 I0.1063 J0.
N46550 X2.8419 Y0.4562 Z-0.0354 I-0.1063 J0.
N46555 X2.7017 Y0.4784 Z-0.0261 I-0.0812 J-0.059
N46560 G1 G40 X2.7559 Y0.3937
N46565 Z0.1969
N46570 Z-0.5209
N46575 Z-0.5996
N46580 G41 X2.7648 Y0.2904 D14
N46585 G3 X2.8681 Y0.3937 Z-0.5906 I0. J0.1033
N46590 X2.6437 Z-0.5709 I-0.1122 J0.
N46595 X2.8681 Z-0.5512 I0.1122 J0.
N46600 X2.6437 Z-0.5315 I-0.1122 J0.
N46605 X2.8681 Z-0.5118 I0.1122 J0.
N46610 X2.6437 Z-0.4921 I-0.1122 J0.
N46615 X2.8681 Z-0.4724 I0.1122 J0.
N46620 X2.6437 Z-0.4528 I-0.1122 J0.
N46625 X2.8681 Z-0.4331 I0.1122 J0.
N46630 X2.6437 Z-0.4134 I-0.1122 J0.
N46635 X2.8681 Z-0.3937 I0.1122 J0.
N46640 X2.6437 Z-0.374 I-0.1122 J0.
N46645 X2.8681 Z-0.3543 I0.1122 J0.
N46650 X2.6437 Z-0.3346 I-0.1122 J0.
N46655 X2.8681 Z-0.315 I0.1122 J0.
N46660 X2.6437 Z-0.2953 I-0.1122 J0.
N46665 X2.8681 Z-0.2756 I0.1122 J0.
N46670 X2.6437 Z-0.2559 I-0.1122 J0.
N46675 X2.8681 Z-0.2362 I0.1122 J0.
N46680 X2.6437 Z-0.2165 I-0.1122 J0.
N46685 X2.8681 Z-0.1969 I0.1122 J0.
N46690 X2.6437 Z-0.1772 I-0.1122 J0.
N46695 X2.8681 Z-0.1575 I0.1122 J0.
N46700 X2.6437 Z-0.1378 I-0.1122 J0.
N46705 X2.8681 Z-0.1181 I0.1122 J0.
N46710 X2.6437 Z-0.0984 I-0.1122 J0.
N46715 X2.8681 Z-0.0787 I0.1122 J0.
N46720 X2.6437 Z-0.0591 I-0.1122 J0.
N46725 X2.8681 Z-0.0394 I0.1122 J0.
N46730 X2.8467 Y0.4597 Z-0.0354 I-0.1122 J0.
N46735 X2.7023 Y0.4825 Z-0.0264 I-0.0836 J-0.0607
N46740 G1 G40 X2.7559 Y0.3937
N46745 Z0.1969
N46750 Z-0.5207
N46755 Z-0.5994
N46760 G41 X2.7677 Y0.2874 D14
N46765 G3 X2.874 Y0.3937 Z-0.5906 I0. J0.1063
N46770 X2.6378 Z-0.5709 I-0.1181 J0.
N46775 X2.874 Z-0.5512 I0.1181 J0.
N46780 X2.6378 Z-0.5315 I-0.1181 J0.
N46785 X2.874 Z-0.5118 I0.1181 J0.
N46790 X2.6378 Z-0.4921 I-0.1181 J0.
N46795 X2.874 Z-0.4724 I0.1181 J0.
N46800 X2.6378 Z-0.4528 I-0.1181 J0.
N46805 X2.874 Z-0.4331 I0.1181 J0.
N46810 X2.6378 Z-0.4134 I-0.1181 J0.
N46815 X2.874 Z-0.3937 I0.1181 J0.
N46820 X2.6378 Z-0.374 I-0.1181 J0.
N46825 X2.874 Z-0.3543 I0.1181 J0.
N46830 X2.6378 Z-0.3346 I-0.1181 J0.
N46835 X2.874 Z-0.315 I0.1181 J0.
N46840 X2.6378 Z-0.2953 I-0.1181 J0.
N46845 X2.874 Z-0.2756 I0.1181 J0.
N46850 X2.6378 Z-0.2559 I-0.1181 J0.
N46855 X2.874 Z-0.2362 I0.1181 J0.
N46860 X2.6378 Z-0.2165 I-0.1181 J0.
N46865 X2.874 Z-0.1969 I0.1181 J0.
N46870 X2.6378 Z-0.1772 I-0.1181 J0.
N46875 X2.874 Z-0.1575 I0.1181 J0.
N46880 X2.6378 Z-0.1378 I-0.1181 J0.
N46885 X2.874 Z-0.1181 I0.1181 J0.
N46890 X2.6378 Z-0.0984 I-0.1181 J0.
N46895 X2.874 Z-0.0787 I0.1181 J0.
N46900 X2.6378 Z-0.0591 I-0.1181 J0.
N46905 X2.874 Z-0.0394 I0.1181 J0.
N46910 X2.8515 Y0.4631 Z-0.0354 I-0.1181 J0.
N46915 X2.703 Y0.4866 Z-0.0266 I-0.086 J-0.0625
N46920 G1 G40 X2.7559 Y0.3937
N46925 Z0.1969
N46930 X1.9685
N46935 Z-0.5211
N46940 Z-0.5998
N46945 G41 X1.9744 Y0.2933 D14
N46950 G3 X2.0748 Y0.3937 Z-0.5906 I0. J0.1004
N46955 X1.8622 Z-0.5709 I-0.1063 J0.
N46960 X2.0748 Z-0.5512 I0.1063 J0.
N46965 X1.8622 Z-0.5315 I-0.1063 J0.
N46970 X2.0748 Z-0.5118 I0.1063 J0.
N46975 X1.8622 Z-0.4921 I-0.1063 J0.
N46980 X2.0748 Z-0.4724 I0.1063 J0.
N46985 X1.8622 Z-0.4528 I-0.1063 J0.
N46990 X2.0748 Z-0.4331 I0.1063 J0.
N46995 X1.8622 Z-0.4134 I-0.1063 J0.
N47000 X2.0748 Z-0.3937 I0.1063 J0.
N47005 X1.8622 Z-0.374 I-0.1063 J0.
N47010 X2.0748 Z-0.3543 I0.1063 J0.
N47015 X1.8622 Z-0.3346 I-0.1063 J0.
N47020 X2.0748 Z-0.315 I0.1063 J0.
N47025 X1.8622 Z-0.2953 I-0.1063 J0.
N47030 X2.0748 Z-0.2756 I0.1063 J0.
N47035 X1.8622 Z-0.2559 I-0.1063 J0.
N47040 X2.0748 Z-0.2362 I0.1063 J0.
N47045 X1.8622 Z-0.2165 I-0.1063 J0.
N47050 X2.0748 Z-0.1969 I0.1063 J0.
N47055 X1.8622 Z-0.1772 I-0.1063 J0.
N47060 X2.0748 Z-0.1575 I0.1063 J0.
N47065 X1.8622 Z-0.1378 I-0.1063 J0.
N47070 X2.0748 Z-0.1181 I0.1063 J0.
N47075 X1.8622 Z-0.0984 I-0.1063 J0.
N47080 X2.0748 Z-0.0787 I0.1063 J0.
N47085 X1.8622 Z-0.0591 I-0.1063 J0.
N47090 X2.0748 Z-0.0394 I0.1063 J0.
N47095 X2.0545 Y0.4562 Z-0.0354 I-0.1063 J0.
N47100 X1.9143 Y0.4784 Z-0.0261 I-0.0812 J-0.059
N47105 G1 G40 X1.9685 Y0.3937
N47110 Z0.1969
N47115 Z-0.5209
N47120 Z-0.5996
N47125 G41 X1.9774 Y0.2904 D14
N47130 G3 X2.0807 Y0.3937 Z-0.5906 I0. J0.1033
N47135 X1.8563 Z-0.5709 I-0.1122 J0.
N47140 X2.0807 Z-0.5512 I0.1122 J0.
N47145 X1.8563 Z-0.5315 I-0.1122 J0.
N47150 X2.0807 Z-0.5118 I0.1122 J0.
N47155 X1.8563 Z-0.4921 I-0.1122 J0.
N47160 X2.0807 Z-0.4724 I0.1122 J0.
N47165 X1.8563 Z-0.4528 I-0.1122 J0.
N47170 X2.0807 Z-0.4331 I0.1122 J0.
N47175 X1.8563 Z-0.4134 I-0.1122 J0.
N47180 X2.0807 Z-0.3937 I0.1122 J0.
N47185 X1.8563 Z-0.374 I-0.1122 J0.
N47190 X2.0807 Z-0.3543 I0.1122 J0.
N47195 X1.8563 Z-0.3346 I-0.1122 J0.
N47200 X2.0807 Z-0.315 I0.1122 J0.
N47205 X1.8563 Z-0.2953 I-0.1122 J0.
N47210 X2.0807 Z-0.2756 I0.1122 J0.
N47215 X1.8563 Z-0.2559 I-0.1122 J0.
N47220 X2.0807 Z-0.2362 I0.1122 J0.
N47225 X1.8563 Z-0.2165 I-0.1122 J0.
N47230 X2.0807 Z-0.1969 I0.1122 J0.
N47235 X1.8563 Z-0.1772 I-0.1122 J0.
N47240 X2.0807 Z-0.1575 I0.1122 J0.
N47245 X1.8563 Z-0.1378 I-0.1122 J0.
N47250 X2.0807 Z-0.1181 I0.1122 J0.
N47255 X1.8563 Z-0.0984 I-0.1122 J0.
N47260 X2.0807 Z-0.0787 I0.1122 J0.
N47265 X1.8563 Z-0.0591 I-0.1122 J0.
N47270 X2.0807 Z-0.0394 I0.1122 J0.
N47275 X2.0593 Y0.4597 Z-0.0354 I-0.1122 J0.
N47280 X1.9149 Y0.4825 Z-0.0264 I-0.0836 J-0.0607
N47285 G1 G40 X1.9685 Y0.3937
N47290 Z0.1969
N47295 Z-0.5207
N47300 Z-0.5994
N47305 G41 X1.9803 Y0.2874 D14
N47310 G3 X2.0866 Y0.3937 Z-0.5906 I0. J0.1063
N47315 X1.8504 Z-0.5709 I-0.1181 J0.
N47320 X2.0866 Z-0.5512 I0.1181 J0.
N47325 X1.8504 Z-0.5315 I-0.1181 J0.
N47330 X2.0866 Z-0.5118 I0.1181 J0.
N47335 X1.8504 Z-0.4921 I-0.1181 J0.
N47340 X2.0866 Z-0.4724 I0.1181 J0.
N47345 X1.8504 Z-0.4528 I-0.1181 J0.
N47350 X2.0866 Z-0.4331 I0.1181 J0.
N47355 X1.8504 Z-0.4134 I-0.1181 J0.
N47360 X2.0866 Z-0.3937 I0.1181 J0.
N47365 X1.8504 Z-0.374 I-0.1181 J0.
N47370 X2.0866 Z-0.3543 I0.1181 J0.
N47375 X1.8504 Z-0.3346 I-0.1181 J0.
N47380 X2.0866 Z-0.315 I0.1181 J0.
N47385 X1.8504 Z-0.2953 I-0.1181 J0.
N47390 X2.0866 Z-0.2756 I0.1181 J0.
N47395 X1.8504 Z-0.2559 I-0.1181 J0.
N47400 X2.0866 Z-0.2362 I0.1181 J0.
N47405 X1.8504 Z-0.2165 I-0.1181 J0.
N47410 X2.0866 Z-0.1969 I0.1181 J0.
N47415 X1.8504 Z-0.1772 I-0.1181 J0.
N47420 X2.0866 Z-0.1575 I0.1181 J0.
N47425 X1.8504 Z-0.1378 I-0.1181 J0.
N47430 X2.0866 Z-0.1181 I0.1181 J0.
N47435 X1.8504 Z-0.0984 I-0.1181 J0.
N47440 X2.0866 Z-0.0787 I0.1181 J0.
N47445 X1.8504 Z-0.0591 I-0.1181 J0.
N47450 X2.0866 Z-0.0394 I0.1181 J0.
N47455 X2.0641 Y0.4631 Z-0.0354 I-0.1181 J0.
N47460 X1.9156 Y0.4866 Z-0.0266 I-0.086 J-0.0625
N47465 G1 G40 X1.9685 Y0.3937
N47470 Z0.1969
N47475 X1.1811
N47480 Z-0.5211
N47485 Z-0.5998
N47490 G41 X1.187 Y0.2933 D14
N47495 G3 X1.2874 Y0.3937 Z-0.5906 I0. J0.1004
N47500 X1.0748 Z-0.5709 I-0.1063 J0.
N47505 X1.2874 Z-0.5512 I0.1063 J0.
N47510 X1.0748 Z-0.5315 I-0.1063 J0.
N47515 X1.2874 Z-0.5118 I0.1063 J0.
N47520 X1.0748 Z-0.4921 I-0.1063 J0.
N47525 X1.2874 Z-0.4724 I0.1063 J0.
N47530 X1.0748 Z-0.4528 I-0.1063 J0.
N47535 X1.2874 Z-0.4331 I0.1063 J0.
N47540 X1.0748 Z-0.4134 I-0.1063 J0.
N47545 X1.2874 Z-0.3937 I0.1063 J0.
N47550 X1.0748 Z-0.374 I-0.1063 J0.
N47555 X1.2874 Z-0.3543 I0.1063 J0.
N47560 X1.0748 Z-0.3346 I-0.1063 J0.
N47565 X1.2874 Z-0.315 I0.1063 J0.
N47570 X1.0748 Z-0.2953 I-0.1063 J0.
N47575 X1.2874 Z-0.2756 I0.1063 J0.
N47580 X1.0748 Z-0.2559 I-0.1063 J0.
N47585 X1.2874 Z-0.2362 I0.1063 J0.
N47590 X1.0748 Z-0.2165 I-0.1063 J0.
N47595 X1.2874 Z-0.1969 I0.1063 J0.
N47600 X1.0748 Z-0.1772 I-0.1063 J0.
N47605 X1.2874 Z-0.1575 I0.1063 J0.
N47610 X1.0748 Z-0.1378 I-0.1063 J0.
N47615 X1.2874 Z-0.1181 I0.1063 J0.
N47620 X1.0748 Z-0.0984 I-0.1063 J0.
N47625 X1.2874 Z-0.0787 I0.1063 J0.
N47630 X1.0748 Z-0.0591 I-0.1063 J0.
N47635 X1.2874 Z-0.0394 I0.1063 J0.
N47640 X1.2671 Y0.4562 Z-0.0354 I-0.1063 J0.
N47645 X1.1269 Y0.4784 Z-0.0261 I-0.0812 J-0.059
N47650 G1 G40 X1.1811 Y0.3937
N47655 Z0.1969
N47660 Z-0.5209
N47665 Z-0.5996
N47670 G41 X1.19 Y0.2904 D14
N47675 G3 X1.2933 Y0.3937 Z-0.5906 I0. J0.1033
N47680 X1.0689 Z-0.5709 I-0.1122 J0.
N47685 X1.2933 Z-0.5512 I0.1122 J0.
N47690 X1.0689 Z-0.5315 I-0.1122 J0.
N47695 X1.2933 Z-0.5118 I0.1122 J0.
N47700 X1.0689 Z-0.4921 I-0.1122 J0.
N47705 X1.2933 Z-0.4724 I0.1122 J0.
N47710 X1.0689 Z-0.4528 I-0.1122 J0.
N47715 X1.2933 Z-0.4331 I0.1122 J0.
N47720 X1.0689 Z-0.4134 I-0.1122 J0.
N47725 X1.2933 Z-0.3937 I0.1122 J0.
N47730 X1.0689 Z-0.374 I-0.1122 J0.
N47735 X1.2933 Z-0.3543 I0.1122 J0.
N47740 X1.0689 Z-0.3346 I-0.1122 J0.
N47745 X1.2933 Z-0.315 I0.1122 J0.
N47750 X1.0689 Z-0.2953 I-0.1122 J0.
N47755 X1.2933 Z-0.2756 I0.1122 J0.
N47760 X1.0689 Z-0.2559 I-0.1122 J0.
N47765 X1.2933 Z-0.2362 I0.1122 J0.
N47770 X1.0689 Z-0.2165 I-0.1122 J0.
N47775 X1.2933 Z-0.1969 I0.1122 J0.
N47780 X1.0689 Z-0.1772 I-0.1122 J0.
N47785 X1.2933 Z-0.1575 I0.1122 J0.
N47790 X1.0689 Z-0.1378 I-0.1122 J0.
N47795 X1.2933 Z-0.1181 I0.1122 J0.
N47800 X1.0689 Z-0.0984 I-0.1122 J0.
N47805 X1.2933 Z-0.0787 I0.1122 J0.
N47810 X1.0689 Z-0.0591 I-0.1122 J0.
N47815 X1.2933 Z-0.0394 I0.1122 J0.
N47820 X1.2719 Y0.4597 Z-0.0354 I-0.1122 J0.
N47825 X1.1275 Y0.4825 Z-0.0264 I-0.0836 J-0.0607
N47830 G1 G40 X1.1811 Y0.3937
N47835 Z0.1969
N47840 Z-0.5207
N47845 Z-0.5994
N47850 G41 X1.1929 Y0.2874 D14
N47855 G3 X1.2992 Y0.3937 Z-0.5906 I0. J0.1063
N47860 X1.063 Z-0.5709 I-0.1181 J0.
N47865 X1.2992 Z-0.5512 I0.1181 J0.
N47870 X1.063 Z-0.5315 I-0.1181 J0.
N47875 X1.2992 Z-0.5118 I0.1181 J0.
N47880 X1.063 Z-0.4921 I-0.1181 J0.
N47885 X1.2992 Z-0.4724 I0.1181 J0.
N47890 X1.063 Z-0.4528 I-0.1181 J0.
N47895 X1.2992 Z-0.4331 I0.1181 J0.
N47900 X1.063 Z-0.4134 I-0.1181 J0.
N47905 X1.2992 Z-0.3937 I0.1181 J0.
N47910 X1.063 Z-0.374 I-0.1181 J0.
N47915 X1.2992 Z-0.3543 I0.1181 J0.
N47920 X1.063 Z-0.3346 I-0.1181 J0.
N47925 X1.2992 Z-0.315 I0.1181 J0.
N47930 X1.063 Z-0.2953 I-0.1181 J0.
N47935 X1.2992 Z-0.2756 I0.1181 J0.
N47940 X1.063 Z-0.2559 I-0.1181 J0.
N47945 X1.2992 Z-0.2362 I0.1181 J0.
N47950 X1.063 Z-0.2165 I-0.1181 J0.
N47955 X1.2992 Z-0.1969 I0.1181 J0.
N47960 X1.063 Z-0.1772 I-0.1181 J0.
N47965 X1.2992 Z-0.1575 I0.1181 J0.
N47970 X1.063 Z-0.1378 I-0.1181 J0.
N47975 X1.2992 Z-0.1181 I0.1181 J0.
N47980 X1.063 Z-0.0984 I-0.1181 J0.
N47985 X1.2992 Z-0.0787 I0.1181 J0.
N47990 X1.063 Z-0.0591 I-0.1181 J0.
N47995 X1.2992 Z-0.0394 I0.1181 J0.
N48000 X1.2767 Y0.4631 Z-0.0354 I-0.1181 J0.
N48005 X1.1282 Y0.4866 Z-0.0266 I-0.086 J-0.0625
N48010 G1 G40 X1.1811 Y0.3937
N48015 Z0.1969
N48020 X0.3937
N48025 Z-0.5211
N48030 Z-0.5998
N48035 G41 X0.3996 Y0.2933 D14
N48040 G3 X0.5 Y0.3937 Z-0.5906 I0. J0.1004
N48045 X0.2874 Z-0.5709 I-0.1063 J0.
N48050 X0.5 Z-0.5512 I0.1063 J0.
N48055 X0.2874 Z-0.5315 I-0.1063 J0.
N48060 X0.5 Z-0.5118 I0.1063 J0.
N48065 X0.2874 Z-0.4921 I-0.1063 J0.
N48070 X0.5 Z-0.4724 I0.1063 J0.
N48075 X0.2874 Z-0.4528 I-0.1063 J0.
N48080 X0.5 Z-0.4331 I0.1063 J0.
N48085 X0.2874 Z-0.4134 I-0.1063 J0.
N48090 X0.5 Z-0.3937 I0.1063 J0.
N48095 X0.2874 Z-0.374 I-0.1063 J0.
N48100 X0.5 Z-0.3543 I0.1063 J0.
N48105 X0.2874 Z-0.3346 I-0.1063 J0.
N48110 X0.5 Z-0.315 I0.1063 J0.
N48115 X0.2874 Z-0.2953 I-0.1063 J0.
N48120 X0.5 Z-0.2756 I0.1063 J0.
N48125 X0.2874 Z-0.2559 I-0.1063 J0.
N48130 X0.5 Z-0.2362 I0.1063 J0.
N48135 X0.2874 Z-0.2165 I-0.1063 J0.
N48140 X0.5 Z-0.1969 I0.1063 J0.
N48145 X0.2874 Z-0.1772 I-0.1063 J0.
N48150 X0.5 Z-0.1575 I0.1063 J0.
N48155 X0.2874 Z-0.1378 I-0.1063 J0.
N48160 X0.5 Z-0.1181 I0.1063 J0.
N48165 X0.2874 Z-0.0984 I-0.1063 J0.
N48170 X0.5 Z-0.0787 I0.1063 J0.
N48175 X0.2874 Z-0.0591 I-0.1063 J0.
N48180 X0.5 Z-0.0394 I0.1063 J0.
N48185 X0.4797 Y0.4562 Z-0.0354 I-0.1063 J0.
N48190 X0.3395 Y0.4784 Z-0.0261 I-0.0812 J-0.059
N48195 G1 G40 X0.3937 Y0.3937
N48200 Z0.1969
N48205 Z-0.5209
N48210 Z-0.5996
N48215 G41 X0.4026 Y0.2904 D14
N48220 G3 X0.5059 Y0.3937 Z-0.5906 I0. J0.1033
N48225 X0.2815 Z-0.5709 I-0.1122 J0.
N48230 X0.5059 Z-0.5512 I0.1122 J0.
N48235 X0.2815 Z-0.5315 I-0.1122 J0.
N48240 X0.5059 Z-0.5118 I0.1122 J0.
N48245 X0.2815 Z-0.4921 I-0.1122 J0.
N48250 X0.5059 Z-0.4724 I0.1122 J0.
N48255 X0.2815 Z-0.4528 I-0.1122 J0.
N48260 X0.5059 Z-0.4331 I0.1122 J0.
N48265 X0.2815 Z-0.4134 I-0.1122 J0.
N48270 X0.5059 Z-0.3937 I0.1122 J0.
N48275 X0.2815 Z-0.374 I-0.1122 J0.
N48280 X0.5059 Z-0.3543 I0.1122 J0.
N48285 X0.2815 Z-0.3346 I-0.1122 J0.
N48290 X0.5059 Z-0.315 I0.1122 J0.
N48295 X0.2815 Z-0.2953 I-0.1122 J0.
N48300 X0.5059 Z-0.2756 I0.1122 J0.
N48305 X0.2815 Z-0.2559 I-0.1122 J0.
N48310 X0.5059 Z-0.2362 I0.1122 J0.
N48315 X0.2815 Z-0.2165 I-0.1122 J0.
N48320 X0.5059 Z-0.1969 I0.1122 J0.
N48325 X0.2815 Z-0.1772 I-0.1122 J0.
N48330 X0.5059 Z-0.1575 I0.1122 J0.
N48335 X0.2815 Z-0.1378 I-0.1122 J0.
N48340 X0.5059 Z-0.1181 I0.1122 J0.
N48345 X0.2815 Z-0.0984 I-0.1122 J0.
N48350 X0.5059 Z-0.0787 I0.1122 J0.
N48355 X0.2815 Z-0.0591 I-0.1122 J0.
N48360 X0.5059 Z-0.0394 I0.1122 J0.
N48365 X0.4845 Y0.4597 Z-0.0354 I-0.1122 J0.
N48370 X0.3401 Y0.4825 Z-0.0264 I-0.0836 J-0.0607
N48375 G1 G40 X0.3937 Y0.3937
N48380 Z0.1969
N48385 Z-0.5207
N48390 Z-0.5994
N48395 G41 X0.4055 Y0.2874 D14
N48400 G3 X0.5118 Y0.3937 Z-0.5906 I0. J0.1063
N48405 X0.2756 Z-0.5709 I-0.1181 J0.
N48410 X0.5118 Z-0.5512 I0.1181 J0.
N48415 X0.2756 Z-0.5315 I-0.1181 J0.
N48420 X0.5118 Z-0.5118 I0.1181 J0.
N48425 X0.2756 Z-0.4921 I-0.1181 J0.
N48430 X0.5118 Z-0.4724 I0.1181 J0.
N48435 X0.2756 Z-0.4528 I-0.1181 J0.
N48440 X0.5118 Z-0.4331 I0.1181 J0.
N48445 X0.2756 Z-0.4134 I-0.1181 J0.
N48450 X0.5118 Z-0.3937 I0.1181 J0.
N48455 X0.2756 Z-0.374 I-0.1181 J0.
N48460 X0.5118 Z-0.3543 I0.1181 J0.
N48465 X0.2756 Z-0.3346 I-0.1181 J0.
N48470 X0.5118 Z-0.315 I0.1181 J0.
N48475 X0.2756 Z-0.2953 I-0.1181 J0.
N48480 X0.5118 Z-0.2756 I0.1181 J0.
N48485 X0.2756 Z-0.2559 I-0.1181 J0.
N48490 X0.5118 Z-0.2362 I0.1181 J0.
N48495 X0.2756 Z-0.2165 I-0.1181 J0.
N48500 X0.5118 Z-0.1969 I0.1181 J0.
N48505 X0.2756 Z-0.1772 I-0.1181 J0.
N48510 X0.5118 Z-0.1575 I0.1181 J0.
N48515 X0.2756 Z-0.1378 I-0.1181 J0.
N48520 X0.5118 Z-0.1181 I0.1181 J0.
N48525 X0.2756 Z-0.0984 I-0.1181 J0.
N48530 X0.5118 Z-0.0787 I0.1181 J0.
N48535 X0.2756 Z-0.0591 I-0.1181 J0.
N48540 X0.5118 Z-0.0394 I0.1181 J0.
N48545 X0.4893 Y0.4631 Z-0.0354 I-0.1181 J0.
N48550 X0.3408 Y0.4866 Z-0.0266 I-0.086 J-0.0625
N48555 G1 G40 X0.3937 Y0.3937
N48560 Z0.1969
N48565 X-0.3937
N48570 Z-0.5211
N48575 Z-0.5998
N48580 G41 X-0.3878 Y0.2933 D14
N48585 G3 X-0.2874 Y0.3937 Z-0.5906 I0. J0.1004
N48590 X-0.5 Z-0.5709 I-0.1063 J0.
N48595 X-0.2874 Z-0.5512 I0.1063 J0.
N48600 X-0.5 Z-0.5315 I-0.1063 J0.
N48605 X-0.2874 Z-0.5118 I0.1063 J0.
N48610 X-0.5 Z-0.4921 I-0.1063 J0.
N48615 X-0.2874 Z-0.4724 I0.1063 J0.
N48620 X-0.5 Z-0.4528 I-0.1063 J0.
N48625 X-0.2874 Z-0.4331 I0.1063 J0.
N48630 X-0.5 Z-0.4134 I-0.1063 J0.
N48635 X-0.2874 Z-0.3937 I0.1063 J0.
N48640 X-0.5 Z-0.374 I-0.1063 J0.
N48645 X-0.2874 Z-0.3543 I0.1063 J0.
N48650 X-0.5 Z-0.3346 I-0.1063 J0.
N48655 X-0.2874 Z-0.315 I0.1063 J0.
N48660 X-0.5 Z-0.2953 I-0.1063 J0.
N48665 X-0.2874 Z-0.2756 I0.1063 J0.
N48670 X-0.5 Z-0.2559 I-0.1063 J0.
N48675 X-0.2874 Z-0.2362 I0.1063 J0.
N48680 X-0.5 Z-0.2165 I-0.1063 J0.
N48685 X-0.2874 Z-0.1969 I0.1063 J0.
N48690 X-0.5 Z-0.1772 I-0.1063 J0.
N48695 X-0.2874 Z-0.1575 I0.1063 J0.
N48700 X-0.5 Z-0.1378 I-0.1063 J0.
N48705 X-0.2874 Z-0.1181 I0.1063 J0.
N48710 X-0.5 Z-0.0984 I-0.1063 J0.
N48715 X-0.2874 Z-0.0787 I0.1063 J0.
N48720 X-0.5 Z-0.0591 I-0.1063 J0.
N48725 X-0.2874 Z-0.0394 I0.1063 J0.
N48730 X-0.3077 Y0.4562 Z-0.0354 I-0.1063 J0.
N48735 X-0.4479 Y0.4784 Z-0.0261 I-0.0812 J-0.059
N48740 G1 G40 X-0.3937 Y0.3937
N48745 Z0.1969
N48750 Z-0.5209
N48755 Z-0.5996
N48760 G41 X-0.3848 Y0.2904 D14
N48765 G3 X-0.2815 Y0.3937 Z-0.5906 I0. J0.1033
N48770 X-0.5059 Z-0.5709 I-0.1122 J0.
N48775 X-0.2815 Z-0.5512 I0.1122 J0.
N48780 X-0.5059 Z-0.5315 I-0.1122 J0.
N48785 X-0.2815 Z-0.5118 I0.1122 J0.
N48790 X-0.5059 Z-0.4921 I-0.1122 J0.
N48795 X-0.2815 Z-0.4724 I0.1122 J0.
N48800 X-0.5059 Z-0.4528 I-0.1122 J0.
N48805 X-0.2815 Z-0.4331 I0.1122 J0.
N48810 X-0.5059 Z-0.4134 I-0.1122 J0.
N48815 X-0.2815 Z-0.3937 I0.1122 J0.
N48820 X-0.5059 Z-0.374 I-0.1122 J0.
N48825 X-0.2815 Z-0.3543 I0.1122 J0.
N48830 X-0.5059 Z-0.3346 I-0.1122 J0.
N48835 X-0.2815 Z-0.315 I0.1122 J0.
N48840 X-0.5059 Z-0.2953 I-0.1122 J0.
N48845 X-0.2815 Z-0.2756 I0.1122 J0.
N48850 X-0.5059 Z-0.2559 I-0.1122 J0.
N48855 X-0.2815 Z-0.2362 I0.1122 J0.
N48860 X-0.5059 Z-0.2165 I-0.1122 J0.
N48865 X-0.2815 Z-0.1969 I0.1122 J0.
N48870 X-0.5059 Z-0.1772 I-0.1122 J0.
N48875 X-0.2815 Z-0.1575 I0.1122 J0.
N48880 X-0.5059 Z-0.1378 I-0.1122 J0.
N48885 X-0.2815 Z-0.1181 I0.1122 J0.
N48890 X-0.5059 Z-0.0984 I-0.1122 J0.
N48895 X-0.2815 Z-0.0787 I0.1122 J0.
N48900 X-0.5059 Z-0.0591 I-0.1122 J0.
N48905 X-0.2815 Z-0.0394 I0.1122 J0.
N48910 X-0.3029 Y0.4597 Z-0.0354 I-0.1122 J0.
N48915 X-0.4473 Y0.4825 Z-0.0264 I-0.0836 J-0.0607
N48920 G1 G40 X-0.3937 Y0.3937
N48925 Z0.1969
N48930 Z-0.5207
N48935 Z-0.5994
N48940 G41 X-0.3819 Y0.2874 D14
N48945 G3 X-0.2756 Y0.3937 Z-0.5906 I0. J0.1063
N48950 X-0.5118 Z-0.5709 I-0.1181 J0.
N48955 X-0.2756 Z-0.5512 I0.1181 J0.
N48960 X-0.5118 Z-0.5315 I-0.1181 J0.
N48965 X-0.2756 Z-0.5118 I0.1181 J0.
N48970 X-0.5118 Z-0.4921 I-0.1181 J0.
N48975 X-0.2756 Z-0.4724 I0.1181 J0.
N48980 X-0.5118 Z-0.4528 I-0.1181 J0.
N48985 X-0.2756 Z-0.4331 I0.1181 J0.
N48990 X-0.5118 Z-0.4134 I-0.1181 J0.
N48995 X-0.2756 Z-0.3937 I0.1181 J0.
N49000 X-0.5118 Z-0.374 I-0.1181 J0.
N49005 X-0.2756 Z-0.3543 I0.1181 J0.
N49010 X-0.5118 Z-0.3346 I-0.1181 J0.
N49015 X-0.2756 Z-0.315 I0.1181 J0.
N49020 X-0.5118 Z-0.2953 I-0.1181 J0.
N49025 X-0.2756 Z-0.2756 I0.1181 J0.
N49030 X-0.5118 Z-0.2559 I-0.1181 J0.
N49035 X-0.2756 Z-0.2362 I0.1181 J0.
N49040 X-0.5118 Z-0.2165 I-0.1181 J0.
N49045 X-0.2756 Z-0.1969 I0.1181 J0.
N49050 X-0.5118 Z-0.1772 I-0.1181 J0.
N49055 X-0.2756 Z-0.1575 I0.1181 J0.
N49060 X-0.5118 Z-0.1378 I-0.1181 J0.
N49065 X-0.2756 Z-0.1181 I0.1181 J0.
N49070 X-0.5118 Z-0.0984 I-0.1181 J0.
N49075 X-0.2756 Z-0.0787 I0.1181 J0.
N49080 X-0.5118 Z-0.0591 I-0.1181 J0.
N49085 X-0.2756 Z-0.0394 I0.1181 J0.
N49090 X-0.2981 Y0.4631 Z-0.0354 I-0.1181 J0.
N49095 X-0.4466 Y0.4866 Z-0.0266 I-0.086 J-0.0625
N49100 G1 G40 X-0.3937 Y0.3937
N49105 Z0.1969
N49110 X-1.1811
N49115 Z-0.5211
N49120 Z-0.5998
N49125 G41 X-1.1752 Y0.2933 D14
N49130 G3 X-1.0748 Y0.3937 Z-0.5906 I0. J0.1004
N49135 X-1.2874 Z-0.5709 I-0.1063 J0.
N49140 X-1.0748 Z-0.5512 I0.1063 J0.
N49145 X-1.2874 Z-0.5315 I-0.1063 J0.
N49150 X-1.0748 Z-0.5118 I0.1063 J0.
N49155 X-1.2874 Z-0.4921 I-0.1063 J0.
N49160 X-1.0748 Z-0.4724 I0.1063 J0.
N49165 X-1.2874 Z-0.4528 I-0.1063 J0.
N49170 X-1.0748 Z-0.4331 I0.1063 J0.
N49175 X-1.2874 Z-0.4134 I-0.1063 J0.
N49180 X-1.0748 Z-0.3937 I0.1063 J0.
N49185 X-1.2874 Z-0.374 I-0.1063 J0.
N49190 X-1.0748 Z-0.3543 I0.1063 J0.
N49195 X-1.2874 Z-0.3346 I-0.1063 J0.
N49200 X-1.0748 Z-0.315 I0.1063 J0.
N49205 X-1.2874 Z-0.2953 I-0.1063 J0.
N49210 X-1.0748 Z-0.2756 I0.1063 J0.
N49215 X-1.2874 Z-0.2559 I-0.1063 J0.
N49220 X-1.0748 Z-0.2362 I0.1063 J0.
N49225 X-1.2874 Z-0.2165 I-0.1063 J0.
N49230 X-1.0748 Z-0.1969 I0.1063 J0.
N49235 X-1.2874 Z-0.1772 I-0.1063 J0.
N49240 X-1.0748 Z-0.1575 I0.1063 J0.
N49245 X-1.2874 Z-0.1378 I-0.1063 J0.
N49250 X-1.0748 Z-0.1181 I0.1063 J0.
N49255 X-1.2874 Z-0.0984 I-0.1063 J0.
N49260 X-1.0748 Z-0.0787 I0.1063 J0.
N49265 X-1.2874 Z-0.0591 I-0.1063 J0.
N49270 X-1.0748 Z-0.0394 I0.1063 J0.
N49275 X-1.0951 Y0.4562 Z-0.0354 I-0.1063 J0.
N49280 X-1.2353 Y0.4784 Z-0.0261 I-0.0812 J-0.059
N49285 G1 G40 X-1.1811 Y0.3937
N49290 Z0.1969
N49295 Z-0.5209
N49300 Z-0.5996
N49305 G41 X-1.1722 Y0.2904 D14
N49310 G3 X-1.0689 Y0.3937 Z-0.5906 I0. J0.1033
N49315 X-1.2933 Z-0.5709 I-0.1122 J0.
N49320 X-1.0689 Z-0.5512 I0.1122 J0.
N49325 X-1.2933 Z-0.5315 I-0.1122 J0.
N49330 X-1.0689 Z-0.5118 I0.1122 J0.
N49335 X-1.2933 Z-0.4921 I-0.1122 J0.
N49340 X-1.0689 Z-0.4724 I0.1122 J0.
N49345 X-1.2933 Z-0.4528 I-0.1122 J0.
N49350 X-1.0689 Z-0.4331 I0.1122 J0.
N49355 X-1.2933 Z-0.4134 I-0.1122 J0.
N49360 X-1.0689 Z-0.3937 I0.1122 J0.
N49365 X-1.2933 Z-0.374 I-0.1122 J0.
N49370 X-1.0689 Z-0.3543 I0.1122 J0.
N49375 X-1.2933 Z-0.3346 I-0.1122 J0.
N49380 X-1.0689 Z-0.315 I0.1122 J0.
N49385 X-1.2933 Z-0.2953 I-0.1122 J0.
N49390 X-1.0689 Z-0.2756 I0.1122 J0.
N49395 X-1.2933 Z-0.2559 I-0.1122 J0.
N49400 X-1.0689 Z-0.2362 I0.1122 J0.
N49405 X-1.2933 Z-0.2165 I-0.1122 J0.
N49410 X-1.0689 Z-0.1969 I0.1122 J0.
N49415 X-1.2933 Z-0.1772 I-0.1122 J0.
N49420 X-1.0689 Z-0.1575 I0.1122 J0.
N49425 X-1.2933 Z-0.1378 I-0.1122 J0.
N49430 X-1.0689 Z-0.1181 I0.1122 J0.
N49435 X-1.2933 Z-0.0984 I-0.1122 J0.
N49440 X-1.0689 Z-0.0787 I0.1122 J0.
N49445 X-1.2933 Z-0.0591 I-0.1122 J0.
N49450 X-1.0689 Z-0.0394 I0.1122 J0.
N49455 X-1.0903 Y0.4597 Z-0.0354 I-0.1122 J0.
N49460 X-1.2347 Y0.4825 Z-0.0264 I-0.0836 J-0.0607
N49465 G1 G40 X-1.1811 Y0.3937
N49470 Z0.1969
N49475 Z-0.5207
N49480 Z-0.5994
N49485 G41 X-1.1693 Y0.2874 D14
N49490 G3 X-1.063 Y0.3937 Z-0.5906 I0. J0.1063
N49495 X-1.2992 Z-0.5709 I-0.1181 J0.
N49500 X-1.063 Z-0.5512 I0.1181 J0.
N49505 X-1.2992 Z-0.5315 I-0.1181 J0.
N49510 X-1.063 Z-0.5118 I0.1181 J0.
N49515 X-1.2992 Z-0.4921 I-0.1181 J0.
N49520 X-1.063 Z-0.4724 I0.1181 J0.
N49525 X-1.2992 Z-0.4528 I-0.1181 J0.
N49530 X-1.063 Z-0.4331 I0.1181 J0.
N49535 X-1.2992 Z-0.4134 I-0.1181 J0.
N49540 X-1.063 Z-0.3937 I0.1181 J0.
N49545 X-1.2992 Z-0.374 I-0.1181 J0.
N49550 X-1.063 Z-0.3543 I0.1181 J0.
N49555 X-1.2992 Z-0.3346 I-0.1181 J0.
N49560 X-1.063 Z-0.315 I0.1181 J0.
N49565 X-1.2992 Z-0.2953 I-0.1181 J0.
N49570 X-1.063 Z-0.2756 I0.1181 J0.
N49575 X-1.2992 Z-0.2559 I-0.1181 J0.
N49580 X-1.063 Z-0.2362 I0.1181 J0.
N49585 X-1.2992 Z-0.2165 I-0.1181 J0.
N49590 X-1.063 Z-0.1969 I0.1181 J0.
N49595 X-1.2992 Z-0.1772 I-0.1181 J0.
N49600 X-1.063 Z-0.1575 I0.1181 J0.
N49605 X-1.2992 Z-0.1378 I-0.1181 J0.
N49610 X-1.063 Z-0.1181 I0.1181 J0.
N49615 X-1.2992 Z-0.0984 I-0.1181 J0.
N49620 X-1.063 Z-0.0787 I0.1181 J0.
N49625 X-1.2992 Z-0.0591 I-0.1181 J0.
N49630 X-1.063 Z-0.0394 I0.1181 J0.
N49635 X-1.0855 Y0.4631 Z-0.0354 I-0.1181 J0.
N49640 X-1.234 Y0.4866 Z-0.0266 I-0.086 J-0.0625
N49645 G1 G40 X-1.1811 Y0.3937
N49650 Z0.1969
N49655 X-1.9685
N49660 Z-0.5211
N49665 Z-0.5998
N49670 G41 X-1.9626 Y0.2933 D14
N49675 G3 X-1.8622 Y0.3937 Z-0.5906 I0. J0.1004
N49680 X-2.0748 Z-0.5709 I-0.1063 J0.
N49685 X-1.8622 Z-0.5512 I0.1063 J0.
N49690 X-2.0748 Z-0.5315 I-0.1063 J0.
N49695 X-1.8622 Z-0.5118 I0.1063 J0.
N49700 X-2.0748 Z-0.4921 I-0.1063 J0.
N49705 X-1.8622 Z-0.4724 I0.1063 J0.
N49710 X-2.0748 Z-0.4528 I-0.1063 J0.
N49715 X-1.8622 Z-0.4331 I0.1063 J0.
N49720 X-2.0748 Z-0.4134 I-0.1063 J0.
N49725 X-1.8622 Z-0.3937 I0.1063 J0.
N49730 X-2.0748 Z-0.374 I-0.1063 J0.
N49735 X-1.8622 Z-0.3543 I0.1063 J0.
N49740 X-2.0748 Z-0.3346 I-0.1063 J0.
N49745 X-1.8622 Z-0.315 I0.1063 J0.
N49750 X-2.0748 Z-0.2953 I-0.1063 J0.
N49755 X-1.8622 Z-0.2756 I0.1063 J0.
N49760 X-2.0748 Z-0.2559 I-0.1063 J0.
N49765 X-1.8622 Z-0.2362 I0.1063 J0.
N49770 X-2.0748 Z-0.2165 I-0.1063 J0.
N49775 X-1.8622 Z-0.1969 I0.1063 J0.
N49780 X-2.0748 Z-0.1772 I-0.1063 J0.
N49785 X-1.8622 Z-0.1575 I0.1063 J0.
N49790 X-2.0748 Z-0.1378 I-0.1063 J0.
N49795 X-1.8622 Z-0.1181 I0.1063 J0.
N49800 X-2.0748 Z-0.0984 I-0.1063 J0.
N49805 X-1.8622 Z-0.0787 I0.1063 J0.
N49810 X-2.0748 Z-0.0591 I-0.1063 J0.
N49815 X-1.8622 Z-0.0394 I0.1063 J0.
N49820 X-1.8825 Y0.4562 Z-0.0354 I-0.1063 J0.
N49825 X-2.0227 Y0.4784 Z-0.0261 I-0.0812 J-0.059
N49830 G1 G40 X-1.9685 Y0.3937
N49835 Z0.1969
N49840 Z-0.5209
N49845 Z-0.5996
N49850 G41 X-1.9596 Y0.2904 D14
N49855 G3 X-1.8563 Y0.3937 Z-0.5906 I0. J0.1033
N49860 X-2.0807 Z-0.5709 I-0.1122 J0.
N49865 X-1.8563 Z-0.5512 I0.1122 J0.
N49870 X-2.0807 Z-0.5315 I-0.1122 J0.
N49875 X-1.8563 Z-0.5118 I0.1122 J0.
N49880 X-2.0807 Z-0.4921 I-0.1122 J0.
N49885 X-1.8563 Z-0.4724 I0.1122 J0.
N49890 X-2.0807 Z-0.4528 I-0.1122 J0.
N49895 X-1.8563 Z-0.4331 I0.1122 J0.
N49900 X-2.0807 Z-0.4134 I-0.1122 J0.
N49905 X-1.8563 Z-0.3937 I0.1122 J0.
N49910 X-2.0807 Z-0.374 I-0.1122 J0.
N49915 X-1.8563 Z-0.3543 I0.1122 J0.
N49920 X-2.0807 Z-0.3346 I-0.1122 J0.
N49925 X-1.8563 Z-0.315 I0.1122 J0.
N49930 X-2.0807 Z-0.2953 I-0.1122 J0.
N49935 X-1.8563 Z-0.2756 I0.1122 J0.
N49940 X-2.0807 Z-0.2559 I-0.1122 J0.
N49945 X-1.8563 Z-0.2362 I0.1122 J0.
N49950 X-2.0807 Z-0.2165 I-0.1122 J0.
N49955 X-1.8563 Z-0.1969 I0.1122 J0.
N49960 X-2.0807 Z-0.1772 I-0.1122 J0.
N49965 X-1.8563 Z-0.1575 I0.1122 J0.
N49970 X-2.0807 Z-0.1378 I-0.1122 J0.
N49975 X-1.8563 Z-0.1181 I0.1122 J0.
N49980 X-2.0807 Z-0.0984 I-0.1122 J0.
N49985 X-1.8563 Z-0.0787 I0.1122 J0.
N49990 X-2.0807 Z-0.0591 I-0.1122 J0.
N49995 X-1.8563 Z-0.0394 I0.1122 J0.
N50000 X-1.8777 Y0.4597 Z-0.0354 I-0.1122 J0.
N50005 X-2.0221 Y0.4825 Z-0.0264 I-0.0836 J-0.0607
N50010 G1 G40 X-1.9685 Y0.3937
N50015 Z0.1969
N50020 Z-0.5207
N50025 Z-0.5994
N50030 G41 X-1.9567 Y0.2874 D14
N50035 G3 X-1.8504 Y0.3937 Z-0.5906 I0. J0.1063
N50040 X-2.0866 Z-0.5709 I-0.1181 J0.
N50045 X-1.8504 Z-0.5512 I0.1181 J0.
N50050 X-2.0866 Z-0.5315 I-0.1181 J0.
N50055 X-1.8504 Z-0.5118 I0.1181 J0.
N50060 X-2.0866 Z-0.4921 I-0.1181 J0.
N50065 X-1.8504 Z-0.4724 I0.1181 J0.
N50070 X-2.0866 Z-0.4528 I-0.1181 J0.
N50075 X-1.8504 Z-0.4331 I0.1181 J0.
N50080 X-2.0866 Z-0.4134 I-0.1181 J0.
N50085 X-1.8504 Z-0.3937 I0.1181 J0.
N50090 X-2.0866 Z-0.374 I-0.1181 J0.
N50095 X-1.8504 Z-0.3543 I0.1181 J0.
N50100 X-2.0866 Z-0.3346 I-0.1181 J0.
N50105 X-1.8504 Z-0.315 I0.1181 J0.
N50110 X-2.0866 Z-0.2953 I-0.1181 J0.
N50115 X-1.8504 Z-0.2756 I0.1181 J0.
N50120 X-2.0866 Z-0.2559 I-0.1181 J0.
N50125 X-1.8504 Z-0.2362 I0.1181 J0.
N50130 X-2.0866 Z-0.2165 I-0.1181 J0.
N50135 X-1.8504 Z-0.1969 I0.1181 J0.
N50140 X-2.0866 Z-0.1772 I-0.1181 J0.
N50145 X-1.8504 Z-0.1575 I0.1181 J0.
N50150 X-2.0866 Z-0.1378 I-0.1181 J0.
N50155 X-1.8504 Z-0.1181 I0.1181 J0.
N50160 X-2.0866 Z-0.0984 I-0.1181 J0.
N50165 X-1.8504 Z-0.0787 I0.1181 J0.
N50170 X-2.0866 Z-0.0591 I-0.1181 J0.
N50175 X-1.8504 Z-0.0394 I0.1181 J0.
N50180 X-1.873 Y0.4631 Z-0.0354 I-0.1181 J0.
N50185 X-2.0214 Y0.4866 Z-0.0266 I-0.086 J-0.0625
N50190 G1 G40 X-1.9685 Y0.3937
N50195 Z0.1969
N50200 X-2.7559
N50205 Z-0.5211
N50210 Z-0.5998
N50215 G41 X-2.75 Y0.2933 D14
N50220 G3 X-2.6496 Y0.3937 Z-0.5906 I0. J0.1004
N50225 X-2.8622 Z-0.5709 I-0.1063 J0.
N50230 X-2.6496 Z-0.5512 I0.1063 J0.
N50235 X-2.8622 Z-0.5315 I-0.1063 J0.
N50240 X-2.6496 Z-0.5118 I0.1063 J0.
N50245 X-2.8622 Z-0.4921 I-0.1063 J0.
N50250 X-2.6496 Z-0.4724 I0.1063 J0.
N50255 X-2.8622 Z-0.4528 I-0.1063 J0.
N50260 X-2.6496 Z-0.4331 I0.1063 J0.
N50265 X-2.8622 Z-0.4134 I-0.1063 J0.
N50270 X-2.6496 Z-0.3937 I0.1063 J0.
N50275 X-2.8622 Z-0.374 I-0.1063 J0.
N50280 X-2.6496 Z-0.3543 I0.1063 J0.
N50285 X-2.8622 Z-0.3346 I-0.1063 J0.
N50290 X-2.6496 Z-0.315 I0.1063 J0.
N50295 X-2.8622 Z-0.2953 I-0.1063 J0.
N50300 X-2.6496 Z-0.2756 I0.1063 J0.
N50305 X-2.8622 Z-0.2559 I-0.1063 J0.
N50310 X-2.6496 Z-0.2362 I0.1063 J0.
N50315 X-2.8622 Z-0.2165 I-0.1063 J0.
N50320 X-2.6496 Z-0.1969 I0.1063 J0.
N50325 X-2.8622 Z-0.1772 I-0.1063 J0.
N50330 X-2.6496 Z-0.1575 I0.1063 J0.
N50335 X-2.8622 Z-0.1378 I-0.1063 J0.
N50340 X-2.6496 Z-0.1181 I0.1063 J0.
N50345 X-2.8622 Z-0.0984 I-0.1063 J0.
N50350 X-2.6496 Z-0.0787 I0.1063 J0.
N50355 X-2.8622 Z-0.0591 I-0.1063 J0.
N50360 X-2.6496 Z-0.0394 I0.1063 J0.
N50365 X-2.6699 Y0.4562 Z-0.0354 I-0.1063 J0.
N50370 X-2.8101 Y0.4784 Z-0.0261 I-0.0812 J-0.059
N50375 G1 G40 X-2.7559 Y0.3937
N50380 Z0.1969
N50385 Z-0.5209
N50390 Z-0.5996
N50395 G41 X-2.747 Y0.2904 D14
N50400 G3 X-2.6437 Y0.3937 Z-0.5906 I0. J0.1033
N50405 X-2.8681 Z-0.5709 I-0.1122 J0.
N50410 X-2.6437 Z-0.5512 I0.1122 J0.
N50415 X-2.8681 Z-0.5315 I-0.1122 J0.
N50420 X-2.6437 Z-0.5118 I0.1122 J0.
N50425 X-2.8681 Z-0.4921 I-0.1122 J0.
N50430 X-2.6437 Z-0.4724 I0.1122 J0.
N50435 X-2.8681 Z-0.4528 I-0.1122 J0.
N50440 X-2.6437 Z-0.4331 I0.1122 J0.
N50445 X-2.8681 Z-0.4134 I-0.1122 J0.
N50450 X-2.6437 Z-0.3937 I0.1122 J0.
N50455 X-2.8681 Z-0.374 I-0.1122 J0.
N50460 X-2.6437 Z-0.3543 I0.1122 J0.
N50465 X-2.8681 Z-0.3346 I-0.1122 J0.
N50470 X-2.6437 Z-0.315 I0.1122 J0.
N50475 X-2.8681 Z-0.2953 I-0.1122 J0.
N50480 X-2.6437 Z-0.2756 I0.1122 J0.
N50485 X-2.8681 Z-0.2559 I-0.1122 J0.
N50490 X-2.6437 Z-0.2362 I0.1122 J0.
N50495 X-2.8681 Z-0.2165 I-0.1122 J0.
N50500 X-2.6437 Z-0.1969 I0.1122 J0.
N50505 X-2.8681 Z-0.1772 I-0.1122 J0.
N50510 X-2.6437 Z-0.1575 I0.1122 J0.
N50515 X-2.8681 Z-0.1378 I-0.1122 J0.
N50520 X-2.6437 Z-0.1181 I0.1122 J0.
N50525 X-2.8681 Z-0.0984 I-0.1122 J0.
N50530 X-2.6437 Z-0.0787 I0.1122 J0.
N50535 X-2.8681 Z-0.0591 I-0.1122 J0.
N50540 X-2.6437 Z-0.0394 I0.1122 J0.
N50545 X-2.6651 Y0.4597 Z-0.0354 I-0.1122 J0.
N50550 X-2.8095 Y0.4825 Z-0.0264 I-0.0836 J-0.0607
N50555 G1 G40 X-2.7559 Y0.3937
N50560 Z0.1969
N50565 Z-0.5207
N50570 Z-0.5994
N50575 G41 X-2.7441 Y0.2874 D14
N50580 G3 X-2.6378 Y0.3937 Z-0.5906 I0. J0.1063
N50585 X-2.874 Z-0.5709 I-0.1181 J0.
N50590 X-2.6378 Z-0.5512 I0.1181 J0.
N50595 X-2.874 Z-0.5315 I-0.1181 J0.
N50600 X-2.6378 Z-0.5118 I0.1181 J0.
N50605 X-2.874 Z-0.4921 I-0.1181 J0.
N50610 X-2.6378 Z-0.4724 I0.1181 J0.
N50615 X-2.874 Z-0.4528 I-0.1181 J0.
N50620 X-2.6378 Z-0.4331 I0.1181 J0.
N50625 X-2.874 Z-0.4134 I-0.1181 J0.
N50630 X-2.6378 Z-0.3937 I0.1181 J0.
N50635 X-2.874 Z-0.374 I-0.1181 J0.
N50640 X-2.6378 Z-0.3543 I0.1181 J0.
N50645 X-2.874 Z-0.3346 I-0.1181 J0.
N50650 X-2.6378 Z-0.315 I0.1181 J0.
N50655 X-2.874 Z-0.2953 I-0.1181 J0.
N50660 X-2.6378 Z-0.2756 I0.1181 J0.
N50665 X-2.874 Z-0.2559 I-0.1181 J0.
N50670 X-2.6378 Z-0.2362 I0.1181 J0.
N50675 X-2.874 Z-0.2165 I-0.1181 J0.
N50680 X-2.6378 Z-0.1969 I0.1181 J0.
N50685 X-2.874 Z-0.1772 I-0.1181 J0.
N50690 X-2.6378 Z-0.1575 I0.1181 J0.
N50695 X-2.874 Z-0.1378 I-0.1181 J0.
N50700 X-2.6378 Z-0.1181 I0.1181 J0.
N50705 X-2.874 Z-0.0984 I-0.1181 J0.
N50710 X-2.6378 Z-0.0787 I0.1181 J0.
N50715 X-2.874 Z-0.0591 I-0.1181 J0.
N50720 X-2.6378 Z-0.0394 I0.1181 J0.
N50725 X-2.6604 Y0.4631 Z-0.0354 I-0.1181 J0.
N50730 X-2.8088 Y0.4866 Z-0.0266 I-0.086 J-0.0625
N50735 G1 G40 X-2.7559 Y0.3937
N50740 Z0.1969
N50745 X-3.5433
N50750 Z-0.5211
N50755 Z-0.5998
N50760 G41 X-3.5374 Y0.2933 D14
N50765 G3 X-3.437 Y0.3937 Z-0.5906 I0. J0.1004
N50770 X-3.6496 Z-0.5709 I-0.1063 J0.
N50775 X-3.437 Z-0.5512 I0.1063 J0.
N50780 X-3.6496 Z-0.5315 I-0.1063 J0.
N50785 X-3.437 Z-0.5118 I0.1063 J0.
N50790 X-3.6496 Z-0.4921 I-0.1063 J0.
N50795 X-3.437 Z-0.4724 I0.1063 J0.
N50800 X-3.6496 Z-0.4528 I-0.1063 J0.
N50805 X-3.437 Z-0.4331 I0.1063 J0.
N50810 X-3.6496 Z-0.4134 I-0.1063 J0.
N50815 X-3.437 Z-0.3937 I0.1063 J0.
N50820 X-3.6496 Z-0.374 I-0.1063 J0.
N50825 X-3.437 Z-0.3543 I0.1063 J0.
N50830 X-3.6496 Z-0.3346 I-0.1063 J0.
N50835 X-3.437 Z-0.315 I0.1063 J0.
N50840 X-3.6496 Z-0.2953 I-0.1063 J0.
N50845 X-3.437 Z-0.2756 I0.1063 J0.
N50850 X-3.6496 Z-0.2559 I-0.1063 J0.
N50855 X-3.437 Z-0.2362 I0.1063 J0.
N50860 X-3.6496 Z-0.2165 I-0.1063 J0.
N50865 X-3.437 Z-0.1969 I0.1063 J0.
N50870 X-3.6496 Z-0.1772 I-0.1063 J0.
N50875 X-3.437 Z-0.1575 I0.1063 J0.
N50880 X-3.6496 Z-0.1378 I-0.1063 J0.
N50885 X-3.437 Z-0.1181 I0.1063 J0.
N50890 X-3.6496 Z-0.0984 I-0.1063 J0.
N50895 X-3.437 Z-0.0787 I0.1063 J0.
N50900 X-3.6496 Z-0.0591 I-0.1063 J0.
N50905 X-3.437 Z-0.0394 I0.1063 J0.
N50910 X-3.4573 Y0.4562 Z-0.0354 I-0.1063 J0.
N50915 X-3.5975 Y0.4784 Z-0.0261 I-0.0812 J-0.059
N50920 G1 G40 X-3.5433 Y0.3937
N50925 Z0.1969
N50930 Z-0.5209
N50935 Z-0.5996
N50940 G41 X-3.5344 Y0.2904 D14
N50945 G3 X-3.4311 Y0.3937 Z-0.5906 I0. J0.1033
N50950 X-3.6555 Z-0.5709 I-0.1122 J0.
N50955 X-3.4311 Z-0.5512 I0.1122 J0.
N50960 X-3.6555 Z-0.5315 I-0.1122 J0.
N50965 X-3.4311 Z-0.5118 I0.1122 J0.
N50970 X-3.6555 Z-0.4921 I-0.1122 J0.
N50975 X-3.4311 Z-0.4724 I0.1122 J0.
N50980 X-3.6555 Z-0.4528 I-0.1122 J0.
N50985 X-3.4311 Z-0.4331 I0.1122 J0.
N50990 X-3.6555 Z-0.4134 I-0.1122 J0.
N50995 X-3.4311 Z-0.3937 I0.1122 J0.
N51000 X-3.6555 Z-0.374 I-0.1122 J0.
N51005 X-3.4311 Z-0.3543 I0.1122 J0.
N51010 X-3.6555 Z-0.3346 I-0.1122 J0.
N51015 X-3.4311 Z-0.315 I0.1122 J0.
N51020 X-3.6555 Z-0.2953 I-0.1122 J0.
N51025 X-3.4311 Z-0.2756 I0.1122 J0.
N51030 X-3.6555 Z-0.2559 I-0.1122 J0.
N51035 X-3.4311 Z-0.2362 I0.1122 J0.
N51040 X-3.6555 Z-0.2165 I-0.1122 J0.
N51045 X-3.4311 Z-0.1969 I0.1122 J0.
N51050 X-3.6555 Z-0.1772 I-0.1122 J0.
N51055 X-3.4311 Z-0.1575 I0.1122 J0.
N51060 X-3.6555 Z-0.1378 I-0.1122 J0.
N51065 X-3.4311 Z-0.1181 I0.1122 J0.
N51070 X-3.6555 Z-0.0984 I-0.1122 J0.
N51075 X-3.4311 Z-0.0787 I0.1122 J0.
N51080 X-3.6555 Z-0.0591 I-0.1122 J0.
N51085 X-3.4311 Z-0.0394 I0.1122 J0.
N51090 X-3.4525 Y0.4597 Z-0.0354 I-0.1122 J0.
N51095 X-3.5969 Y0.4825 Z-0.0264 I-0.0836 J-0.0607
N51100 G1 G40 X-3.5433 Y0.3937
N51105 Z0.1969
N51110 Z-0.5207
N51115 Z-0.5994
N51120 G41 X-3.5315 Y0.2874 D14
N51125 G3 X-3.4252 Y0.3937 Z-0.5906 I0. J0.1063
N51130 X-3.6614 Z-0.5709 I-0.1181 J0.
N51135 X-3.4252 Z-0.5512 I0.1181 J0.
N51140 X-3.6614 Z-0.5315 I-0.1181 J0.
N51145 X-3.4252 Z-0.5118 I0.1181 J0.
N51150 X-3.6614 Z-0.4921 I-0.1181 J0.
N51155 X-3.4252 Z-0.4724 I0.1181 J0.
N51160 X-3.6614 Z-0.4528 I-0.1181 J0.
N51165 X-3.4252 Z-0.4331 I0.1181 J0.
N51170 X-3.6614 Z-0.4134 I-0.1181 J0.
N51175 X-3.4252 Z-0.3937 I0.1181 J0.
N51180 X-3.6614 Z-0.374 I-0.1181 J0.
N51185 X-3.4252 Z-0.3543 I0.1181 J0.
N51190 X-3.6614 Z-0.3346 I-0.1181 J0.
N51195 X-3.4252 Z-0.315 I0.1181 J0.
N51200 X-3.6614 Z-0.2953 I-0.1181 J0.
N51205 X-3.4252 Z-0.2756 I0.1181 J0.
N51210 X-3.6614 Z-0.2559 I-0.1181 J0.
N51215 X-3.4252 Z-0.2362 I0.1181 J0.
N51220 X-3.6614 Z-0.2165 I-0.1181 J0.
N51225 X-3.4252 Z-0.1969 I0.1181 J0.
N51230 X-3.6614 Z-0.1772 I-0.1181 J0.
N51235 X-3.4252 Z-0.1575 I0.1181 J0.
N51240 X-3.6614 Z-0.1378 I-0.1181 J0.
N51245 X-3.4252 Z-0.1181 I0.1181 J0.
N51250 X-3.6614 Z-0.0984 I-0.1181 J0.
N51255 X-3.4252 Z-0.0787 I0.1181 J0.
N51260 X-3.6614 Z-0.0591 I-0.1181 J0.
N51265 X-3.4252 Z-0.0394 I0.1181 J0.
N51270 X-3.4478 Y0.4631 Z-0.0354 I-0.1181 J0.
N51275 X-3.5962 Y0.4866 Z-0.0266 I-0.086 J-0.0625
N51280 G1 G40 X-3.5433 Y0.3937
N51285 Z0.1969
N51290 X-4.3307
N51295 Z-0.5211
N51300 Z-0.5998
N51305 G41 X-4.3248 Y0.2933 D14
N51310 G3 X-4.2244 Y0.3937 Z-0.5906 I0. J0.1004
N51315 X-4.437 Z-0.5709 I-0.1063 J0.
N51320 X-4.2244 Z-0.5512 I0.1063 J0.
N51325 X-4.437 Z-0.5315 I-0.1063 J0.
N51330 X-4.2244 Z-0.5118 I0.1063 J0.
N51335 X-4.437 Z-0.4921 I-0.1063 J0.
N51340 X-4.2244 Z-0.4724 I0.1063 J0.
N51345 X-4.437 Z-0.4528 I-0.1063 J0.
N51350 X-4.2244 Z-0.4331 I0.1063 J0.
N51355 X-4.437 Z-0.4134 I-0.1063 J0.
N51360 X-4.2244 Z-0.3937 I0.1063 J0.
N51365 X-4.437 Z-0.374 I-0.1063 J0.
N51370 X-4.2244 Z-0.3543 I0.1063 J0.
N51375 X-4.437 Z-0.3346 I-0.1063 J0.
N51380 X-4.2244 Z-0.315 I0.1063 J0.
N51385 X-4.437 Z-0.2953 I-0.1063 J0.
N51390 X-4.2244 Z-0.2756 I0.1063 J0.
N51395 X-4.437 Z-0.2559 I-0.1063 J0.
N51400 X-4.2244 Z-0.2362 I0.1063 J0.
N51405 X-4.437 Z-0.2165 I-0.1063 J0.
N51410 X-4.2244 Z-0.1969 I0.1063 J0.
N51415 X-4.437 Z-0.1772 I-0.1063 J0.
N51420 X-4.2244 Z-0.1575 I0.1063 J0.
N51425 X-4.437 Z-0.1378 I-0.1063 J0.
N51430 X-4.2244 Z-0.1181 I0.1063 J0.
N51435 X-4.437 Z-0.0984 I-0.1063 J0.
N51440 X-4.2244 Z-0.0787 I0.1063 J0.
N51445 X-4.437 Z-0.0591 I-0.1063 J0.
N51450 X-4.2244 Z-0.0394 I0.1063 J0.
N51455 X-4.2447 Y0.4562 Z-0.0354 I-0.1063 J0.
N51460 X-4.3849 Y0.4784 Z-0.0261 I-0.0812 J-0.059
N51465 G1 G40 X-4.3307 Y0.3937
N51470 Z0.1969
N51475 Z-0.5209
N51480 Z-0.5996
N51485 G41 X-4.3219 Y0.2904 D14
N51490 G3 X-4.2185 Y0.3937 Z-0.5906 I0. J0.1033
N51495 X-4.4429 Z-0.5709 I-0.1122 J0.
N51500 X-4.2185 Z-0.5512 I0.1122 J0.
N51505 X-4.4429 Z-0.5315 I-0.1122 J0.
N51510 X-4.2185 Z-0.5118 I0.1122 J0.
N51515 X-4.4429 Z-0.4921 I-0.1122 J0.
N51520 X-4.2185 Z-0.4724 I0.1122 J0.
N51525 X-4.4429 Z-0.4528 I-0.1122 J0.
N51530 X-4.2185 Z-0.4331 I0.1122 J0.
N51535 X-4.4429 Z-0.4134 I-0.1122 J0.
N51540 X-4.2185 Z-0.3937 I0.1122 J0.
N51545 X-4.4429 Z-0.374 I-0.1122 J0.
N51550 X-4.2185 Z-0.3543 I0.1122 J0.
N51555 X-4.4429 Z-0.3346 I-0.1122 J0.
N51560 X-4.2185 Z-0.315 I0.1122 J0.
N51565 X-4.4429 Z-0.2953 I-0.1122 J0.
N51570 X-4.2185 Z-0.2756 I0.1122 J0.
N51575 X-4.4429 Z-0.2559 I-0.1122 J0.
N51580 X-4.2185 Z-0.2362 I0.1122 J0.
N51585 X-4.4429 Z-0.2165 I-0.1122 J0.
N51590 X-4.2185 Z-0.1969 I0.1122 J0.
N51595 X-4.4429 Z-0.1772 I-0.1122 J0.
N51600 X-4.2185 Z-0.1575 I0.1122 J0.
N51605 X-4.4429 Z-0.1378 I-0.1122 J0.
N51610 X-4.2185 Z-0.1181 I0.1122 J0.
N51615 X-4.4429 Z-0.0984 I-0.1122 J0.
N51620 X-4.2185 Z-0.0787 I0.1122 J0.
N51625 X-4.4429 Z-0.0591 I-0.1122 J0.
N51630 X-4.2185 Z-0.0394 I0.1122 J0.
N51635 X-4.2399 Y0.4597 Z-0.0354 I-0.1122 J0.
N51640 X-4.3843 Y0.4825 Z-0.0264 I-0.0836 J-0.0607
N51645 G1 G40 X-4.3307 Y0.3937
N51650 Z0.1969
N51655 Z-0.5207
N51660 Z-0.5994
N51665 G41 X-4.3189 Y0.2874 D14
N51670 G3 X-4.2126 Y0.3937 Z-0.5906 I0. J0.1063
N51675 X-4.4488 Z-0.5709 I-0.1181 J0.
N51680 X-4.2126 Z-0.5512 I0.1181 J0.
N51685 X-4.4488 Z-0.5315 I-0.1181 J0.
N51690 X-4.2126 Z-0.5118 I0.1181 J0.
N51695 X-4.4488 Z-0.4921 I-0.1181 J0.
N51700 X-4.2126 Z-0.4724 I0.1181 J0.
N51705 X-4.4488 Z-0.4528 I-0.1181 J0.
N51710 X-4.2126 Z-0.4331 I0.1181 J0.
N51715 X-4.4488 Z-0.4134 I-0.1181 J0.
N51720 X-4.2126 Z-0.3937 I0.1181 J0.
N51725 X-4.4488 Z-0.374 I-0.1181 J0.
N51730 X-4.2126 Z-0.3543 I0.1181 J0.
N51735 X-4.4488 Z-0.3346 I-0.1181 J0.
N51740 X-4.2126 Z-0.315 I0.1181 J0.
N51745 X-4.4488 Z-0.2953 I-0.1181 J0.
N51750 X-4.2126 Z-0.2756 I0.1181 J0.
N51755 X-4.4488 Z-0.2559 I-0.1181 J0.
N51760 X-4.2126 Z-0.2362 I0.1181 J0.
N51765 X-4.4488 Z-0.2165 I-0.1181 J0.
N51770 X-4.2126 Z-0.1969 I0.1181 J0.
N51775 X-4.4488 Z-0.1772 I-0.1181 J0.
N51780 X-4.2126 Z-0.1575 I0.1181 J0.
N51785 X-4.4488 Z-0.1378 I-0.1181 J0.
N51790 X-4.2126 Z-0.1181 I0.1181 J0.
N51795 X-4.4488 Z-0.0984 I-0.1181 J0.
N51800 X-4.2126 Z-0.0787 I0.1181 J0.
N51805 X-4.4488 Z-0.0591 I-0.1181 J0.
N51810 X-4.2126 Z-0.0394 I0.1181 J0.
N51815 X-4.2352 Y0.4631 Z-0.0354 I-0.1181 J0.
N51820 X-4.3836 Y0.4866 Z-0.0266 I-0.086 J-0.0625
N51825 G1 G40 X-4.3307 Y0.3937
N51830 Z0.1969
N51835 X-5.1181
N51840 Z-0.5211
N51845 Z-0.5998
N51850 G41 X-5.1122 Y0.2933 D14
N51855 G3 X-5.0118 Y0.3937 Z-0.5906 I0. J0.1004
N51860 X-5.2244 Z-0.5709 I-0.1063 J0.
N51865 X-5.0118 Z-0.5512 I0.1063 J0.
N51870 X-5.2244 Z-0.5315 I-0.1063 J0.
N51875 X-5.0118 Z-0.5118 I0.1063 J0.
N51880 X-5.2244 Z-0.4921 I-0.1063 J0.
N51885 X-5.0118 Z-0.4724 I0.1063 J0.
N51890 X-5.2244 Z-0.4528 I-0.1063 J0.
N51895 X-5.0118 Z-0.4331 I0.1063 J0.
N51900 X-5.2244 Z-0.4134 I-0.1063 J0.
N51905 X-5.0118 Z-0.3937 I0.1063 J0.
N51910 X-5.2244 Z-0.374 I-0.1063 J0.
N51915 X-5.0118 Z-0.3543 I0.1063 J0.
N51920 X-5.2244 Z-0.3346 I-0.1063 J0.
N51925 X-5.0118 Z-0.315 I0.1063 J0.
N51930 X-5.2244 Z-0.2953 I-0.1063 J0.
N51935 X-5.0118 Z-0.2756 I0.1063 J0.
N51940 X-5.2244 Z-0.2559 I-0.1063 J0.
N51945 X-5.0118 Z-0.2362 I0.1063 J0.
N51950 X-5.2244 Z-0.2165 I-0.1063 J0.
N51955 X-5.0118 Z-0.1969 I0.1063 J0.
N51960 X-5.2244 Z-0.1772 I-0.1063 J0.
N51965 X-5.0118 Z-0.1575 I0.1063 J0.
N51970 X-5.2244 Z-0.1378 I-0.1063 J0.
N51975 X-5.0118 Z-0.1181 I0.1063 J0.
N51980 X-5.2244 Z-0.0984 I-0.1063 J0.
N51985 X-5.0118 Z-0.0787 I0.1063 J0.
N51990 X-5.2244 Z-0.0591 I-0.1063 J0.
N51995 X-5.0118 Z-0.0394 I0.1063 J0.
N52000 X-5.0321 Y0.4562 Z-0.0354 I-0.1063 J0.
N52005 X-5.1723 Y0.4784 Z-0.0261 I-0.0812 J-0.059
N52010 G1 G40 X-5.1181 Y0.3937
N52015 Z0.1969
N52020 Z-0.5209
N52025 Z-0.5996
N52030 G41 X-5.1093 Y0.2904 D14
N52035 G3 X-5.0059 Y0.3937 Z-0.5906 I0. J0.1033
N52040 X-5.2303 Z-0.5709 I-0.1122 J0.
N52045 X-5.0059 Z-0.5512 I0.1122 J0.
N52050 X-5.2303 Z-0.5315 I-0.1122 J0.
N52055 X-5.0059 Z-0.5118 I0.1122 J0.
N52060 X-5.2303 Z-0.4921 I-0.1122 J0.
N52065 X-5.0059 Z-0.4724 I0.1122 J0.
N52070 X-5.2303 Z-0.4528 I-0.1122 J0.
N52075 X-5.0059 Z-0.4331 I0.1122 J0.
N52080 X-5.2303 Z-0.4134 I-0.1122 J0.
N52085 X-5.0059 Z-0.3937 I0.1122 J0.
N52090 X-5.2303 Z-0.374 I-0.1122 J0.
N52095 X-5.0059 Z-0.3543 I0.1122 J0.
N52100 X-5.2303 Z-0.3346 I-0.1122 J0.
N52105 X-5.0059 Z-0.315 I0.1122 J0.
N52110 X-5.2303 Z-0.2953 I-0.1122 J0.
N52115 X-5.0059 Z-0.2756 I0.1122 J0.
N52120 X-5.2303 Z-0.2559 I-0.1122 J0.
N52125 X-5.0059 Z-0.2362 I0.1122 J0.
N52130 X-5.2303 Z-0.2165 I-0.1122 J0.
N52135 X-5.0059 Z-0.1969 I0.1122 J0.
N52140 X-5.2303 Z-0.1772 I-0.1122 J0.
N52145 X-5.0059 Z-0.1575 I0.1122 J0.
N52150 X-5.2303 Z-0.1378 I-0.1122 J0.
N52155 X-5.0059 Z-0.1181 I0.1122 J0.
N52160 X-5.2303 Z-0.0984 I-0.1122 J0.
N52165 X-5.0059 Z-0.0787 I0.1122 J0.
N52170 X-5.2303 Z-0.0591 I-0.1122 J0.
N52175 X-5.0059 Z-0.0394 I0.1122 J0.
N52180 X-5.0273 Y0.4597 Z-0.0354 I-0.1122 J0.
N52185 X-5.1717 Y0.4825 Z-0.0264 I-0.0836 J-0.0607
N52190 G1 G40 X-5.1181 Y0.3937
N52195 Z0.1969
N52200 Z-0.5207
N52205 Z-0.5994
N52210 G41 X-5.1063 Y0.2874 D14
N52215 G3 X-5. Y0.3937 Z-0.5906 I0. J0.1063
N52220 X-5.2362 Z-0.5709 I-0.1181 J0.
N52225 X-5. Z-0.5512 I0.1181 J0.
N52230 X-5.2362 Z-0.5315 I-0.1181 J0.
N52235 X-5. Z-0.5118 I0.1181 J0.
N52240 X-5.2362 Z-0.4921 I-0.1181 J0.
N52245 X-5. Z-0.4724 I0.1181 J0.
N52250 X-5.2362 Z-0.4528 I-0.1181 J0.
N52255 X-5. Z-0.4331 I0.1181 J0.
N52260 X-5.2362 Z-0.4134 I-0.1181 J0.
N52265 X-5. Z-0.3937 I0.1181 J0.
N52270 X-5.2362 Z-0.374 I-0.1181 J0.
N52275 X-5. Z-0.3543 I0.1181 J0.
N52280 X-5.2362 Z-0.3346 I-0.1181 J0.
N52285 X-5. Z-0.315 I0.1181 J0.
N52290 X-5.2362 Z-0.2953 I-0.1181 J0.
N52295 X-5. Z-0.2756 I0.1181 J0.
N52300 X-5.2362 Z-0.2559 I-0.1181 J0.
N52305 X-5. Z-0.2362 I0.1181 J0.
N52310 X-5.2362 Z-0.2165 I-0.1181 J0.
N52315 X-5. Z-0.1969 I0.1181 J0.
N52320 X-5.2362 Z-0.1772 I-0.1181 J0.
N52325 X-5. Z-0.1575 I0.1181 J0.
N52330 X-5.2362 Z-0.1378 I-0.1181 J0.
N52335 X-5. Z-0.1181 I0.1181 J0.
N52340 X-5.2362 Z-0.0984 I-0.1181 J0.
N52345 X-5. Z-0.0787 I0.1181 J0.
N52350 X-5.2362 Z-0.0591 I-0.1181 J0.
N52355 X-5. Z-0.0394 I0.1181 J0.
N52360 X-5.0226 Y0.4631 Z-0.0354 I-0.1181 J0.
N52365 X-5.171 Y0.4866 Z-0.0266 I-0.086 J-0.0625
N52370 G1 G40 X-5.1181 Y0.3937
N52375 Z0.1969
N52380 Y-0.3937
N52385 Z-0.5211
N52390 Z-0.5998
N52395 G41 X-5.1122 Y-0.4941 D14
N52400 G3 X-5.0118 Y-0.3937 Z-0.5906 I0. J0.1004
N52405 X-5.2244 Z-0.5709 I-0.1063 J0.
N52410 X-5.0118 Z-0.5512 I0.1063 J0.
N52415 X-5.2244 Z-0.5315 I-0.1063 J0.
N52420 X-5.0118 Z-0.5118 I0.1063 J0.
N52425 X-5.2244 Z-0.4921 I-0.1063 J0.
N52430 X-5.0118 Z-0.4724 I0.1063 J0.
N52435 X-5.2244 Z-0.4528 I-0.1063 J0.
N52440 X-5.0118 Z-0.4331 I0.1063 J0.
N52445 X-5.2244 Z-0.4134 I-0.1063 J0.
N52450 X-5.0118 Z-0.3937 I0.1063 J0.
N52455 X-5.2244 Z-0.374 I-0.1063 J0.
N52460 X-5.0118 Z-0.3543 I0.1063 J0.
N52465 X-5.2244 Z-0.3346 I-0.1063 J0.
N52470 X-5.0118 Z-0.315 I0.1063 J0.
N52475 X-5.2244 Z-0.2953 I-0.1063 J0.
N52480 X-5.0118 Z-0.2756 I0.1063 J0.
N52485 X-5.2244 Z-0.2559 I-0.1063 J0.
N52490 X-5.0118 Z-0.2362 I0.1063 J0.
N52495 X-5.2244 Z-0.2165 I-0.1063 J0.
N52500 X-5.0118 Z-0.1969 I0.1063 J0.
N52505 X-5.2244 Z-0.1772 I-0.1063 J0.
N52510 X-5.0118 Z-0.1575 I0.1063 J0.
N52515 X-5.2244 Z-0.1378 I-0.1063 J0.
N52520 X-5.0118 Z-0.1181 I0.1063 J0.
N52525 X-5.2244 Z-0.0984 I-0.1063 J0.
N52530 X-5.0118 Z-0.0787 I0.1063 J0.
N52535 X-5.2244 Z-0.0591 I-0.1063 J0.
N52540 X-5.0118 Z-0.0394 I0.1063 J0.
N52545 X-5.0321 Y-0.3312 Z-0.0354 I-0.1063 J0.
N52550 X-5.1723 Y-0.309 Z-0.0261 I-0.0812 J-0.059
N52555 G1 G40 X-5.1181 Y-0.3937
N52560 Z0.1969
N52565 Z-0.5209
N52570 Z-0.5996
N52575 G41 X-5.1093 Y-0.497 D14
N52580 G3 X-5.0059 Y-0.3937 Z-0.5906 I0. J0.1033
N52585 X-5.2303 Z-0.5709 I-0.1122 J0.
N52590 X-5.0059 Z-0.5512 I0.1122 J0.
N52595 X-5.2303 Z-0.5315 I-0.1122 J0.
N52600 X-5.0059 Z-0.5118 I0.1122 J0.
N52605 X-5.2303 Z-0.4921 I-0.1122 J0.
N52610 X-5.0059 Z-0.4724 I0.1122 J0.
N52615 X-5.2303 Z-0.4528 I-0.1122 J0.
N52620 X-5.0059 Z-0.4331 I0.1122 J0.
N52625 X-5.2303 Z-0.4134 I-0.1122 J0.
N52630 X-5.0059 Z-0.3937 I0.1122 J0.
N52635 X-5.2303 Z-0.374 I-0.1122 J0.
N52640 X-5.0059 Z-0.3543 I0.1122 J0.
N52645 X-5.2303 Z-0.3346 I-0.1122 J0.
N52650 X-5.0059 Z-0.315 I0.1122 J0.
N52655 X-5.2303 Z-0.2953 I-0.1122 J0.
N52660 X-5.0059 Z-0.2756 I0.1122 J0.
N52665 X-5.2303 Z-0.2559 I-0.1122 J0.
N52670 X-5.0059 Z-0.2362 I0.1122 J0.
N52675 X-5.2303 Z-0.2165 I-0.1122 J0.
N52680 X-5.0059 Z-0.1969 I0.1122 J0.
N52685 X-5.2303 Z-0.1772 I-0.1122 J0.
N52690 X-5.0059 Z-0.1575 I0.1122 J0.
N52695 X-5.2303 Z-0.1378 I-0.1122 J0.
N52700 X-5.0059 Z-0.1181 I0.1122 J0.
N52705 X-5.2303 Z-0.0984 I-0.1122 J0.
N52710 X-5.0059 Z-0.0787 I0.1122 J0.
N52715 X-5.2303 Z-0.0591 I-0.1122 J0.
N52720 X-5.0059 Z-0.0394 I0.1122 J0.
N52725 X-5.0273 Y-0.3277 Z-0.0354 I-0.1122 J0.
N52730 X-5.1717 Y-0.3049 Z-0.0264 I-0.0836 J-0.0607
N52735 G1 G40 X-5.1181 Y-0.3937
N52740 Z0.1969
N52745 Z-0.5207
N52750 Z-0.5994
N52755 G41 X-5.1063 Y-0.5 D14
N52760 G3 X-5. Y-0.3937 Z-0.5906 I0. J0.1063
N52765 X-5.2362 Z-0.5709 I-0.1181 J0.
N52770 X-5. Z-0.5512 I0.1181 J0.
N52775 X-5.2362 Z-0.5315 I-0.1181 J0.
N52780 X-5. Z-0.5118 I0.1181 J0.
N52785 X-5.2362 Z-0.4921 I-0.1181 J0.
N52790 X-5. Z-0.4724 I0.1181 J0.
N52795 X-5.2362 Z-0.4528 I-0.1181 J0.
N52800 X-5. Z-0.4331 I0.1181 J0.
N52805 X-5.2362 Z-0.4134 I-0.1181 J0.
N52810 X-5. Z-0.3937 I0.1181 J0.
N52815 X-5.2362 Z-0.374 I-0.1181 J0.
N52820 X-5. Z-0.3543 I0.1181 J0.
N52825 X-5.2362 Z-0.3346 I-0.1181 J0.
N52830 X-5. Z-0.315 I0.1181 J0.
N52835 X-5.2362 Z-0.2953 I-0.1181 J0.
N52840 X-5. Z-0.2756 I0.1181 J0.
N52845 X-5.2362 Z-0.2559 I-0.1181 J0.
N52850 X-5. Z-0.2362 I0.1181 J0.
N52855 X-5.2362 Z-0.2165 I-0.1181 J0.
N52860 X-5. Z-0.1969 I0.1181 J0.
N52865 X-5.2362 Z-0.1772 I-0.1181 J0.
N52870 X-5. Z-0.1575 I0.1181 J0.
N52875 X-5.2362 Z-0.1378 I-0.1181 J0.
N52880 X-5. Z-0.1181 I0.1181 J0.
N52885 X-5.2362 Z-0.0984 I-0.1181 J0.
N52890 X-5. Z-0.0787 I0.1181 J0.
N52895 X-5.2362 Z-0.0591 I-0.1181 J0.
N52900 X-5. Z-0.0394 I0.1181 J0.
N52905 X-5.0226 Y-0.3243 Z-0.0354 I-0.1181 J0.
N52910 X-5.171 Y-0.3008 Z-0.0266 I-0.086 J-0.0625
N52915 G1 G40 X-5.1181 Y-0.3937
N52920 Z0.1969
N52925 X-4.3307
N52930 Z-0.5211
N52935 Z-0.5998
N52940 G41 X-4.3248 Y-0.4941 D14
N52945 G3 X-4.2244 Y-0.3937 Z-0.5906 I0. J0.1004
N52950 X-4.437 Z-0.5709 I-0.1063 J0.
N52955 X-4.2244 Z-0.5512 I0.1063 J0.
N52960 X-4.437 Z-0.5315 I-0.1063 J0.
N52965 X-4.2244 Z-0.5118 I0.1063 J0.
N52970 X-4.437 Z-0.4921 I-0.1063 J0.
N52975 X-4.2244 Z-0.4724 I0.1063 J0.
N52980 X-4.437 Z-0.4528 I-0.1063 J0.
N52985 X-4.2244 Z-0.4331 I0.1063 J0.
N52990 X-4.437 Z-0.4134 I-0.1063 J0.
N52995 X-4.2244 Z-0.3937 I0.1063 J0.
N53000 X-4.437 Z-0.374 I-0.1063 J0.
N53005 X-4.2244 Z-0.3543 I0.1063 J0.
N53010 X-4.437 Z-0.3346 I-0.1063 J0.
N53015 X-4.2244 Z-0.315 I0.1063 J0.
N53020 X-4.437 Z-0.2953 I-0.1063 J0.
N53025 X-4.2244 Z-0.2756 I0.1063 J0.
N53030 X-4.437 Z-0.2559 I-0.1063 J0.
N53035 X-4.2244 Z-0.2362 I0.1063 J0.
N53040 X-4.437 Z-0.2165 I-0.1063 J0.
N53045 X-4.2244 Z-0.1969 I0.1063 J0.
N53050 X-4.437 Z-0.1772 I-0.1063 J0.
N53055 X-4.2244 Z-0.1575 I0.1063 J0.
N53060 X-4.437 Z-0.1378 I-0.1063 J0.
N53065 X-4.2244 Z-0.1181 I0.1063 J0.
N53070 X-4.437 Z-0.0984 I-0.1063 J0.
N53075 X-4.2244 Z-0.0787 I0.1063 J0.
N53080 X-4.437 Z-0.0591 I-0.1063 J0.
N53085 X-4.2244 Z-0.0394 I0.1063 J0.
N53090 X-4.2447 Y-0.3312 Z-0.0354 I-0.1063 J0.
N53095 X-4.3849 Y-0.309 Z-0.0261 I-0.0812 J-0.059
N53100 G1 G40 X-4.3307 Y-0.3937
N53105 Z0.1969
N53110 Z-0.5209
N53115 Z-0.5996
N53120 G41 X-4.3219 Y-0.497 D14
N53125 G3 X-4.2185 Y-0.3937 Z-0.5906 I0. J0.1033
N53130 X-4.4429 Z-0.5709 I-0.1122 J0.
N53135 X-4.2185 Z-0.5512 I0.1122 J0.
N53140 X-4.4429 Z-0.5315 I-0.1122 J0.
N53145 X-4.2185 Z-0.5118 I0.1122 J0.
N53150 X-4.4429 Z-0.4921 I-0.1122 J0.
N53155 X-4.2185 Z-0.4724 I0.1122 J0.
N53160 X-4.4429 Z-0.4528 I-0.1122 J0.
N53165 X-4.2185 Z-0.4331 I0.1122 J0.
N53170 X-4.4429 Z-0.4134 I-0.1122 J0.
N53175 X-4.2185 Z-0.3937 I0.1122 J0.
N53180 X-4.4429 Z-0.374 I-0.1122 J0.
N53185 X-4.2185 Z-0.3543 I0.1122 J0.
N53190 X-4.4429 Z-0.3346 I-0.1122 J0.
N53195 X-4.2185 Z-0.315 I0.1122 J0.
N53200 X-4.4429 Z-0.2953 I-0.1122 J0.
N53205 X-4.2185 Z-0.2756 I0.1122 J0.
N53210 X-4.4429 Z-0.2559 I-0.1122 J0.
N53215 X-4.2185 Z-0.2362 I0.1122 J0.
N53220 X-4.4429 Z-0.2165 I-0.1122 J0.
N53225 X-4.2185 Z-0.1969 I0.1122 J0.
N53230 X-4.4429 Z-0.1772 I-0.1122 J0.
N53235 X-4.2185 Z-0.1575 I0.1122 J0.
N53240 X-4.4429 Z-0.1378 I-0.1122 J0.
N53245 X-4.2185 Z-0.1181 I0.1122 J0.
N53250 X-4.4429 Z-0.0984 I-0.1122 J0.
N53255 X-4.2185 Z-0.0787 I0.1122 J0.
N53260 X-4.4429 Z-0.0591 I-0.1122 J0.
N53265 X-4.2185 Z-0.0394 I0.1122 J0.
N53270 X-4.2399 Y-0.3277 Z-0.0354 I-0.1122 J0.
N53275 X-4.3843 Y-0.3049 Z-0.0264 I-0.0836 J-0.0607
N53280 G1 G40 X-4.3307 Y-0.3937
N53285 Z0.1969
N53290 Z-0.5207
N53295 Z-0.5994
N53300 G41 X-4.3189 Y-0.5 D14
N53305 G3 X-4.2126 Y-0.3937 Z-0.5906 I0. J0.1063
N53310 X-4.4488 Z-0.5709 I-0.1181 J0.
N53315 X-4.2126 Z-0.5512 I0.1181 J0.
N53320 X-4.4488 Z-0.5315 I-0.1181 J0.
N53325 X-4.2126 Z-0.5118 I0.1181 J0.
N53330 X-4.4488 Z-0.4921 I-0.1181 J0.
N53335 X-4.2126 Z-0.4724 I0.1181 J0.
N53340 X-4.4488 Z-0.4528 I-0.1181 J0.
N53345 X-4.2126 Z-0.4331 I0.1181 J0.
N53350 X-4.4488 Z-0.4134 I-0.1181 J0.
N53355 X-4.2126 Z-0.3937 I0.1181 J0.
N53360 X-4.4488 Z-0.374 I-0.1181 J0.
N53365 X-4.2126 Z-0.3543 I0.1181 J0.
N53370 X-4.4488 Z-0.3346 I-0.1181 J0.
N53375 X-4.2126 Z-0.315 I0.1181 J0.
N53380 X-4.4488 Z-0.2953 I-0.1181 J0.
N53385 X-4.2126 Z-0.2756 I0.1181 J0.
N53390 X-4.4488 Z-0.2559 I-0.1181 J0.
N53395 X-4.2126 Z-0.2362 I0.1181 J0.
N53400 X-4.4488 Z-0.2165 I-0.1181 J0.
N53405 X-4.2126 Z-0.1969 I0.1181 J0.
N53410 X-4.4488 Z-0.1772 I-0.1181 J0.
N53415 X-4.2126 Z-0.1575 I0.1181 J0.
N53420 X-4.4488 Z-0.1378 I-0.1181 J0.
N53425 X-4.2126 Z-0.1181 I0.1181 J0.
N53430 X-4.4488 Z-0.0984 I-0.1181 J0.
N53435 X-4.2126 Z-0.0787 I0.1181 J0.
N53440 X-4.4488 Z-0.0591 I-0.1181 J0.
N53445 X-4.2126 Z-0.0394 I0.1181 J0.
N53450 X-4.2352 Y-0.3243 Z-0.0354 I-0.1181 J0.
N53455 X-4.3836 Y-0.3008 Z-0.0266 I-0.086 J-0.0625
N53460 G1 G40 X-4.3307 Y-0.3937
N53465 Z0.1969
N53470 X-3.5433
N53475 Z-0.5211
N53480 Z-0.5998
N53485 G41 X-3.5374 Y-0.4941 D14
N53490 G3 X-3.437 Y-0.3937 Z-0.5906 I0. J0.1004
N53495 X-3.6496 Z-0.5709 I-0.1063 J0.
N53500 X-3.437 Z-0.5512 I0.1063 J0.
N53505 X-3.6496 Z-0.5315 I-0.1063 J0.
N53510 X-3.437 Z-0.5118 I0.1063 J0.
N53515 X-3.6496 Z-0.4921 I-0.1063 J0.
N53520 X-3.437 Z-0.4724 I0.1063 J0.
N53525 X-3.6496 Z-0.4528 I-0.1063 J0.
N53530 X-3.437 Z-0.4331 I0.1063 J0.
N53535 X-3.6496 Z-0.4134 I-0.1063 J0.
N53540 X-3.437 Z-0.3937 I0.1063 J0.
N53545 X-3.6496 Z-0.374 I-0.1063 J0.
N53550 X-3.437 Z-0.3543 I0.1063 J0.
N53555 X-3.6496 Z-0.3346 I-0.1063 J0.
N53560 X-3.437 Z-0.315 I0.1063 J0.
N53565 X-3.6496 Z-0.2953 I-0.1063 J0.
N53570 X-3.437 Z-0.2756 I0.1063 J0.
N53575 X-3.6496 Z-0.2559 I-0.1063 J0.
N53580 X-3.437 Z-0.2362 I0.1063 J0.
N53585 X-3.6496 Z-0.2165 I-0.1063 J0.
N53590 X-3.437 Z-0.1969 I0.1063 J0.
N53595 X-3.6496 Z-0.1772 I-0.1063 J0.
N53600 X-3.437 Z-0.1575 I0.1063 J0.
N53605 X-3.6496 Z-0.1378 I-0.1063 J0.
N53610 X-3.437 Z-0.1181 I0.1063 J0.
N53615 X-3.6496 Z-0.0984 I-0.1063 J0.
N53620 X-3.437 Z-0.0787 I0.1063 J0.
N53625 X-3.6496 Z-0.0591 I-0.1063 J0.
N53630 X-3.437 Z-0.0394 I0.1063 J0.
N53635 X-3.4573 Y-0.3312 Z-0.0354 I-0.1063 J0.
N53640 X-3.5975 Y-0.309 Z-0.0261 I-0.0812 J-0.059
N53645 G1 G40 X-3.5433 Y-0.3937
N53650 Z0.1969
N53655 Z-0.5209
N53660 Z-0.5996
N53665 G41 X-3.5344 Y-0.497 D14
N53670 G3 X-3.4311 Y-0.3937 Z-0.5906 I0. J0.1033
N53675 X-3.6555 Z-0.5709 I-0.1122 J0.
N53680 X-3.4311 Z-0.5512 I0.1122 J0.
N53685 X-3.6555 Z-0.5315 I-0.1122 J0.
N53690 X-3.4311 Z-0.5118 I0.1122 J0.
N53695 X-3.6555 Z-0.4921 I-0.1122 J0.
N53700 X-3.4311 Z-0.4724 I0.1122 J0.
N53705 X-3.6555 Z-0.4528 I-0.1122 J0.
N53710 X-3.4311 Z-0.4331 I0.1122 J0.
N53715 X-3.6555 Z-0.4134 I-0.1122 J0.
N53720 X-3.4311 Z-0.3937 I0.1122 J0.
N53725 X-3.6555 Z-0.374 I-0.1122 J0.
N53730 X-3.4311 Z-0.3543 I0.1122 J0.
N53735 X-3.6555 Z-0.3346 I-0.1122 J0.
N53740 X-3.4311 Z-0.315 I0.1122 J0.
N53745 X-3.6555 Z-0.2953 I-0.1122 J0.
N53750 X-3.4311 Z-0.2756 I0.1122 J0.
N53755 X-3.6555 Z-0.2559 I-0.1122 J0.
N53760 X-3.4311 Z-0.2362 I0.1122 J0.
N53765 X-3.6555 Z-0.2165 I-0.1122 J0.
N53770 X-3.4311 Z-0.1969 I0.1122 J0.
N53775 X-3.6555 Z-0.1772 I-0.1122 J0.
N53780 X-3.4311 Z-0.1575 I0.1122 J0.
N53785 X-3.6555 Z-0.1378 I-0.1122 J0.
N53790 X-3.4311 Z-0.1181 I0.1122 J0.
N53795 X-3.6555 Z-0.0984 I-0.1122 J0.
N53800 X-3.4311 Z-0.0787 I0.1122 J0.
N53805 X-3.6555 Z-0.0591 I-0.1122 J0.
N53810 X-3.4311 Z-0.0394 I0.1122 J0.
N53815 X-3.4525 Y-0.3277 Z-0.0354 I-0.1122 J0.
N53820 X-3.5969 Y-0.3049 Z-0.0264 I-0.0836 J-0.0607
N53825 G1 G40 X-3.5433 Y-0.3937
N53830 Z0.1969
N53835 Z-0.5207
N53840 Z-0.5994
N53845 G41 X-3.5315 Y-0.5 D14
N53850 G3 X-3.4252 Y-0.3937 Z-0.5906 I0. J0.1063
N53855 X-3.6614 Z-0.5709 I-0.1181 J0.
N53860 X-3.4252 Z-0.5512 I0.1181 J0.
N53865 X-3.6614 Z-0.5315 I-0.1181 J0.
N53870 X-3.4252 Z-0.5118 I0.1181 J0.
N53875 X-3.6614 Z-0.4921 I-0.1181 J0.
N53880 X-3.4252 Z-0.4724 I0.1181 J0.
N53885 X-3.6614 Z-0.4528 I-0.1181 J0.
N53890 X-3.4252 Z-0.4331 I0.1181 J0.
N53895 X-3.6614 Z-0.4134 I-0.1181 J0.
N53900 X-3.4252 Z-0.3937 I0.1181 J0.
N53905 X-3.6614 Z-0.374 I-0.1181 J0.
N53910 X-3.4252 Z-0.3543 I0.1181 J0.
N53915 X-3.6614 Z-0.3346 I-0.1181 J0.
N53920 X-3.4252 Z-0.315 I0.1181 J0.
N53925 X-3.6614 Z-0.2953 I-0.1181 J0.
N53930 X-3.4252 Z-0.2756 I0.1181 J0.
N53935 X-3.6614 Z-0.2559 I-0.1181 J0.
N53940 X-3.4252 Z-0.2362 I0.1181 J0.
N53945 X-3.6614 Z-0.2165 I-0.1181 J0.
N53950 X-3.4252 Z-0.1969 I0.1181 J0.
N53955 X-3.6614 Z-0.1772 I-0.1181 J0.
N53960 X-3.4252 Z-0.1575 I0.1181 J0.
N53965 X-3.6614 Z-0.1378 I-0.1181 J0.
N53970 X-3.4252 Z-0.1181 I0.1181 J0.
N53975 X-3.6614 Z-0.0984 I-0.1181 J0.
N53980 X-3.4252 Z-0.0787 I0.1181 J0.
N53985 X-3.6614 Z-0.0591 I-0.1181 J0.
N53990 X-3.4252 Z-0.0394 I0.1181 J0.
N53995 X-3.4478 Y-0.3243 Z-0.0354 I-0.1181 J0.
N54000 X-3.5962 Y-0.3008 Z-0.0266 I-0.086 J-0.0625
N54005 G1 G40 X-3.5433 Y-0.3937
N54010 Z0.1969
N54015 X-2.7559
N54020 Z-0.5211
N54025 Z-0.5998
N54030 G41 X-2.75 Y-0.4941 D14
N54035 G3 X-2.6496 Y-0.3937 Z-0.5906 I0. J0.1004
N54040 X-2.8622 Z-0.5709 I-0.1063 J0.
N54045 X-2.6496 Z-0.5512 I0.1063 J0.
N54050 X-2.8622 Z-0.5315 I-0.1063 J0.
N54055 X-2.6496 Z-0.5118 I0.1063 J0.
N54060 X-2.8622 Z-0.4921 I-0.1063 J0.
N54065 X-2.6496 Z-0.4724 I0.1063 J0.
N54070 X-2.8622 Z-0.4528 I-0.1063 J0.
N54075 X-2.6496 Z-0.4331 I0.1063 J0.
N54080 X-2.8622 Z-0.4134 I-0.1063 J0.
N54085 X-2.6496 Z-0.3937 I0.1063 J0.
N54090 X-2.8622 Z-0.374 I-0.1063 J0.
N54095 X-2.6496 Z-0.3543 I0.1063 J0.
N54100 X-2.8622 Z-0.3346 I-0.1063 J0.
N54105 X-2.6496 Z-0.315 I0.1063 J0.
N54110 X-2.8622 Z-0.2953 I-0.1063 J0.
N54115 X-2.6496 Z-0.2756 I0.1063 J0.
N54120 X-2.8622 Z-0.2559 I-0.1063 J0.
N54125 X-2.6496 Z-0.2362 I0.1063 J0.
N54130 X-2.8622 Z-0.2165 I-0.1063 J0.
N54135 X-2.6496 Z-0.1969 I0.1063 J0.
N54140 X-2.8622 Z-0.1772 I-0.1063 J0.
N54145 X-2.6496 Z-0.1575 I0.1063 J0.
N54150 X-2.8622 Z-0.1378 I-0.1063 J0.
N54155 X-2.6496 Z-0.1181 I0.1063 J0.
N54160 X-2.8622 Z-0.0984 I-0.1063 J0.
N54165 X-2.6496 Z-0.0787 I0.1063 J0.
N54170 X-2.8622 Z-0.0591 I-0.1063 J0.
N54175 X-2.6496 Z-0.0394 I0.1063 J0.
N54180 X-2.6699 Y-0.3312 Z-0.0354 I-0.1063 J0.
N54185 X-2.8101 Y-0.309 Z-0.0261 I-0.0812 J-0.059
N54190 G1 G40 X-2.7559 Y-0.3937
N54195 Z0.1969
N54200 Z-0.5209
N54205 Z-0.5996
N54210 G41 X-2.747 Y-0.497 D14
N54215 G3 X-2.6437 Y-0.3937 Z-0.5906 I0. J0.1033
N54220 X-2.8681 Z-0.5709 I-0.1122 J0.
N54225 X-2.6437 Z-0.5512 I0.1122 J0.
N54230 X-2.8681 Z-0.5315 I-0.1122 J0.
N54235 X-2.6437 Z-0.5118 I0.1122 J0.
N54240 X-2.8681 Z-0.4921 I-0.1122 J0.
N54245 X-2.6437 Z-0.4724 I0.1122 J0.
N54250 X-2.8681 Z-0.4528 I-0.1122 J0.
N54255 X-2.6437 Z-0.4331 I0.1122 J0.
N54260 X-2.8681 Z-0.4134 I-0.1122 J0.
N54265 X-2.6437 Z-0.3937 I0.1122 J0.
N54270 X-2.8681 Z-0.374 I-0.1122 J0.
N54275 X-2.6437 Z-0.3543 I0.1122 J0.
N54280 X-2.8681 Z-0.3346 I-0.1122 J0.
N54285 X-2.6437 Z-0.315 I0.1122 J0.
N54290 X-2.8681 Z-0.2953 I-0.1122 J0.
N54295 X-2.6437 Z-0.2756 I0.1122 J0.
N54300 X-2.8681 Z-0.2559 I-0.1122 J0.
N54305 X-2.6437 Z-0.2362 I0.1122 J0.
N54310 X-2.8681 Z-0.2165 I-0.1122 J0.
N54315 X-2.6437 Z-0.1969 I0.1122 J0.
N54320 X-2.8681 Z-0.1772 I-0.1122 J0.
N54325 X-2.6437 Z-0.1575 I0.1122 J0.
N54330 X-2.8681 Z-0.1378 I-0.1122 J0.
N54335 X-2.6437 Z-0.1181 I0.1122 J0.
N54340 X-2.8681 Z-0.0984 I-0.1122 J0.
N54345 X-2.6437 Z-0.0787 I0.1122 J0.
N54350 X-2.8681 Z-0.0591 I-0.1122 J0.
N54355 X-2.6437 Z-0.0394 I0.1122 J0.
N54360 X-2.6651 Y-0.3277 Z-0.0354 I-0.1122 J0.
N54365 X-2.8095 Y-0.3049 Z-0.0264 I-0.0836 J-0.0607
N54370 G1 G40 X-2.7559 Y-0.3937
N54375 Z0.1969
N54380 Z-0.5207
N54385 Z-0.5994
N54390 G41 X-2.7441 Y-0.5 D14
N54395 G3 X-2.6378 Y-0.3937 Z-0.5906 I0. J0.1063
N54400 X-2.874 Z-0.5709 I-0.1181 J0.
N54405 X-2.6378 Z-0.5512 I0.1181 J0.
N54410 X-2.874 Z-0.5315 I-0.1181 J0.
N54415 X-2.6378 Z-0.5118 I0.1181 J0.
N54420 X-2.874 Z-0.4921 I-0.1181 J0.
N54425 X-2.6378 Z-0.4724 I0.1181 J0.
N54430 X-2.874 Z-0.4528 I-0.1181 J0.
N54435 X-2.6378 Z-0.4331 I0.1181 J0.
N54440 X-2.874 Z-0.4134 I-0.1181 J0.
N54445 X-2.6378 Z-0.3937 I0.1181 J0.
N54450 X-2.874 Z-0.374 I-0.1181 J0.
N54455 X-2.6378 Z-0.3543 I0.1181 J0.
N54460 X-2.874 Z-0.3346 I-0.1181 J0.
N54465 X-2.6378 Z-0.315 I0.1181 J0.
N54470 X-2.874 Z-0.2953 I-0.1181 J0.
N54475 X-2.6378 Z-0.2756 I0.1181 J0.
N54480 X-2.874 Z-0.2559 I-0.1181 J0.
N54485 X-2.6378 Z-0.2362 I0.1181 J0.
N54490 X-2.874 Z-0.2165 I-0.1181 J0.
N54495 X-2.6378 Z-0.1969 I0.1181 J0.
N54500 X-2.874 Z-0.1772 I-0.1181 J0.
N54505 X-2.6378 Z-0.1575 I0.1181 J0.
N54510 X-2.874 Z-0.1378 I-0.1181 J0.
N54515 X-2.6378 Z-0.1181 I0.1181 J0.
N54520 X-2.874 Z-0.0984 I-0.1181 J0.
N54525 X-2.6378 Z-0.0787 I0.1181 J0.
N54530 X-2.874 Z-0.0591 I-0.1181 J0.
N54535 X-2.6378 Z-0.0394 I0.1181 J0.
N54540 X-2.6604 Y-0.3243 Z-0.0354 I-0.1181 J0.
N54545 X-2.8088 Y-0.3008 Z-0.0266 I-0.086 J-0.0625
N54550 G1 G40 X-2.7559 Y-0.3937
N54555 Z0.1969
N54560 X-1.9685
N54565 Z-0.5211
N54570 Z-0.5998
N54575 G41 X-1.9626 Y-0.4941 D14
N54580 G3 X-1.8622 Y-0.3937 Z-0.5906 I0. J0.1004
N54585 X-2.0748 Z-0.5709 I-0.1063 J0.
N54590 X-1.8622 Z-0.5512 I0.1063 J0.
N54595 X-2.0748 Z-0.5315 I-0.1063 J0.
N54600 X-1.8622 Z-0.5118 I0.1063 J0.
N54605 X-2.0748 Z-0.4921 I-0.1063 J0.
N54610 X-1.8622 Z-0.4724 I0.1063 J0.
N54615 X-2.0748 Z-0.4528 I-0.1063 J0.
N54620 X-1.8622 Z-0.4331 I0.1063 J0.
N54625 X-2.0748 Z-0.4134 I-0.1063 J0.
N54630 X-1.8622 Z-0.3937 I0.1063 J0.
N54635 X-2.0748 Z-0.374 I-0.1063 J0.
N54640 X-1.8622 Z-0.3543 I0.1063 J0.
N54645 X-2.0748 Z-0.3346 I-0.1063 J0.
N54650 X-1.8622 Z-0.315 I0.1063 J0.
N54655 X-2.0748 Z-0.2953 I-0.1063 J0.
N54660 X-1.8622 Z-0.2756 I0.1063 J0.
N54665 X-2.0748 Z-0.2559 I-0.1063 J0.
N54670 X-1.8622 Z-0.2362 I0.1063 J0.
N54675 X-2.0748 Z-0.2165 I-0.1063 J0.
N54680 X-1.8622 Z-0.1969 I0.1063 J0.
N54685 X-2.0748 Z-0.1772 I-0.1063 J0.
N54690 X-1.8622 Z-0.1575 I0.1063 J0.
N54695 X-2.0748 Z-0.1378 I-0.1063 J0.
N54700 X-1.8622 Z-0.1181 I0.1063 J0.
N54705 X-2.0748 Z-0.0984 I-0.1063 J0.
N54710 X-1.8622 Z-0.0787 I0.1063 J0.
N54715 X-2.0748 Z-0.0591 I-0.1063 J0.
N54720 X-1.8622 Z-0.0394 I0.1063 J0.
N54725 X-1.8825 Y-0.3312 Z-0.0354 I-0.1063 J0.
N54730 X-2.0227 Y-0.309 Z-0.0261 I-0.0812 J-0.059
N54735 G1 G40 X-1.9685 Y-0.3937
N54740 Z0.1969
N54745 Z-0.5209
N54750 Z-0.5996
N54755 G41 X-1.9596 Y-0.497 D14
N54760 G3 X-1.8563 Y-0.3937 Z-0.5906 I0. J0.1033
N54765 X-2.0807 Z-0.5709 I-0.1122 J0.
N54770 X-1.8563 Z-0.5512 I0.1122 J0.
N54775 X-2.0807 Z-0.5315 I-0.1122 J0.
N54780 X-1.8563 Z-0.5118 I0.1122 J0.
N54785 X-2.0807 Z-0.4921 I-0.1122 J0.
N54790 X-1.8563 Z-0.4724 I0.1122 J0.
N54795 X-2.0807 Z-0.4528 I-0.1122 J0.
N54800 X-1.8563 Z-0.4331 I0.1122 J0.
N54805 X-2.0807 Z-0.4134 I-0.1122 J0.
N54810 X-1.8563 Z-0.3937 I0.1122 J0.
N54815 X-2.0807 Z-0.374 I-0.1122 J0.
N54820 X-1.8563 Z-0.3543 I0.1122 J0.
N54825 X-2.0807 Z-0.3346 I-0.1122 J0.
N54830 X-1.8563 Z-0.315 I0.1122 J0.
N54835 X-2.0807 Z-0.2953 I-0.1122 J0.
N54840 X-1.8563 Z-0.2756 I0.1122 J0.
N54845 X-2.0807 Z-0.2559 I-0.1122 J0.
N54850 X-1.8563 Z-0.2362 I0.1122 J0.
N54855 X-2.0807 Z-0.2165 I-0.1122 J0.
N54860 X-1.8563 Z-0.1969 I0.1122 J0.
N54865 X-2.0807 Z-0.1772 I-0.1122 J0.
N54870 X-1.8563 Z-0.1575 I0.1122 J0.
N54875 X-2.0807 Z-0.1378 I-0.1122 J0.
N54880 X-1.8563 Z-0.1181 I0.1122 J0.
N54885 X-2.0807 Z-0.0984 I-0.1122 J0.
N54890 X-1.8563 Z-0.0787 I0.1122 J0.
N54895 X-2.0807 Z-0.0591 I-0.1122 J0.
N54900 X-1.8563 Z-0.0394 I0.1122 J0.
N54905 X-1.8777 Y-0.3277 Z-0.0354 I-0.1122 J0.
N54910 X-2.0221 Y-0.3049 Z-0.0264 I-0.0836 J-0.0607
N54915 G1 G40 X-1.9685 Y-0.3937
N54920 Z0.1969
N54925 Z-0.5207
N54930 Z-0.5994
N54935 G41 X-1.9567 Y-0.5 D14
N54940 G3 X-1.8504 Y-0.3937 Z-0.5906 I0. J0.1063
N54945 X-2.0866 Z-0.5709 I-0.1181 J0.
N54950 X-1.8504 Z-0.5512 I0.1181 J0.
N54955 X-2.0866 Z-0.5315 I-0.1181 J0.
N54960 X-1.8504 Z-0.5118 I0.1181 J0.
N54965 X-2.0866 Z-0.4921 I-0.1181 J0.
N54970 X-1.8504 Z-0.4724 I0.1181 J0.
N54975 X-2.0866 Z-0.4528 I-0.1181 J0.
N54980 X-1.8504 Z-0.4331 I0.1181 J0.
N54985 X-2.0866 Z-0.4134 I-0.1181 J0.
N54990 X-1.8504 Z-0.3937 I0.1181 J0.
N54995 X-2.0866 Z-0.374 I-0.1181 J0.
N55000 X-1.8504 Z-0.3543 I0.1181 J0.
N55005 X-2.0866 Z-0.3346 I-0.1181 J0.
N55010 X-1.8504 Z-0.315 I0.1181 J0.
N55015 X-2.0866 Z-0.2953 I-0.1181 J0.
N55020 X-1.8504 Z-0.2756 I0.1181 J0.
N55025 X-2.0866 Z-0.2559 I-0.1181 J0.
N55030 X-1.8504 Z-0.2362 I0.1181 J0.
N55035 X-2.0866 Z-0.2165 I-0.1181 J0.
N55040 X-1.8504 Z-0.1969 I0.1181 J0.
N55045 X-2.0866 Z-0.1772 I-0.1181 J0.
N55050 X-1.8504 Z-0.1575 I0.1181 J0.
N55055 X-2.0866 Z-0.1378 I-0.1181 J0.
N55060 X-1.8504 Z-0.1181 I0.1181 J0.
N55065 X-2.0866 Z-0.0984 I-0.1181 J0.
N55070 X-1.8504 Z-0.0787 I0.1181 J0.
N55075 X-2.0866 Z-0.0591 I-0.1181 J0.
N55080 X-1.8504 Z-0.0394 I0.1181 J0.
N55085 X-1.873 Y-0.3243 Z-0.0354 I-0.1181 J0.
N55090 X-2.0214 Y-0.3008 Z-0.0266 I-0.086 J-0.0625
N55095 G1 G40 X-1.9685 Y-0.3937
N55100 Z0.1969
N55105 X-1.1811
N55110 Z-0.5211
N55115 Z-0.5998
N55120 G41 X-1.1752 Y-0.4941 D14
N55125 G3 X-1.0748 Y-0.3937 Z-0.5906 I0. J0.1004
N55130 X-1.2874 Z-0.5709 I-0.1063 J0.
N55135 X-1.0748 Z-0.5512 I0.1063 J0.
N55140 X-1.2874 Z-0.5315 I-0.1063 J0.
N55145 X-1.0748 Z-0.5118 I0.1063 J0.
N55150 X-1.2874 Z-0.4921 I-0.1063 J0.
N55155 X-1.0748 Z-0.4724 I0.1063 J0.
N55160 X-1.2874 Z-0.4528 I-0.1063 J0.
N55165 X-1.0748 Z-0.4331 I0.1063 J0.
N55170 X-1.2874 Z-0.4134 I-0.1063 J0.
N55175 X-1.0748 Z-0.3937 I0.1063 J0.
N55180 X-1.2874 Z-0.374 I-0.1063 J0.
N55185 X-1.0748 Z-0.3543 I0.1063 J0.
N55190 X-1.2874 Z-0.3346 I-0.1063 J0.
N55195 X-1.0748 Z-0.315 I0.1063 J0.
N55200 X-1.2874 Z-0.2953 I-0.1063 J0.
N55205 X-1.0748 Z-0.2756 I0.1063 J0.
N55210 X-1.2874 Z-0.2559 I-0.1063 J0.
N55215 X-1.0748 Z-0.2362 I0.1063 J0.
N55220 X-1.2874 Z-0.2165 I-0.1063 J0.
N55225 X-1.0748 Z-0.1969 I0.1063 J0.
N55230 X-1.2874 Z-0.1772 I-0.1063 J0.
N55235 X-1.0748 Z-0.1575 I0.1063 J0.
N55240 X-1.2874 Z-0.1378 I-0.1063 J0.
N55245 X-1.0748 Z-0.1181 I0.1063 J0.
N55250 X-1.2874 Z-0.0984 I-0.1063 J0.
N55255 X-1.0748 Z-0.0787 I0.1063 J0.
N55260 X-1.2874 Z-0.0591 I-0.1063 J0.
N55265 X-1.0748 Z-0.0394 I0.1063 J0.
N55270 X-1.0951 Y-0.3312 Z-0.0354 I-0.1063 J0.
N55275 X-1.2353 Y-0.309 Z-0.0261 I-0.0812 J-0.059
N55280 G1 G40 X-1.1811 Y-0.3937
N55285 Z0.1969
N55290 Z-0.5209
N55295 Z-0.5996
N55300 G41 X-1.1722 Y-0.497 D14
N55305 G3 X-1.0689 Y-0.3937 Z-0.5906 I0. J0.1033
N55310 X-1.2933 Z-0.5709 I-0.1122 J0.
N55315 X-1.0689 Z-0.5512 I0.1122 J0.
N55320 X-1.2933 Z-0.5315 I-0.1122 J0.
N55325 X-1.0689 Z-0.5118 I0.1122 J0.
N55330 X-1.2933 Z-0.4921 I-0.1122 J0.
N55335 X-1.0689 Z-0.4724 I0.1122 J0.
N55340 X-1.2933 Z-0.4528 I-0.1122 J0.
N55345 X-1.0689 Z-0.4331 I0.1122 J0.
N55350 X-1.2933 Z-0.4134 I-0.1122 J0.
N55355 X-1.0689 Z-0.3937 I0.1122 J0.
N55360 X-1.2933 Z-0.374 I-0.1122 J0.
N55365 X-1.0689 Z-0.3543 I0.1122 J0.
N55370 X-1.2933 Z-0.3346 I-0.1122 J0.
N55375 X-1.0689 Z-0.315 I0.1122 J0.
N55380 X-1.2933 Z-0.2953 I-0.1122 J0.
N55385 X-1.0689 Z-0.2756 I0.1122 J0.
N55390 X-1.2933 Z-0.2559 I-0.1122 J0.
N55395 X-1.0689 Z-0.2362 I0.1122 J0.
N55400 X-1.2933 Z-0.2165 I-0.1122 J0.
N55405 X-1.0689 Z-0.1969 I0.1122 J0.
N55410 X-1.2933 Z-0.1772 I-0.1122 J0.
N55415 X-1.0689 Z-0.1575 I0.1122 J0.
N55420 X-1.2933 Z-0.1378 I-0.1122 J0.
N55425 X-1.0689 Z-0.1181 I0.1122 J0.
N55430 X-1.2933 Z-0.0984 I-0.1122 J0.
N55435 X-1.0689 Z-0.0787 I0.1122 J0.
N55440 X-1.2933 Z-0.0591 I-0.1122 J0.
N55445 X-1.0689 Z-0.0394 I0.1122 J0.
N55450 X-1.0903 Y-0.3277 Z-0.0354 I-0.1122 J0.
N55455 X-1.2347 Y-0.3049 Z-0.0264 I-0.0836 J-0.0607
N55460 G1 G40 X-1.1811 Y-0.3937
N55465 Z0.1969
N55470 Z-0.5207
N55475 Z-0.5994
N55480 G41 X-1.1693 Y-0.5 D14
N55485 G3 X-1.063 Y-0.3937 Z-0.5906 I0. J0.1063
N55490 X-1.2992 Z-0.5709 I-0.1181 J0.
N55495 X-1.063 Z-0.5512 I0.1181 J0.
N55500 X-1.2992 Z-0.5315 I-0.1181 J0.
N55505 X-1.063 Z-0.5118 I0.1181 J0.
N55510 X-1.2992 Z-0.4921 I-0.1181 J0.
N55515 X-1.063 Z-0.4724 I0.1181 J0.
N55520 X-1.2992 Z-0.4528 I-0.1181 J0.
N55525 X-1.063 Z-0.4331 I0.1181 J0.
N55530 X-1.2992 Z-0.4134 I-0.1181 J0.
N55535 X-1.063 Z-0.3937 I0.1181 J0.
N55540 X-1.2992 Z-0.374 I-0.1181 J0.
N55545 X-1.063 Z-0.3543 I0.1181 J0.
N55550 X-1.2992 Z-0.3346 I-0.1181 J0.
N55555 X-1.063 Z-0.315 I0.1181 J0.
N55560 X-1.2992 Z-0.2953 I-0.1181 J0.
N55565 X-1.063 Z-0.2756 I0.1181 J0.
N55570 X-1.2992 Z-0.2559 I-0.1181 J0.
N55575 X-1.063 Z-0.2362 I0.1181 J0.
N55580 X-1.2992 Z-0.2165 I-0.1181 J0.
N55585 X-1.063 Z-0.1969 I0.1181 J0.
N55590 X-1.2992 Z-0.1772 I-0.1181 J0.
N55595 X-1.063 Z-0.1575 I0.1181 J0.
N55600 X-1.2992 Z-0.1378 I-0.1181 J0.
N55605 X-1.063 Z-0.1181 I0.1181 J0.
N55610 X-1.2992 Z-0.0984 I-0.1181 J0.
N55615 X-1.063 Z-0.0787 I0.1181 J0.
N55620 X-1.2992 Z-0.0591 I-0.1181 J0.
N55625 X-1.063 Z-0.0394 I0.1181 J0.
N55630 X-1.0855 Y-0.3243 Z-0.0354 I-0.1181 J0.
N55635 X-1.234 Y-0.3008 Z-0.0266 I-0.086 J-0.0625
N55640 G1 G40 X-1.1811 Y-0.3937
N55645 Z0.1969
N55650 X-0.3937
N55655 Z-0.5211
N55660 Z-0.5998
N55665 G41 X-0.3878 Y-0.4941 D14
N55670 G3 X-0.2874 Y-0.3937 Z-0.5906 I0. J0.1004
N55675 X-0.5 Z-0.5709 I-0.1063 J0.
N55680 X-0.2874 Z-0.5512 I0.1063 J0.
N55685 X-0.5 Z-0.5315 I-0.1063 J0.
N55690 X-0.2874 Z-0.5118 I0.1063 J0.
N55695 X-0.5 Z-0.4921 I-0.1063 J0.
N55700 X-0.2874 Z-0.4724 I0.1063 J0.
N55705 X-0.5 Z-0.4528 I-0.1063 J0.
N55710 X-0.2874 Z-0.4331 I0.1063 J0.
N55715 X-0.5 Z-0.4134 I-0.1063 J0.
N55720 X-0.2874 Z-0.3937 I0.1063 J0.
N55725 X-0.5 Z-0.374 I-0.1063 J0.
N55730 X-0.2874 Z-0.3543 I0.1063 J0.
N55735 X-0.5 Z-0.3346 I-0.1063 J0.
N55740 X-0.2874 Z-0.315 I0.1063 J0.
N55745 X-0.5 Z-0.2953 I-0.1063 J0.
N55750 X-0.2874 Z-0.2756 I0.1063 J0.
N55755 X-0.5 Z-0.2559 I-0.1063 J0.
N55760 X-0.2874 Z-0.2362 I0.1063 J0.
N55765 X-0.5 Z-0.2165 I-0.1063 J0.
N55770 X-0.2874 Z-0.1969 I0.1063 J0.
N55775 X-0.5 Z-0.1772 I-0.1063 J0.
N55780 X-0.2874 Z-0.1575 I0.1063 J0.
N55785 X-0.5 Z-0.1378 I-0.1063 J0.
N55790 X-0.2874 Z-0.1181 I0.1063 J0.
N55795 X-0.5 Z-0.0984 I-0.1063 J0.
N55800 X-0.2874 Z-0.0787 I0.1063 J0.
N55805 X-0.5 Z-0.0591 I-0.1063 J0.
N55810 X-0.2874 Z-0.0394 I0.1063 J0.
N55815 X-0.3077 Y-0.3312 Z-0.0354 I-0.1063 J0.
N55820 X-0.4479 Y-0.309 Z-0.0261 I-0.0812 J-0.059
N55825 G1 G40 X-0.3937 Y-0.3937
N55830 Z0.1969
N55835 Z-0.5209
N55840 Z-0.5996
N55845 G41 X-0.3848 Y-0.497 D14
N55850 G3 X-0.2815 Y-0.3937 Z-0.5906 I0. J0.1033
N55855 X-0.5059 Z-0.5709 I-0.1122 J0.
N55860 X-0.2815 Z-0.5512 I0.1122 J0.
N55865 X-0.5059 Z-0.5315 I-0.1122 J0.
N55870 X-0.2815 Z-0.5118 I0.1122 J0.
N55875 X-0.5059 Z-0.4921 I-0.1122 J0.
N55880 X-0.2815 Z-0.4724 I0.1122 J0.
N55885 X-0.5059 Z-0.4528 I-0.1122 J0.
N55890 X-0.2815 Z-0.4331 I0.1122 J0.
N55895 X-0.5059 Z-0.4134 I-0.1122 J0.
N55900 X-0.2815 Z-0.3937 I0.1122 J0.
N55905 X-0.5059 Z-0.374 I-0.1122 J0.
N55910 X-0.2815 Z-0.3543 I0.1122 J0.
N55915 X-0.5059 Z-0.3346 I-0.1122 J0.
N55920 X-0.2815 Z-0.315 I0.1122 J0.
N55925 X-0.5059 Z-0.2953 I-0.1122 J0.
N55930 X-0.2815 Z-0.2756 I0.1122 J0.
N55935 X-0.5059 Z-0.2559 I-0.1122 J0.
N55940 X-0.2815 Z-0.2362 I0.1122 J0.
N55945 X-0.5059 Z-0.2165 I-0.1122 J0.
N55950 X-0.2815 Z-0.1969 I0.1122 J0.
N55955 X-0.5059 Z-0.1772 I-0.1122 J0.
N55960 X-0.2815 Z-0.1575 I0.1122 J0.
N55965 X-0.5059 Z-0.1378 I-0.1122 J0.
N55970 X-0.2815 Z-0.1181 I0.1122 J0.
N55975 X-0.5059 Z-0.0984 I-0.1122 J0.
N55980 X-0.2815 Z-0.0787 I0.1122 J0.
N55985 X-0.5059 Z-0.0591 I-0.1122 J0.
N55990 X-0.2815 Z-0.0394 I0.1122 J0.
N55995 X-0.3029 Y-0.3277 Z-0.0354 I-0.1122 J0.
N56000 X-0.4473 Y-0.3049 Z-0.0264 I-0.0836 J-0.0607
N56005 G1 G40 X-0.3937 Y-0.3937
N56010 Z0.1969
N56015 Z-0.5207
N56020 Z-0.5994
N56025 G41 X-0.3819 Y-0.5 D14
N56030 G3 X-0.2756 Y-0.3937 Z-0.5906 I0. J0.1063
N56035 X-0.5118 Z-0.5709 I-0.1181 J0.
N56040 X-0.2756 Z-0.5512 I0.1181 J0.
N56045 X-0.5118 Z-0.5315 I-0.1181 J0.
N56050 X-0.2756 Z-0.5118 I0.1181 J0.
N56055 X-0.5118 Z-0.4921 I-0.1181 J0.
N56060 X-0.2756 Z-0.4724 I0.1181 J0.
N56065 X-0.5118 Z-0.4528 I-0.1181 J0.
N56070 X-0.2756 Z-0.4331 I0.1181 J0.
N56075 X-0.5118 Z-0.4134 I-0.1181 J0.
N56080 X-0.2756 Z-0.3937 I0.1181 J0.
N56085 X-0.5118 Z-0.374 I-0.1181 J0.
N56090 X-0.2756 Z-0.3543 I0.1181 J0.
N56095 X-0.5118 Z-0.3346 I-0.1181 J0.
N56100 X-0.2756 Z-0.315 I0.1181 J0.
N56105 X-0.5118 Z-0.2953 I-0.1181 J0.
N56110 X-0.2756 Z-0.2756 I0.1181 J0.
N56115 X-0.5118 Z-0.2559 I-0.1181 J0.
N56120 X-0.2756 Z-0.2362 I0.1181 J0.
N56125 X-0.5118 Z-0.2165 I-0.1181 J0.
N56130 X-0.2756 Z-0.1969 I0.1181 J0.
N56135 X-0.5118 Z-0.1772 I-0.1181 J0.
N56140 X-0.2756 Z-0.1575 I0.1181 J0.
N56145 X-0.5118 Z-0.1378 I-0.1181 J0.
N56150 X-0.2756 Z-0.1181 I0.1181 J0.
N56155 X-0.5118 Z-0.0984 I-0.1181 J0.
N56160 X-0.2756 Z-0.0787 I0.1181 J0.
N56165 X-0.5118 Z-0.0591 I-0.1181 J0.
N56170 X-0.2756 Z-0.0394 I0.1181 J0.
N56175 X-0.2981 Y-0.3243 Z-0.0354 I-0.1181 J0.
N56180 X-0.4466 Y-0.3008 Z-0.0266 I-0.086 J-0.0625
N56185 G1 G40 X-0.3937 Y-0.3937
N56190 Z0.1969
N56195 X0.3937
N56200 Z-0.5211
N56205 Z-0.5998
N56210 G41 X0.3996 Y-0.4941 D14
N56215 G3 X0.5 Y-0.3937 Z-0.5906 I0. J0.1004
N56220 X0.2874 Z-0.5709 I-0.1063 J0.
N56225 X0.5 Z-0.5512 I0.1063 J0.
N56230 X0.2874 Z-0.5315 I-0.1063 J0.
N56235 X0.5 Z-0.5118 I0.1063 J0.
N56240 X0.2874 Z-0.4921 I-0.1063 J0.
N56245 X0.5 Z-0.4724 I0.1063 J0.
N56250 X0.2874 Z-0.4528 I-0.1063 J0.
N56255 X0.5 Z-0.4331 I0.1063 J0.
N56260 X0.2874 Z-0.4134 I-0.1063 J0.
N56265 X0.5 Z-0.3937 I0.1063 J0.
N56270 X0.2874 Z-0.374 I-0.1063 J0.
N56275 X0.5 Z-0.3543 I0.1063 J0.
N56280 X0.2874 Z-0.3346 I-0.1063 J0.
N56285 X0.5 Z-0.315 I0.1063 J0.
N56290 X0.2874 Z-0.2953 I-0.1063 J0.
N56295 X0.5 Z-0.2756 I0.1063 J0.
N56300 X0.2874 Z-0.2559 I-0.1063 J0.
N56305 X0.5 Z-0.2362 I0.1063 J0.
N56310 X0.2874 Z-0.2165 I-0.1063 J0.
N56315 X0.5 Z-0.1969 I0.1063 J0.
N56320 X0.2874 Z-0.1772 I-0.1063 J0.
N56325 X0.5 Z-0.1575 I0.1063 J0.
N56330 X0.2874 Z-0.1378 I-0.1063 J0.
N56335 X0.5 Z-0.1181 I0.1063 J0.
N56340 X0.2874 Z-0.0984 I-0.1063 J0.
N56345 X0.5 Z-0.0787 I0.1063 J0.
N56350 X0.2874 Z-0.0591 I-0.1063 J0.
N56355 X0.5 Z-0.0394 I0.1063 J0.
N56360 X0.4797 Y-0.3312 Z-0.0354 I-0.1063 J0.
N56365 X0.3395 Y-0.309 Z-0.0261 I-0.0812 J-0.059
N56370 G1 G40 X0.3937 Y-0.3937
N56375 Z0.1969
N56380 Z-0.5209
N56385 Z-0.5996
N56390 G41 X0.4026 Y-0.497 D14
N56395 G3 X0.5059 Y-0.3937 Z-0.5906 I0. J0.1033
N56400 X0.2815 Z-0.5709 I-0.1122 J0.
N56405 X0.5059 Z-0.5512 I0.1122 J0.
N56410 X0.2815 Z-0.5315 I-0.1122 J0.
N56415 X0.5059 Z-0.5118 I0.1122 J0.
N56420 X0.2815 Z-0.4921 I-0.1122 J0.
N56425 X0.5059 Z-0.4724 I0.1122 J0.
N56430 X0.2815 Z-0.4528 I-0.1122 J0.
N56435 X0.5059 Z-0.4331 I0.1122 J0.
N56440 X0.2815 Z-0.4134 I-0.1122 J0.
N56445 X0.5059 Z-0.3937 I0.1122 J0.
N56450 X0.2815 Z-0.374 I-0.1122 J0.
N56455 X0.5059 Z-0.3543 I0.1122 J0.
N56460 X0.2815 Z-0.3346 I-0.1122 J0.
N56465 X0.5059 Z-0.315 I0.1122 J0.
N56470 X0.2815 Z-0.2953 I-0.1122 J0.
N56475 X0.5059 Z-0.2756 I0.1122 J0.
N56480 X0.2815 Z-0.2559 I-0.1122 J0.
N56485 X0.5059 Z-0.2362 I0.1122 J0.
N56490 X0.2815 Z-0.2165 I-0.1122 J0.
N56495 X0.5059 Z-0.1969 I0.1122 J0.
N56500 X0.2815 Z-0.1772 I-0.1122 J0.
N56505 X0.5059 Z-0.1575 I0.1122 J0.
N56510 X0.2815 Z-0.1378 I-0.1122 J0.
N56515 X0.5059 Z-0.1181 I0.1122 J0.
N56520 X0.2815 Z-0.0984 I-0.1122 J0.
N56525 X0.5059 Z-0.0787 I0.1122 J0.
N56530 X0.2815 Z-0.0591 I-0.1122 J0.
N56535 X0.5059 Z-0.0394 I0.1122 J0.
N56540 X0.4845 Y-0.3277 Z-0.0354 I-0.1122 J0.
N56545 X0.3401 Y-0.3049 Z-0.0264 I-0.0836 J-0.0607
N56550 G1 G40 X0.3937 Y-0.3937
N56555 Z0.1969
N56560 Z-0.5207
N56565 Z-0.5994
N56570 G41 X0.4055 Y-0.5 D14
N56575 G3 X0.5118 Y-0.3937 Z-0.5906 I0. J0.1063
N56580 X0.2756 Z-0.5709 I-0.1181 J0.
N56585 X0.5118 Z-0.5512 I0.1181 J0.
N56590 X0.2756 Z-0.5315 I-0.1181 J0.
N56595 X0.5118 Z-0.5118 I0.1181 J0.
N56600 X0.2756 Z-0.4921 I-0.1181 J0.
N56605 X0.5118 Z-0.4724 I0.1181 J0.
N56610 X0.2756 Z-0.4528 I-0.1181 J0.
N56615 X0.5118 Z-0.4331 I0.1181 J0.
N56620 X0.2756 Z-0.4134 I-0.1181 J0.
N56625 X0.5118 Z-0.3937 I0.1181 J0.
N56630 X0.2756 Z-0.374 I-0.1181 J0.
N56635 X0.5118 Z-0.3543 I0.1181 J0.
N56640 X0.2756 Z-0.3346 I-0.1181 J0.
N56645 X0.5118 Z-0.315 I0.1181 J0.
N56650 X0.2756 Z-0.2953 I-0.1181 J0.
N56655 X0.5118 Z-0.2756 I0.1181 J0.
N56660 X0.2756 Z-0.2559 I-0.1181 J0.
N56665 X0.5118 Z-0.2362 I0.1181 J0.
N56670 X0.2756 Z-0.2165 I-0.1181 J0.
N56675 X0.5118 Z-0.1969 I0.1181 J0.
N56680 X0.2756 Z-0.1772 I-0.1181 J0.
N56685 X0.5118 Z-0.1575 I0.1181 J0.
N56690 X0.2756 Z-0.1378 I-0.1181 J0.
N56695 X0.5118 Z-0.1181 I0.1181 J0.
N56700 X0.2756 Z-0.0984 I-0.1181 J0.
N56705 X0.5118 Z-0.0787 I0.1181 J0.
N56710 X0.2756 Z-0.0591 I-0.1181 J0.
N56715 X0.5118 Z-0.0394 I0.1181 J0.
N56720 X0.4893 Y-0.3243 Z-0.0354 I-0.1181 J0.
N56725 X0.3408 Y-0.3008 Z-0.0266 I-0.086 J-0.0625
N56730 G1 G40 X0.3937 Y-0.3937
N56735 Z0.1969
N56740 X1.1811
N56745 Z-0.5211
N56750 Z-0.5998
N56755 G41 X1.187 Y-0.4941 D14
N56760 G3 X1.2874 Y-0.3937 Z-0.5906 I0. J0.1004
N56765 X1.0748 Z-0.5709 I-0.1063 J0.
N56770 X1.2874 Z-0.5512 I0.1063 J0.
N56775 X1.0748 Z-0.5315 I-0.1063 J0.
N56780 X1.2874 Z-0.5118 I0.1063 J0.
N56785 X1.0748 Z-0.4921 I-0.1063 J0.
N56790 X1.2874 Z-0.4724 I0.1063 J0.
N56795 X1.0748 Z-0.4528 I-0.1063 J0.
N56800 X1.2874 Z-0.4331 I0.1063 J0.
N56805 X1.0748 Z-0.4134 I-0.1063 J0.
N56810 X1.2874 Z-0.3937 I0.1063 J0.
N56815 X1.0748 Z-0.374 I-0.1063 J0.
N56820 X1.2874 Z-0.3543 I0.1063 J0.
N56825 X1.0748 Z-0.3346 I-0.1063 J0.
N56830 X1.2874 Z-0.315 I0.1063 J0.
N56835 X1.0748 Z-0.2953 I-0.1063 J0.
N56840 X1.2874 Z-0.2756 I0.1063 J0.
N56845 X1.0748 Z-0.2559 I-0.1063 J0.
N56850 X1.2874 Z-0.2362 I0.1063 J0.
N56855 X1.0748 Z-0.2165 I-0.1063 J0.
N56860 X1.2874 Z-0.1969 I0.1063 J0.
N56865 X1.0748 Z-0.1772 I-0.1063 J0.
N56870 X1.2874 Z-0.1575 I0.1063 J0.
N56875 X1.0748 Z-0.1378 I-0.1063 J0.
N56880 X1.2874 Z-0.1181 I0.1063 J0.
N56885 X1.0748 Z-0.0984 I-0.1063 J0.
N56890 X1.2874 Z-0.0787 I0.1063 J0.
N56895 X1.0748 Z-0.0591 I-0.1063 J0.
N56900 X1.2874 Z-0.0394 I0.1063 J0.
N56905 X1.2671 Y-0.3312 Z-0.0354 I-0.1063 J0.
N56910 X1.1269 Y-0.309 Z-0.0261 I-0.0812 J-0.059
N56915 G1 G40 X1.1811 Y-0.3937
N56920 Z0.1969
N56925 Z-0.5209
N56930 Z-0.5996
N56935 G41 X1.19 Y-0.497 D14
N56940 G3 X1.2933 Y-0.3937 Z-0.5906 I0. J0.1033
N56945 X1.0689 Z-0.5709 I-0.1122 J0.
N56950 X1.2933 Z-0.5512 I0.1122 J0.
N56955 X1.0689 Z-0.5315 I-0.1122 J0.
N56960 X1.2933 Z-0.5118 I0.1122 J0.
N56965 X1.0689 Z-0.4921 I-0.1122 J0.
N56970 X1.2933 Z-0.4724 I0.1122 J0.
N56975 X1.0689 Z-0.4528 I-0.1122 J0.
N56980 X1.2933 Z-0.4331 I0.1122 J0.
N56985 X1.0689 Z-0.4134 I-0.1122 J0.
N56990 X1.2933 Z-0.3937 I0.1122 J0.
N56995 X1.0689 Z-0.374 I-0.1122 J0.
N57000 X1.2933 Z-0.3543 I0.1122 J0.
N57005 X1.0689 Z-0.3346 I-0.1122 J0.
N57010 X1.2933 Z-0.315 I0.1122 J0.
N57015 X1.0689 Z-0.2953 I-0.1122 J0.
N57020 X1.2933 Z-0.2756 I0.1122 J0.
N57025 X1.0689 Z-0.2559 I-0.1122 J0.
N57030 X1.2933 Z-0.2362 I0.1122 J0.
N57035 X1.0689 Z-0.2165 I-0.1122 J0.
N57040 X1.2933 Z-0.1969 I0.1122 J0.
N57045 X1.0689 Z-0.1772 I-0.1122 J0.
N57050 X1.2933 Z-0.1575 I0.1122 J0.
N57055 X1.0689 Z-0.1378 I-0.1122 J0.
N57060 X1.2933 Z-0.1181 I0.1122 J0.
N57065 X1.0689 Z-0.0984 I-0.1122 J0.
N57070 X1.2933 Z-0.0787 I0.1122 J0.
N57075 X1.0689 Z-0.0591 I-0.1122 J0.
N57080 X1.2933 Z-0.0394 I0.1122 J0.
N57085 X1.2719 Y-0.3277 Z-0.0354 I-0.1122 J0.
N57090 X1.1275 Y-0.3049 Z-0.0264 I-0.0836 J-0.0607
N57095 G1 G40 X1.1811 Y-0.3937
N57100 Z0.1969
N57105 Z-0.5207
N57110 Z-0.5994
N57115 G41 X1.1929 Y-0.5 D14
N57120 G3 X1.2992 Y-0.3937 Z-0.5906 I0. J0.1063
N57125 X1.063 Z-0.5709 I-0.1181 J0.
N57130 X1.2992 Z-0.5512 I0.1181 J0.
N57135 X1.063 Z-0.5315 I-0.1181 J0.
N57140 X1.2992 Z-0.5118 I0.1181 J0.
N57145 X1.063 Z-0.4921 I-0.1181 J0.
N57150 X1.2992 Z-0.4724 I0.1181 J0.
N57155 X1.063 Z-0.4528 I-0.1181 J0.
N57160 X1.2992 Z-0.4331 I0.1181 J0.
N57165 X1.063 Z-0.4134 I-0.1181 J0.
N57170 X1.2992 Z-0.3937 I0.1181 J0.
N57175 X1.063 Z-0.374 I-0.1181 J0.
N57180 X1.2992 Z-0.3543 I0.1181 J0.
N57185 X1.063 Z-0.3346 I-0.1181 J0.
N57190 X1.2992 Z-0.315 I0.1181 J0.
N57195 X1.063 Z-0.2953 I-0.1181 J0.
N57200 X1.2992 Z-0.2756 I0.1181 J0.
N57205 X1.063 Z-0.2559 I-0.1181 J0.
N57210 X1.2992 Z-0.2362 I0.1181 J0.
N57215 X1.063 Z-0.2165 I-0.1181 J0.
N57220 X1.2992 Z-0.1969 I0.1181 J0.
N57225 X1.063 Z-0.1772 I-0.1181 J0.
N57230 X1.2992 Z-0.1575 I0.1181 J0.
N57235 X1.063 Z-0.1378 I-0.1181 J0.
N57240 X1.2992 Z-0.1181 I0.1181 J0.
N57245 X1.063 Z-0.0984 I-0.1181 J0.
N57250 X1.2992 Z-0.0787 I0.1181 J0.
N57255 X1.063 Z-0.0591 I-0.1181 J0.
N57260 X1.2992 Z-0.0394 I0.1181 J0.
N57265 X1.2767 Y-0.3243 Z-0.0354 I-0.1181 J0.
N57270 X1.1282 Y-0.3008 Z-0.0266 I-0.086 J-0.0625
N57275 G1 G40 X1.1811 Y-0.3937
N57280 Z0.1969
N57285 X1.9685
N57290 Z-0.5211
N57295 Z-0.5998
N57300 G41 X1.9744 Y-0.4941 D14
N57305 G3 X2.0748 Y-0.3937 Z-0.5906 I0. J0.1004
N57310 X1.8622 Z-0.5709 I-0.1063 J0.
N57315 X2.0748 Z-0.5512 I0.1063 J0.
N57320 X1.8622 Z-0.5315 I-0.1063 J0.
N57325 X2.0748 Z-0.5118 I0.1063 J0.
N57330 X1.8622 Z-0.4921 I-0.1063 J0.
N57335 X2.0748 Z-0.4724 I0.1063 J0.
N57340 X1.8622 Z-0.4528 I-0.1063 J0.
N57345 X2.0748 Z-0.4331 I0.1063 J0.
N57350 X1.8622 Z-0.4134 I-0.1063 J0.
N57355 X2.0748 Z-0.3937 I0.1063 J0.
N57360 X1.8622 Z-0.374 I-0.1063 J0.
N57365 X2.0748 Z-0.3543 I0.1063 J0.
N57370 X1.8622 Z-0.3346 I-0.1063 J0.
N57375 X2.0748 Z-0.315 I0.1063 J0.
N57380 X1.8622 Z-0.2953 I-0.1063 J0.
N57385 X2.0748 Z-0.2756 I0.1063 J0.
N57390 X1.8622 Z-0.2559 I-0.1063 J0.
N57395 X2.0748 Z-0.2362 I0.1063 J0.
N57400 X1.8622 Z-0.2165 I-0.1063 J0.
N57405 X2.0748 Z-0.1969 I0.1063 J0.
N57410 X1.8622 Z-0.1772 I-0.1063 J0.
N57415 X2.0748 Z-0.1575 I0.1063 J0.
N57420 X1.8622 Z-0.1378 I-0.1063 J0.
N57425 X2.0748 Z-0.1181 I0.1063 J0.
N57430 X1.8622 Z-0.0984 I-0.1063 J0.
N57435 X2.0748 Z-0.0787 I0.1063 J0.
N57440 X1.8622 Z-0.0591 I-0.1063 J0.
N57445 X2.0748 Z-0.0394 I0.1063 J0.
N57450 X2.0545 Y-0.3312 Z-0.0354 I-0.1063 J0.
N57455 X1.9143 Y-0.309 Z-0.0261 I-0.0812 J-0.059
N57460 G1 G40 X1.9685 Y-0.3937
N57465 Z0.1969
N57470 Z-0.5209
N57475 Z-0.5996
N57480 G41 X1.9774 Y-0.497 D14
N57485 G3 X2.0807 Y-0.3937 Z-0.5906 I0. J0.1033
N57490 X1.8563 Z-0.5709 I-0.1122 J0.
N57495 X2.0807 Z-0.5512 I0.1122 J0.
N57500 X1.8563 Z-0.5315 I-0.1122 J0.
N57505 X2.0807 Z-0.5118 I0.1122 J0.
N57510 X1.8563 Z-0.4921 I-0.1122 J0.
N57515 X2.0807 Z-0.4724 I0.1122 J0.
N57520 X1.8563 Z-0.4528 I-0.1122 J0.
N57525 X2.0807 Z-0.4331 I0.1122 J0.
N57530 X1.8563 Z-0.4134 I-0.1122 J0.
N57535 X2.0807 Z-0.3937 I0.1122 J0.
N57540 X1.8563 Z-0.374 I-0.1122 J0.
N57545 X2.0807 Z-0.3543 I0.1122 J0.
N57550 X1.8563 Z-0.3346 I-0.1122 J0.
N57555 X2.0807 Z-0.315 I0.1122 J0.
N57560 X1.8563 Z-0.2953 I-0.1122 J0.
N57565 X2.0807 Z-0.2756 I0.1122 J0.
N57570 X1.8563 Z-0.2559 I-0.1122 J0.
N57575 X2.0807 Z-0.2362 I0.1122 J0.
N57580 X1.8563 Z-0.2165 I-0.1122 J0.
N57585 X2.0807 Z-0.1969 I0.1122 J0.
N57590 X1.8563 Z-0.1772 I-0.1122 J0.
N57595 X2.0807 Z-0.1575 I0.1122 J0.
N57600 X1.8563 Z-0.1378 I-0.1122 J0.
N57605 X2.0807 Z-0.1181 I0.1122 J0.
N57610 X1.8563 Z-0.0984 I-0.1122 J0.
N57615 X2.0807 Z-0.0787 I0.1122 J0.
N57620 X1.8563 Z-0.0591 I-0.1122 J0.
N57625 X2.0807 Z-0.0394 I0.1122 J0.
N57630 X2.0593 Y-0.3277 Z-0.0354 I-0.1122 J0.
N57635 X1.9149 Y-0.3049 Z-0.0264 I-0.0836 J-0.0607
N57640 G1 G40 X1.9685 Y-0.3937
N57645 Z0.1969
N57650 Z-0.5207
N57655 Z-0.5994
N57660 G41 X1.9803 Y-0.5 D14
N57665 G3 X2.0866 Y-0.3937 Z-0.5906 I0. J0.1063
N57670 X1.8504 Z-0.5709 I-0.1181 J0.
N57675 X2.0866 Z-0.5512 I0.1181 J0.
N57680 X1.8504 Z-0.5315 I-0.1181 J0.
N57685 X2.0866 Z-0.5118 I0.1181 J0.
N57690 X1.8504 Z-0.4921 I-0.1181 J0.
N57695 X2.0866 Z-0.4724 I0.1181 J0.
N57700 X1.8504 Z-0.4528 I-0.1181 J0.
N57705 X2.0866 Z-0.4331 I0.1181 J0.
N57710 X1.8504 Z-0.4134 I-0.1181 J0.
N57715 X2.0866 Z-0.3937 I0.1181 J0.
N57720 X1.8504 Z-0.374 I-0.1181 J0.
N57725 X2.0866 Z-0.3543 I0.1181 J0.
N57730 X1.8504 Z-0.3346 I-0.1181 J0.
N57735 X2.0866 Z-0.315 I0.1181 J0.
N57740 X1.8504 Z-0.2953 I-0.1181 J0.
N57745 X2.0866 Z-0.2756 I0.1181 J0.
N57750 X1.8504 Z-0.2559 I-0.1181 J0.
N57755 X2.0866 Z-0.2362 I0.1181 J0.
N57760 X1.8504 Z-0.2165 I-0.1181 J0.
N57765 X2.0866 Z-0.1969 I0.1181 J0.
N57770 X1.8504 Z-0.1772 I-0.1181 J0.
N57775 X2.0866 Z-0.1575 I0.1181 J0.
N57780 X1.8504 Z-0.1378 I-0.1181 J0.
N57785 X2.0866 Z-0.1181 I0.1181 J0.
N57790 X1.8504 Z-0.0984 I-0.1181 J0.
N57795 X2.0866 Z-0.0787 I0.1181 J0.
N57800 X1.8504 Z-0.0591 I-0.1181 J0.
N57805 X2.0866 Z-0.0394 I0.1181 J0.
N57810 X2.0641 Y-0.3243 Z-0.0354 I-0.1181 J0.
N57815 X1.9156 Y-0.3008 Z-0.0266 I-0.086 J-0.0625
N57820 G1 G40 X1.9685 Y-0.3937
N57825 Z0.1969
N57830 X2.7559
N57835 Z-0.5211
N57840 Z-0.5998
N57845 G41 X2.7618 Y-0.4941 D14
N57850 G3 X2.8622 Y-0.3937 Z-0.5906 I0. J0.1004
N57855 X2.6496 Z-0.5709 I-0.1063 J0.
N57860 X2.8622 Z-0.5512 I0.1063 J0.
N57865 X2.6496 Z-0.5315 I-0.1063 J0.
N57870 X2.8622 Z-0.5118 I0.1063 J0.
N57875 X2.6496 Z-0.4921 I-0.1063 J0.
N57880 X2.8622 Z-0.4724 I0.1063 J0.
N57885 X2.6496 Z-0.4528 I-0.1063 J0.
N57890 X2.8622 Z-0.4331 I0.1063 J0.
N57895 X2.6496 Z-0.4134 I-0.1063 J0.
N57900 X2.8622 Z-0.3937 I0.1063 J0.
N57905 X2.6496 Z-0.374 I-0.1063 J0.
N57910 X2.8622 Z-0.3543 I0.1063 J0.
N57915 X2.6496 Z-0.3346 I-0.1063 J0.
N57920 X2.8622 Z-0.315 I0.1063 J0.
N57925 X2.6496 Z-0.2953 I-0.1063 J0.
N57930 X2.8622 Z-0.2756 I0.1063 J0.
N57935 X2.6496 Z-0.2559 I-0.1063 J0.
N57940 X2.8622 Z-0.2362 I0.1063 J0.
N57945 X2.6496 Z-0.2165 I-0.1063 J0.
N57950 X2.8622 Z-0.1969 I0.1063 J0.
N57955 X2.6496 Z-0.1772 I-0.1063 J0.
N57960 X2.8622 Z-0.1575 I0.1063 J0.
N57965 X2.6496 Z-0.1378 I-0.1063 J0.
N57970 X2.8622 Z-0.1181 I0.1063 J0.
N57975 X2.6496 Z-0.0984 I-0.1063 J0.
N57980 X2.8622 Z-0.0787 I0.1063 J0.
N57985 X2.6496 Z-0.0591 I-0.1063 J0.
N57990 X2.8622 Z-0.0394 I0.1063 J0.
N57995 X2.8419 Y-0.3312 Z-0.0354 I-0.1063 J0.
N58000 X2.7017 Y-0.309 Z-0.0261 I-0.0812 J-0.059
N58005 G1 G40 X2.7559 Y-0.3937
N58010 Z0.1969
N58015 Z-0.5209
N58020 Z-0.5996
N58025 G41 X2.7648 Y-0.497 D14
N58030 G3 X2.8681 Y-0.3937 Z-0.5906 I0. J0.1033
N58035 X2.6437 Z-0.5709 I-0.1122 J0.
N58040 X2.8681 Z-0.5512 I0.1122 J0.
N58045 X2.6437 Z-0.5315 I-0.1122 J0.
N58050 X2.8681 Z-0.5118 I0.1122 J0.
N58055 X2.6437 Z-0.4921 I-0.1122 J0.
N58060 X2.8681 Z-0.4724 I0.1122 J0.
N58065 X2.6437 Z-0.4528 I-0.1122 J0.
N58070 X2.8681 Z-0.4331 I0.1122 J0.
N58075 X2.6437 Z-0.4134 I-0.1122 J0.
N58080 X2.8681 Z-0.3937 I0.1122 J0.
N58085 X2.6437 Z-0.374 I-0.1122 J0.
N58090 X2.8681 Z-0.3543 I0.1122 J0.
N58095 X2.6437 Z-0.3346 I-0.1122 J0.
N58100 X2.8681 Z-0.315 I0.1122 J0.
N58105 X2.6437 Z-0.2953 I-0.1122 J0.
N58110 X2.8681 Z-0.2756 I0.1122 J0.
N58115 X2.6437 Z-0.2559 I-0.1122 J0.
N58120 X2.8681 Z-0.2362 I0.1122 J0.
N58125 X2.6437 Z-0.2165 I-0.1122 J0.
N58130 X2.8681 Z-0.1969 I0.1122 J0.
N58135 X2.6437 Z-0.1772 I-0.1122 J0.
N58140 X2.8681 Z-0.1575 I0.1122 J0.
N58145 X2.6437 Z-0.1378 I-0.1122 J0.
N58150 X2.8681 Z-0.1181 I0.1122 J0.
N58155 X2.6437 Z-0.0984 I-0.1122 J0.
N58160 X2.8681 Z-0.0787 I0.1122 J0.
N58165 X2.6437 Z-0.0591 I-0.1122 J0.
N58170 X2.8681 Z-0.0394 I0.1122 J0.
N58175 X2.8467 Y-0.3277 Z-0.0354 I-0.1122 J0.
N58180 X2.7023 Y-0.3049 Z-0.0264 I-0.0836 J-0.0607
N58185 G1 G40 X2.7559 Y-0.3937
N58190 Z0.1969
N58195 Z-0.5207
N58200 Z-0.5994
N58205 G41 X2.7677 Y-0.5 D14
N58210 G3 X2.874 Y-0.3937 Z-0.5906 I0. J0.1063
N58215 X2.6378 Z-0.5709 I-0.1181 J0.
N58220 X2.874 Z-0.5512 I0.1181 J0.
N58225 X2.6378 Z-0.5315 I-0.1181 J0.
N58230 X2.874 Z-0.5118 I0.1181 J0.
N58235 X2.6378 Z-0.4921 I-0.1181 J0.
N58240 X2.874 Z-0.4724 I0.1181 J0.
N58245 X2.6378 Z-0.4528 I-0.1181 J0.
N58250 X2.874 Z-0.4331 I0.1181 J0.
N58255 X2.6378 Z-0.4134 I-0.1181 J0.
N58260 X2.874 Z-0.3937 I0.1181 J0.
N58265 X2.6378 Z-0.374 I-0.1181 J0.
N58270 X2.874 Z-0.3543 I0.1181 J0.
N58275 X2.6378 Z-0.3346 I-0.1181 J0.
N58280 X2.874 Z-0.315 I0.1181 J0.
N58285 X2.6378 Z-0.2953 I-0.1181 J0.
N58290 X2.874 Z-0.2756 I0.1181 J0.
N58295 X2.6378 Z-0.2559 I-0.1181 J0.
N58300 X2.874 Z-0.2362 I0.1181 J0.
N58305 X2.6378 Z-0.2165 I-0.1181 J0.
N58310 X2.874 Z-0.1969 I0.1181 J0.
N58315 X2.6378 Z-0.1772 I-0.1181 J0.
N58320 X2.874 Z-0.1575 I0.1181 J0.
N58325 X2.6378 Z-0.1378 I-0.1181 J0.
N58330 X2.874 Z-0.1181 I0.1181 J0.
N58335 X2.6378 Z-0.0984 I-0.1181 J0.
N58340 X2.874 Z-0.0787 I0.1181 J0.
N58345 X2.6378 Z-0.0591 I-0.1181 J0.
N58350 X2.874 Z-0.0394 I0.1181 J0.
N58355 X2.8515 Y-0.3243 Z-0.0354 I-0.1181 J0.
N58360 X2.703 Y-0.3008 Z-0.0266 I-0.086 J-0.0625
N58365 G1 G40 X2.7559 Y-0.3937
N58370 Z0.1969
N58375 X3.5433
N58380 Z-0.5211
N58385 Z-0.5998
N58390 G41 X3.5492 Y-0.4941 D14
N58395 G3 X3.6496 Y-0.3937 Z-0.5906 I0. J0.1004
N58400 X3.437 Z-0.5709 I-0.1063 J0.
N58405 X3.6496 Z-0.5512 I0.1063 J0.
N58410 X3.437 Z-0.5315 I-0.1063 J0.
N58415 X3.6496 Z-0.5118 I0.1063 J0.
N58420 X3.437 Z-0.4921 I-0.1063 J0.
N58425 X3.6496 Z-0.4724 I0.1063 J0.
N58430 X3.437 Z-0.4528 I-0.1063 J0.
N58435 X3.6496 Z-0.4331 I0.1063 J0.
N58440 X3.437 Z-0.4134 I-0.1063 J0.
N58445 X3.6496 Z-0.3937 I0.1063 J0.
N58450 X3.437 Z-0.374 I-0.1063 J0.
N58455 X3.6496 Z-0.3543 I0.1063 J0.
N58460 X3.437 Z-0.3346 I-0.1063 J0.
N58465 X3.6496 Z-0.315 I0.1063 J0.
N58470 X3.437 Z-0.2953 I-0.1063 J0.
N58475 X3.6496 Z-0.2756 I0.1063 J0.
N58480 X3.437 Z-0.2559 I-0.1063 J0.
N58485 X3.6496 Z-0.2362 I0.1063 J0.
N58490 X3.437 Z-0.2165 I-0.1063 J0.
N58495 X3.6496 Z-0.1969 I0.1063 J0.
N58500 X3.437 Z-0.1772 I-0.1063 J0.
N58505 X3.6496 Z-0.1575 I0.1063 J0.
N58510 X3.437 Z-0.1378 I-0.1063 J0.
N58515 X3.6496 Z-0.1181 I0.1063 J0.
N58520 X3.437 Z-0.0984 I-0.1063 J0.
N58525 X3.6496 Z-0.0787 I0.1063 J0.
N58530 X3.437 Z-0.0591 I-0.1063 J0.
N58535 X3.6496 Z-0.0394 I0.1063 J0.
N58540 X3.6293 Y-0.3312 Z-0.0354 I-0.1063 J0.
N58545 X3.4891 Y-0.309 Z-0.0261 I-0.0812 J-0.059
N58550 G1 G40 X3.5433 Y-0.3937
N58555 Z0.1969
N58560 Z-0.5209
N58565 Z-0.5996
N58570 G41 X3.5522 Y-0.497 D14
N58575 G3 X3.6555 Y-0.3937 Z-0.5906 I0. J0.1033
N58580 X3.4311 Z-0.5709 I-0.1122 J0.
N58585 X3.6555 Z-0.5512 I0.1122 J0.
N58590 X3.4311 Z-0.5315 I-0.1122 J0.
N58595 X3.6555 Z-0.5118 I0.1122 J0.
N58600 X3.4311 Z-0.4921 I-0.1122 J0.
N58605 X3.6555 Z-0.4724 I0.1122 J0.
N58610 X3.4311 Z-0.4528 I-0.1122 J0.
N58615 X3.6555 Z-0.4331 I0.1122 J0.
N58620 X3.4311 Z-0.4134 I-0.1122 J0.
N58625 X3.6555 Z-0.3937 I0.1122 J0.
N58630 X3.4311 Z-0.374 I-0.1122 J0.
N58635 X3.6555 Z-0.3543 I0.1122 J0.
N58640 X3.4311 Z-0.3346 I-0.1122 J0.
N58645 X3.6555 Z-0.315 I0.1122 J0.
N58650 X3.4311 Z-0.2953 I-0.1122 J0.
N58655 X3.6555 Z-0.2756 I0.1122 J0.
N58660 X3.4311 Z-0.2559 I-0.1122 J0.
N58665 X3.6555 Z-0.2362 I0.1122 J0.
N58670 X3.4311 Z-0.2165 I-0.1122 J0.
N58675 X3.6555 Z-0.1969 I0.1122 J0.
N58680 X3.4311 Z-0.1772 I-0.1122 J0.
N58685 X3.6555 Z-0.1575 I0.1122 J0.
N58690 X3.4311 Z-0.1378 I-0.1122 J0.
N58695 X3.6555 Z-0.1181 I0.1122 J0.
N58700 X3.4311 Z-0.0984 I-0.1122 J0.
N58705 X3.6555 Z-0.0787 I0.1122 J0.
N58710 X3.4311 Z-0.0591 I-0.1122 J0.
N58715 X3.6555 Z-0.0394 I0.1122 J0.
N58720 X3.6341 Y-0.3277 Z-0.0354 I-0.1122 J0.
N58725 X3.4897 Y-0.3049 Z-0.0264 I-0.0836 J-0.0607
N58730 G1 G40 X3.5433 Y-0.3937
N58735 Z0.1969
N58740 Z-0.5207
N58745 Z-0.5994
N58750 G41 X3.5551 Y-0.5 D14
N58755 G3 X3.6614 Y-0.3937 Z-0.5906 I0. J0.1063
N58760 X3.4252 Z-0.5709 I-0.1181 J0.
N58765 X3.6614 Z-0.5512 I0.1181 J0.
N58770 X3.4252 Z-0.5315 I-0.1181 J0.
N58775 X3.6614 Z-0.5118 I0.1181 J0.
N58780 X3.4252 Z-0.4921 I-0.1181 J0.
N58785 X3.6614 Z-0.4724 I0.1181 J0.
N58790 X3.4252 Z-0.4528 I-0.1181 J0.
N58795 X3.6614 Z-0.4331 I0.1181 J0.
N58800 X3.4252 Z-0.4134 I-0.1181 J0.
N58805 X3.6614 Z-0.3937 I0.1181 J0.
N58810 X3.4252 Z-0.374 I-0.1181 J0.
N58815 X3.6614 Z-0.3543 I0.1181 J0.
N58820 X3.4252 Z-0.3346 I-0.1181 J0.
N58825 X3.6614 Z-0.315 I0.1181 J0.
N58830 X3.4252 Z-0.2953 I-0.1181 J0.
N58835 X3.6614 Z-0.2756 I0.1181 J0.
N58840 X3.4252 Z-0.2559 I-0.1181 J0.
N58845 X3.6614 Z-0.2362 I0.1181 J0.
N58850 X3.4252 Z-0.2165 I-0.1181 J0.
N58855 X3.6614 Z-0.1969 I0.1181 J0.
N58860 X3.4252 Z-0.1772 I-0.1181 J0.
N58865 X3.6614 Z-0.1575 I0.1181 J0.
N58870 X3.4252 Z-0.1378 I-0.1181 J0.
N58875 X3.6614 Z-0.1181 I0.1181 J0.
N58880 X3.4252 Z-0.0984 I-0.1181 J0.
N58885 X3.6614 Z-0.0787 I0.1181 J0.
N58890 X3.4252 Z-0.0591 I-0.1181 J0.
N58895 X3.6614 Z-0.0394 I0.1181 J0.
N58900 X3.6389 Y-0.3243 Z-0.0354 I-0.1181 J0.
N58905 X3.4904 Y-0.3008 Z-0.0266 I-0.086 J-0.0625
N58910 G1 G40 X3.5433 Y-0.3937
N58915 Z0.1969
N58920 X4.3307
N58925 Z-0.5211
N58930 Z-0.5998
N58935 G41 X4.3366 Y-0.4941 D14
N58940 G3 X4.437 Y-0.3937 Z-0.5906 I0. J0.1004
N58945 X4.2244 Z-0.5709 I-0.1063 J0.
N58950 X4.437 Z-0.5512 I0.1063 J0.
N58955 X4.2244 Z-0.5315 I-0.1063 J0.
N58960 X4.437 Z-0.5118 I0.1063 J0.
N58965 X4.2244 Z-0.4921 I-0.1063 J0.
N58970 X4.437 Z-0.4724 I0.1063 J0.
N58975 X4.2244 Z-0.4528 I-0.1063 J0.
N58980 X4.437 Z-0.4331 I0.1063 J0.
N58985 X4.2244 Z-0.4134 I-0.1063 J0.
N58990 X4.437 Z-0.3937 I0.1063 J0.
N58995 X4.2244 Z-0.374 I-0.1063 J0.
N59000 X4.437 Z-0.3543 I0.1063 J0.
N59005 X4.2244 Z-0.3346 I-0.1063 J0.
N59010 X4.437 Z-0.315 I0.1063 J0.
N59015 X4.2244 Z-0.2953 I-0.1063 J0.
N59020 X4.437 Z-0.2756 I0.1063 J0.
N59025 X4.2244 Z-0.2559 I-0.1063 J0.
N59030 X4.437 Z-0.2362 I0.1063 J0.
N59035 X4.2244 Z-0.2165 I-0.1063 J0.
N59040 X4.437 Z-0.1969 I0.1063 J0.
N59045 X4.2244 Z-0.1772 I-0.1063 J0.
N59050 X4.437 Z-0.1575 I0.1063 J0.
N59055 X4.2244 Z-0.1378 I-0.1063 J0.
N59060 X4.437 Z-0.1181 I0.1063 J0.
N59065 X4.2244 Z-0.0984 I-0.1063 J0.
N59070 X4.437 Z-0.0787 I0.1063 J0.
N59075 X4.2244 Z-0.0591 I-0.1063 J0.
N59080 X4.437 Z-0.0394 I0.1063 J0.
N59085 X4.4167 Y-0.3312 Z-0.0354 I-0.1063 J0.
N59090 X4.2765 Y-0.309 Z-0.0261 I-0.0812 J-0.059
N59095 G1 G40 X4.3307 Y-0.3937
N59100 Z0.1969
N59105 Z-0.5209
N59110 Z-0.5996
N59115 G41 X4.3396 Y-0.497 D14
N59120 G3 X4.4429 Y-0.3937 Z-0.5906 I0. J0.1033
N59125 X4.2185 Z-0.5709 I-0.1122 J0.
N59130 X4.4429 Z-0.5512 I0.1122 J0.
N59135 X4.2185 Z-0.5315 I-0.1122 J0.
N59140 X4.4429 Z-0.5118 I0.1122 J0.
N59145 X4.2185 Z-0.4921 I-0.1122 J0.
N59150 X4.4429 Z-0.4724 I0.1122 J0.
N59155 X4.2185 Z-0.4528 I-0.1122 J0.
N59160 X4.4429 Z-0.4331 I0.1122 J0.
N59165 X4.2185 Z-0.4134 I-0.1122 J0.
N59170 X4.4429 Z-0.3937 I0.1122 J0.
N59175 X4.2185 Z-0.374 I-0.1122 J0.
N59180 X4.4429 Z-0.3543 I0.1122 J0.
N59185 X4.2185 Z-0.3346 I-0.1122 J0.
N59190 X4.4429 Z-0.315 I0.1122 J0.
N59195 X4.2185 Z-0.2953 I-0.1122 J0.
N59200 X4.4429 Z-0.2756 I0.1122 J0.
N59205 X4.2185 Z-0.2559 I-0.1122 J0.
N59210 X4.4429 Z-0.2362 I0.1122 J0.
N59215 X4.2185 Z-0.2165 I-0.1122 J0.
N59220 X4.4429 Z-0.1969 I0.1122 J0.
N59225 X4.2185 Z-0.1772 I-0.1122 J0.
N59230 X4.4429 Z-0.1575 I0.1122 J0.
N59235 X4.2185 Z-0.1378 I-0.1122 J0.
N59240 X4.4429 Z-0.1181 I0.1122 J0.
N59245 X4.2185 Z-0.0984 I-0.1122 J0.
N59250 X4.4429 Z-0.0787 I0.1122 J0.
N59255 X4.2185 Z-0.0591 I-0.1122 J0.
N59260 X4.4429 Z-0.0394 I0.1122 J0.
N59265 X4.4215 Y-0.3277 Z-0.0354 I-0.1122 J0.
N59270 X4.2771 Y-0.3049 Z-0.0264 I-0.0836 J-0.0607
N59275 G1 G40 X4.3307 Y-0.3937
N59280 Z0.1969
N59285 Z-0.5207
N59290 Z-0.5994
N59295 G41 X4.3425 Y-0.5 D14
N59300 G3 X4.4488 Y-0.3937 Z-0.5906 I0. J0.1063
N59305 X4.2126 Z-0.5709 I-0.1181 J0.
N59310 X4.4488 Z-0.5512 I0.1181 J0.
N59315 X4.2126 Z-0.5315 I-0.1181 J0.
N59320 X4.4488 Z-0.5118 I0.1181 J0.
N59325 X4.2126 Z-0.4921 I-0.1181 J0.
N59330 X4.4488 Z-0.4724 I0.1181 J0.
N59335 X4.2126 Z-0.4528 I-0.1181 J0.
N59340 X4.4488 Z-0.4331 I0.1181 J0.
N59345 X4.2126 Z-0.4134 I-0.1181 J0.
N59350 X4.4488 Z-0.3937 I0.1181 J0.
N59355 X4.2126 Z-0.374 I-0.1181 J0.
N59360 X4.4488 Z-0.3543 I0.1181 J0.
N59365 X4.2126 Z-0.3346 I-0.1181 J0.
N59370 X4.4488 Z-0.315 I0.1181 J0.
N59375 X4.2126 Z-0.2953 I-0.1181 J0.
N59380 X4.4488 Z-0.2756 I0.1181 J0.
N59385 X4.2126 Z-0.2559 I-0.1181 J0.
N59390 X4.4488 Z-0.2362 I0.1181 J0.
N59395 X4.2126 Z-0.2165 I-0.1181 J0.
N59400 X4.4488 Z-0.1969 I0.1181 J0.
N59405 X4.2126 Z-0.1772 I-0.1181 J0.
N59410 X4.4488 Z-0.1575 I0.1181 J0.
N59415 X4.2126 Z-0.1378 I-0.1181 J0.
N59420 X4.4488 Z-0.1181 I0.1181 J0.
N59425 X4.2126 Z-0.0984 I-0.1181 J0.
N59430 X4.4488 Z-0.0787 I0.1181 J0.
N59435 X4.2126 Z-0.0591 I-0.1181 J0.
N59440 X4.4488 Z-0.0394 I0.1181 J0.
N59445 X4.4263 Y-0.3243 Z-0.0354 I-0.1181 J0.
N59450 X4.2778 Y-0.3008 Z-0.0266 I-0.086 J-0.0625
N59455 G1 G40 X4.3307 Y-0.3937
N59460 Z0.1969
N59465 X5.1181
N59470 Z-0.5211
N59475 Z-0.5998
N59480 G41 X5.124 Y-0.4941 D14
N59485 G3 X5.2244 Y-0.3937 Z-0.5906 I0. J0.1004
N59490 X5.0118 Z-0.5709 I-0.1063 J0.
N59495 X5.2244 Z-0.5512 I0.1063 J0.
N59500 X5.0118 Z-0.5315 I-0.1063 J0.
N59505 X5.2244 Z-0.5118 I0.1063 J0.
N59510 X5.0118 Z-0.4921 I-0.1063 J0.
N59515 X5.2244 Z-0.4724 I0.1063 J0.
N59520 X5.0118 Z-0.4528 I-0.1063 J0.
N59525 X5.2244 Z-0.4331 I0.1063 J0.
N59530 X5.0118 Z-0.4134 I-0.1063 J0.
N59535 X5.2244 Z-0.3937 I0.1063 J0.
N59540 X5.0118 Z-0.374 I-0.1063 J0.
N59545 X5.2244 Z-0.3543 I0.1063 J0.
N59550 X5.0118 Z-0.3346 I-0.1063 J0.
N59555 X5.2244 Z-0.315 I0.1063 J0.
N59560 X5.0118 Z-0.2953 I-0.1063 J0.
N59565 X5.2244 Z-0.2756 I0.1063 J0.
N59570 X5.0118 Z-0.2559 I-0.1063 J0.
N59575 X5.2244 Z-0.2362 I0.1063 J0.
N59580 X5.0118 Z-0.2165 I-0.1063 J0.
N59585 X5.2244 Z-0.1969 I0.1063 J0.
N59590 X5.0118 Z-0.1772 I-0.1063 J0.
N59595 X5.2244 Z-0.1575 I0.1063 J0.
N59600 X5.0118 Z-0.1378 I-0.1063 J0.
N59605 X5.2244 Z-0.1181 I0.1063 J0.
N59610 X5.0118 Z-0.0984 I-0.1063 J0.
N59615 X5.2244 Z-0.0787 I0.1063 J0.
N59620 X5.0118 Z-0.0591 I-0.1063 J0.
N59625 X5.2244 Z-0.0394 I0.1063 J0.
N59630 X5.2041 Y-0.3312 Z-0.0354 I-0.1063 J0.
N59635 X5.0639 Y-0.309 Z-0.0261 I-0.0812 J-0.059
N59640 G1 G40 X5.1181 Y-0.3937
N59645 Z0.1969
N59650 Z-0.5209
N59655 Z-0.5996
N59660 G41 X5.127 Y-0.497 D14
N59665 G3 X5.2303 Y-0.3937 Z-0.5906 I0. J0.1033
N59670 X5.0059 Z-0.5709 I-0.1122 J0.
N59675 X5.2303 Z-0.5512 I0.1122 J0.
N59680 X5.0059 Z-0.5315 I-0.1122 J0.
N59685 X5.2303 Z-0.5118 I0.1122 J0.
N59690 X5.0059 Z-0.4921 I-0.1122 J0.
N59695 X5.2303 Z-0.4724 I0.1122 J0.
N59700 X5.0059 Z-0.4528 I-0.1122 J0.
N59705 X5.2303 Z-0.4331 I0.1122 J0.
N59710 X5.0059 Z-0.4134 I-0.1122 J0.
N59715 X5.2303 Z-0.3937 I0.1122 J0.
N59720 X5.0059 Z-0.374 I-0.1122 J0.
N59725 X5.2303 Z-0.3543 I0.1122 J0.
N59730 X5.0059 Z-0.3346 I-0.1122 J0.
N59735 X5.2303 Z-0.315 I0.1122 J0.
N59740 X5.0059 Z-0.2953 I-0.1122 J0.
N59745 X5.2303 Z-0.2756 I0.1122 J0.
N59750 X5.0059 Z-0.2559 I-0.1122 J0.
N59755 X5.2303 Z-0.2362 I0.1122 J0.
N59760 X5.0059 Z-0.2165 I-0.1122 J0.
N59765 X5.2303 Z-0.1969 I0.1122 J0.
N59770 X5.0059 Z-0.1772 I-0.1122 J0.
N59775 X5.2303 Z-0.1575 I0.1122 J0.
N59780 X5.0059 Z-0.1378 I-0.1122 J0.
N59785 X5.2303 Z-0.1181 I0.1122 J0.
N59790 X5.0059 Z-0.0984 I-0.1122 J0.
N59795 X5.2303 Z-0.0787 I0.1122 J0.
N59800 X5.0059 Z-0.0591 I-0.1122 J0.
N59805 X5.2303 Z-0.0394 I0.1122 J0.
N59810 X5.2089 Y-0.3277 Z-0.0354 I-0.1122 J0.
N59815 X5.0645 Y-0.3049 Z-0.0264 I-0.0836 J-0.0607
N59820 G1 G40 X5.1181 Y-0.3937
N59825 Z0.1969
N59830 Z-0.5207
N59835 Z-0.5994
N59840 G41 X5.1299 Y-0.5 D14
N59845 G3 X5.2362 Y-0.3937 Z-0.5906 I0. J0.1063
N59850 X5. Z-0.5709 I-0.1181 J0.
N59855 X5.2362 Z-0.5512 I0.1181 J0.
N59860 X5. Z-0.5315 I-0.1181 J0.
N59865 X5.2362 Z-0.5118 I0.1181 J0.
N59870 X5. Z-0.4921 I-0.1181 J0.
N59875 X5.2362 Z-0.4724 I0.1181 J0.
N59880 X5. Z-0.4528 I-0.1181 J0.
N59885 X5.2362 Z-0.4331 I0.1181 J0.
N59890 X5. Z-0.4134 I-0.1181 J0.
N59895 X5.2362 Z-0.3937 I0.1181 J0.
N59900 X5. Z-0.374 I-0.1181 J0.
N59905 X5.2362 Z-0.3543 I0.1181 J0.
N59910 X5. Z-0.3346 I-0.1181 J0.
N59915 X5.2362 Z-0.315 I0.1181 J0.
N59920 X5. Z-0.2953 I-0.1181 J0.
N59925 X5.2362 Z-0.2756 I0.1181 J0.
N59930 X5. Z-0.2559 I-0.1181 J0.
N59935 X5.2362 Z-0.2362 I0.1181 J0.
N59940 X5. Z-0.2165 I-0.1181 J0.
N59945 X5.2362 Z-0.1969 I0.1181 J0.
N59950 X5. Z-0.1772 I-0.1181 J0.
N59955 X5.2362 Z-0.1575 I0.1181 J0.
N59960 X5. Z-0.1378 I-0.1181 J0.
N59965 X5.2362 Z-0.1181 I0.1181 J0.
N59970 X5. Z-0.0984 I-0.1181 J0.
N59975 X5.2362 Z-0.0787 I0.1181 J0.
N59980 X5. Z-0.0591 I-0.1181 J0.
N59985 X5.2362 Z-0.0394 I0.1181 J0.
N59990 X5.2137 Y-0.3243 Z-0.0354 I-0.1181 J0.
N59995 X5.0652 Y-0.3008 Z-0.0266 I-0.086 J-0.0625
N60000 G1 G40 X5.1181 Y-0.3937
N60005 Z0.1969
N60010 Y-1.1811
N60015 Z-0.5211
N60020 Z-0.5998
N60025 G41 X5.124 Y-1.2815 D14
N60030 G3 X5.2244 Y-1.1811 Z-0.5906 I0. J0.1004
N60035 X5.0118 Z-0.5709 I-0.1063 J0.
N60040 X5.2244 Z-0.5512 I0.1063 J0.
N60045 X5.0118 Z-0.5315 I-0.1063 J0.
N60050 X5.2244 Z-0.5118 I0.1063 J0.
N60055 X5.0118 Z-0.4921 I-0.1063 J0.
N60060 X5.2244 Z-0.4724 I0.1063 J0.
N60065 X5.0118 Z-0.4528 I-0.1063 J0.
N60070 X5.2244 Z-0.4331 I0.1063 J0.
N60075 X5.0118 Z-0.4134 I-0.1063 J0.
N60080 X5.2244 Z-0.3937 I0.1063 J0.
N60085 X5.0118 Z-0.374 I-0.1063 J0.
N60090 X5.2244 Z-0.3543 I0.1063 J0.
N60095 X5.0118 Z-0.3346 I-0.1063 J0.
N60100 X5.2244 Z-0.315 I0.1063 J0.
N60105 X5.0118 Z-0.2953 I-0.1063 J0.
N60110 X5.2244 Z-0.2756 I0.1063 J0.
N60115 X5.0118 Z-0.2559 I-0.1063 J0.
N60120 X5.2244 Z-0.2362 I0.1063 J0.
N60125 X5.0118 Z-0.2165 I-0.1063 J0.
N60130 X5.2244 Z-0.1969 I0.1063 J0.
N60135 X5.0118 Z-0.1772 I-0.1063 J0.
N60140 X5.2244 Z-0.1575 I0.1063 J0.
N60145 X5.0118 Z-0.1378 I-0.1063 J0.
N60150 X5.2244 Z-0.1181 I0.1063 J0.
N60155 X5.0118 Z-0.0984 I-0.1063 J0.
N60160 X5.2244 Z-0.0787 I0.1063 J0.
N60165 X5.0118 Z-0.0591 I-0.1063 J0.
N60170 X5.2244 Z-0.0394 I0.1063 J0.
N60175 X5.2041 Y-1.1186 Z-0.0354 I-0.1063 J0.
N60180 X5.0639 Y-1.0964 Z-0.0261 I-0.0812 J-0.059
N60185 G1 G40 X5.1181 Y-1.1811
N60190 Z0.1969
N60195 Z-0.5209
N60200 Z-0.5996
N60205 G41 X5.127 Y-1.2844 D14
N60210 G3 X5.2303 Y-1.1811 Z-0.5906 I0. J0.1033
N60215 X5.0059 Z-0.5709 I-0.1122 J0.
N60220 X5.2303 Z-0.5512 I0.1122 J0.
N60225 X5.0059 Z-0.5315 I-0.1122 J0.
N60230 X5.2303 Z-0.5118 I0.1122 J0.
N60235 X5.0059 Z-0.4921 I-0.1122 J0.
N60240 X5.2303 Z-0.4724 I0.1122 J0.
N60245 X5.0059 Z-0.4528 I-0.1122 J0.
N60250 X5.2303 Z-0.4331 I0.1122 J0.
N60255 X5.0059 Z-0.4134 I-0.1122 J0.
N60260 X5.2303 Z-0.3937 I0.1122 J0.
N60265 X5.0059 Z-0.374 I-0.1122 J0.
N60270 X5.2303 Z-0.3543 I0.1122 J0.
N60275 X5.0059 Z-0.3346 I-0.1122 J0.
N60280 X5.2303 Z-0.315 I0.1122 J0.
N60285 X5.0059 Z-0.2953 I-0.1122 J0.
N60290 X5.2303 Z-0.2756 I0.1122 J0.
N60295 X5.0059 Z-0.2559 I-0.1122 J0.
N60300 X5.2303 Z-0.2362 I0.1122 J0.
N60305 X5.0059 Z-0.2165 I-0.1122 J0.
N60310 X5.2303 Z-0.1969 I0.1122 J0.
N60315 X5.0059 Z-0.1772 I-0.1122 J0.
N60320 X5.2303 Z-0.1575 I0.1122 J0.
N60325 X5.0059 Z-0.1378 I-0.1122 J0.
N60330 X5.2303 Z-0.1181 I0.1122 J0.
N60335 X5.0059 Z-0.0984 I-0.1122 J0.
N60340 X5.2303 Z-0.0787 I0.1122 J0.
N60345 X5.0059 Z-0.0591 I-0.1122 J0.
N60350 X5.2303 Z-0.0394 I0.1122 J0.
N60355 X5.2089 Y-1.1152 Z-0.0354 I-0.1122 J0.
N60360 X5.0645 Y-1.0923 Z-0.0264 I-0.0836 J-0.0607
N60365 G1 G40 X5.1181 Y-1.1811
N60370 Z0.1969
N60375 Z-0.5207
N60380 Z-0.5994
N60385 G41 X5.1299 Y-1.2874 D14
N60390 G3 X5.2362 Y-1.1811 Z-0.5906 I0. J0.1063
N60395 X5. Z-0.5709 I-0.1181 J0.
N60400 X5.2362 Z-0.5512 I0.1181 J0.
N60405 X5. Z-0.5315 I-0.1181 J0.
N60410 X5.2362 Z-0.5118 I0.1181 J0.
N60415 X5. Z-0.4921 I-0.1181 J0.
N60420 X5.2362 Z-0.4724 I0.1181 J0.
N60425 X5. Z-0.4528 I-0.1181 J0.
N60430 X5.2362 Z-0.4331 I0.1181 J0.
N60435 X5. Z-0.4134 I-0.1181 J0.
N60440 X5.2362 Z-0.3937 I0.1181 J0.
N60445 X5. Z-0.374 I-0.1181 J0.
N60450 X5.2362 Z-0.3543 I0.1181 J0.
N60455 X5. Z-0.3346 I-0.1181 J0.
N60460 X5.2362 Z-0.315 I0.1181 J0.
N60465 X5. Z-0.2953 I-0.1181 J0.
N60470 X5.2362 Z-0.2756 I0.1181 J0.
N60475 X5. Z-0.2559 I-0.1181 J0.
N60480 X5.2362 Z-0.2362 I0.1181 J0.
N60485 X5. Z-0.2165 I-0.1181 J0.
N60490 X5.2362 Z-0.1969 I0.1181 J0.
N60495 X5. Z-0.1772 I-0.1181 J0.
N60500 X5.2362 Z-0.1575 I0.1181 J0.
N60505 X5. Z-0.1378 I-0.1181 J0.
N60510 X5.2362 Z-0.1181 I0.1181 J0.
N60515 X5. Z-0.0984 I-0.1181 J0.
N60520 X5.2362 Z-0.0787 I0.1181 J0.
N60525 X5. Z-0.0591 I-0.1181 J0.
N60530 X5.2362 Z-0.0394 I0.1181 J0.
N60535 X5.2137 Y-1.1117 Z-0.0354 I-0.1181 J0.
N60540 X5.0652 Y-1.0882 Z-0.0266 I-0.086 J-0.0625
N60545 G1 G40 X5.1181 Y-1.1811
N60550 Z0.1969
N60555 X4.3307
N60560 Z-0.5211
N60565 Z-0.5998
N60570 G41 X4.3366 Y-1.2815 D14
N60575 G3 X4.437 Y-1.1811 Z-0.5906 I0. J0.1004
N60580 X4.2244 Z-0.5709 I-0.1063 J0.
N60585 X4.437 Z-0.5512 I0.1063 J0.
N60590 X4.2244 Z-0.5315 I-0.1063 J0.
N60595 X4.437 Z-0.5118 I0.1063 J0.
N60600 X4.2244 Z-0.4921 I-0.1063 J0.
N60605 X4.437 Z-0.4724 I0.1063 J0.
N60610 X4.2244 Z-0.4528 I-0.1063 J0.
N60615 X4.437 Z-0.4331 I0.1063 J0.
N60620 X4.2244 Z-0.4134 I-0.1063 J0.
N60625 X4.437 Z-0.3937 I0.1063 J0.
N60630 X4.2244 Z-0.374 I-0.1063 J0.
N60635 X4.437 Z-0.3543 I0.1063 J0.
N60640 X4.2244 Z-0.3346 I-0.1063 J0.
N60645 X4.437 Z-0.315 I0.1063 J0.
N60650 X4.2244 Z-0.2953 I-0.1063 J0.
N60655 X4.437 Z-0.2756 I0.1063 J0.
N60660 X4.2244 Z-0.2559 I-0.1063 J0.
N60665 X4.437 Z-0.2362 I0.1063 J0.
N60670 X4.2244 Z-0.2165 I-0.1063 J0.
N60675 X4.437 Z-0.1969 I0.1063 J0.
N60680 X4.2244 Z-0.1772 I-0.1063 J0.
N60685 X4.437 Z-0.1575 I0.1063 J0.
N60690 X4.2244 Z-0.1378 I-0.1063 J0.
N60695 X4.437 Z-0.1181 I0.1063 J0.
N60700 X4.2244 Z-0.0984 I-0.1063 J0.
N60705 X4.437 Z-0.0787 I0.1063 J0.
N60710 X4.2244 Z-0.0591 I-0.1063 J0.
N60715 X4.437 Z-0.0394 I0.1063 J0.
N60720 X4.4167 Y-1.1186 Z-0.0354 I-0.1063 J0.
N60725 X4.2765 Y-1.0964 Z-0.0261 I-0.0812 J-0.059
N60730 G1 G40 X4.3307 Y-1.1811
N60735 Z0.1969
N60740 Z-0.5209
N60745 Z-0.5996
N60750 G41 X4.3396 Y-1.2844 D14
N60755 G3 X4.4429 Y-1.1811 Z-0.5906 I0. J0.1033
N60760 X4.2185 Z-0.5709 I-0.1122 J0.
N60765 X4.4429 Z-0.5512 I0.1122 J0.
N60770 X4.2185 Z-0.5315 I-0.1122 J0.
N60775 X4.4429 Z-0.5118 I0.1122 J0.
N60780 X4.2185 Z-0.4921 I-0.1122 J0.
N60785 X4.4429 Z-0.4724 I0.1122 J0.
N60790 X4.2185 Z-0.4528 I-0.1122 J0.
N60795 X4.4429 Z-0.4331 I0.1122 J0.
N60800 X4.2185 Z-0.4134 I-0.1122 J0.
N60805 X4.4429 Z-0.3937 I0.1122 J0.
N60810 X4.2185 Z-0.374 I-0.1122 J0.
N60815 X4.4429 Z-0.3543 I0.1122 J0.
N60820 X4.2185 Z-0.3346 I-0.1122 J0.
N60825 X4.4429 Z-0.315 I0.1122 J0.
N60830 X4.2185 Z-0.2953 I-0.1122 J0.
N60835 X4.4429 Z-0.2756 I0.1122 J0.
N60840 X4.2185 Z-0.2559 I-0.1122 J0.
N60845 X4.4429 Z-0.2362 I0.1122 J0.
N60850 X4.2185 Z-0.2165 I-0.1122 J0.
N60855 X4.4429 Z-0.1969 I0.1122 J0.
N60860 X4.2185 Z-0.1772 I-0.1122 J0.
N60865 X4.4429 Z-0.1575 I0.1122 J0.
N60870 X4.2185 Z-0.1378 I-0.1122 J0.
N60875 X4.4429 Z-0.1181 I0.1122 J0.
N60880 X4.2185 Z-0.0984 I-0.1122 J0.
N60885 X4.4429 Z-0.0787 I0.1122 J0.
N60890 X4.2185 Z-0.0591 I-0.1122 J0.
N60895 X4.4429 Z-0.0394 I0.1122 J0.
N60900 X4.4215 Y-1.1152 Z-0.0354 I-0.1122 J0.
N60905 X4.2771 Y-1.0923 Z-0.0264 I-0.0836 J-0.0607
N60910 G1 G40 X4.3307 Y-1.1811
N60915 Z0.1969
N60920 Z-0.5207
N60925 Z-0.5994
N60930 G41 X4.3425 Y-1.2874 D14
N60935 G3 X4.4488 Y-1.1811 Z-0.5906 I0. J0.1063
N60940 X4.2126 Z-0.5709 I-0.1181 J0.
N60945 X4.4488 Z-0.5512 I0.1181 J0.
N60950 X4.2126 Z-0.5315 I-0.1181 J0.
N60955 X4.4488 Z-0.5118 I0.1181 J0.
N60960 X4.2126 Z-0.4921 I-0.1181 J0.
N60965 X4.4488 Z-0.4724 I0.1181 J0.
N60970 X4.2126 Z-0.4528 I-0.1181 J0.
N60975 X4.4488 Z-0.4331 I0.1181 J0.
N60980 X4.2126 Z-0.4134 I-0.1181 J0.
N60985 X4.4488 Z-0.3937 I0.1181 J0.
N60990 X4.2126 Z-0.374 I-0.1181 J0.
N60995 X4.4488 Z-0.3543 I0.1181 J0.
N61000 X4.2126 Z-0.3346 I-0.1181 J0.
N61005 X4.4488 Z-0.315 I0.1181 J0.
N61010 X4.2126 Z-0.2953 I-0.1181 J0.
N61015 X4.4488 Z-0.2756 I0.1181 J0.
N61020 X4.2126 Z-0.2559 I-0.1181 J0.
N61025 X4.4488 Z-0.2362 I0.1181 J0.
N61030 X4.2126 Z-0.2165 I-0.1181 J0.
N61035 X4.4488 Z-0.1969 I0.1181 J0.
N61040 X4.2126 Z-0.1772 I-0.1181 J0.
N61045 X4.4488 Z-0.1575 I0.1181 J0.
N61050 X4.2126 Z-0.1378 I-0.1181 J0.
N61055 X4.4488 Z-0.1181 I0.1181 J0.
N61060 X4.2126 Z-0.0984 I-0.1181 J0.
N61065 X4.4488 Z-0.0787 I0.1181 J0.
N61070 X4.2126 Z-0.0591 I-0.1181 J0.
N61075 X4.4488 Z-0.0394 I0.1181 J0.
N61080 X4.4263 Y-1.1117 Z-0.0354 I-0.1181 J0.
N61085 X4.2778 Y-1.0882 Z-0.0266 I-0.086 J-0.0625
N61090 G1 G40 X4.3307 Y-1.1811
N61095 Z0.1969
N61100 X3.5433
N61105 Z-0.5211
N61110 Z-0.5998
N61115 G41 X3.5492 Y-1.2815 D14
N61120 G3 X3.6496 Y-1.1811 Z-0.5906 I0. J0.1004
N61125 X3.437 Z-0.5709 I-0.1063 J0.
N61130 X3.6496 Z-0.5512 I0.1063 J0.
N61135 X3.437 Z-0.5315 I-0.1063 J0.
N61140 X3.6496 Z-0.5118 I0.1063 J0.
N61145 X3.437 Z-0.4921 I-0.1063 J0.
N61150 X3.6496 Z-0.4724 I0.1063 J0.
N61155 X3.437 Z-0.4528 I-0.1063 J0.
N61160 X3.6496 Z-0.4331 I0.1063 J0.
N61165 X3.437 Z-0.4134 I-0.1063 J0.
N61170 X3.6496 Z-0.3937 I0.1063 J0.
N61175 X3.437 Z-0.374 I-0.1063 J0.
N61180 X3.6496 Z-0.3543 I0.1063 J0.
N61185 X3.437 Z-0.3346 I-0.1063 J0.
N61190 X3.6496 Z-0.315 I0.1063 J0.
N61195 X3.437 Z-0.2953 I-0.1063 J0.
N61200 X3.6496 Z-0.2756 I0.1063 J0.
N61205 X3.437 Z-0.2559 I-0.1063 J0.
N61210 X3.6496 Z-0.2362 I0.1063 J0.
N61215 X3.437 Z-0.2165 I-0.1063 J0.
N61220 X3.6496 Z-0.1969 I0.1063 J0.
N61225 X3.437 Z-0.1772 I-0.1063 J0.
N61230 X3.6496 Z-0.1575 I0.1063 J0.
N61235 X3.437 Z-0.1378 I-0.1063 J0.
N61240 X3.6496 Z-0.1181 I0.1063 J0.
N61245 X3.437 Z-0.0984 I-0.1063 J0.
N61250 X3.6496 Z-0.0787 I0.1063 J0.
N61255 X3.437 Z-0.0591 I-0.1063 J0.
N61260 X3.6496 Z-0.0394 I0.1063 J0.
N61265 X3.6293 Y-1.1186 Z-0.0354 I-0.1063 J0.
N61270 X3.4891 Y-1.0964 Z-0.0261 I-0.0812 J-0.059
N61275 G1 G40 X3.5433 Y-1.1811
N61280 Z0.1969
N61285 Z-0.5209
N61290 Z-0.5996
N61295 G41 X3.5522 Y-1.2844 D14
N61300 G3 X3.6555 Y-1.1811 Z-0.5906 I0. J0.1033
N61305 X3.4311 Z-0.5709 I-0.1122 J0.
N61310 X3.6555 Z-0.5512 I0.1122 J0.
N61315 X3.4311 Z-0.5315 I-0.1122 J0.
N61320 X3.6555 Z-0.5118 I0.1122 J0.
N61325 X3.4311 Z-0.4921 I-0.1122 J0.
N61330 X3.6555 Z-0.4724 I0.1122 J0.
N61335 X3.4311 Z-0.4528 I-0.1122 J0.
N61340 X3.6555 Z-0.4331 I0.1122 J0.
N61345 X3.4311 Z-0.4134 I-0.1122 J0.
N61350 X3.6555 Z-0.3937 I0.1122 J0.
N61355 X3.4311 Z-0.374 I-0.1122 J0.
N61360 X3.6555 Z-0.3543 I0.1122 J0.
N61365 X3.4311 Z-0.3346 I-0.1122 J0.
N61370 X3.6555 Z-0.315 I0.1122 J0.
N61375 X3.4311 Z-0.2953 I-0.1122 J0.
N61380 X3.6555 Z-0.2756 I0.1122 J0.
N61385 X3.4311 Z-0.2559 I-0.1122 J0.
N61390 X3.6555 Z-0.2362 I0.1122 J0.
N61395 X3.4311 Z-0.2165 I-0.1122 J0.
N61400 X3.6555 Z-0.1969 I0.1122 J0.
N61405 X3.4311 Z-0.1772 I-0.1122 J0.
N61410 X3.6555 Z-0.1575 I0.1122 J0.
N61415 X3.4311 Z-0.1378 I-0.1122 J0.
N61420 X3.6555 Z-0.1181 I0.1122 J0.
N61425 X3.4311 Z-0.0984 I-0.1122 J0.
N61430 X3.6555 Z-0.0787 I0.1122 J0.
N61435 X3.4311 Z-0.0591 I-0.1122 J0.
N61440 X3.6555 Z-0.0394 I0.1122 J0.
N61445 X3.6341 Y-1.1152 Z-0.0354 I-0.1122 J0.
N61450 X3.4897 Y-1.0923 Z-0.0264 I-0.0836 J-0.0607
N61455 G1 G40 X3.5433 Y-1.1811
N61460 Z0.1969
N61465 Z-0.5207
N61470 Z-0.5994
N61475 G41 X3.5551 Y-1.2874 D14
N61480 G3 X3.6614 Y-1.1811 Z-0.5906 I0. J0.1063
N61485 X3.4252 Z-0.5709 I-0.1181 J0.
N61490 X3.6614 Z-0.5512 I0.1181 J0.
N61495 X3.4252 Z-0.5315 I-0.1181 J0.
N61500 X3.6614 Z-0.5118 I0.1181 J0.
N61505 X3.4252 Z-0.4921 I-0.1181 J0.
N61510 X3.6614 Z-0.4724 I0.1181 J0.
N61515 X3.4252 Z-0.4528 I-0.1181 J0.
N61520 X3.6614 Z-0.4331 I0.1181 J0.
N61525 X3.4252 Z-0.4134 I-0.1181 J0.
N61530 X3.6614 Z-0.3937 I0.1181 J0.
N61535 X3.4252 Z-0.374 I-0.1181 J0.
N61540 X3.6614 Z-0.3543 I0.1181 J0.
N61545 X3.4252 Z-0.3346 I-0.1181 J0.
N61550 X3.6614 Z-0.315 I0.1181 J0.
N61555 X3.4252 Z-0.2953 I-0.1181 J0.
N61560 X3.6614 Z-0.2756 I0.1181 J0.
N61565 X3.4252 Z-0.2559 I-0.1181 J0.
N61570 X3.6614 Z-0.2362 I0.1181 J0.
N61575 X3.4252 Z-0.2165 I-0.1181 J0.
N61580 X3.6614 Z-0.1969 I0.1181 J0.
N61585 X3.4252 Z-0.1772 I-0.1181 J0.
N61590 X3.6614 Z-0.1575 I0.1181 J0.
N61595 X3.4252 Z-0.1378 I-0.1181 J0.
N61600 X3.6614 Z-0.1181 I0.1181 J0.
N61605 X3.4252 Z-0.0984 I-0.1181 J0.
N61610 X3.6614 Z-0.0787 I0.1181 J0.
N61615 X3.4252 Z-0.0591 I-0.1181 J0.
N61620 X3.6614 Z-0.0394 I0.1181 J0.
N61625 X3.6389 Y-1.1117 Z-0.0354 I-0.1181 J0.
N61630 X3.4904 Y-1.0882 Z-0.0266 I-0.086 J-0.0625
N61635 G1 G40 X3.5433 Y-1.1811
N61640 Z0.1969
N61645 X2.7559
N61650 Z-0.5211
N61655 Z-0.5998
N61660 G41 X2.7618 Y-1.2815 D14
N61665 G3 X2.8622 Y-1.1811 Z-0.5906 I0. J0.1004
N61670 X2.6496 Z-0.5709 I-0.1063 J0.
N61675 X2.8622 Z-0.5512 I0.1063 J0.
N61680 X2.6496 Z-0.5315 I-0.1063 J0.
N61685 X2.8622 Z-0.5118 I0.1063 J0.
N61690 X2.6496 Z-0.4921 I-0.1063 J0.
N61695 X2.8622 Z-0.4724 I0.1063 J0.
N61700 X2.6496 Z-0.4528 I-0.1063 J0.
N61705 X2.8622 Z-0.4331 I0.1063 J0.
N61710 X2.6496 Z-0.4134 I-0.1063 J0.
N61715 X2.8622 Z-0.3937 I0.1063 J0.
N61720 X2.6496 Z-0.374 I-0.1063 J0.
N61725 X2.8622 Z-0.3543 I0.1063 J0.
N61730 X2.6496 Z-0.3346 I-0.1063 J0.
N61735 X2.8622 Z-0.315 I0.1063 J0.
N61740 X2.6496 Z-0.2953 I-0.1063 J0.
N61745 X2.8622 Z-0.2756 I0.1063 J0.
N61750 X2.6496 Z-0.2559 I-0.1063 J0.
N61755 X2.8622 Z-0.2362 I0.1063 J0.
N61760 X2.6496 Z-0.2165 I-0.1063 J0.
N61765 X2.8622 Z-0.1969 I0.1063 J0.
N61770 X2.6496 Z-0.1772 I-0.1063 J0.
N61775 X2.8622 Z-0.1575 I0.1063 J0.
N61780 X2.6496 Z-0.1378 I-0.1063 J0.
N61785 X2.8622 Z-0.1181 I0.1063 J0.
N61790 X2.6496 Z-0.0984 I-0.1063 J0.
N61795 X2.8622 Z-0.0787 I0.1063 J0.
N61800 X2.6496 Z-0.0591 I-0.1063 J0.
N61805 X2.8622 Z-0.0394 I0.1063 J0.
N61810 X2.8419 Y-1.1186 Z-0.0354 I-0.1063 J0.
N61815 X2.7017 Y-1.0964 Z-0.0261 I-0.0812 J-0.059
N61820 G1 G40 X2.7559 Y-1.1811
N61825 Z0.1969
N61830 Z-0.5209
N61835 Z-0.5996
N61840 G41 X2.7648 Y-1.2844 D14
N61845 G3 X2.8681 Y-1.1811 Z-0.5906 I0. J0.1033
N61850 X2.6437 Z-0.5709 I-0.1122 J0.
N61855 X2.8681 Z-0.5512 I0.1122 J0.
N61860 X2.6437 Z-0.5315 I-0.1122 J0.
N61865 X2.8681 Z-0.5118 I0.1122 J0.
N61870 X2.6437 Z-0.4921 I-0.1122 J0.
N61875 X2.8681 Z-0.4724 I0.1122 J0.
N61880 X2.6437 Z-0.4528 I-0.1122 J0.
N61885 X2.8681 Z-0.4331 I0.1122 J0.
N61890 X2.6437 Z-0.4134 I-0.1122 J0.
N61895 X2.8681 Z-0.3937 I0.1122 J0.
N61900 X2.6437 Z-0.374 I-0.1122 J0.
N61905 X2.8681 Z-0.3543 I0.1122 J0.
N61910 X2.6437 Z-0.3346 I-0.1122 J0.
N61915 X2.8681 Z-0.315 I0.1122 J0.
N61920 X2.6437 Z-0.2953 I-0.1122 J0.
N61925 X2.8681 Z-0.2756 I0.1122 J0.
N61930 X2.6437 Z-0.2559 I-0.1122 J0.
N61935 X2.8681 Z-0.2362 I0.1122 J0.
N61940 X2.6437 Z-0.2165 I-0.1122 J0.
N61945 X2.8681 Z-0.1969 I0.1122 J0.
N61950 X2.6437 Z-0.1772 I-0.1122 J0.
N61955 X2.8681 Z-0.1575 I0.1122 J0.
N61960 X2.6437 Z-0.1378 I-0.1122 J0.
N61965 X2.8681 Z-0.1181 I0.1122 J0.
N61970 X2.6437 Z-0.0984 I-0.1122 J0.
N61975 X2.8681 Z-0.0787 I0.1122 J0.
N61980 X2.6437 Z-0.0591 I-0.1122 J0.
N61985 X2.8681 Z-0.0394 I0.1122 J0.
N61990 X2.8467 Y-1.1152 Z-0.0354 I-0.1122 J0.
N61995 X2.7023 Y-1.0923 Z-0.0264 I-0.0836 J-0.0607
N62000 G1 G40 X2.7559 Y-1.1811
N62005 Z0.1969
N62010 Z-0.5207
N62015 Z-0.5994
N62020 G41 X2.7677 Y-1.2874 D14
N62025 G3 X2.874 Y-1.1811 Z-0.5906 I0. J0.1063
N62030 X2.6378 Z-0.5709 I-0.1181 J0.
N62035 X2.874 Z-0.5512 I0.1181 J0.
N62040 X2.6378 Z-0.5315 I-0.1181 J0.
N62045 X2.874 Z-0.5118 I0.1181 J0.
N62050 X2.6378 Z-0.4921 I-0.1181 J0.
N62055 X2.874 Z-0.4724 I0.1181 J0.
N62060 X2.6378 Z-0.4528 I-0.1181 J0.
N62065 X2.874 Z-0.4331 I0.1181 J0.
N62070 X2.6378 Z-0.4134 I-0.1181 J0.
N62075 X2.874 Z-0.3937 I0.1181 J0.
N62080 X2.6378 Z-0.374 I-0.1181 J0.
N62085 X2.874 Z-0.3543 I0.1181 J0.
N62090 X2.6378 Z-0.3346 I-0.1181 J0.
N62095 X2.874 Z-0.315 I0.1181 J0.
N62100 X2.6378 Z-0.2953 I-0.1181 J0.
N62105 X2.874 Z-0.2756 I0.1181 J0.
N62110 X2.6378 Z-0.2559 I-0.1181 J0.
N62115 X2.874 Z-0.2362 I0.1181 J0.
N62120 X2.6378 Z-0.2165 I-0.1181 J0.
N62125 X2.874 Z-0.1969 I0.1181 J0.
N62130 X2.6378 Z-0.1772 I-0.1181 J0.
N62135 X2.874 Z-0.1575 I0.1181 J0.
N62140 X2.6378 Z-0.1378 I-0.1181 J0.
N62145 X2.874 Z-0.1181 I0.1181 J0.
N62150 X2.6378 Z-0.0984 I-0.1181 J0.
N62155 X2.874 Z-0.0787 I0.1181 J0.
N62160 X2.6378 Z-0.0591 I-0.1181 J0.
N62165 X2.874 Z-0.0394 I0.1181 J0.
N62170 X2.8515 Y-1.1117 Z-0.0354 I-0.1181 J0.
N62175 X2.703 Y-1.0882 Z-0.0266 I-0.086 J-0.0625
N62180 G1 G40 X2.7559 Y-1.1811
N62185 Z0.1969
N62190 X1.9685
N62195 Z-0.5211
N62200 Z-0.5998
N62205 G41 X1.9744 Y-1.2815 D14
N62210 G3 X2.0748 Y-1.1811 Z-0.5906 I0. J0.1004
N62215 X1.8622 Z-0.5709 I-0.1063 J0.
N62220 X2.0748 Z-0.5512 I0.1063 J0.
N62225 X1.8622 Z-0.5315 I-0.1063 J0.
N62230 X2.0748 Z-0.5118 I0.1063 J0.
N62235 X1.8622 Z-0.4921 I-0.1063 J0.
N62240 X2.0748 Z-0.4724 I0.1063 J0.
N62245 X1.8622 Z-0.4528 I-0.1063 J0.
N62250 X2.0748 Z-0.4331 I0.1063 J0.
N62255 X1.8622 Z-0.4134 I-0.1063 J0.
N62260 X2.0748 Z-0.3937 I0.1063 J0.
N62265 X1.8622 Z-0.374 I-0.1063 J0.
N62270 X2.0748 Z-0.3543 I0.1063 J0.
N62275 X1.8622 Z-0.3346 I-0.1063 J0.
N62280 X2.0748 Z-0.315 I0.1063 J0.
N62285 X1.8622 Z-0.2953 I-0.1063 J0.
N62290 X2.0748 Z-0.2756 I0.1063 J0.
N62295 X1.8622 Z-0.2559 I-0.1063 J0.
N62300 X2.0748 Z-0.2362 I0.1063 J0.
N62305 X1.8622 Z-0.2165 I-0.1063 J0.
N62310 X2.0748 Z-0.1969 I0.1063 J0.
N62315 X1.8622 Z-0.1772 I-0.1063 J0.
N62320 X2.0748 Z-0.1575 I0.1063 J0.
N62325 X1.8622 Z-0.1378 I-0.1063 J0.
N62330 X2.0748 Z-0.1181 I0.1063 J0.
N62335 X1.8622 Z-0.0984 I-0.1063 J0.
N62340 X2.0748 Z-0.0787 I0.1063 J0.
N62345 X1.8622 Z-0.0591 I-0.1063 J0.
N62350 X2.0748 Z-0.0394 I0.1063 J0.
N62355 X2.0545 Y-1.1186 Z-0.0354 I-0.1063 J0.
N62360 X1.9143 Y-1.0964 Z-0.0261 I-0.0812 J-0.059
N62365 G1 G40 X1.9685 Y-1.1811
N62370 Z0.1969
N62375 Z-0.5209
N62380 Z-0.5996
N62385 G41 X1.9774 Y-1.2844 D14
N62390 G3 X2.0807 Y-1.1811 Z-0.5906 I0. J0.1033
N62395 X1.8563 Z-0.5709 I-0.1122 J0.
N62400 X2.0807 Z-0.5512 I0.1122 J0.
N62405 X1.8563 Z-0.5315 I-0.1122 J0.
N62410 X2.0807 Z-0.5118 I0.1122 J0.
N62415 X1.8563 Z-0.4921 I-0.1122 J0.
N62420 X2.0807 Z-0.4724 I0.1122 J0.
N62425 X1.8563 Z-0.4528 I-0.1122 J0.
N62430 X2.0807 Z-0.4331 I0.1122 J0.
N62435 X1.8563 Z-0.4134 I-0.1122 J0.
N62440 X2.0807 Z-0.3937 I0.1122 J0.
N62445 X1.8563 Z-0.374 I-0.1122 J0.
N62450 X2.0807 Z-0.3543 I0.1122 J0.
N62455 X1.8563 Z-0.3346 I-0.1122 J0.
N62460 X2.0807 Z-0.315 I0.1122 J0.
N62465 X1.8563 Z-0.2953 I-0.1122 J0.
N62470 X2.0807 Z-0.2756 I0.1122 J0.
N62475 X1.8563 Z-0.2559 I-0.1122 J0.
N62480 X2.0807 Z-0.2362 I0.1122 J0.
N62485 X1.8563 Z-0.2165 I-0.1122 J0.
N62490 X2.0807 Z-0.1969 I0.1122 J0.
N62495 X1.8563 Z-0.1772 I-0.1122 J0.
N62500 X2.0807 Z-0.1575 I0.1122 J0.
N62505 X1.8563 Z-0.1378 I-0.1122 J0.
N62510 X2.0807 Z-0.1181 I0.1122 J0.
N62515 X1.8563 Z-0.0984 I-0.1122 J0.
N62520 X2.0807 Z-0.0787 I0.1122 J0.
N62525 X1.8563 Z-0.0591 I-0.1122 J0.
N62530 X2.0807 Z-0.0394 I0.1122 J0.
N62535 X2.0593 Y-1.1152 Z-0.0354 I-0.1122 J0.
N62540 X1.9149 Y-1.0923 Z-0.0264 I-0.0836 J-0.0607
N62545 G1 G40 X1.9685 Y-1.1811
N62550 Z0.1969
N62555 Z-0.5207
N62560 Z-0.5994
N62565 G41 X1.9803 Y-1.2874 D14
N62570 G3 X2.0866 Y-1.1811 Z-0.5906 I0. J0.1063
N62575 X1.8504 Z-0.5709 I-0.1181 J0.
N62580 X2.0866 Z-0.5512 I0.1181 J0.
N62585 X1.8504 Z-0.5315 I-0.1181 J0.
N62590 X2.0866 Z-0.5118 I0.1181 J0.
N62595 X1.8504 Z-0.4921 I-0.1181 J0.
N62600 X2.0866 Z-0.4724 I0.1181 J0.
N62605 X1.8504 Z-0.4528 I-0.1181 J0.
N62610 X2.0866 Z-0.4331 I0.1181 J0.
N62615 X1.8504 Z-0.4134 I-0.1181 J0.
N62620 X2.0866 Z-0.3937 I0.1181 J0.
N62625 X1.8504 Z-0.374 I-0.1181 J0.
N62630 X2.0866 Z-0.3543 I0.1181 J0.
N62635 X1.8504 Z-0.3346 I-0.1181 J0.
N62640 X2.0866 Z-0.315 I0.1181 J0.
N62645 X1.8504 Z-0.2953 I-0.1181 J0.
N62650 X2.0866 Z-0.2756 I0.1181 J0.
N62655 X1.8504 Z-0.2559 I-0.1181 J0.
N62660 X2.0866 Z-0.2362 I0.1181 J0.
N62665 X1.8504 Z-0.2165 I-0.1181 J0.
N62670 X2.0866 Z-0.1969 I0.1181 J0.
N62675 X1.8504 Z-0.1772 I-0.1181 J0.
N62680 X2.0866 Z-0.1575 I0.1181 J0.
N62685 X1.8504 Z-0.1378 I-0.1181 J0.
N62690 X2.0866 Z-0.1181 I0.1181 J0.
N62695 X1.8504 Z-0.0984 I-0.1181 J0.
N62700 X2.0866 Z-0.0787 I0.1181 J0.
N62705 X1.8504 Z-0.0591 I-0.1181 J0.
N62710 X2.0866 Z-0.0394 I0.1181 J0.
N62715 X2.0641 Y-1.1117 Z-0.0354 I-0.1181 J0.
N62720 X1.9156 Y-1.0882 Z-0.0266 I-0.086 J-0.0625
N62725 G1 G40 X1.9685 Y-1.1811
N62730 Z0.1969
N62735 X1.1811
N62740 Z-0.5211
N62745 Z-0.5998
N62750 G41 X1.187 Y-1.2815 D14
N62755 G3 X1.2874 Y-1.1811 Z-0.5906 I0. J0.1004
N62760 X1.0748 Z-0.5709 I-0.1063 J0.
N62765 X1.2874 Z-0.5512 I0.1063 J0.
N62770 X1.0748 Z-0.5315 I-0.1063 J0.
N62775 X1.2874 Z-0.5118 I0.1063 J0.
N62780 X1.0748 Z-0.4921 I-0.1063 J0.
N62785 X1.2874 Z-0.4724 I0.1063 J0.
N62790 X1.0748 Z-0.4528 I-0.1063 J0.
N62795 X1.2874 Z-0.4331 I0.1063 J0.
N62800 X1.0748 Z-0.4134 I-0.1063 J0.
N62805 X1.2874 Z-0.3937 I0.1063 J0.
N62810 X1.0748 Z-0.374 I-0.1063 J0.
N62815 X1.2874 Z-0.3543 I0.1063 J0.
N62820 X1.0748 Z-0.3346 I-0.1063 J0.
N62825 X1.2874 Z-0.315 I0.1063 J0.
N62830 X1.0748 Z-0.2953 I-0.1063 J0.
N62835 X1.2874 Z-0.2756 I0.1063 J0.
N62840 X1.0748 Z-0.2559 I-0.1063 J0.
N62845 X1.2874 Z-0.2362 I0.1063 J0.
N62850 X1.0748 Z-0.2165 I-0.1063 J0.
N62855 X1.2874 Z-0.1969 I0.1063 J0.
N62860 X1.0748 Z-0.1772 I-0.1063 J0.
N62865 X1.2874 Z-0.1575 I0.1063 J0.
N62870 X1.0748 Z-0.1378 I-0.1063 J0.
N62875 X1.2874 Z-0.1181 I0.1063 J0.
N62880 X1.0748 Z-0.0984 I-0.1063 J0.
N62885 X1.2874 Z-0.0787 I0.1063 J0.
N62890 X1.0748 Z-0.0591 I-0.1063 J0.
N62895 X1.2874 Z-0.0394 I0.1063 J0.
N62900 X1.2671 Y-1.1186 Z-0.0354 I-0.1063 J0.
N62905 X1.1269 Y-1.0964 Z-0.0261 I-0.0812 J-0.059
N62910 G1 G40 X1.1811 Y-1.1811
N62915 Z0.1969
N62920 Z-0.5209
N62925 Z-0.5996
N62930 G41 X1.19 Y-1.2844 D14
N62935 G3 X1.2933 Y-1.1811 Z-0.5906 I0. J0.1033
N62940 X1.0689 Z-0.5709 I-0.1122 J0.
N62945 X1.2933 Z-0.5512 I0.1122 J0.
N62950 X1.0689 Z-0.5315 I-0.1122 J0.
N62955 X1.2933 Z-0.5118 I0.1122 J0.
N62960 X1.0689 Z-0.4921 I-0.1122 J0.
N62965 X1.2933 Z-0.4724 I0.1122 J0.
N62970 X1.0689 Z-0.4528 I-0.1122 J0.
N62975 X1.2933 Z-0.4331 I0.1122 J0.
N62980 X1.0689 Z-0.4134 I-0.1122 J0.
N62985 X1.2933 Z-0.3937 I0.1122 J0.
N62990 X1.0689 Z-0.374 I-0.1122 J0.
N62995 X1.2933 Z-0.3543 I0.1122 J0.
N63000 X1.0689 Z-0.3346 I-0.1122 J0.
N63005 X1.2933 Z-0.315 I0.1122 J0.
N63010 X1.0689 Z-0.2953 I-0.1122 J0.
N63015 X1.2933 Z-0.2756 I0.1122 J0.
N63020 X1.0689 Z-0.2559 I-0.1122 J0.
N63025 X1.2933 Z-0.2362 I0.1122 J0.
N63030 X1.0689 Z-0.2165 I-0.1122 J0.
N63035 X1.2933 Z-0.1969 I0.1122 J0.
N63040 X1.0689 Z-0.1772 I-0.1122 J0.
N63045 X1.2933 Z-0.1575 I0.1122 J0.
N63050 X1.0689 Z-0.1378 I-0.1122 J0.
N63055 X1.2933 Z-0.1181 I0.1122 J0.
N63060 X1.0689 Z-0.0984 I-0.1122 J0.
N63065 X1.2933 Z-0.0787 I0.1122 J0.
N63070 X1.0689 Z-0.0591 I-0.1122 J0.
N63075 X1.2933 Z-0.0394 I0.1122 J0.
N63080 X1.2719 Y-1.1152 Z-0.0354 I-0.1122 J0.
N63085 X1.1275 Y-1.0923 Z-0.0264 I-0.0836 J-0.0607
N63090 G1 G40 X1.1811 Y-1.1811
N63095 Z0.1969
N63100 Z-0.5207
N63105 Z-0.5994
N63110 G41 X1.1929 Y-1.2874 D14
N63115 G3 X1.2992 Y-1.1811 Z-0.5906 I0. J0.1063
N63120 X1.063 Z-0.5709 I-0.1181 J0.
N63125 X1.2992 Z-0.5512 I0.1181 J0.
N63130 X1.063 Z-0.5315 I-0.1181 J0.
N63135 X1.2992 Z-0.5118 I0.1181 J0.
N63140 X1.063 Z-0.4921 I-0.1181 J0.
N63145 X1.2992 Z-0.4724 I0.1181 J0.
N63150 X1.063 Z-0.4528 I-0.1181 J0.
N63155 X1.2992 Z-0.4331 I0.1181 J0.
N63160 X1.063 Z-0.4134 I-0.1181 J0.
N63165 X1.2992 Z-0.3937 I0.1181 J0.
N63170 X1.063 Z-0.374 I-0.1181 J0.
N63175 X1.2992 Z-0.3543 I0.1181 J0.
N63180 X1.063 Z-0.3346 I-0.1181 J0.
N63185 X1.2992 Z-0.315 I0.1181 J0.
N63190 X1.063 Z-0.2953 I-0.1181 J0.
N63195 X1.2992 Z-0.2756 I0.1181 J0.
N63200 X1.063 Z-0.2559 I-0.1181 J0.
N63205 X1.2992 Z-0.2362 I0.1181 J0.
N63210 X1.063 Z-0.2165 I-0.1181 J0.
N63215 X1.2992 Z-0.1969 I0.1181 J0.
N63220 X1.063 Z-0.1772 I-0.1181 J0.
N63225 X1.2992 Z-0.1575 I0.1181 J0.
N63230 X1.063 Z-0.1378 I-0.1181 J0.
N63235 X1.2992 Z-0.1181 I0.1181 J0.
N63240 X1.063 Z-0.0984 I-0.1181 J0.
N63245 X1.2992 Z-0.0787 I0.1181 J0.
N63250 X1.063 Z-0.0591 I-0.1181 J0.
N63255 X1.2992 Z-0.0394 I0.1181 J0.
N63260 X1.2767 Y-1.1117 Z-0.0354 I-0.1181 J0.
N63265 X1.1282 Y-1.0882 Z-0.0266 I-0.086 J-0.0625
N63270 G1 G40 X1.1811 Y-1.1811
N63275 Z0.1969
N63280 X0.3937
N63285 Z-0.5211
N63290 Z-0.5998
N63295 G41 X0.3996 Y-1.2815 D14
N63300 G3 X0.5 Y-1.1811 Z-0.5906 I0. J0.1004
N63305 X0.2874 Z-0.5709 I-0.1063 J0.
N63310 X0.5 Z-0.5512 I0.1063 J0.
N63315 X0.2874 Z-0.5315 I-0.1063 J0.
N63320 X0.5 Z-0.5118 I0.1063 J0.
N63325 X0.2874 Z-0.4921 I-0.1063 J0.
N63330 X0.5 Z-0.4724 I0.1063 J0.
N63335 X0.2874 Z-0.4528 I-0.1063 J0.
N63340 X0.5 Z-0.4331 I0.1063 J0.
N63345 X0.2874 Z-0.4134 I-0.1063 J0.
N63350 X0.5 Z-0.3937 I0.1063 J0.
N63355 X0.2874 Z-0.374 I-0.1063 J0.
N63360 X0.5 Z-0.3543 I0.1063 J0.
N63365 X0.2874 Z-0.3346 I-0.1063 J0.
N63370 X0.5 Z-0.315 I0.1063 J0.
N63375 X0.2874 Z-0.2953 I-0.1063 J0.
N63380 X0.5 Z-0.2756 I0.1063 J0.
N63385 X0.2874 Z-0.2559 I-0.1063 J0.
N63390 X0.5 Z-0.2362 I0.1063 J0.
N63395 X0.2874 Z-0.2165 I-0.1063 J0.
N63400 X0.5 Z-0.1969 I0.1063 J0.
N63405 X0.2874 Z-0.1772 I-0.1063 J0.
N63410 X0.5 Z-0.1575 I0.1063 J0.
N63415 X0.2874 Z-0.1378 I-0.1063 J0.
N63420 X0.5 Z-0.1181 I0.1063 J0.
N63425 X0.2874 Z-0.0984 I-0.1063 J0.
N63430 X0.5 Z-0.0787 I0.1063 J0.
N63435 X0.2874 Z-0.0591 I-0.1063 J0.
N63440 X0.5 Z-0.0394 I0.1063 J0.
N63445 X0.4797 Y-1.1186 Z-0.0354 I-0.1063 J0.
N63450 X0.3395 Y-1.0964 Z-0.0261 I-0.0812 J-0.059
N63455 G1 G40 X0.3937 Y-1.1811
N63460 Z0.1969
N63465 Z-0.5209
N63470 Z-0.5996
N63475 G41 X0.4026 Y-1.2844 D14
N63480 G3 X0.5059 Y-1.1811 Z-0.5906 I0. J0.1033
N63485 X0.2815 Z-0.5709 I-0.1122 J0.
N63490 X0.5059 Z-0.5512 I0.1122 J0.
N63495 X0.2815 Z-0.5315 I-0.1122 J0.
N63500 X0.5059 Z-0.5118 I0.1122 J0.
N63505 X0.2815 Z-0.4921 I-0.1122 J0.
N63510 X0.5059 Z-0.4724 I0.1122 J0.
N63515 X0.2815 Z-0.4528 I-0.1122 J0.
N63520 X0.5059 Z-0.4331 I0.1122 J0.
N63525 X0.2815 Z-0.4134 I-0.1122 J0.
N63530 X0.5059 Z-0.3937 I0.1122 J0.
N63535 X0.2815 Z-0.374 I-0.1122 J0.
N63540 X0.5059 Z-0.3543 I0.1122 J0.
N63545 X0.2815 Z-0.3346 I-0.1122 J0.
N63550 X0.5059 Z-0.315 I0.1122 J0.
N63555 X0.2815 Z-0.2953 I-0.1122 J0.
N63560 X0.5059 Z-0.2756 I0.1122 J0.
N63565 X0.2815 Z-0.2559 I-0.1122 J0.
N63570 X0.5059 Z-0.2362 I0.1122 J0.
N63575 X0.2815 Z-0.2165 I-0.1122 J0.
N63580 X0.5059 Z-0.1969 I0.1122 J0.
N63585 X0.2815 Z-0.1772 I-0.1122 J0.
N63590 X0.5059 Z-0.1575 I0.1122 J0.
N63595 X0.2815 Z-0.1378 I-0.1122 J0.
N63600 X0.5059 Z-0.1181 I0.1122 J0.
N63605 X0.2815 Z-0.0984 I-0.1122 J0.
N63610 X0.5059 Z-0.0787 I0.1122 J0.
N63615 X0.2815 Z-0.0591 I-0.1122 J0.
N63620 X0.5059 Z-0.0394 I0.1122 J0.
N63625 X0.4845 Y-1.1152 Z-0.0354 I-0.1122 J0.
N63630 X0.3401 Y-1.0923 Z-0.0264 I-0.0836 J-0.0607
N63635 G1 G40 X0.3937 Y-1.1811
N63640 Z0.1969
N63645 Z-0.5207
N63650 Z-0.5994
N63655 G41 X0.4055 Y-1.2874 D14
N63660 G3 X0.5118 Y-1.1811 Z-0.5906 I0. J0.1063
N63665 X0.2756 Z-0.5709 I-0.1181 J0.
N63670 X0.5118 Z-0.5512 I0.1181 J0.
N63675 X0.2756 Z-0.5315 I-0.1181 J0.
N63680 X0.5118 Z-0.5118 I0.1181 J0.
N63685 X0.2756 Z-0.4921 I-0.1181 J0.
N63690 X0.5118 Z-0.4724 I0.1181 J0.
N63695 X0.2756 Z-0.4528 I-0.1181 J0.
N63700 X0.5118 Z-0.4331 I0.1181 J0.
N63705 X0.2756 Z-0.4134 I-0.1181 J0.
N63710 X0.5118 Z-0.3937 I0.1181 J0.
N63715 X0.2756 Z-0.374 I-0.1181 J0.
N63720 X0.5118 Z-0.3543 I0.1181 J0.
N63725 X0.2756 Z-0.3346 I-0.1181 J0.
N63730 X0.5118 Z-0.315 I0.1181 J0.
N63735 X0.2756 Z-0.2953 I-0.1181 J0.
N63740 X0.5118 Z-0.2756 I0.1181 J0.
N63745 X0.2756 Z-0.2559 I-0.1181 J0.
N63750 X0.5118 Z-0.2362 I0.1181 J0.
N63755 X0.2756 Z-0.2165 I-0.1181 J0.
N63760 X0.5118 Z-0.1969 I0.1181 J0.
N63765 X0.2756 Z-0.1772 I-0.1181 J0.
N63770 X0.5118 Z-0.1575 I0.1181 J0.
N63775 X0.2756 Z-0.1378 I-0.1181 J0.
N63780 X0.5118 Z-0.1181 I0.1181 J0.
N63785 X0.2756 Z-0.0984 I-0.1181 J0.
N63790 X0.5118 Z-0.0787 I0.1181 J0.
N63795 X0.2756 Z-0.0591 I-0.1181 J0.
N63800 X0.5118 Z-0.0394 I0.1181 J0.
N63805 X0.4893 Y-1.1117 Z-0.0354 I-0.1181 J0.
N63810 X0.3408 Y-1.0882 Z-0.0266 I-0.086 J-0.0625
N63815 G1 G40 X0.3937 Y-1.1811
N63820 Z0.1969
N63825 X-0.3937
N63830 Z-0.5211
N63835 Z-0.5998
N63840 G41 X-0.3878 Y-1.2815 D14
N63845 G3 X-0.2874 Y-1.1811 Z-0.5906 I0. J0.1004
N63850 X-0.5 Z-0.5709 I-0.1063 J0.
N63855 X-0.2874 Z-0.5512 I0.1063 J0.
N63860 X-0.5 Z-0.5315 I-0.1063 J0.
N63865 X-0.2874 Z-0.5118 I0.1063 J0.
N63870 X-0.5 Z-0.4921 I-0.1063 J0.
N63875 X-0.2874 Z-0.4724 I0.1063 J0.
N63880 X-0.5 Z-0.4528 I-0.1063 J0.
N63885 X-0.2874 Z-0.4331 I0.1063 J0.
N63890 X-0.5 Z-0.4134 I-0.1063 J0.
N63895 X-0.2874 Z-0.3937 I0.1063 J0.
N63900 X-0.5 Z-0.374 I-0.1063 J0.
N63905 X-0.2874 Z-0.3543 I0.1063 J0.
N63910 X-0.5 Z-0.3346 I-0.1063 J0.
N63915 X-0.2874 Z-0.315 I0.1063 J0.
N63920 X-0.5 Z-0.2953 I-0.1063 J0.
N63925 X-0.2874 Z-0.2756 I0.1063 J0.
N63930 X-0.5 Z-0.2559 I-0.1063 J0.
N63935 X-0.2874 Z-0.2362 I0.1063 J0.
N63940 X-0.5 Z-0.2165 I-0.1063 J0.
N63945 X-0.2874 Z-0.1969 I0.1063 J0.
N63950 X-0.5 Z-0.1772 I-0.1063 J0.
N63955 X-0.2874 Z-0.1575 I0.1063 J0.
N63960 X-0.5 Z-0.1378 I-0.1063 J0.
N63965 X-0.2874 Z-0.1181 I0.1063 J0.
N63970 X-0.5 Z-0.0984 I-0.1063 J0.
N63975 X-0.2874 Z-0.0787 I0.1063 J0.
N63980 X-0.5 Z-0.0591 I-0.1063 J0.
N63985 X-0.2874 Z-0.0394 I0.1063 J0.
N63990 X-0.3077 Y-1.1186 Z-0.0354 I-0.1063 J0.
N63995 X-0.4479 Y-1.0964 Z-0.0261 I-0.0812 J-0.059
N64000 G1 G40 X-0.3937 Y-1.1811
N64005 Z0.1969
N64010 Z-0.5209
N64015 Z-0.5996
N64020 G41 X-0.3848 Y-1.2844 D14
N64025 G3 X-0.2815 Y-1.1811 Z-0.5906 I0. J0.1033
N64030 X-0.5059 Z-0.5709 I-0.1122 J0.
N64035 X-0.2815 Z-0.5512 I0.1122 J0.
N64040 X-0.5059 Z-0.5315 I-0.1122 J0.
N64045 X-0.2815 Z-0.5118 I0.1122 J0.
N64050 X-0.5059 Z-0.4921 I-0.1122 J0.
N64055 X-0.2815 Z-0.4724 I0.1122 J0.
N64060 X-0.5059 Z-0.4528 I-0.1122 J0.
N64065 X-0.2815 Z-0.4331 I0.1122 J0.
N64070 X-0.5059 Z-0.4134 I-0.1122 J0.
N64075 X-0.2815 Z-0.3937 I0.1122 J0.
N64080 X-0.5059 Z-0.374 I-0.1122 J0.
N64085 X-0.2815 Z-0.3543 I0.1122 J0.
N64090 X-0.5059 Z-0.3346 I-0.1122 J0.
N64095 X-0.2815 Z-0.315 I0.1122 J0.
N64100 X-0.5059 Z-0.2953 I-0.1122 J0.
N64105 X-0.2815 Z-0.2756 I0.1122 J0.
N64110 X-0.5059 Z-0.2559 I-0.1122 J0.
N64115 X-0.2815 Z-0.2362 I0.1122 J0.
N64120 X-0.5059 Z-0.2165 I-0.1122 J0.
N64125 X-0.2815 Z-0.1969 I0.1122 J0.
N64130 X-0.5059 Z-0.1772 I-0.1122 J0.
N64135 X-0.2815 Z-0.1575 I0.1122 J0.
N64140 X-0.5059 Z-0.1378 I-0.1122 J0.
N64145 X-0.2815 Z-0.1181 I0.1122 J0.
N64150 X-0.5059 Z-0.0984 I-0.1122 J0.
N64155 X-0.2815 Z-0.0787 I0.1122 J0.
N64160 X-0.5059 Z-0.0591 I-0.1122 J0.
N64165 X-0.2815 Z-0.0394 I0.1122 J0.
N64170 X-0.3029 Y-1.1152 Z-0.0354 I-0.1122 J0.
N64175 X-0.4473 Y-1.0923 Z-0.0264 I-0.0836 J-0.0607
N64180 G1 G40 X-0.3937 Y-1.1811
N64185 Z0.1969
N64190 Z-0.5207
N64195 Z-0.5994
N64200 G41 X-0.3819 Y-1.2874 D14
N64205 G3 X-0.2756 Y-1.1811 Z-0.5906 I0. J0.1063
N64210 X-0.5118 Z-0.5709 I-0.1181 J0.
N64215 X-0.2756 Z-0.5512 I0.1181 J0.
N64220 X-0.5118 Z-0.5315 I-0.1181 J0.
N64225 X-0.2756 Z-0.5118 I0.1181 J0.
N64230 X-0.5118 Z-0.4921 I-0.1181 J0.
N64235 X-0.2756 Z-0.4724 I0.1181 J0.
N64240 X-0.5118 Z-0.4528 I-0.1181 J0.
N64245 X-0.2756 Z-0.4331 I0.1181 J0.
N64250 X-0.5118 Z-0.4134 I-0.1181 J0.
N64255 X-0.2756 Z-0.3937 I0.1181 J0.
N64260 X-0.5118 Z-0.374 I-0.1181 J0.
N64265 X-0.2756 Z-0.3543 I0.1181 J0.
N64270 X-0.5118 Z-0.3346 I-0.1181 J0.
N64275 X-0.2756 Z-0.315 I0.1181 J0.
N64280 X-0.5118 Z-0.2953 I-0.1181 J0.
N64285 X-0.2756 Z-0.2756 I0.1181 J0.
N64290 X-0.5118 Z-0.2559 I-0.1181 J0.
N64295 X-0.2756 Z-0.2362 I0.1181 J0.
N64300 X-0.5118 Z-0.2165 I-0.1181 J0.
N64305 X-0.2756 Z-0.1969 I0.1181 J0.
N64310 X-0.5118 Z-0.1772 I-0.1181 J0.
N64315 X-0.2756 Z-0.1575 I0.1181 J0.
N64320 X-0.5118 Z-0.1378 I-0.1181 J0.
N64325 X-0.2756 Z-0.1181 I0.1181 J0.
N64330 X-0.5118 Z-0.0984 I-0.1181 J0.
N64335 X-0.2756 Z-0.0787 I0.1181 J0.
N64340 X-0.5118 Z-0.0591 I-0.1181 J0.
N64345 X-0.2756 Z-0.0394 I0.1181 J0.
N64350 X-0.2981 Y-1.1117 Z-0.0354 I-0.1181 J0.
N64355 X-0.4466 Y-1.0882 Z-0.0266 I-0.086 J-0.0625
N64360 G1 G40 X-0.3937 Y-1.1811
N64365 Z0.1969
N64370 X-1.1811
N64375 Z-0.5211
N64380 Z-0.5998
N64385 G41 X-1.1752 Y-1.2815 D14
N64390 G3 X-1.0748 Y-1.1811 Z-0.5906 I0. J0.1004
N64395 X-1.2874 Z-0.5709 I-0.1063 J0.
N64400 X-1.0748 Z-0.5512 I0.1063 J0.
N64405 X-1.2874 Z-0.5315 I-0.1063 J0.
N64410 X-1.0748 Z-0.5118 I0.1063 J0.
N64415 X-1.2874 Z-0.4921 I-0.1063 J0.
N64420 X-1.0748 Z-0.4724 I0.1063 J0.
N64425 X-1.2874 Z-0.4528 I-0.1063 J0.
N64430 X-1.0748 Z-0.4331 I0.1063 J0.
N64435 X-1.2874 Z-0.4134 I-0.1063 J0.
N64440 X-1.0748 Z-0.3937 I0.1063 J0.
N64445 X-1.2874 Z-0.374 I-0.1063 J0.
N64450 X-1.0748 Z-0.3543 I0.1063 J0.
N64455 X-1.2874 Z-0.3346 I-0.1063 J0.
N64460 X-1.0748 Z-0.315 I0.1063 J0.
N64465 X-1.2874 Z-0.2953 I-0.1063 J0.
N64470 X-1.0748 Z-0.2756 I0.1063 J0.
N64475 X-1.2874 Z-0.2559 I-0.1063 J0.
N64480 X-1.0748 Z-0.2362 I0.1063 J0.
N64485 X-1.2874 Z-0.2165 I-0.1063 J0.
N64490 X-1.0748 Z-0.1969 I0.1063 J0.
N64495 X-1.2874 Z-0.1772 I-0.1063 J0.
N64500 X-1.0748 Z-0.1575 I0.1063 J0.
N64505 X-1.2874 Z-0.1378 I-0.1063 J0.
N64510 X-1.0748 Z-0.1181 I0.1063 J0.
N64515 X-1.2874 Z-0.0984 I-0.1063 J0.
N64520 X-1.0748 Z-0.0787 I0.1063 J0.
N64525 X-1.2874 Z-0.0591 I-0.1063 J0.
N64530 X-1.0748 Z-0.0394 I0.1063 J0.
N64535 X-1.0951 Y-1.1186 Z-0.0354 I-0.1063 J0.
N64540 X-1.2353 Y-1.0964 Z-0.0261 I-0.0812 J-0.059
N64545 G1 G40 X-1.1811 Y-1.1811
N64550 Z0.1969
N64555 Z-0.5209
N64560 Z-0.5996
N64565 G41 X-1.1722 Y-1.2844 D14
N64570 G3 X-1.0689 Y-1.1811 Z-0.5906 I0. J0.1033
N64575 X-1.2933 Z-0.5709 I-0.1122 J0.
N64580 X-1.0689 Z-0.5512 I0.1122 J0.
N64585 X-1.2933 Z-0.5315 I-0.1122 J0.
N64590 X-1.0689 Z-0.5118 I0.1122 J0.
N64595 X-1.2933 Z-0.4921 I-0.1122 J0.
N64600 X-1.0689 Z-0.4724 I0.1122 J0.
N64605 X-1.2933 Z-0.4528 I-0.1122 J0.
N64610 X-1.0689 Z-0.4331 I0.1122 J0.
N64615 X-1.2933 Z-0.4134 I-0.1122 J0.
N64620 X-1.0689 Z-0.3937 I0.1122 J0.
N64625 X-1.2933 Z-0.374 I-0.1122 J0.
N64630 X-1.0689 Z-0.3543 I0.1122 J0.
N64635 X-1.2933 Z-0.3346 I-0.1122 J0.
N64640 X-1.0689 Z-0.315 I0.1122 J0.
N64645 X-1.2933 Z-0.2953 I-0.1122 J0.
N64650 X-1.0689 Z-0.2756 I0.1122 J0.
N64655 X-1.2933 Z-0.2559 I-0.1122 J0.
N64660 X-1.0689 Z-0.2362 I0.1122 J0.
N64665 X-1.2933 Z-0.2165 I-0.1122 J0.
N64670 X-1.0689 Z-0.1969 I0.1122 J0.
N64675 X-1.2933 Z-0.1772 I-0.1122 J0.
N64680 X-1.0689 Z-0.1575 I0.1122 J0.
N64685 X-1.2933 Z-0.1378 I-0.1122 J0.
N64690 X-1.0689 Z-0.1181 I0.1122 J0.
N64695 X-1.2933 Z-0.0984 I-0.1122 J0.
N64700 X-1.0689 Z-0.0787 I0.1122 J0.
N64705 X-1.2933 Z-0.0591 I-0.1122 J0.
N64710 X-1.0689 Z-0.0394 I0.1122 J0.
N64715 X-1.0903 Y-1.1152 Z-0.0354 I-0.1122 J0.
N64720 X-1.2347 Y-1.0923 Z-0.0264 I-0.0836 J-0.0607
N64725 G1 G40 X-1.1811 Y-1.1811
N64730 Z0.1969
N64735 Z-0.5207
N64740 Z-0.5994
N64745 G41 X-1.1693 Y-1.2874 D14
N64750 G3 X-1.063 Y-1.1811 Z-0.5906 I0. J0.1063
N64755 X-1.2992 Z-0.5709 I-0.1181 J0.
N64760 X-1.063 Z-0.5512 I0.1181 J0.
N64765 X-1.2992 Z-0.5315 I-0.1181 J0.
N64770 X-1.063 Z-0.5118 I0.1181 J0.
N64775 X-1.2992 Z-0.4921 I-0.1181 J0.
N64780 X-1.063 Z-0.4724 I0.1181 J0.
N64785 X-1.2992 Z-0.4528 I-0.1181 J0.
N64790 X-1.063 Z-0.4331 I0.1181 J0.
N64795 X-1.2992 Z-0.4134 I-0.1181 J0.
N64800 X-1.063 Z-0.3937 I0.1181 J0.
N64805 X-1.2992 Z-0.374 I-0.1181 J0.
N64810 X-1.063 Z-0.3543 I0.1181 J0.
N64815 X-1.2992 Z-0.3346 I-0.1181 J0.
N64820 X-1.063 Z-0.315 I0.1181 J0.
N64825 X-1.2992 Z-0.2953 I-0.1181 J0.
N64830 X-1.063 Z-0.2756 I0.1181 J0.
N64835 X-1.2992 Z-0.2559 I-0.1181 J0.
N64840 X-1.063 Z-0.2362 I0.1181 J0.
N64845 X-1.2992 Z-0.2165 I-0.1181 J0.
N64850 X-1.063 Z-0.1969 I0.1181 J0.
N64855 X-1.2992 Z-0.1772 I-0.1181 J0.
N64860 X-1.063 Z-0.1575 I0.1181 J0.
N64865 X-1.2992 Z-0.1378 I-0.1181 J0.
N64870 X-1.063 Z-0.1181 I0.1181 J0.
N64875 X-1.2992 Z-0.0984 I-0.1181 J0.
N64880 X-1.063 Z-0.0787 I0.1181 J0.
N64885 X-1.2992 Z-0.0591 I-0.1181 J0.
N64890 X-1.063 Z-0.0394 I0.1181 J0.
N64895 X-1.0855 Y-1.1117 Z-0.0354 I-0.1181 J0.
N64900 X-1.234 Y-1.0882 Z-0.0266 I-0.086 J-0.0625
N64905 G1 G40 X-1.1811 Y-1.1811
N64910 Z0.1969
N64915 X-1.9685
N64920 Z-0.5211
N64925 Z-0.5998
N64930 G41 X-1.9626 Y-1.2815 D14
N64935 G3 X-1.8622 Y-1.1811 Z-0.5906 I0. J0.1004
N64940 X-2.0748 Z-0.5709 I-0.1063 J0.
N64945 X-1.8622 Z-0.5512 I0.1063 J0.
N64950 X-2.0748 Z-0.5315 I-0.1063 J0.
N64955 X-1.8622 Z-0.5118 I0.1063 J0.
N64960 X-2.0748 Z-0.4921 I-0.1063 J0.
N64965 X-1.8622 Z-0.4724 I0.1063 J0.
N64970 X-2.0748 Z-0.4528 I-0.1063 J0.
N64975 X-1.8622 Z-0.4331 I0.1063 J0.
N64980 X-2.0748 Z-0.4134 I-0.1063 J0.
N64985 X-1.8622 Z-0.3937 I0.1063 J0.
N64990 X-2.0748 Z-0.374 I-0.1063 J0.
N64995 X-1.8622 Z-0.3543 I0.1063 J0.
N65000 X-2.0748 Z-0.3346 I-0.1063 J0.
N65005 X-1.8622 Z-0.315 I0.1063 J0.
N65010 X-2.0748 Z-0.2953 I-0.1063 J0.
N65015 X-1.8622 Z-0.2756 I0.1063 J0.
N65020 X-2.0748 Z-0.2559 I-0.1063 J0.
N65025 X-1.8622 Z-0.2362 I0.1063 J0.
N65030 X-2.0748 Z-0.2165 I-0.1063 J0.
N65035 X-1.8622 Z-0.1969 I0.1063 J0.
N65040 X-2.0748 Z-0.1772 I-0.1063 J0.
N65045 X-1.8622 Z-0.1575 I0.1063 J0.
N65050 X-2.0748 Z-0.1378 I-0.1063 J0.
N65055 X-1.8622 Z-0.1181 I0.1063 J0.
N65060 X-2.0748 Z-0.0984 I-0.1063 J0.
N65065 X-1.8622 Z-0.0787 I0.1063 J0.
N65070 X-2.0748 Z-0.0591 I-0.1063 J0.
N65075 X-1.8622 Z-0.0394 I0.1063 J0.
N65080 X-1.8825 Y-1.1186 Z-0.0354 I-0.1063 J0.
N65085 X-2.0227 Y-1.0964 Z-0.0261 I-0.0812 J-0.059
N65090 G1 G40 X-1.9685 Y-1.1811
N65095 Z0.1969
N65100 Z-0.5209
N65105 Z-0.5996
N65110 G41 X-1.9596 Y-1.2844 D14
N65115 G3 X-1.8563 Y-1.1811 Z-0.5906 I0. J0.1033
N65120 X-2.0807 Z-0.5709 I-0.1122 J0.
N65125 X-1.8563 Z-0.5512 I0.1122 J0.
N65130 X-2.0807 Z-0.5315 I-0.1122 J0.
N65135 X-1.8563 Z-0.5118 I0.1122 J0.
N65140 X-2.0807 Z-0.4921 I-0.1122 J0.
N65145 X-1.8563 Z-0.4724 I0.1122 J0.
N65150 X-2.0807 Z-0.4528 I-0.1122 J0.
N65155 X-1.8563 Z-0.4331 I0.1122 J0.
N65160 X-2.0807 Z-0.4134 I-0.1122 J0.
N65165 X-1.8563 Z-0.3937 I0.1122 J0.
N65170 X-2.0807 Z-0.374 I-0.1122 J0.
N65175 X-1.8563 Z-0.3543 I0.1122 J0.
N65180 X-2.0807 Z-0.3346 I-0.1122 J0.
N65185 X-1.8563 Z-0.315 I0.1122 J0.
N65190 X-2.0807 Z-0.2953 I-0.1122 J0.
N65195 X-1.8563 Z-0.2756 I0.1122 J0.
N65200 X-2.0807 Z-0.2559 I-0.1122 J0.
N65205 X-1.8563 Z-0.2362 I0.1122 J0.
N65210 X-2.0807 Z-0.2165 I-0.1122 J0.
N65215 X-1.8563 Z-0.1969 I0.1122 J0.
N65220 X-2.0807 Z-0.1772 I-0.1122 J0.
N65225 X-1.8563 Z-0.1575 I0.1122 J0.
N65230 X-2.0807 Z-0.1378 I-0.1122 J0.
N65235 X-1.8563 Z-0.1181 I0.1122 J0.
N65240 X-2.0807 Z-0.0984 I-0.1122 J0.
N65245 X-1.8563 Z-0.0787 I0.1122 J0.
N65250 X-2.0807 Z-0.0591 I-0.1122 J0.
N65255 X-1.8563 Z-0.0394 I0.1122 J0.
N65260 X-1.8777 Y-1.1152 Z-0.0354 I-0.1122 J0.
N65265 X-2.0221 Y-1.0923 Z-0.0264 I-0.0836 J-0.0607
N65270 G1 G40 X-1.9685 Y-1.1811
N65275 Z0.1969
N65280 Z-0.5207
N65285 Z-0.5994
N65290 G41 X-1.9567 Y-1.2874 D14
N65295 G3 X-1.8504 Y-1.1811 Z-0.5906 I0. J0.1063
N65300 X-2.0866 Z-0.5709 I-0.1181 J0.
N65305 X-1.8504 Z-0.5512 I0.1181 J0.
N65310 X-2.0866 Z-0.5315 I-0.1181 J0.
N65315 X-1.8504 Z-0.5118 I0.1181 J0.
N65320 X-2.0866 Z-0.4921 I-0.1181 J0.
N65325 X-1.8504 Z-0.4724 I0.1181 J0.
N65330 X-2.0866 Z-0.4528 I-0.1181 J0.
N65335 X-1.8504 Z-0.4331 I0.1181 J0.
N65340 X-2.0866 Z-0.4134 I-0.1181 J0.
N65345 X-1.8504 Z-0.3937 I0.1181 J0.
N65350 X-2.0866 Z-0.374 I-0.1181 J0.
N65355 X-1.8504 Z-0.3543 I0.1181 J0.
N65360 X-2.0866 Z-0.3346 I-0.1181 J0.
N65365 X-1.8504 Z-0.315 I0.1181 J0.
N65370 X-2.0866 Z-0.2953 I-0.1181 J0.
N65375 X-1.8504 Z-0.2756 I0.1181 J0.
N65380 X-2.0866 Z-0.2559 I-0.1181 J0.
N65385 X-1.8504 Z-0.2362 I0.1181 J0.
N65390 X-2.0866 Z-0.2165 I-0.1181 J0.
N65395 X-1.8504 Z-0.1969 I0.1181 J0.
N65400 X-2.0866 Z-0.1772 I-0.1181 J0.
N65405 X-1.8504 Z-0.1575 I0.1181 J0.
N65410 X-2.0866 Z-0.1378 I-0.1181 J0.
N65415 X-1.8504 Z-0.1181 I0.1181 J0.
N65420 X-2.0866 Z-0.0984 I-0.1181 J0.
N65425 X-1.8504 Z-0.0787 I0.1181 J0.
N65430 X-2.0866 Z-0.0591 I-0.1181 J0.
N65435 X-1.8504 Z-0.0394 I0.1181 J0.
N65440 X-1.873 Y-1.1117 Z-0.0354 I-0.1181 J0.
N65445 X-2.0214 Y-1.0882 Z-0.0266 I-0.086 J-0.0625
N65450 G1 G40 X-1.9685 Y-1.1811
N65455 Z0.1969
N65460 X-2.7559
N65465 Z-0.5211
N65470 Z-0.5998
N65475 G41 X-2.75 Y-1.2815 D14
N65480 G3 X-2.6496 Y-1.1811 Z-0.5906 I0. J0.1004
N65485 X-2.8622 Z-0.5709 I-0.1063 J0.
N65490 X-2.6496 Z-0.5512 I0.1063 J0.
N65495 X-2.8622 Z-0.5315 I-0.1063 J0.
N65500 X-2.6496 Z-0.5118 I0.1063 J0.
N65505 X-2.8622 Z-0.4921 I-0.1063 J0.
N65510 X-2.6496 Z-0.4724 I0.1063 J0.
N65515 X-2.8622 Z-0.4528 I-0.1063 J0.
N65520 X-2.6496 Z-0.4331 I0.1063 J0.
N65525 X-2.8622 Z-0.4134 I-0.1063 J0.
N65530 X-2.6496 Z-0.3937 I0.1063 J0.
N65535 X-2.8622 Z-0.374 I-0.1063 J0.
N65540 X-2.6496 Z-0.3543 I0.1063 J0.
N65545 X-2.8622 Z-0.3346 I-0.1063 J0.
N65550 X-2.6496 Z-0.315 I0.1063 J0.
N65555 X-2.8622 Z-0.2953 I-0.1063 J0.
N65560 X-2.6496 Z-0.2756 I0.1063 J0.
N65565 X-2.8622 Z-0.2559 I-0.1063 J0.
N65570 X-2.6496 Z-0.2362 I0.1063 J0.
N65575 X-2.8622 Z-0.2165 I-0.1063 J0.
N65580 X-2.6496 Z-0.1969 I0.1063 J0.
N65585 X-2.8622 Z-0.1772 I-0.1063 J0.
N65590 X-2.6496 Z-0.1575 I0.1063 J0.
N65595 X-2.8622 Z-0.1378 I-0.1063 J0.
N65600 X-2.6496 Z-0.1181 I0.1063 J0.
N65605 X-2.8622 Z-0.0984 I-0.1063 J0.
N65610 X-2.6496 Z-0.0787 I0.1063 J0.
N65615 X-2.8622 Z-0.0591 I-0.1063 J0.
N65620 X-2.6496 Z-0.0394 I0.1063 J0.
N65625 X-2.6699 Y-1.1186 Z-0.0354 I-0.1063 J0.
N65630 X-2.8101 Y-1.0964 Z-0.0261 I-0.0812 J-0.059
N65635 G1 G40 X-2.7559 Y-1.1811
N65640 Z0.1969
N65645 Z-0.5209
N65650 Z-0.5996
N65655 G41 X-2.747 Y-1.2844 D14
N65660 G3 X-2.6437 Y-1.1811 Z-0.5906 I0. J0.1033
N65665 X-2.8681 Z-0.5709 I-0.1122 J0.
N65670 X-2.6437 Z-0.5512 I0.1122 J0.
N65675 X-2.8681 Z-0.5315 I-0.1122 J0.
N65680 X-2.6437 Z-0.5118 I0.1122 J0.
N65685 X-2.8681 Z-0.4921 I-0.1122 J0.
N65690 X-2.6437 Z-0.4724 I0.1122 J0.
N65695 X-2.8681 Z-0.4528 I-0.1122 J0.
N65700 X-2.6437 Z-0.4331 I0.1122 J0.
N65705 X-2.8681 Z-0.4134 I-0.1122 J0.
N65710 X-2.6437 Z-0.3937 I0.1122 J0.
N65715 X-2.8681 Z-0.374 I-0.1122 J0.
N65720 X-2.6437 Z-0.3543 I0.1122 J0.
N65725 X-2.8681 Z-0.3346 I-0.1122 J0.
N65730 X-2.6437 Z-0.315 I0.1122 J0.
N65735 X-2.8681 Z-0.2953 I-0.1122 J0.
N65740 X-2.6437 Z-0.2756 I0.1122 J0.
N65745 X-2.8681 Z-0.2559 I-0.1122 J0.
N65750 X-2.6437 Z-0.2362 I0.1122 J0.
N65755 X-2.8681 Z-0.2165 I-0.1122 J0.
N65760 X-2.6437 Z-0.1969 I0.1122 J0.
N65765 X-2.8681 Z-0.1772 I-0.1122 J0.
N65770 X-2.6437 Z-0.1575 I0.1122 J0.
N65775 X-2.8681 Z-0.1378 I-0.1122 J0.
N65780 X-2.6437 Z-0.1181 I0.1122 J0.
N65785 X-2.8681 Z-0.0984 I-0.1122 J0.
N65790 X-2.6437 Z-0.0787 I0.1122 J0.
N65795 X-2.8681 Z-0.0591 I-0.1122 J0.
N65800 X-2.6437 Z-0.0394 I0.1122 J0.
N65805 X-2.6651 Y-1.1152 Z-0.0354 I-0.1122 J0.
N65810 X-2.8095 Y-1.0923 Z-0.0264 I-0.0836 J-0.0607
N65815 G1 G40 X-2.7559 Y-1.1811
N65820 Z0.1969
N65825 Z-0.5207
N65830 Z-0.5994
N65835 G41 X-2.7441 Y-1.2874 D14
N65840 G3 X-2.6378 Y-1.1811 Z-0.5906 I0. J0.1063
N65845 X-2.874 Z-0.5709 I-0.1181 J0.
N65850 X-2.6378 Z-0.5512 I0.1181 J0.
N65855 X-2.874 Z-0.5315 I-0.1181 J0.
N65860 X-2.6378 Z-0.5118 I0.1181 J0.
N65865 X-2.874 Z-0.4921 I-0.1181 J0.
N65870 X-2.6378 Z-0.4724 I0.1181 J0.
N65875 X-2.874 Z-0.4528 I-0.1181 J0.
N65880 X-2.6378 Z-0.4331 I0.1181 J0.
N65885 X-2.874 Z-0.4134 I-0.1181 J0.
N65890 X-2.6378 Z-0.3937 I0.1181 J0.
N65895 X-2.874 Z-0.374 I-0.1181 J0.
N65900 X-2.6378 Z-0.3543 I0.1181 J0.
N65905 X-2.874 Z-0.3346 I-0.1181 J0.
N65910 X-2.6378 Z-0.315 I0.1181 J0.
N65915 X-2.874 Z-0.2953 I-0.1181 J0.
N65920 X-2.6378 Z-0.2756 I0.1181 J0.
N65925 X-2.874 Z-0.2559 I-0.1181 J0.
N65930 X-2.6378 Z-0.2362 I0.1181 J0.
N65935 X-2.874 Z-0.2165 I-0.1181 J0.
N65940 X-2.6378 Z-0.1969 I0.1181 J0.
N65945 X-2.874 Z-0.1772 I-0.1181 J0.
N65950 X-2.6378 Z-0.1575 I0.1181 J0.
N65955 X-2.874 Z-0.1378 I-0.1181 J0.
N65960 X-2.6378 Z-0.1181 I0.1181 J0.
N65965 X-2.874 Z-0.0984 I-0.1181 J0.
N65970 X-2.6378 Z-0.0787 I0.1181 J0.
N65975 X-2.874 Z-0.0591 I-0.1181 J0.
N65980 X-2.6378 Z-0.0394 I0.1181 J0.
N65985 X-2.6604 Y-1.1117 Z-0.0354 I-0.1181 J0.
N65990 X-2.8088 Y-1.0882 Z-0.0266 I-0.086 J-0.0625
N65995 G1 G40 X-2.7559 Y-1.1811
N66000 Z0.1969
N66005 X-3.5433
N66010 Z-0.5211
N66015 Z-0.5998
N66020 G41 X-3.5374 Y-1.2815 D14
N66025 G3 X-3.437 Y-1.1811 Z-0.5906 I0. J0.1004
N66030 X-3.6496 Z-0.5709 I-0.1063 J0.
N66035 X-3.437 Z-0.5512 I0.1063 J0.
N66040 X-3.6496 Z-0.5315 I-0.1063 J0.
N66045 X-3.437 Z-0.5118 I0.1063 J0.
N66050 X-3.6496 Z-0.4921 I-0.1063 J0.
N66055 X-3.437 Z-0.4724 I0.1063 J0.
N66060 X-3.6496 Z-0.4528 I-0.1063 J0.
N66065 X-3.437 Z-0.4331 I0.1063 J0.
N66070 X-3.6496 Z-0.4134 I-0.1063 J0.
N66075 X-3.437 Z-0.3937 I0.1063 J0.
N66080 X-3.6496 Z-0.374 I-0.1063 J0.
N66085 X-3.437 Z-0.3543 I0.1063 J0.
N66090 X-3.6496 Z-0.3346 I-0.1063 J0.
N66095 X-3.437 Z-0.315 I0.1063 J0.
N66100 X-3.6496 Z-0.2953 I-0.1063 J0.
N66105 X-3.437 Z-0.2756 I0.1063 J0.
N66110 X-3.6496 Z-0.2559 I-0.1063 J0.
N66115 X-3.437 Z-0.2362 I0.1063 J0.
N66120 X-3.6496 Z-0.2165 I-0.1063 J0.
N66125 X-3.437 Z-0.1969 I0.1063 J0.
N66130 X-3.6496 Z-0.1772 I-0.1063 J0.
N66135 X-3.437 Z-0.1575 I0.1063 J0.
N66140 X-3.6496 Z-0.1378 I-0.1063 J0.
N66145 X-3.437 Z-0.1181 I0.1063 J0.
N66150 X-3.6496 Z-0.0984 I-0.1063 J0.
N66155 X-3.437 Z-0.0787 I0.1063 J0.
N66160 X-3.6496 Z-0.0591 I-0.1063 J0.
N66165 X-3.437 Z-0.0394 I0.1063 J0.
N66170 X-3.4573 Y-1.1186 Z-0.0354 I-0.1063 J0.
N66175 X-3.5975 Y-1.0964 Z-0.0261 I-0.0812 J-0.059
N66180 G1 G40 X-3.5433 Y-1.1811
N66185 Z0.1969
N66190 Z-0.5209
N66195 Z-0.5996
N66200 G41 X-3.5344 Y-1.2844 D14
N66205 G3 X-3.4311 Y-1.1811 Z-0.5906 I0. J0.1033
N66210 X-3.6555 Z-0.5709 I-0.1122 J0.
N66215 X-3.4311 Z-0.5512 I0.1122 J0.
N66220 X-3.6555 Z-0.5315 I-0.1122 J0.
N66225 X-3.4311 Z-0.5118 I0.1122 J0.
N66230 X-3.6555 Z-0.4921 I-0.1122 J0.
N66235 X-3.4311 Z-0.4724 I0.1122 J0.
N66240 X-3.6555 Z-0.4528 I-0.1122 J0.
N66245 X-3.4311 Z-0.4331 I0.1122 J0.
N66250 X-3.6555 Z-0.4134 I-0.1122 J0.
N66255 X-3.4311 Z-0.3937 I0.1122 J0.
N66260 X-3.6555 Z-0.374 I-0.1122 J0.
N66265 X-3.4311 Z-0.3543 I0.1122 J0.
N66270 X-3.6555 Z-0.3346 I-0.1122 J0.
N66275 X-3.4311 Z-0.315 I0.1122 J0.
N66280 X-3.6555 Z-0.2953 I-0.1122 J0.
N66285 X-3.4311 Z-0.2756 I0.1122 J0.
N66290 X-3.6555 Z-0.2559 I-0.1122 J0.
N66295 X-3.4311 Z-0.2362 I0.1122 J0.
N66300 X-3.6555 Z-0.2165 I-0.1122 J0.
N66305 X-3.4311 Z-0.1969 I0.1122 J0.
N66310 X-3.6555 Z-0.1772 I-0.1122 J0.
N66315 X-3.4311 Z-0.1575 I0.1122 J0.
N66320 X-3.6555 Z-0.1378 I-0.1122 J0.
N66325 X-3.4311 Z-0.1181 I0.1122 J0.
N66330 X-3.6555 Z-0.0984 I-0.1122 J0.
N66335 X-3.4311 Z-0.0787 I0.1122 J0.
N66340 X-3.6555 Z-0.0591 I-0.1122 J0.
N66345 X-3.4311 Z-0.0394 I0.1122 J0.
N66350 X-3.4525 Y-1.1152 Z-0.0354 I-0.1122 J0.
N66355 X-3.5969 Y-1.0923 Z-0.0264 I-0.0836 J-0.0607
N66360 G1 G40 X-3.5433 Y-1.1811
N66365 Z0.1969
N66370 Z-0.5207
N66375 Z-0.5994
N66380 G41 X-3.5315 Y-1.2874 D14
N66385 G3 X-3.4252 Y-1.1811 Z-0.5906 I0. J0.1063
N66390 X-3.6614 Z-0.5709 I-0.1181 J0.
N66395 X-3.4252 Z-0.5512 I0.1181 J0.
N66400 X-3.6614 Z-0.5315 I-0.1181 J0.
N66405 X-3.4252 Z-0.5118 I0.1181 J0.
N66410 X-3.6614 Z-0.4921 I-0.1181 J0.
N66415 X-3.4252 Z-0.4724 I0.1181 J0.
N66420 X-3.6614 Z-0.4528 I-0.1181 J0.
N66425 X-3.4252 Z-0.4331 I0.1181 J0.
N66430 X-3.6614 Z-0.4134 I-0.1181 J0.
N66435 X-3.4252 Z-0.3937 I0.1181 J0.
N66440 X-3.6614 Z-0.374 I-0.1181 J0.
N66445 X-3.4252 Z-0.3543 I0.1181 J0.
N66450 X-3.6614 Z-0.3346 I-0.1181 J0.
N66455 X-3.4252 Z-0.315 I0.1181 J0.
N66460 X-3.6614 Z-0.2953 I-0.1181 J0.
N66465 X-3.4252 Z-0.2756 I0.1181 J0.
N66470 X-3.6614 Z-0.2559 I-0.1181 J0.
N66475 X-3.4252 Z-0.2362 I0.1181 J0.
N66480 X-3.6614 Z-0.2165 I-0.1181 J0.
N66485 X-3.4252 Z-0.1969 I0.1181 J0.
N66490 X-3.6614 Z-0.1772 I-0.1181 J0.
N66495 X-3.4252 Z-0.1575 I0.1181 J0.
N66500 X-3.6614 Z-0.1378 I-0.1181 J0.
N66505 X-3.4252 Z-0.1181 I0.1181 J0.
N66510 X-3.6614 Z-0.0984 I-0.1181 J0.
N66515 X-3.4252 Z-0.0787 I0.1181 J0.
N66520 X-3.6614 Z-0.0591 I-0.1181 J0.
N66525 X-3.4252 Z-0.0394 I0.1181 J0.
N66530 X-3.4478 Y-1.1117 Z-0.0354 I-0.1181 J0.
N66535 X-3.5962 Y-1.0882 Z-0.0266 I-0.086 J-0.0625
N66540 G1 G40 X-3.5433 Y-1.1811
N66545 Z0.1969
N66550 X-4.3307
N66555 Z-0.5211
N66560 Z-0.5998
N66565 G41 X-4.3248 Y-1.2815 D14
N66570 G3 X-4.2244 Y-1.1811 Z-0.5906 I0. J0.1004
N66575 X-4.437 Z-0.5709 I-0.1063 J0.
N66580 X-4.2244 Z-0.5512 I0.1063 J0.
N66585 X-4.437 Z-0.5315 I-0.1063 J0.
N66590 X-4.2244 Z-0.5118 I0.1063 J0.
N66595 X-4.437 Z-0.4921 I-0.1063 J0.
N66600 X-4.2244 Z-0.4724 I0.1063 J0.
N66605 X-4.437 Z-0.4528 I-0.1063 J0.
N66610 X-4.2244 Z-0.4331 I0.1063 J0.
N66615 X-4.437 Z-0.4134 I-0.1063 J0.
N66620 X-4.2244 Z-0.3937 I0.1063 J0.
N66625 X-4.437 Z-0.374 I-0.1063 J0.
N66630 X-4.2244 Z-0.3543 I0.1063 J0.
N66635 X-4.437 Z-0.3346 I-0.1063 J0.
N66640 X-4.2244 Z-0.315 I0.1063 J0.
N66645 X-4.437 Z-0.2953 I-0.1063 J0.
N66650 X-4.2244 Z-0.2756 I0.1063 J0.
N66655 X-4.437 Z-0.2559 I-0.1063 J0.
N66660 X-4.2244 Z-0.2362 I0.1063 J0.
N66665 X-4.437 Z-0.2165 I-0.1063 J0.
N66670 X-4.2244 Z-0.1969 I0.1063 J0.
N66675 X-4.437 Z-0.1772 I-0.1063 J0.
N66680 X-4.2244 Z-0.1575 I0.1063 J0.
N66685 X-4.437 Z-0.1378 I-0.1063 J0.
N66690 X-4.2244 Z-0.1181 I0.1063 J0.
N66695 X-4.437 Z-0.0984 I-0.1063 J0.
N66700 X-4.2244 Z-0.0787 I0.1063 J0.
N66705 X-4.437 Z-0.0591 I-0.1063 J0.
N66710 X-4.2244 Z-0.0394 I0.1063 J0.
N66715 X-4.2447 Y-1.1186 Z-0.0354 I-0.1063 J0.
N66720 X-4.3849 Y-1.0964 Z-0.0261 I-0.0812 J-0.059
N66725 G1 G40 X-4.3307 Y-1.1811
N66730 Z0.1969
N66735 Z-0.5209
N66740 Z-0.5996
N66745 G41 X-4.3219 Y-1.2844 D14
N66750 G3 X-4.2185 Y-1.1811 Z-0.5906 I0. J0.1033
N66755 X-4.4429 Z-0.5709 I-0.1122 J0.
N66760 X-4.2185 Z-0.5512 I0.1122 J0.
N66765 X-4.4429 Z-0.5315 I-0.1122 J0.
N66770 X-4.2185 Z-0.5118 I0.1122 J0.
N66775 X-4.4429 Z-0.4921 I-0.1122 J0.
N66780 X-4.2185 Z-0.4724 I0.1122 J0.
N66785 X-4.4429 Z-0.4528 I-0.1122 J0.
N66790 X-4.2185 Z-0.4331 I0.1122 J0.
N66795 X-4.4429 Z-0.4134 I-0.1122 J0.
N66800 X-4.2185 Z-0.3937 I0.1122 J0.
N66805 X-4.4429 Z-0.374 I-0.1122 J0.
N66810 X-4.2185 Z-0.3543 I0.1122 J0.
N66815 X-4.4429 Z-0.3346 I-0.1122 J0.
N66820 X-4.2185 Z-0.315 I0.1122 J0.
N66825 X-4.4429 Z-0.2953 I-0.1122 J0.
N66830 X-4.2185 Z-0.2756 I0.1122 J0.
N66835 X-4.4429 Z-0.2559 I-0.1122 J0.
N66840 X-4.2185 Z-0.2362 I0.1122 J0.
N66845 X-4.4429 Z-0.2165 I-0.1122 J0.
N66850 X-4.2185 Z-0.1969 I0.1122 J0.
N66855 X-4.4429 Z-0.1772 I-0.1122 J0.
N66860 X-4.2185 Z-0.1575 I0.1122 J0.
N66865 X-4.4429 Z-0.1378 I-0.1122 J0.
N66870 X-4.2185 Z-0.1181 I0.1122 J0.
N66875 X-4.4429 Z-0.0984 I-0.1122 J0.
N66880 X-4.2185 Z-0.0787 I0.1122 J0.
N66885 X-4.4429 Z-0.0591 I-0.1122 J0.
N66890 X-4.2185 Z-0.0394 I0.1122 J0.
N66895 X-4.2399 Y-1.1152 Z-0.0354 I-0.1122 J0.
N66900 X-4.3843 Y-1.0923 Z-0.0264 I-0.0836 J-0.0607
N66905 G1 G40 X-4.3307 Y-1.1811
N66910 Z0.1969
N66915 Z-0.5207
N66920 Z-0.5994
N66925 G41 X-4.3189 Y-1.2874 D14
N66930 G3 X-4.2126 Y-1.1811 Z-0.5906 I0. J0.1063
N66935 X-4.4488 Z-0.5709 I-0.1181 J0.
N66940 X-4.2126 Z-0.5512 I0.1181 J0.
N66945 X-4.4488 Z-0.5315 I-0.1181 J0.
N66950 X-4.2126 Z-0.5118 I0.1181 J0.
N66955 X-4.4488 Z-0.4921 I-0.1181 J0.
N66960 X-4.2126 Z-0.4724 I0.1181 J0.
N66965 X-4.4488 Z-0.4528 I-0.1181 J0.
N66970 X-4.2126 Z-0.4331 I0.1181 J0.
N66975 X-4.4488 Z-0.4134 I-0.1181 J0.
N66980 X-4.2126 Z-0.3937 I0.1181 J0.
N66985 X-4.4488 Z-0.374 I-0.1181 J0.
N66990 X-4.2126 Z-0.3543 I0.1181 J0.
N66995 X-4.4488 Z-0.3346 I-0.1181 J0.
N67000 X-4.2126 Z-0.315 I0.1181 J0.
N67005 X-4.4488 Z-0.2953 I-0.1181 J0.
N67010 X-4.2126 Z-0.2756 I0.1181 J0.
N67015 X-4.4488 Z-0.2559 I-0.1181 J0.
N67020 X-4.2126 Z-0.2362 I0.1181 J0.
N67025 X-4.4488 Z-0.2165 I-0.1181 J0.
N67030 X-4.2126 Z-0.1969 I0.1181 J0.
N67035 X-4.4488 Z-0.1772 I-0.1181 J0.
N67040 X-4.2126 Z-0.1575 I0.1181 J0.
N67045 X-4.4488 Z-0.1378 I-0.1181 J0.
N67050 X-4.2126 Z-0.1181 I0.1181 J0.
N67055 X-4.4488 Z-0.0984 I-0.1181 J0.
N67060 X-4.2126 Z-0.0787 I0.1181 J0.
N67065 X-4.4488 Z-0.0591 I-0.1181 J0.
N67070 X-4.2126 Z-0.0394 I0.1181 J0.
N67075 X-4.2352 Y-1.1117 Z-0.0354 I-0.1181 J0.
N67080 X-4.3836 Y-1.0882 Z-0.0266 I-0.086 J-0.0625
N67085 G1 G40 X-4.3307 Y-1.1811
N67090 Z0.1969
N67095 X-5.1181
N67100 Z-0.5211
N67105 Z-0.5998
N67110 G41 X-5.1122 Y-1.2815 D14
N67115 G3 X-5.0118 Y-1.1811 Z-0.5906 I0. J0.1004
N67120 X-5.2244 Z-0.5709 I-0.1063 J0.
N67125 X-5.0118 Z-0.5512 I0.1063 J0.
N67130 X-5.2244 Z-0.5315 I-0.1063 J0.
N67135 X-5.0118 Z-0.5118 I0.1063 J0.
N67140 X-5.2244 Z-0.4921 I-0.1063 J0.
N67145 X-5.0118 Z-0.4724 I0.1063 J0.
N67150 X-5.2244 Z-0.4528 I-0.1063 J0.
N67155 X-5.0118 Z-0.4331 I0.1063 J0.
N67160 X-5.2244 Z-0.4134 I-0.1063 J0.
N67165 X-5.0118 Z-0.3937 I0.1063 J0.
N67170 X-5.2244 Z-0.374 I-0.1063 J0.
N67175 X-5.0118 Z-0.3543 I0.1063 J0.
N67180 X-5.2244 Z-0.3346 I-0.1063 J0.
N67185 X-5.0118 Z-0.315 I0.1063 J0.
N67190 X-5.2244 Z-0.2953 I-0.1063 J0.
N67195 X-5.0118 Z-0.2756 I0.1063 J0.
N67200 X-5.2244 Z-0.2559 I-0.1063 J0.
N67205 X-5.0118 Z-0.2362 I0.1063 J0.
N67210 X-5.2244 Z-0.2165 I-0.1063 J0.
N67215 X-5.0118 Z-0.1969 I0.1063 J0.
N67220 X-5.2244 Z-0.1772 I-0.1063 J0.
N67225 X-5.0118 Z-0.1575 I0.1063 J0.
N67230 X-5.2244 Z-0.1378 I-0.1063 J0.
N67235 X-5.0118 Z-0.1181 I0.1063 J0.
N67240 X-5.2244 Z-0.0984 I-0.1063 J0.
N67245 X-5.0118 Z-0.0787 I0.1063 J0.
N67250 X-5.2244 Z-0.0591 I-0.1063 J0.
N67255 X-5.0118 Z-0.0394 I0.1063 J0.
N67260 X-5.0321 Y-1.1186 Z-0.0354 I-0.1063 J0.
N67265 X-5.1723 Y-1.0964 Z-0.0261 I-0.0812 J-0.059
N67270 G1 G40 X-5.1181 Y-1.1811
N67275 Z0.1969
N67280 Z-0.5209
N67285 Z-0.5996
N67290 G41 X-5.1093 Y-1.2844 D14
N67295 G3 X-5.0059 Y-1.1811 Z-0.5906 I0. J0.1033
N67300 X-5.2303 Z-0.5709 I-0.1122 J0.
N67305 X-5.0059 Z-0.5512 I0.1122 J0.
N67310 X-5.2303 Z-0.5315 I-0.1122 J0.
N67315 X-5.0059 Z-0.5118 I0.1122 J0.
N67320 X-5.2303 Z-0.4921 I-0.1122 J0.
N67325 X-5.0059 Z-0.4724 I0.1122 J0.
N67330 X-5.2303 Z-0.4528 I-0.1122 J0.
N67335 X-5.0059 Z-0.4331 I0.1122 J0.
N67340 X-5.2303 Z-0.4134 I-0.1122 J0.
N67345 X-5.0059 Z-0.3937 I0.1122 J0.
N67350 X-5.2303 Z-0.374 I-0.1122 J0.
N67355 X-5.0059 Z-0.3543 I0.1122 J0.
N67360 X-5.2303 Z-0.3346 I-0.1122 J0.
N67365 X-5.0059 Z-0.315 I0.1122 J0.
N67370 X-5.2303 Z-0.2953 I-0.1122 J0.
N67375 X-5.0059 Z-0.2756 I0.1122 J0.
N67380 X-5.2303 Z-0.2559 I-0.1122 J0.
N67385 X-5.0059 Z-0.2362 I0.1122 J0.
N67390 X-5.2303 Z-0.2165 I-0.1122 J0.
N67395 X-5.0059 Z-0.1969 I0.1122 J0.
N67400 X-5.2303 Z-0.1772 I-0.1122 J0.
N67405 X-5.0059 Z-0.1575 I0.1122 J0.
N67410 X-5.2303 Z-0.1378 I-0.1122 J0.
N67415 X-5.0059 Z-0.1181 I0.1122 J0.
N67420 X-5.2303 Z-0.0984 I-0.1122 J0.
N67425 X-5.0059 Z-0.0787 I0.1122 J0.
N67430 X-5.2303 Z-0.0591 I-0.1122 J0.
N67435 X-5.0059 Z-0.0394 I0.1122 J0.
N67440 X-5.0273 Y-1.1152 Z-0.0354 I-0.1122 J0.
N67445 X-5.1717 Y-1.0923 Z-0.0264 I-0.0836 J-0.0607
N67450 G1 G40 X-5.1181 Y-1.1811
N67455 Z0.1969
N67460 Z-0.5207
N67465 Z-0.5994
N67470 G41 X-5.1063 Y-1.2874 D14
N67475 G3 X-5. Y-1.1811 Z-0.5906 I0. J0.1063
N67480 X-5.2362 Z-0.5709 I-0.1181 J0.
N67485 X-5. Z-0.5512 I0.1181 J0.
N67490 X-5.2362 Z-0.5315 I-0.1181 J0.
N67495 X-5. Z-0.5118 I0.1181 J0.
N67500 X-5.2362 Z-0.4921 I-0.1181 J0.
N67505 X-5. Z-0.4724 I0.1181 J0.
N67510 X-5.2362 Z-0.4528 I-0.1181 J0.
N67515 X-5. Z-0.4331 I0.1181 J0.
N67520 X-5.2362 Z-0.4134 I-0.1181 J0.
N67525 X-5. Z-0.3937 I0.1181 J0.
N67530 X-5.2362 Z-0.374 I-0.1181 J0.
N67535 X-5. Z-0.3543 I0.1181 J0.
N67540 X-5.2362 Z-0.3346 I-0.1181 J0.
N67545 X-5. Z-0.315 I0.1181 J0.
N67550 X-5.2362 Z-0.2953 I-0.1181 J0.
N67555 X-5. Z-0.2756 I0.1181 J0.
N67560 X-5.2362 Z-0.2559 I-0.1181 J0.
N67565 X-5. Z-0.2362 I0.1181 J0.
N67570 X-5.2362 Z-0.2165 I-0.1181 J0.
N67575 X-5. Z-0.1969 I0.1181 J0.
N67580 X-5.2362 Z-0.1772 I-0.1181 J0.
N67585 X-5. Z-0.1575 I0.1181 J0.
N67590 X-5.2362 Z-0.1378 I-0.1181 J0.
N67595 X-5. Z-0.1181 I0.1181 J0.
N67600 X-5.2362 Z-0.0984 I-0.1181 J0.
N67605 X-5. Z-0.0787 I0.1181 J0.
N67610 X-5.2362 Z-0.0591 I-0.1181 J0.
N67615 X-5. Z-0.0394 I0.1181 J0.
N67620 X-5.0226 Y-1.1117 Z-0.0354 I-0.1181 J0.
N67625 X-5.171 Y-1.0882 Z-0.0266 I-0.086 J-0.0625
N67630 G1 G40 X-5.1181 Y-1.1811
N67635 Z0.1969
N67640 Y-1.9685
N67645 Z-0.5211
N67650 Z-0.5998
N67655 G41 X-5.1122 Y-2.0689 D14
N67660 G3 X-5.0118 Y-1.9685 Z-0.5906 I0. J0.1004
N67665 X-5.2244 Z-0.5709 I-0.1063 J0.
N67670 X-5.0118 Z-0.5512 I0.1063 J0.
N67675 X-5.2244 Z-0.5315 I-0.1063 J0.
N67680 X-5.0118 Z-0.5118 I0.1063 J0.
N67685 X-5.2244 Z-0.4921 I-0.1063 J0.
N67690 X-5.0118 Z-0.4724 I0.1063 J0.
N67695 X-5.2244 Z-0.4528 I-0.1063 J0.
N67700 X-5.0118 Z-0.4331 I0.1063 J0.
N67705 X-5.2244 Z-0.4134 I-0.1063 J0.
N67710 X-5.0118 Z-0.3937 I0.1063 J0.
N67715 X-5.2244 Z-0.374 I-0.1063 J0.
N67720 X-5.0118 Z-0.3543 I0.1063 J0.
N67725 X-5.2244 Z-0.3346 I-0.1063 J0.
N67730 X-5.0118 Z-0.315 I0.1063 J0.
N67735 X-5.2244 Z-0.2953 I-0.1063 J0.
N67740 X-5.0118 Z-0.2756 I0.1063 J0.
N67745 X-5.2244 Z-0.2559 I-0.1063 J0.
N67750 X-5.0118 Z-0.2362 I0.1063 J0.
N67755 X-5.2244 Z-0.2165 I-0.1063 J0.
N67760 X-5.0118 Z-0.1969 I0.1063 J0.
N67765 X-5.2244 Z-0.1772 I-0.1063 J0.
N67770 X-5.0118 Z-0.1575 I0.1063 J0.
N67775 X-5.2244 Z-0.1378 I-0.1063 J0.
N67780 X-5.0118 Z-0.1181 I0.1063 J0.
N67785 X-5.2244 Z-0.0984 I-0.1063 J0.
N67790 X-5.0118 Z-0.0787 I0.1063 J0.
N67795 X-5.2244 Z-0.0591 I-0.1063 J0.
N67800 X-5.0118 Z-0.0394 I0.1063 J0.
N67805 X-5.0321 Y-1.906 Z-0.0354 I-0.1063 J0.
N67810 X-5.1723 Y-1.8838 Z-0.0261 I-0.0812 J-0.059
N67815 G1 G40 X-5.1181 Y-1.9685
N67820 Z0.1969
N67825 Z-0.5209
N67830 Z-0.5996
N67835 G41 X-5.1093 Y-2.0719 D14
N67840 G3 X-5.0059 Y-1.9685 Z-0.5906 I0. J0.1033
N67845 X-5.2303 Z-0.5709 I-0.1122 J0.
N67850 X-5.0059 Z-0.5512 I0.1122 J0.
N67855 X-5.2303 Z-0.5315 I-0.1122 J0.
N67860 X-5.0059 Z-0.5118 I0.1122 J0.
N67865 X-5.2303 Z-0.4921 I-0.1122 J0.
N67870 X-5.0059 Z-0.4724 I0.1122 J0.
N67875 X-5.2303 Z-0.4528 I-0.1122 J0.
N67880 X-5.0059 Z-0.4331 I0.1122 J0.
N67885 X-5.2303 Z-0.4134 I-0.1122 J0.
N67890 X-5.0059 Z-0.3937 I0.1122 J0.
N67895 X-5.2303 Z-0.374 I-0.1122 J0.
N67900 X-5.0059 Z-0.3543 I0.1122 J0.
N67905 X-5.2303 Z-0.3346 I-0.1122 J0.
N67910 X-5.0059 Z-0.315 I0.1122 J0.
N67915 X-5.2303 Z-0.2953 I-0.1122 J0.
N67920 X-5.0059 Z-0.2756 I0.1122 J0.
N67925 X-5.2303 Z-0.2559 I-0.1122 J0.
N67930 X-5.0059 Z-0.2362 I0.1122 J0.
N67935 X-5.2303 Z-0.2165 I-0.1122 J0.
N67940 X-5.0059 Z-0.1969 I0.1122 J0.
N67945 X-5.2303 Z-0.1772 I-0.1122 J0.
N67950 X-5.0059 Z-0.1575 I0.1122 J0.
N67955 X-5.2303 Z-0.1378 I-0.1122 J0.
N67960 X-5.0059 Z-0.1181 I0.1122 J0.
N67965 X-5.2303 Z-0.0984 I-0.1122 J0.
N67970 X-5.0059 Z-0.0787 I0.1122 J0.
N67975 X-5.2303 Z-0.0591 I-0.1122 J0.
N67980 X-5.0059 Z-0.0394 I0.1122 J0.
N67985 X-5.0273 Y-1.9026 Z-0.0354 I-0.1122 J0.
N67990 X-5.1717 Y-1.8797 Z-0.0264 I-0.0836 J-0.0607
N67995 G1 G40 X-5.1181 Y-1.9685
N68000 Z0.1969
N68005 Z-0.5207
N68010 Z-0.5994
N68015 G41 X-5.1063 Y-2.0748 D14
N68020 G3 X-5. Y-1.9685 Z-0.5906 I0. J0.1063
N68025 X-5.2362 Z-0.5709 I-0.1181 J0.
N68030 X-5. Z-0.5512 I0.1181 J0.
N68035 X-5.2362 Z-0.5315 I-0.1181 J0.
N68040 X-5. Z-0.5118 I0.1181 J0.
N68045 X-5.2362 Z-0.4921 I-0.1181 J0.
N68050 X-5. Z-0.4724 I0.1181 J0.
N68055 X-5.2362 Z-0.4528 I-0.1181 J0.
N68060 X-5. Z-0.4331 I0.1181 J0.
N68065 X-5.2362 Z-0.4134 I-0.1181 J0.
N68070 X-5. Z-0.3937 I0.1181 J0.
N68075 X-5.2362 Z-0.374 I-0.1181 J0.
N68080 X-5. Z-0.3543 I0.1181 J0.
N68085 X-5.2362 Z-0.3346 I-0.1181 J0.
N68090 X-5. Z-0.315 I0.1181 J0.
N68095 X-5.2362 Z-0.2953 I-0.1181 J0.
N68100 X-5. Z-0.2756 I0.1181 J0.
N68105 X-5.2362 Z-0.2559 I-0.1181 J0.
N68110 X-5. Z-0.2362 I0.1181 J0.
N68115 X-5.2362 Z-0.2165 I-0.1181 J0.
N68120 X-5. Z-0.1969 I0.1181 J0.
N68125 X-5.2362 Z-0.1772 I-0.1181 J0.
N68130 X-5. Z-0.1575 I0.1181 J0.
N68135 X-5.2362 Z-0.1378 I-0.1181 J0.
N68140 X-5. Z-0.1181 I0.1181 J0.
N68145 X-5.2362 Z-0.0984 I-0.1181 J0.
N68150 X-5. Z-0.0787 I0.1181 J0.
N68155 X-5.2362 Z-0.0591 I-0.1181 J0.
N68160 X-5. Z-0.0394 I0.1181 J0.
N68165 X-5.0226 Y-1.8991 Z-0.0354 I-0.1181 J0.
N68170 X-5.171 Y-1.8756 Z-0.0266 I-0.086 J-0.0625
N68175 G1 G40 X-5.1181 Y-1.9685
N68180 Z0.1969
N68185 X-4.3307
N68190 Z-0.5211
N68195 Z-0.5998
N68200 G41 X-4.3248 Y-2.0689 D14
N68205 G3 X-4.2244 Y-1.9685 Z-0.5906 I0. J0.1004
N68210 X-4.437 Z-0.5709 I-0.1063 J0.
N68215 X-4.2244 Z-0.5512 I0.1063 J0.
N68220 X-4.437 Z-0.5315 I-0.1063 J0.
N68225 X-4.2244 Z-0.5118 I0.1063 J0.
N68230 X-4.437 Z-0.4921 I-0.1063 J0.
N68235 X-4.2244 Z-0.4724 I0.1063 J0.
N68240 X-4.437 Z-0.4528 I-0.1063 J0.
N68245 X-4.2244 Z-0.4331 I0.1063 J0.
N68250 X-4.437 Z-0.4134 I-0.1063 J0.
N68255 X-4.2244 Z-0.3937 I0.1063 J0.
N68260 X-4.437 Z-0.374 I-0.1063 J0.
N68265 X-4.2244 Z-0.3543 I0.1063 J0.
N68270 X-4.437 Z-0.3346 I-0.1063 J0.
N68275 X-4.2244 Z-0.315 I0.1063 J0.
N68280 X-4.437 Z-0.2953 I-0.1063 J0.
N68285 X-4.2244 Z-0.2756 I0.1063 J0.
N68290 X-4.437 Z-0.2559 I-0.1063 J0.
N68295 X-4.2244 Z-0.2362 I0.1063 J0.
N68300 X-4.437 Z-0.2165 I-0.1063 J0.
N68305 X-4.2244 Z-0.1969 I0.1063 J0.
N68310 X-4.437 Z-0.1772 I-0.1063 J0.
N68315 X-4.2244 Z-0.1575 I0.1063 J0.
N68320 X-4.437 Z-0.1378 I-0.1063 J0.
N68325 X-4.2244 Z-0.1181 I0.1063 J0.
N68330 X-4.437 Z-0.0984 I-0.1063 J0.
N68335 X-4.2244 Z-0.0787 I0.1063 J0.
N68340 X-4.437 Z-0.0591 I-0.1063 J0.
N68345 X-4.2244 Z-0.0394 I0.1063 J0.
N68350 X-4.2447 Y-1.906 Z-0.0354 I-0.1063 J0.
N68355 X-4.3849 Y-1.8838 Z-0.0261 I-0.0812 J-0.059
N68360 G1 G40 X-4.3307 Y-1.9685
N68365 Z0.1969
N68370 Z-0.5209
N68375 Z-0.5996
N68380 G41 X-4.3219 Y-2.0719 D14
N68385 G3 X-4.2185 Y-1.9685 Z-0.5906 I0. J0.1033
N68390 X-4.4429 Z-0.5709 I-0.1122 J0.
N68395 X-4.2185 Z-0.5512 I0.1122 J0.
N68400 X-4.4429 Z-0.5315 I-0.1122 J0.
N68405 X-4.2185 Z-0.5118 I0.1122 J0.
N68410 X-4.4429 Z-0.4921 I-0.1122 J0.
N68415 X-4.2185 Z-0.4724 I0.1122 J0.
N68420 X-4.4429 Z-0.4528 I-0.1122 J0.
N68425 X-4.2185 Z-0.4331 I0.1122 J0.
N68430 X-4.4429 Z-0.4134 I-0.1122 J0.
N68435 X-4.2185 Z-0.3937 I0.1122 J0.
N68440 X-4.4429 Z-0.374 I-0.1122 J0.
N68445 X-4.2185 Z-0.3543 I0.1122 J0.
N68450 X-4.4429 Z-0.3346 I-0.1122 J0.
N68455 X-4.2185 Z-0.315 I0.1122 J0.
N68460 X-4.4429 Z-0.2953 I-0.1122 J0.
N68465 X-4.2185 Z-0.2756 I0.1122 J0.
N68470 X-4.4429 Z-0.2559 I-0.1122 J0.
N68475 X-4.2185 Z-0.2362 I0.1122 J0.
N68480 X-4.4429 Z-0.2165 I-0.1122 J0.
N68485 X-4.2185 Z-0.1969 I0.1122 J0.
N68490 X-4.4429 Z-0.1772 I-0.1122 J0.
N68495 X-4.2185 Z-0.1575 I0.1122 J0.
N68500 X-4.4429 Z-0.1378 I-0.1122 J0.
N68505 X-4.2185 Z-0.1181 I0.1122 J0.
N68510 X-4.4429 Z-0.0984 I-0.1122 J0.
N68515 X-4.2185 Z-0.0787 I0.1122 J0.
N68520 X-4.4429 Z-0.0591 I-0.1122 J0.
N68525 X-4.2185 Z-0.0394 I0.1122 J0.
N68530 X-4.2399 Y-1.9026 Z-0.0354 I-0.1122 J0.
N68535 X-4.3843 Y-1.8797 Z-0.0264 I-0.0836 J-0.0607
N68540 G1 G40 X-4.3307 Y-1.9685
N68545 Z0.1969
N68550 Z-0.5207
N68555 Z-0.5994
N68560 G41 X-4.3189 Y-2.0748 D14
N68565 G3 X-4.2126 Y-1.9685 Z-0.5906 I0. J0.1063
N68570 X-4.4488 Z-0.5709 I-0.1181 J0.
N68575 X-4.2126 Z-0.5512 I0.1181 J0.
N68580 X-4.4488 Z-0.5315 I-0.1181 J0.
N68585 X-4.2126 Z-0.5118 I0.1181 J0.
N68590 X-4.4488 Z-0.4921 I-0.1181 J0.
N68595 X-4.2126 Z-0.4724 I0.1181 J0.
N68600 X-4.4488 Z-0.4528 I-0.1181 J0.
N68605 X-4.2126 Z-0.4331 I0.1181 J0.
N68610 X-4.4488 Z-0.4134 I-0.1181 J0.
N68615 X-4.2126 Z-0.3937 I0.1181 J0.
N68620 X-4.4488 Z-0.374 I-0.1181 J0.
N68625 X-4.2126 Z-0.3543 I0.1181 J0.
N68630 X-4.4488 Z-0.3346 I-0.1181 J0.
N68635 X-4.2126 Z-0.315 I0.1181 J0.
N68640 X-4.4488 Z-0.2953 I-0.1181 J0.
N68645 X-4.2126 Z-0.2756 I0.1181 J0.
N68650 X-4.4488 Z-0.2559 I-0.1181 J0.
N68655 X-4.2126 Z-0.2362 I0.1181 J0.
N68660 X-4.4488 Z-0.2165 I-0.1181 J0.
N68665 X-4.2126 Z-0.1969 I0.1181 J0.
N68670 X-4.4488 Z-0.1772 I-0.1181 J0.
N68675 X-4.2126 Z-0.1575 I0.1181 J0.
N68680 X-4.4488 Z-0.1378 I-0.1181 J0.
N68685 X-4.2126 Z-0.1181 I0.1181 J0.
N68690 X-4.4488 Z-0.0984 I-0.1181 J0.
N68695 X-4.2126 Z-0.0787 I0.1181 J0.
N68700 X-4.4488 Z-0.0591 I-0.1181 J0.
N68705 X-4.2126 Z-0.0394 I0.1181 J0.
N68710 X-4.2352 Y-1.8991 Z-0.0354 I-0.1181 J0.
N68715 X-4.3836 Y-1.8756 Z-0.0266 I-0.086 J-0.0625
N68720 G1 G40 X-4.3307 Y-1.9685
N68725 Z0.1969
N68730 X-3.5433
N68735 Z-0.5211
N68740 Z-0.5998
N68745 G41 X-3.5374 Y-2.0689 D14
N68750 G3 X-3.437 Y-1.9685 Z-0.5906 I0. J0.1004
N68755 X-3.6496 Z-0.5709 I-0.1063 J0.
N68760 X-3.437 Z-0.5512 I0.1063 J0.
N68765 X-3.6496 Z-0.5315 I-0.1063 J0.
N68770 X-3.437 Z-0.5118 I0.1063 J0.
N68775 X-3.6496 Z-0.4921 I-0.1063 J0.
N68780 X-3.437 Z-0.4724 I0.1063 J0.
N68785 X-3.6496 Z-0.4528 I-0.1063 J0.
N68790 X-3.437 Z-0.4331 I0.1063 J0.
N68795 X-3.6496 Z-0.4134 I-0.1063 J0.
N68800 X-3.437 Z-0.3937 I0.1063 J0.
N68805 X-3.6496 Z-0.374 I-0.1063 J0.
N68810 X-3.437 Z-0.3543 I0.1063 J0.
N68815 X-3.6496 Z-0.3346 I-0.1063 J0.
N68820 X-3.437 Z-0.315 I0.1063 J0.
N68825 X-3.6496 Z-0.2953 I-0.1063 J0.
N68830 X-3.437 Z-0.2756 I0.1063 J0.
N68835 X-3.6496 Z-0.2559 I-0.1063 J0.
N68840 X-3.437 Z-0.2362 I0.1063 J0.
N68845 X-3.6496 Z-0.2165 I-0.1063 J0.
N68850 X-3.437 Z-0.1969 I0.1063 J0.
N68855 X-3.6496 Z-0.1772 I-0.1063 J0.
N68860 X-3.437 Z-0.1575 I0.1063 J0.
N68865 X-3.6496 Z-0.1378 I-0.1063 J0.
N68870 X-3.437 Z-0.1181 I0.1063 J0.
N68875 X-3.6496 Z-0.0984 I-0.1063 J0.
N68880 X-3.437 Z-0.0787 I0.1063 J0.
N68885 X-3.6496 Z-0.0591 I-0.1063 J0.
N68890 X-3.437 Z-0.0394 I0.1063 J0.
N68895 X-3.4573 Y-1.906 Z-0.0354 I-0.1063 J0.
N68900 X-3.5975 Y-1.8838 Z-0.0261 I-0.0812 J-0.059
N68905 G1 G40 X-3.5433 Y-1.9685
N68910 Z0.1969
N68915 Z-0.5209
N68920 Z-0.5996
N68925 G41 X-3.5344 Y-2.0719 D14
N68930 G3 X-3.4311 Y-1.9685 Z-0.5906 I0. J0.1033
N68935 X-3.6555 Z-0.5709 I-0.1122 J0.
N68940 X-3.4311 Z-0.5512 I0.1122 J0.
N68945 X-3.6555 Z-0.5315 I-0.1122 J0.
N68950 X-3.4311 Z-0.5118 I0.1122 J0.
N68955 X-3.6555 Z-0.4921 I-0.1122 J0.
N68960 X-3.4311 Z-0.4724 I0.1122 J0.
N68965 X-3.6555 Z-0.4528 I-0.1122 J0.
N68970 X-3.4311 Z-0.4331 I0.1122 J0.
N68975 X-3.6555 Z-0.4134 I-0.1122 J0.
N68980 X-3.4311 Z-0.3937 I0.1122 J0.
N68985 X-3.6555 Z-0.374 I-0.1122 J0.
N68990 X-3.4311 Z-0.3543 I0.1122 J0.
N68995 X-3.6555 Z-0.3346 I-0.1122 J0.
N69000 X-3.4311 Z-0.315 I0.1122 J0.
N69005 X-3.6555 Z-0.2953 I-0.1122 J0.
N69010 X-3.4311 Z-0.2756 I0.1122 J0.
N69015 X-3.6555 Z-0.2559 I-0.1122 J0.
N69020 X-3.4311 Z-0.2362 I0.1122 J0.
N69025 X-3.6555 Z-0.2165 I-0.1122 J0.
N69030 X-3.4311 Z-0.1969 I0.1122 J0.
N69035 X-3.6555 Z-0.1772 I-0.1122 J0.
N69040 X-3.4311 Z-0.1575 I0.1122 J0.
N69045 X-3.6555 Z-0.1378 I-0.1122 J0.
N69050 X-3.4311 Z-0.1181 I0.1122 J0.
N69055 X-3.6555 Z-0.0984 I-0.1122 J0.
N69060 X-3.4311 Z-0.0787 I0.1122 J0.
N69065 X-3.6555 Z-0.0591 I-0.1122 J0.
N69070 X-3.4311 Z-0.0394 I0.1122 J0.
N69075 X-3.4525 Y-1.9026 Z-0.0354 I-0.1122 J0.
N69080 X-3.5969 Y-1.8797 Z-0.0264 I-0.0836 J-0.0607
N69085 G1 G40 X-3.5433 Y-1.9685
N69090 Z0.1969
N69095 Z-0.5207
N69100 Z-0.5994
N69105 G41 X-3.5315 Y-2.0748 D14
N69110 G3 X-3.4252 Y-1.9685 Z-0.5906 I0. J0.1063
N69115 X-3.6614 Z-0.5709 I-0.1181 J0.
N69120 X-3.4252 Z-0.5512 I0.1181 J0.
N69125 X-3.6614 Z-0.5315 I-0.1181 J0.
N69130 X-3.4252 Z-0.5118 I0.1181 J0.
N69135 X-3.6614 Z-0.4921 I-0.1181 J0.
N69140 X-3.4252 Z-0.4724 I0.1181 J0.
N69145 X-3.6614 Z-0.4528 I-0.1181 J0.
N69150 X-3.4252 Z-0.4331 I0.1181 J0.
N69155 X-3.6614 Z-0.4134 I-0.1181 J0.
N69160 X-3.4252 Z-0.3937 I0.1181 J0.
N69165 X-3.6614 Z-0.374 I-0.1181 J0.
N69170 X-3.4252 Z-0.3543 I0.1181 J0.
N69175 X-3.6614 Z-0.3346 I-0.1181 J0.
N69180 X-3.4252 Z-0.315 I0.1181 J0.
N69185 X-3.6614 Z-0.2953 I-0.1181 J0.
N69190 X-3.4252 Z-0.2756 I0.1181 J0.
N69195 X-3.6614 Z-0.2559 I-0.1181 J0.
N69200 X-3.4252 Z-0.2362 I0.1181 J0.
N69205 X-3.6614 Z-0.2165 I-0.1181 J0.
N69210 X-3.4252 Z-0.1969 I0.1181 J0.
N69215 X-3.6614 Z-0.1772 I-0.1181 J0.
N69220 X-3.4252 Z-0.1575 I0.1181 J0.
N69225 X-3.6614 Z-0.1378 I-0.1181 J0.
N69230 X-3.4252 Z-0.1181 I0.1181 J0.
N69235 X-3.6614 Z-0.0984 I-0.1181 J0.
N69240 X-3.4252 Z-0.0787 I0.1181 J0.
N69245 X-3.6614 Z-0.0591 I-0.1181 J0.
N69250 X-3.4252 Z-0.0394 I0.1181 J0.
N69255 X-3.4478 Y-1.8991 Z-0.0354 I-0.1181 J0.
N69260 X-3.5962 Y-1.8756 Z-0.0266 I-0.086 J-0.0625
N69265 G1 G40 X-3.5433 Y-1.9685
N69270 Z0.1969
N69275 X-2.7559
N69280 Z-0.5211
N69285 Z-0.5998
N69290 G41 X-2.75 Y-2.0689 D14
N69295 G3 X-2.6496 Y-1.9685 Z-0.5906 I0. J0.1004
N69300 X-2.8622 Z-0.5709 I-0.1063 J0.
N69305 X-2.6496 Z-0.5512 I0.1063 J0.
N69310 X-2.8622 Z-0.5315 I-0.1063 J0.
N69315 X-2.6496 Z-0.5118 I0.1063 J0.
N69320 X-2.8622 Z-0.4921 I-0.1063 J0.
N69325 X-2.6496 Z-0.4724 I0.1063 J0.
N69330 X-2.8622 Z-0.4528 I-0.1063 J0.
N69335 X-2.6496 Z-0.4331 I0.1063 J0.
N69340 X-2.8622 Z-0.4134 I-0.1063 J0.
N69345 X-2.6496 Z-0.3937 I0.1063 J0.
N69350 X-2.8622 Z-0.374 I-0.1063 J0.
N69355 X-2.6496 Z-0.3543 I0.1063 J0.
N69360 X-2.8622 Z-0.3346 I-0.1063 J0.
N69365 X-2.6496 Z-0.315 I0.1063 J0.
N69370 X-2.8622 Z-0.2953 I-0.1063 J0.
N69375 X-2.6496 Z-0.2756 I0.1063 J0.
N69380 X-2.8622 Z-0.2559 I-0.1063 J0.
N69385 X-2.6496 Z-0.2362 I0.1063 J0.
N69390 X-2.8622 Z-0.2165 I-0.1063 J0.
N69395 X-2.6496 Z-0.1969 I0.1063 J0.
N69400 X-2.8622 Z-0.1772 I-0.1063 J0.
N69405 X-2.6496 Z-0.1575 I0.1063 J0.
N69410 X-2.8622 Z-0.1378 I-0.1063 J0.
N69415 X-2.6496 Z-0.1181 I0.1063 J0.
N69420 X-2.8622 Z-0.0984 I-0.1063 J0.
N69425 X-2.6496 Z-0.0787 I0.1063 J0.
N69430 X-2.8622 Z-0.0591 I-0.1063 J0.
N69435 X-2.6496 Z-0.0394 I0.1063 J0.
N69440 X-2.6699 Y-1.906 Z-0.0354 I-0.1063 J0.
N69445 X-2.8101 Y-1.8838 Z-0.0261 I-0.0812 J-0.059
N69450 G1 G40 X-2.7559 Y-1.9685
N69455 Z0.1969
N69460 Z-0.5209
N69465 Z-0.5996
N69470 G41 X-2.747 Y-2.0719 D14
N69475 G3 X-2.6437 Y-1.9685 Z-0.5906 I0. J0.1033
N69480 X-2.8681 Z-0.5709 I-0.1122 J0.
N69485 X-2.6437 Z-0.5512 I0.1122 J0.
N69490 X-2.8681 Z-0.5315 I-0.1122 J0.
N69495 X-2.6437 Z-0.5118 I0.1122 J0.
N69500 X-2.8681 Z-0.4921 I-0.1122 J0.
N69505 X-2.6437 Z-0.4724 I0.1122 J0.
N69510 X-2.8681 Z-0.4528 I-0.1122 J0.
N69515 X-2.6437 Z-0.4331 I0.1122 J0.
N69520 X-2.8681 Z-0.4134 I-0.1122 J0.
N69525 X-2.6437 Z-0.3937 I0.1122 J0.
N69530 X-2.8681 Z-0.374 I-0.1122 J0.
N69535 X-2.6437 Z-0.3543 I0.1122 J0.
N69540 X-2.8681 Z-0.3346 I-0.1122 J0.
N69545 X-2.6437 Z-0.315 I0.1122 J0.
N69550 X-2.8681 Z-0.2953 I-0.1122 J0.
N69555 X-2.6437 Z-0.2756 I0.1122 J0.
N69560 X-2.8681 Z-0.2559 I-0.1122 J0.
N69565 X-2.6437 Z-0.2362 I0.1122 J0.
N69570 X-2.8681 Z-0.2165 I-0.1122 J0.
N69575 X-2.6437 Z-0.1969 I0.1122 J0.
N69580 X-2.8681 Z-0.1772 I-0.1122 J0.
N69585 X-2.6437 Z-0.1575 I0.1122 J0.
N69590 X-2.8681 Z-0.1378 I-0.1122 J0.
N69595 X-2.6437 Z-0.1181 I0.1122 J0.
N69600 X-2.8681 Z-0.0984 I-0.1122 J0.
N69605 X-2.6437 Z-0.0787 I0.1122 J0.
N69610 X-2.8681 Z-0.0591 I-0.1122 J0.
N69615 X-2.6437 Z-0.0394 I0.1122 J0.
N69620 X-2.6651 Y-1.9026 Z-0.0354 I-0.1122 J0.
N69625 X-2.8095 Y-1.8797 Z-0.0264 I-0.0836 J-0.0607
N69630 G1 G40 X-2.7559 Y-1.9685
N69635 Z0.1969
N69640 Z-0.5207
N69645 Z-0.5994
N69650 G41 X-2.7441 Y-2.0748 D14
N69655 G3 X-2.6378 Y-1.9685 Z-0.5906 I0. J0.1063
N69660 X-2.874 Z-0.5709 I-0.1181 J0.
N69665 X-2.6378 Z-0.5512 I0.1181 J0.
N69670 X-2.874 Z-0.5315 I-0.1181 J0.
N69675 X-2.6378 Z-0.5118 I0.1181 J0.
N69680 X-2.874 Z-0.4921 I-0.1181 J0.
N69685 X-2.6378 Z-0.4724 I0.1181 J0.
N69690 X-2.874 Z-0.4528 I-0.1181 J0.
N69695 X-2.6378 Z-0.4331 I0.1181 J0.
N69700 X-2.874 Z-0.4134 I-0.1181 J0.
N69705 X-2.6378 Z-0.3937 I0.1181 J0.
N69710 X-2.874 Z-0.374 I-0.1181 J0.
N69715 X-2.6378 Z-0.3543 I0.1181 J0.
N69720 X-2.874 Z-0.3346 I-0.1181 J0.
N69725 X-2.6378 Z-0.315 I0.1181 J0.
N69730 X-2.874 Z-0.2953 I-0.1181 J0.
N69735 X-2.6378 Z-0.2756 I0.1181 J0.
N69740 X-2.874 Z-0.2559 I-0.1181 J0.
N69745 X-2.6378 Z-0.2362 I0.1181 J0.
N69750 X-2.874 Z-0.2165 I-0.1181 J0.
N69755 X-2.6378 Z-0.1969 I0.1181 J0.
N69760 X-2.874 Z-0.1772 I-0.1181 J0.
N69765 X-2.6378 Z-0.1575 I0.1181 J0.
N69770 X-2.874 Z-0.1378 I-0.1181 J0.
N69775 X-2.6378 Z-0.1181 I0.1181 J0.
N69780 X-2.874 Z-0.0984 I-0.1181 J0.
N69785 X-2.6378 Z-0.0787 I0.1181 J0.
N69790 X-2.874 Z-0.0591 I-0.1181 J0.
N69795 X-2.6378 Z-0.0394 I0.1181 J0.
N69800 X-2.6604 Y-1.8991 Z-0.0354 I-0.1181 J0.
N69805 X-2.8088 Y-1.8756 Z-0.0266 I-0.086 J-0.0625
N69810 G1 G40 X-2.7559 Y-1.9685
N69815 Z0.1969
N69820 X-1.9685
N69825 Z-0.5211
N69830 Z-0.5998
N69835 G41 X-1.9626 Y-2.0689 D14
N69840 G3 X-1.8622 Y-1.9685 Z-0.5906 I0. J0.1004
N69845 X-2.0748 Z-0.5709 I-0.1063 J0.
N69850 X-1.8622 Z-0.5512 I0.1063 J0.
N69855 X-2.0748 Z-0.5315 I-0.1063 J0.
N69860 X-1.8622 Z-0.5118 I0.1063 J0.
N69865 X-2.0748 Z-0.4921 I-0.1063 J0.
N69870 X-1.8622 Z-0.4724 I0.1063 J0.
N69875 X-2.0748 Z-0.4528 I-0.1063 J0.
N69880 X-1.8622 Z-0.4331 I0.1063 J0.
N69885 X-2.0748 Z-0.4134 I-0.1063 J0.
N69890 X-1.8622 Z-0.3937 I0.1063 J0.
N69895 X-2.0748 Z-0.374 I-0.1063 J0.
N69900 X-1.8622 Z-0.3543 I0.1063 J0.
N69905 X-2.0748 Z-0.3346 I-0.1063 J0.
N69910 X-1.8622 Z-0.315 I0.1063 J0.
N69915 X-2.0748 Z-0.2953 I-0.1063 J0.
N69920 X-1.8622 Z-0.2756 I0.1063 J0.
N69925 X-2.0748 Z-0.2559 I-0.1063 J0.
N69930 X-1.8622 Z-0.2362 I0.1063 J0.
N69935 X-2.0748 Z-0.2165 I-0.1063 J0.
N69940 X-1.8622 Z-0.1969 I0.1063 J0.
N69945 X-2.0748 Z-0.1772 I-0.1063 J0.
N69950 X-1.8622 Z-0.1575 I0.1063 J0.
N69955 X-2.0748 Z-0.1378 I-0.1063 J0.
N69960 X-1.8622 Z-0.1181 I0.1063 J0.
N69965 X-2.0748 Z-0.0984 I-0.1063 J0.
N69970 X-1.8622 Z-0.0787 I0.1063 J0.
N69975 X-2.0748 Z-0.0591 I-0.1063 J0.
N69980 X-1.8622 Z-0.0394 I0.1063 J0.
N69985 X-1.8825 Y-1.906 Z-0.0354 I-0.1063 J0.
N69990 X-2.0227 Y-1.8838 Z-0.0261 I-0.0812 J-0.059
N69995 G1 G40 X-1.9685 Y-1.9685
N70000 Z0.1969
N70005 Z-0.5209
N70010 Z-0.5996
N70015 G41 X-1.9596 Y-2.0719 D14
N70020 G3 X-1.8563 Y-1.9685 Z-0.5906 I0. J0.1033
N70025 X-2.0807 Z-0.5709 I-0.1122 J0.
N70030 X-1.8563 Z-0.5512 I0.1122 J0.
N70035 X-2.0807 Z-0.5315 I-0.1122 J0.
N70040 X-1.8563 Z-0.5118 I0.1122 J0.
N70045 X-2.0807 Z-0.4921 I-0.1122 J0.
N70050 X-1.8563 Z-0.4724 I0.1122 J0.
N70055 X-2.0807 Z-0.4528 I-0.1122 J0.
N70060 X-1.8563 Z-0.4331 I0.1122 J0.
N70065 X-2.0807 Z-0.4134 I-0.1122 J0.
N70070 X-1.8563 Z-0.3937 I0.1122 J0.
N70075 X-2.0807 Z-0.374 I-0.1122 J0.
N70080 X-1.8563 Z-0.3543 I0.1122 J0.
N70085 X-2.0807 Z-0.3346 I-0.1122 J0.
N70090 X-1.8563 Z-0.315 I0.1122 J0.
N70095 X-2.0807 Z-0.2953 I-0.1122 J0.
N70100 X-1.8563 Z-0.2756 I0.1122 J0.
N70105 X-2.0807 Z-0.2559 I-0.1122 J0.
N70110 X-1.8563 Z-0.2362 I0.1122 J0.
N70115 X-2.0807 Z-0.2165 I-0.1122 J0.
N70120 X-1.8563 Z-0.1969 I0.1122 J0.
N70125 X-2.0807 Z-0.1772 I-0.1122 J0.
N70130 X-1.8563 Z-0.1575 I0.1122 J0.
N70135 X-2.0807 Z-0.1378 I-0.1122 J0.
N70140 X-1.8563 Z-0.1181 I0.1122 J0.
N70145 X-2.0807 Z-0.0984 I-0.1122 J0.
N70150 X-1.8563 Z-0.0787 I0.1122 J0.
N70155 X-2.0807 Z-0.0591 I-0.1122 J0.
N70160 X-1.8563 Z-0.0394 I0.1122 J0.
N70165 X-1.8777 Y-1.9026 Z-0.0354 I-0.1122 J0.
N70170 X-2.0221 Y-1.8797 Z-0.0264 I-0.0836 J-0.0607
N70175 G1 G40 X-1.9685 Y-1.9685
N70180 Z0.1969
N70185 Z-0.5207
N70190 Z-0.5994
N70195 G41 X-1.9567 Y-2.0748 D14
N70200 G3 X-1.8504 Y-1.9685 Z-0.5906 I0. J0.1063
N70205 X-2.0866 Z-0.5709 I-0.1181 J0.
N70210 X-1.8504 Z-0.5512 I0.1181 J0.
N70215 X-2.0866 Z-0.5315 I-0.1181 J0.
N70220 X-1.8504 Z-0.5118 I0.1181 J0.
N70225 X-2.0866 Z-0.4921 I-0.1181 J0.
N70230 X-1.8504 Z-0.4724 I0.1181 J0.
N70235 X-2.0866 Z-0.4528 I-0.1181 J0.
N70240 X-1.8504 Z-0.4331 I0.1181 J0.
N70245 X-2.0866 Z-0.4134 I-0.1181 J0.
N70250 X-1.8504 Z-0.3937 I0.1181 J0.
N70255 X-2.0866 Z-0.374 I-0.1181 J0.
N70260 X-1.8504 Z-0.3543 I0.1181 J0.
N70265 X-2.0866 Z-0.3346 I-0.1181 J0.
N70270 X-1.8504 Z-0.315 I0.1181 J0.
N70275 X-2.0866 Z-0.2953 I-0.1181 J0.
N70280 X-1.8504 Z-0.2756 I0.1181 J0.
N70285 X-2.0866 Z-0.2559 I-0.1181 J0.
N70290 X-1.8504 Z-0.2362 I0.1181 J0.
N70295 X-2.0866 Z-0.2165 I-0.1181 J0.
N70300 X-1.8504 Z-0.1969 I0.1181 J0.
N70305 X-2.0866 Z-0.1772 I-0.1181 J0.
N70310 X-1.8504 Z-0.1575 I0.1181 J0.
N70315 X-2.0866 Z-0.1378 I-0.1181 J0.
N70320 X-1.8504 Z-0.1181 I0.1181 J0.
N70325 X-2.0866 Z-0.0984 I-0.1181 J0.
N70330 X-1.8504 Z-0.0787 I0.1181 J0.
N70335 X-2.0866 Z-0.0591 I-0.1181 J0.
N70340 X-1.8504 Z-0.0394 I0.1181 J0.
N70345 X-1.873 Y-1.8991 Z-0.0354 I-0.1181 J0.
N70350 X-2.0214 Y-1.8756 Z-0.0266 I-0.086 J-0.0625
N70355 G1 G40 X-1.9685 Y-1.9685
N70360 Z0.1969
N70365 X-1.1811
N70370 Z-0.5211
N70375 Z-0.5998
N70380 G41 X-1.1752 Y-2.0689 D14
N70385 G3 X-1.0748 Y-1.9685 Z-0.5906 I0. J0.1004
N70390 X-1.2874 Z-0.5709 I-0.1063 J0.
N70395 X-1.0748 Z-0.5512 I0.1063 J0.
N70400 X-1.2874 Z-0.5315 I-0.1063 J0.
N70405 X-1.0748 Z-0.5118 I0.1063 J0.
N70410 X-1.2874 Z-0.4921 I-0.1063 J0.
N70415 X-1.0748 Z-0.4724 I0.1063 J0.
N70420 X-1.2874 Z-0.4528 I-0.1063 J0.
N70425 X-1.0748 Z-0.4331 I0.1063 J0.
N70430 X-1.2874 Z-0.4134 I-0.1063 J0.
N70435 X-1.0748 Z-0.3937 I0.1063 J0.
N70440 X-1.2874 Z-0.374 I-0.1063 J0.
N70445 X-1.0748 Z-0.3543 I0.1063 J0.
N70450 X-1.2874 Z-0.3346 I-0.1063 J0.
N70455 X-1.0748 Z-0.315 I0.1063 J0.
N70460 X-1.2874 Z-0.2953 I-0.1063 J0.
N70465 X-1.0748 Z-0.2756 I0.1063 J0.
N70470 X-1.2874 Z-0.2559 I-0.1063 J0.
N70475 X-1.0748 Z-0.2362 I0.1063 J0.
N70480 X-1.2874 Z-0.2165 I-0.1063 J0.
N70485 X-1.0748 Z-0.1969 I0.1063 J0.
N70490 X-1.2874 Z-0.1772 I-0.1063 J0.
N70495 X-1.0748 Z-0.1575 I0.1063 J0.
N70500 X-1.2874 Z-0.1378 I-0.1063 J0.
N70505 X-1.0748 Z-0.1181 I0.1063 J0.
N70510 X-1.2874 Z-0.0984 I-0.1063 J0.
N70515 X-1.0748 Z-0.0787 I0.1063 J0.
N70520 X-1.2874 Z-0.0591 I-0.1063 J0.
N70525 X-1.0748 Z-0.0394 I0.1063 J0.
N70530 X-1.0951 Y-1.906 Z-0.0354 I-0.1063 J0.
N70535 X-1.2353 Y-1.8838 Z-0.0261 I-0.0812 J-0.059
N70540 G1 G40 X-1.1811 Y-1.9685
N70545 Z0.1969
N70550 Z-0.5209
N70555 Z-0.5996
N70560 G41 X-1.1722 Y-2.0719 D14
N70565 G3 X-1.0689 Y-1.9685 Z-0.5906 I0. J0.1033
N70570 X-1.2933 Z-0.5709 I-0.1122 J0.
N70575 X-1.0689 Z-0.5512 I0.1122 J0.
N70580 X-1.2933 Z-0.5315 I-0.1122 J0.
N70585 X-1.0689 Z-0.5118 I0.1122 J0.
N70590 X-1.2933 Z-0.4921 I-0.1122 J0.
N70595 X-1.0689 Z-0.4724 I0.1122 J0.
N70600 X-1.2933 Z-0.4528 I-0.1122 J0.
N70605 X-1.0689 Z-0.4331 I0.1122 J0.
N70610 X-1.2933 Z-0.4134 I-0.1122 J0.
N70615 X-1.0689 Z-0.3937 I0.1122 J0.
N70620 X-1.2933 Z-0.374 I-0.1122 J0.
N70625 X-1.0689 Z-0.3543 I0.1122 J0.
N70630 X-1.2933 Z-0.3346 I-0.1122 J0.
N70635 X-1.0689 Z-0.315 I0.1122 J0.
N70640 X-1.2933 Z-0.2953 I-0.1122 J0.
N70645 X-1.0689 Z-0.2756 I0.1122 J0.
N70650 X-1.2933 Z-0.2559 I-0.1122 J0.
N70655 X-1.0689 Z-0.2362 I0.1122 J0.
N70660 X-1.2933 Z-0.2165 I-0.1122 J0.
N70665 X-1.0689 Z-0.1969 I0.1122 J0.
N70670 X-1.2933 Z-0.1772 I-0.1122 J0.
N70675 X-1.0689 Z-0.1575 I0.1122 J0.
N70680 X-1.2933 Z-0.1378 I-0.1122 J0.
N70685 X-1.0689 Z-0.1181 I0.1122 J0.
N70690 X-1.2933 Z-0.0984 I-0.1122 J0.
N70695 X-1.0689 Z-0.0787 I0.1122 J0.
N70700 X-1.2933 Z-0.0591 I-0.1122 J0.
N70705 X-1.0689 Z-0.0394 I0.1122 J0.
N70710 X-1.0903 Y-1.9026 Z-0.0354 I-0.1122 J0.
N70715 X-1.2347 Y-1.8797 Z-0.0264 I-0.0836 J-0.0607
N70720 G1 G40 X-1.1811 Y-1.9685
N70725 Z0.1969
N70730 Z-0.5207
N70735 Z-0.5994
N70740 G41 X-1.1693 Y-2.0748 D14
N70745 G3 X-1.063 Y-1.9685 Z-0.5906 I0. J0.1063
N70750 X-1.2992 Z-0.5709 I-0.1181 J0.
N70755 X-1.063 Z-0.5512 I0.1181 J0.
N70760 X-1.2992 Z-0.5315 I-0.1181 J0.
N70765 X-1.063 Z-0.5118 I0.1181 J0.
N70770 X-1.2992 Z-0.4921 I-0.1181 J0.
N70775 X-1.063 Z-0.4724 I0.1181 J0.
N70780 X-1.2992 Z-0.4528 I-0.1181 J0.
N70785 X-1.063 Z-0.4331 I0.1181 J0.
N70790 X-1.2992 Z-0.4134 I-0.1181 J0.
N70795 X-1.063 Z-0.3937 I0.1181 J0.
N70800 X-1.2992 Z-0.374 I-0.1181 J0.
N70805 X-1.063 Z-0.3543 I0.1181 J0.
N70810 X-1.2992 Z-0.3346 I-0.1181 J0.
N70815 X-1.063 Z-0.315 I0.1181 J0.
N70820 X-1.2992 Z-0.2953 I-0.1181 J0.
N70825 X-1.063 Z-0.2756 I0.1181 J0.
N70830 X-1.2992 Z-0.2559 I-0.1181 J0.
N70835 X-1.063 Z-0.2362 I0.1181 J0.
N70840 X-1.2992 Z-0.2165 I-0.1181 J0.
N70845 X-1.063 Z-0.1969 I0.1181 J0.
N70850 X-1.2992 Z-0.1772 I-0.1181 J0.
N70855 X-1.063 Z-0.1575 I0.1181 J0.
N70860 X-1.2992 Z-0.1378 I-0.1181 J0.
N70865 X-1.063 Z-0.1181 I0.1181 J0.
N70870 X-1.2992 Z-0.0984 I-0.1181 J0.
N70875 X-1.063 Z-0.0787 I0.1181 J0.
N70880 X-1.2992 Z-0.0591 I-0.1181 J0.
N70885 X-1.063 Z-0.0394 I0.1181 J0.
N70890 X-1.0855 Y-1.8991 Z-0.0354 I-0.1181 J0.
N70895 X-1.234 Y-1.8756 Z-0.0266 I-0.086 J-0.0625
N70900 G1 G40 X-1.1811 Y-1.9685
N70905 Z0.1969
N70910 X-0.3937
N70915 Z-0.5211
N70920 Z-0.5998
N70925 G41 X-0.3878 Y-2.0689 D14
N70930 G3 X-0.2874 Y-1.9685 Z-0.5906 I0. J0.1004
N70935 X-0.5 Z-0.5709 I-0.1063 J0.
N70940 X-0.2874 Z-0.5512 I0.1063 J0.
N70945 X-0.5 Z-0.5315 I-0.1063 J0.
N70950 X-0.2874 Z-0.5118 I0.1063 J0.
N70955 X-0.5 Z-0.4921 I-0.1063 J0.
N70960 X-0.2874 Z-0.4724 I0.1063 J0.
N70965 X-0.5 Z-0.4528 I-0.1063 J0.
N70970 X-0.2874 Z-0.4331 I0.1063 J0.
N70975 X-0.5 Z-0.4134 I-0.1063 J0.
N70980 X-0.2874 Z-0.3937 I0.1063 J0.
N70985 X-0.5 Z-0.374 I-0.1063 J0.
N70990 X-0.2874 Z-0.3543 I0.1063 J0.
N70995 X-0.5 Z-0.3346 I-0.1063 J0.
N71000 X-0.2874 Z-0.315 I0.1063 J0.
N71005 X-0.5 Z-0.2953 I-0.1063 J0.
N71010 X-0.2874 Z-0.2756 I0.1063 J0.
N71015 X-0.5 Z-0.2559 I-0.1063 J0.
N71020 X-0.2874 Z-0.2362 I0.1063 J0.
N71025 X-0.5 Z-0.2165 I-0.1063 J0.
N71030 X-0.2874 Z-0.1969 I0.1063 J0.
N71035 X-0.5 Z-0.1772 I-0.1063 J0.
N71040 X-0.2874 Z-0.1575 I0.1063 J0.
N71045 X-0.5 Z-0.1378 I-0.1063 J0.
N71050 X-0.2874 Z-0.1181 I0.1063 J0.
N71055 X-0.5 Z-0.0984 I-0.1063 J0.
N71060 X-0.2874 Z-0.0787 I0.1063 J0.
N71065 X-0.5 Z-0.0591 I-0.1063 J0.
N71070 X-0.2874 Z-0.0394 I0.1063 J0.
N71075 X-0.3077 Y-1.906 Z-0.0354 I-0.1063 J0.
N71080 X-0.4479 Y-1.8838 Z-0.0261 I-0.0812 J-0.059
N71085 G1 G40 X-0.3937 Y-1.9685
N71090 Z0.1969
N71095 Z-0.5209
N71100 Z-0.5996
N71105 G41 X-0.3848 Y-2.0719 D14
N71110 G3 X-0.2815 Y-1.9685 Z-0.5906 I0. J0.1033
N71115 X-0.5059 Z-0.5709 I-0.1122 J0.
N71120 X-0.2815 Z-0.5512 I0.1122 J0.
N71125 X-0.5059 Z-0.5315 I-0.1122 J0.
N71130 X-0.2815 Z-0.5118 I0.1122 J0.
N71135 X-0.5059 Z-0.4921 I-0.1122 J0.
N71140 X-0.2815 Z-0.4724 I0.1122 J0.
N71145 X-0.5059 Z-0.4528 I-0.1122 J0.
N71150 X-0.2815 Z-0.4331 I0.1122 J0.
N71155 X-0.5059 Z-0.4134 I-0.1122 J0.
N71160 X-0.2815 Z-0.3937 I0.1122 J0.
N71165 X-0.5059 Z-0.374 I-0.1122 J0.
N71170 X-0.2815 Z-0.3543 I0.1122 J0.
N71175 X-0.5059 Z-0.3346 I-0.1122 J0.
N71180 X-0.2815 Z-0.315 I0.1122 J0.
N71185 X-0.5059 Z-0.2953 I-0.1122 J0.
N71190 X-0.2815 Z-0.2756 I0.1122 J0.
N71195 X-0.5059 Z-0.2559 I-0.1122 J0.
N71200 X-0.2815 Z-0.2362 I0.1122 J0.
N71205 X-0.5059 Z-0.2165 I-0.1122 J0.
N71210 X-0.2815 Z-0.1969 I0.1122 J0.
N71215 X-0.5059 Z-0.1772 I-0.1122 J0.
N71220 X-0.2815 Z-0.1575 I0.1122 J0.
N71225 X-0.5059 Z-0.1378 I-0.1122 J0.
N71230 X-0.2815 Z-0.1181 I0.1122 J0.
N71235 X-0.5059 Z-0.0984 I-0.1122 J0.
N71240 X-0.2815 Z-0.0787 I0.1122 J0.
N71245 X-0.5059 Z-0.0591 I-0.1122 J0.
N71250 X-0.2815 Z-0.0394 I0.1122 J0.
N71255 X-0.3029 Y-1.9026 Z-0.0354 I-0.1122 J0.
N71260 X-0.4473 Y-1.8797 Z-0.0264 I-0.0836 J-0.0607
N71265 G1 G40 X-0.3937 Y-1.9685
N71270 Z0.1969
N71275 Z-0.5207
N71280 Z-0.5994
N71285 G41 X-0.3819 Y-2.0748 D14
N71290 G3 X-0.2756 Y-1.9685 Z-0.5906 I0. J0.1063
N71295 X-0.5118 Z-0.5709 I-0.1181 J0.
N71300 X-0.2756 Z-0.5512 I0.1181 J0.
N71305 X-0.5118 Z-0.5315 I-0.1181 J0.
N71310 X-0.2756 Z-0.5118 I0.1181 J0.
N71315 X-0.5118 Z-0.4921 I-0.1181 J0.
N71320 X-0.2756 Z-0.4724 I0.1181 J0.
N71325 X-0.5118 Z-0.4528 I-0.1181 J0.
N71330 X-0.2756 Z-0.4331 I0.1181 J0.
N71335 X-0.5118 Z-0.4134 I-0.1181 J0.
N71340 X-0.2756 Z-0.3937 I0.1181 J0.
N71345 X-0.5118 Z-0.374 I-0.1181 J0.
N71350 X-0.2756 Z-0.3543 I0.1181 J0.
N71355 X-0.5118 Z-0.3346 I-0.1181 J0.
N71360 X-0.2756 Z-0.315 I0.1181 J0.
N71365 X-0.5118 Z-0.2953 I-0.1181 J0.
N71370 X-0.2756 Z-0.2756 I0.1181 J0.
N71375 X-0.5118 Z-0.2559 I-0.1181 J0.
N71380 X-0.2756 Z-0.2362 I0.1181 J0.
N71385 X-0.5118 Z-0.2165 I-0.1181 J0.
N71390 X-0.2756 Z-0.1969 I0.1181 J0.
N71395 X-0.5118 Z-0.1772 I-0.1181 J0.
N71400 X-0.2756 Z-0.1575 I0.1181 J0.
N71405 X-0.5118 Z-0.1378 I-0.1181 J0.
N71410 X-0.2756 Z-0.1181 I0.1181 J0.
N71415 X-0.5118 Z-0.0984 I-0.1181 J0.
N71420 X-0.2756 Z-0.0787 I0.1181 J0.
N71425 X-0.5118 Z-0.0591 I-0.1181 J0.
N71430 X-0.2756 Z-0.0394 I0.1181 J0.
N71435 X-0.2981 Y-1.8991 Z-0.0354 I-0.1181 J0.
N71440 X-0.4466 Y-1.8756 Z-0.0266 I-0.086 J-0.0625
N71445 G1 G40 X-0.3937 Y-1.9685
N71450 Z0.1969
N71455 X0.3937
N71460 Z-0.5211
N71465 Z-0.5998
N71470 G41 X0.3996 Y-2.0689 D14
N71475 G3 X0.5 Y-1.9685 Z-0.5906 I0. J0.1004
N71480 X0.2874 Z-0.5709 I-0.1063 J0.
N71485 X0.5 Z-0.5512 I0.1063 J0.
N71490 X0.2874 Z-0.5315 I-0.1063 J0.
N71495 X0.5 Z-0.5118 I0.1063 J0.
N71500 X0.2874 Z-0.4921 I-0.1063 J0.
N71505 X0.5 Z-0.4724 I0.1063 J0.
N71510 X0.2874 Z-0.4528 I-0.1063 J0.
N71515 X0.5 Z-0.4331 I0.1063 J0.
N71520 X0.2874 Z-0.4134 I-0.1063 J0.
N71525 X0.5 Z-0.3937 I0.1063 J0.
N71530 X0.2874 Z-0.374 I-0.1063 J0.
N71535 X0.5 Z-0.3543 I0.1063 J0.
N71540 X0.2874 Z-0.3346 I-0.1063 J0.
N71545 X0.5 Z-0.315 I0.1063 J0.
N71550 X0.2874 Z-0.2953 I-0.1063 J0.
N71555 X0.5 Z-0.2756 I0.1063 J0.
N71560 X0.2874 Z-0.2559 I-0.1063 J0.
N71565 X0.5 Z-0.2362 I0.1063 J0.
N71570 X0.2874 Z-0.2165 I-0.1063 J0.
N71575 X0.5 Z-0.1969 I0.1063 J0.
N71580 X0.2874 Z-0.1772 I-0.1063 J0.
N71585 X0.5 Z-0.1575 I0.1063 J0.
N71590 X0.2874 Z-0.1378 I-0.1063 J0.
N71595 X0.5 Z-0.1181 I0.1063 J0.
N71600 X0.2874 Z-0.0984 I-0.1063 J0.
N71605 X0.5 Z-0.0787 I0.1063 J0.
N71610 X0.2874 Z-0.0591 I-0.1063 J0.
N71615 X0.5 Z-0.0394 I0.1063 J0.
N71620 X0.4797 Y-1.906 Z-0.0354 I-0.1063 J0.
N71625 X0.3395 Y-1.8838 Z-0.0261 I-0.0812 J-0.059
N71630 G1 G40 X0.3937 Y-1.9685
N71635 Z0.1969
N71640 Z-0.5209
N71645 Z-0.5996
N71650 G41 X0.4026 Y-2.0719 D14
N71655 G3 X0.5059 Y-1.9685 Z-0.5906 I0. J0.1033
N71660 X0.2815 Z-0.5709 I-0.1122 J0.
N71665 X0.5059 Z-0.5512 I0.1122 J0.
N71670 X0.2815 Z-0.5315 I-0.1122 J0.
N71675 X0.5059 Z-0.5118 I0.1122 J0.
N71680 X0.2815 Z-0.4921 I-0.1122 J0.
N71685 X0.5059 Z-0.4724 I0.1122 J0.
N71690 X0.2815 Z-0.4528 I-0.1122 J0.
N71695 X0.5059 Z-0.4331 I0.1122 J0.
N71700 X0.2815 Z-0.4134 I-0.1122 J0.
N71705 X0.5059 Z-0.3937 I0.1122 J0.
N71710 X0.2815 Z-0.374 I-0.1122 J0.
N71715 X0.5059 Z-0.3543 I0.1122 J0.
N71720 X0.2815 Z-0.3346 I-0.1122 J0.
N71725 X0.5059 Z-0.315 I0.1122 J0.
N71730 X0.2815 Z-0.2953 I-0.1122 J0.
N71735 X0.5059 Z-0.2756 I0.1122 J0.
N71740 X0.2815 Z-0.2559 I-0.1122 J0.
N71745 X0.5059 Z-0.2362 I0.1122 J0.
N71750 X0.2815 Z-0.2165 I-0.1122 J0.
N71755 X0.5059 Z-0.1969 I0.1122 J0.
N71760 X0.2815 Z-0.1772 I-0.1122 J0.
N71765 X0.5059 Z-0.1575 I0.1122 J0.
N71770 X0.2815 Z-0.1378 I-0.1122 J0.
N71775 X0.5059 Z-0.1181 I0.1122 J0.
N71780 X0.2815 Z-0.0984 I-0.1122 J0.
N71785 X0.5059 Z-0.0787 I0.1122 J0.
N71790 X0.2815 Z-0.0591 I-0.1122 J0.
N71795 X0.5059 Z-0.0394 I0.1122 J0.
N71800 X0.4845 Y-1.9026 Z-0.0354 I-0.1122 J0.
N71805 X0.3401 Y-1.8797 Z-0.0264 I-0.0836 J-0.0607
N71810 G1 G40 X0.3937 Y-1.9685
N71815 Z0.1969
N71820 Z-0.5207
N71825 Z-0.5994
N71830 G41 X0.4055 Y-2.0748 D14
N71835 G3 X0.5118 Y-1.9685 Z-0.5906 I0. J0.1063
N71840 X0.2756 Z-0.5709 I-0.1181 J0.
N71845 X0.5118 Z-0.5512 I0.1181 J0.
N71850 X0.2756 Z-0.5315 I-0.1181 J0.
N71855 X0.5118 Z-0.5118 I0.1181 J0.
N71860 X0.2756 Z-0.4921 I-0.1181 J0.
N71865 X0.5118 Z-0.4724 I0.1181 J0.
N71870 X0.2756 Z-0.4528 I-0.1181 J0.
N71875 X0.5118 Z-0.4331 I0.1181 J0.
N71880 X0.2756 Z-0.4134 I-0.1181 J0.
N71885 X0.5118 Z-0.3937 I0.1181 J0.
N71890 X0.2756 Z-0.374 I-0.1181 J0.
N71895 X0.5118 Z-0.3543 I0.1181 J0.
N71900 X0.2756 Z-0.3346 I-0.1181 J0.
N71905 X0.5118 Z-0.315 I0.1181 J0.
N71910 X0.2756 Z-0.2953 I-0.1181 J0.
N71915 X0.5118 Z-0.2756 I0.1181 J0.
N71920 X0.2756 Z-0.2559 I-0.1181 J0.
N71925 X0.5118 Z-0.2362 I0.1181 J0.
N71930 X0.2756 Z-0.2165 I-0.1181 J0.
N71935 X0.5118 Z-0.1969 I0.1181 J0.
N71940 X0.2756 Z-0.1772 I-0.1181 J0.
N71945 X0.5118 Z-0.1575 I0.1181 J0.
N71950 X0.2756 Z-0.1378 I-0.1181 J0.
N71955 X0.5118 Z-0.1181 I0.1181 J0.
N71960 X0.2756 Z-0.0984 I-0.1181 J0.
N71965 X0.5118 Z-0.0787 I0.1181 J0.
N71970 X0.2756 Z-0.0591 I-0.1181 J0.
N71975 X0.5118 Z-0.0394 I0.1181 J0.
N71980 X0.4893 Y-1.8991 Z-0.0354 I-0.1181 J0.
N71985 X0.3408 Y-1.8756 Z-0.0266 I-0.086 J-0.0625
N71990 G1 G40 X0.3937 Y-1.9685
N71995 Z0.1969
N72000 X1.1811
N72005 Z-0.5211
N72010 Z-0.5998
N72015 G41 X1.187 Y-2.0689 D14
N72020 G3 X1.2874 Y-1.9685 Z-0.5906 I0. J0.1004
N72025 X1.0748 Z-0.5709 I-0.1063 J0.
N72030 X1.2874 Z-0.5512 I0.1063 J0.
N72035 X1.0748 Z-0.5315 I-0.1063 J0.
N72040 X1.2874 Z-0.5118 I0.1063 J0.
N72045 X1.0748 Z-0.4921 I-0.1063 J0.
N72050 X1.2874 Z-0.4724 I0.1063 J0.
N72055 X1.0748 Z-0.4528 I-0.1063 J0.
N72060 X1.2874 Z-0.4331 I0.1063 J0.
N72065 X1.0748 Z-0.4134 I-0.1063 J0.
N72070 X1.2874 Z-0.3937 I0.1063 J0.
N72075 X1.0748 Z-0.374 I-0.1063 J0.
N72080 X1.2874 Z-0.3543 I0.1063 J0.
N72085 X1.0748 Z-0.3346 I-0.1063 J0.
N72090 X1.2874 Z-0.315 I0.1063 J0.
N72095 X1.0748 Z-0.2953 I-0.1063 J0.
N72100 X1.2874 Z-0.2756 I0.1063 J0.
N72105 X1.0748 Z-0.2559 I-0.1063 J0.
N72110 X1.2874 Z-0.2362 I0.1063 J0.
N72115 X1.0748 Z-0.2165 I-0.1063 J0.
N72120 X1.2874 Z-0.1969 I0.1063 J0.
N72125 X1.0748 Z-0.1772 I-0.1063 J0.
N72130 X1.2874 Z-0.1575 I0.1063 J0.
N72135 X1.0748 Z-0.1378 I-0.1063 J0.
N72140 X1.2874 Z-0.1181 I0.1063 J0.
N72145 X1.0748 Z-0.0984 I-0.1063 J0.
N72150 X1.2874 Z-0.0787 I0.1063 J0.
N72155 X1.0748 Z-0.0591 I-0.1063 J0.
N72160 X1.2874 Z-0.0394 I0.1063 J0.
N72165 X1.2671 Y-1.906 Z-0.0354 I-0.1063 J0.
N72170 X1.1269 Y-1.8838 Z-0.0261 I-0.0812 J-0.059
N72175 G1 G40 X1.1811 Y-1.9685
N72180 Z0.1969
N72185 Z-0.5209
N72190 Z-0.5996
N72195 G41 X1.19 Y-2.0719 D14
N72200 G3 X1.2933 Y-1.9685 Z-0.5906 I0. J0.1033
N72205 X1.0689 Z-0.5709 I-0.1122 J0.
N72210 X1.2933 Z-0.5512 I0.1122 J0.
N72215 X1.0689 Z-0.5315 I-0.1122 J0.
N72220 X1.2933 Z-0.5118 I0.1122 J0.
N72225 X1.0689 Z-0.4921 I-0.1122 J0.
N72230 X1.2933 Z-0.4724 I0.1122 J0.
N72235 X1.0689 Z-0.4528 I-0.1122 J0.
N72240 X1.2933 Z-0.4331 I0.1122 J0.
N72245 X1.0689 Z-0.4134 I-0.1122 J0.
N72250 X1.2933 Z-0.3937 I0.1122 J0.
N72255 X1.0689 Z-0.374 I-0.1122 J0.
N72260 X1.2933 Z-0.3543 I0.1122 J0.
N72265 X1.0689 Z-0.3346 I-0.1122 J0.
N72270 X1.2933 Z-0.315 I0.1122 J0.
N72275 X1.0689 Z-0.2953 I-0.1122 J0.
N72280 X1.2933 Z-0.2756 I0.1122 J0.
N72285 X1.0689 Z-0.2559 I-0.1122 J0.
N72290 X1.2933 Z-0.2362 I0.1122 J0.
N72295 X1.0689 Z-0.2165 I-0.1122 J0.
N72300 X1.2933 Z-0.1969 I0.1122 J0.
N72305 X1.0689 Z-0.1772 I-0.1122 J0.
N72310 X1.2933 Z-0.1575 I0.1122 J0.
N72315 X1.0689 Z-0.1378 I-0.1122 J0.
N72320 X1.2933 Z-0.1181 I0.1122 J0.
N72325 X1.0689 Z-0.0984 I-0.1122 J0.
N72330 X1.2933 Z-0.0787 I0.1122 J0.
N72335 X1.0689 Z-0.0591 I-0.1122 J0.
N72340 X1.2933 Z-0.0394 I0.1122 J0.
N72345 X1.2719 Y-1.9026 Z-0.0354 I-0.1122 J0.
N72350 X1.1275 Y-1.8797 Z-0.0264 I-0.0836 J-0.0607
N72355 G1 G40 X1.1811 Y-1.9685
N72360 Z0.1969
N72365 Z-0.5207
N72370 Z-0.5994
N72375 G41 X1.1929 Y-2.0748 D14
N72380 G3 X1.2992 Y-1.9685 Z-0.5906 I0. J0.1063
N72385 X1.063 Z-0.5709 I-0.1181 J0.
N72390 X1.2992 Z-0.5512 I0.1181 J0.
N72395 X1.063 Z-0.5315 I-0.1181 J0.
N72400 X1.2992 Z-0.5118 I0.1181 J0.
N72405 X1.063 Z-0.4921 I-0.1181 J0.
N72410 X1.2992 Z-0.4724 I0.1181 J0.
N72415 X1.063 Z-0.4528 I-0.1181 J0.
N72420 X1.2992 Z-0.4331 I0.1181 J0.
N72425 X1.063 Z-0.4134 I-0.1181 J0.
N72430 X1.2992 Z-0.3937 I0.1181 J0.
N72435 X1.063 Z-0.374 I-0.1181 J0.
N72440 X1.2992 Z-0.3543 I0.1181 J0.
N72445 X1.063 Z-0.3346 I-0.1181 J0.
N72450 X1.2992 Z-0.315 I0.1181 J0.
N72455 X1.063 Z-0.2953 I-0.1181 J0.
N72460 X1.2992 Z-0.2756 I0.1181 J0.
N72465 X1.063 Z-0.2559 I-0.1181 J0.
N72470 X1.2992 Z-0.2362 I0.1181 J0.
N72475 X1.063 Z-0.2165 I-0.1181 J0.
N72480 X1.2992 Z-0.1969 I0.1181 J0.
N72485 X1.063 Z-0.1772 I-0.1181 J0.
N72490 X1.2992 Z-0.1575 I0.1181 J0.
N72495 X1.063 Z-0.1378 I-0.1181 J0.
N72500 X1.2992 Z-0.1181 I0.1181 J0.
N72505 X1.063 Z-0.0984 I-0.1181 J0.
N72510 X1.2992 Z-0.0787 I0.1181 J0.
N72515 X1.063 Z-0.0591 I-0.1181 J0.
N72520 X1.2992 Z-0.0394 I0.1181 J0.
N72525 X1.2767 Y-1.8991 Z-0.0354 I-0.1181 J0.
N72530 X1.1282 Y-1.8756 Z-0.0266 I-0.086 J-0.0625
N72535 G1 G40 X1.1811 Y-1.9685
N72540 Z0.1969
N72545 X1.9685
N72550 Z-0.5211
N72555 Z-0.5998
N72560 G41 X1.9744 Y-2.0689 D14
N72565 G3 X2.0748 Y-1.9685 Z-0.5906 I0. J0.1004
N72570 X1.8622 Z-0.5709 I-0.1063 J0.
N72575 X2.0748 Z-0.5512 I0.1063 J0.
N72580 X1.8622 Z-0.5315 I-0.1063 J0.
N72585 X2.0748 Z-0.5118 I0.1063 J0.
N72590 X1.8622 Z-0.4921 I-0.1063 J0.
N72595 X2.0748 Z-0.4724 I0.1063 J0.
N72600 X1.8622 Z-0.4528 I-0.1063 J0.
N72605 X2.0748 Z-0.4331 I0.1063 J0.
N72610 X1.8622 Z-0.4134 I-0.1063 J0.
N72615 X2.0748 Z-0.3937 I0.1063 J0.
N72620 X1.8622 Z-0.374 I-0.1063 J0.
N72625 X2.0748 Z-0.3543 I0.1063 J0.
N72630 X1.8622 Z-0.3346 I-0.1063 J0.
N72635 X2.0748 Z-0.315 I0.1063 J0.
N72640 X1.8622 Z-0.2953 I-0.1063 J0.
N72645 X2.0748 Z-0.2756 I0.1063 J0.
N72650 X1.8622 Z-0.2559 I-0.1063 J0.
N72655 X2.0748 Z-0.2362 I0.1063 J0.
N72660 X1.8622 Z-0.2165 I-0.1063 J0.
N72665 X2.0748 Z-0.1969 I0.1063 J0.
N72670 X1.8622 Z-0.1772 I-0.1063 J0.
N72675 X2.0748 Z-0.1575 I0.1063 J0.
N72680 X1.8622 Z-0.1378 I-0.1063 J0.
N72685 X2.0748 Z-0.1181 I0.1063 J0.
N72690 X1.8622 Z-0.0984 I-0.1063 J0.
N72695 X2.0748 Z-0.0787 I0.1063 J0.
N72700 X1.8622 Z-0.0591 I-0.1063 J0.
N72705 X2.0748 Z-0.0394 I0.1063 J0.
N72710 X2.0545 Y-1.906 Z-0.0354 I-0.1063 J0.
N72715 X1.9143 Y-1.8838 Z-0.0261 I-0.0812 J-0.059
N72720 G1 G40 X1.9685 Y-1.9685
N72725 Z0.1969
N72730 Z-0.5209
N72735 Z-0.5996
N72740 G41 X1.9774 Y-2.0719 D14
N72745 G3 X2.0807 Y-1.9685 Z-0.5906 I0. J0.1033
N72750 X1.8563 Z-0.5709 I-0.1122 J0.
N72755 X2.0807 Z-0.5512 I0.1122 J0.
N72760 X1.8563 Z-0.5315 I-0.1122 J0.
N72765 X2.0807 Z-0.5118 I0.1122 J0.
N72770 X1.8563 Z-0.4921 I-0.1122 J0.
N72775 X2.0807 Z-0.4724 I0.1122 J0.
N72780 X1.8563 Z-0.4528 I-0.1122 J0.
N72785 X2.0807 Z-0.4331 I0.1122 J0.
N72790 X1.8563 Z-0.4134 I-0.1122 J0.
N72795 X2.0807 Z-0.3937 I0.1122 J0.
N72800 X1.8563 Z-0.374 I-0.1122 J0.
N72805 X2.0807 Z-0.3543 I0.1122 J0.
N72810 X1.8563 Z-0.3346 I-0.1122 J0.
N72815 X2.0807 Z-0.315 I0.1122 J0.
N72820 X1.8563 Z-0.2953 I-0.1122 J0.
N72825 X2.0807 Z-0.2756 I0.1122 J0.
N72830 X1.8563 Z-0.2559 I-0.1122 J0.
N72835 X2.0807 Z-0.2362 I0.1122 J0.
N72840 X1.8563 Z-0.2165 I-0.1122 J0.
N72845 X2.0807 Z-0.1969 I0.1122 J0.
N72850 X1.8563 Z-0.1772 I-0.1122 J0.
N72855 X2.0807 Z-0.1575 I0.1122 J0.
N72860 X1.8563 Z-0.1378 I-0.1122 J0.
N72865 X2.0807 Z-0.1181 I0.1122 J0.
N72870 X1.8563 Z-0.0984 I-0.1122 J0.
N72875 X2.0807 Z-0.0787 I0.1122 J0.
N72880 X1.8563 Z-0.0591 I-0.1122 J0.
N72885 X2.0807 Z-0.0394 I0.1122 J0.
N72890 X2.0593 Y-1.9026 Z-0.0354 I-0.1122 J0.
N72895 X1.9149 Y-1.8797 Z-0.0264 I-0.0836 J-0.0607
N72900 G1 G40 X1.9685 Y-1.9685
N72905 Z0.1969
N72910 Z-0.5207
N72915 Z-0.5994
N72920 G41 X1.9803 Y-2.0748 D14
N72925 G3 X2.0866 Y-1.9685 Z-0.5906 I0. J0.1063
N72930 X1.8504 Z-0.5709 I-0.1181 J0.
N72935 X2.0866 Z-0.5512 I0.1181 J0.
N72940 X1.8504 Z-0.5315 I-0.1181 J0.
N72945 X2.0866 Z-0.5118 I0.1181 J0.
N72950 X1.8504 Z-0.4921 I-0.1181 J0.
N72955 X2.0866 Z-0.4724 I0.1181 J0.
N72960 X1.8504 Z-0.4528 I-0.1181 J0.
N72965 X2.0866 Z-0.4331 I0.1181 J0.
N72970 X1.8504 Z-0.4134 I-0.1181 J0.
N72975 X2.0866 Z-0.3937 I0.1181 J0.
N72980 X1.8504 Z-0.374 I-0.1181 J0.
N72985 X2.0866 Z-0.3543 I0.1181 J0.
N72990 X1.8504 Z-0.3346 I-0.1181 J0.
N72995 X2.0866 Z-0.315 I0.1181 J0.
N73000 X1.8504 Z-0.2953 I-0.1181 J0.
N73005 X2.0866 Z-0.2756 I0.1181 J0.
N73010 X1.8504 Z-0.2559 I-0.1181 J0.
N73015 X2.0866 Z-0.2362 I0.1181 J0.
N73020 X1.8504 Z-0.2165 I-0.1181 J0.
N73025 X2.0866 Z-0.1969 I0.1181 J0.
N73030 X1.8504 Z-0.1772 I-0.1181 J0.
N73035 X2.0866 Z-0.1575 I0.1181 J0.
N73040 X1.8504 Z-0.1378 I-0.1181 J0.
N73045 X2.0866 Z-0.1181 I0.1181 J0.
N73050 X1.8504 Z-0.0984 I-0.1181 J0.
N73055 X2.0866 Z-0.0787 I0.1181 J0.
N73060 X1.8504 Z-0.0591 I-0.1181 J0.
N73065 X2.0866 Z-0.0394 I0.1181 J0.
N73070 X2.0641 Y-1.8991 Z-0.0354 I-0.1181 J0.
N73075 X1.9156 Y-1.8756 Z-0.0266 I-0.086 J-0.0625
N73080 G1 G40 X1.9685 Y-1.9685
N73085 Z0.1969
N73090 X2.7559
N73095 Z-0.5211
N73100 Z-0.5998
N73105 G41 X2.7618 Y-2.0689 D14
N73110 G3 X2.8622 Y-1.9685 Z-0.5906 I0. J0.1004
N73115 X2.6496 Z-0.5709 I-0.1063 J0.
N73120 X2.8622 Z-0.5512 I0.1063 J0.
N73125 X2.6496 Z-0.5315 I-0.1063 J0.
N73130 X2.8622 Z-0.5118 I0.1063 J0.
N73135 X2.6496 Z-0.4921 I-0.1063 J0.
N73140 X2.8622 Z-0.4724 I0.1063 J0.
N73145 X2.6496 Z-0.4528 I-0.1063 J0.
N73150 X2.8622 Z-0.4331 I0.1063 J0.
N73155 X2.6496 Z-0.4134 I-0.1063 J0.
N73160 X2.8622 Z-0.3937 I0.1063 J0.
N73165 X2.6496 Z-0.374 I-0.1063 J0.
N73170 X2.8622 Z-0.3543 I0.1063 J0.
N73175 X2.6496 Z-0.3346 I-0.1063 J0.
N73180 X2.8622 Z-0.315 I0.1063 J0.
N73185 X2.6496 Z-0.2953 I-0.1063 J0.
N73190 X2.8622 Z-0.2756 I0.1063 J0.
N73195 X2.6496 Z-0.2559 I-0.1063 J0.
N73200 X2.8622 Z-0.2362 I0.1063 J0.
N73205 X2.6496 Z-0.2165 I-0.1063 J0.
N73210 X2.8622 Z-0.1969 I0.1063 J0.
N73215 X2.6496 Z-0.1772 I-0.1063 J0.
N73220 X2.8622 Z-0.1575 I0.1063 J0.
N73225 X2.6496 Z-0.1378 I-0.1063 J0.
N73230 X2.8622 Z-0.1181 I0.1063 J0.
N73235 X2.6496 Z-0.0984 I-0.1063 J0.
N73240 X2.8622 Z-0.0787 I0.1063 J0.
N73245 X2.6496 Z-0.0591 I-0.1063 J0.
N73250 X2.8622 Z-0.0394 I0.1063 J0.
N73255 X2.8419 Y-1.906 Z-0.0354 I-0.1063 J0.
N73260 X2.7017 Y-1.8838 Z-0.0261 I-0.0812 J-0.059
N73265 G1 G40 X2.7559 Y-1.9685
N73270 Z0.1969
N73275 Z-0.5209
N73280 Z-0.5996
N73285 G41 X2.7648 Y-2.0719 D14
N73290 G3 X2.8681 Y-1.9685 Z-0.5906 I0. J0.1033
N73295 X2.6437 Z-0.5709 I-0.1122 J0.
N73300 X2.8681 Z-0.5512 I0.1122 J0.
N73305 X2.6437 Z-0.5315 I-0.1122 J0.
N73310 X2.8681 Z-0.5118 I0.1122 J0.
N73315 X2.6437 Z-0.4921 I-0.1122 J0.
N73320 X2.8681 Z-0.4724 I0.1122 J0.
N73325 X2.6437 Z-0.4528 I-0.1122 J0.
N73330 X2.8681 Z-0.4331 I0.1122 J0.
N73335 X2.6437 Z-0.4134 I-0.1122 J0.
N73340 X2.8681 Z-0.3937 I0.1122 J0.
N73345 X2.6437 Z-0.374 I-0.1122 J0.
N73350 X2.8681 Z-0.3543 I0.1122 J0.
N73355 X2.6437 Z-0.3346 I-0.1122 J0.
N73360 X2.8681 Z-0.315 I0.1122 J0.
N73365 X2.6437 Z-0.2953 I-0.1122 J0.
N73370 X2.8681 Z-0.2756 I0.1122 J0.
N73375 X2.6437 Z-0.2559 I-0.1122 J0.
N73380 X2.8681 Z-0.2362 I0.1122 J0.
N73385 X2.6437 Z-0.2165 I-0.1122 J0.
N73390 X2.8681 Z-0.1969 I0.1122 J0.
N73395 X2.6437 Z-0.1772 I-0.1122 J0.
N73400 X2.8681 Z-0.1575 I0.1122 J0.
N73405 X2.6437 Z-0.1378 I-0.1122 J0.
N73410 X2.8681 Z-0.1181 I0.1122 J0.
N73415 X2.6437 Z-0.0984 I-0.1122 J0.
N73420 X2.8681 Z-0.0787 I0.1122 J0.
N73425 X2.6437 Z-0.0591 I-0.1122 J0.
N73430 X2.8681 Z-0.0394 I0.1122 J0.
N73435 X2.8467 Y-1.9026 Z-0.0354 I-0.1122 J0.
N73440 X2.7023 Y-1.8797 Z-0.0264 I-0.0836 J-0.0607
N73445 G1 G40 X2.7559 Y-1.9685
N73450 Z0.1969
N73455 Z-0.5207
N73460 Z-0.5994
N73465 G41 X2.7677 Y-2.0748 D14
N73470 G3 X2.874 Y-1.9685 Z-0.5906 I0. J0.1063
N73475 X2.6378 Z-0.5709 I-0.1181 J0.
N73480 X2.874 Z-0.5512 I0.1181 J0.
N73485 X2.6378 Z-0.5315 I-0.1181 J0.
N73490 X2.874 Z-0.5118 I0.1181 J0.
N73495 X2.6378 Z-0.4921 I-0.1181 J0.
N73500 X2.874 Z-0.4724 I0.1181 J0.
N73505 X2.6378 Z-0.4528 I-0.1181 J0.
N73510 X2.874 Z-0.4331 I0.1181 J0.
N73515 X2.6378 Z-0.4134 I-0.1181 J0.
N73520 X2.874 Z-0.3937 I0.1181 J0.
N73525 X2.6378 Z-0.374 I-0.1181 J0.
N73530 X2.874 Z-0.3543 I0.1181 J0.
N73535 X2.6378 Z-0.3346 I-0.1181 J0.
N73540 X2.874 Z-0.315 I0.1181 J0.
N73545 X2.6378 Z-0.2953 I-0.1181 J0.
N73550 X2.874 Z-0.2756 I0.1181 J0.
N73555 X2.6378 Z-0.2559 I-0.1181 J0.
N73560 X2.874 Z-0.2362 I0.1181 J0.
N73565 X2.6378 Z-0.2165 I-0.1181 J0.
N73570 X2.874 Z-0.1969 I0.1181 J0.
N73575 X2.6378 Z-0.1772 I-0.1181 J0.
N73580 X2.874 Z-0.1575 I0.1181 J0.
N73585 X2.6378 Z-0.1378 I-0.1181 J0.
N73590 X2.874 Z-0.1181 I0.1181 J0.
N73595 X2.6378 Z-0.0984 I-0.1181 J0.
N73600 X2.874 Z-0.0787 I0.1181 J0.
N73605 X2.6378 Z-0.0591 I-0.1181 J0.
N73610 X2.874 Z-0.0394 I0.1181 J0.
N73615 X2.8515 Y-1.8991 Z-0.0354 I-0.1181 J0.
N73620 X2.703 Y-1.8756 Z-0.0266 I-0.086 J-0.0625
N73625 G1 G40 X2.7559 Y-1.9685
N73630 Z0.1969
N73635 X3.5433
N73640 Z-0.5211
N73645 Z-0.5998
N73650 G41 X3.5492 Y-2.0689 D14
N73655 G3 X3.6496 Y-1.9685 Z-0.5906 I0. J0.1004
N73660 X3.437 Z-0.5709 I-0.1063 J0.
N73665 X3.6496 Z-0.5512 I0.1063 J0.
N73670 X3.437 Z-0.5315 I-0.1063 J0.
N73675 X3.6496 Z-0.5118 I0.1063 J0.
N73680 X3.437 Z-0.4921 I-0.1063 J0.
N73685 X3.6496 Z-0.4724 I0.1063 J0.
N73690 X3.437 Z-0.4528 I-0.1063 J0.
N73695 X3.6496 Z-0.4331 I0.1063 J0.
N73700 X3.437 Z-0.4134 I-0.1063 J0.
N73705 X3.6496 Z-0.3937 I0.1063 J0.
N73710 X3.437 Z-0.374 I-0.1063 J0.
N73715 X3.6496 Z-0.3543 I0.1063 J0.
N73720 X3.437 Z-0.3346 I-0.1063 J0.
N73725 X3.6496 Z-0.315 I0.1063 J0.
N73730 X3.437 Z-0.2953 I-0.1063 J0.
N73735 X3.6496 Z-0.2756 I0.1063 J0.
N73740 X3.437 Z-0.2559 I-0.1063 J0.
N73745 X3.6496 Z-0.2362 I0.1063 J0.
N73750 X3.437 Z-0.2165 I-0.1063 J0.
N73755 X3.6496 Z-0.1969 I0.1063 J0.
N73760 X3.437 Z-0.1772 I-0.1063 J0.
N73765 X3.6496 Z-0.1575 I0.1063 J0.
N73770 X3.437 Z-0.1378 I-0.1063 J0.
N73775 X3.6496 Z-0.1181 I0.1063 J0.
N73780 X3.437 Z-0.0984 I-0.1063 J0.
N73785 X3.6496 Z-0.0787 I0.1063 J0.
N73790 X3.437 Z-0.0591 I-0.1063 J0.
N73795 X3.6496 Z-0.0394 I0.1063 J0.
N73800 X3.6293 Y-1.906 Z-0.0354 I-0.1063 J0.
N73805 X3.4891 Y-1.8838 Z-0.0261 I-0.0812 J-0.059
N73810 G1 G40 X3.5433 Y-1.9685
N73815 Z0.1969
N73820 Z-0.5209
N73825 Z-0.5996
N73830 G41 X3.5522 Y-2.0719 D14
N73835 G3 X3.6555 Y-1.9685 Z-0.5906 I0. J0.1033
N73840 X3.4311 Z-0.5709 I-0.1122 J0.
N73845 X3.6555 Z-0.5512 I0.1122 J0.
N73850 X3.4311 Z-0.5315 I-0.1122 J0.
N73855 X3.6555 Z-0.5118 I0.1122 J0.
N73860 X3.4311 Z-0.4921 I-0.1122 J0.
N73865 X3.6555 Z-0.4724 I0.1122 J0.
N73870 X3.4311 Z-0.4528 I-0.1122 J0.
N73875 X3.6555 Z-0.4331 I0.1122 J0.
N73880 X3.4311 Z-0.4134 I-0.1122 J0.
N73885 X3.6555 Z-0.3937 I0.1122 J0.
N73890 X3.4311 Z-0.374 I-0.1122 J0.
N73895 X3.6555 Z-0.3543 I0.1122 J0.
N73900 X3.4311 Z-0.3346 I-0.1122 J0.
N73905 X3.6555 Z-0.315 I0.1122 J0.
N73910 X3.4311 Z-0.2953 I-0.1122 J0.
N73915 X3.6555 Z-0.2756 I0.1122 J0.
N73920 X3.4311 Z-0.2559 I-0.1122 J0.
N73925 X3.6555 Z-0.2362 I0.1122 J0.
N73930 X3.4311 Z-0.2165 I-0.1122 J0.
N73935 X3.6555 Z-0.1969 I0.1122 J0.
N73940 X3.4311 Z-0.1772 I-0.1122 J0.
N73945 X3.6555 Z-0.1575 I0.1122 J0.
N73950 X3.4311 Z-0.1378 I-0.1122 J0.
N73955 X3.6555 Z-0.1181 I0.1122 J0.
N73960 X3.4311 Z-0.0984 I-0.1122 J0.
N73965 X3.6555 Z-0.0787 I0.1122 J0.
N73970 X3.4311 Z-0.0591 I-0.1122 J0.
N73975 X3.6555 Z-0.0394 I0.1122 J0.
N73980 X3.6341 Y-1.9026 Z-0.0354 I-0.1122 J0.
N73985 X3.4897 Y-1.8797 Z-0.0264 I-0.0836 J-0.0607
N73990 G1 G40 X3.5433 Y-1.9685
N73995 Z0.1969
N74000 Z-0.5207
N74005 Z-0.5994
N74010 G41 X3.5551 Y-2.0748 D14
N74015 G3 X3.6614 Y-1.9685 Z-0.5906 I0. J0.1063
N74020 X3.4252 Z-0.5709 I-0.1181 J0.
N74025 X3.6614 Z-0.5512 I0.1181 J0.
N74030 X3.4252 Z-0.5315 I-0.1181 J0.
N74035 X3.6614 Z-0.5118 I0.1181 J0.
N74040 X3.4252 Z-0.4921 I-0.1181 J0.
N74045 X3.6614 Z-0.4724 I0.1181 J0.
N74050 X3.4252 Z-0.4528 I-0.1181 J0.
N74055 X3.6614 Z-0.4331 I0.1181 J0.
N74060 X3.4252 Z-0.4134 I-0.1181 J0.
N74065 X3.6614 Z-0.3937 I0.1181 J0.
N74070 X3.4252 Z-0.374 I-0.1181 J0.
N74075 X3.6614 Z-0.3543 I0.1181 J0.
N74080 X3.4252 Z-0.3346 I-0.1181 J0.
N74085 X3.6614 Z-0.315 I0.1181 J0.
N74090 X3.4252 Z-0.2953 I-0.1181 J0.
N74095 X3.6614 Z-0.2756 I0.1181 J0.
N74100 X3.4252 Z-0.2559 I-0.1181 J0.
N74105 X3.6614 Z-0.2362 I0.1181 J0.
N74110 X3.4252 Z-0.2165 I-0.1181 J0.
N74115 X3.6614 Z-0.1969 I0.1181 J0.
N74120 X3.4252 Z-0.1772 I-0.1181 J0.
N74125 X3.6614 Z-0.1575 I0.1181 J0.
N74130 X3.4252 Z-0.1378 I-0.1181 J0.
N74135 X3.6614 Z-0.1181 I0.1181 J0.
N74140 X3.4252 Z-0.0984 I-0.1181 J0.
N74145 X3.6614 Z-0.0787 I0.1181 J0.
N74150 X3.4252 Z-0.0591 I-0.1181 J0.
N74155 X3.6614 Z-0.0394 I0.1181 J0.
N74160 X3.6389 Y-1.8991 Z-0.0354 I-0.1181 J0.
N74165 X3.4904 Y-1.8756 Z-0.0266 I-0.086 J-0.0625
N74170 G1 G40 X3.5433 Y-1.9685
N74175 Z0.1969
N74180 X4.3307
N74185 Z-0.5211
N74190 Z-0.5998
N74195 G41 X4.3366 Y-2.0689 D14
N74200 G3 X4.437 Y-1.9685 Z-0.5906 I0. J0.1004
N74205 X4.2244 Z-0.5709 I-0.1063 J0.
N74210 X4.437 Z-0.5512 I0.1063 J0.
N74215 X4.2244 Z-0.5315 I-0.1063 J0.
N74220 X4.437 Z-0.5118 I0.1063 J0.
N74225 X4.2244 Z-0.4921 I-0.1063 J0.
N74230 X4.437 Z-0.4724 I0.1063 J0.
N74235 X4.2244 Z-0.4528 I-0.1063 J0.
N74240 X4.437 Z-0.4331 I0.1063 J0.
N74245 X4.2244 Z-0.4134 I-0.1063 J0.
N74250 X4.437 Z-0.3937 I0.1063 J0.
N74255 X4.2244 Z-0.374 I-0.1063 J0.
N74260 X4.437 Z-0.3543 I0.1063 J0.
N74265 X4.2244 Z-0.3346 I-0.1063 J0.
N74270 X4.437 Z-0.315 I0.1063 J0.
N74275 X4.2244 Z-0.2953 I-0.1063 J0.
N74280 X4.437 Z-0.2756 I0.1063 J0.
N74285 X4.2244 Z-0.2559 I-0.1063 J0.
N74290 X4.437 Z-0.2362 I0.1063 J0.
N74295 X4.2244 Z-0.2165 I-0.1063 J0.
N74300 X4.437 Z-0.1969 I0.1063 J0.
N74305 X4.2244 Z-0.1772 I-0.1063 J0.
N74310 X4.437 Z-0.1575 I0.1063 J0.
N74315 X4.2244 Z-0.1378 I-0.1063 J0.
N74320 X4.437 Z-0.1181 I0.1063 J0.
N74325 X4.2244 Z-0.0984 I-0.1063 J0.
N74330 X4.437 Z-0.0787 I0.1063 J0.
N74335 X4.2244 Z-0.0591 I-0.1063 J0.
N74340 X4.437 Z-0.0394 I0.1063 J0.
N74345 X4.4167 Y-1.906 Z-0.0354 I-0.1063 J0.
N74350 X4.2765 Y-1.8838 Z-0.0261 I-0.0812 J-0.059
N74355 G1 G40 X4.3307 Y-1.9685
N74360 Z0.1969
N74365 Z-0.5209
N74370 Z-0.5996
N74375 G41 X4.3396 Y-2.0719 D14
N74380 G3 X4.4429 Y-1.9685 Z-0.5906 I0. J0.1033
N74385 X4.2185 Z-0.5709 I-0.1122 J0.
N74390 X4.4429 Z-0.5512 I0.1122 J0.
N74395 X4.2185 Z-0.5315 I-0.1122 J0.
N74400 X4.4429 Z-0.5118 I0.1122 J0.
N74405 X4.2185 Z-0.4921 I-0.1122 J0.
N74410 X4.4429 Z-0.4724 I0.1122 J0.
N74415 X4.2185 Z-0.4528 I-0.1122 J0.
N74420 X4.4429 Z-0.4331 I0.1122 J0.
N74425 X4.2185 Z-0.4134 I-0.1122 J0.
N74430 X4.4429 Z-0.3937 I0.1122 J0.
N74435 X4.2185 Z-0.374 I-0.1122 J0.
N74440 X4.4429 Z-0.3543 I0.1122 J0.
N74445 X4.2185 Z-0.3346 I-0.1122 J0.
N74450 X4.4429 Z-0.315 I0.1122 J0.
N74455 X4.2185 Z-0.2953 I-0.1122 J0.
N74460 X4.4429 Z-0.2756 I0.1122 J0.
N74465 X4.2185 Z-0.2559 I-0.1122 J0.
N74470 X4.4429 Z-0.2362 I0.1122 J0.
N74475 X4.2185 Z-0.2165 I-0.1122 J0.
N74480 X4.4429 Z-0.1969 I0.1122 J0.
N74485 X4.2185 Z-0.1772 I-0.1122 J0.
N74490 X4.4429 Z-0.1575 I0.1122 J0.
N74495 X4.2185 Z-0.1378 I-0.1122 J0.
N74500 X4.4429 Z-0.1181 I0.1122 J0.
N74505 X4.2185 Z-0.0984 I-0.1122 J0.
N74510 X4.4429 Z-0.0787 I0.1122 J0.
N74515 X4.2185 Z-0.0591 I-0.1122 J0.
N74520 X4.4429 Z-0.0394 I0.1122 J0.
N74525 X4.4215 Y-1.9026 Z-0.0354 I-0.1122 J0.
N74530 X4.2771 Y-1.8797 Z-0.0264 I-0.0836 J-0.0607
N74535 G1 G40 X4.3307 Y-1.9685
N74540 Z0.1969
N74545 Z-0.5207
N74550 Z-0.5994
N74555 G41 X4.3425 Y-2.0748 D14
N74560 G3 X4.4488 Y-1.9685 Z-0.5906 I0. J0.1063
N74565 X4.2126 Z-0.5709 I-0.1181 J0.
N74570 X4.4488 Z-0.5512 I0.1181 J0.
N74575 X4.2126 Z-0.5315 I-0.1181 J0.
N74580 X4.4488 Z-0.5118 I0.1181 J0.
N74585 X4.2126 Z-0.4921 I-0.1181 J0.
N74590 X4.4488 Z-0.4724 I0.1181 J0.
N74595 X4.2126 Z-0.4528 I-0.1181 J0.
N74600 X4.4488 Z-0.4331 I0.1181 J0.
N74605 X4.2126 Z-0.4134 I-0.1181 J0.
N74610 X4.4488 Z-0.3937 I0.1181 J0.
N74615 X4.2126 Z-0.374 I-0.1181 J0.
N74620 X4.4488 Z-0.3543 I0.1181 J0.
N74625 X4.2126 Z-0.3346 I-0.1181 J0.
N74630 X4.4488 Z-0.315 I0.1181 J0.
N74635 X4.2126 Z-0.2953 I-0.1181 J0.
N74640 X4.4488 Z-0.2756 I0.1181 J0.
N74645 X4.2126 Z-0.2559 I-0.1181 J0.
N74650 X4.4488 Z-0.2362 I0.1181 J0.
N74655 X4.2126 Z-0.2165 I-0.1181 J0.
N74660 X4.4488 Z-0.1969 I0.1181 J0.
N74665 X4.2126 Z-0.1772 I-0.1181 J0.
N74670 X4.4488 Z-0.1575 I0.1181 J0.
N74675 X4.2126 Z-0.1378 I-0.1181 J0.
N74680 X4.4488 Z-0.1181 I0.1181 J0.
N74685 X4.2126 Z-0.0984 I-0.1181 J0.
N74690 X4.4488 Z-0.0787 I0.1181 J0.
N74695 X4.2126 Z-0.0591 I-0.1181 J0.
N74700 X4.4488 Z-0.0394 I0.1181 J0.
N74705 X4.4263 Y-1.8991 Z-0.0354 I-0.1181 J0.
N74710 X4.2778 Y-1.8756 Z-0.0266 I-0.086 J-0.0625
N74715 G1 G40 X4.3307 Y-1.9685
N74720 Z0.1969
N74725 X5.1181
N74730 Z-0.5211
N74735 Z-0.5998
N74740 G41 X5.124 Y-2.0689 D14
N74745 G3 X5.2244 Y-1.9685 Z-0.5906 I0. J0.1004
N74750 X5.0118 Z-0.5709 I-0.1063 J0.
N74755 X5.2244 Z-0.5512 I0.1063 J0.
N74760 X5.0118 Z-0.5315 I-0.1063 J0.
N74765 X5.2244 Z-0.5118 I0.1063 J0.
N74770 X5.0118 Z-0.4921 I-0.1063 J0.
N74775 X5.2244 Z-0.4724 I0.1063 J0.
N74780 X5.0118 Z-0.4528 I-0.1063 J0.
N74785 X5.2244 Z-0.4331 I0.1063 J0.
N74790 X5.0118 Z-0.4134 I-0.1063 J0.
N74795 X5.2244 Z-0.3937 I0.1063 J0.
N74800 X5.0118 Z-0.374 I-0.1063 J0.
N74805 X5.2244 Z-0.3543 I0.1063 J0.
N74810 X5.0118 Z-0.3346 I-0.1063 J0.
N74815 X5.2244 Z-0.315 I0.1063 J0.
N74820 X5.0118 Z-0.2953 I-0.1063 J0.
N74825 X5.2244 Z-0.2756 I0.1063 J0.
N74830 X5.0118 Z-0.2559 I-0.1063 J0.
N74835 X5.2244 Z-0.2362 I0.1063 J0.
N74840 X5.0118 Z-0.2165 I-0.1063 J0.
N74845 X5.2244 Z-0.1969 I0.1063 J0.
N74850 X5.0118 Z-0.1772 I-0.1063 J0.
N74855 X5.2244 Z-0.1575 I0.1063 J0.
N74860 X5.0118 Z-0.1378 I-0.1063 J0.
N74865 X5.2244 Z-0.1181 I0.1063 J0.
N74870 X5.0118 Z-0.0984 I-0.1063 J0.
N74875 X5.2244 Z-0.0787 I0.1063 J0.
N74880 X5.0118 Z-0.0591 I-0.1063 J0.
N74885 X5.2244 Z-0.0394 I0.1063 J0.
N74890 X5.2041 Y-1.906 Z-0.0354 I-0.1063 J0.
N74895 X5.0639 Y-1.8838 Z-0.0261 I-0.0812 J-0.059
N74900 G1 G40 X5.1181 Y-1.9685
N74905 Z0.1969
N74910 Z-0.5209
N74915 Z-0.5996
N74920 G41 X5.127 Y-2.0719 D14
N74925 G3 X5.2303 Y-1.9685 Z-0.5906 I0. J0.1033
N74930 X5.0059 Z-0.5709 I-0.1122 J0.
N74935 X5.2303 Z-0.5512 I0.1122 J0.
N74940 X5.0059 Z-0.5315 I-0.1122 J0.
N74945 X5.2303 Z-0.5118 I0.1122 J0.
N74950 X5.0059 Z-0.4921 I-0.1122 J0.
N74955 X5.2303 Z-0.4724 I0.1122 J0.
N74960 X5.0059 Z-0.4528 I-0.1122 J0.
N74965 X5.2303 Z-0.4331 I0.1122 J0.
N74970 X5.0059 Z-0.4134 I-0.1122 J0.
N74975 X5.2303 Z-0.3937 I0.1122 J0.
N74980 X5.0059 Z-0.374 I-0.1122 J0.
N74985 X5.2303 Z-0.3543 I0.1122 J0.
N74990 X5.0059 Z-0.3346 I-0.1122 J0.
N74995 X5.2303 Z-0.315 I0.1122 J0.
N75000 X5.0059 Z-0.2953 I-0.1122 J0.
N75005 X5.2303 Z-0.2756 I0.1122 J0.
N75010 X5.0059 Z-0.2559 I-0.1122 J0.
N75015 X5.2303 Z-0.2362 I0.1122 J0.
N75020 X5.0059 Z-0.2165 I-0.1122 J0.
N75025 X5.2303 Z-0.1969 I0.1122 J0.
N75030 X5.0059 Z-0.1772 I-0.1122 J0.
N75035 X5.2303 Z-0.1575 I0.1122 J0.
N75040 X5.0059 Z-0.1378 I-0.1122 J0.
N75045 X5.2303 Z-0.1181 I0.1122 J0.
N75050 X5.0059 Z-0.0984 I-0.1122 J0.
N75055 X5.2303 Z-0.0787 I0.1122 J0.
N75060 X5.0059 Z-0.0591 I-0.1122 J0.
N75065 X5.2303 Z-0.0394 I0.1122 J0.
N75070 X5.2089 Y-1.9026 Z-0.0354 I-0.1122 J0.
N75075 X5.0645 Y-1.8797 Z-0.0264 I-0.0836 J-0.0607
N75080 G1 G40 X5.1181 Y-1.9685
N75085 Z0.1969
N75090 Z-0.5207
N75095 Z-0.5994
N75100 G41 X5.1299 Y-2.0748 D14
N75105 G3 X5.2362 Y-1.9685 Z-0.5906 I0. J0.1063
N75110 X5. Z-0.5709 I-0.1181 J0.
N75115 X5.2362 Z-0.5512 I0.1181 J0.
N75120 X5. Z-0.5315 I-0.1181 J0.
N75125 X5.2362 Z-0.5118 I0.1181 J0.
N75130 X5. Z-0.4921 I-0.1181 J0.
N75135 X5.2362 Z-0.4724 I0.1181 J0.
N75140 X5. Z-0.4528 I-0.1181 J0.
N75145 X5.2362 Z-0.4331 I0.1181 J0.
N75150 X5. Z-0.4134 I-0.1181 J0.
N75155 X5.2362 Z-0.3937 I0.1181 J0.
N75160 X5. Z-0.374 I-0.1181 J0.
N75165 X5.2362 Z-0.3543 I0.1181 J0.
N75170 X5. Z-0.3346 I-0.1181 J0.
N75175 X5.2362 Z-0.315 I0.1181 J0.
N75180 X5. Z-0.2953 I-0.1181 J0.
N75185 X5.2362 Z-0.2756 I0.1181 J0.
N75190 X5. Z-0.2559 I-0.1181 J0.
N75195 X5.2362 Z-0.2362 I0.1181 J0.
N75200 X5. Z-0.2165 I-0.1181 J0.
N75205 X5.2362 Z-0.1969 I0.1181 J0.
N75210 X5. Z-0.1772 I-0.1181 J0.
N75215 X5.2362 Z-0.1575 I0.1181 J0.
N75220 X5. Z-0.1378 I-0.1181 J0.
N75225 X5.2362 Z-0.1181 I0.1181 J0.
N75230 X5. Z-0.0984 I-0.1181 J0.
N75235 X5.2362 Z-0.0787 I0.1181 J0.
N75240 X5. Z-0.0591 I-0.1181 J0.
N75245 X5.2362 Z-0.0394 I0.1181 J0.
N75250 X5.2137 Y-1.8991 Z-0.0354 I-0.1181 J0.
N75255 X5.0652 Y-1.8756 Z-0.0266 I-0.086 J-0.0625
N75260 G1 G40 X5.1181 Y-1.9685
N75265 Z0.1969
N75270 Y-2.7559
N75275 Z-0.5211
N75280 Z-0.5998
N75285 G41 X5.124 Y-2.8563 D14
N75290 G3 X5.2244 Y-2.7559 Z-0.5906 I0. J0.1004
N75295 X5.0118 Z-0.5709 I-0.1063 J0.
N75300 X5.2244 Z-0.5512 I0.1063 J0.
N75305 X5.0118 Z-0.5315 I-0.1063 J0.
N75310 X5.2244 Z-0.5118 I0.1063 J0.
N75315 X5.0118 Z-0.4921 I-0.1063 J0.
N75320 X5.2244 Z-0.4724 I0.1063 J0.
N75325 X5.0118 Z-0.4528 I-0.1063 J0.
N75330 X5.2244 Z-0.4331 I0.1063 J0.
N75335 X5.0118 Z-0.4134 I-0.1063 J0.
N75340 X5.2244 Z-0.3937 I0.1063 J0.
N75345 X5.0118 Z-0.374 I-0.1063 J0.
N75350 X5.2244 Z-0.3543 I0.1063 J0.
N75355 X5.0118 Z-0.3346 I-0.1063 J0.
N75360 X5.2244 Z-0.315 I0.1063 J0.
N75365 X5.0118 Z-0.2953 I-0.1063 J0.
N75370 X5.2244 Z-0.2756 I0.1063 J0.
N75375 X5.0118 Z-0.2559 I-0.1063 J0.
N75380 X5.2244 Z-0.2362 I0.1063 J0.
N75385 X5.0118 Z-0.2165 I-0.1063 J0.
N75390 X5.2244 Z-0.1969 I0.1063 J0.
N75395 X5.0118 Z-0.1772 I-0.1063 J0.
N75400 X5.2244 Z-0.1575 I0.1063 J0.
N75405 X5.0118 Z-0.1378 I-0.1063 J0.
N75410 X5.2244 Z-0.1181 I0.1063 J0.
N75415 X5.0118 Z-0.0984 I-0.1063 J0.
N75420 X5.2244 Z-0.0787 I0.1063 J0.
N75425 X5.0118 Z-0.0591 I-0.1063 J0.
N75430 X5.2244 Z-0.0394 I0.1063 J0.
N75435 X5.2041 Y-2.6934 Z-0.0354 I-0.1063 J0.
N75440 X5.0639 Y-2.6712 Z-0.0261 I-0.0812 J-0.059
N75445 G1 G40 X5.1181 Y-2.7559
N75450 Z0.1969
N75455 Z-0.5209
N75460 Z-0.5996
N75465 G41 X5.127 Y-2.8593 D14
N75470 G3 X5.2303 Y-2.7559 Z-0.5906 I0. J0.1033
N75475 X5.0059 Z-0.5709 I-0.1122 J0.
N75480 X5.2303 Z-0.5512 I0.1122 J0.
N75485 X5.0059 Z-0.5315 I-0.1122 J0.
N75490 X5.2303 Z-0.5118 I0.1122 J0.
N75495 X5.0059 Z-0.4921 I-0.1122 J0.
N75500 X5.2303 Z-0.4724 I0.1122 J0.
N75505 X5.0059 Z-0.4528 I-0.1122 J0.
N75510 X5.2303 Z-0.4331 I0.1122 J0.
N75515 X5.0059 Z-0.4134 I-0.1122 J0.
N75520 X5.2303 Z-0.3937 I0.1122 J0.
N75525 X5.0059 Z-0.374 I-0.1122 J0.
N75530 X5.2303 Z-0.3543 I0.1122 J0.
N75535 X5.0059 Z-0.3346 I-0.1122 J0.
N75540 X5.2303 Z-0.315 I0.1122 J0.
N75545 X5.0059 Z-0.2953 I-0.1122 J0.
N75550 X5.2303 Z-0.2756 I0.1122 J0.
N75555 X5.0059 Z-0.2559 I-0.1122 J0.
N75560 X5.2303 Z-0.2362 I0.1122 J0.
N75565 X5.0059 Z-0.2165 I-0.1122 J0.
N75570 X5.2303 Z-0.1969 I0.1122 J0.
N75575 X5.0059 Z-0.1772 I-0.1122 J0.
N75580 X5.2303 Z-0.1575 I0.1122 J0.
N75585 X5.0059 Z-0.1378 I-0.1122 J0.
N75590 X5.2303 Z-0.1181 I0.1122 J0.
N75595 X5.0059 Z-0.0984 I-0.1122 J0.
N75600 X5.2303 Z-0.0787 I0.1122 J0.
N75605 X5.0059 Z-0.0591 I-0.1122 J0.
N75610 X5.2303 Z-0.0394 I0.1122 J0.
N75615 X5.2089 Y-2.69 Z-0.0354 I-0.1122 J0.
N75620 X5.0645 Y-2.6671 Z-0.0264 I-0.0836 J-0.0607
N75625 G1 G40 X5.1181 Y-2.7559
N75630 Z0.1969
N75635 Z-0.5207
N75640 Z-0.5994
N75645 G41 X5.1299 Y-2.8622 D14
N75650 G3 X5.2362 Y-2.7559 Z-0.5906 I0. J0.1063
N75655 X5. Z-0.5709 I-0.1181 J0.
N75660 X5.2362 Z-0.5512 I0.1181 J0.
N75665 X5. Z-0.5315 I-0.1181 J0.
N75670 X5.2362 Z-0.5118 I0.1181 J0.
N75675 X5. Z-0.4921 I-0.1181 J0.
N75680 X5.2362 Z-0.4724 I0.1181 J0.
N75685 X5. Z-0.4528 I-0.1181 J0.
N75690 X5.2362 Z-0.4331 I0.1181 J0.
N75695 X5. Z-0.4134 I-0.1181 J0.
N75700 X5.2362 Z-0.3937 I0.1181 J0.
N75705 X5. Z-0.374 I-0.1181 J0.
N75710 X5.2362 Z-0.3543 I0.1181 J0.
N75715 X5. Z-0.3346 I-0.1181 J0.
N75720 X5.2362 Z-0.315 I0.1181 J0.
N75725 X5. Z-0.2953 I-0.1181 J0.
N75730 X5.2362 Z-0.2756 I0.1181 J0.
N75735 X5. Z-0.2559 I-0.1181 J0.
N75740 X5.2362 Z-0.2362 I0.1181 J0.
N75745 X5. Z-0.2165 I-0.1181 J0.
N75750 X5.2362 Z-0.1969 I0.1181 J0.
N75755 X5. Z-0.1772 I-0.1181 J0.
N75760 X5.2362 Z-0.1575 I0.1181 J0.
N75765 X5. Z-0.1378 I-0.1181 J0.
N75770 X5.2362 Z-0.1181 I0.1181 J0.
N75775 X5. Z-0.0984 I-0.1181 J0.
N75780 X5.2362 Z-0.0787 I0.1181 J0.
N75785 X5. Z-0.0591 I-0.1181 J0.
N75790 X5.2362 Z-0.0394 I0.1181 J0.
N75795 X5.2137 Y-2.6865 Z-0.0354 I-0.1181 J0.
N75800 X5.0652 Y-2.663 Z-0.0266 I-0.086 J-0.0625
N75805 G1 G40 X5.1181 Y-2.7559
N75810 Z0.1969
N75815 X4.3307
N75820 Z-0.5211
N75825 Z-0.5998
N75830 G41 X4.3366 Y-2.8563 D14
N75835 G3 X4.437 Y-2.7559 Z-0.5906 I0. J0.1004
N75840 X4.2244 Z-0.5709 I-0.1063 J0.
N75845 X4.437 Z-0.5512 I0.1063 J0.
N75850 X4.2244 Z-0.5315 I-0.1063 J0.
N75855 X4.437 Z-0.5118 I0.1063 J0.
N75860 X4.2244 Z-0.4921 I-0.1063 J0.
N75865 X4.437 Z-0.4724 I0.1063 J0.
N75870 X4.2244 Z-0.4528 I-0.1063 J0.
N75875 X4.437 Z-0.4331 I0.1063 J0.
N75880 X4.2244 Z-0.4134 I-0.1063 J0.
N75885 X4.437 Z-0.3937 I0.1063 J0.
N75890 X4.2244 Z-0.374 I-0.1063 J0.
N75895 X4.437 Z-0.3543 I0.1063 J0.
N75900 X4.2244 Z-0.3346 I-0.1063 J0.
N75905 X4.437 Z-0.315 I0.1063 J0.
N75910 X4.2244 Z-0.2953 I-0.1063 J0.
N75915 X4.437 Z-0.2756 I0.1063 J0.
N75920 X4.2244 Z-0.2559 I-0.1063 J0.
N75925 X4.437 Z-0.2362 I0.1063 J0.
N75930 X4.2244 Z-0.2165 I-0.1063 J0.
N75935 X4.437 Z-0.1969 I0.1063 J0.
N75940 X4.2244 Z-0.1772 I-0.1063 J0.
N75945 X4.437 Z-0.1575 I0.1063 J0.
N75950 X4.2244 Z-0.1378 I-0.1063 J0.
N75955 X4.437 Z-0.1181 I0.1063 J0.
N75960 X4.2244 Z-0.0984 I-0.1063 J0.
N75965 X4.437 Z-0.0787 I0.1063 J0.
N75970 X4.2244 Z-0.0591 I-0.1063 J0.
N75975 X4.437 Z-0.0394 I0.1063 J0.
N75980 X4.4167 Y-2.6934 Z-0.0354 I-0.1063 J0.
N75985 X4.2765 Y-2.6712 Z-0.0261 I-0.0812 J-0.059
N75990 G1 G40 X4.3307 Y-2.7559
N75995 Z0.1969
N76000 Z-0.5209
N76005 Z-0.5996
N76010 G41 X4.3396 Y-2.8593 D14
N76015 G3 X4.4429 Y-2.7559 Z-0.5906 I0. J0.1033
N76020 X4.2185 Z-0.5709 I-0.1122 J0.
N76025 X4.4429 Z-0.5512 I0.1122 J0.
N76030 X4.2185 Z-0.5315 I-0.1122 J0.
N76035 X4.4429 Z-0.5118 I0.1122 J0.
N76040 X4.2185 Z-0.4921 I-0.1122 J0.
N76045 X4.4429 Z-0.4724 I0.1122 J0.
N76050 X4.2185 Z-0.4528 I-0.1122 J0.
N76055 X4.4429 Z-0.4331 I0.1122 J0.
N76060 X4.2185 Z-0.4134 I-0.1122 J0.
N76065 X4.4429 Z-0.3937 I0.1122 J0.
N76070 X4.2185 Z-0.374 I-0.1122 J0.
N76075 X4.4429 Z-0.3543 I0.1122 J0.
N76080 X4.2185 Z-0.3346 I-0.1122 J0.
N76085 X4.4429 Z-0.315 I0.1122 J0.
N76090 X4.2185 Z-0.2953 I-0.1122 J0.
N76095 X4.4429 Z-0.2756 I0.1122 J0.
N76100 X4.2185 Z-0.2559 I-0.1122 J0.
N76105 X4.4429 Z-0.2362 I0.1122 J0.
N76110 X4.2185 Z-0.2165 I-0.1122 J0.
N76115 X4.4429 Z-0.1969 I0.1122 J0.
N76120 X4.2185 Z-0.1772 I-0.1122 J0.
N76125 X4.4429 Z-0.1575 I0.1122 J0.
N76130 X4.2185 Z-0.1378 I-0.1122 J0.
N76135 X4.4429 Z-0.1181 I0.1122 J0.
N76140 X4.2185 Z-0.0984 I-0.1122 J0.
N76145 X4.4429 Z-0.0787 I0.1122 J0.
N76150 X4.2185 Z-0.0591 I-0.1122 J0.
N76155 X4.4429 Z-0.0394 I0.1122 J0.
N76160 X4.4215 Y-2.69 Z-0.0354 I-0.1122 J0.
N76165 X4.2771 Y-2.6671 Z-0.0264 I-0.0836 J-0.0607
N76170 G1 G40 X4.3307 Y-2.7559
N76175 Z0.1969
N76180 Z-0.5207
N76185 Z-0.5994
N76190 G41 X4.3425 Y-2.8622 D14
N76195 G3 X4.4488 Y-2.7559 Z-0.5906 I0. J0.1063
N76200 X4.2126 Z-0.5709 I-0.1181 J0.
N76205 X4.4488 Z-0.5512 I0.1181 J0.
N76210 X4.2126 Z-0.5315 I-0.1181 J0.
N76215 X4.4488 Z-0.5118 I0.1181 J0.
N76220 X4.2126 Z-0.4921 I-0.1181 J0.
N76225 X4.4488 Z-0.4724 I0.1181 J0.
N76230 X4.2126 Z-0.4528 I-0.1181 J0.
N76235 X4.4488 Z-0.4331 I0.1181 J0.
N76240 X4.2126 Z-0.4134 I-0.1181 J0.
N76245 X4.4488 Z-0.3937 I0.1181 J0.
N76250 X4.2126 Z-0.374 I-0.1181 J0.
N76255 X4.4488 Z-0.3543 I0.1181 J0.
N76260 X4.2126 Z-0.3346 I-0.1181 J0.
N76265 X4.4488 Z-0.315 I0.1181 J0.
N76270 X4.2126 Z-0.2953 I-0.1181 J0.
N76275 X4.4488 Z-0.2756 I0.1181 J0.
N76280 X4.2126 Z-0.2559 I-0.1181 J0.
N76285 X4.4488 Z-0.2362 I0.1181 J0.
N76290 X4.2126 Z-0.2165 I-0.1181 J0.
N76295 X4.4488 Z-0.1969 I0.1181 J0.
N76300 X4.2126 Z-0.1772 I-0.1181 J0.
N76305 X4.4488 Z-0.1575 I0.1181 J0.
N76310 X4.2126 Z-0.1378 I-0.1181 J0.
N76315 X4.4488 Z-0.1181 I0.1181 J0.
N76320 X4.2126 Z-0.0984 I-0.1181 J0.
N76325 X4.4488 Z-0.0787 I0.1181 J0.
N76330 X4.2126 Z-0.0591 I-0.1181 J0.
N76335 X4.4488 Z-0.0394 I0.1181 J0.
N76340 X4.4263 Y-2.6865 Z-0.0354 I-0.1181 J0.
N76345 X4.2778 Y-2.663 Z-0.0266 I-0.086 J-0.0625
N76350 G1 G40 X4.3307 Y-2.7559
N76355 Z0.1969
N76360 X3.5433
N76365 Z-0.5211
N76370 Z-0.5998
N76375 G41 X3.5492 Y-2.8563 D14
N76380 G3 X3.6496 Y-2.7559 Z-0.5906 I0. J0.1004
N76385 X3.437 Z-0.5709 I-0.1063 J0.
N76390 X3.6496 Z-0.5512 I0.1063 J0.
N76395 X3.437 Z-0.5315 I-0.1063 J0.
N76400 X3.6496 Z-0.5118 I0.1063 J0.
N76405 X3.437 Z-0.4921 I-0.1063 J0.
N76410 X3.6496 Z-0.4724 I0.1063 J0.
N76415 X3.437 Z-0.4528 I-0.1063 J0.
N76420 X3.6496 Z-0.4331 I0.1063 J0.
N76425 X3.437 Z-0.4134 I-0.1063 J0.
N76430 X3.6496 Z-0.3937 I0.1063 J0.
N76435 X3.437 Z-0.374 I-0.1063 J0.
N76440 X3.6496 Z-0.3543 I0.1063 J0.
N76445 X3.437 Z-0.3346 I-0.1063 J0.
N76450 X3.6496 Z-0.315 I0.1063 J0.
N76455 X3.437 Z-0.2953 I-0.1063 J0.
N76460 X3.6496 Z-0.2756 I0.1063 J0.
N76465 X3.437 Z-0.2559 I-0.1063 J0.
N76470 X3.6496 Z-0.2362 I0.1063 J0.
N76475 X3.437 Z-0.2165 I-0.1063 J0.
N76480 X3.6496 Z-0.1969 I0.1063 J0.
N76485 X3.437 Z-0.1772 I-0.1063 J0.
N76490 X3.6496 Z-0.1575 I0.1063 J0.
N76495 X3.437 Z-0.1378 I-0.1063 J0.
N76500 X3.6496 Z-0.1181 I0.1063 J0.
N76505 X3.437 Z-0.0984 I-0.1063 J0.
N76510 X3.6496 Z-0.0787 I0.1063 J0.
N76515 X3.437 Z-0.0591 I-0.1063 J0.
N76520 X3.6496 Z-0.0394 I0.1063 J0.
N76525 X3.6293 Y-2.6934 Z-0.0354 I-0.1063 J0.
N76530 X3.4891 Y-2.6712 Z-0.0261 I-0.0812 J-0.059
N76535 G1 G40 X3.5433 Y-2.7559
N76540 Z0.1969
N76545 Z-0.5209
N76550 Z-0.5996
N76555 G41 X3.5522 Y-2.8593 D14
N76560 G3 X3.6555 Y-2.7559 Z-0.5906 I0. J0.1033
N76565 X3.4311 Z-0.5709 I-0.1122 J0.
N76570 X3.6555 Z-0.5512 I0.1122 J0.
N76575 X3.4311 Z-0.5315 I-0.1122 J0.
N76580 X3.6555 Z-0.5118 I0.1122 J0.
N76585 X3.4311 Z-0.4921 I-0.1122 J0.
N76590 X3.6555 Z-0.4724 I0.1122 J0.
N76595 X3.4311 Z-0.4528 I-0.1122 J0.
N76600 X3.6555 Z-0.4331 I0.1122 J0.
N76605 X3.4311 Z-0.4134 I-0.1122 J0.
N76610 X3.6555 Z-0.3937 I0.1122 J0.
N76615 X3.4311 Z-0.374 I-0.1122 J0.
N76620 X3.6555 Z-0.3543 I0.1122 J0.
N76625 X3.4311 Z-0.3346 I-0.1122 J0.
N76630 X3.6555 Z-0.315 I0.1122 J0.
N76635 X3.4311 Z-0.2953 I-0.1122 J0.
N76640 X3.6555 Z-0.2756 I0.1122 J0.
N76645 X3.4311 Z-0.2559 I-0.1122 J0.
N76650 X3.6555 Z-0.2362 I0.1122 J0.
N76655 X3.4311 Z-0.2165 I-0.1122 J0.
N76660 X3.6555 Z-0.1969 I0.1122 J0.
N76665 X3.4311 Z-0.1772 I-0.1122 J0.
N76670 X3.6555 Z-0.1575 I0.1122 J0.
N76675 X3.4311 Z-0.1378 I-0.1122 J0.
N76680 X3.6555 Z-0.1181 I0.1122 J0.
N76685 X3.4311 Z-0.0984 I-0.1122 J0.
N76690 X3.6555 Z-0.0787 I0.1122 J0.
N76695 X3.4311 Z-0.0591 I-0.1122 J0.
N76700 X3.6555 Z-0.0394 I0.1122 J0.
N76705 X3.6341 Y-2.69 Z-0.0354 I-0.1122 J0.
N76710 X3.4897 Y-2.6671 Z-0.0264 I-0.0836 J-0.0607
N76715 G1 G40 X3.5433 Y-2.7559
N76720 Z0.1969
N76725 Z-0.5207
N76730 Z-0.5994
N76735 G41 X3.5551 Y-2.8622 D14
N76740 G3 X3.6614 Y-2.7559 Z-0.5906 I0. J0.1063
N76745 X3.4252 Z-0.5709 I-0.1181 J0.
N76750 X3.6614 Z-0.5512 I0.1181 J0.
N76755 X3.4252 Z-0.5315 I-0.1181 J0.
N76760 X3.6614 Z-0.5118 I0.1181 J0.
N76765 X3.4252 Z-0.4921 I-0.1181 J0.
N76770 X3.6614 Z-0.4724 I0.1181 J0.
N76775 X3.4252 Z-0.4528 I-0.1181 J0.
N76780 X3.6614 Z-0.4331 I0.1181 J0.
N76785 X3.4252 Z-0.4134 I-0.1181 J0.
N76790 X3.6614 Z-0.3937 I0.1181 J0.
N76795 X3.4252 Z-0.374 I-0.1181 J0.
N76800 X3.6614 Z-0.3543 I0.1181 J0.
N76805 X3.4252 Z-0.3346 I-0.1181 J0.
N76810 X3.6614 Z-0.315 I0.1181 J0.
N76815 X3.4252 Z-0.2953 I-0.1181 J0.
N76820 X3.6614 Z-0.2756 I0.1181 J0.
N76825 X3.4252 Z-0.2559 I-0.1181 J0.
N76830 X3.6614 Z-0.2362 I0.1181 J0.
N76835 X3.4252 Z-0.2165 I-0.1181 J0.
N76840 X3.6614 Z-0.1969 I0.1181 J0.
N76845 X3.4252 Z-0.1772 I-0.1181 J0.
N76850 X3.6614 Z-0.1575 I0.1181 J0.
N76855 X3.4252 Z-0.1378 I-0.1181 J0.
N76860 X3.6614 Z-0.1181 I0.1181 J0.
N76865 X3.4252 Z-0.0984 I-0.1181 J0.
N76870 X3.6614 Z-0.0787 I0.1181 J0.
N76875 X3.4252 Z-0.0591 I-0.1181 J0.
N76880 X3.6614 Z-0.0394 I0.1181 J0.
N76885 X3.6389 Y-2.6865 Z-0.0354 I-0.1181 J0.
N76890 X3.4904 Y-2.663 Z-0.0266 I-0.086 J-0.0625
N76895 G1 G40 X3.5433 Y-2.7559
N76900 Z0.1969
N76905 X2.7559
N76910 Z-0.5211
N76915 Z-0.5998
N76920 G41 X2.7618 Y-2.8563 D14
N76925 G3 X2.8622 Y-2.7559 Z-0.5906 I0. J0.1004
N76930 X2.6496 Z-0.5709 I-0.1063 J0.
N76935 X2.8622 Z-0.5512 I0.1063 J0.
N76940 X2.6496 Z-0.5315 I-0.1063 J0.
N76945 X2.8622 Z-0.5118 I0.1063 J0.
N76950 X2.6496 Z-0.4921 I-0.1063 J0.
N76955 X2.8622 Z-0.4724 I0.1063 J0.
N76960 X2.6496 Z-0.4528 I-0.1063 J0.
N76965 X2.8622 Z-0.4331 I0.1063 J0.
N76970 X2.6496 Z-0.4134 I-0.1063 J0.
N76975 X2.8622 Z-0.3937 I0.1063 J0.
N76980 X2.6496 Z-0.374 I-0.1063 J0.
N76985 X2.8622 Z-0.3543 I0.1063 J0.
N76990 X2.6496 Z-0.3346 I-0.1063 J0.
N76995 X2.8622 Z-0.315 I0.1063 J0.
N77000 X2.6496 Z-0.2953 I-0.1063 J0.
N77005 X2.8622 Z-0.2756 I0.1063 J0.
N77010 X2.6496 Z-0.2559 I-0.1063 J0.
N77015 X2.8622 Z-0.2362 I0.1063 J0.
N77020 X2.6496 Z-0.2165 I-0.1063 J0.
N77025 X2.8622 Z-0.1969 I0.1063 J0.
N77030 X2.6496 Z-0.1772 I-0.1063 J0.
N77035 X2.8622 Z-0.1575 I0.1063 J0.
N77040 X2.6496 Z-0.1378 I-0.1063 J0.
N77045 X2.8622 Z-0.1181 I0.1063 J0.
N77050 X2.6496 Z-0.0984 I-0.1063 J0.
N77055 X2.8622 Z-0.0787 I0.1063 J0.
N77060 X2.6496 Z-0.0591 I-0.1063 J0.
N77065 X2.8622 Z-0.0394 I0.1063 J0.
N77070 X2.8419 Y-2.6934 Z-0.0354 I-0.1063 J0.
N77075 X2.7017 Y-2.6712 Z-0.0261 I-0.0812 J-0.059
N77080 G1 G40 X2.7559 Y-2.7559
N77085 Z0.1969
N77090 Z-0.5209
N77095 Z-0.5996
N77100 G41 X2.7648 Y-2.8593 D14
N77105 G3 X2.8681 Y-2.7559 Z-0.5906 I0. J0.1033
N77110 X2.6437 Z-0.5709 I-0.1122 J0.
N77115 X2.8681 Z-0.5512 I0.1122 J0.
N77120 X2.6437 Z-0.5315 I-0.1122 J0.
N77125 X2.8681 Z-0.5118 I0.1122 J0.
N77130 X2.6437 Z-0.4921 I-0.1122 J0.
N77135 X2.8681 Z-0.4724 I0.1122 J0.
N77140 X2.6437 Z-0.4528 I-0.1122 J0.
N77145 X2.8681 Z-0.4331 I0.1122 J0.
N77150 X2.6437 Z-0.4134 I-0.1122 J0.
N77155 X2.8681 Z-0.3937 I0.1122 J0.
N77160 X2.6437 Z-0.374 I-0.1122 J0.
N77165 X2.8681 Z-0.3543 I0.1122 J0.
N77170 X2.6437 Z-0.3346 I-0.1122 J0.
N77175 X2.8681 Z-0.315 I0.1122 J0.
N77180 X2.6437 Z-0.2953 I-0.1122 J0.
N77185 X2.8681 Z-0.2756 I0.1122 J0.
N77190 X2.6437 Z-0.2559 I-0.1122 J0.
N77195 X2.8681 Z-0.2362 I0.1122 J0.
N77200 X2.6437 Z-0.2165 I-0.1122 J0.
N77205 X2.8681 Z-0.1969 I0.1122 J0.
N77210 X2.6437 Z-0.1772 I-0.1122 J0.
N77215 X2.8681 Z-0.1575 I0.1122 J0.
N77220 X2.6437 Z-0.1378 I-0.1122 J0.
N77225 X2.8681 Z-0.1181 I0.1122 J0.
N77230 X2.6437 Z-0.0984 I-0.1122 J0.
N77235 X2.8681 Z-0.0787 I0.1122 J0.
N77240 X2.6437 Z-0.0591 I-0.1122 J0.
N77245 X2.8681 Z-0.0394 I0.1122 J0.
N77250 X2.8467 Y-2.69 Z-0.0354 I-0.1122 J0.
N77255 X2.7023 Y-2.6671 Z-0.0264 I-0.0836 J-0.0607
N77260 G1 G40 X2.7559 Y-2.7559
N77265 Z0.1969
N77270 Z-0.5207
N77275 Z-0.5994
N77280 G41 X2.7677 Y-2.8622 D14
N77285 G3 X2.874 Y-2.7559 Z-0.5906 I0. J0.1063
N77290 X2.6378 Z-0.5709 I-0.1181 J0.
N77295 X2.874 Z-0.5512 I0.1181 J0.
N77300 X2.6378 Z-0.5315 I-0.1181 J0.
N77305 X2.874 Z-0.5118 I0.1181 J0.
N77310 X2.6378 Z-0.4921 I-0.1181 J0.
N77315 X2.874 Z-0.4724 I0.1181 J0.
N77320 X2.6378 Z-0.4528 I-0.1181 J0.
N77325 X2.874 Z-0.4331 I0.1181 J0.
N77330 X2.6378 Z-0.4134 I-0.1181 J0.
N77335 X2.874 Z-0.3937 I0.1181 J0.
N77340 X2.6378 Z-0.374 I-0.1181 J0.
N77345 X2.874 Z-0.3543 I0.1181 J0.
N77350 X2.6378 Z-0.3346 I-0.1181 J0.
N77355 X2.874 Z-0.315 I0.1181 J0.
N77360 X2.6378 Z-0.2953 I-0.1181 J0.
N77365 X2.874 Z-0.2756 I0.1181 J0.
N77370 X2.6378 Z-0.2559 I-0.1181 J0.
N77375 X2.874 Z-0.2362 I0.1181 J0.
N77380 X2.6378 Z-0.2165 I-0.1181 J0.
N77385 X2.874 Z-0.1969 I0.1181 J0.
N77390 X2.6378 Z-0.1772 I-0.1181 J0.
N77395 X2.874 Z-0.1575 I0.1181 J0.
N77400 X2.6378 Z-0.1378 I-0.1181 J0.
N77405 X2.874 Z-0.1181 I0.1181 J0.
N77410 X2.6378 Z-0.0984 I-0.1181 J0.
N77415 X2.874 Z-0.0787 I0.1181 J0.
N77420 X2.6378 Z-0.0591 I-0.1181 J0.
N77425 X2.874 Z-0.0394 I0.1181 J0.
N77430 X2.8515 Y-2.6865 Z-0.0354 I-0.1181 J0.
N77435 X2.703 Y-2.663 Z-0.0266 I-0.086 J-0.0625
N77440 G1 G40 X2.7559 Y-2.7559
N77445 Z0.1969
N77450 X1.9685
N77455 Z-0.5211
N77460 Z-0.5998
N77465 G41 X1.9744 Y-2.8563 D14
N77470 G3 X2.0748 Y-2.7559 Z-0.5906 I0. J0.1004
N77475 X1.8622 Z-0.5709 I-0.1063 J0.
N77480 X2.0748 Z-0.5512 I0.1063 J0.
N77485 X1.8622 Z-0.5315 I-0.1063 J0.
N77490 X2.0748 Z-0.5118 I0.1063 J0.
N77495 X1.8622 Z-0.4921 I-0.1063 J0.
N77500 X2.0748 Z-0.4724 I0.1063 J0.
N77505 X1.8622 Z-0.4528 I-0.1063 J0.
N77510 X2.0748 Z-0.4331 I0.1063 J0.
N77515 X1.8622 Z-0.4134 I-0.1063 J0.
N77520 X2.0748 Z-0.3937 I0.1063 J0.
N77525 X1.8622 Z-0.374 I-0.1063 J0.
N77530 X2.0748 Z-0.3543 I0.1063 J0.
N77535 X1.8622 Z-0.3346 I-0.1063 J0.
N77540 X2.0748 Z-0.315 I0.1063 J0.
N77545 X1.8622 Z-0.2953 I-0.1063 J0.
N77550 X2.0748 Z-0.2756 I0.1063 J0.
N77555 X1.8622 Z-0.2559 I-0.1063 J0.
N77560 X2.0748 Z-0.2362 I0.1063 J0.
N77565 X1.8622 Z-0.2165 I-0.1063 J0.
N77570 X2.0748 Z-0.1969 I0.1063 J0.
N77575 X1.8622 Z-0.1772 I-0.1063 J0.
N77580 X2.0748 Z-0.1575 I0.1063 J0.
N77585 X1.8622 Z-0.1378 I-0.1063 J0.
N77590 X2.0748 Z-0.1181 I0.1063 J0.
N77595 X1.8622 Z-0.0984 I-0.1063 J0.
N77600 X2.0748 Z-0.0787 I0.1063 J0.
N77605 X1.8622 Z-0.0591 I-0.1063 J0.
N77610 X2.0748 Z-0.0394 I0.1063 J0.
N77615 X2.0545 Y-2.6934 Z-0.0354 I-0.1063 J0.
N77620 X1.9143 Y-2.6712 Z-0.0261 I-0.0812 J-0.059
N77625 G1 G40 X1.9685 Y-2.7559
N77630 Z0.1969
N77635 Z-0.5209
N77640 Z-0.5996
N77645 G41 X1.9774 Y-2.8593 D14
N77650 G3 X2.0807 Y-2.7559 Z-0.5906 I0. J0.1033
N77655 X1.8563 Z-0.5709 I-0.1122 J0.
N77660 X2.0807 Z-0.5512 I0.1122 J0.
N77665 X1.8563 Z-0.5315 I-0.1122 J0.
N77670 X2.0807 Z-0.5118 I0.1122 J0.
N77675 X1.8563 Z-0.4921 I-0.1122 J0.
N77680 X2.0807 Z-0.4724 I0.1122 J0.
N77685 X1.8563 Z-0.4528 I-0.1122 J0.
N77690 X2.0807 Z-0.4331 I0.1122 J0.
N77695 X1.8563 Z-0.4134 I-0.1122 J0.
N77700 X2.0807 Z-0.3937 I0.1122 J0.
N77705 X1.8563 Z-0.374 I-0.1122 J0.
N77710 X2.0807 Z-0.3543 I0.1122 J0.
N77715 X1.8563 Z-0.3346 I-0.1122 J0.
N77720 X2.0807 Z-0.315 I0.1122 J0.
N77725 X1.8563 Z-0.2953 I-0.1122 J0.
N77730 X2.0807 Z-0.2756 I0.1122 J0.
N77735 X1.8563 Z-0.2559 I-0.1122 J0.
N77740 X2.0807 Z-0.2362 I0.1122 J0.
N77745 X1.8563 Z-0.2165 I-0.1122 J0.
N77750 X2.0807 Z-0.1969 I0.1122 J0.
N77755 X1.8563 Z-0.1772 I-0.1122 J0.
N77760 X2.0807 Z-0.1575 I0.1122 J0.
N77765 X1.8563 Z-0.1378 I-0.1122 J0.
N77770 X2.0807 Z-0.1181 I0.1122 J0.
N77775 X1.8563 Z-0.0984 I-0.1122 J0.
N77780 X2.0807 Z-0.0787 I0.1122 J0.
N77785 X1.8563 Z-0.0591 I-0.1122 J0.
N77790 X2.0807 Z-0.0394 I0.1122 J0.
N77795 X2.0593 Y-2.69 Z-0.0354 I-0.1122 J0.
N77800 X1.9149 Y-2.6671 Z-0.0264 I-0.0836 J-0.0607
N77805 G1 G40 X1.9685 Y-2.7559
N77810 Z0.1969
N77815 Z-0.5207
N77820 Z-0.5994
N77825 G41 X1.9803 Y-2.8622 D14
N77830 G3 X2.0866 Y-2.7559 Z-0.5906 I0. J0.1063
N77835 X1.8504 Z-0.5709 I-0.1181 J0.
N77840 X2.0866 Z-0.5512 I0.1181 J0.
N77845 X1.8504 Z-0.5315 I-0.1181 J0.
N77850 X2.0866 Z-0.5118 I0.1181 J0.
N77855 X1.8504 Z-0.4921 I-0.1181 J0.
N77860 X2.0866 Z-0.4724 I0.1181 J0.
N77865 X1.8504 Z-0.4528 I-0.1181 J0.
N77870 X2.0866 Z-0.4331 I0.1181 J0.
N77875 X1.8504 Z-0.4134 I-0.1181 J0.
N77880 X2.0866 Z-0.3937 I0.1181 J0.
N77885 X1.8504 Z-0.374 I-0.1181 J0.
N77890 X2.0866 Z-0.3543 I0.1181 J0.
N77895 X1.8504 Z-0.3346 I-0.1181 J0.
N77900 X2.0866 Z-0.315 I0.1181 J0.
N77905 X1.8504 Z-0.2953 I-0.1181 J0.
N77910 X2.0866 Z-0.2756 I0.1181 J0.
N77915 X1.8504 Z-0.2559 I-0.1181 J0.
N77920 X2.0866 Z-0.2362 I0.1181 J0.
N77925 X1.8504 Z-0.2165 I-0.1181 J0.
N77930 X2.0866 Z-0.1969 I0.1181 J0.
N77935 X1.8504 Z-0.1772 I-0.1181 J0.
N77940 X2.0866 Z-0.1575 I0.1181 J0.
N77945 X1.8504 Z-0.1378 I-0.1181 J0.
N77950 X2.0866 Z-0.1181 I0.1181 J0.
N77955 X1.8504 Z-0.0984 I-0.1181 J0.
N77960 X2.0866 Z-0.0787 I0.1181 J0.
N77965 X1.8504 Z-0.0591 I-0.1181 J0.
N77970 X2.0866 Z-0.0394 I0.1181 J0.
N77975 X2.0641 Y-2.6865 Z-0.0354 I-0.1181 J0.
N77980 X1.9156 Y-2.663 Z-0.0266 I-0.086 J-0.0625
N77985 G1 G40 X1.9685 Y-2.7559
N77990 Z0.1969
N77995 X1.1811
N78000 Z-0.5211
N78005 Z-0.5998
N78010 G41 X1.187 Y-2.8563 D14
N78015 G3 X1.2874 Y-2.7559 Z-0.5906 I0. J0.1004
N78020 X1.0748 Z-0.5709 I-0.1063 J0.
N78025 X1.2874 Z-0.5512 I0.1063 J0.
N78030 X1.0748 Z-0.5315 I-0.1063 J0.
N78035 X1.2874 Z-0.5118 I0.1063 J0.
N78040 X1.0748 Z-0.4921 I-0.1063 J0.
N78045 X1.2874 Z-0.4724 I0.1063 J0.
N78050 X1.0748 Z-0.4528 I-0.1063 J0.
N78055 X1.2874 Z-0.4331 I0.1063 J0.
N78060 X1.0748 Z-0.4134 I-0.1063 J0.
N78065 X1.2874 Z-0.3937 I0.1063 J0.
N78070 X1.0748 Z-0.374 I-0.1063 J0.
N78075 X1.2874 Z-0.3543 I0.1063 J0.
N78080 X1.0748 Z-0.3346 I-0.1063 J0.
N78085 X1.2874 Z-0.315 I0.1063 J0.
N78090 X1.0748 Z-0.2953 I-0.1063 J0.
N78095 X1.2874 Z-0.2756 I0.1063 J0.
N78100 X1.0748 Z-0.2559 I-0.1063 J0.
N78105 X1.2874 Z-0.2362 I0.1063 J0.
N78110 X1.0748 Z-0.2165 I-0.1063 J0.
N78115 X1.2874 Z-0.1969 I0.1063 J0.
N78120 X1.0748 Z-0.1772 I-0.1063 J0.
N78125 X1.2874 Z-0.1575 I0.1063 J0.
N78130 X1.0748 Z-0.1378 I-0.1063 J0.
N78135 X1.2874 Z-0.1181 I0.1063 J0.
N78140 X1.0748 Z-0.0984 I-0.1063 J0.
N78145 X1.2874 Z-0.0787 I0.1063 J0.
N78150 X1.0748 Z-0.0591 I-0.1063 J0.
N78155 X1.2874 Z-0.0394 I0.1063 J0.
N78160 X1.2671 Y-2.6934 Z-0.0354 I-0.1063 J0.
N78165 X1.1269 Y-2.6712 Z-0.0261 I-0.0812 J-0.059
N78170 G1 G40 X1.1811 Y-2.7559
N78175 Z0.1969
N78180 Z-0.5209
N78185 Z-0.5996
N78190 G41 X1.19 Y-2.8593 D14
N78195 G3 X1.2933 Y-2.7559 Z-0.5906 I0. J0.1033
N78200 X1.0689 Z-0.5709 I-0.1122 J0.
N78205 X1.2933 Z-0.5512 I0.1122 J0.
N78210 X1.0689 Z-0.5315 I-0.1122 J0.
N78215 X1.2933 Z-0.5118 I0.1122 J0.
N78220 X1.0689 Z-0.4921 I-0.1122 J0.
N78225 X1.2933 Z-0.4724 I0.1122 J0.
N78230 X1.0689 Z-0.4528 I-0.1122 J0.
N78235 X1.2933 Z-0.4331 I0.1122 J0.
N78240 X1.0689 Z-0.4134 I-0.1122 J0.
N78245 X1.2933 Z-0.3937 I0.1122 J0.
N78250 X1.0689 Z-0.374 I-0.1122 J0.
N78255 X1.2933 Z-0.3543 I0.1122 J0.
N78260 X1.0689 Z-0.3346 I-0.1122 J0.
N78265 X1.2933 Z-0.315 I0.1122 J0.
N78270 X1.0689 Z-0.2953 I-0.1122 J0.
N78275 X1.2933 Z-0.2756 I0.1122 J0.
N78280 X1.0689 Z-0.2559 I-0.1122 J0.
N78285 X1.2933 Z-0.2362 I0.1122 J0.
N78290 X1.0689 Z-0.2165 I-0.1122 J0.
N78295 X1.2933 Z-0.1969 I0.1122 J0.
N78300 X1.0689 Z-0.1772 I-0.1122 J0.
N78305 X1.2933 Z-0.1575 I0.1122 J0.
N78310 X1.0689 Z-0.1378 I-0.1122 J0.
N78315 X1.2933 Z-0.1181 I0.1122 J0.
N78320 X1.0689 Z-0.0984 I-0.1122 J0.
N78325 X1.2933 Z-0.0787 I0.1122 J0.
N78330 X1.0689 Z-0.0591 I-0.1122 J0.
N78335 X1.2933 Z-0.0394 I0.1122 J0.
N78340 X1.2719 Y-2.69 Z-0.0354 I-0.1122 J0.
N78345 X1.1275 Y-2.6671 Z-0.0264 I-0.0836 J-0.0607
N78350 G1 G40 X1.1811 Y-2.7559
N78355 Z0.1969
N78360 Z-0.5207
N78365 Z-0.5994
N78370 G41 X1.1929 Y-2.8622 D14
N78375 G3 X1.2992 Y-2.7559 Z-0.5906 I0. J0.1063
N78380 X1.063 Z-0.5709 I-0.1181 J0.
N78385 X1.2992 Z-0.5512 I0.1181 J0.
N78390 X1.063 Z-0.5315 I-0.1181 J0.
N78395 X1.2992 Z-0.5118 I0.1181 J0.
N78400 X1.063 Z-0.4921 I-0.1181 J0.
N78405 X1.2992 Z-0.4724 I0.1181 J0.
N78410 X1.063 Z-0.4528 I-0.1181 J0.
N78415 X1.2992 Z-0.4331 I0.1181 J0.
N78420 X1.063 Z-0.4134 I-0.1181 J0.
N78425 X1.2992 Z-0.3937 I0.1181 J0.
N78430 X1.063 Z-0.374 I-0.1181 J0.
N78435 X1.2992 Z-0.3543 I0.1181 J0.
N78440 X1.063 Z-0.3346 I-0.1181 J0.
N78445 X1.2992 Z-0.315 I0.1181 J0.
N78450 X1.063 Z-0.2953 I-0.1181 J0.
N78455 X1.2992 Z-0.2756 I0.1181 J0.
N78460 X1.063 Z-0.2559 I-0.1181 J0.
N78465 X1.2992 Z-0.2362 I0.1181 J0.
N78470 X1.063 Z-0.2165 I-0.1181 J0.
N78475 X1.2992 Z-0.1969 I0.1181 J0.
N78480 X1.063 Z-0.1772 I-0.1181 J0.
N78485 X1.2992 Z-0.1575 I0.1181 J0.
N78490 X1.063 Z-0.1378 I-0.1181 J0.
N78495 X1.2992 Z-0.1181 I0.1181 J0.
N78500 X1.063 Z-0.0984 I-0.1181 J0.
N78505 X1.2992 Z-0.0787 I0.1181 J0.
N78510 X1.063 Z-0.0591 I-0.1181 J0.
N78515 X1.2992 Z-0.0394 I0.1181 J0.
N78520 X1.2767 Y-2.6865 Z-0.0354 I-0.1181 J0.
N78525 X1.1282 Y-2.663 Z-0.0266 I-0.086 J-0.0625
N78530 G1 G40 X1.1811 Y-2.7559
N78535 Z0.1969
N78540 X0.3937
N78545 Z-0.5211
N78550 Z-0.5998
N78555 G41 X0.3996 Y-2.8563 D14
N78560 G3 X0.5 Y-2.7559 Z-0.5906 I0. J0.1004
N78565 X0.2874 Z-0.5709 I-0.1063 J0.
N78570 X0.5 Z-0.5512 I0.1063 J0.
N78575 X0.2874 Z-0.5315 I-0.1063 J0.
N78580 X0.5 Z-0.5118 I0.1063 J0.
N78585 X0.2874 Z-0.4921 I-0.1063 J0.
N78590 X0.5 Z-0.4724 I0.1063 J0.
N78595 X0.2874 Z-0.4528 I-0.1063 J0.
N78600 X0.5 Z-0.4331 I0.1063 J0.
N78605 X0.2874 Z-0.4134 I-0.1063 J0.
N78610 X0.5 Z-0.3937 I0.1063 J0.
N78615 X0.2874 Z-0.374 I-0.1063 J0.
N78620 X0.5 Z-0.3543 I0.1063 J0.
N78625 X0.2874 Z-0.3346 I-0.1063 J0.
N78630 X0.5 Z-0.315 I0.1063 J0.
N78635 X0.2874 Z-0.2953 I-0.1063 J0.
N78640 X0.5 Z-0.2756 I0.1063 J0.
N78645 X0.2874 Z-0.2559 I-0.1063 J0.
N78650 X0.5 Z-0.2362 I0.1063 J0.
N78655 X0.2874 Z-0.2165 I-0.1063 J0.
N78660 X0.5 Z-0.1969 I0.1063 J0.
N78665 X0.2874 Z-0.1772 I-0.1063 J0.
N78670 X0.5 Z-0.1575 I0.1063 J0.
N78675 X0.2874 Z-0.1378 I-0.1063 J0.
N78680 X0.5 Z-0.1181 I0.1063 J0.
N78685 X0.2874 Z-0.0984 I-0.1063 J0.
N78690 X0.5 Z-0.0787 I0.1063 J0.
N78695 X0.2874 Z-0.0591 I-0.1063 J0.
N78700 X0.5 Z-0.0394 I0.1063 J0.
N78705 X0.4797 Y-2.6934 Z-0.0354 I-0.1063 J0.
N78710 X0.3395 Y-2.6712 Z-0.0261 I-0.0812 J-0.059
N78715 G1 G40 X0.3937 Y-2.7559
N78720 Z0.1969
N78725 Z-0.5209
N78730 Z-0.5996
N78735 G41 X0.4026 Y-2.8593 D14
N78740 G3 X0.5059 Y-2.7559 Z-0.5906 I0. J0.1033
N78745 X0.2815 Z-0.5709 I-0.1122 J0.
N78750 X0.5059 Z-0.5512 I0.1122 J0.
N78755 X0.2815 Z-0.5315 I-0.1122 J0.
N78760 X0.5059 Z-0.5118 I0.1122 J0.
N78765 X0.2815 Z-0.4921 I-0.1122 J0.
N78770 X0.5059 Z-0.4724 I0.1122 J0.
N78775 X0.2815 Z-0.4528 I-0.1122 J0.
N78780 X0.5059 Z-0.4331 I0.1122 J0.
N78785 X0.2815 Z-0.4134 I-0.1122 J0.
N78790 X0.5059 Z-0.3937 I0.1122 J0.
N78795 X0.2815 Z-0.374 I-0.1122 J0.
N78800 X0.5059 Z-0.3543 I0.1122 J0.
N78805 X0.2815 Z-0.3346 I-0.1122 J0.
N78810 X0.5059 Z-0.315 I0.1122 J0.
N78815 X0.2815 Z-0.2953 I-0.1122 J0.
N78820 X0.5059 Z-0.2756 I0.1122 J0.
N78825 X0.2815 Z-0.2559 I-0.1122 J0.
N78830 X0.5059 Z-0.2362 I0.1122 J0.
N78835 X0.2815 Z-0.2165 I-0.1122 J0.
N78840 X0.5059 Z-0.1969 I0.1122 J0.
N78845 X0.2815 Z-0.1772 I-0.1122 J0.
N78850 X0.5059 Z-0.1575 I0.1122 J0.
N78855 X0.2815 Z-0.1378 I-0.1122 J0.
N78860 X0.5059 Z-0.1181 I0.1122 J0.
N78865 X0.2815 Z-0.0984 I-0.1122 J0.
N78870 X0.5059 Z-0.0787 I0.1122 J0.
N78875 X0.2815 Z-0.0591 I-0.1122 J0.
N78880 X0.5059 Z-0.0394 I0.1122 J0.
N78885 X0.4845 Y-2.69 Z-0.0354 I-0.1122 J0.
N78890 X0.3401 Y-2.6671 Z-0.0264 I-0.0836 J-0.0607
N78895 G1 G40 X0.3937 Y-2.7559
N78900 Z0.1969
N78905 Z-0.5207
N78910 Z-0.5994
N78915 G41 X0.4055 Y-2.8622 D14
N78920 G3 X0.5118 Y-2.7559 Z-0.5906 I0. J0.1063
N78925 X0.2756 Z-0.5709 I-0.1181 J0.
N78930 X0.5118 Z-0.5512 I0.1181 J0.
N78935 X0.2756 Z-0.5315 I-0.1181 J0.
N78940 X0.5118 Z-0.5118 I0.1181 J0.
N78945 X0.2756 Z-0.4921 I-0.1181 J0.
N78950 X0.5118 Z-0.4724 I0.1181 J0.
N78955 X0.2756 Z-0.4528 I-0.1181 J0.
N78960 X0.5118 Z-0.4331 I0.1181 J0.
N78965 X0.2756 Z-0.4134 I-0.1181 J0.
N78970 X0.5118 Z-0.3937 I0.1181 J0.
N78975 X0.2756 Z-0.374 I-0.1181 J0.
N78980 X0.5118 Z-0.3543 I0.1181 J0.
N78985 X0.2756 Z-0.3346 I-0.1181 J0.
N78990 X0.5118 Z-0.315 I0.1181 J0.
N78995 X0.2756 Z-0.2953 I-0.1181 J0.
N79000 X0.5118 Z-0.2756 I0.1181 J0.
N79005 X0.2756 Z-0.2559 I-0.1181 J0.
N79010 X0.5118 Z-0.2362 I0.1181 J0.
N79015 X0.2756 Z-0.2165 I-0.1181 J0.
N79020 X0.5118 Z-0.1969 I0.1181 J0.
N79025 X0.2756 Z-0.1772 I-0.1181 J0.
N79030 X0.5118 Z-0.1575 I0.1181 J0.
N79035 X0.2756 Z-0.1378 I-0.1181 J0.
N79040 X0.5118 Z-0.1181 I0.1181 J0.
N79045 X0.2756 Z-0.0984 I-0.1181 J0.
N79050 X0.5118 Z-0.0787 I0.1181 J0.
N79055 X0.2756 Z-0.0591 I-0.1181 J0.
N79060 X0.5118 Z-0.0394 I0.1181 J0.
N79065 X0.4893 Y-2.6865 Z-0.0354 I-0.1181 J0.
N79070 X0.3408 Y-2.663 Z-0.0266 I-0.086 J-0.0625
N79075 G1 G40 X0.3937 Y-2.7559
N79080 Z0.1969
N79085 X-0.3937
N79090 Z-0.5211
N79095 Z-0.5998
N79100 G41 X-0.3878 Y-2.8563 D14
N79105 G3 X-0.2874 Y-2.7559 Z-0.5906 I0. J0.1004
N79110 X-0.5 Z-0.5709 I-0.1063 J0.
N79115 X-0.2874 Z-0.5512 I0.1063 J0.
N79120 X-0.5 Z-0.5315 I-0.1063 J0.
N79125 X-0.2874 Z-0.5118 I0.1063 J0.
N79130 X-0.5 Z-0.4921 I-0.1063 J0.
N79135 X-0.2874 Z-0.4724 I0.1063 J0.
N79140 X-0.5 Z-0.4528 I-0.1063 J0.
N79145 X-0.2874 Z-0.4331 I0.1063 J0.
N79150 X-0.5 Z-0.4134 I-0.1063 J0.
N79155 X-0.2874 Z-0.3937 I0.1063 J0.
N79160 X-0.5 Z-0.374 I-0.1063 J0.
N79165 X-0.2874 Z-0.3543 I0.1063 J0.
N79170 X-0.5 Z-0.3346 I-0.1063 J0.
N79175 X-0.2874 Z-0.315 I0.1063 J0.
N79180 X-0.5 Z-0.2953 I-0.1063 J0.
N79185 X-0.2874 Z-0.2756 I0.1063 J0.
N79190 X-0.5 Z-0.2559 I-0.1063 J0.
N79195 X-0.2874 Z-0.2362 I0.1063 J0.
N79200 X-0.5 Z-0.2165 I-0.1063 J0.
N79205 X-0.2874 Z-0.1969 I0.1063 J0.
N79210 X-0.5 Z-0.1772 I-0.1063 J0.
N79215 X-0.2874 Z-0.1575 I0.1063 J0.
N79220 X-0.5 Z-0.1378 I-0.1063 J0.
N79225 X-0.2874 Z-0.1181 I0.1063 J0.
N79230 X-0.5 Z-0.0984 I-0.1063 J0.
N79235 X-0.2874 Z-0.0787 I0.1063 J0.
N79240 X-0.5 Z-0.0591 I-0.1063 J0.
N79245 X-0.2874 Z-0.0394 I0.1063 J0.
N79250 X-0.3077 Y-2.6934 Z-0.0354 I-0.1063 J0.
N79255 X-0.4479 Y-2.6712 Z-0.0261 I-0.0812 J-0.059
N79260 G1 G40 X-0.3937 Y-2.7559
N79265 Z0.1969
N79270 Z-0.5209
N79275 Z-0.5996
N79280 G41 X-0.3848 Y-2.8593 D14
N79285 G3 X-0.2815 Y-2.7559 Z-0.5906 I0. J0.1033
N79290 X-0.5059 Z-0.5709 I-0.1122 J0.
N79295 X-0.2815 Z-0.5512 I0.1122 J0.
N79300 X-0.5059 Z-0.5315 I-0.1122 J0.
N79305 X-0.2815 Z-0.5118 I0.1122 J0.
N79310 X-0.5059 Z-0.4921 I-0.1122 J0.
N79315 X-0.2815 Z-0.4724 I0.1122 J0.
N79320 X-0.5059 Z-0.4528 I-0.1122 J0.
N79325 X-0.2815 Z-0.4331 I0.1122 J0.
N79330 X-0.5059 Z-0.4134 I-0.1122 J0.
N79335 X-0.2815 Z-0.3937 I0.1122 J0.
N79340 X-0.5059 Z-0.374 I-0.1122 J0.
N79345 X-0.2815 Z-0.3543 I0.1122 J0.
N79350 X-0.5059 Z-0.3346 I-0.1122 J0.
N79355 X-0.2815 Z-0.315 I0.1122 J0.
N79360 X-0.5059 Z-0.2953 I-0.1122 J0.
N79365 X-0.2815 Z-0.2756 I0.1122 J0.
N79370 X-0.5059 Z-0.2559 I-0.1122 J0.
N79375 X-0.2815 Z-0.2362 I0.1122 J0.
N79380 X-0.5059 Z-0.2165 I-0.1122 J0.
N79385 X-0.2815 Z-0.1969 I0.1122 J0.
N79390 X-0.5059 Z-0.1772 I-0.1122 J0.
N79395 X-0.2815 Z-0.1575 I0.1122 J0.
N79400 X-0.5059 Z-0.1378 I-0.1122 J0.
N79405 X-0.2815 Z-0.1181 I0.1122 J0.
N79410 X-0.5059 Z-0.0984 I-0.1122 J0.
N79415 X-0.2815 Z-0.0787 I0.1122 J0.
N79420 X-0.5059 Z-0.0591 I-0.1122 J0.
N79425 X-0.2815 Z-0.0394 I0.1122 J0.
N79430 X-0.3029 Y-2.69 Z-0.0354 I-0.1122 J0.
N79435 X-0.4473 Y-2.6671 Z-0.0264 I-0.0836 J-0.0607
N79440 G1 G40 X-0.3937 Y-2.7559
N79445 Z0.1969
N79450 Z-0.5207
N79455 Z-0.5994
N79460 G41 X-0.3819 Y-2.8622 D14
N79465 G3 X-0.2756 Y-2.7559 Z-0.5906 I0. J0.1063
N79470 X-0.5118 Z-0.5709 I-0.1181 J0.
N79475 X-0.2756 Z-0.5512 I0.1181 J0.
N79480 X-0.5118 Z-0.5315 I-0.1181 J0.
N79485 X-0.2756 Z-0.5118 I0.1181 J0.
N79490 X-0.5118 Z-0.4921 I-0.1181 J0.
N79495 X-0.2756 Z-0.4724 I0.1181 J0.
N79500 X-0.5118 Z-0.4528 I-0.1181 J0.
N79505 X-0.2756 Z-0.4331 I0.1181 J0.
N79510 X-0.5118 Z-0.4134 I-0.1181 J0.
N79515 X-0.2756 Z-0.3937 I0.1181 J0.
N79520 X-0.5118 Z-0.374 I-0.1181 J0.
N79525 X-0.2756 Z-0.3543 I0.1181 J0.
N79530 X-0.5118 Z-0.3346 I-0.1181 J0.
N79535 X-0.2756 Z-0.315 I0.1181 J0.
N79540 X-0.5118 Z-0.2953 I-0.1181 J0.
N79545 X-0.2756 Z-0.2756 I0.1181 J0.
N79550 X-0.5118 Z-0.2559 I-0.1181 J0.
N79555 X-0.2756 Z-0.2362 I0.1181 J0.
N79560 X-0.5118 Z-0.2165 I-0.1181 J0.
N79565 X-0.2756 Z-0.1969 I0.1181 J0.
N79570 X-0.5118 Z-0.1772 I-0.1181 J0.
N79575 X-0.2756 Z-0.1575 I0.1181 J0.
N79580 X-0.5118 Z-0.1378 I-0.1181 J0.
N79585 X-0.2756 Z-0.1181 I0.1181 J0.
N79590 X-0.5118 Z-0.0984 I-0.1181 J0.
N79595 X-0.2756 Z-0.0787 I0.1181 J0.
N79600 X-0.5118 Z-0.0591 I-0.1181 J0.
N79605 X-0.2756 Z-0.0394 I0.1181 J0.
N79610 X-0.2981 Y-2.6865 Z-0.0354 I-0.1181 J0.
N79615 X-0.4466 Y-2.663 Z-0.0266 I-0.086 J-0.0625
N79620 G1 G40 X-0.3937 Y-2.7559
N79625 Z0.1969
N79630 X-1.1811
N79635 Z-0.5211
N79640 Z-0.5998
N79645 G41 X-1.1752 Y-2.8563 D14
N79650 G3 X-1.0748 Y-2.7559 Z-0.5906 I0. J0.1004
N79655 X-1.2874 Z-0.5709 I-0.1063 J0.
N79660 X-1.0748 Z-0.5512 I0.1063 J0.
N79665 X-1.2874 Z-0.5315 I-0.1063 J0.
N79670 X-1.0748 Z-0.5118 I0.1063 J0.
N79675 X-1.2874 Z-0.4921 I-0.1063 J0.
N79680 X-1.0748 Z-0.4724 I0.1063 J0.
N79685 X-1.2874 Z-0.4528 I-0.1063 J0.
N79690 X-1.0748 Z-0.4331 I0.1063 J0.
N79695 X-1.2874 Z-0.4134 I-0.1063 J0.
N79700 X-1.0748 Z-0.3937 I0.1063 J0.
N79705 X-1.2874 Z-0.374 I-0.1063 J0.
N79710 X-1.0748 Z-0.3543 I0.1063 J0.
N79715 X-1.2874 Z-0.3346 I-0.1063 J0.
N79720 X-1.0748 Z-0.315 I0.1063 J0.
N79725 X-1.2874 Z-0.2953 I-0.1063 J0.
N79730 X-1.0748 Z-0.2756 I0.1063 J0.
N79735 X-1.2874 Z-0.2559 I-0.1063 J0.
N79740 X-1.0748 Z-0.2362 I0.1063 J0.
N79745 X-1.2874 Z-0.2165 I-0.1063 J0.
N79750 X-1.0748 Z-0.1969 I0.1063 J0.
N79755 X-1.2874 Z-0.1772 I-0.1063 J0.
N79760 X-1.0748 Z-0.1575 I0.1063 J0.
N79765 X-1.2874 Z-0.1378 I-0.1063 J0.
N79770 X-1.0748 Z-0.1181 I0.1063 J0.
N79775 X-1.2874 Z-0.0984 I-0.1063 J0.
N79780 X-1.0748 Z-0.0787 I0.1063 J0.
N79785 X-1.2874 Z-0.0591 I-0.1063 J0.
N79790 X-1.0748 Z-0.0394 I0.1063 J0.
N79795 X-1.0951 Y-2.6934 Z-0.0354 I-0.1063 J0.
N79800 X-1.2353 Y-2.6712 Z-0.0261 I-0.0812 J-0.059
N79805 G1 G40 X-1.1811 Y-2.7559
N79810 Z0.1969
N79815 Z-0.5209
N79820 Z-0.5996
N79825 G41 X-1.1722 Y-2.8593 D14
N79830 G3 X-1.0689 Y-2.7559 Z-0.5906 I0. J0.1033
N79835 X-1.2933 Z-0.5709 I-0.1122 J0.
N79840 X-1.0689 Z-0.5512 I0.1122 J0.
N79845 X-1.2933 Z-0.5315 I-0.1122 J0.
N79850 X-1.0689 Z-0.5118 I0.1122 J0.
N79855 X-1.2933 Z-0.4921 I-0.1122 J0.
N79860 X-1.0689 Z-0.4724 I0.1122 J0.
N79865 X-1.2933 Z-0.4528 I-0.1122 J0.
N79870 X-1.0689 Z-0.4331 I0.1122 J0.
N79875 X-1.2933 Z-0.4134 I-0.1122 J0.
N79880 X-1.0689 Z-0.3937 I0.1122 J0.
N79885 X-1.2933 Z-0.374 I-0.1122 J0.
N79890 X-1.0689 Z-0.3543 I0.1122 J0.
N79895 X-1.2933 Z-0.3346 I-0.1122 J0.
N79900 X-1.0689 Z-0.315 I0.1122 J0.
N79905 X-1.2933 Z-0.2953 I-0.1122 J0.
N79910 X-1.0689 Z-0.2756 I0.1122 J0.
N79915 X-1.2933 Z-0.2559 I-0.1122 J0.
N79920 X-1.0689 Z-0.2362 I0.1122 J0.
N79925 X-1.2933 Z-0.2165 I-0.1122 J0.
N79930 X-1.0689 Z-0.1969 I0.1122 J0.
N79935 X-1.2933 Z-0.1772 I-0.1122 J0.
N79940 X-1.0689 Z-0.1575 I0.1122 J0.
N79945 X-1.2933 Z-0.1378 I-0.1122 J0.
N79950 X-1.0689 Z-0.1181 I0.1122 J0.
N79955 X-1.2933 Z-0.0984 I-0.1122 J0.
N79960 X-1.0689 Z-0.0787 I0.1122 J0.
N79965 X-1.2933 Z-0.0591 I-0.1122 J0.
N79970 X-1.0689 Z-0.0394 I0.1122 J0.
N79975 X-1.0903 Y-2.69 Z-0.0354 I-0.1122 J0.
N79980 X-1.2347 Y-2.6671 Z-0.0264 I-0.0836 J-0.0607
N79985 G1 G40 X-1.1811 Y-2.7559
N79990 Z0.1969
N79995 Z-0.5207
N80000 Z-0.5994
N80005 G41 X-1.1693 Y-2.8622 D14
N80010 G3 X-1.063 Y-2.7559 Z-0.5906 I0. J0.1063
N80015 X-1.2992 Z-0.5709 I-0.1181 J0.
N80020 X-1.063 Z-0.5512 I0.1181 J0.
N80025 X-1.2992 Z-0.5315 I-0.1181 J0.
N80030 X-1.063 Z-0.5118 I0.1181 J0.
N80035 X-1.2992 Z-0.4921 I-0.1181 J0.
N80040 X-1.063 Z-0.4724 I0.1181 J0.
N80045 X-1.2992 Z-0.4528 I-0.1181 J0.
N80050 X-1.063 Z-0.4331 I0.1181 J0.
N80055 X-1.2992 Z-0.4134 I-0.1181 J0.
N80060 X-1.063 Z-0.3937 I0.1181 J0.
N80065 X-1.2992 Z-0.374 I-0.1181 J0.
N80070 X-1.063 Z-0.3543 I0.1181 J0.
N80075 X-1.2992 Z-0.3346 I-0.1181 J0.
N80080 X-1.063 Z-0.315 I0.1181 J0.
N80085 X-1.2992 Z-0.2953 I-0.1181 J0.
N80090 X-1.063 Z-0.2756 I0.1181 J0.
N80095 X-1.2992 Z-0.2559 I-0.1181 J0.
N80100 X-1.063 Z-0.2362 I0.1181 J0.
N80105 X-1.2992 Z-0.2165 I-0.1181 J0.
N80110 X-1.063 Z-0.1969 I0.1181 J0.
N80115 X-1.2992 Z-0.1772 I-0.1181 J0.
N80120 X-1.063 Z-0.1575 I0.1181 J0.
N80125 X-1.2992 Z-0.1378 I-0.1181 J0.
N80130 X-1.063 Z-0.1181 I0.1181 J0.
N80135 X-1.2992 Z-0.0984 I-0.1181 J0.
N80140 X-1.063 Z-0.0787 I0.1181 J0.
N80145 X-1.2992 Z-0.0591 I-0.1181 J0.
N80150 X-1.063 Z-0.0394 I0.1181 J0.
N80155 X-1.0855 Y-2.6865 Z-0.0354 I-0.1181 J0.
N80160 X-1.234 Y-2.663 Z-0.0266 I-0.086 J-0.0625
N80165 G1 G40 X-1.1811 Y-2.7559
N80170 Z0.1969
N80175 X-1.9685
N80180 Z-0.5211
N80185 Z-0.5998
N80190 G41 X-1.9626 Y-2.8563 D14
N80195 G3 X-1.8622 Y-2.7559 Z-0.5906 I0. J0.1004
N80200 X-2.0748 Z-0.5709 I-0.1063 J0.
N80205 X-1.8622 Z-0.5512 I0.1063 J0.
N80210 X-2.0748 Z-0.5315 I-0.1063 J0.
N80215 X-1.8622 Z-0.5118 I0.1063 J0.
N80220 X-2.0748 Z-0.4921 I-0.1063 J0.
N80225 X-1.8622 Z-0.4724 I0.1063 J0.
N80230 X-2.0748 Z-0.4528 I-0.1063 J0.
N80235 X-1.8622 Z-0.4331 I0.1063 J0.
N80240 X-2.0748 Z-0.4134 I-0.1063 J0.
N80245 X-1.8622 Z-0.3937 I0.1063 J0.
N80250 X-2.0748 Z-0.374 I-0.1063 J0.
N80255 X-1.8622 Z-0.3543 I0.1063 J0.
N80260 X-2.0748 Z-0.3346 I-0.1063 J0.
N80265 X-1.8622 Z-0.315 I0.1063 J0.
N80270 X-2.0748 Z-0.2953 I-0.1063 J0.
N80275 X-1.8622 Z-0.2756 I0.1063 J0.
N80280 X-2.0748 Z-0.2559 I-0.1063 J0.
N80285 X-1.8622 Z-0.2362 I0.1063 J0.
N80290 X-2.0748 Z-0.2165 I-0.1063 J0.
N80295 X-1.8622 Z-0.1969 I0.1063 J0.
N80300 X-2.0748 Z-0.1772 I-0.1063 J0.
N80305 X-1.8622 Z-0.1575 I0.1063 J0.
N80310 X-2.0748 Z-0.1378 I-0.1063 J0.
N80315 X-1.8622 Z-0.1181 I0.1063 J0.
N80320 X-2.0748 Z-0.0984 I-0.1063 J0.
N80325 X-1.8622 Z-0.0787 I0.1063 J0.
N80330 X-2.0748 Z-0.0591 I-0.1063 J0.
N80335 X-1.8622 Z-0.0394 I0.1063 J0.
N80340 X-1.8825 Y-2.6934 Z-0.0354 I-0.1063 J0.
N80345 X-2.0227 Y-2.6712 Z-0.0261 I-0.0812 J-0.059
N80350 G1 G40 X-1.9685 Y-2.7559
N80355 Z0.1969
N80360 Z-0.5209
N80365 Z-0.5996
N80370 G41 X-1.9596 Y-2.8593 D14
N80375 G3 X-1.8563 Y-2.7559 Z-0.5906 I0. J0.1033
N80380 X-2.0807 Z-0.5709 I-0.1122 J0.
N80385 X-1.8563 Z-0.5512 I0.1122 J0.
N80390 X-2.0807 Z-0.5315 I-0.1122 J0.
N80395 X-1.8563 Z-0.5118 I0.1122 J0.
N80400 X-2.0807 Z-0.4921 I-0.1122 J0.
N80405 X-1.8563 Z-0.4724 I0.1122 J0.
N80410 X-2.0807 Z-0.4528 I-0.1122 J0.
N80415 X-1.8563 Z-0.4331 I0.1122 J0.
N80420 X-2.0807 Z-0.4134 I-0.1122 J0.
N80425 X-1.8563 Z-0.3937 I0.1122 J0.
N80430 X-2.0807 Z-0.374 I-0.1122 J0.
N80435 X-1.8563 Z-0.3543 I0.1122 J0.
N80440 X-2.0807 Z-0.3346 I-0.1122 J0.
N80445 X-1.8563 Z-0.315 I0.1122 J0.
N80450 X-2.0807 Z-0.2953 I-0.1122 J0.
N80455 X-1.8563 Z-0.2756 I0.1122 J0.
N80460 X-2.0807 Z-0.2559 I-0.1122 J0.
N80465 X-1.8563 Z-0.2362 I0.1122 J0.
N80470 X-2.0807 Z-0.2165 I-0.1122 J0.
N80475 X-1.8563 Z-0.1969 I0.1122 J0.
N80480 X-2.0807 Z-0.1772 I-0.1122 J0.
N80485 X-1.8563 Z-0.1575 I0.1122 J0.
N80490 X-2.0807 Z-0.1378 I-0.1122 J0.
N80495 X-1.8563 Z-0.1181 I0.1122 J0.
N80500 X-2.0807 Z-0.0984 I-0.1122 J0.
N80505 X-1.8563 Z-0.0787 I0.1122 J0.
N80510 X-2.0807 Z-0.0591 I-0.1122 J0.
N80515 X-1.8563 Z-0.0394 I0.1122 J0.
N80520 X-1.8777 Y-2.69 Z-0.0354 I-0.1122 J0.
N80525 X-2.0221 Y-2.6671 Z-0.0264 I-0.0836 J-0.0607
N80530 G1 G40 X-1.9685 Y-2.7559
N80535 Z0.1969
N80540 Z-0.5207
N80545 Z-0.5994
N80550 G41 X-1.9567 Y-2.8622 D14
N80555 G3 X-1.8504 Y-2.7559 Z-0.5906 I0. J0.1063
N80560 X-2.0866 Z-0.5709 I-0.1181 J0.
N80565 X-1.8504 Z-0.5512 I0.1181 J0.
N80570 X-2.0866 Z-0.5315 I-0.1181 J0.
N80575 X-1.8504 Z-0.5118 I0.1181 J0.
N80580 X-2.0866 Z-0.4921 I-0.1181 J0.
N80585 X-1.8504 Z-0.4724 I0.1181 J0.
N80590 X-2.0866 Z-0.4528 I-0.1181 J0.
N80595 X-1.8504 Z-0.4331 I0.1181 J0.
N80600 X-2.0866 Z-0.4134 I-0.1181 J0.
N80605 X-1.8504 Z-0.3937 I0.1181 J0.
N80610 X-2.0866 Z-0.374 I-0.1181 J0.
N80615 X-1.8504 Z-0.3543 I0.1181 J0.
N80620 X-2.0866 Z-0.3346 I-0.1181 J0.
N80625 X-1.8504 Z-0.315 I0.1181 J0.
N80630 X-2.0866 Z-0.2953 I-0.1181 J0.
N80635 X-1.8504 Z-0.2756 I0.1181 J0.
N80640 X-2.0866 Z-0.2559 I-0.1181 J0.
N80645 X-1.8504 Z-0.2362 I0.1181 J0.
N80650 X-2.0866 Z-0.2165 I-0.1181 J0.
N80655 X-1.8504 Z-0.1969 I0.1181 J0.
N80660 X-2.0866 Z-0.1772 I-0.1181 J0.
N80665 X-1.8504 Z-0.1575 I0.1181 J0.
N80670 X-2.0866 Z-0.1378 I-0.1181 J0.
N80675 X-1.8504 Z-0.1181 I0.1181 J0.
N80680 X-2.0866 Z-0.0984 I-0.1181 J0.
N80685 X-1.8504 Z-0.0787 I0.1181 J0.
N80690 X-2.0866 Z-0.0591 I-0.1181 J0.
N80695 X-1.8504 Z-0.0394 I0.1181 J0.
N80700 X-1.873 Y-2.6865 Z-0.0354 I-0.1181 J0.
N80705 X-2.0214 Y-2.663 Z-0.0266 I-0.086 J-0.0625
N80710 G1 G40 X-1.9685 Y-2.7559
N80715 Z0.1969
N80720 X-2.7559
N80725 Z-0.5211
N80730 Z-0.5998
N80735 G41 X-2.75 Y-2.8563 D14
N80740 G3 X-2.6496 Y-2.7559 Z-0.5906 I0. J0.1004
N80745 X-2.8622 Z-0.5709 I-0.1063 J0.
N80750 X-2.6496 Z-0.5512 I0.1063 J0.
N80755 X-2.8622 Z-0.5315 I-0.1063 J0.
N80760 X-2.6496 Z-0.5118 I0.1063 J0.
N80765 X-2.8622 Z-0.4921 I-0.1063 J0.
N80770 X-2.6496 Z-0.4724 I0.1063 J0.
N80775 X-2.8622 Z-0.4528 I-0.1063 J0.
N80780 X-2.6496 Z-0.4331 I0.1063 J0.
N80785 X-2.8622 Z-0.4134 I-0.1063 J0.
N80790 X-2.6496 Z-0.3937 I0.1063 J0.
N80795 X-2.8622 Z-0.374 I-0.1063 J0.
N80800 X-2.6496 Z-0.3543 I0.1063 J0.
N80805 X-2.8622 Z-0.3346 I-0.1063 J0.
N80810 X-2.6496 Z-0.315 I0.1063 J0.
N80815 X-2.8622 Z-0.2953 I-0.1063 J0.
N80820 X-2.6496 Z-0.2756 I0.1063 J0.
N80825 X-2.8622 Z-0.2559 I-0.1063 J0.
N80830 X-2.6496 Z-0.2362 I0.1063 J0.
N80835 X-2.8622 Z-0.2165 I-0.1063 J0.
N80840 X-2.6496 Z-0.1969 I0.1063 J0.
N80845 X-2.8622 Z-0.1772 I-0.1063 J0.
N80850 X-2.6496 Z-0.1575 I0.1063 J0.
N80855 X-2.8622 Z-0.1378 I-0.1063 J0.
N80860 X-2.6496 Z-0.1181 I0.1063 J0.
N80865 X-2.8622 Z-0.0984 I-0.1063 J0.
N80870 X-2.6496 Z-0.0787 I0.1063 J0.
N80875 X-2.8622 Z-0.0591 I-0.1063 J0.
N80880 X-2.6496 Z-0.0394 I0.1063 J0.
N80885 X-2.6699 Y-2.6934 Z-0.0354 I-0.1063 J0.
N80890 X-2.8101 Y-2.6712 Z-0.0261 I-0.0812 J-0.059
N80895 G1 G40 X-2.7559 Y-2.7559
N80900 Z0.1969
N80905 Z-0.5209
N80910 Z-0.5996
N80915 G41 X-2.747 Y-2.8593 D14
N80920 G3 X-2.6437 Y-2.7559 Z-0.5906 I0. J0.1033
N80925 X-2.8681 Z-0.5709 I-0.1122 J0.
N80930 X-2.6437 Z-0.5512 I0.1122 J0.
N80935 X-2.8681 Z-0.5315 I-0.1122 J0.
N80940 X-2.6437 Z-0.5118 I0.1122 J0.
N80945 X-2.8681 Z-0.4921 I-0.1122 J0.
N80950 X-2.6437 Z-0.4724 I0.1122 J0.
N80955 X-2.8681 Z-0.4528 I-0.1122 J0.
N80960 X-2.6437 Z-0.4331 I0.1122 J0.
N80965 X-2.8681 Z-0.4134 I-0.1122 J0.
N80970 X-2.6437 Z-0.3937 I0.1122 J0.
N80975 X-2.8681 Z-0.374 I-0.1122 J0.
N80980 X-2.6437 Z-0.3543 I0.1122 J0.
N80985 X-2.8681 Z-0.3346 I-0.1122 J0.
N80990 X-2.6437 Z-0.315 I0.1122 J0.
N80995 X-2.8681 Z-0.2953 I-0.1122 J0.
N81000 X-2.6437 Z-0.2756 I0.1122 J0.
N81005 X-2.8681 Z-0.2559 I-0.1122 J0.
N81010 X-2.6437 Z-0.2362 I0.1122 J0.
N81015 X-2.8681 Z-0.2165 I-0.1122 J0.
N81020 X-2.6437 Z-0.1969 I0.1122 J0.
N81025 X-2.8681 Z-0.1772 I-0.1122 J0.
N81030 X-2.6437 Z-0.1575 I0.1122 J0.
N81035 X-2.8681 Z-0.1378 I-0.1122 J0.
N81040 X-2.6437 Z-0.1181 I0.1122 J0.
N81045 X-2.8681 Z-0.0984 I-0.1122 J0.
N81050 X-2.6437 Z-0.0787 I0.1122 J0.
N81055 X-2.8681 Z-0.0591 I-0.1122 J0.
N81060 X-2.6437 Z-0.0394 I0.1122 J0.
N81065 X-2.6651 Y-2.69 Z-0.0354 I-0.1122 J0.
N81070 X-2.8095 Y-2.6671 Z-0.0264 I-0.0836 J-0.0607
N81075 G1 G40 X-2.7559 Y-2.7559
N81080 Z0.1969
N81085 Z-0.5207
N81090 Z-0.5994
N81095 G41 X-2.7441 Y-2.8622 D14
N81100 G3 X-2.6378 Y-2.7559 Z-0.5906 I0. J0.1063
N81105 X-2.874 Z-0.5709 I-0.1181 J0.
N81110 X-2.6378 Z-0.5512 I0.1181 J0.
N81115 X-2.874 Z-0.5315 I-0.1181 J0.
N81120 X-2.6378 Z-0.5118 I0.1181 J0.
N81125 X-2.874 Z-0.4921 I-0.1181 J0.
N81130 X-2.6378 Z-0.4724 I0.1181 J0.
N81135 X-2.874 Z-0.4528 I-0.1181 J0.
N81140 X-2.6378 Z-0.4331 I0.1181 J0.
N81145 X-2.874 Z-0.4134 I-0.1181 J0.
N81150 X-2.6378 Z-0.3937 I0.1181 J0.
N81155 X-2.874 Z-0.374 I-0.1181 J0.
N81160 X-2.6378 Z-0.3543 I0.1181 J0.
N81165 X-2.874 Z-0.3346 I-0.1181 J0.
N81170 X-2.6378 Z-0.315 I0.1181 J0.
N81175 X-2.874 Z-0.2953 I-0.1181 J0.
N81180 X-2.6378 Z-0.2756 I0.1181 J0.
N81185 X-2.874 Z-0.2559 I-0.1181 J0.
N81190 X-2.6378 Z-0.2362 I0.1181 J0.
N81195 X-2.874 Z-0.2165 I-0.1181 J0.
N81200 X-2.6378 Z-0.1969 I0.1181 J0.
N81205 X-2.874 Z-0.1772 I-0.1181 J0.
N81210 X-2.6378 Z-0.1575 I0.1181 J0.
N81215 X-2.874 Z-0.1378 I-0.1181 J0.
N81220 X-2.6378 Z-0.1181 I0.1181 J0.
N81225 X-2.874 Z-0.0984 I-0.1181 J0.
N81230 X-2.6378 Z-0.0787 I0.1181 J0.
N81235 X-2.874 Z-0.0591 I-0.1181 J0.
N81240 X-2.6378 Z-0.0394 I0.1181 J0.
N81245 X-2.6604 Y-2.6865 Z-0.0354 I-0.1181 J0.
N81250 X-2.8088 Y-2.663 Z-0.0266 I-0.086 J-0.0625
N81255 G1 G40 X-2.7559 Y-2.7559
N81260 Z0.1969
N81265 X-3.5433
N81270 Z-0.5211
N81275 Z-0.5998
N81280 G41 X-3.5374 Y-2.8563 D14
N81285 G3 X-3.437 Y-2.7559 Z-0.5906 I0. J0.1004
N81290 X-3.6496 Z-0.5709 I-0.1063 J0.
N81295 X-3.437 Z-0.5512 I0.1063 J0.
N81300 X-3.6496 Z-0.5315 I-0.1063 J0.
N81305 X-3.437 Z-0.5118 I0.1063 J0.
N81310 X-3.6496 Z-0.4921 I-0.1063 J0.
N81315 X-3.437 Z-0.4724 I0.1063 J0.
N81320 X-3.6496 Z-0.4528 I-0.1063 J0.
N81325 X-3.437 Z-0.4331 I0.1063 J0.
N81330 X-3.6496 Z-0.4134 I-0.1063 J0.
N81335 X-3.437 Z-0.3937 I0.1063 J0.
N81340 X-3.6496 Z-0.374 I-0.1063 J0.
N81345 X-3.437 Z-0.3543 I0.1063 J0.
N81350 X-3.6496 Z-0.3346 I-0.1063 J0.
N81355 X-3.437 Z-0.315 I0.1063 J0.
N81360 X-3.6496 Z-0.2953 I-0.1063 J0.
N81365 X-3.437 Z-0.2756 I0.1063 J0.
N81370 X-3.6496 Z-0.2559 I-0.1063 J0.
N81375 X-3.437 Z-0.2362 I0.1063 J0.
N81380 X-3.6496 Z-0.2165 I-0.1063 J0.
N81385 X-3.437 Z-0.1969 I0.1063 J0.
N81390 X-3.6496 Z-0.1772 I-0.1063 J0.
N81395 X-3.437 Z-0.1575 I0.1063 J0.
N81400 X-3.6496 Z-0.1378 I-0.1063 J0.
N81405 X-3.437 Z-0.1181 I0.1063 J0.
N81410 X-3.6496 Z-0.0984 I-0.1063 J0.
N81415 X-3.437 Z-0.0787 I0.1063 J0.
N81420 X-3.6496 Z-0.0591 I-0.1063 J0.
N81425 X-3.437 Z-0.0394 I0.1063 J0.
N81430 X-3.4573 Y-2.6934 Z-0.0354 I-0.1063 J0.
N81435 X-3.5975 Y-2.6712 Z-0.0261 I-0.0812 J-0.059
N81440 G1 G40 X-3.5433 Y-2.7559
N81445 Z0.1969
N81450 Z-0.5209
N81455 Z-0.5996
N81460 G41 X-3.5344 Y-2.8593 D14
N81465 G3 X-3.4311 Y-2.7559 Z-0.5906 I0. J0.1033
N81470 X-3.6555 Z-0.5709 I-0.1122 J0.
N81475 X-3.4311 Z-0.5512 I0.1122 J0.
N81480 X-3.6555 Z-0.5315 I-0.1122 J0.
N81485 X-3.4311 Z-0.5118 I0.1122 J0.
N81490 X-3.6555 Z-0.4921 I-0.1122 J0.
N81495 X-3.4311 Z-0.4724 I0.1122 J0.
N81500 X-3.6555 Z-0.4528 I-0.1122 J0.
N81505 X-3.4311 Z-0.4331 I0.1122 J0.
N81510 X-3.6555 Z-0.4134 I-0.1122 J0.
N81515 X-3.4311 Z-0.3937 I0.1122 J0.
N81520 X-3.6555 Z-0.374 I-0.1122 J0.
N81525 X-3.4311 Z-0.3543 I0.1122 J0.
N81530 X-3.6555 Z-0.3346 I-0.1122 J0.
N81535 X-3.4311 Z-0.315 I0.1122 J0.
N81540 X-3.6555 Z-0.2953 I-0.1122 J0.
N81545 X-3.4311 Z-0.2756 I0.1122 J0.
N81550 X-3.6555 Z-0.2559 I-0.1122 J0.
N81555 X-3.4311 Z-0.2362 I0.1122 J0.
N81560 X-3.6555 Z-0.2165 I-0.1122 J0.
N81565 X-3.4311 Z-0.1969 I0.1122 J0.
N81570 X-3.6555 Z-0.1772 I-0.1122 J0.
N81575 X-3.4311 Z-0.1575 I0.1122 J0.
N81580 X-3.6555 Z-0.1378 I-0.1122 J0.
N81585 X-3.4311 Z-0.1181 I0.1122 J0.
N81590 X-3.6555 Z-0.0984 I-0.1122 J0.
N81595 X-3.4311 Z-0.0787 I0.1122 J0.
N81600 X-3.6555 Z-0.0591 I-0.1122 J0.
N81605 X-3.4311 Z-0.0394 I0.1122 J0.
N81610 X-3.4525 Y-2.69 Z-0.0354 I-0.1122 J0.
N81615 X-3.5969 Y-2.6671 Z-0.0264 I-0.0836 J-0.0607
N81620 G1 G40 X-3.5433 Y-2.7559
N81625 Z0.1969
N81630 Z-0.5207
N81635 Z-0.5994
N81640 G41 X-3.5315 Y-2.8622 D14
N81645 G3 X-3.4252 Y-2.7559 Z-0.5906 I0. J0.1063
N81650 X-3.6614 Z-0.5709 I-0.1181 J0.
N81655 X-3.4252 Z-0.5512 I0.1181 J0.
N81660 X-3.6614 Z-0.5315 I-0.1181 J0.
N81665 X-3.4252 Z-0.5118 I0.1181 J0.
N81670 X-3.6614 Z-0.4921 I-0.1181 J0.
N81675 X-3.4252 Z-0.4724 I0.1181 J0.
N81680 X-3.6614 Z-0.4528 I-0.1181 J0.
N81685 X-3.4252 Z-0.4331 I0.1181 J0.
N81690 X-3.6614 Z-0.4134 I-0.1181 J0.
N81695 X-3.4252 Z-0.3937 I0.1181 J0.
N81700 X-3.6614 Z-0.374 I-0.1181 J0.
N81705 X-3.4252 Z-0.3543 I0.1181 J0.
N81710 X-3.6614 Z-0.3346 I-0.1181 J0.
N81715 X-3.4252 Z-0.315 I0.1181 J0.
N81720 X-3.6614 Z-0.2953 I-0.1181 J0.
N81725 X-3.4252 Z-0.2756 I0.1181 J0.
N81730 X-3.6614 Z-0.2559 I-0.1181 J0.
N81735 X-3.4252 Z-0.2362 I0.1181 J0.
N81740 X-3.6614 Z-0.2165 I-0.1181 J0.
N81745 X-3.4252 Z-0.1969 I0.1181 J0.
N81750 X-3.6614 Z-0.1772 I-0.1181 J0.
N81755 X-3.4252 Z-0.1575 I0.1181 J0.
N81760 X-3.6614 Z-0.1378 I-0.1181 J0.
N81765 X-3.4252 Z-0.1181 I0.1181 J0.
N81770 X-3.6614 Z-0.0984 I-0.1181 J0.
N81775 X-3.4252 Z-0.0787 I0.1181 J0.
N81780 X-3.6614 Z-0.0591 I-0.1181 J0.
N81785 X-3.4252 Z-0.0394 I0.1181 J0.
N81790 X-3.4478 Y-2.6865 Z-0.0354 I-0.1181 J0.
N81795 X-3.5962 Y-2.663 Z-0.0266 I-0.086 J-0.0625
N81800 G1 G40 X-3.5433 Y-2.7559
N81805 Z0.1969
N81810 X-4.3307
N81815 Z-0.5211
N81820 Z-0.5998
N81825 G41 X-4.3248 Y-2.8563 D14
N81830 G3 X-4.2244 Y-2.7559 Z-0.5906 I0. J0.1004
N81835 X-4.437 Z-0.5709 I-0.1063 J0.
N81840 X-4.2244 Z-0.5512 I0.1063 J0.
N81845 X-4.437 Z-0.5315 I-0.1063 J0.
N81850 X-4.2244 Z-0.5118 I0.1063 J0.
N81855 X-4.437 Z-0.4921 I-0.1063 J0.
N81860 X-4.2244 Z-0.4724 I0.1063 J0.
N81865 X-4.437 Z-0.4528 I-0.1063 J0.
N81870 X-4.2244 Z-0.4331 I0.1063 J0.
N81875 X-4.437 Z-0.4134 I-0.1063 J0.
N81880 X-4.2244 Z-0.3937 I0.1063 J0.
N81885 X-4.437 Z-0.374 I-0.1063 J0.
N81890 X-4.2244 Z-0.3543 I0.1063 J0.
N81895 X-4.437 Z-0.3346 I-0.1063 J0.
N81900 X-4.2244 Z-0.315 I0.1063 J0.
N81905 X-4.437 Z-0.2953 I-0.1063 J0.
N81910 X-4.2244 Z-0.2756 I0.1063 J0.
N81915 X-4.437 Z-0.2559 I-0.1063 J0.
N81920 X-4.2244 Z-0.2362 I0.1063 J0.
N81925 X-4.437 Z-0.2165 I-0.1063 J0.
N81930 X-4.2244 Z-0.1969 I0.1063 J0.
N81935 X-4.437 Z-0.1772 I-0.1063 J0.
N81940 X-4.2244 Z-0.1575 I0.1063 J0.
N81945 X-4.437 Z-0.1378 I-0.1063 J0.
N81950 X-4.2244 Z-0.1181 I0.1063 J0.
N81955 X-4.437 Z-0.0984 I-0.1063 J0.
N81960 X-4.2244 Z-0.0787 I0.1063 J0.
N81965 X-4.437 Z-0.0591 I-0.1063 J0.
N81970 X-4.2244 Z-0.0394 I0.1063 J0.
N81975 X-4.2447 Y-2.6934 Z-0.0354 I-0.1063 J0.
N81980 X-4.3849 Y-2.6712 Z-0.0261 I-0.0812 J-0.059
N81985 G1 G40 X-4.3307 Y-2.7559
N81990 Z0.1969
N81995 Z-0.5209
N82000 Z-0.5996
N82005 G41 X-4.3219 Y-2.8593 D14
N82010 G3 X-4.2185 Y-2.7559 Z-0.5906 I0. J0.1033
N82015 X-4.4429 Z-0.5709 I-0.1122 J0.
N82020 X-4.2185 Z-0.5512 I0.1122 J0.
N82025 X-4.4429 Z-0.5315 I-0.1122 J0.
N82030 X-4.2185 Z-0.5118 I0.1122 J0.
N82035 X-4.4429 Z-0.4921 I-0.1122 J0.
N82040 X-4.2185 Z-0.4724 I0.1122 J0.
N82045 X-4.4429 Z-0.4528 I-0.1122 J0.
N82050 X-4.2185 Z-0.4331 I0.1122 J0.
N82055 X-4.4429 Z-0.4134 I-0.1122 J0.
N82060 X-4.2185 Z-0.3937 I0.1122 J0.
N82065 X-4.4429 Z-0.374 I-0.1122 J0.
N82070 X-4.2185 Z-0.3543 I0.1122 J0.
N82075 X-4.4429 Z-0.3346 I-0.1122 J0.
N82080 X-4.2185 Z-0.315 I0.1122 J0.
N82085 X-4.4429 Z-0.2953 I-0.1122 J0.
N82090 X-4.2185 Z-0.2756 I0.1122 J0.
N82095 X-4.4429 Z-0.2559 I-0.1122 J0.
N82100 X-4.2185 Z-0.2362 I0.1122 J0.
N82105 X-4.4429 Z-0.2165 I-0.1122 J0.
N82110 X-4.2185 Z-0.1969 I0.1122 J0.
N82115 X-4.4429 Z-0.1772 I-0.1122 J0.
N82120 X-4.2185 Z-0.1575 I0.1122 J0.
N82125 X-4.4429 Z-0.1378 I-0.1122 J0.
N82130 X-4.2185 Z-0.1181 I0.1122 J0.
N82135 X-4.4429 Z-0.0984 I-0.1122 J0.
N82140 X-4.2185 Z-0.0787 I0.1122 J0.
N82145 X-4.4429 Z-0.0591 I-0.1122 J0.
N82150 X-4.2185 Z-0.0394 I0.1122 J0.
N82155 X-4.2399 Y-2.69 Z-0.0354 I-0.1122 J0.
N82160 X-4.3843 Y-2.6671 Z-0.0264 I-0.0836 J-0.0607
N82165 G1 G40 X-4.3307 Y-2.7559
N82170 Z0.1969
N82175 Z-0.5207
N82180 Z-0.5994
N82185 G41 X-4.3189 Y-2.8622 D14
N82190 G3 X-4.2126 Y-2.7559 Z-0.5906 I0. J0.1063
N82195 X-4.4488 Z-0.5709 I-0.1181 J0.
N82200 X-4.2126 Z-0.5512 I0.1181 J0.
N82205 X-4.4488 Z-0.5315 I-0.1181 J0.
N82210 X-4.2126 Z-0.5118 I0.1181 J0.
N82215 X-4.4488 Z-0.4921 I-0.1181 J0.
N82220 X-4.2126 Z-0.4724 I0.1181 J0.
N82225 X-4.4488 Z-0.4528 I-0.1181 J0.
N82230 X-4.2126 Z-0.4331 I0.1181 J0.
N82235 X-4.4488 Z-0.4134 I-0.1181 J0.
N82240 X-4.2126 Z-0.3937 I0.1181 J0.
N82245 X-4.4488 Z-0.374 I-0.1181 J0.
N82250 X-4.2126 Z-0.3543 I0.1181 J0.
N82255 X-4.4488 Z-0.3346 I-0.1181 J0.
N82260 X-4.2126 Z-0.315 I0.1181 J0.
N82265 X-4.4488 Z-0.2953 I-0.1181 J0.
N82270 X-4.2126 Z-0.2756 I0.1181 J0.
N82275 X-4.4488 Z-0.2559 I-0.1181 J0.
N82280 X-4.2126 Z-0.2362 I0.1181 J0.
N82285 X-4.4488 Z-0.2165 I-0.1181 J0.
N82290 X-4.2126 Z-0.1969 I0.1181 J0.
N82295 X-4.4488 Z-0.1772 I-0.1181 J0.
N82300 X-4.2126 Z-0.1575 I0.1181 J0.
N82305 X-4.4488 Z-0.1378 I-0.1181 J0.
N82310 X-4.2126 Z-0.1181 I0.1181 J0.
N82315 X-4.4488 Z-0.0984 I-0.1181 J0.
N82320 X-4.2126 Z-0.0787 I0.1181 J0.
N82325 X-4.4488 Z-0.0591 I-0.1181 J0.
N82330 X-4.2126 Z-0.0394 I0.1181 J0.
N82335 X-4.2352 Y-2.6865 Z-0.0354 I-0.1181 J0.
N82340 X-4.3836 Y-2.663 Z-0.0266 I-0.086 J-0.0625
N82345 G1 G40 X-4.3307 Y-2.7559
N82350 Z0.1969
N82355 X-5.1181
N82360 Z-0.5211
N82365 Z-0.5998
N82370 G41 X-5.1122 Y-2.8563 D14
N82375 G3 X-5.0118 Y-2.7559 Z-0.5906 I0. J0.1004
N82380 X-5.2244 Z-0.5709 I-0.1063 J0.
N82385 X-5.0118 Z-0.5512 I0.1063 J0.
N82390 X-5.2244 Z-0.5315 I-0.1063 J0.
N82395 X-5.0118 Z-0.5118 I0.1063 J0.
N82400 X-5.2244 Z-0.4921 I-0.1063 J0.
N82405 X-5.0118 Z-0.4724 I0.1063 J0.
N82410 X-5.2244 Z-0.4528 I-0.1063 J0.
N82415 X-5.0118 Z-0.4331 I0.1063 J0.
N82420 X-5.2244 Z-0.4134 I-0.1063 J0.
N82425 X-5.0118 Z-0.3937 I0.1063 J0.
N82430 X-5.2244 Z-0.374 I-0.1063 J0.
N82435 X-5.0118 Z-0.3543 I0.1063 J0.
N82440 X-5.2244 Z-0.3346 I-0.1063 J0.
N82445 X-5.0118 Z-0.315 I0.1063 J0.
N82450 X-5.2244 Z-0.2953 I-0.1063 J0.
N82455 X-5.0118 Z-0.2756 I0.1063 J0.
N82460 X-5.2244 Z-0.2559 I-0.1063 J0.
N82465 X-5.0118 Z-0.2362 I0.1063 J0.
N82470 X-5.2244 Z-0.2165 I-0.1063 J0.
N82475 X-5.0118 Z-0.1969 I0.1063 J0.
N82480 X-5.2244 Z-0.1772 I-0.1063 J0.
N82485 X-5.0118 Z-0.1575 I0.1063 J0.
N82490 X-5.2244 Z-0.1378 I-0.1063 J0.
N82495 X-5.0118 Z-0.1181 I0.1063 J0.
N82500 X-5.2244 Z-0.0984 I-0.1063 J0.
N82505 X-5.0118 Z-0.0787 I0.1063 J0.
N82510 X-5.2244 Z-0.0591 I-0.1063 J0.
N82515 X-5.0118 Z-0.0394 I0.1063 J0.
N82520 X-5.0321 Y-2.6934 Z-0.0354 I-0.1063 J0.
N82525 X-5.1723 Y-2.6712 Z-0.0261 I-0.0812 J-0.059
N82530 G1 G40 X-5.1181 Y-2.7559
N82535 Z0.1969
N82540 Z-0.5209
N82545 Z-0.5996
N82550 G41 X-5.1093 Y-2.8593 D14
N82555 G3 X-5.0059 Y-2.7559 Z-0.5906 I0. J0.1033
N82560 X-5.2303 Z-0.5709 I-0.1122 J0.
N82565 X-5.0059 Z-0.5512 I0.1122 J0.
N82570 X-5.2303 Z-0.5315 I-0.1122 J0.
N82575 X-5.0059 Z-0.5118 I0.1122 J0.
N82580 X-5.2303 Z-0.4921 I-0.1122 J0.
N82585 X-5.0059 Z-0.4724 I0.1122 J0.
N82590 X-5.2303 Z-0.4528 I-0.1122 J0.
N82595 X-5.0059 Z-0.4331 I0.1122 J0.
N82600 X-5.2303 Z-0.4134 I-0.1122 J0.
N82605 X-5.0059 Z-0.3937 I0.1122 J0.
N82610 X-5.2303 Z-0.374 I-0.1122 J0.
N82615 X-5.0059 Z-0.3543 I0.1122 J0.
N82620 X-5.2303 Z-0.3346 I-0.1122 J0.
N82625 X-5.0059 Z-0.315 I0.1122 J0.
N82630 X-5.2303 Z-0.2953 I-0.1122 J0.
N82635 X-5.0059 Z-0.2756 I0.1122 J0.
N82640 X-5.2303 Z-0.2559 I-0.1122 J0.
N82645 X-5.0059 Z-0.2362 I0.1122 J0.
N82650 X-5.2303 Z-0.2165 I-0.1122 J0.
N82655 X-5.0059 Z-0.1969 I0.1122 J0.
N82660 X-5.2303 Z-0.1772 I-0.1122 J0.
N82665 X-5.0059 Z-0.1575 I0.1122 J0.
N82670 X-5.2303 Z-0.1378 I-0.1122 J0.
N82675 X-5.0059 Z-0.1181 I0.1122 J0.
N82680 X-5.2303 Z-0.0984 I-0.1122 J0.
N82685 X-5.0059 Z-0.0787 I0.1122 J0.
N82690 X-5.2303 Z-0.0591 I-0.1122 J0.
N82695 X-5.0059 Z-0.0394 I0.1122 J0.
N82700 X-5.0273 Y-2.69 Z-0.0354 I-0.1122 J0.
N82705 X-5.1717 Y-2.6671 Z-0.0264 I-0.0836 J-0.0607
N82710 G1 G40 X-5.1181 Y-2.7559
N82715 Z0.1969
N82720 Z-0.5207
N82725 Z-0.5994
N82730 G41 X-5.1063 Y-2.8622 D14
N82735 G3 X-5. Y-2.7559 Z-0.5906 I0. J0.1063
N82740 X-5.2362 Z-0.5709 I-0.1181 J0.
N82745 X-5. Z-0.5512 I0.1181 J0.
N82750 X-5.2362 Z-0.5315 I-0.1181 J0.
N82755 X-5. Z-0.5118 I0.1181 J0.
N82760 X-5.2362 Z-0.4921 I-0.1181 J0.
N82765 X-5. Z-0.4724 I0.1181 J0.
N82770 X-5.2362 Z-0.4528 I-0.1181 J0.
N82775 X-5. Z-0.4331 I0.1181 J0.
N82780 X-5.2362 Z-0.4134 I-0.1181 J0.
N82785 X-5. Z-0.3937 I0.1181 J0.
N82790 X-5.2362 Z-0.374 I-0.1181 J0.
N82795 X-5. Z-0.3543 I0.1181 J0.
N82800 X-5.2362 Z-0.3346 I-0.1181 J0.
N82805 X-5. Z-0.315 I0.1181 J0.
N82810 X-5.2362 Z-0.2953 I-0.1181 J0.
N82815 X-5. Z-0.2756 I0.1181 J0.
N82820 X-5.2362 Z-0.2559 I-0.1181 J0.
N82825 X-5. Z-0.2362 I0.1181 J0.
N82830 X-5.2362 Z-0.2165 I-0.1181 J0.
N82835 X-5. Z-0.1969 I0.1181 J0.
N82840 X-5.2362 Z-0.1772 I-0.1181 J0.
N82845 X-5. Z-0.1575 I0.1181 J0.
N82850 X-5.2362 Z-0.1378 I-0.1181 J0.
N82855 X-5. Z-0.1181 I0.1181 J0.
N82860 X-5.2362 Z-0.0984 I-0.1181 J0.
N82865 X-5. Z-0.0787 I0.1181 J0.
N82870 X-5.2362 Z-0.0591 I-0.1181 J0.
N82875 X-5. Z-0.0394 I0.1181 J0.
N82880 X-5.0226 Y-2.6865 Z-0.0354 I-0.1181 J0.
N82885 X-5.171 Y-2.663 Z-0.0266 I-0.086 J-0.0625
N82890 G1 G40 X-5.1181 Y-2.7559
N82895 Z0.1969
N82900 Y-3.5433
N82905 Z-0.5211
N82910 Z-0.5998
N82915 G41 X-5.1122 Y-3.6437 D14
N82920 G3 X-5.0118 Y-3.5433 Z-0.5906 I0. J0.1004
N82925 X-5.2244 Z-0.5709 I-0.1063 J0.
N82930 X-5.0118 Z-0.5512 I0.1063 J0.
N82935 X-5.2244 Z-0.5315 I-0.1063 J0.
N82940 X-5.0118 Z-0.5118 I0.1063 J0.
N82945 X-5.2244 Z-0.4921 I-0.1063 J0.
N82950 X-5.0118 Z-0.4724 I0.1063 J0.
N82955 X-5.2244 Z-0.4528 I-0.1063 J0.
N82960 X-5.0118 Z-0.4331 I0.1063 J0.
N82965 X-5.2244 Z-0.4134 I-0.1063 J0.
N82970 X-5.0118 Z-0.3937 I0.1063 J0.
N82975 X-5.2244 Z-0.374 I-0.1063 J0.
N82980 X-5.0118 Z-0.3543 I0.1063 J0.
N82985 X-5.2244 Z-0.3346 I-0.1063 J0.
N82990 X-5.0118 Z-0.315 I0.1063 J0.
N82995 X-5.2244 Z-0.2953 I-0.1063 J0.
N83000 X-5.0118 Z-0.2756 I0.1063 J0.
N83005 X-5.2244 Z-0.2559 I-0.1063 J0.
N83010 X-5.0118 Z-0.2362 I0.1063 J0.
N83015 X-5.2244 Z-0.2165 I-0.1063 J0.
N83020 X-5.0118 Z-0.1969 I0.1063 J0.
N83025 X-5.2244 Z-0.1772 I-0.1063 J0.
N83030 X-5.0118 Z-0.1575 I0.1063 J0.
N83035 X-5.2244 Z-0.1378 I-0.1063 J0.
N83040 X-5.0118 Z-0.1181 I0.1063 J0.
N83045 X-5.2244 Z-0.0984 I-0.1063 J0.
N83050 X-5.0118 Z-0.0787 I0.1063 J0.
N83055 X-5.2244 Z-0.0591 I-0.1063 J0.
N83060 X-5.0118 Z-0.0394 I0.1063 J0.
N83065 X-5.0321 Y-3.4808 Z-0.0354 I-0.1063 J0.
N83070 X-5.1723 Y-3.4586 Z-0.0261 I-0.0812 J-0.059
N83075 G1 G40 X-5.1181 Y-3.5433
N83080 Z0.1969
N83085 Z-0.5209
N83090 Z-0.5996
N83095 G41 X-5.1093 Y-3.6467 D14
N83100 G3 X-5.0059 Y-3.5433 Z-0.5906 I0. J0.1033
N83105 X-5.2303 Z-0.5709 I-0.1122 J0.
N83110 X-5.0059 Z-0.5512 I0.1122 J0.
N83115 X-5.2303 Z-0.5315 I-0.1122 J0.
N83120 X-5.0059 Z-0.5118 I0.1122 J0.
N83125 X-5.2303 Z-0.4921 I-0.1122 J0.
N83130 X-5.0059 Z-0.4724 I0.1122 J0.
N83135 X-5.2303 Z-0.4528 I-0.1122 J0.
N83140 X-5.0059 Z-0.4331 I0.1122 J0.
N83145 X-5.2303 Z-0.4134 I-0.1122 J0.
N83150 X-5.0059 Z-0.3937 I0.1122 J0.
N83155 X-5.2303 Z-0.374 I-0.1122 J0.
N83160 X-5.0059 Z-0.3543 I0.1122 J0.
N83165 X-5.2303 Z-0.3346 I-0.1122 J0.
N83170 X-5.0059 Z-0.315 I0.1122 J0.
N83175 X-5.2303 Z-0.2953 I-0.1122 J0.
N83180 X-5.0059 Z-0.2756 I0.1122 J0.
N83185 X-5.2303 Z-0.2559 I-0.1122 J0.
N83190 X-5.0059 Z-0.2362 I0.1122 J0.
N83195 X-5.2303 Z-0.2165 I-0.1122 J0.
N83200 X-5.0059 Z-0.1969 I0.1122 J0.
N83205 X-5.2303 Z-0.1772 I-0.1122 J0.
N83210 X-5.0059 Z-0.1575 I0.1122 J0.
N83215 X-5.2303 Z-0.1378 I-0.1122 J0.
N83220 X-5.0059 Z-0.1181 I0.1122 J0.
N83225 X-5.2303 Z-0.0984 I-0.1122 J0.
N83230 X-5.0059 Z-0.0787 I0.1122 J0.
N83235 X-5.2303 Z-0.0591 I-0.1122 J0.
N83240 X-5.0059 Z-0.0394 I0.1122 J0.
N83245 X-5.0273 Y-3.4774 Z-0.0354 I-0.1122 J0.
N83250 X-5.1717 Y-3.4545 Z-0.0264 I-0.0836 J-0.0607
N83255 G1 G40 X-5.1181 Y-3.5433
N83260 Z0.1969
N83265 Z-0.5207
N83270 Z-0.5994
N83275 G41 X-5.1063 Y-3.6496 D14
N83280 G3 X-5. Y-3.5433 Z-0.5906 I0. J0.1063
N83285 X-5.2362 Z-0.5709 I-0.1181 J0.
N83290 X-5. Z-0.5512 I0.1181 J0.
N83295 X-5.2362 Z-0.5315 I-0.1181 J0.
N83300 X-5. Z-0.5118 I0.1181 J0.
N83305 X-5.2362 Z-0.4921 I-0.1181 J0.
N83310 X-5. Z-0.4724 I0.1181 J0.
N83315 X-5.2362 Z-0.4528 I-0.1181 J0.
N83320 X-5. Z-0.4331 I0.1181 J0.
N83325 X-5.2362 Z-0.4134 I-0.1181 J0.
N83330 X-5. Z-0.3937 I0.1181 J0.
N83335 X-5.2362 Z-0.374 I-0.1181 J0.
N83340 X-5. Z-0.3543 I0.1181 J0.
N83345 X-5.2362 Z-0.3346 I-0.1181 J0.
N83350 X-5. Z-0.315 I0.1181 J0.
N83355 X-5.2362 Z-0.2953 I-0.1181 J0.
N83360 X-5. Z-0.2756 I0.1181 J0.
N83365 X-5.2362 Z-0.2559 I-0.1181 J0.
N83370 X-5. Z-0.2362 I0.1181 J0.
N83375 X-5.2362 Z-0.2165 I-0.1181 J0.
N83380 X-5. Z-0.1969 I0.1181 J0.
N83385 X-5.2362 Z-0.1772 I-0.1181 J0.
N83390 X-5. Z-0.1575 I0.1181 J0.
N83395 X-5.2362 Z-0.1378 I-0.1181 J0.
N83400 X-5. Z-0.1181 I0.1181 J0.
N83405 X-5.2362 Z-0.0984 I-0.1181 J0.
N83410 X-5. Z-0.0787 I0.1181 J0.
N83415 X-5.2362 Z-0.0591 I-0.1181 J0.
N83420 X-5. Z-0.0394 I0.1181 J0.
N83425 X-5.0226 Y-3.4739 Z-0.0354 I-0.1181 J0.
N83430 X-5.171 Y-3.4504 Z-0.0266 I-0.086 J-0.0625
N83435 G1 G40 X-5.1181 Y-3.5433
N83440 Z0.1969
N83445 X-4.3307
N83450 Z-0.5211
N83455 Z-0.5998
N83460 G41 X-4.3248 Y-3.6437 D14
N83465 G3 X-4.2244 Y-3.5433 Z-0.5906 I0. J0.1004
N83470 X-4.437 Z-0.5709 I-0.1063 J0.
N83475 X-4.2244 Z-0.5512 I0.1063 J0.
N83480 X-4.437 Z-0.5315 I-0.1063 J0.
N83485 X-4.2244 Z-0.5118 I0.1063 J0.
N83490 X-4.437 Z-0.4921 I-0.1063 J0.
N83495 X-4.2244 Z-0.4724 I0.1063 J0.
N83500 X-4.437 Z-0.4528 I-0.1063 J0.
N83505 X-4.2244 Z-0.4331 I0.1063 J0.
N83510 X-4.437 Z-0.4134 I-0.1063 J0.
N83515 X-4.2244 Z-0.3937 I0.1063 J0.
N83520 X-4.437 Z-0.374 I-0.1063 J0.
N83525 X-4.2244 Z-0.3543 I0.1063 J0.
N83530 X-4.437 Z-0.3346 I-0.1063 J0.
N83535 X-4.2244 Z-0.315 I0.1063 J0.
N83540 X-4.437 Z-0.2953 I-0.1063 J0.
N83545 X-4.2244 Z-0.2756 I0.1063 J0.
N83550 X-4.437 Z-0.2559 I-0.1063 J0.
N83555 X-4.2244 Z-0.2362 I0.1063 J0.
N83560 X-4.437 Z-0.2165 I-0.1063 J0.
N83565 X-4.2244 Z-0.1969 I0.1063 J0.
N83570 X-4.437 Z-0.1772 I-0.1063 J0.
N83575 X-4.2244 Z-0.1575 I0.1063 J0.
N83580 X-4.437 Z-0.1378 I-0.1063 J0.
N83585 X-4.2244 Z-0.1181 I0.1063 J0.
N83590 X-4.437 Z-0.0984 I-0.1063 J0.
N83595 X-4.2244 Z-0.0787 I0.1063 J0.
N83600 X-4.437 Z-0.0591 I-0.1063 J0.
N83605 X-4.2244 Z-0.0394 I0.1063 J0.
N83610 X-4.2447 Y-3.4808 Z-0.0354 I-0.1063 J0.
N83615 X-4.3849 Y-3.4586 Z-0.0261 I-0.0812 J-0.059
N83620 G1 G40 X-4.3307 Y-3.5433
N83625 Z0.1969
N83630 Z-0.5209
N83635 Z-0.5996
N83640 G41 X-4.3219 Y-3.6467 D14
N83645 G3 X-4.2185 Y-3.5433 Z-0.5906 I0. J0.1033
N83650 X-4.4429 Z-0.5709 I-0.1122 J0.
N83655 X-4.2185 Z-0.5512 I0.1122 J0.
N83660 X-4.4429 Z-0.5315 I-0.1122 J0.
N83665 X-4.2185 Z-0.5118 I0.1122 J0.
N83670 X-4.4429 Z-0.4921 I-0.1122 J0.
N83675 X-4.2185 Z-0.4724 I0.1122 J0.
N83680 X-4.4429 Z-0.4528 I-0.1122 J0.
N83685 X-4.2185 Z-0.4331 I0.1122 J0.
N83690 X-4.4429 Z-0.4134 I-0.1122 J0.
N83695 X-4.2185 Z-0.3937 I0.1122 J0.
N83700 X-4.4429 Z-0.374 I-0.1122 J0.
N83705 X-4.2185 Z-0.3543 I0.1122 J0.
N83710 X-4.4429 Z-0.3346 I-0.1122 J0.
N83715 X-4.2185 Z-0.315 I0.1122 J0.
N83720 X-4.4429 Z-0.2953 I-0.1122 J0.
N83725 X-4.2185 Z-0.2756 I0.1122 J0.
N83730 X-4.4429 Z-0.2559 I-0.1122 J0.
N83735 X-4.2185 Z-0.2362 I0.1122 J0.
N83740 X-4.4429 Z-0.2165 I-0.1122 J0.
N83745 X-4.2185 Z-0.1969 I0.1122 J0.
N83750 X-4.4429 Z-0.1772 I-0.1122 J0.
N83755 X-4.2185 Z-0.1575 I0.1122 J0.
N83760 X-4.4429 Z-0.1378 I-0.1122 J0.
N83765 X-4.2185 Z-0.1181 I0.1122 J0.
N83770 X-4.4429 Z-0.0984 I-0.1122 J0.
N83775 X-4.2185 Z-0.0787 I0.1122 J0.
N83780 X-4.4429 Z-0.0591 I-0.1122 J0.
N83785 X-4.2185 Z-0.0394 I0.1122 J0.
N83790 X-4.2399 Y-3.4774 Z-0.0354 I-0.1122 J0.
N83795 X-4.3843 Y-3.4545 Z-0.0264 I-0.0836 J-0.0607
N83800 G1 G40 X-4.3307 Y-3.5433
N83805 Z0.1969
N83810 Z-0.5207
N83815 Z-0.5994
N83820 G41 X-4.3189 Y-3.6496 D14
N83825 G3 X-4.2126 Y-3.5433 Z-0.5906 I0. J0.1063
N83830 X-4.4488 Z-0.5709 I-0.1181 J0.
N83835 X-4.2126 Z-0.5512 I0.1181 J0.
N83840 X-4.4488 Z-0.5315 I-0.1181 J0.
N83845 X-4.2126 Z-0.5118 I0.1181 J0.
N83850 X-4.4488 Z-0.4921 I-0.1181 J0.
N83855 X-4.2126 Z-0.4724 I0.1181 J0.
N83860 X-4.4488 Z-0.4528 I-0.1181 J0.
N83865 X-4.2126 Z-0.4331 I0.1181 J0.
N83870 X-4.4488 Z-0.4134 I-0.1181 J0.
N83875 X-4.2126 Z-0.3937 I0.1181 J0.
N83880 X-4.4488 Z-0.374 I-0.1181 J0.
N83885 X-4.2126 Z-0.3543 I0.1181 J0.
N83890 X-4.4488 Z-0.3346 I-0.1181 J0.
N83895 X-4.2126 Z-0.315 I0.1181 J0.
N83900 X-4.4488 Z-0.2953 I-0.1181 J0.
N83905 X-4.2126 Z-0.2756 I0.1181 J0.
N83910 X-4.4488 Z-0.2559 I-0.1181 J0.
N83915 X-4.2126 Z-0.2362 I0.1181 J0.
N83920 X-4.4488 Z-0.2165 I-0.1181 J0.
N83925 X-4.2126 Z-0.1969 I0.1181 J0.
N83930 X-4.4488 Z-0.1772 I-0.1181 J0.
N83935 X-4.2126 Z-0.1575 I0.1181 J0.
N83940 X-4.4488 Z-0.1378 I-0.1181 J0.
N83945 X-4.2126 Z-0.1181 I0.1181 J0.
N83950 X-4.4488 Z-0.0984 I-0.1181 J0.
N83955 X-4.2126 Z-0.0787 I0.1181 J0.
N83960 X-4.4488 Z-0.0591 I-0.1181 J0.
N83965 X-4.2126 Z-0.0394 I0.1181 J0.
N83970 X-4.2352 Y-3.4739 Z-0.0354 I-0.1181 J0.
N83975 X-4.3836 Y-3.4504 Z-0.0266 I-0.086 J-0.0625
N83980 G1 G40 X-4.3307 Y-3.5433
N83985 Z0.1969
N83990 X-3.5433
N83995 Z-0.5211
N84000 Z-0.5998
N84005 G41 X-3.5374 Y-3.6437 D14
N84010 G3 X-3.437 Y-3.5433 Z-0.5906 I0. J0.1004
N84015 X-3.6496 Z-0.5709 I-0.1063 J0.
N84020 X-3.437 Z-0.5512 I0.1063 J0.
N84025 X-3.6496 Z-0.5315 I-0.1063 J0.
N84030 X-3.437 Z-0.5118 I0.1063 J0.
N84035 X-3.6496 Z-0.4921 I-0.1063 J0.
N84040 X-3.437 Z-0.4724 I0.1063 J0.
N84045 X-3.6496 Z-0.4528 I-0.1063 J0.
N84050 X-3.437 Z-0.4331 I0.1063 J0.
N84055 X-3.6496 Z-0.4134 I-0.1063 J0.
N84060 X-3.437 Z-0.3937 I0.1063 J0.
N84065 X-3.6496 Z-0.374 I-0.1063 J0.
N84070 X-3.437 Z-0.3543 I0.1063 J0.
N84075 X-3.6496 Z-0.3346 I-0.1063 J0.
N84080 X-3.437 Z-0.315 I0.1063 J0.
N84085 X-3.6496 Z-0.2953 I-0.1063 J0.
N84090 X-3.437 Z-0.2756 I0.1063 J0.
N84095 X-3.6496 Z-0.2559 I-0.1063 J0.
N84100 X-3.437 Z-0.2362 I0.1063 J0.
N84105 X-3.6496 Z-0.2165 I-0.1063 J0.
N84110 X-3.437 Z-0.1969 I0.1063 J0.
N84115 X-3.6496 Z-0.1772 I-0.1063 J0.
N84120 X-3.437 Z-0.1575 I0.1063 J0.
N84125 X-3.6496 Z-0.1378 I-0.1063 J0.
N84130 X-3.437 Z-0.1181 I0.1063 J0.
N84135 X-3.6496 Z-0.0984 I-0.1063 J0.
N84140 X-3.437 Z-0.0787 I0.1063 J0.
N84145 X-3.6496 Z-0.0591 I-0.1063 J0.
N84150 X-3.437 Z-0.0394 I0.1063 J0.
N84155 X-3.4573 Y-3.4808 Z-0.0354 I-0.1063 J0.
N84160 X-3.5975 Y-3.4586 Z-0.0261 I-0.0812 J-0.059
N84165 G1 G40 X-3.5433 Y-3.5433
N84170 Z0.1969
N84175 Z-0.5209
N84180 Z-0.5996
N84185 G41 X-3.5344 Y-3.6467 D14
N84190 G3 X-3.4311 Y-3.5433 Z-0.5906 I0. J0.1033
N84195 X-3.6555 Z-0.5709 I-0.1122 J0.
N84200 X-3.4311 Z-0.5512 I0.1122 J0.
N84205 X-3.6555 Z-0.5315 I-0.1122 J0.
N84210 X-3.4311 Z-0.5118 I0.1122 J0.
N84215 X-3.6555 Z-0.4921 I-0.1122 J0.
N84220 X-3.4311 Z-0.4724 I0.1122 J0.
N84225 X-3.6555 Z-0.4528 I-0.1122 J0.
N84230 X-3.4311 Z-0.4331 I0.1122 J0.
N84235 X-3.6555 Z-0.4134 I-0.1122 J0.
N84240 X-3.4311 Z-0.3937 I0.1122 J0.
N84245 X-3.6555 Z-0.374 I-0.1122 J0.
N84250 X-3.4311 Z-0.3543 I0.1122 J0.
N84255 X-3.6555 Z-0.3346 I-0.1122 J0.
N84260 X-3.4311 Z-0.315 I0.1122 J0.
N84265 X-3.6555 Z-0.2953 I-0.1122 J0.
N84270 X-3.4311 Z-0.2756 I0.1122 J0.
N84275 X-3.6555 Z-0.2559 I-0.1122 J0.
N84280 X-3.4311 Z-0.2362 I0.1122 J0.
N84285 X-3.6555 Z-0.2165 I-0.1122 J0.
N84290 X-3.4311 Z-0.1969 I0.1122 J0.
N84295 X-3.6555 Z-0.1772 I-0.1122 J0.
N84300 X-3.4311 Z-0.1575 I0.1122 J0.
N84305 X-3.6555 Z-0.1378 I-0.1122 J0.
N84310 X-3.4311 Z-0.1181 I0.1122 J0.
N84315 X-3.6555 Z-0.0984 I-0.1122 J0.
N84320 X-3.4311 Z-0.0787 I0.1122 J0.
N84325 X-3.6555 Z-0.0591 I-0.1122 J0.
N84330 X-3.4311 Z-0.0394 I0.1122 J0.
N84335 X-3.4525 Y-3.4774 Z-0.0354 I-0.1122 J0.
N84340 X-3.5969 Y-3.4545 Z-0.0264 I-0.0836 J-0.0607
N84345 G1 G40 X-3.5433 Y-3.5433
N84350 Z0.1969
N84355 Z-0.5207
N84360 Z-0.5994
N84365 G41 X-3.5315 Y-3.6496 D14
N84370 G3 X-3.4252 Y-3.5433 Z-0.5906 I0. J0.1063
N84375 X-3.6614 Z-0.5709 I-0.1181 J0.
N84380 X-3.4252 Z-0.5512 I0.1181 J0.
N84385 X-3.6614 Z-0.5315 I-0.1181 J0.
N84390 X-3.4252 Z-0.5118 I0.1181 J0.
N84395 X-3.6614 Z-0.4921 I-0.1181 J0.
N84400 X-3.4252 Z-0.4724 I0.1181 J0.
N84405 X-3.6614 Z-0.4528 I-0.1181 J0.
N84410 X-3.4252 Z-0.4331 I0.1181 J0.
N84415 X-3.6614 Z-0.4134 I-0.1181 J0.
N84420 X-3.4252 Z-0.3937 I0.1181 J0.
N84425 X-3.6614 Z-0.374 I-0.1181 J0.
N84430 X-3.4252 Z-0.3543 I0.1181 J0.
N84435 X-3.6614 Z-0.3346 I-0.1181 J0.
N84440 X-3.4252 Z-0.315 I0.1181 J0.
N84445 X-3.6614 Z-0.2953 I-0.1181 J0.
N84450 X-3.4252 Z-0.2756 I0.1181 J0.
N84455 X-3.6614 Z-0.2559 I-0.1181 J0.
N84460 X-3.4252 Z-0.2362 I0.1181 J0.
N84465 X-3.6614 Z-0.2165 I-0.1181 J0.
N84470 X-3.4252 Z-0.1969 I0.1181 J0.
N84475 X-3.6614 Z-0.1772 I-0.1181 J0.
N84480 X-3.4252 Z-0.1575 I0.1181 J0.
N84485 X-3.6614 Z-0.1378 I-0.1181 J0.
N84490 X-3.4252 Z-0.1181 I0.1181 J0.
N84495 X-3.6614 Z-0.0984 I-0.1181 J0.
N84500 X-3.4252 Z-0.0787 I0.1181 J0.
N84505 X-3.6614 Z-0.0591 I-0.1181 J0.
N84510 X-3.4252 Z-0.0394 I0.1181 J0.
N84515 X-3.4478 Y-3.4739 Z-0.0354 I-0.1181 J0.
N84520 X-3.5962 Y-3.4504 Z-0.0266 I-0.086 J-0.0625
N84525 G1 G40 X-3.5433 Y-3.5433
N84530 Z0.1969
N84535 X-2.7559
N84540 Z-0.5211
N84545 Z-0.5998
N84550 G41 X-2.75 Y-3.6437 D14
N84555 G3 X-2.6496 Y-3.5433 Z-0.5906 I0. J0.1004
N84560 X-2.8622 Z-0.5709 I-0.1063 J0.
N84565 X-2.6496 Z-0.5512 I0.1063 J0.
N84570 X-2.8622 Z-0.5315 I-0.1063 J0.
N84575 X-2.6496 Z-0.5118 I0.1063 J0.
N84580 X-2.8622 Z-0.4921 I-0.1063 J0.
N84585 X-2.6496 Z-0.4724 I0.1063 J0.
N84590 X-2.8622 Z-0.4528 I-0.1063 J0.
N84595 X-2.6496 Z-0.4331 I0.1063 J0.
N84600 X-2.8622 Z-0.4134 I-0.1063 J0.
N84605 X-2.6496 Z-0.3937 I0.1063 J0.
N84610 X-2.8622 Z-0.374 I-0.1063 J0.
N84615 X-2.6496 Z-0.3543 I0.1063 J0.
N84620 X-2.8622 Z-0.3346 I-0.1063 J0.
N84625 X-2.6496 Z-0.315 I0.1063 J0.
N84630 X-2.8622 Z-0.2953 I-0.1063 J0.
N84635 X-2.6496 Z-0.2756 I0.1063 J0.
N84640 X-2.8622 Z-0.2559 I-0.1063 J0.
N84645 X-2.6496 Z-0.2362 I0.1063 J0.
N84650 X-2.8622 Z-0.2165 I-0.1063 J0.
N84655 X-2.6496 Z-0.1969 I0.1063 J0.
N84660 X-2.8622 Z-0.1772 I-0.1063 J0.
N84665 X-2.6496 Z-0.1575 I0.1063 J0.
N84670 X-2.8622 Z-0.1378 I-0.1063 J0.
N84675 X-2.6496 Z-0.1181 I0.1063 J0.
N84680 X-2.8622 Z-0.0984 I-0.1063 J0.
N84685 X-2.6496 Z-0.0787 I0.1063 J0.
N84690 X-2.8622 Z-0.0591 I-0.1063 J0.
N84695 X-2.6496 Z-0.0394 I0.1063 J0.
N84700 X-2.6699 Y-3.4808 Z-0.0354 I-0.1063 J0.
N84705 X-2.8101 Y-3.4586 Z-0.0261 I-0.0812 J-0.059
N84710 G1 G40 X-2.7559 Y-3.5433
N84715 Z0.1969
N84720 Z-0.5209
N84725 Z-0.5996
N84730 G41 X-2.747 Y-3.6467 D14
N84735 G3 X-2.6437 Y-3.5433 Z-0.5906 I0. J0.1033
N84740 X-2.8681 Z-0.5709 I-0.1122 J0.
N84745 X-2.6437 Z-0.5512 I0.1122 J0.
N84750 X-2.8681 Z-0.5315 I-0.1122 J0.
N84755 X-2.6437 Z-0.5118 I0.1122 J0.
N84760 X-2.8681 Z-0.4921 I-0.1122 J0.
N84765 X-2.6437 Z-0.4724 I0.1122 J0.
N84770 X-2.8681 Z-0.4528 I-0.1122 J0.
N84775 X-2.6437 Z-0.4331 I0.1122 J0.
N84780 X-2.8681 Z-0.4134 I-0.1122 J0.
N84785 X-2.6437 Z-0.3937 I0.1122 J0.
N84790 X-2.8681 Z-0.374 I-0.1122 J0.
N84795 X-2.6437 Z-0.3543 I0.1122 J0.
N84800 X-2.8681 Z-0.3346 I-0.1122 J0.
N84805 X-2.6437 Z-0.315 I0.1122 J0.
N84810 X-2.8681 Z-0.2953 I-0.1122 J0.
N84815 X-2.6437 Z-0.2756 I0.1122 J0.
N84820 X-2.8681 Z-0.2559 I-0.1122 J0.
N84825 X-2.6437 Z-0.2362 I0.1122 J0.
N84830 X-2.8681 Z-0.2165 I-0.1122 J0.
N84835 X-2.6437 Z-0.1969 I0.1122 J0.
N84840 X-2.8681 Z-0.1772 I-0.1122 J0.
N84845 X-2.6437 Z-0.1575 I0.1122 J0.
N84850 X-2.8681 Z-0.1378 I-0.1122 J0.
N84855 X-2.6437 Z-0.1181 I0.1122 J0.
N84860 X-2.8681 Z-0.0984 I-0.1122 J0.
N84865 X-2.6437 Z-0.0787 I0.1122 J0.
N84870 X-2.8681 Z-0.0591 I-0.1122 J0.
N84875 X-2.6437 Z-0.0394 I0.1122 J0.
N84880 X-2.6651 Y-3.4774 Z-0.0354 I-0.1122 J0.
N84885 X-2.8095 Y-3.4545 Z-0.0264 I-0.0836 J-0.0607
N84890 G1 G40 X-2.7559 Y-3.5433
N84895 Z0.1969
N84900 Z-0.5207
N84905 Z-0.5994
N84910 G41 X-2.7441 Y-3.6496 D14
N84915 G3 X-2.6378 Y-3.5433 Z-0.5906 I0. J0.1063
N84920 X-2.874 Z-0.5709 I-0.1181 J0.
N84925 X-2.6378 Z-0.5512 I0.1181 J0.
N84930 X-2.874 Z-0.5315 I-0.1181 J0.
N84935 X-2.6378 Z-0.5118 I0.1181 J0.
N84940 X-2.874 Z-0.4921 I-0.1181 J0.
N84945 X-2.6378 Z-0.4724 I0.1181 J0.
N84950 X-2.874 Z-0.4528 I-0.1181 J0.
N84955 X-2.6378 Z-0.4331 I0.1181 J0.
N84960 X-2.874 Z-0.4134 I-0.1181 J0.
N84965 X-2.6378 Z-0.3937 I0.1181 J0.
N84970 X-2.874 Z-0.374 I-0.1181 J0.
N84975 X-2.6378 Z-0.3543 I0.1181 J0.
N84980 X-2.874 Z-0.3346 I-0.1181 J0.
N84985 X-2.6378 Z-0.315 I0.1181 J0.
N84990 X-2.874 Z-0.2953 I-0.1181 J0.
N84995 X-2.6378 Z-0.2756 I0.1181 J0.
N85000 X-2.874 Z-0.2559 I-0.1181 J0.
N85005 X-2.6378 Z-0.2362 I0.1181 J0.
N85010 X-2.874 Z-0.2165 I-0.1181 J0.
N85015 X-2.6378 Z-0.1969 I0.1181 J0.
N85020 X-2.874 Z-0.1772 I-0.1181 J0.
N85025 X-2.6378 Z-0.1575 I0.1181 J0.
N85030 X-2.874 Z-0.1378 I-0.1181 J0.
N85035 X-2.6378 Z-0.1181 I0.1181 J0.
N85040 X-2.874 Z-0.0984 I-0.1181 J0.
N85045 X-2.6378 Z-0.0787 I0.1181 J0.
N85050 X-2.874 Z-0.0591 I-0.1181 J0.
N85055 X-2.6378 Z-0.0394 I0.1181 J0.
N85060 X-2.6604 Y-3.4739 Z-0.0354 I-0.1181 J0.
N85065 X-2.8088 Y-3.4504 Z-0.0266 I-0.086 J-0.0625
N85070 G1 G40 X-2.7559 Y-3.5433
N85075 Z0.1969
N85080 X-1.9685
N85085 Z-0.5211
N85090 Z-0.5998
N85095 G41 X-1.9626 Y-3.6437 D14
N85100 G3 X-1.8622 Y-3.5433 Z-0.5906 I0. J0.1004
N85105 X-2.0748 Z-0.5709 I-0.1063 J0.
N85110 X-1.8622 Z-0.5512 I0.1063 J0.
N85115 X-2.0748 Z-0.5315 I-0.1063 J0.
N85120 X-1.8622 Z-0.5118 I0.1063 J0.
N85125 X-2.0748 Z-0.4921 I-0.1063 J0.
N85130 X-1.8622 Z-0.4724 I0.1063 J0.
N85135 X-2.0748 Z-0.4528 I-0.1063 J0.
N85140 X-1.8622 Z-0.4331 I0.1063 J0.
N85145 X-2.0748 Z-0.4134 I-0.1063 J0.
N85150 X-1.8622 Z-0.3937 I0.1063 J0.
N85155 X-2.0748 Z-0.374 I-0.1063 J0.
N85160 X-1.8622 Z-0.3543 I0.1063 J0.
N85165 X-2.0748 Z-0.3346 I-0.1063 J0.
N85170 X-1.8622 Z-0.315 I0.1063 J0.
N85175 X-2.0748 Z-0.2953 I-0.1063 J0.
N85180 X-1.8622 Z-0.2756 I0.1063 J0.
N85185 X-2.0748 Z-0.2559 I-0.1063 J0.
N85190 X-1.8622 Z-0.2362 I0.1063 J0.
N85195 X-2.0748 Z-0.2165 I-0.1063 J0.
N85200 X-1.8622 Z-0.1969 I0.1063 J0.
N85205 X-2.0748 Z-0.1772 I-0.1063 J0.
N85210 X-1.8622 Z-0.1575 I0.1063 J0.
N85215 X-2.0748 Z-0.1378 I-0.1063 J0.
N85220 X-1.8622 Z-0.1181 I0.1063 J0.
N85225 X-2.0748 Z-0.0984 I-0.1063 J0.
N85230 X-1.8622 Z-0.0787 I0.1063 J0.
N85235 X-2.0748 Z-0.0591 I-0.1063 J0.
N85240 X-1.8622 Z-0.0394 I0.1063 J0.
N85245 X-1.8825 Y-3.4808 Z-0.0354 I-0.1063 J0.
N85250 X-2.0227 Y-3.4586 Z-0.0261 I-0.0812 J-0.059
N85255 G1 G40 X-1.9685 Y-3.5433
N85260 Z0.1969
N85265 Z-0.5209
N85270 Z-0.5996
N85275 G41 X-1.9596 Y-3.6467 D14
N85280 G3 X-1.8563 Y-3.5433 Z-0.5906 I0. J0.1033
N85285 X-2.0807 Z-0.5709 I-0.1122 J0.
N85290 X-1.8563 Z-0.5512 I0.1122 J0.
N85295 X-2.0807 Z-0.5315 I-0.1122 J0.
N85300 X-1.8563 Z-0.5118 I0.1122 J0.
N85305 X-2.0807 Z-0.4921 I-0.1122 J0.
N85310 X-1.8563 Z-0.4724 I0.1122 J0.
N85315 X-2.0807 Z-0.4528 I-0.1122 J0.
N85320 X-1.8563 Z-0.4331 I0.1122 J0.
N85325 X-2.0807 Z-0.4134 I-0.1122 J0.
N85330 X-1.8563 Z-0.3937 I0.1122 J0.
N85335 X-2.0807 Z-0.374 I-0.1122 J0.
N85340 X-1.8563 Z-0.3543 I0.1122 J0.
N85345 X-2.0807 Z-0.3346 I-0.1122 J0.
N85350 X-1.8563 Z-0.315 I0.1122 J0.
N85355 X-2.0807 Z-0.2953 I-0.1122 J0.
N85360 X-1.8563 Z-0.2756 I0.1122 J0.
N85365 X-2.0807 Z-0.2559 I-0.1122 J0.
N85370 X-1.8563 Z-0.2362 I0.1122 J0.
N85375 X-2.0807 Z-0.2165 I-0.1122 J0.
N85380 X-1.8563 Z-0.1969 I0.1122 J0.
N85385 X-2.0807 Z-0.1772 I-0.1122 J0.
N85390 X-1.8563 Z-0.1575 I0.1122 J0.
N85395 X-2.0807 Z-0.1378 I-0.1122 J0.
N85400 X-1.8563 Z-0.1181 I0.1122 J0.
N85405 X-2.0807 Z-0.0984 I-0.1122 J0.
N85410 X-1.8563 Z-0.0787 I0.1122 J0.
N85415 X-2.0807 Z-0.0591 I-0.1122 J0.
N85420 X-1.8563 Z-0.0394 I0.1122 J0.
N85425 X-1.8777 Y-3.4774 Z-0.0354 I-0.1122 J0.
N85430 X-2.0221 Y-3.4545 Z-0.0264 I-0.0836 J-0.0607
N85435 G1 G40 X-1.9685 Y-3.5433
N85440 Z0.1969
N85445 Z-0.5207
N85450 Z-0.5994
N85455 G41 X-1.9567 Y-3.6496 D14
N85460 G3 X-1.8504 Y-3.5433 Z-0.5906 I0. J0.1063
N85465 X-2.0866 Z-0.5709 I-0.1181 J0.
N85470 X-1.8504 Z-0.5512 I0.1181 J0.
N85475 X-2.0866 Z-0.5315 I-0.1181 J0.
N85480 X-1.8504 Z-0.5118 I0.1181 J0.
N85485 X-2.0866 Z-0.4921 I-0.1181 J0.
N85490 X-1.8504 Z-0.4724 I0.1181 J0.
N85495 X-2.0866 Z-0.4528 I-0.1181 J0.
N85500 X-1.8504 Z-0.4331 I0.1181 J0.
N85505 X-2.0866 Z-0.4134 I-0.1181 J0.
N85510 X-1.8504 Z-0.3937 I0.1181 J0.
N85515 X-2.0866 Z-0.374 I-0.1181 J0.
N85520 X-1.8504 Z-0.3543 I0.1181 J0.
N85525 X-2.0866 Z-0.3346 I-0.1181 J0.
N85530 X-1.8504 Z-0.315 I0.1181 J0.
N85535 X-2.0866 Z-0.2953 I-0.1181 J0.
N85540 X-1.8504 Z-0.2756 I0.1181 J0.
N85545 X-2.0866 Z-0.2559 I-0.1181 J0.
N85550 X-1.8504 Z-0.2362 I0.1181 J0.
N85555 X-2.0866 Z-0.2165 I-0.1181 J0.
N85560 X-1.8504 Z-0.1969 I0.1181 J0.
N85565 X-2.0866 Z-0.1772 I-0.1181 J0.
N85570 X-1.8504 Z-0.1575 I0.1181 J0.
N85575 X-2.0866 Z-0.1378 I-0.1181 J0.
N85580 X-1.8504 Z-0.1181 I0.1181 J0.
N85585 X-2.0866 Z-0.0984 I-0.1181 J0.
N85590 X-1.8504 Z-0.0787 I0.1181 J0.
N85595 X-2.0866 Z-0.0591 I-0.1181 J0.
N85600 X-1.8504 Z-0.0394 I0.1181 J0.
N85605 X-1.873 Y-3.4739 Z-0.0354 I-0.1181 J0.
N85610 X-2.0214 Y-3.4504 Z-0.0266 I-0.086 J-0.0625
N85615 G1 G40 X-1.9685 Y-3.5433
N85620 Z0.1969
N85625 X-1.1811
N85630 Z-0.5211
N85635 Z-0.5998
N85640 G41 X-1.1752 Y-3.6437 D14
N85645 G3 X-1.0748 Y-3.5433 Z-0.5906 I0. J0.1004
N85650 X-1.2874 Z-0.5709 I-0.1063 J0.
N85655 X-1.0748 Z-0.5512 I0.1063 J0.
N85660 X-1.2874 Z-0.5315 I-0.1063 J0.
N85665 X-1.0748 Z-0.5118 I0.1063 J0.
N85670 X-1.2874 Z-0.4921 I-0.1063 J0.
N85675 X-1.0748 Z-0.4724 I0.1063 J0.
N85680 X-1.2874 Z-0.4528 I-0.1063 J0.
N85685 X-1.0748 Z-0.4331 I0.1063 J0.
N85690 X-1.2874 Z-0.4134 I-0.1063 J0.
N85695 X-1.0748 Z-0.3937 I0.1063 J0.
N85700 X-1.2874 Z-0.374 I-0.1063 J0.
N85705 X-1.0748 Z-0.3543 I0.1063 J0.
N85710 X-1.2874 Z-0.3346 I-0.1063 J0.
N85715 X-1.0748 Z-0.315 I0.1063 J0.
N85720 X-1.2874 Z-0.2953 I-0.1063 J0.
N85725 X-1.0748 Z-0.2756 I0.1063 J0.
N85730 X-1.2874 Z-0.2559 I-0.1063 J0.
N85735 X-1.0748 Z-0.2362 I0.1063 J0.
N85740 X-1.2874 Z-0.2165 I-0.1063 J0.
N85745 X-1.0748 Z-0.1969 I0.1063 J0.
N85750 X-1.2874 Z-0.1772 I-0.1063 J0.
N85755 X-1.0748 Z-0.1575 I0.1063 J0.
N85760 X-1.2874 Z-0.1378 I-0.1063 J0.
N85765 X-1.0748 Z-0.1181 I0.1063 J0.
N85770 X-1.2874 Z-0.0984 I-0.1063 J0.
N85775 X-1.0748 Z-0.0787 I0.1063 J0.
N85780 X-1.2874 Z-0.0591 I-0.1063 J0.
N85785 X-1.0748 Z-0.0394 I0.1063 J0.
N85790 X-1.0951 Y-3.4808 Z-0.0354 I-0.1063 J0.
N85795 X-1.2353 Y-3.4586 Z-0.0261 I-0.0812 J-0.059
N85800 G1 G40 X-1.1811 Y-3.5433
N85805 Z0.1969
N85810 Z-0.5209
N85815 Z-0.5996
N85820 G41 X-1.1722 Y-3.6467 D14
N85825 G3 X-1.0689 Y-3.5433 Z-0.5906 I0. J0.1033
N85830 X-1.2933 Z-0.5709 I-0.1122 J0.
N85835 X-1.0689 Z-0.5512 I0.1122 J0.
N85840 X-1.2933 Z-0.5315 I-0.1122 J0.
N85845 X-1.0689 Z-0.5118 I0.1122 J0.
N85850 X-1.2933 Z-0.4921 I-0.1122 J0.
N85855 X-1.0689 Z-0.4724 I0.1122 J0.
N85860 X-1.2933 Z-0.4528 I-0.1122 J0.
N85865 X-1.0689 Z-0.4331 I0.1122 J0.
N85870 X-1.2933 Z-0.4134 I-0.1122 J0.
N85875 X-1.0689 Z-0.3937 I0.1122 J0.
N85880 X-1.2933 Z-0.374 I-0.1122 J0.
N85885 X-1.0689 Z-0.3543 I0.1122 J0.
N85890 X-1.2933 Z-0.3346 I-0.1122 J0.
N85895 X-1.0689 Z-0.315 I0.1122 J0.
N85900 X-1.2933 Z-0.2953 I-0.1122 J0.
N85905 X-1.0689 Z-0.2756 I0.1122 J0.
N85910 X-1.2933 Z-0.2559 I-0.1122 J0.
N85915 X-1.0689 Z-0.2362 I0.1122 J0.
N85920 X-1.2933 Z-0.2165 I-0.1122 J0.
N85925 X-1.0689 Z-0.1969 I0.1122 J0.
N85930 X-1.2933 Z-0.1772 I-0.1122 J0.
N85935 X-1.0689 Z-0.1575 I0.1122 J0.
N85940 X-1.2933 Z-0.1378 I-0.1122 J0.
N85945 X-1.0689 Z-0.1181 I0.1122 J0.
N85950 X-1.2933 Z-0.0984 I-0.1122 J0.
N85955 X-1.0689 Z-0.0787 I0.1122 J0.
N85960 X-1.2933 Z-0.0591 I-0.1122 J0.
N85965 X-1.0689 Z-0.0394 I0.1122 J0.
N85970 X-1.0903 Y-3.4774 Z-0.0354 I-0.1122 J0.
N85975 X-1.2347 Y-3.4545 Z-0.0264 I-0.0836 J-0.0607
N85980 G1 G40 X-1.1811 Y-3.5433
N85985 Z0.1969
N85990 Z-0.5207
N85995 Z-0.5994
N86000 G41 X-1.1693 Y-3.6496 D14
N86005 G3 X-1.063 Y-3.5433 Z-0.5906 I0. J0.1063
N86010 X-1.2992 Z-0.5709 I-0.1181 J0.
N86015 X-1.063 Z-0.5512 I0.1181 J0.
N86020 X-1.2992 Z-0.5315 I-0.1181 J0.
N86025 X-1.063 Z-0.5118 I0.1181 J0.
N86030 X-1.2992 Z-0.4921 I-0.1181 J0.
N86035 X-1.063 Z-0.4724 I0.1181 J0.
N86040 X-1.2992 Z-0.4528 I-0.1181 J0.
N86045 X-1.063 Z-0.4331 I0.1181 J0.
N86050 X-1.2992 Z-0.4134 I-0.1181 J0.
N86055 X-1.063 Z-0.3937 I0.1181 J0.
N86060 X-1.2992 Z-0.374 I-0.1181 J0.
N86065 X-1.063 Z-0.3543 I0.1181 J0.
N86070 X-1.2992 Z-0.3346 I-0.1181 J0.
N86075 X-1.063 Z-0.315 I0.1181 J0.
N86080 X-1.2992 Z-0.2953 I-0.1181 J0.
N86085 X-1.063 Z-0.2756 I0.1181 J0.
N86090 X-1.2992 Z-0.2559 I-0.1181 J0.
N86095 X-1.063 Z-0.2362 I0.1181 J0.
N86100 X-1.2992 Z-0.2165 I-0.1181 J0.
N86105 X-1.063 Z-0.1969 I0.1181 J0.
N86110 X-1.2992 Z-0.1772 I-0.1181 J0.
N86115 X-1.063 Z-0.1575 I0.1181 J0.
N86120 X-1.2992 Z-0.1378 I-0.1181 J0.
N86125 X-1.063 Z-0.1181 I0.1181 J0.
N86130 X-1.2992 Z-0.0984 I-0.1181 J0.
N86135 X-1.063 Z-0.0787 I0.1181 J0.
N86140 X-1.2992 Z-0.0591 I-0.1181 J0.
N86145 X-1.063 Z-0.0394 I0.1181 J0.
N86150 X-1.0855 Y-3.4739 Z-0.0354 I-0.1181 J0.
N86155 X-1.234 Y-3.4504 Z-0.0266 I-0.086 J-0.0625
N86160 G1 G40 X-1.1811 Y-3.5433
N86165 Z0.1969
N86170 X-0.3937
N86175 Z-0.5211
N86180 Z-0.5998
N86185 G41 X-0.3878 Y-3.6437 D14
N86190 G3 X-0.2874 Y-3.5433 Z-0.5906 I0. J0.1004
N86195 X-0.5 Z-0.5709 I-0.1063 J0.
N86200 X-0.2874 Z-0.5512 I0.1063 J0.
N86205 X-0.5 Z-0.5315 I-0.1063 J0.
N86210 X-0.2874 Z-0.5118 I0.1063 J0.
N86215 X-0.5 Z-0.4921 I-0.1063 J0.
N86220 X-0.2874 Z-0.4724 I0.1063 J0.
N86225 X-0.5 Z-0.4528 I-0.1063 J0.
N86230 X-0.2874 Z-0.4331 I0.1063 J0.
N86235 X-0.5 Z-0.4134 I-0.1063 J0.
N86240 X-0.2874 Z-0.3937 I0.1063 J0.
N86245 X-0.5 Z-0.374 I-0.1063 J0.
N86250 X-0.2874 Z-0.3543 I0.1063 J0.
N86255 X-0.5 Z-0.3346 I-0.1063 J0.
N86260 X-0.2874 Z-0.315 I0.1063 J0.
N86265 X-0.5 Z-0.2953 I-0.1063 J0.
N86270 X-0.2874 Z-0.2756 I0.1063 J0.
N86275 X-0.5 Z-0.2559 I-0.1063 J0.
N86280 X-0.2874 Z-0.2362 I0.1063 J0.
N86285 X-0.5 Z-0.2165 I-0.1063 J0.
N86290 X-0.2874 Z-0.1969 I0.1063 J0.
N86295 X-0.5 Z-0.1772 I-0.1063 J0.
N86300 X-0.2874 Z-0.1575 I0.1063 J0.
N86305 X-0.5 Z-0.1378 I-0.1063 J0.
N86310 X-0.2874 Z-0.1181 I0.1063 J0.
N86315 X-0.5 Z-0.0984 I-0.1063 J0.
N86320 X-0.2874 Z-0.0787 I0.1063 J0.
N86325 X-0.5 Z-0.0591 I-0.1063 J0.
N86330 X-0.2874 Z-0.0394 I0.1063 J0.
N86335 X-0.3077 Y-3.4808 Z-0.0354 I-0.1063 J0.
N86340 X-0.4479 Y-3.4586 Z-0.0261 I-0.0812 J-0.059
N86345 G1 G40 X-0.3937 Y-3.5433
N86350 Z0.1969
N86355 Z-0.5209
N86360 Z-0.5996
N86365 G41 X-0.3848 Y-3.6467 D14
N86370 G3 X-0.2815 Y-3.5433 Z-0.5906 I0. J0.1033
N86375 X-0.5059 Z-0.5709 I-0.1122 J0.
N86380 X-0.2815 Z-0.5512 I0.1122 J0.
N86385 X-0.5059 Z-0.5315 I-0.1122 J0.
N86390 X-0.2815 Z-0.5118 I0.1122 J0.
N86395 X-0.5059 Z-0.4921 I-0.1122 J0.
N86400 X-0.2815 Z-0.4724 I0.1122 J0.
N86405 X-0.5059 Z-0.4528 I-0.1122 J0.
N86410 X-0.2815 Z-0.4331 I0.1122 J0.
N86415 X-0.5059 Z-0.4134 I-0.1122 J0.
N86420 X-0.2815 Z-0.3937 I0.1122 J0.
N86425 X-0.5059 Z-0.374 I-0.1122 J0.
N86430 X-0.2815 Z-0.3543 I0.1122 J0.
N86435 X-0.5059 Z-0.3346 I-0.1122 J0.
N86440 X-0.2815 Z-0.315 I0.1122 J0.
N86445 X-0.5059 Z-0.2953 I-0.1122 J0.
N86450 X-0.2815 Z-0.2756 I0.1122 J0.
N86455 X-0.5059 Z-0.2559 I-0.1122 J0.
N86460 X-0.2815 Z-0.2362 I0.1122 J0.
N86465 X-0.5059 Z-0.2165 I-0.1122 J0.
N86470 X-0.2815 Z-0.1969 I0.1122 J0.
N86475 X-0.5059 Z-0.1772 I-0.1122 J0.
N86480 X-0.2815 Z-0.1575 I0.1122 J0.
N86485 X-0.5059 Z-0.1378 I-0.1122 J0.
N86490 X-0.2815 Z-0.1181 I0.1122 J0.
N86495 X-0.5059 Z-0.0984 I-0.1122 J0.
N86500 X-0.2815 Z-0.0787 I0.1122 J0.
N86505 X-0.5059 Z-0.0591 I-0.1122 J0.
N86510 X-0.2815 Z-0.0394 I0.1122 J0.
N86515 X-0.3029 Y-3.4774 Z-0.0354 I-0.1122 J0.
N86520 X-0.4473 Y-3.4545 Z-0.0264 I-0.0836 J-0.0607
N86525 G1 G40 X-0.3937 Y-3.5433
N86530 Z0.1969
N86535 Z-0.5207
N86540 Z-0.5994
N86545 G41 X-0.3819 Y-3.6496 D14
N86550 G3 X-0.2756 Y-3.5433 Z-0.5906 I0. J0.1063
N86555 X-0.5118 Z-0.5709 I-0.1181 J0.
N86560 X-0.2756 Z-0.5512 I0.1181 J0.
N86565 X-0.5118 Z-0.5315 I-0.1181 J0.
N86570 X-0.2756 Z-0.5118 I0.1181 J0.
N86575 X-0.5118 Z-0.4921 I-0.1181 J0.
N86580 X-0.2756 Z-0.4724 I0.1181 J0.
N86585 X-0.5118 Z-0.4528 I-0.1181 J0.
N86590 X-0.2756 Z-0.4331 I0.1181 J0.
N86595 X-0.5118 Z-0.4134 I-0.1181 J0.
N86600 X-0.2756 Z-0.3937 I0.1181 J0.
N86605 X-0.5118 Z-0.374 I-0.1181 J0.
N86610 X-0.2756 Z-0.3543 I0.1181 J0.
N86615 X-0.5118 Z-0.3346 I-0.1181 J0.
N86620 X-0.2756 Z-0.315 I0.1181 J0.
N86625 X-0.5118 Z-0.2953 I-0.1181 J0.
N86630 X-0.2756 Z-0.2756 I0.1181 J0.
N86635 X-0.5118 Z-0.2559 I-0.1181 J0.
N86640 X-0.2756 Z-0.2362 I0.1181 J0.
N86645 X-0.5118 Z-0.2165 I-0.1181 J0.
N86650 X-0.2756 Z-0.1969 I0.1181 J0.
N86655 X-0.5118 Z-0.1772 I-0.1181 J0.
N86660 X-0.2756 Z-0.1575 I0.1181 J0.
N86665 X-0.5118 Z-0.1378 I-0.1181 J0.
N86670 X-0.2756 Z-0.1181 I0.1181 J0.
N86675 X-0.5118 Z-0.0984 I-0.1181 J0.
N86680 X-0.2756 Z-0.0787 I0.1181 J0.
N86685 X-0.5118 Z-0.0591 I-0.1181 J0.
N86690 X-0.2756 Z-0.0394 I0.1181 J0.
N86695 X-0.2981 Y-3.4739 Z-0.0354 I-0.1181 J0.
N86700 X-0.4466 Y-3.4504 Z-0.0266 I-0.086 J-0.0625
N86705 G1 G40 X-0.3937 Y-3.5433
N86710 Z0.1969
N86715 X0.3937
N86720 Z-0.5211
N86725 Z-0.5998
N86730 G41 X0.3996 Y-3.6437 D14
N86735 G3 X0.5 Y-3.5433 Z-0.5906 I0. J0.1004
N86740 X0.2874 Z-0.5709 I-0.1063 J0.
N86745 X0.5 Z-0.5512 I0.1063 J0.
N86750 X0.2874 Z-0.5315 I-0.1063 J0.
N86755 X0.5 Z-0.5118 I0.1063 J0.
N86760 X0.2874 Z-0.4921 I-0.1063 J0.
N86765 X0.5 Z-0.4724 I0.1063 J0.
N86770 X0.2874 Z-0.4528 I-0.1063 J0.
N86775 X0.5 Z-0.4331 I0.1063 J0.
N86780 X0.2874 Z-0.4134 I-0.1063 J0.
N86785 X0.5 Z-0.3937 I0.1063 J0.
N86790 X0.2874 Z-0.374 I-0.1063 J0.
N86795 X0.5 Z-0.3543 I0.1063 J0.
N86800 X0.2874 Z-0.3346 I-0.1063 J0.
N86805 X0.5 Z-0.315 I0.1063 J0.
N86810 X0.2874 Z-0.2953 I-0.1063 J0.
N86815 X0.5 Z-0.2756 I0.1063 J0.
N86820 X0.2874 Z-0.2559 I-0.1063 J0.
N86825 X0.5 Z-0.2362 I0.1063 J0.
N86830 X0.2874 Z-0.2165 I-0.1063 J0.
N86835 X0.5 Z-0.1969 I0.1063 J0.
N86840 X0.2874 Z-0.1772 I-0.1063 J0.
N86845 X0.5 Z-0.1575 I0.1063 J0.
N86850 X0.2874 Z-0.1378 I-0.1063 J0.
N86855 X0.5 Z-0.1181 I0.1063 J0.
N86860 X0.2874 Z-0.0984 I-0.1063 J0.
N86865 X0.5 Z-0.0787 I0.1063 J0.
N86870 X0.2874 Z-0.0591 I-0.1063 J0.
N86875 X0.5 Z-0.0394 I0.1063 J0.
N86880 X0.4797 Y-3.4808 Z-0.0354 I-0.1063 J0.
N86885 X0.3395 Y-3.4586 Z-0.0261 I-0.0812 J-0.059
N86890 G1 G40 X0.3937 Y-3.5433
N86895 Z0.1969
N86900 Z-0.5209
N86905 Z-0.5996
N86910 G41 X0.4026 Y-3.6467 D14
N86915 G3 X0.5059 Y-3.5433 Z-0.5906 I0. J0.1033
N86920 X0.2815 Z-0.5709 I-0.1122 J0.
N86925 X0.5059 Z-0.5512 I0.1122 J0.
N86930 X0.2815 Z-0.5315 I-0.1122 J0.
N86935 X0.5059 Z-0.5118 I0.1122 J0.
N86940 X0.2815 Z-0.4921 I-0.1122 J0.
N86945 X0.5059 Z-0.4724 I0.1122 J0.
N86950 X0.2815 Z-0.4528 I-0.1122 J0.
N86955 X0.5059 Z-0.4331 I0.1122 J0.
N86960 X0.2815 Z-0.4134 I-0.1122 J0.
N86965 X0.5059 Z-0.3937 I0.1122 J0.
N86970 X0.2815 Z-0.374 I-0.1122 J0.
N86975 X0.5059 Z-0.3543 I0.1122 J0.
N86980 X0.2815 Z-0.3346 I-0.1122 J0.
N86985 X0.5059 Z-0.315 I0.1122 J0.
N86990 X0.2815 Z-0.2953 I-0.1122 J0.
N86995 X0.5059 Z-0.2756 I0.1122 J0.
N87000 X0.2815 Z-0.2559 I-0.1122 J0.
N87005 X0.5059 Z-0.2362 I0.1122 J0.
N87010 X0.2815 Z-0.2165 I-0.1122 J0.
N87015 X0.5059 Z-0.1969 I0.1122 J0.
N87020 X0.2815 Z-0.1772 I-0.1122 J0.
N87025 X0.5059 Z-0.1575 I0.1122 J0.
N87030 X0.2815 Z-0.1378 I-0.1122 J0.
N87035 X0.5059 Z-0.1181 I0.1122 J0.
N87040 X0.2815 Z-0.0984 I-0.1122 J0.
N87045 X0.5059 Z-0.0787 I0.1122 J0.
N87050 X0.2815 Z-0.0591 I-0.1122 J0.
N87055 X0.5059 Z-0.0394 I0.1122 J0.
N87060 X0.4845 Y-3.4774 Z-0.0354 I-0.1122 J0.
N87065 X0.3401 Y-3.4545 Z-0.0264 I-0.0836 J-0.0607
N87070 G1 G40 X0.3937 Y-3.5433
N87075 Z0.1969
N87080 Z-0.5207
N87085 Z-0.5994
N87090 G41 X0.4055 Y-3.6496 D14
N87095 G3 X0.5118 Y-3.5433 Z-0.5906 I0. J0.1063
N87100 X0.2756 Z-0.5709 I-0.1181 J0.
N87105 X0.5118 Z-0.5512 I0.1181 J0.
N87110 X0.2756 Z-0.5315 I-0.1181 J0.
N87115 X0.5118 Z-0.5118 I0.1181 J0.
N87120 X0.2756 Z-0.4921 I-0.1181 J0.
N87125 X0.5118 Z-0.4724 I0.1181 J0.
N87130 X0.2756 Z-0.4528 I-0.1181 J0.
N87135 X0.5118 Z-0.4331 I0.1181 J0.
N87140 X0.2756 Z-0.4134 I-0.1181 J0.
N87145 X0.5118 Z-0.3937 I0.1181 J0.
N87150 X0.2756 Z-0.374 I-0.1181 J0.
N87155 X0.5118 Z-0.3543 I0.1181 J0.
N87160 X0.2756 Z-0.3346 I-0.1181 J0.
N87165 X0.5118 Z-0.315 I0.1181 J0.
N87170 X0.2756 Z-0.2953 I-0.1181 J0.
N87175 X0.5118 Z-0.2756 I0.1181 J0.
N87180 X0.2756 Z-0.2559 I-0.1181 J0.
N87185 X0.5118 Z-0.2362 I0.1181 J0.
N87190 X0.2756 Z-0.2165 I-0.1181 J0.
N87195 X0.5118 Z-0.1969 I0.1181 J0.
N87200 X0.2756 Z-0.1772 I-0.1181 J0.
N87205 X0.5118 Z-0.1575 I0.1181 J0.
N87210 X0.2756 Z-0.1378 I-0.1181 J0.
N87215 X0.5118 Z-0.1181 I0.1181 J0.
N87220 X0.2756 Z-0.0984 I-0.1181 J0.
N87225 X0.5118 Z-0.0787 I0.1181 J0.
N87230 X0.2756 Z-0.0591 I-0.1181 J0.
N87235 X0.5118 Z-0.0394 I0.1181 J0.
N87240 X0.4893 Y-3.4739 Z-0.0354 I-0.1181 J0.
N87245 X0.3408 Y-3.4504 Z-0.0266 I-0.086 J-0.0625
N87250 G1 G40 X0.3937 Y-3.5433
N87255 Z0.1969
N87260 X1.1811
N87265 Z-0.5211
N87270 Z-0.5998
N87275 G41 X1.187 Y-3.6437 D14
N87280 G3 X1.2874 Y-3.5433 Z-0.5906 I0. J0.1004
N87285 X1.0748 Z-0.5709 I-0.1063 J0.
N87290 X1.2874 Z-0.5512 I0.1063 J0.
N87295 X1.0748 Z-0.5315 I-0.1063 J0.
N87300 X1.2874 Z-0.5118 I0.1063 J0.
N87305 X1.0748 Z-0.4921 I-0.1063 J0.
N87310 X1.2874 Z-0.4724 I0.1063 J0.
N87315 X1.0748 Z-0.4528 I-0.1063 J0.
N87320 X1.2874 Z-0.4331 I0.1063 J0.
N87325 X1.0748 Z-0.4134 I-0.1063 J0.
N87330 X1.2874 Z-0.3937 I0.1063 J0.
N87335 X1.0748 Z-0.374 I-0.1063 J0.
N87340 X1.2874 Z-0.3543 I0.1063 J0.
N87345 X1.0748 Z-0.3346 I-0.1063 J0.
N87350 X1.2874 Z-0.315 I0.1063 J0.
N87355 X1.0748 Z-0.2953 I-0.1063 J0.
N87360 X1.2874 Z-0.2756 I0.1063 J0.
N87365 X1.0748 Z-0.2559 I-0.1063 J0.
N87370 X1.2874 Z-0.2362 I0.1063 J0.
N87375 X1.0748 Z-0.2165 I-0.1063 J0.
N87380 X1.2874 Z-0.1969 I0.1063 J0.
N87385 X1.0748 Z-0.1772 I-0.1063 J0.
N87390 X1.2874 Z-0.1575 I0.1063 J0.
N87395 X1.0748 Z-0.1378 I-0.1063 J0.
N87400 X1.2874 Z-0.1181 I0.1063 J0.
N87405 X1.0748 Z-0.0984 I-0.1063 J0.
N87410 X1.2874 Z-0.0787 I0.1063 J0.
N87415 X1.0748 Z-0.0591 I-0.1063 J0.
N87420 X1.2874 Z-0.0394 I0.1063 J0.
N87425 X1.2671 Y-3.4808 Z-0.0354 I-0.1063 J0.
N87430 X1.1269 Y-3.4586 Z-0.0261 I-0.0812 J-0.059
N87435 G1 G40 X1.1811 Y-3.5433
N87440 Z0.1969
N87445 Z-0.5209
N87450 Z-0.5996
N87455 G41 X1.19 Y-3.6467 D14
N87460 G3 X1.2933 Y-3.5433 Z-0.5906 I0. J0.1033
N87465 X1.0689 Z-0.5709 I-0.1122 J0.
N87470 X1.2933 Z-0.5512 I0.1122 J0.
N87475 X1.0689 Z-0.5315 I-0.1122 J0.
N87480 X1.2933 Z-0.5118 I0.1122 J0.
N87485 X1.0689 Z-0.4921 I-0.1122 J0.
N87490 X1.2933 Z-0.4724 I0.1122 J0.
N87495 X1.0689 Z-0.4528 I-0.1122 J0.
N87500 X1.2933 Z-0.4331 I0.1122 J0.
N87505 X1.0689 Z-0.4134 I-0.1122 J0.
N87510 X1.2933 Z-0.3937 I0.1122 J0.
N87515 X1.0689 Z-0.374 I-0.1122 J0.
N87520 X1.2933 Z-0.3543 I0.1122 J0.
N87525 X1.0689 Z-0.3346 I-0.1122 J0.
N87530 X1.2933 Z-0.315 I0.1122 J0.
N87535 X1.0689 Z-0.2953 I-0.1122 J0.
N87540 X1.2933 Z-0.2756 I0.1122 J0.
N87545 X1.0689 Z-0.2559 I-0.1122 J0.
N87550 X1.2933 Z-0.2362 I0.1122 J0.
N87555 X1.0689 Z-0.2165 I-0.1122 J0.
N87560 X1.2933 Z-0.1969 I0.1122 J0.
N87565 X1.0689 Z-0.1772 I-0.1122 J0.
N87570 X1.2933 Z-0.1575 I0.1122 J0.
N87575 X1.0689 Z-0.1378 I-0.1122 J0.
N87580 X1.2933 Z-0.1181 I0.1122 J0.
N87585 X1.0689 Z-0.0984 I-0.1122 J0.
N87590 X1.2933 Z-0.0787 I0.1122 J0.
N87595 X1.0689 Z-0.0591 I-0.1122 J0.
N87600 X1.2933 Z-0.0394 I0.1122 J0.
N87605 X1.2719 Y-3.4774 Z-0.0354 I-0.1122 J0.
N87610 X1.1275 Y-3.4545 Z-0.0264 I-0.0836 J-0.0607
N87615 G1 G40 X1.1811 Y-3.5433
N87620 Z0.1969
N87625 Z-0.5207
N87630 Z-0.5994
N87635 G41 X1.1929 Y-3.6496 D14
N87640 G3 X1.2992 Y-3.5433 Z-0.5906 I0. J0.1063
N87645 X1.063 Z-0.5709 I-0.1181 J0.
N87650 X1.2992 Z-0.5512 I0.1181 J0.
N87655 X1.063 Z-0.5315 I-0.1181 J0.
N87660 X1.2992 Z-0.5118 I0.1181 J0.
N87665 X1.063 Z-0.4921 I-0.1181 J0.
N87670 X1.2992 Z-0.4724 I0.1181 J0.
N87675 X1.063 Z-0.4528 I-0.1181 J0.
N87680 X1.2992 Z-0.4331 I0.1181 J0.
N87685 X1.063 Z-0.4134 I-0.1181 J0.
N87690 X1.2992 Z-0.3937 I0.1181 J0.
N87695 X1.063 Z-0.374 I-0.1181 J0.
N87700 X1.2992 Z-0.3543 I0.1181 J0.
N87705 X1.063 Z-0.3346 I-0.1181 J0.
N87710 X1.2992 Z-0.315 I0.1181 J0.
N87715 X1.063 Z-0.2953 I-0.1181 J0.
N87720 X1.2992 Z-0.2756 I0.1181 J0.
N87725 X1.063 Z-0.2559 I-0.1181 J0.
N87730 X1.2992 Z-0.2362 I0.1181 J0.
N87735 X1.063 Z-0.2165 I-0.1181 J0.
N87740 X1.2992 Z-0.1969 I0.1181 J0.
N87745 X1.063 Z-0.1772 I-0.1181 J0.
N87750 X1.2992 Z-0.1575 I0.1181 J0.
N87755 X1.063 Z-0.1378 I-0.1181 J0.
N87760 X1.2992 Z-0.1181 I0.1181 J0.
N87765 X1.063 Z-0.0984 I-0.1181 J0.
N87770 X1.2992 Z-0.0787 I0.1181 J0.
N87775 X1.063 Z-0.0591 I-0.1181 J0.
N87780 X1.2992 Z-0.0394 I0.1181 J0.
N87785 X1.2767 Y-3.4739 Z-0.0354 I-0.1181 J0.
N87790 X1.1282 Y-3.4504 Z-0.0266 I-0.086 J-0.0625
N87795 G1 G40 X1.1811 Y-3.5433
N87800 Z0.1969
N87805 X1.9685
N87810 Z-0.5211
N87815 Z-0.5998
N87820 G41 X1.9744 Y-3.6437 D14
N87825 G3 X2.0748 Y-3.5433 Z-0.5906 I0. J0.1004
N87830 X1.8622 Z-0.5709 I-0.1063 J0.
N87835 X2.0748 Z-0.5512 I0.1063 J0.
N87840 X1.8622 Z-0.5315 I-0.1063 J0.
N87845 X2.0748 Z-0.5118 I0.1063 J0.
N87850 X1.8622 Z-0.4921 I-0.1063 J0.
N87855 X2.0748 Z-0.4724 I0.1063 J0.
N87860 X1.8622 Z-0.4528 I-0.1063 J0.
N87865 X2.0748 Z-0.4331 I0.1063 J0.
N87870 X1.8622 Z-0.4134 I-0.1063 J0.
N87875 X2.0748 Z-0.3937 I0.1063 J0.
N87880 X1.8622 Z-0.374 I-0.1063 J0.
N87885 X2.0748 Z-0.3543 I0.1063 J0.
N87890 X1.8622 Z-0.3346 I-0.1063 J0.
N87895 X2.0748 Z-0.315 I0.1063 J0.
N87900 X1.8622 Z-0.2953 I-0.1063 J0.
N87905 X2.0748 Z-0.2756 I0.1063 J0.
N87910 X1.8622 Z-0.2559 I-0.1063 J0.
N87915 X2.0748 Z-0.2362 I0.1063 J0.
N87920 X1.8622 Z-0.2165 I-0.1063 J0.
N87925 X2.0748 Z-0.1969 I0.1063 J0.
N87930 X1.8622 Z-0.1772 I-0.1063 J0.
N87935 X2.0748 Z-0.1575 I0.1063 J0.
N87940 X1.8622 Z-0.1378 I-0.1063 J0.
N87945 X2.0748 Z-0.1181 I0.1063 J0.
N87950 X1.8622 Z-0.0984 I-0.1063 J0.
N87955 X2.0748 Z-0.0787 I0.1063 J0.
N87960 X1.8622 Z-0.0591 I-0.1063 J0.
N87965 X2.0748 Z-0.0394 I0.1063 J0.
N87970 X2.0545 Y-3.4808 Z-0.0354 I-0.1063 J0.
N87975 X1.9143 Y-3.4586 Z-0.0261 I-0.0812 J-0.059
N87980 G1 G40 X1.9685 Y-3.5433
N87985 Z0.1969
N87990 Z-0.5209
N87995 Z-0.5996
N88000 G41 X1.9774 Y-3.6467 D14
N88005 G3 X2.0807 Y-3.5433 Z-0.5906 I0. J0.1033
N88010 X1.8563 Z-0.5709 I-0.1122 J0.
N88015 X2.0807 Z-0.5512 I0.1122 J0.
N88020 X1.8563 Z-0.5315 I-0.1122 J0.
N88025 X2.0807 Z-0.5118 I0.1122 J0.
N88030 X1.8563 Z-0.4921 I-0.1122 J0.
N88035 X2.0807 Z-0.4724 I0.1122 J0.
N88040 X1.8563 Z-0.4528 I-0.1122 J0.
N88045 X2.0807 Z-0.4331 I0.1122 J0.
N88050 X1.8563 Z-0.4134 I-0.1122 J0.
N88055 X2.0807 Z-0.3937 I0.1122 J0.
N88060 X1.8563 Z-0.374 I-0.1122 J0.
N88065 X2.0807 Z-0.3543 I0.1122 J0.
N88070 X1.8563 Z-0.3346 I-0.1122 J0.
N88075 X2.0807 Z-0.315 I0.1122 J0.
N88080 X1.8563 Z-0.2953 I-0.1122 J0.
N88085 X2.0807 Z-0.2756 I0.1122 J0.
N88090 X1.8563 Z-0.2559 I-0.1122 J0.
N88095 X2.0807 Z-0.2362 I0.1122 J0.
N88100 X1.8563 Z-0.2165 I-0.1122 J0.
N88105 X2.0807 Z-0.1969 I0.1122 J0.
N88110 X1.8563 Z-0.1772 I-0.1122 J0.
N88115 X2.0807 Z-0.1575 I0.1122 J0.
N88120 X1.8563 Z-0.1378 I-0.1122 J0.
N88125 X2.0807 Z-0.1181 I0.1122 J0.
N88130 X1.8563 Z-0.0984 I-0.1122 J0.
N88135 X2.0807 Z-0.0787 I0.1122 J0.
N88140 X1.8563 Z-0.0591 I-0.1122 J0.
N88145 X2.0807 Z-0.0394 I0.1122 J0.
N88150 X2.0593 Y-3.4774 Z-0.0354 I-0.1122 J0.
N88155 X1.9149 Y-3.4545 Z-0.0264 I-0.0836 J-0.0607
N88160 G1 G40 X1.9685 Y-3.5433
N88165 Z0.1969
N88170 Z-0.5207
N88175 Z-0.5994
N88180 G41 X1.9803 Y-3.6496 D14
N88185 G3 X2.0866 Y-3.5433 Z-0.5906 I0. J0.1063
N88190 X1.8504 Z-0.5709 I-0.1181 J0.
N88195 X2.0866 Z-0.5512 I0.1181 J0.
N88200 X1.8504 Z-0.5315 I-0.1181 J0.
N88205 X2.0866 Z-0.5118 I0.1181 J0.
N88210 X1.8504 Z-0.4921 I-0.1181 J0.
N88215 X2.0866 Z-0.4724 I0.1181 J0.
N88220 X1.8504 Z-0.4528 I-0.1181 J0.
N88225 X2.0866 Z-0.4331 I0.1181 J0.
N88230 X1.8504 Z-0.4134 I-0.1181 J0.
N88235 X2.0866 Z-0.3937 I0.1181 J0.
N88240 X1.8504 Z-0.374 I-0.1181 J0.
N88245 X2.0866 Z-0.3543 I0.1181 J0.
N88250 X1.8504 Z-0.3346 I-0.1181 J0.
N88255 X2.0866 Z-0.315 I0.1181 J0.
N88260 X1.8504 Z-0.2953 I-0.1181 J0.
N88265 X2.0866 Z-0.2756 I0.1181 J0.
N88270 X1.8504 Z-0.2559 I-0.1181 J0.
N88275 X2.0866 Z-0.2362 I0.1181 J0.
N88280 X1.8504 Z-0.2165 I-0.1181 J0.
N88285 X2.0866 Z-0.1969 I0.1181 J0.
N88290 X1.8504 Z-0.1772 I-0.1181 J0.
N88295 X2.0866 Z-0.1575 I0.1181 J0.
N88300 X1.8504 Z-0.1378 I-0.1181 J0.
N88305 X2.0866 Z-0.1181 I0.1181 J0.
N88310 X1.8504 Z-0.0984 I-0.1181 J0.
N88315 X2.0866 Z-0.0787 I0.1181 J0.
N88320 X1.8504 Z-0.0591 I-0.1181 J0.
N88325 X2.0866 Z-0.0394 I0.1181 J0.
N88330 X2.0641 Y-3.4739 Z-0.0354 I-0.1181 J0.
N88335 X1.9156 Y-3.4504 Z-0.0266 I-0.086 J-0.0625
N88340 G1 G40 X1.9685 Y-3.5433
N88345 Z0.1969
N88350 X2.7559
N88355 Z-0.5211
N88360 Z-0.5998
N88365 G41 X2.7618 Y-3.6437 D14
N88370 G3 X2.8622 Y-3.5433 Z-0.5906 I0. J0.1004
N88375 X2.6496 Z-0.5709 I-0.1063 J0.
N88380 X2.8622 Z-0.5512 I0.1063 J0.
N88385 X2.6496 Z-0.5315 I-0.1063 J0.
N88390 X2.8622 Z-0.5118 I0.1063 J0.
N88395 X2.6496 Z-0.4921 I-0.1063 J0.
N88400 X2.8622 Z-0.4724 I0.1063 J0.
N88405 X2.6496 Z-0.4528 I-0.1063 J0.
N88410 X2.8622 Z-0.4331 I0.1063 J0.
N88415 X2.6496 Z-0.4134 I-0.1063 J0.
N88420 X2.8622 Z-0.3937 I0.1063 J0.
N88425 X2.6496 Z-0.374 I-0.1063 J0.
N88430 X2.8622 Z-0.3543 I0.1063 J0.
N88435 X2.6496 Z-0.3346 I-0.1063 J0.
N88440 X2.8622 Z-0.315 I0.1063 J0.
N88445 X2.6496 Z-0.2953 I-0.1063 J0.
N88450 X2.8622 Z-0.2756 I0.1063 J0.
N88455 X2.6496 Z-0.2559 I-0.1063 J0.
N88460 X2.8622 Z-0.2362 I0.1063 J0.
N88465 X2.6496 Z-0.2165 I-0.1063 J0.
N88470 X2.8622 Z-0.1969 I0.1063 J0.
N88475 X2.6496 Z-0.1772 I-0.1063 J0.
N88480 X2.8622 Z-0.1575 I0.1063 J0.
N88485 X2.6496 Z-0.1378 I-0.1063 J0.
N88490 X2.8622 Z-0.1181 I0.1063 J0.
N88495 X2.6496 Z-0.0984 I-0.1063 J0.
N88500 X2.8622 Z-0.0787 I0.1063 J0.
N88505 X2.6496 Z-0.0591 I-0.1063 J0.
N88510 X2.8622 Z-0.0394 I0.1063 J0.
N88515 X2.8419 Y-3.4808 Z-0.0354 I-0.1063 J0.
N88520 X2.7017 Y-3.4586 Z-0.0261 I-0.0812 J-0.059
N88525 G1 G40 X2.7559 Y-3.5433
N88530 Z0.1969
N88535 Z-0.5209
N88540 Z-0.5996
N88545 G41 X2.7648 Y-3.6467 D14
N88550 G3 X2.8681 Y-3.5433 Z-0.5906 I0. J0.1033
N88555 X2.6437 Z-0.5709 I-0.1122 J0.
N88560 X2.8681 Z-0.5512 I0.1122 J0.
N88565 X2.6437 Z-0.5315 I-0.1122 J0.
N88570 X2.8681 Z-0.5118 I0.1122 J0.
N88575 X2.6437 Z-0.4921 I-0.1122 J0.
N88580 X2.8681 Z-0.4724 I0.1122 J0.
N88585 X2.6437 Z-0.4528 I-0.1122 J0.
N88590 X2.8681 Z-0.4331 I0.1122 J0.
N88595 X2.6437 Z-0.4134 I-0.1122 J0.
N88600 X2.8681 Z-0.3937 I0.1122 J0.
N88605 X2.6437 Z-0.374 I-0.1122 J0.
N88610 X2.8681 Z-0.3543 I0.1122 J0.
N88615 X2.6437 Z-0.3346 I-0.1122 J0.
N88620 X2.8681 Z-0.315 I0.1122 J0.
N88625 X2.6437 Z-0.2953 I-0.1122 J0.
N88630 X2.8681 Z-0.2756 I0.1122 J0.
N88635 X2.6437 Z-0.2559 I-0.1122 J0.
N88640 X2.8681 Z-0.2362 I0.1122 J0.
N88645 X2.6437 Z-0.2165 I-0.1122 J0.
N88650 X2.8681 Z-0.1969 I0.1122 J0.
N88655 X2.6437 Z-0.1772 I-0.1122 J0.
N88660 X2.8681 Z-0.1575 I0.1122 J0.
N88665 X2.6437 Z-0.1378 I-0.1122 J0.
N88670 X2.8681 Z-0.1181 I0.1122 J0.
N88675 X2.6437 Z-0.0984 I-0.1122 J0.
N88680 X2.8681 Z-0.0787 I0.1122 J0.
N88685 X2.6437 Z-0.0591 I-0.1122 J0.
N88690 X2.8681 Z-0.0394 I0.1122 J0.
N88695 X2.8467 Y-3.4774 Z-0.0354 I-0.1122 J0.
N88700 X2.7023 Y-3.4545 Z-0.0264 I-0.0836 J-0.0607
N88705 G1 G40 X2.7559 Y-3.5433
N88710 Z0.1969
N88715 Z-0.5207
N88720 Z-0.5994
N88725 G41 X2.7677 Y-3.6496 D14
N88730 G3 X2.874 Y-3.5433 Z-0.5906 I0. J0.1063
N88735 X2.6378 Z-0.5709 I-0.1181 J0.
N88740 X2.874 Z-0.5512 I0.1181 J0.
N88745 X2.6378 Z-0.5315 I-0.1181 J0.
N88750 X2.874 Z-0.5118 I0.1181 J0.
N88755 X2.6378 Z-0.4921 I-0.1181 J0.
N88760 X2.874 Z-0.4724 I0.1181 J0.
N88765 X2.6378 Z-0.4528 I-0.1181 J0.
N88770 X2.874 Z-0.4331 I0.1181 J0.
N88775 X2.6378 Z-0.4134 I-0.1181 J0.
N88780 X2.874 Z-0.3937 I0.1181 J0.
N88785 X2.6378 Z-0.374 I-0.1181 J0.
N88790 X2.874 Z-0.3543 I0.1181 J0.
N88795 X2.6378 Z-0.3346 I-0.1181 J0.
N88800 X2.874 Z-0.315 I0.1181 J0.
N88805 X2.6378 Z-0.2953 I-0.1181 J0.
N88810 X2.874 Z-0.2756 I0.1181 J0.
N88815 X2.6378 Z-0.2559 I-0.1181 J0.
N88820 X2.874 Z-0.2362 I0.1181 J0.
N88825 X2.6378 Z-0.2165 I-0.1181 J0.
N88830 X2.874 Z-0.1969 I0.1181 J0.
N88835 X2.6378 Z-0.1772 I-0.1181 J0.
N88840 X2.874 Z-0.1575 I0.1181 J0.
N88845 X2.6378 Z-0.1378 I-0.1181 J0.
N88850 X2.874 Z-0.1181 I0.1181 J0.
N88855 X2.6378 Z-0.0984 I-0.1181 J0.
N88860 X2.874 Z-0.0787 I0.1181 J0.
N88865 X2.6378 Z-0.0591 I-0.1181 J0.
N88870 X2.874 Z-0.0394 I0.1181 J0.
N88875 X2.8515 Y-3.4739 Z-0.0354 I-0.1181 J0.
N88880 X2.703 Y-3.4504 Z-0.0266 I-0.086 J-0.0625
N88885 G1 G40 X2.7559 Y-3.5433
N88890 Z0.1969
N88895 X3.5433
N88900 Z-0.5211
N88905 Z-0.5998
N88910 G41 X3.5492 Y-3.6437 D14
N88915 G3 X3.6496 Y-3.5433 Z-0.5906 I0. J0.1004
N88920 X3.437 Z-0.5709 I-0.1063 J0.
N88925 X3.6496 Z-0.5512 I0.1063 J0.
N88930 X3.437 Z-0.5315 I-0.1063 J0.
N88935 X3.6496 Z-0.5118 I0.1063 J0.
N88940 X3.437 Z-0.4921 I-0.1063 J0.
N88945 X3.6496 Z-0.4724 I0.1063 J0.
N88950 X3.437 Z-0.4528 I-0.1063 J0.
N88955 X3.6496 Z-0.4331 I0.1063 J0.
N88960 X3.437 Z-0.4134 I-0.1063 J0.
N88965 X3.6496 Z-0.3937 I0.1063 J0.
N88970 X3.437 Z-0.374 I-0.1063 J0.
N88975 X3.6496 Z-0.3543 I0.1063 J0.
N88980 X3.437 Z-0.3346 I-0.1063 J0.
N88985 X3.6496 Z-0.315 I0.1063 J0.
N88990 X3.437 Z-0.2953 I-0.1063 J0.
N88995 X3.6496 Z-0.2756 I0.1063 J0.
N89000 X3.437 Z-0.2559 I-0.1063 J0.
N89005 X3.6496 Z-0.2362 I0.1063 J0.
N89010 X3.437 Z-0.2165 I-0.1063 J0.
N89015 X3.6496 Z-0.1969 I0.1063 J0.
N89020 X3.437 Z-0.1772 I-0.1063 J0.
N89025 X3.6496 Z-0.1575 I0.1063 J0.
N89030 X3.437 Z-0.1378 I-0.1063 J0.
N89035 X3.6496 Z-0.1181 I0.1063 J0.
N89040 X3.437 Z-0.0984 I-0.1063 J0.
N89045 X3.6496 Z-0.0787 I0.1063 J0.
N89050 X3.437 Z-0.0591 I-0.1063 J0.
N89055 X3.6496 Z-0.0394 I0.1063 J0.
N89060 X3.6293 Y-3.4808 Z-0.0354 I-0.1063 J0.
N89065 X3.4891 Y-3.4586 Z-0.0261 I-0.0812 J-0.059
N89070 G1 G40 X3.5433 Y-3.5433
N89075 Z0.1969
N89080 Z-0.5209
N89085 Z-0.5996
N89090 G41 X3.5522 Y-3.6467 D14
N89095 G3 X3.6555 Y-3.5433 Z-0.5906 I0. J0.1033
N89100 X3.4311 Z-0.5709 I-0.1122 J0.
N89105 X3.6555 Z-0.5512 I0.1122 J0.
N89110 X3.4311 Z-0.5315 I-0.1122 J0.
N89115 X3.6555 Z-0.5118 I0.1122 J0.
N89120 X3.4311 Z-0.4921 I-0.1122 J0.
N89125 X3.6555 Z-0.4724 I0.1122 J0.
N89130 X3.4311 Z-0.4528 I-0.1122 J0.
N89135 X3.6555 Z-0.4331 I0.1122 J0.
N89140 X3.4311 Z-0.4134 I-0.1122 J0.
N89145 X3.6555 Z-0.3937 I0.1122 J0.
N89150 X3.4311 Z-0.374 I-0.1122 J0.
N89155 X3.6555 Z-0.3543 I0.1122 J0.
N89160 X3.4311 Z-0.3346 I-0.1122 J0.
N89165 X3.6555 Z-0.315 I0.1122 J0.
N89170 X3.4311 Z-0.2953 I-0.1122 J0.
N89175 X3.6555 Z-0.2756 I0.1122 J0.
N89180 X3.4311 Z-0.2559 I-0.1122 J0.
N89185 X3.6555 Z-0.2362 I0.1122 J0.
N89190 X3.4311 Z-0.2165 I-0.1122 J0.
N89195 X3.6555 Z-0.1969 I0.1122 J0.
N89200 X3.4311 Z-0.1772 I-0.1122 J0.
N89205 X3.6555 Z-0.1575 I0.1122 J0.
N89210 X3.4311 Z-0.1378 I-0.1122 J0.
N89215 X3.6555 Z-0.1181 I0.1122 J0.
N89220 X3.4311 Z-0.0984 I-0.1122 J0.
N89225 X3.6555 Z-0.0787 I0.1122 J0.
N89230 X3.4311 Z-0.0591 I-0.1122 J0.
N89235 X3.6555 Z-0.0394 I0.1122 J0.
N89240 X3.6341 Y-3.4774 Z-0.0354 I-0.1122 J0.
N89245 X3.4897 Y-3.4545 Z-0.0264 I-0.0836 J-0.0607
N89250 G1 G40 X3.5433 Y-3.5433
N89255 Z0.1969
N89260 Z-0.5207
N89265 Z-0.5994
N89270 G41 X3.5551 Y-3.6496 D14
N89275 G3 X3.6614 Y-3.5433 Z-0.5906 I0. J0.1063
N89280 X3.4252 Z-0.5709 I-0.1181 J0.
N89285 X3.6614 Z-0.5512 I0.1181 J0.
N89290 X3.4252 Z-0.5315 I-0.1181 J0.
N89295 X3.6614 Z-0.5118 I0.1181 J0.
N89300 X3.4252 Z-0.4921 I-0.1181 J0.
N89305 X3.6614 Z-0.4724 I0.1181 J0.
N89310 X3.4252 Z-0.4528 I-0.1181 J0.
N89315 X3.6614 Z-0.4331 I0.1181 J0.
N89320 X3.4252 Z-0.4134 I-0.1181 J0.
N89325 X3.6614 Z-0.3937 I0.1181 J0.
N89330 X3.4252 Z-0.374 I-0.1181 J0.
N89335 X3.6614 Z-0.3543 I0.1181 J0.
N89340 X3.4252 Z-0.3346 I-0.1181 J0.
N89345 X3.6614 Z-0.315 I0.1181 J0.
N89350 X3.4252 Z-0.2953 I-0.1181 J0.
N89355 X3.6614 Z-0.2756 I0.1181 J0.
N89360 X3.4252 Z-0.2559 I-0.1181 J0.
N89365 X3.6614 Z-0.2362 I0.1181 J0.
N89370 X3.4252 Z-0.2165 I-0.1181 J0.
N89375 X3.6614 Z-0.1969 I0.1181 J0.
N89380 X3.4252 Z-0.1772 I-0.1181 J0.
N89385 X3.6614 Z-0.1575 I0.1181 J0.
N89390 X3.4252 Z-0.1378 I-0.1181 J0.
N89395 X3.6614 Z-0.1181 I0.1181 J0.
N89400 X3.4252 Z-0.0984 I-0.1181 J0.
N89405 X3.6614 Z-0.0787 I0.1181 J0.
N89410 X3.4252 Z-0.0591 I-0.1181 J0.
N89415 X3.6614 Z-0.0394 I0.1181 J0.
N89420 X3.6389 Y-3.4739 Z-0.0354 I-0.1181 J0.
N89425 X3.4904 Y-3.4504 Z-0.0266 I-0.086 J-0.0625
N89430 G1 G40 X3.5433 Y-3.5433
N89435 Z0.1969
N89440 X4.3307
N89445 Z-0.5211
N89450 Z-0.5998
N89455 G41 X4.3366 Y-3.6437 D14
N89460 G3 X4.437 Y-3.5433 Z-0.5906 I0. J0.1004
N89465 X4.2244 Z-0.5709 I-0.1063 J0.
N89470 X4.437 Z-0.5512 I0.1063 J0.
N89475 X4.2244 Z-0.5315 I-0.1063 J0.
N89480 X4.437 Z-0.5118 I0.1063 J0.
N89485 X4.2244 Z-0.4921 I-0.1063 J0.
N89490 X4.437 Z-0.4724 I0.1063 J0.
N89495 X4.2244 Z-0.4528 I-0.1063 J0.
N89500 X4.437 Z-0.4331 I0.1063 J0.
N89505 X4.2244 Z-0.4134 I-0.1063 J0.
N89510 X4.437 Z-0.3937 I0.1063 J0.
N89515 X4.2244 Z-0.374 I-0.1063 J0.
N89520 X4.437 Z-0.3543 I0.1063 J0.
N89525 X4.2244 Z-0.3346 I-0.1063 J0.
N89530 X4.437 Z-0.315 I0.1063 J0.
N89535 X4.2244 Z-0.2953 I-0.1063 J0.
N89540 X4.437 Z-0.2756 I0.1063 J0.
N89545 X4.2244 Z-0.2559 I-0.1063 J0.
N89550 X4.437 Z-0.2362 I0.1063 J0.
N89555 X4.2244 Z-0.2165 I-0.1063 J0.
N89560 X4.437 Z-0.1969 I0.1063 J0.
N89565 X4.2244 Z-0.1772 I-0.1063 J0.
N89570 X4.437 Z-0.1575 I0.1063 J0.
N89575 X4.2244 Z-0.1378 I-0.1063 J0.
N89580 X4.437 Z-0.1181 I0.1063 J0.
N89585 X4.2244 Z-0.0984 I-0.1063 J0.
N89590 X4.437 Z-0.0787 I0.1063 J0.
N89595 X4.2244 Z-0.0591 I-0.1063 J0.
N89600 X4.437 Z-0.0394 I0.1063 J0.
N89605 X4.4167 Y-3.4808 Z-0.0354 I-0.1063 J0.
N89610 X4.2765 Y-3.4586 Z-0.0261 I-0.0812 J-0.059
N89615 G1 G40 X4.3307 Y-3.5433
N89620 Z0.1969
N89625 Z-0.5209
N89630 Z-0.5996
N89635 G41 X4.3396 Y-3.6467 D14
N89640 G3 X4.4429 Y-3.5433 Z-0.5906 I0. J0.1033
N89645 X4.2185 Z-0.5709 I-0.1122 J0.
N89650 X4.4429 Z-0.5512 I0.1122 J0.
N89655 X4.2185 Z-0.5315 I-0.1122 J0.
N89660 X4.4429 Z-0.5118 I0.1122 J0.
N89665 X4.2185 Z-0.4921 I-0.1122 J0.
N89670 X4.4429 Z-0.4724 I0.1122 J0.
N89675 X4.2185 Z-0.4528 I-0.1122 J0.
N89680 X4.4429 Z-0.4331 I0.1122 J0.
N89685 X4.2185 Z-0.4134 I-0.1122 J0.
N89690 X4.4429 Z-0.3937 I0.1122 J0.
N89695 X4.2185 Z-0.374 I-0.1122 J0.
N89700 X4.4429 Z-0.3543 I0.1122 J0.
N89705 X4.2185 Z-0.3346 I-0.1122 J0.
N89710 X4.4429 Z-0.315 I0.1122 J0.
N89715 X4.2185 Z-0.2953 I-0.1122 J0.
N89720 X4.4429 Z-0.2756 I0.1122 J0.
N89725 X4.2185 Z-0.2559 I-0.1122 J0.
N89730 X4.4429 Z-0.2362 I0.1122 J0.
N89735 X4.2185 Z-0.2165 I-0.1122 J0.
N89740 X4.4429 Z-0.1969 I0.1122 J0.
N89745 X4.2185 Z-0.1772 I-0.1122 J0.
N89750 X4.4429 Z-0.1575 I0.1122 J0.
N89755 X4.2185 Z-0.1378 I-0.1122 J0.
N89760 X4.4429 Z-0.1181 I0.1122 J0.
N89765 X4.2185 Z-0.0984 I-0.1122 J0.
N89770 X4.4429 Z-0.0787 I0.1122 J0.
N89775 X4.2185 Z-0.0591 I-0.1122 J0.
N89780 X4.4429 Z-0.0394 I0.1122 J0.
N89785 X4.4215 Y-3.4774 Z-0.0354 I-0.1122 J0.
N89790 X4.2771 Y-3.4545 Z-0.0264 I-0.0836 J-0.0607
N89795 G1 G40 X4.3307 Y-3.5433
N89800 Z0.1969
N89805 Z-0.5207
N89810 Z-0.5994
N89815 G41 X4.3425 Y-3.6496 D14
N89820 G3 X4.4488 Y-3.5433 Z-0.5906 I0. J0.1063
N89825 X4.2126 Z-0.5709 I-0.1181 J0.
N89830 X4.4488 Z-0.5512 I0.1181 J0.
N89835 X4.2126 Z-0.5315 I-0.1181 J0.
N89840 X4.4488 Z-0.5118 I0.1181 J0.
N89845 X4.2126 Z-0.4921 I-0.1181 J0.
N89850 X4.4488 Z-0.4724 I0.1181 J0.
N89855 X4.2126 Z-0.4528 I-0.1181 J0.
N89860 X4.4488 Z-0.4331 I0.1181 J0.
N89865 X4.2126 Z-0.4134 I-0.1181 J0.
N89870 X4.4488 Z-0.3937 I0.1181 J0.
N89875 X4.2126 Z-0.374 I-0.1181 J0.
N89880 X4.4488 Z-0.3543 I0.1181 J0.
N89885 X4.2126 Z-0.3346 I-0.1181 J0.
N89890 X4.4488 Z-0.315 I0.1181 J0.
N89895 X4.2126 Z-0.2953 I-0.1181 J0.
N89900 X4.4488 Z-0.2756 I0.1181 J0.
N89905 X4.2126 Z-0.2559 I-0.1181 J0.
N89910 X4.4488 Z-0.2362 I0.1181 J0.
N89915 X4.2126 Z-0.2165 I-0.1181 J0.
N89920 X4.4488 Z-0.1969 I0.1181 J0.
N89925 X4.2126 Z-0.1772 I-0.1181 J0.
N89930 X4.4488 Z-0.1575 I0.1181 J0.
N89935 X4.2126 Z-0.1378 I-0.1181 J0.
N89940 X4.4488 Z-0.1181 I0.1181 J0.
N89945 X4.2126 Z-0.0984 I-0.1181 J0.
N89950 X4.4488 Z-0.0787 I0.1181 J0.
N89955 X4.2126 Z-0.0591 I-0.1181 J0.
N89960 X4.4488 Z-0.0394 I0.1181 J0.
N89965 X4.4263 Y-3.4739 Z-0.0354 I-0.1181 J0.
N89970 X4.2778 Y-3.4504 Z-0.0266 I-0.086 J-0.0625
N89975 G1 G40 X4.3307 Y-3.5433
N89980 Z0.1969
N89985 X5.1181
N89990 Z-0.5211
N89995 Z-0.5998
N90000 G41 X5.124 Y-3.6437 D14
N90005 G3 X5.2244 Y-3.5433 Z-0.5906 I0. J0.1004
N90010 X5.0118 Z-0.5709 I-0.1063 J0.
N90015 X5.2244 Z-0.5512 I0.1063 J0.
N90020 X5.0118 Z-0.5315 I-0.1063 J0.
N90025 X5.2244 Z-0.5118 I0.1063 J0.
N90030 X5.0118 Z-0.4921 I-0.1063 J0.
N90035 X5.2244 Z-0.4724 I0.1063 J0.
N90040 X5.0118 Z-0.4528 I-0.1063 J0.
N90045 X5.2244 Z-0.4331 I0.1063 J0.
N90050 X5.0118 Z-0.4134 I-0.1063 J0.
N90055 X5.2244 Z-0.3937 I0.1063 J0.
N90060 X5.0118 Z-0.374 I-0.1063 J0.
N90065 X5.2244 Z-0.3543 I0.1063 J0.
N90070 X5.0118 Z-0.3346 I-0.1063 J0.
N90075 X5.2244 Z-0.315 I0.1063 J0.
N90080 X5.0118 Z-0.2953 I-0.1063 J0.
N90085 X5.2244 Z-0.2756 I0.1063 J0.
N90090 X5.0118 Z-0.2559 I-0.1063 J0.
N90095 X5.2244 Z-0.2362 I0.1063 J0.
N90100 X5.0118 Z-0.2165 I-0.1063 J0.
N90105 X5.2244 Z-0.1969 I0.1063 J0.
N90110 X5.0118 Z-0.1772 I-0.1063 J0.
N90115 X5.2244 Z-0.1575 I0.1063 J0.
N90120 X5.0118 Z-0.1378 I-0.1063 J0.
N90125 X5.2244 Z-0.1181 I0.1063 J0.
N90130 X5.0118 Z-0.0984 I-0.1063 J0.
N90135 X5.2244 Z-0.0787 I0.1063 J0.
N90140 X5.0118 Z-0.0591 I-0.1063 J0.
N90145 X5.2244 Z-0.0394 I0.1063 J0.
N90150 X5.2041 Y-3.4808 Z-0.0354 I-0.1063 J0.
N90155 X5.0639 Y-3.4586 Z-0.0261 I-0.0812 J-0.059
N90160 G1 G40 X5.1181 Y-3.5433
N90165 Z0.1969
N90170 Z-0.5209
N90175 Z-0.5996
N90180 G41 X5.127 Y-3.6467 D14
N90185 G3 X5.2303 Y-3.5433 Z-0.5906 I0. J0.1033
N90190 X5.0059 Z-0.5709 I-0.1122 J0.
N90195 X5.2303 Z-0.5512 I0.1122 J0.
N90200 X5.0059 Z-0.5315 I-0.1122 J0.
N90205 X5.2303 Z-0.5118 I0.1122 J0.
N90210 X5.0059 Z-0.4921 I-0.1122 J0.
N90215 X5.2303 Z-0.4724 I0.1122 J0.
N90220 X5.0059 Z-0.4528 I-0.1122 J0.
N90225 X5.2303 Z-0.4331 I0.1122 J0.
N90230 X5.0059 Z-0.4134 I-0.1122 J0.
N90235 X5.2303 Z-0.3937 I0.1122 J0.
N90240 X5.0059 Z-0.374 I-0.1122 J0.
N90245 X5.2303 Z-0.3543 I0.1122 J0.
N90250 X5.0059 Z-0.3346 I-0.1122 J0.
N90255 X5.2303 Z-0.315 I0.1122 J0.
N90260 X5.0059 Z-0.2953 I-0.1122 J0.
N90265 X5.2303 Z-0.2756 I0.1122 J0.
N90270 X5.0059 Z-0.2559 I-0.1122 J0.
N90275 X5.2303 Z-0.2362 I0.1122 J0.
N90280 X5.0059 Z-0.2165 I-0.1122 J0.
N90285 X5.2303 Z-0.1969 I0.1122 J0.
N90290 X5.0059 Z-0.1772 I-0.1122 J0.
N90295 X5.2303 Z-0.1575 I0.1122 J0.
N90300 X5.0059 Z-0.1378 I-0.1122 J0.
N90305 X5.2303 Z-0.1181 I0.1122 J0.
N90310 X5.0059 Z-0.0984 I-0.1122 J0.
N90315 X5.2303 Z-0.0787 I0.1122 J0.
N90320 X5.0059 Z-0.0591 I-0.1122 J0.
N90325 X5.2303 Z-0.0394 I0.1122 J0.
N90330 X5.2089 Y-3.4774 Z-0.0354 I-0.1122 J0.
N90335 X5.0645 Y-3.4545 Z-0.0264 I-0.0836 J-0.0607
N90340 G1 G40 X5.1181 Y-3.5433
N90345 Z0.1969
N90350 Z-0.5207
N90355 Z-0.5994
N90360 G41 X5.1299 Y-3.6496 D14
N90365 G3 X5.2362 Y-3.5433 Z-0.5906 I0. J0.1063
N90370 X5. Z-0.5709 I-0.1181 J0.
N90375 X5.2362 Z-0.5512 I0.1181 J0.
N90380 X5. Z-0.5315 I-0.1181 J0.
N90385 X5.2362 Z-0.5118 I0.1181 J0.
N90390 X5. Z-0.4921 I-0.1181 J0.
N90395 X5.2362 Z-0.4724 I0.1181 J0.
N90400 X5. Z-0.4528 I-0.1181 J0.
N90405 X5.2362 Z-0.4331 I0.1181 J0.
N90410 X5. Z-0.4134 I-0.1181 J0.
N90415 X5.2362 Z-0.3937 I0.1181 J0.
N90420 X5. Z-0.374 I-0.1181 J0.
N90425 X5.2362 Z-0.3543 I0.1181 J0.
N90430 X5. Z-0.3346 I-0.1181 J0.
N90435 X5.2362 Z-0.315 I0.1181 J0.
N90440 X5. Z-0.2953 I-0.1181 J0.
N90445 X5.2362 Z-0.2756 I0.1181 J0.
N90450 X5. Z-0.2559 I-0.1181 J0.
N90455 X5.2362 Z-0.2362 I0.1181 J0.
N90460 X5. Z-0.2165 I-0.1181 J0.
N90465 X5.2362 Z-0.1969 I0.1181 J0.
N90470 X5. Z-0.1772 I-0.1181 J0.
N90475 X5.2362 Z-0.1575 I0.1181 J0.
N90480 X5. Z-0.1378 I-0.1181 J0.
N90485 X5.2362 Z-0.1181 I0.1181 J0.
N90490 X5. Z-0.0984 I-0.1181 J0.
N90495 X5.2362 Z-0.0787 I0.1181 J0.
N90500 X5. Z-0.0591 I-0.1181 J0.
N90505 X5.2362 Z-0.0394 I0.1181 J0.
N90510 X5.2137 Y-3.4739 Z-0.0354 I-0.1181 J0.
N90515 X5.0652 Y-3.4504 Z-0.0266 I-0.086 J-0.0625
N90520 G1 G40 X5.1181 Y-3.5433
N90525 Z0.1969
N90530 Y-4.3307
N90535 Z-0.5211
N90540 Z-0.5998
N90545 G41 X5.124 Y-4.4311 D14
N90550 G3 X5.2244 Y-4.3307 Z-0.5906 I0. J0.1004
N90555 X5.0118 Z-0.5709 I-0.1063 J0.
N90560 X5.2244 Z-0.5512 I0.1063 J0.
N90565 X5.0118 Z-0.5315 I-0.1063 J0.
N90570 X5.2244 Z-0.5118 I0.1063 J0.
N90575 X5.0118 Z-0.4921 I-0.1063 J0.
N90580 X5.2244 Z-0.4724 I0.1063 J0.
N90585 X5.0118 Z-0.4528 I-0.1063 J0.
N90590 X5.2244 Z-0.4331 I0.1063 J0.
N90595 X5.0118 Z-0.4134 I-0.1063 J0.
N90600 X5.2244 Z-0.3937 I0.1063 J0.
N90605 X5.0118 Z-0.374 I-0.1063 J0.
N90610 X5.2244 Z-0.3543 I0.1063 J0.
N90615 X5.0118 Z-0.3346 I-0.1063 J0.
N90620 X5.2244 Z-0.315 I0.1063 J0.
N90625 X5.0118 Z-0.2953 I-0.1063 J0.
N90630 X5.2244 Z-0.2756 I0.1063 J0.
N90635 X5.0118 Z-0.2559 I-0.1063 J0.
N90640 X5.2244 Z-0.2362 I0.1063 J0.
N90645 X5.0118 Z-0.2165 I-0.1063 J0.
N90650 X5.2244 Z-0.1969 I0.1063 J0.
N90655 X5.0118 Z-0.1772 I-0.1063 J0.
N90660 X5.2244 Z-0.1575 I0.1063 J0.
N90665 X5.0118 Z-0.1378 I-0.1063 J0.
N90670 X5.2244 Z-0.1181 I0.1063 J0.
N90675 X5.0118 Z-0.0984 I-0.1063 J0.
N90680 X5.2244 Z-0.0787 I0.1063 J0.
N90685 X5.0118 Z-0.0591 I-0.1063 J0.
N90690 X5.2244 Z-0.0394 I0.1063 J0.
N90695 X5.2041 Y-4.2682 Z-0.0354 I-0.1063 J0.
N90700 X5.0639 Y-4.246 Z-0.0261 I-0.0812 J-0.059
N90705 G1 G40 X5.1181 Y-4.3307
N90710 Z0.1969
N90715 Z-0.5209
N90720 Z-0.5996
N90725 G41 X5.127 Y-4.4341 D14
N90730 G3 X5.2303 Y-4.3307 Z-0.5906 I0. J0.1033
N90735 X5.0059 Z-0.5709 I-0.1122 J0.
N90740 X5.2303 Z-0.5512 I0.1122 J0.
N90745 X5.0059 Z-0.5315 I-0.1122 J0.
N90750 X5.2303 Z-0.5118 I0.1122 J0.
N90755 X5.0059 Z-0.4921 I-0.1122 J0.
N90760 X5.2303 Z-0.4724 I0.1122 J0.
N90765 X5.0059 Z-0.4528 I-0.1122 J0.
N90770 X5.2303 Z-0.4331 I0.1122 J0.
N90775 X5.0059 Z-0.4134 I-0.1122 J0.
N90780 X5.2303 Z-0.3937 I0.1122 J0.
N90785 X5.0059 Z-0.374 I-0.1122 J0.
N90790 X5.2303 Z-0.3543 I0.1122 J0.
N90795 X5.0059 Z-0.3346 I-0.1122 J0.
N90800 X5.2303 Z-0.315 I0.1122 J0.
N90805 X5.0059 Z-0.2953 I-0.1122 J0.
N90810 X5.2303 Z-0.2756 I0.1122 J0.
N90815 X5.0059 Z-0.2559 I-0.1122 J0.
N90820 X5.2303 Z-0.2362 I0.1122 J0.
N90825 X5.0059 Z-0.2165 I-0.1122 J0.
N90830 X5.2303 Z-0.1969 I0.1122 J0.
N90835 X5.0059 Z-0.1772 I-0.1122 J0.
N90840 X5.2303 Z-0.1575 I0.1122 J0.
N90845 X5.0059 Z-0.1378 I-0.1122 J0.
N90850 X5.2303 Z-0.1181 I0.1122 J0.
N90855 X5.0059 Z-0.0984 I-0.1122 J0.
N90860 X5.2303 Z-0.0787 I0.1122 J0.
N90865 X5.0059 Z-0.0591 I-0.1122 J0.
N90870 X5.2303 Z-0.0394 I0.1122 J0.
N90875 X5.2089 Y-4.2648 Z-0.0354 I-0.1122 J0.
N90880 X5.0645 Y-4.2419 Z-0.0264 I-0.0836 J-0.0607
N90885 G1 G40 X5.1181 Y-4.3307
N90890 Z0.1969
N90895 Z-0.5207
N90900 Z-0.5994
N90905 G41 X5.1299 Y-4.437 D14
N90910 G3 X5.2362 Y-4.3307 Z-0.5906 I0. J0.1063
N90915 X5. Z-0.5709 I-0.1181 J0.
N90920 X5.2362 Z-0.5512 I0.1181 J0.
N90925 X5. Z-0.5315 I-0.1181 J0.
N90930 X5.2362 Z-0.5118 I0.1181 J0.
N90935 X5. Z-0.4921 I-0.1181 J0.
N90940 X5.2362 Z-0.4724 I0.1181 J0.
N90945 X5. Z-0.4528 I-0.1181 J0.
N90950 X5.2362 Z-0.4331 I0.1181 J0.
N90955 X5. Z-0.4134 I-0.1181 J0.
N90960 X5.2362 Z-0.3937 I0.1181 J0.
N90965 X5. Z-0.374 I-0.1181 J0.
N90970 X5.2362 Z-0.3543 I0.1181 J0.
N90975 X5. Z-0.3346 I-0.1181 J0.
N90980 X5.2362 Z-0.315 I0.1181 J0.
N90985 X5. Z-0.2953 I-0.1181 J0.
N90990 X5.2362 Z-0.2756 I0.1181 J0.
N90995 X5. Z-0.2559 I-0.1181 J0.
N91000 X5.2362 Z-0.2362 I0.1181 J0.
N91005 X5. Z-0.2165 I-0.1181 J0.
N91010 X5.2362 Z-0.1969 I0.1181 J0.
N91015 X5. Z-0.1772 I-0.1181 J0.
N91020 X5.2362 Z-0.1575 I0.1181 J0.
N91025 X5. Z-0.1378 I-0.1181 J0.
N91030 X5.2362 Z-0.1181 I0.1181 J0.
N91035 X5. Z-0.0984 I-0.1181 J0.
N91040 X5.2362 Z-0.0787 I0.1181 J0.
N91045 X5. Z-0.0591 I-0.1181 J0.
N91050 X5.2362 Z-0.0394 I0.1181 J0.
N91055 X5.2137 Y-4.2613 Z-0.0354 I-0.1181 J0.
N91060 X5.0652 Y-4.2378 Z-0.0266 I-0.086 J-0.0625
N91065 G1 G40 X5.1181 Y-4.3307
N91070 Z0.1969
N91075 X4.3307
N91080 Z-0.5211
N91085 Z-0.5998
N91090 G41 X4.3366 Y-4.4311 D14
N91095 G3 X4.437 Y-4.3307 Z-0.5906 I0. J0.1004
N91100 X4.2244 Z-0.5709 I-0.1063 J0.
N91105 X4.437 Z-0.5512 I0.1063 J0.
N91110 X4.2244 Z-0.5315 I-0.1063 J0.
N91115 X4.437 Z-0.5118 I0.1063 J0.
N91120 X4.2244 Z-0.4921 I-0.1063 J0.
N91125 X4.437 Z-0.4724 I0.1063 J0.
N91130 X4.2244 Z-0.4528 I-0.1063 J0.
N91135 X4.437 Z-0.4331 I0.1063 J0.
N91140 X4.2244 Z-0.4134 I-0.1063 J0.
N91145 X4.437 Z-0.3937 I0.1063 J0.
N91150 X4.2244 Z-0.374 I-0.1063 J0.
N91155 X4.437 Z-0.3543 I0.1063 J0.
N91160 X4.2244 Z-0.3346 I-0.1063 J0.
N91165 X4.437 Z-0.315 I0.1063 J0.
N91170 X4.2244 Z-0.2953 I-0.1063 J0.
N91175 X4.437 Z-0.2756 I0.1063 J0.
N91180 X4.2244 Z-0.2559 I-0.1063 J0.
N91185 X4.437 Z-0.2362 I0.1063 J0.
N91190 X4.2244 Z-0.2165 I-0.1063 J0.
N91195 X4.437 Z-0.1969 I0.1063 J0.
N91200 X4.2244 Z-0.1772 I-0.1063 J0.
N91205 X4.437 Z-0.1575 I0.1063 J0.
N91210 X4.2244 Z-0.1378 I-0.1063 J0.
N91215 X4.437 Z-0.1181 I0.1063 J0.
N91220 X4.2244 Z-0.0984 I-0.1063 J0.
N91225 X4.437 Z-0.0787 I0.1063 J0.
N91230 X4.2244 Z-0.0591 I-0.1063 J0.
N91235 X4.437 Z-0.0394 I0.1063 J0.
N91240 X4.4167 Y-4.2682 Z-0.0354 I-0.1063 J0.
N91245 X4.2765 Y-4.246 Z-0.0261 I-0.0812 J-0.059
N91250 G1 G40 X4.3307 Y-4.3307
N91255 Z0.1969
N91260 Z-0.5209
N91265 Z-0.5996
N91270 G41 X4.3396 Y-4.4341 D14
N91275 G3 X4.4429 Y-4.3307 Z-0.5906 I0. J0.1033
N91280 X4.2185 Z-0.5709 I-0.1122 J0.
N91285 X4.4429 Z-0.5512 I0.1122 J0.
N91290 X4.2185 Z-0.5315 I-0.1122 J0.
N91295 X4.4429 Z-0.5118 I0.1122 J0.
N91300 X4.2185 Z-0.4921 I-0.1122 J0.
N91305 X4.4429 Z-0.4724 I0.1122 J0.
N91310 X4.2185 Z-0.4528 I-0.1122 J0.
N91315 X4.4429 Z-0.4331 I0.1122 J0.
N91320 X4.2185 Z-0.4134 I-0.1122 J0.
N91325 X4.4429 Z-0.3937 I0.1122 J0.
N91330 X4.2185 Z-0.374 I-0.1122 J0.
N91335 X4.4429 Z-0.3543 I0.1122 J0.
N91340 X4.2185 Z-0.3346 I-0.1122 J0.
N91345 X4.4429 Z-0.315 I0.1122 J0.
N91350 X4.2185 Z-0.2953 I-0.1122 J0.
N91355 X4.4429 Z-0.2756 I0.1122 J0.
N91360 X4.2185 Z-0.2559 I-0.1122 J0.
N91365 X4.4429 Z-0.2362 I0.1122 J0.
N91370 X4.2185 Z-0.2165 I-0.1122 J0.
N91375 X4.4429 Z-0.1969 I0.1122 J0.
N91380 X4.2185 Z-0.1772 I-0.1122 J0.
N91385 X4.4429 Z-0.1575 I0.1122 J0.
N91390 X4.2185 Z-0.1378 I-0.1122 J0.
N91395 X4.4429 Z-0.1181 I0.1122 J0.
N91400 X4.2185 Z-0.0984 I-0.1122 J0.
N91405 X4.4429 Z-0.0787 I0.1122 J0.
N91410 X4.2185 Z-0.0591 I-0.1122 J0.
N91415 X4.4429 Z-0.0394 I0.1122 J0.
N91420 X4.4215 Y-4.2648 Z-0.0354 I-0.1122 J0.
N91425 X4.2771 Y-4.2419 Z-0.0264 I-0.0836 J-0.0607
N91430 G1 G40 X4.3307 Y-4.3307
N91435 Z0.1969
N91440 Z-0.5207
N91445 Z-0.5994
N91450 G41 X4.3425 Y-4.437 D14
N91455 G3 X4.4488 Y-4.3307 Z-0.5906 I0. J0.1063
N91460 X4.2126 Z-0.5709 I-0.1181 J0.
N91465 X4.4488 Z-0.5512 I0.1181 J0.
N91470 X4.2126 Z-0.5315 I-0.1181 J0.
N91475 X4.4488 Z-0.5118 I0.1181 J0.
N91480 X4.2126 Z-0.4921 I-0.1181 J0.
N91485 X4.4488 Z-0.4724 I0.1181 J0.
N91490 X4.2126 Z-0.4528 I-0.1181 J0.
N91495 X4.4488 Z-0.4331 I0.1181 J0.
N91500 X4.2126 Z-0.4134 I-0.1181 J0.
N91505 X4.4488 Z-0.3937 I0.1181 J0.
N91510 X4.2126 Z-0.374 I-0.1181 J0.
N91515 X4.4488 Z-0.3543 I0.1181 J0.
N91520 X4.2126 Z-0.3346 I-0.1181 J0.
N91525 X4.4488 Z-0.315 I0.1181 J0.
N91530 X4.2126 Z-0.2953 I-0.1181 J0.
N91535 X4.4488 Z-0.2756 I0.1181 J0.
N91540 X4.2126 Z-0.2559 I-0.1181 J0.
N91545 X4.4488 Z-0.2362 I0.1181 J0.
N91550 X4.2126 Z-0.2165 I-0.1181 J0.
N91555 X4.4488 Z-0.1969 I0.1181 J0.
N91560 X4.2126 Z-0.1772 I-0.1181 J0.
N91565 X4.4488 Z-0.1575 I0.1181 J0.
N91570 X4.2126 Z-0.1378 I-0.1181 J0.
N91575 X4.4488 Z-0.1181 I0.1181 J0.
N91580 X4.2126 Z-0.0984 I-0.1181 J0.
N91585 X4.4488 Z-0.0787 I0.1181 J0.
N91590 X4.2126 Z-0.0591 I-0.1181 J0.
N91595 X4.4488 Z-0.0394 I0.1181 J0.
N91600 X4.4263 Y-4.2613 Z-0.0354 I-0.1181 J0.
N91605 X4.2778 Y-4.2378 Z-0.0266 I-0.086 J-0.0625
N91610 G1 G40 X4.3307 Y-4.3307
N91615 Z0.1969
N91620 X3.5433
N91625 Z-0.5211
N91630 Z-0.5998
N91635 G41 X3.5492 Y-4.4311 D14
N91640 G3 X3.6496 Y-4.3307 Z-0.5906 I0. J0.1004
N91645 X3.437 Z-0.5709 I-0.1063 J0.
N91650 X3.6496 Z-0.5512 I0.1063 J0.
N91655 X3.437 Z-0.5315 I-0.1063 J0.
N91660 X3.6496 Z-0.5118 I0.1063 J0.
N91665 X3.437 Z-0.4921 I-0.1063 J0.
N91670 X3.6496 Z-0.4724 I0.1063 J0.
N91675 X3.437 Z-0.4528 I-0.1063 J0.
N91680 X3.6496 Z-0.4331 I0.1063 J0.
N91685 X3.437 Z-0.4134 I-0.1063 J0.
N91690 X3.6496 Z-0.3937 I0.1063 J0.
N91695 X3.437 Z-0.374 I-0.1063 J0.
N91700 X3.6496 Z-0.3543 I0.1063 J0.
N91705 X3.437 Z-0.3346 I-0.1063 J0.
N91710 X3.6496 Z-0.315 I0.1063 J0.
N91715 X3.437 Z-0.2953 I-0.1063 J0.
N91720 X3.6496 Z-0.2756 I0.1063 J0.
N91725 X3.437 Z-0.2559 I-0.1063 J0.
N91730 X3.6496 Z-0.2362 I0.1063 J0.
N91735 X3.437 Z-0.2165 I-0.1063 J0.
N91740 X3.6496 Z-0.1969 I0.1063 J0.
N91745 X3.437 Z-0.1772 I-0.1063 J0.
N91750 X3.6496 Z-0.1575 I0.1063 J0.
N91755 X3.437 Z-0.1378 I-0.1063 J0.
N91760 X3.6496 Z-0.1181 I0.1063 J0.
N91765 X3.437 Z-0.0984 I-0.1063 J0.
N91770 X3.6496 Z-0.0787 I0.1063 J0.
N91775 X3.437 Z-0.0591 I-0.1063 J0.
N91780 X3.6496 Z-0.0394 I0.1063 J0.
N91785 X3.6293 Y-4.2682 Z-0.0354 I-0.1063 J0.
N91790 X3.4891 Y-4.246 Z-0.0261 I-0.0812 J-0.059
N91795 G1 G40 X3.5433 Y-4.3307
N91800 Z0.1969
N91805 Z-0.5209
N91810 Z-0.5996
N91815 G41 X3.5522 Y-4.4341 D14
N91820 G3 X3.6555 Y-4.3307 Z-0.5906 I0. J0.1033
N91825 X3.4311 Z-0.5709 I-0.1122 J0.
N91830 X3.6555 Z-0.5512 I0.1122 J0.
N91835 X3.4311 Z-0.5315 I-0.1122 J0.
N91840 X3.6555 Z-0.5118 I0.1122 J0.
N91845 X3.4311 Z-0.4921 I-0.1122 J0.
N91850 X3.6555 Z-0.4724 I0.1122 J0.
N91855 X3.4311 Z-0.4528 I-0.1122 J0.
N91860 X3.6555 Z-0.4331 I0.1122 J0.
N91865 X3.4311 Z-0.4134 I-0.1122 J0.
N91870 X3.6555 Z-0.3937 I0.1122 J0.
N91875 X3.4311 Z-0.374 I-0.1122 J0.
N91880 X3.6555 Z-0.3543 I0.1122 J0.
N91885 X3.4311 Z-0.3346 I-0.1122 J0.
N91890 X3.6555 Z-0.315 I0.1122 J0.
N91895 X3.4311 Z-0.2953 I-0.1122 J0.
N91900 X3.6555 Z-0.2756 I0.1122 J0.
N91905 X3.4311 Z-0.2559 I-0.1122 J0.
N91910 X3.6555 Z-0.2362 I0.1122 J0.
N91915 X3.4311 Z-0.2165 I-0.1122 J0.
N91920 X3.6555 Z-0.1969 I0.1122 J0.
N91925 X3.4311 Z-0.1772 I-0.1122 J0.
N91930 X3.6555 Z-0.1575 I0.1122 J0.
N91935 X3.4311 Z-0.1378 I-0.1122 J0.
N91940 X3.6555 Z-0.1181 I0.1122 J0.
N91945 X3.4311 Z-0.0984 I-0.1122 J0.
N91950 X3.6555 Z-0.0787 I0.1122 J0.
N91955 X3.4311 Z-0.0591 I-0.1122 J0.
N91960 X3.6555 Z-0.0394 I0.1122 J0.
N91965 X3.6341 Y-4.2648 Z-0.0354 I-0.1122 J0.
N91970 X3.4897 Y-4.2419 Z-0.0264 I-0.0836 J-0.0607
N91975 G1 G40 X3.5433 Y-4.3307
N91980 Z0.1969
N91985 Z-0.5207
N91990 Z-0.5994
N91995 G41 X3.5551 Y-4.437 D14
N92000 G3 X3.6614 Y-4.3307 Z-0.5906 I0. J0.1063
N92005 X3.4252 Z-0.5709 I-0.1181 J0.
N92010 X3.6614 Z-0.5512 I0.1181 J0.
N92015 X3.4252 Z-0.5315 I-0.1181 J0.
N92020 X3.6614 Z-0.5118 I0.1181 J0.
N92025 X3.4252 Z-0.4921 I-0.1181 J0.
N92030 X3.6614 Z-0.4724 I0.1181 J0.
N92035 X3.4252 Z-0.4528 I-0.1181 J0.
N92040 X3.6614 Z-0.4331 I0.1181 J0.
N92045 X3.4252 Z-0.4134 I-0.1181 J0.
N92050 X3.6614 Z-0.3937 I0.1181 J0.
N92055 X3.4252 Z-0.374 I-0.1181 J0.
N92060 X3.6614 Z-0.3543 I0.1181 J0.
N92065 X3.4252 Z-0.3346 I-0.1181 J0.
N92070 X3.6614 Z-0.315 I0.1181 J0.
N92075 X3.4252 Z-0.2953 I-0.1181 J0.
N92080 X3.6614 Z-0.2756 I0.1181 J0.
N92085 X3.4252 Z-0.2559 I-0.1181 J0.
N92090 X3.6614 Z-0.2362 I0.1181 J0.
N92095 X3.4252 Z-0.2165 I-0.1181 J0.
N92100 X3.6614 Z-0.1969 I0.1181 J0.
N92105 X3.4252 Z-0.1772 I-0.1181 J0.
N92110 X3.6614 Z-0.1575 I0.1181 J0.
N92115 X3.4252 Z-0.1378 I-0.1181 J0.
N92120 X3.6614 Z-0.1181 I0.1181 J0.
N92125 X3.4252 Z-0.0984 I-0.1181 J0.
N92130 X3.6614 Z-0.0787 I0.1181 J0.
N92135 X3.4252 Z-0.0591 I-0.1181 J0.
N92140 X3.6614 Z-0.0394 I0.1181 J0.
N92145 X3.6389 Y-4.2613 Z-0.0354 I-0.1181 J0.
N92150 X3.4904 Y-4.2378 Z-0.0266 I-0.086 J-0.0625
N92155 G1 G40 X3.5433 Y-4.3307
N92160 Z0.1969
N92165 X2.7559
N92170 Z-0.5211
N92175 Z-0.5998
N92180 G41 X2.7618 Y-4.4311 D14
N92185 G3 X2.8622 Y-4.3307 Z-0.5906 I0. J0.1004
N92190 X2.6496 Z-0.5709 I-0.1063 J0.
N92195 X2.8622 Z-0.5512 I0.1063 J0.
N92200 X2.6496 Z-0.5315 I-0.1063 J0.
N92205 X2.8622 Z-0.5118 I0.1063 J0.
N92210 X2.6496 Z-0.4921 I-0.1063 J0.
N92215 X2.8622 Z-0.4724 I0.1063 J0.
N92220 X2.6496 Z-0.4528 I-0.1063 J0.
N92225 X2.8622 Z-0.4331 I0.1063 J0.
N92230 X2.6496 Z-0.4134 I-0.1063 J0.
N92235 X2.8622 Z-0.3937 I0.1063 J0.
N92240 X2.6496 Z-0.374 I-0.1063 J0.
N92245 X2.8622 Z-0.3543 I0.1063 J0.
N92250 X2.6496 Z-0.3346 I-0.1063 J0.
N92255 X2.8622 Z-0.315 I0.1063 J0.
N92260 X2.6496 Z-0.2953 I-0.1063 J0.
N92265 X2.8622 Z-0.2756 I0.1063 J0.
N92270 X2.6496 Z-0.2559 I-0.1063 J0.
N92275 X2.8622 Z-0.2362 I0.1063 J0.
N92280 X2.6496 Z-0.2165 I-0.1063 J0.
N92285 X2.8622 Z-0.1969 I0.1063 J0.
N92290 X2.6496 Z-0.1772 I-0.1063 J0.
N92295 X2.8622 Z-0.1575 I0.1063 J0.
N92300 X2.6496 Z-0.1378 I-0.1063 J0.
N92305 X2.8622 Z-0.1181 I0.1063 J0.
N92310 X2.6496 Z-0.0984 I-0.1063 J0.
N92315 X2.8622 Z-0.0787 I0.1063 J0.
N92320 X2.6496 Z-0.0591 I-0.1063 J0.
N92325 X2.8622 Z-0.0394 I0.1063 J0.
N92330 X2.8419 Y-4.2682 Z-0.0354 I-0.1063 J0.
N92335 X2.7017 Y-4.246 Z-0.0261 I-0.0812 J-0.059
N92340 G1 G40 X2.7559 Y-4.3307
N92345 Z0.1969
N92350 Z-0.5209
N92355 Z-0.5996
N92360 G41 X2.7648 Y-4.4341 D14
N92365 G3 X2.8681 Y-4.3307 Z-0.5906 I0. J0.1033
N92370 X2.6437 Z-0.5709 I-0.1122 J0.
N92375 X2.8681 Z-0.5512 I0.1122 J0.
N92380 X2.6437 Z-0.5315 I-0.1122 J0.
N92385 X2.8681 Z-0.5118 I0.1122 J0.
N92390 X2.6437 Z-0.4921 I-0.1122 J0.
N92395 X2.8681 Z-0.4724 I0.1122 J0.
N92400 X2.6437 Z-0.4528 I-0.1122 J0.
N92405 X2.8681 Z-0.4331 I0.1122 J0.
N92410 X2.6437 Z-0.4134 I-0.1122 J0.
N92415 X2.8681 Z-0.3937 I0.1122 J0.
N92420 X2.6437 Z-0.374 I-0.1122 J0.
N92425 X2.8681 Z-0.3543 I0.1122 J0.
N92430 X2.6437 Z-0.3346 I-0.1122 J0.
N92435 X2.8681 Z-0.315 I0.1122 J0.
N92440 X2.6437 Z-0.2953 I-0.1122 J0.
N92445 X2.8681 Z-0.2756 I0.1122 J0.
N92450 X2.6437 Z-0.2559 I-0.1122 J0.
N92455 X2.8681 Z-0.2362 I0.1122 J0.
N92460 X2.6437 Z-0.2165 I-0.1122 J0.
N92465 X2.8681 Z-0.1969 I0.1122 J0.
N92470 X2.6437 Z-0.1772 I-0.1122 J0.
N92475 X2.8681 Z-0.1575 I0.1122 J0.
N92480 X2.6437 Z-0.1378 I-0.1122 J0.
N92485 X2.8681 Z-0.1181 I0.1122 J0.
N92490 X2.6437 Z-0.0984 I-0.1122 J0.
N92495 X2.8681 Z-0.0787 I0.1122 J0.
N92500 X2.6437 Z-0.0591 I-0.1122 J0.
N92505 X2.8681 Z-0.0394 I0.1122 J0.
N92510 X2.8467 Y-4.2648 Z-0.0354 I-0.1122 J0.
N92515 X2.7023 Y-4.2419 Z-0.0264 I-0.0836 J-0.0607
N92520 G1 G40 X2.7559 Y-4.3307
N92525 Z0.1969
N92530 Z-0.5207
N92535 Z-0.5994
N92540 G41 X2.7677 Y-4.437 D14
N92545 G3 X2.874 Y-4.3307 Z-0.5906 I0. J0.1063
N92550 X2.6378 Z-0.5709 I-0.1181 J0.
N92555 X2.874 Z-0.5512 I0.1181 J0.
N92560 X2.6378 Z-0.5315 I-0.1181 J0.
N92565 X2.874 Z-0.5118 I0.1181 J0.
N92570 X2.6378 Z-0.4921 I-0.1181 J0.
N92575 X2.874 Z-0.4724 I0.1181 J0.
N92580 X2.6378 Z-0.4528 I-0.1181 J0.
N92585 X2.874 Z-0.4331 I0.1181 J0.
N92590 X2.6378 Z-0.4134 I-0.1181 J0.
N92595 X2.874 Z-0.3937 I0.1181 J0.
N92600 X2.6378 Z-0.374 I-0.1181 J0.
N92605 X2.874 Z-0.3543 I0.1181 J0.
N92610 X2.6378 Z-0.3346 I-0.1181 J0.
N92615 X2.874 Z-0.315 I0.1181 J0.
N92620 X2.6378 Z-0.2953 I-0.1181 J0.
N92625 X2.874 Z-0.2756 I0.1181 J0.
N92630 X2.6378 Z-0.2559 I-0.1181 J0.
N92635 X2.874 Z-0.2362 I0.1181 J0.
N92640 X2.6378 Z-0.2165 I-0.1181 J0.
N92645 X2.874 Z-0.1969 I0.1181 J0.
N92650 X2.6378 Z-0.1772 I-0.1181 J0.
N92655 X2.874 Z-0.1575 I0.1181 J0.
N92660 X2.6378 Z-0.1378 I-0.1181 J0.
N92665 X2.874 Z-0.1181 I0.1181 J0.
N92670 X2.6378 Z-0.0984 I-0.1181 J0.
N92675 X2.874 Z-0.0787 I0.1181 J0.
N92680 X2.6378 Z-0.0591 I-0.1181 J0.
N92685 X2.874 Z-0.0394 I0.1181 J0.
N92690 X2.8515 Y-4.2613 Z-0.0354 I-0.1181 J0.
N92695 X2.703 Y-4.2378 Z-0.0266 I-0.086 J-0.0625
N92700 G1 G40 X2.7559 Y-4.3307
N92705 Z0.1969
N92710 X1.9685
N92715 Z-0.5211
N92720 Z-0.5998
N92725 G41 X1.9744 Y-4.4311 D14
N92730 G3 X2.0748 Y-4.3307 Z-0.5906 I0. J0.1004
N92735 X1.8622 Z-0.5709 I-0.1063 J0.
N92740 X2.0748 Z-0.5512 I0.1063 J0.
N92745 X1.8622 Z-0.5315 I-0.1063 J0.
N92750 X2.0748 Z-0.5118 I0.1063 J0.
N92755 X1.8622 Z-0.4921 I-0.1063 J0.
N92760 X2.0748 Z-0.4724 I0.1063 J0.
N92765 X1.8622 Z-0.4528 I-0.1063 J0.
N92770 X2.0748 Z-0.4331 I0.1063 J0.
N92775 X1.8622 Z-0.4134 I-0.1063 J0.
N92780 X2.0748 Z-0.3937 I0.1063 J0.
N92785 X1.8622 Z-0.374 I-0.1063 J0.
N92790 X2.0748 Z-0.3543 I0.1063 J0.
N92795 X1.8622 Z-0.3346 I-0.1063 J0.
N92800 X2.0748 Z-0.315 I0.1063 J0.
N92805 X1.8622 Z-0.2953 I-0.1063 J0.
N92810 X2.0748 Z-0.2756 I0.1063 J0.
N92815 X1.8622 Z-0.2559 I-0.1063 J0.
N92820 X2.0748 Z-0.2362 I0.1063 J0.
N92825 X1.8622 Z-0.2165 I-0.1063 J0.
N92830 X2.0748 Z-0.1969 I0.1063 J0.
N92835 X1.8622 Z-0.1772 I-0.1063 J0.
N92840 X2.0748 Z-0.1575 I0.1063 J0.
N92845 X1.8622 Z-0.1378 I-0.1063 J0.
N92850 X2.0748 Z-0.1181 I0.1063 J0.
N92855 X1.8622 Z-0.0984 I-0.1063 J0.
N92860 X2.0748 Z-0.0787 I0.1063 J0.
N92865 X1.8622 Z-0.0591 I-0.1063 J0.
N92870 X2.0748 Z-0.0394 I0.1063 J0.
N92875 X2.0545 Y-4.2682 Z-0.0354 I-0.1063 J0.
N92880 X1.9143 Y-4.246 Z-0.0261 I-0.0812 J-0.059
N92885 G1 G40 X1.9685 Y-4.3307
N92890 Z0.1969
N92895 Z-0.5209
N92900 Z-0.5996
N92905 G41 X1.9774 Y-4.4341 D14
N92910 G3 X2.0807 Y-4.3307 Z-0.5906 I0. J0.1033
N92915 X1.8563 Z-0.5709 I-0.1122 J0.
N92920 X2.0807 Z-0.5512 I0.1122 J0.
N92925 X1.8563 Z-0.5315 I-0.1122 J0.
N92930 X2.0807 Z-0.5118 I0.1122 J0.
N92935 X1.8563 Z-0.4921 I-0.1122 J0.
N92940 X2.0807 Z-0.4724 I0.1122 J0.
N92945 X1.8563 Z-0.4528 I-0.1122 J0.
N92950 X2.0807 Z-0.4331 I0.1122 J0.
N92955 X1.8563 Z-0.4134 I-0.1122 J0.
N92960 X2.0807 Z-0.3937 I0.1122 J0.
N92965 X1.8563 Z-0.374 I-0.1122 J0.
N92970 X2.0807 Z-0.3543 I0.1122 J0.
N92975 X1.8563 Z-0.3346 I-0.1122 J0.
N92980 X2.0807 Z-0.315 I0.1122 J0.
N92985 X1.8563 Z-0.2953 I-0.1122 J0.
N92990 X2.0807 Z-0.2756 I0.1122 J0.
N92995 X1.8563 Z-0.2559 I-0.1122 J0.
N93000 X2.0807 Z-0.2362 I0.1122 J0.
N93005 X1.8563 Z-0.2165 I-0.1122 J0.
N93010 X2.0807 Z-0.1969 I0.1122 J0.
N93015 X1.8563 Z-0.1772 I-0.1122 J0.
N93020 X2.0807 Z-0.1575 I0.1122 J0.
N93025 X1.8563 Z-0.1378 I-0.1122 J0.
N93030 X2.0807 Z-0.1181 I0.1122 J0.
N93035 X1.8563 Z-0.0984 I-0.1122 J0.
N93040 X2.0807 Z-0.0787 I0.1122 J0.
N93045 X1.8563 Z-0.0591 I-0.1122 J0.
N93050 X2.0807 Z-0.0394 I0.1122 J0.
N93055 X2.0593 Y-4.2648 Z-0.0354 I-0.1122 J0.
N93060 X1.9149 Y-4.2419 Z-0.0264 I-0.0836 J-0.0607
N93065 G1 G40 X1.9685 Y-4.3307
N93070 Z0.1969
N93075 Z-0.5207
N93080 Z-0.5994
N93085 G41 X1.9803 Y-4.437 D14
N93090 G3 X2.0866 Y-4.3307 Z-0.5906 I0. J0.1063
N93095 X1.8504 Z-0.5709 I-0.1181 J0.
N93100 X2.0866 Z-0.5512 I0.1181 J0.
N93105 X1.8504 Z-0.5315 I-0.1181 J0.
N93110 X2.0866 Z-0.5118 I0.1181 J0.
N93115 X1.8504 Z-0.4921 I-0.1181 J0.
N93120 X2.0866 Z-0.4724 I0.1181 J0.
N93125 X1.8504 Z-0.4528 I-0.1181 J0.
N93130 X2.0866 Z-0.4331 I0.1181 J0.
N93135 X1.8504 Z-0.4134 I-0.1181 J0.
N93140 X2.0866 Z-0.3937 I0.1181 J0.
N93145 X1.8504 Z-0.374 I-0.1181 J0.
N93150 X2.0866 Z-0.3543 I0.1181 J0.
N93155 X1.8504 Z-0.3346 I-0.1181 J0.
N93160 X2.0866 Z-0.315 I0.1181 J0.
N93165 X1.8504 Z-0.2953 I-0.1181 J0.
N93170 X2.0866 Z-0.2756 I0.1181 J0.
N93175 X1.8504 Z-0.2559 I-0.1181 J0.
N93180 X2.0866 Z-0.2362 I0.1181 J0.
N93185 X1.8504 Z-0.2165 I-0.1181 J0.
N93190 X2.0866 Z-0.1969 I0.1181 J0.
N93195 X1.8504 Z-0.1772 I-0.1181 J0.
N93200 X2.0866 Z-0.1575 I0.1181 J0.
N93205 X1.8504 Z-0.1378 I-0.1181 J0.
N93210 X2.0866 Z-0.1181 I0.1181 J0.
N93215 X1.8504 Z-0.0984 I-0.1181 J0.
N93220 X2.0866 Z-0.0787 I0.1181 J0.
N93225 X1.8504 Z-0.0591 I-0.1181 J0.
N93230 X2.0866 Z-0.0394 I0.1181 J0.
N93235 X2.0641 Y-4.2613 Z-0.0354 I-0.1181 J0.
N93240 X1.9156 Y-4.2378 Z-0.0266 I-0.086 J-0.0625
N93245 G1 G40 X1.9685 Y-4.3307
N93250 Z0.1969
N93255 X1.1811
N93260 Z-0.5211
N93265 Z-0.5998
N93270 G41 X1.187 Y-4.4311 D14
N93275 G3 X1.2874 Y-4.3307 Z-0.5906 I0. J0.1004
N93280 X1.0748 Z-0.5709 I-0.1063 J0.
N93285 X1.2874 Z-0.5512 I0.1063 J0.
N93290 X1.0748 Z-0.5315 I-0.1063 J0.
N93295 X1.2874 Z-0.5118 I0.1063 J0.
N93300 X1.0748 Z-0.4921 I-0.1063 J0.
N93305 X1.2874 Z-0.4724 I0.1063 J0.
N93310 X1.0748 Z-0.4528 I-0.1063 J0.
N93315 X1.2874 Z-0.4331 I0.1063 J0.
N93320 X1.0748 Z-0.4134 I-0.1063 J0.
N93325 X1.2874 Z-0.3937 I0.1063 J0.
N93330 X1.0748 Z-0.374 I-0.1063 J0.
N93335 X1.2874 Z-0.3543 I0.1063 J0.
N93340 X1.0748 Z-0.3346 I-0.1063 J0.
N93345 X1.2874 Z-0.315 I0.1063 J0.
N93350 X1.0748 Z-0.2953 I-0.1063 J0.
N93355 X1.2874 Z-0.2756 I0.1063 J0.
N93360 X1.0748 Z-0.2559 I-0.1063 J0.
N93365 X1.2874 Z-0.2362 I0.1063 J0.
N93370 X1.0748 Z-0.2165 I-0.1063 J0.
N93375 X1.2874 Z-0.1969 I0.1063 J0.
N93380 X1.0748 Z-0.1772 I-0.1063 J0.
N93385 X1.2874 Z-0.1575 I0.1063 J0.
N93390 X1.0748 Z-0.1378 I-0.1063 J0.
N93395 X1.2874 Z-0.1181 I0.1063 J0.
N93400 X1.0748 Z-0.0984 I-0.1063 J0.
N93405 X1.2874 Z-0.0787 I0.1063 J0.
N93410 X1.0748 Z-0.0591 I-0.1063 J0.
N93415 X1.2874 Z-0.0394 I0.1063 J0.
N93420 X1.2671 Y-4.2682 Z-0.0354 I-0.1063 J0.
N93425 X1.1269 Y-4.246 Z-0.0261 I-0.0812 J-0.059
N93430 G1 G40 X1.1811 Y-4.3307
N93435 Z0.1969
N93440 Z-0.5209
N93445 Z-0.5996
N93450 G41 X1.19 Y-4.4341 D14
N93455 G3 X1.2933 Y-4.3307 Z-0.5906 I0. J0.1033
N93460 X1.0689 Z-0.5709 I-0.1122 J0.
N93465 X1.2933 Z-0.5512 I0.1122 J0.
N93470 X1.0689 Z-0.5315 I-0.1122 J0.
N93475 X1.2933 Z-0.5118 I0.1122 J0.
N93480 X1.0689 Z-0.4921 I-0.1122 J0.
N93485 X1.2933 Z-0.4724 I0.1122 J0.
N93490 X1.0689 Z-0.4528 I-0.1122 J0.
N93495 X1.2933 Z-0.4331 I0.1122 J0.
N93500 X1.0689 Z-0.4134 I-0.1122 J0.
N93505 X1.2933 Z-0.3937 I0.1122 J0.
N93510 X1.0689 Z-0.374 I-0.1122 J0.
N93515 X1.2933 Z-0.3543 I0.1122 J0.
N93520 X1.0689 Z-0.3346 I-0.1122 J0.
N93525 X1.2933 Z-0.315 I0.1122 J0.
N93530 X1.0689 Z-0.2953 I-0.1122 J0.
N93535 X1.2933 Z-0.2756 I0.1122 J0.
N93540 X1.0689 Z-0.2559 I-0.1122 J0.
N93545 X1.2933 Z-0.2362 I0.1122 J0.
N93550 X1.0689 Z-0.2165 I-0.1122 J0.
N93555 X1.2933 Z-0.1969 I0.1122 J0.
N93560 X1.0689 Z-0.1772 I-0.1122 J0.
N93565 X1.2933 Z-0.1575 I0.1122 J0.
N93570 X1.0689 Z-0.1378 I-0.1122 J0.
N93575 X1.2933 Z-0.1181 I0.1122 J0.
N93580 X1.0689 Z-0.0984 I-0.1122 J0.
N93585 X1.2933 Z-0.0787 I0.1122 J0.
N93590 X1.0689 Z-0.0591 I-0.1122 J0.
N93595 X1.2933 Z-0.0394 I0.1122 J0.
N93600 X1.2719 Y-4.2648 Z-0.0354 I-0.1122 J0.
N93605 X1.1275 Y-4.2419 Z-0.0264 I-0.0836 J-0.0607
N93610 G1 G40 X1.1811 Y-4.3307
N93615 Z0.1969
N93620 Z-0.5207
N93625 Z-0.5994
N93630 G41 X1.1929 Y-4.437 D14
N93635 G3 X1.2992 Y-4.3307 Z-0.5906 I0. J0.1063
N93640 X1.063 Z-0.5709 I-0.1181 J0.
N93645 X1.2992 Z-0.5512 I0.1181 J0.
N93650 X1.063 Z-0.5315 I-0.1181 J0.
N93655 X1.2992 Z-0.5118 I0.1181 J0.
N93660 X1.063 Z-0.4921 I-0.1181 J0.
N93665 X1.2992 Z-0.4724 I0.1181 J0.
N93670 X1.063 Z-0.4528 I-0.1181 J0.
N93675 X1.2992 Z-0.4331 I0.1181 J0.
N93680 X1.063 Z-0.4134 I-0.1181 J0.
N93685 X1.2992 Z-0.3937 I0.1181 J0.
N93690 X1.063 Z-0.374 I-0.1181 J0.
N93695 X1.2992 Z-0.3543 I0.1181 J0.
N93700 X1.063 Z-0.3346 I-0.1181 J0.
N93705 X1.2992 Z-0.315 I0.1181 J0.
N93710 X1.063 Z-0.2953 I-0.1181 J0.
N93715 X1.2992 Z-0.2756 I0.1181 J0.
N93720 X1.063 Z-0.2559 I-0.1181 J0.
N93725 X1.2992 Z-0.2362 I0.1181 J0.
N93730 X1.063 Z-0.2165 I-0.1181 J0.
N93735 X1.2992 Z-0.1969 I0.1181 J0.
N93740 X1.063 Z-0.1772 I-0.1181 J0.
N93745 X1.2992 Z-0.1575 I0.1181 J0.
N93750 X1.063 Z-0.1378 I-0.1181 J0.
N93755 X1.2992 Z-0.1181 I0.1181 J0.
N93760 X1.063 Z-0.0984 I-0.1181 J0.
N93765 X1.2992 Z-0.0787 I0.1181 J0.
N93770 X1.063 Z-0.0591 I-0.1181 J0.
N93775 X1.2992 Z-0.0394 I0.1181 J0.
N93780 X1.2767 Y-4.2613 Z-0.0354 I-0.1181 J0.
N93785 X1.1282 Y-4.2378 Z-0.0266 I-0.086 J-0.0625
N93790 G1 G40 X1.1811 Y-4.3307
N93795 Z0.1969
N93800 X0.3937
N93805 Z-0.5211
N93810 Z-0.5998
N93815 G41 X0.3996 Y-4.4311 D14
N93820 G3 X0.5 Y-4.3307 Z-0.5906 I0. J0.1004
N93825 X0.2874 Z-0.5709 I-0.1063 J0.
N93830 X0.5 Z-0.5512 I0.1063 J0.
N93835 X0.2874 Z-0.5315 I-0.1063 J0.
N93840 X0.5 Z-0.5118 I0.1063 J0.
N93845 X0.2874 Z-0.4921 I-0.1063 J0.
N93850 X0.5 Z-0.4724 I0.1063 J0.
N93855 X0.2874 Z-0.4528 I-0.1063 J0.
N93860 X0.5 Z-0.4331 I0.1063 J0.
N93865 X0.2874 Z-0.4134 I-0.1063 J0.
N93870 X0.5 Z-0.3937 I0.1063 J0.
N93875 X0.2874 Z-0.374 I-0.1063 J0.
N93880 X0.5 Z-0.3543 I0.1063 J0.
N93885 X0.2874 Z-0.3346 I-0.1063 J0.
N93890 X0.5 Z-0.315 I0.1063 J0.
N93895 X0.2874 Z-0.2953 I-0.1063 J0.
N93900 X0.5 Z-0.2756 I0.1063 J0.
N93905 X0.2874 Z-0.2559 I-0.1063 J0.
N93910 X0.5 Z-0.2362 I0.1063 J0.
N93915 X0.2874 Z-0.2165 I-0.1063 J0.
N93920 X0.5 Z-0.1969 I0.1063 J0.
N93925 X0.2874 Z-0.1772 I-0.1063 J0.
N93930 X0.5 Z-0.1575 I0.1063 J0.
N93935 X0.2874 Z-0.1378 I-0.1063 J0.
N93940 X0.5 Z-0.1181 I0.1063 J0.
N93945 X0.2874 Z-0.0984 I-0.1063 J0.
N93950 X0.5 Z-0.0787 I0.1063 J0.
N93955 X0.2874 Z-0.0591 I-0.1063 J0.
N93960 X0.5 Z-0.0394 I0.1063 J0.
N93965 X0.4797 Y-4.2682 Z-0.0354 I-0.1063 J0.
N93970 X0.3395 Y-4.246 Z-0.0261 I-0.0812 J-0.059
N93975 G1 G40 X0.3937 Y-4.3307
N93980 Z0.1969
N93985 Z-0.5209
N93990 Z-0.5996
N93995 G41 X0.4026 Y-4.4341 D14
N94000 G3 X0.5059 Y-4.3307 Z-0.5906 I0. J0.1033
N94005 X0.2815 Z-0.5709 I-0.1122 J0.
N94010 X0.5059 Z-0.5512 I0.1122 J0.
N94015 X0.2815 Z-0.5315 I-0.1122 J0.
N94020 X0.5059 Z-0.5118 I0.1122 J0.
N94025 X0.2815 Z-0.4921 I-0.1122 J0.
N94030 X0.5059 Z-0.4724 I0.1122 J0.
N94035 X0.2815 Z-0.4528 I-0.1122 J0.
N94040 X0.5059 Z-0.4331 I0.1122 J0.
N94045 X0.2815 Z-0.4134 I-0.1122 J0.
N94050 X0.5059 Z-0.3937 I0.1122 J0.
N94055 X0.2815 Z-0.374 I-0.1122 J0.
N94060 X0.5059 Z-0.3543 I0.1122 J0.
N94065 X0.2815 Z-0.3346 I-0.1122 J0.
N94070 X0.5059 Z-0.315 I0.1122 J0.
N94075 X0.2815 Z-0.2953 I-0.1122 J0.
N94080 X0.5059 Z-0.2756 I0.1122 J0.
N94085 X0.2815 Z-0.2559 I-0.1122 J0.
N94090 X0.5059 Z-0.2362 I0.1122 J0.
N94095 X0.2815 Z-0.2165 I-0.1122 J0.
N94100 X0.5059 Z-0.1969 I0.1122 J0.
N94105 X0.2815 Z-0.1772 I-0.1122 J0.
N94110 X0.5059 Z-0.1575 I0.1122 J0.
N94115 X0.2815 Z-0.1378 I-0.1122 J0.
N94120 X0.5059 Z-0.1181 I0.1122 J0.
N94125 X0.2815 Z-0.0984 I-0.1122 J0.
N94130 X0.5059 Z-0.0787 I0.1122 J0.
N94135 X0.2815 Z-0.0591 I-0.1122 J0.
N94140 X0.5059 Z-0.0394 I0.1122 J0.
N94145 X0.4845 Y-4.2648 Z-0.0354 I-0.1122 J0.
N94150 X0.3401 Y-4.2419 Z-0.0264 I-0.0836 J-0.0607
N94155 G1 G40 X0.3937 Y-4.3307
N94160 Z0.1969
N94165 Z-0.5207
N94170 Z-0.5994
N94175 G41 X0.4055 Y-4.437 D14
N94180 G3 X0.5118 Y-4.3307 Z-0.5906 I0. J0.1063
N94185 X0.2756 Z-0.5709 I-0.1181 J0.
N94190 X0.5118 Z-0.5512 I0.1181 J0.
N94195 X0.2756 Z-0.5315 I-0.1181 J0.
N94200 X0.5118 Z-0.5118 I0.1181 J0.
N94205 X0.2756 Z-0.4921 I-0.1181 J0.
N94210 X0.5118 Z-0.4724 I0.1181 J0.
N94215 X0.2756 Z-0.4528 I-0.1181 J0.
N94220 X0.5118 Z-0.4331 I0.1181 J0.
N94225 X0.2756 Z-0.4134 I-0.1181 J0.
N94230 X0.5118 Z-0.3937 I0.1181 J0.
N94235 X0.2756 Z-0.374 I-0.1181 J0.
N94240 X0.5118 Z-0.3543 I0.1181 J0.
N94245 X0.2756 Z-0.3346 I-0.1181 J0.
N94250 X0.5118 Z-0.315 I0.1181 J0.
N94255 X0.2756 Z-0.2953 I-0.1181 J0.
N94260 X0.5118 Z-0.2756 I0.1181 J0.
N94265 X0.2756 Z-0.2559 I-0.1181 J0.
N94270 X0.5118 Z-0.2362 I0.1181 J0.
N94275 X0.2756 Z-0.2165 I-0.1181 J0.
N94280 X0.5118 Z-0.1969 I0.1181 J0.
N94285 X0.2756 Z-0.1772 I-0.1181 J0.
N94290 X0.5118 Z-0.1575 I0.1181 J0.
N94295 X0.2756 Z-0.1378 I-0.1181 J0.
N94300 X0.5118 Z-0.1181 I0.1181 J0.
N94305 X0.2756 Z-0.0984 I-0.1181 J0.
N94310 X0.5118 Z-0.0787 I0.1181 J0.
N94315 X0.2756 Z-0.0591 I-0.1181 J0.
N94320 X0.5118 Z-0.0394 I0.1181 J0.
N94325 X0.4893 Y-4.2613 Z-0.0354 I-0.1181 J0.
N94330 X0.3408 Y-4.2378 Z-0.0266 I-0.086 J-0.0625
N94335 G1 G40 X0.3937 Y-4.3307
N94340 Z0.1969
N94345 X-0.3937
N94350 Z-0.5211
N94355 Z-0.5998
N94360 G41 X-0.3878 Y-4.4311 D14
N94365 G3 X-0.2874 Y-4.3307 Z-0.5906 I0. J0.1004
N94370 X-0.5 Z-0.5709 I-0.1063 J0.
N94375 X-0.2874 Z-0.5512 I0.1063 J0.
N94380 X-0.5 Z-0.5315 I-0.1063 J0.
N94385 X-0.2874 Z-0.5118 I0.1063 J0.
N94390 X-0.5 Z-0.4921 I-0.1063 J0.
N94395 X-0.2874 Z-0.4724 I0.1063 J0.
N94400 X-0.5 Z-0.4528 I-0.1063 J0.
N94405 X-0.2874 Z-0.4331 I0.1063 J0.
N94410 X-0.5 Z-0.4134 I-0.1063 J0.
N94415 X-0.2874 Z-0.3937 I0.1063 J0.
N94420 X-0.5 Z-0.374 I-0.1063 J0.
N94425 X-0.2874 Z-0.3543 I0.1063 J0.
N94430 X-0.5 Z-0.3346 I-0.1063 J0.
N94435 X-0.2874 Z-0.315 I0.1063 J0.
N94440 X-0.5 Z-0.2953 I-0.1063 J0.
N94445 X-0.2874 Z-0.2756 I0.1063 J0.
N94450 X-0.5 Z-0.2559 I-0.1063 J0.
N94455 X-0.2874 Z-0.2362 I0.1063 J0.
N94460 X-0.5 Z-0.2165 I-0.1063 J0.
N94465 X-0.2874 Z-0.1969 I0.1063 J0.
N94470 X-0.5 Z-0.1772 I-0.1063 J0.
N94475 X-0.2874 Z-0.1575 I0.1063 J0.
N94480 X-0.5 Z-0.1378 I-0.1063 J0.
N94485 X-0.2874 Z-0.1181 I0.1063 J0.
N94490 X-0.5 Z-0.0984 I-0.1063 J0.
N94495 X-0.2874 Z-0.0787 I0.1063 J0.
N94500 X-0.5 Z-0.0591 I-0.1063 J0.
N94505 X-0.2874 Z-0.0394 I0.1063 J0.
N94510 X-0.3077 Y-4.2682 Z-0.0354 I-0.1063 J0.
N94515 X-0.4479 Y-4.246 Z-0.0261 I-0.0812 J-0.059
N94520 G1 G40 X-0.3937 Y-4.3307
N94525 Z0.1969
N94530 Z-0.5209
N94535 Z-0.5996
N94540 G41 X-0.3848 Y-4.4341 D14
N94545 G3 X-0.2815 Y-4.3307 Z-0.5906 I0. J0.1033
N94550 X-0.5059 Z-0.5709 I-0.1122 J0.
N94555 X-0.2815 Z-0.5512 I0.1122 J0.
N94560 X-0.5059 Z-0.5315 I-0.1122 J0.
N94565 X-0.2815 Z-0.5118 I0.1122 J0.
N94570 X-0.5059 Z-0.4921 I-0.1122 J0.
N94575 X-0.2815 Z-0.4724 I0.1122 J0.
N94580 X-0.5059 Z-0.4528 I-0.1122 J0.
N94585 X-0.2815 Z-0.4331 I0.1122 J0.
N94590 X-0.5059 Z-0.4134 I-0.1122 J0.
N94595 X-0.2815 Z-0.3937 I0.1122 J0.
N94600 X-0.5059 Z-0.374 I-0.1122 J0.
N94605 X-0.2815 Z-0.3543 I0.1122 J0.
N94610 X-0.5059 Z-0.3346 I-0.1122 J0.
N94615 X-0.2815 Z-0.315 I0.1122 J0.
N94620 X-0.5059 Z-0.2953 I-0.1122 J0.
N94625 X-0.2815 Z-0.2756 I0.1122 J0.
N94630 X-0.5059 Z-0.2559 I-0.1122 J0.
N94635 X-0.2815 Z-0.2362 I0.1122 J0.
N94640 X-0.5059 Z-0.2165 I-0.1122 J0.
N94645 X-0.2815 Z-0.1969 I0.1122 J0.
N94650 X-0.5059 Z-0.1772 I-0.1122 J0.
N94655 X-0.2815 Z-0.1575 I0.1122 J0.
N94660 X-0.5059 Z-0.1378 I-0.1122 J0.
N94665 X-0.2815 Z-0.1181 I0.1122 J0.
N94670 X-0.5059 Z-0.0984 I-0.1122 J0.
N94675 X-0.2815 Z-0.0787 I0.1122 J0.
N94680 X-0.5059 Z-0.0591 I-0.1122 J0.
N94685 X-0.2815 Z-0.0394 I0.1122 J0.
N94690 X-0.3029 Y-4.2648 Z-0.0354 I-0.1122 J0.
N94695 X-0.4473 Y-4.2419 Z-0.0264 I-0.0836 J-0.0607
N94700 G1 G40 X-0.3937 Y-4.3307
N94705 Z0.1969
N94710 Z-0.5207
N94715 Z-0.5994
N94720 G41 X-0.3819 Y-4.437 D14
N94725 G3 X-0.2756 Y-4.3307 Z-0.5906 I0. J0.1063
N94730 X-0.5118 Z-0.5709 I-0.1181 J0.
N94735 X-0.2756 Z-0.5512 I0.1181 J0.
N94740 X-0.5118 Z-0.5315 I-0.1181 J0.
N94745 X-0.2756 Z-0.5118 I0.1181 J0.
N94750 X-0.5118 Z-0.4921 I-0.1181 J0.
N94755 X-0.2756 Z-0.4724 I0.1181 J0.
N94760 X-0.5118 Z-0.4528 I-0.1181 J0.
N94765 X-0.2756 Z-0.4331 I0.1181 J0.
N94770 X-0.5118 Z-0.4134 I-0.1181 J0.
N94775 X-0.2756 Z-0.3937 I0.1181 J0.
N94780 X-0.5118 Z-0.374 I-0.1181 J0.
N94785 X-0.2756 Z-0.3543 I0.1181 J0.
N94790 X-0.5118 Z-0.3346 I-0.1181 J0.
N94795 X-0.2756 Z-0.315 I0.1181 J0.
N94800 X-0.5118 Z-0.2953 I-0.1181 J0.
N94805 X-0.2756 Z-0.2756 I0.1181 J0.
N94810 X-0.5118 Z-0.2559 I-0.1181 J0.
N94815 X-0.2756 Z-0.2362 I0.1181 J0.
N94820 X-0.5118 Z-0.2165 I-0.1181 J0.
N94825 X-0.2756 Z-0.1969 I0.1181 J0.
N94830 X-0.5118 Z-0.1772 I-0.1181 J0.
N94835 X-0.2756 Z-0.1575 I0.1181 J0.
N94840 X-0.5118 Z-0.1378 I-0.1181 J0.
N94845 X-0.2756 Z-0.1181 I0.1181 J0.
N94850 X-0.5118 Z-0.0984 I-0.1181 J0.
N94855 X-0.2756 Z-0.0787 I0.1181 J0.
N94860 X-0.5118 Z-0.0591 I-0.1181 J0.
N94865 X-0.2756 Z-0.0394 I0.1181 J0.
N94870 X-0.2981 Y-4.2613 Z-0.0354 I-0.1181 J0.
N94875 X-0.4466 Y-4.2378 Z-0.0266 I-0.086 J-0.0625
N94880 G1 G40 X-0.3937 Y-4.3307
N94885 Z0.1969
N94890 X-1.1811
N94895 Z-0.5211
N94900 Z-0.5998
N94905 G41 X-1.1752 Y-4.4311 D14
N94910 G3 X-1.0748 Y-4.3307 Z-0.5906 I0. J0.1004
N94915 X-1.2874 Z-0.5709 I-0.1063 J0.
N94920 X-1.0748 Z-0.5512 I0.1063 J0.
N94925 X-1.2874 Z-0.5315 I-0.1063 J0.
N94930 X-1.0748 Z-0.5118 I0.1063 J0.
N94935 X-1.2874 Z-0.4921 I-0.1063 J0.
N94940 X-1.0748 Z-0.4724 I0.1063 J0.
N94945 X-1.2874 Z-0.4528 I-0.1063 J0.
N94950 X-1.0748 Z-0.4331 I0.1063 J0.
N94955 X-1.2874 Z-0.4134 I-0.1063 J0.
N94960 X-1.0748 Z-0.3937 I0.1063 J0.
N94965 X-1.2874 Z-0.374 I-0.1063 J0.
N94970 X-1.0748 Z-0.3543 I0.1063 J0.
N94975 X-1.2874 Z-0.3346 I-0.1063 J0.
N94980 X-1.0748 Z-0.315 I0.1063 J0.
N94985 X-1.2874 Z-0.2953 I-0.1063 J0.
N94990 X-1.0748 Z-0.2756 I0.1063 J0.
N94995 X-1.2874 Z-0.2559 I-0.1063 J0.
N95000 X-1.0748 Z-0.2362 I0.1063 J0.
N95005 X-1.2874 Z-0.2165 I-0.1063 J0.
N95010 X-1.0748 Z-0.1969 I0.1063 J0.
N95015 X-1.2874 Z-0.1772 I-0.1063 J0.
N95020 X-1.0748 Z-0.1575 I0.1063 J0.
N95025 X-1.2874 Z-0.1378 I-0.1063 J0.
N95030 X-1.0748 Z-0.1181 I0.1063 J0.
N95035 X-1.2874 Z-0.0984 I-0.1063 J0.
N95040 X-1.0748 Z-0.0787 I0.1063 J0.
N95045 X-1.2874 Z-0.0591 I-0.1063 J0.
N95050 X-1.0748 Z-0.0394 I0.1063 J0.
N95055 X-1.0951 Y-4.2682 Z-0.0354 I-0.1063 J0.
N95060 X-1.2353 Y-4.246 Z-0.0261 I-0.0812 J-0.059
N95065 G1 G40 X-1.1811 Y-4.3307
N95070 Z0.1969
N95075 Z-0.5209
N95080 Z-0.5996
N95085 G41 X-1.1722 Y-4.4341 D14
N95090 G3 X-1.0689 Y-4.3307 Z-0.5906 I0. J0.1033
N95095 X-1.2933 Z-0.5709 I-0.1122 J0.
N95100 X-1.0689 Z-0.5512 I0.1122 J0.
N95105 X-1.2933 Z-0.5315 I-0.1122 J0.
N95110 X-1.0689 Z-0.5118 I0.1122 J0.
N95115 X-1.2933 Z-0.4921 I-0.1122 J0.
N95120 X-1.0689 Z-0.4724 I0.1122 J0.
N95125 X-1.2933 Z-0.4528 I-0.1122 J0.
N95130 X-1.0689 Z-0.4331 I0.1122 J0.
N95135 X-1.2933 Z-0.4134 I-0.1122 J0.
N95140 X-1.0689 Z-0.3937 I0.1122 J0.
N95145 X-1.2933 Z-0.374 I-0.1122 J0.
N95150 X-1.0689 Z-0.3543 I0.1122 J0.
N95155 X-1.2933 Z-0.3346 I-0.1122 J0.
N95160 X-1.0689 Z-0.315 I0.1122 J0.
N95165 X-1.2933 Z-0.2953 I-0.1122 J0.
N95170 X-1.0689 Z-0.2756 I0.1122 J0.
N95175 X-1.2933 Z-0.2559 I-0.1122 J0.
N95180 X-1.0689 Z-0.2362 I0.1122 J0.
N95185 X-1.2933 Z-0.2165 I-0.1122 J0.
N95190 X-1.0689 Z-0.1969 I0.1122 J0.
N95195 X-1.2933 Z-0.1772 I-0.1122 J0.
N95200 X-1.0689 Z-0.1575 I0.1122 J0.
N95205 X-1.2933 Z-0.1378 I-0.1122 J0.
N95210 X-1.0689 Z-0.1181 I0.1122 J0.
N95215 X-1.2933 Z-0.0984 I-0.1122 J0.
N95220 X-1.0689 Z-0.0787 I0.1122 J0.
N95225 X-1.2933 Z-0.0591 I-0.1122 J0.
N95230 X-1.0689 Z-0.0394 I0.1122 J0.
N95235 X-1.0903 Y-4.2648 Z-0.0354 I-0.1122 J0.
N95240 X-1.2347 Y-4.2419 Z-0.0264 I-0.0836 J-0.0607
N95245 G1 G40 X-1.1811 Y-4.3307
N95250 Z0.1969
N95255 Z-0.5207
N95260 Z-0.5994
N95265 G41 X-1.1693 Y-4.437 D14
N95270 G3 X-1.063 Y-4.3307 Z-0.5906 I0. J0.1063
N95275 X-1.2992 Z-0.5709 I-0.1181 J0.
N95280 X-1.063 Z-0.5512 I0.1181 J0.
N95285 X-1.2992 Z-0.5315 I-0.1181 J0.
N95290 X-1.063 Z-0.5118 I0.1181 J0.
N95295 X-1.2992 Z-0.4921 I-0.1181 J0.
N95300 X-1.063 Z-0.4724 I0.1181 J0.
N95305 X-1.2992 Z-0.4528 I-0.1181 J0.
N95310 X-1.063 Z-0.4331 I0.1181 J0.
N95315 X-1.2992 Z-0.4134 I-0.1181 J0.
N95320 X-1.063 Z-0.3937 I0.1181 J0.
N95325 X-1.2992 Z-0.374 I-0.1181 J0.
N95330 X-1.063 Z-0.3543 I0.1181 J0.
N95335 X-1.2992 Z-0.3346 I-0.1181 J0.
N95340 X-1.063 Z-0.315 I0.1181 J0.
N95345 X-1.2992 Z-0.2953 I-0.1181 J0.
N95350 X-1.063 Z-0.2756 I0.1181 J0.
N95355 X-1.2992 Z-0.2559 I-0.1181 J0.
N95360 X-1.063 Z-0.2362 I0.1181 J0.
N95365 X-1.2992 Z-0.2165 I-0.1181 J0.
N95370 X-1.063 Z-0.1969 I0.1181 J0.
N95375 X-1.2992 Z-0.1772 I-0.1181 J0.
N95380 X-1.063 Z-0.1575 I0.1181 J0.
N95385 X-1.2992 Z-0.1378 I-0.1181 J0.
N95390 X-1.063 Z-0.1181 I0.1181 J0.
N95395 X-1.2992 Z-0.0984 I-0.1181 J0.
N95400 X-1.063 Z-0.0787 I0.1181 J0.
N95405 X-1.2992 Z-0.0591 I-0.1181 J0.
N95410 X-1.063 Z-0.0394 I0.1181 J0.
N95415 X-1.0855 Y-4.2613 Z-0.0354 I-0.1181 J0.
N95420 X-1.234 Y-4.2378 Z-0.0266 I-0.086 J-0.0625
N95425 G1 G40 X-1.1811 Y-4.3307
N95430 Z0.1969
N95435 X-1.9685
N95440 Z-0.5211
N95445 Z-0.5998
N95450 G41 X-1.9626 Y-4.4311 D14
N95455 G3 X-1.8622 Y-4.3307 Z-0.5906 I0. J0.1004
N95460 X-2.0748 Z-0.5709 I-0.1063 J0.
N95465 X-1.8622 Z-0.5512 I0.1063 J0.
N95470 X-2.0748 Z-0.5315 I-0.1063 J0.
N95475 X-1.8622 Z-0.5118 I0.1063 J0.
N95480 X-2.0748 Z-0.4921 I-0.1063 J0.
N95485 X-1.8622 Z-0.4724 I0.1063 J0.
N95490 X-2.0748 Z-0.4528 I-0.1063 J0.
N95495 X-1.8622 Z-0.4331 I0.1063 J0.
N95500 X-2.0748 Z-0.4134 I-0.1063 J0.
N95505 X-1.8622 Z-0.3937 I0.1063 J0.
N95510 X-2.0748 Z-0.374 I-0.1063 J0.
N95515 X-1.8622 Z-0.3543 I0.1063 J0.
N95520 X-2.0748 Z-0.3346 I-0.1063 J0.
N95525 X-1.8622 Z-0.315 I0.1063 J0.
N95530 X-2.0748 Z-0.2953 I-0.1063 J0.
N95535 X-1.8622 Z-0.2756 I0.1063 J0.
N95540 X-2.0748 Z-0.2559 I-0.1063 J0.
N95545 X-1.8622 Z-0.2362 I0.1063 J0.
N95550 X-2.0748 Z-0.2165 I-0.1063 J0.
N95555 X-1.8622 Z-0.1969 I0.1063 J0.
N95560 X-2.0748 Z-0.1772 I-0.1063 J0.
N95565 X-1.8622 Z-0.1575 I0.1063 J0.
N95570 X-2.0748 Z-0.1378 I-0.1063 J0.
N95575 X-1.8622 Z-0.1181 I0.1063 J0.
N95580 X-2.0748 Z-0.0984 I-0.1063 J0.
N95585 X-1.8622 Z-0.0787 I0.1063 J0.
N95590 X-2.0748 Z-0.0591 I-0.1063 J0.
N95595 X-1.8622 Z-0.0394 I0.1063 J0.
N95600 X-1.8825 Y-4.2682 Z-0.0354 I-0.1063 J0.
N95605 X-2.0227 Y-4.246 Z-0.0261 I-0.0812 J-0.059
N95610 G1 G40 X-1.9685 Y-4.3307
N95615 Z0.1969
N95620 Z-0.5209
N95625 Z-0.5996
N95630 G41 X-1.9596 Y-4.4341 D14
N95635 G3 X-1.8563 Y-4.3307 Z-0.5906 I0. J0.1033
N95640 X-2.0807 Z-0.5709 I-0.1122 J0.
N95645 X-1.8563 Z-0.5512 I0.1122 J0.
N95650 X-2.0807 Z-0.5315 I-0.1122 J0.
N95655 X-1.8563 Z-0.5118 I0.1122 J0.
N95660 X-2.0807 Z-0.4921 I-0.1122 J0.
N95665 X-1.8563 Z-0.4724 I0.1122 J0.
N95670 X-2.0807 Z-0.4528 I-0.1122 J0.
N95675 X-1.8563 Z-0.4331 I0.1122 J0.
N95680 X-2.0807 Z-0.4134 I-0.1122 J0.
N95685 X-1.8563 Z-0.3937 I0.1122 J0.
N95690 X-2.0807 Z-0.374 I-0.1122 J0.
N95695 X-1.8563 Z-0.3543 I0.1122 J0.
N95700 X-2.0807 Z-0.3346 I-0.1122 J0.
N95705 X-1.8563 Z-0.315 I0.1122 J0.
N95710 X-2.0807 Z-0.2953 I-0.1122 J0.
N95715 X-1.8563 Z-0.2756 I0.1122 J0.
N95720 X-2.0807 Z-0.2559 I-0.1122 J0.
N95725 X-1.8563 Z-0.2362 I0.1122 J0.
N95730 X-2.0807 Z-0.2165 I-0.1122 J0.
N95735 X-1.8563 Z-0.1969 I0.1122 J0.
N95740 X-2.0807 Z-0.1772 I-0.1122 J0.
N95745 X-1.8563 Z-0.1575 I0.1122 J0.
N95750 X-2.0807 Z-0.1378 I-0.1122 J0.
N95755 X-1.8563 Z-0.1181 I0.1122 J0.
N95760 X-2.0807 Z-0.0984 I-0.1122 J0.
N95765 X-1.8563 Z-0.0787 I0.1122 J0.
N95770 X-2.0807 Z-0.0591 I-0.1122 J0.
N95775 X-1.8563 Z-0.0394 I0.1122 J0.
N95780 X-1.8777 Y-4.2648 Z-0.0354 I-0.1122 J0.
N95785 X-2.0221 Y-4.2419 Z-0.0264 I-0.0836 J-0.0607
N95790 G1 G40 X-1.9685 Y-4.3307
N95795 Z0.1969
N95800 Z-0.5207
N95805 Z-0.5994
N95810 G41 X-1.9567 Y-4.437 D14
N95815 G3 X-1.8504 Y-4.3307 Z-0.5906 I0. J0.1063
N95820 X-2.0866 Z-0.5709 I-0.1181 J0.
N95825 X-1.8504 Z-0.5512 I0.1181 J0.
N95830 X-2.0866 Z-0.5315 I-0.1181 J0.
N95835 X-1.8504 Z-0.5118 I0.1181 J0.
N95840 X-2.0866 Z-0.4921 I-0.1181 J0.
N95845 X-1.8504 Z-0.4724 I0.1181 J0.
N95850 X-2.0866 Z-0.4528 I-0.1181 J0.
N95855 X-1.8504 Z-0.4331 I0.1181 J0.
N95860 X-2.0866 Z-0.4134 I-0.1181 J0.
N95865 X-1.8504 Z-0.3937 I0.1181 J0.
N95870 X-2.0866 Z-0.374 I-0.1181 J0.
N95875 X-1.8504 Z-0.3543 I0.1181 J0.
N95880 X-2.0866 Z-0.3346 I-0.1181 J0.
N95885 X-1.8504 Z-0.315 I0.1181 J0.
N95890 X-2.0866 Z-0.2953 I-0.1181 J0.
N95895 X-1.8504 Z-0.2756 I0.1181 J0.
N95900 X-2.0866 Z-0.2559 I-0.1181 J0.
N95905 X-1.8504 Z-0.2362 I0.1181 J0.
N95910 X-2.0866 Z-0.2165 I-0.1181 J0.
N95915 X-1.8504 Z-0.1969 I0.1181 J0.
N95920 X-2.0866 Z-0.1772 I-0.1181 J0.
N95925 X-1.8504 Z-0.1575 I0.1181 J0.
N95930 X-2.0866 Z-0.1378 I-0.1181 J0.
N95935 X-1.8504 Z-0.1181 I0.1181 J0.
N95940 X-2.0866 Z-0.0984 I-0.1181 J0.
N95945 X-1.8504 Z-0.0787 I0.1181 J0.
N95950 X-2.0866 Z-0.0591 I-0.1181 J0.
N95955 X-1.8504 Z-0.0394 I0.1181 J0.
N95960 X-1.873 Y-4.2613 Z-0.0354 I-0.1181 J0.
N95965 X-2.0214 Y-4.2378 Z-0.0266 I-0.086 J-0.0625
N95970 G1 G40 X-1.9685 Y-4.3307
N95975 Z0.1969
N95980 X-2.7559
N95985 Z-0.5211
N95990 Z-0.5998
N95995 G41 X-2.75 Y-4.4311 D14
N96000 G3 X-2.6496 Y-4.3307 Z-0.5906 I0. J0.1004
N96005 X-2.8622 Z-0.5709 I-0.1063 J0.
N96010 X-2.6496 Z-0.5512 I0.1063 J0.
N96015 X-2.8622 Z-0.5315 I-0.1063 J0.
N96020 X-2.6496 Z-0.5118 I0.1063 J0.
N96025 X-2.8622 Z-0.4921 I-0.1063 J0.
N96030 X-2.6496 Z-0.4724 I0.1063 J0.
N96035 X-2.8622 Z-0.4528 I-0.1063 J0.
N96040 X-2.6496 Z-0.4331 I0.1063 J0.
N96045 X-2.8622 Z-0.4134 I-0.1063 J0.
N96050 X-2.6496 Z-0.3937 I0.1063 J0.
N96055 X-2.8622 Z-0.374 I-0.1063 J0.
N96060 X-2.6496 Z-0.3543 I0.1063 J0.
N96065 X-2.8622 Z-0.3346 I-0.1063 J0.
N96070 X-2.6496 Z-0.315 I0.1063 J0.
N96075 X-2.8622 Z-0.2953 I-0.1063 J0.
N96080 X-2.6496 Z-0.2756 I0.1063 J0.
N96085 X-2.8622 Z-0.2559 I-0.1063 J0.
N96090 X-2.6496 Z-0.2362 I0.1063 J0.
N96095 X-2.8622 Z-0.2165 I-0.1063 J0.
N96100 X-2.6496 Z-0.1969 I0.1063 J0.
N96105 X-2.8622 Z-0.1772 I-0.1063 J0.
N96110 X-2.6496 Z-0.1575 I0.1063 J0.
N96115 X-2.8622 Z-0.1378 I-0.1063 J0.
N96120 X-2.6496 Z-0.1181 I0.1063 J0.
N96125 X-2.8622 Z-0.0984 I-0.1063 J0.
N96130 X-2.6496 Z-0.0787 I0.1063 J0.
N96135 X-2.8622 Z-0.0591 I-0.1063 J0.
N96140 X-2.6496 Z-0.0394 I0.1063 J0.
N96145 X-2.6699 Y-4.2682 Z-0.0354 I-0.1063 J0.
N96150 X-2.8101 Y-4.246 Z-0.0261 I-0.0812 J-0.059
N96155 G1 G40 X-2.7559 Y-4.3307
N96160 Z0.1969
N96165 Z-0.5209
N96170 Z-0.5996
N96175 G41 X-2.747 Y-4.4341 D14
N96180 G3 X-2.6437 Y-4.3307 Z-0.5906 I0. J0.1033
N96185 X-2.8681 Z-0.5709 I-0.1122 J0.
N96190 X-2.6437 Z-0.5512 I0.1122 J0.
N96195 X-2.8681 Z-0.5315 I-0.1122 J0.
N96200 X-2.6437 Z-0.5118 I0.1122 J0.
N96205 X-2.8681 Z-0.4921 I-0.1122 J0.
N96210 X-2.6437 Z-0.4724 I0.1122 J0.
N96215 X-2.8681 Z-0.4528 I-0.1122 J0.
N96220 X-2.6437 Z-0.4331 I0.1122 J0.
N96225 X-2.8681 Z-0.4134 I-0.1122 J0.
N96230 X-2.6437 Z-0.3937 I0.1122 J0.
N96235 X-2.8681 Z-0.374 I-0.1122 J0.
N96240 X-2.6437 Z-0.3543 I0.1122 J0.
N96245 X-2.8681 Z-0.3346 I-0.1122 J0.
N96250 X-2.6437 Z-0.315 I0.1122 J0.
N96255 X-2.8681 Z-0.2953 I-0.1122 J0.
N96260 X-2.6437 Z-0.2756 I0.1122 J0.
N96265 X-2.8681 Z-0.2559 I-0.1122 J0.
N96270 X-2.6437 Z-0.2362 I0.1122 J0.
N96275 X-2.8681 Z-0.2165 I-0.1122 J0.
N96280 X-2.6437 Z-0.1969 I0.1122 J0.
N96285 X-2.8681 Z-0.1772 I-0.1122 J0.
N96290 X-2.6437 Z-0.1575 I0.1122 J0.
N96295 X-2.8681 Z-0.1378 I-0.1122 J0.
N96300 X-2.6437 Z-0.1181 I0.1122 J0.
N96305 X-2.8681 Z-0.0984 I-0.1122 J0.
N96310 X-2.6437 Z-0.0787 I0.1122 J0.
N96315 X-2.8681 Z-0.0591 I-0.1122 J0.
N96320 X-2.6437 Z-0.0394 I0.1122 J0.
N96325 X-2.6651 Y-4.2648 Z-0.0354 I-0.1122 J0.
N96330 X-2.8095 Y-4.2419 Z-0.0264 I-0.0836 J-0.0607
N96335 G1 G40 X-2.7559 Y-4.3307
N96340 Z0.1969
N96345 Z-0.5207
N96350 Z-0.5994
N96355 G41 X-2.7441 Y-4.437 D14
N96360 G3 X-2.6378 Y-4.3307 Z-0.5906 I0. J0.1063
N96365 X-2.874 Z-0.5709 I-0.1181 J0.
N96370 X-2.6378 Z-0.5512 I0.1181 J0.
N96375 X-2.874 Z-0.5315 I-0.1181 J0.
N96380 X-2.6378 Z-0.5118 I0.1181 J0.
N96385 X-2.874 Z-0.4921 I-0.1181 J0.
N96390 X-2.6378 Z-0.4724 I0.1181 J0.
N96395 X-2.874 Z-0.4528 I-0.1181 J0.
N96400 X-2.6378 Z-0.4331 I0.1181 J0.
N96405 X-2.874 Z-0.4134 I-0.1181 J0.
N96410 X-2.6378 Z-0.3937 I0.1181 J0.
N96415 X-2.874 Z-0.374 I-0.1181 J0.
N96420 X-2.6378 Z-0.3543 I0.1181 J0.
N96425 X-2.874 Z-0.3346 I-0.1181 J0.
N96430 X-2.6378 Z-0.315 I0.1181 J0.
N96435 X-2.874 Z-0.2953 I-0.1181 J0.
N96440 X-2.6378 Z-0.2756 I0.1181 J0.
N96445 X-2.874 Z-0.2559 I-0.1181 J0.
N96450 X-2.6378 Z-0.2362 I0.1181 J0.
N96455 X-2.874 Z-0.2165 I-0.1181 J0.
N96460 X-2.6378 Z-0.1969 I0.1181 J0.
N96465 X-2.874 Z-0.1772 I-0.1181 J0.
N96470 X-2.6378 Z-0.1575 I0.1181 J0.
N96475 X-2.874 Z-0.1378 I-0.1181 J0.
N96480 X-2.6378 Z-0.1181 I0.1181 J0.
N96485 X-2.874 Z-0.0984 I-0.1181 J0.
N96490 X-2.6378 Z-0.0787 I0.1181 J0.
N96495 X-2.874 Z-0.0591 I-0.1181 J0.
N96500 X-2.6378 Z-0.0394 I0.1181 J0.
N96505 X-2.6604 Y-4.2613 Z-0.0354 I-0.1181 J0.
N96510 X-2.8088 Y-4.2378 Z-0.0266 I-0.086 J-0.0625
N96515 G1 G40 X-2.7559 Y-4.3307
N96520 Z0.1969
N96525 X-3.5433
N96530 Z-0.5211
N96535 Z-0.5998
N96540 G41 X-3.5374 Y-4.4311 D14
N96545 G3 X-3.437 Y-4.3307 Z-0.5906 I0. J0.1004
N96550 X-3.6496 Z-0.5709 I-0.1063 J0.
N96555 X-3.437 Z-0.5512 I0.1063 J0.
N96560 X-3.6496 Z-0.5315 I-0.1063 J0.
N96565 X-3.437 Z-0.5118 I0.1063 J0.
N96570 X-3.6496 Z-0.4921 I-0.1063 J0.
N96575 X-3.437 Z-0.4724 I0.1063 J0.
N96580 X-3.6496 Z-0.4528 I-0.1063 J0.
N96585 X-3.437 Z-0.4331 I0.1063 J0.
N96590 X-3.6496 Z-0.4134 I-0.1063 J0.
N96595 X-3.437 Z-0.3937 I0.1063 J0.
N96600 X-3.6496 Z-0.374 I-0.1063 J0.
N96605 X-3.437 Z-0.3543 I0.1063 J0.
N96610 X-3.6496 Z-0.3346 I-0.1063 J0.
N96615 X-3.437 Z-0.315 I0.1063 J0.
N96620 X-3.6496 Z-0.2953 I-0.1063 J0.
N96625 X-3.437 Z-0.2756 I0.1063 J0.
N96630 X-3.6496 Z-0.2559 I-0.1063 J0.
N96635 X-3.437 Z-0.2362 I0.1063 J0.
N96640 X-3.6496 Z-0.2165 I-0.1063 J0.
N96645 X-3.437 Z-0.1969 I0.1063 J0.
N96650 X-3.6496 Z-0.1772 I-0.1063 J0.
N96655 X-3.437 Z-0.1575 I0.1063 J0.
N96660 X-3.6496 Z-0.1378 I-0.1063 J0.
N96665 X-3.437 Z-0.1181 I0.1063 J0.
N96670 X-3.6496 Z-0.0984 I-0.1063 J0.
N96675 X-3.437 Z-0.0787 I0.1063 J0.
N96680 X-3.6496 Z-0.0591 I-0.1063 J0.
N96685 X-3.437 Z-0.0394 I0.1063 J0.
N96690 X-3.4573 Y-4.2682 Z-0.0354 I-0.1063 J0.
N96695 X-3.5975 Y-4.246 Z-0.0261 I-0.0812 J-0.059
N96700 G1 G40 X-3.5433 Y-4.3307
N96705 Z0.1969
N96710 Z-0.5209
N96715 Z-0.5996
N96720 G41 X-3.5344 Y-4.4341 D14
N96725 G3 X-3.4311 Y-4.3307 Z-0.5906 I0. J0.1033
N96730 X-3.6555 Z-0.5709 I-0.1122 J0.
N96735 X-3.4311 Z-0.5512 I0.1122 J0.
N96740 X-3.6555 Z-0.5315 I-0.1122 J0.
N96745 X-3.4311 Z-0.5118 I0.1122 J0.
N96750 X-3.6555 Z-0.4921 I-0.1122 J0.
N96755 X-3.4311 Z-0.4724 I0.1122 J0.
N96760 X-3.6555 Z-0.4528 I-0.1122 J0.
N96765 X-3.4311 Z-0.4331 I0.1122 J0.
N96770 X-3.6555 Z-0.4134 I-0.1122 J0.
N96775 X-3.4311 Z-0.3937 I0.1122 J0.
N96780 X-3.6555 Z-0.374 I-0.1122 J0.
N96785 X-3.4311 Z-0.3543 I0.1122 J0.
N96790 X-3.6555 Z-0.3346 I-0.1122 J0.
N96795 X-3.4311 Z-0.315 I0.1122 J0.
N96800 X-3.6555 Z-0.2953 I-0.1122 J0.
N96805 X-3.4311 Z-0.2756 I0.1122 J0.
N96810 X-3.6555 Z-0.2559 I-0.1122 J0.
N96815 X-3.4311 Z-0.2362 I0.1122 J0.
N96820 X-3.6555 Z-0.2165 I-0.1122 J0.
N96825 X-3.4311 Z-0.1969 I0.1122 J0.
N96830 X-3.6555 Z-0.1772 I-0.1122 J0.
N96835 X-3.4311 Z-0.1575 I0.1122 J0.
N96840 X-3.6555 Z-0.1378 I-0.1122 J0.
N96845 X-3.4311 Z-0.1181 I0.1122 J0.
N96850 X-3.6555 Z-0.0984 I-0.1122 J0.
N96855 X-3.4311 Z-0.0787 I0.1122 J0.
N96860 X-3.6555 Z-0.0591 I-0.1122 J0.
N96865 X-3.4311 Z-0.0394 I0.1122 J0.
N96870 X-3.4525 Y-4.2648 Z-0.0354 I-0.1122 J0.
N96875 X-3.5969 Y-4.2419 Z-0.0264 I-0.0836 J-0.0607
N96880 G1 G40 X-3.5433 Y-4.3307
N96885 Z0.1969
N96890 Z-0.5207
N96895 Z-0.5994
N96900 G41 X-3.5315 Y-4.437 D14
N96905 G3 X-3.4252 Y-4.3307 Z-0.5906 I0. J0.1063
N96910 X-3.6614 Z-0.5709 I-0.1181 J0.
N96915 X-3.4252 Z-0.5512 I0.1181 J0.
N96920 X-3.6614 Z-0.5315 I-0.1181 J0.
N96925 X-3.4252 Z-0.5118 I0.1181 J0.
N96930 X-3.6614 Z-0.4921 I-0.1181 J0.
N96935 X-3.4252 Z-0.4724 I0.1181 J0.
N96940 X-3.6614 Z-0.4528 I-0.1181 J0.
N96945 X-3.4252 Z-0.4331 I0.1181 J0.
N96950 X-3.6614 Z-0.4134 I-0.1181 J0.
N96955 X-3.4252 Z-0.3937 I0.1181 J0.
N96960 X-3.6614 Z-0.374 I-0.1181 J0.
N96965 X-3.4252 Z-0.3543 I0.1181 J0.
N96970 X-3.6614 Z-0.3346 I-0.1181 J0.
N96975 X-3.4252 Z-0.315 I0.1181 J0.
N96980 X-3.6614 Z-0.2953 I-0.1181 J0.
N96985 X-3.4252 Z-0.2756 I0.1181 J0.
N96990 X-3.6614 Z-0.2559 I-0.1181 J0.
N96995 X-3.4252 Z-0.2362 I0.1181 J0.
N97000 X-3.6614 Z-0.2165 I-0.1181 J0.
N97005 X-3.4252 Z-0.1969 I0.1181 J0.
N97010 X-3.6614 Z-0.1772 I-0.1181 J0.
N97015 X-3.4252 Z-0.1575 I0.1181 J0.
N97020 X-3.6614 Z-0.1378 I-0.1181 J0.
N97025 X-3.4252 Z-0.1181 I0.1181 J0.
N97030 X-3.6614 Z-0.0984 I-0.1181 J0.
N97035 X-3.4252 Z-0.0787 I0.1181 J0.
N97040 X-3.6614 Z-0.0591 I-0.1181 J0.
N97045 X-3.4252 Z-0.0394 I0.1181 J0.
N97050 X-3.4478 Y-4.2613 Z-0.0354 I-0.1181 J0.
N97055 X-3.5962 Y-4.2378 Z-0.0266 I-0.086 J-0.0625
N97060 G1 G40 X-3.5433 Y-4.3307
N97065 Z0.1969
N97070 X-4.3307
N97075 Z-0.5211
N97080 Z-0.5998
N97085 G41 X-4.3248 Y-4.4311 D14
N97090 G3 X-4.2244 Y-4.3307 Z-0.5906 I0. J0.1004
N97095 X-4.437 Z-0.5709 I-0.1063 J0.
N97100 X-4.2244 Z-0.5512 I0.1063 J0.
N97105 X-4.437 Z-0.5315 I-0.1063 J0.
N97110 X-4.2244 Z-0.5118 I0.1063 J0.
N97115 X-4.437 Z-0.4921 I-0.1063 J0.
N97120 X-4.2244 Z-0.4724 I0.1063 J0.
N97125 X-4.437 Z-0.4528 I-0.1063 J0.
N97130 X-4.2244 Z-0.4331 I0.1063 J0.
N97135 X-4.437 Z-0.4134 I-0.1063 J0.
N97140 X-4.2244 Z-0.3937 I0.1063 J0.
N97145 X-4.437 Z-0.374 I-0.1063 J0.
N97150 X-4.2244 Z-0.3543 I0.1063 J0.
N97155 X-4.437 Z-0.3346 I-0.1063 J0.
N97160 X-4.2244 Z-0.315 I0.1063 J0.
N97165 X-4.437 Z-0.2953 I-0.1063 J0.
N97170 X-4.2244 Z-0.2756 I0.1063 J0.
N97175 X-4.437 Z-0.2559 I-0.1063 J0.
N97180 X-4.2244 Z-0.2362 I0.1063 J0.
N97185 X-4.437 Z-0.2165 I-0.1063 J0.
N97190 X-4.2244 Z-0.1969 I0.1063 J0.
N97195 X-4.437 Z-0.1772 I-0.1063 J0.
N97200 X-4.2244 Z-0.1575 I0.1063 J0.
N97205 X-4.437 Z-0.1378 I-0.1063 J0.
N97210 X-4.2244 Z-0.1181 I0.1063 J0.
N97215 X-4.437 Z-0.0984 I-0.1063 J0.
N97220 X-4.2244 Z-0.0787 I0.1063 J0.
N97225 X-4.437 Z-0.0591 I-0.1063 J0.
N97230 X-4.2244 Z-0.0394 I0.1063 J0.
N97235 X-4.2447 Y-4.2682 Z-0.0354 I-0.1063 J0.
N97240 X-4.3849 Y-4.246 Z-0.0261 I-0.0812 J-0.059
N97245 G1 G40 X-4.3307 Y-4.3307
N97250 Z0.1969
N97255 Z-0.5209
N97260 Z-0.5996
N97265 G41 X-4.3219 Y-4.4341 D14
N97270 G3 X-4.2185 Y-4.3307 Z-0.5906 I0. J0.1033
N97275 X-4.4429 Z-0.5709 I-0.1122 J0.
N97280 X-4.2185 Z-0.5512 I0.1122 J0.
N97285 X-4.4429 Z-0.5315 I-0.1122 J0.
N97290 X-4.2185 Z-0.5118 I0.1122 J0.
N97295 X-4.4429 Z-0.4921 I-0.1122 J0.
N97300 X-4.2185 Z-0.4724 I0.1122 J0.
N97305 X-4.4429 Z-0.4528 I-0.1122 J0.
N97310 X-4.2185 Z-0.4331 I0.1122 J0.
N97315 X-4.4429 Z-0.4134 I-0.1122 J0.
N97320 X-4.2185 Z-0.3937 I0.1122 J0.
N97325 X-4.4429 Z-0.374 I-0.1122 J0.
N97330 X-4.2185 Z-0.3543 I0.1122 J0.
N97335 X-4.4429 Z-0.3346 I-0.1122 J0.
N97340 X-4.2185 Z-0.315 I0.1122 J0.
N97345 X-4.4429 Z-0.2953 I-0.1122 J0.
N97350 X-4.2185 Z-0.2756 I0.1122 J0.
N97355 X-4.4429 Z-0.2559 I-0.1122 J0.
N97360 X-4.2185 Z-0.2362 I0.1122 J0.
N97365 X-4.4429 Z-0.2165 I-0.1122 J0.
N97370 X-4.2185 Z-0.1969 I0.1122 J0.
N97375 X-4.4429 Z-0.1772 I-0.1122 J0.
N97380 X-4.2185 Z-0.1575 I0.1122 J0.
N97385 X-4.4429 Z-0.1378 I-0.1122 J0.
N97390 X-4.2185 Z-0.1181 I0.1122 J0.
N97395 X-4.4429 Z-0.0984 I-0.1122 J0.
N97400 X-4.2185 Z-0.0787 I0.1122 J0.
N97405 X-4.4429 Z-0.0591 I-0.1122 J0.
N97410 X-4.2185 Z-0.0394 I0.1122 J0.
N97415 X-4.2399 Y-4.2648 Z-0.0354 I-0.1122 J0.
N97420 X-4.3843 Y-4.2419 Z-0.0264 I-0.0836 J-0.0607
N97425 G1 G40 X-4.3307 Y-4.3307
N97430 Z0.1969
N97435 Z-0.5207
N97440 Z-0.5994
N97445 G41 X-4.3189 Y-4.437 D14
N97450 G3 X-4.2126 Y-4.3307 Z-0.5906 I0. J0.1063
N97455 X-4.4488 Z-0.5709 I-0.1181 J0.
N97460 X-4.2126 Z-0.5512 I0.1181 J0.
N97465 X-4.4488 Z-0.5315 I-0.1181 J0.
N97470 X-4.2126 Z-0.5118 I0.1181 J0.
N97475 X-4.4488 Z-0.4921 I-0.1181 J0.
N97480 X-4.2126 Z-0.4724 I0.1181 J0.
N97485 X-4.4488 Z-0.4528 I-0.1181 J0.
N97490 X-4.2126 Z-0.4331 I0.1181 J0.
N97495 X-4.4488 Z-0.4134 I-0.1181 J0.
N97500 X-4.2126 Z-0.3937 I0.1181 J0.
N97505 X-4.4488 Z-0.374 I-0.1181 J0.
N97510 X-4.2126 Z-0.3543 I0.1181 J0.
N97515 X-4.4488 Z-0.3346 I-0.1181 J0.
N97520 X-4.2126 Z-0.315 I0.1181 J0.
N97525 X-4.4488 Z-0.2953 I-0.1181 J0.
N97530 X-4.2126 Z-0.2756 I0.1181 J0.
N97535 X-4.4488 Z-0.2559 I-0.1181 J0.
N97540 X-4.2126 Z-0.2362 I0.1181 J0.
N97545 X-4.4488 Z-0.2165 I-0.1181 J0.
N97550 X-4.2126 Z-0.1969 I0.1181 J0.
N97555 X-4.4488 Z-0.1772 I-0.1181 J0.
N97560 X-4.2126 Z-0.1575 I0.1181 J0.
N97565 X-4.4488 Z-0.1378 I-0.1181 J0.
N97570 X-4.2126 Z-0.1181 I0.1181 J0.
N97575 X-4.4488 Z-0.0984 I-0.1181 J0.
N97580 X-4.2126 Z-0.0787 I0.1181 J0.
N97585 X-4.4488 Z-0.0591 I-0.1181 J0.
N97590 X-4.2126 Z-0.0394 I0.1181 J0.
N97595 X-4.2352 Y-4.2613 Z-0.0354 I-0.1181 J0.
N97600 X-4.3836 Y-4.2378 Z-0.0266 I-0.086 J-0.0625
N97605 G1 G40 X-4.3307 Y-4.3307
N97610 Z0.1969
N97615 X-5.1181
N97620 Z-0.5211
N97625 Z-0.5998
N97630 G41 X-5.1122 Y-4.4311 D14
N97635 G3 X-5.0118 Y-4.3307 Z-0.5906 I0. J0.1004
N97640 X-5.2244 Z-0.5709 I-0.1063 J0.
N97645 X-5.0118 Z-0.5512 I0.1063 J0.
N97650 X-5.2244 Z-0.5315 I-0.1063 J0.
N97655 X-5.0118 Z-0.5118 I0.1063 J0.
N97660 X-5.2244 Z-0.4921 I-0.1063 J0.
N97665 X-5.0118 Z-0.4724 I0.1063 J0.
N97670 X-5.2244 Z-0.4528 I-0.1063 J0.
N97675 X-5.0118 Z-0.4331 I0.1063 J0.
N97680 X-5.2244 Z-0.4134 I-0.1063 J0.
N97685 X-5.0118 Z-0.3937 I0.1063 J0.
N97690 X-5.2244 Z-0.374 I-0.1063 J0.
N97695 X-5.0118 Z-0.3543 I0.1063 J0.
N97700 X-5.2244 Z-0.3346 I-0.1063 J0.
N97705 X-5.0118 Z-0.315 I0.1063 J0.
N97710 X-5.2244 Z-0.2953 I-0.1063 J0.
N97715 X-5.0118 Z-0.2756 I0.1063 J0.
N97720 X-5.2244 Z-0.2559 I-0.1063 J0.
N97725 X-5.0118 Z-0.2362 I0.1063 J0.
N97730 X-5.2244 Z-0.2165 I-0.1063 J0.
N97735 X-5.0118 Z-0.1969 I0.1063 J0.
N97740 X-5.2244 Z-0.1772 I-0.1063 J0.
N97745 X-5.0118 Z-0.1575 I0.1063 J0.
N97750 X-5.2244 Z-0.1378 I-0.1063 J0.
N97755 X-5.0118 Z-0.1181 I0.1063 J0.
N97760 X-5.2244 Z-0.0984 I-0.1063 J0.
N97765 X-5.0118 Z-0.0787 I0.1063 J0.
N97770 X-5.2244 Z-0.0591 I-0.1063 J0.
N97775 X-5.0118 Z-0.0394 I0.1063 J0.
N97780 X-5.0321 Y-4.2682 Z-0.0354 I-0.1063 J0.
N97785 X-5.1723 Y-4.246 Z-0.0261 I-0.0812 J-0.059
N97790 G1 G40 X-5.1181 Y-4.3307
N97795 Z0.1969
N97800 Z-0.5209
N97805 Z-0.5996
N97810 G41 X-5.1093 Y-4.4341 D14
N97815 G3 X-5.0059 Y-4.3307 Z-0.5906 I0. J0.1033
N97820 X-5.2303 Z-0.5709 I-0.1122 J0.
N97825 X-5.0059 Z-0.5512 I0.1122 J0.
N97830 X-5.2303 Z-0.5315 I-0.1122 J0.
N97835 X-5.0059 Z-0.5118 I0.1122 J0.
N97840 X-5.2303 Z-0.4921 I-0.1122 J0.
N97845 X-5.0059 Z-0.4724 I0.1122 J0.
N97850 X-5.2303 Z-0.4528 I-0.1122 J0.
N97855 X-5.0059 Z-0.4331 I0.1122 J0.
N97860 X-5.2303 Z-0.4134 I-0.1122 J0.
N97865 X-5.0059 Z-0.3937 I0.1122 J0.
N97870 X-5.2303 Z-0.374 I-0.1122 J0.
N97875 X-5.0059 Z-0.3543 I0.1122 J0.
N97880 X-5.2303 Z-0.3346 I-0.1122 J0.
N97885 X-5.0059 Z-0.315 I0.1122 J0.
N97890 X-5.2303 Z-0.2953 I-0.1122 J0.
N97895 X-5.0059 Z-0.2756 I0.1122 J0.
N97900 X-5.2303 Z-0.2559 I-0.1122 J0.
N97905 X-5.0059 Z-0.2362 I0.1122 J0.
N97910 X-5.2303 Z-0.2165 I-0.1122 J0.
N97915 X-5.0059 Z-0.1969 I0.1122 J0.
N97920 X-5.2303 Z-0.1772 I-0.1122 J0.
N97925 X-5.0059 Z-0.1575 I0.1122 J0.
N97930 X-5.2303 Z-0.1378 I-0.1122 J0.
N97935 X-5.0059 Z-0.1181 I0.1122 J0.
N97940 X-5.2303 Z-0.0984 I-0.1122 J0.
N97945 X-5.0059 Z-0.0787 I0.1122 J0.
N97950 X-5.2303 Z-0.0591 I-0.1122 J0.
N97955 X-5.0059 Z-0.0394 I0.1122 J0.
N97960 X-5.0273 Y-4.2648 Z-0.0354 I-0.1122 J0.
N97965 X-5.1717 Y-4.2419 Z-0.0264 I-0.0836 J-0.0607
N97970 G1 G40 X-5.1181 Y-4.3307
N97975 Z0.1969
N97980 Z-0.5207
N97985 Z-0.5994
N97990 G41 X-5.1063 Y-4.437 D14
N97995 G3 X-5. Y-4.3307 Z-0.5906 I0. J0.1063
N98000 X-5.2362 Z-0.5709 I-0.1181 J0.
N98005 X-5. Z-0.5512 I0.1181 J0.
N98010 X-5.2362 Z-0.5315 I-0.1181 J0.
N98015 X-5. Z-0.5118 I0.1181 J0.
N98020 X-5.2362 Z-0.4921 I-0.1181 J0.
N98025 X-5. Z-0.4724 I0.1181 J0.
N98030 X-5.2362 Z-0.4528 I-0.1181 J0.
N98035 X-5. Z-0.4331 I0.1181 J0.
N98040 X-5.2362 Z-0.4134 I-0.1181 J0.
N98045 X-5. Z-0.3937 I0.1181 J0.
N98050 X-5.2362 Z-0.374 I-0.1181 J0.
N98055 X-5. Z-0.3543 I0.1181 J0.
N98060 X-5.2362 Z-0.3346 I-0.1181 J0.
N98065 X-5. Z-0.315 I0.1181 J0.
N98070 X-5.2362 Z-0.2953 I-0.1181 J0.
N98075 X-5. Z-0.2756 I0.1181 J0.
N98080 X-5.2362 Z-0.2559 I-0.1181 J0.
N98085 X-5. Z-0.2362 I0.1181 J0.
N98090 X-5.2362 Z-0.2165 I-0.1181 J0.
N98095 X-5. Z-0.1969 I0.1181 J0.
N98100 X-5.2362 Z-0.1772 I-0.1181 J0.
N98105 X-5. Z-0.1575 I0.1181 J0.
N98110 X-5.2362 Z-0.1378 I-0.1181 J0.
N98115 X-5. Z-0.1181 I0.1181 J0.
N98120 X-5.2362 Z-0.0984 I-0.1181 J0.
N98125 X-5. Z-0.0787 I0.1181 J0.
N98130 X-5.2362 Z-0.0591 I-0.1181 J0.
N98135 X-5. Z-0.0394 I0.1181 J0.
N98140 X-5.0226 Y-4.2613 Z-0.0354 I-0.1181 J0.
N98145 X-5.171 Y-4.2378 Z-0.0266 I-0.086 J-0.0625
N98150 G1 G40 X-5.1181 Y-4.3307
N98155 Z0.1969
N98160 X-4.3307 Y-5.1181
N98165 Z-0.5211
N98170 Z-0.5998
N98175 G41 X-4.3248 Y-5.2185 D14
N98180 G3 X-4.2244 Y-5.1181 Z-0.5906 I0. J0.1004
N98185 X-4.437 Z-0.5709 I-0.1063 J0.
N98190 X-4.2244 Z-0.5512 I0.1063 J0.
N98195 X-4.437 Z-0.5315 I-0.1063 J0.
N98200 X-4.2244 Z-0.5118 I0.1063 J0.
N98205 X-4.437 Z-0.4921 I-0.1063 J0.
N98210 X-4.2244 Z-0.4724 I0.1063 J0.
N98215 X-4.437 Z-0.4528 I-0.1063 J0.
N98220 X-4.2244 Z-0.4331 I0.1063 J0.
N98225 X-4.437 Z-0.4134 I-0.1063 J0.
N98230 X-4.2244 Z-0.3937 I0.1063 J0.
N98235 X-4.437 Z-0.374 I-0.1063 J0.
N98240 X-4.2244 Z-0.3543 I0.1063 J0.
N98245 X-4.437 Z-0.3346 I-0.1063 J0.
N98250 X-4.2244 Z-0.315 I0.1063 J0.
N98255 X-4.437 Z-0.2953 I-0.1063 J0.
N98260 X-4.2244 Z-0.2756 I0.1063 J0.
N98265 X-4.437 Z-0.2559 I-0.1063 J0.
N98270 X-4.2244 Z-0.2362 I0.1063 J0.
N98275 X-4.437 Z-0.2165 I-0.1063 J0.
N98280 X-4.2244 Z-0.1969 I0.1063 J0.
N98285 X-4.437 Z-0.1772 I-0.1063 J0.
N98290 X-4.2244 Z-0.1575 I0.1063 J0.
N98295 X-4.437 Z-0.1378 I-0.1063 J0.
N98300 X-4.2244 Z-0.1181 I0.1063 J0.
N98305 X-4.437 Z-0.0984 I-0.1063 J0.
N98310 X-4.2244 Z-0.0787 I0.1063 J0.
N98315 X-4.437 Z-0.0591 I-0.1063 J0.
N98320 X-4.2244 Z-0.0394 I0.1063 J0.
N98325 X-4.2447 Y-5.0556 Z-0.0354 I-0.1063 J0.
N98330 X-4.3849 Y-5.0334 Z-0.0261 I-0.0812 J-0.059
N98335 G1 G40 X-4.3307 Y-5.1181
N98340 Z0.1969
N98345 Z-0.5209
N98350 Z-0.5996
N98355 G41 X-4.3219 Y-5.2215 D14
N98360 G3 X-4.2185 Y-5.1181 Z-0.5906 I0. J0.1033
N98365 X-4.4429 Z-0.5709 I-0.1122 J0.
N98370 X-4.2185 Z-0.5512 I0.1122 J0.
N98375 X-4.4429 Z-0.5315 I-0.1122 J0.
N98380 X-4.2185 Z-0.5118 I0.1122 J0.
N98385 X-4.4429 Z-0.4921 I-0.1122 J0.
N98390 X-4.2185 Z-0.4724 I0.1122 J0.
N98395 X-4.4429 Z-0.4528 I-0.1122 J0.
N98400 X-4.2185 Z-0.4331 I0.1122 J0.
N98405 X-4.4429 Z-0.4134 I-0.1122 J0.
N98410 X-4.2185 Z-0.3937 I0.1122 J0.
N98415 X-4.4429 Z-0.374 I-0.1122 J0.
N98420 X-4.2185 Z-0.3543 I0.1122 J0.
N98425 X-4.4429 Z-0.3346 I-0.1122 J0.
N98430 X-4.2185 Z-0.315 I0.1122 J0.
N98435 X-4.4429 Z-0.2953 I-0.1122 J0.
N98440 X-4.2185 Z-0.2756 I0.1122 J0.
N98445 X-4.4429 Z-0.2559 I-0.1122 J0.
N98450 X-4.2185 Z-0.2362 I0.1122 J0.
N98455 X-4.4429 Z-0.2165 I-0.1122 J0.
N98460 X-4.2185 Z-0.1969 I0.1122 J0.
N98465 X-4.4429 Z-0.1772 I-0.1122 J0.
N98470 X-4.2185 Z-0.1575 I0.1122 J0.
N98475 X-4.4429 Z-0.1378 I-0.1122 J0.
N98480 X-4.2185 Z-0.1181 I0.1122 J0.
N98485 X-4.4429 Z-0.0984 I-0.1122 J0.
N98490 X-4.2185 Z-0.0787 I0.1122 J0.
N98495 X-4.4429 Z-0.0591 I-0.1122 J0.
N98500 X-4.2185 Z-0.0394 I0.1122 J0.
N98505 X-4.2399 Y-5.0522 Z-0.0354 I-0.1122 J0.
N98510 X-4.3843 Y-5.0293 Z-0.0264 I-0.0836 J-0.0607
N98515 G1 G40 X-4.3307 Y-5.1181
N98520 Z0.1969
N98525 Z-0.5207
N98530 Z-0.5994
N98535 G41 X-4.3189 Y-5.2244 D14
N98540 G3 X-4.2126 Y-5.1181 Z-0.5906 I0. J0.1063
N98545 X-4.4488 Z-0.5709 I-0.1181 J0.
N98550 X-4.2126 Z-0.5512 I0.1181 J0.
N98555 X-4.4488 Z-0.5315 I-0.1181 J0.
N98560 X-4.2126 Z-0.5118 I0.1181 J0.
N98565 X-4.4488 Z-0.4921 I-0.1181 J0.
N98570 X-4.2126 Z-0.4724 I0.1181 J0.
N98575 X-4.4488 Z-0.4528 I-0.1181 J0.
N98580 X-4.2126 Z-0.4331 I0.1181 J0.
N98585 X-4.4488 Z-0.4134 I-0.1181 J0.
N98590 X-4.2126 Z-0.3937 I0.1181 J0.
N98595 X-4.4488 Z-0.374 I-0.1181 J0.
N98600 X-4.2126 Z-0.3543 I0.1181 J0.
N98605 X-4.4488 Z-0.3346 I-0.1181 J0.
N98610 X-4.2126 Z-0.315 I0.1181 J0.
N98615 X-4.4488 Z-0.2953 I-0.1181 J0.
N98620 X-4.2126 Z-0.2756 I0.1181 J0.
N98625 X-4.4488 Z-0.2559 I-0.1181 J0.
N98630 X-4.2126 Z-0.2362 I0.1181 J0.
N98635 X-4.4488 Z-0.2165 I-0.1181 J0.
N98640 X-4.2126 Z-0.1969 I0.1181 J0.
N98645 X-4.4488 Z-0.1772 I-0.1181 J0.
N98650 X-4.2126 Z-0.1575 I0.1181 J0.
N98655 X-4.4488 Z-0.1378 I-0.1181 J0.
N98660 X-4.2126 Z-0.1181 I0.1181 J0.
N98665 X-4.4488 Z-0.0984 I-0.1181 J0.
N98670 X-4.2126 Z-0.0787 I0.1181 J0.
N98675 X-4.4488 Z-0.0591 I-0.1181 J0.
N98680 X-4.2126 Z-0.0394 I0.1181 J0.
N98685 X-4.2352 Y-5.0487 Z-0.0354 I-0.1181 J0.
N98690 X-4.3836 Y-5.0252 Z-0.0266 I-0.086 J-0.0625
N98695 G1 G40 X-4.3307 Y-5.1181
N98700 Z0.1969
N98705 X-3.5433
N98710 Z-0.5211
N98715 Z-0.5998
N98720 G41 X-3.5374 Y-5.2185 D14
N98725 G3 X-3.437 Y-5.1181 Z-0.5906 I0. J0.1004
N98730 X-3.6496 Z-0.5709 I-0.1063 J0.
N98735 X-3.437 Z-0.5512 I0.1063 J0.
N98740 X-3.6496 Z-0.5315 I-0.1063 J0.
N98745 X-3.437 Z-0.5118 I0.1063 J0.
N98750 X-3.6496 Z-0.4921 I-0.1063 J0.
N98755 X-3.437 Z-0.4724 I0.1063 J0.
N98760 X-3.6496 Z-0.4528 I-0.1063 J0.
N98765 X-3.437 Z-0.4331 I0.1063 J0.
N98770 X-3.6496 Z-0.4134 I-0.1063 J0.
N98775 X-3.437 Z-0.3937 I0.1063 J0.
N98780 X-3.6496 Z-0.374 I-0.1063 J0.
N98785 X-3.437 Z-0.3543 I0.1063 J0.
N98790 X-3.6496 Z-0.3346 I-0.1063 J0.
N98795 X-3.437 Z-0.315 I0.1063 J0.
N98800 X-3.6496 Z-0.2953 I-0.1063 J0.
N98805 X-3.437 Z-0.2756 I0.1063 J0.
N98810 X-3.6496 Z-0.2559 I-0.1063 J0.
N98815 X-3.437 Z-0.2362 I0.1063 J0.
N98820 X-3.6496 Z-0.2165 I-0.1063 J0.
N98825 X-3.437 Z-0.1969 I0.1063 J0.
N98830 X-3.6496 Z-0.1772 I-0.1063 J0.
N98835 X-3.437 Z-0.1575 I0.1063 J0.
N98840 X-3.6496 Z-0.1378 I-0.1063 J0.
N98845 X-3.437 Z-0.1181 I0.1063 J0.
N98850 X-3.6496 Z-0.0984 I-0.1063 J0.
N98855 X-3.437 Z-0.0787 I0.1063 J0.
N98860 X-3.6496 Z-0.0591 I-0.1063 J0.
N98865 X-3.437 Z-0.0394 I0.1063 J0.
N98870 X-3.4573 Y-5.0556 Z-0.0354 I-0.1063 J0.
N98875 X-3.5975 Y-5.0334 Z-0.0261 I-0.0812 J-0.059
N98880 G1 G40 X-3.5433 Y-5.1181
N98885 Z0.1969
N98890 Z-0.5209
N98895 Z-0.5996
N98900 G41 X-3.5344 Y-5.2215 D14
N98905 G3 X-3.4311 Y-5.1181 Z-0.5906 I0. J0.1033
N98910 X-3.6555 Z-0.5709 I-0.1122 J0.
N98915 X-3.4311 Z-0.5512 I0.1122 J0.
N98920 X-3.6555 Z-0.5315 I-0.1122 J0.
N98925 X-3.4311 Z-0.5118 I0.1122 J0.
N98930 X-3.6555 Z-0.4921 I-0.1122 J0.
N98935 X-3.4311 Z-0.4724 I0.1122 J0.
N98940 X-3.6555 Z-0.4528 I-0.1122 J0.
N98945 X-3.4311 Z-0.4331 I0.1122 J0.
N98950 X-3.6555 Z-0.4134 I-0.1122 J0.
N98955 X-3.4311 Z-0.3937 I0.1122 J0.
N98960 X-3.6555 Z-0.374 I-0.1122 J0.
N98965 X-3.4311 Z-0.3543 I0.1122 J0.
N98970 X-3.6555 Z-0.3346 I-0.1122 J0.
N98975 X-3.4311 Z-0.315 I0.1122 J0.
N98980 X-3.6555 Z-0.2953 I-0.1122 J0.
N98985 X-3.4311 Z-0.2756 I0.1122 J0.
N98990 X-3.6555 Z-0.2559 I-0.1122 J0.
N98995 X-3.4311 Z-0.2362 I0.1122 J0.
N99000 X-3.6555 Z-0.2165 I-0.1122 J0.
N99005 X-3.4311 Z-0.1969 I0.1122 J0.
N99010 X-3.6555 Z-0.1772 I-0.1122 J0.
N99015 X-3.4311 Z-0.1575 I0.1122 J0.
N99020 X-3.6555 Z-0.1378 I-0.1122 J0.
N99025 X-3.4311 Z-0.1181 I0.1122 J0.
N99030 X-3.6555 Z-0.0984 I-0.1122 J0.
N99035 X-3.4311 Z-0.0787 I0.1122 J0.
N99040 X-3.6555 Z-0.0591 I-0.1122 J0.
N99045 X-3.4311 Z-0.0394 I0.1122 J0.
N99050 X-3.4525 Y-5.0522 Z-0.0354 I-0.1122 J0.
N99055 X-3.5969 Y-5.0293 Z-0.0264 I-0.0836 J-0.0607
N99060 G1 G40 X-3.5433 Y-5.1181
N99065 Z0.1969
N99070 Z-0.5207
N99075 Z-0.5994
N99080 G41 X-3.5315 Y-5.2244 D14
N99085 G3 X-3.4252 Y-5.1181 Z-0.5906 I0. J0.1063
N99090 X-3.6614 Z-0.5709 I-0.1181 J0.
N99095 X-3.4252 Z-0.5512 I0.1181 J0.
N99100 X-3.6614 Z-0.5315 I-0.1181 J0.
N99105 X-3.4252 Z-0.5118 I0.1181 J0.
N99110 X-3.6614 Z-0.4921 I-0.1181 J0.
N99115 X-3.4252 Z-0.4724 I0.1181 J0.
N99120 X-3.6614 Z-0.4528 I-0.1181 J0.
N99125 X-3.4252 Z-0.4331 I0.1181 J0.
N99130 X-3.6614 Z-0.4134 I-0.1181 J0.
N99135 X-3.4252 Z-0.3937 I0.1181 J0.
N99140 X-3.6614 Z-0.374 I-0.1181 J0.
N99145 X-3.4252 Z-0.3543 I0.1181 J0.
N99150 X-3.6614 Z-0.3346 I-0.1181 J0.
N99155 X-3.4252 Z-0.315 I0.1181 J0.
N99160 X-3.6614 Z-0.2953 I-0.1181 J0.
N99165 X-3.4252 Z-0.2756 I0.1181 J0.
N99170 X-3.6614 Z-0.2559 I-0.1181 J0.
N99175 X-3.4252 Z-0.2362 I0.1181 J0.
N99180 X-3.6614 Z-0.2165 I-0.1181 J0.
N99185 X-3.4252 Z-0.1969 I0.1181 J0.
N99190 X-3.6614 Z-0.1772 I-0.1181 J0.
N99195 X-3.4252 Z-0.1575 I0.1181 J0.
N99200 X-3.6614 Z-0.1378 I-0.1181 J0.
N99205 X-3.4252 Z-0.1181 I0.1181 J0.
N99210 X-3.6614 Z-0.0984 I-0.1181 J0.
N99215 X-3.4252 Z-0.0787 I0.1181 J0.
N99220 X-3.6614 Z-0.0591 I-0.1181 J0.
N99225 X-3.4252 Z-0.0394 I0.1181 J0.
N99230 X-3.4478 Y-5.0487 Z-0.0354 I-0.1181 J0.
N99235 X-3.5962 Y-5.0252 Z-0.0266 I-0.086 J-0.0625
N99240 G1 G40 X-3.5433 Y-5.1181
N99245 Z0.1969
N99250 X-2.7559
N99255 Z-0.5211
N99260 Z-0.5998
N99265 G41 X-2.75 Y-5.2185 D14
N99270 G3 X-2.6496 Y-5.1181 Z-0.5906 I0. J0.1004
N99275 X-2.8622 Z-0.5709 I-0.1063 J0.
N99280 X-2.6496 Z-0.5512 I0.1063 J0.
N99285 X-2.8622 Z-0.5315 I-0.1063 J0.
N99290 X-2.6496 Z-0.5118 I0.1063 J0.
N99295 X-2.8622 Z-0.4921 I-0.1063 J0.
N99300 X-2.6496 Z-0.4724 I0.1063 J0.
N99305 X-2.8622 Z-0.4528 I-0.1063 J0.
N99310 X-2.6496 Z-0.4331 I0.1063 J0.
N99315 X-2.8622 Z-0.4134 I-0.1063 J0.
N99320 X-2.6496 Z-0.3937 I0.1063 J0.
N99325 X-2.8622 Z-0.374 I-0.1063 J0.
N99330 X-2.6496 Z-0.3543 I0.1063 J0.
N99335 X-2.8622 Z-0.3346 I-0.1063 J0.
N99340 X-2.6496 Z-0.315 I0.1063 J0.
N99345 X-2.8622 Z-0.2953 I-0.1063 J0.
N99350 X-2.6496 Z-0.2756 I0.1063 J0.
N99355 X-2.8622 Z-0.2559 I-0.1063 J0.
N99360 X-2.6496 Z-0.2362 I0.1063 J0.
N99365 X-2.8622 Z-0.2165 I-0.1063 J0.
N99370 X-2.6496 Z-0.1969 I0.1063 J0.
N99375 X-2.8622 Z-0.1772 I-0.1063 J0.
N99380 X-2.6496 Z-0.1575 I0.1063 J0.
N99385 X-2.8622 Z-0.1378 I-0.1063 J0.
N99390 X-2.6496 Z-0.1181 I0.1063 J0.
N99395 X-2.8622 Z-0.0984 I-0.1063 J0.
N99400 X-2.6496 Z-0.0787 I0.1063 J0.
N99405 X-2.8622 Z-0.0591 I-0.1063 J0.
N99410 X-2.6496 Z-0.0394 I0.1063 J0.
N99415 X-2.6699 Y-5.0556 Z-0.0354 I-0.1063 J0.
N99420 X-2.8101 Y-5.0334 Z-0.0261 I-0.0812 J-0.059
N99425 G1 G40 X-2.7559 Y-5.1181
N99430 Z0.1969
N99435 Z-0.5209
N99440 Z-0.5996
N99445 G41 X-2.747 Y-5.2215 D14
N99450 G3 X-2.6437 Y-5.1181 Z-0.5906 I0. J0.1033
N99455 X-2.8681 Z-0.5709 I-0.1122 J0.
N99460 X-2.6437 Z-0.5512 I0.1122 J0.
N99465 X-2.8681 Z-0.5315 I-0.1122 J0.
N99470 X-2.6437 Z-0.5118 I0.1122 J0.
N99475 X-2.8681 Z-0.4921 I-0.1122 J0.
N99480 X-2.6437 Z-0.4724 I0.1122 J0.
N99485 X-2.8681 Z-0.4528 I-0.1122 J0.
N99490 X-2.6437 Z-0.4331 I0.1122 J0.
N99495 X-2.8681 Z-0.4134 I-0.1122 J0.
N99500 X-2.6437 Z-0.3937 I0.1122 J0.
N99505 X-2.8681 Z-0.374 I-0.1122 J0.
N99510 X-2.6437 Z-0.3543 I0.1122 J0.
N99515 X-2.8681 Z-0.3346 I-0.1122 J0.
N99520 X-2.6437 Z-0.315 I0.1122 J0.
N99525 X-2.8681 Z-0.2953 I-0.1122 J0.
N99530 X-2.6437 Z-0.2756 I0.1122 J0.
N99535 X-2.8681 Z-0.2559 I-0.1122 J0.
N99540 X-2.6437 Z-0.2362 I0.1122 J0.
N99545 X-2.8681 Z-0.2165 I-0.1122 J0.
N99550 X-2.6437 Z-0.1969 I0.1122 J0.
N99555 X-2.8681 Z-0.1772 I-0.1122 J0.
N99560 X-2.6437 Z-0.1575 I0.1122 J0.
N99565 X-2.8681 Z-0.1378 I-0.1122 J0.
N99570 X-2.6437 Z-0.1181 I0.1122 J0.
N99575 X-2.8681 Z-0.0984 I-0.1122 J0.
N99580 X-2.6437 Z-0.0787 I0.1122 J0.
N99585 X-2.8681 Z-0.0591 I-0.1122 J0.
N99590 X-2.6437 Z-0.0394 I0.1122 J0.
N99595 X-2.6651 Y-5.0522 Z-0.0354 I-0.1122 J0.
N99600 X-2.8095 Y-5.0293 Z-0.0264 I-0.0836 J-0.0607
N99605 G1 G40 X-2.7559 Y-5.1181
N99610 Z0.1969
N99615 Z-0.5207
N99620 Z-0.5994
N99625 G41 X-2.7441 Y-5.2244 D14
N99630 G3 X-2.6378 Y-5.1181 Z-0.5906 I0. J0.1063
N99635 X-2.874 Z-0.5709 I-0.1181 J0.
N99640 X-2.6378 Z-0.5512 I0.1181 J0.
N99645 X-2.874 Z-0.5315 I-0.1181 J0.
N99650 X-2.6378 Z-0.5118 I0.1181 J0.
N99655 X-2.874 Z-0.4921 I-0.1181 J0.
N99660 X-2.6378 Z-0.4724 I0.1181 J0.
N99665 X-2.874 Z-0.4528 I-0.1181 J0.
N99670 X-2.6378 Z-0.4331 I0.1181 J0.
N99675 X-2.874 Z-0.4134 I-0.1181 J0.
N99680 X-2.6378 Z-0.3937 I0.1181 J0.
N99685 X-2.874 Z-0.374 I-0.1181 J0.
N99690 X-2.6378 Z-0.3543 I0.1181 J0.
N99695 X-2.874 Z-0.3346 I-0.1181 J0.
N99700 X-2.6378 Z-0.315 I0.1181 J0.
N99705 X-2.874 Z-0.2953 I-0.1181 J0.
N99710 X-2.6378 Z-0.2756 I0.1181 J0.
N99715 X-2.874 Z-0.2559 I-0.1181 J0.
N99720 X-2.6378 Z-0.2362 I0.1181 J0.
N99725 X-2.874 Z-0.2165 I-0.1181 J0.
N99730 X-2.6378 Z-0.1969 I0.1181 J0.
N99735 X-2.874 Z-0.1772 I-0.1181 J0.
N99740 X-2.6378 Z-0.1575 I0.1181 J0.
N99745 X-2.874 Z-0.1378 I-0.1181 J0.
N99750 X-2.6378 Z-0.1181 I0.1181 J0.
N99755 X-2.874 Z-0.0984 I-0.1181 J0.
N99760 X-2.6378 Z-0.0787 I0.1181 J0.
N99765 X-2.874 Z-0.0591 I-0.1181 J0.
N99770 X-2.6378 Z-0.0394 I0.1181 J0.
N99775 X-2.6604 Y-5.0487 Z-0.0354 I-0.1181 J0.
N99780 X-2.8088 Y-5.0252 Z-0.0266 I-0.086 J-0.0625
N99785 G1 G40 X-2.7559 Y-5.1181
N99790 Z0.1969
N99795 X-1.9685
N99800 Z-0.5211
N99805 Z-0.5998
N99810 G41 X-1.9626 Y-5.2185 D14
N99815 G3 X-1.8622 Y-5.1181 Z-0.5906 I0. J0.1004
N99820 X-2.0748 Z-0.5709 I-0.1063 J0.
N99825 X-1.8622 Z-0.5512 I0.1063 J0.
N99830 X-2.0748 Z-0.5315 I-0.1063 J0.
N99835 X-1.8622 Z-0.5118 I0.1063 J0.
N99840 X-2.0748 Z-0.4921 I-0.1063 J0.
N99845 X-1.8622 Z-0.4724 I0.1063 J0.
N99850 X-2.0748 Z-0.4528 I-0.1063 J0.
N99855 X-1.8622 Z-0.4331 I0.1063 J0.
N99860 X-2.0748 Z-0.4134 I-0.1063 J0.
N99865 X-1.8622 Z-0.3937 I0.1063 J0.
N99870 X-2.0748 Z-0.374 I-0.1063 J0.
N99875 X-1.8622 Z-0.3543 I0.1063 J0.
N99880 X-2.0748 Z-0.3346 I-0.1063 J0.
N99885 X-1.8622 Z-0.315 I0.1063 J0.
N99890 X-2.0748 Z-0.2953 I-0.1063 J0.
N99895 X-1.8622 Z-0.2756 I0.1063 J0.
N99900 X-2.0748 Z-0.2559 I-0.1063 J0.
N99905 X-1.8622 Z-0.2362 I0.1063 J0.
N99910 X-2.0748 Z-0.2165 I-0.1063 J0.
N99915 X-1.8622 Z-0.1969 I0.1063 J0.
N99920 X-2.0748 Z-0.1772 I-0.1063 J0.
N99925 X-1.8622 Z-0.1575 I0.1063 J0.
N99930 X-2.0748 Z-0.1378 I-0.1063 J0.
N99935 X-1.8622 Z-0.1181 I0.1063 J0.
N99940 X-2.0748 Z-0.0984 I-0.1063 J0.
N99945 X-1.8622 Z-0.0787 I0.1063 J0.
N99950 X-2.0748 Z-0.0591 I-0.1063 J0.
N99955 X-1.8622 Z-0.0394 I0.1063 J0.
N99960 X-1.8825 Y-5.0556 Z-0.0354 I-0.1063 J0.
N99965 X-2.0227 Y-5.0334 Z-0.0261 I-0.0812 J-0.059
N99970 G1 G40 X-1.9685 Y-5.1181
N99975 Z0.1969
N99980 Z-0.5209
N99985 Z-0.5996
N99990 G41 X-1.9596 Y-5.2215 D14
N99995 G3 X-1.8563 Y-5.1181 Z-0.5906 I0. J0.1033
N10 X-2.0807 Z-0.5709 I-0.1122 J0.
N15 X-1.8563 Z-0.5512 I0.1122 J0.
N20 X-2.0807 Z-0.5315 I-0.1122 J0.
N25 X-1.8563 Z-0.5118 I0.1122 J0.
N30 X-2.0807 Z-0.4921 I-0.1122 J0.
N35 X-1.8563 Z-0.4724 I0.1122 J0.
N40 X-2.0807 Z-0.4528 I-0.1122 J0.
N45 X-1.8563 Z-0.4331 I0.1122 J0.
N50 X-2.0807 Z-0.4134 I-0.1122 J0.
N55 X-1.8563 Z-0.3937 I0.1122 J0.
N60 X-2.0807 Z-0.374 I-0.1122 J0.
N65 X-1.8563 Z-0.3543 I0.1122 J0.
N70 X-2.0807 Z-0.3346 I-0.1122 J0.
N75 X-1.8563 Z-0.315 I0.1122 J0.
N80 X-2.0807 Z-0.2953 I-0.1122 J0.
N85 X-1.8563 Z-0.2756 I0.1122 J0.
N90 X-2.0807 Z-0.2559 I-0.1122 J0.
N95 X-1.8563 Z-0.2362 I0.1122 J0.
N100 X-2.0807 Z-0.2165 I-0.1122 J0.
N105 X-1.8563 Z-0.1969 I0.1122 J0.
N110 X-2.0807 Z-0.1772 I-0.1122 J0.
N115 X-1.8563 Z-0.1575 I0.1122 J0.
N120 X-2.0807 Z-0.1378 I-0.1122 J0.
N125 X-1.8563 Z-0.1181 I0.1122 J0.
N130 X-2.0807 Z-0.0984 I-0.1122 J0.
N135 X-1.8563 Z-0.0787 I0.1122 J0.
N140 X-2.0807 Z-0.0591 I-0.1122 J0.
N145 X-1.8563 Z-0.0394 I0.1122 J0.
N150 X-1.8777 Y-5.0522 Z-0.0354 I-0.1122 J0.
N155 X-2.0221 Y-5.0293 Z-0.0264 I-0.0836 J-0.0607
N160 G1 G40 X-1.9685 Y-5.1181
N165 Z0.1969
N170 Z-0.5207
N175 Z-0.5994
N180 G41 X-1.9567 Y-5.2244 D14
N185 G3 X-1.8504 Y-5.1181 Z-0.5906 I0. J0.1063
N190 X-2.0866 Z-0.5709 I-0.1181 J0.
N195 X-1.8504 Z-0.5512 I0.1181 J0.
N200 X-2.0866 Z-0.5315 I-0.1181 J0.
N205 X-1.8504 Z-0.5118 I0.1181 J0.
N210 X-2.0866 Z-0.4921 I-0.1181 J0.
N215 X-1.8504 Z-0.4724 I0.1181 J0.
N220 X-2.0866 Z-0.4528 I-0.1181 J0.
N225 X-1.8504 Z-0.4331 I0.1181 J0.
N230 X-2.0866 Z-0.4134 I-0.1181 J0.
N235 X-1.8504 Z-0.3937 I0.1181 J0.
N240 X-2.0866 Z-0.374 I-0.1181 J0.
N245 X-1.8504 Z-0.3543 I0.1181 J0.
N250 X-2.0866 Z-0.3346 I-0.1181 J0.
N255 X-1.8504 Z-0.315 I0.1181 J0.
N260 X-2.0866 Z-0.2953 I-0.1181 J0.
N265 X-1.8504 Z-0.2756 I0.1181 J0.
N270 X-2.0866 Z-0.2559 I-0.1181 J0.
N275 X-1.8504 Z-0.2362 I0.1181 J0.
N280 X-2.0866 Z-0.2165 I-0.1181 J0.
N285 X-1.8504 Z-0.1969 I0.1181 J0.
N290 X-2.0866 Z-0.1772 I-0.1181 J0.
N295 X-1.8504 Z-0.1575 I0.1181 J0.
N300 X-2.0866 Z-0.1378 I-0.1181 J0.
N305 X-1.8504 Z-0.1181 I0.1181 J0.
N310 X-2.0866 Z-0.0984 I-0.1181 J0.
N315 X-1.8504 Z-0.0787 I0.1181 J0.
N320 X-2.0866 Z-0.0591 I-0.1181 J0.
N325 X-1.8504 Z-0.0394 I0.1181 J0.
N330 X-1.873 Y-5.0487 Z-0.0354 I-0.1181 J0.
N335 X-2.0214 Y-5.0252 Z-0.0266 I-0.086 J-0.0625
N340 G1 G40 X-1.9685 Y-5.1181
N345 Z0.1969
N350 X-1.1811
N355 Z-0.5211
N360 Z-0.5998
N365 G41 X-1.1752 Y-5.2185 D14
N370 G3 X-1.0748 Y-5.1181 Z-0.5906 I0. J0.1004
N375 X-1.2874 Z-0.5709 I-0.1063 J0.
N380 X-1.0748 Z-0.5512 I0.1063 J0.
N385 X-1.2874 Z-0.5315 I-0.1063 J0.
N390 X-1.0748 Z-0.5118 I0.1063 J0.
N395 X-1.2874 Z-0.4921 I-0.1063 J0.
N400 X-1.0748 Z-0.4724 I0.1063 J0.
N405 X-1.2874 Z-0.4528 I-0.1063 J0.
N410 X-1.0748 Z-0.4331 I0.1063 J0.
N415 X-1.2874 Z-0.4134 I-0.1063 J0.
N420 X-1.0748 Z-0.3937 I0.1063 J0.
N425 X-1.2874 Z-0.374 I-0.1063 J0.
N430 X-1.0748 Z-0.3543 I0.1063 J0.
N435 X-1.2874 Z-0.3346 I-0.1063 J0.
N440 X-1.0748 Z-0.315 I0.1063 J0.
N445 X-1.2874 Z-0.2953 I-0.1063 J0.
N450 X-1.0748 Z-0.2756 I0.1063 J0.
N455 X-1.2874 Z-0.2559 I-0.1063 J0.
N460 X-1.0748 Z-0.2362 I0.1063 J0.
N465 X-1.2874 Z-0.2165 I-0.1063 J0.
N470 X-1.0748 Z-0.1969 I0.1063 J0.
N475 X-1.2874 Z-0.1772 I-0.1063 J0.
N480 X-1.0748 Z-0.1575 I0.1063 J0.
N485 X-1.2874 Z-0.1378 I-0.1063 J0.
N490 X-1.0748 Z-0.1181 I0.1063 J0.
N495 X-1.2874 Z-0.0984 I-0.1063 J0.
N500 X-1.0748 Z-0.0787 I0.1063 J0.
N505 X-1.2874 Z-0.0591 I-0.1063 J0.
N510 X-1.0748 Z-0.0394 I0.1063 J0.
N515 X-1.0951 Y-5.0556 Z-0.0354 I-0.1063 J0.
N520 X-1.2353 Y-5.0334 Z-0.0261 I-0.0812 J-0.059
N525 G1 G40 X-1.1811 Y-5.1181
N530 Z0.1969
N535 Z-0.5209
N540 Z-0.5996
N545 G41 X-1.1722 Y-5.2215 D14
N550 G3 X-1.0689 Y-5.1181 Z-0.5906 I0. J0.1033
N555 X-1.2933 Z-0.5709 I-0.1122 J0.
N560 X-1.0689 Z-0.5512 I0.1122 J0.
N565 X-1.2933 Z-0.5315 I-0.1122 J0.
N570 X-1.0689 Z-0.5118 I0.1122 J0.
N575 X-1.2933 Z-0.4921 I-0.1122 J0.
N580 X-1.0689 Z-0.4724 I0.1122 J0.
N585 X-1.2933 Z-0.4528 I-0.1122 J0.
N590 X-1.0689 Z-0.4331 I0.1122 J0.
N595 X-1.2933 Z-0.4134 I-0.1122 J0.
N600 X-1.0689 Z-0.3937 I0.1122 J0.
N605 X-1.2933 Z-0.374 I-0.1122 J0.
N610 X-1.0689 Z-0.3543 I0.1122 J0.
N615 X-1.2933 Z-0.3346 I-0.1122 J0.
N620 X-1.0689 Z-0.315 I0.1122 J0.
N625 X-1.2933 Z-0.2953 I-0.1122 J0.
N630 X-1.0689 Z-0.2756 I0.1122 J0.
N635 X-1.2933 Z-0.2559 I-0.1122 J0.
N640 X-1.0689 Z-0.2362 I0.1122 J0.
N645 X-1.2933 Z-0.2165 I-0.1122 J0.
N650 X-1.0689 Z-0.1969 I0.1122 J0.
N655 X-1.2933 Z-0.1772 I-0.1122 J0.
N660 X-1.0689 Z-0.1575 I0.1122 J0.
N665 X-1.2933 Z-0.1378 I-0.1122 J0.
N670 X-1.0689 Z-0.1181 I0.1122 J0.
N675 X-1.2933 Z-0.0984 I-0.1122 J0.
N680 X-1.0689 Z-0.0787 I0.1122 J0.
N685 X-1.2933 Z-0.0591 I-0.1122 J0.
N690 X-1.0689 Z-0.0394 I0.1122 J0.
N695 X-1.0903 Y-5.0522 Z-0.0354 I-0.1122 J0.
N700 X-1.2347 Y-5.0293 Z-0.0264 I-0.0836 J-0.0607
N705 G1 G40 X-1.1811 Y-5.1181
N710 Z0.1969
N715 Z-0.5207
N720 Z-0.5994
N725 G41 X-1.1693 Y-5.2244 D14
N730 G3 X-1.063 Y-5.1181 Z-0.5906 I0. J0.1063
N735 X-1.2992 Z-0.5709 I-0.1181 J0.
N740 X-1.063 Z-0.5512 I0.1181 J0.
N745 X-1.2992 Z-0.5315 I-0.1181 J0.
N750 X-1.063 Z-0.5118 I0.1181 J0.
N755 X-1.2992 Z-0.4921 I-0.1181 J0.
N760 X-1.063 Z-0.4724 I0.1181 J0.
N765 X-1.2992 Z-0.4528 I-0.1181 J0.
N770 X-1.063 Z-0.4331 I0.1181 J0.
N775 X-1.2992 Z-0.4134 I-0.1181 J0.
N780 X-1.063 Z-0.3937 I0.1181 J0.
N785 X-1.2992 Z-0.374 I-0.1181 J0.
N790 X-1.063 Z-0.3543 I0.1181 J0.
N795 X-1.2992 Z-0.3346 I-0.1181 J0.
N800 X-1.063 Z-0.315 I0.1181 J0.
N805 X-1.2992 Z-0.2953 I-0.1181 J0.
N810 X-1.063 Z-0.2756 I0.1181 J0.
N815 X-1.2992 Z-0.2559 I-0.1181 J0.
N820 X-1.063 Z-0.2362 I0.1181 J0.
N825 X-1.2992 Z-0.2165 I-0.1181 J0.
N830 X-1.063 Z-0.1969 I0.1181 J0.
N835 X-1.2992 Z-0.1772 I-0.1181 J0.
N840 X-1.063 Z-0.1575 I0.1181 J0.
N845 X-1.2992 Z-0.1378 I-0.1181 J0.
N850 X-1.063 Z-0.1181 I0.1181 J0.
N855 X-1.2992 Z-0.0984 I-0.1181 J0.
N860 X-1.063 Z-0.0787 I0.1181 J0.
N865 X-1.2992 Z-0.0591 I-0.1181 J0.
N870 X-1.063 Z-0.0394 I0.1181 J0.
N875 X-1.0855 Y-5.0487 Z-0.0354 I-0.1181 J0.
N880 X-1.234 Y-5.0252 Z-0.0266 I-0.086 J-0.0625
N885 G1 G40 X-1.1811 Y-5.1181
N890 Z0.1969
N895 X-0.3937
N900 Z-0.5211
N905 Z-0.5998
N910 G41 X-0.3878 Y-5.2185 D14
N915 G3 X-0.2874 Y-5.1181 Z-0.5906 I0. J0.1004
N920 X-0.5 Z-0.5709 I-0.1063 J0.
N925 X-0.2874 Z-0.5512 I0.1063 J0.
N930 X-0.5 Z-0.5315 I-0.1063 J0.
N935 X-0.2874 Z-0.5118 I0.1063 J0.
N940 X-0.5 Z-0.4921 I-0.1063 J0.
N945 X-0.2874 Z-0.4724 I0.1063 J0.
N950 X-0.5 Z-0.4528 I-0.1063 J0.
N955 X-0.2874 Z-0.4331 I0.1063 J0.
N960 X-0.5 Z-0.4134 I-0.1063 J0.
N965 X-0.2874 Z-0.3937 I0.1063 J0.
N970 X-0.5 Z-0.374 I-0.1063 J0.
N975 X-0.2874 Z-0.3543 I0.1063 J0.
N980 X-0.5 Z-0.3346 I-0.1063 J0.
N985 X-0.2874 Z-0.315 I0.1063 J0.
N990 X-0.5 Z-0.2953 I-0.1063 J0.
N995 X-0.2874 Z-0.2756 I0.1063 J0.
N1000 X-0.5 Z-0.2559 I-0.1063 J0.
N1005 X-0.2874 Z-0.2362 I0.1063 J0.
N1010 X-0.5 Z-0.2165 I-0.1063 J0.
N1015 X-0.2874 Z-0.1969 I0.1063 J0.
N1020 X-0.5 Z-0.1772 I-0.1063 J0.
N1025 X-0.2874 Z-0.1575 I0.1063 J0.
N1030 X-0.5 Z-0.1378 I-0.1063 J0.
N1035 X-0.2874 Z-0.1181 I0.1063 J0.
N1040 X-0.5 Z-0.0984 I-0.1063 J0.
N1045 X-0.2874 Z-0.0787 I0.1063 J0.
N1050 X-0.5 Z-0.0591 I-0.1063 J0.
N1055 X-0.2874 Z-0.0394 I0.1063 J0.
N1060 X-0.3077 Y-5.0556 Z-0.0354 I-0.1063 J0.
N1065 X-0.4479 Y-5.0334 Z-0.0261 I-0.0812 J-0.059
N1070 G1 G40 X-0.3937 Y-5.1181
N1075 Z0.1969
N1080 Z-0.5209
N1085 Z-0.5996
N1090 G41 X-0.3848 Y-5.2215 D14
N1095 G3 X-0.2815 Y-5.1181 Z-0.5906 I0. J0.1033
N1100 X-0.5059 Z-0.5709 I-0.1122 J0.
N1105 X-0.2815 Z-0.5512 I0.1122 J0.
N1110 X-0.5059 Z-0.5315 I-0.1122 J0.
N1115 X-0.2815 Z-0.5118 I0.1122 J0.
N1120 X-0.5059 Z-0.4921 I-0.1122 J0.
N1125 X-0.2815 Z-0.4724 I0.1122 J0.
N1130 X-0.5059 Z-0.4528 I-0.1122 J0.
N1135 X-0.2815 Z-0.4331 I0.1122 J0.
N1140 X-0.5059 Z-0.4134 I-0.1122 J0.
N1145 X-0.2815 Z-0.3937 I0.1122 J0.
N1150 X-0.5059 Z-0.374 I-0.1122 J0.
N1155 X-0.2815 Z-0.3543 I0.1122 J0.
N1160 X-0.5059 Z-0.3346 I-0.1122 J0.
N1165 X-0.2815 Z-0.315 I0.1122 J0.
N1170 X-0.5059 Z-0.2953 I-0.1122 J0.
N1175 X-0.2815 Z-0.2756 I0.1122 J0.
N1180 X-0.5059 Z-0.2559 I-0.1122 J0.
N1185 X-0.2815 Z-0.2362 I0.1122 J0.
N1190 X-0.5059 Z-0.2165 I-0.1122 J0.
N1195 X-0.2815 Z-0.1969 I0.1122 J0.
N1200 X-0.5059 Z-0.1772 I-0.1122 J0.
N1205 X-0.2815 Z-0.1575 I0.1122 J0.
N1210 X-0.5059 Z-0.1378 I-0.1122 J0.
N1215 X-0.2815 Z-0.1181 I0.1122 J0.
N1220 X-0.5059 Z-0.0984 I-0.1122 J0.
N1225 X-0.2815 Z-0.0787 I0.1122 J0.
N1230 X-0.5059 Z-0.0591 I-0.1122 J0.
N1235 X-0.2815 Z-0.0394 I0.1122 J0.
N1240 X-0.3029 Y-5.0522 Z-0.0354 I-0.1122 J0.
N1245 X-0.4473 Y-5.0293 Z-0.0264 I-0.0836 J-0.0607
N1250 G1 G40 X-0.3937 Y-5.1181
N1255 Z0.1969
N1260 Z-0.5207
N1265 Z-0.5994
N1270 G41 X-0.3819 Y-5.2244 D14
N1275 G3 X-0.2756 Y-5.1181 Z-0.5906 I0. J0.1063
N1280 X-0.5118 Z-0.5709 I-0.1181 J0.
N1285 X-0.2756 Z-0.5512 I0.1181 J0.
N1290 X-0.5118 Z-0.5315 I-0.1181 J0.
N1295 X-0.2756 Z-0.5118 I0.1181 J0.
N1300 X-0.5118 Z-0.4921 I-0.1181 J0.
N1305 X-0.2756 Z-0.4724 I0.1181 J0.
N1310 X-0.5118 Z-0.4528 I-0.1181 J0.
N1315 X-0.2756 Z-0.4331 I0.1181 J0.
N1320 X-0.5118 Z-0.4134 I-0.1181 J0.
N1325 X-0.2756 Z-0.3937 I0.1181 J0.
N1330 X-0.5118 Z-0.374 I-0.1181 J0.
N1335 X-0.2756 Z-0.3543 I0.1181 J0.
N1340 X-0.5118 Z-0.3346 I-0.1181 J0.
N1345 X-0.2756 Z-0.315 I0.1181 J0.
N1350 X-0.5118 Z-0.2953 I-0.1181 J0.
N1355 X-0.2756 Z-0.2756 I0.1181 J0.
N1360 X-0.5118 Z-0.2559 I-0.1181 J0.
N1365 X-0.2756 Z-0.2362 I0.1181 J0.
N1370 X-0.5118 Z-0.2165 I-0.1181 J0.
N1375 X-0.2756 Z-0.1969 I0.1181 J0.
N1380 X-0.5118 Z-0.1772 I-0.1181 J0.
N1385 X-0.2756 Z-0.1575 I0.1181 J0.
N1390 X-0.5118 Z-0.1378 I-0.1181 J0.
N1395 X-0.2756 Z-0.1181 I0.1181 J0.
N1400 X-0.5118 Z-0.0984 I-0.1181 J0.
N1405 X-0.2756 Z-0.0787 I0.1181 J0.
N1410 X-0.5118 Z-0.0591 I-0.1181 J0.
N1415 X-0.2756 Z-0.0394 I0.1181 J0.
N1420 X-0.2981 Y-5.0487 Z-0.0354 I-0.1181 J0.
N1425 X-0.4466 Y-5.0252 Z-0.0266 I-0.086 J-0.0625
N1430 G1 G40 X-0.3937 Y-5.1181
N1435 Z0.1969
N1440 X0.3937
N1445 Z-0.5211
N1450 Z-0.5998
N1455 G41 X0.3996 Y-5.2185 D14
N1460 G3 X0.5 Y-5.1181 Z-0.5906 I0. J0.1004
N1465 X0.2874 Z-0.5709 I-0.1063 J0.
N1470 X0.5 Z-0.5512 I0.1063 J0.
N1475 X0.2874 Z-0.5315 I-0.1063 J0.
N1480 X0.5 Z-0.5118 I0.1063 J0.
N1485 X0.2874 Z-0.4921 I-0.1063 J0.
N1490 X0.5 Z-0.4724 I0.1063 J0.
N1495 X0.2874 Z-0.4528 I-0.1063 J0.
N1500 X0.5 Z-0.4331 I0.1063 J0.
N1505 X0.2874 Z-0.4134 I-0.1063 J0.
N1510 X0.5 Z-0.3937 I0.1063 J0.
N1515 X0.2874 Z-0.374 I-0.1063 J0.
N1520 X0.5 Z-0.3543 I0.1063 J0.
N1525 X0.2874 Z-0.3346 I-0.1063 J0.
N1530 X0.5 Z-0.315 I0.1063 J0.
N1535 X0.2874 Z-0.2953 I-0.1063 J0.
N1540 X0.5 Z-0.2756 I0.1063 J0.
N1545 X0.2874 Z-0.2559 I-0.1063 J0.
N1550 X0.5 Z-0.2362 I0.1063 J0.
N1555 X0.2874 Z-0.2165 I-0.1063 J0.
N1560 X0.5 Z-0.1969 I0.1063 J0.
N1565 X0.2874 Z-0.1772 I-0.1063 J0.
N1570 X0.5 Z-0.1575 I0.1063 J0.
N1575 X0.2874 Z-0.1378 I-0.1063 J0.
N1580 X0.5 Z-0.1181 I0.1063 J0.
N1585 X0.2874 Z-0.0984 I-0.1063 J0.
N1590 X0.5 Z-0.0787 I0.1063 J0.
N1595 X0.2874 Z-0.0591 I-0.1063 J0.
N1600 X0.5 Z-0.0394 I0.1063 J0.
N1605 X0.4797 Y-5.0556 Z-0.0354 I-0.1063 J0.
N1610 X0.3395 Y-5.0334 Z-0.0261 I-0.0812 J-0.059
N1615 G1 G40 X0.3937 Y-5.1181
N1620 Z0.1969
N1625 Z-0.5209
N1630 Z-0.5996
N1635 G41 X0.4026 Y-5.2215 D14
N1640 G3 X0.5059 Y-5.1181 Z-0.5906 I0. J0.1033
N1645 X0.2815 Z-0.5709 I-0.1122 J0.
N1650 X0.5059 Z-0.5512 I0.1122 J0.
N1655 X0.2815 Z-0.5315 I-0.1122 J0.
N1660 X0.5059 Z-0.5118 I0.1122 J0.
N1665 X0.2815 Z-0.4921 I-0.1122 J0.
N1670 X0.5059 Z-0.4724 I0.1122 J0.
N1675 X0.2815 Z-0.4528 I-0.1122 J0.
N1680 X0.5059 Z-0.4331 I0.1122 J0.
N1685 X0.2815 Z-0.4134 I-0.1122 J0.
N1690 X0.5059 Z-0.3937 I0.1122 J0.
N1695 X0.2815 Z-0.374 I-0.1122 J0.
N1700 X0.5059 Z-0.3543 I0.1122 J0.
N1705 X0.2815 Z-0.3346 I-0.1122 J0.
N1710 X0.5059 Z-0.315 I0.1122 J0.
N1715 X0.2815 Z-0.2953 I-0.1122 J0.
N1720 X0.5059 Z-0.2756 I0.1122 J0.
N1725 X0.2815 Z-0.2559 I-0.1122 J0.
N1730 X0.5059 Z-0.2362 I0.1122 J0.
N1735 X0.2815 Z-0.2165 I-0.1122 J0.
N1740 X0.5059 Z-0.1969 I0.1122 J0.
N1745 X0.2815 Z-0.1772 I-0.1122 J0.
N1750 X0.5059 Z-0.1575 I0.1122 J0.
N1755 X0.2815 Z-0.1378 I-0.1122 J0.
N1760 X0.5059 Z-0.1181 I0.1122 J0.
N1765 X0.2815 Z-0.0984 I-0.1122 J0.
N1770 X0.5059 Z-0.0787 I0.1122 J0.
N1775 X0.2815 Z-0.0591 I-0.1122 J0.
N1780 X0.5059 Z-0.0394 I0.1122 J0.
N1785 X0.4845 Y-5.0522 Z-0.0354 I-0.1122 J0.
N1790 X0.3401 Y-5.0293 Z-0.0264 I-0.0836 J-0.0607
N1795 G1 G40 X0.3937 Y-5.1181
N1800 Z0.1969
N1805 Z-0.5207
N1810 Z-0.5994
N1815 G41 X0.4055 Y-5.2244 D14
N1820 G3 X0.5118 Y-5.1181 Z-0.5906 I0. J0.1063
N1825 X0.2756 Z-0.5709 I-0.1181 J0.
N1830 X0.5118 Z-0.5512 I0.1181 J0.
N1835 X0.2756 Z-0.5315 I-0.1181 J0.
N1840 X0.5118 Z-0.5118 I0.1181 J0.
N1845 X0.2756 Z-0.4921 I-0.1181 J0.
N1850 X0.5118 Z-0.4724 I0.1181 J0.
N1855 X0.2756 Z-0.4528 I-0.1181 J0.
N1860 X0.5118 Z-0.4331 I0.1181 J0.
N1865 X0.2756 Z-0.4134 I-0.1181 J0.
N1870 X0.5118 Z-0.3937 I0.1181 J0.
N1875 X0.2756 Z-0.374 I-0.1181 J0.
N1880 X0.5118 Z-0.3543 I0.1181 J0.
N1885 X0.2756 Z-0.3346 I-0.1181 J0.
N1890 X0.5118 Z-0.315 I0.1181 J0.
N1895 X0.2756 Z-0.2953 I-0.1181 J0.
N1900 X0.5118 Z-0.2756 I0.1181 J0.
N1905 X0.2756 Z-0.2559 I-0.1181 J0.
N1910 X0.5118 Z-0.2362 I0.1181 J0.
N1915 X0.2756 Z-0.2165 I-0.1181 J0.
N1920 X0.5118 Z-0.1969 I0.1181 J0.
N1925 X0.2756 Z-0.1772 I-0.1181 J0.
N1930 X0.5118 Z-0.1575 I0.1181 J0.
N1935 X0.2756 Z-0.1378 I-0.1181 J0.
N1940 X0.5118 Z-0.1181 I0.1181 J0.
N1945 X0.2756 Z-0.0984 I-0.1181 J0.
N1950 X0.5118 Z-0.0787 I0.1181 J0.
N1955 X0.2756 Z-0.0591 I-0.1181 J0.
N1960 X0.5118 Z-0.0394 I0.1181 J0.
N1965 X0.4893 Y-5.0487 Z-0.0354 I-0.1181 J0.
N1970 X0.3408 Y-5.0252 Z-0.0266 I-0.086 J-0.0625
N1975 G1 G40 X0.3937 Y-5.1181
N1980 Z0.1969
N1985 X1.1811
N1990 Z-0.5211
N1995 Z-0.5998
N2000 G41 X1.187 Y-5.2185 D14
N2005 G3 X1.2874 Y-5.1181 Z-0.5906 I0. J0.1004
N2010 X1.0748 Z-0.5709 I-0.1063 J0.
N2015 X1.2874 Z-0.5512 I0.1063 J0.
N2020 X1.0748 Z-0.5315 I-0.1063 J0.
N2025 X1.2874 Z-0.5118 I0.1063 J0.
N2030 X1.0748 Z-0.4921 I-0.1063 J0.
N2035 X1.2874 Z-0.4724 I0.1063 J0.
N2040 X1.0748 Z-0.4528 I-0.1063 J0.
N2045 X1.2874 Z-0.4331 I0.1063 J0.
N2050 X1.0748 Z-0.4134 I-0.1063 J0.
N2055 X1.2874 Z-0.3937 I0.1063 J0.
N2060 X1.0748 Z-0.374 I-0.1063 J0.
N2065 X1.2874 Z-0.3543 I0.1063 J0.
N2070 X1.0748 Z-0.3346 I-0.1063 J0.
N2075 X1.2874 Z-0.315 I0.1063 J0.
N2080 X1.0748 Z-0.2953 I-0.1063 J0.
N2085 X1.2874 Z-0.2756 I0.1063 J0.
N2090 X1.0748 Z-0.2559 I-0.1063 J0.
N2095 X1.2874 Z-0.2362 I0.1063 J0.
N2100 X1.0748 Z-0.2165 I-0.1063 J0.
N2105 X1.2874 Z-0.1969 I0.1063 J0.
N2110 X1.0748 Z-0.1772 I-0.1063 J0.
N2115 X1.2874 Z-0.1575 I0.1063 J0.
N2120 X1.0748 Z-0.1378 I-0.1063 J0.
N2125 X1.2874 Z-0.1181 I0.1063 J0.
N2130 X1.0748 Z-0.0984 I-0.1063 J0.
N2135 X1.2874 Z-0.0787 I0.1063 J0.
N2140 X1.0748 Z-0.0591 I-0.1063 J0.
N2145 X1.2874 Z-0.0394 I0.1063 J0.
N2150 X1.2671 Y-5.0556 Z-0.0354 I-0.1063 J0.
N2155 X1.1269 Y-5.0334 Z-0.0261 I-0.0812 J-0.059
N2160 G1 G40 X1.1811 Y-5.1181
N2165 Z0.1969
N2170 Z-0.5209
N2175 Z-0.5996
N2180 G41 X1.19 Y-5.2215 D14
N2185 G3 X1.2933 Y-5.1181 Z-0.5906 I0. J0.1033
N2190 X1.0689 Z-0.5709 I-0.1122 J0.
N2195 X1.2933 Z-0.5512 I0.1122 J0.
N2200 X1.0689 Z-0.5315 I-0.1122 J0.
N2205 X1.2933 Z-0.5118 I0.1122 J0.
N2210 X1.0689 Z-0.4921 I-0.1122 J0.
N2215 X1.2933 Z-0.4724 I0.1122 J0.
N2220 X1.0689 Z-0.4528 I-0.1122 J0.
N2225 X1.2933 Z-0.4331 I0.1122 J0.
N2230 X1.0689 Z-0.4134 I-0.1122 J0.
N2235 X1.2933 Z-0.3937 I0.1122 J0.
N2240 X1.0689 Z-0.374 I-0.1122 J0.
N2245 X1.2933 Z-0.3543 I0.1122 J0.
N2250 X1.0689 Z-0.3346 I-0.1122 J0.
N2255 X1.2933 Z-0.315 I0.1122 J0.
N2260 X1.0689 Z-0.2953 I-0.1122 J0.
N2265 X1.2933 Z-0.2756 I0.1122 J0.
N2270 X1.0689 Z-0.2559 I-0.1122 J0.
N2275 X1.2933 Z-0.2362 I0.1122 J0.
N2280 X1.0689 Z-0.2165 I-0.1122 J0.
N2285 X1.2933 Z-0.1969 I0.1122 J0.
N2290 X1.0689 Z-0.1772 I-0.1122 J0.
N2295 X1.2933 Z-0.1575 I0.1122 J0.
N2300 X1.0689 Z-0.1378 I-0.1122 J0.
N2305 X1.2933 Z-0.1181 I0.1122 J0.
N2310 X1.0689 Z-0.0984 I-0.1122 J0.
N2315 X1.2933 Z-0.0787 I0.1122 J0.
N2320 X1.0689 Z-0.0591 I-0.1122 J0.
N2325 X1.2933 Z-0.0394 I0.1122 J0.
N2330 X1.2719 Y-5.0522 Z-0.0354 I-0.1122 J0.
N2335 X1.1275 Y-5.0293 Z-0.0264 I-0.0836 J-0.0607
N2340 G1 G40 X1.1811 Y-5.1181
N2345 Z0.1969
N2350 Z-0.5207
N2355 Z-0.5994
N2360 G41 X1.1929 Y-5.2244 D14
N2365 G3 X1.2992 Y-5.1181 Z-0.5906 I0. J0.1063
N2370 X1.063 Z-0.5709 I-0.1181 J0.
N2375 X1.2992 Z-0.5512 I0.1181 J0.
N2380 X1.063 Z-0.5315 I-0.1181 J0.
N2385 X1.2992 Z-0.5118 I0.1181 J0.
N2390 X1.063 Z-0.4921 I-0.1181 J0.
N2395 X1.2992 Z-0.4724 I0.1181 J0.
N2400 X1.063 Z-0.4528 I-0.1181 J0.
N2405 X1.2992 Z-0.4331 I0.1181 J0.
N2410 X1.063 Z-0.4134 I-0.1181 J0.
N2415 X1.2992 Z-0.3937 I0.1181 J0.
N2420 X1.063 Z-0.374 I-0.1181 J0.
N2425 X1.2992 Z-0.3543 I0.1181 J0.
N2430 X1.063 Z-0.3346 I-0.1181 J0.
N2435 X1.2992 Z-0.315 I0.1181 J0.
N2440 X1.063 Z-0.2953 I-0.1181 J0.
N2445 X1.2992 Z-0.2756 I0.1181 J0.
N2450 X1.063 Z-0.2559 I-0.1181 J0.
N2455 X1.2992 Z-0.2362 I0.1181 J0.
N2460 X1.063 Z-0.2165 I-0.1181 J0.
N2465 X1.2992 Z-0.1969 I0.1181 J0.
N2470 X1.063 Z-0.1772 I-0.1181 J0.
N2475 X1.2992 Z-0.1575 I0.1181 J0.
N2480 X1.063 Z-0.1378 I-0.1181 J0.
N2485 X1.2992 Z-0.1181 I0.1181 J0.
N2490 X1.063 Z-0.0984 I-0.1181 J0.
N2495 X1.2992 Z-0.0787 I0.1181 J0.
N2500 X1.063 Z-0.0591 I-0.1181 J0.
N2505 X1.2992 Z-0.0394 I0.1181 J0.
N2510 X1.2767 Y-5.0487 Z-0.0354 I-0.1181 J0.
N2515 X1.1282 Y-5.0252 Z-0.0266 I-0.086 J-0.0625
N2520 G1 G40 X1.1811 Y-5.1181
N2525 Z0.1969
N2530 X1.9685
N2535 Z-0.5211
N2540 Z-0.5998
N2545 G41 X1.9744 Y-5.2185 D14
N2550 G3 X2.0748 Y-5.1181 Z-0.5906 I0. J0.1004
N2555 X1.8622 Z-0.5709 I-0.1063 J0.
N2560 X2.0748 Z-0.5512 I0.1063 J0.
N2565 X1.8622 Z-0.5315 I-0.1063 J0.
N2570 X2.0748 Z-0.5118 I0.1063 J0.
N2575 X1.8622 Z-0.4921 I-0.1063 J0.
N2580 X2.0748 Z-0.4724 I0.1063 J0.
N2585 X1.8622 Z-0.4528 I-0.1063 J0.
N2590 X2.0748 Z-0.4331 I0.1063 J0.
N2595 X1.8622 Z-0.4134 I-0.1063 J0.
N2600 X2.0748 Z-0.3937 I0.1063 J0.
N2605 X1.8622 Z-0.374 I-0.1063 J0.
N2610 X2.0748 Z-0.3543 I0.1063 J0.
N2615 X1.8622 Z-0.3346 I-0.1063 J0.
N2620 X2.0748 Z-0.315 I0.1063 J0.
N2625 X1.8622 Z-0.2953 I-0.1063 J0.
N2630 X2.0748 Z-0.2756 I0.1063 J0.
N2635 X1.8622 Z-0.2559 I-0.1063 J0.
N2640 X2.0748 Z-0.2362 I0.1063 J0.
N2645 X1.8622 Z-0.2165 I-0.1063 J0.
N2650 X2.0748 Z-0.1969 I0.1063 J0.
N2655 X1.8622 Z-0.1772 I-0.1063 J0.
N2660 X2.0748 Z-0.1575 I0.1063 J0.
N2665 X1.8622 Z-0.1378 I-0.1063 J0.
N2670 X2.0748 Z-0.1181 I0.1063 J0.
N2675 X1.8622 Z-0.0984 I-0.1063 J0.
N2680 X2.0748 Z-0.0787 I0.1063 J0.
N2685 X1.8622 Z-0.0591 I-0.1063 J0.
N2690 X2.0748 Z-0.0394 I0.1063 J0.
N2695 X2.0545 Y-5.0556 Z-0.0354 I-0.1063 J0.
N2700 X1.9143 Y-5.0334 Z-0.0261 I-0.0812 J-0.059
N2705 G1 G40 X1.9685 Y-5.1181
N2710 Z0.1969
N2715 Z-0.5209
N2720 Z-0.5996
N2725 G41 X1.9774 Y-5.2215 D14
N2730 G3 X2.0807 Y-5.1181 Z-0.5906 I0. J0.1033
N2735 X1.8563 Z-0.5709 I-0.1122 J0.
N2740 X2.0807 Z-0.5512 I0.1122 J0.
N2745 X1.8563 Z-0.5315 I-0.1122 J0.
N2750 X2.0807 Z-0.5118 I0.1122 J0.
N2755 X1.8563 Z-0.4921 I-0.1122 J0.
N2760 X2.0807 Z-0.4724 I0.1122 J0.
N2765 X1.8563 Z-0.4528 I-0.1122 J0.
N2770 X2.0807 Z-0.4331 I0.1122 J0.
N2775 X1.8563 Z-0.4134 I-0.1122 J0.
N2780 X2.0807 Z-0.3937 I0.1122 J0.
N2785 X1.8563 Z-0.374 I-0.1122 J0.
N2790 X2.0807 Z-0.3543 I0.1122 J0.
N2795 X1.8563 Z-0.3346 I-0.1122 J0.
N2800 X2.0807 Z-0.315 I0.1122 J0.
N2805 X1.8563 Z-0.2953 I-0.1122 J0.
N2810 X2.0807 Z-0.2756 I0.1122 J0.
N2815 X1.8563 Z-0.2559 I-0.1122 J0.
N2820 X2.0807 Z-0.2362 I0.1122 J0.
N2825 X1.8563 Z-0.2165 I-0.1122 J0.
N2830 X2.0807 Z-0.1969 I0.1122 J0.
N2835 X1.8563 Z-0.1772 I-0.1122 J0.
N2840 X2.0807 Z-0.1575 I0.1122 J0.
N2845 X1.8563 Z-0.1378 I-0.1122 J0.
N2850 X2.0807 Z-0.1181 I0.1122 J0.
N2855 X1.8563 Z-0.0984 I-0.1122 J0.
N2860 X2.0807 Z-0.0787 I0.1122 J0.
N2865 X1.8563 Z-0.0591 I-0.1122 J0.
N2870 X2.0807 Z-0.0394 I0.1122 J0.
N2875 X2.0593 Y-5.0522 Z-0.0354 I-0.1122 J0.
N2880 X1.9149 Y-5.0293 Z-0.0264 I-0.0836 J-0.0607
N2885 G1 G40 X1.9685 Y-5.1181
N2890 Z0.1969
N2895 Z-0.5207
N2900 Z-0.5994
N2905 G41 X1.9803 Y-5.2244 D14
N2910 G3 X2.0866 Y-5.1181 Z-0.5906 I0. J0.1063
N2915 X1.8504 Z-0.5709 I-0.1181 J0.
N2920 X2.0866 Z-0.5512 I0.1181 J0.
N2925 X1.8504 Z-0.5315 I-0.1181 J0.
N2930 X2.0866 Z-0.5118 I0.1181 J0.
N2935 X1.8504 Z-0.4921 I-0.1181 J0.
N2940 X2.0866 Z-0.4724 I0.1181 J0.
N2945 X1.8504 Z-0.4528 I-0.1181 J0.
N2950 X2.0866 Z-0.4331 I0.1181 J0.
N2955 X1.8504 Z-0.4134 I-0.1181 J0.
N2960 X2.0866 Z-0.3937 I0.1181 J0.
N2965 X1.8504 Z-0.374 I-0.1181 J0.
N2970 X2.0866 Z-0.3543 I0.1181 J0.
N2975 X1.8504 Z-0.3346 I-0.1181 J0.
N2980 X2.0866 Z-0.315 I0.1181 J0.
N2985 X1.8504 Z-0.2953 I-0.1181 J0.
N2990 X2.0866 Z-0.2756 I0.1181 J0.
N2995 X1.8504 Z-0.2559 I-0.1181 J0.
N3000 X2.0866 Z-0.2362 I0.1181 J0.
N3005 X1.8504 Z-0.2165 I-0.1181 J0.
N3010 X2.0866 Z-0.1969 I0.1181 J0.
N3015 X1.8504 Z-0.1772 I-0.1181 J0.
N3020 X2.0866 Z-0.1575 I0.1181 J0.
N3025 X1.8504 Z-0.1378 I-0.1181 J0.
N3030 X2.0866 Z-0.1181 I0.1181 J0.
N3035 X1.8504 Z-0.0984 I-0.1181 J0.
N3040 X2.0866 Z-0.0787 I0.1181 J0.
N3045 X1.8504 Z-0.0591 I-0.1181 J0.
N3050 X2.0866 Z-0.0394 I0.1181 J0.
N3055 X2.0641 Y-5.0487 Z-0.0354 I-0.1181 J0.
N3060 X1.9156 Y-5.0252 Z-0.0266 I-0.086 J-0.0625
N3065 G1 G40 X1.9685 Y-5.1181
N3070 Z0.1969
N3075 X2.7559
N3080 Z-0.5211
N3085 Z-0.5998
N3090 G41 X2.7618 Y-5.2185 D14
N3095 G3 X2.8622 Y-5.1181 Z-0.5906 I0. J0.1004
N3100 X2.6496 Z-0.5709 I-0.1063 J0.
N3105 X2.8622 Z-0.5512 I0.1063 J0.
N3110 X2.6496 Z-0.5315 I-0.1063 J0.
N3115 X2.8622 Z-0.5118 I0.1063 J0.
N3120 X2.6496 Z-0.4921 I-0.1063 J0.
N3125 X2.8622 Z-0.4724 I0.1063 J0.
N3130 X2.6496 Z-0.4528 I-0.1063 J0.
N3135 X2.8622 Z-0.4331 I0.1063 J0.
N3140 X2.6496 Z-0.4134 I-0.1063 J0.
N3145 X2.8622 Z-0.3937 I0.1063 J0.
N3150 X2.6496 Z-0.374 I-0.1063 J0.
N3155 X2.8622 Z-0.3543 I0.1063 J0.
N3160 X2.6496 Z-0.3346 I-0.1063 J0.
N3165 X2.8622 Z-0.315 I0.1063 J0.
N3170 X2.6496 Z-0.2953 I-0.1063 J0.
N3175 X2.8622 Z-0.2756 I0.1063 J0.
N3180 X2.6496 Z-0.2559 I-0.1063 J0.
N3185 X2.8622 Z-0.2362 I0.1063 J0.
N3190 X2.6496 Z-0.2165 I-0.1063 J0.
N3195 X2.8622 Z-0.1969 I0.1063 J0.
N3200 X2.6496 Z-0.1772 I-0.1063 J0.
N3205 X2.8622 Z-0.1575 I0.1063 J0.
N3210 X2.6496 Z-0.1378 I-0.1063 J0.
N3215 X2.8622 Z-0.1181 I0.1063 J0.
N3220 X2.6496 Z-0.0984 I-0.1063 J0.
N3225 X2.8622 Z-0.0787 I0.1063 J0.
N3230 X2.6496 Z-0.0591 I-0.1063 J0.
N3235 X2.8622 Z-0.0394 I0.1063 J0.
N3240 X2.8419 Y-5.0556 Z-0.0354 I-0.1063 J0.
N3245 X2.7017 Y-5.0334 Z-0.0261 I-0.0812 J-0.059
N3250 G1 G40 X2.7559 Y-5.1181
N3255 Z0.1969
N3260 Z-0.5209
N3265 Z-0.5996
N3270 G41 X2.7648 Y-5.2215 D14
N3275 G3 X2.8681 Y-5.1181 Z-0.5906 I0. J0.1033
N3280 X2.6437 Z-0.5709 I-0.1122 J0.
N3285 X2.8681 Z-0.5512 I0.1122 J0.
N3290 X2.6437 Z-0.5315 I-0.1122 J0.
N3295 X2.8681 Z-0.5118 I0.1122 J0.
N3300 X2.6437 Z-0.4921 I-0.1122 J0.
N3305 X2.8681 Z-0.4724 I0.1122 J0.
N3310 X2.6437 Z-0.4528 I-0.1122 J0.
N3315 X2.8681 Z-0.4331 I0.1122 J0.
N3320 X2.6437 Z-0.4134 I-0.1122 J0.
N3325 X2.8681 Z-0.3937 I0.1122 J0.
N3330 X2.6437 Z-0.374 I-0.1122 J0.
N3335 X2.8681 Z-0.3543 I0.1122 J0.
N3340 X2.6437 Z-0.3346 I-0.1122 J0.
N3345 X2.8681 Z-0.315 I0.1122 J0.
N3350 X2.6437 Z-0.2953 I-0.1122 J0.
N3355 X2.8681 Z-0.2756 I0.1122 J0.
N3360 X2.6437 Z-0.2559 I-0.1122 J0.
N3365 X2.8681 Z-0.2362 I0.1122 J0.
N3370 X2.6437 Z-0.2165 I-0.1122 J0.
N3375 X2.8681 Z-0.1969 I0.1122 J0.
N3380 X2.6437 Z-0.1772 I-0.1122 J0.
N3385 X2.8681 Z-0.1575 I0.1122 J0.
N3390 X2.6437 Z-0.1378 I-0.1122 J0.
N3395 X2.8681 Z-0.1181 I0.1122 J0.
N3400 X2.6437 Z-0.0984 I-0.1122 J0.
N3405 X2.8681 Z-0.0787 I0.1122 J0.
N3410 X2.6437 Z-0.0591 I-0.1122 J0.
N3415 X2.8681 Z-0.0394 I0.1122 J0.
N3420 X2.8467 Y-5.0522 Z-0.0354 I-0.1122 J0.
N3425 X2.7023 Y-5.0293 Z-0.0264 I-0.0836 J-0.0607
N3430 G1 G40 X2.7559 Y-5.1181
N3435 Z0.1969
N3440 Z-0.5207
N3445 Z-0.5994
N3450 G41 X2.7677 Y-5.2244 D14
N3455 G3 X2.874 Y-5.1181 Z-0.5906 I0. J0.1063
N3460 X2.6378 Z-0.5709 I-0.1181 J0.
N3465 X2.874 Z-0.5512 I0.1181 J0.
N3470 X2.6378 Z-0.5315 I-0.1181 J0.
N3475 X2.874 Z-0.5118 I0.1181 J0.
N3480 X2.6378 Z-0.4921 I-0.1181 J0.
N3485 X2.874 Z-0.4724 I0.1181 J0.
N3490 X2.6378 Z-0.4528 I-0.1181 J0.
N3495 X2.874 Z-0.4331 I0.1181 J0.
N3500 X2.6378 Z-0.4134 I-0.1181 J0.
N3505 X2.874 Z-0.3937 I0.1181 J0.
N3510 X2.6378 Z-0.374 I-0.1181 J0.
N3515 X2.874 Z-0.3543 I0.1181 J0.
N3520 X2.6378 Z-0.3346 I-0.1181 J0.
N3525 X2.874 Z-0.315 I0.1181 J0.
N3530 X2.6378 Z-0.2953 I-0.1181 J0.
N3535 X2.874 Z-0.2756 I0.1181 J0.
N3540 X2.6378 Z-0.2559 I-0.1181 J0.
N3545 X2.874 Z-0.2362 I0.1181 J0.
N3550 X2.6378 Z-0.2165 I-0.1181 J0.
N3555 X2.874 Z-0.1969 I0.1181 J0.
N3560 X2.6378 Z-0.1772 I-0.1181 J0.
N3565 X2.874 Z-0.1575 I0.1181 J0.
N3570 X2.6378 Z-0.1378 I-0.1181 J0.
N3575 X2.874 Z-0.1181 I0.1181 J0.
N3580 X2.6378 Z-0.0984 I-0.1181 J0.
N3585 X2.874 Z-0.0787 I0.1181 J0.
N3590 X2.6378 Z-0.0591 I-0.1181 J0.
N3595 X2.874 Z-0.0394 I0.1181 J0.
N3600 X2.8515 Y-5.0487 Z-0.0354 I-0.1181 J0.
N3605 X2.703 Y-5.0252 Z-0.0266 I-0.086 J-0.0625
N3610 G1 G40 X2.7559 Y-5.1181
N3615 Z0.1969
N3620 X3.5433
N3625 Z-0.5211
N3630 Z-0.5998
N3635 G41 X3.5492 Y-5.2185 D14
N3640 G3 X3.6496 Y-5.1181 Z-0.5906 I0. J0.1004
N3645 X3.437 Z-0.5709 I-0.1063 J0.
N3650 X3.6496 Z-0.5512 I0.1063 J0.
N3655 X3.437 Z-0.5315 I-0.1063 J0.
N3660 X3.6496 Z-0.5118 I0.1063 J0.
N3665 X3.437 Z-0.4921 I-0.1063 J0.
N3670 X3.6496 Z-0.4724 I0.1063 J0.
N3675 X3.437 Z-0.4528 I-0.1063 J0.
N3680 X3.6496 Z-0.4331 I0.1063 J0.
N3685 X3.437 Z-0.4134 I-0.1063 J0.
N3690 X3.6496 Z-0.3937 I0.1063 J0.
N3695 X3.437 Z-0.374 I-0.1063 J0.
N3700 X3.6496 Z-0.3543 I0.1063 J0.
N3705 X3.437 Z-0.3346 I-0.1063 J0.
N3710 X3.6496 Z-0.315 I0.1063 J0.
N3715 X3.437 Z-0.2953 I-0.1063 J0.
N3720 X3.6496 Z-0.2756 I0.1063 J0.
N3725 X3.437 Z-0.2559 I-0.1063 J0.
N3730 X3.6496 Z-0.2362 I0.1063 J0.
N3735 X3.437 Z-0.2165 I-0.1063 J0.
N3740 X3.6496 Z-0.1969 I0.1063 J0.
N3745 X3.437 Z-0.1772 I-0.1063 J0.
N3750 X3.6496 Z-0.1575 I0.1063 J0.
N3755 X3.437 Z-0.1378 I-0.1063 J0.
N3760 X3.6496 Z-0.1181 I0.1063 J0.
N3765 X3.437 Z-0.0984 I-0.1063 J0.
N3770 X3.6496 Z-0.0787 I0.1063 J0.
N3775 X3.437 Z-0.0591 I-0.1063 J0.
N3780 X3.6496 Z-0.0394 I0.1063 J0.
N3785 X3.6293 Y-5.0556 Z-0.0354 I-0.1063 J0.
N3790 X3.4891 Y-5.0334 Z-0.0261 I-0.0812 J-0.059
N3795 G1 G40 X3.5433 Y-5.1181
N3800 Z0.1969
N3805 Z-0.5209
N3810 Z-0.5996
N3815 G41 X3.5522 Y-5.2215 D14
N3820 G3 X3.6555 Y-5.1181 Z-0.5906 I0. J0.1033
N3825 X3.4311 Z-0.5709 I-0.1122 J0.
N3830 X3.6555 Z-0.5512 I0.1122 J0.
N3835 X3.4311 Z-0.5315 I-0.1122 J0.
N3840 X3.6555 Z-0.5118 I0.1122 J0.
N3845 X3.4311 Z-0.4921 I-0.1122 J0.
N3850 X3.6555 Z-0.4724 I0.1122 J0.
N3855 X3.4311 Z-0.4528 I-0.1122 J0.
N3860 X3.6555 Z-0.4331 I0.1122 J0.
N3865 X3.4311 Z-0.4134 I-0.1122 J0.
N3870 X3.6555 Z-0.3937 I0.1122 J0.
N3875 X3.4311 Z-0.374 I-0.1122 J0.
N3880 X3.6555 Z-0.3543 I0.1122 J0.
N3885 X3.4311 Z-0.3346 I-0.1122 J0.
N3890 X3.6555 Z-0.315 I0.1122 J0.
N3895 X3.4311 Z-0.2953 I-0.1122 J0.
N3900 X3.6555 Z-0.2756 I0.1122 J0.
N3905 X3.4311 Z-0.2559 I-0.1122 J0.
N3910 X3.6555 Z-0.2362 I0.1122 J0.
N3915 X3.4311 Z-0.2165 I-0.1122 J0.
N3920 X3.6555 Z-0.1969 I0.1122 J0.
N3925 X3.4311 Z-0.1772 I-0.1122 J0.
N3930 X3.6555 Z-0.1575 I0.1122 J0.
N3935 X3.4311 Z-0.1378 I-0.1122 J0.
N3940 X3.6555 Z-0.1181 I0.1122 J0.
N3945 X3.4311 Z-0.0984 I-0.1122 J0.
N3950 X3.6555 Z-0.0787 I0.1122 J0.
N3955 X3.4311 Z-0.0591 I-0.1122 J0.
N3960 X3.6555 Z-0.0394 I0.1122 J0.
N3965 X3.6341 Y-5.0522 Z-0.0354 I-0.1122 J0.
N3970 X3.4897 Y-5.0293 Z-0.0264 I-0.0836 J-0.0607
N3975 G1 G40 X3.5433 Y-5.1181
N3980 Z0.1969
N3985 Z-0.5207
N3990 Z-0.5994
N3995 G41 X3.5551 Y-5.2244 D14
N4000 G3 X3.6614 Y-5.1181 Z-0.5906 I0. J0.1063
N4005 X3.4252 Z-0.5709 I-0.1181 J0.
N4010 X3.6614 Z-0.5512 I0.1181 J0.
N4015 X3.4252 Z-0.5315 I-0.1181 J0.
N4020 X3.6614 Z-0.5118 I0.1181 J0.
N4025 X3.4252 Z-0.4921 I-0.1181 J0.
N4030 X3.6614 Z-0.4724 I0.1181 J0.
N4035 X3.4252 Z-0.4528 I-0.1181 J0.
N4040 X3.6614 Z-0.4331 I0.1181 J0.
N4045 X3.4252 Z-0.4134 I-0.1181 J0.
N4050 X3.6614 Z-0.3937 I0.1181 J0.
N4055 X3.4252 Z-0.374 I-0.1181 J0.
N4060 X3.6614 Z-0.3543 I0.1181 J0.
N4065 X3.4252 Z-0.3346 I-0.1181 J0.
N4070 X3.6614 Z-0.315 I0.1181 J0.
N4075 X3.4252 Z-0.2953 I-0.1181 J0.
N4080 X3.6614 Z-0.2756 I0.1181 J0.
N4085 X3.4252 Z-0.2559 I-0.1181 J0.
N4090 X3.6614 Z-0.2362 I0.1181 J0.
N4095 X3.4252 Z-0.2165 I-0.1181 J0.
N4100 X3.6614 Z-0.1969 I0.1181 J0.
N4105 X3.4252 Z-0.1772 I-0.1181 J0.
N4110 X3.6614 Z-0.1575 I0.1181 J0.
N4115 X3.4252 Z-0.1378 I-0.1181 J0.
N4120 X3.6614 Z-0.1181 I0.1181 J0.
N4125 X3.4252 Z-0.0984 I-0.1181 J0.
N4130 X3.6614 Z-0.0787 I0.1181 J0.
N4135 X3.4252 Z-0.0591 I-0.1181 J0.
N4140 X3.6614 Z-0.0394 I0.1181 J0.
N4145 X3.6389 Y-5.0487 Z-0.0354 I-0.1181 J0.
N4150 X3.4904 Y-5.0252 Z-0.0266 I-0.086 J-0.0625
N4155 G1 G40 X3.5433 Y-5.1181
N4160 Z0.1969
N4165 X4.3307
N4170 Z-0.5211
N4175 Z-0.5998
N4180 G41 X4.3366 Y-5.2185 D14
N4185 G3 X4.437 Y-5.1181 Z-0.5906 I0. J0.1004
N4190 X4.2244 Z-0.5709 I-0.1063 J0.
N4195 X4.437 Z-0.5512 I0.1063 J0.
N4200 X4.2244 Z-0.5315 I-0.1063 J0.
N4205 X4.437 Z-0.5118 I0.1063 J0.
N4210 X4.2244 Z-0.4921 I-0.1063 J0.
N4215 X4.437 Z-0.4724 I0.1063 J0.
N4220 X4.2244 Z-0.4528 I-0.1063 J0.
N4225 X4.437 Z-0.4331 I0.1063 J0.
N4230 X4.2244 Z-0.4134 I-0.1063 J0.
N4235 X4.437 Z-0.3937 I0.1063 J0.
N4240 X4.2244 Z-0.374 I-0.1063 J0.
N4245 X4.437 Z-0.3543 I0.1063 J0.
N4250 X4.2244 Z-0.3346 I-0.1063 J0.
N4255 X4.437 Z-0.315 I0.1063 J0.
N4260 X4.2244 Z-0.2953 I-0.1063 J0.
N4265 X4.437 Z-0.2756 I0.1063 J0.
N4270 X4.2244 Z-0.2559 I-0.1063 J0.
N4275 X4.437 Z-0.2362 I0.1063 J0.
N4280 X4.2244 Z-0.2165 I-0.1063 J0.
N4285 X4.437 Z-0.1969 I0.1063 J0.
N4290 X4.2244 Z-0.1772 I-0.1063 J0.
N4295 X4.437 Z-0.1575 I0.1063 J0.
N4300 X4.2244 Z-0.1378 I-0.1063 J0.
N4305 X4.437 Z-0.1181 I0.1063 J0.
N4310 X4.2244 Z-0.0984 I-0.1063 J0.
N4315 X4.437 Z-0.0787 I0.1063 J0.
N4320 X4.2244 Z-0.0591 I-0.1063 J0.
N4325 X4.437 Z-0.0394 I0.1063 J0.
N4330 X4.4167 Y-5.0556 Z-0.0354 I-0.1063 J0.
N4335 X4.2765 Y-5.0334 Z-0.0261 I-0.0812 J-0.059
N4340 G1 G40 X4.3307 Y-5.1181
N4345 Z0.1969
N4350 Z-0.5209
N4355 Z-0.5996
N4360 G41 X4.3396 Y-5.2215 D14
N4365 G3 X4.4429 Y-5.1181 Z-0.5906 I0. J0.1033
N4370 X4.2185 Z-0.5709 I-0.1122 J0.
N4375 X4.4429 Z-0.5512 I0.1122 J0.
N4380 X4.2185 Z-0.5315 I-0.1122 J0.
N4385 X4.4429 Z-0.5118 I0.1122 J0.
N4390 X4.2185 Z-0.4921 I-0.1122 J0.
N4395 X4.4429 Z-0.4724 I0.1122 J0.
N4400 X4.2185 Z-0.4528 I-0.1122 J0.
N4405 X4.4429 Z-0.4331 I0.1122 J0.
N4410 X4.2185 Z-0.4134 I-0.1122 J0.
N4415 X4.4429 Z-0.3937 I0.1122 J0.
N4420 X4.2185 Z-0.374 I-0.1122 J0.
N4425 X4.4429 Z-0.3543 I0.1122 J0.
N4430 X4.2185 Z-0.3346 I-0.1122 J0.
N4435 X4.4429 Z-0.315 I0.1122 J0.
N4440 X4.2185 Z-0.2953 I-0.1122 J0.
N4445 X4.4429 Z-0.2756 I0.1122 J0.
N4450 X4.2185 Z-0.2559 I-0.1122 J0.
N4455 X4.4429 Z-0.2362 I0.1122 J0.
N4460 X4.2185 Z-0.2165 I-0.1122 J0.
N4465 X4.4429 Z-0.1969 I0.1122 J0.
N4470 X4.2185 Z-0.1772 I-0.1122 J0.
N4475 X4.4429 Z-0.1575 I0.1122 J0.
N4480 X4.2185 Z-0.1378 I-0.1122 J0.
N4485 X4.4429 Z-0.1181 I0.1122 J0.
N4490 X4.2185 Z-0.0984 I-0.1122 J0.
N4495 X4.4429 Z-0.0787 I0.1122 J0.
N4500 X4.2185 Z-0.0591 I-0.1122 J0.
N4505 X4.4429 Z-0.0394 I0.1122 J0.
N4510 X4.4215 Y-5.0522 Z-0.0354 I-0.1122 J0.
N4515 X4.2771 Y-5.0293 Z-0.0264 I-0.0836 J-0.0607
N4520 G1 G40 X4.3307 Y-5.1181
N4525 Z0.1969
N4530 Z-0.5207
N4535 Z-0.5994
N4540 G41 X4.3425 Y-5.2244 D14
N4545 G3 X4.4488 Y-5.1181 Z-0.5906 I0. J0.1063
N4550 X4.2126 Z-0.5709 I-0.1181 J0.
N4555 X4.4488 Z-0.5512 I0.1181 J0.
N4560 X4.2126 Z-0.5315 I-0.1181 J0.
N4565 X4.4488 Z-0.5118 I0.1181 J0.
N4570 X4.2126 Z-0.4921 I-0.1181 J0.
N4575 X4.4488 Z-0.4724 I0.1181 J0.
N4580 X4.2126 Z-0.4528 I-0.1181 J0.
N4585 X4.4488 Z-0.4331 I0.1181 J0.
N4590 X4.2126 Z-0.4134 I-0.1181 J0.
N4595 X4.4488 Z-0.3937 I0.1181 J0.
N4600 X4.2126 Z-0.374 I-0.1181 J0.
N4605 X4.4488 Z-0.3543 I0.1181 J0.
N4610 X4.2126 Z-0.3346 I-0.1181 J0.
N4615 X4.4488 Z-0.315 I0.1181 J0.
N4620 X4.2126 Z-0.2953 I-0.1181 J0.
N4625 X4.4488 Z-0.2756 I0.1181 J0.
N4630 X4.2126 Z-0.2559 I-0.1181 J0.
N4635 X4.4488 Z-0.2362 I0.1181 J0.
N4640 X4.2126 Z-0.2165 I-0.1181 J0.
N4645 X4.4488 Z-0.1969 I0.1181 J0.
N4650 X4.2126 Z-0.1772 I-0.1181 J0.
N4655 X4.4488 Z-0.1575 I0.1181 J0.
N4660 X4.2126 Z-0.1378 I-0.1181 J0.
N4665 X4.4488 Z-0.1181 I0.1181 J0.
N4670 X4.2126 Z-0.0984 I-0.1181 J0.
N4675 X4.4488 Z-0.0787 I0.1181 J0.
N4680 X4.2126 Z-0.0591 I-0.1181 J0.
N4685 X4.4488 Z-0.0394 I0.1181 J0.
N4690 X4.4263 Y-5.0487 Z-0.0354 I-0.1181 J0.
N4695 X4.2778 Y-5.0252 Z-0.0266 I-0.086 J-0.0625
N4700 G1 G40 X4.3307 Y-5.1181
N4705 Z0.5906
N4710 M9
N4715 M5
N4720 G53 G0 Z0.
N4725 M30
%
