%
(TAPPING)
(MACHINE)
(  VENDOR PRINTNC)
(  MODEL PRINTNC V4 METALCUTTER)
(  DESCRIPTION GENERIC 3-AXIS ROUTER)
(T7 D=0.1575 CR=0. - ZMIN=-0.6398 - FLAT END MILL)
N10 G90 G94 G17 G91.1
N15 G20
(WHEN USING FUSION FOR PERSONAL USE, THE FEEDRATE OF RAPID)
(MOVES IS REDUCED TO MATCH THE FEEDRATE OF CUTTING MOVES,)
(WHICH CAN INCREASE MACHINING TIME. UNRESTRICTED RAPID MOVES)
(ARE AVAILABLE WITH A FUSION SUBSCRIPTION.)
N20 G53 G0 Z0.
(BORE1)
N25 T7 M6
N30 S22000 M3
N35 G17 G90 G94
N40 G54
N45 G64 P0.0004 Q0.0004
N50 G0 X-1.2638 Y-0.6476
N55 G43 Z0.5906 H7
N60 G1 Z0.1181 F21.654
N65 Z0.0472
N70 G18 G2 X-1.2559 Z0.0394 I0.0079 K0.
N75 G1 X-1.248
N80 G17 G3 X-1.2402 Y-0.6398 I0. J0.0079
N85 X-1.2795 Z0.037 I-0.0197 J0.
N90 X-1.2402 Z0.0346 I0.0197 J0.
N95 X-1.2795 Z0.0323 I-0.0197 J0.
N100 X-1.2402 Z0.0299 I0.0197 J0.
N105 X-1.2795 Z0.0276 I-0.0197 J0.
N110 X-1.2402 Z0.0252 I0.0197 J0.
N115 X-1.2795 Z0.0228 I-0.0197 J0.
N120 X-1.2402 Z0.0205 I0.0197 J0.
N125 X-1.2795 Z0.0181 I-0.0197 J0.
N130 X-1.2402 Z0.0157 I0.0197 J0.
N135 X-1.2795 Z0.0134 I-0.0197 J0.
N140 X-1.2402 Z0.011 I0.0197 J0.
N145 X-1.2795 Z0.0087 I-0.0197 J0.
N150 X-1.2402 Z0.0063 I0.0197 J0.
N155 X-1.2795 Z0.0039 I-0.0197 J0.
N160 X-1.2402 Z0.0016 I0.0197 J0.
N165 X-1.2795 Z-0.0008 I-0.0197 J0.
N170 X-1.2402 Z-0.0031 I0.0197 J0.
N175 X-1.2795 Z-0.0055 I-0.0197 J0.
N180 X-1.2402 Z-0.0079 I0.0197 J0.
N185 X-1.2795 Z-0.0102 I-0.0197 J0.
N190 X-1.2402 Z-0.0126 I0.0197 J0.
N195 X-1.2795 Z-0.015 I-0.0197 J0.
N200 X-1.2402 Z-0.0173 I0.0197 J0.
N205 X-1.2795 Z-0.0197 I-0.0197 J0.
N210 X-1.2402 Z-0.022 I0.0197 J0.
N215 X-1.2795 Z-0.0244 I-0.0197 J0.
N220 X-1.2402 Z-0.0268 I0.0197 J0.
N225 X-1.2795 Z-0.0291 I-0.0197 J0.
N230 X-1.2402 Z-0.0315 I0.0197 J0.
N235 X-1.2795 Z-0.0339 I-0.0197 J0.
N240 X-1.2402 Z-0.0362 I0.0197 J0.
N245 X-1.2795 Z-0.0386 I-0.0197 J0.
N250 X-1.2402 Z-0.0409 I0.0197 J0.
N255 X-1.2795 Z-0.0433 I-0.0197 J0.
N260 X-1.2402 Z-0.0457 I0.0197 J0.
N265 X-1.2795 Z-0.048 I-0.0197 J0.
N270 X-1.2402 Z-0.0504 I0.0197 J0.
N275 X-1.2795 Z-0.0528 I-0.0197 J0.
N280 X-1.2402 Z-0.0551 I0.0197 J0.
N285 X-1.2795 Z-0.0575 I-0.0197 J0.
N290 X-1.2402 Z-0.0598 I0.0197 J0.
N295 X-1.2795 Z-0.0622 I-0.0197 J0.
N300 X-1.2402 Z-0.0646 I0.0197 J0.
N305 X-1.2795 Z-0.0669 I-0.0197 J0.
N310 X-1.2402 Z-0.0693 I0.0197 J0.
N315 X-1.2795 Z-0.0717 I-0.0197 J0.
N320 X-1.2402 Z-0.074 I0.0197 J0.
N325 X-1.2795 Z-0.0764 I-0.0197 J0.
N330 X-1.2402 Z-0.0787 I0.0197 J0.
N335 X-1.2795 Z-0.0811 I-0.0197 J0.
N340 X-1.2402 Z-0.0835 I0.0197 J0.
N345 X-1.2795 Z-0.0858 I-0.0197 J0.
N350 X-1.2402 Z-0.0882 I0.0197 J0.
N355 X-1.2795 Z-0.0906 I-0.0197 J0.
N360 X-1.2402 Z-0.0929 I0.0197 J0.
N365 X-1.2795 Z-0.0953 I-0.0197 J0.
N370 X-1.2402 Z-0.0976 I0.0197 J0.
N375 X-1.2795 Z-0.1 I-0.0197 J0.
N380 X-1.2402 Z-0.1024 I0.0197 J0.
N385 X-1.2795 Z-0.1047 I-0.0197 J0.
N390 X-1.2402 Z-0.1071 I0.0197 J0.
N395 X-1.2795 Z-0.1094 I-0.0197 J0.
N400 X-1.2402 Z-0.1118 I0.0197 J0.
N405 X-1.2795 Z-0.1142 I-0.0197 J0.
N410 X-1.2402 Z-0.1165 I0.0197 J0.
N415 X-1.2795 Z-0.1189 I-0.0197 J0.
N420 X-1.2402 Z-0.1213 I0.0197 J0.
N425 X-1.2795 Z-0.1236 I-0.0197 J0.
N430 X-1.2402 Z-0.126 I0.0197 J0.
N435 X-1.2795 Z-0.1283 I-0.0197 J0.
N440 X-1.2402 Z-0.1307 I0.0197 J0.
N445 X-1.2795 Z-0.1331 I-0.0197 J0.
N450 X-1.2402 Z-0.1354 I0.0197 J0.
N455 X-1.2795 Z-0.1378 I-0.0197 J0.
N460 X-1.2402 Z-0.1402 I0.0197 J0.
N465 X-1.2795 Z-0.1425 I-0.0197 J0.
N470 X-1.2402 Z-0.1449 I0.0197 J0.
N475 X-1.2795 Z-0.1472 I-0.0197 J0.
N480 X-1.2402 Z-0.1496 I0.0197 J0.
N485 X-1.2795 Z-0.152 I-0.0197 J0.
N490 X-1.2402 Z-0.1543 I0.0197 J0.
N495 X-1.2795 Z-0.1567 I-0.0197 J0.
N500 X-1.2402 Z-0.1591 I0.0197 J0.
N505 X-1.2795 Z-0.1614 I-0.0197 J0.
N510 X-1.2402 Z-0.1638 I0.0197 J0.
N515 X-1.2795 Z-0.1661 I-0.0197 J0.
N520 X-1.2402 Z-0.1685 I0.0197 J0.
N525 X-1.2795 Z-0.1709 I-0.0197 J0.
N530 X-1.2402 Z-0.1732 I0.0197 J0.
N535 X-1.2795 Z-0.1756 I-0.0197 J0.
N540 X-1.2402 Z-0.178 I0.0197 J0.
N545 X-1.2795 Z-0.1803 I-0.0197 J0.
N550 X-1.2402 Z-0.1827 I0.0197 J0.
N555 X-1.2795 Z-0.185 I-0.0197 J0.
N560 X-1.2402 Z-0.1874 I0.0197 J0.
N565 X-1.2795 Z-0.1898 I-0.0197 J0.
N570 X-1.2402 Z-0.1921 I0.0197 J0.
N575 X-1.2795 Z-0.1945 I-0.0197 J0.
N580 X-1.2402 Z-0.1969 I0.0197 J0.
N585 X-1.2795 Z-0.1992 I-0.0197 J0.
N590 X-1.2402 Z-0.2016 I0.0197 J0.
N595 X-1.2795 Z-0.2039 I-0.0197 J0.
N600 X-1.2402 Z-0.2063 I0.0197 J0.
N605 X-1.2795 Z-0.2087 I-0.0197 J0.
N610 X-1.2402 Z-0.211 I0.0197 J0.
N615 X-1.2795 Z-0.2134 I-0.0197 J0.
N620 X-1.2402 Z-0.2157 I0.0197 J0.
N625 X-1.2795 Z-0.2181 I-0.0197 J0.
N630 X-1.2402 Z-0.2205 I0.0197 J0.
N635 X-1.2795 Z-0.2228 I-0.0197 J0.
N640 X-1.2402 Z-0.2252 I0.0197 J0.
N645 X-1.2795 Z-0.2276 I-0.0197 J0.
N650 X-1.2402 Z-0.2299 I0.0197 J0.
N655 X-1.2795 Z-0.2323 I-0.0197 J0.
N660 X-1.2402 Z-0.2346 I0.0197 J0.
N665 X-1.2795 Z-0.237 I-0.0197 J0.
N670 X-1.2402 Z-0.2394 I0.0197 J0.
N675 X-1.2795 Z-0.2417 I-0.0197 J0.
N680 X-1.2402 Z-0.2441 I0.0197 J0.
N685 X-1.2795 Z-0.2465 I-0.0197 J0.
N690 X-1.2402 Z-0.2488 I0.0197 J0.
N695 X-1.2795 Z-0.2512 I-0.0197 J0.
N700 X-1.2402 Z-0.2535 I0.0197 J0.
N705 X-1.2795 Z-0.2559 I-0.0197 J0.
N710 X-1.2402 Z-0.2583 I0.0197 J0.
N715 X-1.2795 Z-0.2606 I-0.0197 J0.
N720 X-1.2402 Z-0.263 I0.0197 J0.
N725 X-1.2795 Z-0.2654 I-0.0197 J0.
N730 X-1.2402 Z-0.2677 I0.0197 J0.
N735 X-1.2795 Z-0.2701 I-0.0197 J0.
N740 X-1.2402 Z-0.2724 I0.0197 J0.
N745 X-1.2795 Z-0.2748 I-0.0197 J0.
N750 X-1.2402 Z-0.2772 I0.0197 J0.
N755 X-1.2795 Z-0.2795 I-0.0197 J0.
N760 X-1.2402 Z-0.2819 I0.0197 J0.
N765 X-1.2795 Z-0.2843 I-0.0197 J0.
N770 X-1.2402 Z-0.2866 I0.0197 J0.
N775 X-1.2795 Z-0.289 I-0.0197 J0.
N780 X-1.2402 Z-0.2913 I0.0197 J0.
N785 X-1.2795 Z-0.2937 I-0.0197 J0.
N790 X-1.2402 Z-0.2961 I0.0197 J0.
N795 X-1.2795 Z-0.2984 I-0.0197 J0.
N800 X-1.2402 Z-0.3008 I0.0197 J0.
N805 X-1.2795 Z-0.3031 I-0.0197 J0.
N810 X-1.2402 Z-0.3055 I0.0197 J0.
N815 X-1.2795 Z-0.3079 I-0.0197 J0.
N820 X-1.2402 Z-0.3102 I0.0197 J0.
N825 X-1.2795 Z-0.3126 I-0.0197 J0.
N830 X-1.2402 Z-0.315 I0.0197 J0.
N835 X-1.2795 Z-0.3173 I-0.0197 J0.
N840 X-1.2402 Z-0.3197 I0.0197 J0.
N845 X-1.2795 Z-0.322 I-0.0197 J0.
N850 X-1.2402 Z-0.3244 I0.0197 J0.
N855 X-1.2795 Z-0.3268 I-0.0197 J0.
N860 X-1.2402 Z-0.3291 I0.0197 J0.
N865 X-1.2795 Z-0.3315 I-0.0197 J0.
N870 X-1.2402 Z-0.3339 I0.0197 J0.
N875 X-1.2795 Z-0.3362 I-0.0197 J0.
N880 X-1.2402 Z-0.3386 I0.0197 J0.
N885 X-1.2795 Z-0.3409 I-0.0197 J0.
N890 X-1.2402 Z-0.3433 I0.0197 J0.
N895 X-1.2795 Z-0.3457 I-0.0197 J0.
N900 X-1.2402 Z-0.348 I0.0197 J0.
N905 X-1.2795 Z-0.3504 I-0.0197 J0.
N910 X-1.2402 Z-0.3528 I0.0197 J0.
N915 X-1.2795 Z-0.3551 I-0.0197 J0.
N920 X-1.2402 Z-0.3575 I0.0197 J0.
N925 X-1.2795 Z-0.3598 I-0.0197 J0.
N930 X-1.2402 Z-0.3622 I0.0197 J0.
N935 X-1.2795 Z-0.3646 I-0.0197 J0.
N940 X-1.2402 Z-0.3669 I0.0197 J0.
N945 X-1.2795 Z-0.3693 I-0.0197 J0.
N950 X-1.2402 Z-0.3717 I0.0197 J0.
N955 X-1.2795 Z-0.374 I-0.0197 J0.
N960 X-1.2402 Z-0.3764 I0.0197 J0.
N965 X-1.2795 Z-0.3787 I-0.0197 J0.
N970 X-1.2402 Z-0.3811 I0.0197 J0.
N975 X-1.2795 Z-0.3835 I-0.0197 J0.
N980 X-1.2402 Z-0.3858 I0.0197 J0.
N985 X-1.2795 Z-0.3882 I-0.0197 J0.
N990 X-1.2402 Z-0.3906 I0.0197 J0.
N995 X-1.2795 Z-0.3929 I-0.0197 J0.
N1000 X-1.2402 Z-0.3953 I0.0197 J0.
N1005 X-1.2795 Z-0.3976 I-0.0197 J0.
N1010 X-1.2402 Z-0.4 I0.0197 J0.
N1015 X-1.2795 Z-0.4024 I-0.0197 J0.
N1020 X-1.2402 Z-0.4047 I0.0197 J0.
N1025 X-1.2795 Z-0.4071 I-0.0197 J0.
N1030 X-1.2402 Z-0.4094 I0.0197 J0.
N1035 X-1.2795 Z-0.4118 I-0.0197 J0.
N1040 X-1.2402 Z-0.4142 I0.0197 J0.
N1045 X-1.2795 Z-0.4165 I-0.0197 J0.
N1050 X-1.2402 Z-0.4189 I0.0197 J0.
N1055 X-1.2795 Z-0.4213 I-0.0197 J0.
N1060 X-1.2402 Z-0.4236 I0.0197 J0.
N1065 X-1.2795 Z-0.426 I-0.0197 J0.
N1070 X-1.2402 Z-0.4283 I0.0197 J0.
N1075 X-1.2795 Z-0.4307 I-0.0197 J0.
N1080 X-1.2402 Z-0.4331 I0.0197 J0.
N1085 X-1.2795 Z-0.4354 I-0.0197 J0.
N1090 X-1.2402 Z-0.4378 I0.0197 J0.
N1095 X-1.2795 Z-0.4402 I-0.0197 J0.
N1100 X-1.2402 Z-0.4425 I0.0197 J0.
N1105 X-1.2795 Z-0.4449 I-0.0197 J0.
N1110 X-1.2402 Z-0.4472 I0.0197 J0.
N1115 X-1.2795 Z-0.4496 I-0.0197 J0.
N1120 X-1.2402 Z-0.452 I0.0197 J0.
N1125 X-1.2795 Z-0.4543 I-0.0197 J0.
N1130 X-1.2402 Z-0.4567 I0.0197 J0.
N1135 X-1.2795 Z-0.4591 I-0.0197 J0.
N1140 X-1.2402 Z-0.4614 I0.0197 J0.
N1145 X-1.2795 Z-0.4638 I-0.0197 J0.
N1150 X-1.2402 Z-0.4661 I0.0197 J0.
N1155 X-1.2795 Z-0.4685 I-0.0197 J0.
N1160 X-1.2402 Z-0.4709 I0.0197 J0.
N1165 X-1.2795 Z-0.4732 I-0.0197 J0.
N1170 X-1.2402 Z-0.4756 I0.0197 J0.
N1175 X-1.2795 Z-0.478 I-0.0197 J0.
N1180 X-1.2402 Z-0.4803 I0.0197 J0.
N1185 X-1.2795 Z-0.4827 I-0.0197 J0.
N1190 X-1.2402 Z-0.485 I0.0197 J0.
N1195 X-1.2795 Z-0.4874 I-0.0197 J0.
N1200 X-1.2402 Z-0.4898 I0.0197 J0.
N1205 X-1.2795 Z-0.4921 I-0.0197 J0.
N1210 X-1.2402 Z-0.4945 I0.0197 J0.
N1215 X-1.2795 Z-0.4969 I-0.0197 J0.
N1220 X-1.2402 Z-0.4992 I0.0197 J0.
N1225 X-1.2795 Z-0.5016 I-0.0197 J0.
N1230 X-1.2402 Z-0.5039 I0.0197 J0.
N1235 X-1.2795 Z-0.5063 I-0.0197 J0.
N1240 X-1.2402 Z-0.5087 I0.0197 J0.
N1245 X-1.2795 Z-0.511 I-0.0197 J0.
N1250 X-1.2402 Z-0.5134 I0.0197 J0.
N1255 X-1.2795 Z-0.5157 I-0.0197 J0.
N1260 X-1.2402 Z-0.5181 I0.0197 J0.
N1265 X-1.2795 Z-0.5205 I-0.0197 J0.
N1270 X-1.2402 Z-0.5228 I0.0197 J0.
N1275 X-1.2795 Z-0.5252 I-0.0197 J0.
N1280 X-1.2402 Z-0.5276 I0.0197 J0.
N1285 X-1.2795 Z-0.5299 I-0.0197 J0.
N1290 X-1.2402 Z-0.5323 I0.0197 J0.
N1295 X-1.2795 Z-0.5346 I-0.0197 J0.
N1300 X-1.2402 Z-0.537 I0.0197 J0.
N1305 X-1.2795 Z-0.5394 I-0.0197 J0.
N1310 X-1.2402 Z-0.5417 I0.0197 J0.
N1315 X-1.2795 Z-0.5441 I-0.0197 J0.
N1320 X-1.2402 Z-0.5465 I0.0197 J0.
N1325 X-1.2795 Z-0.5488 I-0.0197 J0.
N1330 X-1.2402 Z-0.5512 I0.0197 J0.
N1335 X-1.2795 Z-0.5535 I-0.0197 J0.
N1340 X-1.2402 Z-0.5559 I0.0197 J0.
N1345 X-1.2795 Z-0.5583 I-0.0197 J0.
N1350 X-1.2402 Z-0.5606 I0.0197 J0.
N1355 X-1.2795 Z-0.563 I-0.0197 J0.
N1360 X-1.2402 Z-0.5654 I0.0197 J0.
N1365 X-1.2795 Z-0.5677 I-0.0197 J0.
N1370 X-1.2402 Z-0.5701 I0.0197 J0.
N1375 X-1.2795 Z-0.5724 I-0.0197 J0.
N1380 X-1.2402 Z-0.5748 I0.0197 J0.
N1385 X-1.2795 Z-0.5772 I-0.0197 J0.
N1390 X-1.2402 Z-0.5795 I0.0197 J0.
N1395 X-1.2795 Z-0.5819 I-0.0197 J0.
N1400 X-1.2402 Z-0.5843 I0.0197 J0.
N1405 X-1.2795 Z-0.5866 I-0.0197 J0.
N1410 X-1.2402 Z-0.589 I0.0197 J0.
N1415 X-1.2795 Z-0.5913 I-0.0197 J0.
N1420 X-1.2402 Z-0.5937 I0.0197 J0.
N1425 X-1.2795 Z-0.5961 I-0.0197 J0.
N1430 X-1.2402 Z-0.5984 I0.0197 J0.
N1435 X-1.2795 Z-0.6008 I-0.0197 J0.
N1440 X-1.2402 Z-0.6031 I0.0197 J0.
N1445 X-1.2795 Z-0.6055 I-0.0197 J0.
N1450 X-1.2402 Z-0.6079 I0.0197 J0.
N1455 X-1.2795 Z-0.6102 I-0.0197 J0.
N1460 X-1.2402 Z-0.6126 I0.0197 J0.
N1465 X-1.2795 Z-0.615 I-0.0197 J0.
N1470 X-1.2402 Z-0.6173 I0.0197 J0.
N1475 X-1.2795 Z-0.6197 I-0.0197 J0.
N1480 X-1.2402 Z-0.622 I0.0197 J0.
N1485 X-1.2795 Z-0.6244 I-0.0197 J0.
N1490 X-1.2402 Z-0.6268 I0.0197 J0.
N1495 X-1.2795 Z-0.6291 I-0.0197 J0.
N1500 X-1.2402 Z-0.6315 I0.0197 J0.
N1505 X-1.2795 Z-0.6339 I-0.0197 J0.
N1510 X-1.2402 Z-0.6362 I0.0197 J0.
N1515 X-1.2795 Z-0.6386 I-0.0197 J0.
N1520 X-1.2598 Y-0.6594 Z-0.6398 I0.0197 J0.
N1525 Y-0.6201 I0. J0.0197
N1530 Y-0.6594 I0. J-0.0197
N1535 X-1.252 Y-0.6516 I0. J0.0079
N1540 G1 Y-0.6437
N1545 G19 G3 Y-0.6358 Z-0.6319 J0. K0.0079
N1550 G1 Z0.1969
N1555 X-1.2638 Y-0.6476
N1560 Z0.1181
N1565 Z0.0472
N1570 G18 G2 X-1.2559 Z0.0394 I0.0079 K0.
N1575 G1 X-1.248
N1580 G17 G3 X-1.2402 Y-0.6398 I0. J0.0079
N1585 X-1.2795 Z0.037 I-0.0197 J0.
N1590 X-1.2402 Z0.0346 I0.0197 J0.
N1595 X-1.2795 Z0.0323 I-0.0197 J0.
N1600 X-1.2402 Z0.0299 I0.0197 J0.
N1605 X-1.2795 Z0.0276 I-0.0197 J0.
N1610 X-1.2402 Z0.0252 I0.0197 J0.
N1615 X-1.2795 Z0.0228 I-0.0197 J0.
N1620 X-1.2402 Z0.0205 I0.0197 J0.
N1625 X-1.2795 Z0.0181 I-0.0197 J0.
N1630 X-1.2402 Z0.0157 I0.0197 J0.
N1635 X-1.2795 Z0.0134 I-0.0197 J0.
N1640 X-1.2402 Z0.011 I0.0197 J0.
N1645 X-1.2795 Z0.0087 I-0.0197 J0.
N1650 X-1.2402 Z0.0063 I0.0197 J0.
N1655 X-1.2795 Z0.0039 I-0.0197 J0.
N1660 X-1.2402 Z0.0016 I0.0197 J0.
N1665 X-1.2795 Z-0.0008 I-0.0197 J0.
N1670 X-1.2402 Z-0.0031 I0.0197 J0.
N1675 X-1.2795 Z-0.0055 I-0.0197 J0.
N1680 X-1.2402 Z-0.0079 I0.0197 J0.
N1685 X-1.2795 Z-0.0102 I-0.0197 J0.
N1690 X-1.2402 Z-0.0126 I0.0197 J0.
N1695 X-1.2795 Z-0.015 I-0.0197 J0.
N1700 X-1.2402 Z-0.0173 I0.0197 J0.
N1705 X-1.2795 Z-0.0197 I-0.0197 J0.
N1710 X-1.2402 Z-0.022 I0.0197 J0.
N1715 X-1.2795 Z-0.0244 I-0.0197 J0.
N1720 X-1.2402 Z-0.0268 I0.0197 J0.
N1725 X-1.2795 Z-0.0291 I-0.0197 J0.
N1730 X-1.2402 Z-0.0315 I0.0197 J0.
N1735 X-1.2795 Z-0.0339 I-0.0197 J0.
N1740 X-1.2402 Z-0.0362 I0.0197 J0.
N1745 X-1.2795 Z-0.0386 I-0.0197 J0.
N1750 X-1.2402 Z-0.0409 I0.0197 J0.
N1755 X-1.2795 Z-0.0433 I-0.0197 J0.
N1760 X-1.2402 Z-0.0457 I0.0197 J0.
N1765 X-1.2795 Z-0.048 I-0.0197 J0.
N1770 X-1.2402 Z-0.0504 I0.0197 J0.
N1775 X-1.2795 Z-0.0528 I-0.0197 J0.
N1780 X-1.2402 Z-0.0551 I0.0197 J0.
N1785 X-1.2795 Z-0.0575 I-0.0197 J0.
N1790 X-1.2402 Z-0.0598 I0.0197 J0.
N1795 X-1.2795 Z-0.0622 I-0.0197 J0.
N1800 X-1.2402 Z-0.0646 I0.0197 J0.
N1805 X-1.2795 Z-0.0669 I-0.0197 J0.
N1810 X-1.2402 Z-0.0693 I0.0197 J0.
N1815 X-1.2795 Z-0.0717 I-0.0197 J0.
N1820 X-1.2402 Z-0.074 I0.0197 J0.
N1825 X-1.2795 Z-0.0764 I-0.0197 J0.
N1830 X-1.2402 Z-0.0787 I0.0197 J0.
N1835 X-1.2795 Z-0.0811 I-0.0197 J0.
N1840 X-1.2402 Z-0.0835 I0.0197 J0.
N1845 X-1.2795 Z-0.0858 I-0.0197 J0.
N1850 X-1.2402 Z-0.0882 I0.0197 J0.
N1855 X-1.2795 Z-0.0906 I-0.0197 J0.
N1860 X-1.2402 Z-0.0929 I0.0197 J0.
N1865 X-1.2795 Z-0.0953 I-0.0197 J0.
N1870 X-1.2402 Z-0.0976 I0.0197 J0.
N1875 X-1.2795 Z-0.1 I-0.0197 J0.
N1880 X-1.2402 Z-0.1024 I0.0197 J0.
N1885 X-1.2795 Z-0.1047 I-0.0197 J0.
N1890 X-1.2402 Z-0.1071 I0.0197 J0.
N1895 X-1.2795 Z-0.1094 I-0.0197 J0.
N1900 X-1.2402 Z-0.1118 I0.0197 J0.
N1905 X-1.2795 Z-0.1142 I-0.0197 J0.
N1910 X-1.2402 Z-0.1165 I0.0197 J0.
N1915 X-1.2795 Z-0.1189 I-0.0197 J0.
N1920 X-1.2402 Z-0.1213 I0.0197 J0.
N1925 X-1.2795 Z-0.1236 I-0.0197 J0.
N1930 X-1.2402 Z-0.126 I0.0197 J0.
N1935 X-1.2795 Z-0.1283 I-0.0197 J0.
N1940 X-1.2402 Z-0.1307 I0.0197 J0.
N1945 X-1.2795 Z-0.1331 I-0.0197 J0.
N1950 X-1.2402 Z-0.1354 I0.0197 J0.
N1955 X-1.2795 Z-0.1378 I-0.0197 J0.
N1960 X-1.2402 Z-0.1402 I0.0197 J0.
N1965 X-1.2795 Z-0.1425 I-0.0197 J0.
N1970 X-1.2402 Z-0.1449 I0.0197 J0.
N1975 X-1.2795 Z-0.1472 I-0.0197 J0.
N1980 X-1.2402 Z-0.1496 I0.0197 J0.
N1985 X-1.2795 Z-0.152 I-0.0197 J0.
N1990 X-1.2402 Z-0.1543 I0.0197 J0.
N1995 X-1.2795 Z-0.1567 I-0.0197 J0.
N2000 X-1.2402 Z-0.1591 I0.0197 J0.
N2005 X-1.2795 Z-0.1614 I-0.0197 J0.
N2010 X-1.2402 Z-0.1638 I0.0197 J0.
N2015 X-1.2795 Z-0.1661 I-0.0197 J0.
N2020 X-1.2402 Z-0.1685 I0.0197 J0.
N2025 X-1.2795 Z-0.1709 I-0.0197 J0.
N2030 X-1.2402 Z-0.1732 I0.0197 J0.
N2035 X-1.2795 Z-0.1756 I-0.0197 J0.
N2040 X-1.2402 Z-0.178 I0.0197 J0.
N2045 X-1.2795 Z-0.1803 I-0.0197 J0.
N2050 X-1.2402 Z-0.1827 I0.0197 J0.
N2055 X-1.2795 Z-0.185 I-0.0197 J0.
N2060 X-1.2402 Z-0.1874 I0.0197 J0.
N2065 X-1.2795 Z-0.1898 I-0.0197 J0.
N2070 X-1.2402 Z-0.1921 I0.0197 J0.
N2075 X-1.2795 Z-0.1945 I-0.0197 J0.
N2080 X-1.2402 Z-0.1969 I0.0197 J0.
N2085 X-1.2795 Z-0.1992 I-0.0197 J0.
N2090 X-1.2402 Z-0.2016 I0.0197 J0.
N2095 X-1.2795 Z-0.2039 I-0.0197 J0.
N2100 X-1.2402 Z-0.2063 I0.0197 J0.
N2105 X-1.2795 Z-0.2087 I-0.0197 J0.
N2110 X-1.2402 Z-0.211 I0.0197 J0.
N2115 X-1.2795 Z-0.2134 I-0.0197 J0.
N2120 X-1.2402 Z-0.2157 I0.0197 J0.
N2125 X-1.2795 Z-0.2181 I-0.0197 J0.
N2130 X-1.2402 Z-0.2205 I0.0197 J0.
N2135 X-1.2795 Z-0.2228 I-0.0197 J0.
N2140 X-1.2402 Z-0.2252 I0.0197 J0.
N2145 X-1.2795 Z-0.2276 I-0.0197 J0.
N2150 X-1.2402 Z-0.2299 I0.0197 J0.
N2155 X-1.2795 Z-0.2323 I-0.0197 J0.
N2160 X-1.2402 Z-0.2346 I0.0197 J0.
N2165 X-1.2795 Z-0.237 I-0.0197 J0.
N2170 X-1.2402 Z-0.2394 I0.0197 J0.
N2175 X-1.2795 Z-0.2417 I-0.0197 J0.
N2180 X-1.2402 Z-0.2441 I0.0197 J0.
N2185 X-1.2795 Z-0.2465 I-0.0197 J0.
N2190 X-1.2402 Z-0.2488 I0.0197 J0.
N2195 X-1.2795 Z-0.2512 I-0.0197 J0.
N2200 X-1.2402 Z-0.2535 I0.0197 J0.
N2205 X-1.2795 Z-0.2559 I-0.0197 J0.
N2210 X-1.2402 Z-0.2583 I0.0197 J0.
N2215 X-1.2795 Z-0.2606 I-0.0197 J0.
N2220 X-1.2402 Z-0.263 I0.0197 J0.
N2225 X-1.2795 Z-0.2654 I-0.0197 J0.
N2230 X-1.2402 Z-0.2677 I0.0197 J0.
N2235 X-1.2795 Z-0.2701 I-0.0197 J0.
N2240 X-1.2402 Z-0.2724 I0.0197 J0.
N2245 X-1.2795 Z-0.2748 I-0.0197 J0.
N2250 X-1.2402 Z-0.2772 I0.0197 J0.
N2255 X-1.2795 Z-0.2795 I-0.0197 J0.
N2260 X-1.2402 Z-0.2819 I0.0197 J0.
N2265 X-1.2795 Z-0.2843 I-0.0197 J0.
N2270 X-1.2402 Z-0.2866 I0.0197 J0.
N2275 X-1.2795 Z-0.289 I-0.0197 J0.
N2280 X-1.2402 Z-0.2913 I0.0197 J0.
N2285 X-1.2795 Z-0.2937 I-0.0197 J0.
N2290 X-1.2402 Z-0.2961 I0.0197 J0.
N2295 X-1.2795 Z-0.2984 I-0.0197 J0.
N2300 X-1.2402 Z-0.3008 I0.0197 J0.
N2305 X-1.2795 Z-0.3031 I-0.0197 J0.
N2310 X-1.2402 Z-0.3055 I0.0197 J0.
N2315 X-1.2795 Z-0.3079 I-0.0197 J0.
N2320 X-1.2402 Z-0.3102 I0.0197 J0.
N2325 X-1.2795 Z-0.3126 I-0.0197 J0.
N2330 X-1.2402 Z-0.315 I0.0197 J0.
N2335 X-1.2795 Z-0.3173 I-0.0197 J0.
N2340 X-1.2402 Z-0.3197 I0.0197 J0.
N2345 X-1.2795 Z-0.322 I-0.0197 J0.
N2350 X-1.2402 Z-0.3244 I0.0197 J0.
N2355 X-1.2795 Z-0.3268 I-0.0197 J0.
N2360 X-1.2402 Z-0.3291 I0.0197 J0.
N2365 X-1.2795 Z-0.3315 I-0.0197 J0.
N2370 X-1.2402 Z-0.3339 I0.0197 J0.
N2375 X-1.2795 Z-0.3362 I-0.0197 J0.
N2380 X-1.2402 Z-0.3386 I0.0197 J0.
N2385 X-1.2795 Z-0.3409 I-0.0197 J0.
N2390 X-1.2402 Z-0.3433 I0.0197 J0.
N2395 X-1.2795 Z-0.3457 I-0.0197 J0.
N2400 X-1.2402 Z-0.348 I0.0197 J0.
N2405 X-1.2795 Z-0.3504 I-0.0197 J0.
N2410 X-1.2402 Z-0.3528 I0.0197 J0.
N2415 X-1.2795 Z-0.3551 I-0.0197 J0.
N2420 X-1.2402 Z-0.3575 I0.0197 J0.
N2425 X-1.2795 Z-0.3598 I-0.0197 J0.
N2430 X-1.2402 Z-0.3622 I0.0197 J0.
N2435 X-1.2795 Z-0.3646 I-0.0197 J0.
N2440 X-1.2402 Z-0.3669 I0.0197 J0.
N2445 X-1.2795 Z-0.3693 I-0.0197 J0.
N2450 X-1.2402 Z-0.3717 I0.0197 J0.
N2455 X-1.2795 Z-0.374 I-0.0197 J0.
N2460 X-1.2402 Z-0.3764 I0.0197 J0.
N2465 X-1.2795 Z-0.3787 I-0.0197 J0.
N2470 X-1.2402 Z-0.3811 I0.0197 J0.
N2475 X-1.2795 Z-0.3835 I-0.0197 J0.
N2480 X-1.2402 Z-0.3858 I0.0197 J0.
N2485 X-1.2795 Z-0.3882 I-0.0197 J0.
N2490 X-1.2402 Z-0.3906 I0.0197 J0.
N2495 X-1.2795 Z-0.3929 I-0.0197 J0.
N2500 X-1.2402 Z-0.3953 I0.0197 J0.
N2505 X-1.2795 Z-0.3976 I-0.0197 J0.
N2510 X-1.2402 Z-0.4 I0.0197 J0.
N2515 X-1.2795 Z-0.4024 I-0.0197 J0.
N2520 X-1.2402 Z-0.4047 I0.0197 J0.
N2525 X-1.2795 Z-0.4071 I-0.0197 J0.
N2530 X-1.2402 Z-0.4094 I0.0197 J0.
N2535 X-1.2795 Z-0.4118 I-0.0197 J0.
N2540 X-1.2402 Z-0.4142 I0.0197 J0.
N2545 X-1.2795 Z-0.4165 I-0.0197 J0.
N2550 X-1.2402 Z-0.4189 I0.0197 J0.
N2555 X-1.2795 Z-0.4213 I-0.0197 J0.
N2560 X-1.2402 Z-0.4236 I0.0197 J0.
N2565 X-1.2795 Z-0.426 I-0.0197 J0.
N2570 X-1.2402 Z-0.4283 I0.0197 J0.
N2575 X-1.2795 Z-0.4307 I-0.0197 J0.
N2580 X-1.2402 Z-0.4331 I0.0197 J0.
N2585 X-1.2795 Z-0.4354 I-0.0197 J0.
N2590 X-1.2402 Z-0.4378 I0.0197 J0.
N2595 X-1.2795 Z-0.4402 I-0.0197 J0.
N2600 X-1.2402 Z-0.4425 I0.0197 J0.
N2605 X-1.2795 Z-0.4449 I-0.0197 J0.
N2610 X-1.2402 Z-0.4472 I0.0197 J0.
N2615 X-1.2795 Z-0.4496 I-0.0197 J0.
N2620 X-1.2402 Z-0.452 I0.0197 J0.
N2625 X-1.2795 Z-0.4543 I-0.0197 J0.
N2630 X-1.2402 Z-0.4567 I0.0197 J0.
N2635 X-1.2795 Z-0.4591 I-0.0197 J0.
N2640 X-1.2402 Z-0.4614 I0.0197 J0.
N2645 X-1.2795 Z-0.4638 I-0.0197 J0.
N2650 X-1.2402 Z-0.4661 I0.0197 J0.
N2655 X-1.2795 Z-0.4685 I-0.0197 J0.
N2660 X-1.2402 Z-0.4709 I0.0197 J0.
N2665 X-1.2795 Z-0.4732 I-0.0197 J0.
N2670 X-1.2402 Z-0.4756 I0.0197 J0.
N2675 X-1.2795 Z-0.478 I-0.0197 J0.
N2680 X-1.2402 Z-0.4803 I0.0197 J0.
N2685 X-1.2795 Z-0.4827 I-0.0197 J0.
N2690 X-1.2402 Z-0.485 I0.0197 J0.
N2695 X-1.2795 Z-0.4874 I-0.0197 J0.
N2700 X-1.2402 Z-0.4898 I0.0197 J0.
N2705 X-1.2795 Z-0.4921 I-0.0197 J0.
N2710 X-1.2402 Z-0.4945 I0.0197 J0.
N2715 X-1.2795 Z-0.4969 I-0.0197 J0.
N2720 X-1.2402 Z-0.4992 I0.0197 J0.
N2725 X-1.2795 Z-0.5016 I-0.0197 J0.
N2730 X-1.2402 Z-0.5039 I0.0197 J0.
N2735 X-1.2795 Z-0.5063 I-0.0197 J0.
N2740 X-1.2402 Z-0.5087 I0.0197 J0.
N2745 X-1.2795 Z-0.511 I-0.0197 J0.
N2750 X-1.2402 Z-0.5134 I0.0197 J0.
N2755 X-1.2795 Z-0.5157 I-0.0197 J0.
N2760 X-1.2402 Z-0.5181 I0.0197 J0.
N2765 X-1.2795 Z-0.5205 I-0.0197 J0.
N2770 X-1.2402 Z-0.5228 I0.0197 J0.
N2775 X-1.2795 Z-0.5252 I-0.0197 J0.
N2780 X-1.2402 Z-0.5276 I0.0197 J0.
N2785 X-1.2795 Z-0.5299 I-0.0197 J0.
N2790 X-1.2402 Z-0.5323 I0.0197 J0.
N2795 X-1.2795 Z-0.5346 I-0.0197 J0.
N2800 X-1.2402 Z-0.537 I0.0197 J0.
N2805 X-1.2795 Z-0.5394 I-0.0197 J0.
N2810 X-1.2402 Z-0.5417 I0.0197 J0.
N2815 X-1.2795 Z-0.5441 I-0.0197 J0.
N2820 X-1.2402 Z-0.5465 I0.0197 J0.
N2825 X-1.2795 Z-0.5488 I-0.0197 J0.
N2830 X-1.2402 Z-0.5512 I0.0197 J0.
N2835 X-1.2795 Z-0.5535 I-0.0197 J0.
N2840 X-1.2402 Z-0.5559 I0.0197 J0.
N2845 X-1.2795 Z-0.5583 I-0.0197 J0.
N2850 X-1.2402 Z-0.5606 I0.0197 J0.
N2855 X-1.2795 Z-0.563 I-0.0197 J0.
N2860 X-1.2402 Z-0.5654 I0.0197 J0.
N2865 X-1.2795 Z-0.5677 I-0.0197 J0.
N2870 X-1.2402 Z-0.5701 I0.0197 J0.
N2875 X-1.2795 Z-0.5724 I-0.0197 J0.
N2880 X-1.2402 Z-0.5748 I0.0197 J0.
N2885 X-1.2795 Z-0.5772 I-0.0197 J0.
N2890 X-1.2402 Z-0.5795 I0.0197 J0.
N2895 X-1.2795 Z-0.5819 I-0.0197 J0.
N2900 X-1.2402 Z-0.5843 I0.0197 J0.
N2905 X-1.2795 Z-0.5866 I-0.0197 J0.
N2910 X-1.2402 Z-0.589 I0.0197 J0.
N2915 X-1.2795 Z-0.5913 I-0.0197 J0.
N2920 X-1.2402 Z-0.5937 I0.0197 J0.
N2925 X-1.2795 Z-0.5961 I-0.0197 J0.
N2930 X-1.2402 Z-0.5984 I0.0197 J0.
N2935 X-1.2795 Z-0.6008 I-0.0197 J0.
N2940 X-1.2402 Z-0.6031 I0.0197 J0.
N2945 X-1.2795 Z-0.6055 I-0.0197 J0.
N2950 X-1.2402 Z-0.6079 I0.0197 J0.
N2955 X-1.2795 Z-0.6102 I-0.0197 J0.
N2960 X-1.2402 Z-0.6126 I0.0197 J0.
N2965 X-1.2795 Z-0.615 I-0.0197 J0.
N2970 X-1.2402 Z-0.6173 I0.0197 J0.
N2975 X-1.2795 Z-0.6197 I-0.0197 J0.
N2980 X-1.2402 Z-0.622 I0.0197 J0.
N2985 X-1.2795 Z-0.6244 I-0.0197 J0.
N2990 X-1.2402 Z-0.6268 I0.0197 J0.
N2995 X-1.2795 Z-0.6291 I-0.0197 J0.
N3000 X-1.2402 Z-0.6315 I0.0197 J0.
N3005 X-1.2795 Z-0.6339 I-0.0197 J0.
N3010 X-1.2402 Z-0.6362 I0.0197 J0.
N3015 X-1.2795 Z-0.6386 I-0.0197 J0.
N3020 X-1.2598 Y-0.6594 Z-0.6398 I0.0197 J0.
N3025 Y-0.6201 I0. J0.0197
N3030 Y-0.6594 I0. J-0.0197
N3035 X-1.252 Y-0.6516 I0. J0.0079
N3040 G1 Y-0.6437
N3045 G19 G3 Y-0.6358 Z-0.6319 J0. K0.0079
N3050 G1 Z0.1969
N3055 X-1.2638 Y-0.2277
N3060 Z0.1181
N3065 Z0.0472
N3070 G18 G2 X-1.2559 Z0.0394 I0.0079 K0.
N3075 G1 X-1.248
N3080 G17 G3 X-1.2402 Y-0.2198 I0. J0.0079
N3085 X-1.2795 Z0.037 I-0.0197 J0.
N3090 X-1.2402 Z0.0346 I0.0197 J0.
N3095 X-1.2795 Z0.0323 I-0.0197 J0.
N3100 X-1.2402 Z0.0299 I0.0197 J0.
N3105 X-1.2795 Z0.0276 I-0.0197 J0.
N3110 X-1.2402 Z0.0252 I0.0197 J0.
N3115 X-1.2795 Z0.0228 I-0.0197 J0.
N3120 X-1.2402 Z0.0205 I0.0197 J0.
N3125 X-1.2795 Z0.0181 I-0.0197 J0.
N3130 X-1.2402 Z0.0157 I0.0197 J0.
N3135 X-1.2795 Z0.0134 I-0.0197 J0.
N3140 X-1.2402 Z0.011 I0.0197 J0.
N3145 X-1.2795 Z0.0087 I-0.0197 J0.
N3150 X-1.2402 Z0.0063 I0.0197 J0.
N3155 X-1.2795 Z0.0039 I-0.0197 J0.
N3160 X-1.2402 Z0.0016 I0.0197 J0.
N3165 X-1.2795 Z-0.0008 I-0.0197 J0.
N3170 X-1.2402 Z-0.0031 I0.0197 J0.
N3175 X-1.2795 Z-0.0055 I-0.0197 J0.
N3180 X-1.2402 Z-0.0079 I0.0197 J0.
N3185 X-1.2795 Z-0.0102 I-0.0197 J0.
N3190 X-1.2402 Z-0.0126 I0.0197 J0.
N3195 X-1.2795 Z-0.015 I-0.0197 J0.
N3200 X-1.2402 Z-0.0173 I0.0197 J0.
N3205 X-1.2795 Z-0.0197 I-0.0197 J0.
N3210 X-1.2402 Z-0.022 I0.0197 J0.
N3215 X-1.2795 Z-0.0244 I-0.0197 J0.
N3220 X-1.2402 Z-0.0268 I0.0197 J0.
N3225 X-1.2795 Z-0.0291 I-0.0197 J0.
N3230 X-1.2402 Z-0.0315 I0.0197 J0.
N3235 X-1.2795 Z-0.0339 I-0.0197 J0.
N3240 X-1.2402 Z-0.0362 I0.0197 J0.
N3245 X-1.2795 Z-0.0386 I-0.0197 J0.
N3250 X-1.2402 Z-0.0409 I0.0197 J0.
N3255 X-1.2795 Z-0.0433 I-0.0197 J0.
N3260 X-1.2402 Z-0.0457 I0.0197 J0.
N3265 X-1.2795 Z-0.048 I-0.0197 J0.
N3270 X-1.2402 Z-0.0504 I0.0197 J0.
N3275 X-1.2795 Z-0.0528 I-0.0197 J0.
N3280 X-1.2402 Z-0.0551 I0.0197 J0.
N3285 X-1.2795 Z-0.0575 I-0.0197 J0.
N3290 X-1.2402 Z-0.0598 I0.0197 J0.
N3295 X-1.2795 Z-0.0622 I-0.0197 J0.
N3300 X-1.2402 Z-0.0646 I0.0197 J0.
N3305 X-1.2795 Z-0.0669 I-0.0197 J0.
N3310 X-1.2402 Z-0.0693 I0.0197 J0.
N3315 X-1.2795 Z-0.0717 I-0.0197 J0.
N3320 X-1.2402 Z-0.074 I0.0197 J0.
N3325 X-1.2795 Z-0.0764 I-0.0197 J0.
N3330 X-1.2402 Z-0.0787 I0.0197 J0.
N3335 X-1.2795 Z-0.0811 I-0.0197 J0.
N3340 X-1.2402 Z-0.0835 I0.0197 J0.
N3345 X-1.2795 Z-0.0858 I-0.0197 J0.
N3350 X-1.2402 Z-0.0882 I0.0197 J0.
N3355 X-1.2795 Z-0.0906 I-0.0197 J0.
N3360 X-1.2402 Z-0.0929 I0.0197 J0.
N3365 X-1.2795 Z-0.0953 I-0.0197 J0.
N3370 X-1.2402 Z-0.0976 I0.0197 J0.
N3375 X-1.2795 Z-0.1 I-0.0197 J0.
N3380 X-1.2402 Z-0.1024 I0.0197 J0.
N3385 X-1.2795 Z-0.1047 I-0.0197 J0.
N3390 X-1.2402 Z-0.1071 I0.0197 J0.
N3395 X-1.2795 Z-0.1094 I-0.0197 J0.
N3400 X-1.2402 Z-0.1118 I0.0197 J0.
N3405 X-1.2795 Z-0.1142 I-0.0197 J0.
N3410 X-1.2402 Z-0.1165 I0.0197 J0.
N3415 X-1.2795 Z-0.1189 I-0.0197 J0.
N3420 X-1.2402 Z-0.1213 I0.0197 J0.
N3425 X-1.2795 Z-0.1236 I-0.0197 J0.
N3430 X-1.2402 Z-0.126 I0.0197 J0.
N3435 X-1.2795 Z-0.1283 I-0.0197 J0.
N3440 X-1.2402 Z-0.1307 I0.0197 J0.
N3445 X-1.2795 Z-0.1331 I-0.0197 J0.
N3450 X-1.2402 Z-0.1354 I0.0197 J0.
N3455 X-1.2795 Z-0.1378 I-0.0197 J0.
N3460 X-1.2402 Z-0.1402 I0.0197 J0.
N3465 X-1.2795 Z-0.1425 I-0.0197 J0.
N3470 X-1.2402 Z-0.1449 I0.0197 J0.
N3475 X-1.2795 Z-0.1472 I-0.0197 J0.
N3480 X-1.2402 Z-0.1496 I0.0197 J0.
N3485 X-1.2795 Z-0.152 I-0.0197 J0.
N3490 X-1.2402 Z-0.1543 I0.0197 J0.
N3495 X-1.2795 Z-0.1567 I-0.0197 J0.
N3500 X-1.2402 Z-0.1591 I0.0197 J0.
N3505 X-1.2795 Z-0.1614 I-0.0197 J0.
N3510 X-1.2402 Z-0.1638 I0.0197 J0.
N3515 X-1.2795 Z-0.1661 I-0.0197 J0.
N3520 X-1.2402 Z-0.1685 I0.0197 J0.
N3525 X-1.2795 Z-0.1709 I-0.0197 J0.
N3530 X-1.2402 Z-0.1732 I0.0197 J0.
N3535 X-1.2795 Z-0.1756 I-0.0197 J0.
N3540 X-1.2402 Z-0.178 I0.0197 J0.
N3545 X-1.2795 Z-0.1803 I-0.0197 J0.
N3550 X-1.2402 Z-0.1827 I0.0197 J0.
N3555 X-1.2795 Z-0.185 I-0.0197 J0.
N3560 X-1.2402 Z-0.1874 I0.0197 J0.
N3565 X-1.2795 Z-0.1898 I-0.0197 J0.
N3570 X-1.2402 Z-0.1921 I0.0197 J0.
N3575 X-1.2795 Z-0.1945 I-0.0197 J0.
N3580 X-1.2402 Z-0.1969 I0.0197 J0.
N3585 X-1.2795 Z-0.1992 I-0.0197 J0.
N3590 X-1.2402 Z-0.2016 I0.0197 J0.
N3595 X-1.2795 Z-0.2039 I-0.0197 J0.
N3600 X-1.2402 Z-0.2063 I0.0197 J0.
N3605 X-1.2795 Z-0.2087 I-0.0197 J0.
N3610 X-1.2402 Z-0.211 I0.0197 J0.
N3615 X-1.2795 Z-0.2134 I-0.0197 J0.
N3620 X-1.2402 Z-0.2157 I0.0197 J0.
N3625 X-1.2795 Z-0.2181 I-0.0197 J0.
N3630 X-1.2402 Z-0.2205 I0.0197 J0.
N3635 X-1.2795 Z-0.2228 I-0.0197 J0.
N3640 X-1.2402 Z-0.2252 I0.0197 J0.
N3645 X-1.2795 Z-0.2276 I-0.0197 J0.
N3650 X-1.2402 Z-0.2299 I0.0197 J0.
N3655 X-1.2795 Z-0.2323 I-0.0197 J0.
N3660 X-1.2402 Z-0.2346 I0.0197 J0.
N3665 X-1.2795 Z-0.237 I-0.0197 J0.
N3670 X-1.2402 Z-0.2394 I0.0197 J0.
N3675 X-1.2795 Z-0.2417 I-0.0197 J0.
N3680 X-1.2402 Z-0.2441 I0.0197 J0.
N3685 X-1.2795 Z-0.2465 I-0.0197 J0.
N3690 X-1.2402 Z-0.2488 I0.0197 J0.
N3695 X-1.2795 Z-0.2512 I-0.0197 J0.
N3700 X-1.2402 Z-0.2535 I0.0197 J0.
N3705 X-1.2795 Z-0.2559 I-0.0197 J0.
N3710 X-1.2402 Z-0.2583 I0.0197 J0.
N3715 X-1.2795 Z-0.2606 I-0.0197 J0.
N3720 X-1.2402 Z-0.263 I0.0197 J0.
N3725 X-1.2795 Z-0.2654 I-0.0197 J0.
N3730 X-1.2402 Z-0.2677 I0.0197 J0.
N3735 X-1.2795 Z-0.2701 I-0.0197 J0.
N3740 X-1.2402 Z-0.2724 I0.0197 J0.
N3745 X-1.2795 Z-0.2748 I-0.0197 J0.
N3750 X-1.2402 Z-0.2772 I0.0197 J0.
N3755 X-1.2795 Z-0.2795 I-0.0197 J0.
N3760 X-1.2402 Z-0.2819 I0.0197 J0.
N3765 X-1.2795 Z-0.2843 I-0.0197 J0.
N3770 X-1.2402 Z-0.2866 I0.0197 J0.
N3775 X-1.2795 Z-0.289 I-0.0197 J0.
N3780 X-1.2402 Z-0.2913 I0.0197 J0.
N3785 X-1.2795 Z-0.2937 I-0.0197 J0.
N3790 X-1.2402 Z-0.2961 I0.0197 J0.
N3795 X-1.2795 Z-0.2984 I-0.0197 J0.
N3800 X-1.2402 Z-0.3008 I0.0197 J0.
N3805 X-1.2795 Z-0.3031 I-0.0197 J0.
N3810 X-1.2402 Z-0.3055 I0.0197 J0.
N3815 X-1.2795 Z-0.3079 I-0.0197 J0.
N3820 X-1.2402 Z-0.3102 I0.0197 J0.
N3825 X-1.2795 Z-0.3126 I-0.0197 J0.
N3830 X-1.2402 Z-0.315 I0.0197 J0.
N3835 X-1.2795 Z-0.3173 I-0.0197 J0.
N3840 X-1.2402 Z-0.3197 I0.0197 J0.
N3845 X-1.2795 Z-0.322 I-0.0197 J0.
N3850 X-1.2402 Z-0.3244 I0.0197 J0.
N3855 X-1.2795 Z-0.3268 I-0.0197 J0.
N3860 X-1.2402 Z-0.3291 I0.0197 J0.
N3865 X-1.2795 Z-0.3315 I-0.0197 J0.
N3870 X-1.2402 Z-0.3339 I0.0197 J0.
N3875 X-1.2795 Z-0.3362 I-0.0197 J0.
N3880 X-1.2402 Z-0.3386 I0.0197 J0.
N3885 X-1.2795 Z-0.3409 I-0.0197 J0.
N3890 X-1.2402 Z-0.3433 I0.0197 J0.
N3895 X-1.2795 Z-0.3457 I-0.0197 J0.
N3900 X-1.2402 Z-0.348 I0.0197 J0.
N3905 X-1.2795 Z-0.3504 I-0.0197 J0.
N3910 X-1.2402 Z-0.3528 I0.0197 J0.
N3915 X-1.2795 Z-0.3551 I-0.0197 J0.
N3920 X-1.2402 Z-0.3575 I0.0197 J0.
N3925 X-1.2795 Z-0.3598 I-0.0197 J0.
N3930 X-1.2402 Z-0.3622 I0.0197 J0.
N3935 X-1.2795 Z-0.3646 I-0.0197 J0.
N3940 X-1.2402 Z-0.3669 I0.0197 J0.
N3945 X-1.2795 Z-0.3693 I-0.0197 J0.
N3950 X-1.2402 Z-0.3717 I0.0197 J0.
N3955 X-1.2795 Z-0.374 I-0.0197 J0.
N3960 X-1.2402 Z-0.3764 I0.0197 J0.
N3965 X-1.2795 Z-0.3787 I-0.0197 J0.
N3970 X-1.2402 Z-0.3811 I0.0197 J0.
N3975 X-1.2795 Z-0.3835 I-0.0197 J0.
N3980 X-1.2402 Z-0.3858 I0.0197 J0.
N3985 X-1.2795 Z-0.3882 I-0.0197 J0.
N3990 X-1.2402 Z-0.3906 I0.0197 J0.
N3995 X-1.2795 Z-0.3929 I-0.0197 J0.
N4000 X-1.2402 Z-0.3953 I0.0197 J0.
N4005 X-1.2795 Z-0.3976 I-0.0197 J0.
N4010 X-1.2402 Z-0.4 I0.0197 J0.
N4015 X-1.2795 Z-0.4024 I-0.0197 J0.
N4020 X-1.2402 Z-0.4047 I0.0197 J0.
N4025 X-1.2795 Z-0.4071 I-0.0197 J0.
N4030 X-1.2402 Z-0.4094 I0.0197 J0.
N4035 X-1.2795 Z-0.4118 I-0.0197 J0.
N4040 X-1.2402 Z-0.4142 I0.0197 J0.
N4045 X-1.2795 Z-0.4165 I-0.0197 J0.
N4050 X-1.2402 Z-0.4189 I0.0197 J0.
N4055 X-1.2795 Z-0.4213 I-0.0197 J0.
N4060 X-1.2402 Z-0.4236 I0.0197 J0.
N4065 X-1.2795 Z-0.426 I-0.0197 J0.
N4070 X-1.2402 Z-0.4283 I0.0197 J0.
N4075 X-1.2795 Z-0.4307 I-0.0197 J0.
N4080 X-1.2402 Z-0.4331 I0.0197 J0.
N4085 X-1.2795 Z-0.4354 I-0.0197 J0.
N4090 X-1.2402 Z-0.4378 I0.0197 J0.
N4095 X-1.2795 Z-0.4402 I-0.0197 J0.
N4100 X-1.2402 Z-0.4425 I0.0197 J0.
N4105 X-1.2795 Z-0.4449 I-0.0197 J0.
N4110 X-1.2402 Z-0.4472 I0.0197 J0.
N4115 X-1.2795 Z-0.4496 I-0.0197 J0.
N4120 X-1.2402 Z-0.452 I0.0197 J0.
N4125 X-1.2795 Z-0.4543 I-0.0197 J0.
N4130 X-1.2402 Z-0.4567 I0.0197 J0.
N4135 X-1.2795 Z-0.4591 I-0.0197 J0.
N4140 X-1.2402 Z-0.4614 I0.0197 J0.
N4145 X-1.2795 Z-0.4638 I-0.0197 J0.
N4150 X-1.2402 Z-0.4661 I0.0197 J0.
N4155 X-1.2795 Z-0.4685 I-0.0197 J0.
N4160 X-1.2402 Z-0.4709 I0.0197 J0.
N4165 X-1.2795 Z-0.4732 I-0.0197 J0.
N4170 X-1.2402 Z-0.4756 I0.0197 J0.
N4175 X-1.2795 Z-0.478 I-0.0197 J0.
N4180 X-1.2402 Z-0.4803 I0.0197 J0.
N4185 X-1.2795 Z-0.4827 I-0.0197 J0.
N4190 X-1.2402 Z-0.485 I0.0197 J0.
N4195 X-1.2795 Z-0.4874 I-0.0197 J0.
N4200 X-1.2402 Z-0.4898 I0.0197 J0.
N4205 X-1.2795 Z-0.4921 I-0.0197 J0.
N4210 X-1.2402 Z-0.4945 I0.0197 J0.
N4215 X-1.2795 Z-0.4969 I-0.0197 J0.
N4220 X-1.2402 Z-0.4992 I0.0197 J0.
N4225 X-1.2795 Z-0.5016 I-0.0197 J0.
N4230 X-1.2402 Z-0.5039 I0.0197 J0.
N4235 X-1.2795 Z-0.5063 I-0.0197 J0.
N4240 X-1.2402 Z-0.5087 I0.0197 J0.
N4245 X-1.2795 Z-0.511 I-0.0197 J0.
N4250 X-1.2402 Z-0.5134 I0.0197 J0.
N4255 X-1.2795 Z-0.5157 I-0.0197 J0.
N4260 X-1.2402 Z-0.5181 I0.0197 J0.
N4265 X-1.2795 Z-0.5205 I-0.0197 J0.
N4270 X-1.2402 Z-0.5228 I0.0197 J0.
N4275 X-1.2795 Z-0.5252 I-0.0197 J0.
N4280 X-1.2402 Z-0.5276 I0.0197 J0.
N4285 X-1.2795 Z-0.5299 I-0.0197 J0.
N4290 X-1.2402 Z-0.5323 I0.0197 J0.
N4295 X-1.2795 Z-0.5346 I-0.0197 J0.
N4300 X-1.2402 Z-0.537 I0.0197 J0.
N4305 X-1.2795 Z-0.5394 I-0.0197 J0.
N4310 X-1.2402 Z-0.5417 I0.0197 J0.
N4315 X-1.2795 Z-0.5441 I-0.0197 J0.
N4320 X-1.2402 Z-0.5465 I0.0197 J0.
N4325 X-1.2795 Z-0.5488 I-0.0197 J0.
N4330 X-1.2402 Z-0.5512 I0.0197 J0.
N4335 X-1.2795 Z-0.5535 I-0.0197 J0.
N4340 X-1.2402 Z-0.5559 I0.0197 J0.
N4345 X-1.2795 Z-0.5583 I-0.0197 J0.
N4350 X-1.2402 Z-0.5606 I0.0197 J0.
N4355 X-1.2795 Z-0.563 I-0.0197 J0.
N4360 X-1.2402 Z-0.5654 I0.0197 J0.
N4365 X-1.2795 Z-0.5677 I-0.0197 J0.
N4370 X-1.2402 Z-0.5701 I0.0197 J0.
N4375 X-1.2795 Z-0.5724 I-0.0197 J0.
N4380 X-1.2402 Z-0.5748 I0.0197 J0.
N4385 X-1.2795 Z-0.5772 I-0.0197 J0.
N4390 X-1.2402 Z-0.5795 I0.0197 J0.
N4395 X-1.2795 Z-0.5819 I-0.0197 J0.
N4400 X-1.2402 Z-0.5843 I0.0197 J0.
N4405 X-1.2795 Z-0.5866 I-0.0197 J0.
N4410 X-1.2402 Z-0.589 I0.0197 J0.
N4415 X-1.2795 Z-0.5913 I-0.0197 J0.
N4420 X-1.2402 Z-0.5937 I0.0197 J0.
N4425 X-1.2795 Z-0.5961 I-0.0197 J0.
N4430 X-1.2402 Z-0.5984 I0.0197 J0.
N4435 X-1.2795 Z-0.6008 I-0.0197 J0.
N4440 X-1.2402 Z-0.6031 I0.0197 J0.
N4445 X-1.2795 Z-0.6055 I-0.0197 J0.
N4450 X-1.2402 Z-0.6079 I0.0197 J0.
N4455 X-1.2795 Z-0.6102 I-0.0197 J0.
N4460 X-1.2402 Z-0.6126 I0.0197 J0.
N4465 X-1.2795 Z-0.615 I-0.0197 J0.
N4470 X-1.2402 Z-0.6173 I0.0197 J0.
N4475 X-1.2795 Z-0.6197 I-0.0197 J0.
N4480 X-1.2402 Z-0.622 I0.0197 J0.
N4485 X-1.2795 Z-0.6244 I-0.0197 J0.
N4490 X-1.2402 Z-0.6268 I0.0197 J0.
N4495 X-1.2795 Z-0.6291 I-0.0197 J0.
N4500 X-1.2402 Z-0.6315 I0.0197 J0.
N4505 X-1.2795 Z-0.6339 I-0.0197 J0.
N4510 X-1.2402 Z-0.6362 I0.0197 J0.
N4515 X-1.2795 Z-0.6386 I-0.0197 J0.
N4520 X-1.2598 Y-0.2395 Z-0.6398 I0.0197 J0.
N4525 Y-0.2001 I0. J0.0197
N4530 Y-0.2395 I0. J-0.0197
N4535 X-1.252 Y-0.2316 I0. J0.0079
N4540 G1 Y-0.2238
N4545 G19 G3 Y-0.2159 Z-0.6319 J0. K0.0079
N4550 G1 Z0.1969
N4555 X-1.2638 Y-0.2277
N4560 Z0.1181
N4565 Z0.0472
N4570 G18 G2 X-1.2559 Z0.0394 I0.0079 K0.
N4575 G1 X-1.248
N4580 G17 G3 X-1.2402 Y-0.2198 I0. J0.0079
N4585 X-1.2795 Z0.037 I-0.0197 J0.
N4590 X-1.2402 Z0.0346 I0.0197 J0.
N4595 X-1.2795 Z0.0323 I-0.0197 J0.
N4600 X-1.2402 Z0.0299 I0.0197 J0.
N4605 X-1.2795 Z0.0276 I-0.0197 J0.
N4610 X-1.2402 Z0.0252 I0.0197 J0.
N4615 X-1.2795 Z0.0228 I-0.0197 J0.
N4620 X-1.2402 Z0.0205 I0.0197 J0.
N4625 X-1.2795 Z0.0181 I-0.0197 J0.
N4630 X-1.2402 Z0.0157 I0.0197 J0.
N4635 X-1.2795 Z0.0134 I-0.0197 J0.
N4640 X-1.2402 Z0.011 I0.0197 J0.
N4645 X-1.2795 Z0.0087 I-0.0197 J0.
N4650 X-1.2402 Z0.0063 I0.0197 J0.
N4655 X-1.2795 Z0.0039 I-0.0197 J0.
N4660 X-1.2402 Z0.0016 I0.0197 J0.
N4665 X-1.2795 Z-0.0008 I-0.0197 J0.
N4670 X-1.2402 Z-0.0031 I0.0197 J0.
N4675 X-1.2795 Z-0.0055 I-0.0197 J0.
N4680 X-1.2402 Z-0.0079 I0.0197 J0.
N4685 X-1.2795 Z-0.0102 I-0.0197 J0.
N4690 X-1.2402 Z-0.0126 I0.0197 J0.
N4695 X-1.2795 Z-0.015 I-0.0197 J0.
N4700 X-1.2402 Z-0.0173 I0.0197 J0.
N4705 X-1.2795 Z-0.0197 I-0.0197 J0.
N4710 X-1.2402 Z-0.022 I0.0197 J0.
N4715 X-1.2795 Z-0.0244 I-0.0197 J0.
N4720 X-1.2402 Z-0.0268 I0.0197 J0.
N4725 X-1.2795 Z-0.0291 I-0.0197 J0.
N4730 X-1.2402 Z-0.0315 I0.0197 J0.
N4735 X-1.2795 Z-0.0339 I-0.0197 J0.
N4740 X-1.2402 Z-0.0362 I0.0197 J0.
N4745 X-1.2795 Z-0.0386 I-0.0197 J0.
N4750 X-1.2402 Z-0.0409 I0.0197 J0.
N4755 X-1.2795 Z-0.0433 I-0.0197 J0.
N4760 X-1.2402 Z-0.0457 I0.0197 J0.
N4765 X-1.2795 Z-0.048 I-0.0197 J0.
N4770 X-1.2402 Z-0.0504 I0.0197 J0.
N4775 X-1.2795 Z-0.0528 I-0.0197 J0.
N4780 X-1.2402 Z-0.0551 I0.0197 J0.
N4785 X-1.2795 Z-0.0575 I-0.0197 J0.
N4790 X-1.2402 Z-0.0598 I0.0197 J0.
N4795 X-1.2795 Z-0.0622 I-0.0197 J0.
N4800 X-1.2402 Z-0.0646 I0.0197 J0.
N4805 X-1.2795 Z-0.0669 I-0.0197 J0.
N4810 X-1.2402 Z-0.0693 I0.0197 J0.
N4815 X-1.2795 Z-0.0717 I-0.0197 J0.
N4820 X-1.2402 Z-0.074 I0.0197 J0.
N4825 X-1.2795 Z-0.0764 I-0.0197 J0.
N4830 X-1.2402 Z-0.0787 I0.0197 J0.
N4835 X-1.2795 Z-0.0811 I-0.0197 J0.
N4840 X-1.2402 Z-0.0835 I0.0197 J0.
N4845 X-1.2795 Z-0.0858 I-0.0197 J0.
N4850 X-1.2402 Z-0.0882 I0.0197 J0.
N4855 X-1.2795 Z-0.0906 I-0.0197 J0.
N4860 X-1.2402 Z-0.0929 I0.0197 J0.
N4865 X-1.2795 Z-0.0953 I-0.0197 J0.
N4870 X-1.2402 Z-0.0976 I0.0197 J0.
N4875 X-1.2795 Z-0.1 I-0.0197 J0.
N4880 X-1.2402 Z-0.1024 I0.0197 J0.
N4885 X-1.2795 Z-0.1047 I-0.0197 J0.
N4890 X-1.2402 Z-0.1071 I0.0197 J0.
N4895 X-1.2795 Z-0.1094 I-0.0197 J0.
N4900 X-1.2402 Z-0.1118 I0.0197 J0.
N4905 X-1.2795 Z-0.1142 I-0.0197 J0.
N4910 X-1.2402 Z-0.1165 I0.0197 J0.
N4915 X-1.2795 Z-0.1189 I-0.0197 J0.
N4920 X-1.2402 Z-0.1213 I0.0197 J0.
N4925 X-1.2795 Z-0.1236 I-0.0197 J0.
N4930 X-1.2402 Z-0.126 I0.0197 J0.
N4935 X-1.2795 Z-0.1283 I-0.0197 J0.
N4940 X-1.2402 Z-0.1307 I0.0197 J0.
N4945 X-1.2795 Z-0.1331 I-0.0197 J0.
N4950 X-1.2402 Z-0.1354 I0.0197 J0.
N4955 X-1.2795 Z-0.1378 I-0.0197 J0.
N4960 X-1.2402 Z-0.1402 I0.0197 J0.
N4965 X-1.2795 Z-0.1425 I-0.0197 J0.
N4970 X-1.2402 Z-0.1449 I0.0197 J0.
N4975 X-1.2795 Z-0.1472 I-0.0197 J0.
N4980 X-1.2402 Z-0.1496 I0.0197 J0.
N4985 X-1.2795 Z-0.152 I-0.0197 J0.
N4990 X-1.2402 Z-0.1543 I0.0197 J0.
N4995 X-1.2795 Z-0.1567 I-0.0197 J0.
N5000 X-1.2402 Z-0.1591 I0.0197 J0.
N5005 X-1.2795 Z-0.1614 I-0.0197 J0.
N5010 X-1.2402 Z-0.1638 I0.0197 J0.
N5015 X-1.2795 Z-0.1661 I-0.0197 J0.
N5020 X-1.2402 Z-0.1685 I0.0197 J0.
N5025 X-1.2795 Z-0.1709 I-0.0197 J0.
N5030 X-1.2402 Z-0.1732 I0.0197 J0.
N5035 X-1.2795 Z-0.1756 I-0.0197 J0.
N5040 X-1.2402 Z-0.178 I0.0197 J0.
N5045 X-1.2795 Z-0.1803 I-0.0197 J0.
N5050 X-1.2402 Z-0.1827 I0.0197 J0.
N5055 X-1.2795 Z-0.185 I-0.0197 J0.
N5060 X-1.2402 Z-0.1874 I0.0197 J0.
N5065 X-1.2795 Z-0.1898 I-0.0197 J0.
N5070 X-1.2402 Z-0.1921 I0.0197 J0.
N5075 X-1.2795 Z-0.1945 I-0.0197 J0.
N5080 X-1.2402 Z-0.1969 I0.0197 J0.
N5085 X-1.2795 Z-0.1992 I-0.0197 J0.
N5090 X-1.2402 Z-0.2016 I0.0197 J0.
N5095 X-1.2795 Z-0.2039 I-0.0197 J0.
N5100 X-1.2402 Z-0.2063 I0.0197 J0.
N5105 X-1.2795 Z-0.2087 I-0.0197 J0.
N5110 X-1.2402 Z-0.211 I0.0197 J0.
N5115 X-1.2795 Z-0.2134 I-0.0197 J0.
N5120 X-1.2402 Z-0.2157 I0.0197 J0.
N5125 X-1.2795 Z-0.2181 I-0.0197 J0.
N5130 X-1.2402 Z-0.2205 I0.0197 J0.
N5135 X-1.2795 Z-0.2228 I-0.0197 J0.
N5140 X-1.2402 Z-0.2252 I0.0197 J0.
N5145 X-1.2795 Z-0.2276 I-0.0197 J0.
N5150 X-1.2402 Z-0.2299 I0.0197 J0.
N5155 X-1.2795 Z-0.2323 I-0.0197 J0.
N5160 X-1.2402 Z-0.2346 I0.0197 J0.
N5165 X-1.2795 Z-0.237 I-0.0197 J0.
N5170 X-1.2402 Z-0.2394 I0.0197 J0.
N5175 X-1.2795 Z-0.2417 I-0.0197 J0.
N5180 X-1.2402 Z-0.2441 I0.0197 J0.
N5185 X-1.2795 Z-0.2465 I-0.0197 J0.
N5190 X-1.2402 Z-0.2488 I0.0197 J0.
N5195 X-1.2795 Z-0.2512 I-0.0197 J0.
N5200 X-1.2402 Z-0.2535 I0.0197 J0.
N5205 X-1.2795 Z-0.2559 I-0.0197 J0.
N5210 X-1.2402 Z-0.2583 I0.0197 J0.
N5215 X-1.2795 Z-0.2606 I-0.0197 J0.
N5220 X-1.2402 Z-0.263 I0.0197 J0.
N5225 X-1.2795 Z-0.2654 I-0.0197 J0.
N5230 X-1.2402 Z-0.2677 I0.0197 J0.
N5235 X-1.2795 Z-0.2701 I-0.0197 J0.
N5240 X-1.2402 Z-0.2724 I0.0197 J0.
N5245 X-1.2795 Z-0.2748 I-0.0197 J0.
N5250 X-1.2402 Z-0.2772 I0.0197 J0.
N5255 X-1.2795 Z-0.2795 I-0.0197 J0.
N5260 X-1.2402 Z-0.2819 I0.0197 J0.
N5265 X-1.2795 Z-0.2843 I-0.0197 J0.
N5270 X-1.2402 Z-0.2866 I0.0197 J0.
N5275 X-1.2795 Z-0.289 I-0.0197 J0.
N5280 X-1.2402 Z-0.2913 I0.0197 J0.
N5285 X-1.2795 Z-0.2937 I-0.0197 J0.
N5290 X-1.2402 Z-0.2961 I0.0197 J0.
N5295 X-1.2795 Z-0.2984 I-0.0197 J0.
N5300 X-1.2402 Z-0.3008 I0.0197 J0.
N5305 X-1.2795 Z-0.3031 I-0.0197 J0.
N5310 X-1.2402 Z-0.3055 I0.0197 J0.
N5315 X-1.2795 Z-0.3079 I-0.0197 J0.
N5320 X-1.2402 Z-0.3102 I0.0197 J0.
N5325 X-1.2795 Z-0.3126 I-0.0197 J0.
N5330 X-1.2402 Z-0.315 I0.0197 J0.
N5335 X-1.2795 Z-0.3173 I-0.0197 J0.
N5340 X-1.2402 Z-0.3197 I0.0197 J0.
N5345 X-1.2795 Z-0.322 I-0.0197 J0.
N5350 X-1.2402 Z-0.3244 I0.0197 J0.
N5355 X-1.2795 Z-0.3268 I-0.0197 J0.
N5360 X-1.2402 Z-0.3291 I0.0197 J0.
N5365 X-1.2795 Z-0.3315 I-0.0197 J0.
N5370 X-1.2402 Z-0.3339 I0.0197 J0.
N5375 X-1.2795 Z-0.3362 I-0.0197 J0.
N5380 X-1.2402 Z-0.3386 I0.0197 J0.
N5385 X-1.2795 Z-0.3409 I-0.0197 J0.
N5390 X-1.2402 Z-0.3433 I0.0197 J0.
N5395 X-1.2795 Z-0.3457 I-0.0197 J0.
N5400 X-1.2402 Z-0.348 I0.0197 J0.
N5405 X-1.2795 Z-0.3504 I-0.0197 J0.
N5410 X-1.2402 Z-0.3528 I0.0197 J0.
N5415 X-1.2795 Z-0.3551 I-0.0197 J0.
N5420 X-1.2402 Z-0.3575 I0.0197 J0.
N5425 X-1.2795 Z-0.3598 I-0.0197 J0.
N5430 X-1.2402 Z-0.3622 I0.0197 J0.
N5435 X-1.2795 Z-0.3646 I-0.0197 J0.
N5440 X-1.2402 Z-0.3669 I0.0197 J0.
N5445 X-1.2795 Z-0.3693 I-0.0197 J0.
N5450 X-1.2402 Z-0.3717 I0.0197 J0.
N5455 X-1.2795 Z-0.374 I-0.0197 J0.
N5460 X-1.2402 Z-0.3764 I0.0197 J0.
N5465 X-1.2795 Z-0.3787 I-0.0197 J0.
N5470 X-1.2402 Z-0.3811 I0.0197 J0.
N5475 X-1.2795 Z-0.3835 I-0.0197 J0.
N5480 X-1.2402 Z-0.3858 I0.0197 J0.
N5485 X-1.2795 Z-0.3882 I-0.0197 J0.
N5490 X-1.2402 Z-0.3906 I0.0197 J0.
N5495 X-1.2795 Z-0.3929 I-0.0197 J0.
N5500 X-1.2402 Z-0.3953 I0.0197 J0.
N5505 X-1.2795 Z-0.3976 I-0.0197 J0.
N5510 X-1.2402 Z-0.4 I0.0197 J0.
N5515 X-1.2795 Z-0.4024 I-0.0197 J0.
N5520 X-1.2402 Z-0.4047 I0.0197 J0.
N5525 X-1.2795 Z-0.4071 I-0.0197 J0.
N5530 X-1.2402 Z-0.4094 I0.0197 J0.
N5535 X-1.2795 Z-0.4118 I-0.0197 J0.
N5540 X-1.2402 Z-0.4142 I0.0197 J0.
N5545 X-1.2795 Z-0.4165 I-0.0197 J0.
N5550 X-1.2402 Z-0.4189 I0.0197 J0.
N5555 X-1.2795 Z-0.4213 I-0.0197 J0.
N5560 X-1.2402 Z-0.4236 I0.0197 J0.
N5565 X-1.2795 Z-0.426 I-0.0197 J0.
N5570 X-1.2402 Z-0.4283 I0.0197 J0.
N5575 X-1.2795 Z-0.4307 I-0.0197 J0.
N5580 X-1.2402 Z-0.4331 I0.0197 J0.
N5585 X-1.2795 Z-0.4354 I-0.0197 J0.
N5590 X-1.2402 Z-0.4378 I0.0197 J0.
N5595 X-1.2795 Z-0.4402 I-0.0197 J0.
N5600 X-1.2402 Z-0.4425 I0.0197 J0.
N5605 X-1.2795 Z-0.4449 I-0.0197 J0.
N5610 X-1.2402 Z-0.4472 I0.0197 J0.
N5615 X-1.2795 Z-0.4496 I-0.0197 J0.
N5620 X-1.2402 Z-0.452 I0.0197 J0.
N5625 X-1.2795 Z-0.4543 I-0.0197 J0.
N5630 X-1.2402 Z-0.4567 I0.0197 J0.
N5635 X-1.2795 Z-0.4591 I-0.0197 J0.
N5640 X-1.2402 Z-0.4614 I0.0197 J0.
N5645 X-1.2795 Z-0.4638 I-0.0197 J0.
N5650 X-1.2402 Z-0.4661 I0.0197 J0.
N5655 X-1.2795 Z-0.4685 I-0.0197 J0.
N5660 X-1.2402 Z-0.4709 I0.0197 J0.
N5665 X-1.2795 Z-0.4732 I-0.0197 J0.
N5670 X-1.2402 Z-0.4756 I0.0197 J0.
N5675 X-1.2795 Z-0.478 I-0.0197 J0.
N5680 X-1.2402 Z-0.4803 I0.0197 J0.
N5685 X-1.2795 Z-0.4827 I-0.0197 J0.
N5690 X-1.2402 Z-0.485 I0.0197 J0.
N5695 X-1.2795 Z-0.4874 I-0.0197 J0.
N5700 X-1.2402 Z-0.4898 I0.0197 J0.
N5705 X-1.2795 Z-0.4921 I-0.0197 J0.
N5710 X-1.2402 Z-0.4945 I0.0197 J0.
N5715 X-1.2795 Z-0.4969 I-0.0197 J0.
N5720 X-1.2402 Z-0.4992 I0.0197 J0.
N5725 X-1.2795 Z-0.5016 I-0.0197 J0.
N5730 X-1.2402 Z-0.5039 I0.0197 J0.
N5735 X-1.2795 Z-0.5063 I-0.0197 J0.
N5740 X-1.2402 Z-0.5087 I0.0197 J0.
N5745 X-1.2795 Z-0.511 I-0.0197 J0.
N5750 X-1.2402 Z-0.5134 I0.0197 J0.
N5755 X-1.2795 Z-0.5157 I-0.0197 J0.
N5760 X-1.2402 Z-0.5181 I0.0197 J0.
N5765 X-1.2795 Z-0.5205 I-0.0197 J0.
N5770 X-1.2402 Z-0.5228 I0.0197 J0.
N5775 X-1.2795 Z-0.5252 I-0.0197 J0.
N5780 X-1.2402 Z-0.5276 I0.0197 J0.
N5785 X-1.2795 Z-0.5299 I-0.0197 J0.
N5790 X-1.2402 Z-0.5323 I0.0197 J0.
N5795 X-1.2795 Z-0.5346 I-0.0197 J0.
N5800 X-1.2402 Z-0.537 I0.0197 J0.
N5805 X-1.2795 Z-0.5394 I-0.0197 J0.
N5810 X-1.2402 Z-0.5417 I0.0197 J0.
N5815 X-1.2795 Z-0.5441 I-0.0197 J0.
N5820 X-1.2402 Z-0.5465 I0.0197 J0.
N5825 X-1.2795 Z-0.5488 I-0.0197 J0.
N5830 X-1.2402 Z-0.5512 I0.0197 J0.
N5835 X-1.2795 Z-0.5535 I-0.0197 J0.
N5840 X-1.2402 Z-0.5559 I0.0197 J0.
N5845 X-1.2795 Z-0.5583 I-0.0197 J0.
N5850 X-1.2402 Z-0.5606 I0.0197 J0.
N5855 X-1.2795 Z-0.563 I-0.0197 J0.
N5860 X-1.2402 Z-0.5654 I0.0197 J0.
N5865 X-1.2795 Z-0.5677 I-0.0197 J0.
N5870 X-1.2402 Z-0.5701 I0.0197 J0.
N5875 X-1.2795 Z-0.5724 I-0.0197 J0.
N5880 X-1.2402 Z-0.5748 I0.0197 J0.
N5885 X-1.2795 Z-0.5772 I-0.0197 J0.
N5890 X-1.2402 Z-0.5795 I0.0197 J0.
N5895 X-1.2795 Z-0.5819 I-0.0197 J0.
N5900 X-1.2402 Z-0.5843 I0.0197 J0.
N5905 X-1.2795 Z-0.5866 I-0.0197 J0.
N5910 X-1.2402 Z-0.589 I0.0197 J0.
N5915 X-1.2795 Z-0.5913 I-0.0197 J0.
N5920 X-1.2402 Z-0.5937 I0.0197 J0.
N5925 X-1.2795 Z-0.5961 I-0.0197 J0.
N5930 X-1.2402 Z-0.5984 I0.0197 J0.
N5935 X-1.2795 Z-0.6008 I-0.0197 J0.
N5940 X-1.2402 Z-0.6031 I0.0197 J0.
N5945 X-1.2795 Z-0.6055 I-0.0197 J0.
N5950 X-1.2402 Z-0.6079 I0.0197 J0.
N5955 X-1.2795 Z-0.6102 I-0.0197 J0.
N5960 X-1.2402 Z-0.6126 I0.0197 J0.
N5965 X-1.2795 Z-0.615 I-0.0197 J0.
N5970 X-1.2402 Z-0.6173 I0.0197 J0.
N5975 X-1.2795 Z-0.6197 I-0.0197 J0.
N5980 X-1.2402 Z-0.622 I0.0197 J0.
N5985 X-1.2795 Z-0.6244 I-0.0197 J0.
N5990 X-1.2402 Z-0.6268 I0.0197 J0.
N5995 X-1.2795 Z-0.6291 I-0.0197 J0.
N6000 X-1.2402 Z-0.6315 I0.0197 J0.
N6005 X-1.2795 Z-0.6339 I-0.0197 J0.
N6010 X-1.2402 Z-0.6362 I0.0197 J0.
N6015 X-1.2795 Z-0.6386 I-0.0197 J0.
N6020 X-1.2598 Y-0.2395 Z-0.6398 I0.0197 J0.
N6025 Y-0.2001 I0. J0.0197
N6030 Y-0.2395 I0. J-0.0197
N6035 X-1.252 Y-0.2316 I0. J0.0079
N6040 G1 Y-0.2238
N6045 G19 G3 Y-0.2159 Z-0.6319 J0. K0.0079
N6050 G1 Z0.1969
N6055 X-1.2638 Y0.1923
N6060 Z0.1181
N6065 Z0.0472
N6070 G18 G2 X-1.2559 Z0.0394 I0.0079 K0.
N6075 G1 X-1.248
N6080 G17 G3 X-1.2402 Y0.2001 I0. J0.0079
N6085 X-1.2795 Z0.037 I-0.0197 J0.
N6090 X-1.2402 Z0.0346 I0.0197 J0.
N6095 X-1.2795 Z0.0323 I-0.0197 J0.
N6100 X-1.2402 Z0.0299 I0.0197 J0.
N6105 X-1.2795 Z0.0276 I-0.0197 J0.
N6110 X-1.2402 Z0.0252 I0.0197 J0.
N6115 X-1.2795 Z0.0228 I-0.0197 J0.
N6120 X-1.2402 Z0.0205 I0.0197 J0.
N6125 X-1.2795 Z0.0181 I-0.0197 J0.
N6130 X-1.2402 Z0.0157 I0.0197 J0.
N6135 X-1.2795 Z0.0134 I-0.0197 J0.
N6140 X-1.2402 Z0.011 I0.0197 J0.
N6145 X-1.2795 Z0.0087 I-0.0197 J0.
N6150 X-1.2402 Z0.0063 I0.0197 J0.
N6155 X-1.2795 Z0.0039 I-0.0197 J0.
N6160 X-1.2402 Z0.0016 I0.0197 J0.
N6165 X-1.2795 Z-0.0008 I-0.0197 J0.
N6170 X-1.2402 Z-0.0031 I0.0197 J0.
N6175 X-1.2795 Z-0.0055 I-0.0197 J0.
N6180 X-1.2402 Z-0.0079 I0.0197 J0.
N6185 X-1.2795 Z-0.0102 I-0.0197 J0.
N6190 X-1.2402 Z-0.0126 I0.0197 J0.
N6195 X-1.2795 Z-0.015 I-0.0197 J0.
N6200 X-1.2402 Z-0.0173 I0.0197 J0.
N6205 X-1.2795 Z-0.0197 I-0.0197 J0.
N6210 X-1.2402 Z-0.022 I0.0197 J0.
N6215 X-1.2795 Z-0.0244 I-0.0197 J0.
N6220 X-1.2402 Z-0.0268 I0.0197 J0.
N6225 X-1.2795 Z-0.0291 I-0.0197 J0.
N6230 X-1.2402 Z-0.0315 I0.0197 J0.
N6235 X-1.2795 Z-0.0339 I-0.0197 J0.
N6240 X-1.2402 Z-0.0362 I0.0197 J0.
N6245 X-1.2795 Z-0.0386 I-0.0197 J0.
N6250 X-1.2402 Z-0.0409 I0.0197 J0.
N6255 X-1.2795 Z-0.0433 I-0.0197 J0.
N6260 X-1.2402 Z-0.0457 I0.0197 J0.
N6265 X-1.2795 Z-0.048 I-0.0197 J0.
N6270 X-1.2402 Z-0.0504 I0.0197 J0.
N6275 X-1.2795 Z-0.0528 I-0.0197 J0.
N6280 X-1.2402 Z-0.0551 I0.0197 J0.
N6285 X-1.2795 Z-0.0575 I-0.0197 J0.
N6290 X-1.2402 Z-0.0598 I0.0197 J0.
N6295 X-1.2795 Z-0.0622 I-0.0197 J0.
N6300 X-1.2402 Z-0.0646 I0.0197 J0.
N6305 X-1.2795 Z-0.0669 I-0.0197 J0.
N6310 X-1.2402 Z-0.0693 I0.0197 J0.
N6315 X-1.2795 Z-0.0717 I-0.0197 J0.
N6320 X-1.2402 Z-0.074 I0.0197 J0.
N6325 X-1.2795 Z-0.0764 I-0.0197 J0.
N6330 X-1.2402 Z-0.0787 I0.0197 J0.
N6335 X-1.2795 Z-0.0811 I-0.0197 J0.
N6340 X-1.2402 Z-0.0835 I0.0197 J0.
N6345 X-1.2795 Z-0.0858 I-0.0197 J0.
N6350 X-1.2402 Z-0.0882 I0.0197 J0.
N6355 X-1.2795 Z-0.0906 I-0.0197 J0.
N6360 X-1.2402 Z-0.0929 I0.0197 J0.
N6365 X-1.2795 Z-0.0953 I-0.0197 J0.
N6370 X-1.2402 Z-0.0976 I0.0197 J0.
N6375 X-1.2795 Z-0.1 I-0.0197 J0.
N6380 X-1.2402 Z-0.1024 I0.0197 J0.
N6385 X-1.2795 Z-0.1047 I-0.0197 J0.
N6390 X-1.2402 Z-0.1071 I0.0197 J0.
N6395 X-1.2795 Z-0.1094 I-0.0197 J0.
N6400 X-1.2402 Z-0.1118 I0.0197 J0.
N6405 X-1.2795 Z-0.1142 I-0.0197 J0.
N6410 X-1.2402 Z-0.1165 I0.0197 J0.
N6415 X-1.2795 Z-0.1189 I-0.0197 J0.
N6420 X-1.2402 Z-0.1213 I0.0197 J0.
N6425 X-1.2795 Z-0.1236 I-0.0197 J0.
N6430 X-1.2402 Z-0.126 I0.0197 J0.
N6435 X-1.2795 Z-0.1283 I-0.0197 J0.
N6440 X-1.2402 Z-0.1307 I0.0197 J0.
N6445 X-1.2795 Z-0.1331 I-0.0197 J0.
N6450 X-1.2402 Z-0.1354 I0.0197 J0.
N6455 X-1.2795 Z-0.1378 I-0.0197 J0.
N6460 X-1.2402 Z-0.1402 I0.0197 J0.
N6465 X-1.2795 Z-0.1425 I-0.0197 J0.
N6470 X-1.2402 Z-0.1449 I0.0197 J0.
N6475 X-1.2795 Z-0.1472 I-0.0197 J0.
N6480 X-1.2402 Z-0.1496 I0.0197 J0.
N6485 X-1.2795 Z-0.152 I-0.0197 J0.
N6490 X-1.2402 Z-0.1543 I0.0197 J0.
N6495 X-1.2795 Z-0.1567 I-0.0197 J0.
N6500 X-1.2402 Z-0.1591 I0.0197 J0.
N6505 X-1.2795 Z-0.1614 I-0.0197 J0.
N6510 X-1.2402 Z-0.1638 I0.0197 J0.
N6515 X-1.2795 Z-0.1661 I-0.0197 J0.
N6520 X-1.2402 Z-0.1685 I0.0197 J0.
N6525 X-1.2795 Z-0.1709 I-0.0197 J0.
N6530 X-1.2402 Z-0.1732 I0.0197 J0.
N6535 X-1.2795 Z-0.1756 I-0.0197 J0.
N6540 X-1.2402 Z-0.178 I0.0197 J0.
N6545 X-1.2795 Z-0.1803 I-0.0197 J0.
N6550 X-1.2402 Z-0.1827 I0.0197 J0.
N6555 X-1.2795 Z-0.185 I-0.0197 J0.
N6560 X-1.2402 Z-0.1874 I0.0197 J0.
N6565 X-1.2795 Z-0.1898 I-0.0197 J0.
N6570 X-1.2402 Z-0.1921 I0.0197 J0.
N6575 X-1.2795 Z-0.1945 I-0.0197 J0.
N6580 X-1.2402 Z-0.1969 I0.0197 J0.
N6585 X-1.2795 Z-0.1992 I-0.0197 J0.
N6590 X-1.2402 Z-0.2016 I0.0197 J0.
N6595 X-1.2795 Z-0.2039 I-0.0197 J0.
N6600 X-1.2402 Z-0.2063 I0.0197 J0.
N6605 X-1.2795 Z-0.2087 I-0.0197 J0.
N6610 X-1.2402 Z-0.211 I0.0197 J0.
N6615 X-1.2795 Z-0.2134 I-0.0197 J0.
N6620 X-1.2402 Z-0.2157 I0.0197 J0.
N6625 X-1.2795 Z-0.2181 I-0.0197 J0.
N6630 X-1.2402 Z-0.2205 I0.0197 J0.
N6635 X-1.2795 Z-0.2228 I-0.0197 J0.
N6640 X-1.2402 Z-0.2252 I0.0197 J0.
N6645 X-1.2795 Z-0.2276 I-0.0197 J0.
N6650 X-1.2402 Z-0.2299 I0.0197 J0.
N6655 X-1.2795 Z-0.2323 I-0.0197 J0.
N6660 X-1.2402 Z-0.2346 I0.0197 J0.
N6665 X-1.2795 Z-0.237 I-0.0197 J0.
N6670 X-1.2402 Z-0.2394 I0.0197 J0.
N6675 X-1.2795 Z-0.2417 I-0.0197 J0.
N6680 X-1.2402 Z-0.2441 I0.0197 J0.
N6685 X-1.2795 Z-0.2465 I-0.0197 J0.
N6690 X-1.2402 Z-0.2488 I0.0197 J0.
N6695 X-1.2795 Z-0.2512 I-0.0197 J0.
N6700 X-1.2402 Z-0.2535 I0.0197 J0.
N6705 X-1.2795 Z-0.2559 I-0.0197 J0.
N6710 X-1.2402 Z-0.2583 I0.0197 J0.
N6715 X-1.2795 Z-0.2606 I-0.0197 J0.
N6720 X-1.2402 Z-0.263 I0.0197 J0.
N6725 X-1.2795 Z-0.2654 I-0.0197 J0.
N6730 X-1.2402 Z-0.2677 I0.0197 J0.
N6735 X-1.2795 Z-0.2701 I-0.0197 J0.
N6740 X-1.2402 Z-0.2724 I0.0197 J0.
N6745 X-1.2795 Z-0.2748 I-0.0197 J0.
N6750 X-1.2402 Z-0.2772 I0.0197 J0.
N6755 X-1.2795 Z-0.2795 I-0.0197 J0.
N6760 X-1.2402 Z-0.2819 I0.0197 J0.
N6765 X-1.2795 Z-0.2843 I-0.0197 J0.
N6770 X-1.2402 Z-0.2866 I0.0197 J0.
N6775 X-1.2795 Z-0.289 I-0.0197 J0.
N6780 X-1.2402 Z-0.2913 I0.0197 J0.
N6785 X-1.2795 Z-0.2937 I-0.0197 J0.
N6790 X-1.2402 Z-0.2961 I0.0197 J0.
N6795 X-1.2795 Z-0.2984 I-0.0197 J0.
N6800 X-1.2402 Z-0.3008 I0.0197 J0.
N6805 X-1.2795 Z-0.3031 I-0.0197 J0.
N6810 X-1.2402 Z-0.3055 I0.0197 J0.
N6815 X-1.2795 Z-0.3079 I-0.0197 J0.
N6820 X-1.2402 Z-0.3102 I0.0197 J0.
N6825 X-1.2795 Z-0.3126 I-0.0197 J0.
N6830 X-1.2402 Z-0.315 I0.0197 J0.
N6835 X-1.2795 Z-0.3173 I-0.0197 J0.
N6840 X-1.2402 Z-0.3197 I0.0197 J0.
N6845 X-1.2795 Z-0.322 I-0.0197 J0.
N6850 X-1.2402 Z-0.3244 I0.0197 J0.
N6855 X-1.2795 Z-0.3268 I-0.0197 J0.
N6860 X-1.2402 Z-0.3291 I0.0197 J0.
N6865 X-1.2795 Z-0.3315 I-0.0197 J0.
N6870 X-1.2402 Z-0.3339 I0.0197 J0.
N6875 X-1.2795 Z-0.3362 I-0.0197 J0.
N6880 X-1.2402 Z-0.3386 I0.0197 J0.
N6885 X-1.2795 Z-0.3409 I-0.0197 J0.
N6890 X-1.2402 Z-0.3433 I0.0197 J0.
N6895 X-1.2795 Z-0.3457 I-0.0197 J0.
N6900 X-1.2402 Z-0.348 I0.0197 J0.
N6905 X-1.2795 Z-0.3504 I-0.0197 J0.
N6910 X-1.2402 Z-0.3528 I0.0197 J0.
N6915 X-1.2795 Z-0.3551 I-0.0197 J0.
N6920 X-1.2402 Z-0.3575 I0.0197 J0.
N6925 X-1.2795 Z-0.3598 I-0.0197 J0.
N6930 X-1.2402 Z-0.3622 I0.0197 J0.
N6935 X-1.2795 Z-0.3646 I-0.0197 J0.
N6940 X-1.2402 Z-0.3669 I0.0197 J0.
N6945 X-1.2795 Z-0.3693 I-0.0197 J0.
N6950 X-1.2402 Z-0.3717 I0.0197 J0.
N6955 X-1.2795 Z-0.374 I-0.0197 J0.
N6960 X-1.2402 Z-0.3764 I0.0197 J0.
N6965 X-1.2795 Z-0.3787 I-0.0197 J0.
N6970 X-1.2402 Z-0.3811 I0.0197 J0.
N6975 X-1.2795 Z-0.3835 I-0.0197 J0.
N6980 X-1.2402 Z-0.3858 I0.0197 J0.
N6985 X-1.2795 Z-0.3882 I-0.0197 J0.
N6990 X-1.2402 Z-0.3906 I0.0197 J0.
N6995 X-1.2795 Z-0.3929 I-0.0197 J0.
N7000 X-1.2402 Z-0.3953 I0.0197 J0.
N7005 X-1.2795 Z-0.3976 I-0.0197 J0.
N7010 X-1.2402 Z-0.4 I0.0197 J0.
N7015 X-1.2795 Z-0.4024 I-0.0197 J0.
N7020 X-1.2402 Z-0.4047 I0.0197 J0.
N7025 X-1.2795 Z-0.4071 I-0.0197 J0.
N7030 X-1.2402 Z-0.4094 I0.0197 J0.
N7035 X-1.2795 Z-0.4118 I-0.0197 J0.
N7040 X-1.2402 Z-0.4142 I0.0197 J0.
N7045 X-1.2795 Z-0.4165 I-0.0197 J0.
N7050 X-1.2402 Z-0.4189 I0.0197 J0.
N7055 X-1.2795 Z-0.4213 I-0.0197 J0.
N7060 X-1.2402 Z-0.4236 I0.0197 J0.
N7065 X-1.2795 Z-0.426 I-0.0197 J0.
N7070 X-1.2402 Z-0.4283 I0.0197 J0.
N7075 X-1.2795 Z-0.4307 I-0.0197 J0.
N7080 X-1.2402 Z-0.4331 I0.0197 J0.
N7085 X-1.2795 Z-0.4354 I-0.0197 J0.
N7090 X-1.2402 Z-0.4378 I0.0197 J0.
N7095 X-1.2795 Z-0.4402 I-0.0197 J0.
N7100 X-1.2402 Z-0.4425 I0.0197 J0.
N7105 X-1.2795 Z-0.4449 I-0.0197 J0.
N7110 X-1.2402 Z-0.4472 I0.0197 J0.
N7115 X-1.2795 Z-0.4496 I-0.0197 J0.
N7120 X-1.2402 Z-0.452 I0.0197 J0.
N7125 X-1.2795 Z-0.4543 I-0.0197 J0.
N7130 X-1.2402 Z-0.4567 I0.0197 J0.
N7135 X-1.2795 Z-0.4591 I-0.0197 J0.
N7140 X-1.2402 Z-0.4614 I0.0197 J0.
N7145 X-1.2795 Z-0.4638 I-0.0197 J0.
N7150 X-1.2402 Z-0.4661 I0.0197 J0.
N7155 X-1.2795 Z-0.4685 I-0.0197 J0.
N7160 X-1.2402 Z-0.4709 I0.0197 J0.
N7165 X-1.2795 Z-0.4732 I-0.0197 J0.
N7170 X-1.2402 Z-0.4756 I0.0197 J0.
N7175 X-1.2795 Z-0.478 I-0.0197 J0.
N7180 X-1.2402 Z-0.4803 I0.0197 J0.
N7185 X-1.2795 Z-0.4827 I-0.0197 J0.
N7190 X-1.2402 Z-0.485 I0.0197 J0.
N7195 X-1.2795 Z-0.4874 I-0.0197 J0.
N7200 X-1.2402 Z-0.4898 I0.0197 J0.
N7205 X-1.2795 Z-0.4921 I-0.0197 J0.
N7210 X-1.2402 Z-0.4945 I0.0197 J0.
N7215 X-1.2795 Z-0.4969 I-0.0197 J0.
N7220 X-1.2402 Z-0.4992 I0.0197 J0.
N7225 X-1.2795 Z-0.5016 I-0.0197 J0.
N7230 X-1.2402 Z-0.5039 I0.0197 J0.
N7235 X-1.2795 Z-0.5063 I-0.0197 J0.
N7240 X-1.2402 Z-0.5087 I0.0197 J0.
N7245 X-1.2795 Z-0.511 I-0.0197 J0.
N7250 X-1.2402 Z-0.5134 I0.0197 J0.
N7255 X-1.2795 Z-0.5157 I-0.0197 J0.
N7260 X-1.2402 Z-0.5181 I0.0197 J0.
N7265 X-1.2795 Z-0.5205 I-0.0197 J0.
N7270 X-1.2402 Z-0.5228 I0.0197 J0.
N7275 X-1.2795 Z-0.5252 I-0.0197 J0.
N7280 X-1.2402 Z-0.5276 I0.0197 J0.
N7285 X-1.2795 Z-0.5299 I-0.0197 J0.
N7290 X-1.2402 Z-0.5323 I0.0197 J0.
N7295 X-1.2795 Z-0.5346 I-0.0197 J0.
N7300 X-1.2402 Z-0.537 I0.0197 J0.
N7305 X-1.2795 Z-0.5394 I-0.0197 J0.
N7310 X-1.2402 Z-0.5417 I0.0197 J0.
N7315 X-1.2795 Z-0.5441 I-0.0197 J0.
N7320 X-1.2402 Z-0.5465 I0.0197 J0.
N7325 X-1.2795 Z-0.5488 I-0.0197 J0.
N7330 X-1.2402 Z-0.5512 I0.0197 J0.
N7335 X-1.2795 Z-0.5535 I-0.0197 J0.
N7340 X-1.2402 Z-0.5559 I0.0197 J0.
N7345 X-1.2795 Z-0.5583 I-0.0197 J0.
N7350 X-1.2402 Z-0.5606 I0.0197 J0.
N7355 X-1.2795 Z-0.563 I-0.0197 J0.
N7360 X-1.2402 Z-0.5654 I0.0197 J0.
N7365 X-1.2795 Z-0.5677 I-0.0197 J0.
N7370 X-1.2402 Z-0.5701 I0.0197 J0.
N7375 X-1.2795 Z-0.5724 I-0.0197 J0.
N7380 X-1.2402 Z-0.5748 I0.0197 J0.
N7385 X-1.2795 Z-0.5772 I-0.0197 J0.
N7390 X-1.2402 Z-0.5795 I0.0197 J0.
N7395 X-1.2795 Z-0.5819 I-0.0197 J0.
N7400 X-1.2402 Z-0.5843 I0.0197 J0.
N7405 X-1.2795 Z-0.5866 I-0.0197 J0.
N7410 X-1.2402 Z-0.589 I0.0197 J0.
N7415 X-1.2795 Z-0.5913 I-0.0197 J0.
N7420 X-1.2402 Z-0.5937 I0.0197 J0.
N7425 X-1.2795 Z-0.5961 I-0.0197 J0.
N7430 X-1.2402 Z-0.5984 I0.0197 J0.
N7435 X-1.2795 Z-0.6008 I-0.0197 J0.
N7440 X-1.2402 Z-0.6031 I0.0197 J0.
N7445 X-1.2795 Z-0.6055 I-0.0197 J0.
N7450 X-1.2402 Z-0.6079 I0.0197 J0.
N7455 X-1.2795 Z-0.6102 I-0.0197 J0.
N7460 X-1.2402 Z-0.6126 I0.0197 J0.
N7465 X-1.2795 Z-0.615 I-0.0197 J0.
N7470 X-1.2402 Z-0.6173 I0.0197 J0.
N7475 X-1.2795 Z-0.6197 I-0.0197 J0.
N7480 X-1.2402 Z-0.622 I0.0197 J0.
N7485 X-1.2795 Z-0.6244 I-0.0197 J0.
N7490 X-1.2402 Z-0.6268 I0.0197 J0.
N7495 X-1.2795 Z-0.6291 I-0.0197 J0.
N7500 X-1.2402 Z-0.6315 I0.0197 J0.
N7505 X-1.2795 Z-0.6339 I-0.0197 J0.
N7510 X-1.2402 Z-0.6362 I0.0197 J0.
N7515 X-1.2795 Z-0.6386 I-0.0197 J0.
N7520 X-1.2598 Y0.1804 Z-0.6398 I0.0197 J0.
N7525 Y0.2198 I0. J0.0197
N7530 Y0.1804 I0. J-0.0197
N7535 X-1.252 Y0.1883 I0. J0.0079
N7540 G1 Y0.1962
N7545 G19 G3 Y0.2041 Z-0.6319 J0. K0.0079
N7550 G1 Z0.1969
N7555 X-1.2638 Y0.1923
N7560 Z0.1181
N7565 Z0.0472
N7570 G18 G2 X-1.2559 Z0.0394 I0.0079 K0.
N7575 G1 X-1.248
N7580 G17 G3 X-1.2402 Y0.2001 I0. J0.0079
N7585 X-1.2795 Z0.037 I-0.0197 J0.
N7590 X-1.2402 Z0.0346 I0.0197 J0.
N7595 X-1.2795 Z0.0323 I-0.0197 J0.
N7600 X-1.2402 Z0.0299 I0.0197 J0.
N7605 X-1.2795 Z0.0276 I-0.0197 J0.
N7610 X-1.2402 Z0.0252 I0.0197 J0.
N7615 X-1.2795 Z0.0228 I-0.0197 J0.
N7620 X-1.2402 Z0.0205 I0.0197 J0.
N7625 X-1.2795 Z0.0181 I-0.0197 J0.
N7630 X-1.2402 Z0.0157 I0.0197 J0.
N7635 X-1.2795 Z0.0134 I-0.0197 J0.
N7640 X-1.2402 Z0.011 I0.0197 J0.
N7645 X-1.2795 Z0.0087 I-0.0197 J0.
N7650 X-1.2402 Z0.0063 I0.0197 J0.
N7655 X-1.2795 Z0.0039 I-0.0197 J0.
N7660 X-1.2402 Z0.0016 I0.0197 J0.
N7665 X-1.2795 Z-0.0008 I-0.0197 J0.
N7670 X-1.2402 Z-0.0031 I0.0197 J0.
N7675 X-1.2795 Z-0.0055 I-0.0197 J0.
N7680 X-1.2402 Z-0.0079 I0.0197 J0.
N7685 X-1.2795 Z-0.0102 I-0.0197 J0.
N7690 X-1.2402 Z-0.0126 I0.0197 J0.
N7695 X-1.2795 Z-0.015 I-0.0197 J0.
N7700 X-1.2402 Z-0.0173 I0.0197 J0.
N7705 X-1.2795 Z-0.0197 I-0.0197 J0.
N7710 X-1.2402 Z-0.022 I0.0197 J0.
N7715 X-1.2795 Z-0.0244 I-0.0197 J0.
N7720 X-1.2402 Z-0.0268 I0.0197 J0.
N7725 X-1.2795 Z-0.0291 I-0.0197 J0.
N7730 X-1.2402 Z-0.0315 I0.0197 J0.
N7735 X-1.2795 Z-0.0339 I-0.0197 J0.
N7740 X-1.2402 Z-0.0362 I0.0197 J0.
N7745 X-1.2795 Z-0.0386 I-0.0197 J0.
N7750 X-1.2402 Z-0.0409 I0.0197 J0.
N7755 X-1.2795 Z-0.0433 I-0.0197 J0.
N7760 X-1.2402 Z-0.0457 I0.0197 J0.
N7765 X-1.2795 Z-0.048 I-0.0197 J0.
N7770 X-1.2402 Z-0.0504 I0.0197 J0.
N7775 X-1.2795 Z-0.0528 I-0.0197 J0.
N7780 X-1.2402 Z-0.0551 I0.0197 J0.
N7785 X-1.2795 Z-0.0575 I-0.0197 J0.
N7790 X-1.2402 Z-0.0598 I0.0197 J0.
N7795 X-1.2795 Z-0.0622 I-0.0197 J0.
N7800 X-1.2402 Z-0.0646 I0.0197 J0.
N7805 X-1.2795 Z-0.0669 I-0.0197 J0.
N7810 X-1.2402 Z-0.0693 I0.0197 J0.
N7815 X-1.2795 Z-0.0717 I-0.0197 J0.
N7820 X-1.2402 Z-0.074 I0.0197 J0.
N7825 X-1.2795 Z-0.0764 I-0.0197 J0.
N7830 X-1.2402 Z-0.0787 I0.0197 J0.
N7835 X-1.2795 Z-0.0811 I-0.0197 J0.
N7840 X-1.2402 Z-0.0835 I0.0197 J0.
N7845 X-1.2795 Z-0.0858 I-0.0197 J0.
N7850 X-1.2402 Z-0.0882 I0.0197 J0.
N7855 X-1.2795 Z-0.0906 I-0.0197 J0.
N7860 X-1.2402 Z-0.0929 I0.0197 J0.
N7865 X-1.2795 Z-0.0953 I-0.0197 J0.
N7870 X-1.2402 Z-0.0976 I0.0197 J0.
N7875 X-1.2795 Z-0.1 I-0.0197 J0.
N7880 X-1.2402 Z-0.1024 I0.0197 J0.
N7885 X-1.2795 Z-0.1047 I-0.0197 J0.
N7890 X-1.2402 Z-0.1071 I0.0197 J0.
N7895 X-1.2795 Z-0.1094 I-0.0197 J0.
N7900 X-1.2402 Z-0.1118 I0.0197 J0.
N7905 X-1.2795 Z-0.1142 I-0.0197 J0.
N7910 X-1.2402 Z-0.1165 I0.0197 J0.
N7915 X-1.2795 Z-0.1189 I-0.0197 J0.
N7920 X-1.2402 Z-0.1213 I0.0197 J0.
N7925 X-1.2795 Z-0.1236 I-0.0197 J0.
N7930 X-1.2402 Z-0.126 I0.0197 J0.
N7935 X-1.2795 Z-0.1283 I-0.0197 J0.
N7940 X-1.2402 Z-0.1307 I0.0197 J0.
N7945 X-1.2795 Z-0.1331 I-0.0197 J0.
N7950 X-1.2402 Z-0.1354 I0.0197 J0.
N7955 X-1.2795 Z-0.1378 I-0.0197 J0.
N7960 X-1.2402 Z-0.1402 I0.0197 J0.
N7965 X-1.2795 Z-0.1425 I-0.0197 J0.
N7970 X-1.2402 Z-0.1449 I0.0197 J0.
N7975 X-1.2795 Z-0.1472 I-0.0197 J0.
N7980 X-1.2402 Z-0.1496 I0.0197 J0.
N7985 X-1.2795 Z-0.152 I-0.0197 J0.
N7990 X-1.2402 Z-0.1543 I0.0197 J0.
N7995 X-1.2795 Z-0.1567 I-0.0197 J0.
N8000 X-1.2402 Z-0.1591 I0.0197 J0.
N8005 X-1.2795 Z-0.1614 I-0.0197 J0.
N8010 X-1.2402 Z-0.1638 I0.0197 J0.
N8015 X-1.2795 Z-0.1661 I-0.0197 J0.
N8020 X-1.2402 Z-0.1685 I0.0197 J0.
N8025 X-1.2795 Z-0.1709 I-0.0197 J0.
N8030 X-1.2402 Z-0.1732 I0.0197 J0.
N8035 X-1.2795 Z-0.1756 I-0.0197 J0.
N8040 X-1.2402 Z-0.178 I0.0197 J0.
N8045 X-1.2795 Z-0.1803 I-0.0197 J0.
N8050 X-1.2402 Z-0.1827 I0.0197 J0.
N8055 X-1.2795 Z-0.185 I-0.0197 J0.
N8060 X-1.2402 Z-0.1874 I0.0197 J0.
N8065 X-1.2795 Z-0.1898 I-0.0197 J0.
N8070 X-1.2402 Z-0.1921 I0.0197 J0.
N8075 X-1.2795 Z-0.1945 I-0.0197 J0.
N8080 X-1.2402 Z-0.1969 I0.0197 J0.
N8085 X-1.2795 Z-0.1992 I-0.0197 J0.
N8090 X-1.2402 Z-0.2016 I0.0197 J0.
N8095 X-1.2795 Z-0.2039 I-0.0197 J0.
N8100 X-1.2402 Z-0.2063 I0.0197 J0.
N8105 X-1.2795 Z-0.2087 I-0.0197 J0.
N8110 X-1.2402 Z-0.211 I0.0197 J0.
N8115 X-1.2795 Z-0.2134 I-0.0197 J0.
N8120 X-1.2402 Z-0.2157 I0.0197 J0.
N8125 X-1.2795 Z-0.2181 I-0.0197 J0.
N8130 X-1.2402 Z-0.2205 I0.0197 J0.
N8135 X-1.2795 Z-0.2228 I-0.0197 J0.
N8140 X-1.2402 Z-0.2252 I0.0197 J0.
N8145 X-1.2795 Z-0.2276 I-0.0197 J0.
N8150 X-1.2402 Z-0.2299 I0.0197 J0.
N8155 X-1.2795 Z-0.2323 I-0.0197 J0.
N8160 X-1.2402 Z-0.2346 I0.0197 J0.
N8165 X-1.2795 Z-0.237 I-0.0197 J0.
N8170 X-1.2402 Z-0.2394 I0.0197 J0.
N8175 X-1.2795 Z-0.2417 I-0.0197 J0.
N8180 X-1.2402 Z-0.2441 I0.0197 J0.
N8185 X-1.2795 Z-0.2465 I-0.0197 J0.
N8190 X-1.2402 Z-0.2488 I0.0197 J0.
N8195 X-1.2795 Z-0.2512 I-0.0197 J0.
N8200 X-1.2402 Z-0.2535 I0.0197 J0.
N8205 X-1.2795 Z-0.2559 I-0.0197 J0.
N8210 X-1.2402 Z-0.2583 I0.0197 J0.
N8215 X-1.2795 Z-0.2606 I-0.0197 J0.
N8220 X-1.2402 Z-0.263 I0.0197 J0.
N8225 X-1.2795 Z-0.2654 I-0.0197 J0.
N8230 X-1.2402 Z-0.2677 I0.0197 J0.
N8235 X-1.2795 Z-0.2701 I-0.0197 J0.
N8240 X-1.2402 Z-0.2724 I0.0197 J0.
N8245 X-1.2795 Z-0.2748 I-0.0197 J0.
N8250 X-1.2402 Z-0.2772 I0.0197 J0.
N8255 X-1.2795 Z-0.2795 I-0.0197 J0.
N8260 X-1.2402 Z-0.2819 I0.0197 J0.
N8265 X-1.2795 Z-0.2843 I-0.0197 J0.
N8270 X-1.2402 Z-0.2866 I0.0197 J0.
N8275 X-1.2795 Z-0.289 I-0.0197 J0.
N8280 X-1.2402 Z-0.2913 I0.0197 J0.
N8285 X-1.2795 Z-0.2937 I-0.0197 J0.
N8290 X-1.2402 Z-0.2961 I0.0197 J0.
N8295 X-1.2795 Z-0.2984 I-0.0197 J0.
N8300 X-1.2402 Z-0.3008 I0.0197 J0.
N8305 X-1.2795 Z-0.3031 I-0.0197 J0.
N8310 X-1.2402 Z-0.3055 I0.0197 J0.
N8315 X-1.2795 Z-0.3079 I-0.0197 J0.
N8320 X-1.2402 Z-0.3102 I0.0197 J0.
N8325 X-1.2795 Z-0.3126 I-0.0197 J0.
N8330 X-1.2402 Z-0.315 I0.0197 J0.
N8335 X-1.2795 Z-0.3173 I-0.0197 J0.
N8340 X-1.2402 Z-0.3197 I0.0197 J0.
N8345 X-1.2795 Z-0.322 I-0.0197 J0.
N8350 X-1.2402 Z-0.3244 I0.0197 J0.
N8355 X-1.2795 Z-0.3268 I-0.0197 J0.
N8360 X-1.2402 Z-0.3291 I0.0197 J0.
N8365 X-1.2795 Z-0.3315 I-0.0197 J0.
N8370 X-1.2402 Z-0.3339 I0.0197 J0.
N8375 X-1.2795 Z-0.3362 I-0.0197 J0.
N8380 X-1.2402 Z-0.3386 I0.0197 J0.
N8385 X-1.2795 Z-0.3409 I-0.0197 J0.
N8390 X-1.2402 Z-0.3433 I0.0197 J0.
N8395 X-1.2795 Z-0.3457 I-0.0197 J0.
N8400 X-1.2402 Z-0.348 I0.0197 J0.
N8405 X-1.2795 Z-0.3504 I-0.0197 J0.
N8410 X-1.2402 Z-0.3528 I0.0197 J0.
N8415 X-1.2795 Z-0.3551 I-0.0197 J0.
N8420 X-1.2402 Z-0.3575 I0.0197 J0.
N8425 X-1.2795 Z-0.3598 I-0.0197 J0.
N8430 X-1.2402 Z-0.3622 I0.0197 J0.
N8435 X-1.2795 Z-0.3646 I-0.0197 J0.
N8440 X-1.2402 Z-0.3669 I0.0197 J0.
N8445 X-1.2795 Z-0.3693 I-0.0197 J0.
N8450 X-1.2402 Z-0.3717 I0.0197 J0.
N8455 X-1.2795 Z-0.374 I-0.0197 J0.
N8460 X-1.2402 Z-0.3764 I0.0197 J0.
N8465 X-1.2795 Z-0.3787 I-0.0197 J0.
N8470 X-1.2402 Z-0.3811 I0.0197 J0.
N8475 X-1.2795 Z-0.3835 I-0.0197 J0.
N8480 X-1.2402 Z-0.3858 I0.0197 J0.
N8485 X-1.2795 Z-0.3882 I-0.0197 J0.
N8490 X-1.2402 Z-0.3906 I0.0197 J0.
N8495 X-1.2795 Z-0.3929 I-0.0197 J0.
N8500 X-1.2402 Z-0.3953 I0.0197 J0.
N8505 X-1.2795 Z-0.3976 I-0.0197 J0.
N8510 X-1.2402 Z-0.4 I0.0197 J0.
N8515 X-1.2795 Z-0.4024 I-0.0197 J0.
N8520 X-1.2402 Z-0.4047 I0.0197 J0.
N8525 X-1.2795 Z-0.4071 I-0.0197 J0.
N8530 X-1.2402 Z-0.4094 I0.0197 J0.
N8535 X-1.2795 Z-0.4118 I-0.0197 J0.
N8540 X-1.2402 Z-0.4142 I0.0197 J0.
N8545 X-1.2795 Z-0.4165 I-0.0197 J0.
N8550 X-1.2402 Z-0.4189 I0.0197 J0.
N8555 X-1.2795 Z-0.4213 I-0.0197 J0.
N8560 X-1.2402 Z-0.4236 I0.0197 J0.
N8565 X-1.2795 Z-0.426 I-0.0197 J0.
N8570 X-1.2402 Z-0.4283 I0.0197 J0.
N8575 X-1.2795 Z-0.4307 I-0.0197 J0.
N8580 X-1.2402 Z-0.4331 I0.0197 J0.
N8585 X-1.2795 Z-0.4354 I-0.0197 J0.
N8590 X-1.2402 Z-0.4378 I0.0197 J0.
N8595 X-1.2795 Z-0.4402 I-0.0197 J0.
N8600 X-1.2402 Z-0.4425 I0.0197 J0.
N8605 X-1.2795 Z-0.4449 I-0.0197 J0.
N8610 X-1.2402 Z-0.4472 I0.0197 J0.
N8615 X-1.2795 Z-0.4496 I-0.0197 J0.
N8620 X-1.2402 Z-0.452 I0.0197 J0.
N8625 X-1.2795 Z-0.4543 I-0.0197 J0.
N8630 X-1.2402 Z-0.4567 I0.0197 J0.
N8635 X-1.2795 Z-0.4591 I-0.0197 J0.
N8640 X-1.2402 Z-0.4614 I0.0197 J0.
N8645 X-1.2795 Z-0.4638 I-0.0197 J0.
N8650 X-1.2402 Z-0.4661 I0.0197 J0.
N8655 X-1.2795 Z-0.4685 I-0.0197 J0.
N8660 X-1.2402 Z-0.4709 I0.0197 J0.
N8665 X-1.2795 Z-0.4732 I-0.0197 J0.
N8670 X-1.2402 Z-0.4756 I0.0197 J0.
N8675 X-1.2795 Z-0.478 I-0.0197 J0.
N8680 X-1.2402 Z-0.4803 I0.0197 J0.
N8685 X-1.2795 Z-0.4827 I-0.0197 J0.
N8690 X-1.2402 Z-0.485 I0.0197 J0.
N8695 X-1.2795 Z-0.4874 I-0.0197 J0.
N8700 X-1.2402 Z-0.4898 I0.0197 J0.
N8705 X-1.2795 Z-0.4921 I-0.0197 J0.
N8710 X-1.2402 Z-0.4945 I0.0197 J0.
N8715 X-1.2795 Z-0.4969 I-0.0197 J0.
N8720 X-1.2402 Z-0.4992 I0.0197 J0.
N8725 X-1.2795 Z-0.5016 I-0.0197 J0.
N8730 X-1.2402 Z-0.5039 I0.0197 J0.
N8735 X-1.2795 Z-0.5063 I-0.0197 J0.
N8740 X-1.2402 Z-0.5087 I0.0197 J0.
N8745 X-1.2795 Z-0.511 I-0.0197 J0.
N8750 X-1.2402 Z-0.5134 I0.0197 J0.
N8755 X-1.2795 Z-0.5157 I-0.0197 J0.
N8760 X-1.2402 Z-0.5181 I0.0197 J0.
N8765 X-1.2795 Z-0.5205 I-0.0197 J0.
N8770 X-1.2402 Z-0.5228 I0.0197 J0.
N8775 X-1.2795 Z-0.5252 I-0.0197 J0.
N8780 X-1.2402 Z-0.5276 I0.0197 J0.
N8785 X-1.2795 Z-0.5299 I-0.0197 J0.
N8790 X-1.2402 Z-0.5323 I0.0197 J0.
N8795 X-1.2795 Z-0.5346 I-0.0197 J0.
N8800 X-1.2402 Z-0.537 I0.0197 J0.
N8805 X-1.2795 Z-0.5394 I-0.0197 J0.
N8810 X-1.2402 Z-0.5417 I0.0197 J0.
N8815 X-1.2795 Z-0.5441 I-0.0197 J0.
N8820 X-1.2402 Z-0.5465 I0.0197 J0.
N8825 X-1.2795 Z-0.5488 I-0.0197 J0.
N8830 X-1.2402 Z-0.5512 I0.0197 J0.
N8835 X-1.2795 Z-0.5535 I-0.0197 J0.
N8840 X-1.2402 Z-0.5559 I0.0197 J0.
N8845 X-1.2795 Z-0.5583 I-0.0197 J0.
N8850 X-1.2402 Z-0.5606 I0.0197 J0.
N8855 X-1.2795 Z-0.563 I-0.0197 J0.
N8860 X-1.2402 Z-0.5654 I0.0197 J0.
N8865 X-1.2795 Z-0.5677 I-0.0197 J0.
N8870 X-1.2402 Z-0.5701 I0.0197 J0.
N8875 X-1.2795 Z-0.5724 I-0.0197 J0.
N8880 X-1.2402 Z-0.5748 I0.0197 J0.
N8885 X-1.2795 Z-0.5772 I-0.0197 J0.
N8890 X-1.2402 Z-0.5795 I0.0197 J0.
N8895 X-1.2795 Z-0.5819 I-0.0197 J0.
N8900 X-1.2402 Z-0.5843 I0.0197 J0.
N8905 X-1.2795 Z-0.5866 I-0.0197 J0.
N8910 X-1.2402 Z-0.589 I0.0197 J0.
N8915 X-1.2795 Z-0.5913 I-0.0197 J0.
N8920 X-1.2402 Z-0.5937 I0.0197 J0.
N8925 X-1.2795 Z-0.5961 I-0.0197 J0.
N8930 X-1.2402 Z-0.5984 I0.0197 J0.
N8935 X-1.2795 Z-0.6008 I-0.0197 J0.
N8940 X-1.2402 Z-0.6031 I0.0197 J0.
N8945 X-1.2795 Z-0.6055 I-0.0197 J0.
N8950 X-1.2402 Z-0.6079 I0.0197 J0.
N8955 X-1.2795 Z-0.6102 I-0.0197 J0.
N8960 X-1.2402 Z-0.6126 I0.0197 J0.
N8965 X-1.2795 Z-0.615 I-0.0197 J0.
N8970 X-1.2402 Z-0.6173 I0.0197 J0.
N8975 X-1.2795 Z-0.6197 I-0.0197 J0.
N8980 X-1.2402 Z-0.622 I0.0197 J0.
N8985 X-1.2795 Z-0.6244 I-0.0197 J0.
N8990 X-1.2402 Z-0.6268 I0.0197 J0.
N8995 X-1.2795 Z-0.6291 I-0.0197 J0.
N9000 X-1.2402 Z-0.6315 I0.0197 J0.
N9005 X-1.2795 Z-0.6339 I-0.0197 J0.
N9010 X-1.2402 Z-0.6362 I0.0197 J0.
N9015 X-1.2795 Z-0.6386 I-0.0197 J0.
N9020 X-1.2598 Y0.1804 Z-0.6398 I0.0197 J0.
N9025 Y0.2198 I0. J0.0197
N9030 Y0.1804 I0. J-0.0197
N9035 X-1.252 Y0.1883 I0. J0.0079
N9040 G1 Y0.1962
N9045 G19 G3 Y0.2041 Z-0.6319 J0. K0.0079
N9050 G1 Z0.1969
N9055 X-1.2638 Y0.6122
N9060 Z0.1181
N9065 Z0.0472
N9070 G18 G2 X-1.2559 Z0.0394 I0.0079 K0.
N9075 G1 X-1.248
N9080 G17 G3 X-1.2402 Y0.6201 I0. J0.0079
N9085 X-1.2795 Z0.037 I-0.0197 J0.
N9090 X-1.2402 Z0.0346 I0.0197 J0.
N9095 X-1.2795 Z0.0323 I-0.0197 J0.
N9100 X-1.2402 Z0.0299 I0.0197 J0.
N9105 X-1.2795 Z0.0276 I-0.0197 J0.
N9110 X-1.2402 Z0.0252 I0.0197 J0.
N9115 X-1.2795 Z0.0228 I-0.0197 J0.
N9120 X-1.2402 Z0.0205 I0.0197 J0.
N9125 X-1.2795 Z0.0181 I-0.0197 J0.
N9130 X-1.2402 Z0.0157 I0.0197 J0.
N9135 X-1.2795 Z0.0134 I-0.0197 J0.
N9140 X-1.2402 Z0.011 I0.0197 J0.
N9145 X-1.2795 Z0.0087 I-0.0197 J0.
N9150 X-1.2402 Z0.0063 I0.0197 J0.
N9155 X-1.2795 Z0.0039 I-0.0197 J0.
N9160 X-1.2402 Z0.0016 I0.0197 J0.
N9165 X-1.2795 Z-0.0008 I-0.0197 J0.
N9170 X-1.2402 Z-0.0031 I0.0197 J0.
N9175 X-1.2795 Z-0.0055 I-0.0197 J0.
N9180 X-1.2402 Z-0.0079 I0.0197 J0.
N9185 X-1.2795 Z-0.0102 I-0.0197 J0.
N9190 X-1.2402 Z-0.0126 I0.0197 J0.
N9195 X-1.2795 Z-0.015 I-0.0197 J0.
N9200 X-1.2402 Z-0.0173 I0.0197 J0.
N9205 X-1.2795 Z-0.0197 I-0.0197 J0.
N9210 X-1.2402 Z-0.022 I0.0197 J0.
N9215 X-1.2795 Z-0.0244 I-0.0197 J0.
N9220 X-1.2402 Z-0.0268 I0.0197 J0.
N9225 X-1.2795 Z-0.0291 I-0.0197 J0.
N9230 X-1.2402 Z-0.0315 I0.0197 J0.
N9235 X-1.2795 Z-0.0339 I-0.0197 J0.
N9240 X-1.2402 Z-0.0362 I0.0197 J0.
N9245 X-1.2795 Z-0.0386 I-0.0197 J0.
N9250 X-1.2402 Z-0.0409 I0.0197 J0.
N9255 X-1.2795 Z-0.0433 I-0.0197 J0.
N9260 X-1.2402 Z-0.0457 I0.0197 J0.
N9265 X-1.2795 Z-0.048 I-0.0197 J0.
N9270 X-1.2402 Z-0.0504 I0.0197 J0.
N9275 X-1.2795 Z-0.0528 I-0.0197 J0.
N9280 X-1.2402 Z-0.0551 I0.0197 J0.
N9285 X-1.2795 Z-0.0575 I-0.0197 J0.
N9290 X-1.2402 Z-0.0598 I0.0197 J0.
N9295 X-1.2795 Z-0.0622 I-0.0197 J0.
N9300 X-1.2402 Z-0.0646 I0.0197 J0.
N9305 X-1.2795 Z-0.0669 I-0.0197 J0.
N9310 X-1.2402 Z-0.0693 I0.0197 J0.
N9315 X-1.2795 Z-0.0717 I-0.0197 J0.
N9320 X-1.2402 Z-0.074 I0.0197 J0.
N9325 X-1.2795 Z-0.0764 I-0.0197 J0.
N9330 X-1.2402 Z-0.0787 I0.0197 J0.
N9335 X-1.2795 Z-0.0811 I-0.0197 J0.
N9340 X-1.2402 Z-0.0835 I0.0197 J0.
N9345 X-1.2795 Z-0.0858 I-0.0197 J0.
N9350 X-1.2402 Z-0.0882 I0.0197 J0.
N9355 X-1.2795 Z-0.0906 I-0.0197 J0.
N9360 X-1.2402 Z-0.0929 I0.0197 J0.
N9365 X-1.2795 Z-0.0953 I-0.0197 J0.
N9370 X-1.2402 Z-0.0976 I0.0197 J0.
N9375 X-1.2795 Z-0.1 I-0.0197 J0.
N9380 X-1.2402 Z-0.1024 I0.0197 J0.
N9385 X-1.2795 Z-0.1047 I-0.0197 J0.
N9390 X-1.2402 Z-0.1071 I0.0197 J0.
N9395 X-1.2795 Z-0.1094 I-0.0197 J0.
N9400 X-1.2402 Z-0.1118 I0.0197 J0.
N9405 X-1.2795 Z-0.1142 I-0.0197 J0.
N9410 X-1.2402 Z-0.1165 I0.0197 J0.
N9415 X-1.2795 Z-0.1189 I-0.0197 J0.
N9420 X-1.2402 Z-0.1213 I0.0197 J0.
N9425 X-1.2795 Z-0.1236 I-0.0197 J0.
N9430 X-1.2402 Z-0.126 I0.0197 J0.
N9435 X-1.2795 Z-0.1283 I-0.0197 J0.
N9440 X-1.2402 Z-0.1307 I0.0197 J0.
N9445 X-1.2795 Z-0.1331 I-0.0197 J0.
N9450 X-1.2402 Z-0.1354 I0.0197 J0.
N9455 X-1.2795 Z-0.1378 I-0.0197 J0.
N9460 X-1.2402 Z-0.1402 I0.0197 J0.
N9465 X-1.2795 Z-0.1425 I-0.0197 J0.
N9470 X-1.2402 Z-0.1449 I0.0197 J0.
N9475 X-1.2795 Z-0.1472 I-0.0197 J0.
N9480 X-1.2402 Z-0.1496 I0.0197 J0.
N9485 X-1.2795 Z-0.152 I-0.0197 J0.
N9490 X-1.2402 Z-0.1543 I0.0197 J0.
N9495 X-1.2795 Z-0.1567 I-0.0197 J0.
N9500 X-1.2402 Z-0.1591 I0.0197 J0.
N9505 X-1.2795 Z-0.1614 I-0.0197 J0.
N9510 X-1.2402 Z-0.1638 I0.0197 J0.
N9515 X-1.2795 Z-0.1661 I-0.0197 J0.
N9520 X-1.2402 Z-0.1685 I0.0197 J0.
N9525 X-1.2795 Z-0.1709 I-0.0197 J0.
N9530 X-1.2402 Z-0.1732 I0.0197 J0.
N9535 X-1.2795 Z-0.1756 I-0.0197 J0.
N9540 X-1.2402 Z-0.178 I0.0197 J0.
N9545 X-1.2795 Z-0.1803 I-0.0197 J0.
N9550 X-1.2402 Z-0.1827 I0.0197 J0.
N9555 X-1.2795 Z-0.185 I-0.0197 J0.
N9560 X-1.2402 Z-0.1874 I0.0197 J0.
N9565 X-1.2795 Z-0.1898 I-0.0197 J0.
N9570 X-1.2402 Z-0.1921 I0.0197 J0.
N9575 X-1.2795 Z-0.1945 I-0.0197 J0.
N9580 X-1.2402 Z-0.1969 I0.0197 J0.
N9585 X-1.2795 Z-0.1992 I-0.0197 J0.
N9590 X-1.2402 Z-0.2016 I0.0197 J0.
N9595 X-1.2795 Z-0.2039 I-0.0197 J0.
N9600 X-1.2402 Z-0.2063 I0.0197 J0.
N9605 X-1.2795 Z-0.2087 I-0.0197 J0.
N9610 X-1.2402 Z-0.211 I0.0197 J0.
N9615 X-1.2795 Z-0.2134 I-0.0197 J0.
N9620 X-1.2402 Z-0.2157 I0.0197 J0.
N9625 X-1.2795 Z-0.2181 I-0.0197 J0.
N9630 X-1.2402 Z-0.2205 I0.0197 J0.
N9635 X-1.2795 Z-0.2228 I-0.0197 J0.
N9640 X-1.2402 Z-0.2252 I0.0197 J0.
N9645 X-1.2795 Z-0.2276 I-0.0197 J0.
N9650 X-1.2402 Z-0.2299 I0.0197 J0.
N9655 X-1.2795 Z-0.2323 I-0.0197 J0.
N9660 X-1.2402 Z-0.2346 I0.0197 J0.
N9665 X-1.2795 Z-0.237 I-0.0197 J0.
N9670 X-1.2402 Z-0.2394 I0.0197 J0.
N9675 X-1.2795 Z-0.2417 I-0.0197 J0.
N9680 X-1.2402 Z-0.2441 I0.0197 J0.
N9685 X-1.2795 Z-0.2465 I-0.0197 J0.
N9690 X-1.2402 Z-0.2488 I0.0197 J0.
N9695 X-1.2795 Z-0.2512 I-0.0197 J0.
N9700 X-1.2402 Z-0.2535 I0.0197 J0.
N9705 X-1.2795 Z-0.2559 I-0.0197 J0.
N9710 X-1.2402 Z-0.2583 I0.0197 J0.
N9715 X-1.2795 Z-0.2606 I-0.0197 J0.
N9720 X-1.2402 Z-0.263 I0.0197 J0.
N9725 X-1.2795 Z-0.2654 I-0.0197 J0.
N9730 X-1.2402 Z-0.2677 I0.0197 J0.
N9735 X-1.2795 Z-0.2701 I-0.0197 J0.
N9740 X-1.2402 Z-0.2724 I0.0197 J0.
N9745 X-1.2795 Z-0.2748 I-0.0197 J0.
N9750 X-1.2402 Z-0.2772 I0.0197 J0.
N9755 X-1.2795 Z-0.2795 I-0.0197 J0.
N9760 X-1.2402 Z-0.2819 I0.0197 J0.
N9765 X-1.2795 Z-0.2843 I-0.0197 J0.
N9770 X-1.2402 Z-0.2866 I0.0197 J0.
N9775 X-1.2795 Z-0.289 I-0.0197 J0.
N9780 X-1.2402 Z-0.2913 I0.0197 J0.
N9785 X-1.2795 Z-0.2937 I-0.0197 J0.
N9790 X-1.2402 Z-0.2961 I0.0197 J0.
N9795 X-1.2795 Z-0.2984 I-0.0197 J0.
N9800 X-1.2402 Z-0.3008 I0.0197 J0.
N9805 X-1.2795 Z-0.3031 I-0.0197 J0.
N9810 X-1.2402 Z-0.3055 I0.0197 J0.
N9815 X-1.2795 Z-0.3079 I-0.0197 J0.
N9820 X-1.2402 Z-0.3102 I0.0197 J0.
N9825 X-1.2795 Z-0.3126 I-0.0197 J0.
N9830 X-1.2402 Z-0.315 I0.0197 J0.
N9835 X-1.2795 Z-0.3173 I-0.0197 J0.
N9840 X-1.2402 Z-0.3197 I0.0197 J0.
N9845 X-1.2795 Z-0.322 I-0.0197 J0.
N9850 X-1.2402 Z-0.3244 I0.0197 J0.
N9855 X-1.2795 Z-0.3268 I-0.0197 J0.
N9860 X-1.2402 Z-0.3291 I0.0197 J0.
N9865 X-1.2795 Z-0.3315 I-0.0197 J0.
N9870 X-1.2402 Z-0.3339 I0.0197 J0.
N9875 X-1.2795 Z-0.3362 I-0.0197 J0.
N9880 X-1.2402 Z-0.3386 I0.0197 J0.
N9885 X-1.2795 Z-0.3409 I-0.0197 J0.
N9890 X-1.2402 Z-0.3433 I0.0197 J0.
N9895 X-1.2795 Z-0.3457 I-0.0197 J0.
N9900 X-1.2402 Z-0.348 I0.0197 J0.
N9905 X-1.2795 Z-0.3504 I-0.0197 J0.
N9910 X-1.2402 Z-0.3528 I0.0197 J0.
N9915 X-1.2795 Z-0.3551 I-0.0197 J0.
N9920 X-1.2402 Z-0.3575 I0.0197 J0.
N9925 X-1.2795 Z-0.3598 I-0.0197 J0.
N9930 X-1.2402 Z-0.3622 I0.0197 J0.
N9935 X-1.2795 Z-0.3646 I-0.0197 J0.
N9940 X-1.2402 Z-0.3669 I0.0197 J0.
N9945 X-1.2795 Z-0.3693 I-0.0197 J0.
N9950 X-1.2402 Z-0.3717 I0.0197 J0.
N9955 X-1.2795 Z-0.374 I-0.0197 J0.
N9960 X-1.2402 Z-0.3764 I0.0197 J0.
N9965 X-1.2795 Z-0.3787 I-0.0197 J0.
N9970 X-1.2402 Z-0.3811 I0.0197 J0.
N9975 X-1.2795 Z-0.3835 I-0.0197 J0.
N9980 X-1.2402 Z-0.3858 I0.0197 J0.
N9985 X-1.2795 Z-0.3882 I-0.0197 J0.
N9990 X-1.2402 Z-0.3906 I0.0197 J0.
N9995 X-1.2795 Z-0.3929 I-0.0197 J0.
N10000 X-1.2402 Z-0.3953 I0.0197 J0.
N10005 X-1.2795 Z-0.3976 I-0.0197 J0.
N10010 X-1.2402 Z-0.4 I0.0197 J0.
N10015 X-1.2795 Z-0.4024 I-0.0197 J0.
N10020 X-1.2402 Z-0.4047 I0.0197 J0.
N10025 X-1.2795 Z-0.4071 I-0.0197 J0.
N10030 X-1.2402 Z-0.4094 I0.0197 J0.
N10035 X-1.2795 Z-0.4118 I-0.0197 J0.
N10040 X-1.2402 Z-0.4142 I0.0197 J0.
N10045 X-1.2795 Z-0.4165 I-0.0197 J0.
N10050 X-1.2402 Z-0.4189 I0.0197 J0.
N10055 X-1.2795 Z-0.4213 I-0.0197 J0.
N10060 X-1.2402 Z-0.4236 I0.0197 J0.
N10065 X-1.2795 Z-0.426 I-0.0197 J0.
N10070 X-1.2402 Z-0.4283 I0.0197 J0.
N10075 X-1.2795 Z-0.4307 I-0.0197 J0.
N10080 X-1.2402 Z-0.4331 I0.0197 J0.
N10085 X-1.2795 Z-0.4354 I-0.0197 J0.
N10090 X-1.2402 Z-0.4378 I0.0197 J0.
N10095 X-1.2795 Z-0.4402 I-0.0197 J0.
N10100 X-1.2402 Z-0.4425 I0.0197 J0.
N10105 X-1.2795 Z-0.4449 I-0.0197 J0.
N10110 X-1.2402 Z-0.4472 I0.0197 J0.
N10115 X-1.2795 Z-0.4496 I-0.0197 J0.
N10120 X-1.2402 Z-0.452 I0.0197 J0.
N10125 X-1.2795 Z-0.4543 I-0.0197 J0.
N10130 X-1.2402 Z-0.4567 I0.0197 J0.
N10135 X-1.2795 Z-0.4591 I-0.0197 J0.
N10140 X-1.2402 Z-0.4614 I0.0197 J0.
N10145 X-1.2795 Z-0.4638 I-0.0197 J0.
N10150 X-1.2402 Z-0.4661 I0.0197 J0.
N10155 X-1.2795 Z-0.4685 I-0.0197 J0.
N10160 X-1.2402 Z-0.4709 I0.0197 J0.
N10165 X-1.2795 Z-0.4732 I-0.0197 J0.
N10170 X-1.2402 Z-0.4756 I0.0197 J0.
N10175 X-1.2795 Z-0.478 I-0.0197 J0.
N10180 X-1.2402 Z-0.4803 I0.0197 J0.
N10185 X-1.2795 Z-0.4827 I-0.0197 J0.
N10190 X-1.2402 Z-0.485 I0.0197 J0.
N10195 X-1.2795 Z-0.4874 I-0.0197 J0.
N10200 X-1.2402 Z-0.4898 I0.0197 J0.
N10205 X-1.2795 Z-0.4921 I-0.0197 J0.
N10210 X-1.2402 Z-0.4945 I0.0197 J0.
N10215 X-1.2795 Z-0.4969 I-0.0197 J0.
N10220 X-1.2402 Z-0.4992 I0.0197 J0.
N10225 X-1.2795 Z-0.5016 I-0.0197 J0.
N10230 X-1.2402 Z-0.5039 I0.0197 J0.
N10235 X-1.2795 Z-0.5063 I-0.0197 J0.
N10240 X-1.2402 Z-0.5087 I0.0197 J0.
N10245 X-1.2795 Z-0.511 I-0.0197 J0.
N10250 X-1.2402 Z-0.5134 I0.0197 J0.
N10255 X-1.2795 Z-0.5157 I-0.0197 J0.
N10260 X-1.2402 Z-0.5181 I0.0197 J0.
N10265 X-1.2795 Z-0.5205 I-0.0197 J0.
N10270 X-1.2402 Z-0.5228 I0.0197 J0.
N10275 X-1.2795 Z-0.5252 I-0.0197 J0.
N10280 X-1.2402 Z-0.5276 I0.0197 J0.
N10285 X-1.2795 Z-0.5299 I-0.0197 J0.
N10290 X-1.2402 Z-0.5323 I0.0197 J0.
N10295 X-1.2795 Z-0.5346 I-0.0197 J0.
N10300 X-1.2402 Z-0.537 I0.0197 J0.
N10305 X-1.2795 Z-0.5394 I-0.0197 J0.
N10310 X-1.2402 Z-0.5417 I0.0197 J0.
N10315 X-1.2795 Z-0.5441 I-0.0197 J0.
N10320 X-1.2402 Z-0.5465 I0.0197 J0.
N10325 X-1.2795 Z-0.5488 I-0.0197 J0.
N10330 X-1.2402 Z-0.5512 I0.0197 J0.
N10335 X-1.2795 Z-0.5535 I-0.0197 J0.
N10340 X-1.2402 Z-0.5559 I0.0197 J0.
N10345 X-1.2795 Z-0.5583 I-0.0197 J0.
N10350 X-1.2402 Z-0.5606 I0.0197 J0.
N10355 X-1.2795 Z-0.563 I-0.0197 J0.
N10360 X-1.2402 Z-0.5654 I0.0197 J0.
N10365 X-1.2795 Z-0.5677 I-0.0197 J0.
N10370 X-1.2402 Z-0.5701 I0.0197 J0.
N10375 X-1.2795 Z-0.5724 I-0.0197 J0.
N10380 X-1.2402 Z-0.5748 I0.0197 J0.
N10385 X-1.2795 Z-0.5772 I-0.0197 J0.
N10390 X-1.2402 Z-0.5795 I0.0197 J0.
N10395 X-1.2795 Z-0.5819 I-0.0197 J0.
N10400 X-1.2402 Z-0.5843 I0.0197 J0.
N10405 X-1.2795 Z-0.5866 I-0.0197 J0.
N10410 X-1.2402 Z-0.589 I0.0197 J0.
N10415 X-1.2795 Z-0.5913 I-0.0197 J0.
N10420 X-1.2402 Z-0.5937 I0.0197 J0.
N10425 X-1.2795 Z-0.5961 I-0.0197 J0.
N10430 X-1.2402 Z-0.5984 I0.0197 J0.
N10435 X-1.2795 Z-0.6008 I-0.0197 J0.
N10440 X-1.2402 Z-0.6031 I0.0197 J0.
N10445 X-1.2795 Z-0.6055 I-0.0197 J0.
N10450 X-1.2402 Z-0.6079 I0.0197 J0.
N10455 X-1.2795 Z-0.6102 I-0.0197 J0.
N10460 X-1.2402 Z-0.6126 I0.0197 J0.
N10465 X-1.2795 Z-0.615 I-0.0197 J0.
N10470 X-1.2402 Z-0.6173 I0.0197 J0.
N10475 X-1.2795 Z-0.6197 I-0.0197 J0.
N10480 X-1.2402 Z-0.622 I0.0197 J0.
N10485 X-1.2795 Z-0.6244 I-0.0197 J0.
N10490 X-1.2402 Z-0.6268 I0.0197 J0.
N10495 X-1.2795 Z-0.6291 I-0.0197 J0.
N10500 X-1.2402 Z-0.6315 I0.0197 J0.
N10505 X-1.2795 Z-0.6339 I-0.0197 J0.
N10510 X-1.2402 Z-0.6362 I0.0197 J0.
N10515 X-1.2795 Z-0.6386 I-0.0197 J0.
N10520 X-1.2598 Y0.6004 Z-0.6398 I0.0197 J0.
N10525 Y0.6398 I0. J0.0197
N10530 Y0.6004 I0. J-0.0197
N10535 X-1.252 Y0.6083 I0. J0.0079
N10540 G1 Y0.6161
N10545 G19 G3 Y0.624 Z-0.6319 J0. K0.0079
N10550 G1 Z0.1969
N10555 X-1.2638 Y0.6122
N10560 Z0.1181
N10565 Z0.0472
N10570 G18 G2 X-1.2559 Z0.0394 I0.0079 K0.
N10575 G1 X-1.248
N10580 G17 G3 X-1.2402 Y0.6201 I0. J0.0079
N10585 X-1.2795 Z0.037 I-0.0197 J0.
N10590 X-1.2402 Z0.0346 I0.0197 J0.
N10595 X-1.2795 Z0.0323 I-0.0197 J0.
N10600 X-1.2402 Z0.0299 I0.0197 J0.
N10605 X-1.2795 Z0.0276 I-0.0197 J0.
N10610 X-1.2402 Z0.0252 I0.0197 J0.
N10615 X-1.2795 Z0.0228 I-0.0197 J0.
N10620 X-1.2402 Z0.0205 I0.0197 J0.
N10625 X-1.2795 Z0.0181 I-0.0197 J0.
N10630 X-1.2402 Z0.0157 I0.0197 J0.
N10635 X-1.2795 Z0.0134 I-0.0197 J0.
N10640 X-1.2402 Z0.011 I0.0197 J0.
N10645 X-1.2795 Z0.0087 I-0.0197 J0.
N10650 X-1.2402 Z0.0063 I0.0197 J0.
N10655 X-1.2795 Z0.0039 I-0.0197 J0.
N10660 X-1.2402 Z0.0016 I0.0197 J0.
N10665 X-1.2795 Z-0.0008 I-0.0197 J0.
N10670 X-1.2402 Z-0.0031 I0.0197 J0.
N10675 X-1.2795 Z-0.0055 I-0.0197 J0.
N10680 X-1.2402 Z-0.0079 I0.0197 J0.
N10685 X-1.2795 Z-0.0102 I-0.0197 J0.
N10690 X-1.2402 Z-0.0126 I0.0197 J0.
N10695 X-1.2795 Z-0.015 I-0.0197 J0.
N10700 X-1.2402 Z-0.0173 I0.0197 J0.
N10705 X-1.2795 Z-0.0197 I-0.0197 J0.
N10710 X-1.2402 Z-0.022 I0.0197 J0.
N10715 X-1.2795 Z-0.0244 I-0.0197 J0.
N10720 X-1.2402 Z-0.0268 I0.0197 J0.
N10725 X-1.2795 Z-0.0291 I-0.0197 J0.
N10730 X-1.2402 Z-0.0315 I0.0197 J0.
N10735 X-1.2795 Z-0.0339 I-0.0197 J0.
N10740 X-1.2402 Z-0.0362 I0.0197 J0.
N10745 X-1.2795 Z-0.0386 I-0.0197 J0.
N10750 X-1.2402 Z-0.0409 I0.0197 J0.
N10755 X-1.2795 Z-0.0433 I-0.0197 J0.
N10760 X-1.2402 Z-0.0457 I0.0197 J0.
N10765 X-1.2795 Z-0.048 I-0.0197 J0.
N10770 X-1.2402 Z-0.0504 I0.0197 J0.
N10775 X-1.2795 Z-0.0528 I-0.0197 J0.
N10780 X-1.2402 Z-0.0551 I0.0197 J0.
N10785 X-1.2795 Z-0.0575 I-0.0197 J0.
N10790 X-1.2402 Z-0.0598 I0.0197 J0.
N10795 X-1.2795 Z-0.0622 I-0.0197 J0.
N10800 X-1.2402 Z-0.0646 I0.0197 J0.
N10805 X-1.2795 Z-0.0669 I-0.0197 J0.
N10810 X-1.2402 Z-0.0693 I0.0197 J0.
N10815 X-1.2795 Z-0.0717 I-0.0197 J0.
N10820 X-1.2402 Z-0.074 I0.0197 J0.
N10825 X-1.2795 Z-0.0764 I-0.0197 J0.
N10830 X-1.2402 Z-0.0787 I0.0197 J0.
N10835 X-1.2795 Z-0.0811 I-0.0197 J0.
N10840 X-1.2402 Z-0.0835 I0.0197 J0.
N10845 X-1.2795 Z-0.0858 I-0.0197 J0.
N10850 X-1.2402 Z-0.0882 I0.0197 J0.
N10855 X-1.2795 Z-0.0906 I-0.0197 J0.
N10860 X-1.2402 Z-0.0929 I0.0197 J0.
N10865 X-1.2795 Z-0.0953 I-0.0197 J0.
N10870 X-1.2402 Z-0.0976 I0.0197 J0.
N10875 X-1.2795 Z-0.1 I-0.0197 J0.
N10880 X-1.2402 Z-0.1024 I0.0197 J0.
N10885 X-1.2795 Z-0.1047 I-0.0197 J0.
N10890 X-1.2402 Z-0.1071 I0.0197 J0.
N10895 X-1.2795 Z-0.1094 I-0.0197 J0.
N10900 X-1.2402 Z-0.1118 I0.0197 J0.
N10905 X-1.2795 Z-0.1142 I-0.0197 J0.
N10910 X-1.2402 Z-0.1165 I0.0197 J0.
N10915 X-1.2795 Z-0.1189 I-0.0197 J0.
N10920 X-1.2402 Z-0.1213 I0.0197 J0.
N10925 X-1.2795 Z-0.1236 I-0.0197 J0.
N10930 X-1.2402 Z-0.126 I0.0197 J0.
N10935 X-1.2795 Z-0.1283 I-0.0197 J0.
N10940 X-1.2402 Z-0.1307 I0.0197 J0.
N10945 X-1.2795 Z-0.1331 I-0.0197 J0.
N10950 X-1.2402 Z-0.1354 I0.0197 J0.
N10955 X-1.2795 Z-0.1378 I-0.0197 J0.
N10960 X-1.2402 Z-0.1402 I0.0197 J0.
N10965 X-1.2795 Z-0.1425 I-0.0197 J0.
N10970 X-1.2402 Z-0.1449 I0.0197 J0.
N10975 X-1.2795 Z-0.1472 I-0.0197 J0.
N10980 X-1.2402 Z-0.1496 I0.0197 J0.
N10985 X-1.2795 Z-0.152 I-0.0197 J0.
N10990 X-1.2402 Z-0.1543 I0.0197 J0.
N10995 X-1.2795 Z-0.1567 I-0.0197 J0.
N11000 X-1.2402 Z-0.1591 I0.0197 J0.
N11005 X-1.2795 Z-0.1614 I-0.0197 J0.
N11010 X-1.2402 Z-0.1638 I0.0197 J0.
N11015 X-1.2795 Z-0.1661 I-0.0197 J0.
N11020 X-1.2402 Z-0.1685 I0.0197 J0.
N11025 X-1.2795 Z-0.1709 I-0.0197 J0.
N11030 X-1.2402 Z-0.1732 I0.0197 J0.
N11035 X-1.2795 Z-0.1756 I-0.0197 J0.
N11040 X-1.2402 Z-0.178 I0.0197 J0.
N11045 X-1.2795 Z-0.1803 I-0.0197 J0.
N11050 X-1.2402 Z-0.1827 I0.0197 J0.
N11055 X-1.2795 Z-0.185 I-0.0197 J0.
N11060 X-1.2402 Z-0.1874 I0.0197 J0.
N11065 X-1.2795 Z-0.1898 I-0.0197 J0.
N11070 X-1.2402 Z-0.1921 I0.0197 J0.
N11075 X-1.2795 Z-0.1945 I-0.0197 J0.
N11080 X-1.2402 Z-0.1969 I0.0197 J0.
N11085 X-1.2795 Z-0.1992 I-0.0197 J0.
N11090 X-1.2402 Z-0.2016 I0.0197 J0.
N11095 X-1.2795 Z-0.2039 I-0.0197 J0.
N11100 X-1.2402 Z-0.2063 I0.0197 J0.
N11105 X-1.2795 Z-0.2087 I-0.0197 J0.
N11110 X-1.2402 Z-0.211 I0.0197 J0.
N11115 X-1.2795 Z-0.2134 I-0.0197 J0.
N11120 X-1.2402 Z-0.2157 I0.0197 J0.
N11125 X-1.2795 Z-0.2181 I-0.0197 J0.
N11130 X-1.2402 Z-0.2205 I0.0197 J0.
N11135 X-1.2795 Z-0.2228 I-0.0197 J0.
N11140 X-1.2402 Z-0.2252 I0.0197 J0.
N11145 X-1.2795 Z-0.2276 I-0.0197 J0.
N11150 X-1.2402 Z-0.2299 I0.0197 J0.
N11155 X-1.2795 Z-0.2323 I-0.0197 J0.
N11160 X-1.2402 Z-0.2346 I0.0197 J0.
N11165 X-1.2795 Z-0.237 I-0.0197 J0.
N11170 X-1.2402 Z-0.2394 I0.0197 J0.
N11175 X-1.2795 Z-0.2417 I-0.0197 J0.
N11180 X-1.2402 Z-0.2441 I0.0197 J0.
N11185 X-1.2795 Z-0.2465 I-0.0197 J0.
N11190 X-1.2402 Z-0.2488 I0.0197 J0.
N11195 X-1.2795 Z-0.2512 I-0.0197 J0.
N11200 X-1.2402 Z-0.2535 I0.0197 J0.
N11205 X-1.2795 Z-0.2559 I-0.0197 J0.
N11210 X-1.2402 Z-0.2583 I0.0197 J0.
N11215 X-1.2795 Z-0.2606 I-0.0197 J0.
N11220 X-1.2402 Z-0.263 I0.0197 J0.
N11225 X-1.2795 Z-0.2654 I-0.0197 J0.
N11230 X-1.2402 Z-0.2677 I0.0197 J0.
N11235 X-1.2795 Z-0.2701 I-0.0197 J0.
N11240 X-1.2402 Z-0.2724 I0.0197 J0.
N11245 X-1.2795 Z-0.2748 I-0.0197 J0.
N11250 X-1.2402 Z-0.2772 I0.0197 J0.
N11255 X-1.2795 Z-0.2795 I-0.0197 J0.
N11260 X-1.2402 Z-0.2819 I0.0197 J0.
N11265 X-1.2795 Z-0.2843 I-0.0197 J0.
N11270 X-1.2402 Z-0.2866 I0.0197 J0.
N11275 X-1.2795 Z-0.289 I-0.0197 J0.
N11280 X-1.2402 Z-0.2913 I0.0197 J0.
N11285 X-1.2795 Z-0.2937 I-0.0197 J0.
N11290 X-1.2402 Z-0.2961 I0.0197 J0.
N11295 X-1.2795 Z-0.2984 I-0.0197 J0.
N11300 X-1.2402 Z-0.3008 I0.0197 J0.
N11305 X-1.2795 Z-0.3031 I-0.0197 J0.
N11310 X-1.2402 Z-0.3055 I0.0197 J0.
N11315 X-1.2795 Z-0.3079 I-0.0197 J0.
N11320 X-1.2402 Z-0.3102 I0.0197 J0.
N11325 X-1.2795 Z-0.3126 I-0.0197 J0.
N11330 X-1.2402 Z-0.315 I0.0197 J0.
N11335 X-1.2795 Z-0.3173 I-0.0197 J0.
N11340 X-1.2402 Z-0.3197 I0.0197 J0.
N11345 X-1.2795 Z-0.322 I-0.0197 J0.
N11350 X-1.2402 Z-0.3244 I0.0197 J0.
N11355 X-1.2795 Z-0.3268 I-0.0197 J0.
N11360 X-1.2402 Z-0.3291 I0.0197 J0.
N11365 X-1.2795 Z-0.3315 I-0.0197 J0.
N11370 X-1.2402 Z-0.3339 I0.0197 J0.
N11375 X-1.2795 Z-0.3362 I-0.0197 J0.
N11380 X-1.2402 Z-0.3386 I0.0197 J0.
N11385 X-1.2795 Z-0.3409 I-0.0197 J0.
N11390 X-1.2402 Z-0.3433 I0.0197 J0.
N11395 X-1.2795 Z-0.3457 I-0.0197 J0.
N11400 X-1.2402 Z-0.348 I0.0197 J0.
N11405 X-1.2795 Z-0.3504 I-0.0197 J0.
N11410 X-1.2402 Z-0.3528 I0.0197 J0.
N11415 X-1.2795 Z-0.3551 I-0.0197 J0.
N11420 X-1.2402 Z-0.3575 I0.0197 J0.
N11425 X-1.2795 Z-0.3598 I-0.0197 J0.
N11430 X-1.2402 Z-0.3622 I0.0197 J0.
N11435 X-1.2795 Z-0.3646 I-0.0197 J0.
N11440 X-1.2402 Z-0.3669 I0.0197 J0.
N11445 X-1.2795 Z-0.3693 I-0.0197 J0.
N11450 X-1.2402 Z-0.3717 I0.0197 J0.
N11455 X-1.2795 Z-0.374 I-0.0197 J0.
N11460 X-1.2402 Z-0.3764 I0.0197 J0.
N11465 X-1.2795 Z-0.3787 I-0.0197 J0.
N11470 X-1.2402 Z-0.3811 I0.0197 J0.
N11475 X-1.2795 Z-0.3835 I-0.0197 J0.
N11480 X-1.2402 Z-0.3858 I0.0197 J0.
N11485 X-1.2795 Z-0.3882 I-0.0197 J0.
N11490 X-1.2402 Z-0.3906 I0.0197 J0.
N11495 X-1.2795 Z-0.3929 I-0.0197 J0.
N11500 X-1.2402 Z-0.3953 I0.0197 J0.
N11505 X-1.2795 Z-0.3976 I-0.0197 J0.
N11510 X-1.2402 Z-0.4 I0.0197 J0.
N11515 X-1.2795 Z-0.4024 I-0.0197 J0.
N11520 X-1.2402 Z-0.4047 I0.0197 J0.
N11525 X-1.2795 Z-0.4071 I-0.0197 J0.
N11530 X-1.2402 Z-0.4094 I0.0197 J0.
N11535 X-1.2795 Z-0.4118 I-0.0197 J0.
N11540 X-1.2402 Z-0.4142 I0.0197 J0.
N11545 X-1.2795 Z-0.4165 I-0.0197 J0.
N11550 X-1.2402 Z-0.4189 I0.0197 J0.
N11555 X-1.2795 Z-0.4213 I-0.0197 J0.
N11560 X-1.2402 Z-0.4236 I0.0197 J0.
N11565 X-1.2795 Z-0.426 I-0.0197 J0.
N11570 X-1.2402 Z-0.4283 I0.0197 J0.
N11575 X-1.2795 Z-0.4307 I-0.0197 J0.
N11580 X-1.2402 Z-0.4331 I0.0197 J0.
N11585 X-1.2795 Z-0.4354 I-0.0197 J0.
N11590 X-1.2402 Z-0.4378 I0.0197 J0.
N11595 X-1.2795 Z-0.4402 I-0.0197 J0.
N11600 X-1.2402 Z-0.4425 I0.0197 J0.
N11605 X-1.2795 Z-0.4449 I-0.0197 J0.
N11610 X-1.2402 Z-0.4472 I0.0197 J0.
N11615 X-1.2795 Z-0.4496 I-0.0197 J0.
N11620 X-1.2402 Z-0.452 I0.0197 J0.
N11625 X-1.2795 Z-0.4543 I-0.0197 J0.
N11630 X-1.2402 Z-0.4567 I0.0197 J0.
N11635 X-1.2795 Z-0.4591 I-0.0197 J0.
N11640 X-1.2402 Z-0.4614 I0.0197 J0.
N11645 X-1.2795 Z-0.4638 I-0.0197 J0.
N11650 X-1.2402 Z-0.4661 I0.0197 J0.
N11655 X-1.2795 Z-0.4685 I-0.0197 J0.
N11660 X-1.2402 Z-0.4709 I0.0197 J0.
N11665 X-1.2795 Z-0.4732 I-0.0197 J0.
N11670 X-1.2402 Z-0.4756 I0.0197 J0.
N11675 X-1.2795 Z-0.478 I-0.0197 J0.
N11680 X-1.2402 Z-0.4803 I0.0197 J0.
N11685 X-1.2795 Z-0.4827 I-0.0197 J0.
N11690 X-1.2402 Z-0.485 I0.0197 J0.
N11695 X-1.2795 Z-0.4874 I-0.0197 J0.
N11700 X-1.2402 Z-0.4898 I0.0197 J0.
N11705 X-1.2795 Z-0.4921 I-0.0197 J0.
N11710 X-1.2402 Z-0.4945 I0.0197 J0.
N11715 X-1.2795 Z-0.4969 I-0.0197 J0.
N11720 X-1.2402 Z-0.4992 I0.0197 J0.
N11725 X-1.2795 Z-0.5016 I-0.0197 J0.
N11730 X-1.2402 Z-0.5039 I0.0197 J0.
N11735 X-1.2795 Z-0.5063 I-0.0197 J0.
N11740 X-1.2402 Z-0.5087 I0.0197 J0.
N11745 X-1.2795 Z-0.511 I-0.0197 J0.
N11750 X-1.2402 Z-0.5134 I0.0197 J0.
N11755 X-1.2795 Z-0.5157 I-0.0197 J0.
N11760 X-1.2402 Z-0.5181 I0.0197 J0.
N11765 X-1.2795 Z-0.5205 I-0.0197 J0.
N11770 X-1.2402 Z-0.5228 I0.0197 J0.
N11775 X-1.2795 Z-0.5252 I-0.0197 J0.
N11780 X-1.2402 Z-0.5276 I0.0197 J0.
N11785 X-1.2795 Z-0.5299 I-0.0197 J0.
N11790 X-1.2402 Z-0.5323 I0.0197 J0.
N11795 X-1.2795 Z-0.5346 I-0.0197 J0.
N11800 X-1.2402 Z-0.537 I0.0197 J0.
N11805 X-1.2795 Z-0.5394 I-0.0197 J0.
N11810 X-1.2402 Z-0.5417 I0.0197 J0.
N11815 X-1.2795 Z-0.5441 I-0.0197 J0.
N11820 X-1.2402 Z-0.5465 I0.0197 J0.
N11825 X-1.2795 Z-0.5488 I-0.0197 J0.
N11830 X-1.2402 Z-0.5512 I0.0197 J0.
N11835 X-1.2795 Z-0.5535 I-0.0197 J0.
N11840 X-1.2402 Z-0.5559 I0.0197 J0.
N11845 X-1.2795 Z-0.5583 I-0.0197 J0.
N11850 X-1.2402 Z-0.5606 I0.0197 J0.
N11855 X-1.2795 Z-0.563 I-0.0197 J0.
N11860 X-1.2402 Z-0.5654 I0.0197 J0.
N11865 X-1.2795 Z-0.5677 I-0.0197 J0.
N11870 X-1.2402 Z-0.5701 I0.0197 J0.
N11875 X-1.2795 Z-0.5724 I-0.0197 J0.
N11880 X-1.2402 Z-0.5748 I0.0197 J0.
N11885 X-1.2795 Z-0.5772 I-0.0197 J0.
N11890 X-1.2402 Z-0.5795 I0.0197 J0.
N11895 X-1.2795 Z-0.5819 I-0.0197 J0.
N11900 X-1.2402 Z-0.5843 I0.0197 J0.
N11905 X-1.2795 Z-0.5866 I-0.0197 J0.
N11910 X-1.2402 Z-0.589 I0.0197 J0.
N11915 X-1.2795 Z-0.5913 I-0.0197 J0.
N11920 X-1.2402 Z-0.5937 I0.0197 J0.
N11925 X-1.2795 Z-0.5961 I-0.0197 J0.
N11930 X-1.2402 Z-0.5984 I0.0197 J0.
N11935 X-1.2795 Z-0.6008 I-0.0197 J0.
N11940 X-1.2402 Z-0.6031 I0.0197 J0.
N11945 X-1.2795 Z-0.6055 I-0.0197 J0.
N11950 X-1.2402 Z-0.6079 I0.0197 J0.
N11955 X-1.2795 Z-0.6102 I-0.0197 J0.
N11960 X-1.2402 Z-0.6126 I0.0197 J0.
N11965 X-1.2795 Z-0.615 I-0.0197 J0.
N11970 X-1.2402 Z-0.6173 I0.0197 J0.
N11975 X-1.2795 Z-0.6197 I-0.0197 J0.
N11980 X-1.2402 Z-0.622 I0.0197 J0.
N11985 X-1.2795 Z-0.6244 I-0.0197 J0.
N11990 X-1.2402 Z-0.6268 I0.0197 J0.
N11995 X-1.2795 Z-0.6291 I-0.0197 J0.
N12000 X-1.2402 Z-0.6315 I0.0197 J0.
N12005 X-1.2795 Z-0.6339 I-0.0197 J0.
N12010 X-1.2402 Z-0.6362 I0.0197 J0.
N12015 X-1.2795 Z-0.6386 I-0.0197 J0.
N12020 X-1.2598 Y0.6004 Z-0.6398 I0.0197 J0.
N12025 Y0.6398 I0. J0.0197
N12030 Y0.6004 I0. J-0.0197
N12035 X-1.252 Y0.6083 I0. J0.0079
N12040 G1 Y0.6161
N12045 G19 G3 Y0.624 Z-0.6319 J0. K0.0079
N12050 G1 Z0.1969
N12055 X-0.6339 Y0.6122
N12060 Z0.1181
N12065 Z0.0472
N12070 G18 G2 X-0.626 Z0.0394 I0.0079 K0.
N12075 G1 X-0.6181
N12080 G17 G3 X-0.6102 Y0.6201 I0. J0.0079
N12085 X-0.6496 Z0.037 I-0.0197 J0.
N12090 X-0.6102 Z0.0346 I0.0197 J0.
N12095 X-0.6496 Z0.0323 I-0.0197 J0.
N12100 X-0.6102 Z0.0299 I0.0197 J0.
N12105 X-0.6496 Z0.0276 I-0.0197 J0.
N12110 X-0.6102 Z0.0252 I0.0197 J0.
N12115 X-0.6496 Z0.0228 I-0.0197 J0.
N12120 X-0.6102 Z0.0205 I0.0197 J0.
N12125 X-0.6496 Z0.0181 I-0.0197 J0.
N12130 X-0.6102 Z0.0157 I0.0197 J0.
N12135 X-0.6496 Z0.0134 I-0.0197 J0.
N12140 X-0.6102 Z0.011 I0.0197 J0.
N12145 X-0.6496 Z0.0087 I-0.0197 J0.
N12150 X-0.6102 Z0.0063 I0.0197 J0.
N12155 X-0.6496 Z0.0039 I-0.0197 J0.
N12160 X-0.6102 Z0.0016 I0.0197 J0.
N12165 X-0.6496 Z-0.0008 I-0.0197 J0.
N12170 X-0.6102 Z-0.0031 I0.0197 J0.
N12175 X-0.6496 Z-0.0055 I-0.0197 J0.
N12180 X-0.6102 Z-0.0079 I0.0197 J0.
N12185 X-0.6496 Z-0.0102 I-0.0197 J0.
N12190 X-0.6102 Z-0.0126 I0.0197 J0.
N12195 X-0.6496 Z-0.015 I-0.0197 J0.
N12200 X-0.6102 Z-0.0173 I0.0197 J0.
N12205 X-0.6496 Z-0.0197 I-0.0197 J0.
N12210 X-0.6102 Z-0.022 I0.0197 J0.
N12215 X-0.6496 Z-0.0244 I-0.0197 J0.
N12220 X-0.6102 Z-0.0268 I0.0197 J0.
N12225 X-0.6496 Z-0.0291 I-0.0197 J0.
N12230 X-0.6102 Z-0.0315 I0.0197 J0.
N12235 X-0.6496 Z-0.0339 I-0.0197 J0.
N12240 X-0.6102 Z-0.0362 I0.0197 J0.
N12245 X-0.6496 Z-0.0386 I-0.0197 J0.
N12250 X-0.6102 Z-0.0409 I0.0197 J0.
N12255 X-0.6496 Z-0.0433 I-0.0197 J0.
N12260 X-0.6102 Z-0.0457 I0.0197 J0.
N12265 X-0.6496 Z-0.048 I-0.0197 J0.
N12270 X-0.6102 Z-0.0504 I0.0197 J0.
N12275 X-0.6496 Z-0.0528 I-0.0197 J0.
N12280 X-0.6102 Z-0.0551 I0.0197 J0.
N12285 X-0.6496 Z-0.0575 I-0.0197 J0.
N12290 X-0.6102 Z-0.0598 I0.0197 J0.
N12295 X-0.6496 Z-0.0622 I-0.0197 J0.
N12300 X-0.6102 Z-0.0646 I0.0197 J0.
N12305 X-0.6496 Z-0.0669 I-0.0197 J0.
N12310 X-0.6102 Z-0.0693 I0.0197 J0.
N12315 X-0.6496 Z-0.0717 I-0.0197 J0.
N12320 X-0.6102 Z-0.074 I0.0197 J0.
N12325 X-0.6496 Z-0.0764 I-0.0197 J0.
N12330 X-0.6102 Z-0.0787 I0.0197 J0.
N12335 X-0.6496 Z-0.0811 I-0.0197 J0.
N12340 X-0.6102 Z-0.0835 I0.0197 J0.
N12345 X-0.6496 Z-0.0858 I-0.0197 J0.
N12350 X-0.6102 Z-0.0882 I0.0197 J0.
N12355 X-0.6496 Z-0.0906 I-0.0197 J0.
N12360 X-0.6102 Z-0.0929 I0.0197 J0.
N12365 X-0.6496 Z-0.0953 I-0.0197 J0.
N12370 X-0.6102 Z-0.0976 I0.0197 J0.
N12375 X-0.6496 Z-0.1 I-0.0197 J0.
N12380 X-0.6102 Z-0.1024 I0.0197 J0.
N12385 X-0.6496 Z-0.1047 I-0.0197 J0.
N12390 X-0.6102 Z-0.1071 I0.0197 J0.
N12395 X-0.6496 Z-0.1094 I-0.0197 J0.
N12400 X-0.6102 Z-0.1118 I0.0197 J0.
N12405 X-0.6496 Z-0.1142 I-0.0197 J0.
N12410 X-0.6102 Z-0.1165 I0.0197 J0.
N12415 X-0.6496 Z-0.1189 I-0.0197 J0.
N12420 X-0.6102 Z-0.1213 I0.0197 J0.
N12425 X-0.6496 Z-0.1236 I-0.0197 J0.
N12430 X-0.6102 Z-0.126 I0.0197 J0.
N12435 X-0.6496 Z-0.1283 I-0.0197 J0.
N12440 X-0.6102 Z-0.1307 I0.0197 J0.
N12445 X-0.6496 Z-0.1331 I-0.0197 J0.
N12450 X-0.6102 Z-0.1354 I0.0197 J0.
N12455 X-0.6496 Z-0.1378 I-0.0197 J0.
N12460 X-0.6102 Z-0.1402 I0.0197 J0.
N12465 X-0.6496 Z-0.1425 I-0.0197 J0.
N12470 X-0.6102 Z-0.1449 I0.0197 J0.
N12475 X-0.6496 Z-0.1472 I-0.0197 J0.
N12480 X-0.6102 Z-0.1496 I0.0197 J0.
N12485 X-0.6496 Z-0.152 I-0.0197 J0.
N12490 X-0.6102 Z-0.1543 I0.0197 J0.
N12495 X-0.6496 Z-0.1567 I-0.0197 J0.
N12500 X-0.6102 Z-0.1591 I0.0197 J0.
N12505 X-0.6496 Z-0.1614 I-0.0197 J0.
N12510 X-0.6102 Z-0.1638 I0.0197 J0.
N12515 X-0.6496 Z-0.1661 I-0.0197 J0.
N12520 X-0.6102 Z-0.1685 I0.0197 J0.
N12525 X-0.6496 Z-0.1709 I-0.0197 J0.
N12530 X-0.6102 Z-0.1732 I0.0197 J0.
N12535 X-0.6496 Z-0.1756 I-0.0197 J0.
N12540 X-0.6102 Z-0.178 I0.0197 J0.
N12545 X-0.6496 Z-0.1803 I-0.0197 J0.
N12550 X-0.6102 Z-0.1827 I0.0197 J0.
N12555 X-0.6496 Z-0.185 I-0.0197 J0.
N12560 X-0.6102 Z-0.1874 I0.0197 J0.
N12565 X-0.6496 Z-0.1898 I-0.0197 J0.
N12570 X-0.6102 Z-0.1921 I0.0197 J0.
N12575 X-0.6496 Z-0.1945 I-0.0197 J0.
N12580 X-0.6102 Z-0.1969 I0.0197 J0.
N12585 X-0.6496 Z-0.1992 I-0.0197 J0.
N12590 X-0.6102 Z-0.2016 I0.0197 J0.
N12595 X-0.6496 Z-0.2039 I-0.0197 J0.
N12600 X-0.6102 Z-0.2063 I0.0197 J0.
N12605 X-0.6496 Z-0.2087 I-0.0197 J0.
N12610 X-0.6102 Z-0.211 I0.0197 J0.
N12615 X-0.6496 Z-0.2134 I-0.0197 J0.
N12620 X-0.6102 Z-0.2157 I0.0197 J0.
N12625 X-0.6496 Z-0.2181 I-0.0197 J0.
N12630 X-0.6102 Z-0.2205 I0.0197 J0.
N12635 X-0.6496 Z-0.2228 I-0.0197 J0.
N12640 X-0.6102 Z-0.2252 I0.0197 J0.
N12645 X-0.6496 Z-0.2276 I-0.0197 J0.
N12650 X-0.6102 Z-0.2299 I0.0197 J0.
N12655 X-0.6496 Z-0.2323 I-0.0197 J0.
N12660 X-0.6102 Z-0.2346 I0.0197 J0.
N12665 X-0.6496 Z-0.237 I-0.0197 J0.
N12670 X-0.6102 Z-0.2394 I0.0197 J0.
N12675 X-0.6496 Z-0.2417 I-0.0197 J0.
N12680 X-0.6102 Z-0.2441 I0.0197 J0.
N12685 X-0.6496 Z-0.2465 I-0.0197 J0.
N12690 X-0.6102 Z-0.2488 I0.0197 J0.
N12695 X-0.6496 Z-0.2512 I-0.0197 J0.
N12700 X-0.6102 Z-0.2535 I0.0197 J0.
N12705 X-0.6496 Z-0.2559 I-0.0197 J0.
N12710 X-0.6102 Z-0.2583 I0.0197 J0.
N12715 X-0.6496 Z-0.2606 I-0.0197 J0.
N12720 X-0.6102 Z-0.263 I0.0197 J0.
N12725 X-0.6496 Z-0.2654 I-0.0197 J0.
N12730 X-0.6102 Z-0.2677 I0.0197 J0.
N12735 X-0.6496 Z-0.2701 I-0.0197 J0.
N12740 X-0.6102 Z-0.2724 I0.0197 J0.
N12745 X-0.6496 Z-0.2748 I-0.0197 J0.
N12750 X-0.6102 Z-0.2772 I0.0197 J0.
N12755 X-0.6496 Z-0.2795 I-0.0197 J0.
N12760 X-0.6102 Z-0.2819 I0.0197 J0.
N12765 X-0.6496 Z-0.2843 I-0.0197 J0.
N12770 X-0.6102 Z-0.2866 I0.0197 J0.
N12775 X-0.6496 Z-0.289 I-0.0197 J0.
N12780 X-0.6102 Z-0.2913 I0.0197 J0.
N12785 X-0.6496 Z-0.2937 I-0.0197 J0.
N12790 X-0.6102 Z-0.2961 I0.0197 J0.
N12795 X-0.6496 Z-0.2984 I-0.0197 J0.
N12800 X-0.6102 Z-0.3008 I0.0197 J0.
N12805 X-0.6496 Z-0.3031 I-0.0197 J0.
N12810 X-0.6102 Z-0.3055 I0.0197 J0.
N12815 X-0.6496 Z-0.3079 I-0.0197 J0.
N12820 X-0.6102 Z-0.3102 I0.0197 J0.
N12825 X-0.6496 Z-0.3126 I-0.0197 J0.
N12830 X-0.6102 Z-0.315 I0.0197 J0.
N12835 X-0.6496 Z-0.3173 I-0.0197 J0.
N12840 X-0.6102 Z-0.3197 I0.0197 J0.
N12845 X-0.6496 Z-0.322 I-0.0197 J0.
N12850 X-0.6102 Z-0.3244 I0.0197 J0.
N12855 X-0.6496 Z-0.3268 I-0.0197 J0.
N12860 X-0.6102 Z-0.3291 I0.0197 J0.
N12865 X-0.6496 Z-0.3315 I-0.0197 J0.
N12870 X-0.6102 Z-0.3339 I0.0197 J0.
N12875 X-0.6496 Z-0.3362 I-0.0197 J0.
N12880 X-0.6102 Z-0.3386 I0.0197 J0.
N12885 X-0.6496 Z-0.3409 I-0.0197 J0.
N12890 X-0.6102 Z-0.3433 I0.0197 J0.
N12895 X-0.6496 Z-0.3457 I-0.0197 J0.
N12900 X-0.6102 Z-0.348 I0.0197 J0.
N12905 X-0.6496 Z-0.3504 I-0.0197 J0.
N12910 X-0.6102 Z-0.3528 I0.0197 J0.
N12915 X-0.6496 Z-0.3551 I-0.0197 J0.
N12920 X-0.6102 Z-0.3575 I0.0197 J0.
N12925 X-0.6496 Z-0.3598 I-0.0197 J0.
N12930 X-0.6102 Z-0.3622 I0.0197 J0.
N12935 X-0.6496 Z-0.3646 I-0.0197 J0.
N12940 X-0.6102 Z-0.3669 I0.0197 J0.
N12945 X-0.6496 Z-0.3693 I-0.0197 J0.
N12950 X-0.6102 Z-0.3717 I0.0197 J0.
N12955 X-0.6496 Z-0.374 I-0.0197 J0.
N12960 X-0.6102 Z-0.3764 I0.0197 J0.
N12965 X-0.6496 Z-0.3787 I-0.0197 J0.
N12970 X-0.6102 Z-0.3811 I0.0197 J0.
N12975 X-0.6496 Z-0.3835 I-0.0197 J0.
N12980 X-0.6102 Z-0.3858 I0.0197 J0.
N12985 X-0.6496 Z-0.3882 I-0.0197 J0.
N12990 X-0.6102 Z-0.3906 I0.0197 J0.
N12995 X-0.6496 Z-0.3929 I-0.0197 J0.
N13000 X-0.6102 Z-0.3953 I0.0197 J0.
N13005 X-0.6496 Z-0.3976 I-0.0197 J0.
N13010 X-0.6102 Z-0.4 I0.0197 J0.
N13015 X-0.6496 Z-0.4024 I-0.0197 J0.
N13020 X-0.6102 Z-0.4047 I0.0197 J0.
N13025 X-0.6496 Z-0.4071 I-0.0197 J0.
N13030 X-0.6102 Z-0.4094 I0.0197 J0.
N13035 X-0.6496 Z-0.4118 I-0.0197 J0.
N13040 X-0.6102 Z-0.4142 I0.0197 J0.
N13045 X-0.6496 Z-0.4165 I-0.0197 J0.
N13050 X-0.6102 Z-0.4189 I0.0197 J0.
N13055 X-0.6496 Z-0.4213 I-0.0197 J0.
N13060 X-0.6102 Z-0.4236 I0.0197 J0.
N13065 X-0.6496 Z-0.426 I-0.0197 J0.
N13070 X-0.6102 Z-0.4283 I0.0197 J0.
N13075 X-0.6496 Z-0.4307 I-0.0197 J0.
N13080 X-0.6102 Z-0.4331 I0.0197 J0.
N13085 X-0.6496 Z-0.4354 I-0.0197 J0.
N13090 X-0.6102 Z-0.4378 I0.0197 J0.
N13095 X-0.6496 Z-0.4402 I-0.0197 J0.
N13100 X-0.6102 Z-0.4425 I0.0197 J0.
N13105 X-0.6496 Z-0.4449 I-0.0197 J0.
N13110 X-0.6102 Z-0.4472 I0.0197 J0.
N13115 X-0.6496 Z-0.4496 I-0.0197 J0.
N13120 X-0.6102 Z-0.452 I0.0197 J0.
N13125 X-0.6496 Z-0.4543 I-0.0197 J0.
N13130 X-0.6102 Z-0.4567 I0.0197 J0.
N13135 X-0.6496 Z-0.4591 I-0.0197 J0.
N13140 X-0.6102 Z-0.4614 I0.0197 J0.
N13145 X-0.6496 Z-0.4638 I-0.0197 J0.
N13150 X-0.6102 Z-0.4661 I0.0197 J0.
N13155 X-0.6496 Z-0.4685 I-0.0197 J0.
N13160 X-0.6102 Z-0.4709 I0.0197 J0.
N13165 X-0.6496 Z-0.4732 I-0.0197 J0.
N13170 X-0.6102 Z-0.4756 I0.0197 J0.
N13175 X-0.6496 Z-0.478 I-0.0197 J0.
N13180 X-0.6102 Z-0.4803 I0.0197 J0.
N13185 X-0.6496 Z-0.4827 I-0.0197 J0.
N13190 X-0.6102 Z-0.485 I0.0197 J0.
N13195 X-0.6496 Z-0.4874 I-0.0197 J0.
N13200 X-0.6102 Z-0.4898 I0.0197 J0.
N13205 X-0.6496 Z-0.4921 I-0.0197 J0.
N13210 X-0.6102 Z-0.4945 I0.0197 J0.
N13215 X-0.6496 Z-0.4969 I-0.0197 J0.
N13220 X-0.6102 Z-0.4992 I0.0197 J0.
N13225 X-0.6496 Z-0.5016 I-0.0197 J0.
N13230 X-0.6102 Z-0.5039 I0.0197 J0.
N13235 X-0.6496 Z-0.5063 I-0.0197 J0.
N13240 X-0.6102 Z-0.5087 I0.0197 J0.
N13245 X-0.6496 Z-0.511 I-0.0197 J0.
N13250 X-0.6102 Z-0.5134 I0.0197 J0.
N13255 X-0.6496 Z-0.5157 I-0.0197 J0.
N13260 X-0.6102 Z-0.5181 I0.0197 J0.
N13265 X-0.6496 Z-0.5205 I-0.0197 J0.
N13270 X-0.6102 Z-0.5228 I0.0197 J0.
N13275 X-0.6496 Z-0.5252 I-0.0197 J0.
N13280 X-0.6102 Z-0.5276 I0.0197 J0.
N13285 X-0.6496 Z-0.5299 I-0.0197 J0.
N13290 X-0.6102 Z-0.5323 I0.0197 J0.
N13295 X-0.6496 Z-0.5346 I-0.0197 J0.
N13300 X-0.6102 Z-0.537 I0.0197 J0.
N13305 X-0.6496 Z-0.5394 I-0.0197 J0.
N13310 X-0.6102 Z-0.5417 I0.0197 J0.
N13315 X-0.6496 Z-0.5441 I-0.0197 J0.
N13320 X-0.6102 Z-0.5465 I0.0197 J0.
N13325 X-0.6496 Z-0.5488 I-0.0197 J0.
N13330 X-0.6102 Z-0.5512 I0.0197 J0.
N13335 X-0.6496 Z-0.5535 I-0.0197 J0.
N13340 X-0.6102 Z-0.5559 I0.0197 J0.
N13345 X-0.6496 Z-0.5583 I-0.0197 J0.
N13350 X-0.6102 Z-0.5606 I0.0197 J0.
N13355 X-0.6496 Z-0.563 I-0.0197 J0.
N13360 X-0.6102 Z-0.5654 I0.0197 J0.
N13365 X-0.6496 Z-0.5677 I-0.0197 J0.
N13370 X-0.6102 Z-0.5701 I0.0197 J0.
N13375 X-0.6496 Z-0.5724 I-0.0197 J0.
N13380 X-0.6102 Z-0.5748 I0.0197 J0.
N13385 X-0.6496 Z-0.5772 I-0.0197 J0.
N13390 X-0.6102 Z-0.5795 I0.0197 J0.
N13395 X-0.6496 Z-0.5819 I-0.0197 J0.
N13400 X-0.6102 Z-0.5843 I0.0197 J0.
N13405 X-0.6496 Z-0.5866 I-0.0197 J0.
N13410 X-0.6102 Z-0.589 I0.0197 J0.
N13415 X-0.6496 Z-0.5913 I-0.0197 J0.
N13420 X-0.6102 Z-0.5937 I0.0197 J0.
N13425 X-0.6496 Z-0.5961 I-0.0197 J0.
N13430 X-0.6102 Z-0.5984 I0.0197 J0.
N13435 X-0.6496 Z-0.6008 I-0.0197 J0.
N13440 X-0.6102 Z-0.6031 I0.0197 J0.
N13445 X-0.6496 Z-0.6055 I-0.0197 J0.
N13450 X-0.6102 Z-0.6079 I0.0197 J0.
N13455 X-0.6496 Z-0.6102 I-0.0197 J0.
N13460 X-0.6102 Z-0.6126 I0.0197 J0.
N13465 X-0.6496 Z-0.615 I-0.0197 J0.
N13470 X-0.6102 Z-0.6173 I0.0197 J0.
N13475 X-0.6496 Z-0.6197 I-0.0197 J0.
N13480 X-0.6102 Z-0.622 I0.0197 J0.
N13485 X-0.6496 Z-0.6244 I-0.0197 J0.
N13490 X-0.6102 Z-0.6268 I0.0197 J0.
N13495 X-0.6496 Z-0.6291 I-0.0197 J0.
N13500 X-0.6102 Z-0.6315 I0.0197 J0.
N13505 X-0.6496 Z-0.6339 I-0.0197 J0.
N13510 X-0.6102 Z-0.6362 I0.0197 J0.
N13515 X-0.6496 Z-0.6386 I-0.0197 J0.
N13520 X-0.6299 Y0.6004 Z-0.6398 I0.0197 J0.
N13525 Y0.6398 I0. J0.0197
N13530 Y0.6004 I0. J-0.0197
N13535 X-0.622 Y0.6083 I0. J0.0079
N13540 G1 Y0.6161
N13545 G19 G3 Y0.624 Z-0.6319 J0. K0.0079
N13550 G1 Z0.1969
N13555 X-0.6339 Y0.6122
N13560 Z0.1181
N13565 Z0.0472
N13570 G18 G2 X-0.626 Z0.0394 I0.0079 K0.
N13575 G1 X-0.6181
N13580 G17 G3 X-0.6102 Y0.6201 I0. J0.0079
N13585 X-0.6496 Z0.037 I-0.0197 J0.
N13590 X-0.6102 Z0.0346 I0.0197 J0.
N13595 X-0.6496 Z0.0323 I-0.0197 J0.
N13600 X-0.6102 Z0.0299 I0.0197 J0.
N13605 X-0.6496 Z0.0276 I-0.0197 J0.
N13610 X-0.6102 Z0.0252 I0.0197 J0.
N13615 X-0.6496 Z0.0228 I-0.0197 J0.
N13620 X-0.6102 Z0.0205 I0.0197 J0.
N13625 X-0.6496 Z0.0181 I-0.0197 J0.
N13630 X-0.6102 Z0.0157 I0.0197 J0.
N13635 X-0.6496 Z0.0134 I-0.0197 J0.
N13640 X-0.6102 Z0.011 I0.0197 J0.
N13645 X-0.6496 Z0.0087 I-0.0197 J0.
N13650 X-0.6102 Z0.0063 I0.0197 J0.
N13655 X-0.6496 Z0.0039 I-0.0197 J0.
N13660 X-0.6102 Z0.0016 I0.0197 J0.
N13665 X-0.6496 Z-0.0008 I-0.0197 J0.
N13670 X-0.6102 Z-0.0031 I0.0197 J0.
N13675 X-0.6496 Z-0.0055 I-0.0197 J0.
N13680 X-0.6102 Z-0.0079 I0.0197 J0.
N13685 X-0.6496 Z-0.0102 I-0.0197 J0.
N13690 X-0.6102 Z-0.0126 I0.0197 J0.
N13695 X-0.6496 Z-0.015 I-0.0197 J0.
N13700 X-0.6102 Z-0.0173 I0.0197 J0.
N13705 X-0.6496 Z-0.0197 I-0.0197 J0.
N13710 X-0.6102 Z-0.022 I0.0197 J0.
N13715 X-0.6496 Z-0.0244 I-0.0197 J0.
N13720 X-0.6102 Z-0.0268 I0.0197 J0.
N13725 X-0.6496 Z-0.0291 I-0.0197 J0.
N13730 X-0.6102 Z-0.0315 I0.0197 J0.
N13735 X-0.6496 Z-0.0339 I-0.0197 J0.
N13740 X-0.6102 Z-0.0362 I0.0197 J0.
N13745 X-0.6496 Z-0.0386 I-0.0197 J0.
N13750 X-0.6102 Z-0.0409 I0.0197 J0.
N13755 X-0.6496 Z-0.0433 I-0.0197 J0.
N13760 X-0.6102 Z-0.0457 I0.0197 J0.
N13765 X-0.6496 Z-0.048 I-0.0197 J0.
N13770 X-0.6102 Z-0.0504 I0.0197 J0.
N13775 X-0.6496 Z-0.0528 I-0.0197 J0.
N13780 X-0.6102 Z-0.0551 I0.0197 J0.
N13785 X-0.6496 Z-0.0575 I-0.0197 J0.
N13790 X-0.6102 Z-0.0598 I0.0197 J0.
N13795 X-0.6496 Z-0.0622 I-0.0197 J0.
N13800 X-0.6102 Z-0.0646 I0.0197 J0.
N13805 X-0.6496 Z-0.0669 I-0.0197 J0.
N13810 X-0.6102 Z-0.0693 I0.0197 J0.
N13815 X-0.6496 Z-0.0717 I-0.0197 J0.
N13820 X-0.6102 Z-0.074 I0.0197 J0.
N13825 X-0.6496 Z-0.0764 I-0.0197 J0.
N13830 X-0.6102 Z-0.0787 I0.0197 J0.
N13835 X-0.6496 Z-0.0811 I-0.0197 J0.
N13840 X-0.6102 Z-0.0835 I0.0197 J0.
N13845 X-0.6496 Z-0.0858 I-0.0197 J0.
N13850 X-0.6102 Z-0.0882 I0.0197 J0.
N13855 X-0.6496 Z-0.0906 I-0.0197 J0.
N13860 X-0.6102 Z-0.0929 I0.0197 J0.
N13865 X-0.6496 Z-0.0953 I-0.0197 J0.
N13870 X-0.6102 Z-0.0976 I0.0197 J0.
N13875 X-0.6496 Z-0.1 I-0.0197 J0.
N13880 X-0.6102 Z-0.1024 I0.0197 J0.
N13885 X-0.6496 Z-0.1047 I-0.0197 J0.
N13890 X-0.6102 Z-0.1071 I0.0197 J0.
N13895 X-0.6496 Z-0.1094 I-0.0197 J0.
N13900 X-0.6102 Z-0.1118 I0.0197 J0.
N13905 X-0.6496 Z-0.1142 I-0.0197 J0.
N13910 X-0.6102 Z-0.1165 I0.0197 J0.
N13915 X-0.6496 Z-0.1189 I-0.0197 J0.
N13920 X-0.6102 Z-0.1213 I0.0197 J0.
N13925 X-0.6496 Z-0.1236 I-0.0197 J0.
N13930 X-0.6102 Z-0.126 I0.0197 J0.
N13935 X-0.6496 Z-0.1283 I-0.0197 J0.
N13940 X-0.6102 Z-0.1307 I0.0197 J0.
N13945 X-0.6496 Z-0.1331 I-0.0197 J0.
N13950 X-0.6102 Z-0.1354 I0.0197 J0.
N13955 X-0.6496 Z-0.1378 I-0.0197 J0.
N13960 X-0.6102 Z-0.1402 I0.0197 J0.
N13965 X-0.6496 Z-0.1425 I-0.0197 J0.
N13970 X-0.6102 Z-0.1449 I0.0197 J0.
N13975 X-0.6496 Z-0.1472 I-0.0197 J0.
N13980 X-0.6102 Z-0.1496 I0.0197 J0.
N13985 X-0.6496 Z-0.152 I-0.0197 J0.
N13990 X-0.6102 Z-0.1543 I0.0197 J0.
N13995 X-0.6496 Z-0.1567 I-0.0197 J0.
N14000 X-0.6102 Z-0.1591 I0.0197 J0.
N14005 X-0.6496 Z-0.1614 I-0.0197 J0.
N14010 X-0.6102 Z-0.1638 I0.0197 J0.
N14015 X-0.6496 Z-0.1661 I-0.0197 J0.
N14020 X-0.6102 Z-0.1685 I0.0197 J0.
N14025 X-0.6496 Z-0.1709 I-0.0197 J0.
N14030 X-0.6102 Z-0.1732 I0.0197 J0.
N14035 X-0.6496 Z-0.1756 I-0.0197 J0.
N14040 X-0.6102 Z-0.178 I0.0197 J0.
N14045 X-0.6496 Z-0.1803 I-0.0197 J0.
N14050 X-0.6102 Z-0.1827 I0.0197 J0.
N14055 X-0.6496 Z-0.185 I-0.0197 J0.
N14060 X-0.6102 Z-0.1874 I0.0197 J0.
N14065 X-0.6496 Z-0.1898 I-0.0197 J0.
N14070 X-0.6102 Z-0.1921 I0.0197 J0.
N14075 X-0.6496 Z-0.1945 I-0.0197 J0.
N14080 X-0.6102 Z-0.1969 I0.0197 J0.
N14085 X-0.6496 Z-0.1992 I-0.0197 J0.
N14090 X-0.6102 Z-0.2016 I0.0197 J0.
N14095 X-0.6496 Z-0.2039 I-0.0197 J0.
N14100 X-0.6102 Z-0.2063 I0.0197 J0.
N14105 X-0.6496 Z-0.2087 I-0.0197 J0.
N14110 X-0.6102 Z-0.211 I0.0197 J0.
N14115 X-0.6496 Z-0.2134 I-0.0197 J0.
N14120 X-0.6102 Z-0.2157 I0.0197 J0.
N14125 X-0.6496 Z-0.2181 I-0.0197 J0.
N14130 X-0.6102 Z-0.2205 I0.0197 J0.
N14135 X-0.6496 Z-0.2228 I-0.0197 J0.
N14140 X-0.6102 Z-0.2252 I0.0197 J0.
N14145 X-0.6496 Z-0.2276 I-0.0197 J0.
N14150 X-0.6102 Z-0.2299 I0.0197 J0.
N14155 X-0.6496 Z-0.2323 I-0.0197 J0.
N14160 X-0.6102 Z-0.2346 I0.0197 J0.
N14165 X-0.6496 Z-0.237 I-0.0197 J0.
N14170 X-0.6102 Z-0.2394 I0.0197 J0.
N14175 X-0.6496 Z-0.2417 I-0.0197 J0.
N14180 X-0.6102 Z-0.2441 I0.0197 J0.
N14185 X-0.6496 Z-0.2465 I-0.0197 J0.
N14190 X-0.6102 Z-0.2488 I0.0197 J0.
N14195 X-0.6496 Z-0.2512 I-0.0197 J0.
N14200 X-0.6102 Z-0.2535 I0.0197 J0.
N14205 X-0.6496 Z-0.2559 I-0.0197 J0.
N14210 X-0.6102 Z-0.2583 I0.0197 J0.
N14215 X-0.6496 Z-0.2606 I-0.0197 J0.
N14220 X-0.6102 Z-0.263 I0.0197 J0.
N14225 X-0.6496 Z-0.2654 I-0.0197 J0.
N14230 X-0.6102 Z-0.2677 I0.0197 J0.
N14235 X-0.6496 Z-0.2701 I-0.0197 J0.
N14240 X-0.6102 Z-0.2724 I0.0197 J0.
N14245 X-0.6496 Z-0.2748 I-0.0197 J0.
N14250 X-0.6102 Z-0.2772 I0.0197 J0.
N14255 X-0.6496 Z-0.2795 I-0.0197 J0.
N14260 X-0.6102 Z-0.2819 I0.0197 J0.
N14265 X-0.6496 Z-0.2843 I-0.0197 J0.
N14270 X-0.6102 Z-0.2866 I0.0197 J0.
N14275 X-0.6496 Z-0.289 I-0.0197 J0.
N14280 X-0.6102 Z-0.2913 I0.0197 J0.
N14285 X-0.6496 Z-0.2937 I-0.0197 J0.
N14290 X-0.6102 Z-0.2961 I0.0197 J0.
N14295 X-0.6496 Z-0.2984 I-0.0197 J0.
N14300 X-0.6102 Z-0.3008 I0.0197 J0.
N14305 X-0.6496 Z-0.3031 I-0.0197 J0.
N14310 X-0.6102 Z-0.3055 I0.0197 J0.
N14315 X-0.6496 Z-0.3079 I-0.0197 J0.
N14320 X-0.6102 Z-0.3102 I0.0197 J0.
N14325 X-0.6496 Z-0.3126 I-0.0197 J0.
N14330 X-0.6102 Z-0.315 I0.0197 J0.
N14335 X-0.6496 Z-0.3173 I-0.0197 J0.
N14340 X-0.6102 Z-0.3197 I0.0197 J0.
N14345 X-0.6496 Z-0.322 I-0.0197 J0.
N14350 X-0.6102 Z-0.3244 I0.0197 J0.
N14355 X-0.6496 Z-0.3268 I-0.0197 J0.
N14360 X-0.6102 Z-0.3291 I0.0197 J0.
N14365 X-0.6496 Z-0.3315 I-0.0197 J0.
N14370 X-0.6102 Z-0.3339 I0.0197 J0.
N14375 X-0.6496 Z-0.3362 I-0.0197 J0.
N14380 X-0.6102 Z-0.3386 I0.0197 J0.
N14385 X-0.6496 Z-0.3409 I-0.0197 J0.
N14390 X-0.6102 Z-0.3433 I0.0197 J0.
N14395 X-0.6496 Z-0.3457 I-0.0197 J0.
N14400 X-0.6102 Z-0.348 I0.0197 J0.
N14405 X-0.6496 Z-0.3504 I-0.0197 J0.
N14410 X-0.6102 Z-0.3528 I0.0197 J0.
N14415 X-0.6496 Z-0.3551 I-0.0197 J0.
N14420 X-0.6102 Z-0.3575 I0.0197 J0.
N14425 X-0.6496 Z-0.3598 I-0.0197 J0.
N14430 X-0.6102 Z-0.3622 I0.0197 J0.
N14435 X-0.6496 Z-0.3646 I-0.0197 J0.
N14440 X-0.6102 Z-0.3669 I0.0197 J0.
N14445 X-0.6496 Z-0.3693 I-0.0197 J0.
N14450 X-0.6102 Z-0.3717 I0.0197 J0.
N14455 X-0.6496 Z-0.374 I-0.0197 J0.
N14460 X-0.6102 Z-0.3764 I0.0197 J0.
N14465 X-0.6496 Z-0.3787 I-0.0197 J0.
N14470 X-0.6102 Z-0.3811 I0.0197 J0.
N14475 X-0.6496 Z-0.3835 I-0.0197 J0.
N14480 X-0.6102 Z-0.3858 I0.0197 J0.
N14485 X-0.6496 Z-0.3882 I-0.0197 J0.
N14490 X-0.6102 Z-0.3906 I0.0197 J0.
N14495 X-0.6496 Z-0.3929 I-0.0197 J0.
N14500 X-0.6102 Z-0.3953 I0.0197 J0.
N14505 X-0.6496 Z-0.3976 I-0.0197 J0.
N14510 X-0.6102 Z-0.4 I0.0197 J0.
N14515 X-0.6496 Z-0.4024 I-0.0197 J0.
N14520 X-0.6102 Z-0.4047 I0.0197 J0.
N14525 X-0.6496 Z-0.4071 I-0.0197 J0.
N14530 X-0.6102 Z-0.4094 I0.0197 J0.
N14535 X-0.6496 Z-0.4118 I-0.0197 J0.
N14540 X-0.6102 Z-0.4142 I0.0197 J0.
N14545 X-0.6496 Z-0.4165 I-0.0197 J0.
N14550 X-0.6102 Z-0.4189 I0.0197 J0.
N14555 X-0.6496 Z-0.4213 I-0.0197 J0.
N14560 X-0.6102 Z-0.4236 I0.0197 J0.
N14565 X-0.6496 Z-0.426 I-0.0197 J0.
N14570 X-0.6102 Z-0.4283 I0.0197 J0.
N14575 X-0.6496 Z-0.4307 I-0.0197 J0.
N14580 X-0.6102 Z-0.4331 I0.0197 J0.
N14585 X-0.6496 Z-0.4354 I-0.0197 J0.
N14590 X-0.6102 Z-0.4378 I0.0197 J0.
N14595 X-0.6496 Z-0.4402 I-0.0197 J0.
N14600 X-0.6102 Z-0.4425 I0.0197 J0.
N14605 X-0.6496 Z-0.4449 I-0.0197 J0.
N14610 X-0.6102 Z-0.4472 I0.0197 J0.
N14615 X-0.6496 Z-0.4496 I-0.0197 J0.
N14620 X-0.6102 Z-0.452 I0.0197 J0.
N14625 X-0.6496 Z-0.4543 I-0.0197 J0.
N14630 X-0.6102 Z-0.4567 I0.0197 J0.
N14635 X-0.6496 Z-0.4591 I-0.0197 J0.
N14640 X-0.6102 Z-0.4614 I0.0197 J0.
N14645 X-0.6496 Z-0.4638 I-0.0197 J0.
N14650 X-0.6102 Z-0.4661 I0.0197 J0.
N14655 X-0.6496 Z-0.4685 I-0.0197 J0.
N14660 X-0.6102 Z-0.4709 I0.0197 J0.
N14665 X-0.6496 Z-0.4732 I-0.0197 J0.
N14670 X-0.6102 Z-0.4756 I0.0197 J0.
N14675 X-0.6496 Z-0.478 I-0.0197 J0.
N14680 X-0.6102 Z-0.4803 I0.0197 J0.
N14685 X-0.6496 Z-0.4827 I-0.0197 J0.
N14690 X-0.6102 Z-0.485 I0.0197 J0.
N14695 X-0.6496 Z-0.4874 I-0.0197 J0.
N14700 X-0.6102 Z-0.4898 I0.0197 J0.
N14705 X-0.6496 Z-0.4921 I-0.0197 J0.
N14710 X-0.6102 Z-0.4945 I0.0197 J0.
N14715 X-0.6496 Z-0.4969 I-0.0197 J0.
N14720 X-0.6102 Z-0.4992 I0.0197 J0.
N14725 X-0.6496 Z-0.5016 I-0.0197 J0.
N14730 X-0.6102 Z-0.5039 I0.0197 J0.
N14735 X-0.6496 Z-0.5063 I-0.0197 J0.
N14740 X-0.6102 Z-0.5087 I0.0197 J0.
N14745 X-0.6496 Z-0.511 I-0.0197 J0.
N14750 X-0.6102 Z-0.5134 I0.0197 J0.
N14755 X-0.6496 Z-0.5157 I-0.0197 J0.
N14760 X-0.6102 Z-0.5181 I0.0197 J0.
N14765 X-0.6496 Z-0.5205 I-0.0197 J0.
N14770 X-0.6102 Z-0.5228 I0.0197 J0.
N14775 X-0.6496 Z-0.5252 I-0.0197 J0.
N14780 X-0.6102 Z-0.5276 I0.0197 J0.
N14785 X-0.6496 Z-0.5299 I-0.0197 J0.
N14790 X-0.6102 Z-0.5323 I0.0197 J0.
N14795 X-0.6496 Z-0.5346 I-0.0197 J0.
N14800 X-0.6102 Z-0.537 I0.0197 J0.
N14805 X-0.6496 Z-0.5394 I-0.0197 J0.
N14810 X-0.6102 Z-0.5417 I0.0197 J0.
N14815 X-0.6496 Z-0.5441 I-0.0197 J0.
N14820 X-0.6102 Z-0.5465 I0.0197 J0.
N14825 X-0.6496 Z-0.5488 I-0.0197 J0.
N14830 X-0.6102 Z-0.5512 I0.0197 J0.
N14835 X-0.6496 Z-0.5535 I-0.0197 J0.
N14840 X-0.6102 Z-0.5559 I0.0197 J0.
N14845 X-0.6496 Z-0.5583 I-0.0197 J0.
N14850 X-0.6102 Z-0.5606 I0.0197 J0.
N14855 X-0.6496 Z-0.563 I-0.0197 J0.
N14860 X-0.6102 Z-0.5654 I0.0197 J0.
N14865 X-0.6496 Z-0.5677 I-0.0197 J0.
N14870 X-0.6102 Z-0.5701 I0.0197 J0.
N14875 X-0.6496 Z-0.5724 I-0.0197 J0.
N14880 X-0.6102 Z-0.5748 I0.0197 J0.
N14885 X-0.6496 Z-0.5772 I-0.0197 J0.
N14890 X-0.6102 Z-0.5795 I0.0197 J0.
N14895 X-0.6496 Z-0.5819 I-0.0197 J0.
N14900 X-0.6102 Z-0.5843 I0.0197 J0.
N14905 X-0.6496 Z-0.5866 I-0.0197 J0.
N14910 X-0.6102 Z-0.589 I0.0197 J0.
N14915 X-0.6496 Z-0.5913 I-0.0197 J0.
N14920 X-0.6102 Z-0.5937 I0.0197 J0.
N14925 X-0.6496 Z-0.5961 I-0.0197 J0.
N14930 X-0.6102 Z-0.5984 I0.0197 J0.
N14935 X-0.6496 Z-0.6008 I-0.0197 J0.
N14940 X-0.6102 Z-0.6031 I0.0197 J0.
N14945 X-0.6496 Z-0.6055 I-0.0197 J0.
N14950 X-0.6102 Z-0.6079 I0.0197 J0.
N14955 X-0.6496 Z-0.6102 I-0.0197 J0.
N14960 X-0.6102 Z-0.6126 I0.0197 J0.
N14965 X-0.6496 Z-0.615 I-0.0197 J0.
N14970 X-0.6102 Z-0.6173 I0.0197 J0.
N14975 X-0.6496 Z-0.6197 I-0.0197 J0.
N14980 X-0.6102 Z-0.622 I0.0197 J0.
N14985 X-0.6496 Z-0.6244 I-0.0197 J0.
N14990 X-0.6102 Z-0.6268 I0.0197 J0.
N14995 X-0.6496 Z-0.6291 I-0.0197 J0.
N15000 X-0.6102 Z-0.6315 I0.0197 J0.
N15005 X-0.6496 Z-0.6339 I-0.0197 J0.
N15010 X-0.6102 Z-0.6362 I0.0197 J0.
N15015 X-0.6496 Z-0.6386 I-0.0197 J0.
N15020 X-0.6299 Y0.6004 Z-0.6398 I0.0197 J0.
N15025 Y0.6398 I0. J0.0197
N15030 Y0.6004 I0. J-0.0197
N15035 X-0.622 Y0.6083 I0. J0.0079
N15040 G1 Y0.6161
N15045 G19 G3 Y0.624 Z-0.6319 J0. K0.0079
N15050 G1 Z0.1969
N15055 X-0.6339 Y0.1923
N15060 Z0.1181
N15065 Z0.0472
N15070 G18 G2 X-0.626 Z0.0394 I0.0079 K0.
N15075 G1 X-0.6181
N15080 G17 G3 X-0.6102 Y0.2001 I0. J0.0079
N15085 X-0.6496 Z0.037 I-0.0197 J0.
N15090 X-0.6102 Z0.0346 I0.0197 J0.
N15095 X-0.6496 Z0.0323 I-0.0197 J0.
N15100 X-0.6102 Z0.0299 I0.0197 J0.
N15105 X-0.6496 Z0.0276 I-0.0197 J0.
N15110 X-0.6102 Z0.0252 I0.0197 J0.
N15115 X-0.6496 Z0.0228 I-0.0197 J0.
N15120 X-0.6102 Z0.0205 I0.0197 J0.
N15125 X-0.6496 Z0.0181 I-0.0197 J0.
N15130 X-0.6102 Z0.0157 I0.0197 J0.
N15135 X-0.6496 Z0.0134 I-0.0197 J0.
N15140 X-0.6102 Z0.011 I0.0197 J0.
N15145 X-0.6496 Z0.0087 I-0.0197 J0.
N15150 X-0.6102 Z0.0063 I0.0197 J0.
N15155 X-0.6496 Z0.0039 I-0.0197 J0.
N15160 X-0.6102 Z0.0016 I0.0197 J0.
N15165 X-0.6496 Z-0.0008 I-0.0197 J0.
N15170 X-0.6102 Z-0.0031 I0.0197 J0.
N15175 X-0.6496 Z-0.0055 I-0.0197 J0.
N15180 X-0.6102 Z-0.0079 I0.0197 J0.
N15185 X-0.6496 Z-0.0102 I-0.0197 J0.
N15190 X-0.6102 Z-0.0126 I0.0197 J0.
N15195 X-0.6496 Z-0.015 I-0.0197 J0.
N15200 X-0.6102 Z-0.0173 I0.0197 J0.
N15205 X-0.6496 Z-0.0197 I-0.0197 J0.
N15210 X-0.6102 Z-0.022 I0.0197 J0.
N15215 X-0.6496 Z-0.0244 I-0.0197 J0.
N15220 X-0.6102 Z-0.0268 I0.0197 J0.
N15225 X-0.6496 Z-0.0291 I-0.0197 J0.
N15230 X-0.6102 Z-0.0315 I0.0197 J0.
N15235 X-0.6496 Z-0.0339 I-0.0197 J0.
N15240 X-0.6102 Z-0.0362 I0.0197 J0.
N15245 X-0.6496 Z-0.0386 I-0.0197 J0.
N15250 X-0.6102 Z-0.0409 I0.0197 J0.
N15255 X-0.6496 Z-0.0433 I-0.0197 J0.
N15260 X-0.6102 Z-0.0457 I0.0197 J0.
N15265 X-0.6496 Z-0.048 I-0.0197 J0.
N15270 X-0.6102 Z-0.0504 I0.0197 J0.
N15275 X-0.6496 Z-0.0528 I-0.0197 J0.
N15280 X-0.6102 Z-0.0551 I0.0197 J0.
N15285 X-0.6496 Z-0.0575 I-0.0197 J0.
N15290 X-0.6102 Z-0.0598 I0.0197 J0.
N15295 X-0.6496 Z-0.0622 I-0.0197 J0.
N15300 X-0.6102 Z-0.0646 I0.0197 J0.
N15305 X-0.6496 Z-0.0669 I-0.0197 J0.
N15310 X-0.6102 Z-0.0693 I0.0197 J0.
N15315 X-0.6496 Z-0.0717 I-0.0197 J0.
N15320 X-0.6102 Z-0.074 I0.0197 J0.
N15325 X-0.6496 Z-0.0764 I-0.0197 J0.
N15330 X-0.6102 Z-0.0787 I0.0197 J0.
N15335 X-0.6496 Z-0.0811 I-0.0197 J0.
N15340 X-0.6102 Z-0.0835 I0.0197 J0.
N15345 X-0.6496 Z-0.0858 I-0.0197 J0.
N15350 X-0.6102 Z-0.0882 I0.0197 J0.
N15355 X-0.6496 Z-0.0906 I-0.0197 J0.
N15360 X-0.6102 Z-0.0929 I0.0197 J0.
N15365 X-0.6496 Z-0.0953 I-0.0197 J0.
N15370 X-0.6102 Z-0.0976 I0.0197 J0.
N15375 X-0.6496 Z-0.1 I-0.0197 J0.
N15380 X-0.6102 Z-0.1024 I0.0197 J0.
N15385 X-0.6496 Z-0.1047 I-0.0197 J0.
N15390 X-0.6102 Z-0.1071 I0.0197 J0.
N15395 X-0.6496 Z-0.1094 I-0.0197 J0.
N15400 X-0.6102 Z-0.1118 I0.0197 J0.
N15405 X-0.6496 Z-0.1142 I-0.0197 J0.
N15410 X-0.6102 Z-0.1165 I0.0197 J0.
N15415 X-0.6496 Z-0.1189 I-0.0197 J0.
N15420 X-0.6102 Z-0.1213 I0.0197 J0.
N15425 X-0.6496 Z-0.1236 I-0.0197 J0.
N15430 X-0.6102 Z-0.126 I0.0197 J0.
N15435 X-0.6496 Z-0.1283 I-0.0197 J0.
N15440 X-0.6102 Z-0.1307 I0.0197 J0.
N15445 X-0.6496 Z-0.1331 I-0.0197 J0.
N15450 X-0.6102 Z-0.1354 I0.0197 J0.
N15455 X-0.6496 Z-0.1378 I-0.0197 J0.
N15460 X-0.6102 Z-0.1402 I0.0197 J0.
N15465 X-0.6496 Z-0.1425 I-0.0197 J0.
N15470 X-0.6102 Z-0.1449 I0.0197 J0.
N15475 X-0.6496 Z-0.1472 I-0.0197 J0.
N15480 X-0.6102 Z-0.1496 I0.0197 J0.
N15485 X-0.6496 Z-0.152 I-0.0197 J0.
N15490 X-0.6102 Z-0.1543 I0.0197 J0.
N15495 X-0.6496 Z-0.1567 I-0.0197 J0.
N15500 X-0.6102 Z-0.1591 I0.0197 J0.
N15505 X-0.6496 Z-0.1614 I-0.0197 J0.
N15510 X-0.6102 Z-0.1638 I0.0197 J0.
N15515 X-0.6496 Z-0.1661 I-0.0197 J0.
N15520 X-0.6102 Z-0.1685 I0.0197 J0.
N15525 X-0.6496 Z-0.1709 I-0.0197 J0.
N15530 X-0.6102 Z-0.1732 I0.0197 J0.
N15535 X-0.6496 Z-0.1756 I-0.0197 J0.
N15540 X-0.6102 Z-0.178 I0.0197 J0.
N15545 X-0.6496 Z-0.1803 I-0.0197 J0.
N15550 X-0.6102 Z-0.1827 I0.0197 J0.
N15555 X-0.6496 Z-0.185 I-0.0197 J0.
N15560 X-0.6102 Z-0.1874 I0.0197 J0.
N15565 X-0.6496 Z-0.1898 I-0.0197 J0.
N15570 X-0.6102 Z-0.1921 I0.0197 J0.
N15575 X-0.6496 Z-0.1945 I-0.0197 J0.
N15580 X-0.6102 Z-0.1969 I0.0197 J0.
N15585 X-0.6496 Z-0.1992 I-0.0197 J0.
N15590 X-0.6102 Z-0.2016 I0.0197 J0.
N15595 X-0.6496 Z-0.2039 I-0.0197 J0.
N15600 X-0.6102 Z-0.2063 I0.0197 J0.
N15605 X-0.6496 Z-0.2087 I-0.0197 J0.
N15610 X-0.6102 Z-0.211 I0.0197 J0.
N15615 X-0.6496 Z-0.2134 I-0.0197 J0.
N15620 X-0.6102 Z-0.2157 I0.0197 J0.
N15625 X-0.6496 Z-0.2181 I-0.0197 J0.
N15630 X-0.6102 Z-0.2205 I0.0197 J0.
N15635 X-0.6496 Z-0.2228 I-0.0197 J0.
N15640 X-0.6102 Z-0.2252 I0.0197 J0.
N15645 X-0.6496 Z-0.2276 I-0.0197 J0.
N15650 X-0.6102 Z-0.2299 I0.0197 J0.
N15655 X-0.6496 Z-0.2323 I-0.0197 J0.
N15660 X-0.6102 Z-0.2346 I0.0197 J0.
N15665 X-0.6496 Z-0.237 I-0.0197 J0.
N15670 X-0.6102 Z-0.2394 I0.0197 J0.
N15675 X-0.6496 Z-0.2417 I-0.0197 J0.
N15680 X-0.6102 Z-0.2441 I0.0197 J0.
N15685 X-0.6496 Z-0.2465 I-0.0197 J0.
N15690 X-0.6102 Z-0.2488 I0.0197 J0.
N15695 X-0.6496 Z-0.2512 I-0.0197 J0.
N15700 X-0.6102 Z-0.2535 I0.0197 J0.
N15705 X-0.6496 Z-0.2559 I-0.0197 J0.
N15710 X-0.6102 Z-0.2583 I0.0197 J0.
N15715 X-0.6496 Z-0.2606 I-0.0197 J0.
N15720 X-0.6102 Z-0.263 I0.0197 J0.
N15725 X-0.6496 Z-0.2654 I-0.0197 J0.
N15730 X-0.6102 Z-0.2677 I0.0197 J0.
N15735 X-0.6496 Z-0.2701 I-0.0197 J0.
N15740 X-0.6102 Z-0.2724 I0.0197 J0.
N15745 X-0.6496 Z-0.2748 I-0.0197 J0.
N15750 X-0.6102 Z-0.2772 I0.0197 J0.
N15755 X-0.6496 Z-0.2795 I-0.0197 J0.
N15760 X-0.6102 Z-0.2819 I0.0197 J0.
N15765 X-0.6496 Z-0.2843 I-0.0197 J0.
N15770 X-0.6102 Z-0.2866 I0.0197 J0.
N15775 X-0.6496 Z-0.289 I-0.0197 J0.
N15780 X-0.6102 Z-0.2913 I0.0197 J0.
N15785 X-0.6496 Z-0.2937 I-0.0197 J0.
N15790 X-0.6102 Z-0.2961 I0.0197 J0.
N15795 X-0.6496 Z-0.2984 I-0.0197 J0.
N15800 X-0.6102 Z-0.3008 I0.0197 J0.
N15805 X-0.6496 Z-0.3031 I-0.0197 J0.
N15810 X-0.6102 Z-0.3055 I0.0197 J0.
N15815 X-0.6496 Z-0.3079 I-0.0197 J0.
N15820 X-0.6102 Z-0.3102 I0.0197 J0.
N15825 X-0.6496 Z-0.3126 I-0.0197 J0.
N15830 X-0.6102 Z-0.315 I0.0197 J0.
N15835 X-0.6496 Z-0.3173 I-0.0197 J0.
N15840 X-0.6102 Z-0.3197 I0.0197 J0.
N15845 X-0.6496 Z-0.322 I-0.0197 J0.
N15850 X-0.6102 Z-0.3244 I0.0197 J0.
N15855 X-0.6496 Z-0.3268 I-0.0197 J0.
N15860 X-0.6102 Z-0.3291 I0.0197 J0.
N15865 X-0.6496 Z-0.3315 I-0.0197 J0.
N15870 X-0.6102 Z-0.3339 I0.0197 J0.
N15875 X-0.6496 Z-0.3362 I-0.0197 J0.
N15880 X-0.6102 Z-0.3386 I0.0197 J0.
N15885 X-0.6496 Z-0.3409 I-0.0197 J0.
N15890 X-0.6102 Z-0.3433 I0.0197 J0.
N15895 X-0.6496 Z-0.3457 I-0.0197 J0.
N15900 X-0.6102 Z-0.348 I0.0197 J0.
N15905 X-0.6496 Z-0.3504 I-0.0197 J0.
N15910 X-0.6102 Z-0.3528 I0.0197 J0.
N15915 X-0.6496 Z-0.3551 I-0.0197 J0.
N15920 X-0.6102 Z-0.3575 I0.0197 J0.
N15925 X-0.6496 Z-0.3598 I-0.0197 J0.
N15930 X-0.6102 Z-0.3622 I0.0197 J0.
N15935 X-0.6496 Z-0.3646 I-0.0197 J0.
N15940 X-0.6102 Z-0.3669 I0.0197 J0.
N15945 X-0.6496 Z-0.3693 I-0.0197 J0.
N15950 X-0.6102 Z-0.3717 I0.0197 J0.
N15955 X-0.6496 Z-0.374 I-0.0197 J0.
N15960 X-0.6102 Z-0.3764 I0.0197 J0.
N15965 X-0.6496 Z-0.3787 I-0.0197 J0.
N15970 X-0.6102 Z-0.3811 I0.0197 J0.
N15975 X-0.6496 Z-0.3835 I-0.0197 J0.
N15980 X-0.6102 Z-0.3858 I0.0197 J0.
N15985 X-0.6496 Z-0.3882 I-0.0197 J0.
N15990 X-0.6102 Z-0.3906 I0.0197 J0.
N15995 X-0.6496 Z-0.3929 I-0.0197 J0.
N16000 X-0.6102 Z-0.3953 I0.0197 J0.
N16005 X-0.6496 Z-0.3976 I-0.0197 J0.
N16010 X-0.6102 Z-0.4 I0.0197 J0.
N16015 X-0.6496 Z-0.4024 I-0.0197 J0.
N16020 X-0.6102 Z-0.4047 I0.0197 J0.
N16025 X-0.6496 Z-0.4071 I-0.0197 J0.
N16030 X-0.6102 Z-0.4094 I0.0197 J0.
N16035 X-0.6496 Z-0.4118 I-0.0197 J0.
N16040 X-0.6102 Z-0.4142 I0.0197 J0.
N16045 X-0.6496 Z-0.4165 I-0.0197 J0.
N16050 X-0.6102 Z-0.4189 I0.0197 J0.
N16055 X-0.6496 Z-0.4213 I-0.0197 J0.
N16060 X-0.6102 Z-0.4236 I0.0197 J0.
N16065 X-0.6496 Z-0.426 I-0.0197 J0.
N16070 X-0.6102 Z-0.4283 I0.0197 J0.
N16075 X-0.6496 Z-0.4307 I-0.0197 J0.
N16080 X-0.6102 Z-0.4331 I0.0197 J0.
N16085 X-0.6496 Z-0.4354 I-0.0197 J0.
N16090 X-0.6102 Z-0.4378 I0.0197 J0.
N16095 X-0.6496 Z-0.4402 I-0.0197 J0.
N16100 X-0.6102 Z-0.4425 I0.0197 J0.
N16105 X-0.6496 Z-0.4449 I-0.0197 J0.
N16110 X-0.6102 Z-0.4472 I0.0197 J0.
N16115 X-0.6496 Z-0.4496 I-0.0197 J0.
N16120 X-0.6102 Z-0.452 I0.0197 J0.
N16125 X-0.6496 Z-0.4543 I-0.0197 J0.
N16130 X-0.6102 Z-0.4567 I0.0197 J0.
N16135 X-0.6496 Z-0.4591 I-0.0197 J0.
N16140 X-0.6102 Z-0.4614 I0.0197 J0.
N16145 X-0.6496 Z-0.4638 I-0.0197 J0.
N16150 X-0.6102 Z-0.4661 I0.0197 J0.
N16155 X-0.6496 Z-0.4685 I-0.0197 J0.
N16160 X-0.6102 Z-0.4709 I0.0197 J0.
N16165 X-0.6496 Z-0.4732 I-0.0197 J0.
N16170 X-0.6102 Z-0.4756 I0.0197 J0.
N16175 X-0.6496 Z-0.478 I-0.0197 J0.
N16180 X-0.6102 Z-0.4803 I0.0197 J0.
N16185 X-0.6496 Z-0.4827 I-0.0197 J0.
N16190 X-0.6102 Z-0.485 I0.0197 J0.
N16195 X-0.6496 Z-0.4874 I-0.0197 J0.
N16200 X-0.6102 Z-0.4898 I0.0197 J0.
N16205 X-0.6496 Z-0.4921 I-0.0197 J0.
N16210 X-0.6102 Z-0.4945 I0.0197 J0.
N16215 X-0.6496 Z-0.4969 I-0.0197 J0.
N16220 X-0.6102 Z-0.4992 I0.0197 J0.
N16225 X-0.6496 Z-0.5016 I-0.0197 J0.
N16230 X-0.6102 Z-0.5039 I0.0197 J0.
N16235 X-0.6496 Z-0.5063 I-0.0197 J0.
N16240 X-0.6102 Z-0.5087 I0.0197 J0.
N16245 X-0.6496 Z-0.511 I-0.0197 J0.
N16250 X-0.6102 Z-0.5134 I0.0197 J0.
N16255 X-0.6496 Z-0.5157 I-0.0197 J0.
N16260 X-0.6102 Z-0.5181 I0.0197 J0.
N16265 X-0.6496 Z-0.5205 I-0.0197 J0.
N16270 X-0.6102 Z-0.5228 I0.0197 J0.
N16275 X-0.6496 Z-0.5252 I-0.0197 J0.
N16280 X-0.6102 Z-0.5276 I0.0197 J0.
N16285 X-0.6496 Z-0.5299 I-0.0197 J0.
N16290 X-0.6102 Z-0.5323 I0.0197 J0.
N16295 X-0.6496 Z-0.5346 I-0.0197 J0.
N16300 X-0.6102 Z-0.537 I0.0197 J0.
N16305 X-0.6496 Z-0.5394 I-0.0197 J0.
N16310 X-0.6102 Z-0.5417 I0.0197 J0.
N16315 X-0.6496 Z-0.5441 I-0.0197 J0.
N16320 X-0.6102 Z-0.5465 I0.0197 J0.
N16325 X-0.6496 Z-0.5488 I-0.0197 J0.
N16330 X-0.6102 Z-0.5512 I0.0197 J0.
N16335 X-0.6496 Z-0.5535 I-0.0197 J0.
N16340 X-0.6102 Z-0.5559 I0.0197 J0.
N16345 X-0.6496 Z-0.5583 I-0.0197 J0.
N16350 X-0.6102 Z-0.5606 I0.0197 J0.
N16355 X-0.6496 Z-0.563 I-0.0197 J0.
N16360 X-0.6102 Z-0.5654 I0.0197 J0.
N16365 X-0.6496 Z-0.5677 I-0.0197 J0.
N16370 X-0.6102 Z-0.5701 I0.0197 J0.
N16375 X-0.6496 Z-0.5724 I-0.0197 J0.
N16380 X-0.6102 Z-0.5748 I0.0197 J0.
N16385 X-0.6496 Z-0.5772 I-0.0197 J0.
N16390 X-0.6102 Z-0.5795 I0.0197 J0.
N16395 X-0.6496 Z-0.5819 I-0.0197 J0.
N16400 X-0.6102 Z-0.5843 I0.0197 J0.
N16405 X-0.6496 Z-0.5866 I-0.0197 J0.
N16410 X-0.6102 Z-0.589 I0.0197 J0.
N16415 X-0.6496 Z-0.5913 I-0.0197 J0.
N16420 X-0.6102 Z-0.5937 I0.0197 J0.
N16425 X-0.6496 Z-0.5961 I-0.0197 J0.
N16430 X-0.6102 Z-0.5984 I0.0197 J0.
N16435 X-0.6496 Z-0.6008 I-0.0197 J0.
N16440 X-0.6102 Z-0.6031 I0.0197 J0.
N16445 X-0.6496 Z-0.6055 I-0.0197 J0.
N16450 X-0.6102 Z-0.6079 I0.0197 J0.
N16455 X-0.6496 Z-0.6102 I-0.0197 J0.
N16460 X-0.6102 Z-0.6126 I0.0197 J0.
N16465 X-0.6496 Z-0.615 I-0.0197 J0.
N16470 X-0.6102 Z-0.6173 I0.0197 J0.
N16475 X-0.6496 Z-0.6197 I-0.0197 J0.
N16480 X-0.6102 Z-0.622 I0.0197 J0.
N16485 X-0.6496 Z-0.6244 I-0.0197 J0.
N16490 X-0.6102 Z-0.6268 I0.0197 J0.
N16495 X-0.6496 Z-0.6291 I-0.0197 J0.
N16500 X-0.6102 Z-0.6315 I0.0197 J0.
N16505 X-0.6496 Z-0.6339 I-0.0197 J0.
N16510 X-0.6102 Z-0.6362 I0.0197 J0.
N16515 X-0.6496 Z-0.6386 I-0.0197 J0.
N16520 X-0.6299 Y0.1804 Z-0.6398 I0.0197 J0.
N16525 Y0.2198 I0. J0.0197
N16530 Y0.1804 I0. J-0.0197
N16535 X-0.622 Y0.1883 I0. J0.0079
N16540 G1 Y0.1962
N16545 G19 G3 Y0.2041 Z-0.6319 J0. K0.0079
N16550 G1 Z0.1969
N16555 X-0.6339 Y0.1923
N16560 Z0.1181
N16565 Z0.0472
N16570 G18 G2 X-0.626 Z0.0394 I0.0079 K0.
N16575 G1 X-0.6181
N16580 G17 G3 X-0.6102 Y0.2001 I0. J0.0079
N16585 X-0.6496 Z0.037 I-0.0197 J0.
N16590 X-0.6102 Z0.0346 I0.0197 J0.
N16595 X-0.6496 Z0.0323 I-0.0197 J0.
N16600 X-0.6102 Z0.0299 I0.0197 J0.
N16605 X-0.6496 Z0.0276 I-0.0197 J0.
N16610 X-0.6102 Z0.0252 I0.0197 J0.
N16615 X-0.6496 Z0.0228 I-0.0197 J0.
N16620 X-0.6102 Z0.0205 I0.0197 J0.
N16625 X-0.6496 Z0.0181 I-0.0197 J0.
N16630 X-0.6102 Z0.0157 I0.0197 J0.
N16635 X-0.6496 Z0.0134 I-0.0197 J0.
N16640 X-0.6102 Z0.011 I0.0197 J0.
N16645 X-0.6496 Z0.0087 I-0.0197 J0.
N16650 X-0.6102 Z0.0063 I0.0197 J0.
N16655 X-0.6496 Z0.0039 I-0.0197 J0.
N16660 X-0.6102 Z0.0016 I0.0197 J0.
N16665 X-0.6496 Z-0.0008 I-0.0197 J0.
N16670 X-0.6102 Z-0.0031 I0.0197 J0.
N16675 X-0.6496 Z-0.0055 I-0.0197 J0.
N16680 X-0.6102 Z-0.0079 I0.0197 J0.
N16685 X-0.6496 Z-0.0102 I-0.0197 J0.
N16690 X-0.6102 Z-0.0126 I0.0197 J0.
N16695 X-0.6496 Z-0.015 I-0.0197 J0.
N16700 X-0.6102 Z-0.0173 I0.0197 J0.
N16705 X-0.6496 Z-0.0197 I-0.0197 J0.
N16710 X-0.6102 Z-0.022 I0.0197 J0.
N16715 X-0.6496 Z-0.0244 I-0.0197 J0.
N16720 X-0.6102 Z-0.0268 I0.0197 J0.
N16725 X-0.6496 Z-0.0291 I-0.0197 J0.
N16730 X-0.6102 Z-0.0315 I0.0197 J0.
N16735 X-0.6496 Z-0.0339 I-0.0197 J0.
N16740 X-0.6102 Z-0.0362 I0.0197 J0.
N16745 X-0.6496 Z-0.0386 I-0.0197 J0.
N16750 X-0.6102 Z-0.0409 I0.0197 J0.
N16755 X-0.6496 Z-0.0433 I-0.0197 J0.
N16760 X-0.6102 Z-0.0457 I0.0197 J0.
N16765 X-0.6496 Z-0.048 I-0.0197 J0.
N16770 X-0.6102 Z-0.0504 I0.0197 J0.
N16775 X-0.6496 Z-0.0528 I-0.0197 J0.
N16780 X-0.6102 Z-0.0551 I0.0197 J0.
N16785 X-0.6496 Z-0.0575 I-0.0197 J0.
N16790 X-0.6102 Z-0.0598 I0.0197 J0.
N16795 X-0.6496 Z-0.0622 I-0.0197 J0.
N16800 X-0.6102 Z-0.0646 I0.0197 J0.
N16805 X-0.6496 Z-0.0669 I-0.0197 J0.
N16810 X-0.6102 Z-0.0693 I0.0197 J0.
N16815 X-0.6496 Z-0.0717 I-0.0197 J0.
N16820 X-0.6102 Z-0.074 I0.0197 J0.
N16825 X-0.6496 Z-0.0764 I-0.0197 J0.
N16830 X-0.6102 Z-0.0787 I0.0197 J0.
N16835 X-0.6496 Z-0.0811 I-0.0197 J0.
N16840 X-0.6102 Z-0.0835 I0.0197 J0.
N16845 X-0.6496 Z-0.0858 I-0.0197 J0.
N16850 X-0.6102 Z-0.0882 I0.0197 J0.
N16855 X-0.6496 Z-0.0906 I-0.0197 J0.
N16860 X-0.6102 Z-0.0929 I0.0197 J0.
N16865 X-0.6496 Z-0.0953 I-0.0197 J0.
N16870 X-0.6102 Z-0.0976 I0.0197 J0.
N16875 X-0.6496 Z-0.1 I-0.0197 J0.
N16880 X-0.6102 Z-0.1024 I0.0197 J0.
N16885 X-0.6496 Z-0.1047 I-0.0197 J0.
N16890 X-0.6102 Z-0.1071 I0.0197 J0.
N16895 X-0.6496 Z-0.1094 I-0.0197 J0.
N16900 X-0.6102 Z-0.1118 I0.0197 J0.
N16905 X-0.6496 Z-0.1142 I-0.0197 J0.
N16910 X-0.6102 Z-0.1165 I0.0197 J0.
N16915 X-0.6496 Z-0.1189 I-0.0197 J0.
N16920 X-0.6102 Z-0.1213 I0.0197 J0.
N16925 X-0.6496 Z-0.1236 I-0.0197 J0.
N16930 X-0.6102 Z-0.126 I0.0197 J0.
N16935 X-0.6496 Z-0.1283 I-0.0197 J0.
N16940 X-0.6102 Z-0.1307 I0.0197 J0.
N16945 X-0.6496 Z-0.1331 I-0.0197 J0.
N16950 X-0.6102 Z-0.1354 I0.0197 J0.
N16955 X-0.6496 Z-0.1378 I-0.0197 J0.
N16960 X-0.6102 Z-0.1402 I0.0197 J0.
N16965 X-0.6496 Z-0.1425 I-0.0197 J0.
N16970 X-0.6102 Z-0.1449 I0.0197 J0.
N16975 X-0.6496 Z-0.1472 I-0.0197 J0.
N16980 X-0.6102 Z-0.1496 I0.0197 J0.
N16985 X-0.6496 Z-0.152 I-0.0197 J0.
N16990 X-0.6102 Z-0.1543 I0.0197 J0.
N16995 X-0.6496 Z-0.1567 I-0.0197 J0.
N17000 X-0.6102 Z-0.1591 I0.0197 J0.
N17005 X-0.6496 Z-0.1614 I-0.0197 J0.
N17010 X-0.6102 Z-0.1638 I0.0197 J0.
N17015 X-0.6496 Z-0.1661 I-0.0197 J0.
N17020 X-0.6102 Z-0.1685 I0.0197 J0.
N17025 X-0.6496 Z-0.1709 I-0.0197 J0.
N17030 X-0.6102 Z-0.1732 I0.0197 J0.
N17035 X-0.6496 Z-0.1756 I-0.0197 J0.
N17040 X-0.6102 Z-0.178 I0.0197 J0.
N17045 X-0.6496 Z-0.1803 I-0.0197 J0.
N17050 X-0.6102 Z-0.1827 I0.0197 J0.
N17055 X-0.6496 Z-0.185 I-0.0197 J0.
N17060 X-0.6102 Z-0.1874 I0.0197 J0.
N17065 X-0.6496 Z-0.1898 I-0.0197 J0.
N17070 X-0.6102 Z-0.1921 I0.0197 J0.
N17075 X-0.6496 Z-0.1945 I-0.0197 J0.
N17080 X-0.6102 Z-0.1969 I0.0197 J0.
N17085 X-0.6496 Z-0.1992 I-0.0197 J0.
N17090 X-0.6102 Z-0.2016 I0.0197 J0.
N17095 X-0.6496 Z-0.2039 I-0.0197 J0.
N17100 X-0.6102 Z-0.2063 I0.0197 J0.
N17105 X-0.6496 Z-0.2087 I-0.0197 J0.
N17110 X-0.6102 Z-0.211 I0.0197 J0.
N17115 X-0.6496 Z-0.2134 I-0.0197 J0.
N17120 X-0.6102 Z-0.2157 I0.0197 J0.
N17125 X-0.6496 Z-0.2181 I-0.0197 J0.
N17130 X-0.6102 Z-0.2205 I0.0197 J0.
N17135 X-0.6496 Z-0.2228 I-0.0197 J0.
N17140 X-0.6102 Z-0.2252 I0.0197 J0.
N17145 X-0.6496 Z-0.2276 I-0.0197 J0.
N17150 X-0.6102 Z-0.2299 I0.0197 J0.
N17155 X-0.6496 Z-0.2323 I-0.0197 J0.
N17160 X-0.6102 Z-0.2346 I0.0197 J0.
N17165 X-0.6496 Z-0.237 I-0.0197 J0.
N17170 X-0.6102 Z-0.2394 I0.0197 J0.
N17175 X-0.6496 Z-0.2417 I-0.0197 J0.
N17180 X-0.6102 Z-0.2441 I0.0197 J0.
N17185 X-0.6496 Z-0.2465 I-0.0197 J0.
N17190 X-0.6102 Z-0.2488 I0.0197 J0.
N17195 X-0.6496 Z-0.2512 I-0.0197 J0.
N17200 X-0.6102 Z-0.2535 I0.0197 J0.
N17205 X-0.6496 Z-0.2559 I-0.0197 J0.
N17210 X-0.6102 Z-0.2583 I0.0197 J0.
N17215 X-0.6496 Z-0.2606 I-0.0197 J0.
N17220 X-0.6102 Z-0.263 I0.0197 J0.
N17225 X-0.6496 Z-0.2654 I-0.0197 J0.
N17230 X-0.6102 Z-0.2677 I0.0197 J0.
N17235 X-0.6496 Z-0.2701 I-0.0197 J0.
N17240 X-0.6102 Z-0.2724 I0.0197 J0.
N17245 X-0.6496 Z-0.2748 I-0.0197 J0.
N17250 X-0.6102 Z-0.2772 I0.0197 J0.
N17255 X-0.6496 Z-0.2795 I-0.0197 J0.
N17260 X-0.6102 Z-0.2819 I0.0197 J0.
N17265 X-0.6496 Z-0.2843 I-0.0197 J0.
N17270 X-0.6102 Z-0.2866 I0.0197 J0.
N17275 X-0.6496 Z-0.289 I-0.0197 J0.
N17280 X-0.6102 Z-0.2913 I0.0197 J0.
N17285 X-0.6496 Z-0.2937 I-0.0197 J0.
N17290 X-0.6102 Z-0.2961 I0.0197 J0.
N17295 X-0.6496 Z-0.2984 I-0.0197 J0.
N17300 X-0.6102 Z-0.3008 I0.0197 J0.
N17305 X-0.6496 Z-0.3031 I-0.0197 J0.
N17310 X-0.6102 Z-0.3055 I0.0197 J0.
N17315 X-0.6496 Z-0.3079 I-0.0197 J0.
N17320 X-0.6102 Z-0.3102 I0.0197 J0.
N17325 X-0.6496 Z-0.3126 I-0.0197 J0.
N17330 X-0.6102 Z-0.315 I0.0197 J0.
N17335 X-0.6496 Z-0.3173 I-0.0197 J0.
N17340 X-0.6102 Z-0.3197 I0.0197 J0.
N17345 X-0.6496 Z-0.322 I-0.0197 J0.
N17350 X-0.6102 Z-0.3244 I0.0197 J0.
N17355 X-0.6496 Z-0.3268 I-0.0197 J0.
N17360 X-0.6102 Z-0.3291 I0.0197 J0.
N17365 X-0.6496 Z-0.3315 I-0.0197 J0.
N17370 X-0.6102 Z-0.3339 I0.0197 J0.
N17375 X-0.6496 Z-0.3362 I-0.0197 J0.
N17380 X-0.6102 Z-0.3386 I0.0197 J0.
N17385 X-0.6496 Z-0.3409 I-0.0197 J0.
N17390 X-0.6102 Z-0.3433 I0.0197 J0.
N17395 X-0.6496 Z-0.3457 I-0.0197 J0.
N17400 X-0.6102 Z-0.348 I0.0197 J0.
N17405 X-0.6496 Z-0.3504 I-0.0197 J0.
N17410 X-0.6102 Z-0.3528 I0.0197 J0.
N17415 X-0.6496 Z-0.3551 I-0.0197 J0.
N17420 X-0.6102 Z-0.3575 I0.0197 J0.
N17425 X-0.6496 Z-0.3598 I-0.0197 J0.
N17430 X-0.6102 Z-0.3622 I0.0197 J0.
N17435 X-0.6496 Z-0.3646 I-0.0197 J0.
N17440 X-0.6102 Z-0.3669 I0.0197 J0.
N17445 X-0.6496 Z-0.3693 I-0.0197 J0.
N17450 X-0.6102 Z-0.3717 I0.0197 J0.
N17455 X-0.6496 Z-0.374 I-0.0197 J0.
N17460 X-0.6102 Z-0.3764 I0.0197 J0.
N17465 X-0.6496 Z-0.3787 I-0.0197 J0.
N17470 X-0.6102 Z-0.3811 I0.0197 J0.
N17475 X-0.6496 Z-0.3835 I-0.0197 J0.
N17480 X-0.6102 Z-0.3858 I0.0197 J0.
N17485 X-0.6496 Z-0.3882 I-0.0197 J0.
N17490 X-0.6102 Z-0.3906 I0.0197 J0.
N17495 X-0.6496 Z-0.3929 I-0.0197 J0.
N17500 X-0.6102 Z-0.3953 I0.0197 J0.
N17505 X-0.6496 Z-0.3976 I-0.0197 J0.
N17510 X-0.6102 Z-0.4 I0.0197 J0.
N17515 X-0.6496 Z-0.4024 I-0.0197 J0.
N17520 X-0.6102 Z-0.4047 I0.0197 J0.
N17525 X-0.6496 Z-0.4071 I-0.0197 J0.
N17530 X-0.6102 Z-0.4094 I0.0197 J0.
N17535 X-0.6496 Z-0.4118 I-0.0197 J0.
N17540 X-0.6102 Z-0.4142 I0.0197 J0.
N17545 X-0.6496 Z-0.4165 I-0.0197 J0.
N17550 X-0.6102 Z-0.4189 I0.0197 J0.
N17555 X-0.6496 Z-0.4213 I-0.0197 J0.
N17560 X-0.6102 Z-0.4236 I0.0197 J0.
N17565 X-0.6496 Z-0.426 I-0.0197 J0.
N17570 X-0.6102 Z-0.4283 I0.0197 J0.
N17575 X-0.6496 Z-0.4307 I-0.0197 J0.
N17580 X-0.6102 Z-0.4331 I0.0197 J0.
N17585 X-0.6496 Z-0.4354 I-0.0197 J0.
N17590 X-0.6102 Z-0.4378 I0.0197 J0.
N17595 X-0.6496 Z-0.4402 I-0.0197 J0.
N17600 X-0.6102 Z-0.4425 I0.0197 J0.
N17605 X-0.6496 Z-0.4449 I-0.0197 J0.
N17610 X-0.6102 Z-0.4472 I0.0197 J0.
N17615 X-0.6496 Z-0.4496 I-0.0197 J0.
N17620 X-0.6102 Z-0.452 I0.0197 J0.
N17625 X-0.6496 Z-0.4543 I-0.0197 J0.
N17630 X-0.6102 Z-0.4567 I0.0197 J0.
N17635 X-0.6496 Z-0.4591 I-0.0197 J0.
N17640 X-0.6102 Z-0.4614 I0.0197 J0.
N17645 X-0.6496 Z-0.4638 I-0.0197 J0.
N17650 X-0.6102 Z-0.4661 I0.0197 J0.
N17655 X-0.6496 Z-0.4685 I-0.0197 J0.
N17660 X-0.6102 Z-0.4709 I0.0197 J0.
N17665 X-0.6496 Z-0.4732 I-0.0197 J0.
N17670 X-0.6102 Z-0.4756 I0.0197 J0.
N17675 X-0.6496 Z-0.478 I-0.0197 J0.
N17680 X-0.6102 Z-0.4803 I0.0197 J0.
N17685 X-0.6496 Z-0.4827 I-0.0197 J0.
N17690 X-0.6102 Z-0.485 I0.0197 J0.
N17695 X-0.6496 Z-0.4874 I-0.0197 J0.
N17700 X-0.6102 Z-0.4898 I0.0197 J0.
N17705 X-0.6496 Z-0.4921 I-0.0197 J0.
N17710 X-0.6102 Z-0.4945 I0.0197 J0.
N17715 X-0.6496 Z-0.4969 I-0.0197 J0.
N17720 X-0.6102 Z-0.4992 I0.0197 J0.
N17725 X-0.6496 Z-0.5016 I-0.0197 J0.
N17730 X-0.6102 Z-0.5039 I0.0197 J0.
N17735 X-0.6496 Z-0.5063 I-0.0197 J0.
N17740 X-0.6102 Z-0.5087 I0.0197 J0.
N17745 X-0.6496 Z-0.511 I-0.0197 J0.
N17750 X-0.6102 Z-0.5134 I0.0197 J0.
N17755 X-0.6496 Z-0.5157 I-0.0197 J0.
N17760 X-0.6102 Z-0.5181 I0.0197 J0.
N17765 X-0.6496 Z-0.5205 I-0.0197 J0.
N17770 X-0.6102 Z-0.5228 I0.0197 J0.
N17775 X-0.6496 Z-0.5252 I-0.0197 J0.
N17780 X-0.6102 Z-0.5276 I0.0197 J0.
N17785 X-0.6496 Z-0.5299 I-0.0197 J0.
N17790 X-0.6102 Z-0.5323 I0.0197 J0.
N17795 X-0.6496 Z-0.5346 I-0.0197 J0.
N17800 X-0.6102 Z-0.537 I0.0197 J0.
N17805 X-0.6496 Z-0.5394 I-0.0197 J0.
N17810 X-0.6102 Z-0.5417 I0.0197 J0.
N17815 X-0.6496 Z-0.5441 I-0.0197 J0.
N17820 X-0.6102 Z-0.5465 I0.0197 J0.
N17825 X-0.6496 Z-0.5488 I-0.0197 J0.
N17830 X-0.6102 Z-0.5512 I0.0197 J0.
N17835 X-0.6496 Z-0.5535 I-0.0197 J0.
N17840 X-0.6102 Z-0.5559 I0.0197 J0.
N17845 X-0.6496 Z-0.5583 I-0.0197 J0.
N17850 X-0.6102 Z-0.5606 I0.0197 J0.
N17855 X-0.6496 Z-0.563 I-0.0197 J0.
N17860 X-0.6102 Z-0.5654 I0.0197 J0.
N17865 X-0.6496 Z-0.5677 I-0.0197 J0.
N17870 X-0.6102 Z-0.5701 I0.0197 J0.
N17875 X-0.6496 Z-0.5724 I-0.0197 J0.
N17880 X-0.6102 Z-0.5748 I0.0197 J0.
N17885 X-0.6496 Z-0.5772 I-0.0197 J0.
N17890 X-0.6102 Z-0.5795 I0.0197 J0.
N17895 X-0.6496 Z-0.5819 I-0.0197 J0.
N17900 X-0.6102 Z-0.5843 I0.0197 J0.
N17905 X-0.6496 Z-0.5866 I-0.0197 J0.
N17910 X-0.6102 Z-0.589 I0.0197 J0.
N17915 X-0.6496 Z-0.5913 I-0.0197 J0.
N17920 X-0.6102 Z-0.5937 I0.0197 J0.
N17925 X-0.6496 Z-0.5961 I-0.0197 J0.
N17930 X-0.6102 Z-0.5984 I0.0197 J0.
N17935 X-0.6496 Z-0.6008 I-0.0197 J0.
N17940 X-0.6102 Z-0.6031 I0.0197 J0.
N17945 X-0.6496 Z-0.6055 I-0.0197 J0.
N17950 X-0.6102 Z-0.6079 I0.0197 J0.
N17955 X-0.6496 Z-0.6102 I-0.0197 J0.
N17960 X-0.6102 Z-0.6126 I0.0197 J0.
N17965 X-0.6496 Z-0.615 I-0.0197 J0.
N17970 X-0.6102 Z-0.6173 I0.0197 J0.
N17975 X-0.6496 Z-0.6197 I-0.0197 J0.
N17980 X-0.6102 Z-0.622 I0.0197 J0.
N17985 X-0.6496 Z-0.6244 I-0.0197 J0.
N17990 X-0.6102 Z-0.6268 I0.0197 J0.
N17995 X-0.6496 Z-0.6291 I-0.0197 J0.
N18000 X-0.6102 Z-0.6315 I0.0197 J0.
N18005 X-0.6496 Z-0.6339 I-0.0197 J0.
N18010 X-0.6102 Z-0.6362 I0.0197 J0.
N18015 X-0.6496 Z-0.6386 I-0.0197 J0.
N18020 X-0.6299 Y0.1804 Z-0.6398 I0.0197 J0.
N18025 Y0.2198 I0. J0.0197
N18030 Y0.1804 I0. J-0.0197
N18035 X-0.622 Y0.1883 I0. J0.0079
N18040 G1 Y0.1962
N18045 G19 G3 Y0.2041 Z-0.6319 J0. K0.0079
N18050 G1 Z0.1969
N18055 X-0.6339 Y-0.2277
N18060 Z0.1181
N18065 Z0.0472
N18070 G18 G2 X-0.626 Z0.0394 I0.0079 K0.
N18075 G1 X-0.6181
N18080 G17 G3 X-0.6102 Y-0.2198 I0. J0.0079
N18085 X-0.6496 Z0.037 I-0.0197 J0.
N18090 X-0.6102 Z0.0346 I0.0197 J0.
N18095 X-0.6496 Z0.0323 I-0.0197 J0.
N18100 X-0.6102 Z0.0299 I0.0197 J0.
N18105 X-0.6496 Z0.0276 I-0.0197 J0.
N18110 X-0.6102 Z0.0252 I0.0197 J0.
N18115 X-0.6496 Z0.0228 I-0.0197 J0.
N18120 X-0.6102 Z0.0205 I0.0197 J0.
N18125 X-0.6496 Z0.0181 I-0.0197 J0.
N18130 X-0.6102 Z0.0157 I0.0197 J0.
N18135 X-0.6496 Z0.0134 I-0.0197 J0.
N18140 X-0.6102 Z0.011 I0.0197 J0.
N18145 X-0.6496 Z0.0087 I-0.0197 J0.
N18150 X-0.6102 Z0.0063 I0.0197 J0.
N18155 X-0.6496 Z0.0039 I-0.0197 J0.
N18160 X-0.6102 Z0.0016 I0.0197 J0.
N18165 X-0.6496 Z-0.0008 I-0.0197 J0.
N18170 X-0.6102 Z-0.0031 I0.0197 J0.
N18175 X-0.6496 Z-0.0055 I-0.0197 J0.
N18180 X-0.6102 Z-0.0079 I0.0197 J0.
N18185 X-0.6496 Z-0.0102 I-0.0197 J0.
N18190 X-0.6102 Z-0.0126 I0.0197 J0.
N18195 X-0.6496 Z-0.015 I-0.0197 J0.
N18200 X-0.6102 Z-0.0173 I0.0197 J0.
N18205 X-0.6496 Z-0.0197 I-0.0197 J0.
N18210 X-0.6102 Z-0.022 I0.0197 J0.
N18215 X-0.6496 Z-0.0244 I-0.0197 J0.
N18220 X-0.6102 Z-0.0268 I0.0197 J0.
N18225 X-0.6496 Z-0.0291 I-0.0197 J0.
N18230 X-0.6102 Z-0.0315 I0.0197 J0.
N18235 X-0.6496 Z-0.0339 I-0.0197 J0.
N18240 X-0.6102 Z-0.0362 I0.0197 J0.
N18245 X-0.6496 Z-0.0386 I-0.0197 J0.
N18250 X-0.6102 Z-0.0409 I0.0197 J0.
N18255 X-0.6496 Z-0.0433 I-0.0197 J0.
N18260 X-0.6102 Z-0.0457 I0.0197 J0.
N18265 X-0.6496 Z-0.048 I-0.0197 J0.
N18270 X-0.6102 Z-0.0504 I0.0197 J0.
N18275 X-0.6496 Z-0.0528 I-0.0197 J0.
N18280 X-0.6102 Z-0.0551 I0.0197 J0.
N18285 X-0.6496 Z-0.0575 I-0.0197 J0.
N18290 X-0.6102 Z-0.0598 I0.0197 J0.
N18295 X-0.6496 Z-0.0622 I-0.0197 J0.
N18300 X-0.6102 Z-0.0646 I0.0197 J0.
N18305 X-0.6496 Z-0.0669 I-0.0197 J0.
N18310 X-0.6102 Z-0.0693 I0.0197 J0.
N18315 X-0.6496 Z-0.0717 I-0.0197 J0.
N18320 X-0.6102 Z-0.074 I0.0197 J0.
N18325 X-0.6496 Z-0.0764 I-0.0197 J0.
N18330 X-0.6102 Z-0.0787 I0.0197 J0.
N18335 X-0.6496 Z-0.0811 I-0.0197 J0.
N18340 X-0.6102 Z-0.0835 I0.0197 J0.
N18345 X-0.6496 Z-0.0858 I-0.0197 J0.
N18350 X-0.6102 Z-0.0882 I0.0197 J0.
N18355 X-0.6496 Z-0.0906 I-0.0197 J0.
N18360 X-0.6102 Z-0.0929 I0.0197 J0.
N18365 X-0.6496 Z-0.0953 I-0.0197 J0.
N18370 X-0.6102 Z-0.0976 I0.0197 J0.
N18375 X-0.6496 Z-0.1 I-0.0197 J0.
N18380 X-0.6102 Z-0.1024 I0.0197 J0.
N18385 X-0.6496 Z-0.1047 I-0.0197 J0.
N18390 X-0.6102 Z-0.1071 I0.0197 J0.
N18395 X-0.6496 Z-0.1094 I-0.0197 J0.
N18400 X-0.6102 Z-0.1118 I0.0197 J0.
N18405 X-0.6496 Z-0.1142 I-0.0197 J0.
N18410 X-0.6102 Z-0.1165 I0.0197 J0.
N18415 X-0.6496 Z-0.1189 I-0.0197 J0.
N18420 X-0.6102 Z-0.1213 I0.0197 J0.
N18425 X-0.6496 Z-0.1236 I-0.0197 J0.
N18430 X-0.6102 Z-0.126 I0.0197 J0.
N18435 X-0.6496 Z-0.1283 I-0.0197 J0.
N18440 X-0.6102 Z-0.1307 I0.0197 J0.
N18445 X-0.6496 Z-0.1331 I-0.0197 J0.
N18450 X-0.6102 Z-0.1354 I0.0197 J0.
N18455 X-0.6496 Z-0.1378 I-0.0197 J0.
N18460 X-0.6102 Z-0.1402 I0.0197 J0.
N18465 X-0.6496 Z-0.1425 I-0.0197 J0.
N18470 X-0.6102 Z-0.1449 I0.0197 J0.
N18475 X-0.6496 Z-0.1472 I-0.0197 J0.
N18480 X-0.6102 Z-0.1496 I0.0197 J0.
N18485 X-0.6496 Z-0.152 I-0.0197 J0.
N18490 X-0.6102 Z-0.1543 I0.0197 J0.
N18495 X-0.6496 Z-0.1567 I-0.0197 J0.
N18500 X-0.6102 Z-0.1591 I0.0197 J0.
N18505 X-0.6496 Z-0.1614 I-0.0197 J0.
N18510 X-0.6102 Z-0.1638 I0.0197 J0.
N18515 X-0.6496 Z-0.1661 I-0.0197 J0.
N18520 X-0.6102 Z-0.1685 I0.0197 J0.
N18525 X-0.6496 Z-0.1709 I-0.0197 J0.
N18530 X-0.6102 Z-0.1732 I0.0197 J0.
N18535 X-0.6496 Z-0.1756 I-0.0197 J0.
N18540 X-0.6102 Z-0.178 I0.0197 J0.
N18545 X-0.6496 Z-0.1803 I-0.0197 J0.
N18550 X-0.6102 Z-0.1827 I0.0197 J0.
N18555 X-0.6496 Z-0.185 I-0.0197 J0.
N18560 X-0.6102 Z-0.1874 I0.0197 J0.
N18565 X-0.6496 Z-0.1898 I-0.0197 J0.
N18570 X-0.6102 Z-0.1921 I0.0197 J0.
N18575 X-0.6496 Z-0.1945 I-0.0197 J0.
N18580 X-0.6102 Z-0.1969 I0.0197 J0.
N18585 X-0.6496 Z-0.1992 I-0.0197 J0.
N18590 X-0.6102 Z-0.2016 I0.0197 J0.
N18595 X-0.6496 Z-0.2039 I-0.0197 J0.
N18600 X-0.6102 Z-0.2063 I0.0197 J0.
N18605 X-0.6496 Z-0.2087 I-0.0197 J0.
N18610 X-0.6102 Z-0.211 I0.0197 J0.
N18615 X-0.6496 Z-0.2134 I-0.0197 J0.
N18620 X-0.6102 Z-0.2157 I0.0197 J0.
N18625 X-0.6496 Z-0.2181 I-0.0197 J0.
N18630 X-0.6102 Z-0.2205 I0.0197 J0.
N18635 X-0.6496 Z-0.2228 I-0.0197 J0.
N18640 X-0.6102 Z-0.2252 I0.0197 J0.
N18645 X-0.6496 Z-0.2276 I-0.0197 J0.
N18650 X-0.6102 Z-0.2299 I0.0197 J0.
N18655 X-0.6496 Z-0.2323 I-0.0197 J0.
N18660 X-0.6102 Z-0.2346 I0.0197 J0.
N18665 X-0.6496 Z-0.237 I-0.0197 J0.
N18670 X-0.6102 Z-0.2394 I0.0197 J0.
N18675 X-0.6496 Z-0.2417 I-0.0197 J0.
N18680 X-0.6102 Z-0.2441 I0.0197 J0.
N18685 X-0.6496 Z-0.2465 I-0.0197 J0.
N18690 X-0.6102 Z-0.2488 I0.0197 J0.
N18695 X-0.6496 Z-0.2512 I-0.0197 J0.
N18700 X-0.6102 Z-0.2535 I0.0197 J0.
N18705 X-0.6496 Z-0.2559 I-0.0197 J0.
N18710 X-0.6102 Z-0.2583 I0.0197 J0.
N18715 X-0.6496 Z-0.2606 I-0.0197 J0.
N18720 X-0.6102 Z-0.263 I0.0197 J0.
N18725 X-0.6496 Z-0.2654 I-0.0197 J0.
N18730 X-0.6102 Z-0.2677 I0.0197 J0.
N18735 X-0.6496 Z-0.2701 I-0.0197 J0.
N18740 X-0.6102 Z-0.2724 I0.0197 J0.
N18745 X-0.6496 Z-0.2748 I-0.0197 J0.
N18750 X-0.6102 Z-0.2772 I0.0197 J0.
N18755 X-0.6496 Z-0.2795 I-0.0197 J0.
N18760 X-0.6102 Z-0.2819 I0.0197 J0.
N18765 X-0.6496 Z-0.2843 I-0.0197 J0.
N18770 X-0.6102 Z-0.2866 I0.0197 J0.
N18775 X-0.6496 Z-0.289 I-0.0197 J0.
N18780 X-0.6102 Z-0.2913 I0.0197 J0.
N18785 X-0.6496 Z-0.2937 I-0.0197 J0.
N18790 X-0.6102 Z-0.2961 I0.0197 J0.
N18795 X-0.6496 Z-0.2984 I-0.0197 J0.
N18800 X-0.6102 Z-0.3008 I0.0197 J0.
N18805 X-0.6496 Z-0.3031 I-0.0197 J0.
N18810 X-0.6102 Z-0.3055 I0.0197 J0.
N18815 X-0.6496 Z-0.3079 I-0.0197 J0.
N18820 X-0.6102 Z-0.3102 I0.0197 J0.
N18825 X-0.6496 Z-0.3126 I-0.0197 J0.
N18830 X-0.6102 Z-0.315 I0.0197 J0.
N18835 X-0.6496 Z-0.3173 I-0.0197 J0.
N18840 X-0.6102 Z-0.3197 I0.0197 J0.
N18845 X-0.6496 Z-0.322 I-0.0197 J0.
N18850 X-0.6102 Z-0.3244 I0.0197 J0.
N18855 X-0.6496 Z-0.3268 I-0.0197 J0.
N18860 X-0.6102 Z-0.3291 I0.0197 J0.
N18865 X-0.6496 Z-0.3315 I-0.0197 J0.
N18870 X-0.6102 Z-0.3339 I0.0197 J0.
N18875 X-0.6496 Z-0.3362 I-0.0197 J0.
N18880 X-0.6102 Z-0.3386 I0.0197 J0.
N18885 X-0.6496 Z-0.3409 I-0.0197 J0.
N18890 X-0.6102 Z-0.3433 I0.0197 J0.
N18895 X-0.6496 Z-0.3457 I-0.0197 J0.
N18900 X-0.6102 Z-0.348 I0.0197 J0.
N18905 X-0.6496 Z-0.3504 I-0.0197 J0.
N18910 X-0.6102 Z-0.3528 I0.0197 J0.
N18915 X-0.6496 Z-0.3551 I-0.0197 J0.
N18920 X-0.6102 Z-0.3575 I0.0197 J0.
N18925 X-0.6496 Z-0.3598 I-0.0197 J0.
N18930 X-0.6102 Z-0.3622 I0.0197 J0.
N18935 X-0.6496 Z-0.3646 I-0.0197 J0.
N18940 X-0.6102 Z-0.3669 I0.0197 J0.
N18945 X-0.6496 Z-0.3693 I-0.0197 J0.
N18950 X-0.6102 Z-0.3717 I0.0197 J0.
N18955 X-0.6496 Z-0.374 I-0.0197 J0.
N18960 X-0.6102 Z-0.3764 I0.0197 J0.
N18965 X-0.6496 Z-0.3787 I-0.0197 J0.
N18970 X-0.6102 Z-0.3811 I0.0197 J0.
N18975 X-0.6496 Z-0.3835 I-0.0197 J0.
N18980 X-0.6102 Z-0.3858 I0.0197 J0.
N18985 X-0.6496 Z-0.3882 I-0.0197 J0.
N18990 X-0.6102 Z-0.3906 I0.0197 J0.
N18995 X-0.6496 Z-0.3929 I-0.0197 J0.
N19000 X-0.6102 Z-0.3953 I0.0197 J0.
N19005 X-0.6496 Z-0.3976 I-0.0197 J0.
N19010 X-0.6102 Z-0.4 I0.0197 J0.
N19015 X-0.6496 Z-0.4024 I-0.0197 J0.
N19020 X-0.6102 Z-0.4047 I0.0197 J0.
N19025 X-0.6496 Z-0.4071 I-0.0197 J0.
N19030 X-0.6102 Z-0.4094 I0.0197 J0.
N19035 X-0.6496 Z-0.4118 I-0.0197 J0.
N19040 X-0.6102 Z-0.4142 I0.0197 J0.
N19045 X-0.6496 Z-0.4165 I-0.0197 J0.
N19050 X-0.6102 Z-0.4189 I0.0197 J0.
N19055 X-0.6496 Z-0.4213 I-0.0197 J0.
N19060 X-0.6102 Z-0.4236 I0.0197 J0.
N19065 X-0.6496 Z-0.426 I-0.0197 J0.
N19070 X-0.6102 Z-0.4283 I0.0197 J0.
N19075 X-0.6496 Z-0.4307 I-0.0197 J0.
N19080 X-0.6102 Z-0.4331 I0.0197 J0.
N19085 X-0.6496 Z-0.4354 I-0.0197 J0.
N19090 X-0.6102 Z-0.4378 I0.0197 J0.
N19095 X-0.6496 Z-0.4402 I-0.0197 J0.
N19100 X-0.6102 Z-0.4425 I0.0197 J0.
N19105 X-0.6496 Z-0.4449 I-0.0197 J0.
N19110 X-0.6102 Z-0.4472 I0.0197 J0.
N19115 X-0.6496 Z-0.4496 I-0.0197 J0.
N19120 X-0.6102 Z-0.452 I0.0197 J0.
N19125 X-0.6496 Z-0.4543 I-0.0197 J0.
N19130 X-0.6102 Z-0.4567 I0.0197 J0.
N19135 X-0.6496 Z-0.4591 I-0.0197 J0.
N19140 X-0.6102 Z-0.4614 I0.0197 J0.
N19145 X-0.6496 Z-0.4638 I-0.0197 J0.
N19150 X-0.6102 Z-0.4661 I0.0197 J0.
N19155 X-0.6496 Z-0.4685 I-0.0197 J0.
N19160 X-0.6102 Z-0.4709 I0.0197 J0.
N19165 X-0.6496 Z-0.4732 I-0.0197 J0.
N19170 X-0.6102 Z-0.4756 I0.0197 J0.
N19175 X-0.6496 Z-0.478 I-0.0197 J0.
N19180 X-0.6102 Z-0.4803 I0.0197 J0.
N19185 X-0.6496 Z-0.4827 I-0.0197 J0.
N19190 X-0.6102 Z-0.485 I0.0197 J0.
N19195 X-0.6496 Z-0.4874 I-0.0197 J0.
N19200 X-0.6102 Z-0.4898 I0.0197 J0.
N19205 X-0.6496 Z-0.4921 I-0.0197 J0.
N19210 X-0.6102 Z-0.4945 I0.0197 J0.
N19215 X-0.6496 Z-0.4969 I-0.0197 J0.
N19220 X-0.6102 Z-0.4992 I0.0197 J0.
N19225 X-0.6496 Z-0.5016 I-0.0197 J0.
N19230 X-0.6102 Z-0.5039 I0.0197 J0.
N19235 X-0.6496 Z-0.5063 I-0.0197 J0.
N19240 X-0.6102 Z-0.5087 I0.0197 J0.
N19245 X-0.6496 Z-0.511 I-0.0197 J0.
N19250 X-0.6102 Z-0.5134 I0.0197 J0.
N19255 X-0.6496 Z-0.5157 I-0.0197 J0.
N19260 X-0.6102 Z-0.5181 I0.0197 J0.
N19265 X-0.6496 Z-0.5205 I-0.0197 J0.
N19270 X-0.6102 Z-0.5228 I0.0197 J0.
N19275 X-0.6496 Z-0.5252 I-0.0197 J0.
N19280 X-0.6102 Z-0.5276 I0.0197 J0.
N19285 X-0.6496 Z-0.5299 I-0.0197 J0.
N19290 X-0.6102 Z-0.5323 I0.0197 J0.
N19295 X-0.6496 Z-0.5346 I-0.0197 J0.
N19300 X-0.6102 Z-0.537 I0.0197 J0.
N19305 X-0.6496 Z-0.5394 I-0.0197 J0.
N19310 X-0.6102 Z-0.5417 I0.0197 J0.
N19315 X-0.6496 Z-0.5441 I-0.0197 J0.
N19320 X-0.6102 Z-0.5465 I0.0197 J0.
N19325 X-0.6496 Z-0.5488 I-0.0197 J0.
N19330 X-0.6102 Z-0.5512 I0.0197 J0.
N19335 X-0.6496 Z-0.5535 I-0.0197 J0.
N19340 X-0.6102 Z-0.5559 I0.0197 J0.
N19345 X-0.6496 Z-0.5583 I-0.0197 J0.
N19350 X-0.6102 Z-0.5606 I0.0197 J0.
N19355 X-0.6496 Z-0.563 I-0.0197 J0.
N19360 X-0.6102 Z-0.5654 I0.0197 J0.
N19365 X-0.6496 Z-0.5677 I-0.0197 J0.
N19370 X-0.6102 Z-0.5701 I0.0197 J0.
N19375 X-0.6496 Z-0.5724 I-0.0197 J0.
N19380 X-0.6102 Z-0.5748 I0.0197 J0.
N19385 X-0.6496 Z-0.5772 I-0.0197 J0.
N19390 X-0.6102 Z-0.5795 I0.0197 J0.
N19395 X-0.6496 Z-0.5819 I-0.0197 J0.
N19400 X-0.6102 Z-0.5843 I0.0197 J0.
N19405 X-0.6496 Z-0.5866 I-0.0197 J0.
N19410 X-0.6102 Z-0.589 I0.0197 J0.
N19415 X-0.6496 Z-0.5913 I-0.0197 J0.
N19420 X-0.6102 Z-0.5937 I0.0197 J0.
N19425 X-0.6496 Z-0.5961 I-0.0197 J0.
N19430 X-0.6102 Z-0.5984 I0.0197 J0.
N19435 X-0.6496 Z-0.6008 I-0.0197 J0.
N19440 X-0.6102 Z-0.6031 I0.0197 J0.
N19445 X-0.6496 Z-0.6055 I-0.0197 J0.
N19450 X-0.6102 Z-0.6079 I0.0197 J0.
N19455 X-0.6496 Z-0.6102 I-0.0197 J0.
N19460 X-0.6102 Z-0.6126 I0.0197 J0.
N19465 X-0.6496 Z-0.615 I-0.0197 J0.
N19470 X-0.6102 Z-0.6173 I0.0197 J0.
N19475 X-0.6496 Z-0.6197 I-0.0197 J0.
N19480 X-0.6102 Z-0.622 I0.0197 J0.
N19485 X-0.6496 Z-0.6244 I-0.0197 J0.
N19490 X-0.6102 Z-0.6268 I0.0197 J0.
N19495 X-0.6496 Z-0.6291 I-0.0197 J0.
N19500 X-0.6102 Z-0.6315 I0.0197 J0.
N19505 X-0.6496 Z-0.6339 I-0.0197 J0.
N19510 X-0.6102 Z-0.6362 I0.0197 J0.
N19515 X-0.6496 Z-0.6386 I-0.0197 J0.
N19520 X-0.6299 Y-0.2395 Z-0.6398 I0.0197 J0.
N19525 Y-0.2001 I0. J0.0197
N19530 Y-0.2395 I0. J-0.0197
N19535 X-0.622 Y-0.2316 I0. J0.0079
N19540 G1 Y-0.2238
N19545 G19 G3 Y-0.2159 Z-0.6319 J0. K0.0079
N19550 G1 Z0.1969
N19555 X-0.6339 Y-0.2277
N19560 Z0.1181
N19565 Z0.0472
N19570 G18 G2 X-0.626 Z0.0394 I0.0079 K0.
N19575 G1 X-0.6181
N19580 G17 G3 X-0.6102 Y-0.2198 I0. J0.0079
N19585 X-0.6496 Z0.037 I-0.0197 J0.
N19590 X-0.6102 Z0.0346 I0.0197 J0.
N19595 X-0.6496 Z0.0323 I-0.0197 J0.
N19600 X-0.6102 Z0.0299 I0.0197 J0.
N19605 X-0.6496 Z0.0276 I-0.0197 J0.
N19610 X-0.6102 Z0.0252 I0.0197 J0.
N19615 X-0.6496 Z0.0228 I-0.0197 J0.
N19620 X-0.6102 Z0.0205 I0.0197 J0.
N19625 X-0.6496 Z0.0181 I-0.0197 J0.
N19630 X-0.6102 Z0.0157 I0.0197 J0.
N19635 X-0.6496 Z0.0134 I-0.0197 J0.
N19640 X-0.6102 Z0.011 I0.0197 J0.
N19645 X-0.6496 Z0.0087 I-0.0197 J0.
N19650 X-0.6102 Z0.0063 I0.0197 J0.
N19655 X-0.6496 Z0.0039 I-0.0197 J0.
N19660 X-0.6102 Z0.0016 I0.0197 J0.
N19665 X-0.6496 Z-0.0008 I-0.0197 J0.
N19670 X-0.6102 Z-0.0031 I0.0197 J0.
N19675 X-0.6496 Z-0.0055 I-0.0197 J0.
N19680 X-0.6102 Z-0.0079 I0.0197 J0.
N19685 X-0.6496 Z-0.0102 I-0.0197 J0.
N19690 X-0.6102 Z-0.0126 I0.0197 J0.
N19695 X-0.6496 Z-0.015 I-0.0197 J0.
N19700 X-0.6102 Z-0.0173 I0.0197 J0.
N19705 X-0.6496 Z-0.0197 I-0.0197 J0.
N19710 X-0.6102 Z-0.022 I0.0197 J0.
N19715 X-0.6496 Z-0.0244 I-0.0197 J0.
N19720 X-0.6102 Z-0.0268 I0.0197 J0.
N19725 X-0.6496 Z-0.0291 I-0.0197 J0.
N19730 X-0.6102 Z-0.0315 I0.0197 J0.
N19735 X-0.6496 Z-0.0339 I-0.0197 J0.
N19740 X-0.6102 Z-0.0362 I0.0197 J0.
N19745 X-0.6496 Z-0.0386 I-0.0197 J0.
N19750 X-0.6102 Z-0.0409 I0.0197 J0.
N19755 X-0.6496 Z-0.0433 I-0.0197 J0.
N19760 X-0.6102 Z-0.0457 I0.0197 J0.
N19765 X-0.6496 Z-0.048 I-0.0197 J0.
N19770 X-0.6102 Z-0.0504 I0.0197 J0.
N19775 X-0.6496 Z-0.0528 I-0.0197 J0.
N19780 X-0.6102 Z-0.0551 I0.0197 J0.
N19785 X-0.6496 Z-0.0575 I-0.0197 J0.
N19790 X-0.6102 Z-0.0598 I0.0197 J0.
N19795 X-0.6496 Z-0.0622 I-0.0197 J0.
N19800 X-0.6102 Z-0.0646 I0.0197 J0.
N19805 X-0.6496 Z-0.0669 I-0.0197 J0.
N19810 X-0.6102 Z-0.0693 I0.0197 J0.
N19815 X-0.6496 Z-0.0717 I-0.0197 J0.
N19820 X-0.6102 Z-0.074 I0.0197 J0.
N19825 X-0.6496 Z-0.0764 I-0.0197 J0.
N19830 X-0.6102 Z-0.0787 I0.0197 J0.
N19835 X-0.6496 Z-0.0811 I-0.0197 J0.
N19840 X-0.6102 Z-0.0835 I0.0197 J0.
N19845 X-0.6496 Z-0.0858 I-0.0197 J0.
N19850 X-0.6102 Z-0.0882 I0.0197 J0.
N19855 X-0.6496 Z-0.0906 I-0.0197 J0.
N19860 X-0.6102 Z-0.0929 I0.0197 J0.
N19865 X-0.6496 Z-0.0953 I-0.0197 J0.
N19870 X-0.6102 Z-0.0976 I0.0197 J0.
N19875 X-0.6496 Z-0.1 I-0.0197 J0.
N19880 X-0.6102 Z-0.1024 I0.0197 J0.
N19885 X-0.6496 Z-0.1047 I-0.0197 J0.
N19890 X-0.6102 Z-0.1071 I0.0197 J0.
N19895 X-0.6496 Z-0.1094 I-0.0197 J0.
N19900 X-0.6102 Z-0.1118 I0.0197 J0.
N19905 X-0.6496 Z-0.1142 I-0.0197 J0.
N19910 X-0.6102 Z-0.1165 I0.0197 J0.
N19915 X-0.6496 Z-0.1189 I-0.0197 J0.
N19920 X-0.6102 Z-0.1213 I0.0197 J0.
N19925 X-0.6496 Z-0.1236 I-0.0197 J0.
N19930 X-0.6102 Z-0.126 I0.0197 J0.
N19935 X-0.6496 Z-0.1283 I-0.0197 J0.
N19940 X-0.6102 Z-0.1307 I0.0197 J0.
N19945 X-0.6496 Z-0.1331 I-0.0197 J0.
N19950 X-0.6102 Z-0.1354 I0.0197 J0.
N19955 X-0.6496 Z-0.1378 I-0.0197 J0.
N19960 X-0.6102 Z-0.1402 I0.0197 J0.
N19965 X-0.6496 Z-0.1425 I-0.0197 J0.
N19970 X-0.6102 Z-0.1449 I0.0197 J0.
N19975 X-0.6496 Z-0.1472 I-0.0197 J0.
N19980 X-0.6102 Z-0.1496 I0.0197 J0.
N19985 X-0.6496 Z-0.152 I-0.0197 J0.
N19990 X-0.6102 Z-0.1543 I0.0197 J0.
N19995 X-0.6496 Z-0.1567 I-0.0197 J0.
N20000 X-0.6102 Z-0.1591 I0.0197 J0.
N20005 X-0.6496 Z-0.1614 I-0.0197 J0.
N20010 X-0.6102 Z-0.1638 I0.0197 J0.
N20015 X-0.6496 Z-0.1661 I-0.0197 J0.
N20020 X-0.6102 Z-0.1685 I0.0197 J0.
N20025 X-0.6496 Z-0.1709 I-0.0197 J0.
N20030 X-0.6102 Z-0.1732 I0.0197 J0.
N20035 X-0.6496 Z-0.1756 I-0.0197 J0.
N20040 X-0.6102 Z-0.178 I0.0197 J0.
N20045 X-0.6496 Z-0.1803 I-0.0197 J0.
N20050 X-0.6102 Z-0.1827 I0.0197 J0.
N20055 X-0.6496 Z-0.185 I-0.0197 J0.
N20060 X-0.6102 Z-0.1874 I0.0197 J0.
N20065 X-0.6496 Z-0.1898 I-0.0197 J0.
N20070 X-0.6102 Z-0.1921 I0.0197 J0.
N20075 X-0.6496 Z-0.1945 I-0.0197 J0.
N20080 X-0.6102 Z-0.1969 I0.0197 J0.
N20085 X-0.6496 Z-0.1992 I-0.0197 J0.
N20090 X-0.6102 Z-0.2016 I0.0197 J0.
N20095 X-0.6496 Z-0.2039 I-0.0197 J0.
N20100 X-0.6102 Z-0.2063 I0.0197 J0.
N20105 X-0.6496 Z-0.2087 I-0.0197 J0.
N20110 X-0.6102 Z-0.211 I0.0197 J0.
N20115 X-0.6496 Z-0.2134 I-0.0197 J0.
N20120 X-0.6102 Z-0.2157 I0.0197 J0.
N20125 X-0.6496 Z-0.2181 I-0.0197 J0.
N20130 X-0.6102 Z-0.2205 I0.0197 J0.
N20135 X-0.6496 Z-0.2228 I-0.0197 J0.
N20140 X-0.6102 Z-0.2252 I0.0197 J0.
N20145 X-0.6496 Z-0.2276 I-0.0197 J0.
N20150 X-0.6102 Z-0.2299 I0.0197 J0.
N20155 X-0.6496 Z-0.2323 I-0.0197 J0.
N20160 X-0.6102 Z-0.2346 I0.0197 J0.
N20165 X-0.6496 Z-0.237 I-0.0197 J0.
N20170 X-0.6102 Z-0.2394 I0.0197 J0.
N20175 X-0.6496 Z-0.2417 I-0.0197 J0.
N20180 X-0.6102 Z-0.2441 I0.0197 J0.
N20185 X-0.6496 Z-0.2465 I-0.0197 J0.
N20190 X-0.6102 Z-0.2488 I0.0197 J0.
N20195 X-0.6496 Z-0.2512 I-0.0197 J0.
N20200 X-0.6102 Z-0.2535 I0.0197 J0.
N20205 X-0.6496 Z-0.2559 I-0.0197 J0.
N20210 X-0.6102 Z-0.2583 I0.0197 J0.
N20215 X-0.6496 Z-0.2606 I-0.0197 J0.
N20220 X-0.6102 Z-0.263 I0.0197 J0.
N20225 X-0.6496 Z-0.2654 I-0.0197 J0.
N20230 X-0.6102 Z-0.2677 I0.0197 J0.
N20235 X-0.6496 Z-0.2701 I-0.0197 J0.
N20240 X-0.6102 Z-0.2724 I0.0197 J0.
N20245 X-0.6496 Z-0.2748 I-0.0197 J0.
N20250 X-0.6102 Z-0.2772 I0.0197 J0.
N20255 X-0.6496 Z-0.2795 I-0.0197 J0.
N20260 X-0.6102 Z-0.2819 I0.0197 J0.
N20265 X-0.6496 Z-0.2843 I-0.0197 J0.
N20270 X-0.6102 Z-0.2866 I0.0197 J0.
N20275 X-0.6496 Z-0.289 I-0.0197 J0.
N20280 X-0.6102 Z-0.2913 I0.0197 J0.
N20285 X-0.6496 Z-0.2937 I-0.0197 J0.
N20290 X-0.6102 Z-0.2961 I0.0197 J0.
N20295 X-0.6496 Z-0.2984 I-0.0197 J0.
N20300 X-0.6102 Z-0.3008 I0.0197 J0.
N20305 X-0.6496 Z-0.3031 I-0.0197 J0.
N20310 X-0.6102 Z-0.3055 I0.0197 J0.
N20315 X-0.6496 Z-0.3079 I-0.0197 J0.
N20320 X-0.6102 Z-0.3102 I0.0197 J0.
N20325 X-0.6496 Z-0.3126 I-0.0197 J0.
N20330 X-0.6102 Z-0.315 I0.0197 J0.
N20335 X-0.6496 Z-0.3173 I-0.0197 J0.
N20340 X-0.6102 Z-0.3197 I0.0197 J0.
N20345 X-0.6496 Z-0.322 I-0.0197 J0.
N20350 X-0.6102 Z-0.3244 I0.0197 J0.
N20355 X-0.6496 Z-0.3268 I-0.0197 J0.
N20360 X-0.6102 Z-0.3291 I0.0197 J0.
N20365 X-0.6496 Z-0.3315 I-0.0197 J0.
N20370 X-0.6102 Z-0.3339 I0.0197 J0.
N20375 X-0.6496 Z-0.3362 I-0.0197 J0.
N20380 X-0.6102 Z-0.3386 I0.0197 J0.
N20385 X-0.6496 Z-0.3409 I-0.0197 J0.
N20390 X-0.6102 Z-0.3433 I0.0197 J0.
N20395 X-0.6496 Z-0.3457 I-0.0197 J0.
N20400 X-0.6102 Z-0.348 I0.0197 J0.
N20405 X-0.6496 Z-0.3504 I-0.0197 J0.
N20410 X-0.6102 Z-0.3528 I0.0197 J0.
N20415 X-0.6496 Z-0.3551 I-0.0197 J0.
N20420 X-0.6102 Z-0.3575 I0.0197 J0.
N20425 X-0.6496 Z-0.3598 I-0.0197 J0.
N20430 X-0.6102 Z-0.3622 I0.0197 J0.
N20435 X-0.6496 Z-0.3646 I-0.0197 J0.
N20440 X-0.6102 Z-0.3669 I0.0197 J0.
N20445 X-0.6496 Z-0.3693 I-0.0197 J0.
N20450 X-0.6102 Z-0.3717 I0.0197 J0.
N20455 X-0.6496 Z-0.374 I-0.0197 J0.
N20460 X-0.6102 Z-0.3764 I0.0197 J0.
N20465 X-0.6496 Z-0.3787 I-0.0197 J0.
N20470 X-0.6102 Z-0.3811 I0.0197 J0.
N20475 X-0.6496 Z-0.3835 I-0.0197 J0.
N20480 X-0.6102 Z-0.3858 I0.0197 J0.
N20485 X-0.6496 Z-0.3882 I-0.0197 J0.
N20490 X-0.6102 Z-0.3906 I0.0197 J0.
N20495 X-0.6496 Z-0.3929 I-0.0197 J0.
N20500 X-0.6102 Z-0.3953 I0.0197 J0.
N20505 X-0.6496 Z-0.3976 I-0.0197 J0.
N20510 X-0.6102 Z-0.4 I0.0197 J0.
N20515 X-0.6496 Z-0.4024 I-0.0197 J0.
N20520 X-0.6102 Z-0.4047 I0.0197 J0.
N20525 X-0.6496 Z-0.4071 I-0.0197 J0.
N20530 X-0.6102 Z-0.4094 I0.0197 J0.
N20535 X-0.6496 Z-0.4118 I-0.0197 J0.
N20540 X-0.6102 Z-0.4142 I0.0197 J0.
N20545 X-0.6496 Z-0.4165 I-0.0197 J0.
N20550 X-0.6102 Z-0.4189 I0.0197 J0.
N20555 X-0.6496 Z-0.4213 I-0.0197 J0.
N20560 X-0.6102 Z-0.4236 I0.0197 J0.
N20565 X-0.6496 Z-0.426 I-0.0197 J0.
N20570 X-0.6102 Z-0.4283 I0.0197 J0.
N20575 X-0.6496 Z-0.4307 I-0.0197 J0.
N20580 X-0.6102 Z-0.4331 I0.0197 J0.
N20585 X-0.6496 Z-0.4354 I-0.0197 J0.
N20590 X-0.6102 Z-0.4378 I0.0197 J0.
N20595 X-0.6496 Z-0.4402 I-0.0197 J0.
N20600 X-0.6102 Z-0.4425 I0.0197 J0.
N20605 X-0.6496 Z-0.4449 I-0.0197 J0.
N20610 X-0.6102 Z-0.4472 I0.0197 J0.
N20615 X-0.6496 Z-0.4496 I-0.0197 J0.
N20620 X-0.6102 Z-0.452 I0.0197 J0.
N20625 X-0.6496 Z-0.4543 I-0.0197 J0.
N20630 X-0.6102 Z-0.4567 I0.0197 J0.
N20635 X-0.6496 Z-0.4591 I-0.0197 J0.
N20640 X-0.6102 Z-0.4614 I0.0197 J0.
N20645 X-0.6496 Z-0.4638 I-0.0197 J0.
N20650 X-0.6102 Z-0.4661 I0.0197 J0.
N20655 X-0.6496 Z-0.4685 I-0.0197 J0.
N20660 X-0.6102 Z-0.4709 I0.0197 J0.
N20665 X-0.6496 Z-0.4732 I-0.0197 J0.
N20670 X-0.6102 Z-0.4756 I0.0197 J0.
N20675 X-0.6496 Z-0.478 I-0.0197 J0.
N20680 X-0.6102 Z-0.4803 I0.0197 J0.
N20685 X-0.6496 Z-0.4827 I-0.0197 J0.
N20690 X-0.6102 Z-0.485 I0.0197 J0.
N20695 X-0.6496 Z-0.4874 I-0.0197 J0.
N20700 X-0.6102 Z-0.4898 I0.0197 J0.
N20705 X-0.6496 Z-0.4921 I-0.0197 J0.
N20710 X-0.6102 Z-0.4945 I0.0197 J0.
N20715 X-0.6496 Z-0.4969 I-0.0197 J0.
N20720 X-0.6102 Z-0.4992 I0.0197 J0.
N20725 X-0.6496 Z-0.5016 I-0.0197 J0.
N20730 X-0.6102 Z-0.5039 I0.0197 J0.
N20735 X-0.6496 Z-0.5063 I-0.0197 J0.
N20740 X-0.6102 Z-0.5087 I0.0197 J0.
N20745 X-0.6496 Z-0.511 I-0.0197 J0.
N20750 X-0.6102 Z-0.5134 I0.0197 J0.
N20755 X-0.6496 Z-0.5157 I-0.0197 J0.
N20760 X-0.6102 Z-0.5181 I0.0197 J0.
N20765 X-0.6496 Z-0.5205 I-0.0197 J0.
N20770 X-0.6102 Z-0.5228 I0.0197 J0.
N20775 X-0.6496 Z-0.5252 I-0.0197 J0.
N20780 X-0.6102 Z-0.5276 I0.0197 J0.
N20785 X-0.6496 Z-0.5299 I-0.0197 J0.
N20790 X-0.6102 Z-0.5323 I0.0197 J0.
N20795 X-0.6496 Z-0.5346 I-0.0197 J0.
N20800 X-0.6102 Z-0.537 I0.0197 J0.
N20805 X-0.6496 Z-0.5394 I-0.0197 J0.
N20810 X-0.6102 Z-0.5417 I0.0197 J0.
N20815 X-0.6496 Z-0.5441 I-0.0197 J0.
N20820 X-0.6102 Z-0.5465 I0.0197 J0.
N20825 X-0.6496 Z-0.5488 I-0.0197 J0.
N20830 X-0.6102 Z-0.5512 I0.0197 J0.
N20835 X-0.6496 Z-0.5535 I-0.0197 J0.
N20840 X-0.6102 Z-0.5559 I0.0197 J0.
N20845 X-0.6496 Z-0.5583 I-0.0197 J0.
N20850 X-0.6102 Z-0.5606 I0.0197 J0.
N20855 X-0.6496 Z-0.563 I-0.0197 J0.
N20860 X-0.6102 Z-0.5654 I0.0197 J0.
N20865 X-0.6496 Z-0.5677 I-0.0197 J0.
N20870 X-0.6102 Z-0.5701 I0.0197 J0.
N20875 X-0.6496 Z-0.5724 I-0.0197 J0.
N20880 X-0.6102 Z-0.5748 I0.0197 J0.
N20885 X-0.6496 Z-0.5772 I-0.0197 J0.
N20890 X-0.6102 Z-0.5795 I0.0197 J0.
N20895 X-0.6496 Z-0.5819 I-0.0197 J0.
N20900 X-0.6102 Z-0.5843 I0.0197 J0.
N20905 X-0.6496 Z-0.5866 I-0.0197 J0.
N20910 X-0.6102 Z-0.589 I0.0197 J0.
N20915 X-0.6496 Z-0.5913 I-0.0197 J0.
N20920 X-0.6102 Z-0.5937 I0.0197 J0.
N20925 X-0.6496 Z-0.5961 I-0.0197 J0.
N20930 X-0.6102 Z-0.5984 I0.0197 J0.
N20935 X-0.6496 Z-0.6008 I-0.0197 J0.
N20940 X-0.6102 Z-0.6031 I0.0197 J0.
N20945 X-0.6496 Z-0.6055 I-0.0197 J0.
N20950 X-0.6102 Z-0.6079 I0.0197 J0.
N20955 X-0.6496 Z-0.6102 I-0.0197 J0.
N20960 X-0.6102 Z-0.6126 I0.0197 J0.
N20965 X-0.6496 Z-0.615 I-0.0197 J0.
N20970 X-0.6102 Z-0.6173 I0.0197 J0.
N20975 X-0.6496 Z-0.6197 I-0.0197 J0.
N20980 X-0.6102 Z-0.622 I0.0197 J0.
N20985 X-0.6496 Z-0.6244 I-0.0197 J0.
N20990 X-0.6102 Z-0.6268 I0.0197 J0.
N20995 X-0.6496 Z-0.6291 I-0.0197 J0.
N21000 X-0.6102 Z-0.6315 I0.0197 J0.
N21005 X-0.6496 Z-0.6339 I-0.0197 J0.
N21010 X-0.6102 Z-0.6362 I0.0197 J0.
N21015 X-0.6496 Z-0.6386 I-0.0197 J0.
N21020 X-0.6299 Y-0.2395 Z-0.6398 I0.0197 J0.
N21025 Y-0.2001 I0. J0.0197
N21030 Y-0.2395 I0. J-0.0197
N21035 X-0.622 Y-0.2316 I0. J0.0079
N21040 G1 Y-0.2238
N21045 G19 G3 Y-0.2159 Z-0.6319 J0. K0.0079
N21050 G1 Z0.1969
N21055 X-0.6339 Y-0.6476
N21060 Z0.1181
N21065 Z0.0472
N21070 G18 G2 X-0.626 Z0.0394 I0.0079 K0.
N21075 G1 X-0.6181
N21080 G17 G3 X-0.6102 Y-0.6398 I0. J0.0079
N21085 X-0.6496 Z0.037 I-0.0197 J0.
N21090 X-0.6102 Z0.0346 I0.0197 J0.
N21095 X-0.6496 Z0.0323 I-0.0197 J0.
N21100 X-0.6102 Z0.0299 I0.0197 J0.
N21105 X-0.6496 Z0.0276 I-0.0197 J0.
N21110 X-0.6102 Z0.0252 I0.0197 J0.
N21115 X-0.6496 Z0.0228 I-0.0197 J0.
N21120 X-0.6102 Z0.0205 I0.0197 J0.
N21125 X-0.6496 Z0.0181 I-0.0197 J0.
N21130 X-0.6102 Z0.0157 I0.0197 J0.
N21135 X-0.6496 Z0.0134 I-0.0197 J0.
N21140 X-0.6102 Z0.011 I0.0197 J0.
N21145 X-0.6496 Z0.0087 I-0.0197 J0.
N21150 X-0.6102 Z0.0063 I0.0197 J0.
N21155 X-0.6496 Z0.0039 I-0.0197 J0.
N21160 X-0.6102 Z0.0016 I0.0197 J0.
N21165 X-0.6496 Z-0.0008 I-0.0197 J0.
N21170 X-0.6102 Z-0.0031 I0.0197 J0.
N21175 X-0.6496 Z-0.0055 I-0.0197 J0.
N21180 X-0.6102 Z-0.0079 I0.0197 J0.
N21185 X-0.6496 Z-0.0102 I-0.0197 J0.
N21190 X-0.6102 Z-0.0126 I0.0197 J0.
N21195 X-0.6496 Z-0.015 I-0.0197 J0.
N21200 X-0.6102 Z-0.0173 I0.0197 J0.
N21205 X-0.6496 Z-0.0197 I-0.0197 J0.
N21210 X-0.6102 Z-0.022 I0.0197 J0.
N21215 X-0.6496 Z-0.0244 I-0.0197 J0.
N21220 X-0.6102 Z-0.0268 I0.0197 J0.
N21225 X-0.6496 Z-0.0291 I-0.0197 J0.
N21230 X-0.6102 Z-0.0315 I0.0197 J0.
N21235 X-0.6496 Z-0.0339 I-0.0197 J0.
N21240 X-0.6102 Z-0.0362 I0.0197 J0.
N21245 X-0.6496 Z-0.0386 I-0.0197 J0.
N21250 X-0.6102 Z-0.0409 I0.0197 J0.
N21255 X-0.6496 Z-0.0433 I-0.0197 J0.
N21260 X-0.6102 Z-0.0457 I0.0197 J0.
N21265 X-0.6496 Z-0.048 I-0.0197 J0.
N21270 X-0.6102 Z-0.0504 I0.0197 J0.
N21275 X-0.6496 Z-0.0528 I-0.0197 J0.
N21280 X-0.6102 Z-0.0551 I0.0197 J0.
N21285 X-0.6496 Z-0.0575 I-0.0197 J0.
N21290 X-0.6102 Z-0.0598 I0.0197 J0.
N21295 X-0.6496 Z-0.0622 I-0.0197 J0.
N21300 X-0.6102 Z-0.0646 I0.0197 J0.
N21305 X-0.6496 Z-0.0669 I-0.0197 J0.
N21310 X-0.6102 Z-0.0693 I0.0197 J0.
N21315 X-0.6496 Z-0.0717 I-0.0197 J0.
N21320 X-0.6102 Z-0.074 I0.0197 J0.
N21325 X-0.6496 Z-0.0764 I-0.0197 J0.
N21330 X-0.6102 Z-0.0787 I0.0197 J0.
N21335 X-0.6496 Z-0.0811 I-0.0197 J0.
N21340 X-0.6102 Z-0.0835 I0.0197 J0.
N21345 X-0.6496 Z-0.0858 I-0.0197 J0.
N21350 X-0.6102 Z-0.0882 I0.0197 J0.
N21355 X-0.6496 Z-0.0906 I-0.0197 J0.
N21360 X-0.6102 Z-0.0929 I0.0197 J0.
N21365 X-0.6496 Z-0.0953 I-0.0197 J0.
N21370 X-0.6102 Z-0.0976 I0.0197 J0.
N21375 X-0.6496 Z-0.1 I-0.0197 J0.
N21380 X-0.6102 Z-0.1024 I0.0197 J0.
N21385 X-0.6496 Z-0.1047 I-0.0197 J0.
N21390 X-0.6102 Z-0.1071 I0.0197 J0.
N21395 X-0.6496 Z-0.1094 I-0.0197 J0.
N21400 X-0.6102 Z-0.1118 I0.0197 J0.
N21405 X-0.6496 Z-0.1142 I-0.0197 J0.
N21410 X-0.6102 Z-0.1165 I0.0197 J0.
N21415 X-0.6496 Z-0.1189 I-0.0197 J0.
N21420 X-0.6102 Z-0.1213 I0.0197 J0.
N21425 X-0.6496 Z-0.1236 I-0.0197 J0.
N21430 X-0.6102 Z-0.126 I0.0197 J0.
N21435 X-0.6496 Z-0.1283 I-0.0197 J0.
N21440 X-0.6102 Z-0.1307 I0.0197 J0.
N21445 X-0.6496 Z-0.1331 I-0.0197 J0.
N21450 X-0.6102 Z-0.1354 I0.0197 J0.
N21455 X-0.6496 Z-0.1378 I-0.0197 J0.
N21460 X-0.6102 Z-0.1402 I0.0197 J0.
N21465 X-0.6496 Z-0.1425 I-0.0197 J0.
N21470 X-0.6102 Z-0.1449 I0.0197 J0.
N21475 X-0.6496 Z-0.1472 I-0.0197 J0.
N21480 X-0.6102 Z-0.1496 I0.0197 J0.
N21485 X-0.6496 Z-0.152 I-0.0197 J0.
N21490 X-0.6102 Z-0.1543 I0.0197 J0.
N21495 X-0.6496 Z-0.1567 I-0.0197 J0.
N21500 X-0.6102 Z-0.1591 I0.0197 J0.
N21505 X-0.6496 Z-0.1614 I-0.0197 J0.
N21510 X-0.6102 Z-0.1638 I0.0197 J0.
N21515 X-0.6496 Z-0.1661 I-0.0197 J0.
N21520 X-0.6102 Z-0.1685 I0.0197 J0.
N21525 X-0.6496 Z-0.1709 I-0.0197 J0.
N21530 X-0.6102 Z-0.1732 I0.0197 J0.
N21535 X-0.6496 Z-0.1756 I-0.0197 J0.
N21540 X-0.6102 Z-0.178 I0.0197 J0.
N21545 X-0.6496 Z-0.1803 I-0.0197 J0.
N21550 X-0.6102 Z-0.1827 I0.0197 J0.
N21555 X-0.6496 Z-0.185 I-0.0197 J0.
N21560 X-0.6102 Z-0.1874 I0.0197 J0.
N21565 X-0.6496 Z-0.1898 I-0.0197 J0.
N21570 X-0.6102 Z-0.1921 I0.0197 J0.
N21575 X-0.6496 Z-0.1945 I-0.0197 J0.
N21580 X-0.6102 Z-0.1969 I0.0197 J0.
N21585 X-0.6496 Z-0.1992 I-0.0197 J0.
N21590 X-0.6102 Z-0.2016 I0.0197 J0.
N21595 X-0.6496 Z-0.2039 I-0.0197 J0.
N21600 X-0.6102 Z-0.2063 I0.0197 J0.
N21605 X-0.6496 Z-0.2087 I-0.0197 J0.
N21610 X-0.6102 Z-0.211 I0.0197 J0.
N21615 X-0.6496 Z-0.2134 I-0.0197 J0.
N21620 X-0.6102 Z-0.2157 I0.0197 J0.
N21625 X-0.6496 Z-0.2181 I-0.0197 J0.
N21630 X-0.6102 Z-0.2205 I0.0197 J0.
N21635 X-0.6496 Z-0.2228 I-0.0197 J0.
N21640 X-0.6102 Z-0.2252 I0.0197 J0.
N21645 X-0.6496 Z-0.2276 I-0.0197 J0.
N21650 X-0.6102 Z-0.2299 I0.0197 J0.
N21655 X-0.6496 Z-0.2323 I-0.0197 J0.
N21660 X-0.6102 Z-0.2346 I0.0197 J0.
N21665 X-0.6496 Z-0.237 I-0.0197 J0.
N21670 X-0.6102 Z-0.2394 I0.0197 J0.
N21675 X-0.6496 Z-0.2417 I-0.0197 J0.
N21680 X-0.6102 Z-0.2441 I0.0197 J0.
N21685 X-0.6496 Z-0.2465 I-0.0197 J0.
N21690 X-0.6102 Z-0.2488 I0.0197 J0.
N21695 X-0.6496 Z-0.2512 I-0.0197 J0.
N21700 X-0.6102 Z-0.2535 I0.0197 J0.
N21705 X-0.6496 Z-0.2559 I-0.0197 J0.
N21710 X-0.6102 Z-0.2583 I0.0197 J0.
N21715 X-0.6496 Z-0.2606 I-0.0197 J0.
N21720 X-0.6102 Z-0.263 I0.0197 J0.
N21725 X-0.6496 Z-0.2654 I-0.0197 J0.
N21730 X-0.6102 Z-0.2677 I0.0197 J0.
N21735 X-0.6496 Z-0.2701 I-0.0197 J0.
N21740 X-0.6102 Z-0.2724 I0.0197 J0.
N21745 X-0.6496 Z-0.2748 I-0.0197 J0.
N21750 X-0.6102 Z-0.2772 I0.0197 J0.
N21755 X-0.6496 Z-0.2795 I-0.0197 J0.
N21760 X-0.6102 Z-0.2819 I0.0197 J0.
N21765 X-0.6496 Z-0.2843 I-0.0197 J0.
N21770 X-0.6102 Z-0.2866 I0.0197 J0.
N21775 X-0.6496 Z-0.289 I-0.0197 J0.
N21780 X-0.6102 Z-0.2913 I0.0197 J0.
N21785 X-0.6496 Z-0.2937 I-0.0197 J0.
N21790 X-0.6102 Z-0.2961 I0.0197 J0.
N21795 X-0.6496 Z-0.2984 I-0.0197 J0.
N21800 X-0.6102 Z-0.3008 I0.0197 J0.
N21805 X-0.6496 Z-0.3031 I-0.0197 J0.
N21810 X-0.6102 Z-0.3055 I0.0197 J0.
N21815 X-0.6496 Z-0.3079 I-0.0197 J0.
N21820 X-0.6102 Z-0.3102 I0.0197 J0.
N21825 X-0.6496 Z-0.3126 I-0.0197 J0.
N21830 X-0.6102 Z-0.315 I0.0197 J0.
N21835 X-0.6496 Z-0.3173 I-0.0197 J0.
N21840 X-0.6102 Z-0.3197 I0.0197 J0.
N21845 X-0.6496 Z-0.322 I-0.0197 J0.
N21850 X-0.6102 Z-0.3244 I0.0197 J0.
N21855 X-0.6496 Z-0.3268 I-0.0197 J0.
N21860 X-0.6102 Z-0.3291 I0.0197 J0.
N21865 X-0.6496 Z-0.3315 I-0.0197 J0.
N21870 X-0.6102 Z-0.3339 I0.0197 J0.
N21875 X-0.6496 Z-0.3362 I-0.0197 J0.
N21880 X-0.6102 Z-0.3386 I0.0197 J0.
N21885 X-0.6496 Z-0.3409 I-0.0197 J0.
N21890 X-0.6102 Z-0.3433 I0.0197 J0.
N21895 X-0.6496 Z-0.3457 I-0.0197 J0.
N21900 X-0.6102 Z-0.348 I0.0197 J0.
N21905 X-0.6496 Z-0.3504 I-0.0197 J0.
N21910 X-0.6102 Z-0.3528 I0.0197 J0.
N21915 X-0.6496 Z-0.3551 I-0.0197 J0.
N21920 X-0.6102 Z-0.3575 I0.0197 J0.
N21925 X-0.6496 Z-0.3598 I-0.0197 J0.
N21930 X-0.6102 Z-0.3622 I0.0197 J0.
N21935 X-0.6496 Z-0.3646 I-0.0197 J0.
N21940 X-0.6102 Z-0.3669 I0.0197 J0.
N21945 X-0.6496 Z-0.3693 I-0.0197 J0.
N21950 X-0.6102 Z-0.3717 I0.0197 J0.
N21955 X-0.6496 Z-0.374 I-0.0197 J0.
N21960 X-0.6102 Z-0.3764 I0.0197 J0.
N21965 X-0.6496 Z-0.3787 I-0.0197 J0.
N21970 X-0.6102 Z-0.3811 I0.0197 J0.
N21975 X-0.6496 Z-0.3835 I-0.0197 J0.
N21980 X-0.6102 Z-0.3858 I0.0197 J0.
N21985 X-0.6496 Z-0.3882 I-0.0197 J0.
N21990 X-0.6102 Z-0.3906 I0.0197 J0.
N21995 X-0.6496 Z-0.3929 I-0.0197 J0.
N22000 X-0.6102 Z-0.3953 I0.0197 J0.
N22005 X-0.6496 Z-0.3976 I-0.0197 J0.
N22010 X-0.6102 Z-0.4 I0.0197 J0.
N22015 X-0.6496 Z-0.4024 I-0.0197 J0.
N22020 X-0.6102 Z-0.4047 I0.0197 J0.
N22025 X-0.6496 Z-0.4071 I-0.0197 J0.
N22030 X-0.6102 Z-0.4094 I0.0197 J0.
N22035 X-0.6496 Z-0.4118 I-0.0197 J0.
N22040 X-0.6102 Z-0.4142 I0.0197 J0.
N22045 X-0.6496 Z-0.4165 I-0.0197 J0.
N22050 X-0.6102 Z-0.4189 I0.0197 J0.
N22055 X-0.6496 Z-0.4213 I-0.0197 J0.
N22060 X-0.6102 Z-0.4236 I0.0197 J0.
N22065 X-0.6496 Z-0.426 I-0.0197 J0.
N22070 X-0.6102 Z-0.4283 I0.0197 J0.
N22075 X-0.6496 Z-0.4307 I-0.0197 J0.
N22080 X-0.6102 Z-0.4331 I0.0197 J0.
N22085 X-0.6496 Z-0.4354 I-0.0197 J0.
N22090 X-0.6102 Z-0.4378 I0.0197 J0.
N22095 X-0.6496 Z-0.4402 I-0.0197 J0.
N22100 X-0.6102 Z-0.4425 I0.0197 J0.
N22105 X-0.6496 Z-0.4449 I-0.0197 J0.
N22110 X-0.6102 Z-0.4472 I0.0197 J0.
N22115 X-0.6496 Z-0.4496 I-0.0197 J0.
N22120 X-0.6102 Z-0.452 I0.0197 J0.
N22125 X-0.6496 Z-0.4543 I-0.0197 J0.
N22130 X-0.6102 Z-0.4567 I0.0197 J0.
N22135 X-0.6496 Z-0.4591 I-0.0197 J0.
N22140 X-0.6102 Z-0.4614 I0.0197 J0.
N22145 X-0.6496 Z-0.4638 I-0.0197 J0.
N22150 X-0.6102 Z-0.4661 I0.0197 J0.
N22155 X-0.6496 Z-0.4685 I-0.0197 J0.
N22160 X-0.6102 Z-0.4709 I0.0197 J0.
N22165 X-0.6496 Z-0.4732 I-0.0197 J0.
N22170 X-0.6102 Z-0.4756 I0.0197 J0.
N22175 X-0.6496 Z-0.478 I-0.0197 J0.
N22180 X-0.6102 Z-0.4803 I0.0197 J0.
N22185 X-0.6496 Z-0.4827 I-0.0197 J0.
N22190 X-0.6102 Z-0.485 I0.0197 J0.
N22195 X-0.6496 Z-0.4874 I-0.0197 J0.
N22200 X-0.6102 Z-0.4898 I0.0197 J0.
N22205 X-0.6496 Z-0.4921 I-0.0197 J0.
N22210 X-0.6102 Z-0.4945 I0.0197 J0.
N22215 X-0.6496 Z-0.4969 I-0.0197 J0.
N22220 X-0.6102 Z-0.4992 I0.0197 J0.
N22225 X-0.6496 Z-0.5016 I-0.0197 J0.
N22230 X-0.6102 Z-0.5039 I0.0197 J0.
N22235 X-0.6496 Z-0.5063 I-0.0197 J0.
N22240 X-0.6102 Z-0.5087 I0.0197 J0.
N22245 X-0.6496 Z-0.511 I-0.0197 J0.
N22250 X-0.6102 Z-0.5134 I0.0197 J0.
N22255 X-0.6496 Z-0.5157 I-0.0197 J0.
N22260 X-0.6102 Z-0.5181 I0.0197 J0.
N22265 X-0.6496 Z-0.5205 I-0.0197 J0.
N22270 X-0.6102 Z-0.5228 I0.0197 J0.
N22275 X-0.6496 Z-0.5252 I-0.0197 J0.
N22280 X-0.6102 Z-0.5276 I0.0197 J0.
N22285 X-0.6496 Z-0.5299 I-0.0197 J0.
N22290 X-0.6102 Z-0.5323 I0.0197 J0.
N22295 X-0.6496 Z-0.5346 I-0.0197 J0.
N22300 X-0.6102 Z-0.537 I0.0197 J0.
N22305 X-0.6496 Z-0.5394 I-0.0197 J0.
N22310 X-0.6102 Z-0.5417 I0.0197 J0.
N22315 X-0.6496 Z-0.5441 I-0.0197 J0.
N22320 X-0.6102 Z-0.5465 I0.0197 J0.
N22325 X-0.6496 Z-0.5488 I-0.0197 J0.
N22330 X-0.6102 Z-0.5512 I0.0197 J0.
N22335 X-0.6496 Z-0.5535 I-0.0197 J0.
N22340 X-0.6102 Z-0.5559 I0.0197 J0.
N22345 X-0.6496 Z-0.5583 I-0.0197 J0.
N22350 X-0.6102 Z-0.5606 I0.0197 J0.
N22355 X-0.6496 Z-0.563 I-0.0197 J0.
N22360 X-0.6102 Z-0.5654 I0.0197 J0.
N22365 X-0.6496 Z-0.5677 I-0.0197 J0.
N22370 X-0.6102 Z-0.5701 I0.0197 J0.
N22375 X-0.6496 Z-0.5724 I-0.0197 J0.
N22380 X-0.6102 Z-0.5748 I0.0197 J0.
N22385 X-0.6496 Z-0.5772 I-0.0197 J0.
N22390 X-0.6102 Z-0.5795 I0.0197 J0.
N22395 X-0.6496 Z-0.5819 I-0.0197 J0.
N22400 X-0.6102 Z-0.5843 I0.0197 J0.
N22405 X-0.6496 Z-0.5866 I-0.0197 J0.
N22410 X-0.6102 Z-0.589 I0.0197 J0.
N22415 X-0.6496 Z-0.5913 I-0.0197 J0.
N22420 X-0.6102 Z-0.5937 I0.0197 J0.
N22425 X-0.6496 Z-0.5961 I-0.0197 J0.
N22430 X-0.6102 Z-0.5984 I0.0197 J0.
N22435 X-0.6496 Z-0.6008 I-0.0197 J0.
N22440 X-0.6102 Z-0.6031 I0.0197 J0.
N22445 X-0.6496 Z-0.6055 I-0.0197 J0.
N22450 X-0.6102 Z-0.6079 I0.0197 J0.
N22455 X-0.6496 Z-0.6102 I-0.0197 J0.
N22460 X-0.6102 Z-0.6126 I0.0197 J0.
N22465 X-0.6496 Z-0.615 I-0.0197 J0.
N22470 X-0.6102 Z-0.6173 I0.0197 J0.
N22475 X-0.6496 Z-0.6197 I-0.0197 J0.
N22480 X-0.6102 Z-0.622 I0.0197 J0.
N22485 X-0.6496 Z-0.6244 I-0.0197 J0.
N22490 X-0.6102 Z-0.6268 I0.0197 J0.
N22495 X-0.6496 Z-0.6291 I-0.0197 J0.
N22500 X-0.6102 Z-0.6315 I0.0197 J0.
N22505 X-0.6496 Z-0.6339 I-0.0197 J0.
N22510 X-0.6102 Z-0.6362 I0.0197 J0.
N22515 X-0.6496 Z-0.6386 I-0.0197 J0.
N22520 X-0.6299 Y-0.6594 Z-0.6398 I0.0197 J0.
N22525 Y-0.6201 I0. J0.0197
N22530 Y-0.6594 I0. J-0.0197
N22535 X-0.622 Y-0.6516 I0. J0.0079
N22540 G1 Y-0.6437
N22545 G19 G3 Y-0.6358 Z-0.6319 J0. K0.0079
N22550 G1 Z0.1969
N22555 X-0.6339 Y-0.6476
N22560 Z0.1181
N22565 Z0.0472
N22570 G18 G2 X-0.626 Z0.0394 I0.0079 K0.
N22575 G1 X-0.6181
N22580 G17 G3 X-0.6102 Y-0.6398 I0. J0.0079
N22585 X-0.6496 Z0.037 I-0.0197 J0.
N22590 X-0.6102 Z0.0346 I0.0197 J0.
N22595 X-0.6496 Z0.0323 I-0.0197 J0.
N22600 X-0.6102 Z0.0299 I0.0197 J0.
N22605 X-0.6496 Z0.0276 I-0.0197 J0.
N22610 X-0.6102 Z0.0252 I0.0197 J0.
N22615 X-0.6496 Z0.0228 I-0.0197 J0.
N22620 X-0.6102 Z0.0205 I0.0197 J0.
N22625 X-0.6496 Z0.0181 I-0.0197 J0.
N22630 X-0.6102 Z0.0157 I0.0197 J0.
N22635 X-0.6496 Z0.0134 I-0.0197 J0.
N22640 X-0.6102 Z0.011 I0.0197 J0.
N22645 X-0.6496 Z0.0087 I-0.0197 J0.
N22650 X-0.6102 Z0.0063 I0.0197 J0.
N22655 X-0.6496 Z0.0039 I-0.0197 J0.
N22660 X-0.6102 Z0.0016 I0.0197 J0.
N22665 X-0.6496 Z-0.0008 I-0.0197 J0.
N22670 X-0.6102 Z-0.0031 I0.0197 J0.
N22675 X-0.6496 Z-0.0055 I-0.0197 J0.
N22680 X-0.6102 Z-0.0079 I0.0197 J0.
N22685 X-0.6496 Z-0.0102 I-0.0197 J0.
N22690 X-0.6102 Z-0.0126 I0.0197 J0.
N22695 X-0.6496 Z-0.015 I-0.0197 J0.
N22700 X-0.6102 Z-0.0173 I0.0197 J0.
N22705 X-0.6496 Z-0.0197 I-0.0197 J0.
N22710 X-0.6102 Z-0.022 I0.0197 J0.
N22715 X-0.6496 Z-0.0244 I-0.0197 J0.
N22720 X-0.6102 Z-0.0268 I0.0197 J0.
N22725 X-0.6496 Z-0.0291 I-0.0197 J0.
N22730 X-0.6102 Z-0.0315 I0.0197 J0.
N22735 X-0.6496 Z-0.0339 I-0.0197 J0.
N22740 X-0.6102 Z-0.0362 I0.0197 J0.
N22745 X-0.6496 Z-0.0386 I-0.0197 J0.
N22750 X-0.6102 Z-0.0409 I0.0197 J0.
N22755 X-0.6496 Z-0.0433 I-0.0197 J0.
N22760 X-0.6102 Z-0.0457 I0.0197 J0.
N22765 X-0.6496 Z-0.048 I-0.0197 J0.
N22770 X-0.6102 Z-0.0504 I0.0197 J0.
N22775 X-0.6496 Z-0.0528 I-0.0197 J0.
N22780 X-0.6102 Z-0.0551 I0.0197 J0.
N22785 X-0.6496 Z-0.0575 I-0.0197 J0.
N22790 X-0.6102 Z-0.0598 I0.0197 J0.
N22795 X-0.6496 Z-0.0622 I-0.0197 J0.
N22800 X-0.6102 Z-0.0646 I0.0197 J0.
N22805 X-0.6496 Z-0.0669 I-0.0197 J0.
N22810 X-0.6102 Z-0.0693 I0.0197 J0.
N22815 X-0.6496 Z-0.0717 I-0.0197 J0.
N22820 X-0.6102 Z-0.074 I0.0197 J0.
N22825 X-0.6496 Z-0.0764 I-0.0197 J0.
N22830 X-0.6102 Z-0.0787 I0.0197 J0.
N22835 X-0.6496 Z-0.0811 I-0.0197 J0.
N22840 X-0.6102 Z-0.0835 I0.0197 J0.
N22845 X-0.6496 Z-0.0858 I-0.0197 J0.
N22850 X-0.6102 Z-0.0882 I0.0197 J0.
N22855 X-0.6496 Z-0.0906 I-0.0197 J0.
N22860 X-0.6102 Z-0.0929 I0.0197 J0.
N22865 X-0.6496 Z-0.0953 I-0.0197 J0.
N22870 X-0.6102 Z-0.0976 I0.0197 J0.
N22875 X-0.6496 Z-0.1 I-0.0197 J0.
N22880 X-0.6102 Z-0.1024 I0.0197 J0.
N22885 X-0.6496 Z-0.1047 I-0.0197 J0.
N22890 X-0.6102 Z-0.1071 I0.0197 J0.
N22895 X-0.6496 Z-0.1094 I-0.0197 J0.
N22900 X-0.6102 Z-0.1118 I0.0197 J0.
N22905 X-0.6496 Z-0.1142 I-0.0197 J0.
N22910 X-0.6102 Z-0.1165 I0.0197 J0.
N22915 X-0.6496 Z-0.1189 I-0.0197 J0.
N22920 X-0.6102 Z-0.1213 I0.0197 J0.
N22925 X-0.6496 Z-0.1236 I-0.0197 J0.
N22930 X-0.6102 Z-0.126 I0.0197 J0.
N22935 X-0.6496 Z-0.1283 I-0.0197 J0.
N22940 X-0.6102 Z-0.1307 I0.0197 J0.
N22945 X-0.6496 Z-0.1331 I-0.0197 J0.
N22950 X-0.6102 Z-0.1354 I0.0197 J0.
N22955 X-0.6496 Z-0.1378 I-0.0197 J0.
N22960 X-0.6102 Z-0.1402 I0.0197 J0.
N22965 X-0.6496 Z-0.1425 I-0.0197 J0.
N22970 X-0.6102 Z-0.1449 I0.0197 J0.
N22975 X-0.6496 Z-0.1472 I-0.0197 J0.
N22980 X-0.6102 Z-0.1496 I0.0197 J0.
N22985 X-0.6496 Z-0.152 I-0.0197 J0.
N22990 X-0.6102 Z-0.1543 I0.0197 J0.
N22995 X-0.6496 Z-0.1567 I-0.0197 J0.
N23000 X-0.6102 Z-0.1591 I0.0197 J0.
N23005 X-0.6496 Z-0.1614 I-0.0197 J0.
N23010 X-0.6102 Z-0.1638 I0.0197 J0.
N23015 X-0.6496 Z-0.1661 I-0.0197 J0.
N23020 X-0.6102 Z-0.1685 I0.0197 J0.
N23025 X-0.6496 Z-0.1709 I-0.0197 J0.
N23030 X-0.6102 Z-0.1732 I0.0197 J0.
N23035 X-0.6496 Z-0.1756 I-0.0197 J0.
N23040 X-0.6102 Z-0.178 I0.0197 J0.
N23045 X-0.6496 Z-0.1803 I-0.0197 J0.
N23050 X-0.6102 Z-0.1827 I0.0197 J0.
N23055 X-0.6496 Z-0.185 I-0.0197 J0.
N23060 X-0.6102 Z-0.1874 I0.0197 J0.
N23065 X-0.6496 Z-0.1898 I-0.0197 J0.
N23070 X-0.6102 Z-0.1921 I0.0197 J0.
N23075 X-0.6496 Z-0.1945 I-0.0197 J0.
N23080 X-0.6102 Z-0.1969 I0.0197 J0.
N23085 X-0.6496 Z-0.1992 I-0.0197 J0.
N23090 X-0.6102 Z-0.2016 I0.0197 J0.
N23095 X-0.6496 Z-0.2039 I-0.0197 J0.
N23100 X-0.6102 Z-0.2063 I0.0197 J0.
N23105 X-0.6496 Z-0.2087 I-0.0197 J0.
N23110 X-0.6102 Z-0.211 I0.0197 J0.
N23115 X-0.6496 Z-0.2134 I-0.0197 J0.
N23120 X-0.6102 Z-0.2157 I0.0197 J0.
N23125 X-0.6496 Z-0.2181 I-0.0197 J0.
N23130 X-0.6102 Z-0.2205 I0.0197 J0.
N23135 X-0.6496 Z-0.2228 I-0.0197 J0.
N23140 X-0.6102 Z-0.2252 I0.0197 J0.
N23145 X-0.6496 Z-0.2276 I-0.0197 J0.
N23150 X-0.6102 Z-0.2299 I0.0197 J0.
N23155 X-0.6496 Z-0.2323 I-0.0197 J0.
N23160 X-0.6102 Z-0.2346 I0.0197 J0.
N23165 X-0.6496 Z-0.237 I-0.0197 J0.
N23170 X-0.6102 Z-0.2394 I0.0197 J0.
N23175 X-0.6496 Z-0.2417 I-0.0197 J0.
N23180 X-0.6102 Z-0.2441 I0.0197 J0.
N23185 X-0.6496 Z-0.2465 I-0.0197 J0.
N23190 X-0.6102 Z-0.2488 I0.0197 J0.
N23195 X-0.6496 Z-0.2512 I-0.0197 J0.
N23200 X-0.6102 Z-0.2535 I0.0197 J0.
N23205 X-0.6496 Z-0.2559 I-0.0197 J0.
N23210 X-0.6102 Z-0.2583 I0.0197 J0.
N23215 X-0.6496 Z-0.2606 I-0.0197 J0.
N23220 X-0.6102 Z-0.263 I0.0197 J0.
N23225 X-0.6496 Z-0.2654 I-0.0197 J0.
N23230 X-0.6102 Z-0.2677 I0.0197 J0.
N23235 X-0.6496 Z-0.2701 I-0.0197 J0.
N23240 X-0.6102 Z-0.2724 I0.0197 J0.
N23245 X-0.6496 Z-0.2748 I-0.0197 J0.
N23250 X-0.6102 Z-0.2772 I0.0197 J0.
N23255 X-0.6496 Z-0.2795 I-0.0197 J0.
N23260 X-0.6102 Z-0.2819 I0.0197 J0.
N23265 X-0.6496 Z-0.2843 I-0.0197 J0.
N23270 X-0.6102 Z-0.2866 I0.0197 J0.
N23275 X-0.6496 Z-0.289 I-0.0197 J0.
N23280 X-0.6102 Z-0.2913 I0.0197 J0.
N23285 X-0.6496 Z-0.2937 I-0.0197 J0.
N23290 X-0.6102 Z-0.2961 I0.0197 J0.
N23295 X-0.6496 Z-0.2984 I-0.0197 J0.
N23300 X-0.6102 Z-0.3008 I0.0197 J0.
N23305 X-0.6496 Z-0.3031 I-0.0197 J0.
N23310 X-0.6102 Z-0.3055 I0.0197 J0.
N23315 X-0.6496 Z-0.3079 I-0.0197 J0.
N23320 X-0.6102 Z-0.3102 I0.0197 J0.
N23325 X-0.6496 Z-0.3126 I-0.0197 J0.
N23330 X-0.6102 Z-0.315 I0.0197 J0.
N23335 X-0.6496 Z-0.3173 I-0.0197 J0.
N23340 X-0.6102 Z-0.3197 I0.0197 J0.
N23345 X-0.6496 Z-0.322 I-0.0197 J0.
N23350 X-0.6102 Z-0.3244 I0.0197 J0.
N23355 X-0.6496 Z-0.3268 I-0.0197 J0.
N23360 X-0.6102 Z-0.3291 I0.0197 J0.
N23365 X-0.6496 Z-0.3315 I-0.0197 J0.
N23370 X-0.6102 Z-0.3339 I0.0197 J0.
N23375 X-0.6496 Z-0.3362 I-0.0197 J0.
N23380 X-0.6102 Z-0.3386 I0.0197 J0.
N23385 X-0.6496 Z-0.3409 I-0.0197 J0.
N23390 X-0.6102 Z-0.3433 I0.0197 J0.
N23395 X-0.6496 Z-0.3457 I-0.0197 J0.
N23400 X-0.6102 Z-0.348 I0.0197 J0.
N23405 X-0.6496 Z-0.3504 I-0.0197 J0.
N23410 X-0.6102 Z-0.3528 I0.0197 J0.
N23415 X-0.6496 Z-0.3551 I-0.0197 J0.
N23420 X-0.6102 Z-0.3575 I0.0197 J0.
N23425 X-0.6496 Z-0.3598 I-0.0197 J0.
N23430 X-0.6102 Z-0.3622 I0.0197 J0.
N23435 X-0.6496 Z-0.3646 I-0.0197 J0.
N23440 X-0.6102 Z-0.3669 I0.0197 J0.
N23445 X-0.6496 Z-0.3693 I-0.0197 J0.
N23450 X-0.6102 Z-0.3717 I0.0197 J0.
N23455 X-0.6496 Z-0.374 I-0.0197 J0.
N23460 X-0.6102 Z-0.3764 I0.0197 J0.
N23465 X-0.6496 Z-0.3787 I-0.0197 J0.
N23470 X-0.6102 Z-0.3811 I0.0197 J0.
N23475 X-0.6496 Z-0.3835 I-0.0197 J0.
N23480 X-0.6102 Z-0.3858 I0.0197 J0.
N23485 X-0.6496 Z-0.3882 I-0.0197 J0.
N23490 X-0.6102 Z-0.3906 I0.0197 J0.
N23495 X-0.6496 Z-0.3929 I-0.0197 J0.
N23500 X-0.6102 Z-0.3953 I0.0197 J0.
N23505 X-0.6496 Z-0.3976 I-0.0197 J0.
N23510 X-0.6102 Z-0.4 I0.0197 J0.
N23515 X-0.6496 Z-0.4024 I-0.0197 J0.
N23520 X-0.6102 Z-0.4047 I0.0197 J0.
N23525 X-0.6496 Z-0.4071 I-0.0197 J0.
N23530 X-0.6102 Z-0.4094 I0.0197 J0.
N23535 X-0.6496 Z-0.4118 I-0.0197 J0.
N23540 X-0.6102 Z-0.4142 I0.0197 J0.
N23545 X-0.6496 Z-0.4165 I-0.0197 J0.
N23550 X-0.6102 Z-0.4189 I0.0197 J0.
N23555 X-0.6496 Z-0.4213 I-0.0197 J0.
N23560 X-0.6102 Z-0.4236 I0.0197 J0.
N23565 X-0.6496 Z-0.426 I-0.0197 J0.
N23570 X-0.6102 Z-0.4283 I0.0197 J0.
N23575 X-0.6496 Z-0.4307 I-0.0197 J0.
N23580 X-0.6102 Z-0.4331 I0.0197 J0.
N23585 X-0.6496 Z-0.4354 I-0.0197 J0.
N23590 X-0.6102 Z-0.4378 I0.0197 J0.
N23595 X-0.6496 Z-0.4402 I-0.0197 J0.
N23600 X-0.6102 Z-0.4425 I0.0197 J0.
N23605 X-0.6496 Z-0.4449 I-0.0197 J0.
N23610 X-0.6102 Z-0.4472 I0.0197 J0.
N23615 X-0.6496 Z-0.4496 I-0.0197 J0.
N23620 X-0.6102 Z-0.452 I0.0197 J0.
N23625 X-0.6496 Z-0.4543 I-0.0197 J0.
N23630 X-0.6102 Z-0.4567 I0.0197 J0.
N23635 X-0.6496 Z-0.4591 I-0.0197 J0.
N23640 X-0.6102 Z-0.4614 I0.0197 J0.
N23645 X-0.6496 Z-0.4638 I-0.0197 J0.
N23650 X-0.6102 Z-0.4661 I0.0197 J0.
N23655 X-0.6496 Z-0.4685 I-0.0197 J0.
N23660 X-0.6102 Z-0.4709 I0.0197 J0.
N23665 X-0.6496 Z-0.4732 I-0.0197 J0.
N23670 X-0.6102 Z-0.4756 I0.0197 J0.
N23675 X-0.6496 Z-0.478 I-0.0197 J0.
N23680 X-0.6102 Z-0.4803 I0.0197 J0.
N23685 X-0.6496 Z-0.4827 I-0.0197 J0.
N23690 X-0.6102 Z-0.485 I0.0197 J0.
N23695 X-0.6496 Z-0.4874 I-0.0197 J0.
N23700 X-0.6102 Z-0.4898 I0.0197 J0.
N23705 X-0.6496 Z-0.4921 I-0.0197 J0.
N23710 X-0.6102 Z-0.4945 I0.0197 J0.
N23715 X-0.6496 Z-0.4969 I-0.0197 J0.
N23720 X-0.6102 Z-0.4992 I0.0197 J0.
N23725 X-0.6496 Z-0.5016 I-0.0197 J0.
N23730 X-0.6102 Z-0.5039 I0.0197 J0.
N23735 X-0.6496 Z-0.5063 I-0.0197 J0.
N23740 X-0.6102 Z-0.5087 I0.0197 J0.
N23745 X-0.6496 Z-0.511 I-0.0197 J0.
N23750 X-0.6102 Z-0.5134 I0.0197 J0.
N23755 X-0.6496 Z-0.5157 I-0.0197 J0.
N23760 X-0.6102 Z-0.5181 I0.0197 J0.
N23765 X-0.6496 Z-0.5205 I-0.0197 J0.
N23770 X-0.6102 Z-0.5228 I0.0197 J0.
N23775 X-0.6496 Z-0.5252 I-0.0197 J0.
N23780 X-0.6102 Z-0.5276 I0.0197 J0.
N23785 X-0.6496 Z-0.5299 I-0.0197 J0.
N23790 X-0.6102 Z-0.5323 I0.0197 J0.
N23795 X-0.6496 Z-0.5346 I-0.0197 J0.
N23800 X-0.6102 Z-0.537 I0.0197 J0.
N23805 X-0.6496 Z-0.5394 I-0.0197 J0.
N23810 X-0.6102 Z-0.5417 I0.0197 J0.
N23815 X-0.6496 Z-0.5441 I-0.0197 J0.
N23820 X-0.6102 Z-0.5465 I0.0197 J0.
N23825 X-0.6496 Z-0.5488 I-0.0197 J0.
N23830 X-0.6102 Z-0.5512 I0.0197 J0.
N23835 X-0.6496 Z-0.5535 I-0.0197 J0.
N23840 X-0.6102 Z-0.5559 I0.0197 J0.
N23845 X-0.6496 Z-0.5583 I-0.0197 J0.
N23850 X-0.6102 Z-0.5606 I0.0197 J0.
N23855 X-0.6496 Z-0.563 I-0.0197 J0.
N23860 X-0.6102 Z-0.5654 I0.0197 J0.
N23865 X-0.6496 Z-0.5677 I-0.0197 J0.
N23870 X-0.6102 Z-0.5701 I0.0197 J0.
N23875 X-0.6496 Z-0.5724 I-0.0197 J0.
N23880 X-0.6102 Z-0.5748 I0.0197 J0.
N23885 X-0.6496 Z-0.5772 I-0.0197 J0.
N23890 X-0.6102 Z-0.5795 I0.0197 J0.
N23895 X-0.6496 Z-0.5819 I-0.0197 J0.
N23900 X-0.6102 Z-0.5843 I0.0197 J0.
N23905 X-0.6496 Z-0.5866 I-0.0197 J0.
N23910 X-0.6102 Z-0.589 I0.0197 J0.
N23915 X-0.6496 Z-0.5913 I-0.0197 J0.
N23920 X-0.6102 Z-0.5937 I0.0197 J0.
N23925 X-0.6496 Z-0.5961 I-0.0197 J0.
N23930 X-0.6102 Z-0.5984 I0.0197 J0.
N23935 X-0.6496 Z-0.6008 I-0.0197 J0.
N23940 X-0.6102 Z-0.6031 I0.0197 J0.
N23945 X-0.6496 Z-0.6055 I-0.0197 J0.
N23950 X-0.6102 Z-0.6079 I0.0197 J0.
N23955 X-0.6496 Z-0.6102 I-0.0197 J0.
N23960 X-0.6102 Z-0.6126 I0.0197 J0.
N23965 X-0.6496 Z-0.615 I-0.0197 J0.
N23970 X-0.6102 Z-0.6173 I0.0197 J0.
N23975 X-0.6496 Z-0.6197 I-0.0197 J0.
N23980 X-0.6102 Z-0.622 I0.0197 J0.
N23985 X-0.6496 Z-0.6244 I-0.0197 J0.
N23990 X-0.6102 Z-0.6268 I0.0197 J0.
N23995 X-0.6496 Z-0.6291 I-0.0197 J0.
N24000 X-0.6102 Z-0.6315 I0.0197 J0.
N24005 X-0.6496 Z-0.6339 I-0.0197 J0.
N24010 X-0.6102 Z-0.6362 I0.0197 J0.
N24015 X-0.6496 Z-0.6386 I-0.0197 J0.
N24020 X-0.6299 Y-0.6594 Z-0.6398 I0.0197 J0.
N24025 Y-0.6201 I0. J0.0197
N24030 Y-0.6594 I0. J-0.0197
N24035 X-0.622 Y-0.6516 I0. J0.0079
N24040 G1 Y-0.6437
N24045 G19 G3 Y-0.6358 Z-0.6319 J0. K0.0079
N24050 G1 Z0.1969
N24055 X-0.0039 Y-0.6476
N24060 Z0.1181
N24065 Z0.0472
N24070 G18 G2 X0.0039 Z0.0394 I0.0079 K0.
N24075 G1 X0.0118
N24080 G17 G3 X0.0197 Y-0.6398 I0. J0.0079
N24085 X-0.0197 Z0.037 I-0.0197 J0.
N24090 X0.0197 Z0.0346 I0.0197 J0.
N24095 X-0.0197 Z0.0323 I-0.0197 J0.
N24100 X0.0197 Z0.0299 I0.0197 J0.
N24105 X-0.0197 Z0.0276 I-0.0197 J0.
N24110 X0.0197 Z0.0252 I0.0197 J0.
N24115 X-0.0197 Z0.0228 I-0.0197 J0.
N24120 X0.0197 Z0.0205 I0.0197 J0.
N24125 X-0.0197 Z0.0181 I-0.0197 J0.
N24130 X0.0197 Z0.0157 I0.0197 J0.
N24135 X-0.0197 Z0.0134 I-0.0197 J0.
N24140 X0.0197 Z0.011 I0.0197 J0.
N24145 X-0.0197 Z0.0087 I-0.0197 J0.
N24150 X0.0197 Z0.0063 I0.0197 J0.
N24155 X-0.0197 Z0.0039 I-0.0197 J0.
N24160 X0.0197 Z0.0016 I0.0197 J0.
N24165 X-0.0197 Z-0.0008 I-0.0197 J0.
N24170 X0.0197 Z-0.0031 I0.0197 J0.
N24175 X-0.0197 Z-0.0055 I-0.0197 J0.
N24180 X0.0197 Z-0.0079 I0.0197 J0.
N24185 X-0.0197 Z-0.0102 I-0.0197 J0.
N24190 X0.0197 Z-0.0126 I0.0197 J0.
N24195 X-0.0197 Z-0.015 I-0.0197 J0.
N24200 X0.0197 Z-0.0173 I0.0197 J0.
N24205 X-0.0197 Z-0.0197 I-0.0197 J0.
N24210 X0.0197 Z-0.022 I0.0197 J0.
N24215 X-0.0197 Z-0.0244 I-0.0197 J0.
N24220 X0.0197 Z-0.0268 I0.0197 J0.
N24225 X-0.0197 Z-0.0291 I-0.0197 J0.
N24230 X0.0197 Z-0.0315 I0.0197 J0.
N24235 X-0.0197 Z-0.0339 I-0.0197 J0.
N24240 X0.0197 Z-0.0362 I0.0197 J0.
N24245 X-0.0197 Z-0.0386 I-0.0197 J0.
N24250 X0.0197 Z-0.0409 I0.0197 J0.
N24255 X-0.0197 Z-0.0433 I-0.0197 J0.
N24260 X0.0197 Z-0.0457 I0.0197 J0.
N24265 X-0.0197 Z-0.048 I-0.0197 J0.
N24270 X0.0197 Z-0.0504 I0.0197 J0.
N24275 X-0.0197 Z-0.0528 I-0.0197 J0.
N24280 X0.0197 Z-0.0551 I0.0197 J0.
N24285 X-0.0197 Z-0.0575 I-0.0197 J0.
N24290 X0.0197 Z-0.0598 I0.0197 J0.
N24295 X-0.0197 Z-0.0622 I-0.0197 J0.
N24300 X0.0197 Z-0.0646 I0.0197 J0.
N24305 X-0.0197 Z-0.0669 I-0.0197 J0.
N24310 X0.0197 Z-0.0693 I0.0197 J0.
N24315 X-0.0197 Z-0.0717 I-0.0197 J0.
N24320 X0.0197 Z-0.074 I0.0197 J0.
N24325 X-0.0197 Z-0.0764 I-0.0197 J0.
N24330 X0.0197 Z-0.0787 I0.0197 J0.
N24335 X-0.0197 Z-0.0811 I-0.0197 J0.
N24340 X0.0197 Z-0.0835 I0.0197 J0.
N24345 X-0.0197 Z-0.0858 I-0.0197 J0.
N24350 X0.0197 Z-0.0882 I0.0197 J0.
N24355 X-0.0197 Z-0.0906 I-0.0197 J0.
N24360 X0.0197 Z-0.0929 I0.0197 J0.
N24365 X-0.0197 Z-0.0953 I-0.0197 J0.
N24370 X0.0197 Z-0.0976 I0.0197 J0.
N24375 X-0.0197 Z-0.1 I-0.0197 J0.
N24380 X0.0197 Z-0.1024 I0.0197 J0.
N24385 X-0.0197 Z-0.1047 I-0.0197 J0.
N24390 X0.0197 Z-0.1071 I0.0197 J0.
N24395 X-0.0197 Z-0.1094 I-0.0197 J0.
N24400 X0.0197 Z-0.1118 I0.0197 J0.
N24405 X-0.0197 Z-0.1142 I-0.0197 J0.
N24410 X0.0197 Z-0.1165 I0.0197 J0.
N24415 X-0.0197 Z-0.1189 I-0.0197 J0.
N24420 X0.0197 Z-0.1213 I0.0197 J0.
N24425 X-0.0197 Z-0.1236 I-0.0197 J0.
N24430 X0.0197 Z-0.126 I0.0197 J0.
N24435 X-0.0197 Z-0.1283 I-0.0197 J0.
N24440 X0.0197 Z-0.1307 I0.0197 J0.
N24445 X-0.0197 Z-0.1331 I-0.0197 J0.
N24450 X0.0197 Z-0.1354 I0.0197 J0.
N24455 X-0.0197 Z-0.1378 I-0.0197 J0.
N24460 X0.0197 Z-0.1402 I0.0197 J0.
N24465 X-0.0197 Z-0.1425 I-0.0197 J0.
N24470 X0.0197 Z-0.1449 I0.0197 J0.
N24475 X-0.0197 Z-0.1472 I-0.0197 J0.
N24480 X0.0197 Z-0.1496 I0.0197 J0.
N24485 X-0.0197 Z-0.152 I-0.0197 J0.
N24490 X0.0197 Z-0.1543 I0.0197 J0.
N24495 X-0.0197 Z-0.1567 I-0.0197 J0.
N24500 X0.0197 Z-0.1591 I0.0197 J0.
N24505 X-0.0197 Z-0.1614 I-0.0197 J0.
N24510 X0.0197 Z-0.1638 I0.0197 J0.
N24515 X-0.0197 Z-0.1661 I-0.0197 J0.
N24520 X0.0197 Z-0.1685 I0.0197 J0.
N24525 X-0.0197 Z-0.1709 I-0.0197 J0.
N24530 X0.0197 Z-0.1732 I0.0197 J0.
N24535 X-0.0197 Z-0.1756 I-0.0197 J0.
N24540 X0.0197 Z-0.178 I0.0197 J0.
N24545 X-0.0197 Z-0.1803 I-0.0197 J0.
N24550 X0.0197 Z-0.1827 I0.0197 J0.
N24555 X-0.0197 Z-0.185 I-0.0197 J0.
N24560 X0.0197 Z-0.1874 I0.0197 J0.
N24565 X-0.0197 Z-0.1898 I-0.0197 J0.
N24570 X0.0197 Z-0.1921 I0.0197 J0.
N24575 X-0.0197 Z-0.1945 I-0.0197 J0.
N24580 X0.0197 Z-0.1969 I0.0197 J0.
N24585 X-0.0197 Z-0.1992 I-0.0197 J0.
N24590 X0.0197 Z-0.2016 I0.0197 J0.
N24595 X-0.0197 Z-0.2039 I-0.0197 J0.
N24600 X0.0197 Z-0.2063 I0.0197 J0.
N24605 X-0.0197 Z-0.2087 I-0.0197 J0.
N24610 X0.0197 Z-0.211 I0.0197 J0.
N24615 X-0.0197 Z-0.2134 I-0.0197 J0.
N24620 X0.0197 Z-0.2157 I0.0197 J0.
N24625 X-0.0197 Z-0.2181 I-0.0197 J0.
N24630 X0.0197 Z-0.2205 I0.0197 J0.
N24635 X-0.0197 Z-0.2228 I-0.0197 J0.
N24640 X0.0197 Z-0.2252 I0.0197 J0.
N24645 X-0.0197 Z-0.2276 I-0.0197 J0.
N24650 X0.0197 Z-0.2299 I0.0197 J0.
N24655 X-0.0197 Z-0.2323 I-0.0197 J0.
N24660 X0.0197 Z-0.2346 I0.0197 J0.
N24665 X-0.0197 Z-0.237 I-0.0197 J0.
N24670 X0.0197 Z-0.2394 I0.0197 J0.
N24675 X-0.0197 Z-0.2417 I-0.0197 J0.
N24680 X0.0197 Z-0.2441 I0.0197 J0.
N24685 X-0.0197 Z-0.2465 I-0.0197 J0.
N24690 X0.0197 Z-0.2488 I0.0197 J0.
N24695 X-0.0197 Z-0.2512 I-0.0197 J0.
N24700 X0.0197 Z-0.2535 I0.0197 J0.
N24705 X-0.0197 Z-0.2559 I-0.0197 J0.
N24710 X0.0197 Z-0.2583 I0.0197 J0.
N24715 X-0.0197 Z-0.2606 I-0.0197 J0.
N24720 X0.0197 Z-0.263 I0.0197 J0.
N24725 X-0.0197 Z-0.2654 I-0.0197 J0.
N24730 X0.0197 Z-0.2677 I0.0197 J0.
N24735 X-0.0197 Z-0.2701 I-0.0197 J0.
N24740 X0.0197 Z-0.2724 I0.0197 J0.
N24745 X-0.0197 Z-0.2748 I-0.0197 J0.
N24750 X0.0197 Z-0.2772 I0.0197 J0.
N24755 X-0.0197 Z-0.2795 I-0.0197 J0.
N24760 X0.0197 Z-0.2819 I0.0197 J0.
N24765 X-0.0197 Z-0.2843 I-0.0197 J0.
N24770 X0.0197 Z-0.2866 I0.0197 J0.
N24775 X-0.0197 Z-0.289 I-0.0197 J0.
N24780 X0.0197 Z-0.2913 I0.0197 J0.
N24785 X-0.0197 Z-0.2937 I-0.0197 J0.
N24790 X0.0197 Z-0.2961 I0.0197 J0.
N24795 X-0.0197 Z-0.2984 I-0.0197 J0.
N24800 X0.0197 Z-0.3008 I0.0197 J0.
N24805 X-0.0197 Z-0.3031 I-0.0197 J0.
N24810 X0.0197 Z-0.3055 I0.0197 J0.
N24815 X-0.0197 Z-0.3079 I-0.0197 J0.
N24820 X0.0197 Z-0.3102 I0.0197 J0.
N24825 X-0.0197 Z-0.3126 I-0.0197 J0.
N24830 X0.0197 Z-0.315 I0.0197 J0.
N24835 X-0.0197 Z-0.3173 I-0.0197 J0.
N24840 X0.0197 Z-0.3197 I0.0197 J0.
N24845 X-0.0197 Z-0.322 I-0.0197 J0.
N24850 X0.0197 Z-0.3244 I0.0197 J0.
N24855 X-0.0197 Z-0.3268 I-0.0197 J0.
N24860 X0.0197 Z-0.3291 I0.0197 J0.
N24865 X-0.0197 Z-0.3315 I-0.0197 J0.
N24870 X0.0197 Z-0.3339 I0.0197 J0.
N24875 X-0.0197 Z-0.3362 I-0.0197 J0.
N24880 X0.0197 Z-0.3386 I0.0197 J0.
N24885 X-0.0197 Z-0.3409 I-0.0197 J0.
N24890 X0.0197 Z-0.3433 I0.0197 J0.
N24895 X-0.0197 Z-0.3457 I-0.0197 J0.
N24900 X0.0197 Z-0.348 I0.0197 J0.
N24905 X-0.0197 Z-0.3504 I-0.0197 J0.
N24910 X0.0197 Z-0.3528 I0.0197 J0.
N24915 X-0.0197 Z-0.3551 I-0.0197 J0.
N24920 X0.0197 Z-0.3575 I0.0197 J0.
N24925 X-0.0197 Z-0.3598 I-0.0197 J0.
N24930 X0.0197 Z-0.3622 I0.0197 J0.
N24935 X-0.0197 Z-0.3646 I-0.0197 J0.
N24940 X0.0197 Z-0.3669 I0.0197 J0.
N24945 X-0.0197 Z-0.3693 I-0.0197 J0.
N24950 X0.0197 Z-0.3717 I0.0197 J0.
N24955 X-0.0197 Z-0.374 I-0.0197 J0.
N24960 X0.0197 Z-0.3764 I0.0197 J0.
N24965 X-0.0197 Z-0.3787 I-0.0197 J0.
N24970 X0.0197 Z-0.3811 I0.0197 J0.
N24975 X-0.0197 Z-0.3835 I-0.0197 J0.
N24980 X0.0197 Z-0.3858 I0.0197 J0.
N24985 X-0.0197 Z-0.3882 I-0.0197 J0.
N24990 X0.0197 Z-0.3906 I0.0197 J0.
N24995 X-0.0197 Z-0.3929 I-0.0197 J0.
N25000 X0.0197 Z-0.3953 I0.0197 J0.
N25005 X-0.0197 Z-0.3976 I-0.0197 J0.
N25010 X0.0197 Z-0.4 I0.0197 J0.
N25015 X-0.0197 Z-0.4024 I-0.0197 J0.
N25020 X0.0197 Z-0.4047 I0.0197 J0.
N25025 X-0.0197 Z-0.4071 I-0.0197 J0.
N25030 X0.0197 Z-0.4094 I0.0197 J0.
N25035 X-0.0197 Z-0.4118 I-0.0197 J0.
N25040 X0.0197 Z-0.4142 I0.0197 J0.
N25045 X-0.0197 Z-0.4165 I-0.0197 J0.
N25050 X0.0197 Z-0.4189 I0.0197 J0.
N25055 X-0.0197 Z-0.4213 I-0.0197 J0.
N25060 X0.0197 Z-0.4236 I0.0197 J0.
N25065 X-0.0197 Z-0.426 I-0.0197 J0.
N25070 X0.0197 Z-0.4283 I0.0197 J0.
N25075 X-0.0197 Z-0.4307 I-0.0197 J0.
N25080 X0.0197 Z-0.4331 I0.0197 J0.
N25085 X-0.0197 Z-0.4354 I-0.0197 J0.
N25090 X0.0197 Z-0.4378 I0.0197 J0.
N25095 X-0.0197 Z-0.4402 I-0.0197 J0.
N25100 X0.0197 Z-0.4425 I0.0197 J0.
N25105 X-0.0197 Z-0.4449 I-0.0197 J0.
N25110 X0.0197 Z-0.4472 I0.0197 J0.
N25115 X-0.0197 Z-0.4496 I-0.0197 J0.
N25120 X0.0197 Z-0.452 I0.0197 J0.
N25125 X-0.0197 Z-0.4543 I-0.0197 J0.
N25130 X0.0197 Z-0.4567 I0.0197 J0.
N25135 X-0.0197 Z-0.4591 I-0.0197 J0.
N25140 X0.0197 Z-0.4614 I0.0197 J0.
N25145 X-0.0197 Z-0.4638 I-0.0197 J0.
N25150 X0.0197 Z-0.4661 I0.0197 J0.
N25155 X-0.0197 Z-0.4685 I-0.0197 J0.
N25160 X0.0197 Z-0.4709 I0.0197 J0.
N25165 X-0.0197 Z-0.4732 I-0.0197 J0.
N25170 X0.0197 Z-0.4756 I0.0197 J0.
N25175 X-0.0197 Z-0.478 I-0.0197 J0.
N25180 X0.0197 Z-0.4803 I0.0197 J0.
N25185 X-0.0197 Z-0.4827 I-0.0197 J0.
N25190 X0.0197 Z-0.485 I0.0197 J0.
N25195 X-0.0197 Z-0.4874 I-0.0197 J0.
N25200 X0.0197 Z-0.4898 I0.0197 J0.
N25205 X-0.0197 Z-0.4921 I-0.0197 J0.
N25210 X0.0197 Z-0.4945 I0.0197 J0.
N25215 X-0.0197 Z-0.4969 I-0.0197 J0.
N25220 X0.0197 Z-0.4992 I0.0197 J0.
N25225 X-0.0197 Z-0.5016 I-0.0197 J0.
N25230 X0.0197 Z-0.5039 I0.0197 J0.
N25235 X-0.0197 Z-0.5063 I-0.0197 J0.
N25240 X0.0197 Z-0.5087 I0.0197 J0.
N25245 X-0.0197 Z-0.511 I-0.0197 J0.
N25250 X0.0197 Z-0.5134 I0.0197 J0.
N25255 X-0.0197 Z-0.5157 I-0.0197 J0.
N25260 X0.0197 Z-0.5181 I0.0197 J0.
N25265 X-0.0197 Z-0.5205 I-0.0197 J0.
N25270 X0.0197 Z-0.5228 I0.0197 J0.
N25275 X-0.0197 Z-0.5252 I-0.0197 J0.
N25280 X0.0197 Z-0.5276 I0.0197 J0.
N25285 X-0.0197 Z-0.5299 I-0.0197 J0.
N25290 X0.0197 Z-0.5323 I0.0197 J0.
N25295 X-0.0197 Z-0.5346 I-0.0197 J0.
N25300 X0.0197 Z-0.537 I0.0197 J0.
N25305 X-0.0197 Z-0.5394 I-0.0197 J0.
N25310 X0.0197 Z-0.5417 I0.0197 J0.
N25315 X-0.0197 Z-0.5441 I-0.0197 J0.
N25320 X0.0197 Z-0.5465 I0.0197 J0.
N25325 X-0.0197 Z-0.5488 I-0.0197 J0.
N25330 X0.0197 Z-0.5512 I0.0197 J0.
N25335 X-0.0197 Z-0.5535 I-0.0197 J0.
N25340 X0.0197 Z-0.5559 I0.0197 J0.
N25345 X-0.0197 Z-0.5583 I-0.0197 J0.
N25350 X0.0197 Z-0.5606 I0.0197 J0.
N25355 X-0.0197 Z-0.563 I-0.0197 J0.
N25360 X0.0197 Z-0.5654 I0.0197 J0.
N25365 X-0.0197 Z-0.5677 I-0.0197 J0.
N25370 X0.0197 Z-0.5701 I0.0197 J0.
N25375 X-0.0197 Z-0.5724 I-0.0197 J0.
N25380 X0.0197 Z-0.5748 I0.0197 J0.
N25385 X-0.0197 Z-0.5772 I-0.0197 J0.
N25390 X0.0197 Z-0.5795 I0.0197 J0.
N25395 X-0.0197 Z-0.5819 I-0.0197 J0.
N25400 X0.0197 Z-0.5843 I0.0197 J0.
N25405 X-0.0197 Z-0.5866 I-0.0197 J0.
N25410 X0.0197 Z-0.589 I0.0197 J0.
N25415 X-0.0197 Z-0.5913 I-0.0197 J0.
N25420 X0.0197 Z-0.5937 I0.0197 J0.
N25425 X-0.0197 Z-0.5961 I-0.0197 J0.
N25430 X0.0197 Z-0.5984 I0.0197 J0.
N25435 X-0.0197 Z-0.6008 I-0.0197 J0.
N25440 X0.0197 Z-0.6031 I0.0197 J0.
N25445 X-0.0197 Z-0.6055 I-0.0197 J0.
N25450 X0.0197 Z-0.6079 I0.0197 J0.
N25455 X-0.0197 Z-0.6102 I-0.0197 J0.
N25460 X0.0197 Z-0.6126 I0.0197 J0.
N25465 X-0.0197 Z-0.615 I-0.0197 J0.
N25470 X0.0197 Z-0.6173 I0.0197 J0.
N25475 X-0.0197 Z-0.6197 I-0.0197 J0.
N25480 X0.0197 Z-0.622 I0.0197 J0.
N25485 X-0.0197 Z-0.6244 I-0.0197 J0.
N25490 X0.0197 Z-0.6268 I0.0197 J0.
N25495 X-0.0197 Z-0.6291 I-0.0197 J0.
N25500 X0.0197 Z-0.6315 I0.0197 J0.
N25505 X-0.0197 Z-0.6339 I-0.0197 J0.
N25510 X0.0197 Z-0.6362 I0.0197 J0.
N25515 X-0.0197 Z-0.6386 I-0.0197 J0.
N25520 X0. Y-0.6594 Z-0.6398 I0.0197 J0.
N25525 Y-0.6201 I0. J0.0197
N25530 Y-0.6594 I0. J-0.0197
N25535 X0.0079 Y-0.6516 I0. J0.0079
N25540 G1 Y-0.6437
N25545 G19 G3 Y-0.6358 Z-0.6319 J0. K0.0079
N25550 G1 Z0.1969
N25555 X-0.0039 Y-0.6476
N25560 Z0.1181
N25565 Z0.0472
N25570 G18 G2 X0.0039 Z0.0394 I0.0079 K0.
N25575 G1 X0.0118
N25580 G17 G3 X0.0197 Y-0.6398 I0. J0.0079
N25585 X-0.0197 Z0.037 I-0.0197 J0.
N25590 X0.0197 Z0.0346 I0.0197 J0.
N25595 X-0.0197 Z0.0323 I-0.0197 J0.
N25600 X0.0197 Z0.0299 I0.0197 J0.
N25605 X-0.0197 Z0.0276 I-0.0197 J0.
N25610 X0.0197 Z0.0252 I0.0197 J0.
N25615 X-0.0197 Z0.0228 I-0.0197 J0.
N25620 X0.0197 Z0.0205 I0.0197 J0.
N25625 X-0.0197 Z0.0181 I-0.0197 J0.
N25630 X0.0197 Z0.0157 I0.0197 J0.
N25635 X-0.0197 Z0.0134 I-0.0197 J0.
N25640 X0.0197 Z0.011 I0.0197 J0.
N25645 X-0.0197 Z0.0087 I-0.0197 J0.
N25650 X0.0197 Z0.0063 I0.0197 J0.
N25655 X-0.0197 Z0.0039 I-0.0197 J0.
N25660 X0.0197 Z0.0016 I0.0197 J0.
N25665 X-0.0197 Z-0.0008 I-0.0197 J0.
N25670 X0.0197 Z-0.0031 I0.0197 J0.
N25675 X-0.0197 Z-0.0055 I-0.0197 J0.
N25680 X0.0197 Z-0.0079 I0.0197 J0.
N25685 X-0.0197 Z-0.0102 I-0.0197 J0.
N25690 X0.0197 Z-0.0126 I0.0197 J0.
N25695 X-0.0197 Z-0.015 I-0.0197 J0.
N25700 X0.0197 Z-0.0173 I0.0197 J0.
N25705 X-0.0197 Z-0.0197 I-0.0197 J0.
N25710 X0.0197 Z-0.022 I0.0197 J0.
N25715 X-0.0197 Z-0.0244 I-0.0197 J0.
N25720 X0.0197 Z-0.0268 I0.0197 J0.
N25725 X-0.0197 Z-0.0291 I-0.0197 J0.
N25730 X0.0197 Z-0.0315 I0.0197 J0.
N25735 X-0.0197 Z-0.0339 I-0.0197 J0.
N25740 X0.0197 Z-0.0362 I0.0197 J0.
N25745 X-0.0197 Z-0.0386 I-0.0197 J0.
N25750 X0.0197 Z-0.0409 I0.0197 J0.
N25755 X-0.0197 Z-0.0433 I-0.0197 J0.
N25760 X0.0197 Z-0.0457 I0.0197 J0.
N25765 X-0.0197 Z-0.048 I-0.0197 J0.
N25770 X0.0197 Z-0.0504 I0.0197 J0.
N25775 X-0.0197 Z-0.0528 I-0.0197 J0.
N25780 X0.0197 Z-0.0551 I0.0197 J0.
N25785 X-0.0197 Z-0.0575 I-0.0197 J0.
N25790 X0.0197 Z-0.0598 I0.0197 J0.
N25795 X-0.0197 Z-0.0622 I-0.0197 J0.
N25800 X0.0197 Z-0.0646 I0.0197 J0.
N25805 X-0.0197 Z-0.0669 I-0.0197 J0.
N25810 X0.0197 Z-0.0693 I0.0197 J0.
N25815 X-0.0197 Z-0.0717 I-0.0197 J0.
N25820 X0.0197 Z-0.074 I0.0197 J0.
N25825 X-0.0197 Z-0.0764 I-0.0197 J0.
N25830 X0.0197 Z-0.0787 I0.0197 J0.
N25835 X-0.0197 Z-0.0811 I-0.0197 J0.
N25840 X0.0197 Z-0.0835 I0.0197 J0.
N25845 X-0.0197 Z-0.0858 I-0.0197 J0.
N25850 X0.0197 Z-0.0882 I0.0197 J0.
N25855 X-0.0197 Z-0.0906 I-0.0197 J0.
N25860 X0.0197 Z-0.0929 I0.0197 J0.
N25865 X-0.0197 Z-0.0953 I-0.0197 J0.
N25870 X0.0197 Z-0.0976 I0.0197 J0.
N25875 X-0.0197 Z-0.1 I-0.0197 J0.
N25880 X0.0197 Z-0.1024 I0.0197 J0.
N25885 X-0.0197 Z-0.1047 I-0.0197 J0.
N25890 X0.0197 Z-0.1071 I0.0197 J0.
N25895 X-0.0197 Z-0.1094 I-0.0197 J0.
N25900 X0.0197 Z-0.1118 I0.0197 J0.
N25905 X-0.0197 Z-0.1142 I-0.0197 J0.
N25910 X0.0197 Z-0.1165 I0.0197 J0.
N25915 X-0.0197 Z-0.1189 I-0.0197 J0.
N25920 X0.0197 Z-0.1213 I0.0197 J0.
N25925 X-0.0197 Z-0.1236 I-0.0197 J0.
N25930 X0.0197 Z-0.126 I0.0197 J0.
N25935 X-0.0197 Z-0.1283 I-0.0197 J0.
N25940 X0.0197 Z-0.1307 I0.0197 J0.
N25945 X-0.0197 Z-0.1331 I-0.0197 J0.
N25950 X0.0197 Z-0.1354 I0.0197 J0.
N25955 X-0.0197 Z-0.1378 I-0.0197 J0.
N25960 X0.0197 Z-0.1402 I0.0197 J0.
N25965 X-0.0197 Z-0.1425 I-0.0197 J0.
N25970 X0.0197 Z-0.1449 I0.0197 J0.
N25975 X-0.0197 Z-0.1472 I-0.0197 J0.
N25980 X0.0197 Z-0.1496 I0.0197 J0.
N25985 X-0.0197 Z-0.152 I-0.0197 J0.
N25990 X0.0197 Z-0.1543 I0.0197 J0.
N25995 X-0.0197 Z-0.1567 I-0.0197 J0.
N26000 X0.0197 Z-0.1591 I0.0197 J0.
N26005 X-0.0197 Z-0.1614 I-0.0197 J0.
N26010 X0.0197 Z-0.1638 I0.0197 J0.
N26015 X-0.0197 Z-0.1661 I-0.0197 J0.
N26020 X0.0197 Z-0.1685 I0.0197 J0.
N26025 X-0.0197 Z-0.1709 I-0.0197 J0.
N26030 X0.0197 Z-0.1732 I0.0197 J0.
N26035 X-0.0197 Z-0.1756 I-0.0197 J0.
N26040 X0.0197 Z-0.178 I0.0197 J0.
N26045 X-0.0197 Z-0.1803 I-0.0197 J0.
N26050 X0.0197 Z-0.1827 I0.0197 J0.
N26055 X-0.0197 Z-0.185 I-0.0197 J0.
N26060 X0.0197 Z-0.1874 I0.0197 J0.
N26065 X-0.0197 Z-0.1898 I-0.0197 J0.
N26070 X0.0197 Z-0.1921 I0.0197 J0.
N26075 X-0.0197 Z-0.1945 I-0.0197 J0.
N26080 X0.0197 Z-0.1969 I0.0197 J0.
N26085 X-0.0197 Z-0.1992 I-0.0197 J0.
N26090 X0.0197 Z-0.2016 I0.0197 J0.
N26095 X-0.0197 Z-0.2039 I-0.0197 J0.
N26100 X0.0197 Z-0.2063 I0.0197 J0.
N26105 X-0.0197 Z-0.2087 I-0.0197 J0.
N26110 X0.0197 Z-0.211 I0.0197 J0.
N26115 X-0.0197 Z-0.2134 I-0.0197 J0.
N26120 X0.0197 Z-0.2157 I0.0197 J0.
N26125 X-0.0197 Z-0.2181 I-0.0197 J0.
N26130 X0.0197 Z-0.2205 I0.0197 J0.
N26135 X-0.0197 Z-0.2228 I-0.0197 J0.
N26140 X0.0197 Z-0.2252 I0.0197 J0.
N26145 X-0.0197 Z-0.2276 I-0.0197 J0.
N26150 X0.0197 Z-0.2299 I0.0197 J0.
N26155 X-0.0197 Z-0.2323 I-0.0197 J0.
N26160 X0.0197 Z-0.2346 I0.0197 J0.
N26165 X-0.0197 Z-0.237 I-0.0197 J0.
N26170 X0.0197 Z-0.2394 I0.0197 J0.
N26175 X-0.0197 Z-0.2417 I-0.0197 J0.
N26180 X0.0197 Z-0.2441 I0.0197 J0.
N26185 X-0.0197 Z-0.2465 I-0.0197 J0.
N26190 X0.0197 Z-0.2488 I0.0197 J0.
N26195 X-0.0197 Z-0.2512 I-0.0197 J0.
N26200 X0.0197 Z-0.2535 I0.0197 J0.
N26205 X-0.0197 Z-0.2559 I-0.0197 J0.
N26210 X0.0197 Z-0.2583 I0.0197 J0.
N26215 X-0.0197 Z-0.2606 I-0.0197 J0.
N26220 X0.0197 Z-0.263 I0.0197 J0.
N26225 X-0.0197 Z-0.2654 I-0.0197 J0.
N26230 X0.0197 Z-0.2677 I0.0197 J0.
N26235 X-0.0197 Z-0.2701 I-0.0197 J0.
N26240 X0.0197 Z-0.2724 I0.0197 J0.
N26245 X-0.0197 Z-0.2748 I-0.0197 J0.
N26250 X0.0197 Z-0.2772 I0.0197 J0.
N26255 X-0.0197 Z-0.2795 I-0.0197 J0.
N26260 X0.0197 Z-0.2819 I0.0197 J0.
N26265 X-0.0197 Z-0.2843 I-0.0197 J0.
N26270 X0.0197 Z-0.2866 I0.0197 J0.
N26275 X-0.0197 Z-0.289 I-0.0197 J0.
N26280 X0.0197 Z-0.2913 I0.0197 J0.
N26285 X-0.0197 Z-0.2937 I-0.0197 J0.
N26290 X0.0197 Z-0.2961 I0.0197 J0.
N26295 X-0.0197 Z-0.2984 I-0.0197 J0.
N26300 X0.0197 Z-0.3008 I0.0197 J0.
N26305 X-0.0197 Z-0.3031 I-0.0197 J0.
N26310 X0.0197 Z-0.3055 I0.0197 J0.
N26315 X-0.0197 Z-0.3079 I-0.0197 J0.
N26320 X0.0197 Z-0.3102 I0.0197 J0.
N26325 X-0.0197 Z-0.3126 I-0.0197 J0.
N26330 X0.0197 Z-0.315 I0.0197 J0.
N26335 X-0.0197 Z-0.3173 I-0.0197 J0.
N26340 X0.0197 Z-0.3197 I0.0197 J0.
N26345 X-0.0197 Z-0.322 I-0.0197 J0.
N26350 X0.0197 Z-0.3244 I0.0197 J0.
N26355 X-0.0197 Z-0.3268 I-0.0197 J0.
N26360 X0.0197 Z-0.3291 I0.0197 J0.
N26365 X-0.0197 Z-0.3315 I-0.0197 J0.
N26370 X0.0197 Z-0.3339 I0.0197 J0.
N26375 X-0.0197 Z-0.3362 I-0.0197 J0.
N26380 X0.0197 Z-0.3386 I0.0197 J0.
N26385 X-0.0197 Z-0.3409 I-0.0197 J0.
N26390 X0.0197 Z-0.3433 I0.0197 J0.
N26395 X-0.0197 Z-0.3457 I-0.0197 J0.
N26400 X0.0197 Z-0.348 I0.0197 J0.
N26405 X-0.0197 Z-0.3504 I-0.0197 J0.
N26410 X0.0197 Z-0.3528 I0.0197 J0.
N26415 X-0.0197 Z-0.3551 I-0.0197 J0.
N26420 X0.0197 Z-0.3575 I0.0197 J0.
N26425 X-0.0197 Z-0.3598 I-0.0197 J0.
N26430 X0.0197 Z-0.3622 I0.0197 J0.
N26435 X-0.0197 Z-0.3646 I-0.0197 J0.
N26440 X0.0197 Z-0.3669 I0.0197 J0.
N26445 X-0.0197 Z-0.3693 I-0.0197 J0.
N26450 X0.0197 Z-0.3717 I0.0197 J0.
N26455 X-0.0197 Z-0.374 I-0.0197 J0.
N26460 X0.0197 Z-0.3764 I0.0197 J0.
N26465 X-0.0197 Z-0.3787 I-0.0197 J0.
N26470 X0.0197 Z-0.3811 I0.0197 J0.
N26475 X-0.0197 Z-0.3835 I-0.0197 J0.
N26480 X0.0197 Z-0.3858 I0.0197 J0.
N26485 X-0.0197 Z-0.3882 I-0.0197 J0.
N26490 X0.0197 Z-0.3906 I0.0197 J0.
N26495 X-0.0197 Z-0.3929 I-0.0197 J0.
N26500 X0.0197 Z-0.3953 I0.0197 J0.
N26505 X-0.0197 Z-0.3976 I-0.0197 J0.
N26510 X0.0197 Z-0.4 I0.0197 J0.
N26515 X-0.0197 Z-0.4024 I-0.0197 J0.
N26520 X0.0197 Z-0.4047 I0.0197 J0.
N26525 X-0.0197 Z-0.4071 I-0.0197 J0.
N26530 X0.0197 Z-0.4094 I0.0197 J0.
N26535 X-0.0197 Z-0.4118 I-0.0197 J0.
N26540 X0.0197 Z-0.4142 I0.0197 J0.
N26545 X-0.0197 Z-0.4165 I-0.0197 J0.
N26550 X0.0197 Z-0.4189 I0.0197 J0.
N26555 X-0.0197 Z-0.4213 I-0.0197 J0.
N26560 X0.0197 Z-0.4236 I0.0197 J0.
N26565 X-0.0197 Z-0.426 I-0.0197 J0.
N26570 X0.0197 Z-0.4283 I0.0197 J0.
N26575 X-0.0197 Z-0.4307 I-0.0197 J0.
N26580 X0.0197 Z-0.4331 I0.0197 J0.
N26585 X-0.0197 Z-0.4354 I-0.0197 J0.
N26590 X0.0197 Z-0.4378 I0.0197 J0.
N26595 X-0.0197 Z-0.4402 I-0.0197 J0.
N26600 X0.0197 Z-0.4425 I0.0197 J0.
N26605 X-0.0197 Z-0.4449 I-0.0197 J0.
N26610 X0.0197 Z-0.4472 I0.0197 J0.
N26615 X-0.0197 Z-0.4496 I-0.0197 J0.
N26620 X0.0197 Z-0.452 I0.0197 J0.
N26625 X-0.0197 Z-0.4543 I-0.0197 J0.
N26630 X0.0197 Z-0.4567 I0.0197 J0.
N26635 X-0.0197 Z-0.4591 I-0.0197 J0.
N26640 X0.0197 Z-0.4614 I0.0197 J0.
N26645 X-0.0197 Z-0.4638 I-0.0197 J0.
N26650 X0.0197 Z-0.4661 I0.0197 J0.
N26655 X-0.0197 Z-0.4685 I-0.0197 J0.
N26660 X0.0197 Z-0.4709 I0.0197 J0.
N26665 X-0.0197 Z-0.4732 I-0.0197 J0.
N26670 X0.0197 Z-0.4756 I0.0197 J0.
N26675 X-0.0197 Z-0.478 I-0.0197 J0.
N26680 X0.0197 Z-0.4803 I0.0197 J0.
N26685 X-0.0197 Z-0.4827 I-0.0197 J0.
N26690 X0.0197 Z-0.485 I0.0197 J0.
N26695 X-0.0197 Z-0.4874 I-0.0197 J0.
N26700 X0.0197 Z-0.4898 I0.0197 J0.
N26705 X-0.0197 Z-0.4921 I-0.0197 J0.
N26710 X0.0197 Z-0.4945 I0.0197 J0.
N26715 X-0.0197 Z-0.4969 I-0.0197 J0.
N26720 X0.0197 Z-0.4992 I0.0197 J0.
N26725 X-0.0197 Z-0.5016 I-0.0197 J0.
N26730 X0.0197 Z-0.5039 I0.0197 J0.
N26735 X-0.0197 Z-0.5063 I-0.0197 J0.
N26740 X0.0197 Z-0.5087 I0.0197 J0.
N26745 X-0.0197 Z-0.511 I-0.0197 J0.
N26750 X0.0197 Z-0.5134 I0.0197 J0.
N26755 X-0.0197 Z-0.5157 I-0.0197 J0.
N26760 X0.0197 Z-0.5181 I0.0197 J0.
N26765 X-0.0197 Z-0.5205 I-0.0197 J0.
N26770 X0.0197 Z-0.5228 I0.0197 J0.
N26775 X-0.0197 Z-0.5252 I-0.0197 J0.
N26780 X0.0197 Z-0.5276 I0.0197 J0.
N26785 X-0.0197 Z-0.5299 I-0.0197 J0.
N26790 X0.0197 Z-0.5323 I0.0197 J0.
N26795 X-0.0197 Z-0.5346 I-0.0197 J0.
N26800 X0.0197 Z-0.537 I0.0197 J0.
N26805 X-0.0197 Z-0.5394 I-0.0197 J0.
N26810 X0.0197 Z-0.5417 I0.0197 J0.
N26815 X-0.0197 Z-0.5441 I-0.0197 J0.
N26820 X0.0197 Z-0.5465 I0.0197 J0.
N26825 X-0.0197 Z-0.5488 I-0.0197 J0.
N26830 X0.0197 Z-0.5512 I0.0197 J0.
N26835 X-0.0197 Z-0.5535 I-0.0197 J0.
N26840 X0.0197 Z-0.5559 I0.0197 J0.
N26845 X-0.0197 Z-0.5583 I-0.0197 J0.
N26850 X0.0197 Z-0.5606 I0.0197 J0.
N26855 X-0.0197 Z-0.563 I-0.0197 J0.
N26860 X0.0197 Z-0.5654 I0.0197 J0.
N26865 X-0.0197 Z-0.5677 I-0.0197 J0.
N26870 X0.0197 Z-0.5701 I0.0197 J0.
N26875 X-0.0197 Z-0.5724 I-0.0197 J0.
N26880 X0.0197 Z-0.5748 I0.0197 J0.
N26885 X-0.0197 Z-0.5772 I-0.0197 J0.
N26890 X0.0197 Z-0.5795 I0.0197 J0.
N26895 X-0.0197 Z-0.5819 I-0.0197 J0.
N26900 X0.0197 Z-0.5843 I0.0197 J0.
N26905 X-0.0197 Z-0.5866 I-0.0197 J0.
N26910 X0.0197 Z-0.589 I0.0197 J0.
N26915 X-0.0197 Z-0.5913 I-0.0197 J0.
N26920 X0.0197 Z-0.5937 I0.0197 J0.
N26925 X-0.0197 Z-0.5961 I-0.0197 J0.
N26930 X0.0197 Z-0.5984 I0.0197 J0.
N26935 X-0.0197 Z-0.6008 I-0.0197 J0.
N26940 X0.0197 Z-0.6031 I0.0197 J0.
N26945 X-0.0197 Z-0.6055 I-0.0197 J0.
N26950 X0.0197 Z-0.6079 I0.0197 J0.
N26955 X-0.0197 Z-0.6102 I-0.0197 J0.
N26960 X0.0197 Z-0.6126 I0.0197 J0.
N26965 X-0.0197 Z-0.615 I-0.0197 J0.
N26970 X0.0197 Z-0.6173 I0.0197 J0.
N26975 X-0.0197 Z-0.6197 I-0.0197 J0.
N26980 X0.0197 Z-0.622 I0.0197 J0.
N26985 X-0.0197 Z-0.6244 I-0.0197 J0.
N26990 X0.0197 Z-0.6268 I0.0197 J0.
N26995 X-0.0197 Z-0.6291 I-0.0197 J0.
N27000 X0.0197 Z-0.6315 I0.0197 J0.
N27005 X-0.0197 Z-0.6339 I-0.0197 J0.
N27010 X0.0197 Z-0.6362 I0.0197 J0.
N27015 X-0.0197 Z-0.6386 I-0.0197 J0.
N27020 X0. Y-0.6594 Z-0.6398 I0.0197 J0.
N27025 Y-0.6201 I0. J0.0197
N27030 Y-0.6594 I0. J-0.0197
N27035 X0.0079 Y-0.6516 I0. J0.0079
N27040 G1 Y-0.6437
N27045 G19 G3 Y-0.6358 Z-0.6319 J0. K0.0079
N27050 G1 Z0.1969
N27055 X-0.0039 Y-0.2277
N27060 Z0.1181
N27065 Z0.0472
N27070 G18 G2 X0.0039 Z0.0394 I0.0079 K0.
N27075 G1 X0.0118
N27080 G17 G3 X0.0197 Y-0.2198 I0. J0.0079
N27085 X-0.0197 Z0.037 I-0.0197 J0.
N27090 X0.0197 Z0.0346 I0.0197 J0.
N27095 X-0.0197 Z0.0323 I-0.0197 J0.
N27100 X0.0197 Z0.0299 I0.0197 J0.
N27105 X-0.0197 Z0.0276 I-0.0197 J0.
N27110 X0.0197 Z0.0252 I0.0197 J0.
N27115 X-0.0197 Z0.0228 I-0.0197 J0.
N27120 X0.0197 Z0.0205 I0.0197 J0.
N27125 X-0.0197 Z0.0181 I-0.0197 J0.
N27130 X0.0197 Z0.0157 I0.0197 J0.
N27135 X-0.0197 Z0.0134 I-0.0197 J0.
N27140 X0.0197 Z0.011 I0.0197 J0.
N27145 X-0.0197 Z0.0087 I-0.0197 J0.
N27150 X0.0197 Z0.0063 I0.0197 J0.
N27155 X-0.0197 Z0.0039 I-0.0197 J0.
N27160 X0.0197 Z0.0016 I0.0197 J0.
N27165 X-0.0197 Z-0.0008 I-0.0197 J0.
N27170 X0.0197 Z-0.0031 I0.0197 J0.
N27175 X-0.0197 Z-0.0055 I-0.0197 J0.
N27180 X0.0197 Z-0.0079 I0.0197 J0.
N27185 X-0.0197 Z-0.0102 I-0.0197 J0.
N27190 X0.0197 Z-0.0126 I0.0197 J0.
N27195 X-0.0197 Z-0.015 I-0.0197 J0.
N27200 X0.0197 Z-0.0173 I0.0197 J0.
N27205 X-0.0197 Z-0.0197 I-0.0197 J0.
N27210 X0.0197 Z-0.022 I0.0197 J0.
N27215 X-0.0197 Z-0.0244 I-0.0197 J0.
N27220 X0.0197 Z-0.0268 I0.0197 J0.
N27225 X-0.0197 Z-0.0291 I-0.0197 J0.
N27230 X0.0197 Z-0.0315 I0.0197 J0.
N27235 X-0.0197 Z-0.0339 I-0.0197 J0.
N27240 X0.0197 Z-0.0362 I0.0197 J0.
N27245 X-0.0197 Z-0.0386 I-0.0197 J0.
N27250 X0.0197 Z-0.0409 I0.0197 J0.
N27255 X-0.0197 Z-0.0433 I-0.0197 J0.
N27260 X0.0197 Z-0.0457 I0.0197 J0.
N27265 X-0.0197 Z-0.048 I-0.0197 J0.
N27270 X0.0197 Z-0.0504 I0.0197 J0.
N27275 X-0.0197 Z-0.0528 I-0.0197 J0.
N27280 X0.0197 Z-0.0551 I0.0197 J0.
N27285 X-0.0197 Z-0.0575 I-0.0197 J0.
N27290 X0.0197 Z-0.0598 I0.0197 J0.
N27295 X-0.0197 Z-0.0622 I-0.0197 J0.
N27300 X0.0197 Z-0.0646 I0.0197 J0.
N27305 X-0.0197 Z-0.0669 I-0.0197 J0.
N27310 X0.0197 Z-0.0693 I0.0197 J0.
N27315 X-0.0197 Z-0.0717 I-0.0197 J0.
N27320 X0.0197 Z-0.074 I0.0197 J0.
N27325 X-0.0197 Z-0.0764 I-0.0197 J0.
N27330 X0.0197 Z-0.0787 I0.0197 J0.
N27335 X-0.0197 Z-0.0811 I-0.0197 J0.
N27340 X0.0197 Z-0.0835 I0.0197 J0.
N27345 X-0.0197 Z-0.0858 I-0.0197 J0.
N27350 X0.0197 Z-0.0882 I0.0197 J0.
N27355 X-0.0197 Z-0.0906 I-0.0197 J0.
N27360 X0.0197 Z-0.0929 I0.0197 J0.
N27365 X-0.0197 Z-0.0953 I-0.0197 J0.
N27370 X0.0197 Z-0.0976 I0.0197 J0.
N27375 X-0.0197 Z-0.1 I-0.0197 J0.
N27380 X0.0197 Z-0.1024 I0.0197 J0.
N27385 X-0.0197 Z-0.1047 I-0.0197 J0.
N27390 X0.0197 Z-0.1071 I0.0197 J0.
N27395 X-0.0197 Z-0.1094 I-0.0197 J0.
N27400 X0.0197 Z-0.1118 I0.0197 J0.
N27405 X-0.0197 Z-0.1142 I-0.0197 J0.
N27410 X0.0197 Z-0.1165 I0.0197 J0.
N27415 X-0.0197 Z-0.1189 I-0.0197 J0.
N27420 X0.0197 Z-0.1213 I0.0197 J0.
N27425 X-0.0197 Z-0.1236 I-0.0197 J0.
N27430 X0.0197 Z-0.126 I0.0197 J0.
N27435 X-0.0197 Z-0.1283 I-0.0197 J0.
N27440 X0.0197 Z-0.1307 I0.0197 J0.
N27445 X-0.0197 Z-0.1331 I-0.0197 J0.
N27450 X0.0197 Z-0.1354 I0.0197 J0.
N27455 X-0.0197 Z-0.1378 I-0.0197 J0.
N27460 X0.0197 Z-0.1402 I0.0197 J0.
N27465 X-0.0197 Z-0.1425 I-0.0197 J0.
N27470 X0.0197 Z-0.1449 I0.0197 J0.
N27475 X-0.0197 Z-0.1472 I-0.0197 J0.
N27480 X0.0197 Z-0.1496 I0.0197 J0.
N27485 X-0.0197 Z-0.152 I-0.0197 J0.
N27490 X0.0197 Z-0.1543 I0.0197 J0.
N27495 X-0.0197 Z-0.1567 I-0.0197 J0.
N27500 X0.0197 Z-0.1591 I0.0197 J0.
N27505 X-0.0197 Z-0.1614 I-0.0197 J0.
N27510 X0.0197 Z-0.1638 I0.0197 J0.
N27515 X-0.0197 Z-0.1661 I-0.0197 J0.
N27520 X0.0197 Z-0.1685 I0.0197 J0.
N27525 X-0.0197 Z-0.1709 I-0.0197 J0.
N27530 X0.0197 Z-0.1732 I0.0197 J0.
N27535 X-0.0197 Z-0.1756 I-0.0197 J0.
N27540 X0.0197 Z-0.178 I0.0197 J0.
N27545 X-0.0197 Z-0.1803 I-0.0197 J0.
N27550 X0.0197 Z-0.1827 I0.0197 J0.
N27555 X-0.0197 Z-0.185 I-0.0197 J0.
N27560 X0.0197 Z-0.1874 I0.0197 J0.
N27565 X-0.0197 Z-0.1898 I-0.0197 J0.
N27570 X0.0197 Z-0.1921 I0.0197 J0.
N27575 X-0.0197 Z-0.1945 I-0.0197 J0.
N27580 X0.0197 Z-0.1969 I0.0197 J0.
N27585 X-0.0197 Z-0.1992 I-0.0197 J0.
N27590 X0.0197 Z-0.2016 I0.0197 J0.
N27595 X-0.0197 Z-0.2039 I-0.0197 J0.
N27600 X0.0197 Z-0.2063 I0.0197 J0.
N27605 X-0.0197 Z-0.2087 I-0.0197 J0.
N27610 X0.0197 Z-0.211 I0.0197 J0.
N27615 X-0.0197 Z-0.2134 I-0.0197 J0.
N27620 X0.0197 Z-0.2157 I0.0197 J0.
N27625 X-0.0197 Z-0.2181 I-0.0197 J0.
N27630 X0.0197 Z-0.2205 I0.0197 J0.
N27635 X-0.0197 Z-0.2228 I-0.0197 J0.
N27640 X0.0197 Z-0.2252 I0.0197 J0.
N27645 X-0.0197 Z-0.2276 I-0.0197 J0.
N27650 X0.0197 Z-0.2299 I0.0197 J0.
N27655 X-0.0197 Z-0.2323 I-0.0197 J0.
N27660 X0.0197 Z-0.2346 I0.0197 J0.
N27665 X-0.0197 Z-0.237 I-0.0197 J0.
N27670 X0.0197 Z-0.2394 I0.0197 J0.
N27675 X-0.0197 Z-0.2417 I-0.0197 J0.
N27680 X0.0197 Z-0.2441 I0.0197 J0.
N27685 X-0.0197 Z-0.2465 I-0.0197 J0.
N27690 X0.0197 Z-0.2488 I0.0197 J0.
N27695 X-0.0197 Z-0.2512 I-0.0197 J0.
N27700 X0.0197 Z-0.2535 I0.0197 J0.
N27705 X-0.0197 Z-0.2559 I-0.0197 J0.
N27710 X0.0197 Z-0.2583 I0.0197 J0.
N27715 X-0.0197 Z-0.2606 I-0.0197 J0.
N27720 X0.0197 Z-0.263 I0.0197 J0.
N27725 X-0.0197 Z-0.2654 I-0.0197 J0.
N27730 X0.0197 Z-0.2677 I0.0197 J0.
N27735 X-0.0197 Z-0.2701 I-0.0197 J0.
N27740 X0.0197 Z-0.2724 I0.0197 J0.
N27745 X-0.0197 Z-0.2748 I-0.0197 J0.
N27750 X0.0197 Z-0.2772 I0.0197 J0.
N27755 X-0.0197 Z-0.2795 I-0.0197 J0.
N27760 X0.0197 Z-0.2819 I0.0197 J0.
N27765 X-0.0197 Z-0.2843 I-0.0197 J0.
N27770 X0.0197 Z-0.2866 I0.0197 J0.
N27775 X-0.0197 Z-0.289 I-0.0197 J0.
N27780 X0.0197 Z-0.2913 I0.0197 J0.
N27785 X-0.0197 Z-0.2937 I-0.0197 J0.
N27790 X0.0197 Z-0.2961 I0.0197 J0.
N27795 X-0.0197 Z-0.2984 I-0.0197 J0.
N27800 X0.0197 Z-0.3008 I0.0197 J0.
N27805 X-0.0197 Z-0.3031 I-0.0197 J0.
N27810 X0.0197 Z-0.3055 I0.0197 J0.
N27815 X-0.0197 Z-0.3079 I-0.0197 J0.
N27820 X0.0197 Z-0.3102 I0.0197 J0.
N27825 X-0.0197 Z-0.3126 I-0.0197 J0.
N27830 X0.0197 Z-0.315 I0.0197 J0.
N27835 X-0.0197 Z-0.3173 I-0.0197 J0.
N27840 X0.0197 Z-0.3197 I0.0197 J0.
N27845 X-0.0197 Z-0.322 I-0.0197 J0.
N27850 X0.0197 Z-0.3244 I0.0197 J0.
N27855 X-0.0197 Z-0.3268 I-0.0197 J0.
N27860 X0.0197 Z-0.3291 I0.0197 J0.
N27865 X-0.0197 Z-0.3315 I-0.0197 J0.
N27870 X0.0197 Z-0.3339 I0.0197 J0.
N27875 X-0.0197 Z-0.3362 I-0.0197 J0.
N27880 X0.0197 Z-0.3386 I0.0197 J0.
N27885 X-0.0197 Z-0.3409 I-0.0197 J0.
N27890 X0.0197 Z-0.3433 I0.0197 J0.
N27895 X-0.0197 Z-0.3457 I-0.0197 J0.
N27900 X0.0197 Z-0.348 I0.0197 J0.
N27905 X-0.0197 Z-0.3504 I-0.0197 J0.
N27910 X0.0197 Z-0.3528 I0.0197 J0.
N27915 X-0.0197 Z-0.3551 I-0.0197 J0.
N27920 X0.0197 Z-0.3575 I0.0197 J0.
N27925 X-0.0197 Z-0.3598 I-0.0197 J0.
N27930 X0.0197 Z-0.3622 I0.0197 J0.
N27935 X-0.0197 Z-0.3646 I-0.0197 J0.
N27940 X0.0197 Z-0.3669 I0.0197 J0.
N27945 X-0.0197 Z-0.3693 I-0.0197 J0.
N27950 X0.0197 Z-0.3717 I0.0197 J0.
N27955 X-0.0197 Z-0.374 I-0.0197 J0.
N27960 X0.0197 Z-0.3764 I0.0197 J0.
N27965 X-0.0197 Z-0.3787 I-0.0197 J0.
N27970 X0.0197 Z-0.3811 I0.0197 J0.
N27975 X-0.0197 Z-0.3835 I-0.0197 J0.
N27980 X0.0197 Z-0.3858 I0.0197 J0.
N27985 X-0.0197 Z-0.3882 I-0.0197 J0.
N27990 X0.0197 Z-0.3906 I0.0197 J0.
N27995 X-0.0197 Z-0.3929 I-0.0197 J0.
N28000 X0.0197 Z-0.3953 I0.0197 J0.
N28005 X-0.0197 Z-0.3976 I-0.0197 J0.
N28010 X0.0197 Z-0.4 I0.0197 J0.
N28015 X-0.0197 Z-0.4024 I-0.0197 J0.
N28020 X0.0197 Z-0.4047 I0.0197 J0.
N28025 X-0.0197 Z-0.4071 I-0.0197 J0.
N28030 X0.0197 Z-0.4094 I0.0197 J0.
N28035 X-0.0197 Z-0.4118 I-0.0197 J0.
N28040 X0.0197 Z-0.4142 I0.0197 J0.
N28045 X-0.0197 Z-0.4165 I-0.0197 J0.
N28050 X0.0197 Z-0.4189 I0.0197 J0.
N28055 X-0.0197 Z-0.4213 I-0.0197 J0.
N28060 X0.0197 Z-0.4236 I0.0197 J0.
N28065 X-0.0197 Z-0.426 I-0.0197 J0.
N28070 X0.0197 Z-0.4283 I0.0197 J0.
N28075 X-0.0197 Z-0.4307 I-0.0197 J0.
N28080 X0.0197 Z-0.4331 I0.0197 J0.
N28085 X-0.0197 Z-0.4354 I-0.0197 J0.
N28090 X0.0197 Z-0.4378 I0.0197 J0.
N28095 X-0.0197 Z-0.4402 I-0.0197 J0.
N28100 X0.0197 Z-0.4425 I0.0197 J0.
N28105 X-0.0197 Z-0.4449 I-0.0197 J0.
N28110 X0.0197 Z-0.4472 I0.0197 J0.
N28115 X-0.0197 Z-0.4496 I-0.0197 J0.
N28120 X0.0197 Z-0.452 I0.0197 J0.
N28125 X-0.0197 Z-0.4543 I-0.0197 J0.
N28130 X0.0197 Z-0.4567 I0.0197 J0.
N28135 X-0.0197 Z-0.4591 I-0.0197 J0.
N28140 X0.0197 Z-0.4614 I0.0197 J0.
N28145 X-0.0197 Z-0.4638 I-0.0197 J0.
N28150 X0.0197 Z-0.4661 I0.0197 J0.
N28155 X-0.0197 Z-0.4685 I-0.0197 J0.
N28160 X0.0197 Z-0.4709 I0.0197 J0.
N28165 X-0.0197 Z-0.4732 I-0.0197 J0.
N28170 X0.0197 Z-0.4756 I0.0197 J0.
N28175 X-0.0197 Z-0.478 I-0.0197 J0.
N28180 X0.0197 Z-0.4803 I0.0197 J0.
N28185 X-0.0197 Z-0.4827 I-0.0197 J0.
N28190 X0.0197 Z-0.485 I0.0197 J0.
N28195 X-0.0197 Z-0.4874 I-0.0197 J0.
N28200 X0.0197 Z-0.4898 I0.0197 J0.
N28205 X-0.0197 Z-0.4921 I-0.0197 J0.
N28210 X0.0197 Z-0.4945 I0.0197 J0.
N28215 X-0.0197 Z-0.4969 I-0.0197 J0.
N28220 X0.0197 Z-0.4992 I0.0197 J0.
N28225 X-0.0197 Z-0.5016 I-0.0197 J0.
N28230 X0.0197 Z-0.5039 I0.0197 J0.
N28235 X-0.0197 Z-0.5063 I-0.0197 J0.
N28240 X0.0197 Z-0.5087 I0.0197 J0.
N28245 X-0.0197 Z-0.511 I-0.0197 J0.
N28250 X0.0197 Z-0.5134 I0.0197 J0.
N28255 X-0.0197 Z-0.5157 I-0.0197 J0.
N28260 X0.0197 Z-0.5181 I0.0197 J0.
N28265 X-0.0197 Z-0.5205 I-0.0197 J0.
N28270 X0.0197 Z-0.5228 I0.0197 J0.
N28275 X-0.0197 Z-0.5252 I-0.0197 J0.
N28280 X0.0197 Z-0.5276 I0.0197 J0.
N28285 X-0.0197 Z-0.5299 I-0.0197 J0.
N28290 X0.0197 Z-0.5323 I0.0197 J0.
N28295 X-0.0197 Z-0.5346 I-0.0197 J0.
N28300 X0.0197 Z-0.537 I0.0197 J0.
N28305 X-0.0197 Z-0.5394 I-0.0197 J0.
N28310 X0.0197 Z-0.5417 I0.0197 J0.
N28315 X-0.0197 Z-0.5441 I-0.0197 J0.
N28320 X0.0197 Z-0.5465 I0.0197 J0.
N28325 X-0.0197 Z-0.5488 I-0.0197 J0.
N28330 X0.0197 Z-0.5512 I0.0197 J0.
N28335 X-0.0197 Z-0.5535 I-0.0197 J0.
N28340 X0.0197 Z-0.5559 I0.0197 J0.
N28345 X-0.0197 Z-0.5583 I-0.0197 J0.
N28350 X0.0197 Z-0.5606 I0.0197 J0.
N28355 X-0.0197 Z-0.563 I-0.0197 J0.
N28360 X0.0197 Z-0.5654 I0.0197 J0.
N28365 X-0.0197 Z-0.5677 I-0.0197 J0.
N28370 X0.0197 Z-0.5701 I0.0197 J0.
N28375 X-0.0197 Z-0.5724 I-0.0197 J0.
N28380 X0.0197 Z-0.5748 I0.0197 J0.
N28385 X-0.0197 Z-0.5772 I-0.0197 J0.
N28390 X0.0197 Z-0.5795 I0.0197 J0.
N28395 X-0.0197 Z-0.5819 I-0.0197 J0.
N28400 X0.0197 Z-0.5843 I0.0197 J0.
N28405 X-0.0197 Z-0.5866 I-0.0197 J0.
N28410 X0.0197 Z-0.589 I0.0197 J0.
N28415 X-0.0197 Z-0.5913 I-0.0197 J0.
N28420 X0.0197 Z-0.5937 I0.0197 J0.
N28425 X-0.0197 Z-0.5961 I-0.0197 J0.
N28430 X0.0197 Z-0.5984 I0.0197 J0.
N28435 X-0.0197 Z-0.6008 I-0.0197 J0.
N28440 X0.0197 Z-0.6031 I0.0197 J0.
N28445 X-0.0197 Z-0.6055 I-0.0197 J0.
N28450 X0.0197 Z-0.6079 I0.0197 J0.
N28455 X-0.0197 Z-0.6102 I-0.0197 J0.
N28460 X0.0197 Z-0.6126 I0.0197 J0.
N28465 X-0.0197 Z-0.615 I-0.0197 J0.
N28470 X0.0197 Z-0.6173 I0.0197 J0.
N28475 X-0.0197 Z-0.6197 I-0.0197 J0.
N28480 X0.0197 Z-0.622 I0.0197 J0.
N28485 X-0.0197 Z-0.6244 I-0.0197 J0.
N28490 X0.0197 Z-0.6268 I0.0197 J0.
N28495 X-0.0197 Z-0.6291 I-0.0197 J0.
N28500 X0.0197 Z-0.6315 I0.0197 J0.
N28505 X-0.0197 Z-0.6339 I-0.0197 J0.
N28510 X0.0197 Z-0.6362 I0.0197 J0.
N28515 X-0.0197 Z-0.6386 I-0.0197 J0.
N28520 X0. Y-0.2395 Z-0.6398 I0.0197 J0.
N28525 Y-0.2001 I0. J0.0197
N28530 Y-0.2395 I0. J-0.0197
N28535 X0.0079 Y-0.2316 I0. J0.0079
N28540 G1 Y-0.2238
N28545 G19 G3 Y-0.2159 Z-0.6319 J0. K0.0079
N28550 G1 Z0.1969
N28555 X-0.0039 Y-0.2277
N28560 Z0.1181
N28565 Z0.0472
N28570 G18 G2 X0.0039 Z0.0394 I0.0079 K0.
N28575 G1 X0.0118
N28580 G17 G3 X0.0197 Y-0.2198 I0. J0.0079
N28585 X-0.0197 Z0.037 I-0.0197 J0.
N28590 X0.0197 Z0.0346 I0.0197 J0.
N28595 X-0.0197 Z0.0323 I-0.0197 J0.
N28600 X0.0197 Z0.0299 I0.0197 J0.
N28605 X-0.0197 Z0.0276 I-0.0197 J0.
N28610 X0.0197 Z0.0252 I0.0197 J0.
N28615 X-0.0197 Z0.0228 I-0.0197 J0.
N28620 X0.0197 Z0.0205 I0.0197 J0.
N28625 X-0.0197 Z0.0181 I-0.0197 J0.
N28630 X0.0197 Z0.0157 I0.0197 J0.
N28635 X-0.0197 Z0.0134 I-0.0197 J0.
N28640 X0.0197 Z0.011 I0.0197 J0.
N28645 X-0.0197 Z0.0087 I-0.0197 J0.
N28650 X0.0197 Z0.0063 I0.0197 J0.
N28655 X-0.0197 Z0.0039 I-0.0197 J0.
N28660 X0.0197 Z0.0016 I0.0197 J0.
N28665 X-0.0197 Z-0.0008 I-0.0197 J0.
N28670 X0.0197 Z-0.0031 I0.0197 J0.
N28675 X-0.0197 Z-0.0055 I-0.0197 J0.
N28680 X0.0197 Z-0.0079 I0.0197 J0.
N28685 X-0.0197 Z-0.0102 I-0.0197 J0.
N28690 X0.0197 Z-0.0126 I0.0197 J0.
N28695 X-0.0197 Z-0.015 I-0.0197 J0.
N28700 X0.0197 Z-0.0173 I0.0197 J0.
N28705 X-0.0197 Z-0.0197 I-0.0197 J0.
N28710 X0.0197 Z-0.022 I0.0197 J0.
N28715 X-0.0197 Z-0.0244 I-0.0197 J0.
N28720 X0.0197 Z-0.0268 I0.0197 J0.
N28725 X-0.0197 Z-0.0291 I-0.0197 J0.
N28730 X0.0197 Z-0.0315 I0.0197 J0.
N28735 X-0.0197 Z-0.0339 I-0.0197 J0.
N28740 X0.0197 Z-0.0362 I0.0197 J0.
N28745 X-0.0197 Z-0.0386 I-0.0197 J0.
N28750 X0.0197 Z-0.0409 I0.0197 J0.
N28755 X-0.0197 Z-0.0433 I-0.0197 J0.
N28760 X0.0197 Z-0.0457 I0.0197 J0.
N28765 X-0.0197 Z-0.048 I-0.0197 J0.
N28770 X0.0197 Z-0.0504 I0.0197 J0.
N28775 X-0.0197 Z-0.0528 I-0.0197 J0.
N28780 X0.0197 Z-0.0551 I0.0197 J0.
N28785 X-0.0197 Z-0.0575 I-0.0197 J0.
N28790 X0.0197 Z-0.0598 I0.0197 J0.
N28795 X-0.0197 Z-0.0622 I-0.0197 J0.
N28800 X0.0197 Z-0.0646 I0.0197 J0.
N28805 X-0.0197 Z-0.0669 I-0.0197 J0.
N28810 X0.0197 Z-0.0693 I0.0197 J0.
N28815 X-0.0197 Z-0.0717 I-0.0197 J0.
N28820 X0.0197 Z-0.074 I0.0197 J0.
N28825 X-0.0197 Z-0.0764 I-0.0197 J0.
N28830 X0.0197 Z-0.0787 I0.0197 J0.
N28835 X-0.0197 Z-0.0811 I-0.0197 J0.
N28840 X0.0197 Z-0.0835 I0.0197 J0.
N28845 X-0.0197 Z-0.0858 I-0.0197 J0.
N28850 X0.0197 Z-0.0882 I0.0197 J0.
N28855 X-0.0197 Z-0.0906 I-0.0197 J0.
N28860 X0.0197 Z-0.0929 I0.0197 J0.
N28865 X-0.0197 Z-0.0953 I-0.0197 J0.
N28870 X0.0197 Z-0.0976 I0.0197 J0.
N28875 X-0.0197 Z-0.1 I-0.0197 J0.
N28880 X0.0197 Z-0.1024 I0.0197 J0.
N28885 X-0.0197 Z-0.1047 I-0.0197 J0.
N28890 X0.0197 Z-0.1071 I0.0197 J0.
N28895 X-0.0197 Z-0.1094 I-0.0197 J0.
N28900 X0.0197 Z-0.1118 I0.0197 J0.
N28905 X-0.0197 Z-0.1142 I-0.0197 J0.
N28910 X0.0197 Z-0.1165 I0.0197 J0.
N28915 X-0.0197 Z-0.1189 I-0.0197 J0.
N28920 X0.0197 Z-0.1213 I0.0197 J0.
N28925 X-0.0197 Z-0.1236 I-0.0197 J0.
N28930 X0.0197 Z-0.126 I0.0197 J0.
N28935 X-0.0197 Z-0.1283 I-0.0197 J0.
N28940 X0.0197 Z-0.1307 I0.0197 J0.
N28945 X-0.0197 Z-0.1331 I-0.0197 J0.
N28950 X0.0197 Z-0.1354 I0.0197 J0.
N28955 X-0.0197 Z-0.1378 I-0.0197 J0.
N28960 X0.0197 Z-0.1402 I0.0197 J0.
N28965 X-0.0197 Z-0.1425 I-0.0197 J0.
N28970 X0.0197 Z-0.1449 I0.0197 J0.
N28975 X-0.0197 Z-0.1472 I-0.0197 J0.
N28980 X0.0197 Z-0.1496 I0.0197 J0.
N28985 X-0.0197 Z-0.152 I-0.0197 J0.
N28990 X0.0197 Z-0.1543 I0.0197 J0.
N28995 X-0.0197 Z-0.1567 I-0.0197 J0.
N29000 X0.0197 Z-0.1591 I0.0197 J0.
N29005 X-0.0197 Z-0.1614 I-0.0197 J0.
N29010 X0.0197 Z-0.1638 I0.0197 J0.
N29015 X-0.0197 Z-0.1661 I-0.0197 J0.
N29020 X0.0197 Z-0.1685 I0.0197 J0.
N29025 X-0.0197 Z-0.1709 I-0.0197 J0.
N29030 X0.0197 Z-0.1732 I0.0197 J0.
N29035 X-0.0197 Z-0.1756 I-0.0197 J0.
N29040 X0.0197 Z-0.178 I0.0197 J0.
N29045 X-0.0197 Z-0.1803 I-0.0197 J0.
N29050 X0.0197 Z-0.1827 I0.0197 J0.
N29055 X-0.0197 Z-0.185 I-0.0197 J0.
N29060 X0.0197 Z-0.1874 I0.0197 J0.
N29065 X-0.0197 Z-0.1898 I-0.0197 J0.
N29070 X0.0197 Z-0.1921 I0.0197 J0.
N29075 X-0.0197 Z-0.1945 I-0.0197 J0.
N29080 X0.0197 Z-0.1969 I0.0197 J0.
N29085 X-0.0197 Z-0.1992 I-0.0197 J0.
N29090 X0.0197 Z-0.2016 I0.0197 J0.
N29095 X-0.0197 Z-0.2039 I-0.0197 J0.
N29100 X0.0197 Z-0.2063 I0.0197 J0.
N29105 X-0.0197 Z-0.2087 I-0.0197 J0.
N29110 X0.0197 Z-0.211 I0.0197 J0.
N29115 X-0.0197 Z-0.2134 I-0.0197 J0.
N29120 X0.0197 Z-0.2157 I0.0197 J0.
N29125 X-0.0197 Z-0.2181 I-0.0197 J0.
N29130 X0.0197 Z-0.2205 I0.0197 J0.
N29135 X-0.0197 Z-0.2228 I-0.0197 J0.
N29140 X0.0197 Z-0.2252 I0.0197 J0.
N29145 X-0.0197 Z-0.2276 I-0.0197 J0.
N29150 X0.0197 Z-0.2299 I0.0197 J0.
N29155 X-0.0197 Z-0.2323 I-0.0197 J0.
N29160 X0.0197 Z-0.2346 I0.0197 J0.
N29165 X-0.0197 Z-0.237 I-0.0197 J0.
N29170 X0.0197 Z-0.2394 I0.0197 J0.
N29175 X-0.0197 Z-0.2417 I-0.0197 J0.
N29180 X0.0197 Z-0.2441 I0.0197 J0.
N29185 X-0.0197 Z-0.2465 I-0.0197 J0.
N29190 X0.0197 Z-0.2488 I0.0197 J0.
N29195 X-0.0197 Z-0.2512 I-0.0197 J0.
N29200 X0.0197 Z-0.2535 I0.0197 J0.
N29205 X-0.0197 Z-0.2559 I-0.0197 J0.
N29210 X0.0197 Z-0.2583 I0.0197 J0.
N29215 X-0.0197 Z-0.2606 I-0.0197 J0.
N29220 X0.0197 Z-0.263 I0.0197 J0.
N29225 X-0.0197 Z-0.2654 I-0.0197 J0.
N29230 X0.0197 Z-0.2677 I0.0197 J0.
N29235 X-0.0197 Z-0.2701 I-0.0197 J0.
N29240 X0.0197 Z-0.2724 I0.0197 J0.
N29245 X-0.0197 Z-0.2748 I-0.0197 J0.
N29250 X0.0197 Z-0.2772 I0.0197 J0.
N29255 X-0.0197 Z-0.2795 I-0.0197 J0.
N29260 X0.0197 Z-0.2819 I0.0197 J0.
N29265 X-0.0197 Z-0.2843 I-0.0197 J0.
N29270 X0.0197 Z-0.2866 I0.0197 J0.
N29275 X-0.0197 Z-0.289 I-0.0197 J0.
N29280 X0.0197 Z-0.2913 I0.0197 J0.
N29285 X-0.0197 Z-0.2937 I-0.0197 J0.
N29290 X0.0197 Z-0.2961 I0.0197 J0.
N29295 X-0.0197 Z-0.2984 I-0.0197 J0.
N29300 X0.0197 Z-0.3008 I0.0197 J0.
N29305 X-0.0197 Z-0.3031 I-0.0197 J0.
N29310 X0.0197 Z-0.3055 I0.0197 J0.
N29315 X-0.0197 Z-0.3079 I-0.0197 J0.
N29320 X0.0197 Z-0.3102 I0.0197 J0.
N29325 X-0.0197 Z-0.3126 I-0.0197 J0.
N29330 X0.0197 Z-0.315 I0.0197 J0.
N29335 X-0.0197 Z-0.3173 I-0.0197 J0.
N29340 X0.0197 Z-0.3197 I0.0197 J0.
N29345 X-0.0197 Z-0.322 I-0.0197 J0.
N29350 X0.0197 Z-0.3244 I0.0197 J0.
N29355 X-0.0197 Z-0.3268 I-0.0197 J0.
N29360 X0.0197 Z-0.3291 I0.0197 J0.
N29365 X-0.0197 Z-0.3315 I-0.0197 J0.
N29370 X0.0197 Z-0.3339 I0.0197 J0.
N29375 X-0.0197 Z-0.3362 I-0.0197 J0.
N29380 X0.0197 Z-0.3386 I0.0197 J0.
N29385 X-0.0197 Z-0.3409 I-0.0197 J0.
N29390 X0.0197 Z-0.3433 I0.0197 J0.
N29395 X-0.0197 Z-0.3457 I-0.0197 J0.
N29400 X0.0197 Z-0.348 I0.0197 J0.
N29405 X-0.0197 Z-0.3504 I-0.0197 J0.
N29410 X0.0197 Z-0.3528 I0.0197 J0.
N29415 X-0.0197 Z-0.3551 I-0.0197 J0.
N29420 X0.0197 Z-0.3575 I0.0197 J0.
N29425 X-0.0197 Z-0.3598 I-0.0197 J0.
N29430 X0.0197 Z-0.3622 I0.0197 J0.
N29435 X-0.0197 Z-0.3646 I-0.0197 J0.
N29440 X0.0197 Z-0.3669 I0.0197 J0.
N29445 X-0.0197 Z-0.3693 I-0.0197 J0.
N29450 X0.0197 Z-0.3717 I0.0197 J0.
N29455 X-0.0197 Z-0.374 I-0.0197 J0.
N29460 X0.0197 Z-0.3764 I0.0197 J0.
N29465 X-0.0197 Z-0.3787 I-0.0197 J0.
N29470 X0.0197 Z-0.3811 I0.0197 J0.
N29475 X-0.0197 Z-0.3835 I-0.0197 J0.
N29480 X0.0197 Z-0.3858 I0.0197 J0.
N29485 X-0.0197 Z-0.3882 I-0.0197 J0.
N29490 X0.0197 Z-0.3906 I0.0197 J0.
N29495 X-0.0197 Z-0.3929 I-0.0197 J0.
N29500 X0.0197 Z-0.3953 I0.0197 J0.
N29505 X-0.0197 Z-0.3976 I-0.0197 J0.
N29510 X0.0197 Z-0.4 I0.0197 J0.
N29515 X-0.0197 Z-0.4024 I-0.0197 J0.
N29520 X0.0197 Z-0.4047 I0.0197 J0.
N29525 X-0.0197 Z-0.4071 I-0.0197 J0.
N29530 X0.0197 Z-0.4094 I0.0197 J0.
N29535 X-0.0197 Z-0.4118 I-0.0197 J0.
N29540 X0.0197 Z-0.4142 I0.0197 J0.
N29545 X-0.0197 Z-0.4165 I-0.0197 J0.
N29550 X0.0197 Z-0.4189 I0.0197 J0.
N29555 X-0.0197 Z-0.4213 I-0.0197 J0.
N29560 X0.0197 Z-0.4236 I0.0197 J0.
N29565 X-0.0197 Z-0.426 I-0.0197 J0.
N29570 X0.0197 Z-0.4283 I0.0197 J0.
N29575 X-0.0197 Z-0.4307 I-0.0197 J0.
N29580 X0.0197 Z-0.4331 I0.0197 J0.
N29585 X-0.0197 Z-0.4354 I-0.0197 J0.
N29590 X0.0197 Z-0.4378 I0.0197 J0.
N29595 X-0.0197 Z-0.4402 I-0.0197 J0.
N29600 X0.0197 Z-0.4425 I0.0197 J0.
N29605 X-0.0197 Z-0.4449 I-0.0197 J0.
N29610 X0.0197 Z-0.4472 I0.0197 J0.
N29615 X-0.0197 Z-0.4496 I-0.0197 J0.
N29620 X0.0197 Z-0.452 I0.0197 J0.
N29625 X-0.0197 Z-0.4543 I-0.0197 J0.
N29630 X0.0197 Z-0.4567 I0.0197 J0.
N29635 X-0.0197 Z-0.4591 I-0.0197 J0.
N29640 X0.0197 Z-0.4614 I0.0197 J0.
N29645 X-0.0197 Z-0.4638 I-0.0197 J0.
N29650 X0.0197 Z-0.4661 I0.0197 J0.
N29655 X-0.0197 Z-0.4685 I-0.0197 J0.
N29660 X0.0197 Z-0.4709 I0.0197 J0.
N29665 X-0.0197 Z-0.4732 I-0.0197 J0.
N29670 X0.0197 Z-0.4756 I0.0197 J0.
N29675 X-0.0197 Z-0.478 I-0.0197 J0.
N29680 X0.0197 Z-0.4803 I0.0197 J0.
N29685 X-0.0197 Z-0.4827 I-0.0197 J0.
N29690 X0.0197 Z-0.485 I0.0197 J0.
N29695 X-0.0197 Z-0.4874 I-0.0197 J0.
N29700 X0.0197 Z-0.4898 I0.0197 J0.
N29705 X-0.0197 Z-0.4921 I-0.0197 J0.
N29710 X0.0197 Z-0.4945 I0.0197 J0.
N29715 X-0.0197 Z-0.4969 I-0.0197 J0.
N29720 X0.0197 Z-0.4992 I0.0197 J0.
N29725 X-0.0197 Z-0.5016 I-0.0197 J0.
N29730 X0.0197 Z-0.5039 I0.0197 J0.
N29735 X-0.0197 Z-0.5063 I-0.0197 J0.
N29740 X0.0197 Z-0.5087 I0.0197 J0.
N29745 X-0.0197 Z-0.511 I-0.0197 J0.
N29750 X0.0197 Z-0.5134 I0.0197 J0.
N29755 X-0.0197 Z-0.5157 I-0.0197 J0.
N29760 X0.0197 Z-0.5181 I0.0197 J0.
N29765 X-0.0197 Z-0.5205 I-0.0197 J0.
N29770 X0.0197 Z-0.5228 I0.0197 J0.
N29775 X-0.0197 Z-0.5252 I-0.0197 J0.
N29780 X0.0197 Z-0.5276 I0.0197 J0.
N29785 X-0.0197 Z-0.5299 I-0.0197 J0.
N29790 X0.0197 Z-0.5323 I0.0197 J0.
N29795 X-0.0197 Z-0.5346 I-0.0197 J0.
N29800 X0.0197 Z-0.537 I0.0197 J0.
N29805 X-0.0197 Z-0.5394 I-0.0197 J0.
N29810 X0.0197 Z-0.5417 I0.0197 J0.
N29815 X-0.0197 Z-0.5441 I-0.0197 J0.
N29820 X0.0197 Z-0.5465 I0.0197 J0.
N29825 X-0.0197 Z-0.5488 I-0.0197 J0.
N29830 X0.0197 Z-0.5512 I0.0197 J0.
N29835 X-0.0197 Z-0.5535 I-0.0197 J0.
N29840 X0.0197 Z-0.5559 I0.0197 J0.
N29845 X-0.0197 Z-0.5583 I-0.0197 J0.
N29850 X0.0197 Z-0.5606 I0.0197 J0.
N29855 X-0.0197 Z-0.563 I-0.0197 J0.
N29860 X0.0197 Z-0.5654 I0.0197 J0.
N29865 X-0.0197 Z-0.5677 I-0.0197 J0.
N29870 X0.0197 Z-0.5701 I0.0197 J0.
N29875 X-0.0197 Z-0.5724 I-0.0197 J0.
N29880 X0.0197 Z-0.5748 I0.0197 J0.
N29885 X-0.0197 Z-0.5772 I-0.0197 J0.
N29890 X0.0197 Z-0.5795 I0.0197 J0.
N29895 X-0.0197 Z-0.5819 I-0.0197 J0.
N29900 X0.0197 Z-0.5843 I0.0197 J0.
N29905 X-0.0197 Z-0.5866 I-0.0197 J0.
N29910 X0.0197 Z-0.589 I0.0197 J0.
N29915 X-0.0197 Z-0.5913 I-0.0197 J0.
N29920 X0.0197 Z-0.5937 I0.0197 J0.
N29925 X-0.0197 Z-0.5961 I-0.0197 J0.
N29930 X0.0197 Z-0.5984 I0.0197 J0.
N29935 X-0.0197 Z-0.6008 I-0.0197 J0.
N29940 X0.0197 Z-0.6031 I0.0197 J0.
N29945 X-0.0197 Z-0.6055 I-0.0197 J0.
N29950 X0.0197 Z-0.6079 I0.0197 J0.
N29955 X-0.0197 Z-0.6102 I-0.0197 J0.
N29960 X0.0197 Z-0.6126 I0.0197 J0.
N29965 X-0.0197 Z-0.615 I-0.0197 J0.
N29970 X0.0197 Z-0.6173 I0.0197 J0.
N29975 X-0.0197 Z-0.6197 I-0.0197 J0.
N29980 X0.0197 Z-0.622 I0.0197 J0.
N29985 X-0.0197 Z-0.6244 I-0.0197 J0.
N29990 X0.0197 Z-0.6268 I0.0197 J0.
N29995 X-0.0197 Z-0.6291 I-0.0197 J0.
N30000 X0.0197 Z-0.6315 I0.0197 J0.
N30005 X-0.0197 Z-0.6339 I-0.0197 J0.
N30010 X0.0197 Z-0.6362 I0.0197 J0.
N30015 X-0.0197 Z-0.6386 I-0.0197 J0.
N30020 X0. Y-0.2395 Z-0.6398 I0.0197 J0.
N30025 Y-0.2001 I0. J0.0197
N30030 Y-0.2395 I0. J-0.0197
N30035 X0.0079 Y-0.2316 I0. J0.0079
N30040 G1 Y-0.2238
N30045 G19 G3 Y-0.2159 Z-0.6319 J0. K0.0079
N30050 G1 Z0.1969
N30055 X-0.0039 Y0.1923
N30060 Z0.1181
N30065 Z0.0472
N30070 G18 G2 X0.0039 Z0.0394 I0.0079 K0.
N30075 G1 X0.0118
N30080 G17 G3 X0.0197 Y0.2001 I0. J0.0079
N30085 X-0.0197 Z0.037 I-0.0197 J0.
N30090 X0.0197 Z0.0346 I0.0197 J0.
N30095 X-0.0197 Z0.0323 I-0.0197 J0.
N30100 X0.0197 Z0.0299 I0.0197 J0.
N30105 X-0.0197 Z0.0276 I-0.0197 J0.
N30110 X0.0197 Z0.0252 I0.0197 J0.
N30115 X-0.0197 Z0.0228 I-0.0197 J0.
N30120 X0.0197 Z0.0205 I0.0197 J0.
N30125 X-0.0197 Z0.0181 I-0.0197 J0.
N30130 X0.0197 Z0.0157 I0.0197 J0.
N30135 X-0.0197 Z0.0134 I-0.0197 J0.
N30140 X0.0197 Z0.011 I0.0197 J0.
N30145 X-0.0197 Z0.0087 I-0.0197 J0.
N30150 X0.0197 Z0.0063 I0.0197 J0.
N30155 X-0.0197 Z0.0039 I-0.0197 J0.
N30160 X0.0197 Z0.0016 I0.0197 J0.
N30165 X-0.0197 Z-0.0008 I-0.0197 J0.
N30170 X0.0197 Z-0.0031 I0.0197 J0.
N30175 X-0.0197 Z-0.0055 I-0.0197 J0.
N30180 X0.0197 Z-0.0079 I0.0197 J0.
N30185 X-0.0197 Z-0.0102 I-0.0197 J0.
N30190 X0.0197 Z-0.0126 I0.0197 J0.
N30195 X-0.0197 Z-0.015 I-0.0197 J0.
N30200 X0.0197 Z-0.0173 I0.0197 J0.
N30205 X-0.0197 Z-0.0197 I-0.0197 J0.
N30210 X0.0197 Z-0.022 I0.0197 J0.
N30215 X-0.0197 Z-0.0244 I-0.0197 J0.
N30220 X0.0197 Z-0.0268 I0.0197 J0.
N30225 X-0.0197 Z-0.0291 I-0.0197 J0.
N30230 X0.0197 Z-0.0315 I0.0197 J0.
N30235 X-0.0197 Z-0.0339 I-0.0197 J0.
N30240 X0.0197 Z-0.0362 I0.0197 J0.
N30245 X-0.0197 Z-0.0386 I-0.0197 J0.
N30250 X0.0197 Z-0.0409 I0.0197 J0.
N30255 X-0.0197 Z-0.0433 I-0.0197 J0.
N30260 X0.0197 Z-0.0457 I0.0197 J0.
N30265 X-0.0197 Z-0.048 I-0.0197 J0.
N30270 X0.0197 Z-0.0504 I0.0197 J0.
N30275 X-0.0197 Z-0.0528 I-0.0197 J0.
N30280 X0.0197 Z-0.0551 I0.0197 J0.
N30285 X-0.0197 Z-0.0575 I-0.0197 J0.
N30290 X0.0197 Z-0.0598 I0.0197 J0.
N30295 X-0.0197 Z-0.0622 I-0.0197 J0.
N30300 X0.0197 Z-0.0646 I0.0197 J0.
N30305 X-0.0197 Z-0.0669 I-0.0197 J0.
N30310 X0.0197 Z-0.0693 I0.0197 J0.
N30315 X-0.0197 Z-0.0717 I-0.0197 J0.
N30320 X0.0197 Z-0.074 I0.0197 J0.
N30325 X-0.0197 Z-0.0764 I-0.0197 J0.
N30330 X0.0197 Z-0.0787 I0.0197 J0.
N30335 X-0.0197 Z-0.0811 I-0.0197 J0.
N30340 X0.0197 Z-0.0835 I0.0197 J0.
N30345 X-0.0197 Z-0.0858 I-0.0197 J0.
N30350 X0.0197 Z-0.0882 I0.0197 J0.
N30355 X-0.0197 Z-0.0906 I-0.0197 J0.
N30360 X0.0197 Z-0.0929 I0.0197 J0.
N30365 X-0.0197 Z-0.0953 I-0.0197 J0.
N30370 X0.0197 Z-0.0976 I0.0197 J0.
N30375 X-0.0197 Z-0.1 I-0.0197 J0.
N30380 X0.0197 Z-0.1024 I0.0197 J0.
N30385 X-0.0197 Z-0.1047 I-0.0197 J0.
N30390 X0.0197 Z-0.1071 I0.0197 J0.
N30395 X-0.0197 Z-0.1094 I-0.0197 J0.
N30400 X0.0197 Z-0.1118 I0.0197 J0.
N30405 X-0.0197 Z-0.1142 I-0.0197 J0.
N30410 X0.0197 Z-0.1165 I0.0197 J0.
N30415 X-0.0197 Z-0.1189 I-0.0197 J0.
N30420 X0.0197 Z-0.1213 I0.0197 J0.
N30425 X-0.0197 Z-0.1236 I-0.0197 J0.
N30430 X0.0197 Z-0.126 I0.0197 J0.
N30435 X-0.0197 Z-0.1283 I-0.0197 J0.
N30440 X0.0197 Z-0.1307 I0.0197 J0.
N30445 X-0.0197 Z-0.1331 I-0.0197 J0.
N30450 X0.0197 Z-0.1354 I0.0197 J0.
N30455 X-0.0197 Z-0.1378 I-0.0197 J0.
N30460 X0.0197 Z-0.1402 I0.0197 J0.
N30465 X-0.0197 Z-0.1425 I-0.0197 J0.
N30470 X0.0197 Z-0.1449 I0.0197 J0.
N30475 X-0.0197 Z-0.1472 I-0.0197 J0.
N30480 X0.0197 Z-0.1496 I0.0197 J0.
N30485 X-0.0197 Z-0.152 I-0.0197 J0.
N30490 X0.0197 Z-0.1543 I0.0197 J0.
N30495 X-0.0197 Z-0.1567 I-0.0197 J0.
N30500 X0.0197 Z-0.1591 I0.0197 J0.
N30505 X-0.0197 Z-0.1614 I-0.0197 J0.
N30510 X0.0197 Z-0.1638 I0.0197 J0.
N30515 X-0.0197 Z-0.1661 I-0.0197 J0.
N30520 X0.0197 Z-0.1685 I0.0197 J0.
N30525 X-0.0197 Z-0.1709 I-0.0197 J0.
N30530 X0.0197 Z-0.1732 I0.0197 J0.
N30535 X-0.0197 Z-0.1756 I-0.0197 J0.
N30540 X0.0197 Z-0.178 I0.0197 J0.
N30545 X-0.0197 Z-0.1803 I-0.0197 J0.
N30550 X0.0197 Z-0.1827 I0.0197 J0.
N30555 X-0.0197 Z-0.185 I-0.0197 J0.
N30560 X0.0197 Z-0.1874 I0.0197 J0.
N30565 X-0.0197 Z-0.1898 I-0.0197 J0.
N30570 X0.0197 Z-0.1921 I0.0197 J0.
N30575 X-0.0197 Z-0.1945 I-0.0197 J0.
N30580 X0.0197 Z-0.1969 I0.0197 J0.
N30585 X-0.0197 Z-0.1992 I-0.0197 J0.
N30590 X0.0197 Z-0.2016 I0.0197 J0.
N30595 X-0.0197 Z-0.2039 I-0.0197 J0.
N30600 X0.0197 Z-0.2063 I0.0197 J0.
N30605 X-0.0197 Z-0.2087 I-0.0197 J0.
N30610 X0.0197 Z-0.211 I0.0197 J0.
N30615 X-0.0197 Z-0.2134 I-0.0197 J0.
N30620 X0.0197 Z-0.2157 I0.0197 J0.
N30625 X-0.0197 Z-0.2181 I-0.0197 J0.
N30630 X0.0197 Z-0.2205 I0.0197 J0.
N30635 X-0.0197 Z-0.2228 I-0.0197 J0.
N30640 X0.0197 Z-0.2252 I0.0197 J0.
N30645 X-0.0197 Z-0.2276 I-0.0197 J0.
N30650 X0.0197 Z-0.2299 I0.0197 J0.
N30655 X-0.0197 Z-0.2323 I-0.0197 J0.
N30660 X0.0197 Z-0.2346 I0.0197 J0.
N30665 X-0.0197 Z-0.237 I-0.0197 J0.
N30670 X0.0197 Z-0.2394 I0.0197 J0.
N30675 X-0.0197 Z-0.2417 I-0.0197 J0.
N30680 X0.0197 Z-0.2441 I0.0197 J0.
N30685 X-0.0197 Z-0.2465 I-0.0197 J0.
N30690 X0.0197 Z-0.2488 I0.0197 J0.
N30695 X-0.0197 Z-0.2512 I-0.0197 J0.
N30700 X0.0197 Z-0.2535 I0.0197 J0.
N30705 X-0.0197 Z-0.2559 I-0.0197 J0.
N30710 X0.0197 Z-0.2583 I0.0197 J0.
N30715 X-0.0197 Z-0.2606 I-0.0197 J0.
N30720 X0.0197 Z-0.263 I0.0197 J0.
N30725 X-0.0197 Z-0.2654 I-0.0197 J0.
N30730 X0.0197 Z-0.2677 I0.0197 J0.
N30735 X-0.0197 Z-0.2701 I-0.0197 J0.
N30740 X0.0197 Z-0.2724 I0.0197 J0.
N30745 X-0.0197 Z-0.2748 I-0.0197 J0.
N30750 X0.0197 Z-0.2772 I0.0197 J0.
N30755 X-0.0197 Z-0.2795 I-0.0197 J0.
N30760 X0.0197 Z-0.2819 I0.0197 J0.
N30765 X-0.0197 Z-0.2843 I-0.0197 J0.
N30770 X0.0197 Z-0.2866 I0.0197 J0.
N30775 X-0.0197 Z-0.289 I-0.0197 J0.
N30780 X0.0197 Z-0.2913 I0.0197 J0.
N30785 X-0.0197 Z-0.2937 I-0.0197 J0.
N30790 X0.0197 Z-0.2961 I0.0197 J0.
N30795 X-0.0197 Z-0.2984 I-0.0197 J0.
N30800 X0.0197 Z-0.3008 I0.0197 J0.
N30805 X-0.0197 Z-0.3031 I-0.0197 J0.
N30810 X0.0197 Z-0.3055 I0.0197 J0.
N30815 X-0.0197 Z-0.3079 I-0.0197 J0.
N30820 X0.0197 Z-0.3102 I0.0197 J0.
N30825 X-0.0197 Z-0.3126 I-0.0197 J0.
N30830 X0.0197 Z-0.315 I0.0197 J0.
N30835 X-0.0197 Z-0.3173 I-0.0197 J0.
N30840 X0.0197 Z-0.3197 I0.0197 J0.
N30845 X-0.0197 Z-0.322 I-0.0197 J0.
N30850 X0.0197 Z-0.3244 I0.0197 J0.
N30855 X-0.0197 Z-0.3268 I-0.0197 J0.
N30860 X0.0197 Z-0.3291 I0.0197 J0.
N30865 X-0.0197 Z-0.3315 I-0.0197 J0.
N30870 X0.0197 Z-0.3339 I0.0197 J0.
N30875 X-0.0197 Z-0.3362 I-0.0197 J0.
N30880 X0.0197 Z-0.3386 I0.0197 J0.
N30885 X-0.0197 Z-0.3409 I-0.0197 J0.
N30890 X0.0197 Z-0.3433 I0.0197 J0.
N30895 X-0.0197 Z-0.3457 I-0.0197 J0.
N30900 X0.0197 Z-0.348 I0.0197 J0.
N30905 X-0.0197 Z-0.3504 I-0.0197 J0.
N30910 X0.0197 Z-0.3528 I0.0197 J0.
N30915 X-0.0197 Z-0.3551 I-0.0197 J0.
N30920 X0.0197 Z-0.3575 I0.0197 J0.
N30925 X-0.0197 Z-0.3598 I-0.0197 J0.
N30930 X0.0197 Z-0.3622 I0.0197 J0.
N30935 X-0.0197 Z-0.3646 I-0.0197 J0.
N30940 X0.0197 Z-0.3669 I0.0197 J0.
N30945 X-0.0197 Z-0.3693 I-0.0197 J0.
N30950 X0.0197 Z-0.3717 I0.0197 J0.
N30955 X-0.0197 Z-0.374 I-0.0197 J0.
N30960 X0.0197 Z-0.3764 I0.0197 J0.
N30965 X-0.0197 Z-0.3787 I-0.0197 J0.
N30970 X0.0197 Z-0.3811 I0.0197 J0.
N30975 X-0.0197 Z-0.3835 I-0.0197 J0.
N30980 X0.0197 Z-0.3858 I0.0197 J0.
N30985 X-0.0197 Z-0.3882 I-0.0197 J0.
N30990 X0.0197 Z-0.3906 I0.0197 J0.
N30995 X-0.0197 Z-0.3929 I-0.0197 J0.
N31000 X0.0197 Z-0.3953 I0.0197 J0.
N31005 X-0.0197 Z-0.3976 I-0.0197 J0.
N31010 X0.0197 Z-0.4 I0.0197 J0.
N31015 X-0.0197 Z-0.4024 I-0.0197 J0.
N31020 X0.0197 Z-0.4047 I0.0197 J0.
N31025 X-0.0197 Z-0.4071 I-0.0197 J0.
N31030 X0.0197 Z-0.4094 I0.0197 J0.
N31035 X-0.0197 Z-0.4118 I-0.0197 J0.
N31040 X0.0197 Z-0.4142 I0.0197 J0.
N31045 X-0.0197 Z-0.4165 I-0.0197 J0.
N31050 X0.0197 Z-0.4189 I0.0197 J0.
N31055 X-0.0197 Z-0.4213 I-0.0197 J0.
N31060 X0.0197 Z-0.4236 I0.0197 J0.
N31065 X-0.0197 Z-0.426 I-0.0197 J0.
N31070 X0.0197 Z-0.4283 I0.0197 J0.
N31075 X-0.0197 Z-0.4307 I-0.0197 J0.
N31080 X0.0197 Z-0.4331 I0.0197 J0.
N31085 X-0.0197 Z-0.4354 I-0.0197 J0.
N31090 X0.0197 Z-0.4378 I0.0197 J0.
N31095 X-0.0197 Z-0.4402 I-0.0197 J0.
N31100 X0.0197 Z-0.4425 I0.0197 J0.
N31105 X-0.0197 Z-0.4449 I-0.0197 J0.
N31110 X0.0197 Z-0.4472 I0.0197 J0.
N31115 X-0.0197 Z-0.4496 I-0.0197 J0.
N31120 X0.0197 Z-0.452 I0.0197 J0.
N31125 X-0.0197 Z-0.4543 I-0.0197 J0.
N31130 X0.0197 Z-0.4567 I0.0197 J0.
N31135 X-0.0197 Z-0.4591 I-0.0197 J0.
N31140 X0.0197 Z-0.4614 I0.0197 J0.
N31145 X-0.0197 Z-0.4638 I-0.0197 J0.
N31150 X0.0197 Z-0.4661 I0.0197 J0.
N31155 X-0.0197 Z-0.4685 I-0.0197 J0.
N31160 X0.0197 Z-0.4709 I0.0197 J0.
N31165 X-0.0197 Z-0.4732 I-0.0197 J0.
N31170 X0.0197 Z-0.4756 I0.0197 J0.
N31175 X-0.0197 Z-0.478 I-0.0197 J0.
N31180 X0.0197 Z-0.4803 I0.0197 J0.
N31185 X-0.0197 Z-0.4827 I-0.0197 J0.
N31190 X0.0197 Z-0.485 I0.0197 J0.
N31195 X-0.0197 Z-0.4874 I-0.0197 J0.
N31200 X0.0197 Z-0.4898 I0.0197 J0.
N31205 X-0.0197 Z-0.4921 I-0.0197 J0.
N31210 X0.0197 Z-0.4945 I0.0197 J0.
N31215 X-0.0197 Z-0.4969 I-0.0197 J0.
N31220 X0.0197 Z-0.4992 I0.0197 J0.
N31225 X-0.0197 Z-0.5016 I-0.0197 J0.
N31230 X0.0197 Z-0.5039 I0.0197 J0.
N31235 X-0.0197 Z-0.5063 I-0.0197 J0.
N31240 X0.0197 Z-0.5087 I0.0197 J0.
N31245 X-0.0197 Z-0.511 I-0.0197 J0.
N31250 X0.0197 Z-0.5134 I0.0197 J0.
N31255 X-0.0197 Z-0.5157 I-0.0197 J0.
N31260 X0.0197 Z-0.5181 I0.0197 J0.
N31265 X-0.0197 Z-0.5205 I-0.0197 J0.
N31270 X0.0197 Z-0.5228 I0.0197 J0.
N31275 X-0.0197 Z-0.5252 I-0.0197 J0.
N31280 X0.0197 Z-0.5276 I0.0197 J0.
N31285 X-0.0197 Z-0.5299 I-0.0197 J0.
N31290 X0.0197 Z-0.5323 I0.0197 J0.
N31295 X-0.0197 Z-0.5346 I-0.0197 J0.
N31300 X0.0197 Z-0.537 I0.0197 J0.
N31305 X-0.0197 Z-0.5394 I-0.0197 J0.
N31310 X0.0197 Z-0.5417 I0.0197 J0.
N31315 X-0.0197 Z-0.5441 I-0.0197 J0.
N31320 X0.0197 Z-0.5465 I0.0197 J0.
N31325 X-0.0197 Z-0.5488 I-0.0197 J0.
N31330 X0.0197 Z-0.5512 I0.0197 J0.
N31335 X-0.0197 Z-0.5535 I-0.0197 J0.
N31340 X0.0197 Z-0.5559 I0.0197 J0.
N31345 X-0.0197 Z-0.5583 I-0.0197 J0.
N31350 X0.0197 Z-0.5606 I0.0197 J0.
N31355 X-0.0197 Z-0.563 I-0.0197 J0.
N31360 X0.0197 Z-0.5654 I0.0197 J0.
N31365 X-0.0197 Z-0.5677 I-0.0197 J0.
N31370 X0.0197 Z-0.5701 I0.0197 J0.
N31375 X-0.0197 Z-0.5724 I-0.0197 J0.
N31380 X0.0197 Z-0.5748 I0.0197 J0.
N31385 X-0.0197 Z-0.5772 I-0.0197 J0.
N31390 X0.0197 Z-0.5795 I0.0197 J0.
N31395 X-0.0197 Z-0.5819 I-0.0197 J0.
N31400 X0.0197 Z-0.5843 I0.0197 J0.
N31405 X-0.0197 Z-0.5866 I-0.0197 J0.
N31410 X0.0197 Z-0.589 I0.0197 J0.
N31415 X-0.0197 Z-0.5913 I-0.0197 J0.
N31420 X0.0197 Z-0.5937 I0.0197 J0.
N31425 X-0.0197 Z-0.5961 I-0.0197 J0.
N31430 X0.0197 Z-0.5984 I0.0197 J0.
N31435 X-0.0197 Z-0.6008 I-0.0197 J0.
N31440 X0.0197 Z-0.6031 I0.0197 J0.
N31445 X-0.0197 Z-0.6055 I-0.0197 J0.
N31450 X0.0197 Z-0.6079 I0.0197 J0.
N31455 X-0.0197 Z-0.6102 I-0.0197 J0.
N31460 X0.0197 Z-0.6126 I0.0197 J0.
N31465 X-0.0197 Z-0.615 I-0.0197 J0.
N31470 X0.0197 Z-0.6173 I0.0197 J0.
N31475 X-0.0197 Z-0.6197 I-0.0197 J0.
N31480 X0.0197 Z-0.622 I0.0197 J0.
N31485 X-0.0197 Z-0.6244 I-0.0197 J0.
N31490 X0.0197 Z-0.6268 I0.0197 J0.
N31495 X-0.0197 Z-0.6291 I-0.0197 J0.
N31500 X0.0197 Z-0.6315 I0.0197 J0.
N31505 X-0.0197 Z-0.6339 I-0.0197 J0.
N31510 X0.0197 Z-0.6362 I0.0197 J0.
N31515 X-0.0197 Z-0.6386 I-0.0197 J0.
N31520 X0. Y0.1804 Z-0.6398 I0.0197 J0.
N31525 Y0.2198 I0. J0.0197
N31530 Y0.1804 I0. J-0.0197
N31535 X0.0079 Y0.1883 I0. J0.0079
N31540 G1 Y0.1962
N31545 G19 G3 Y0.2041 Z-0.6319 J0. K0.0079
N31550 G1 Z0.1969
N31555 X-0.0039 Y0.1923
N31560 Z0.1181
N31565 Z0.0472
N31570 G18 G2 X0.0039 Z0.0394 I0.0079 K0.
N31575 G1 X0.0118
N31580 G17 G3 X0.0197 Y0.2001 I0. J0.0079
N31585 X-0.0197 Z0.037 I-0.0197 J0.
N31590 X0.0197 Z0.0346 I0.0197 J0.
N31595 X-0.0197 Z0.0323 I-0.0197 J0.
N31600 X0.0197 Z0.0299 I0.0197 J0.
N31605 X-0.0197 Z0.0276 I-0.0197 J0.
N31610 X0.0197 Z0.0252 I0.0197 J0.
N31615 X-0.0197 Z0.0228 I-0.0197 J0.
N31620 X0.0197 Z0.0205 I0.0197 J0.
N31625 X-0.0197 Z0.0181 I-0.0197 J0.
N31630 X0.0197 Z0.0157 I0.0197 J0.
N31635 X-0.0197 Z0.0134 I-0.0197 J0.
N31640 X0.0197 Z0.011 I0.0197 J0.
N31645 X-0.0197 Z0.0087 I-0.0197 J0.
N31650 X0.0197 Z0.0063 I0.0197 J0.
N31655 X-0.0197 Z0.0039 I-0.0197 J0.
N31660 X0.0197 Z0.0016 I0.0197 J0.
N31665 X-0.0197 Z-0.0008 I-0.0197 J0.
N31670 X0.0197 Z-0.0031 I0.0197 J0.
N31675 X-0.0197 Z-0.0055 I-0.0197 J0.
N31680 X0.0197 Z-0.0079 I0.0197 J0.
N31685 X-0.0197 Z-0.0102 I-0.0197 J0.
N31690 X0.0197 Z-0.0126 I0.0197 J0.
N31695 X-0.0197 Z-0.015 I-0.0197 J0.
N31700 X0.0197 Z-0.0173 I0.0197 J0.
N31705 X-0.0197 Z-0.0197 I-0.0197 J0.
N31710 X0.0197 Z-0.022 I0.0197 J0.
N31715 X-0.0197 Z-0.0244 I-0.0197 J0.
N31720 X0.0197 Z-0.0268 I0.0197 J0.
N31725 X-0.0197 Z-0.0291 I-0.0197 J0.
N31730 X0.0197 Z-0.0315 I0.0197 J0.
N31735 X-0.0197 Z-0.0339 I-0.0197 J0.
N31740 X0.0197 Z-0.0362 I0.0197 J0.
N31745 X-0.0197 Z-0.0386 I-0.0197 J0.
N31750 X0.0197 Z-0.0409 I0.0197 J0.
N31755 X-0.0197 Z-0.0433 I-0.0197 J0.
N31760 X0.0197 Z-0.0457 I0.0197 J0.
N31765 X-0.0197 Z-0.048 I-0.0197 J0.
N31770 X0.0197 Z-0.0504 I0.0197 J0.
N31775 X-0.0197 Z-0.0528 I-0.0197 J0.
N31780 X0.0197 Z-0.0551 I0.0197 J0.
N31785 X-0.0197 Z-0.0575 I-0.0197 J0.
N31790 X0.0197 Z-0.0598 I0.0197 J0.
N31795 X-0.0197 Z-0.0622 I-0.0197 J0.
N31800 X0.0197 Z-0.0646 I0.0197 J0.
N31805 X-0.0197 Z-0.0669 I-0.0197 J0.
N31810 X0.0197 Z-0.0693 I0.0197 J0.
N31815 X-0.0197 Z-0.0717 I-0.0197 J0.
N31820 X0.0197 Z-0.074 I0.0197 J0.
N31825 X-0.0197 Z-0.0764 I-0.0197 J0.
N31830 X0.0197 Z-0.0787 I0.0197 J0.
N31835 X-0.0197 Z-0.0811 I-0.0197 J0.
N31840 X0.0197 Z-0.0835 I0.0197 J0.
N31845 X-0.0197 Z-0.0858 I-0.0197 J0.
N31850 X0.0197 Z-0.0882 I0.0197 J0.
N31855 X-0.0197 Z-0.0906 I-0.0197 J0.
N31860 X0.0197 Z-0.0929 I0.0197 J0.
N31865 X-0.0197 Z-0.0953 I-0.0197 J0.
N31870 X0.0197 Z-0.0976 I0.0197 J0.
N31875 X-0.0197 Z-0.1 I-0.0197 J0.
N31880 X0.0197 Z-0.1024 I0.0197 J0.
N31885 X-0.0197 Z-0.1047 I-0.0197 J0.
N31890 X0.0197 Z-0.1071 I0.0197 J0.
N31895 X-0.0197 Z-0.1094 I-0.0197 J0.
N31900 X0.0197 Z-0.1118 I0.0197 J0.
N31905 X-0.0197 Z-0.1142 I-0.0197 J0.
N31910 X0.0197 Z-0.1165 I0.0197 J0.
N31915 X-0.0197 Z-0.1189 I-0.0197 J0.
N31920 X0.0197 Z-0.1213 I0.0197 J0.
N31925 X-0.0197 Z-0.1236 I-0.0197 J0.
N31930 X0.0197 Z-0.126 I0.0197 J0.
N31935 X-0.0197 Z-0.1283 I-0.0197 J0.
N31940 X0.0197 Z-0.1307 I0.0197 J0.
N31945 X-0.0197 Z-0.1331 I-0.0197 J0.
N31950 X0.0197 Z-0.1354 I0.0197 J0.
N31955 X-0.0197 Z-0.1378 I-0.0197 J0.
N31960 X0.0197 Z-0.1402 I0.0197 J0.
N31965 X-0.0197 Z-0.1425 I-0.0197 J0.
N31970 X0.0197 Z-0.1449 I0.0197 J0.
N31975 X-0.0197 Z-0.1472 I-0.0197 J0.
N31980 X0.0197 Z-0.1496 I0.0197 J0.
N31985 X-0.0197 Z-0.152 I-0.0197 J0.
N31990 X0.0197 Z-0.1543 I0.0197 J0.
N31995 X-0.0197 Z-0.1567 I-0.0197 J0.
N32000 X0.0197 Z-0.1591 I0.0197 J0.
N32005 X-0.0197 Z-0.1614 I-0.0197 J0.
N32010 X0.0197 Z-0.1638 I0.0197 J0.
N32015 X-0.0197 Z-0.1661 I-0.0197 J0.
N32020 X0.0197 Z-0.1685 I0.0197 J0.
N32025 X-0.0197 Z-0.1709 I-0.0197 J0.
N32030 X0.0197 Z-0.1732 I0.0197 J0.
N32035 X-0.0197 Z-0.1756 I-0.0197 J0.
N32040 X0.0197 Z-0.178 I0.0197 J0.
N32045 X-0.0197 Z-0.1803 I-0.0197 J0.
N32050 X0.0197 Z-0.1827 I0.0197 J0.
N32055 X-0.0197 Z-0.185 I-0.0197 J0.
N32060 X0.0197 Z-0.1874 I0.0197 J0.
N32065 X-0.0197 Z-0.1898 I-0.0197 J0.
N32070 X0.0197 Z-0.1921 I0.0197 J0.
N32075 X-0.0197 Z-0.1945 I-0.0197 J0.
N32080 X0.0197 Z-0.1969 I0.0197 J0.
N32085 X-0.0197 Z-0.1992 I-0.0197 J0.
N32090 X0.0197 Z-0.2016 I0.0197 J0.
N32095 X-0.0197 Z-0.2039 I-0.0197 J0.
N32100 X0.0197 Z-0.2063 I0.0197 J0.
N32105 X-0.0197 Z-0.2087 I-0.0197 J0.
N32110 X0.0197 Z-0.211 I0.0197 J0.
N32115 X-0.0197 Z-0.2134 I-0.0197 J0.
N32120 X0.0197 Z-0.2157 I0.0197 J0.
N32125 X-0.0197 Z-0.2181 I-0.0197 J0.
N32130 X0.0197 Z-0.2205 I0.0197 J0.
N32135 X-0.0197 Z-0.2228 I-0.0197 J0.
N32140 X0.0197 Z-0.2252 I0.0197 J0.
N32145 X-0.0197 Z-0.2276 I-0.0197 J0.
N32150 X0.0197 Z-0.2299 I0.0197 J0.
N32155 X-0.0197 Z-0.2323 I-0.0197 J0.
N32160 X0.0197 Z-0.2346 I0.0197 J0.
N32165 X-0.0197 Z-0.237 I-0.0197 J0.
N32170 X0.0197 Z-0.2394 I0.0197 J0.
N32175 X-0.0197 Z-0.2417 I-0.0197 J0.
N32180 X0.0197 Z-0.2441 I0.0197 J0.
N32185 X-0.0197 Z-0.2465 I-0.0197 J0.
N32190 X0.0197 Z-0.2488 I0.0197 J0.
N32195 X-0.0197 Z-0.2512 I-0.0197 J0.
N32200 X0.0197 Z-0.2535 I0.0197 J0.
N32205 X-0.0197 Z-0.2559 I-0.0197 J0.
N32210 X0.0197 Z-0.2583 I0.0197 J0.
N32215 X-0.0197 Z-0.2606 I-0.0197 J0.
N32220 X0.0197 Z-0.263 I0.0197 J0.
N32225 X-0.0197 Z-0.2654 I-0.0197 J0.
N32230 X0.0197 Z-0.2677 I0.0197 J0.
N32235 X-0.0197 Z-0.2701 I-0.0197 J0.
N32240 X0.0197 Z-0.2724 I0.0197 J0.
N32245 X-0.0197 Z-0.2748 I-0.0197 J0.
N32250 X0.0197 Z-0.2772 I0.0197 J0.
N32255 X-0.0197 Z-0.2795 I-0.0197 J0.
N32260 X0.0197 Z-0.2819 I0.0197 J0.
N32265 X-0.0197 Z-0.2843 I-0.0197 J0.
N32270 X0.0197 Z-0.2866 I0.0197 J0.
N32275 X-0.0197 Z-0.289 I-0.0197 J0.
N32280 X0.0197 Z-0.2913 I0.0197 J0.
N32285 X-0.0197 Z-0.2937 I-0.0197 J0.
N32290 X0.0197 Z-0.2961 I0.0197 J0.
N32295 X-0.0197 Z-0.2984 I-0.0197 J0.
N32300 X0.0197 Z-0.3008 I0.0197 J0.
N32305 X-0.0197 Z-0.3031 I-0.0197 J0.
N32310 X0.0197 Z-0.3055 I0.0197 J0.
N32315 X-0.0197 Z-0.3079 I-0.0197 J0.
N32320 X0.0197 Z-0.3102 I0.0197 J0.
N32325 X-0.0197 Z-0.3126 I-0.0197 J0.
N32330 X0.0197 Z-0.315 I0.0197 J0.
N32335 X-0.0197 Z-0.3173 I-0.0197 J0.
N32340 X0.0197 Z-0.3197 I0.0197 J0.
N32345 X-0.0197 Z-0.322 I-0.0197 J0.
N32350 X0.0197 Z-0.3244 I0.0197 J0.
N32355 X-0.0197 Z-0.3268 I-0.0197 J0.
N32360 X0.0197 Z-0.3291 I0.0197 J0.
N32365 X-0.0197 Z-0.3315 I-0.0197 J0.
N32370 X0.0197 Z-0.3339 I0.0197 J0.
N32375 X-0.0197 Z-0.3362 I-0.0197 J0.
N32380 X0.0197 Z-0.3386 I0.0197 J0.
N32385 X-0.0197 Z-0.3409 I-0.0197 J0.
N32390 X0.0197 Z-0.3433 I0.0197 J0.
N32395 X-0.0197 Z-0.3457 I-0.0197 J0.
N32400 X0.0197 Z-0.348 I0.0197 J0.
N32405 X-0.0197 Z-0.3504 I-0.0197 J0.
N32410 X0.0197 Z-0.3528 I0.0197 J0.
N32415 X-0.0197 Z-0.3551 I-0.0197 J0.
N32420 X0.0197 Z-0.3575 I0.0197 J0.
N32425 X-0.0197 Z-0.3598 I-0.0197 J0.
N32430 X0.0197 Z-0.3622 I0.0197 J0.
N32435 X-0.0197 Z-0.3646 I-0.0197 J0.
N32440 X0.0197 Z-0.3669 I0.0197 J0.
N32445 X-0.0197 Z-0.3693 I-0.0197 J0.
N32450 X0.0197 Z-0.3717 I0.0197 J0.
N32455 X-0.0197 Z-0.374 I-0.0197 J0.
N32460 X0.0197 Z-0.3764 I0.0197 J0.
N32465 X-0.0197 Z-0.3787 I-0.0197 J0.
N32470 X0.0197 Z-0.3811 I0.0197 J0.
N32475 X-0.0197 Z-0.3835 I-0.0197 J0.
N32480 X0.0197 Z-0.3858 I0.0197 J0.
N32485 X-0.0197 Z-0.3882 I-0.0197 J0.
N32490 X0.0197 Z-0.3906 I0.0197 J0.
N32495 X-0.0197 Z-0.3929 I-0.0197 J0.
N32500 X0.0197 Z-0.3953 I0.0197 J0.
N32505 X-0.0197 Z-0.3976 I-0.0197 J0.
N32510 X0.0197 Z-0.4 I0.0197 J0.
N32515 X-0.0197 Z-0.4024 I-0.0197 J0.
N32520 X0.0197 Z-0.4047 I0.0197 J0.
N32525 X-0.0197 Z-0.4071 I-0.0197 J0.
N32530 X0.0197 Z-0.4094 I0.0197 J0.
N32535 X-0.0197 Z-0.4118 I-0.0197 J0.
N32540 X0.0197 Z-0.4142 I0.0197 J0.
N32545 X-0.0197 Z-0.4165 I-0.0197 J0.
N32550 X0.0197 Z-0.4189 I0.0197 J0.
N32555 X-0.0197 Z-0.4213 I-0.0197 J0.
N32560 X0.0197 Z-0.4236 I0.0197 J0.
N32565 X-0.0197 Z-0.426 I-0.0197 J0.
N32570 X0.0197 Z-0.4283 I0.0197 J0.
N32575 X-0.0197 Z-0.4307 I-0.0197 J0.
N32580 X0.0197 Z-0.4331 I0.0197 J0.
N32585 X-0.0197 Z-0.4354 I-0.0197 J0.
N32590 X0.0197 Z-0.4378 I0.0197 J0.
N32595 X-0.0197 Z-0.4402 I-0.0197 J0.
N32600 X0.0197 Z-0.4425 I0.0197 J0.
N32605 X-0.0197 Z-0.4449 I-0.0197 J0.
N32610 X0.0197 Z-0.4472 I0.0197 J0.
N32615 X-0.0197 Z-0.4496 I-0.0197 J0.
N32620 X0.0197 Z-0.452 I0.0197 J0.
N32625 X-0.0197 Z-0.4543 I-0.0197 J0.
N32630 X0.0197 Z-0.4567 I0.0197 J0.
N32635 X-0.0197 Z-0.4591 I-0.0197 J0.
N32640 X0.0197 Z-0.4614 I0.0197 J0.
N32645 X-0.0197 Z-0.4638 I-0.0197 J0.
N32650 X0.0197 Z-0.4661 I0.0197 J0.
N32655 X-0.0197 Z-0.4685 I-0.0197 J0.
N32660 X0.0197 Z-0.4709 I0.0197 J0.
N32665 X-0.0197 Z-0.4732 I-0.0197 J0.
N32670 X0.0197 Z-0.4756 I0.0197 J0.
N32675 X-0.0197 Z-0.478 I-0.0197 J0.
N32680 X0.0197 Z-0.4803 I0.0197 J0.
N32685 X-0.0197 Z-0.4827 I-0.0197 J0.
N32690 X0.0197 Z-0.485 I0.0197 J0.
N32695 X-0.0197 Z-0.4874 I-0.0197 J0.
N32700 X0.0197 Z-0.4898 I0.0197 J0.
N32705 X-0.0197 Z-0.4921 I-0.0197 J0.
N32710 X0.0197 Z-0.4945 I0.0197 J0.
N32715 X-0.0197 Z-0.4969 I-0.0197 J0.
N32720 X0.0197 Z-0.4992 I0.0197 J0.
N32725 X-0.0197 Z-0.5016 I-0.0197 J0.
N32730 X0.0197 Z-0.5039 I0.0197 J0.
N32735 X-0.0197 Z-0.5063 I-0.0197 J0.
N32740 X0.0197 Z-0.5087 I0.0197 J0.
N32745 X-0.0197 Z-0.511 I-0.0197 J0.
N32750 X0.0197 Z-0.5134 I0.0197 J0.
N32755 X-0.0197 Z-0.5157 I-0.0197 J0.
N32760 X0.0197 Z-0.5181 I0.0197 J0.
N32765 X-0.0197 Z-0.5205 I-0.0197 J0.
N32770 X0.0197 Z-0.5228 I0.0197 J0.
N32775 X-0.0197 Z-0.5252 I-0.0197 J0.
N32780 X0.0197 Z-0.5276 I0.0197 J0.
N32785 X-0.0197 Z-0.5299 I-0.0197 J0.
N32790 X0.0197 Z-0.5323 I0.0197 J0.
N32795 X-0.0197 Z-0.5346 I-0.0197 J0.
N32800 X0.0197 Z-0.537 I0.0197 J0.
N32805 X-0.0197 Z-0.5394 I-0.0197 J0.
N32810 X0.0197 Z-0.5417 I0.0197 J0.
N32815 X-0.0197 Z-0.5441 I-0.0197 J0.
N32820 X0.0197 Z-0.5465 I0.0197 J0.
N32825 X-0.0197 Z-0.5488 I-0.0197 J0.
N32830 X0.0197 Z-0.5512 I0.0197 J0.
N32835 X-0.0197 Z-0.5535 I-0.0197 J0.
N32840 X0.0197 Z-0.5559 I0.0197 J0.
N32845 X-0.0197 Z-0.5583 I-0.0197 J0.
N32850 X0.0197 Z-0.5606 I0.0197 J0.
N32855 X-0.0197 Z-0.563 I-0.0197 J0.
N32860 X0.0197 Z-0.5654 I0.0197 J0.
N32865 X-0.0197 Z-0.5677 I-0.0197 J0.
N32870 X0.0197 Z-0.5701 I0.0197 J0.
N32875 X-0.0197 Z-0.5724 I-0.0197 J0.
N32880 X0.0197 Z-0.5748 I0.0197 J0.
N32885 X-0.0197 Z-0.5772 I-0.0197 J0.
N32890 X0.0197 Z-0.5795 I0.0197 J0.
N32895 X-0.0197 Z-0.5819 I-0.0197 J0.
N32900 X0.0197 Z-0.5843 I0.0197 J0.
N32905 X-0.0197 Z-0.5866 I-0.0197 J0.
N32910 X0.0197 Z-0.589 I0.0197 J0.
N32915 X-0.0197 Z-0.5913 I-0.0197 J0.
N32920 X0.0197 Z-0.5937 I0.0197 J0.
N32925 X-0.0197 Z-0.5961 I-0.0197 J0.
N32930 X0.0197 Z-0.5984 I0.0197 J0.
N32935 X-0.0197 Z-0.6008 I-0.0197 J0.
N32940 X0.0197 Z-0.6031 I0.0197 J0.
N32945 X-0.0197 Z-0.6055 I-0.0197 J0.
N32950 X0.0197 Z-0.6079 I0.0197 J0.
N32955 X-0.0197 Z-0.6102 I-0.0197 J0.
N32960 X0.0197 Z-0.6126 I0.0197 J0.
N32965 X-0.0197 Z-0.615 I-0.0197 J0.
N32970 X0.0197 Z-0.6173 I0.0197 J0.
N32975 X-0.0197 Z-0.6197 I-0.0197 J0.
N32980 X0.0197 Z-0.622 I0.0197 J0.
N32985 X-0.0197 Z-0.6244 I-0.0197 J0.
N32990 X0.0197 Z-0.6268 I0.0197 J0.
N32995 X-0.0197 Z-0.6291 I-0.0197 J0.
N33000 X0.0197 Z-0.6315 I0.0197 J0.
N33005 X-0.0197 Z-0.6339 I-0.0197 J0.
N33010 X0.0197 Z-0.6362 I0.0197 J0.
N33015 X-0.0197 Z-0.6386 I-0.0197 J0.
N33020 X0. Y0.1804 Z-0.6398 I0.0197 J0.
N33025 Y0.2198 I0. J0.0197
N33030 Y0.1804 I0. J-0.0197
N33035 X0.0079 Y0.1883 I0. J0.0079
N33040 G1 Y0.1962
N33045 G19 G3 Y0.2041 Z-0.6319 J0. K0.0079
N33050 G1 Z0.1969
N33055 X-0.0039 Y0.6122
N33060 Z0.1181
N33065 Z0.0472
N33070 G18 G2 X0.0039 Z0.0394 I0.0079 K0.
N33075 G1 X0.0118
N33080 G17 G3 X0.0197 Y0.6201 I0. J0.0079
N33085 X-0.0197 Z0.037 I-0.0197 J0.
N33090 X0.0197 Z0.0346 I0.0197 J0.
N33095 X-0.0197 Z0.0323 I-0.0197 J0.
N33100 X0.0197 Z0.0299 I0.0197 J0.
N33105 X-0.0197 Z0.0276 I-0.0197 J0.
N33110 X0.0197 Z0.0252 I0.0197 J0.
N33115 X-0.0197 Z0.0228 I-0.0197 J0.
N33120 X0.0197 Z0.0205 I0.0197 J0.
N33125 X-0.0197 Z0.0181 I-0.0197 J0.
N33130 X0.0197 Z0.0157 I0.0197 J0.
N33135 X-0.0197 Z0.0134 I-0.0197 J0.
N33140 X0.0197 Z0.011 I0.0197 J0.
N33145 X-0.0197 Z0.0087 I-0.0197 J0.
N33150 X0.0197 Z0.0063 I0.0197 J0.
N33155 X-0.0197 Z0.0039 I-0.0197 J0.
N33160 X0.0197 Z0.0016 I0.0197 J0.
N33165 X-0.0197 Z-0.0008 I-0.0197 J0.
N33170 X0.0197 Z-0.0031 I0.0197 J0.
N33175 X-0.0197 Z-0.0055 I-0.0197 J0.
N33180 X0.0197 Z-0.0079 I0.0197 J0.
N33185 X-0.0197 Z-0.0102 I-0.0197 J0.
N33190 X0.0197 Z-0.0126 I0.0197 J0.
N33195 X-0.0197 Z-0.015 I-0.0197 J0.
N33200 X0.0197 Z-0.0173 I0.0197 J0.
N33205 X-0.0197 Z-0.0197 I-0.0197 J0.
N33210 X0.0197 Z-0.022 I0.0197 J0.
N33215 X-0.0197 Z-0.0244 I-0.0197 J0.
N33220 X0.0197 Z-0.0268 I0.0197 J0.
N33225 X-0.0197 Z-0.0291 I-0.0197 J0.
N33230 X0.0197 Z-0.0315 I0.0197 J0.
N33235 X-0.0197 Z-0.0339 I-0.0197 J0.
N33240 X0.0197 Z-0.0362 I0.0197 J0.
N33245 X-0.0197 Z-0.0386 I-0.0197 J0.
N33250 X0.0197 Z-0.0409 I0.0197 J0.
N33255 X-0.0197 Z-0.0433 I-0.0197 J0.
N33260 X0.0197 Z-0.0457 I0.0197 J0.
N33265 X-0.0197 Z-0.048 I-0.0197 J0.
N33270 X0.0197 Z-0.0504 I0.0197 J0.
N33275 X-0.0197 Z-0.0528 I-0.0197 J0.
N33280 X0.0197 Z-0.0551 I0.0197 J0.
N33285 X-0.0197 Z-0.0575 I-0.0197 J0.
N33290 X0.0197 Z-0.0598 I0.0197 J0.
N33295 X-0.0197 Z-0.0622 I-0.0197 J0.
N33300 X0.0197 Z-0.0646 I0.0197 J0.
N33305 X-0.0197 Z-0.0669 I-0.0197 J0.
N33310 X0.0197 Z-0.0693 I0.0197 J0.
N33315 X-0.0197 Z-0.0717 I-0.0197 J0.
N33320 X0.0197 Z-0.074 I0.0197 J0.
N33325 X-0.0197 Z-0.0764 I-0.0197 J0.
N33330 X0.0197 Z-0.0787 I0.0197 J0.
N33335 X-0.0197 Z-0.0811 I-0.0197 J0.
N33340 X0.0197 Z-0.0835 I0.0197 J0.
N33345 X-0.0197 Z-0.0858 I-0.0197 J0.
N33350 X0.0197 Z-0.0882 I0.0197 J0.
N33355 X-0.0197 Z-0.0906 I-0.0197 J0.
N33360 X0.0197 Z-0.0929 I0.0197 J0.
N33365 X-0.0197 Z-0.0953 I-0.0197 J0.
N33370 X0.0197 Z-0.0976 I0.0197 J0.
N33375 X-0.0197 Z-0.1 I-0.0197 J0.
N33380 X0.0197 Z-0.1024 I0.0197 J0.
N33385 X-0.0197 Z-0.1047 I-0.0197 J0.
N33390 X0.0197 Z-0.1071 I0.0197 J0.
N33395 X-0.0197 Z-0.1094 I-0.0197 J0.
N33400 X0.0197 Z-0.1118 I0.0197 J0.
N33405 X-0.0197 Z-0.1142 I-0.0197 J0.
N33410 X0.0197 Z-0.1165 I0.0197 J0.
N33415 X-0.0197 Z-0.1189 I-0.0197 J0.
N33420 X0.0197 Z-0.1213 I0.0197 J0.
N33425 X-0.0197 Z-0.1236 I-0.0197 J0.
N33430 X0.0197 Z-0.126 I0.0197 J0.
N33435 X-0.0197 Z-0.1283 I-0.0197 J0.
N33440 X0.0197 Z-0.1307 I0.0197 J0.
N33445 X-0.0197 Z-0.1331 I-0.0197 J0.
N33450 X0.0197 Z-0.1354 I0.0197 J0.
N33455 X-0.0197 Z-0.1378 I-0.0197 J0.
N33460 X0.0197 Z-0.1402 I0.0197 J0.
N33465 X-0.0197 Z-0.1425 I-0.0197 J0.
N33470 X0.0197 Z-0.1449 I0.0197 J0.
N33475 X-0.0197 Z-0.1472 I-0.0197 J0.
N33480 X0.0197 Z-0.1496 I0.0197 J0.
N33485 X-0.0197 Z-0.152 I-0.0197 J0.
N33490 X0.0197 Z-0.1543 I0.0197 J0.
N33495 X-0.0197 Z-0.1567 I-0.0197 J0.
N33500 X0.0197 Z-0.1591 I0.0197 J0.
N33505 X-0.0197 Z-0.1614 I-0.0197 J0.
N33510 X0.0197 Z-0.1638 I0.0197 J0.
N33515 X-0.0197 Z-0.1661 I-0.0197 J0.
N33520 X0.0197 Z-0.1685 I0.0197 J0.
N33525 X-0.0197 Z-0.1709 I-0.0197 J0.
N33530 X0.0197 Z-0.1732 I0.0197 J0.
N33535 X-0.0197 Z-0.1756 I-0.0197 J0.
N33540 X0.0197 Z-0.178 I0.0197 J0.
N33545 X-0.0197 Z-0.1803 I-0.0197 J0.
N33550 X0.0197 Z-0.1827 I0.0197 J0.
N33555 X-0.0197 Z-0.185 I-0.0197 J0.
N33560 X0.0197 Z-0.1874 I0.0197 J0.
N33565 X-0.0197 Z-0.1898 I-0.0197 J0.
N33570 X0.0197 Z-0.1921 I0.0197 J0.
N33575 X-0.0197 Z-0.1945 I-0.0197 J0.
N33580 X0.0197 Z-0.1969 I0.0197 J0.
N33585 X-0.0197 Z-0.1992 I-0.0197 J0.
N33590 X0.0197 Z-0.2016 I0.0197 J0.
N33595 X-0.0197 Z-0.2039 I-0.0197 J0.
N33600 X0.0197 Z-0.2063 I0.0197 J0.
N33605 X-0.0197 Z-0.2087 I-0.0197 J0.
N33610 X0.0197 Z-0.211 I0.0197 J0.
N33615 X-0.0197 Z-0.2134 I-0.0197 J0.
N33620 X0.0197 Z-0.2157 I0.0197 J0.
N33625 X-0.0197 Z-0.2181 I-0.0197 J0.
N33630 X0.0197 Z-0.2205 I0.0197 J0.
N33635 X-0.0197 Z-0.2228 I-0.0197 J0.
N33640 X0.0197 Z-0.2252 I0.0197 J0.
N33645 X-0.0197 Z-0.2276 I-0.0197 J0.
N33650 X0.0197 Z-0.2299 I0.0197 J0.
N33655 X-0.0197 Z-0.2323 I-0.0197 J0.
N33660 X0.0197 Z-0.2346 I0.0197 J0.
N33665 X-0.0197 Z-0.237 I-0.0197 J0.
N33670 X0.0197 Z-0.2394 I0.0197 J0.
N33675 X-0.0197 Z-0.2417 I-0.0197 J0.
N33680 X0.0197 Z-0.2441 I0.0197 J0.
N33685 X-0.0197 Z-0.2465 I-0.0197 J0.
N33690 X0.0197 Z-0.2488 I0.0197 J0.
N33695 X-0.0197 Z-0.2512 I-0.0197 J0.
N33700 X0.0197 Z-0.2535 I0.0197 J0.
N33705 X-0.0197 Z-0.2559 I-0.0197 J0.
N33710 X0.0197 Z-0.2583 I0.0197 J0.
N33715 X-0.0197 Z-0.2606 I-0.0197 J0.
N33720 X0.0197 Z-0.263 I0.0197 J0.
N33725 X-0.0197 Z-0.2654 I-0.0197 J0.
N33730 X0.0197 Z-0.2677 I0.0197 J0.
N33735 X-0.0197 Z-0.2701 I-0.0197 J0.
N33740 X0.0197 Z-0.2724 I0.0197 J0.
N33745 X-0.0197 Z-0.2748 I-0.0197 J0.
N33750 X0.0197 Z-0.2772 I0.0197 J0.
N33755 X-0.0197 Z-0.2795 I-0.0197 J0.
N33760 X0.0197 Z-0.2819 I0.0197 J0.
N33765 X-0.0197 Z-0.2843 I-0.0197 J0.
N33770 X0.0197 Z-0.2866 I0.0197 J0.
N33775 X-0.0197 Z-0.289 I-0.0197 J0.
N33780 X0.0197 Z-0.2913 I0.0197 J0.
N33785 X-0.0197 Z-0.2937 I-0.0197 J0.
N33790 X0.0197 Z-0.2961 I0.0197 J0.
N33795 X-0.0197 Z-0.2984 I-0.0197 J0.
N33800 X0.0197 Z-0.3008 I0.0197 J0.
N33805 X-0.0197 Z-0.3031 I-0.0197 J0.
N33810 X0.0197 Z-0.3055 I0.0197 J0.
N33815 X-0.0197 Z-0.3079 I-0.0197 J0.
N33820 X0.0197 Z-0.3102 I0.0197 J0.
N33825 X-0.0197 Z-0.3126 I-0.0197 J0.
N33830 X0.0197 Z-0.315 I0.0197 J0.
N33835 X-0.0197 Z-0.3173 I-0.0197 J0.
N33840 X0.0197 Z-0.3197 I0.0197 J0.
N33845 X-0.0197 Z-0.322 I-0.0197 J0.
N33850 X0.0197 Z-0.3244 I0.0197 J0.
N33855 X-0.0197 Z-0.3268 I-0.0197 J0.
N33860 X0.0197 Z-0.3291 I0.0197 J0.
N33865 X-0.0197 Z-0.3315 I-0.0197 J0.
N33870 X0.0197 Z-0.3339 I0.0197 J0.
N33875 X-0.0197 Z-0.3362 I-0.0197 J0.
N33880 X0.0197 Z-0.3386 I0.0197 J0.
N33885 X-0.0197 Z-0.3409 I-0.0197 J0.
N33890 X0.0197 Z-0.3433 I0.0197 J0.
N33895 X-0.0197 Z-0.3457 I-0.0197 J0.
N33900 X0.0197 Z-0.348 I0.0197 J0.
N33905 X-0.0197 Z-0.3504 I-0.0197 J0.
N33910 X0.0197 Z-0.3528 I0.0197 J0.
N33915 X-0.0197 Z-0.3551 I-0.0197 J0.
N33920 X0.0197 Z-0.3575 I0.0197 J0.
N33925 X-0.0197 Z-0.3598 I-0.0197 J0.
N33930 X0.0197 Z-0.3622 I0.0197 J0.
N33935 X-0.0197 Z-0.3646 I-0.0197 J0.
N33940 X0.0197 Z-0.3669 I0.0197 J0.
N33945 X-0.0197 Z-0.3693 I-0.0197 J0.
N33950 X0.0197 Z-0.3717 I0.0197 J0.
N33955 X-0.0197 Z-0.374 I-0.0197 J0.
N33960 X0.0197 Z-0.3764 I0.0197 J0.
N33965 X-0.0197 Z-0.3787 I-0.0197 J0.
N33970 X0.0197 Z-0.3811 I0.0197 J0.
N33975 X-0.0197 Z-0.3835 I-0.0197 J0.
N33980 X0.0197 Z-0.3858 I0.0197 J0.
N33985 X-0.0197 Z-0.3882 I-0.0197 J0.
N33990 X0.0197 Z-0.3906 I0.0197 J0.
N33995 X-0.0197 Z-0.3929 I-0.0197 J0.
N34000 X0.0197 Z-0.3953 I0.0197 J0.
N34005 X-0.0197 Z-0.3976 I-0.0197 J0.
N34010 X0.0197 Z-0.4 I0.0197 J0.
N34015 X-0.0197 Z-0.4024 I-0.0197 J0.
N34020 X0.0197 Z-0.4047 I0.0197 J0.
N34025 X-0.0197 Z-0.4071 I-0.0197 J0.
N34030 X0.0197 Z-0.4094 I0.0197 J0.
N34035 X-0.0197 Z-0.4118 I-0.0197 J0.
N34040 X0.0197 Z-0.4142 I0.0197 J0.
N34045 X-0.0197 Z-0.4165 I-0.0197 J0.
N34050 X0.0197 Z-0.4189 I0.0197 J0.
N34055 X-0.0197 Z-0.4213 I-0.0197 J0.
N34060 X0.0197 Z-0.4236 I0.0197 J0.
N34065 X-0.0197 Z-0.426 I-0.0197 J0.
N34070 X0.0197 Z-0.4283 I0.0197 J0.
N34075 X-0.0197 Z-0.4307 I-0.0197 J0.
N34080 X0.0197 Z-0.4331 I0.0197 J0.
N34085 X-0.0197 Z-0.4354 I-0.0197 J0.
N34090 X0.0197 Z-0.4378 I0.0197 J0.
N34095 X-0.0197 Z-0.4402 I-0.0197 J0.
N34100 X0.0197 Z-0.4425 I0.0197 J0.
N34105 X-0.0197 Z-0.4449 I-0.0197 J0.
N34110 X0.0197 Z-0.4472 I0.0197 J0.
N34115 X-0.0197 Z-0.4496 I-0.0197 J0.
N34120 X0.0197 Z-0.452 I0.0197 J0.
N34125 X-0.0197 Z-0.4543 I-0.0197 J0.
N34130 X0.0197 Z-0.4567 I0.0197 J0.
N34135 X-0.0197 Z-0.4591 I-0.0197 J0.
N34140 X0.0197 Z-0.4614 I0.0197 J0.
N34145 X-0.0197 Z-0.4638 I-0.0197 J0.
N34150 X0.0197 Z-0.4661 I0.0197 J0.
N34155 X-0.0197 Z-0.4685 I-0.0197 J0.
N34160 X0.0197 Z-0.4709 I0.0197 J0.
N34165 X-0.0197 Z-0.4732 I-0.0197 J0.
N34170 X0.0197 Z-0.4756 I0.0197 J0.
N34175 X-0.0197 Z-0.478 I-0.0197 J0.
N34180 X0.0197 Z-0.4803 I0.0197 J0.
N34185 X-0.0197 Z-0.4827 I-0.0197 J0.
N34190 X0.0197 Z-0.485 I0.0197 J0.
N34195 X-0.0197 Z-0.4874 I-0.0197 J0.
N34200 X0.0197 Z-0.4898 I0.0197 J0.
N34205 X-0.0197 Z-0.4921 I-0.0197 J0.
N34210 X0.0197 Z-0.4945 I0.0197 J0.
N34215 X-0.0197 Z-0.4969 I-0.0197 J0.
N34220 X0.0197 Z-0.4992 I0.0197 J0.
N34225 X-0.0197 Z-0.5016 I-0.0197 J0.
N34230 X0.0197 Z-0.5039 I0.0197 J0.
N34235 X-0.0197 Z-0.5063 I-0.0197 J0.
N34240 X0.0197 Z-0.5087 I0.0197 J0.
N34245 X-0.0197 Z-0.511 I-0.0197 J0.
N34250 X0.0197 Z-0.5134 I0.0197 J0.
N34255 X-0.0197 Z-0.5157 I-0.0197 J0.
N34260 X0.0197 Z-0.5181 I0.0197 J0.
N34265 X-0.0197 Z-0.5205 I-0.0197 J0.
N34270 X0.0197 Z-0.5228 I0.0197 J0.
N34275 X-0.0197 Z-0.5252 I-0.0197 J0.
N34280 X0.0197 Z-0.5276 I0.0197 J0.
N34285 X-0.0197 Z-0.5299 I-0.0197 J0.
N34290 X0.0197 Z-0.5323 I0.0197 J0.
N34295 X-0.0197 Z-0.5346 I-0.0197 J0.
N34300 X0.0197 Z-0.537 I0.0197 J0.
N34305 X-0.0197 Z-0.5394 I-0.0197 J0.
N34310 X0.0197 Z-0.5417 I0.0197 J0.
N34315 X-0.0197 Z-0.5441 I-0.0197 J0.
N34320 X0.0197 Z-0.5465 I0.0197 J0.
N34325 X-0.0197 Z-0.5488 I-0.0197 J0.
N34330 X0.0197 Z-0.5512 I0.0197 J0.
N34335 X-0.0197 Z-0.5535 I-0.0197 J0.
N34340 X0.0197 Z-0.5559 I0.0197 J0.
N34345 X-0.0197 Z-0.5583 I-0.0197 J0.
N34350 X0.0197 Z-0.5606 I0.0197 J0.
N34355 X-0.0197 Z-0.563 I-0.0197 J0.
N34360 X0.0197 Z-0.5654 I0.0197 J0.
N34365 X-0.0197 Z-0.5677 I-0.0197 J0.
N34370 X0.0197 Z-0.5701 I0.0197 J0.
N34375 X-0.0197 Z-0.5724 I-0.0197 J0.
N34380 X0.0197 Z-0.5748 I0.0197 J0.
N34385 X-0.0197 Z-0.5772 I-0.0197 J0.
N34390 X0.0197 Z-0.5795 I0.0197 J0.
N34395 X-0.0197 Z-0.5819 I-0.0197 J0.
N34400 X0.0197 Z-0.5843 I0.0197 J0.
N34405 X-0.0197 Z-0.5866 I-0.0197 J0.
N34410 X0.0197 Z-0.589 I0.0197 J0.
N34415 X-0.0197 Z-0.5913 I-0.0197 J0.
N34420 X0.0197 Z-0.5937 I0.0197 J0.
N34425 X-0.0197 Z-0.5961 I-0.0197 J0.
N34430 X0.0197 Z-0.5984 I0.0197 J0.
N34435 X-0.0197 Z-0.6008 I-0.0197 J0.
N34440 X0.0197 Z-0.6031 I0.0197 J0.
N34445 X-0.0197 Z-0.6055 I-0.0197 J0.
N34450 X0.0197 Z-0.6079 I0.0197 J0.
N34455 X-0.0197 Z-0.6102 I-0.0197 J0.
N34460 X0.0197 Z-0.6126 I0.0197 J0.
N34465 X-0.0197 Z-0.615 I-0.0197 J0.
N34470 X0.0197 Z-0.6173 I0.0197 J0.
N34475 X-0.0197 Z-0.6197 I-0.0197 J0.
N34480 X0.0197 Z-0.622 I0.0197 J0.
N34485 X-0.0197 Z-0.6244 I-0.0197 J0.
N34490 X0.0197 Z-0.6268 I0.0197 J0.
N34495 X-0.0197 Z-0.6291 I-0.0197 J0.
N34500 X0.0197 Z-0.6315 I0.0197 J0.
N34505 X-0.0197 Z-0.6339 I-0.0197 J0.
N34510 X0.0197 Z-0.6362 I0.0197 J0.
N34515 X-0.0197 Z-0.6386 I-0.0197 J0.
N34520 X0. Y0.6004 Z-0.6398 I0.0197 J0.
N34525 Y0.6398 I0. J0.0197
N34530 Y0.6004 I0. J-0.0197
N34535 X0.0079 Y0.6083 I0. J0.0079
N34540 G1 Y0.6161
N34545 G19 G3 Y0.624 Z-0.6319 J0. K0.0079
N34550 G1 Z0.1969
N34555 X-0.0039 Y0.6122
N34560 Z0.1181
N34565 Z0.0472
N34570 G18 G2 X0.0039 Z0.0394 I0.0079 K0.
N34575 G1 X0.0118
N34580 G17 G3 X0.0197 Y0.6201 I0. J0.0079
N34585 X-0.0197 Z0.037 I-0.0197 J0.
N34590 X0.0197 Z0.0346 I0.0197 J0.
N34595 X-0.0197 Z0.0323 I-0.0197 J0.
N34600 X0.0197 Z0.0299 I0.0197 J0.
N34605 X-0.0197 Z0.0276 I-0.0197 J0.
N34610 X0.0197 Z0.0252 I0.0197 J0.
N34615 X-0.0197 Z0.0228 I-0.0197 J0.
N34620 X0.0197 Z0.0205 I0.0197 J0.
N34625 X-0.0197 Z0.0181 I-0.0197 J0.
N34630 X0.0197 Z0.0157 I0.0197 J0.
N34635 X-0.0197 Z0.0134 I-0.0197 J0.
N34640 X0.0197 Z0.011 I0.0197 J0.
N34645 X-0.0197 Z0.0087 I-0.0197 J0.
N34650 X0.0197 Z0.0063 I0.0197 J0.
N34655 X-0.0197 Z0.0039 I-0.0197 J0.
N34660 X0.0197 Z0.0016 I0.0197 J0.
N34665 X-0.0197 Z-0.0008 I-0.0197 J0.
N34670 X0.0197 Z-0.0031 I0.0197 J0.
N34675 X-0.0197 Z-0.0055 I-0.0197 J0.
N34680 X0.0197 Z-0.0079 I0.0197 J0.
N34685 X-0.0197 Z-0.0102 I-0.0197 J0.
N34690 X0.0197 Z-0.0126 I0.0197 J0.
N34695 X-0.0197 Z-0.015 I-0.0197 J0.
N34700 X0.0197 Z-0.0173 I0.0197 J0.
N34705 X-0.0197 Z-0.0197 I-0.0197 J0.
N34710 X0.0197 Z-0.022 I0.0197 J0.
N34715 X-0.0197 Z-0.0244 I-0.0197 J0.
N34720 X0.0197 Z-0.0268 I0.0197 J0.
N34725 X-0.0197 Z-0.0291 I-0.0197 J0.
N34730 X0.0197 Z-0.0315 I0.0197 J0.
N34735 X-0.0197 Z-0.0339 I-0.0197 J0.
N34740 X0.0197 Z-0.0362 I0.0197 J0.
N34745 X-0.0197 Z-0.0386 I-0.0197 J0.
N34750 X0.0197 Z-0.0409 I0.0197 J0.
N34755 X-0.0197 Z-0.0433 I-0.0197 J0.
N34760 X0.0197 Z-0.0457 I0.0197 J0.
N34765 X-0.0197 Z-0.048 I-0.0197 J0.
N34770 X0.0197 Z-0.0504 I0.0197 J0.
N34775 X-0.0197 Z-0.0528 I-0.0197 J0.
N34780 X0.0197 Z-0.0551 I0.0197 J0.
N34785 X-0.0197 Z-0.0575 I-0.0197 J0.
N34790 X0.0197 Z-0.0598 I0.0197 J0.
N34795 X-0.0197 Z-0.0622 I-0.0197 J0.
N34800 X0.0197 Z-0.0646 I0.0197 J0.
N34805 X-0.0197 Z-0.0669 I-0.0197 J0.
N34810 X0.0197 Z-0.0693 I0.0197 J0.
N34815 X-0.0197 Z-0.0717 I-0.0197 J0.
N34820 X0.0197 Z-0.074 I0.0197 J0.
N34825 X-0.0197 Z-0.0764 I-0.0197 J0.
N34830 X0.0197 Z-0.0787 I0.0197 J0.
N34835 X-0.0197 Z-0.0811 I-0.0197 J0.
N34840 X0.0197 Z-0.0835 I0.0197 J0.
N34845 X-0.0197 Z-0.0858 I-0.0197 J0.
N34850 X0.0197 Z-0.0882 I0.0197 J0.
N34855 X-0.0197 Z-0.0906 I-0.0197 J0.
N34860 X0.0197 Z-0.0929 I0.0197 J0.
N34865 X-0.0197 Z-0.0953 I-0.0197 J0.
N34870 X0.0197 Z-0.0976 I0.0197 J0.
N34875 X-0.0197 Z-0.1 I-0.0197 J0.
N34880 X0.0197 Z-0.1024 I0.0197 J0.
N34885 X-0.0197 Z-0.1047 I-0.0197 J0.
N34890 X0.0197 Z-0.1071 I0.0197 J0.
N34895 X-0.0197 Z-0.1094 I-0.0197 J0.
N34900 X0.0197 Z-0.1118 I0.0197 J0.
N34905 X-0.0197 Z-0.1142 I-0.0197 J0.
N34910 X0.0197 Z-0.1165 I0.0197 J0.
N34915 X-0.0197 Z-0.1189 I-0.0197 J0.
N34920 X0.0197 Z-0.1213 I0.0197 J0.
N34925 X-0.0197 Z-0.1236 I-0.0197 J0.
N34930 X0.0197 Z-0.126 I0.0197 J0.
N34935 X-0.0197 Z-0.1283 I-0.0197 J0.
N34940 X0.0197 Z-0.1307 I0.0197 J0.
N34945 X-0.0197 Z-0.1331 I-0.0197 J0.
N34950 X0.0197 Z-0.1354 I0.0197 J0.
N34955 X-0.0197 Z-0.1378 I-0.0197 J0.
N34960 X0.0197 Z-0.1402 I0.0197 J0.
N34965 X-0.0197 Z-0.1425 I-0.0197 J0.
N34970 X0.0197 Z-0.1449 I0.0197 J0.
N34975 X-0.0197 Z-0.1472 I-0.0197 J0.
N34980 X0.0197 Z-0.1496 I0.0197 J0.
N34985 X-0.0197 Z-0.152 I-0.0197 J0.
N34990 X0.0197 Z-0.1543 I0.0197 J0.
N34995 X-0.0197 Z-0.1567 I-0.0197 J0.
N35000 X0.0197 Z-0.1591 I0.0197 J0.
N35005 X-0.0197 Z-0.1614 I-0.0197 J0.
N35010 X0.0197 Z-0.1638 I0.0197 J0.
N35015 X-0.0197 Z-0.1661 I-0.0197 J0.
N35020 X0.0197 Z-0.1685 I0.0197 J0.
N35025 X-0.0197 Z-0.1709 I-0.0197 J0.
N35030 X0.0197 Z-0.1732 I0.0197 J0.
N35035 X-0.0197 Z-0.1756 I-0.0197 J0.
N35040 X0.0197 Z-0.178 I0.0197 J0.
N35045 X-0.0197 Z-0.1803 I-0.0197 J0.
N35050 X0.0197 Z-0.1827 I0.0197 J0.
N35055 X-0.0197 Z-0.185 I-0.0197 J0.
N35060 X0.0197 Z-0.1874 I0.0197 J0.
N35065 X-0.0197 Z-0.1898 I-0.0197 J0.
N35070 X0.0197 Z-0.1921 I0.0197 J0.
N35075 X-0.0197 Z-0.1945 I-0.0197 J0.
N35080 X0.0197 Z-0.1969 I0.0197 J0.
N35085 X-0.0197 Z-0.1992 I-0.0197 J0.
N35090 X0.0197 Z-0.2016 I0.0197 J0.
N35095 X-0.0197 Z-0.2039 I-0.0197 J0.
N35100 X0.0197 Z-0.2063 I0.0197 J0.
N35105 X-0.0197 Z-0.2087 I-0.0197 J0.
N35110 X0.0197 Z-0.211 I0.0197 J0.
N35115 X-0.0197 Z-0.2134 I-0.0197 J0.
N35120 X0.0197 Z-0.2157 I0.0197 J0.
N35125 X-0.0197 Z-0.2181 I-0.0197 J0.
N35130 X0.0197 Z-0.2205 I0.0197 J0.
N35135 X-0.0197 Z-0.2228 I-0.0197 J0.
N35140 X0.0197 Z-0.2252 I0.0197 J0.
N35145 X-0.0197 Z-0.2276 I-0.0197 J0.
N35150 X0.0197 Z-0.2299 I0.0197 J0.
N35155 X-0.0197 Z-0.2323 I-0.0197 J0.
N35160 X0.0197 Z-0.2346 I0.0197 J0.
N35165 X-0.0197 Z-0.237 I-0.0197 J0.
N35170 X0.0197 Z-0.2394 I0.0197 J0.
N35175 X-0.0197 Z-0.2417 I-0.0197 J0.
N35180 X0.0197 Z-0.2441 I0.0197 J0.
N35185 X-0.0197 Z-0.2465 I-0.0197 J0.
N35190 X0.0197 Z-0.2488 I0.0197 J0.
N35195 X-0.0197 Z-0.2512 I-0.0197 J0.
N35200 X0.0197 Z-0.2535 I0.0197 J0.
N35205 X-0.0197 Z-0.2559 I-0.0197 J0.
N35210 X0.0197 Z-0.2583 I0.0197 J0.
N35215 X-0.0197 Z-0.2606 I-0.0197 J0.
N35220 X0.0197 Z-0.263 I0.0197 J0.
N35225 X-0.0197 Z-0.2654 I-0.0197 J0.
N35230 X0.0197 Z-0.2677 I0.0197 J0.
N35235 X-0.0197 Z-0.2701 I-0.0197 J0.
N35240 X0.0197 Z-0.2724 I0.0197 J0.
N35245 X-0.0197 Z-0.2748 I-0.0197 J0.
N35250 X0.0197 Z-0.2772 I0.0197 J0.
N35255 X-0.0197 Z-0.2795 I-0.0197 J0.
N35260 X0.0197 Z-0.2819 I0.0197 J0.
N35265 X-0.0197 Z-0.2843 I-0.0197 J0.
N35270 X0.0197 Z-0.2866 I0.0197 J0.
N35275 X-0.0197 Z-0.289 I-0.0197 J0.
N35280 X0.0197 Z-0.2913 I0.0197 J0.
N35285 X-0.0197 Z-0.2937 I-0.0197 J0.
N35290 X0.0197 Z-0.2961 I0.0197 J0.
N35295 X-0.0197 Z-0.2984 I-0.0197 J0.
N35300 X0.0197 Z-0.3008 I0.0197 J0.
N35305 X-0.0197 Z-0.3031 I-0.0197 J0.
N35310 X0.0197 Z-0.3055 I0.0197 J0.
N35315 X-0.0197 Z-0.3079 I-0.0197 J0.
N35320 X0.0197 Z-0.3102 I0.0197 J0.
N35325 X-0.0197 Z-0.3126 I-0.0197 J0.
N35330 X0.0197 Z-0.315 I0.0197 J0.
N35335 X-0.0197 Z-0.3173 I-0.0197 J0.
N35340 X0.0197 Z-0.3197 I0.0197 J0.
N35345 X-0.0197 Z-0.322 I-0.0197 J0.
N35350 X0.0197 Z-0.3244 I0.0197 J0.
N35355 X-0.0197 Z-0.3268 I-0.0197 J0.
N35360 X0.0197 Z-0.3291 I0.0197 J0.
N35365 X-0.0197 Z-0.3315 I-0.0197 J0.
N35370 X0.0197 Z-0.3339 I0.0197 J0.
N35375 X-0.0197 Z-0.3362 I-0.0197 J0.
N35380 X0.0197 Z-0.3386 I0.0197 J0.
N35385 X-0.0197 Z-0.3409 I-0.0197 J0.
N35390 X0.0197 Z-0.3433 I0.0197 J0.
N35395 X-0.0197 Z-0.3457 I-0.0197 J0.
N35400 X0.0197 Z-0.348 I0.0197 J0.
N35405 X-0.0197 Z-0.3504 I-0.0197 J0.
N35410 X0.0197 Z-0.3528 I0.0197 J0.
N35415 X-0.0197 Z-0.3551 I-0.0197 J0.
N35420 X0.0197 Z-0.3575 I0.0197 J0.
N35425 X-0.0197 Z-0.3598 I-0.0197 J0.
N35430 X0.0197 Z-0.3622 I0.0197 J0.
N35435 X-0.0197 Z-0.3646 I-0.0197 J0.
N35440 X0.0197 Z-0.3669 I0.0197 J0.
N35445 X-0.0197 Z-0.3693 I-0.0197 J0.
N35450 X0.0197 Z-0.3717 I0.0197 J0.
N35455 X-0.0197 Z-0.374 I-0.0197 J0.
N35460 X0.0197 Z-0.3764 I0.0197 J0.
N35465 X-0.0197 Z-0.3787 I-0.0197 J0.
N35470 X0.0197 Z-0.3811 I0.0197 J0.
N35475 X-0.0197 Z-0.3835 I-0.0197 J0.
N35480 X0.0197 Z-0.3858 I0.0197 J0.
N35485 X-0.0197 Z-0.3882 I-0.0197 J0.
N35490 X0.0197 Z-0.3906 I0.0197 J0.
N35495 X-0.0197 Z-0.3929 I-0.0197 J0.
N35500 X0.0197 Z-0.3953 I0.0197 J0.
N35505 X-0.0197 Z-0.3976 I-0.0197 J0.
N35510 X0.0197 Z-0.4 I0.0197 J0.
N35515 X-0.0197 Z-0.4024 I-0.0197 J0.
N35520 X0.0197 Z-0.4047 I0.0197 J0.
N35525 X-0.0197 Z-0.4071 I-0.0197 J0.
N35530 X0.0197 Z-0.4094 I0.0197 J0.
N35535 X-0.0197 Z-0.4118 I-0.0197 J0.
N35540 X0.0197 Z-0.4142 I0.0197 J0.
N35545 X-0.0197 Z-0.4165 I-0.0197 J0.
N35550 X0.0197 Z-0.4189 I0.0197 J0.
N35555 X-0.0197 Z-0.4213 I-0.0197 J0.
N35560 X0.0197 Z-0.4236 I0.0197 J0.
N35565 X-0.0197 Z-0.426 I-0.0197 J0.
N35570 X0.0197 Z-0.4283 I0.0197 J0.
N35575 X-0.0197 Z-0.4307 I-0.0197 J0.
N35580 X0.0197 Z-0.4331 I0.0197 J0.
N35585 X-0.0197 Z-0.4354 I-0.0197 J0.
N35590 X0.0197 Z-0.4378 I0.0197 J0.
N35595 X-0.0197 Z-0.4402 I-0.0197 J0.
N35600 X0.0197 Z-0.4425 I0.0197 J0.
N35605 X-0.0197 Z-0.4449 I-0.0197 J0.
N35610 X0.0197 Z-0.4472 I0.0197 J0.
N35615 X-0.0197 Z-0.4496 I-0.0197 J0.
N35620 X0.0197 Z-0.452 I0.0197 J0.
N35625 X-0.0197 Z-0.4543 I-0.0197 J0.
N35630 X0.0197 Z-0.4567 I0.0197 J0.
N35635 X-0.0197 Z-0.4591 I-0.0197 J0.
N35640 X0.0197 Z-0.4614 I0.0197 J0.
N35645 X-0.0197 Z-0.4638 I-0.0197 J0.
N35650 X0.0197 Z-0.4661 I0.0197 J0.
N35655 X-0.0197 Z-0.4685 I-0.0197 J0.
N35660 X0.0197 Z-0.4709 I0.0197 J0.
N35665 X-0.0197 Z-0.4732 I-0.0197 J0.
N35670 X0.0197 Z-0.4756 I0.0197 J0.
N35675 X-0.0197 Z-0.478 I-0.0197 J0.
N35680 X0.0197 Z-0.4803 I0.0197 J0.
N35685 X-0.0197 Z-0.4827 I-0.0197 J0.
N35690 X0.0197 Z-0.485 I0.0197 J0.
N35695 X-0.0197 Z-0.4874 I-0.0197 J0.
N35700 X0.0197 Z-0.4898 I0.0197 J0.
N35705 X-0.0197 Z-0.4921 I-0.0197 J0.
N35710 X0.0197 Z-0.4945 I0.0197 J0.
N35715 X-0.0197 Z-0.4969 I-0.0197 J0.
N35720 X0.0197 Z-0.4992 I0.0197 J0.
N35725 X-0.0197 Z-0.5016 I-0.0197 J0.
N35730 X0.0197 Z-0.5039 I0.0197 J0.
N35735 X-0.0197 Z-0.5063 I-0.0197 J0.
N35740 X0.0197 Z-0.5087 I0.0197 J0.
N35745 X-0.0197 Z-0.511 I-0.0197 J0.
N35750 X0.0197 Z-0.5134 I0.0197 J0.
N35755 X-0.0197 Z-0.5157 I-0.0197 J0.
N35760 X0.0197 Z-0.5181 I0.0197 J0.
N35765 X-0.0197 Z-0.5205 I-0.0197 J0.
N35770 X0.0197 Z-0.5228 I0.0197 J0.
N35775 X-0.0197 Z-0.5252 I-0.0197 J0.
N35780 X0.0197 Z-0.5276 I0.0197 J0.
N35785 X-0.0197 Z-0.5299 I-0.0197 J0.
N35790 X0.0197 Z-0.5323 I0.0197 J0.
N35795 X-0.0197 Z-0.5346 I-0.0197 J0.
N35800 X0.0197 Z-0.537 I0.0197 J0.
N35805 X-0.0197 Z-0.5394 I-0.0197 J0.
N35810 X0.0197 Z-0.5417 I0.0197 J0.
N35815 X-0.0197 Z-0.5441 I-0.0197 J0.
N35820 X0.0197 Z-0.5465 I0.0197 J0.
N35825 X-0.0197 Z-0.5488 I-0.0197 J0.
N35830 X0.0197 Z-0.5512 I0.0197 J0.
N35835 X-0.0197 Z-0.5535 I-0.0197 J0.
N35840 X0.0197 Z-0.5559 I0.0197 J0.
N35845 X-0.0197 Z-0.5583 I-0.0197 J0.
N35850 X0.0197 Z-0.5606 I0.0197 J0.
N35855 X-0.0197 Z-0.563 I-0.0197 J0.
N35860 X0.0197 Z-0.5654 I0.0197 J0.
N35865 X-0.0197 Z-0.5677 I-0.0197 J0.
N35870 X0.0197 Z-0.5701 I0.0197 J0.
N35875 X-0.0197 Z-0.5724 I-0.0197 J0.
N35880 X0.0197 Z-0.5748 I0.0197 J0.
N35885 X-0.0197 Z-0.5772 I-0.0197 J0.
N35890 X0.0197 Z-0.5795 I0.0197 J0.
N35895 X-0.0197 Z-0.5819 I-0.0197 J0.
N35900 X0.0197 Z-0.5843 I0.0197 J0.
N35905 X-0.0197 Z-0.5866 I-0.0197 J0.
N35910 X0.0197 Z-0.589 I0.0197 J0.
N35915 X-0.0197 Z-0.5913 I-0.0197 J0.
N35920 X0.0197 Z-0.5937 I0.0197 J0.
N35925 X-0.0197 Z-0.5961 I-0.0197 J0.
N35930 X0.0197 Z-0.5984 I0.0197 J0.
N35935 X-0.0197 Z-0.6008 I-0.0197 J0.
N35940 X0.0197 Z-0.6031 I0.0197 J0.
N35945 X-0.0197 Z-0.6055 I-0.0197 J0.
N35950 X0.0197 Z-0.6079 I0.0197 J0.
N35955 X-0.0197 Z-0.6102 I-0.0197 J0.
N35960 X0.0197 Z-0.6126 I0.0197 J0.
N35965 X-0.0197 Z-0.615 I-0.0197 J0.
N35970 X0.0197 Z-0.6173 I0.0197 J0.
N35975 X-0.0197 Z-0.6197 I-0.0197 J0.
N35980 X0.0197 Z-0.622 I0.0197 J0.
N35985 X-0.0197 Z-0.6244 I-0.0197 J0.
N35990 X0.0197 Z-0.6268 I0.0197 J0.
N35995 X-0.0197 Z-0.6291 I-0.0197 J0.
N36000 X0.0197 Z-0.6315 I0.0197 J0.
N36005 X-0.0197 Z-0.6339 I-0.0197 J0.
N36010 X0.0197 Z-0.6362 I0.0197 J0.
N36015 X-0.0197 Z-0.6386 I-0.0197 J0.
N36020 X0. Y0.6004 Z-0.6398 I0.0197 J0.
N36025 Y0.6398 I0. J0.0197
N36030 Y0.6004 I0. J-0.0197
N36035 X0.0079 Y0.6083 I0. J0.0079
N36040 G1 Y0.6161
N36045 G19 G3 Y0.624 Z-0.6319 J0. K0.0079
N36050 G1 Z0.1969
N36055 X0.626 Y0.6122
N36060 Z0.1181
N36065 Z0.0472
N36070 G18 G2 X0.6339 Z0.0394 I0.0079 K0.
N36075 G1 X0.6417
N36080 G17 G3 X0.6496 Y0.6201 I0. J0.0079
N36085 X0.6102 Z0.037 I-0.0197 J0.
N36090 X0.6496 Z0.0346 I0.0197 J0.
N36095 X0.6102 Z0.0323 I-0.0197 J0.
N36100 X0.6496 Z0.0299 I0.0197 J0.
N36105 X0.6102 Z0.0276 I-0.0197 J0.
N36110 X0.6496 Z0.0252 I0.0197 J0.
N36115 X0.6102 Z0.0228 I-0.0197 J0.
N36120 X0.6496 Z0.0205 I0.0197 J0.
N36125 X0.6102 Z0.0181 I-0.0197 J0.
N36130 X0.6496 Z0.0157 I0.0197 J0.
N36135 X0.6102 Z0.0134 I-0.0197 J0.
N36140 X0.6496 Z0.011 I0.0197 J0.
N36145 X0.6102 Z0.0087 I-0.0197 J0.
N36150 X0.6496 Z0.0063 I0.0197 J0.
N36155 X0.6102 Z0.0039 I-0.0197 J0.
N36160 X0.6496 Z0.0016 I0.0197 J0.
N36165 X0.6102 Z-0.0008 I-0.0197 J0.
N36170 X0.6496 Z-0.0031 I0.0197 J0.
N36175 X0.6102 Z-0.0055 I-0.0197 J0.
N36180 X0.6496 Z-0.0079 I0.0197 J0.
N36185 X0.6102 Z-0.0102 I-0.0197 J0.
N36190 X0.6496 Z-0.0126 I0.0197 J0.
N36195 X0.6102 Z-0.015 I-0.0197 J0.
N36200 X0.6496 Z-0.0173 I0.0197 J0.
N36205 X0.6102 Z-0.0197 I-0.0197 J0.
N36210 X0.6496 Z-0.022 I0.0197 J0.
N36215 X0.6102 Z-0.0244 I-0.0197 J0.
N36220 X0.6496 Z-0.0268 I0.0197 J0.
N36225 X0.6102 Z-0.0291 I-0.0197 J0.
N36230 X0.6496 Z-0.0315 I0.0197 J0.
N36235 X0.6102 Z-0.0339 I-0.0197 J0.
N36240 X0.6496 Z-0.0362 I0.0197 J0.
N36245 X0.6102 Z-0.0386 I-0.0197 J0.
N36250 X0.6496 Z-0.0409 I0.0197 J0.
N36255 X0.6102 Z-0.0433 I-0.0197 J0.
N36260 X0.6496 Z-0.0457 I0.0197 J0.
N36265 X0.6102 Z-0.048 I-0.0197 J0.
N36270 X0.6496 Z-0.0504 I0.0197 J0.
N36275 X0.6102 Z-0.0528 I-0.0197 J0.
N36280 X0.6496 Z-0.0551 I0.0197 J0.
N36285 X0.6102 Z-0.0575 I-0.0197 J0.
N36290 X0.6496 Z-0.0598 I0.0197 J0.
N36295 X0.6102 Z-0.0622 I-0.0197 J0.
N36300 X0.6496 Z-0.0646 I0.0197 J0.
N36305 X0.6102 Z-0.0669 I-0.0197 J0.
N36310 X0.6496 Z-0.0693 I0.0197 J0.
N36315 X0.6102 Z-0.0717 I-0.0197 J0.
N36320 X0.6496 Z-0.074 I0.0197 J0.
N36325 X0.6102 Z-0.0764 I-0.0197 J0.
N36330 X0.6496 Z-0.0787 I0.0197 J0.
N36335 X0.6102 Z-0.0811 I-0.0197 J0.
N36340 X0.6496 Z-0.0835 I0.0197 J0.
N36345 X0.6102 Z-0.0858 I-0.0197 J0.
N36350 X0.6496 Z-0.0882 I0.0197 J0.
N36355 X0.6102 Z-0.0906 I-0.0197 J0.
N36360 X0.6496 Z-0.0929 I0.0197 J0.
N36365 X0.6102 Z-0.0953 I-0.0197 J0.
N36370 X0.6496 Z-0.0976 I0.0197 J0.
N36375 X0.6102 Z-0.1 I-0.0197 J0.
N36380 X0.6496 Z-0.1024 I0.0197 J0.
N36385 X0.6102 Z-0.1047 I-0.0197 J0.
N36390 X0.6496 Z-0.1071 I0.0197 J0.
N36395 X0.6102 Z-0.1094 I-0.0197 J0.
N36400 X0.6496 Z-0.1118 I0.0197 J0.
N36405 X0.6102 Z-0.1142 I-0.0197 J0.
N36410 X0.6496 Z-0.1165 I0.0197 J0.
N36415 X0.6102 Z-0.1189 I-0.0197 J0.
N36420 X0.6496 Z-0.1213 I0.0197 J0.
N36425 X0.6102 Z-0.1236 I-0.0197 J0.
N36430 X0.6496 Z-0.126 I0.0197 J0.
N36435 X0.6102 Z-0.1283 I-0.0197 J0.
N36440 X0.6496 Z-0.1307 I0.0197 J0.
N36445 X0.6102 Z-0.1331 I-0.0197 J0.
N36450 X0.6496 Z-0.1354 I0.0197 J0.
N36455 X0.6102 Z-0.1378 I-0.0197 J0.
N36460 X0.6496 Z-0.1402 I0.0197 J0.
N36465 X0.6102 Z-0.1425 I-0.0197 J0.
N36470 X0.6496 Z-0.1449 I0.0197 J0.
N36475 X0.6102 Z-0.1472 I-0.0197 J0.
N36480 X0.6496 Z-0.1496 I0.0197 J0.
N36485 X0.6102 Z-0.152 I-0.0197 J0.
N36490 X0.6496 Z-0.1543 I0.0197 J0.
N36495 X0.6102 Z-0.1567 I-0.0197 J0.
N36500 X0.6496 Z-0.1591 I0.0197 J0.
N36505 X0.6102 Z-0.1614 I-0.0197 J0.
N36510 X0.6496 Z-0.1638 I0.0197 J0.
N36515 X0.6102 Z-0.1661 I-0.0197 J0.
N36520 X0.6496 Z-0.1685 I0.0197 J0.
N36525 X0.6102 Z-0.1709 I-0.0197 J0.
N36530 X0.6496 Z-0.1732 I0.0197 J0.
N36535 X0.6102 Z-0.1756 I-0.0197 J0.
N36540 X0.6496 Z-0.178 I0.0197 J0.
N36545 X0.6102 Z-0.1803 I-0.0197 J0.
N36550 X0.6496 Z-0.1827 I0.0197 J0.
N36555 X0.6102 Z-0.185 I-0.0197 J0.
N36560 X0.6496 Z-0.1874 I0.0197 J0.
N36565 X0.6102 Z-0.1898 I-0.0197 J0.
N36570 X0.6496 Z-0.1921 I0.0197 J0.
N36575 X0.6102 Z-0.1945 I-0.0197 J0.
N36580 X0.6496 Z-0.1969 I0.0197 J0.
N36585 X0.6102 Z-0.1992 I-0.0197 J0.
N36590 X0.6496 Z-0.2016 I0.0197 J0.
N36595 X0.6102 Z-0.2039 I-0.0197 J0.
N36600 X0.6496 Z-0.2063 I0.0197 J0.
N36605 X0.6102 Z-0.2087 I-0.0197 J0.
N36610 X0.6496 Z-0.211 I0.0197 J0.
N36615 X0.6102 Z-0.2134 I-0.0197 J0.
N36620 X0.6496 Z-0.2157 I0.0197 J0.
N36625 X0.6102 Z-0.2181 I-0.0197 J0.
N36630 X0.6496 Z-0.2205 I0.0197 J0.
N36635 X0.6102 Z-0.2228 I-0.0197 J0.
N36640 X0.6496 Z-0.2252 I0.0197 J0.
N36645 X0.6102 Z-0.2276 I-0.0197 J0.
N36650 X0.6496 Z-0.2299 I0.0197 J0.
N36655 X0.6102 Z-0.2323 I-0.0197 J0.
N36660 X0.6496 Z-0.2346 I0.0197 J0.
N36665 X0.6102 Z-0.237 I-0.0197 J0.
N36670 X0.6496 Z-0.2394 I0.0197 J0.
N36675 X0.6102 Z-0.2417 I-0.0197 J0.
N36680 X0.6496 Z-0.2441 I0.0197 J0.
N36685 X0.6102 Z-0.2465 I-0.0197 J0.
N36690 X0.6496 Z-0.2488 I0.0197 J0.
N36695 X0.6102 Z-0.2512 I-0.0197 J0.
N36700 X0.6496 Z-0.2535 I0.0197 J0.
N36705 X0.6102 Z-0.2559 I-0.0197 J0.
N36710 X0.6496 Z-0.2583 I0.0197 J0.
N36715 X0.6102 Z-0.2606 I-0.0197 J0.
N36720 X0.6496 Z-0.263 I0.0197 J0.
N36725 X0.6102 Z-0.2654 I-0.0197 J0.
N36730 X0.6496 Z-0.2677 I0.0197 J0.
N36735 X0.6102 Z-0.2701 I-0.0197 J0.
N36740 X0.6496 Z-0.2724 I0.0197 J0.
N36745 X0.6102 Z-0.2748 I-0.0197 J0.
N36750 X0.6496 Z-0.2772 I0.0197 J0.
N36755 X0.6102 Z-0.2795 I-0.0197 J0.
N36760 X0.6496 Z-0.2819 I0.0197 J0.
N36765 X0.6102 Z-0.2843 I-0.0197 J0.
N36770 X0.6496 Z-0.2866 I0.0197 J0.
N36775 X0.6102 Z-0.289 I-0.0197 J0.
N36780 X0.6496 Z-0.2913 I0.0197 J0.
N36785 X0.6102 Z-0.2937 I-0.0197 J0.
N36790 X0.6496 Z-0.2961 I0.0197 J0.
N36795 X0.6102 Z-0.2984 I-0.0197 J0.
N36800 X0.6496 Z-0.3008 I0.0197 J0.
N36805 X0.6102 Z-0.3031 I-0.0197 J0.
N36810 X0.6496 Z-0.3055 I0.0197 J0.
N36815 X0.6102 Z-0.3079 I-0.0197 J0.
N36820 X0.6496 Z-0.3102 I0.0197 J0.
N36825 X0.6102 Z-0.3126 I-0.0197 J0.
N36830 X0.6496 Z-0.315 I0.0197 J0.
N36835 X0.6102 Z-0.3173 I-0.0197 J0.
N36840 X0.6496 Z-0.3197 I0.0197 J0.
N36845 X0.6102 Z-0.322 I-0.0197 J0.
N36850 X0.6496 Z-0.3244 I0.0197 J0.
N36855 X0.6102 Z-0.3268 I-0.0197 J0.
N36860 X0.6496 Z-0.3291 I0.0197 J0.
N36865 X0.6102 Z-0.3315 I-0.0197 J0.
N36870 X0.6496 Z-0.3339 I0.0197 J0.
N36875 X0.6102 Z-0.3362 I-0.0197 J0.
N36880 X0.6496 Z-0.3386 I0.0197 J0.
N36885 X0.6102 Z-0.3409 I-0.0197 J0.
N36890 X0.6496 Z-0.3433 I0.0197 J0.
N36895 X0.6102 Z-0.3457 I-0.0197 J0.
N36900 X0.6496 Z-0.348 I0.0197 J0.
N36905 X0.6102 Z-0.3504 I-0.0197 J0.
N36910 X0.6496 Z-0.3528 I0.0197 J0.
N36915 X0.6102 Z-0.3551 I-0.0197 J0.
N36920 X0.6496 Z-0.3575 I0.0197 J0.
N36925 X0.6102 Z-0.3598 I-0.0197 J0.
N36930 X0.6496 Z-0.3622 I0.0197 J0.
N36935 X0.6102 Z-0.3646 I-0.0197 J0.
N36940 X0.6496 Z-0.3669 I0.0197 J0.
N36945 X0.6102 Z-0.3693 I-0.0197 J0.
N36950 X0.6496 Z-0.3717 I0.0197 J0.
N36955 X0.6102 Z-0.374 I-0.0197 J0.
N36960 X0.6496 Z-0.3764 I0.0197 J0.
N36965 X0.6102 Z-0.3787 I-0.0197 J0.
N36970 X0.6496 Z-0.3811 I0.0197 J0.
N36975 X0.6102 Z-0.3835 I-0.0197 J0.
N36980 X0.6496 Z-0.3858 I0.0197 J0.
N36985 X0.6102 Z-0.3882 I-0.0197 J0.
N36990 X0.6496 Z-0.3906 I0.0197 J0.
N36995 X0.6102 Z-0.3929 I-0.0197 J0.
N37000 X0.6496 Z-0.3953 I0.0197 J0.
N37005 X0.6102 Z-0.3976 I-0.0197 J0.
N37010 X0.6496 Z-0.4 I0.0197 J0.
N37015 X0.6102 Z-0.4024 I-0.0197 J0.
N37020 X0.6496 Z-0.4047 I0.0197 J0.
N37025 X0.6102 Z-0.4071 I-0.0197 J0.
N37030 X0.6496 Z-0.4094 I0.0197 J0.
N37035 X0.6102 Z-0.4118 I-0.0197 J0.
N37040 X0.6496 Z-0.4142 I0.0197 J0.
N37045 X0.6102 Z-0.4165 I-0.0197 J0.
N37050 X0.6496 Z-0.4189 I0.0197 J0.
N37055 X0.6102 Z-0.4213 I-0.0197 J0.
N37060 X0.6496 Z-0.4236 I0.0197 J0.
N37065 X0.6102 Z-0.426 I-0.0197 J0.
N37070 X0.6496 Z-0.4283 I0.0197 J0.
N37075 X0.6102 Z-0.4307 I-0.0197 J0.
N37080 X0.6496 Z-0.4331 I0.0197 J0.
N37085 X0.6102 Z-0.4354 I-0.0197 J0.
N37090 X0.6496 Z-0.4378 I0.0197 J0.
N37095 X0.6102 Z-0.4402 I-0.0197 J0.
N37100 X0.6496 Z-0.4425 I0.0197 J0.
N37105 X0.6102 Z-0.4449 I-0.0197 J0.
N37110 X0.6496 Z-0.4472 I0.0197 J0.
N37115 X0.6102 Z-0.4496 I-0.0197 J0.
N37120 X0.6496 Z-0.452 I0.0197 J0.
N37125 X0.6102 Z-0.4543 I-0.0197 J0.
N37130 X0.6496 Z-0.4567 I0.0197 J0.
N37135 X0.6102 Z-0.4591 I-0.0197 J0.
N37140 X0.6496 Z-0.4614 I0.0197 J0.
N37145 X0.6102 Z-0.4638 I-0.0197 J0.
N37150 X0.6496 Z-0.4661 I0.0197 J0.
N37155 X0.6102 Z-0.4685 I-0.0197 J0.
N37160 X0.6496 Z-0.4709 I0.0197 J0.
N37165 X0.6102 Z-0.4732 I-0.0197 J0.
N37170 X0.6496 Z-0.4756 I0.0197 J0.
N37175 X0.6102 Z-0.478 I-0.0197 J0.
N37180 X0.6496 Z-0.4803 I0.0197 J0.
N37185 X0.6102 Z-0.4827 I-0.0197 J0.
N37190 X0.6496 Z-0.485 I0.0197 J0.
N37195 X0.6102 Z-0.4874 I-0.0197 J0.
N37200 X0.6496 Z-0.4898 I0.0197 J0.
N37205 X0.6102 Z-0.4921 I-0.0197 J0.
N37210 X0.6496 Z-0.4945 I0.0197 J0.
N37215 X0.6102 Z-0.4969 I-0.0197 J0.
N37220 X0.6496 Z-0.4992 I0.0197 J0.
N37225 X0.6102 Z-0.5016 I-0.0197 J0.
N37230 X0.6496 Z-0.5039 I0.0197 J0.
N37235 X0.6102 Z-0.5063 I-0.0197 J0.
N37240 X0.6496 Z-0.5087 I0.0197 J0.
N37245 X0.6102 Z-0.511 I-0.0197 J0.
N37250 X0.6496 Z-0.5134 I0.0197 J0.
N37255 X0.6102 Z-0.5157 I-0.0197 J0.
N37260 X0.6496 Z-0.5181 I0.0197 J0.
N37265 X0.6102 Z-0.5205 I-0.0197 J0.
N37270 X0.6496 Z-0.5228 I0.0197 J0.
N37275 X0.6102 Z-0.5252 I-0.0197 J0.
N37280 X0.6496 Z-0.5276 I0.0197 J0.
N37285 X0.6102 Z-0.5299 I-0.0197 J0.
N37290 X0.6496 Z-0.5323 I0.0197 J0.
N37295 X0.6102 Z-0.5346 I-0.0197 J0.
N37300 X0.6496 Z-0.537 I0.0197 J0.
N37305 X0.6102 Z-0.5394 I-0.0197 J0.
N37310 X0.6496 Z-0.5417 I0.0197 J0.
N37315 X0.6102 Z-0.5441 I-0.0197 J0.
N37320 X0.6496 Z-0.5465 I0.0197 J0.
N37325 X0.6102 Z-0.5488 I-0.0197 J0.
N37330 X0.6496 Z-0.5512 I0.0197 J0.
N37335 X0.6102 Z-0.5535 I-0.0197 J0.
N37340 X0.6496 Z-0.5559 I0.0197 J0.
N37345 X0.6102 Z-0.5583 I-0.0197 J0.
N37350 X0.6496 Z-0.5606 I0.0197 J0.
N37355 X0.6102 Z-0.563 I-0.0197 J0.
N37360 X0.6496 Z-0.5654 I0.0197 J0.
N37365 X0.6102 Z-0.5677 I-0.0197 J0.
N37370 X0.6496 Z-0.5701 I0.0197 J0.
N37375 X0.6102 Z-0.5724 I-0.0197 J0.
N37380 X0.6496 Z-0.5748 I0.0197 J0.
N37385 X0.6102 Z-0.5772 I-0.0197 J0.
N37390 X0.6496 Z-0.5795 I0.0197 J0.
N37395 X0.6102 Z-0.5819 I-0.0197 J0.
N37400 X0.6496 Z-0.5843 I0.0197 J0.
N37405 X0.6102 Z-0.5866 I-0.0197 J0.
N37410 X0.6496 Z-0.589 I0.0197 J0.
N37415 X0.6102 Z-0.5913 I-0.0197 J0.
N37420 X0.6496 Z-0.5937 I0.0197 J0.
N37425 X0.6102 Z-0.5961 I-0.0197 J0.
N37430 X0.6496 Z-0.5984 I0.0197 J0.
N37435 X0.6102 Z-0.6008 I-0.0197 J0.
N37440 X0.6496 Z-0.6031 I0.0197 J0.
N37445 X0.6102 Z-0.6055 I-0.0197 J0.
N37450 X0.6496 Z-0.6079 I0.0197 J0.
N37455 X0.6102 Z-0.6102 I-0.0197 J0.
N37460 X0.6496 Z-0.6126 I0.0197 J0.
N37465 X0.6102 Z-0.615 I-0.0197 J0.
N37470 X0.6496 Z-0.6173 I0.0197 J0.
N37475 X0.6102 Z-0.6197 I-0.0197 J0.
N37480 X0.6496 Z-0.622 I0.0197 J0.
N37485 X0.6102 Z-0.6244 I-0.0197 J0.
N37490 X0.6496 Z-0.6268 I0.0197 J0.
N37495 X0.6102 Z-0.6291 I-0.0197 J0.
N37500 X0.6496 Z-0.6315 I0.0197 J0.
N37505 X0.6102 Z-0.6339 I-0.0197 J0.
N37510 X0.6496 Z-0.6362 I0.0197 J0.
N37515 X0.6102 Z-0.6386 I-0.0197 J0.
N37520 X0.6299 Y0.6004 Z-0.6398 I0.0197 J0.
N37525 Y0.6398 I0. J0.0197
N37530 Y0.6004 I0. J-0.0197
N37535 X0.6378 Y0.6083 I0. J0.0079
N37540 G1 Y0.6161
N37545 G19 G3 Y0.624 Z-0.6319 J0. K0.0079
N37550 G1 Z0.1969
N37555 X0.626 Y0.6122
N37560 Z0.1181
N37565 Z0.0472
N37570 G18 G2 X0.6339 Z0.0394 I0.0079 K0.
N37575 G1 X0.6417
N37580 G17 G3 X0.6496 Y0.6201 I0. J0.0079
N37585 X0.6102 Z0.037 I-0.0197 J0.
N37590 X0.6496 Z0.0346 I0.0197 J0.
N37595 X0.6102 Z0.0323 I-0.0197 J0.
N37600 X0.6496 Z0.0299 I0.0197 J0.
N37605 X0.6102 Z0.0276 I-0.0197 J0.
N37610 X0.6496 Z0.0252 I0.0197 J0.
N37615 X0.6102 Z0.0228 I-0.0197 J0.
N37620 X0.6496 Z0.0205 I0.0197 J0.
N37625 X0.6102 Z0.0181 I-0.0197 J0.
N37630 X0.6496 Z0.0157 I0.0197 J0.
N37635 X0.6102 Z0.0134 I-0.0197 J0.
N37640 X0.6496 Z0.011 I0.0197 J0.
N37645 X0.6102 Z0.0087 I-0.0197 J0.
N37650 X0.6496 Z0.0063 I0.0197 J0.
N37655 X0.6102 Z0.0039 I-0.0197 J0.
N37660 X0.6496 Z0.0016 I0.0197 J0.
N37665 X0.6102 Z-0.0008 I-0.0197 J0.
N37670 X0.6496 Z-0.0031 I0.0197 J0.
N37675 X0.6102 Z-0.0055 I-0.0197 J0.
N37680 X0.6496 Z-0.0079 I0.0197 J0.
N37685 X0.6102 Z-0.0102 I-0.0197 J0.
N37690 X0.6496 Z-0.0126 I0.0197 J0.
N37695 X0.6102 Z-0.015 I-0.0197 J0.
N37700 X0.6496 Z-0.0173 I0.0197 J0.
N37705 X0.6102 Z-0.0197 I-0.0197 J0.
N37710 X0.6496 Z-0.022 I0.0197 J0.
N37715 X0.6102 Z-0.0244 I-0.0197 J0.
N37720 X0.6496 Z-0.0268 I0.0197 J0.
N37725 X0.6102 Z-0.0291 I-0.0197 J0.
N37730 X0.6496 Z-0.0315 I0.0197 J0.
N37735 X0.6102 Z-0.0339 I-0.0197 J0.
N37740 X0.6496 Z-0.0362 I0.0197 J0.
N37745 X0.6102 Z-0.0386 I-0.0197 J0.
N37750 X0.6496 Z-0.0409 I0.0197 J0.
N37755 X0.6102 Z-0.0433 I-0.0197 J0.
N37760 X0.6496 Z-0.0457 I0.0197 J0.
N37765 X0.6102 Z-0.048 I-0.0197 J0.
N37770 X0.6496 Z-0.0504 I0.0197 J0.
N37775 X0.6102 Z-0.0528 I-0.0197 J0.
N37780 X0.6496 Z-0.0551 I0.0197 J0.
N37785 X0.6102 Z-0.0575 I-0.0197 J0.
N37790 X0.6496 Z-0.0598 I0.0197 J0.
N37795 X0.6102 Z-0.0622 I-0.0197 J0.
N37800 X0.6496 Z-0.0646 I0.0197 J0.
N37805 X0.6102 Z-0.0669 I-0.0197 J0.
N37810 X0.6496 Z-0.0693 I0.0197 J0.
N37815 X0.6102 Z-0.0717 I-0.0197 J0.
N37820 X0.6496 Z-0.074 I0.0197 J0.
N37825 X0.6102 Z-0.0764 I-0.0197 J0.
N37830 X0.6496 Z-0.0787 I0.0197 J0.
N37835 X0.6102 Z-0.0811 I-0.0197 J0.
N37840 X0.6496 Z-0.0835 I0.0197 J0.
N37845 X0.6102 Z-0.0858 I-0.0197 J0.
N37850 X0.6496 Z-0.0882 I0.0197 J0.
N37855 X0.6102 Z-0.0906 I-0.0197 J0.
N37860 X0.6496 Z-0.0929 I0.0197 J0.
N37865 X0.6102 Z-0.0953 I-0.0197 J0.
N37870 X0.6496 Z-0.0976 I0.0197 J0.
N37875 X0.6102 Z-0.1 I-0.0197 J0.
N37880 X0.6496 Z-0.1024 I0.0197 J0.
N37885 X0.6102 Z-0.1047 I-0.0197 J0.
N37890 X0.6496 Z-0.1071 I0.0197 J0.
N37895 X0.6102 Z-0.1094 I-0.0197 J0.
N37900 X0.6496 Z-0.1118 I0.0197 J0.
N37905 X0.6102 Z-0.1142 I-0.0197 J0.
N37910 X0.6496 Z-0.1165 I0.0197 J0.
N37915 X0.6102 Z-0.1189 I-0.0197 J0.
N37920 X0.6496 Z-0.1213 I0.0197 J0.
N37925 X0.6102 Z-0.1236 I-0.0197 J0.
N37930 X0.6496 Z-0.126 I0.0197 J0.
N37935 X0.6102 Z-0.1283 I-0.0197 J0.
N37940 X0.6496 Z-0.1307 I0.0197 J0.
N37945 X0.6102 Z-0.1331 I-0.0197 J0.
N37950 X0.6496 Z-0.1354 I0.0197 J0.
N37955 X0.6102 Z-0.1378 I-0.0197 J0.
N37960 X0.6496 Z-0.1402 I0.0197 J0.
N37965 X0.6102 Z-0.1425 I-0.0197 J0.
N37970 X0.6496 Z-0.1449 I0.0197 J0.
N37975 X0.6102 Z-0.1472 I-0.0197 J0.
N37980 X0.6496 Z-0.1496 I0.0197 J0.
N37985 X0.6102 Z-0.152 I-0.0197 J0.
N37990 X0.6496 Z-0.1543 I0.0197 J0.
N37995 X0.6102 Z-0.1567 I-0.0197 J0.
N38000 X0.6496 Z-0.1591 I0.0197 J0.
N38005 X0.6102 Z-0.1614 I-0.0197 J0.
N38010 X0.6496 Z-0.1638 I0.0197 J0.
N38015 X0.6102 Z-0.1661 I-0.0197 J0.
N38020 X0.6496 Z-0.1685 I0.0197 J0.
N38025 X0.6102 Z-0.1709 I-0.0197 J0.
N38030 X0.6496 Z-0.1732 I0.0197 J0.
N38035 X0.6102 Z-0.1756 I-0.0197 J0.
N38040 X0.6496 Z-0.178 I0.0197 J0.
N38045 X0.6102 Z-0.1803 I-0.0197 J0.
N38050 X0.6496 Z-0.1827 I0.0197 J0.
N38055 X0.6102 Z-0.185 I-0.0197 J0.
N38060 X0.6496 Z-0.1874 I0.0197 J0.
N38065 X0.6102 Z-0.1898 I-0.0197 J0.
N38070 X0.6496 Z-0.1921 I0.0197 J0.
N38075 X0.6102 Z-0.1945 I-0.0197 J0.
N38080 X0.6496 Z-0.1969 I0.0197 J0.
N38085 X0.6102 Z-0.1992 I-0.0197 J0.
N38090 X0.6496 Z-0.2016 I0.0197 J0.
N38095 X0.6102 Z-0.2039 I-0.0197 J0.
N38100 X0.6496 Z-0.2063 I0.0197 J0.
N38105 X0.6102 Z-0.2087 I-0.0197 J0.
N38110 X0.6496 Z-0.211 I0.0197 J0.
N38115 X0.6102 Z-0.2134 I-0.0197 J0.
N38120 X0.6496 Z-0.2157 I0.0197 J0.
N38125 X0.6102 Z-0.2181 I-0.0197 J0.
N38130 X0.6496 Z-0.2205 I0.0197 J0.
N38135 X0.6102 Z-0.2228 I-0.0197 J0.
N38140 X0.6496 Z-0.2252 I0.0197 J0.
N38145 X0.6102 Z-0.2276 I-0.0197 J0.
N38150 X0.6496 Z-0.2299 I0.0197 J0.
N38155 X0.6102 Z-0.2323 I-0.0197 J0.
N38160 X0.6496 Z-0.2346 I0.0197 J0.
N38165 X0.6102 Z-0.237 I-0.0197 J0.
N38170 X0.6496 Z-0.2394 I0.0197 J0.
N38175 X0.6102 Z-0.2417 I-0.0197 J0.
N38180 X0.6496 Z-0.2441 I0.0197 J0.
N38185 X0.6102 Z-0.2465 I-0.0197 J0.
N38190 X0.6496 Z-0.2488 I0.0197 J0.
N38195 X0.6102 Z-0.2512 I-0.0197 J0.
N38200 X0.6496 Z-0.2535 I0.0197 J0.
N38205 X0.6102 Z-0.2559 I-0.0197 J0.
N38210 X0.6496 Z-0.2583 I0.0197 J0.
N38215 X0.6102 Z-0.2606 I-0.0197 J0.
N38220 X0.6496 Z-0.263 I0.0197 J0.
N38225 X0.6102 Z-0.2654 I-0.0197 J0.
N38230 X0.6496 Z-0.2677 I0.0197 J0.
N38235 X0.6102 Z-0.2701 I-0.0197 J0.
N38240 X0.6496 Z-0.2724 I0.0197 J0.
N38245 X0.6102 Z-0.2748 I-0.0197 J0.
N38250 X0.6496 Z-0.2772 I0.0197 J0.
N38255 X0.6102 Z-0.2795 I-0.0197 J0.
N38260 X0.6496 Z-0.2819 I0.0197 J0.
N38265 X0.6102 Z-0.2843 I-0.0197 J0.
N38270 X0.6496 Z-0.2866 I0.0197 J0.
N38275 X0.6102 Z-0.289 I-0.0197 J0.
N38280 X0.6496 Z-0.2913 I0.0197 J0.
N38285 X0.6102 Z-0.2937 I-0.0197 J0.
N38290 X0.6496 Z-0.2961 I0.0197 J0.
N38295 X0.6102 Z-0.2984 I-0.0197 J0.
N38300 X0.6496 Z-0.3008 I0.0197 J0.
N38305 X0.6102 Z-0.3031 I-0.0197 J0.
N38310 X0.6496 Z-0.3055 I0.0197 J0.
N38315 X0.6102 Z-0.3079 I-0.0197 J0.
N38320 X0.6496 Z-0.3102 I0.0197 J0.
N38325 X0.6102 Z-0.3126 I-0.0197 J0.
N38330 X0.6496 Z-0.315 I0.0197 J0.
N38335 X0.6102 Z-0.3173 I-0.0197 J0.
N38340 X0.6496 Z-0.3197 I0.0197 J0.
N38345 X0.6102 Z-0.322 I-0.0197 J0.
N38350 X0.6496 Z-0.3244 I0.0197 J0.
N38355 X0.6102 Z-0.3268 I-0.0197 J0.
N38360 X0.6496 Z-0.3291 I0.0197 J0.
N38365 X0.6102 Z-0.3315 I-0.0197 J0.
N38370 X0.6496 Z-0.3339 I0.0197 J0.
N38375 X0.6102 Z-0.3362 I-0.0197 J0.
N38380 X0.6496 Z-0.3386 I0.0197 J0.
N38385 X0.6102 Z-0.3409 I-0.0197 J0.
N38390 X0.6496 Z-0.3433 I0.0197 J0.
N38395 X0.6102 Z-0.3457 I-0.0197 J0.
N38400 X0.6496 Z-0.348 I0.0197 J0.
N38405 X0.6102 Z-0.3504 I-0.0197 J0.
N38410 X0.6496 Z-0.3528 I0.0197 J0.
N38415 X0.6102 Z-0.3551 I-0.0197 J0.
N38420 X0.6496 Z-0.3575 I0.0197 J0.
N38425 X0.6102 Z-0.3598 I-0.0197 J0.
N38430 X0.6496 Z-0.3622 I0.0197 J0.
N38435 X0.6102 Z-0.3646 I-0.0197 J0.
N38440 X0.6496 Z-0.3669 I0.0197 J0.
N38445 X0.6102 Z-0.3693 I-0.0197 J0.
N38450 X0.6496 Z-0.3717 I0.0197 J0.
N38455 X0.6102 Z-0.374 I-0.0197 J0.
N38460 X0.6496 Z-0.3764 I0.0197 J0.
N38465 X0.6102 Z-0.3787 I-0.0197 J0.
N38470 X0.6496 Z-0.3811 I0.0197 J0.
N38475 X0.6102 Z-0.3835 I-0.0197 J0.
N38480 X0.6496 Z-0.3858 I0.0197 J0.
N38485 X0.6102 Z-0.3882 I-0.0197 J0.
N38490 X0.6496 Z-0.3906 I0.0197 J0.
N38495 X0.6102 Z-0.3929 I-0.0197 J0.
N38500 X0.6496 Z-0.3953 I0.0197 J0.
N38505 X0.6102 Z-0.3976 I-0.0197 J0.
N38510 X0.6496 Z-0.4 I0.0197 J0.
N38515 X0.6102 Z-0.4024 I-0.0197 J0.
N38520 X0.6496 Z-0.4047 I0.0197 J0.
N38525 X0.6102 Z-0.4071 I-0.0197 J0.
N38530 X0.6496 Z-0.4094 I0.0197 J0.
N38535 X0.6102 Z-0.4118 I-0.0197 J0.
N38540 X0.6496 Z-0.4142 I0.0197 J0.
N38545 X0.6102 Z-0.4165 I-0.0197 J0.
N38550 X0.6496 Z-0.4189 I0.0197 J0.
N38555 X0.6102 Z-0.4213 I-0.0197 J0.
N38560 X0.6496 Z-0.4236 I0.0197 J0.
N38565 X0.6102 Z-0.426 I-0.0197 J0.
N38570 X0.6496 Z-0.4283 I0.0197 J0.
N38575 X0.6102 Z-0.4307 I-0.0197 J0.
N38580 X0.6496 Z-0.4331 I0.0197 J0.
N38585 X0.6102 Z-0.4354 I-0.0197 J0.
N38590 X0.6496 Z-0.4378 I0.0197 J0.
N38595 X0.6102 Z-0.4402 I-0.0197 J0.
N38600 X0.6496 Z-0.4425 I0.0197 J0.
N38605 X0.6102 Z-0.4449 I-0.0197 J0.
N38610 X0.6496 Z-0.4472 I0.0197 J0.
N38615 X0.6102 Z-0.4496 I-0.0197 J0.
N38620 X0.6496 Z-0.452 I0.0197 J0.
N38625 X0.6102 Z-0.4543 I-0.0197 J0.
N38630 X0.6496 Z-0.4567 I0.0197 J0.
N38635 X0.6102 Z-0.4591 I-0.0197 J0.
N38640 X0.6496 Z-0.4614 I0.0197 J0.
N38645 X0.6102 Z-0.4638 I-0.0197 J0.
N38650 X0.6496 Z-0.4661 I0.0197 J0.
N38655 X0.6102 Z-0.4685 I-0.0197 J0.
N38660 X0.6496 Z-0.4709 I0.0197 J0.
N38665 X0.6102 Z-0.4732 I-0.0197 J0.
N38670 X0.6496 Z-0.4756 I0.0197 J0.
N38675 X0.6102 Z-0.478 I-0.0197 J0.
N38680 X0.6496 Z-0.4803 I0.0197 J0.
N38685 X0.6102 Z-0.4827 I-0.0197 J0.
N38690 X0.6496 Z-0.485 I0.0197 J0.
N38695 X0.6102 Z-0.4874 I-0.0197 J0.
N38700 X0.6496 Z-0.4898 I0.0197 J0.
N38705 X0.6102 Z-0.4921 I-0.0197 J0.
N38710 X0.6496 Z-0.4945 I0.0197 J0.
N38715 X0.6102 Z-0.4969 I-0.0197 J0.
N38720 X0.6496 Z-0.4992 I0.0197 J0.
N38725 X0.6102 Z-0.5016 I-0.0197 J0.
N38730 X0.6496 Z-0.5039 I0.0197 J0.
N38735 X0.6102 Z-0.5063 I-0.0197 J0.
N38740 X0.6496 Z-0.5087 I0.0197 J0.
N38745 X0.6102 Z-0.511 I-0.0197 J0.
N38750 X0.6496 Z-0.5134 I0.0197 J0.
N38755 X0.6102 Z-0.5157 I-0.0197 J0.
N38760 X0.6496 Z-0.5181 I0.0197 J0.
N38765 X0.6102 Z-0.5205 I-0.0197 J0.
N38770 X0.6496 Z-0.5228 I0.0197 J0.
N38775 X0.6102 Z-0.5252 I-0.0197 J0.
N38780 X0.6496 Z-0.5276 I0.0197 J0.
N38785 X0.6102 Z-0.5299 I-0.0197 J0.
N38790 X0.6496 Z-0.5323 I0.0197 J0.
N38795 X0.6102 Z-0.5346 I-0.0197 J0.
N38800 X0.6496 Z-0.537 I0.0197 J0.
N38805 X0.6102 Z-0.5394 I-0.0197 J0.
N38810 X0.6496 Z-0.5417 I0.0197 J0.
N38815 X0.6102 Z-0.5441 I-0.0197 J0.
N38820 X0.6496 Z-0.5465 I0.0197 J0.
N38825 X0.6102 Z-0.5488 I-0.0197 J0.
N38830 X0.6496 Z-0.5512 I0.0197 J0.
N38835 X0.6102 Z-0.5535 I-0.0197 J0.
N38840 X0.6496 Z-0.5559 I0.0197 J0.
N38845 X0.6102 Z-0.5583 I-0.0197 J0.
N38850 X0.6496 Z-0.5606 I0.0197 J0.
N38855 X0.6102 Z-0.563 I-0.0197 J0.
N38860 X0.6496 Z-0.5654 I0.0197 J0.
N38865 X0.6102 Z-0.5677 I-0.0197 J0.
N38870 X0.6496 Z-0.5701 I0.0197 J0.
N38875 X0.6102 Z-0.5724 I-0.0197 J0.
N38880 X0.6496 Z-0.5748 I0.0197 J0.
N38885 X0.6102 Z-0.5772 I-0.0197 J0.
N38890 X0.6496 Z-0.5795 I0.0197 J0.
N38895 X0.6102 Z-0.5819 I-0.0197 J0.
N38900 X0.6496 Z-0.5843 I0.0197 J0.
N38905 X0.6102 Z-0.5866 I-0.0197 J0.
N38910 X0.6496 Z-0.589 I0.0197 J0.
N38915 X0.6102 Z-0.5913 I-0.0197 J0.
N38920 X0.6496 Z-0.5937 I0.0197 J0.
N38925 X0.6102 Z-0.5961 I-0.0197 J0.
N38930 X0.6496 Z-0.5984 I0.0197 J0.
N38935 X0.6102 Z-0.6008 I-0.0197 J0.
N38940 X0.6496 Z-0.6031 I0.0197 J0.
N38945 X0.6102 Z-0.6055 I-0.0197 J0.
N38950 X0.6496 Z-0.6079 I0.0197 J0.
N38955 X0.6102 Z-0.6102 I-0.0197 J0.
N38960 X0.6496 Z-0.6126 I0.0197 J0.
N38965 X0.6102 Z-0.615 I-0.0197 J0.
N38970 X0.6496 Z-0.6173 I0.0197 J0.
N38975 X0.6102 Z-0.6197 I-0.0197 J0.
N38980 X0.6496 Z-0.622 I0.0197 J0.
N38985 X0.6102 Z-0.6244 I-0.0197 J0.
N38990 X0.6496 Z-0.6268 I0.0197 J0.
N38995 X0.6102 Z-0.6291 I-0.0197 J0.
N39000 X0.6496 Z-0.6315 I0.0197 J0.
N39005 X0.6102 Z-0.6339 I-0.0197 J0.
N39010 X0.6496 Z-0.6362 I0.0197 J0.
N39015 X0.6102 Z-0.6386 I-0.0197 J0.
N39020 X0.6299 Y0.6004 Z-0.6398 I0.0197 J0.
N39025 Y0.6398 I0. J0.0197
N39030 Y0.6004 I0. J-0.0197
N39035 X0.6378 Y0.6083 I0. J0.0079
N39040 G1 Y0.6161
N39045 G19 G3 Y0.624 Z-0.6319 J0. K0.0079
N39050 G1 Z0.1969
N39055 X0.626 Y0.1923
N39060 Z0.1181
N39065 Z0.0472
N39070 G18 G2 X0.6339 Z0.0394 I0.0079 K0.
N39075 G1 X0.6417
N39080 G17 G3 X0.6496 Y0.2001 I0. J0.0079
N39085 X0.6102 Z0.037 I-0.0197 J0.
N39090 X0.6496 Z0.0346 I0.0197 J0.
N39095 X0.6102 Z0.0323 I-0.0197 J0.
N39100 X0.6496 Z0.0299 I0.0197 J0.
N39105 X0.6102 Z0.0276 I-0.0197 J0.
N39110 X0.6496 Z0.0252 I0.0197 J0.
N39115 X0.6102 Z0.0228 I-0.0197 J0.
N39120 X0.6496 Z0.0205 I0.0197 J0.
N39125 X0.6102 Z0.0181 I-0.0197 J0.
N39130 X0.6496 Z0.0157 I0.0197 J0.
N39135 X0.6102 Z0.0134 I-0.0197 J0.
N39140 X0.6496 Z0.011 I0.0197 J0.
N39145 X0.6102 Z0.0087 I-0.0197 J0.
N39150 X0.6496 Z0.0063 I0.0197 J0.
N39155 X0.6102 Z0.0039 I-0.0197 J0.
N39160 X0.6496 Z0.0016 I0.0197 J0.
N39165 X0.6102 Z-0.0008 I-0.0197 J0.
N39170 X0.6496 Z-0.0031 I0.0197 J0.
N39175 X0.6102 Z-0.0055 I-0.0197 J0.
N39180 X0.6496 Z-0.0079 I0.0197 J0.
N39185 X0.6102 Z-0.0102 I-0.0197 J0.
N39190 X0.6496 Z-0.0126 I0.0197 J0.
N39195 X0.6102 Z-0.015 I-0.0197 J0.
N39200 X0.6496 Z-0.0173 I0.0197 J0.
N39205 X0.6102 Z-0.0197 I-0.0197 J0.
N39210 X0.6496 Z-0.022 I0.0197 J0.
N39215 X0.6102 Z-0.0244 I-0.0197 J0.
N39220 X0.6496 Z-0.0268 I0.0197 J0.
N39225 X0.6102 Z-0.0291 I-0.0197 J0.
N39230 X0.6496 Z-0.0315 I0.0197 J0.
N39235 X0.6102 Z-0.0339 I-0.0197 J0.
N39240 X0.6496 Z-0.0362 I0.0197 J0.
N39245 X0.6102 Z-0.0386 I-0.0197 J0.
N39250 X0.6496 Z-0.0409 I0.0197 J0.
N39255 X0.6102 Z-0.0433 I-0.0197 J0.
N39260 X0.6496 Z-0.0457 I0.0197 J0.
N39265 X0.6102 Z-0.048 I-0.0197 J0.
N39270 X0.6496 Z-0.0504 I0.0197 J0.
N39275 X0.6102 Z-0.0528 I-0.0197 J0.
N39280 X0.6496 Z-0.0551 I0.0197 J0.
N39285 X0.6102 Z-0.0575 I-0.0197 J0.
N39290 X0.6496 Z-0.0598 I0.0197 J0.
N39295 X0.6102 Z-0.0622 I-0.0197 J0.
N39300 X0.6496 Z-0.0646 I0.0197 J0.
N39305 X0.6102 Z-0.0669 I-0.0197 J0.
N39310 X0.6496 Z-0.0693 I0.0197 J0.
N39315 X0.6102 Z-0.0717 I-0.0197 J0.
N39320 X0.6496 Z-0.074 I0.0197 J0.
N39325 X0.6102 Z-0.0764 I-0.0197 J0.
N39330 X0.6496 Z-0.0787 I0.0197 J0.
N39335 X0.6102 Z-0.0811 I-0.0197 J0.
N39340 X0.6496 Z-0.0835 I0.0197 J0.
N39345 X0.6102 Z-0.0858 I-0.0197 J0.
N39350 X0.6496 Z-0.0882 I0.0197 J0.
N39355 X0.6102 Z-0.0906 I-0.0197 J0.
N39360 X0.6496 Z-0.0929 I0.0197 J0.
N39365 X0.6102 Z-0.0953 I-0.0197 J0.
N39370 X0.6496 Z-0.0976 I0.0197 J0.
N39375 X0.6102 Z-0.1 I-0.0197 J0.
N39380 X0.6496 Z-0.1024 I0.0197 J0.
N39385 X0.6102 Z-0.1047 I-0.0197 J0.
N39390 X0.6496 Z-0.1071 I0.0197 J0.
N39395 X0.6102 Z-0.1094 I-0.0197 J0.
N39400 X0.6496 Z-0.1118 I0.0197 J0.
N39405 X0.6102 Z-0.1142 I-0.0197 J0.
N39410 X0.6496 Z-0.1165 I0.0197 J0.
N39415 X0.6102 Z-0.1189 I-0.0197 J0.
N39420 X0.6496 Z-0.1213 I0.0197 J0.
N39425 X0.6102 Z-0.1236 I-0.0197 J0.
N39430 X0.6496 Z-0.126 I0.0197 J0.
N39435 X0.6102 Z-0.1283 I-0.0197 J0.
N39440 X0.6496 Z-0.1307 I0.0197 J0.
N39445 X0.6102 Z-0.1331 I-0.0197 J0.
N39450 X0.6496 Z-0.1354 I0.0197 J0.
N39455 X0.6102 Z-0.1378 I-0.0197 J0.
N39460 X0.6496 Z-0.1402 I0.0197 J0.
N39465 X0.6102 Z-0.1425 I-0.0197 J0.
N39470 X0.6496 Z-0.1449 I0.0197 J0.
N39475 X0.6102 Z-0.1472 I-0.0197 J0.
N39480 X0.6496 Z-0.1496 I0.0197 J0.
N39485 X0.6102 Z-0.152 I-0.0197 J0.
N39490 X0.6496 Z-0.1543 I0.0197 J0.
N39495 X0.6102 Z-0.1567 I-0.0197 J0.
N39500 X0.6496 Z-0.1591 I0.0197 J0.
N39505 X0.6102 Z-0.1614 I-0.0197 J0.
N39510 X0.6496 Z-0.1638 I0.0197 J0.
N39515 X0.6102 Z-0.1661 I-0.0197 J0.
N39520 X0.6496 Z-0.1685 I0.0197 J0.
N39525 X0.6102 Z-0.1709 I-0.0197 J0.
N39530 X0.6496 Z-0.1732 I0.0197 J0.
N39535 X0.6102 Z-0.1756 I-0.0197 J0.
N39540 X0.6496 Z-0.178 I0.0197 J0.
N39545 X0.6102 Z-0.1803 I-0.0197 J0.
N39550 X0.6496 Z-0.1827 I0.0197 J0.
N39555 X0.6102 Z-0.185 I-0.0197 J0.
N39560 X0.6496 Z-0.1874 I0.0197 J0.
N39565 X0.6102 Z-0.1898 I-0.0197 J0.
N39570 X0.6496 Z-0.1921 I0.0197 J0.
N39575 X0.6102 Z-0.1945 I-0.0197 J0.
N39580 X0.6496 Z-0.1969 I0.0197 J0.
N39585 X0.6102 Z-0.1992 I-0.0197 J0.
N39590 X0.6496 Z-0.2016 I0.0197 J0.
N39595 X0.6102 Z-0.2039 I-0.0197 J0.
N39600 X0.6496 Z-0.2063 I0.0197 J0.
N39605 X0.6102 Z-0.2087 I-0.0197 J0.
N39610 X0.6496 Z-0.211 I0.0197 J0.
N39615 X0.6102 Z-0.2134 I-0.0197 J0.
N39620 X0.6496 Z-0.2157 I0.0197 J0.
N39625 X0.6102 Z-0.2181 I-0.0197 J0.
N39630 X0.6496 Z-0.2205 I0.0197 J0.
N39635 X0.6102 Z-0.2228 I-0.0197 J0.
N39640 X0.6496 Z-0.2252 I0.0197 J0.
N39645 X0.6102 Z-0.2276 I-0.0197 J0.
N39650 X0.6496 Z-0.2299 I0.0197 J0.
N39655 X0.6102 Z-0.2323 I-0.0197 J0.
N39660 X0.6496 Z-0.2346 I0.0197 J0.
N39665 X0.6102 Z-0.237 I-0.0197 J0.
N39670 X0.6496 Z-0.2394 I0.0197 J0.
N39675 X0.6102 Z-0.2417 I-0.0197 J0.
N39680 X0.6496 Z-0.2441 I0.0197 J0.
N39685 X0.6102 Z-0.2465 I-0.0197 J0.
N39690 X0.6496 Z-0.2488 I0.0197 J0.
N39695 X0.6102 Z-0.2512 I-0.0197 J0.
N39700 X0.6496 Z-0.2535 I0.0197 J0.
N39705 X0.6102 Z-0.2559 I-0.0197 J0.
N39710 X0.6496 Z-0.2583 I0.0197 J0.
N39715 X0.6102 Z-0.2606 I-0.0197 J0.
N39720 X0.6496 Z-0.263 I0.0197 J0.
N39725 X0.6102 Z-0.2654 I-0.0197 J0.
N39730 X0.6496 Z-0.2677 I0.0197 J0.
N39735 X0.6102 Z-0.2701 I-0.0197 J0.
N39740 X0.6496 Z-0.2724 I0.0197 J0.
N39745 X0.6102 Z-0.2748 I-0.0197 J0.
N39750 X0.6496 Z-0.2772 I0.0197 J0.
N39755 X0.6102 Z-0.2795 I-0.0197 J0.
N39760 X0.6496 Z-0.2819 I0.0197 J0.
N39765 X0.6102 Z-0.2843 I-0.0197 J0.
N39770 X0.6496 Z-0.2866 I0.0197 J0.
N39775 X0.6102 Z-0.289 I-0.0197 J0.
N39780 X0.6496 Z-0.2913 I0.0197 J0.
N39785 X0.6102 Z-0.2937 I-0.0197 J0.
N39790 X0.6496 Z-0.2961 I0.0197 J0.
N39795 X0.6102 Z-0.2984 I-0.0197 J0.
N39800 X0.6496 Z-0.3008 I0.0197 J0.
N39805 X0.6102 Z-0.3031 I-0.0197 J0.
N39810 X0.6496 Z-0.3055 I0.0197 J0.
N39815 X0.6102 Z-0.3079 I-0.0197 J0.
N39820 X0.6496 Z-0.3102 I0.0197 J0.
N39825 X0.6102 Z-0.3126 I-0.0197 J0.
N39830 X0.6496 Z-0.315 I0.0197 J0.
N39835 X0.6102 Z-0.3173 I-0.0197 J0.
N39840 X0.6496 Z-0.3197 I0.0197 J0.
N39845 X0.6102 Z-0.322 I-0.0197 J0.
N39850 X0.6496 Z-0.3244 I0.0197 J0.
N39855 X0.6102 Z-0.3268 I-0.0197 J0.
N39860 X0.6496 Z-0.3291 I0.0197 J0.
N39865 X0.6102 Z-0.3315 I-0.0197 J0.
N39870 X0.6496 Z-0.3339 I0.0197 J0.
N39875 X0.6102 Z-0.3362 I-0.0197 J0.
N39880 X0.6496 Z-0.3386 I0.0197 J0.
N39885 X0.6102 Z-0.3409 I-0.0197 J0.
N39890 X0.6496 Z-0.3433 I0.0197 J0.
N39895 X0.6102 Z-0.3457 I-0.0197 J0.
N39900 X0.6496 Z-0.348 I0.0197 J0.
N39905 X0.6102 Z-0.3504 I-0.0197 J0.
N39910 X0.6496 Z-0.3528 I0.0197 J0.
N39915 X0.6102 Z-0.3551 I-0.0197 J0.
N39920 X0.6496 Z-0.3575 I0.0197 J0.
N39925 X0.6102 Z-0.3598 I-0.0197 J0.
N39930 X0.6496 Z-0.3622 I0.0197 J0.
N39935 X0.6102 Z-0.3646 I-0.0197 J0.
N39940 X0.6496 Z-0.3669 I0.0197 J0.
N39945 X0.6102 Z-0.3693 I-0.0197 J0.
N39950 X0.6496 Z-0.3717 I0.0197 J0.
N39955 X0.6102 Z-0.374 I-0.0197 J0.
N39960 X0.6496 Z-0.3764 I0.0197 J0.
N39965 X0.6102 Z-0.3787 I-0.0197 J0.
N39970 X0.6496 Z-0.3811 I0.0197 J0.
N39975 X0.6102 Z-0.3835 I-0.0197 J0.
N39980 X0.6496 Z-0.3858 I0.0197 J0.
N39985 X0.6102 Z-0.3882 I-0.0197 J0.
N39990 X0.6496 Z-0.3906 I0.0197 J0.
N39995 X0.6102 Z-0.3929 I-0.0197 J0.
N40000 X0.6496 Z-0.3953 I0.0197 J0.
N40005 X0.6102 Z-0.3976 I-0.0197 J0.
N40010 X0.6496 Z-0.4 I0.0197 J0.
N40015 X0.6102 Z-0.4024 I-0.0197 J0.
N40020 X0.6496 Z-0.4047 I0.0197 J0.
N40025 X0.6102 Z-0.4071 I-0.0197 J0.
N40030 X0.6496 Z-0.4094 I0.0197 J0.
N40035 X0.6102 Z-0.4118 I-0.0197 J0.
N40040 X0.6496 Z-0.4142 I0.0197 J0.
N40045 X0.6102 Z-0.4165 I-0.0197 J0.
N40050 X0.6496 Z-0.4189 I0.0197 J0.
N40055 X0.6102 Z-0.4213 I-0.0197 J0.
N40060 X0.6496 Z-0.4236 I0.0197 J0.
N40065 X0.6102 Z-0.426 I-0.0197 J0.
N40070 X0.6496 Z-0.4283 I0.0197 J0.
N40075 X0.6102 Z-0.4307 I-0.0197 J0.
N40080 X0.6496 Z-0.4331 I0.0197 J0.
N40085 X0.6102 Z-0.4354 I-0.0197 J0.
N40090 X0.6496 Z-0.4378 I0.0197 J0.
N40095 X0.6102 Z-0.4402 I-0.0197 J0.
N40100 X0.6496 Z-0.4425 I0.0197 J0.
N40105 X0.6102 Z-0.4449 I-0.0197 J0.
N40110 X0.6496 Z-0.4472 I0.0197 J0.
N40115 X0.6102 Z-0.4496 I-0.0197 J0.
N40120 X0.6496 Z-0.452 I0.0197 J0.
N40125 X0.6102 Z-0.4543 I-0.0197 J0.
N40130 X0.6496 Z-0.4567 I0.0197 J0.
N40135 X0.6102 Z-0.4591 I-0.0197 J0.
N40140 X0.6496 Z-0.4614 I0.0197 J0.
N40145 X0.6102 Z-0.4638 I-0.0197 J0.
N40150 X0.6496 Z-0.4661 I0.0197 J0.
N40155 X0.6102 Z-0.4685 I-0.0197 J0.
N40160 X0.6496 Z-0.4709 I0.0197 J0.
N40165 X0.6102 Z-0.4732 I-0.0197 J0.
N40170 X0.6496 Z-0.4756 I0.0197 J0.
N40175 X0.6102 Z-0.478 I-0.0197 J0.
N40180 X0.6496 Z-0.4803 I0.0197 J0.
N40185 X0.6102 Z-0.4827 I-0.0197 J0.
N40190 X0.6496 Z-0.485 I0.0197 J0.
N40195 X0.6102 Z-0.4874 I-0.0197 J0.
N40200 X0.6496 Z-0.4898 I0.0197 J0.
N40205 X0.6102 Z-0.4921 I-0.0197 J0.
N40210 X0.6496 Z-0.4945 I0.0197 J0.
N40215 X0.6102 Z-0.4969 I-0.0197 J0.
N40220 X0.6496 Z-0.4992 I0.0197 J0.
N40225 X0.6102 Z-0.5016 I-0.0197 J0.
N40230 X0.6496 Z-0.5039 I0.0197 J0.
N40235 X0.6102 Z-0.5063 I-0.0197 J0.
N40240 X0.6496 Z-0.5087 I0.0197 J0.
N40245 X0.6102 Z-0.511 I-0.0197 J0.
N40250 X0.6496 Z-0.5134 I0.0197 J0.
N40255 X0.6102 Z-0.5157 I-0.0197 J0.
N40260 X0.6496 Z-0.5181 I0.0197 J0.
N40265 X0.6102 Z-0.5205 I-0.0197 J0.
N40270 X0.6496 Z-0.5228 I0.0197 J0.
N40275 X0.6102 Z-0.5252 I-0.0197 J0.
N40280 X0.6496 Z-0.5276 I0.0197 J0.
N40285 X0.6102 Z-0.5299 I-0.0197 J0.
N40290 X0.6496 Z-0.5323 I0.0197 J0.
N40295 X0.6102 Z-0.5346 I-0.0197 J0.
N40300 X0.6496 Z-0.537 I0.0197 J0.
N40305 X0.6102 Z-0.5394 I-0.0197 J0.
N40310 X0.6496 Z-0.5417 I0.0197 J0.
N40315 X0.6102 Z-0.5441 I-0.0197 J0.
N40320 X0.6496 Z-0.5465 I0.0197 J0.
N40325 X0.6102 Z-0.5488 I-0.0197 J0.
N40330 X0.6496 Z-0.5512 I0.0197 J0.
N40335 X0.6102 Z-0.5535 I-0.0197 J0.
N40340 X0.6496 Z-0.5559 I0.0197 J0.
N40345 X0.6102 Z-0.5583 I-0.0197 J0.
N40350 X0.6496 Z-0.5606 I0.0197 J0.
N40355 X0.6102 Z-0.563 I-0.0197 J0.
N40360 X0.6496 Z-0.5654 I0.0197 J0.
N40365 X0.6102 Z-0.5677 I-0.0197 J0.
N40370 X0.6496 Z-0.5701 I0.0197 J0.
N40375 X0.6102 Z-0.5724 I-0.0197 J0.
N40380 X0.6496 Z-0.5748 I0.0197 J0.
N40385 X0.6102 Z-0.5772 I-0.0197 J0.
N40390 X0.6496 Z-0.5795 I0.0197 J0.
N40395 X0.6102 Z-0.5819 I-0.0197 J0.
N40400 X0.6496 Z-0.5843 I0.0197 J0.
N40405 X0.6102 Z-0.5866 I-0.0197 J0.
N40410 X0.6496 Z-0.589 I0.0197 J0.
N40415 X0.6102 Z-0.5913 I-0.0197 J0.
N40420 X0.6496 Z-0.5937 I0.0197 J0.
N40425 X0.6102 Z-0.5961 I-0.0197 J0.
N40430 X0.6496 Z-0.5984 I0.0197 J0.
N40435 X0.6102 Z-0.6008 I-0.0197 J0.
N40440 X0.6496 Z-0.6031 I0.0197 J0.
N40445 X0.6102 Z-0.6055 I-0.0197 J0.
N40450 X0.6496 Z-0.6079 I0.0197 J0.
N40455 X0.6102 Z-0.6102 I-0.0197 J0.
N40460 X0.6496 Z-0.6126 I0.0197 J0.
N40465 X0.6102 Z-0.615 I-0.0197 J0.
N40470 X0.6496 Z-0.6173 I0.0197 J0.
N40475 X0.6102 Z-0.6197 I-0.0197 J0.
N40480 X0.6496 Z-0.622 I0.0197 J0.
N40485 X0.6102 Z-0.6244 I-0.0197 J0.
N40490 X0.6496 Z-0.6268 I0.0197 J0.
N40495 X0.6102 Z-0.6291 I-0.0197 J0.
N40500 X0.6496 Z-0.6315 I0.0197 J0.
N40505 X0.6102 Z-0.6339 I-0.0197 J0.
N40510 X0.6496 Z-0.6362 I0.0197 J0.
N40515 X0.6102 Z-0.6386 I-0.0197 J0.
N40520 X0.6299 Y0.1804 Z-0.6398 I0.0197 J0.
N40525 Y0.2198 I0. J0.0197
N40530 Y0.1804 I0. J-0.0197
N40535 X0.6378 Y0.1883 I0. J0.0079
N40540 G1 Y0.1962
N40545 G19 G3 Y0.2041 Z-0.6319 J0. K0.0079
N40550 G1 Z0.1969
N40555 X0.626 Y0.1923
N40560 Z0.1181
N40565 Z0.0472
N40570 G18 G2 X0.6339 Z0.0394 I0.0079 K0.
N40575 G1 X0.6417
N40580 G17 G3 X0.6496 Y0.2001 I0. J0.0079
N40585 X0.6102 Z0.037 I-0.0197 J0.
N40590 X0.6496 Z0.0346 I0.0197 J0.
N40595 X0.6102 Z0.0323 I-0.0197 J0.
N40600 X0.6496 Z0.0299 I0.0197 J0.
N40605 X0.6102 Z0.0276 I-0.0197 J0.
N40610 X0.6496 Z0.0252 I0.0197 J0.
N40615 X0.6102 Z0.0228 I-0.0197 J0.
N40620 X0.6496 Z0.0205 I0.0197 J0.
N40625 X0.6102 Z0.0181 I-0.0197 J0.
N40630 X0.6496 Z0.0157 I0.0197 J0.
N40635 X0.6102 Z0.0134 I-0.0197 J0.
N40640 X0.6496 Z0.011 I0.0197 J0.
N40645 X0.6102 Z0.0087 I-0.0197 J0.
N40650 X0.6496 Z0.0063 I0.0197 J0.
N40655 X0.6102 Z0.0039 I-0.0197 J0.
N40660 X0.6496 Z0.0016 I0.0197 J0.
N40665 X0.6102 Z-0.0008 I-0.0197 J0.
N40670 X0.6496 Z-0.0031 I0.0197 J0.
N40675 X0.6102 Z-0.0055 I-0.0197 J0.
N40680 X0.6496 Z-0.0079 I0.0197 J0.
N40685 X0.6102 Z-0.0102 I-0.0197 J0.
N40690 X0.6496 Z-0.0126 I0.0197 J0.
N40695 X0.6102 Z-0.015 I-0.0197 J0.
N40700 X0.6496 Z-0.0173 I0.0197 J0.
N40705 X0.6102 Z-0.0197 I-0.0197 J0.
N40710 X0.6496 Z-0.022 I0.0197 J0.
N40715 X0.6102 Z-0.0244 I-0.0197 J0.
N40720 X0.6496 Z-0.0268 I0.0197 J0.
N40725 X0.6102 Z-0.0291 I-0.0197 J0.
N40730 X0.6496 Z-0.0315 I0.0197 J0.
N40735 X0.6102 Z-0.0339 I-0.0197 J0.
N40740 X0.6496 Z-0.0362 I0.0197 J0.
N40745 X0.6102 Z-0.0386 I-0.0197 J0.
N40750 X0.6496 Z-0.0409 I0.0197 J0.
N40755 X0.6102 Z-0.0433 I-0.0197 J0.
N40760 X0.6496 Z-0.0457 I0.0197 J0.
N40765 X0.6102 Z-0.048 I-0.0197 J0.
N40770 X0.6496 Z-0.0504 I0.0197 J0.
N40775 X0.6102 Z-0.0528 I-0.0197 J0.
N40780 X0.6496 Z-0.0551 I0.0197 J0.
N40785 X0.6102 Z-0.0575 I-0.0197 J0.
N40790 X0.6496 Z-0.0598 I0.0197 J0.
N40795 X0.6102 Z-0.0622 I-0.0197 J0.
N40800 X0.6496 Z-0.0646 I0.0197 J0.
N40805 X0.6102 Z-0.0669 I-0.0197 J0.
N40810 X0.6496 Z-0.0693 I0.0197 J0.
N40815 X0.6102 Z-0.0717 I-0.0197 J0.
N40820 X0.6496 Z-0.074 I0.0197 J0.
N40825 X0.6102 Z-0.0764 I-0.0197 J0.
N40830 X0.6496 Z-0.0787 I0.0197 J0.
N40835 X0.6102 Z-0.0811 I-0.0197 J0.
N40840 X0.6496 Z-0.0835 I0.0197 J0.
N40845 X0.6102 Z-0.0858 I-0.0197 J0.
N40850 X0.6496 Z-0.0882 I0.0197 J0.
N40855 X0.6102 Z-0.0906 I-0.0197 J0.
N40860 X0.6496 Z-0.0929 I0.0197 J0.
N40865 X0.6102 Z-0.0953 I-0.0197 J0.
N40870 X0.6496 Z-0.0976 I0.0197 J0.
N40875 X0.6102 Z-0.1 I-0.0197 J0.
N40880 X0.6496 Z-0.1024 I0.0197 J0.
N40885 X0.6102 Z-0.1047 I-0.0197 J0.
N40890 X0.6496 Z-0.1071 I0.0197 J0.
N40895 X0.6102 Z-0.1094 I-0.0197 J0.
N40900 X0.6496 Z-0.1118 I0.0197 J0.
N40905 X0.6102 Z-0.1142 I-0.0197 J0.
N40910 X0.6496 Z-0.1165 I0.0197 J0.
N40915 X0.6102 Z-0.1189 I-0.0197 J0.
N40920 X0.6496 Z-0.1213 I0.0197 J0.
N40925 X0.6102 Z-0.1236 I-0.0197 J0.
N40930 X0.6496 Z-0.126 I0.0197 J0.
N40935 X0.6102 Z-0.1283 I-0.0197 J0.
N40940 X0.6496 Z-0.1307 I0.0197 J0.
N40945 X0.6102 Z-0.1331 I-0.0197 J0.
N40950 X0.6496 Z-0.1354 I0.0197 J0.
N40955 X0.6102 Z-0.1378 I-0.0197 J0.
N40960 X0.6496 Z-0.1402 I0.0197 J0.
N40965 X0.6102 Z-0.1425 I-0.0197 J0.
N40970 X0.6496 Z-0.1449 I0.0197 J0.
N40975 X0.6102 Z-0.1472 I-0.0197 J0.
N40980 X0.6496 Z-0.1496 I0.0197 J0.
N40985 X0.6102 Z-0.152 I-0.0197 J0.
N40990 X0.6496 Z-0.1543 I0.0197 J0.
N40995 X0.6102 Z-0.1567 I-0.0197 J0.
N41000 X0.6496 Z-0.1591 I0.0197 J0.
N41005 X0.6102 Z-0.1614 I-0.0197 J0.
N41010 X0.6496 Z-0.1638 I0.0197 J0.
N41015 X0.6102 Z-0.1661 I-0.0197 J0.
N41020 X0.6496 Z-0.1685 I0.0197 J0.
N41025 X0.6102 Z-0.1709 I-0.0197 J0.
N41030 X0.6496 Z-0.1732 I0.0197 J0.
N41035 X0.6102 Z-0.1756 I-0.0197 J0.
N41040 X0.6496 Z-0.178 I0.0197 J0.
N41045 X0.6102 Z-0.1803 I-0.0197 J0.
N41050 X0.6496 Z-0.1827 I0.0197 J0.
N41055 X0.6102 Z-0.185 I-0.0197 J0.
N41060 X0.6496 Z-0.1874 I0.0197 J0.
N41065 X0.6102 Z-0.1898 I-0.0197 J0.
N41070 X0.6496 Z-0.1921 I0.0197 J0.
N41075 X0.6102 Z-0.1945 I-0.0197 J0.
N41080 X0.6496 Z-0.1969 I0.0197 J0.
N41085 X0.6102 Z-0.1992 I-0.0197 J0.
N41090 X0.6496 Z-0.2016 I0.0197 J0.
N41095 X0.6102 Z-0.2039 I-0.0197 J0.
N41100 X0.6496 Z-0.2063 I0.0197 J0.
N41105 X0.6102 Z-0.2087 I-0.0197 J0.
N41110 X0.6496 Z-0.211 I0.0197 J0.
N41115 X0.6102 Z-0.2134 I-0.0197 J0.
N41120 X0.6496 Z-0.2157 I0.0197 J0.
N41125 X0.6102 Z-0.2181 I-0.0197 J0.
N41130 X0.6496 Z-0.2205 I0.0197 J0.
N41135 X0.6102 Z-0.2228 I-0.0197 J0.
N41140 X0.6496 Z-0.2252 I0.0197 J0.
N41145 X0.6102 Z-0.2276 I-0.0197 J0.
N41150 X0.6496 Z-0.2299 I0.0197 J0.
N41155 X0.6102 Z-0.2323 I-0.0197 J0.
N41160 X0.6496 Z-0.2346 I0.0197 J0.
N41165 X0.6102 Z-0.237 I-0.0197 J0.
N41170 X0.6496 Z-0.2394 I0.0197 J0.
N41175 X0.6102 Z-0.2417 I-0.0197 J0.
N41180 X0.6496 Z-0.2441 I0.0197 J0.
N41185 X0.6102 Z-0.2465 I-0.0197 J0.
N41190 X0.6496 Z-0.2488 I0.0197 J0.
N41195 X0.6102 Z-0.2512 I-0.0197 J0.
N41200 X0.6496 Z-0.2535 I0.0197 J0.
N41205 X0.6102 Z-0.2559 I-0.0197 J0.
N41210 X0.6496 Z-0.2583 I0.0197 J0.
N41215 X0.6102 Z-0.2606 I-0.0197 J0.
N41220 X0.6496 Z-0.263 I0.0197 J0.
N41225 X0.6102 Z-0.2654 I-0.0197 J0.
N41230 X0.6496 Z-0.2677 I0.0197 J0.
N41235 X0.6102 Z-0.2701 I-0.0197 J0.
N41240 X0.6496 Z-0.2724 I0.0197 J0.
N41245 X0.6102 Z-0.2748 I-0.0197 J0.
N41250 X0.6496 Z-0.2772 I0.0197 J0.
N41255 X0.6102 Z-0.2795 I-0.0197 J0.
N41260 X0.6496 Z-0.2819 I0.0197 J0.
N41265 X0.6102 Z-0.2843 I-0.0197 J0.
N41270 X0.6496 Z-0.2866 I0.0197 J0.
N41275 X0.6102 Z-0.289 I-0.0197 J0.
N41280 X0.6496 Z-0.2913 I0.0197 J0.
N41285 X0.6102 Z-0.2937 I-0.0197 J0.
N41290 X0.6496 Z-0.2961 I0.0197 J0.
N41295 X0.6102 Z-0.2984 I-0.0197 J0.
N41300 X0.6496 Z-0.3008 I0.0197 J0.
N41305 X0.6102 Z-0.3031 I-0.0197 J0.
N41310 X0.6496 Z-0.3055 I0.0197 J0.
N41315 X0.6102 Z-0.3079 I-0.0197 J0.
N41320 X0.6496 Z-0.3102 I0.0197 J0.
N41325 X0.6102 Z-0.3126 I-0.0197 J0.
N41330 X0.6496 Z-0.315 I0.0197 J0.
N41335 X0.6102 Z-0.3173 I-0.0197 J0.
N41340 X0.6496 Z-0.3197 I0.0197 J0.
N41345 X0.6102 Z-0.322 I-0.0197 J0.
N41350 X0.6496 Z-0.3244 I0.0197 J0.
N41355 X0.6102 Z-0.3268 I-0.0197 J0.
N41360 X0.6496 Z-0.3291 I0.0197 J0.
N41365 X0.6102 Z-0.3315 I-0.0197 J0.
N41370 X0.6496 Z-0.3339 I0.0197 J0.
N41375 X0.6102 Z-0.3362 I-0.0197 J0.
N41380 X0.6496 Z-0.3386 I0.0197 J0.
N41385 X0.6102 Z-0.3409 I-0.0197 J0.
N41390 X0.6496 Z-0.3433 I0.0197 J0.
N41395 X0.6102 Z-0.3457 I-0.0197 J0.
N41400 X0.6496 Z-0.348 I0.0197 J0.
N41405 X0.6102 Z-0.3504 I-0.0197 J0.
N41410 X0.6496 Z-0.3528 I0.0197 J0.
N41415 X0.6102 Z-0.3551 I-0.0197 J0.
N41420 X0.6496 Z-0.3575 I0.0197 J0.
N41425 X0.6102 Z-0.3598 I-0.0197 J0.
N41430 X0.6496 Z-0.3622 I0.0197 J0.
N41435 X0.6102 Z-0.3646 I-0.0197 J0.
N41440 X0.6496 Z-0.3669 I0.0197 J0.
N41445 X0.6102 Z-0.3693 I-0.0197 J0.
N41450 X0.6496 Z-0.3717 I0.0197 J0.
N41455 X0.6102 Z-0.374 I-0.0197 J0.
N41460 X0.6496 Z-0.3764 I0.0197 J0.
N41465 X0.6102 Z-0.3787 I-0.0197 J0.
N41470 X0.6496 Z-0.3811 I0.0197 J0.
N41475 X0.6102 Z-0.3835 I-0.0197 J0.
N41480 X0.6496 Z-0.3858 I0.0197 J0.
N41485 X0.6102 Z-0.3882 I-0.0197 J0.
N41490 X0.6496 Z-0.3906 I0.0197 J0.
N41495 X0.6102 Z-0.3929 I-0.0197 J0.
N41500 X0.6496 Z-0.3953 I0.0197 J0.
N41505 X0.6102 Z-0.3976 I-0.0197 J0.
N41510 X0.6496 Z-0.4 I0.0197 J0.
N41515 X0.6102 Z-0.4024 I-0.0197 J0.
N41520 X0.6496 Z-0.4047 I0.0197 J0.
N41525 X0.6102 Z-0.4071 I-0.0197 J0.
N41530 X0.6496 Z-0.4094 I0.0197 J0.
N41535 X0.6102 Z-0.4118 I-0.0197 J0.
N41540 X0.6496 Z-0.4142 I0.0197 J0.
N41545 X0.6102 Z-0.4165 I-0.0197 J0.
N41550 X0.6496 Z-0.4189 I0.0197 J0.
N41555 X0.6102 Z-0.4213 I-0.0197 J0.
N41560 X0.6496 Z-0.4236 I0.0197 J0.
N41565 X0.6102 Z-0.426 I-0.0197 J0.
N41570 X0.6496 Z-0.4283 I0.0197 J0.
N41575 X0.6102 Z-0.4307 I-0.0197 J0.
N41580 X0.6496 Z-0.4331 I0.0197 J0.
N41585 X0.6102 Z-0.4354 I-0.0197 J0.
N41590 X0.6496 Z-0.4378 I0.0197 J0.
N41595 X0.6102 Z-0.4402 I-0.0197 J0.
N41600 X0.6496 Z-0.4425 I0.0197 J0.
N41605 X0.6102 Z-0.4449 I-0.0197 J0.
N41610 X0.6496 Z-0.4472 I0.0197 J0.
N41615 X0.6102 Z-0.4496 I-0.0197 J0.
N41620 X0.6496 Z-0.452 I0.0197 J0.
N41625 X0.6102 Z-0.4543 I-0.0197 J0.
N41630 X0.6496 Z-0.4567 I0.0197 J0.
N41635 X0.6102 Z-0.4591 I-0.0197 J0.
N41640 X0.6496 Z-0.4614 I0.0197 J0.
N41645 X0.6102 Z-0.4638 I-0.0197 J0.
N41650 X0.6496 Z-0.4661 I0.0197 J0.
N41655 X0.6102 Z-0.4685 I-0.0197 J0.
N41660 X0.6496 Z-0.4709 I0.0197 J0.
N41665 X0.6102 Z-0.4732 I-0.0197 J0.
N41670 X0.6496 Z-0.4756 I0.0197 J0.
N41675 X0.6102 Z-0.478 I-0.0197 J0.
N41680 X0.6496 Z-0.4803 I0.0197 J0.
N41685 X0.6102 Z-0.4827 I-0.0197 J0.
N41690 X0.6496 Z-0.485 I0.0197 J0.
N41695 X0.6102 Z-0.4874 I-0.0197 J0.
N41700 X0.6496 Z-0.4898 I0.0197 J0.
N41705 X0.6102 Z-0.4921 I-0.0197 J0.
N41710 X0.6496 Z-0.4945 I0.0197 J0.
N41715 X0.6102 Z-0.4969 I-0.0197 J0.
N41720 X0.6496 Z-0.4992 I0.0197 J0.
N41725 X0.6102 Z-0.5016 I-0.0197 J0.
N41730 X0.6496 Z-0.5039 I0.0197 J0.
N41735 X0.6102 Z-0.5063 I-0.0197 J0.
N41740 X0.6496 Z-0.5087 I0.0197 J0.
N41745 X0.6102 Z-0.511 I-0.0197 J0.
N41750 X0.6496 Z-0.5134 I0.0197 J0.
N41755 X0.6102 Z-0.5157 I-0.0197 J0.
N41760 X0.6496 Z-0.5181 I0.0197 J0.
N41765 X0.6102 Z-0.5205 I-0.0197 J0.
N41770 X0.6496 Z-0.5228 I0.0197 J0.
N41775 X0.6102 Z-0.5252 I-0.0197 J0.
N41780 X0.6496 Z-0.5276 I0.0197 J0.
N41785 X0.6102 Z-0.5299 I-0.0197 J0.
N41790 X0.6496 Z-0.5323 I0.0197 J0.
N41795 X0.6102 Z-0.5346 I-0.0197 J0.
N41800 X0.6496 Z-0.537 I0.0197 J0.
N41805 X0.6102 Z-0.5394 I-0.0197 J0.
N41810 X0.6496 Z-0.5417 I0.0197 J0.
N41815 X0.6102 Z-0.5441 I-0.0197 J0.
N41820 X0.6496 Z-0.5465 I0.0197 J0.
N41825 X0.6102 Z-0.5488 I-0.0197 J0.
N41830 X0.6496 Z-0.5512 I0.0197 J0.
N41835 X0.6102 Z-0.5535 I-0.0197 J0.
N41840 X0.6496 Z-0.5559 I0.0197 J0.
N41845 X0.6102 Z-0.5583 I-0.0197 J0.
N41850 X0.6496 Z-0.5606 I0.0197 J0.
N41855 X0.6102 Z-0.563 I-0.0197 J0.
N41860 X0.6496 Z-0.5654 I0.0197 J0.
N41865 X0.6102 Z-0.5677 I-0.0197 J0.
N41870 X0.6496 Z-0.5701 I0.0197 J0.
N41875 X0.6102 Z-0.5724 I-0.0197 J0.
N41880 X0.6496 Z-0.5748 I0.0197 J0.
N41885 X0.6102 Z-0.5772 I-0.0197 J0.
N41890 X0.6496 Z-0.5795 I0.0197 J0.
N41895 X0.6102 Z-0.5819 I-0.0197 J0.
N41900 X0.6496 Z-0.5843 I0.0197 J0.
N41905 X0.6102 Z-0.5866 I-0.0197 J0.
N41910 X0.6496 Z-0.589 I0.0197 J0.
N41915 X0.6102 Z-0.5913 I-0.0197 J0.
N41920 X0.6496 Z-0.5937 I0.0197 J0.
N41925 X0.6102 Z-0.5961 I-0.0197 J0.
N41930 X0.6496 Z-0.5984 I0.0197 J0.
N41935 X0.6102 Z-0.6008 I-0.0197 J0.
N41940 X0.6496 Z-0.6031 I0.0197 J0.
N41945 X0.6102 Z-0.6055 I-0.0197 J0.
N41950 X0.6496 Z-0.6079 I0.0197 J0.
N41955 X0.6102 Z-0.6102 I-0.0197 J0.
N41960 X0.6496 Z-0.6126 I0.0197 J0.
N41965 X0.6102 Z-0.615 I-0.0197 J0.
N41970 X0.6496 Z-0.6173 I0.0197 J0.
N41975 X0.6102 Z-0.6197 I-0.0197 J0.
N41980 X0.6496 Z-0.622 I0.0197 J0.
N41985 X0.6102 Z-0.6244 I-0.0197 J0.
N41990 X0.6496 Z-0.6268 I0.0197 J0.
N41995 X0.6102 Z-0.6291 I-0.0197 J0.
N42000 X0.6496 Z-0.6315 I0.0197 J0.
N42005 X0.6102 Z-0.6339 I-0.0197 J0.
N42010 X0.6496 Z-0.6362 I0.0197 J0.
N42015 X0.6102 Z-0.6386 I-0.0197 J0.
N42020 X0.6299 Y0.1804 Z-0.6398 I0.0197 J0.
N42025 Y0.2198 I0. J0.0197
N42030 Y0.1804 I0. J-0.0197
N42035 X0.6378 Y0.1883 I0. J0.0079
N42040 G1 Y0.1962
N42045 G19 G3 Y0.2041 Z-0.6319 J0. K0.0079
N42050 G1 Z0.1969
N42055 X0.626 Y-0.2277
N42060 Z0.1181
N42065 Z0.0472
N42070 G18 G2 X0.6339 Z0.0394 I0.0079 K0.
N42075 G1 X0.6417
N42080 G17 G3 X0.6496 Y-0.2198 I0. J0.0079
N42085 X0.6102 Z0.037 I-0.0197 J0.
N42090 X0.6496 Z0.0346 I0.0197 J0.
N42095 X0.6102 Z0.0323 I-0.0197 J0.
N42100 X0.6496 Z0.0299 I0.0197 J0.
N42105 X0.6102 Z0.0276 I-0.0197 J0.
N42110 X0.6496 Z0.0252 I0.0197 J0.
N42115 X0.6102 Z0.0228 I-0.0197 J0.
N42120 X0.6496 Z0.0205 I0.0197 J0.
N42125 X0.6102 Z0.0181 I-0.0197 J0.
N42130 X0.6496 Z0.0157 I0.0197 J0.
N42135 X0.6102 Z0.0134 I-0.0197 J0.
N42140 X0.6496 Z0.011 I0.0197 J0.
N42145 X0.6102 Z0.0087 I-0.0197 J0.
N42150 X0.6496 Z0.0063 I0.0197 J0.
N42155 X0.6102 Z0.0039 I-0.0197 J0.
N42160 X0.6496 Z0.0016 I0.0197 J0.
N42165 X0.6102 Z-0.0008 I-0.0197 J0.
N42170 X0.6496 Z-0.0031 I0.0197 J0.
N42175 X0.6102 Z-0.0055 I-0.0197 J0.
N42180 X0.6496 Z-0.0079 I0.0197 J0.
N42185 X0.6102 Z-0.0102 I-0.0197 J0.
N42190 X0.6496 Z-0.0126 I0.0197 J0.
N42195 X0.6102 Z-0.015 I-0.0197 J0.
N42200 X0.6496 Z-0.0173 I0.0197 J0.
N42205 X0.6102 Z-0.0197 I-0.0197 J0.
N42210 X0.6496 Z-0.022 I0.0197 J0.
N42215 X0.6102 Z-0.0244 I-0.0197 J0.
N42220 X0.6496 Z-0.0268 I0.0197 J0.
N42225 X0.6102 Z-0.0291 I-0.0197 J0.
N42230 X0.6496 Z-0.0315 I0.0197 J0.
N42235 X0.6102 Z-0.0339 I-0.0197 J0.
N42240 X0.6496 Z-0.0362 I0.0197 J0.
N42245 X0.6102 Z-0.0386 I-0.0197 J0.
N42250 X0.6496 Z-0.0409 I0.0197 J0.
N42255 X0.6102 Z-0.0433 I-0.0197 J0.
N42260 X0.6496 Z-0.0457 I0.0197 J0.
N42265 X0.6102 Z-0.048 I-0.0197 J0.
N42270 X0.6496 Z-0.0504 I0.0197 J0.
N42275 X0.6102 Z-0.0528 I-0.0197 J0.
N42280 X0.6496 Z-0.0551 I0.0197 J0.
N42285 X0.6102 Z-0.0575 I-0.0197 J0.
N42290 X0.6496 Z-0.0598 I0.0197 J0.
N42295 X0.6102 Z-0.0622 I-0.0197 J0.
N42300 X0.6496 Z-0.0646 I0.0197 J0.
N42305 X0.6102 Z-0.0669 I-0.0197 J0.
N42310 X0.6496 Z-0.0693 I0.0197 J0.
N42315 X0.6102 Z-0.0717 I-0.0197 J0.
N42320 X0.6496 Z-0.074 I0.0197 J0.
N42325 X0.6102 Z-0.0764 I-0.0197 J0.
N42330 X0.6496 Z-0.0787 I0.0197 J0.
N42335 X0.6102 Z-0.0811 I-0.0197 J0.
N42340 X0.6496 Z-0.0835 I0.0197 J0.
N42345 X0.6102 Z-0.0858 I-0.0197 J0.
N42350 X0.6496 Z-0.0882 I0.0197 J0.
N42355 X0.6102 Z-0.0906 I-0.0197 J0.
N42360 X0.6496 Z-0.0929 I0.0197 J0.
N42365 X0.6102 Z-0.0953 I-0.0197 J0.
N42370 X0.6496 Z-0.0976 I0.0197 J0.
N42375 X0.6102 Z-0.1 I-0.0197 J0.
N42380 X0.6496 Z-0.1024 I0.0197 J0.
N42385 X0.6102 Z-0.1047 I-0.0197 J0.
N42390 X0.6496 Z-0.1071 I0.0197 J0.
N42395 X0.6102 Z-0.1094 I-0.0197 J0.
N42400 X0.6496 Z-0.1118 I0.0197 J0.
N42405 X0.6102 Z-0.1142 I-0.0197 J0.
N42410 X0.6496 Z-0.1165 I0.0197 J0.
N42415 X0.6102 Z-0.1189 I-0.0197 J0.
N42420 X0.6496 Z-0.1213 I0.0197 J0.
N42425 X0.6102 Z-0.1236 I-0.0197 J0.
N42430 X0.6496 Z-0.126 I0.0197 J0.
N42435 X0.6102 Z-0.1283 I-0.0197 J0.
N42440 X0.6496 Z-0.1307 I0.0197 J0.
N42445 X0.6102 Z-0.1331 I-0.0197 J0.
N42450 X0.6496 Z-0.1354 I0.0197 J0.
N42455 X0.6102 Z-0.1378 I-0.0197 J0.
N42460 X0.6496 Z-0.1402 I0.0197 J0.
N42465 X0.6102 Z-0.1425 I-0.0197 J0.
N42470 X0.6496 Z-0.1449 I0.0197 J0.
N42475 X0.6102 Z-0.1472 I-0.0197 J0.
N42480 X0.6496 Z-0.1496 I0.0197 J0.
N42485 X0.6102 Z-0.152 I-0.0197 J0.
N42490 X0.6496 Z-0.1543 I0.0197 J0.
N42495 X0.6102 Z-0.1567 I-0.0197 J0.
N42500 X0.6496 Z-0.1591 I0.0197 J0.
N42505 X0.6102 Z-0.1614 I-0.0197 J0.
N42510 X0.6496 Z-0.1638 I0.0197 J0.
N42515 X0.6102 Z-0.1661 I-0.0197 J0.
N42520 X0.6496 Z-0.1685 I0.0197 J0.
N42525 X0.6102 Z-0.1709 I-0.0197 J0.
N42530 X0.6496 Z-0.1732 I0.0197 J0.
N42535 X0.6102 Z-0.1756 I-0.0197 J0.
N42540 X0.6496 Z-0.178 I0.0197 J0.
N42545 X0.6102 Z-0.1803 I-0.0197 J0.
N42550 X0.6496 Z-0.1827 I0.0197 J0.
N42555 X0.6102 Z-0.185 I-0.0197 J0.
N42560 X0.6496 Z-0.1874 I0.0197 J0.
N42565 X0.6102 Z-0.1898 I-0.0197 J0.
N42570 X0.6496 Z-0.1921 I0.0197 J0.
N42575 X0.6102 Z-0.1945 I-0.0197 J0.
N42580 X0.6496 Z-0.1969 I0.0197 J0.
N42585 X0.6102 Z-0.1992 I-0.0197 J0.
N42590 X0.6496 Z-0.2016 I0.0197 J0.
N42595 X0.6102 Z-0.2039 I-0.0197 J0.
N42600 X0.6496 Z-0.2063 I0.0197 J0.
N42605 X0.6102 Z-0.2087 I-0.0197 J0.
N42610 X0.6496 Z-0.211 I0.0197 J0.
N42615 X0.6102 Z-0.2134 I-0.0197 J0.
N42620 X0.6496 Z-0.2157 I0.0197 J0.
N42625 X0.6102 Z-0.2181 I-0.0197 J0.
N42630 X0.6496 Z-0.2205 I0.0197 J0.
N42635 X0.6102 Z-0.2228 I-0.0197 J0.
N42640 X0.6496 Z-0.2252 I0.0197 J0.
N42645 X0.6102 Z-0.2276 I-0.0197 J0.
N42650 X0.6496 Z-0.2299 I0.0197 J0.
N42655 X0.6102 Z-0.2323 I-0.0197 J0.
N42660 X0.6496 Z-0.2346 I0.0197 J0.
N42665 X0.6102 Z-0.237 I-0.0197 J0.
N42670 X0.6496 Z-0.2394 I0.0197 J0.
N42675 X0.6102 Z-0.2417 I-0.0197 J0.
N42680 X0.6496 Z-0.2441 I0.0197 J0.
N42685 X0.6102 Z-0.2465 I-0.0197 J0.
N42690 X0.6496 Z-0.2488 I0.0197 J0.
N42695 X0.6102 Z-0.2512 I-0.0197 J0.
N42700 X0.6496 Z-0.2535 I0.0197 J0.
N42705 X0.6102 Z-0.2559 I-0.0197 J0.
N42710 X0.6496 Z-0.2583 I0.0197 J0.
N42715 X0.6102 Z-0.2606 I-0.0197 J0.
N42720 X0.6496 Z-0.263 I0.0197 J0.
N42725 X0.6102 Z-0.2654 I-0.0197 J0.
N42730 X0.6496 Z-0.2677 I0.0197 J0.
N42735 X0.6102 Z-0.2701 I-0.0197 J0.
N42740 X0.6496 Z-0.2724 I0.0197 J0.
N42745 X0.6102 Z-0.2748 I-0.0197 J0.
N42750 X0.6496 Z-0.2772 I0.0197 J0.
N42755 X0.6102 Z-0.2795 I-0.0197 J0.
N42760 X0.6496 Z-0.2819 I0.0197 J0.
N42765 X0.6102 Z-0.2843 I-0.0197 J0.
N42770 X0.6496 Z-0.2866 I0.0197 J0.
N42775 X0.6102 Z-0.289 I-0.0197 J0.
N42780 X0.6496 Z-0.2913 I0.0197 J0.
N42785 X0.6102 Z-0.2937 I-0.0197 J0.
N42790 X0.6496 Z-0.2961 I0.0197 J0.
N42795 X0.6102 Z-0.2984 I-0.0197 J0.
N42800 X0.6496 Z-0.3008 I0.0197 J0.
N42805 X0.6102 Z-0.3031 I-0.0197 J0.
N42810 X0.6496 Z-0.3055 I0.0197 J0.
N42815 X0.6102 Z-0.3079 I-0.0197 J0.
N42820 X0.6496 Z-0.3102 I0.0197 J0.
N42825 X0.6102 Z-0.3126 I-0.0197 J0.
N42830 X0.6496 Z-0.315 I0.0197 J0.
N42835 X0.6102 Z-0.3173 I-0.0197 J0.
N42840 X0.6496 Z-0.3197 I0.0197 J0.
N42845 X0.6102 Z-0.322 I-0.0197 J0.
N42850 X0.6496 Z-0.3244 I0.0197 J0.
N42855 X0.6102 Z-0.3268 I-0.0197 J0.
N42860 X0.6496 Z-0.3291 I0.0197 J0.
N42865 X0.6102 Z-0.3315 I-0.0197 J0.
N42870 X0.6496 Z-0.3339 I0.0197 J0.
N42875 X0.6102 Z-0.3362 I-0.0197 J0.
N42880 X0.6496 Z-0.3386 I0.0197 J0.
N42885 X0.6102 Z-0.3409 I-0.0197 J0.
N42890 X0.6496 Z-0.3433 I0.0197 J0.
N42895 X0.6102 Z-0.3457 I-0.0197 J0.
N42900 X0.6496 Z-0.348 I0.0197 J0.
N42905 X0.6102 Z-0.3504 I-0.0197 J0.
N42910 X0.6496 Z-0.3528 I0.0197 J0.
N42915 X0.6102 Z-0.3551 I-0.0197 J0.
N42920 X0.6496 Z-0.3575 I0.0197 J0.
N42925 X0.6102 Z-0.3598 I-0.0197 J0.
N42930 X0.6496 Z-0.3622 I0.0197 J0.
N42935 X0.6102 Z-0.3646 I-0.0197 J0.
N42940 X0.6496 Z-0.3669 I0.0197 J0.
N42945 X0.6102 Z-0.3693 I-0.0197 J0.
N42950 X0.6496 Z-0.3717 I0.0197 J0.
N42955 X0.6102 Z-0.374 I-0.0197 J0.
N42960 X0.6496 Z-0.3764 I0.0197 J0.
N42965 X0.6102 Z-0.3787 I-0.0197 J0.
N42970 X0.6496 Z-0.3811 I0.0197 J0.
N42975 X0.6102 Z-0.3835 I-0.0197 J0.
N42980 X0.6496 Z-0.3858 I0.0197 J0.
N42985 X0.6102 Z-0.3882 I-0.0197 J0.
N42990 X0.6496 Z-0.3906 I0.0197 J0.
N42995 X0.6102 Z-0.3929 I-0.0197 J0.
N43000 X0.6496 Z-0.3953 I0.0197 J0.
N43005 X0.6102 Z-0.3976 I-0.0197 J0.
N43010 X0.6496 Z-0.4 I0.0197 J0.
N43015 X0.6102 Z-0.4024 I-0.0197 J0.
N43020 X0.6496 Z-0.4047 I0.0197 J0.
N43025 X0.6102 Z-0.4071 I-0.0197 J0.
N43030 X0.6496 Z-0.4094 I0.0197 J0.
N43035 X0.6102 Z-0.4118 I-0.0197 J0.
N43040 X0.6496 Z-0.4142 I0.0197 J0.
N43045 X0.6102 Z-0.4165 I-0.0197 J0.
N43050 X0.6496 Z-0.4189 I0.0197 J0.
N43055 X0.6102 Z-0.4213 I-0.0197 J0.
N43060 X0.6496 Z-0.4236 I0.0197 J0.
N43065 X0.6102 Z-0.426 I-0.0197 J0.
N43070 X0.6496 Z-0.4283 I0.0197 J0.
N43075 X0.6102 Z-0.4307 I-0.0197 J0.
N43080 X0.6496 Z-0.4331 I0.0197 J0.
N43085 X0.6102 Z-0.4354 I-0.0197 J0.
N43090 X0.6496 Z-0.4378 I0.0197 J0.
N43095 X0.6102 Z-0.4402 I-0.0197 J0.
N43100 X0.6496 Z-0.4425 I0.0197 J0.
N43105 X0.6102 Z-0.4449 I-0.0197 J0.
N43110 X0.6496 Z-0.4472 I0.0197 J0.
N43115 X0.6102 Z-0.4496 I-0.0197 J0.
N43120 X0.6496 Z-0.452 I0.0197 J0.
N43125 X0.6102 Z-0.4543 I-0.0197 J0.
N43130 X0.6496 Z-0.4567 I0.0197 J0.
N43135 X0.6102 Z-0.4591 I-0.0197 J0.
N43140 X0.6496 Z-0.4614 I0.0197 J0.
N43145 X0.6102 Z-0.4638 I-0.0197 J0.
N43150 X0.6496 Z-0.4661 I0.0197 J0.
N43155 X0.6102 Z-0.4685 I-0.0197 J0.
N43160 X0.6496 Z-0.4709 I0.0197 J0.
N43165 X0.6102 Z-0.4732 I-0.0197 J0.
N43170 X0.6496 Z-0.4756 I0.0197 J0.
N43175 X0.6102 Z-0.478 I-0.0197 J0.
N43180 X0.6496 Z-0.4803 I0.0197 J0.
N43185 X0.6102 Z-0.4827 I-0.0197 J0.
N43190 X0.6496 Z-0.485 I0.0197 J0.
N43195 X0.6102 Z-0.4874 I-0.0197 J0.
N43200 X0.6496 Z-0.4898 I0.0197 J0.
N43205 X0.6102 Z-0.4921 I-0.0197 J0.
N43210 X0.6496 Z-0.4945 I0.0197 J0.
N43215 X0.6102 Z-0.4969 I-0.0197 J0.
N43220 X0.6496 Z-0.4992 I0.0197 J0.
N43225 X0.6102 Z-0.5016 I-0.0197 J0.
N43230 X0.6496 Z-0.5039 I0.0197 J0.
N43235 X0.6102 Z-0.5063 I-0.0197 J0.
N43240 X0.6496 Z-0.5087 I0.0197 J0.
N43245 X0.6102 Z-0.511 I-0.0197 J0.
N43250 X0.6496 Z-0.5134 I0.0197 J0.
N43255 X0.6102 Z-0.5157 I-0.0197 J0.
N43260 X0.6496 Z-0.5181 I0.0197 J0.
N43265 X0.6102 Z-0.5205 I-0.0197 J0.
N43270 X0.6496 Z-0.5228 I0.0197 J0.
N43275 X0.6102 Z-0.5252 I-0.0197 J0.
N43280 X0.6496 Z-0.5276 I0.0197 J0.
N43285 X0.6102 Z-0.5299 I-0.0197 J0.
N43290 X0.6496 Z-0.5323 I0.0197 J0.
N43295 X0.6102 Z-0.5346 I-0.0197 J0.
N43300 X0.6496 Z-0.537 I0.0197 J0.
N43305 X0.6102 Z-0.5394 I-0.0197 J0.
N43310 X0.6496 Z-0.5417 I0.0197 J0.
N43315 X0.6102 Z-0.5441 I-0.0197 J0.
N43320 X0.6496 Z-0.5465 I0.0197 J0.
N43325 X0.6102 Z-0.5488 I-0.0197 J0.
N43330 X0.6496 Z-0.5512 I0.0197 J0.
N43335 X0.6102 Z-0.5535 I-0.0197 J0.
N43340 X0.6496 Z-0.5559 I0.0197 J0.
N43345 X0.6102 Z-0.5583 I-0.0197 J0.
N43350 X0.6496 Z-0.5606 I0.0197 J0.
N43355 X0.6102 Z-0.563 I-0.0197 J0.
N43360 X0.6496 Z-0.5654 I0.0197 J0.
N43365 X0.6102 Z-0.5677 I-0.0197 J0.
N43370 X0.6496 Z-0.5701 I0.0197 J0.
N43375 X0.6102 Z-0.5724 I-0.0197 J0.
N43380 X0.6496 Z-0.5748 I0.0197 J0.
N43385 X0.6102 Z-0.5772 I-0.0197 J0.
N43390 X0.6496 Z-0.5795 I0.0197 J0.
N43395 X0.6102 Z-0.5819 I-0.0197 J0.
N43400 X0.6496 Z-0.5843 I0.0197 J0.
N43405 X0.6102 Z-0.5866 I-0.0197 J0.
N43410 X0.6496 Z-0.589 I0.0197 J0.
N43415 X0.6102 Z-0.5913 I-0.0197 J0.
N43420 X0.6496 Z-0.5937 I0.0197 J0.
N43425 X0.6102 Z-0.5961 I-0.0197 J0.
N43430 X0.6496 Z-0.5984 I0.0197 J0.
N43435 X0.6102 Z-0.6008 I-0.0197 J0.
N43440 X0.6496 Z-0.6031 I0.0197 J0.
N43445 X0.6102 Z-0.6055 I-0.0197 J0.
N43450 X0.6496 Z-0.6079 I0.0197 J0.
N43455 X0.6102 Z-0.6102 I-0.0197 J0.
N43460 X0.6496 Z-0.6126 I0.0197 J0.
N43465 X0.6102 Z-0.615 I-0.0197 J0.
N43470 X0.6496 Z-0.6173 I0.0197 J0.
N43475 X0.6102 Z-0.6197 I-0.0197 J0.
N43480 X0.6496 Z-0.622 I0.0197 J0.
N43485 X0.6102 Z-0.6244 I-0.0197 J0.
N43490 X0.6496 Z-0.6268 I0.0197 J0.
N43495 X0.6102 Z-0.6291 I-0.0197 J0.
N43500 X0.6496 Z-0.6315 I0.0197 J0.
N43505 X0.6102 Z-0.6339 I-0.0197 J0.
N43510 X0.6496 Z-0.6362 I0.0197 J0.
N43515 X0.6102 Z-0.6386 I-0.0197 J0.
N43520 X0.6299 Y-0.2395 Z-0.6398 I0.0197 J0.
N43525 Y-0.2001 I0. J0.0197
N43530 Y-0.2395 I0. J-0.0197
N43535 X0.6378 Y-0.2316 I0. J0.0079
N43540 G1 Y-0.2238
N43545 G19 G3 Y-0.2159 Z-0.6319 J0. K0.0079
N43550 G1 Z0.1969
N43555 X0.626 Y-0.2277
N43560 Z0.1181
N43565 Z0.0472
N43570 G18 G2 X0.6339 Z0.0394 I0.0079 K0.
N43575 G1 X0.6417
N43580 G17 G3 X0.6496 Y-0.2198 I0. J0.0079
N43585 X0.6102 Z0.037 I-0.0197 J0.
N43590 X0.6496 Z0.0346 I0.0197 J0.
N43595 X0.6102 Z0.0323 I-0.0197 J0.
N43600 X0.6496 Z0.0299 I0.0197 J0.
N43605 X0.6102 Z0.0276 I-0.0197 J0.
N43610 X0.6496 Z0.0252 I0.0197 J0.
N43615 X0.6102 Z0.0228 I-0.0197 J0.
N43620 X0.6496 Z0.0205 I0.0197 J0.
N43625 X0.6102 Z0.0181 I-0.0197 J0.
N43630 X0.6496 Z0.0157 I0.0197 J0.
N43635 X0.6102 Z0.0134 I-0.0197 J0.
N43640 X0.6496 Z0.011 I0.0197 J0.
N43645 X0.6102 Z0.0087 I-0.0197 J0.
N43650 X0.6496 Z0.0063 I0.0197 J0.
N43655 X0.6102 Z0.0039 I-0.0197 J0.
N43660 X0.6496 Z0.0016 I0.0197 J0.
N43665 X0.6102 Z-0.0008 I-0.0197 J0.
N43670 X0.6496 Z-0.0031 I0.0197 J0.
N43675 X0.6102 Z-0.0055 I-0.0197 J0.
N43680 X0.6496 Z-0.0079 I0.0197 J0.
N43685 X0.6102 Z-0.0102 I-0.0197 J0.
N43690 X0.6496 Z-0.0126 I0.0197 J0.
N43695 X0.6102 Z-0.015 I-0.0197 J0.
N43700 X0.6496 Z-0.0173 I0.0197 J0.
N43705 X0.6102 Z-0.0197 I-0.0197 J0.
N43710 X0.6496 Z-0.022 I0.0197 J0.
N43715 X0.6102 Z-0.0244 I-0.0197 J0.
N43720 X0.6496 Z-0.0268 I0.0197 J0.
N43725 X0.6102 Z-0.0291 I-0.0197 J0.
N43730 X0.6496 Z-0.0315 I0.0197 J0.
N43735 X0.6102 Z-0.0339 I-0.0197 J0.
N43740 X0.6496 Z-0.0362 I0.0197 J0.
N43745 X0.6102 Z-0.0386 I-0.0197 J0.
N43750 X0.6496 Z-0.0409 I0.0197 J0.
N43755 X0.6102 Z-0.0433 I-0.0197 J0.
N43760 X0.6496 Z-0.0457 I0.0197 J0.
N43765 X0.6102 Z-0.048 I-0.0197 J0.
N43770 X0.6496 Z-0.0504 I0.0197 J0.
N43775 X0.6102 Z-0.0528 I-0.0197 J0.
N43780 X0.6496 Z-0.0551 I0.0197 J0.
N43785 X0.6102 Z-0.0575 I-0.0197 J0.
N43790 X0.6496 Z-0.0598 I0.0197 J0.
N43795 X0.6102 Z-0.0622 I-0.0197 J0.
N43800 X0.6496 Z-0.0646 I0.0197 J0.
N43805 X0.6102 Z-0.0669 I-0.0197 J0.
N43810 X0.6496 Z-0.0693 I0.0197 J0.
N43815 X0.6102 Z-0.0717 I-0.0197 J0.
N43820 X0.6496 Z-0.074 I0.0197 J0.
N43825 X0.6102 Z-0.0764 I-0.0197 J0.
N43830 X0.6496 Z-0.0787 I0.0197 J0.
N43835 X0.6102 Z-0.0811 I-0.0197 J0.
N43840 X0.6496 Z-0.0835 I0.0197 J0.
N43845 X0.6102 Z-0.0858 I-0.0197 J0.
N43850 X0.6496 Z-0.0882 I0.0197 J0.
N43855 X0.6102 Z-0.0906 I-0.0197 J0.
N43860 X0.6496 Z-0.0929 I0.0197 J0.
N43865 X0.6102 Z-0.0953 I-0.0197 J0.
N43870 X0.6496 Z-0.0976 I0.0197 J0.
N43875 X0.6102 Z-0.1 I-0.0197 J0.
N43880 X0.6496 Z-0.1024 I0.0197 J0.
N43885 X0.6102 Z-0.1047 I-0.0197 J0.
N43890 X0.6496 Z-0.1071 I0.0197 J0.
N43895 X0.6102 Z-0.1094 I-0.0197 J0.
N43900 X0.6496 Z-0.1118 I0.0197 J0.
N43905 X0.6102 Z-0.1142 I-0.0197 J0.
N43910 X0.6496 Z-0.1165 I0.0197 J0.
N43915 X0.6102 Z-0.1189 I-0.0197 J0.
N43920 X0.6496 Z-0.1213 I0.0197 J0.
N43925 X0.6102 Z-0.1236 I-0.0197 J0.
N43930 X0.6496 Z-0.126 I0.0197 J0.
N43935 X0.6102 Z-0.1283 I-0.0197 J0.
N43940 X0.6496 Z-0.1307 I0.0197 J0.
N43945 X0.6102 Z-0.1331 I-0.0197 J0.
N43950 X0.6496 Z-0.1354 I0.0197 J0.
N43955 X0.6102 Z-0.1378 I-0.0197 J0.
N43960 X0.6496 Z-0.1402 I0.0197 J0.
N43965 X0.6102 Z-0.1425 I-0.0197 J0.
N43970 X0.6496 Z-0.1449 I0.0197 J0.
N43975 X0.6102 Z-0.1472 I-0.0197 J0.
N43980 X0.6496 Z-0.1496 I0.0197 J0.
N43985 X0.6102 Z-0.152 I-0.0197 J0.
N43990 X0.6496 Z-0.1543 I0.0197 J0.
N43995 X0.6102 Z-0.1567 I-0.0197 J0.
N44000 X0.6496 Z-0.1591 I0.0197 J0.
N44005 X0.6102 Z-0.1614 I-0.0197 J0.
N44010 X0.6496 Z-0.1638 I0.0197 J0.
N44015 X0.6102 Z-0.1661 I-0.0197 J0.
N44020 X0.6496 Z-0.1685 I0.0197 J0.
N44025 X0.6102 Z-0.1709 I-0.0197 J0.
N44030 X0.6496 Z-0.1732 I0.0197 J0.
N44035 X0.6102 Z-0.1756 I-0.0197 J0.
N44040 X0.6496 Z-0.178 I0.0197 J0.
N44045 X0.6102 Z-0.1803 I-0.0197 J0.
N44050 X0.6496 Z-0.1827 I0.0197 J0.
N44055 X0.6102 Z-0.185 I-0.0197 J0.
N44060 X0.6496 Z-0.1874 I0.0197 J0.
N44065 X0.6102 Z-0.1898 I-0.0197 J0.
N44070 X0.6496 Z-0.1921 I0.0197 J0.
N44075 X0.6102 Z-0.1945 I-0.0197 J0.
N44080 X0.6496 Z-0.1969 I0.0197 J0.
N44085 X0.6102 Z-0.1992 I-0.0197 J0.
N44090 X0.6496 Z-0.2016 I0.0197 J0.
N44095 X0.6102 Z-0.2039 I-0.0197 J0.
N44100 X0.6496 Z-0.2063 I0.0197 J0.
N44105 X0.6102 Z-0.2087 I-0.0197 J0.
N44110 X0.6496 Z-0.211 I0.0197 J0.
N44115 X0.6102 Z-0.2134 I-0.0197 J0.
N44120 X0.6496 Z-0.2157 I0.0197 J0.
N44125 X0.6102 Z-0.2181 I-0.0197 J0.
N44130 X0.6496 Z-0.2205 I0.0197 J0.
N44135 X0.6102 Z-0.2228 I-0.0197 J0.
N44140 X0.6496 Z-0.2252 I0.0197 J0.
N44145 X0.6102 Z-0.2276 I-0.0197 J0.
N44150 X0.6496 Z-0.2299 I0.0197 J0.
N44155 X0.6102 Z-0.2323 I-0.0197 J0.
N44160 X0.6496 Z-0.2346 I0.0197 J0.
N44165 X0.6102 Z-0.237 I-0.0197 J0.
N44170 X0.6496 Z-0.2394 I0.0197 J0.
N44175 X0.6102 Z-0.2417 I-0.0197 J0.
N44180 X0.6496 Z-0.2441 I0.0197 J0.
N44185 X0.6102 Z-0.2465 I-0.0197 J0.
N44190 X0.6496 Z-0.2488 I0.0197 J0.
N44195 X0.6102 Z-0.2512 I-0.0197 J0.
N44200 X0.6496 Z-0.2535 I0.0197 J0.
N44205 X0.6102 Z-0.2559 I-0.0197 J0.
N44210 X0.6496 Z-0.2583 I0.0197 J0.
N44215 X0.6102 Z-0.2606 I-0.0197 J0.
N44220 X0.6496 Z-0.263 I0.0197 J0.
N44225 X0.6102 Z-0.2654 I-0.0197 J0.
N44230 X0.6496 Z-0.2677 I0.0197 J0.
N44235 X0.6102 Z-0.2701 I-0.0197 J0.
N44240 X0.6496 Z-0.2724 I0.0197 J0.
N44245 X0.6102 Z-0.2748 I-0.0197 J0.
N44250 X0.6496 Z-0.2772 I0.0197 J0.
N44255 X0.6102 Z-0.2795 I-0.0197 J0.
N44260 X0.6496 Z-0.2819 I0.0197 J0.
N44265 X0.6102 Z-0.2843 I-0.0197 J0.
N44270 X0.6496 Z-0.2866 I0.0197 J0.
N44275 X0.6102 Z-0.289 I-0.0197 J0.
N44280 X0.6496 Z-0.2913 I0.0197 J0.
N44285 X0.6102 Z-0.2937 I-0.0197 J0.
N44290 X0.6496 Z-0.2961 I0.0197 J0.
N44295 X0.6102 Z-0.2984 I-0.0197 J0.
N44300 X0.6496 Z-0.3008 I0.0197 J0.
N44305 X0.6102 Z-0.3031 I-0.0197 J0.
N44310 X0.6496 Z-0.3055 I0.0197 J0.
N44315 X0.6102 Z-0.3079 I-0.0197 J0.
N44320 X0.6496 Z-0.3102 I0.0197 J0.
N44325 X0.6102 Z-0.3126 I-0.0197 J0.
N44330 X0.6496 Z-0.315 I0.0197 J0.
N44335 X0.6102 Z-0.3173 I-0.0197 J0.
N44340 X0.6496 Z-0.3197 I0.0197 J0.
N44345 X0.6102 Z-0.322 I-0.0197 J0.
N44350 X0.6496 Z-0.3244 I0.0197 J0.
N44355 X0.6102 Z-0.3268 I-0.0197 J0.
N44360 X0.6496 Z-0.3291 I0.0197 J0.
N44365 X0.6102 Z-0.3315 I-0.0197 J0.
N44370 X0.6496 Z-0.3339 I0.0197 J0.
N44375 X0.6102 Z-0.3362 I-0.0197 J0.
N44380 X0.6496 Z-0.3386 I0.0197 J0.
N44385 X0.6102 Z-0.3409 I-0.0197 J0.
N44390 X0.6496 Z-0.3433 I0.0197 J0.
N44395 X0.6102 Z-0.3457 I-0.0197 J0.
N44400 X0.6496 Z-0.348 I0.0197 J0.
N44405 X0.6102 Z-0.3504 I-0.0197 J0.
N44410 X0.6496 Z-0.3528 I0.0197 J0.
N44415 X0.6102 Z-0.3551 I-0.0197 J0.
N44420 X0.6496 Z-0.3575 I0.0197 J0.
N44425 X0.6102 Z-0.3598 I-0.0197 J0.
N44430 X0.6496 Z-0.3622 I0.0197 J0.
N44435 X0.6102 Z-0.3646 I-0.0197 J0.
N44440 X0.6496 Z-0.3669 I0.0197 J0.
N44445 X0.6102 Z-0.3693 I-0.0197 J0.
N44450 X0.6496 Z-0.3717 I0.0197 J0.
N44455 X0.6102 Z-0.374 I-0.0197 J0.
N44460 X0.6496 Z-0.3764 I0.0197 J0.
N44465 X0.6102 Z-0.3787 I-0.0197 J0.
N44470 X0.6496 Z-0.3811 I0.0197 J0.
N44475 X0.6102 Z-0.3835 I-0.0197 J0.
N44480 X0.6496 Z-0.3858 I0.0197 J0.
N44485 X0.6102 Z-0.3882 I-0.0197 J0.
N44490 X0.6496 Z-0.3906 I0.0197 J0.
N44495 X0.6102 Z-0.3929 I-0.0197 J0.
N44500 X0.6496 Z-0.3953 I0.0197 J0.
N44505 X0.6102 Z-0.3976 I-0.0197 J0.
N44510 X0.6496 Z-0.4 I0.0197 J0.
N44515 X0.6102 Z-0.4024 I-0.0197 J0.
N44520 X0.6496 Z-0.4047 I0.0197 J0.
N44525 X0.6102 Z-0.4071 I-0.0197 J0.
N44530 X0.6496 Z-0.4094 I0.0197 J0.
N44535 X0.6102 Z-0.4118 I-0.0197 J0.
N44540 X0.6496 Z-0.4142 I0.0197 J0.
N44545 X0.6102 Z-0.4165 I-0.0197 J0.
N44550 X0.6496 Z-0.4189 I0.0197 J0.
N44555 X0.6102 Z-0.4213 I-0.0197 J0.
N44560 X0.6496 Z-0.4236 I0.0197 J0.
N44565 X0.6102 Z-0.426 I-0.0197 J0.
N44570 X0.6496 Z-0.4283 I0.0197 J0.
N44575 X0.6102 Z-0.4307 I-0.0197 J0.
N44580 X0.6496 Z-0.4331 I0.0197 J0.
N44585 X0.6102 Z-0.4354 I-0.0197 J0.
N44590 X0.6496 Z-0.4378 I0.0197 J0.
N44595 X0.6102 Z-0.4402 I-0.0197 J0.
N44600 X0.6496 Z-0.4425 I0.0197 J0.
N44605 X0.6102 Z-0.4449 I-0.0197 J0.
N44610 X0.6496 Z-0.4472 I0.0197 J0.
N44615 X0.6102 Z-0.4496 I-0.0197 J0.
N44620 X0.6496 Z-0.452 I0.0197 J0.
N44625 X0.6102 Z-0.4543 I-0.0197 J0.
N44630 X0.6496 Z-0.4567 I0.0197 J0.
N44635 X0.6102 Z-0.4591 I-0.0197 J0.
N44640 X0.6496 Z-0.4614 I0.0197 J0.
N44645 X0.6102 Z-0.4638 I-0.0197 J0.
N44650 X0.6496 Z-0.4661 I0.0197 J0.
N44655 X0.6102 Z-0.4685 I-0.0197 J0.
N44660 X0.6496 Z-0.4709 I0.0197 J0.
N44665 X0.6102 Z-0.4732 I-0.0197 J0.
N44670 X0.6496 Z-0.4756 I0.0197 J0.
N44675 X0.6102 Z-0.478 I-0.0197 J0.
N44680 X0.6496 Z-0.4803 I0.0197 J0.
N44685 X0.6102 Z-0.4827 I-0.0197 J0.
N44690 X0.6496 Z-0.485 I0.0197 J0.
N44695 X0.6102 Z-0.4874 I-0.0197 J0.
N44700 X0.6496 Z-0.4898 I0.0197 J0.
N44705 X0.6102 Z-0.4921 I-0.0197 J0.
N44710 X0.6496 Z-0.4945 I0.0197 J0.
N44715 X0.6102 Z-0.4969 I-0.0197 J0.
N44720 X0.6496 Z-0.4992 I0.0197 J0.
N44725 X0.6102 Z-0.5016 I-0.0197 J0.
N44730 X0.6496 Z-0.5039 I0.0197 J0.
N44735 X0.6102 Z-0.5063 I-0.0197 J0.
N44740 X0.6496 Z-0.5087 I0.0197 J0.
N44745 X0.6102 Z-0.511 I-0.0197 J0.
N44750 X0.6496 Z-0.5134 I0.0197 J0.
N44755 X0.6102 Z-0.5157 I-0.0197 J0.
N44760 X0.6496 Z-0.5181 I0.0197 J0.
N44765 X0.6102 Z-0.5205 I-0.0197 J0.
N44770 X0.6496 Z-0.5228 I0.0197 J0.
N44775 X0.6102 Z-0.5252 I-0.0197 J0.
N44780 X0.6496 Z-0.5276 I0.0197 J0.
N44785 X0.6102 Z-0.5299 I-0.0197 J0.
N44790 X0.6496 Z-0.5323 I0.0197 J0.
N44795 X0.6102 Z-0.5346 I-0.0197 J0.
N44800 X0.6496 Z-0.537 I0.0197 J0.
N44805 X0.6102 Z-0.5394 I-0.0197 J0.
N44810 X0.6496 Z-0.5417 I0.0197 J0.
N44815 X0.6102 Z-0.5441 I-0.0197 J0.
N44820 X0.6496 Z-0.5465 I0.0197 J0.
N44825 X0.6102 Z-0.5488 I-0.0197 J0.
N44830 X0.6496 Z-0.5512 I0.0197 J0.
N44835 X0.6102 Z-0.5535 I-0.0197 J0.
N44840 X0.6496 Z-0.5559 I0.0197 J0.
N44845 X0.6102 Z-0.5583 I-0.0197 J0.
N44850 X0.6496 Z-0.5606 I0.0197 J0.
N44855 X0.6102 Z-0.563 I-0.0197 J0.
N44860 X0.6496 Z-0.5654 I0.0197 J0.
N44865 X0.6102 Z-0.5677 I-0.0197 J0.
N44870 X0.6496 Z-0.5701 I0.0197 J0.
N44875 X0.6102 Z-0.5724 I-0.0197 J0.
N44880 X0.6496 Z-0.5748 I0.0197 J0.
N44885 X0.6102 Z-0.5772 I-0.0197 J0.
N44890 X0.6496 Z-0.5795 I0.0197 J0.
N44895 X0.6102 Z-0.5819 I-0.0197 J0.
N44900 X0.6496 Z-0.5843 I0.0197 J0.
N44905 X0.6102 Z-0.5866 I-0.0197 J0.
N44910 X0.6496 Z-0.589 I0.0197 J0.
N44915 X0.6102 Z-0.5913 I-0.0197 J0.
N44920 X0.6496 Z-0.5937 I0.0197 J0.
N44925 X0.6102 Z-0.5961 I-0.0197 J0.
N44930 X0.6496 Z-0.5984 I0.0197 J0.
N44935 X0.6102 Z-0.6008 I-0.0197 J0.
N44940 X0.6496 Z-0.6031 I0.0197 J0.
N44945 X0.6102 Z-0.6055 I-0.0197 J0.
N44950 X0.6496 Z-0.6079 I0.0197 J0.
N44955 X0.6102 Z-0.6102 I-0.0197 J0.
N44960 X0.6496 Z-0.6126 I0.0197 J0.
N44965 X0.6102 Z-0.615 I-0.0197 J0.
N44970 X0.6496 Z-0.6173 I0.0197 J0.
N44975 X0.6102 Z-0.6197 I-0.0197 J0.
N44980 X0.6496 Z-0.622 I0.0197 J0.
N44985 X0.6102 Z-0.6244 I-0.0197 J0.
N44990 X0.6496 Z-0.6268 I0.0197 J0.
N44995 X0.6102 Z-0.6291 I-0.0197 J0.
N45000 X0.6496 Z-0.6315 I0.0197 J0.
N45005 X0.6102 Z-0.6339 I-0.0197 J0.
N45010 X0.6496 Z-0.6362 I0.0197 J0.
N45015 X0.6102 Z-0.6386 I-0.0197 J0.
N45020 X0.6299 Y-0.2395 Z-0.6398 I0.0197 J0.
N45025 Y-0.2001 I0. J0.0197
N45030 Y-0.2395 I0. J-0.0197
N45035 X0.6378 Y-0.2316 I0. J0.0079
N45040 G1 Y-0.2238
N45045 G19 G3 Y-0.2159 Z-0.6319 J0. K0.0079
N45050 G1 Z0.1969
N45055 X0.626 Y-0.6476
N45060 Z0.1181
N45065 Z0.0472
N45070 G18 G2 X0.6339 Z0.0394 I0.0079 K0.
N45075 G1 X0.6417
N45080 G17 G3 X0.6496 Y-0.6398 I0. J0.0079
N45085 X0.6102 Z0.037 I-0.0197 J0.
N45090 X0.6496 Z0.0346 I0.0197 J0.
N45095 X0.6102 Z0.0323 I-0.0197 J0.
N45100 X0.6496 Z0.0299 I0.0197 J0.
N45105 X0.6102 Z0.0276 I-0.0197 J0.
N45110 X0.6496 Z0.0252 I0.0197 J0.
N45115 X0.6102 Z0.0228 I-0.0197 J0.
N45120 X0.6496 Z0.0205 I0.0197 J0.
N45125 X0.6102 Z0.0181 I-0.0197 J0.
N45130 X0.6496 Z0.0157 I0.0197 J0.
N45135 X0.6102 Z0.0134 I-0.0197 J0.
N45140 X0.6496 Z0.011 I0.0197 J0.
N45145 X0.6102 Z0.0087 I-0.0197 J0.
N45150 X0.6496 Z0.0063 I0.0197 J0.
N45155 X0.6102 Z0.0039 I-0.0197 J0.
N45160 X0.6496 Z0.0016 I0.0197 J0.
N45165 X0.6102 Z-0.0008 I-0.0197 J0.
N45170 X0.6496 Z-0.0031 I0.0197 J0.
N45175 X0.6102 Z-0.0055 I-0.0197 J0.
N45180 X0.6496 Z-0.0079 I0.0197 J0.
N45185 X0.6102 Z-0.0102 I-0.0197 J0.
N45190 X0.6496 Z-0.0126 I0.0197 J0.
N45195 X0.6102 Z-0.015 I-0.0197 J0.
N45200 X0.6496 Z-0.0173 I0.0197 J0.
N45205 X0.6102 Z-0.0197 I-0.0197 J0.
N45210 X0.6496 Z-0.022 I0.0197 J0.
N45215 X0.6102 Z-0.0244 I-0.0197 J0.
N45220 X0.6496 Z-0.0268 I0.0197 J0.
N45225 X0.6102 Z-0.0291 I-0.0197 J0.
N45230 X0.6496 Z-0.0315 I0.0197 J0.
N45235 X0.6102 Z-0.0339 I-0.0197 J0.
N45240 X0.6496 Z-0.0362 I0.0197 J0.
N45245 X0.6102 Z-0.0386 I-0.0197 J0.
N45250 X0.6496 Z-0.0409 I0.0197 J0.
N45255 X0.6102 Z-0.0433 I-0.0197 J0.
N45260 X0.6496 Z-0.0457 I0.0197 J0.
N45265 X0.6102 Z-0.048 I-0.0197 J0.
N45270 X0.6496 Z-0.0504 I0.0197 J0.
N45275 X0.6102 Z-0.0528 I-0.0197 J0.
N45280 X0.6496 Z-0.0551 I0.0197 J0.
N45285 X0.6102 Z-0.0575 I-0.0197 J0.
N45290 X0.6496 Z-0.0598 I0.0197 J0.
N45295 X0.6102 Z-0.0622 I-0.0197 J0.
N45300 X0.6496 Z-0.0646 I0.0197 J0.
N45305 X0.6102 Z-0.0669 I-0.0197 J0.
N45310 X0.6496 Z-0.0693 I0.0197 J0.
N45315 X0.6102 Z-0.0717 I-0.0197 J0.
N45320 X0.6496 Z-0.074 I0.0197 J0.
N45325 X0.6102 Z-0.0764 I-0.0197 J0.
N45330 X0.6496 Z-0.0787 I0.0197 J0.
N45335 X0.6102 Z-0.0811 I-0.0197 J0.
N45340 X0.6496 Z-0.0835 I0.0197 J0.
N45345 X0.6102 Z-0.0858 I-0.0197 J0.
N45350 X0.6496 Z-0.0882 I0.0197 J0.
N45355 X0.6102 Z-0.0906 I-0.0197 J0.
N45360 X0.6496 Z-0.0929 I0.0197 J0.
N45365 X0.6102 Z-0.0953 I-0.0197 J0.
N45370 X0.6496 Z-0.0976 I0.0197 J0.
N45375 X0.6102 Z-0.1 I-0.0197 J0.
N45380 X0.6496 Z-0.1024 I0.0197 J0.
N45385 X0.6102 Z-0.1047 I-0.0197 J0.
N45390 X0.6496 Z-0.1071 I0.0197 J0.
N45395 X0.6102 Z-0.1094 I-0.0197 J0.
N45400 X0.6496 Z-0.1118 I0.0197 J0.
N45405 X0.6102 Z-0.1142 I-0.0197 J0.
N45410 X0.6496 Z-0.1165 I0.0197 J0.
N45415 X0.6102 Z-0.1189 I-0.0197 J0.
N45420 X0.6496 Z-0.1213 I0.0197 J0.
N45425 X0.6102 Z-0.1236 I-0.0197 J0.
N45430 X0.6496 Z-0.126 I0.0197 J0.
N45435 X0.6102 Z-0.1283 I-0.0197 J0.
N45440 X0.6496 Z-0.1307 I0.0197 J0.
N45445 X0.6102 Z-0.1331 I-0.0197 J0.
N45450 X0.6496 Z-0.1354 I0.0197 J0.
N45455 X0.6102 Z-0.1378 I-0.0197 J0.
N45460 X0.6496 Z-0.1402 I0.0197 J0.
N45465 X0.6102 Z-0.1425 I-0.0197 J0.
N45470 X0.6496 Z-0.1449 I0.0197 J0.
N45475 X0.6102 Z-0.1472 I-0.0197 J0.
N45480 X0.6496 Z-0.1496 I0.0197 J0.
N45485 X0.6102 Z-0.152 I-0.0197 J0.
N45490 X0.6496 Z-0.1543 I0.0197 J0.
N45495 X0.6102 Z-0.1567 I-0.0197 J0.
N45500 X0.6496 Z-0.1591 I0.0197 J0.
N45505 X0.6102 Z-0.1614 I-0.0197 J0.
N45510 X0.6496 Z-0.1638 I0.0197 J0.
N45515 X0.6102 Z-0.1661 I-0.0197 J0.
N45520 X0.6496 Z-0.1685 I0.0197 J0.
N45525 X0.6102 Z-0.1709 I-0.0197 J0.
N45530 X0.6496 Z-0.1732 I0.0197 J0.
N45535 X0.6102 Z-0.1756 I-0.0197 J0.
N45540 X0.6496 Z-0.178 I0.0197 J0.
N45545 X0.6102 Z-0.1803 I-0.0197 J0.
N45550 X0.6496 Z-0.1827 I0.0197 J0.
N45555 X0.6102 Z-0.185 I-0.0197 J0.
N45560 X0.6496 Z-0.1874 I0.0197 J0.
N45565 X0.6102 Z-0.1898 I-0.0197 J0.
N45570 X0.6496 Z-0.1921 I0.0197 J0.
N45575 X0.6102 Z-0.1945 I-0.0197 J0.
N45580 X0.6496 Z-0.1969 I0.0197 J0.
N45585 X0.6102 Z-0.1992 I-0.0197 J0.
N45590 X0.6496 Z-0.2016 I0.0197 J0.
N45595 X0.6102 Z-0.2039 I-0.0197 J0.
N45600 X0.6496 Z-0.2063 I0.0197 J0.
N45605 X0.6102 Z-0.2087 I-0.0197 J0.
N45610 X0.6496 Z-0.211 I0.0197 J0.
N45615 X0.6102 Z-0.2134 I-0.0197 J0.
N45620 X0.6496 Z-0.2157 I0.0197 J0.
N45625 X0.6102 Z-0.2181 I-0.0197 J0.
N45630 X0.6496 Z-0.2205 I0.0197 J0.
N45635 X0.6102 Z-0.2228 I-0.0197 J0.
N45640 X0.6496 Z-0.2252 I0.0197 J0.
N45645 X0.6102 Z-0.2276 I-0.0197 J0.
N45650 X0.6496 Z-0.2299 I0.0197 J0.
N45655 X0.6102 Z-0.2323 I-0.0197 J0.
N45660 X0.6496 Z-0.2346 I0.0197 J0.
N45665 X0.6102 Z-0.237 I-0.0197 J0.
N45670 X0.6496 Z-0.2394 I0.0197 J0.
N45675 X0.6102 Z-0.2417 I-0.0197 J0.
N45680 X0.6496 Z-0.2441 I0.0197 J0.
N45685 X0.6102 Z-0.2465 I-0.0197 J0.
N45690 X0.6496 Z-0.2488 I0.0197 J0.
N45695 X0.6102 Z-0.2512 I-0.0197 J0.
N45700 X0.6496 Z-0.2535 I0.0197 J0.
N45705 X0.6102 Z-0.2559 I-0.0197 J0.
N45710 X0.6496 Z-0.2583 I0.0197 J0.
N45715 X0.6102 Z-0.2606 I-0.0197 J0.
N45720 X0.6496 Z-0.263 I0.0197 J0.
N45725 X0.6102 Z-0.2654 I-0.0197 J0.
N45730 X0.6496 Z-0.2677 I0.0197 J0.
N45735 X0.6102 Z-0.2701 I-0.0197 J0.
N45740 X0.6496 Z-0.2724 I0.0197 J0.
N45745 X0.6102 Z-0.2748 I-0.0197 J0.
N45750 X0.6496 Z-0.2772 I0.0197 J0.
N45755 X0.6102 Z-0.2795 I-0.0197 J0.
N45760 X0.6496 Z-0.2819 I0.0197 J0.
N45765 X0.6102 Z-0.2843 I-0.0197 J0.
N45770 X0.6496 Z-0.2866 I0.0197 J0.
N45775 X0.6102 Z-0.289 I-0.0197 J0.
N45780 X0.6496 Z-0.2913 I0.0197 J0.
N45785 X0.6102 Z-0.2937 I-0.0197 J0.
N45790 X0.6496 Z-0.2961 I0.0197 J0.
N45795 X0.6102 Z-0.2984 I-0.0197 J0.
N45800 X0.6496 Z-0.3008 I0.0197 J0.
N45805 X0.6102 Z-0.3031 I-0.0197 J0.
N45810 X0.6496 Z-0.3055 I0.0197 J0.
N45815 X0.6102 Z-0.3079 I-0.0197 J0.
N45820 X0.6496 Z-0.3102 I0.0197 J0.
N45825 X0.6102 Z-0.3126 I-0.0197 J0.
N45830 X0.6496 Z-0.315 I0.0197 J0.
N45835 X0.6102 Z-0.3173 I-0.0197 J0.
N45840 X0.6496 Z-0.3197 I0.0197 J0.
N45845 X0.6102 Z-0.322 I-0.0197 J0.
N45850 X0.6496 Z-0.3244 I0.0197 J0.
N45855 X0.6102 Z-0.3268 I-0.0197 J0.
N45860 X0.6496 Z-0.3291 I0.0197 J0.
N45865 X0.6102 Z-0.3315 I-0.0197 J0.
N45870 X0.6496 Z-0.3339 I0.0197 J0.
N45875 X0.6102 Z-0.3362 I-0.0197 J0.
N45880 X0.6496 Z-0.3386 I0.0197 J0.
N45885 X0.6102 Z-0.3409 I-0.0197 J0.
N45890 X0.6496 Z-0.3433 I0.0197 J0.
N45895 X0.6102 Z-0.3457 I-0.0197 J0.
N45900 X0.6496 Z-0.348 I0.0197 J0.
N45905 X0.6102 Z-0.3504 I-0.0197 J0.
N45910 X0.6496 Z-0.3528 I0.0197 J0.
N45915 X0.6102 Z-0.3551 I-0.0197 J0.
N45920 X0.6496 Z-0.3575 I0.0197 J0.
N45925 X0.6102 Z-0.3598 I-0.0197 J0.
N45930 X0.6496 Z-0.3622 I0.0197 J0.
N45935 X0.6102 Z-0.3646 I-0.0197 J0.
N45940 X0.6496 Z-0.3669 I0.0197 J0.
N45945 X0.6102 Z-0.3693 I-0.0197 J0.
N45950 X0.6496 Z-0.3717 I0.0197 J0.
N45955 X0.6102 Z-0.374 I-0.0197 J0.
N45960 X0.6496 Z-0.3764 I0.0197 J0.
N45965 X0.6102 Z-0.3787 I-0.0197 J0.
N45970 X0.6496 Z-0.3811 I0.0197 J0.
N45975 X0.6102 Z-0.3835 I-0.0197 J0.
N45980 X0.6496 Z-0.3858 I0.0197 J0.
N45985 X0.6102 Z-0.3882 I-0.0197 J0.
N45990 X0.6496 Z-0.3906 I0.0197 J0.
N45995 X0.6102 Z-0.3929 I-0.0197 J0.
N46000 X0.6496 Z-0.3953 I0.0197 J0.
N46005 X0.6102 Z-0.3976 I-0.0197 J0.
N46010 X0.6496 Z-0.4 I0.0197 J0.
N46015 X0.6102 Z-0.4024 I-0.0197 J0.
N46020 X0.6496 Z-0.4047 I0.0197 J0.
N46025 X0.6102 Z-0.4071 I-0.0197 J0.
N46030 X0.6496 Z-0.4094 I0.0197 J0.
N46035 X0.6102 Z-0.4118 I-0.0197 J0.
N46040 X0.6496 Z-0.4142 I0.0197 J0.
N46045 X0.6102 Z-0.4165 I-0.0197 J0.
N46050 X0.6496 Z-0.4189 I0.0197 J0.
N46055 X0.6102 Z-0.4213 I-0.0197 J0.
N46060 X0.6496 Z-0.4236 I0.0197 J0.
N46065 X0.6102 Z-0.426 I-0.0197 J0.
N46070 X0.6496 Z-0.4283 I0.0197 J0.
N46075 X0.6102 Z-0.4307 I-0.0197 J0.
N46080 X0.6496 Z-0.4331 I0.0197 J0.
N46085 X0.6102 Z-0.4354 I-0.0197 J0.
N46090 X0.6496 Z-0.4378 I0.0197 J0.
N46095 X0.6102 Z-0.4402 I-0.0197 J0.
N46100 X0.6496 Z-0.4425 I0.0197 J0.
N46105 X0.6102 Z-0.4449 I-0.0197 J0.
N46110 X0.6496 Z-0.4472 I0.0197 J0.
N46115 X0.6102 Z-0.4496 I-0.0197 J0.
N46120 X0.6496 Z-0.452 I0.0197 J0.
N46125 X0.6102 Z-0.4543 I-0.0197 J0.
N46130 X0.6496 Z-0.4567 I0.0197 J0.
N46135 X0.6102 Z-0.4591 I-0.0197 J0.
N46140 X0.6496 Z-0.4614 I0.0197 J0.
N46145 X0.6102 Z-0.4638 I-0.0197 J0.
N46150 X0.6496 Z-0.4661 I0.0197 J0.
N46155 X0.6102 Z-0.4685 I-0.0197 J0.
N46160 X0.6496 Z-0.4709 I0.0197 J0.
N46165 X0.6102 Z-0.4732 I-0.0197 J0.
N46170 X0.6496 Z-0.4756 I0.0197 J0.
N46175 X0.6102 Z-0.478 I-0.0197 J0.
N46180 X0.6496 Z-0.4803 I0.0197 J0.
N46185 X0.6102 Z-0.4827 I-0.0197 J0.
N46190 X0.6496 Z-0.485 I0.0197 J0.
N46195 X0.6102 Z-0.4874 I-0.0197 J0.
N46200 X0.6496 Z-0.4898 I0.0197 J0.
N46205 X0.6102 Z-0.4921 I-0.0197 J0.
N46210 X0.6496 Z-0.4945 I0.0197 J0.
N46215 X0.6102 Z-0.4969 I-0.0197 J0.
N46220 X0.6496 Z-0.4992 I0.0197 J0.
N46225 X0.6102 Z-0.5016 I-0.0197 J0.
N46230 X0.6496 Z-0.5039 I0.0197 J0.
N46235 X0.6102 Z-0.5063 I-0.0197 J0.
N46240 X0.6496 Z-0.5087 I0.0197 J0.
N46245 X0.6102 Z-0.511 I-0.0197 J0.
N46250 X0.6496 Z-0.5134 I0.0197 J0.
N46255 X0.6102 Z-0.5157 I-0.0197 J0.
N46260 X0.6496 Z-0.5181 I0.0197 J0.
N46265 X0.6102 Z-0.5205 I-0.0197 J0.
N46270 X0.6496 Z-0.5228 I0.0197 J0.
N46275 X0.6102 Z-0.5252 I-0.0197 J0.
N46280 X0.6496 Z-0.5276 I0.0197 J0.
N46285 X0.6102 Z-0.5299 I-0.0197 J0.
N46290 X0.6496 Z-0.5323 I0.0197 J0.
N46295 X0.6102 Z-0.5346 I-0.0197 J0.
N46300 X0.6496 Z-0.537 I0.0197 J0.
N46305 X0.6102 Z-0.5394 I-0.0197 J0.
N46310 X0.6496 Z-0.5417 I0.0197 J0.
N46315 X0.6102 Z-0.5441 I-0.0197 J0.
N46320 X0.6496 Z-0.5465 I0.0197 J0.
N46325 X0.6102 Z-0.5488 I-0.0197 J0.
N46330 X0.6496 Z-0.5512 I0.0197 J0.
N46335 X0.6102 Z-0.5535 I-0.0197 J0.
N46340 X0.6496 Z-0.5559 I0.0197 J0.
N46345 X0.6102 Z-0.5583 I-0.0197 J0.
N46350 X0.6496 Z-0.5606 I0.0197 J0.
N46355 X0.6102 Z-0.563 I-0.0197 J0.
N46360 X0.6496 Z-0.5654 I0.0197 J0.
N46365 X0.6102 Z-0.5677 I-0.0197 J0.
N46370 X0.6496 Z-0.5701 I0.0197 J0.
N46375 X0.6102 Z-0.5724 I-0.0197 J0.
N46380 X0.6496 Z-0.5748 I0.0197 J0.
N46385 X0.6102 Z-0.5772 I-0.0197 J0.
N46390 X0.6496 Z-0.5795 I0.0197 J0.
N46395 X0.6102 Z-0.5819 I-0.0197 J0.
N46400 X0.6496 Z-0.5843 I0.0197 J0.
N46405 X0.6102 Z-0.5866 I-0.0197 J0.
N46410 X0.6496 Z-0.589 I0.0197 J0.
N46415 X0.6102 Z-0.5913 I-0.0197 J0.
N46420 X0.6496 Z-0.5937 I0.0197 J0.
N46425 X0.6102 Z-0.5961 I-0.0197 J0.
N46430 X0.6496 Z-0.5984 I0.0197 J0.
N46435 X0.6102 Z-0.6008 I-0.0197 J0.
N46440 X0.6496 Z-0.6031 I0.0197 J0.
N46445 X0.6102 Z-0.6055 I-0.0197 J0.
N46450 X0.6496 Z-0.6079 I0.0197 J0.
N46455 X0.6102 Z-0.6102 I-0.0197 J0.
N46460 X0.6496 Z-0.6126 I0.0197 J0.
N46465 X0.6102 Z-0.615 I-0.0197 J0.
N46470 X0.6496 Z-0.6173 I0.0197 J0.
N46475 X0.6102 Z-0.6197 I-0.0197 J0.
N46480 X0.6496 Z-0.622 I0.0197 J0.
N46485 X0.6102 Z-0.6244 I-0.0197 J0.
N46490 X0.6496 Z-0.6268 I0.0197 J0.
N46495 X0.6102 Z-0.6291 I-0.0197 J0.
N46500 X0.6496 Z-0.6315 I0.0197 J0.
N46505 X0.6102 Z-0.6339 I-0.0197 J0.
N46510 X0.6496 Z-0.6362 I0.0197 J0.
N46515 X0.6102 Z-0.6386 I-0.0197 J0.
N46520 X0.6299 Y-0.6594 Z-0.6398 I0.0197 J0.
N46525 Y-0.6201 I0. J0.0197
N46530 Y-0.6594 I0. J-0.0197
N46535 X0.6378 Y-0.6516 I0. J0.0079
N46540 G1 Y-0.6437
N46545 G19 G3 Y-0.6358 Z-0.6319 J0. K0.0079
N46550 G1 Z0.1969
N46555 X0.626 Y-0.6476
N46560 Z0.1181
N46565 Z0.0472
N46570 G18 G2 X0.6339 Z0.0394 I0.0079 K0.
N46575 G1 X0.6417
N46580 G17 G3 X0.6496 Y-0.6398 I0. J0.0079
N46585 X0.6102 Z0.037 I-0.0197 J0.
N46590 X0.6496 Z0.0346 I0.0197 J0.
N46595 X0.6102 Z0.0323 I-0.0197 J0.
N46600 X0.6496 Z0.0299 I0.0197 J0.
N46605 X0.6102 Z0.0276 I-0.0197 J0.
N46610 X0.6496 Z0.0252 I0.0197 J0.
N46615 X0.6102 Z0.0228 I-0.0197 J0.
N46620 X0.6496 Z0.0205 I0.0197 J0.
N46625 X0.6102 Z0.0181 I-0.0197 J0.
N46630 X0.6496 Z0.0157 I0.0197 J0.
N46635 X0.6102 Z0.0134 I-0.0197 J0.
N46640 X0.6496 Z0.011 I0.0197 J0.
N46645 X0.6102 Z0.0087 I-0.0197 J0.
N46650 X0.6496 Z0.0063 I0.0197 J0.
N46655 X0.6102 Z0.0039 I-0.0197 J0.
N46660 X0.6496 Z0.0016 I0.0197 J0.
N46665 X0.6102 Z-0.0008 I-0.0197 J0.
N46670 X0.6496 Z-0.0031 I0.0197 J0.
N46675 X0.6102 Z-0.0055 I-0.0197 J0.
N46680 X0.6496 Z-0.0079 I0.0197 J0.
N46685 X0.6102 Z-0.0102 I-0.0197 J0.
N46690 X0.6496 Z-0.0126 I0.0197 J0.
N46695 X0.6102 Z-0.015 I-0.0197 J0.
N46700 X0.6496 Z-0.0173 I0.0197 J0.
N46705 X0.6102 Z-0.0197 I-0.0197 J0.
N46710 X0.6496 Z-0.022 I0.0197 J0.
N46715 X0.6102 Z-0.0244 I-0.0197 J0.
N46720 X0.6496 Z-0.0268 I0.0197 J0.
N46725 X0.6102 Z-0.0291 I-0.0197 J0.
N46730 X0.6496 Z-0.0315 I0.0197 J0.
N46735 X0.6102 Z-0.0339 I-0.0197 J0.
N46740 X0.6496 Z-0.0362 I0.0197 J0.
N46745 X0.6102 Z-0.0386 I-0.0197 J0.
N46750 X0.6496 Z-0.0409 I0.0197 J0.
N46755 X0.6102 Z-0.0433 I-0.0197 J0.
N46760 X0.6496 Z-0.0457 I0.0197 J0.
N46765 X0.6102 Z-0.048 I-0.0197 J0.
N46770 X0.6496 Z-0.0504 I0.0197 J0.
N46775 X0.6102 Z-0.0528 I-0.0197 J0.
N46780 X0.6496 Z-0.0551 I0.0197 J0.
N46785 X0.6102 Z-0.0575 I-0.0197 J0.
N46790 X0.6496 Z-0.0598 I0.0197 J0.
N46795 X0.6102 Z-0.0622 I-0.0197 J0.
N46800 X0.6496 Z-0.0646 I0.0197 J0.
N46805 X0.6102 Z-0.0669 I-0.0197 J0.
N46810 X0.6496 Z-0.0693 I0.0197 J0.
N46815 X0.6102 Z-0.0717 I-0.0197 J0.
N46820 X0.6496 Z-0.074 I0.0197 J0.
N46825 X0.6102 Z-0.0764 I-0.0197 J0.
N46830 X0.6496 Z-0.0787 I0.0197 J0.
N46835 X0.6102 Z-0.0811 I-0.0197 J0.
N46840 X0.6496 Z-0.0835 I0.0197 J0.
N46845 X0.6102 Z-0.0858 I-0.0197 J0.
N46850 X0.6496 Z-0.0882 I0.0197 J0.
N46855 X0.6102 Z-0.0906 I-0.0197 J0.
N46860 X0.6496 Z-0.0929 I0.0197 J0.
N46865 X0.6102 Z-0.0953 I-0.0197 J0.
N46870 X0.6496 Z-0.0976 I0.0197 J0.
N46875 X0.6102 Z-0.1 I-0.0197 J0.
N46880 X0.6496 Z-0.1024 I0.0197 J0.
N46885 X0.6102 Z-0.1047 I-0.0197 J0.
N46890 X0.6496 Z-0.1071 I0.0197 J0.
N46895 X0.6102 Z-0.1094 I-0.0197 J0.
N46900 X0.6496 Z-0.1118 I0.0197 J0.
N46905 X0.6102 Z-0.1142 I-0.0197 J0.
N46910 X0.6496 Z-0.1165 I0.0197 J0.
N46915 X0.6102 Z-0.1189 I-0.0197 J0.
N46920 X0.6496 Z-0.1213 I0.0197 J0.
N46925 X0.6102 Z-0.1236 I-0.0197 J0.
N46930 X0.6496 Z-0.126 I0.0197 J0.
N46935 X0.6102 Z-0.1283 I-0.0197 J0.
N46940 X0.6496 Z-0.1307 I0.0197 J0.
N46945 X0.6102 Z-0.1331 I-0.0197 J0.
N46950 X0.6496 Z-0.1354 I0.0197 J0.
N46955 X0.6102 Z-0.1378 I-0.0197 J0.
N46960 X0.6496 Z-0.1402 I0.0197 J0.
N46965 X0.6102 Z-0.1425 I-0.0197 J0.
N46970 X0.6496 Z-0.1449 I0.0197 J0.
N46975 X0.6102 Z-0.1472 I-0.0197 J0.
N46980 X0.6496 Z-0.1496 I0.0197 J0.
N46985 X0.6102 Z-0.152 I-0.0197 J0.
N46990 X0.6496 Z-0.1543 I0.0197 J0.
N46995 X0.6102 Z-0.1567 I-0.0197 J0.
N47000 X0.6496 Z-0.1591 I0.0197 J0.
N47005 X0.6102 Z-0.1614 I-0.0197 J0.
N47010 X0.6496 Z-0.1638 I0.0197 J0.
N47015 X0.6102 Z-0.1661 I-0.0197 J0.
N47020 X0.6496 Z-0.1685 I0.0197 J0.
N47025 X0.6102 Z-0.1709 I-0.0197 J0.
N47030 X0.6496 Z-0.1732 I0.0197 J0.
N47035 X0.6102 Z-0.1756 I-0.0197 J0.
N47040 X0.6496 Z-0.178 I0.0197 J0.
N47045 X0.6102 Z-0.1803 I-0.0197 J0.
N47050 X0.6496 Z-0.1827 I0.0197 J0.
N47055 X0.6102 Z-0.185 I-0.0197 J0.
N47060 X0.6496 Z-0.1874 I0.0197 J0.
N47065 X0.6102 Z-0.1898 I-0.0197 J0.
N47070 X0.6496 Z-0.1921 I0.0197 J0.
N47075 X0.6102 Z-0.1945 I-0.0197 J0.
N47080 X0.6496 Z-0.1969 I0.0197 J0.
N47085 X0.6102 Z-0.1992 I-0.0197 J0.
N47090 X0.6496 Z-0.2016 I0.0197 J0.
N47095 X0.6102 Z-0.2039 I-0.0197 J0.
N47100 X0.6496 Z-0.2063 I0.0197 J0.
N47105 X0.6102 Z-0.2087 I-0.0197 J0.
N47110 X0.6496 Z-0.211 I0.0197 J0.
N47115 X0.6102 Z-0.2134 I-0.0197 J0.
N47120 X0.6496 Z-0.2157 I0.0197 J0.
N47125 X0.6102 Z-0.2181 I-0.0197 J0.
N47130 X0.6496 Z-0.2205 I0.0197 J0.
N47135 X0.6102 Z-0.2228 I-0.0197 J0.
N47140 X0.6496 Z-0.2252 I0.0197 J0.
N47145 X0.6102 Z-0.2276 I-0.0197 J0.
N47150 X0.6496 Z-0.2299 I0.0197 J0.
N47155 X0.6102 Z-0.2323 I-0.0197 J0.
N47160 X0.6496 Z-0.2346 I0.0197 J0.
N47165 X0.6102 Z-0.237 I-0.0197 J0.
N47170 X0.6496 Z-0.2394 I0.0197 J0.
N47175 X0.6102 Z-0.2417 I-0.0197 J0.
N47180 X0.6496 Z-0.2441 I0.0197 J0.
N47185 X0.6102 Z-0.2465 I-0.0197 J0.
N47190 X0.6496 Z-0.2488 I0.0197 J0.
N47195 X0.6102 Z-0.2512 I-0.0197 J0.
N47200 X0.6496 Z-0.2535 I0.0197 J0.
N47205 X0.6102 Z-0.2559 I-0.0197 J0.
N47210 X0.6496 Z-0.2583 I0.0197 J0.
N47215 X0.6102 Z-0.2606 I-0.0197 J0.
N47220 X0.6496 Z-0.263 I0.0197 J0.
N47225 X0.6102 Z-0.2654 I-0.0197 J0.
N47230 X0.6496 Z-0.2677 I0.0197 J0.
N47235 X0.6102 Z-0.2701 I-0.0197 J0.
N47240 X0.6496 Z-0.2724 I0.0197 J0.
N47245 X0.6102 Z-0.2748 I-0.0197 J0.
N47250 X0.6496 Z-0.2772 I0.0197 J0.
N47255 X0.6102 Z-0.2795 I-0.0197 J0.
N47260 X0.6496 Z-0.2819 I0.0197 J0.
N47265 X0.6102 Z-0.2843 I-0.0197 J0.
N47270 X0.6496 Z-0.2866 I0.0197 J0.
N47275 X0.6102 Z-0.289 I-0.0197 J0.
N47280 X0.6496 Z-0.2913 I0.0197 J0.
N47285 X0.6102 Z-0.2937 I-0.0197 J0.
N47290 X0.6496 Z-0.2961 I0.0197 J0.
N47295 X0.6102 Z-0.2984 I-0.0197 J0.
N47300 X0.6496 Z-0.3008 I0.0197 J0.
N47305 X0.6102 Z-0.3031 I-0.0197 J0.
N47310 X0.6496 Z-0.3055 I0.0197 J0.
N47315 X0.6102 Z-0.3079 I-0.0197 J0.
N47320 X0.6496 Z-0.3102 I0.0197 J0.
N47325 X0.6102 Z-0.3126 I-0.0197 J0.
N47330 X0.6496 Z-0.315 I0.0197 J0.
N47335 X0.6102 Z-0.3173 I-0.0197 J0.
N47340 X0.6496 Z-0.3197 I0.0197 J0.
N47345 X0.6102 Z-0.322 I-0.0197 J0.
N47350 X0.6496 Z-0.3244 I0.0197 J0.
N47355 X0.6102 Z-0.3268 I-0.0197 J0.
N47360 X0.6496 Z-0.3291 I0.0197 J0.
N47365 X0.6102 Z-0.3315 I-0.0197 J0.
N47370 X0.6496 Z-0.3339 I0.0197 J0.
N47375 X0.6102 Z-0.3362 I-0.0197 J0.
N47380 X0.6496 Z-0.3386 I0.0197 J0.
N47385 X0.6102 Z-0.3409 I-0.0197 J0.
N47390 X0.6496 Z-0.3433 I0.0197 J0.
N47395 X0.6102 Z-0.3457 I-0.0197 J0.
N47400 X0.6496 Z-0.348 I0.0197 J0.
N47405 X0.6102 Z-0.3504 I-0.0197 J0.
N47410 X0.6496 Z-0.3528 I0.0197 J0.
N47415 X0.6102 Z-0.3551 I-0.0197 J0.
N47420 X0.6496 Z-0.3575 I0.0197 J0.
N47425 X0.6102 Z-0.3598 I-0.0197 J0.
N47430 X0.6496 Z-0.3622 I0.0197 J0.
N47435 X0.6102 Z-0.3646 I-0.0197 J0.
N47440 X0.6496 Z-0.3669 I0.0197 J0.
N47445 X0.6102 Z-0.3693 I-0.0197 J0.
N47450 X0.6496 Z-0.3717 I0.0197 J0.
N47455 X0.6102 Z-0.374 I-0.0197 J0.
N47460 X0.6496 Z-0.3764 I0.0197 J0.
N47465 X0.6102 Z-0.3787 I-0.0197 J0.
N47470 X0.6496 Z-0.3811 I0.0197 J0.
N47475 X0.6102 Z-0.3835 I-0.0197 J0.
N47480 X0.6496 Z-0.3858 I0.0197 J0.
N47485 X0.6102 Z-0.3882 I-0.0197 J0.
N47490 X0.6496 Z-0.3906 I0.0197 J0.
N47495 X0.6102 Z-0.3929 I-0.0197 J0.
N47500 X0.6496 Z-0.3953 I0.0197 J0.
N47505 X0.6102 Z-0.3976 I-0.0197 J0.
N47510 X0.6496 Z-0.4 I0.0197 J0.
N47515 X0.6102 Z-0.4024 I-0.0197 J0.
N47520 X0.6496 Z-0.4047 I0.0197 J0.
N47525 X0.6102 Z-0.4071 I-0.0197 J0.
N47530 X0.6496 Z-0.4094 I0.0197 J0.
N47535 X0.6102 Z-0.4118 I-0.0197 J0.
N47540 X0.6496 Z-0.4142 I0.0197 J0.
N47545 X0.6102 Z-0.4165 I-0.0197 J0.
N47550 X0.6496 Z-0.4189 I0.0197 J0.
N47555 X0.6102 Z-0.4213 I-0.0197 J0.
N47560 X0.6496 Z-0.4236 I0.0197 J0.
N47565 X0.6102 Z-0.426 I-0.0197 J0.
N47570 X0.6496 Z-0.4283 I0.0197 J0.
N47575 X0.6102 Z-0.4307 I-0.0197 J0.
N47580 X0.6496 Z-0.4331 I0.0197 J0.
N47585 X0.6102 Z-0.4354 I-0.0197 J0.
N47590 X0.6496 Z-0.4378 I0.0197 J0.
N47595 X0.6102 Z-0.4402 I-0.0197 J0.
N47600 X0.6496 Z-0.4425 I0.0197 J0.
N47605 X0.6102 Z-0.4449 I-0.0197 J0.
N47610 X0.6496 Z-0.4472 I0.0197 J0.
N47615 X0.6102 Z-0.4496 I-0.0197 J0.
N47620 X0.6496 Z-0.452 I0.0197 J0.
N47625 X0.6102 Z-0.4543 I-0.0197 J0.
N47630 X0.6496 Z-0.4567 I0.0197 J0.
N47635 X0.6102 Z-0.4591 I-0.0197 J0.
N47640 X0.6496 Z-0.4614 I0.0197 J0.
N47645 X0.6102 Z-0.4638 I-0.0197 J0.
N47650 X0.6496 Z-0.4661 I0.0197 J0.
N47655 X0.6102 Z-0.4685 I-0.0197 J0.
N47660 X0.6496 Z-0.4709 I0.0197 J0.
N47665 X0.6102 Z-0.4732 I-0.0197 J0.
N47670 X0.6496 Z-0.4756 I0.0197 J0.
N47675 X0.6102 Z-0.478 I-0.0197 J0.
N47680 X0.6496 Z-0.4803 I0.0197 J0.
N47685 X0.6102 Z-0.4827 I-0.0197 J0.
N47690 X0.6496 Z-0.485 I0.0197 J0.
N47695 X0.6102 Z-0.4874 I-0.0197 J0.
N47700 X0.6496 Z-0.4898 I0.0197 J0.
N47705 X0.6102 Z-0.4921 I-0.0197 J0.
N47710 X0.6496 Z-0.4945 I0.0197 J0.
N47715 X0.6102 Z-0.4969 I-0.0197 J0.
N47720 X0.6496 Z-0.4992 I0.0197 J0.
N47725 X0.6102 Z-0.5016 I-0.0197 J0.
N47730 X0.6496 Z-0.5039 I0.0197 J0.
N47735 X0.6102 Z-0.5063 I-0.0197 J0.
N47740 X0.6496 Z-0.5087 I0.0197 J0.
N47745 X0.6102 Z-0.511 I-0.0197 J0.
N47750 X0.6496 Z-0.5134 I0.0197 J0.
N47755 X0.6102 Z-0.5157 I-0.0197 J0.
N47760 X0.6496 Z-0.5181 I0.0197 J0.
N47765 X0.6102 Z-0.5205 I-0.0197 J0.
N47770 X0.6496 Z-0.5228 I0.0197 J0.
N47775 X0.6102 Z-0.5252 I-0.0197 J0.
N47780 X0.6496 Z-0.5276 I0.0197 J0.
N47785 X0.6102 Z-0.5299 I-0.0197 J0.
N47790 X0.6496 Z-0.5323 I0.0197 J0.
N47795 X0.6102 Z-0.5346 I-0.0197 J0.
N47800 X0.6496 Z-0.537 I0.0197 J0.
N47805 X0.6102 Z-0.5394 I-0.0197 J0.
N47810 X0.6496 Z-0.5417 I0.0197 J0.
N47815 X0.6102 Z-0.5441 I-0.0197 J0.
N47820 X0.6496 Z-0.5465 I0.0197 J0.
N47825 X0.6102 Z-0.5488 I-0.0197 J0.
N47830 X0.6496 Z-0.5512 I0.0197 J0.
N47835 X0.6102 Z-0.5535 I-0.0197 J0.
N47840 X0.6496 Z-0.5559 I0.0197 J0.
N47845 X0.6102 Z-0.5583 I-0.0197 J0.
N47850 X0.6496 Z-0.5606 I0.0197 J0.
N47855 X0.6102 Z-0.563 I-0.0197 J0.
N47860 X0.6496 Z-0.5654 I0.0197 J0.
N47865 X0.6102 Z-0.5677 I-0.0197 J0.
N47870 X0.6496 Z-0.5701 I0.0197 J0.
N47875 X0.6102 Z-0.5724 I-0.0197 J0.
N47880 X0.6496 Z-0.5748 I0.0197 J0.
N47885 X0.6102 Z-0.5772 I-0.0197 J0.
N47890 X0.6496 Z-0.5795 I0.0197 J0.
N47895 X0.6102 Z-0.5819 I-0.0197 J0.
N47900 X0.6496 Z-0.5843 I0.0197 J0.
N47905 X0.6102 Z-0.5866 I-0.0197 J0.
N47910 X0.6496 Z-0.589 I0.0197 J0.
N47915 X0.6102 Z-0.5913 I-0.0197 J0.
N47920 X0.6496 Z-0.5937 I0.0197 J0.
N47925 X0.6102 Z-0.5961 I-0.0197 J0.
N47930 X0.6496 Z-0.5984 I0.0197 J0.
N47935 X0.6102 Z-0.6008 I-0.0197 J0.
N47940 X0.6496 Z-0.6031 I0.0197 J0.
N47945 X0.6102 Z-0.6055 I-0.0197 J0.
N47950 X0.6496 Z-0.6079 I0.0197 J0.
N47955 X0.6102 Z-0.6102 I-0.0197 J0.
N47960 X0.6496 Z-0.6126 I0.0197 J0.
N47965 X0.6102 Z-0.615 I-0.0197 J0.
N47970 X0.6496 Z-0.6173 I0.0197 J0.
N47975 X0.6102 Z-0.6197 I-0.0197 J0.
N47980 X0.6496 Z-0.622 I0.0197 J0.
N47985 X0.6102 Z-0.6244 I-0.0197 J0.
N47990 X0.6496 Z-0.6268 I0.0197 J0.
N47995 X0.6102 Z-0.6291 I-0.0197 J0.
N48000 X0.6496 Z-0.6315 I0.0197 J0.
N48005 X0.6102 Z-0.6339 I-0.0197 J0.
N48010 X0.6496 Z-0.6362 I0.0197 J0.
N48015 X0.6102 Z-0.6386 I-0.0197 J0.
N48020 X0.6299 Y-0.6594 Z-0.6398 I0.0197 J0.
N48025 Y-0.6201 I0. J0.0197
N48030 Y-0.6594 I0. J-0.0197
N48035 X0.6378 Y-0.6516 I0. J0.0079
N48040 G1 Y-0.6437
N48045 G19 G3 Y-0.6358 Z-0.6319 J0. K0.0079
N48050 G1 Z0.1969
N48055 X1.2559 Y-0.6476
N48060 Z0.1181
N48065 Z0.0472
N48070 G18 G2 X1.2638 Z0.0394 I0.0079 K0.
N48075 G1 X1.2717
N48080 G17 G3 X1.2795 Y-0.6398 I0. J0.0079
N48085 X1.2402 Z0.037 I-0.0197 J0.
N48090 X1.2795 Z0.0346 I0.0197 J0.
N48095 X1.2402 Z0.0323 I-0.0197 J0.
N48100 X1.2795 Z0.0299 I0.0197 J0.
N48105 X1.2402 Z0.0276 I-0.0197 J0.
N48110 X1.2795 Z0.0252 I0.0197 J0.
N48115 X1.2402 Z0.0228 I-0.0197 J0.
N48120 X1.2795 Z0.0205 I0.0197 J0.
N48125 X1.2402 Z0.0181 I-0.0197 J0.
N48130 X1.2795 Z0.0157 I0.0197 J0.
N48135 X1.2402 Z0.0134 I-0.0197 J0.
N48140 X1.2795 Z0.011 I0.0197 J0.
N48145 X1.2402 Z0.0087 I-0.0197 J0.
N48150 X1.2795 Z0.0063 I0.0197 J0.
N48155 X1.2402 Z0.0039 I-0.0197 J0.
N48160 X1.2795 Z0.0016 I0.0197 J0.
N48165 X1.2402 Z-0.0008 I-0.0197 J0.
N48170 X1.2795 Z-0.0031 I0.0197 J0.
N48175 X1.2402 Z-0.0055 I-0.0197 J0.
N48180 X1.2795 Z-0.0079 I0.0197 J0.
N48185 X1.2402 Z-0.0102 I-0.0197 J0.
N48190 X1.2795 Z-0.0126 I0.0197 J0.
N48195 X1.2402 Z-0.015 I-0.0197 J0.
N48200 X1.2795 Z-0.0173 I0.0197 J0.
N48205 X1.2402 Z-0.0197 I-0.0197 J0.
N48210 X1.2795 Z-0.022 I0.0197 J0.
N48215 X1.2402 Z-0.0244 I-0.0197 J0.
N48220 X1.2795 Z-0.0268 I0.0197 J0.
N48225 X1.2402 Z-0.0291 I-0.0197 J0.
N48230 X1.2795 Z-0.0315 I0.0197 J0.
N48235 X1.2402 Z-0.0339 I-0.0197 J0.
N48240 X1.2795 Z-0.0362 I0.0197 J0.
N48245 X1.2402 Z-0.0386 I-0.0197 J0.
N48250 X1.2795 Z-0.0409 I0.0197 J0.
N48255 X1.2402 Z-0.0433 I-0.0197 J0.
N48260 X1.2795 Z-0.0457 I0.0197 J0.
N48265 X1.2402 Z-0.048 I-0.0197 J0.
N48270 X1.2795 Z-0.0504 I0.0197 J0.
N48275 X1.2402 Z-0.0528 I-0.0197 J0.
N48280 X1.2795 Z-0.0551 I0.0197 J0.
N48285 X1.2402 Z-0.0575 I-0.0197 J0.
N48290 X1.2795 Z-0.0598 I0.0197 J0.
N48295 X1.2402 Z-0.0622 I-0.0197 J0.
N48300 X1.2795 Z-0.0646 I0.0197 J0.
N48305 X1.2402 Z-0.0669 I-0.0197 J0.
N48310 X1.2795 Z-0.0693 I0.0197 J0.
N48315 X1.2402 Z-0.0717 I-0.0197 J0.
N48320 X1.2795 Z-0.074 I0.0197 J0.
N48325 X1.2402 Z-0.0764 I-0.0197 J0.
N48330 X1.2795 Z-0.0787 I0.0197 J0.
N48335 X1.2402 Z-0.0811 I-0.0197 J0.
N48340 X1.2795 Z-0.0835 I0.0197 J0.
N48345 X1.2402 Z-0.0858 I-0.0197 J0.
N48350 X1.2795 Z-0.0882 I0.0197 J0.
N48355 X1.2402 Z-0.0906 I-0.0197 J0.
N48360 X1.2795 Z-0.0929 I0.0197 J0.
N48365 X1.2402 Z-0.0953 I-0.0197 J0.
N48370 X1.2795 Z-0.0976 I0.0197 J0.
N48375 X1.2402 Z-0.1 I-0.0197 J0.
N48380 X1.2795 Z-0.1024 I0.0197 J0.
N48385 X1.2402 Z-0.1047 I-0.0197 J0.
N48390 X1.2795 Z-0.1071 I0.0197 J0.
N48395 X1.2402 Z-0.1094 I-0.0197 J0.
N48400 X1.2795 Z-0.1118 I0.0197 J0.
N48405 X1.2402 Z-0.1142 I-0.0197 J0.
N48410 X1.2795 Z-0.1165 I0.0197 J0.
N48415 X1.2402 Z-0.1189 I-0.0197 J0.
N48420 X1.2795 Z-0.1213 I0.0197 J0.
N48425 X1.2402 Z-0.1236 I-0.0197 J0.
N48430 X1.2795 Z-0.126 I0.0197 J0.
N48435 X1.2402 Z-0.1283 I-0.0197 J0.
N48440 X1.2795 Z-0.1307 I0.0197 J0.
N48445 X1.2402 Z-0.1331 I-0.0197 J0.
N48450 X1.2795 Z-0.1354 I0.0197 J0.
N48455 X1.2402 Z-0.1378 I-0.0197 J0.
N48460 X1.2795 Z-0.1402 I0.0197 J0.
N48465 X1.2402 Z-0.1425 I-0.0197 J0.
N48470 X1.2795 Z-0.1449 I0.0197 J0.
N48475 X1.2402 Z-0.1472 I-0.0197 J0.
N48480 X1.2795 Z-0.1496 I0.0197 J0.
N48485 X1.2402 Z-0.152 I-0.0197 J0.
N48490 X1.2795 Z-0.1543 I0.0197 J0.
N48495 X1.2402 Z-0.1567 I-0.0197 J0.
N48500 X1.2795 Z-0.1591 I0.0197 J0.
N48505 X1.2402 Z-0.1614 I-0.0197 J0.
N48510 X1.2795 Z-0.1638 I0.0197 J0.
N48515 X1.2402 Z-0.1661 I-0.0197 J0.
N48520 X1.2795 Z-0.1685 I0.0197 J0.
N48525 X1.2402 Z-0.1709 I-0.0197 J0.
N48530 X1.2795 Z-0.1732 I0.0197 J0.
N48535 X1.2402 Z-0.1756 I-0.0197 J0.
N48540 X1.2795 Z-0.178 I0.0197 J0.
N48545 X1.2402 Z-0.1803 I-0.0197 J0.
N48550 X1.2795 Z-0.1827 I0.0197 J0.
N48555 X1.2402 Z-0.185 I-0.0197 J0.
N48560 X1.2795 Z-0.1874 I0.0197 J0.
N48565 X1.2402 Z-0.1898 I-0.0197 J0.
N48570 X1.2795 Z-0.1921 I0.0197 J0.
N48575 X1.2402 Z-0.1945 I-0.0197 J0.
N48580 X1.2795 Z-0.1969 I0.0197 J0.
N48585 X1.2402 Z-0.1992 I-0.0197 J0.
N48590 X1.2795 Z-0.2016 I0.0197 J0.
N48595 X1.2402 Z-0.2039 I-0.0197 J0.
N48600 X1.2795 Z-0.2063 I0.0197 J0.
N48605 X1.2402 Z-0.2087 I-0.0197 J0.
N48610 X1.2795 Z-0.211 I0.0197 J0.
N48615 X1.2402 Z-0.2134 I-0.0197 J0.
N48620 X1.2795 Z-0.2157 I0.0197 J0.
N48625 X1.2402 Z-0.2181 I-0.0197 J0.
N48630 X1.2795 Z-0.2205 I0.0197 J0.
N48635 X1.2402 Z-0.2228 I-0.0197 J0.
N48640 X1.2795 Z-0.2252 I0.0197 J0.
N48645 X1.2402 Z-0.2276 I-0.0197 J0.
N48650 X1.2795 Z-0.2299 I0.0197 J0.
N48655 X1.2402 Z-0.2323 I-0.0197 J0.
N48660 X1.2795 Z-0.2346 I0.0197 J0.
N48665 X1.2402 Z-0.237 I-0.0197 J0.
N48670 X1.2795 Z-0.2394 I0.0197 J0.
N48675 X1.2402 Z-0.2417 I-0.0197 J0.
N48680 X1.2795 Z-0.2441 I0.0197 J0.
N48685 X1.2402 Z-0.2465 I-0.0197 J0.
N48690 X1.2795 Z-0.2488 I0.0197 J0.
N48695 X1.2402 Z-0.2512 I-0.0197 J0.
N48700 X1.2795 Z-0.2535 I0.0197 J0.
N48705 X1.2402 Z-0.2559 I-0.0197 J0.
N48710 X1.2795 Z-0.2583 I0.0197 J0.
N48715 X1.2402 Z-0.2606 I-0.0197 J0.
N48720 X1.2795 Z-0.263 I0.0197 J0.
N48725 X1.2402 Z-0.2654 I-0.0197 J0.
N48730 X1.2795 Z-0.2677 I0.0197 J0.
N48735 X1.2402 Z-0.2701 I-0.0197 J0.
N48740 X1.2795 Z-0.2724 I0.0197 J0.
N48745 X1.2402 Z-0.2748 I-0.0197 J0.
N48750 X1.2795 Z-0.2772 I0.0197 J0.
N48755 X1.2402 Z-0.2795 I-0.0197 J0.
N48760 X1.2795 Z-0.2819 I0.0197 J0.
N48765 X1.2402 Z-0.2843 I-0.0197 J0.
N48770 X1.2795 Z-0.2866 I0.0197 J0.
N48775 X1.2402 Z-0.289 I-0.0197 J0.
N48780 X1.2795 Z-0.2913 I0.0197 J0.
N48785 X1.2402 Z-0.2937 I-0.0197 J0.
N48790 X1.2795 Z-0.2961 I0.0197 J0.
N48795 X1.2402 Z-0.2984 I-0.0197 J0.
N48800 X1.2795 Z-0.3008 I0.0197 J0.
N48805 X1.2402 Z-0.3031 I-0.0197 J0.
N48810 X1.2795 Z-0.3055 I0.0197 J0.
N48815 X1.2402 Z-0.3079 I-0.0197 J0.
N48820 X1.2795 Z-0.3102 I0.0197 J0.
N48825 X1.2402 Z-0.3126 I-0.0197 J0.
N48830 X1.2795 Z-0.315 I0.0197 J0.
N48835 X1.2402 Z-0.3173 I-0.0197 J0.
N48840 X1.2795 Z-0.3197 I0.0197 J0.
N48845 X1.2402 Z-0.322 I-0.0197 J0.
N48850 X1.2795 Z-0.3244 I0.0197 J0.
N48855 X1.2402 Z-0.3268 I-0.0197 J0.
N48860 X1.2795 Z-0.3291 I0.0197 J0.
N48865 X1.2402 Z-0.3315 I-0.0197 J0.
N48870 X1.2795 Z-0.3339 I0.0197 J0.
N48875 X1.2402 Z-0.3362 I-0.0197 J0.
N48880 X1.2795 Z-0.3386 I0.0197 J0.
N48885 X1.2402 Z-0.3409 I-0.0197 J0.
N48890 X1.2795 Z-0.3433 I0.0197 J0.
N48895 X1.2402 Z-0.3457 I-0.0197 J0.
N48900 X1.2795 Z-0.348 I0.0197 J0.
N48905 X1.2402 Z-0.3504 I-0.0197 J0.
N48910 X1.2795 Z-0.3528 I0.0197 J0.
N48915 X1.2402 Z-0.3551 I-0.0197 J0.
N48920 X1.2795 Z-0.3575 I0.0197 J0.
N48925 X1.2402 Z-0.3598 I-0.0197 J0.
N48930 X1.2795 Z-0.3622 I0.0197 J0.
N48935 X1.2402 Z-0.3646 I-0.0197 J0.
N48940 X1.2795 Z-0.3669 I0.0197 J0.
N48945 X1.2402 Z-0.3693 I-0.0197 J0.
N48950 X1.2795 Z-0.3717 I0.0197 J0.
N48955 X1.2402 Z-0.374 I-0.0197 J0.
N48960 X1.2795 Z-0.3764 I0.0197 J0.
N48965 X1.2402 Z-0.3787 I-0.0197 J0.
N48970 X1.2795 Z-0.3811 I0.0197 J0.
N48975 X1.2402 Z-0.3835 I-0.0197 J0.
N48980 X1.2795 Z-0.3858 I0.0197 J0.
N48985 X1.2402 Z-0.3882 I-0.0197 J0.
N48990 X1.2795 Z-0.3906 I0.0197 J0.
N48995 X1.2402 Z-0.3929 I-0.0197 J0.
N49000 X1.2795 Z-0.3953 I0.0197 J0.
N49005 X1.2402 Z-0.3976 I-0.0197 J0.
N49010 X1.2795 Z-0.4 I0.0197 J0.
N49015 X1.2402 Z-0.4024 I-0.0197 J0.
N49020 X1.2795 Z-0.4047 I0.0197 J0.
N49025 X1.2402 Z-0.4071 I-0.0197 J0.
N49030 X1.2795 Z-0.4094 I0.0197 J0.
N49035 X1.2402 Z-0.4118 I-0.0197 J0.
N49040 X1.2795 Z-0.4142 I0.0197 J0.
N49045 X1.2402 Z-0.4165 I-0.0197 J0.
N49050 X1.2795 Z-0.4189 I0.0197 J0.
N49055 X1.2402 Z-0.4213 I-0.0197 J0.
N49060 X1.2795 Z-0.4236 I0.0197 J0.
N49065 X1.2402 Z-0.426 I-0.0197 J0.
N49070 X1.2795 Z-0.4283 I0.0197 J0.
N49075 X1.2402 Z-0.4307 I-0.0197 J0.
N49080 X1.2795 Z-0.4331 I0.0197 J0.
N49085 X1.2402 Z-0.4354 I-0.0197 J0.
N49090 X1.2795 Z-0.4378 I0.0197 J0.
N49095 X1.2402 Z-0.4402 I-0.0197 J0.
N49100 X1.2795 Z-0.4425 I0.0197 J0.
N49105 X1.2402 Z-0.4449 I-0.0197 J0.
N49110 X1.2795 Z-0.4472 I0.0197 J0.
N49115 X1.2402 Z-0.4496 I-0.0197 J0.
N49120 X1.2795 Z-0.452 I0.0197 J0.
N49125 X1.2402 Z-0.4543 I-0.0197 J0.
N49130 X1.2795 Z-0.4567 I0.0197 J0.
N49135 X1.2402 Z-0.4591 I-0.0197 J0.
N49140 X1.2795 Z-0.4614 I0.0197 J0.
N49145 X1.2402 Z-0.4638 I-0.0197 J0.
N49150 X1.2795 Z-0.4661 I0.0197 J0.
N49155 X1.2402 Z-0.4685 I-0.0197 J0.
N49160 X1.2795 Z-0.4709 I0.0197 J0.
N49165 X1.2402 Z-0.4732 I-0.0197 J0.
N49170 X1.2795 Z-0.4756 I0.0197 J0.
N49175 X1.2402 Z-0.478 I-0.0197 J0.
N49180 X1.2795 Z-0.4803 I0.0197 J0.
N49185 X1.2402 Z-0.4827 I-0.0197 J0.
N49190 X1.2795 Z-0.485 I0.0197 J0.
N49195 X1.2402 Z-0.4874 I-0.0197 J0.
N49200 X1.2795 Z-0.4898 I0.0197 J0.
N49205 X1.2402 Z-0.4921 I-0.0197 J0.
N49210 X1.2795 Z-0.4945 I0.0197 J0.
N49215 X1.2402 Z-0.4969 I-0.0197 J0.
N49220 X1.2795 Z-0.4992 I0.0197 J0.
N49225 X1.2402 Z-0.5016 I-0.0197 J0.
N49230 X1.2795 Z-0.5039 I0.0197 J0.
N49235 X1.2402 Z-0.5063 I-0.0197 J0.
N49240 X1.2795 Z-0.5087 I0.0197 J0.
N49245 X1.2402 Z-0.511 I-0.0197 J0.
N49250 X1.2795 Z-0.5134 I0.0197 J0.
N49255 X1.2402 Z-0.5157 I-0.0197 J0.
N49260 X1.2795 Z-0.5181 I0.0197 J0.
N49265 X1.2402 Z-0.5205 I-0.0197 J0.
N49270 X1.2795 Z-0.5228 I0.0197 J0.
N49275 X1.2402 Z-0.5252 I-0.0197 J0.
N49280 X1.2795 Z-0.5276 I0.0197 J0.
N49285 X1.2402 Z-0.5299 I-0.0197 J0.
N49290 X1.2795 Z-0.5323 I0.0197 J0.
N49295 X1.2402 Z-0.5346 I-0.0197 J0.
N49300 X1.2795 Z-0.537 I0.0197 J0.
N49305 X1.2402 Z-0.5394 I-0.0197 J0.
N49310 X1.2795 Z-0.5417 I0.0197 J0.
N49315 X1.2402 Z-0.5441 I-0.0197 J0.
N49320 X1.2795 Z-0.5465 I0.0197 J0.
N49325 X1.2402 Z-0.5488 I-0.0197 J0.
N49330 X1.2795 Z-0.5512 I0.0197 J0.
N49335 X1.2402 Z-0.5535 I-0.0197 J0.
N49340 X1.2795 Z-0.5559 I0.0197 J0.
N49345 X1.2402 Z-0.5583 I-0.0197 J0.
N49350 X1.2795 Z-0.5606 I0.0197 J0.
N49355 X1.2402 Z-0.563 I-0.0197 J0.
N49360 X1.2795 Z-0.5654 I0.0197 J0.
N49365 X1.2402 Z-0.5677 I-0.0197 J0.
N49370 X1.2795 Z-0.5701 I0.0197 J0.
N49375 X1.2402 Z-0.5724 I-0.0197 J0.
N49380 X1.2795 Z-0.5748 I0.0197 J0.
N49385 X1.2402 Z-0.5772 I-0.0197 J0.
N49390 X1.2795 Z-0.5795 I0.0197 J0.
N49395 X1.2402 Z-0.5819 I-0.0197 J0.
N49400 X1.2795 Z-0.5843 I0.0197 J0.
N49405 X1.2402 Z-0.5866 I-0.0197 J0.
N49410 X1.2795 Z-0.589 I0.0197 J0.
N49415 X1.2402 Z-0.5913 I-0.0197 J0.
N49420 X1.2795 Z-0.5937 I0.0197 J0.
N49425 X1.2402 Z-0.5961 I-0.0197 J0.
N49430 X1.2795 Z-0.5984 I0.0197 J0.
N49435 X1.2402 Z-0.6008 I-0.0197 J0.
N49440 X1.2795 Z-0.6031 I0.0197 J0.
N49445 X1.2402 Z-0.6055 I-0.0197 J0.
N49450 X1.2795 Z-0.6079 I0.0197 J0.
N49455 X1.2402 Z-0.6102 I-0.0197 J0.
N49460 X1.2795 Z-0.6126 I0.0197 J0.
N49465 X1.2402 Z-0.615 I-0.0197 J0.
N49470 X1.2795 Z-0.6173 I0.0197 J0.
N49475 X1.2402 Z-0.6197 I-0.0197 J0.
N49480 X1.2795 Z-0.622 I0.0197 J0.
N49485 X1.2402 Z-0.6244 I-0.0197 J0.
N49490 X1.2795 Z-0.6268 I0.0197 J0.
N49495 X1.2402 Z-0.6291 I-0.0197 J0.
N49500 X1.2795 Z-0.6315 I0.0197 J0.
N49505 X1.2402 Z-0.6339 I-0.0197 J0.
N49510 X1.2795 Z-0.6362 I0.0197 J0.
N49515 X1.2402 Z-0.6386 I-0.0197 J0.
N49520 X1.2598 Y-0.6594 Z-0.6398 I0.0197 J0.
N49525 Y-0.6201 I0. J0.0197
N49530 Y-0.6594 I0. J-0.0197
N49535 X1.2677 Y-0.6516 I0. J0.0079
N49540 G1 Y-0.6437
N49545 G19 G3 Y-0.6358 Z-0.6319 J0. K0.0079
N49550 G1 Z0.1969
N49555 X1.2559 Y-0.6476
N49560 Z0.1181
N49565 Z0.0472
N49570 G18 G2 X1.2638 Z0.0394 I0.0079 K0.
N49575 G1 X1.2717
N49580 G17 G3 X1.2795 Y-0.6398 I0. J0.0079
N49585 X1.2402 Z0.037 I-0.0197 J0.
N49590 X1.2795 Z0.0346 I0.0197 J0.
N49595 X1.2402 Z0.0323 I-0.0197 J0.
N49600 X1.2795 Z0.0299 I0.0197 J0.
N49605 X1.2402 Z0.0276 I-0.0197 J0.
N49610 X1.2795 Z0.0252 I0.0197 J0.
N49615 X1.2402 Z0.0228 I-0.0197 J0.
N49620 X1.2795 Z0.0205 I0.0197 J0.
N49625 X1.2402 Z0.0181 I-0.0197 J0.
N49630 X1.2795 Z0.0157 I0.0197 J0.
N49635 X1.2402 Z0.0134 I-0.0197 J0.
N49640 X1.2795 Z0.011 I0.0197 J0.
N49645 X1.2402 Z0.0087 I-0.0197 J0.
N49650 X1.2795 Z0.0063 I0.0197 J0.
N49655 X1.2402 Z0.0039 I-0.0197 J0.
N49660 X1.2795 Z0.0016 I0.0197 J0.
N49665 X1.2402 Z-0.0008 I-0.0197 J0.
N49670 X1.2795 Z-0.0031 I0.0197 J0.
N49675 X1.2402 Z-0.0055 I-0.0197 J0.
N49680 X1.2795 Z-0.0079 I0.0197 J0.
N49685 X1.2402 Z-0.0102 I-0.0197 J0.
N49690 X1.2795 Z-0.0126 I0.0197 J0.
N49695 X1.2402 Z-0.015 I-0.0197 J0.
N49700 X1.2795 Z-0.0173 I0.0197 J0.
N49705 X1.2402 Z-0.0197 I-0.0197 J0.
N49710 X1.2795 Z-0.022 I0.0197 J0.
N49715 X1.2402 Z-0.0244 I-0.0197 J0.
N49720 X1.2795 Z-0.0268 I0.0197 J0.
N49725 X1.2402 Z-0.0291 I-0.0197 J0.
N49730 X1.2795 Z-0.0315 I0.0197 J0.
N49735 X1.2402 Z-0.0339 I-0.0197 J0.
N49740 X1.2795 Z-0.0362 I0.0197 J0.
N49745 X1.2402 Z-0.0386 I-0.0197 J0.
N49750 X1.2795 Z-0.0409 I0.0197 J0.
N49755 X1.2402 Z-0.0433 I-0.0197 J0.
N49760 X1.2795 Z-0.0457 I0.0197 J0.
N49765 X1.2402 Z-0.048 I-0.0197 J0.
N49770 X1.2795 Z-0.0504 I0.0197 J0.
N49775 X1.2402 Z-0.0528 I-0.0197 J0.
N49780 X1.2795 Z-0.0551 I0.0197 J0.
N49785 X1.2402 Z-0.0575 I-0.0197 J0.
N49790 X1.2795 Z-0.0598 I0.0197 J0.
N49795 X1.2402 Z-0.0622 I-0.0197 J0.
N49800 X1.2795 Z-0.0646 I0.0197 J0.
N49805 X1.2402 Z-0.0669 I-0.0197 J0.
N49810 X1.2795 Z-0.0693 I0.0197 J0.
N49815 X1.2402 Z-0.0717 I-0.0197 J0.
N49820 X1.2795 Z-0.074 I0.0197 J0.
N49825 X1.2402 Z-0.0764 I-0.0197 J0.
N49830 X1.2795 Z-0.0787 I0.0197 J0.
N49835 X1.2402 Z-0.0811 I-0.0197 J0.
N49840 X1.2795 Z-0.0835 I0.0197 J0.
N49845 X1.2402 Z-0.0858 I-0.0197 J0.
N49850 X1.2795 Z-0.0882 I0.0197 J0.
N49855 X1.2402 Z-0.0906 I-0.0197 J0.
N49860 X1.2795 Z-0.0929 I0.0197 J0.
N49865 X1.2402 Z-0.0953 I-0.0197 J0.
N49870 X1.2795 Z-0.0976 I0.0197 J0.
N49875 X1.2402 Z-0.1 I-0.0197 J0.
N49880 X1.2795 Z-0.1024 I0.0197 J0.
N49885 X1.2402 Z-0.1047 I-0.0197 J0.
N49890 X1.2795 Z-0.1071 I0.0197 J0.
N49895 X1.2402 Z-0.1094 I-0.0197 J0.
N49900 X1.2795 Z-0.1118 I0.0197 J0.
N49905 X1.2402 Z-0.1142 I-0.0197 J0.
N49910 X1.2795 Z-0.1165 I0.0197 J0.
N49915 X1.2402 Z-0.1189 I-0.0197 J0.
N49920 X1.2795 Z-0.1213 I0.0197 J0.
N49925 X1.2402 Z-0.1236 I-0.0197 J0.
N49930 X1.2795 Z-0.126 I0.0197 J0.
N49935 X1.2402 Z-0.1283 I-0.0197 J0.
N49940 X1.2795 Z-0.1307 I0.0197 J0.
N49945 X1.2402 Z-0.1331 I-0.0197 J0.
N49950 X1.2795 Z-0.1354 I0.0197 J0.
N49955 X1.2402 Z-0.1378 I-0.0197 J0.
N49960 X1.2795 Z-0.1402 I0.0197 J0.
N49965 X1.2402 Z-0.1425 I-0.0197 J0.
N49970 X1.2795 Z-0.1449 I0.0197 J0.
N49975 X1.2402 Z-0.1472 I-0.0197 J0.
N49980 X1.2795 Z-0.1496 I0.0197 J0.
N49985 X1.2402 Z-0.152 I-0.0197 J0.
N49990 X1.2795 Z-0.1543 I0.0197 J0.
N49995 X1.2402 Z-0.1567 I-0.0197 J0.
N50000 X1.2795 Z-0.1591 I0.0197 J0.
N50005 X1.2402 Z-0.1614 I-0.0197 J0.
N50010 X1.2795 Z-0.1638 I0.0197 J0.
N50015 X1.2402 Z-0.1661 I-0.0197 J0.
N50020 X1.2795 Z-0.1685 I0.0197 J0.
N50025 X1.2402 Z-0.1709 I-0.0197 J0.
N50030 X1.2795 Z-0.1732 I0.0197 J0.
N50035 X1.2402 Z-0.1756 I-0.0197 J0.
N50040 X1.2795 Z-0.178 I0.0197 J0.
N50045 X1.2402 Z-0.1803 I-0.0197 J0.
N50050 X1.2795 Z-0.1827 I0.0197 J0.
N50055 X1.2402 Z-0.185 I-0.0197 J0.
N50060 X1.2795 Z-0.1874 I0.0197 J0.
N50065 X1.2402 Z-0.1898 I-0.0197 J0.
N50070 X1.2795 Z-0.1921 I0.0197 J0.
N50075 X1.2402 Z-0.1945 I-0.0197 J0.
N50080 X1.2795 Z-0.1969 I0.0197 J0.
N50085 X1.2402 Z-0.1992 I-0.0197 J0.
N50090 X1.2795 Z-0.2016 I0.0197 J0.
N50095 X1.2402 Z-0.2039 I-0.0197 J0.
N50100 X1.2795 Z-0.2063 I0.0197 J0.
N50105 X1.2402 Z-0.2087 I-0.0197 J0.
N50110 X1.2795 Z-0.211 I0.0197 J0.
N50115 X1.2402 Z-0.2134 I-0.0197 J0.
N50120 X1.2795 Z-0.2157 I0.0197 J0.
N50125 X1.2402 Z-0.2181 I-0.0197 J0.
N50130 X1.2795 Z-0.2205 I0.0197 J0.
N50135 X1.2402 Z-0.2228 I-0.0197 J0.
N50140 X1.2795 Z-0.2252 I0.0197 J0.
N50145 X1.2402 Z-0.2276 I-0.0197 J0.
N50150 X1.2795 Z-0.2299 I0.0197 J0.
N50155 X1.2402 Z-0.2323 I-0.0197 J0.
N50160 X1.2795 Z-0.2346 I0.0197 J0.
N50165 X1.2402 Z-0.237 I-0.0197 J0.
N50170 X1.2795 Z-0.2394 I0.0197 J0.
N50175 X1.2402 Z-0.2417 I-0.0197 J0.
N50180 X1.2795 Z-0.2441 I0.0197 J0.
N50185 X1.2402 Z-0.2465 I-0.0197 J0.
N50190 X1.2795 Z-0.2488 I0.0197 J0.
N50195 X1.2402 Z-0.2512 I-0.0197 J0.
N50200 X1.2795 Z-0.2535 I0.0197 J0.
N50205 X1.2402 Z-0.2559 I-0.0197 J0.
N50210 X1.2795 Z-0.2583 I0.0197 J0.
N50215 X1.2402 Z-0.2606 I-0.0197 J0.
N50220 X1.2795 Z-0.263 I0.0197 J0.
N50225 X1.2402 Z-0.2654 I-0.0197 J0.
N50230 X1.2795 Z-0.2677 I0.0197 J0.
N50235 X1.2402 Z-0.2701 I-0.0197 J0.
N50240 X1.2795 Z-0.2724 I0.0197 J0.
N50245 X1.2402 Z-0.2748 I-0.0197 J0.
N50250 X1.2795 Z-0.2772 I0.0197 J0.
N50255 X1.2402 Z-0.2795 I-0.0197 J0.
N50260 X1.2795 Z-0.2819 I0.0197 J0.
N50265 X1.2402 Z-0.2843 I-0.0197 J0.
N50270 X1.2795 Z-0.2866 I0.0197 J0.
N50275 X1.2402 Z-0.289 I-0.0197 J0.
N50280 X1.2795 Z-0.2913 I0.0197 J0.
N50285 X1.2402 Z-0.2937 I-0.0197 J0.
N50290 X1.2795 Z-0.2961 I0.0197 J0.
N50295 X1.2402 Z-0.2984 I-0.0197 J0.
N50300 X1.2795 Z-0.3008 I0.0197 J0.
N50305 X1.2402 Z-0.3031 I-0.0197 J0.
N50310 X1.2795 Z-0.3055 I0.0197 J0.
N50315 X1.2402 Z-0.3079 I-0.0197 J0.
N50320 X1.2795 Z-0.3102 I0.0197 J0.
N50325 X1.2402 Z-0.3126 I-0.0197 J0.
N50330 X1.2795 Z-0.315 I0.0197 J0.
N50335 X1.2402 Z-0.3173 I-0.0197 J0.
N50340 X1.2795 Z-0.3197 I0.0197 J0.
N50345 X1.2402 Z-0.322 I-0.0197 J0.
N50350 X1.2795 Z-0.3244 I0.0197 J0.
N50355 X1.2402 Z-0.3268 I-0.0197 J0.
N50360 X1.2795 Z-0.3291 I0.0197 J0.
N50365 X1.2402 Z-0.3315 I-0.0197 J0.
N50370 X1.2795 Z-0.3339 I0.0197 J0.
N50375 X1.2402 Z-0.3362 I-0.0197 J0.
N50380 X1.2795 Z-0.3386 I0.0197 J0.
N50385 X1.2402 Z-0.3409 I-0.0197 J0.
N50390 X1.2795 Z-0.3433 I0.0197 J0.
N50395 X1.2402 Z-0.3457 I-0.0197 J0.
N50400 X1.2795 Z-0.348 I0.0197 J0.
N50405 X1.2402 Z-0.3504 I-0.0197 J0.
N50410 X1.2795 Z-0.3528 I0.0197 J0.
N50415 X1.2402 Z-0.3551 I-0.0197 J0.
N50420 X1.2795 Z-0.3575 I0.0197 J0.
N50425 X1.2402 Z-0.3598 I-0.0197 J0.
N50430 X1.2795 Z-0.3622 I0.0197 J0.
N50435 X1.2402 Z-0.3646 I-0.0197 J0.
N50440 X1.2795 Z-0.3669 I0.0197 J0.
N50445 X1.2402 Z-0.3693 I-0.0197 J0.
N50450 X1.2795 Z-0.3717 I0.0197 J0.
N50455 X1.2402 Z-0.374 I-0.0197 J0.
N50460 X1.2795 Z-0.3764 I0.0197 J0.
N50465 X1.2402 Z-0.3787 I-0.0197 J0.
N50470 X1.2795 Z-0.3811 I0.0197 J0.
N50475 X1.2402 Z-0.3835 I-0.0197 J0.
N50480 X1.2795 Z-0.3858 I0.0197 J0.
N50485 X1.2402 Z-0.3882 I-0.0197 J0.
N50490 X1.2795 Z-0.3906 I0.0197 J0.
N50495 X1.2402 Z-0.3929 I-0.0197 J0.
N50500 X1.2795 Z-0.3953 I0.0197 J0.
N50505 X1.2402 Z-0.3976 I-0.0197 J0.
N50510 X1.2795 Z-0.4 I0.0197 J0.
N50515 X1.2402 Z-0.4024 I-0.0197 J0.
N50520 X1.2795 Z-0.4047 I0.0197 J0.
N50525 X1.2402 Z-0.4071 I-0.0197 J0.
N50530 X1.2795 Z-0.4094 I0.0197 J0.
N50535 X1.2402 Z-0.4118 I-0.0197 J0.
N50540 X1.2795 Z-0.4142 I0.0197 J0.
N50545 X1.2402 Z-0.4165 I-0.0197 J0.
N50550 X1.2795 Z-0.4189 I0.0197 J0.
N50555 X1.2402 Z-0.4213 I-0.0197 J0.
N50560 X1.2795 Z-0.4236 I0.0197 J0.
N50565 X1.2402 Z-0.426 I-0.0197 J0.
N50570 X1.2795 Z-0.4283 I0.0197 J0.
N50575 X1.2402 Z-0.4307 I-0.0197 J0.
N50580 X1.2795 Z-0.4331 I0.0197 J0.
N50585 X1.2402 Z-0.4354 I-0.0197 J0.
N50590 X1.2795 Z-0.4378 I0.0197 J0.
N50595 X1.2402 Z-0.4402 I-0.0197 J0.
N50600 X1.2795 Z-0.4425 I0.0197 J0.
N50605 X1.2402 Z-0.4449 I-0.0197 J0.
N50610 X1.2795 Z-0.4472 I0.0197 J0.
N50615 X1.2402 Z-0.4496 I-0.0197 J0.
N50620 X1.2795 Z-0.452 I0.0197 J0.
N50625 X1.2402 Z-0.4543 I-0.0197 J0.
N50630 X1.2795 Z-0.4567 I0.0197 J0.
N50635 X1.2402 Z-0.4591 I-0.0197 J0.
N50640 X1.2795 Z-0.4614 I0.0197 J0.
N50645 X1.2402 Z-0.4638 I-0.0197 J0.
N50650 X1.2795 Z-0.4661 I0.0197 J0.
N50655 X1.2402 Z-0.4685 I-0.0197 J0.
N50660 X1.2795 Z-0.4709 I0.0197 J0.
N50665 X1.2402 Z-0.4732 I-0.0197 J0.
N50670 X1.2795 Z-0.4756 I0.0197 J0.
N50675 X1.2402 Z-0.478 I-0.0197 J0.
N50680 X1.2795 Z-0.4803 I0.0197 J0.
N50685 X1.2402 Z-0.4827 I-0.0197 J0.
N50690 X1.2795 Z-0.485 I0.0197 J0.
N50695 X1.2402 Z-0.4874 I-0.0197 J0.
N50700 X1.2795 Z-0.4898 I0.0197 J0.
N50705 X1.2402 Z-0.4921 I-0.0197 J0.
N50710 X1.2795 Z-0.4945 I0.0197 J0.
N50715 X1.2402 Z-0.4969 I-0.0197 J0.
N50720 X1.2795 Z-0.4992 I0.0197 J0.
N50725 X1.2402 Z-0.5016 I-0.0197 J0.
N50730 X1.2795 Z-0.5039 I0.0197 J0.
N50735 X1.2402 Z-0.5063 I-0.0197 J0.
N50740 X1.2795 Z-0.5087 I0.0197 J0.
N50745 X1.2402 Z-0.511 I-0.0197 J0.
N50750 X1.2795 Z-0.5134 I0.0197 J0.
N50755 X1.2402 Z-0.5157 I-0.0197 J0.
N50760 X1.2795 Z-0.5181 I0.0197 J0.
N50765 X1.2402 Z-0.5205 I-0.0197 J0.
N50770 X1.2795 Z-0.5228 I0.0197 J0.
N50775 X1.2402 Z-0.5252 I-0.0197 J0.
N50780 X1.2795 Z-0.5276 I0.0197 J0.
N50785 X1.2402 Z-0.5299 I-0.0197 J0.
N50790 X1.2795 Z-0.5323 I0.0197 J0.
N50795 X1.2402 Z-0.5346 I-0.0197 J0.
N50800 X1.2795 Z-0.537 I0.0197 J0.
N50805 X1.2402 Z-0.5394 I-0.0197 J0.
N50810 X1.2795 Z-0.5417 I0.0197 J0.
N50815 X1.2402 Z-0.5441 I-0.0197 J0.
N50820 X1.2795 Z-0.5465 I0.0197 J0.
N50825 X1.2402 Z-0.5488 I-0.0197 J0.
N50830 X1.2795 Z-0.5512 I0.0197 J0.
N50835 X1.2402 Z-0.5535 I-0.0197 J0.
N50840 X1.2795 Z-0.5559 I0.0197 J0.
N50845 X1.2402 Z-0.5583 I-0.0197 J0.
N50850 X1.2795 Z-0.5606 I0.0197 J0.
N50855 X1.2402 Z-0.563 I-0.0197 J0.
N50860 X1.2795 Z-0.5654 I0.0197 J0.
N50865 X1.2402 Z-0.5677 I-0.0197 J0.
N50870 X1.2795 Z-0.5701 I0.0197 J0.
N50875 X1.2402 Z-0.5724 I-0.0197 J0.
N50880 X1.2795 Z-0.5748 I0.0197 J0.
N50885 X1.2402 Z-0.5772 I-0.0197 J0.
N50890 X1.2795 Z-0.5795 I0.0197 J0.
N50895 X1.2402 Z-0.5819 I-0.0197 J0.
N50900 X1.2795 Z-0.5843 I0.0197 J0.
N50905 X1.2402 Z-0.5866 I-0.0197 J0.
N50910 X1.2795 Z-0.589 I0.0197 J0.
N50915 X1.2402 Z-0.5913 I-0.0197 J0.
N50920 X1.2795 Z-0.5937 I0.0197 J0.
N50925 X1.2402 Z-0.5961 I-0.0197 J0.
N50930 X1.2795 Z-0.5984 I0.0197 J0.
N50935 X1.2402 Z-0.6008 I-0.0197 J0.
N50940 X1.2795 Z-0.6031 I0.0197 J0.
N50945 X1.2402 Z-0.6055 I-0.0197 J0.
N50950 X1.2795 Z-0.6079 I0.0197 J0.
N50955 X1.2402 Z-0.6102 I-0.0197 J0.
N50960 X1.2795 Z-0.6126 I0.0197 J0.
N50965 X1.2402 Z-0.615 I-0.0197 J0.
N50970 X1.2795 Z-0.6173 I0.0197 J0.
N50975 X1.2402 Z-0.6197 I-0.0197 J0.
N50980 X1.2795 Z-0.622 I0.0197 J0.
N50985 X1.2402 Z-0.6244 I-0.0197 J0.
N50990 X1.2795 Z-0.6268 I0.0197 J0.
N50995 X1.2402 Z-0.6291 I-0.0197 J0.
N51000 X1.2795 Z-0.6315 I0.0197 J0.
N51005 X1.2402 Z-0.6339 I-0.0197 J0.
N51010 X1.2795 Z-0.6362 I0.0197 J0.
N51015 X1.2402 Z-0.6386 I-0.0197 J0.
N51020 X1.2598 Y-0.6594 Z-0.6398 I0.0197 J0.
N51025 Y-0.6201 I0. J0.0197
N51030 Y-0.6594 I0. J-0.0197
N51035 X1.2677 Y-0.6516 I0. J0.0079
N51040 G1 Y-0.6437
N51045 G19 G3 Y-0.6358 Z-0.6319 J0. K0.0079
N51050 G1 Z0.1969
N51055 X1.2559 Y-0.2277
N51060 Z0.1181
N51065 Z0.0472
N51070 G18 G2 X1.2638 Z0.0394 I0.0079 K0.
N51075 G1 X1.2717
N51080 G17 G3 X1.2795 Y-0.2198 I0. J0.0079
N51085 X1.2402 Z0.037 I-0.0197 J0.
N51090 X1.2795 Z0.0346 I0.0197 J0.
N51095 X1.2402 Z0.0323 I-0.0197 J0.
N51100 X1.2795 Z0.0299 I0.0197 J0.
N51105 X1.2402 Z0.0276 I-0.0197 J0.
N51110 X1.2795 Z0.0252 I0.0197 J0.
N51115 X1.2402 Z0.0228 I-0.0197 J0.
N51120 X1.2795 Z0.0205 I0.0197 J0.
N51125 X1.2402 Z0.0181 I-0.0197 J0.
N51130 X1.2795 Z0.0157 I0.0197 J0.
N51135 X1.2402 Z0.0134 I-0.0197 J0.
N51140 X1.2795 Z0.011 I0.0197 J0.
N51145 X1.2402 Z0.0087 I-0.0197 J0.
N51150 X1.2795 Z0.0063 I0.0197 J0.
N51155 X1.2402 Z0.0039 I-0.0197 J0.
N51160 X1.2795 Z0.0016 I0.0197 J0.
N51165 X1.2402 Z-0.0008 I-0.0197 J0.
N51170 X1.2795 Z-0.0031 I0.0197 J0.
N51175 X1.2402 Z-0.0055 I-0.0197 J0.
N51180 X1.2795 Z-0.0079 I0.0197 J0.
N51185 X1.2402 Z-0.0102 I-0.0197 J0.
N51190 X1.2795 Z-0.0126 I0.0197 J0.
N51195 X1.2402 Z-0.015 I-0.0197 J0.
N51200 X1.2795 Z-0.0173 I0.0197 J0.
N51205 X1.2402 Z-0.0197 I-0.0197 J0.
N51210 X1.2795 Z-0.022 I0.0197 J0.
N51215 X1.2402 Z-0.0244 I-0.0197 J0.
N51220 X1.2795 Z-0.0268 I0.0197 J0.
N51225 X1.2402 Z-0.0291 I-0.0197 J0.
N51230 X1.2795 Z-0.0315 I0.0197 J0.
N51235 X1.2402 Z-0.0339 I-0.0197 J0.
N51240 X1.2795 Z-0.0362 I0.0197 J0.
N51245 X1.2402 Z-0.0386 I-0.0197 J0.
N51250 X1.2795 Z-0.0409 I0.0197 J0.
N51255 X1.2402 Z-0.0433 I-0.0197 J0.
N51260 X1.2795 Z-0.0457 I0.0197 J0.
N51265 X1.2402 Z-0.048 I-0.0197 J0.
N51270 X1.2795 Z-0.0504 I0.0197 J0.
N51275 X1.2402 Z-0.0528 I-0.0197 J0.
N51280 X1.2795 Z-0.0551 I0.0197 J0.
N51285 X1.2402 Z-0.0575 I-0.0197 J0.
N51290 X1.2795 Z-0.0598 I0.0197 J0.
N51295 X1.2402 Z-0.0622 I-0.0197 J0.
N51300 X1.2795 Z-0.0646 I0.0197 J0.
N51305 X1.2402 Z-0.0669 I-0.0197 J0.
N51310 X1.2795 Z-0.0693 I0.0197 J0.
N51315 X1.2402 Z-0.0717 I-0.0197 J0.
N51320 X1.2795 Z-0.074 I0.0197 J0.
N51325 X1.2402 Z-0.0764 I-0.0197 J0.
N51330 X1.2795 Z-0.0787 I0.0197 J0.
N51335 X1.2402 Z-0.0811 I-0.0197 J0.
N51340 X1.2795 Z-0.0835 I0.0197 J0.
N51345 X1.2402 Z-0.0858 I-0.0197 J0.
N51350 X1.2795 Z-0.0882 I0.0197 J0.
N51355 X1.2402 Z-0.0906 I-0.0197 J0.
N51360 X1.2795 Z-0.0929 I0.0197 J0.
N51365 X1.2402 Z-0.0953 I-0.0197 J0.
N51370 X1.2795 Z-0.0976 I0.0197 J0.
N51375 X1.2402 Z-0.1 I-0.0197 J0.
N51380 X1.2795 Z-0.1024 I0.0197 J0.
N51385 X1.2402 Z-0.1047 I-0.0197 J0.
N51390 X1.2795 Z-0.1071 I0.0197 J0.
N51395 X1.2402 Z-0.1094 I-0.0197 J0.
N51400 X1.2795 Z-0.1118 I0.0197 J0.
N51405 X1.2402 Z-0.1142 I-0.0197 J0.
N51410 X1.2795 Z-0.1165 I0.0197 J0.
N51415 X1.2402 Z-0.1189 I-0.0197 J0.
N51420 X1.2795 Z-0.1213 I0.0197 J0.
N51425 X1.2402 Z-0.1236 I-0.0197 J0.
N51430 X1.2795 Z-0.126 I0.0197 J0.
N51435 X1.2402 Z-0.1283 I-0.0197 J0.
N51440 X1.2795 Z-0.1307 I0.0197 J0.
N51445 X1.2402 Z-0.1331 I-0.0197 J0.
N51450 X1.2795 Z-0.1354 I0.0197 J0.
N51455 X1.2402 Z-0.1378 I-0.0197 J0.
N51460 X1.2795 Z-0.1402 I0.0197 J0.
N51465 X1.2402 Z-0.1425 I-0.0197 J0.
N51470 X1.2795 Z-0.1449 I0.0197 J0.
N51475 X1.2402 Z-0.1472 I-0.0197 J0.
N51480 X1.2795 Z-0.1496 I0.0197 J0.
N51485 X1.2402 Z-0.152 I-0.0197 J0.
N51490 X1.2795 Z-0.1543 I0.0197 J0.
N51495 X1.2402 Z-0.1567 I-0.0197 J0.
N51500 X1.2795 Z-0.1591 I0.0197 J0.
N51505 X1.2402 Z-0.1614 I-0.0197 J0.
N51510 X1.2795 Z-0.1638 I0.0197 J0.
N51515 X1.2402 Z-0.1661 I-0.0197 J0.
N51520 X1.2795 Z-0.1685 I0.0197 J0.
N51525 X1.2402 Z-0.1709 I-0.0197 J0.
N51530 X1.2795 Z-0.1732 I0.0197 J0.
N51535 X1.2402 Z-0.1756 I-0.0197 J0.
N51540 X1.2795 Z-0.178 I0.0197 J0.
N51545 X1.2402 Z-0.1803 I-0.0197 J0.
N51550 X1.2795 Z-0.1827 I0.0197 J0.
N51555 X1.2402 Z-0.185 I-0.0197 J0.
N51560 X1.2795 Z-0.1874 I0.0197 J0.
N51565 X1.2402 Z-0.1898 I-0.0197 J0.
N51570 X1.2795 Z-0.1921 I0.0197 J0.
N51575 X1.2402 Z-0.1945 I-0.0197 J0.
N51580 X1.2795 Z-0.1969 I0.0197 J0.
N51585 X1.2402 Z-0.1992 I-0.0197 J0.
N51590 X1.2795 Z-0.2016 I0.0197 J0.
N51595 X1.2402 Z-0.2039 I-0.0197 J0.
N51600 X1.2795 Z-0.2063 I0.0197 J0.
N51605 X1.2402 Z-0.2087 I-0.0197 J0.
N51610 X1.2795 Z-0.211 I0.0197 J0.
N51615 X1.2402 Z-0.2134 I-0.0197 J0.
N51620 X1.2795 Z-0.2157 I0.0197 J0.
N51625 X1.2402 Z-0.2181 I-0.0197 J0.
N51630 X1.2795 Z-0.2205 I0.0197 J0.
N51635 X1.2402 Z-0.2228 I-0.0197 J0.
N51640 X1.2795 Z-0.2252 I0.0197 J0.
N51645 X1.2402 Z-0.2276 I-0.0197 J0.
N51650 X1.2795 Z-0.2299 I0.0197 J0.
N51655 X1.2402 Z-0.2323 I-0.0197 J0.
N51660 X1.2795 Z-0.2346 I0.0197 J0.
N51665 X1.2402 Z-0.237 I-0.0197 J0.
N51670 X1.2795 Z-0.2394 I0.0197 J0.
N51675 X1.2402 Z-0.2417 I-0.0197 J0.
N51680 X1.2795 Z-0.2441 I0.0197 J0.
N51685 X1.2402 Z-0.2465 I-0.0197 J0.
N51690 X1.2795 Z-0.2488 I0.0197 J0.
N51695 X1.2402 Z-0.2512 I-0.0197 J0.
N51700 X1.2795 Z-0.2535 I0.0197 J0.
N51705 X1.2402 Z-0.2559 I-0.0197 J0.
N51710 X1.2795 Z-0.2583 I0.0197 J0.
N51715 X1.2402 Z-0.2606 I-0.0197 J0.
N51720 X1.2795 Z-0.263 I0.0197 J0.
N51725 X1.2402 Z-0.2654 I-0.0197 J0.
N51730 X1.2795 Z-0.2677 I0.0197 J0.
N51735 X1.2402 Z-0.2701 I-0.0197 J0.
N51740 X1.2795 Z-0.2724 I0.0197 J0.
N51745 X1.2402 Z-0.2748 I-0.0197 J0.
N51750 X1.2795 Z-0.2772 I0.0197 J0.
N51755 X1.2402 Z-0.2795 I-0.0197 J0.
N51760 X1.2795 Z-0.2819 I0.0197 J0.
N51765 X1.2402 Z-0.2843 I-0.0197 J0.
N51770 X1.2795 Z-0.2866 I0.0197 J0.
N51775 X1.2402 Z-0.289 I-0.0197 J0.
N51780 X1.2795 Z-0.2913 I0.0197 J0.
N51785 X1.2402 Z-0.2937 I-0.0197 J0.
N51790 X1.2795 Z-0.2961 I0.0197 J0.
N51795 X1.2402 Z-0.2984 I-0.0197 J0.
N51800 X1.2795 Z-0.3008 I0.0197 J0.
N51805 X1.2402 Z-0.3031 I-0.0197 J0.
N51810 X1.2795 Z-0.3055 I0.0197 J0.
N51815 X1.2402 Z-0.3079 I-0.0197 J0.
N51820 X1.2795 Z-0.3102 I0.0197 J0.
N51825 X1.2402 Z-0.3126 I-0.0197 J0.
N51830 X1.2795 Z-0.315 I0.0197 J0.
N51835 X1.2402 Z-0.3173 I-0.0197 J0.
N51840 X1.2795 Z-0.3197 I0.0197 J0.
N51845 X1.2402 Z-0.322 I-0.0197 J0.
N51850 X1.2795 Z-0.3244 I0.0197 J0.
N51855 X1.2402 Z-0.3268 I-0.0197 J0.
N51860 X1.2795 Z-0.3291 I0.0197 J0.
N51865 X1.2402 Z-0.3315 I-0.0197 J0.
N51870 X1.2795 Z-0.3339 I0.0197 J0.
N51875 X1.2402 Z-0.3362 I-0.0197 J0.
N51880 X1.2795 Z-0.3386 I0.0197 J0.
N51885 X1.2402 Z-0.3409 I-0.0197 J0.
N51890 X1.2795 Z-0.3433 I0.0197 J0.
N51895 X1.2402 Z-0.3457 I-0.0197 J0.
N51900 X1.2795 Z-0.348 I0.0197 J0.
N51905 X1.2402 Z-0.3504 I-0.0197 J0.
N51910 X1.2795 Z-0.3528 I0.0197 J0.
N51915 X1.2402 Z-0.3551 I-0.0197 J0.
N51920 X1.2795 Z-0.3575 I0.0197 J0.
N51925 X1.2402 Z-0.3598 I-0.0197 J0.
N51930 X1.2795 Z-0.3622 I0.0197 J0.
N51935 X1.2402 Z-0.3646 I-0.0197 J0.
N51940 X1.2795 Z-0.3669 I0.0197 J0.
N51945 X1.2402 Z-0.3693 I-0.0197 J0.
N51950 X1.2795 Z-0.3717 I0.0197 J0.
N51955 X1.2402 Z-0.374 I-0.0197 J0.
N51960 X1.2795 Z-0.3764 I0.0197 J0.
N51965 X1.2402 Z-0.3787 I-0.0197 J0.
N51970 X1.2795 Z-0.3811 I0.0197 J0.
N51975 X1.2402 Z-0.3835 I-0.0197 J0.
N51980 X1.2795 Z-0.3858 I0.0197 J0.
N51985 X1.2402 Z-0.3882 I-0.0197 J0.
N51990 X1.2795 Z-0.3906 I0.0197 J0.
N51995 X1.2402 Z-0.3929 I-0.0197 J0.
N52000 X1.2795 Z-0.3953 I0.0197 J0.
N52005 X1.2402 Z-0.3976 I-0.0197 J0.
N52010 X1.2795 Z-0.4 I0.0197 J0.
N52015 X1.2402 Z-0.4024 I-0.0197 J0.
N52020 X1.2795 Z-0.4047 I0.0197 J0.
N52025 X1.2402 Z-0.4071 I-0.0197 J0.
N52030 X1.2795 Z-0.4094 I0.0197 J0.
N52035 X1.2402 Z-0.4118 I-0.0197 J0.
N52040 X1.2795 Z-0.4142 I0.0197 J0.
N52045 X1.2402 Z-0.4165 I-0.0197 J0.
N52050 X1.2795 Z-0.4189 I0.0197 J0.
N52055 X1.2402 Z-0.4213 I-0.0197 J0.
N52060 X1.2795 Z-0.4236 I0.0197 J0.
N52065 X1.2402 Z-0.426 I-0.0197 J0.
N52070 X1.2795 Z-0.4283 I0.0197 J0.
N52075 X1.2402 Z-0.4307 I-0.0197 J0.
N52080 X1.2795 Z-0.4331 I0.0197 J0.
N52085 X1.2402 Z-0.4354 I-0.0197 J0.
N52090 X1.2795 Z-0.4378 I0.0197 J0.
N52095 X1.2402 Z-0.4402 I-0.0197 J0.
N52100 X1.2795 Z-0.4425 I0.0197 J0.
N52105 X1.2402 Z-0.4449 I-0.0197 J0.
N52110 X1.2795 Z-0.4472 I0.0197 J0.
N52115 X1.2402 Z-0.4496 I-0.0197 J0.
N52120 X1.2795 Z-0.452 I0.0197 J0.
N52125 X1.2402 Z-0.4543 I-0.0197 J0.
N52130 X1.2795 Z-0.4567 I0.0197 J0.
N52135 X1.2402 Z-0.4591 I-0.0197 J0.
N52140 X1.2795 Z-0.4614 I0.0197 J0.
N52145 X1.2402 Z-0.4638 I-0.0197 J0.
N52150 X1.2795 Z-0.4661 I0.0197 J0.
N52155 X1.2402 Z-0.4685 I-0.0197 J0.
N52160 X1.2795 Z-0.4709 I0.0197 J0.
N52165 X1.2402 Z-0.4732 I-0.0197 J0.
N52170 X1.2795 Z-0.4756 I0.0197 J0.
N52175 X1.2402 Z-0.478 I-0.0197 J0.
N52180 X1.2795 Z-0.4803 I0.0197 J0.
N52185 X1.2402 Z-0.4827 I-0.0197 J0.
N52190 X1.2795 Z-0.485 I0.0197 J0.
N52195 X1.2402 Z-0.4874 I-0.0197 J0.
N52200 X1.2795 Z-0.4898 I0.0197 J0.
N52205 X1.2402 Z-0.4921 I-0.0197 J0.
N52210 X1.2795 Z-0.4945 I0.0197 J0.
N52215 X1.2402 Z-0.4969 I-0.0197 J0.
N52220 X1.2795 Z-0.4992 I0.0197 J0.
N52225 X1.2402 Z-0.5016 I-0.0197 J0.
N52230 X1.2795 Z-0.5039 I0.0197 J0.
N52235 X1.2402 Z-0.5063 I-0.0197 J0.
N52240 X1.2795 Z-0.5087 I0.0197 J0.
N52245 X1.2402 Z-0.511 I-0.0197 J0.
N52250 X1.2795 Z-0.5134 I0.0197 J0.
N52255 X1.2402 Z-0.5157 I-0.0197 J0.
N52260 X1.2795 Z-0.5181 I0.0197 J0.
N52265 X1.2402 Z-0.5205 I-0.0197 J0.
N52270 X1.2795 Z-0.5228 I0.0197 J0.
N52275 X1.2402 Z-0.5252 I-0.0197 J0.
N52280 X1.2795 Z-0.5276 I0.0197 J0.
N52285 X1.2402 Z-0.5299 I-0.0197 J0.
N52290 X1.2795 Z-0.5323 I0.0197 J0.
N52295 X1.2402 Z-0.5346 I-0.0197 J0.
N52300 X1.2795 Z-0.537 I0.0197 J0.
N52305 X1.2402 Z-0.5394 I-0.0197 J0.
N52310 X1.2795 Z-0.5417 I0.0197 J0.
N52315 X1.2402 Z-0.5441 I-0.0197 J0.
N52320 X1.2795 Z-0.5465 I0.0197 J0.
N52325 X1.2402 Z-0.5488 I-0.0197 J0.
N52330 X1.2795 Z-0.5512 I0.0197 J0.
N52335 X1.2402 Z-0.5535 I-0.0197 J0.
N52340 X1.2795 Z-0.5559 I0.0197 J0.
N52345 X1.2402 Z-0.5583 I-0.0197 J0.
N52350 X1.2795 Z-0.5606 I0.0197 J0.
N52355 X1.2402 Z-0.563 I-0.0197 J0.
N52360 X1.2795 Z-0.5654 I0.0197 J0.
N52365 X1.2402 Z-0.5677 I-0.0197 J0.
N52370 X1.2795 Z-0.5701 I0.0197 J0.
N52375 X1.2402 Z-0.5724 I-0.0197 J0.
N52380 X1.2795 Z-0.5748 I0.0197 J0.
N52385 X1.2402 Z-0.5772 I-0.0197 J0.
N52390 X1.2795 Z-0.5795 I0.0197 J0.
N52395 X1.2402 Z-0.5819 I-0.0197 J0.
N52400 X1.2795 Z-0.5843 I0.0197 J0.
N52405 X1.2402 Z-0.5866 I-0.0197 J0.
N52410 X1.2795 Z-0.589 I0.0197 J0.
N52415 X1.2402 Z-0.5913 I-0.0197 J0.
N52420 X1.2795 Z-0.5937 I0.0197 J0.
N52425 X1.2402 Z-0.5961 I-0.0197 J0.
N52430 X1.2795 Z-0.5984 I0.0197 J0.
N52435 X1.2402 Z-0.6008 I-0.0197 J0.
N52440 X1.2795 Z-0.6031 I0.0197 J0.
N52445 X1.2402 Z-0.6055 I-0.0197 J0.
N52450 X1.2795 Z-0.6079 I0.0197 J0.
N52455 X1.2402 Z-0.6102 I-0.0197 J0.
N52460 X1.2795 Z-0.6126 I0.0197 J0.
N52465 X1.2402 Z-0.615 I-0.0197 J0.
N52470 X1.2795 Z-0.6173 I0.0197 J0.
N52475 X1.2402 Z-0.6197 I-0.0197 J0.
N52480 X1.2795 Z-0.622 I0.0197 J0.
N52485 X1.2402 Z-0.6244 I-0.0197 J0.
N52490 X1.2795 Z-0.6268 I0.0197 J0.
N52495 X1.2402 Z-0.6291 I-0.0197 J0.
N52500 X1.2795 Z-0.6315 I0.0197 J0.
N52505 X1.2402 Z-0.6339 I-0.0197 J0.
N52510 X1.2795 Z-0.6362 I0.0197 J0.
N52515 X1.2402 Z-0.6386 I-0.0197 J0.
N52520 X1.2598 Y-0.2395 Z-0.6398 I0.0197 J0.
N52525 Y-0.2001 I0. J0.0197
N52530 Y-0.2395 I0. J-0.0197
N52535 X1.2677 Y-0.2316 I0. J0.0079
N52540 G1 Y-0.2238
N52545 G19 G3 Y-0.2159 Z-0.6319 J0. K0.0079
N52550 G1 Z0.1969
N52555 X1.2559 Y-0.2277
N52560 Z0.1181
N52565 Z0.0472
N52570 G18 G2 X1.2638 Z0.0394 I0.0079 K0.
N52575 G1 X1.2717
N52580 G17 G3 X1.2795 Y-0.2198 I0. J0.0079
N52585 X1.2402 Z0.037 I-0.0197 J0.
N52590 X1.2795 Z0.0346 I0.0197 J0.
N52595 X1.2402 Z0.0323 I-0.0197 J0.
N52600 X1.2795 Z0.0299 I0.0197 J0.
N52605 X1.2402 Z0.0276 I-0.0197 J0.
N52610 X1.2795 Z0.0252 I0.0197 J0.
N52615 X1.2402 Z0.0228 I-0.0197 J0.
N52620 X1.2795 Z0.0205 I0.0197 J0.
N52625 X1.2402 Z0.0181 I-0.0197 J0.
N52630 X1.2795 Z0.0157 I0.0197 J0.
N52635 X1.2402 Z0.0134 I-0.0197 J0.
N52640 X1.2795 Z0.011 I0.0197 J0.
N52645 X1.2402 Z0.0087 I-0.0197 J0.
N52650 X1.2795 Z0.0063 I0.0197 J0.
N52655 X1.2402 Z0.0039 I-0.0197 J0.
N52660 X1.2795 Z0.0016 I0.0197 J0.
N52665 X1.2402 Z-0.0008 I-0.0197 J0.
N52670 X1.2795 Z-0.0031 I0.0197 J0.
N52675 X1.2402 Z-0.0055 I-0.0197 J0.
N52680 X1.2795 Z-0.0079 I0.0197 J0.
N52685 X1.2402 Z-0.0102 I-0.0197 J0.
N52690 X1.2795 Z-0.0126 I0.0197 J0.
N52695 X1.2402 Z-0.015 I-0.0197 J0.
N52700 X1.2795 Z-0.0173 I0.0197 J0.
N52705 X1.2402 Z-0.0197 I-0.0197 J0.
N52710 X1.2795 Z-0.022 I0.0197 J0.
N52715 X1.2402 Z-0.0244 I-0.0197 J0.
N52720 X1.2795 Z-0.0268 I0.0197 J0.
N52725 X1.2402 Z-0.0291 I-0.0197 J0.
N52730 X1.2795 Z-0.0315 I0.0197 J0.
N52735 X1.2402 Z-0.0339 I-0.0197 J0.
N52740 X1.2795 Z-0.0362 I0.0197 J0.
N52745 X1.2402 Z-0.0386 I-0.0197 J0.
N52750 X1.2795 Z-0.0409 I0.0197 J0.
N52755 X1.2402 Z-0.0433 I-0.0197 J0.
N52760 X1.2795 Z-0.0457 I0.0197 J0.
N52765 X1.2402 Z-0.048 I-0.0197 J0.
N52770 X1.2795 Z-0.0504 I0.0197 J0.
N52775 X1.2402 Z-0.0528 I-0.0197 J0.
N52780 X1.2795 Z-0.0551 I0.0197 J0.
N52785 X1.2402 Z-0.0575 I-0.0197 J0.
N52790 X1.2795 Z-0.0598 I0.0197 J0.
N52795 X1.2402 Z-0.0622 I-0.0197 J0.
N52800 X1.2795 Z-0.0646 I0.0197 J0.
N52805 X1.2402 Z-0.0669 I-0.0197 J0.
N52810 X1.2795 Z-0.0693 I0.0197 J0.
N52815 X1.2402 Z-0.0717 I-0.0197 J0.
N52820 X1.2795 Z-0.074 I0.0197 J0.
N52825 X1.2402 Z-0.0764 I-0.0197 J0.
N52830 X1.2795 Z-0.0787 I0.0197 J0.
N52835 X1.2402 Z-0.0811 I-0.0197 J0.
N52840 X1.2795 Z-0.0835 I0.0197 J0.
N52845 X1.2402 Z-0.0858 I-0.0197 J0.
N52850 X1.2795 Z-0.0882 I0.0197 J0.
N52855 X1.2402 Z-0.0906 I-0.0197 J0.
N52860 X1.2795 Z-0.0929 I0.0197 J0.
N52865 X1.2402 Z-0.0953 I-0.0197 J0.
N52870 X1.2795 Z-0.0976 I0.0197 J0.
N52875 X1.2402 Z-0.1 I-0.0197 J0.
N52880 X1.2795 Z-0.1024 I0.0197 J0.
N52885 X1.2402 Z-0.1047 I-0.0197 J0.
N52890 X1.2795 Z-0.1071 I0.0197 J0.
N52895 X1.2402 Z-0.1094 I-0.0197 J0.
N52900 X1.2795 Z-0.1118 I0.0197 J0.
N52905 X1.2402 Z-0.1142 I-0.0197 J0.
N52910 X1.2795 Z-0.1165 I0.0197 J0.
N52915 X1.2402 Z-0.1189 I-0.0197 J0.
N52920 X1.2795 Z-0.1213 I0.0197 J0.
N52925 X1.2402 Z-0.1236 I-0.0197 J0.
N52930 X1.2795 Z-0.126 I0.0197 J0.
N52935 X1.2402 Z-0.1283 I-0.0197 J0.
N52940 X1.2795 Z-0.1307 I0.0197 J0.
N52945 X1.2402 Z-0.1331 I-0.0197 J0.
N52950 X1.2795 Z-0.1354 I0.0197 J0.
N52955 X1.2402 Z-0.1378 I-0.0197 J0.
N52960 X1.2795 Z-0.1402 I0.0197 J0.
N52965 X1.2402 Z-0.1425 I-0.0197 J0.
N52970 X1.2795 Z-0.1449 I0.0197 J0.
N52975 X1.2402 Z-0.1472 I-0.0197 J0.
N52980 X1.2795 Z-0.1496 I0.0197 J0.
N52985 X1.2402 Z-0.152 I-0.0197 J0.
N52990 X1.2795 Z-0.1543 I0.0197 J0.
N52995 X1.2402 Z-0.1567 I-0.0197 J0.
N53000 X1.2795 Z-0.1591 I0.0197 J0.
N53005 X1.2402 Z-0.1614 I-0.0197 J0.
N53010 X1.2795 Z-0.1638 I0.0197 J0.
N53015 X1.2402 Z-0.1661 I-0.0197 J0.
N53020 X1.2795 Z-0.1685 I0.0197 J0.
N53025 X1.2402 Z-0.1709 I-0.0197 J0.
N53030 X1.2795 Z-0.1732 I0.0197 J0.
N53035 X1.2402 Z-0.1756 I-0.0197 J0.
N53040 X1.2795 Z-0.178 I0.0197 J0.
N53045 X1.2402 Z-0.1803 I-0.0197 J0.
N53050 X1.2795 Z-0.1827 I0.0197 J0.
N53055 X1.2402 Z-0.185 I-0.0197 J0.
N53060 X1.2795 Z-0.1874 I0.0197 J0.
N53065 X1.2402 Z-0.1898 I-0.0197 J0.
N53070 X1.2795 Z-0.1921 I0.0197 J0.
N53075 X1.2402 Z-0.1945 I-0.0197 J0.
N53080 X1.2795 Z-0.1969 I0.0197 J0.
N53085 X1.2402 Z-0.1992 I-0.0197 J0.
N53090 X1.2795 Z-0.2016 I0.0197 J0.
N53095 X1.2402 Z-0.2039 I-0.0197 J0.
N53100 X1.2795 Z-0.2063 I0.0197 J0.
N53105 X1.2402 Z-0.2087 I-0.0197 J0.
N53110 X1.2795 Z-0.211 I0.0197 J0.
N53115 X1.2402 Z-0.2134 I-0.0197 J0.
N53120 X1.2795 Z-0.2157 I0.0197 J0.
N53125 X1.2402 Z-0.2181 I-0.0197 J0.
N53130 X1.2795 Z-0.2205 I0.0197 J0.
N53135 X1.2402 Z-0.2228 I-0.0197 J0.
N53140 X1.2795 Z-0.2252 I0.0197 J0.
N53145 X1.2402 Z-0.2276 I-0.0197 J0.
N53150 X1.2795 Z-0.2299 I0.0197 J0.
N53155 X1.2402 Z-0.2323 I-0.0197 J0.
N53160 X1.2795 Z-0.2346 I0.0197 J0.
N53165 X1.2402 Z-0.237 I-0.0197 J0.
N53170 X1.2795 Z-0.2394 I0.0197 J0.
N53175 X1.2402 Z-0.2417 I-0.0197 J0.
N53180 X1.2795 Z-0.2441 I0.0197 J0.
N53185 X1.2402 Z-0.2465 I-0.0197 J0.
N53190 X1.2795 Z-0.2488 I0.0197 J0.
N53195 X1.2402 Z-0.2512 I-0.0197 J0.
N53200 X1.2795 Z-0.2535 I0.0197 J0.
N53205 X1.2402 Z-0.2559 I-0.0197 J0.
N53210 X1.2795 Z-0.2583 I0.0197 J0.
N53215 X1.2402 Z-0.2606 I-0.0197 J0.
N53220 X1.2795 Z-0.263 I0.0197 J0.
N53225 X1.2402 Z-0.2654 I-0.0197 J0.
N53230 X1.2795 Z-0.2677 I0.0197 J0.
N53235 X1.2402 Z-0.2701 I-0.0197 J0.
N53240 X1.2795 Z-0.2724 I0.0197 J0.
N53245 X1.2402 Z-0.2748 I-0.0197 J0.
N53250 X1.2795 Z-0.2772 I0.0197 J0.
N53255 X1.2402 Z-0.2795 I-0.0197 J0.
N53260 X1.2795 Z-0.2819 I0.0197 J0.
N53265 X1.2402 Z-0.2843 I-0.0197 J0.
N53270 X1.2795 Z-0.2866 I0.0197 J0.
N53275 X1.2402 Z-0.289 I-0.0197 J0.
N53280 X1.2795 Z-0.2913 I0.0197 J0.
N53285 X1.2402 Z-0.2937 I-0.0197 J0.
N53290 X1.2795 Z-0.2961 I0.0197 J0.
N53295 X1.2402 Z-0.2984 I-0.0197 J0.
N53300 X1.2795 Z-0.3008 I0.0197 J0.
N53305 X1.2402 Z-0.3031 I-0.0197 J0.
N53310 X1.2795 Z-0.3055 I0.0197 J0.
N53315 X1.2402 Z-0.3079 I-0.0197 J0.
N53320 X1.2795 Z-0.3102 I0.0197 J0.
N53325 X1.2402 Z-0.3126 I-0.0197 J0.
N53330 X1.2795 Z-0.315 I0.0197 J0.
N53335 X1.2402 Z-0.3173 I-0.0197 J0.
N53340 X1.2795 Z-0.3197 I0.0197 J0.
N53345 X1.2402 Z-0.322 I-0.0197 J0.
N53350 X1.2795 Z-0.3244 I0.0197 J0.
N53355 X1.2402 Z-0.3268 I-0.0197 J0.
N53360 X1.2795 Z-0.3291 I0.0197 J0.
N53365 X1.2402 Z-0.3315 I-0.0197 J0.
N53370 X1.2795 Z-0.3339 I0.0197 J0.
N53375 X1.2402 Z-0.3362 I-0.0197 J0.
N53380 X1.2795 Z-0.3386 I0.0197 J0.
N53385 X1.2402 Z-0.3409 I-0.0197 J0.
N53390 X1.2795 Z-0.3433 I0.0197 J0.
N53395 X1.2402 Z-0.3457 I-0.0197 J0.
N53400 X1.2795 Z-0.348 I0.0197 J0.
N53405 X1.2402 Z-0.3504 I-0.0197 J0.
N53410 X1.2795 Z-0.3528 I0.0197 J0.
N53415 X1.2402 Z-0.3551 I-0.0197 J0.
N53420 X1.2795 Z-0.3575 I0.0197 J0.
N53425 X1.2402 Z-0.3598 I-0.0197 J0.
N53430 X1.2795 Z-0.3622 I0.0197 J0.
N53435 X1.2402 Z-0.3646 I-0.0197 J0.
N53440 X1.2795 Z-0.3669 I0.0197 J0.
N53445 X1.2402 Z-0.3693 I-0.0197 J0.
N53450 X1.2795 Z-0.3717 I0.0197 J0.
N53455 X1.2402 Z-0.374 I-0.0197 J0.
N53460 X1.2795 Z-0.3764 I0.0197 J0.
N53465 X1.2402 Z-0.3787 I-0.0197 J0.
N53470 X1.2795 Z-0.3811 I0.0197 J0.
N53475 X1.2402 Z-0.3835 I-0.0197 J0.
N53480 X1.2795 Z-0.3858 I0.0197 J0.
N53485 X1.2402 Z-0.3882 I-0.0197 J0.
N53490 X1.2795 Z-0.3906 I0.0197 J0.
N53495 X1.2402 Z-0.3929 I-0.0197 J0.
N53500 X1.2795 Z-0.3953 I0.0197 J0.
N53505 X1.2402 Z-0.3976 I-0.0197 J0.
N53510 X1.2795 Z-0.4 I0.0197 J0.
N53515 X1.2402 Z-0.4024 I-0.0197 J0.
N53520 X1.2795 Z-0.4047 I0.0197 J0.
N53525 X1.2402 Z-0.4071 I-0.0197 J0.
N53530 X1.2795 Z-0.4094 I0.0197 J0.
N53535 X1.2402 Z-0.4118 I-0.0197 J0.
N53540 X1.2795 Z-0.4142 I0.0197 J0.
N53545 X1.2402 Z-0.4165 I-0.0197 J0.
N53550 X1.2795 Z-0.4189 I0.0197 J0.
N53555 X1.2402 Z-0.4213 I-0.0197 J0.
N53560 X1.2795 Z-0.4236 I0.0197 J0.
N53565 X1.2402 Z-0.426 I-0.0197 J0.
N53570 X1.2795 Z-0.4283 I0.0197 J0.
N53575 X1.2402 Z-0.4307 I-0.0197 J0.
N53580 X1.2795 Z-0.4331 I0.0197 J0.
N53585 X1.2402 Z-0.4354 I-0.0197 J0.
N53590 X1.2795 Z-0.4378 I0.0197 J0.
N53595 X1.2402 Z-0.4402 I-0.0197 J0.
N53600 X1.2795 Z-0.4425 I0.0197 J0.
N53605 X1.2402 Z-0.4449 I-0.0197 J0.
N53610 X1.2795 Z-0.4472 I0.0197 J0.
N53615 X1.2402 Z-0.4496 I-0.0197 J0.
N53620 X1.2795 Z-0.452 I0.0197 J0.
N53625 X1.2402 Z-0.4543 I-0.0197 J0.
N53630 X1.2795 Z-0.4567 I0.0197 J0.
N53635 X1.2402 Z-0.4591 I-0.0197 J0.
N53640 X1.2795 Z-0.4614 I0.0197 J0.
N53645 X1.2402 Z-0.4638 I-0.0197 J0.
N53650 X1.2795 Z-0.4661 I0.0197 J0.
N53655 X1.2402 Z-0.4685 I-0.0197 J0.
N53660 X1.2795 Z-0.4709 I0.0197 J0.
N53665 X1.2402 Z-0.4732 I-0.0197 J0.
N53670 X1.2795 Z-0.4756 I0.0197 J0.
N53675 X1.2402 Z-0.478 I-0.0197 J0.
N53680 X1.2795 Z-0.4803 I0.0197 J0.
N53685 X1.2402 Z-0.4827 I-0.0197 J0.
N53690 X1.2795 Z-0.485 I0.0197 J0.
N53695 X1.2402 Z-0.4874 I-0.0197 J0.
N53700 X1.2795 Z-0.4898 I0.0197 J0.
N53705 X1.2402 Z-0.4921 I-0.0197 J0.
N53710 X1.2795 Z-0.4945 I0.0197 J0.
N53715 X1.2402 Z-0.4969 I-0.0197 J0.
N53720 X1.2795 Z-0.4992 I0.0197 J0.
N53725 X1.2402 Z-0.5016 I-0.0197 J0.
N53730 X1.2795 Z-0.5039 I0.0197 J0.
N53735 X1.2402 Z-0.5063 I-0.0197 J0.
N53740 X1.2795 Z-0.5087 I0.0197 J0.
N53745 X1.2402 Z-0.511 I-0.0197 J0.
N53750 X1.2795 Z-0.5134 I0.0197 J0.
N53755 X1.2402 Z-0.5157 I-0.0197 J0.
N53760 X1.2795 Z-0.5181 I0.0197 J0.
N53765 X1.2402 Z-0.5205 I-0.0197 J0.
N53770 X1.2795 Z-0.5228 I0.0197 J0.
N53775 X1.2402 Z-0.5252 I-0.0197 J0.
N53780 X1.2795 Z-0.5276 I0.0197 J0.
N53785 X1.2402 Z-0.5299 I-0.0197 J0.
N53790 X1.2795 Z-0.5323 I0.0197 J0.
N53795 X1.2402 Z-0.5346 I-0.0197 J0.
N53800 X1.2795 Z-0.537 I0.0197 J0.
N53805 X1.2402 Z-0.5394 I-0.0197 J0.
N53810 X1.2795 Z-0.5417 I0.0197 J0.
N53815 X1.2402 Z-0.5441 I-0.0197 J0.
N53820 X1.2795 Z-0.5465 I0.0197 J0.
N53825 X1.2402 Z-0.5488 I-0.0197 J0.
N53830 X1.2795 Z-0.5512 I0.0197 J0.
N53835 X1.2402 Z-0.5535 I-0.0197 J0.
N53840 X1.2795 Z-0.5559 I0.0197 J0.
N53845 X1.2402 Z-0.5583 I-0.0197 J0.
N53850 X1.2795 Z-0.5606 I0.0197 J0.
N53855 X1.2402 Z-0.563 I-0.0197 J0.
N53860 X1.2795 Z-0.5654 I0.0197 J0.
N53865 X1.2402 Z-0.5677 I-0.0197 J0.
N53870 X1.2795 Z-0.5701 I0.0197 J0.
N53875 X1.2402 Z-0.5724 I-0.0197 J0.
N53880 X1.2795 Z-0.5748 I0.0197 J0.
N53885 X1.2402 Z-0.5772 I-0.0197 J0.
N53890 X1.2795 Z-0.5795 I0.0197 J0.
N53895 X1.2402 Z-0.5819 I-0.0197 J0.
N53900 X1.2795 Z-0.5843 I0.0197 J0.
N53905 X1.2402 Z-0.5866 I-0.0197 J0.
N53910 X1.2795 Z-0.589 I0.0197 J0.
N53915 X1.2402 Z-0.5913 I-0.0197 J0.
N53920 X1.2795 Z-0.5937 I0.0197 J0.
N53925 X1.2402 Z-0.5961 I-0.0197 J0.
N53930 X1.2795 Z-0.5984 I0.0197 J0.
N53935 X1.2402 Z-0.6008 I-0.0197 J0.
N53940 X1.2795 Z-0.6031 I0.0197 J0.
N53945 X1.2402 Z-0.6055 I-0.0197 J0.
N53950 X1.2795 Z-0.6079 I0.0197 J0.
N53955 X1.2402 Z-0.6102 I-0.0197 J0.
N53960 X1.2795 Z-0.6126 I0.0197 J0.
N53965 X1.2402 Z-0.615 I-0.0197 J0.
N53970 X1.2795 Z-0.6173 I0.0197 J0.
N53975 X1.2402 Z-0.6197 I-0.0197 J0.
N53980 X1.2795 Z-0.622 I0.0197 J0.
N53985 X1.2402 Z-0.6244 I-0.0197 J0.
N53990 X1.2795 Z-0.6268 I0.0197 J0.
N53995 X1.2402 Z-0.6291 I-0.0197 J0.
N54000 X1.2795 Z-0.6315 I0.0197 J0.
N54005 X1.2402 Z-0.6339 I-0.0197 J0.
N54010 X1.2795 Z-0.6362 I0.0197 J0.
N54015 X1.2402 Z-0.6386 I-0.0197 J0.
N54020 X1.2598 Y-0.2395 Z-0.6398 I0.0197 J0.
N54025 Y-0.2001 I0. J0.0197
N54030 Y-0.2395 I0. J-0.0197
N54035 X1.2677 Y-0.2316 I0. J0.0079
N54040 G1 Y-0.2238
N54045 G19 G3 Y-0.2159 Z-0.6319 J0. K0.0079
N54050 G1 Z0.1969
N54055 X1.2559 Y0.1923
N54060 Z0.1181
N54065 Z0.0472
N54070 G18 G2 X1.2638 Z0.0394 I0.0079 K0.
N54075 G1 X1.2717
N54080 G17 G3 X1.2795 Y0.2001 I0. J0.0079
N54085 X1.2402 Z0.037 I-0.0197 J0.
N54090 X1.2795 Z0.0346 I0.0197 J0.
N54095 X1.2402 Z0.0323 I-0.0197 J0.
N54100 X1.2795 Z0.0299 I0.0197 J0.
N54105 X1.2402 Z0.0276 I-0.0197 J0.
N54110 X1.2795 Z0.0252 I0.0197 J0.
N54115 X1.2402 Z0.0228 I-0.0197 J0.
N54120 X1.2795 Z0.0205 I0.0197 J0.
N54125 X1.2402 Z0.0181 I-0.0197 J0.
N54130 X1.2795 Z0.0157 I0.0197 J0.
N54135 X1.2402 Z0.0134 I-0.0197 J0.
N54140 X1.2795 Z0.011 I0.0197 J0.
N54145 X1.2402 Z0.0087 I-0.0197 J0.
N54150 X1.2795 Z0.0063 I0.0197 J0.
N54155 X1.2402 Z0.0039 I-0.0197 J0.
N54160 X1.2795 Z0.0016 I0.0197 J0.
N54165 X1.2402 Z-0.0008 I-0.0197 J0.
N54170 X1.2795 Z-0.0031 I0.0197 J0.
N54175 X1.2402 Z-0.0055 I-0.0197 J0.
N54180 X1.2795 Z-0.0079 I0.0197 J0.
N54185 X1.2402 Z-0.0102 I-0.0197 J0.
N54190 X1.2795 Z-0.0126 I0.0197 J0.
N54195 X1.2402 Z-0.015 I-0.0197 J0.
N54200 X1.2795 Z-0.0173 I0.0197 J0.
N54205 X1.2402 Z-0.0197 I-0.0197 J0.
N54210 X1.2795 Z-0.022 I0.0197 J0.
N54215 X1.2402 Z-0.0244 I-0.0197 J0.
N54220 X1.2795 Z-0.0268 I0.0197 J0.
N54225 X1.2402 Z-0.0291 I-0.0197 J0.
N54230 X1.2795 Z-0.0315 I0.0197 J0.
N54235 X1.2402 Z-0.0339 I-0.0197 J0.
N54240 X1.2795 Z-0.0362 I0.0197 J0.
N54245 X1.2402 Z-0.0386 I-0.0197 J0.
N54250 X1.2795 Z-0.0409 I0.0197 J0.
N54255 X1.2402 Z-0.0433 I-0.0197 J0.
N54260 X1.2795 Z-0.0457 I0.0197 J0.
N54265 X1.2402 Z-0.048 I-0.0197 J0.
N54270 X1.2795 Z-0.0504 I0.0197 J0.
N54275 X1.2402 Z-0.0528 I-0.0197 J0.
N54280 X1.2795 Z-0.0551 I0.0197 J0.
N54285 X1.2402 Z-0.0575 I-0.0197 J0.
N54290 X1.2795 Z-0.0598 I0.0197 J0.
N54295 X1.2402 Z-0.0622 I-0.0197 J0.
N54300 X1.2795 Z-0.0646 I0.0197 J0.
N54305 X1.2402 Z-0.0669 I-0.0197 J0.
N54310 X1.2795 Z-0.0693 I0.0197 J0.
N54315 X1.2402 Z-0.0717 I-0.0197 J0.
N54320 X1.2795 Z-0.074 I0.0197 J0.
N54325 X1.2402 Z-0.0764 I-0.0197 J0.
N54330 X1.2795 Z-0.0787 I0.0197 J0.
N54335 X1.2402 Z-0.0811 I-0.0197 J0.
N54340 X1.2795 Z-0.0835 I0.0197 J0.
N54345 X1.2402 Z-0.0858 I-0.0197 J0.
N54350 X1.2795 Z-0.0882 I0.0197 J0.
N54355 X1.2402 Z-0.0906 I-0.0197 J0.
N54360 X1.2795 Z-0.0929 I0.0197 J0.
N54365 X1.2402 Z-0.0953 I-0.0197 J0.
N54370 X1.2795 Z-0.0976 I0.0197 J0.
N54375 X1.2402 Z-0.1 I-0.0197 J0.
N54380 X1.2795 Z-0.1024 I0.0197 J0.
N54385 X1.2402 Z-0.1047 I-0.0197 J0.
N54390 X1.2795 Z-0.1071 I0.0197 J0.
N54395 X1.2402 Z-0.1094 I-0.0197 J0.
N54400 X1.2795 Z-0.1118 I0.0197 J0.
N54405 X1.2402 Z-0.1142 I-0.0197 J0.
N54410 X1.2795 Z-0.1165 I0.0197 J0.
N54415 X1.2402 Z-0.1189 I-0.0197 J0.
N54420 X1.2795 Z-0.1213 I0.0197 J0.
N54425 X1.2402 Z-0.1236 I-0.0197 J0.
N54430 X1.2795 Z-0.126 I0.0197 J0.
N54435 X1.2402 Z-0.1283 I-0.0197 J0.
N54440 X1.2795 Z-0.1307 I0.0197 J0.
N54445 X1.2402 Z-0.1331 I-0.0197 J0.
N54450 X1.2795 Z-0.1354 I0.0197 J0.
N54455 X1.2402 Z-0.1378 I-0.0197 J0.
N54460 X1.2795 Z-0.1402 I0.0197 J0.
N54465 X1.2402 Z-0.1425 I-0.0197 J0.
N54470 X1.2795 Z-0.1449 I0.0197 J0.
N54475 X1.2402 Z-0.1472 I-0.0197 J0.
N54480 X1.2795 Z-0.1496 I0.0197 J0.
N54485 X1.2402 Z-0.152 I-0.0197 J0.
N54490 X1.2795 Z-0.1543 I0.0197 J0.
N54495 X1.2402 Z-0.1567 I-0.0197 J0.
N54500 X1.2795 Z-0.1591 I0.0197 J0.
N54505 X1.2402 Z-0.1614 I-0.0197 J0.
N54510 X1.2795 Z-0.1638 I0.0197 J0.
N54515 X1.2402 Z-0.1661 I-0.0197 J0.
N54520 X1.2795 Z-0.1685 I0.0197 J0.
N54525 X1.2402 Z-0.1709 I-0.0197 J0.
N54530 X1.2795 Z-0.1732 I0.0197 J0.
N54535 X1.2402 Z-0.1756 I-0.0197 J0.
N54540 X1.2795 Z-0.178 I0.0197 J0.
N54545 X1.2402 Z-0.1803 I-0.0197 J0.
N54550 X1.2795 Z-0.1827 I0.0197 J0.
N54555 X1.2402 Z-0.185 I-0.0197 J0.
N54560 X1.2795 Z-0.1874 I0.0197 J0.
N54565 X1.2402 Z-0.1898 I-0.0197 J0.
N54570 X1.2795 Z-0.1921 I0.0197 J0.
N54575 X1.2402 Z-0.1945 I-0.0197 J0.
N54580 X1.2795 Z-0.1969 I0.0197 J0.
N54585 X1.2402 Z-0.1992 I-0.0197 J0.
N54590 X1.2795 Z-0.2016 I0.0197 J0.
N54595 X1.2402 Z-0.2039 I-0.0197 J0.
N54600 X1.2795 Z-0.2063 I0.0197 J0.
N54605 X1.2402 Z-0.2087 I-0.0197 J0.
N54610 X1.2795 Z-0.211 I0.0197 J0.
N54615 X1.2402 Z-0.2134 I-0.0197 J0.
N54620 X1.2795 Z-0.2157 I0.0197 J0.
N54625 X1.2402 Z-0.2181 I-0.0197 J0.
N54630 X1.2795 Z-0.2205 I0.0197 J0.
N54635 X1.2402 Z-0.2228 I-0.0197 J0.
N54640 X1.2795 Z-0.2252 I0.0197 J0.
N54645 X1.2402 Z-0.2276 I-0.0197 J0.
N54650 X1.2795 Z-0.2299 I0.0197 J0.
N54655 X1.2402 Z-0.2323 I-0.0197 J0.
N54660 X1.2795 Z-0.2346 I0.0197 J0.
N54665 X1.2402 Z-0.237 I-0.0197 J0.
N54670 X1.2795 Z-0.2394 I0.0197 J0.
N54675 X1.2402 Z-0.2417 I-0.0197 J0.
N54680 X1.2795 Z-0.2441 I0.0197 J0.
N54685 X1.2402 Z-0.2465 I-0.0197 J0.
N54690 X1.2795 Z-0.2488 I0.0197 J0.
N54695 X1.2402 Z-0.2512 I-0.0197 J0.
N54700 X1.2795 Z-0.2535 I0.0197 J0.
N54705 X1.2402 Z-0.2559 I-0.0197 J0.
N54710 X1.2795 Z-0.2583 I0.0197 J0.
N54715 X1.2402 Z-0.2606 I-0.0197 J0.
N54720 X1.2795 Z-0.263 I0.0197 J0.
N54725 X1.2402 Z-0.2654 I-0.0197 J0.
N54730 X1.2795 Z-0.2677 I0.0197 J0.
N54735 X1.2402 Z-0.2701 I-0.0197 J0.
N54740 X1.2795 Z-0.2724 I0.0197 J0.
N54745 X1.2402 Z-0.2748 I-0.0197 J0.
N54750 X1.2795 Z-0.2772 I0.0197 J0.
N54755 X1.2402 Z-0.2795 I-0.0197 J0.
N54760 X1.2795 Z-0.2819 I0.0197 J0.
N54765 X1.2402 Z-0.2843 I-0.0197 J0.
N54770 X1.2795 Z-0.2866 I0.0197 J0.
N54775 X1.2402 Z-0.289 I-0.0197 J0.
N54780 X1.2795 Z-0.2913 I0.0197 J0.
N54785 X1.2402 Z-0.2937 I-0.0197 J0.
N54790 X1.2795 Z-0.2961 I0.0197 J0.
N54795 X1.2402 Z-0.2984 I-0.0197 J0.
N54800 X1.2795 Z-0.3008 I0.0197 J0.
N54805 X1.2402 Z-0.3031 I-0.0197 J0.
N54810 X1.2795 Z-0.3055 I0.0197 J0.
N54815 X1.2402 Z-0.3079 I-0.0197 J0.
N54820 X1.2795 Z-0.3102 I0.0197 J0.
N54825 X1.2402 Z-0.3126 I-0.0197 J0.
N54830 X1.2795 Z-0.315 I0.0197 J0.
N54835 X1.2402 Z-0.3173 I-0.0197 J0.
N54840 X1.2795 Z-0.3197 I0.0197 J0.
N54845 X1.2402 Z-0.322 I-0.0197 J0.
N54850 X1.2795 Z-0.3244 I0.0197 J0.
N54855 X1.2402 Z-0.3268 I-0.0197 J0.
N54860 X1.2795 Z-0.3291 I0.0197 J0.
N54865 X1.2402 Z-0.3315 I-0.0197 J0.
N54870 X1.2795 Z-0.3339 I0.0197 J0.
N54875 X1.2402 Z-0.3362 I-0.0197 J0.
N54880 X1.2795 Z-0.3386 I0.0197 J0.
N54885 X1.2402 Z-0.3409 I-0.0197 J0.
N54890 X1.2795 Z-0.3433 I0.0197 J0.
N54895 X1.2402 Z-0.3457 I-0.0197 J0.
N54900 X1.2795 Z-0.348 I0.0197 J0.
N54905 X1.2402 Z-0.3504 I-0.0197 J0.
N54910 X1.2795 Z-0.3528 I0.0197 J0.
N54915 X1.2402 Z-0.3551 I-0.0197 J0.
N54920 X1.2795 Z-0.3575 I0.0197 J0.
N54925 X1.2402 Z-0.3598 I-0.0197 J0.
N54930 X1.2795 Z-0.3622 I0.0197 J0.
N54935 X1.2402 Z-0.3646 I-0.0197 J0.
N54940 X1.2795 Z-0.3669 I0.0197 J0.
N54945 X1.2402 Z-0.3693 I-0.0197 J0.
N54950 X1.2795 Z-0.3717 I0.0197 J0.
N54955 X1.2402 Z-0.374 I-0.0197 J0.
N54960 X1.2795 Z-0.3764 I0.0197 J0.
N54965 X1.2402 Z-0.3787 I-0.0197 J0.
N54970 X1.2795 Z-0.3811 I0.0197 J0.
N54975 X1.2402 Z-0.3835 I-0.0197 J0.
N54980 X1.2795 Z-0.3858 I0.0197 J0.
N54985 X1.2402 Z-0.3882 I-0.0197 J0.
N54990 X1.2795 Z-0.3906 I0.0197 J0.
N54995 X1.2402 Z-0.3929 I-0.0197 J0.
N55000 X1.2795 Z-0.3953 I0.0197 J0.
N55005 X1.2402 Z-0.3976 I-0.0197 J0.
N55010 X1.2795 Z-0.4 I0.0197 J0.
N55015 X1.2402 Z-0.4024 I-0.0197 J0.
N55020 X1.2795 Z-0.4047 I0.0197 J0.
N55025 X1.2402 Z-0.4071 I-0.0197 J0.
N55030 X1.2795 Z-0.4094 I0.0197 J0.
N55035 X1.2402 Z-0.4118 I-0.0197 J0.
N55040 X1.2795 Z-0.4142 I0.0197 J0.
N55045 X1.2402 Z-0.4165 I-0.0197 J0.
N55050 X1.2795 Z-0.4189 I0.0197 J0.
N55055 X1.2402 Z-0.4213 I-0.0197 J0.
N55060 X1.2795 Z-0.4236 I0.0197 J0.
N55065 X1.2402 Z-0.426 I-0.0197 J0.
N55070 X1.2795 Z-0.4283 I0.0197 J0.
N55075 X1.2402 Z-0.4307 I-0.0197 J0.
N55080 X1.2795 Z-0.4331 I0.0197 J0.
N55085 X1.2402 Z-0.4354 I-0.0197 J0.
N55090 X1.2795 Z-0.4378 I0.0197 J0.
N55095 X1.2402 Z-0.4402 I-0.0197 J0.
N55100 X1.2795 Z-0.4425 I0.0197 J0.
N55105 X1.2402 Z-0.4449 I-0.0197 J0.
N55110 X1.2795 Z-0.4472 I0.0197 J0.
N55115 X1.2402 Z-0.4496 I-0.0197 J0.
N55120 X1.2795 Z-0.452 I0.0197 J0.
N55125 X1.2402 Z-0.4543 I-0.0197 J0.
N55130 X1.2795 Z-0.4567 I0.0197 J0.
N55135 X1.2402 Z-0.4591 I-0.0197 J0.
N55140 X1.2795 Z-0.4614 I0.0197 J0.
N55145 X1.2402 Z-0.4638 I-0.0197 J0.
N55150 X1.2795 Z-0.4661 I0.0197 J0.
N55155 X1.2402 Z-0.4685 I-0.0197 J0.
N55160 X1.2795 Z-0.4709 I0.0197 J0.
N55165 X1.2402 Z-0.4732 I-0.0197 J0.
N55170 X1.2795 Z-0.4756 I0.0197 J0.
N55175 X1.2402 Z-0.478 I-0.0197 J0.
N55180 X1.2795 Z-0.4803 I0.0197 J0.
N55185 X1.2402 Z-0.4827 I-0.0197 J0.
N55190 X1.2795 Z-0.485 I0.0197 J0.
N55195 X1.2402 Z-0.4874 I-0.0197 J0.
N55200 X1.2795 Z-0.4898 I0.0197 J0.
N55205 X1.2402 Z-0.4921 I-0.0197 J0.
N55210 X1.2795 Z-0.4945 I0.0197 J0.
N55215 X1.2402 Z-0.4969 I-0.0197 J0.
N55220 X1.2795 Z-0.4992 I0.0197 J0.
N55225 X1.2402 Z-0.5016 I-0.0197 J0.
N55230 X1.2795 Z-0.5039 I0.0197 J0.
N55235 X1.2402 Z-0.5063 I-0.0197 J0.
N55240 X1.2795 Z-0.5087 I0.0197 J0.
N55245 X1.2402 Z-0.511 I-0.0197 J0.
N55250 X1.2795 Z-0.5134 I0.0197 J0.
N55255 X1.2402 Z-0.5157 I-0.0197 J0.
N55260 X1.2795 Z-0.5181 I0.0197 J0.
N55265 X1.2402 Z-0.5205 I-0.0197 J0.
N55270 X1.2795 Z-0.5228 I0.0197 J0.
N55275 X1.2402 Z-0.5252 I-0.0197 J0.
N55280 X1.2795 Z-0.5276 I0.0197 J0.
N55285 X1.2402 Z-0.5299 I-0.0197 J0.
N55290 X1.2795 Z-0.5323 I0.0197 J0.
N55295 X1.2402 Z-0.5346 I-0.0197 J0.
N55300 X1.2795 Z-0.537 I0.0197 J0.
N55305 X1.2402 Z-0.5394 I-0.0197 J0.
N55310 X1.2795 Z-0.5417 I0.0197 J0.
N55315 X1.2402 Z-0.5441 I-0.0197 J0.
N55320 X1.2795 Z-0.5465 I0.0197 J0.
N55325 X1.2402 Z-0.5488 I-0.0197 J0.
N55330 X1.2795 Z-0.5512 I0.0197 J0.
N55335 X1.2402 Z-0.5535 I-0.0197 J0.
N55340 X1.2795 Z-0.5559 I0.0197 J0.
N55345 X1.2402 Z-0.5583 I-0.0197 J0.
N55350 X1.2795 Z-0.5606 I0.0197 J0.
N55355 X1.2402 Z-0.563 I-0.0197 J0.
N55360 X1.2795 Z-0.5654 I0.0197 J0.
N55365 X1.2402 Z-0.5677 I-0.0197 J0.
N55370 X1.2795 Z-0.5701 I0.0197 J0.
N55375 X1.2402 Z-0.5724 I-0.0197 J0.
N55380 X1.2795 Z-0.5748 I0.0197 J0.
N55385 X1.2402 Z-0.5772 I-0.0197 J0.
N55390 X1.2795 Z-0.5795 I0.0197 J0.
N55395 X1.2402 Z-0.5819 I-0.0197 J0.
N55400 X1.2795 Z-0.5843 I0.0197 J0.
N55405 X1.2402 Z-0.5866 I-0.0197 J0.
N55410 X1.2795 Z-0.589 I0.0197 J0.
N55415 X1.2402 Z-0.5913 I-0.0197 J0.
N55420 X1.2795 Z-0.5937 I0.0197 J0.
N55425 X1.2402 Z-0.5961 I-0.0197 J0.
N55430 X1.2795 Z-0.5984 I0.0197 J0.
N55435 X1.2402 Z-0.6008 I-0.0197 J0.
N55440 X1.2795 Z-0.6031 I0.0197 J0.
N55445 X1.2402 Z-0.6055 I-0.0197 J0.
N55450 X1.2795 Z-0.6079 I0.0197 J0.
N55455 X1.2402 Z-0.6102 I-0.0197 J0.
N55460 X1.2795 Z-0.6126 I0.0197 J0.
N55465 X1.2402 Z-0.615 I-0.0197 J0.
N55470 X1.2795 Z-0.6173 I0.0197 J0.
N55475 X1.2402 Z-0.6197 I-0.0197 J0.
N55480 X1.2795 Z-0.622 I0.0197 J0.
N55485 X1.2402 Z-0.6244 I-0.0197 J0.
N55490 X1.2795 Z-0.6268 I0.0197 J0.
N55495 X1.2402 Z-0.6291 I-0.0197 J0.
N55500 X1.2795 Z-0.6315 I0.0197 J0.
N55505 X1.2402 Z-0.6339 I-0.0197 J0.
N55510 X1.2795 Z-0.6362 I0.0197 J0.
N55515 X1.2402 Z-0.6386 I-0.0197 J0.
N55520 X1.2598 Y0.1804 Z-0.6398 I0.0197 J0.
N55525 Y0.2198 I0. J0.0197
N55530 Y0.1804 I0. J-0.0197
N55535 X1.2677 Y0.1883 I0. J0.0079
N55540 G1 Y0.1962
N55545 G19 G3 Y0.2041 Z-0.6319 J0. K0.0079
N55550 G1 Z0.1969
N55555 X1.2559 Y0.1923
N55560 Z0.1181
N55565 Z0.0472
N55570 G18 G2 X1.2638 Z0.0394 I0.0079 K0.
N55575 G1 X1.2717
N55580 G17 G3 X1.2795 Y0.2001 I0. J0.0079
N55585 X1.2402 Z0.037 I-0.0197 J0.
N55590 X1.2795 Z0.0346 I0.0197 J0.
N55595 X1.2402 Z0.0323 I-0.0197 J0.
N55600 X1.2795 Z0.0299 I0.0197 J0.
N55605 X1.2402 Z0.0276 I-0.0197 J0.
N55610 X1.2795 Z0.0252 I0.0197 J0.
N55615 X1.2402 Z0.0228 I-0.0197 J0.
N55620 X1.2795 Z0.0205 I0.0197 J0.
N55625 X1.2402 Z0.0181 I-0.0197 J0.
N55630 X1.2795 Z0.0157 I0.0197 J0.
N55635 X1.2402 Z0.0134 I-0.0197 J0.
N55640 X1.2795 Z0.011 I0.0197 J0.
N55645 X1.2402 Z0.0087 I-0.0197 J0.
N55650 X1.2795 Z0.0063 I0.0197 J0.
N55655 X1.2402 Z0.0039 I-0.0197 J0.
N55660 X1.2795 Z0.0016 I0.0197 J0.
N55665 X1.2402 Z-0.0008 I-0.0197 J0.
N55670 X1.2795 Z-0.0031 I0.0197 J0.
N55675 X1.2402 Z-0.0055 I-0.0197 J0.
N55680 X1.2795 Z-0.0079 I0.0197 J0.
N55685 X1.2402 Z-0.0102 I-0.0197 J0.
N55690 X1.2795 Z-0.0126 I0.0197 J0.
N55695 X1.2402 Z-0.015 I-0.0197 J0.
N55700 X1.2795 Z-0.0173 I0.0197 J0.
N55705 X1.2402 Z-0.0197 I-0.0197 J0.
N55710 X1.2795 Z-0.022 I0.0197 J0.
N55715 X1.2402 Z-0.0244 I-0.0197 J0.
N55720 X1.2795 Z-0.0268 I0.0197 J0.
N55725 X1.2402 Z-0.0291 I-0.0197 J0.
N55730 X1.2795 Z-0.0315 I0.0197 J0.
N55735 X1.2402 Z-0.0339 I-0.0197 J0.
N55740 X1.2795 Z-0.0362 I0.0197 J0.
N55745 X1.2402 Z-0.0386 I-0.0197 J0.
N55750 X1.2795 Z-0.0409 I0.0197 J0.
N55755 X1.2402 Z-0.0433 I-0.0197 J0.
N55760 X1.2795 Z-0.0457 I0.0197 J0.
N55765 X1.2402 Z-0.048 I-0.0197 J0.
N55770 X1.2795 Z-0.0504 I0.0197 J0.
N55775 X1.2402 Z-0.0528 I-0.0197 J0.
N55780 X1.2795 Z-0.0551 I0.0197 J0.
N55785 X1.2402 Z-0.0575 I-0.0197 J0.
N55790 X1.2795 Z-0.0598 I0.0197 J0.
N55795 X1.2402 Z-0.0622 I-0.0197 J0.
N55800 X1.2795 Z-0.0646 I0.0197 J0.
N55805 X1.2402 Z-0.0669 I-0.0197 J0.
N55810 X1.2795 Z-0.0693 I0.0197 J0.
N55815 X1.2402 Z-0.0717 I-0.0197 J0.
N55820 X1.2795 Z-0.074 I0.0197 J0.
N55825 X1.2402 Z-0.0764 I-0.0197 J0.
N55830 X1.2795 Z-0.0787 I0.0197 J0.
N55835 X1.2402 Z-0.0811 I-0.0197 J0.
N55840 X1.2795 Z-0.0835 I0.0197 J0.
N55845 X1.2402 Z-0.0858 I-0.0197 J0.
N55850 X1.2795 Z-0.0882 I0.0197 J0.
N55855 X1.2402 Z-0.0906 I-0.0197 J0.
N55860 X1.2795 Z-0.0929 I0.0197 J0.
N55865 X1.2402 Z-0.0953 I-0.0197 J0.
N55870 X1.2795 Z-0.0976 I0.0197 J0.
N55875 X1.2402 Z-0.1 I-0.0197 J0.
N55880 X1.2795 Z-0.1024 I0.0197 J0.
N55885 X1.2402 Z-0.1047 I-0.0197 J0.
N55890 X1.2795 Z-0.1071 I0.0197 J0.
N55895 X1.2402 Z-0.1094 I-0.0197 J0.
N55900 X1.2795 Z-0.1118 I0.0197 J0.
N55905 X1.2402 Z-0.1142 I-0.0197 J0.
N55910 X1.2795 Z-0.1165 I0.0197 J0.
N55915 X1.2402 Z-0.1189 I-0.0197 J0.
N55920 X1.2795 Z-0.1213 I0.0197 J0.
N55925 X1.2402 Z-0.1236 I-0.0197 J0.
N55930 X1.2795 Z-0.126 I0.0197 J0.
N55935 X1.2402 Z-0.1283 I-0.0197 J0.
N55940 X1.2795 Z-0.1307 I0.0197 J0.
N55945 X1.2402 Z-0.1331 I-0.0197 J0.
N55950 X1.2795 Z-0.1354 I0.0197 J0.
N55955 X1.2402 Z-0.1378 I-0.0197 J0.
N55960 X1.2795 Z-0.1402 I0.0197 J0.
N55965 X1.2402 Z-0.1425 I-0.0197 J0.
N55970 X1.2795 Z-0.1449 I0.0197 J0.
N55975 X1.2402 Z-0.1472 I-0.0197 J0.
N55980 X1.2795 Z-0.1496 I0.0197 J0.
N55985 X1.2402 Z-0.152 I-0.0197 J0.
N55990 X1.2795 Z-0.1543 I0.0197 J0.
N55995 X1.2402 Z-0.1567 I-0.0197 J0.
N56000 X1.2795 Z-0.1591 I0.0197 J0.
N56005 X1.2402 Z-0.1614 I-0.0197 J0.
N56010 X1.2795 Z-0.1638 I0.0197 J0.
N56015 X1.2402 Z-0.1661 I-0.0197 J0.
N56020 X1.2795 Z-0.1685 I0.0197 J0.
N56025 X1.2402 Z-0.1709 I-0.0197 J0.
N56030 X1.2795 Z-0.1732 I0.0197 J0.
N56035 X1.2402 Z-0.1756 I-0.0197 J0.
N56040 X1.2795 Z-0.178 I0.0197 J0.
N56045 X1.2402 Z-0.1803 I-0.0197 J0.
N56050 X1.2795 Z-0.1827 I0.0197 J0.
N56055 X1.2402 Z-0.185 I-0.0197 J0.
N56060 X1.2795 Z-0.1874 I0.0197 J0.
N56065 X1.2402 Z-0.1898 I-0.0197 J0.
N56070 X1.2795 Z-0.1921 I0.0197 J0.
N56075 X1.2402 Z-0.1945 I-0.0197 J0.
N56080 X1.2795 Z-0.1969 I0.0197 J0.
N56085 X1.2402 Z-0.1992 I-0.0197 J0.
N56090 X1.2795 Z-0.2016 I0.0197 J0.
N56095 X1.2402 Z-0.2039 I-0.0197 J0.
N56100 X1.2795 Z-0.2063 I0.0197 J0.
N56105 X1.2402 Z-0.2087 I-0.0197 J0.
N56110 X1.2795 Z-0.211 I0.0197 J0.
N56115 X1.2402 Z-0.2134 I-0.0197 J0.
N56120 X1.2795 Z-0.2157 I0.0197 J0.
N56125 X1.2402 Z-0.2181 I-0.0197 J0.
N56130 X1.2795 Z-0.2205 I0.0197 J0.
N56135 X1.2402 Z-0.2228 I-0.0197 J0.
N56140 X1.2795 Z-0.2252 I0.0197 J0.
N56145 X1.2402 Z-0.2276 I-0.0197 J0.
N56150 X1.2795 Z-0.2299 I0.0197 J0.
N56155 X1.2402 Z-0.2323 I-0.0197 J0.
N56160 X1.2795 Z-0.2346 I0.0197 J0.
N56165 X1.2402 Z-0.237 I-0.0197 J0.
N56170 X1.2795 Z-0.2394 I0.0197 J0.
N56175 X1.2402 Z-0.2417 I-0.0197 J0.
N56180 X1.2795 Z-0.2441 I0.0197 J0.
N56185 X1.2402 Z-0.2465 I-0.0197 J0.
N56190 X1.2795 Z-0.2488 I0.0197 J0.
N56195 X1.2402 Z-0.2512 I-0.0197 J0.
N56200 X1.2795 Z-0.2535 I0.0197 J0.
N56205 X1.2402 Z-0.2559 I-0.0197 J0.
N56210 X1.2795 Z-0.2583 I0.0197 J0.
N56215 X1.2402 Z-0.2606 I-0.0197 J0.
N56220 X1.2795 Z-0.263 I0.0197 J0.
N56225 X1.2402 Z-0.2654 I-0.0197 J0.
N56230 X1.2795 Z-0.2677 I0.0197 J0.
N56235 X1.2402 Z-0.2701 I-0.0197 J0.
N56240 X1.2795 Z-0.2724 I0.0197 J0.
N56245 X1.2402 Z-0.2748 I-0.0197 J0.
N56250 X1.2795 Z-0.2772 I0.0197 J0.
N56255 X1.2402 Z-0.2795 I-0.0197 J0.
N56260 X1.2795 Z-0.2819 I0.0197 J0.
N56265 X1.2402 Z-0.2843 I-0.0197 J0.
N56270 X1.2795 Z-0.2866 I0.0197 J0.
N56275 X1.2402 Z-0.289 I-0.0197 J0.
N56280 X1.2795 Z-0.2913 I0.0197 J0.
N56285 X1.2402 Z-0.2937 I-0.0197 J0.
N56290 X1.2795 Z-0.2961 I0.0197 J0.
N56295 X1.2402 Z-0.2984 I-0.0197 J0.
N56300 X1.2795 Z-0.3008 I0.0197 J0.
N56305 X1.2402 Z-0.3031 I-0.0197 J0.
N56310 X1.2795 Z-0.3055 I0.0197 J0.
N56315 X1.2402 Z-0.3079 I-0.0197 J0.
N56320 X1.2795 Z-0.3102 I0.0197 J0.
N56325 X1.2402 Z-0.3126 I-0.0197 J0.
N56330 X1.2795 Z-0.315 I0.0197 J0.
N56335 X1.2402 Z-0.3173 I-0.0197 J0.
N56340 X1.2795 Z-0.3197 I0.0197 J0.
N56345 X1.2402 Z-0.322 I-0.0197 J0.
N56350 X1.2795 Z-0.3244 I0.0197 J0.
N56355 X1.2402 Z-0.3268 I-0.0197 J0.
N56360 X1.2795 Z-0.3291 I0.0197 J0.
N56365 X1.2402 Z-0.3315 I-0.0197 J0.
N56370 X1.2795 Z-0.3339 I0.0197 J0.
N56375 X1.2402 Z-0.3362 I-0.0197 J0.
N56380 X1.2795 Z-0.3386 I0.0197 J0.
N56385 X1.2402 Z-0.3409 I-0.0197 J0.
N56390 X1.2795 Z-0.3433 I0.0197 J0.
N56395 X1.2402 Z-0.3457 I-0.0197 J0.
N56400 X1.2795 Z-0.348 I0.0197 J0.
N56405 X1.2402 Z-0.3504 I-0.0197 J0.
N56410 X1.2795 Z-0.3528 I0.0197 J0.
N56415 X1.2402 Z-0.3551 I-0.0197 J0.
N56420 X1.2795 Z-0.3575 I0.0197 J0.
N56425 X1.2402 Z-0.3598 I-0.0197 J0.
N56430 X1.2795 Z-0.3622 I0.0197 J0.
N56435 X1.2402 Z-0.3646 I-0.0197 J0.
N56440 X1.2795 Z-0.3669 I0.0197 J0.
N56445 X1.2402 Z-0.3693 I-0.0197 J0.
N56450 X1.2795 Z-0.3717 I0.0197 J0.
N56455 X1.2402 Z-0.374 I-0.0197 J0.
N56460 X1.2795 Z-0.3764 I0.0197 J0.
N56465 X1.2402 Z-0.3787 I-0.0197 J0.
N56470 X1.2795 Z-0.3811 I0.0197 J0.
N56475 X1.2402 Z-0.3835 I-0.0197 J0.
N56480 X1.2795 Z-0.3858 I0.0197 J0.
N56485 X1.2402 Z-0.3882 I-0.0197 J0.
N56490 X1.2795 Z-0.3906 I0.0197 J0.
N56495 X1.2402 Z-0.3929 I-0.0197 J0.
N56500 X1.2795 Z-0.3953 I0.0197 J0.
N56505 X1.2402 Z-0.3976 I-0.0197 J0.
N56510 X1.2795 Z-0.4 I0.0197 J0.
N56515 X1.2402 Z-0.4024 I-0.0197 J0.
N56520 X1.2795 Z-0.4047 I0.0197 J0.
N56525 X1.2402 Z-0.4071 I-0.0197 J0.
N56530 X1.2795 Z-0.4094 I0.0197 J0.
N56535 X1.2402 Z-0.4118 I-0.0197 J0.
N56540 X1.2795 Z-0.4142 I0.0197 J0.
N56545 X1.2402 Z-0.4165 I-0.0197 J0.
N56550 X1.2795 Z-0.4189 I0.0197 J0.
N56555 X1.2402 Z-0.4213 I-0.0197 J0.
N56560 X1.2795 Z-0.4236 I0.0197 J0.
N56565 X1.2402 Z-0.426 I-0.0197 J0.
N56570 X1.2795 Z-0.4283 I0.0197 J0.
N56575 X1.2402 Z-0.4307 I-0.0197 J0.
N56580 X1.2795 Z-0.4331 I0.0197 J0.
N56585 X1.2402 Z-0.4354 I-0.0197 J0.
N56590 X1.2795 Z-0.4378 I0.0197 J0.
N56595 X1.2402 Z-0.4402 I-0.0197 J0.
N56600 X1.2795 Z-0.4425 I0.0197 J0.
N56605 X1.2402 Z-0.4449 I-0.0197 J0.
N56610 X1.2795 Z-0.4472 I0.0197 J0.
N56615 X1.2402 Z-0.4496 I-0.0197 J0.
N56620 X1.2795 Z-0.452 I0.0197 J0.
N56625 X1.2402 Z-0.4543 I-0.0197 J0.
N56630 X1.2795 Z-0.4567 I0.0197 J0.
N56635 X1.2402 Z-0.4591 I-0.0197 J0.
N56640 X1.2795 Z-0.4614 I0.0197 J0.
N56645 X1.2402 Z-0.4638 I-0.0197 J0.
N56650 X1.2795 Z-0.4661 I0.0197 J0.
N56655 X1.2402 Z-0.4685 I-0.0197 J0.
N56660 X1.2795 Z-0.4709 I0.0197 J0.
N56665 X1.2402 Z-0.4732 I-0.0197 J0.
N56670 X1.2795 Z-0.4756 I0.0197 J0.
N56675 X1.2402 Z-0.478 I-0.0197 J0.
N56680 X1.2795 Z-0.4803 I0.0197 J0.
N56685 X1.2402 Z-0.4827 I-0.0197 J0.
N56690 X1.2795 Z-0.485 I0.0197 J0.
N56695 X1.2402 Z-0.4874 I-0.0197 J0.
N56700 X1.2795 Z-0.4898 I0.0197 J0.
N56705 X1.2402 Z-0.4921 I-0.0197 J0.
N56710 X1.2795 Z-0.4945 I0.0197 J0.
N56715 X1.2402 Z-0.4969 I-0.0197 J0.
N56720 X1.2795 Z-0.4992 I0.0197 J0.
N56725 X1.2402 Z-0.5016 I-0.0197 J0.
N56730 X1.2795 Z-0.5039 I0.0197 J0.
N56735 X1.2402 Z-0.5063 I-0.0197 J0.
N56740 X1.2795 Z-0.5087 I0.0197 J0.
N56745 X1.2402 Z-0.511 I-0.0197 J0.
N56750 X1.2795 Z-0.5134 I0.0197 J0.
N56755 X1.2402 Z-0.5157 I-0.0197 J0.
N56760 X1.2795 Z-0.5181 I0.0197 J0.
N56765 X1.2402 Z-0.5205 I-0.0197 J0.
N56770 X1.2795 Z-0.5228 I0.0197 J0.
N56775 X1.2402 Z-0.5252 I-0.0197 J0.
N56780 X1.2795 Z-0.5276 I0.0197 J0.
N56785 X1.2402 Z-0.5299 I-0.0197 J0.
N56790 X1.2795 Z-0.5323 I0.0197 J0.
N56795 X1.2402 Z-0.5346 I-0.0197 J0.
N56800 X1.2795 Z-0.537 I0.0197 J0.
N56805 X1.2402 Z-0.5394 I-0.0197 J0.
N56810 X1.2795 Z-0.5417 I0.0197 J0.
N56815 X1.2402 Z-0.5441 I-0.0197 J0.
N56820 X1.2795 Z-0.5465 I0.0197 J0.
N56825 X1.2402 Z-0.5488 I-0.0197 J0.
N56830 X1.2795 Z-0.5512 I0.0197 J0.
N56835 X1.2402 Z-0.5535 I-0.0197 J0.
N56840 X1.2795 Z-0.5559 I0.0197 J0.
N56845 X1.2402 Z-0.5583 I-0.0197 J0.
N56850 X1.2795 Z-0.5606 I0.0197 J0.
N56855 X1.2402 Z-0.563 I-0.0197 J0.
N56860 X1.2795 Z-0.5654 I0.0197 J0.
N56865 X1.2402 Z-0.5677 I-0.0197 J0.
N56870 X1.2795 Z-0.5701 I0.0197 J0.
N56875 X1.2402 Z-0.5724 I-0.0197 J0.
N56880 X1.2795 Z-0.5748 I0.0197 J0.
N56885 X1.2402 Z-0.5772 I-0.0197 J0.
N56890 X1.2795 Z-0.5795 I0.0197 J0.
N56895 X1.2402 Z-0.5819 I-0.0197 J0.
N56900 X1.2795 Z-0.5843 I0.0197 J0.
N56905 X1.2402 Z-0.5866 I-0.0197 J0.
N56910 X1.2795 Z-0.589 I0.0197 J0.
N56915 X1.2402 Z-0.5913 I-0.0197 J0.
N56920 X1.2795 Z-0.5937 I0.0197 J0.
N56925 X1.2402 Z-0.5961 I-0.0197 J0.
N56930 X1.2795 Z-0.5984 I0.0197 J0.
N56935 X1.2402 Z-0.6008 I-0.0197 J0.
N56940 X1.2795 Z-0.6031 I0.0197 J0.
N56945 X1.2402 Z-0.6055 I-0.0197 J0.
N56950 X1.2795 Z-0.6079 I0.0197 J0.
N56955 X1.2402 Z-0.6102 I-0.0197 J0.
N56960 X1.2795 Z-0.6126 I0.0197 J0.
N56965 X1.2402 Z-0.615 I-0.0197 J0.
N56970 X1.2795 Z-0.6173 I0.0197 J0.
N56975 X1.2402 Z-0.6197 I-0.0197 J0.
N56980 X1.2795 Z-0.622 I0.0197 J0.
N56985 X1.2402 Z-0.6244 I-0.0197 J0.
N56990 X1.2795 Z-0.6268 I0.0197 J0.
N56995 X1.2402 Z-0.6291 I-0.0197 J0.
N57000 X1.2795 Z-0.6315 I0.0197 J0.
N57005 X1.2402 Z-0.6339 I-0.0197 J0.
N57010 X1.2795 Z-0.6362 I0.0197 J0.
N57015 X1.2402 Z-0.6386 I-0.0197 J0.
N57020 X1.2598 Y0.1804 Z-0.6398 I0.0197 J0.
N57025 Y0.2198 I0. J0.0197
N57030 Y0.1804 I0. J-0.0197
N57035 X1.2677 Y0.1883 I0. J0.0079
N57040 G1 Y0.1962
N57045 G19 G3 Y0.2041 Z-0.6319 J0. K0.0079
N57050 G1 Z0.1969
N57055 X1.2559 Y0.6122
N57060 Z0.1181
N57065 Z0.0472
N57070 G18 G2 X1.2638 Z0.0394 I0.0079 K0.
N57075 G1 X1.2717
N57080 G17 G3 X1.2795 Y0.6201 I0. J0.0079
N57085 X1.2402 Z0.037 I-0.0197 J0.
N57090 X1.2795 Z0.0346 I0.0197 J0.
N57095 X1.2402 Z0.0323 I-0.0197 J0.
N57100 X1.2795 Z0.0299 I0.0197 J0.
N57105 X1.2402 Z0.0276 I-0.0197 J0.
N57110 X1.2795 Z0.0252 I0.0197 J0.
N57115 X1.2402 Z0.0228 I-0.0197 J0.
N57120 X1.2795 Z0.0205 I0.0197 J0.
N57125 X1.2402 Z0.0181 I-0.0197 J0.
N57130 X1.2795 Z0.0157 I0.0197 J0.
N57135 X1.2402 Z0.0134 I-0.0197 J0.
N57140 X1.2795 Z0.011 I0.0197 J0.
N57145 X1.2402 Z0.0087 I-0.0197 J0.
N57150 X1.2795 Z0.0063 I0.0197 J0.
N57155 X1.2402 Z0.0039 I-0.0197 J0.
N57160 X1.2795 Z0.0016 I0.0197 J0.
N57165 X1.2402 Z-0.0008 I-0.0197 J0.
N57170 X1.2795 Z-0.0031 I0.0197 J0.
N57175 X1.2402 Z-0.0055 I-0.0197 J0.
N57180 X1.2795 Z-0.0079 I0.0197 J0.
N57185 X1.2402 Z-0.0102 I-0.0197 J0.
N57190 X1.2795 Z-0.0126 I0.0197 J0.
N57195 X1.2402 Z-0.015 I-0.0197 J0.
N57200 X1.2795 Z-0.0173 I0.0197 J0.
N57205 X1.2402 Z-0.0197 I-0.0197 J0.
N57210 X1.2795 Z-0.022 I0.0197 J0.
N57215 X1.2402 Z-0.0244 I-0.0197 J0.
N57220 X1.2795 Z-0.0268 I0.0197 J0.
N57225 X1.2402 Z-0.0291 I-0.0197 J0.
N57230 X1.2795 Z-0.0315 I0.0197 J0.
N57235 X1.2402 Z-0.0339 I-0.0197 J0.
N57240 X1.2795 Z-0.0362 I0.0197 J0.
N57245 X1.2402 Z-0.0386 I-0.0197 J0.
N57250 X1.2795 Z-0.0409 I0.0197 J0.
N57255 X1.2402 Z-0.0433 I-0.0197 J0.
N57260 X1.2795 Z-0.0457 I0.0197 J0.
N57265 X1.2402 Z-0.048 I-0.0197 J0.
N57270 X1.2795 Z-0.0504 I0.0197 J0.
N57275 X1.2402 Z-0.0528 I-0.0197 J0.
N57280 X1.2795 Z-0.0551 I0.0197 J0.
N57285 X1.2402 Z-0.0575 I-0.0197 J0.
N57290 X1.2795 Z-0.0598 I0.0197 J0.
N57295 X1.2402 Z-0.0622 I-0.0197 J0.
N57300 X1.2795 Z-0.0646 I0.0197 J0.
N57305 X1.2402 Z-0.0669 I-0.0197 J0.
N57310 X1.2795 Z-0.0693 I0.0197 J0.
N57315 X1.2402 Z-0.0717 I-0.0197 J0.
N57320 X1.2795 Z-0.074 I0.0197 J0.
N57325 X1.2402 Z-0.0764 I-0.0197 J0.
N57330 X1.2795 Z-0.0787 I0.0197 J0.
N57335 X1.2402 Z-0.0811 I-0.0197 J0.
N57340 X1.2795 Z-0.0835 I0.0197 J0.
N57345 X1.2402 Z-0.0858 I-0.0197 J0.
N57350 X1.2795 Z-0.0882 I0.0197 J0.
N57355 X1.2402 Z-0.0906 I-0.0197 J0.
N57360 X1.2795 Z-0.0929 I0.0197 J0.
N57365 X1.2402 Z-0.0953 I-0.0197 J0.
N57370 X1.2795 Z-0.0976 I0.0197 J0.
N57375 X1.2402 Z-0.1 I-0.0197 J0.
N57380 X1.2795 Z-0.1024 I0.0197 J0.
N57385 X1.2402 Z-0.1047 I-0.0197 J0.
N57390 X1.2795 Z-0.1071 I0.0197 J0.
N57395 X1.2402 Z-0.1094 I-0.0197 J0.
N57400 X1.2795 Z-0.1118 I0.0197 J0.
N57405 X1.2402 Z-0.1142 I-0.0197 J0.
N57410 X1.2795 Z-0.1165 I0.0197 J0.
N57415 X1.2402 Z-0.1189 I-0.0197 J0.
N57420 X1.2795 Z-0.1213 I0.0197 J0.
N57425 X1.2402 Z-0.1236 I-0.0197 J0.
N57430 X1.2795 Z-0.126 I0.0197 J0.
N57435 X1.2402 Z-0.1283 I-0.0197 J0.
N57440 X1.2795 Z-0.1307 I0.0197 J0.
N57445 X1.2402 Z-0.1331 I-0.0197 J0.
N57450 X1.2795 Z-0.1354 I0.0197 J0.
N57455 X1.2402 Z-0.1378 I-0.0197 J0.
N57460 X1.2795 Z-0.1402 I0.0197 J0.
N57465 X1.2402 Z-0.1425 I-0.0197 J0.
N57470 X1.2795 Z-0.1449 I0.0197 J0.
N57475 X1.2402 Z-0.1472 I-0.0197 J0.
N57480 X1.2795 Z-0.1496 I0.0197 J0.
N57485 X1.2402 Z-0.152 I-0.0197 J0.
N57490 X1.2795 Z-0.1543 I0.0197 J0.
N57495 X1.2402 Z-0.1567 I-0.0197 J0.
N57500 X1.2795 Z-0.1591 I0.0197 J0.
N57505 X1.2402 Z-0.1614 I-0.0197 J0.
N57510 X1.2795 Z-0.1638 I0.0197 J0.
N57515 X1.2402 Z-0.1661 I-0.0197 J0.
N57520 X1.2795 Z-0.1685 I0.0197 J0.
N57525 X1.2402 Z-0.1709 I-0.0197 J0.
N57530 X1.2795 Z-0.1732 I0.0197 J0.
N57535 X1.2402 Z-0.1756 I-0.0197 J0.
N57540 X1.2795 Z-0.178 I0.0197 J0.
N57545 X1.2402 Z-0.1803 I-0.0197 J0.
N57550 X1.2795 Z-0.1827 I0.0197 J0.
N57555 X1.2402 Z-0.185 I-0.0197 J0.
N57560 X1.2795 Z-0.1874 I0.0197 J0.
N57565 X1.2402 Z-0.1898 I-0.0197 J0.
N57570 X1.2795 Z-0.1921 I0.0197 J0.
N57575 X1.2402 Z-0.1945 I-0.0197 J0.
N57580 X1.2795 Z-0.1969 I0.0197 J0.
N57585 X1.2402 Z-0.1992 I-0.0197 J0.
N57590 X1.2795 Z-0.2016 I0.0197 J0.
N57595 X1.2402 Z-0.2039 I-0.0197 J0.
N57600 X1.2795 Z-0.2063 I0.0197 J0.
N57605 X1.2402 Z-0.2087 I-0.0197 J0.
N57610 X1.2795 Z-0.211 I0.0197 J0.
N57615 X1.2402 Z-0.2134 I-0.0197 J0.
N57620 X1.2795 Z-0.2157 I0.0197 J0.
N57625 X1.2402 Z-0.2181 I-0.0197 J0.
N57630 X1.2795 Z-0.2205 I0.0197 J0.
N57635 X1.2402 Z-0.2228 I-0.0197 J0.
N57640 X1.2795 Z-0.2252 I0.0197 J0.
N57645 X1.2402 Z-0.2276 I-0.0197 J0.
N57650 X1.2795 Z-0.2299 I0.0197 J0.
N57655 X1.2402 Z-0.2323 I-0.0197 J0.
N57660 X1.2795 Z-0.2346 I0.0197 J0.
N57665 X1.2402 Z-0.237 I-0.0197 J0.
N57670 X1.2795 Z-0.2394 I0.0197 J0.
N57675 X1.2402 Z-0.2417 I-0.0197 J0.
N57680 X1.2795 Z-0.2441 I0.0197 J0.
N57685 X1.2402 Z-0.2465 I-0.0197 J0.
N57690 X1.2795 Z-0.2488 I0.0197 J0.
N57695 X1.2402 Z-0.2512 I-0.0197 J0.
N57700 X1.2795 Z-0.2535 I0.0197 J0.
N57705 X1.2402 Z-0.2559 I-0.0197 J0.
N57710 X1.2795 Z-0.2583 I0.0197 J0.
N57715 X1.2402 Z-0.2606 I-0.0197 J0.
N57720 X1.2795 Z-0.263 I0.0197 J0.
N57725 X1.2402 Z-0.2654 I-0.0197 J0.
N57730 X1.2795 Z-0.2677 I0.0197 J0.
N57735 X1.2402 Z-0.2701 I-0.0197 J0.
N57740 X1.2795 Z-0.2724 I0.0197 J0.
N57745 X1.2402 Z-0.2748 I-0.0197 J0.
N57750 X1.2795 Z-0.2772 I0.0197 J0.
N57755 X1.2402 Z-0.2795 I-0.0197 J0.
N57760 X1.2795 Z-0.2819 I0.0197 J0.
N57765 X1.2402 Z-0.2843 I-0.0197 J0.
N57770 X1.2795 Z-0.2866 I0.0197 J0.
N57775 X1.2402 Z-0.289 I-0.0197 J0.
N57780 X1.2795 Z-0.2913 I0.0197 J0.
N57785 X1.2402 Z-0.2937 I-0.0197 J0.
N57790 X1.2795 Z-0.2961 I0.0197 J0.
N57795 X1.2402 Z-0.2984 I-0.0197 J0.
N57800 X1.2795 Z-0.3008 I0.0197 J0.
N57805 X1.2402 Z-0.3031 I-0.0197 J0.
N57810 X1.2795 Z-0.3055 I0.0197 J0.
N57815 X1.2402 Z-0.3079 I-0.0197 J0.
N57820 X1.2795 Z-0.3102 I0.0197 J0.
N57825 X1.2402 Z-0.3126 I-0.0197 J0.
N57830 X1.2795 Z-0.315 I0.0197 J0.
N57835 X1.2402 Z-0.3173 I-0.0197 J0.
N57840 X1.2795 Z-0.3197 I0.0197 J0.
N57845 X1.2402 Z-0.322 I-0.0197 J0.
N57850 X1.2795 Z-0.3244 I0.0197 J0.
N57855 X1.2402 Z-0.3268 I-0.0197 J0.
N57860 X1.2795 Z-0.3291 I0.0197 J0.
N57865 X1.2402 Z-0.3315 I-0.0197 J0.
N57870 X1.2795 Z-0.3339 I0.0197 J0.
N57875 X1.2402 Z-0.3362 I-0.0197 J0.
N57880 X1.2795 Z-0.3386 I0.0197 J0.
N57885 X1.2402 Z-0.3409 I-0.0197 J0.
N57890 X1.2795 Z-0.3433 I0.0197 J0.
N57895 X1.2402 Z-0.3457 I-0.0197 J0.
N57900 X1.2795 Z-0.348 I0.0197 J0.
N57905 X1.2402 Z-0.3504 I-0.0197 J0.
N57910 X1.2795 Z-0.3528 I0.0197 J0.
N57915 X1.2402 Z-0.3551 I-0.0197 J0.
N57920 X1.2795 Z-0.3575 I0.0197 J0.
N57925 X1.2402 Z-0.3598 I-0.0197 J0.
N57930 X1.2795 Z-0.3622 I0.0197 J0.
N57935 X1.2402 Z-0.3646 I-0.0197 J0.
N57940 X1.2795 Z-0.3669 I0.0197 J0.
N57945 X1.2402 Z-0.3693 I-0.0197 J0.
N57950 X1.2795 Z-0.3717 I0.0197 J0.
N57955 X1.2402 Z-0.374 I-0.0197 J0.
N57960 X1.2795 Z-0.3764 I0.0197 J0.
N57965 X1.2402 Z-0.3787 I-0.0197 J0.
N57970 X1.2795 Z-0.3811 I0.0197 J0.
N57975 X1.2402 Z-0.3835 I-0.0197 J0.
N57980 X1.2795 Z-0.3858 I0.0197 J0.
N57985 X1.2402 Z-0.3882 I-0.0197 J0.
N57990 X1.2795 Z-0.3906 I0.0197 J0.
N57995 X1.2402 Z-0.3929 I-0.0197 J0.
N58000 X1.2795 Z-0.3953 I0.0197 J0.
N58005 X1.2402 Z-0.3976 I-0.0197 J0.
N58010 X1.2795 Z-0.4 I0.0197 J0.
N58015 X1.2402 Z-0.4024 I-0.0197 J0.
N58020 X1.2795 Z-0.4047 I0.0197 J0.
N58025 X1.2402 Z-0.4071 I-0.0197 J0.
N58030 X1.2795 Z-0.4094 I0.0197 J0.
N58035 X1.2402 Z-0.4118 I-0.0197 J0.
N58040 X1.2795 Z-0.4142 I0.0197 J0.
N58045 X1.2402 Z-0.4165 I-0.0197 J0.
N58050 X1.2795 Z-0.4189 I0.0197 J0.
N58055 X1.2402 Z-0.4213 I-0.0197 J0.
N58060 X1.2795 Z-0.4236 I0.0197 J0.
N58065 X1.2402 Z-0.426 I-0.0197 J0.
N58070 X1.2795 Z-0.4283 I0.0197 J0.
N58075 X1.2402 Z-0.4307 I-0.0197 J0.
N58080 X1.2795 Z-0.4331 I0.0197 J0.
N58085 X1.2402 Z-0.4354 I-0.0197 J0.
N58090 X1.2795 Z-0.4378 I0.0197 J0.
N58095 X1.2402 Z-0.4402 I-0.0197 J0.
N58100 X1.2795 Z-0.4425 I0.0197 J0.
N58105 X1.2402 Z-0.4449 I-0.0197 J0.
N58110 X1.2795 Z-0.4472 I0.0197 J0.
N58115 X1.2402 Z-0.4496 I-0.0197 J0.
N58120 X1.2795 Z-0.452 I0.0197 J0.
N58125 X1.2402 Z-0.4543 I-0.0197 J0.
N58130 X1.2795 Z-0.4567 I0.0197 J0.
N58135 X1.2402 Z-0.4591 I-0.0197 J0.
N58140 X1.2795 Z-0.4614 I0.0197 J0.
N58145 X1.2402 Z-0.4638 I-0.0197 J0.
N58150 X1.2795 Z-0.4661 I0.0197 J0.
N58155 X1.2402 Z-0.4685 I-0.0197 J0.
N58160 X1.2795 Z-0.4709 I0.0197 J0.
N58165 X1.2402 Z-0.4732 I-0.0197 J0.
N58170 X1.2795 Z-0.4756 I0.0197 J0.
N58175 X1.2402 Z-0.478 I-0.0197 J0.
N58180 X1.2795 Z-0.4803 I0.0197 J0.
N58185 X1.2402 Z-0.4827 I-0.0197 J0.
N58190 X1.2795 Z-0.485 I0.0197 J0.
N58195 X1.2402 Z-0.4874 I-0.0197 J0.
N58200 X1.2795 Z-0.4898 I0.0197 J0.
N58205 X1.2402 Z-0.4921 I-0.0197 J0.
N58210 X1.2795 Z-0.4945 I0.0197 J0.
N58215 X1.2402 Z-0.4969 I-0.0197 J0.
N58220 X1.2795 Z-0.4992 I0.0197 J0.
N58225 X1.2402 Z-0.5016 I-0.0197 J0.
N58230 X1.2795 Z-0.5039 I0.0197 J0.
N58235 X1.2402 Z-0.5063 I-0.0197 J0.
N58240 X1.2795 Z-0.5087 I0.0197 J0.
N58245 X1.2402 Z-0.511 I-0.0197 J0.
N58250 X1.2795 Z-0.5134 I0.0197 J0.
N58255 X1.2402 Z-0.5157 I-0.0197 J0.
N58260 X1.2795 Z-0.5181 I0.0197 J0.
N58265 X1.2402 Z-0.5205 I-0.0197 J0.
N58270 X1.2795 Z-0.5228 I0.0197 J0.
N58275 X1.2402 Z-0.5252 I-0.0197 J0.
N58280 X1.2795 Z-0.5276 I0.0197 J0.
N58285 X1.2402 Z-0.5299 I-0.0197 J0.
N58290 X1.2795 Z-0.5323 I0.0197 J0.
N58295 X1.2402 Z-0.5346 I-0.0197 J0.
N58300 X1.2795 Z-0.537 I0.0197 J0.
N58305 X1.2402 Z-0.5394 I-0.0197 J0.
N58310 X1.2795 Z-0.5417 I0.0197 J0.
N58315 X1.2402 Z-0.5441 I-0.0197 J0.
N58320 X1.2795 Z-0.5465 I0.0197 J0.
N58325 X1.2402 Z-0.5488 I-0.0197 J0.
N58330 X1.2795 Z-0.5512 I0.0197 J0.
N58335 X1.2402 Z-0.5535 I-0.0197 J0.
N58340 X1.2795 Z-0.5559 I0.0197 J0.
N58345 X1.2402 Z-0.5583 I-0.0197 J0.
N58350 X1.2795 Z-0.5606 I0.0197 J0.
N58355 X1.2402 Z-0.563 I-0.0197 J0.
N58360 X1.2795 Z-0.5654 I0.0197 J0.
N58365 X1.2402 Z-0.5677 I-0.0197 J0.
N58370 X1.2795 Z-0.5701 I0.0197 J0.
N58375 X1.2402 Z-0.5724 I-0.0197 J0.
N58380 X1.2795 Z-0.5748 I0.0197 J0.
N58385 X1.2402 Z-0.5772 I-0.0197 J0.
N58390 X1.2795 Z-0.5795 I0.0197 J0.
N58395 X1.2402 Z-0.5819 I-0.0197 J0.
N58400 X1.2795 Z-0.5843 I0.0197 J0.
N58405 X1.2402 Z-0.5866 I-0.0197 J0.
N58410 X1.2795 Z-0.589 I0.0197 J0.
N58415 X1.2402 Z-0.5913 I-0.0197 J0.
N58420 X1.2795 Z-0.5937 I0.0197 J0.
N58425 X1.2402 Z-0.5961 I-0.0197 J0.
N58430 X1.2795 Z-0.5984 I0.0197 J0.
N58435 X1.2402 Z-0.6008 I-0.0197 J0.
N58440 X1.2795 Z-0.6031 I0.0197 J0.
N58445 X1.2402 Z-0.6055 I-0.0197 J0.
N58450 X1.2795 Z-0.6079 I0.0197 J0.
N58455 X1.2402 Z-0.6102 I-0.0197 J0.
N58460 X1.2795 Z-0.6126 I0.0197 J0.
N58465 X1.2402 Z-0.615 I-0.0197 J0.
N58470 X1.2795 Z-0.6173 I0.0197 J0.
N58475 X1.2402 Z-0.6197 I-0.0197 J0.
N58480 X1.2795 Z-0.622 I0.0197 J0.
N58485 X1.2402 Z-0.6244 I-0.0197 J0.
N58490 X1.2795 Z-0.6268 I0.0197 J0.
N58495 X1.2402 Z-0.6291 I-0.0197 J0.
N58500 X1.2795 Z-0.6315 I0.0197 J0.
N58505 X1.2402 Z-0.6339 I-0.0197 J0.
N58510 X1.2795 Z-0.6362 I0.0197 J0.
N58515 X1.2402 Z-0.6386 I-0.0197 J0.
N58520 X1.2598 Y0.6004 Z-0.6398 I0.0197 J0.
N58525 Y0.6398 I0. J0.0197
N58530 Y0.6004 I0. J-0.0197
N58535 X1.2677 Y0.6083 I0. J0.0079
N58540 G1 Y0.6161
N58545 G19 G3 Y0.624 Z-0.6319 J0. K0.0079
N58550 G1 Z0.1969
N58555 X1.2559 Y0.6122
N58560 Z0.1181
N58565 Z0.0472
N58570 G18 G2 X1.2638 Z0.0394 I0.0079 K0.
N58575 G1 X1.2717
N58580 G17 G3 X1.2795 Y0.6201 I0. J0.0079
N58585 X1.2402 Z0.037 I-0.0197 J0.
N58590 X1.2795 Z0.0346 I0.0197 J0.
N58595 X1.2402 Z0.0323 I-0.0197 J0.
N58600 X1.2795 Z0.0299 I0.0197 J0.
N58605 X1.2402 Z0.0276 I-0.0197 J0.
N58610 X1.2795 Z0.0252 I0.0197 J0.
N58615 X1.2402 Z0.0228 I-0.0197 J0.
N58620 X1.2795 Z0.0205 I0.0197 J0.
N58625 X1.2402 Z0.0181 I-0.0197 J0.
N58630 X1.2795 Z0.0157 I0.0197 J0.
N58635 X1.2402 Z0.0134 I-0.0197 J0.
N58640 X1.2795 Z0.011 I0.0197 J0.
N58645 X1.2402 Z0.0087 I-0.0197 J0.
N58650 X1.2795 Z0.0063 I0.0197 J0.
N58655 X1.2402 Z0.0039 I-0.0197 J0.
N58660 X1.2795 Z0.0016 I0.0197 J0.
N58665 X1.2402 Z-0.0008 I-0.0197 J0.
N58670 X1.2795 Z-0.0031 I0.0197 J0.
N58675 X1.2402 Z-0.0055 I-0.0197 J0.
N58680 X1.2795 Z-0.0079 I0.0197 J0.
N58685 X1.2402 Z-0.0102 I-0.0197 J0.
N58690 X1.2795 Z-0.0126 I0.0197 J0.
N58695 X1.2402 Z-0.015 I-0.0197 J0.
N58700 X1.2795 Z-0.0173 I0.0197 J0.
N58705 X1.2402 Z-0.0197 I-0.0197 J0.
N58710 X1.2795 Z-0.022 I0.0197 J0.
N58715 X1.2402 Z-0.0244 I-0.0197 J0.
N58720 X1.2795 Z-0.0268 I0.0197 J0.
N58725 X1.2402 Z-0.0291 I-0.0197 J0.
N58730 X1.2795 Z-0.0315 I0.0197 J0.
N58735 X1.2402 Z-0.0339 I-0.0197 J0.
N58740 X1.2795 Z-0.0362 I0.0197 J0.
N58745 X1.2402 Z-0.0386 I-0.0197 J0.
N58750 X1.2795 Z-0.0409 I0.0197 J0.
N58755 X1.2402 Z-0.0433 I-0.0197 J0.
N58760 X1.2795 Z-0.0457 I0.0197 J0.
N58765 X1.2402 Z-0.048 I-0.0197 J0.
N58770 X1.2795 Z-0.0504 I0.0197 J0.
N58775 X1.2402 Z-0.0528 I-0.0197 J0.
N58780 X1.2795 Z-0.0551 I0.0197 J0.
N58785 X1.2402 Z-0.0575 I-0.0197 J0.
N58790 X1.2795 Z-0.0598 I0.0197 J0.
N58795 X1.2402 Z-0.0622 I-0.0197 J0.
N58800 X1.2795 Z-0.0646 I0.0197 J0.
N58805 X1.2402 Z-0.0669 I-0.0197 J0.
N58810 X1.2795 Z-0.0693 I0.0197 J0.
N58815 X1.2402 Z-0.0717 I-0.0197 J0.
N58820 X1.2795 Z-0.074 I0.0197 J0.
N58825 X1.2402 Z-0.0764 I-0.0197 J0.
N58830 X1.2795 Z-0.0787 I0.0197 J0.
N58835 X1.2402 Z-0.0811 I-0.0197 J0.
N58840 X1.2795 Z-0.0835 I0.0197 J0.
N58845 X1.2402 Z-0.0858 I-0.0197 J0.
N58850 X1.2795 Z-0.0882 I0.0197 J0.
N58855 X1.2402 Z-0.0906 I-0.0197 J0.
N58860 X1.2795 Z-0.0929 I0.0197 J0.
N58865 X1.2402 Z-0.0953 I-0.0197 J0.
N58870 X1.2795 Z-0.0976 I0.0197 J0.
N58875 X1.2402 Z-0.1 I-0.0197 J0.
N58880 X1.2795 Z-0.1024 I0.0197 J0.
N58885 X1.2402 Z-0.1047 I-0.0197 J0.
N58890 X1.2795 Z-0.1071 I0.0197 J0.
N58895 X1.2402 Z-0.1094 I-0.0197 J0.
N58900 X1.2795 Z-0.1118 I0.0197 J0.
N58905 X1.2402 Z-0.1142 I-0.0197 J0.
N58910 X1.2795 Z-0.1165 I0.0197 J0.
N58915 X1.2402 Z-0.1189 I-0.0197 J0.
N58920 X1.2795 Z-0.1213 I0.0197 J0.
N58925 X1.2402 Z-0.1236 I-0.0197 J0.
N58930 X1.2795 Z-0.126 I0.0197 J0.
N58935 X1.2402 Z-0.1283 I-0.0197 J0.
N58940 X1.2795 Z-0.1307 I0.0197 J0.
N58945 X1.2402 Z-0.1331 I-0.0197 J0.
N58950 X1.2795 Z-0.1354 I0.0197 J0.
N58955 X1.2402 Z-0.1378 I-0.0197 J0.
N58960 X1.2795 Z-0.1402 I0.0197 J0.
N58965 X1.2402 Z-0.1425 I-0.0197 J0.
N58970 X1.2795 Z-0.1449 I0.0197 J0.
N58975 X1.2402 Z-0.1472 I-0.0197 J0.
N58980 X1.2795 Z-0.1496 I0.0197 J0.
N58985 X1.2402 Z-0.152 I-0.0197 J0.
N58990 X1.2795 Z-0.1543 I0.0197 J0.
N58995 X1.2402 Z-0.1567 I-0.0197 J0.
N59000 X1.2795 Z-0.1591 I0.0197 J0.
N59005 X1.2402 Z-0.1614 I-0.0197 J0.
N59010 X1.2795 Z-0.1638 I0.0197 J0.
N59015 X1.2402 Z-0.1661 I-0.0197 J0.
N59020 X1.2795 Z-0.1685 I0.0197 J0.
N59025 X1.2402 Z-0.1709 I-0.0197 J0.
N59030 X1.2795 Z-0.1732 I0.0197 J0.
N59035 X1.2402 Z-0.1756 I-0.0197 J0.
N59040 X1.2795 Z-0.178 I0.0197 J0.
N59045 X1.2402 Z-0.1803 I-0.0197 J0.
N59050 X1.2795 Z-0.1827 I0.0197 J0.
N59055 X1.2402 Z-0.185 I-0.0197 J0.
N59060 X1.2795 Z-0.1874 I0.0197 J0.
N59065 X1.2402 Z-0.1898 I-0.0197 J0.
N59070 X1.2795 Z-0.1921 I0.0197 J0.
N59075 X1.2402 Z-0.1945 I-0.0197 J0.
N59080 X1.2795 Z-0.1969 I0.0197 J0.
N59085 X1.2402 Z-0.1992 I-0.0197 J0.
N59090 X1.2795 Z-0.2016 I0.0197 J0.
N59095 X1.2402 Z-0.2039 I-0.0197 J0.
N59100 X1.2795 Z-0.2063 I0.0197 J0.
N59105 X1.2402 Z-0.2087 I-0.0197 J0.
N59110 X1.2795 Z-0.211 I0.0197 J0.
N59115 X1.2402 Z-0.2134 I-0.0197 J0.
N59120 X1.2795 Z-0.2157 I0.0197 J0.
N59125 X1.2402 Z-0.2181 I-0.0197 J0.
N59130 X1.2795 Z-0.2205 I0.0197 J0.
N59135 X1.2402 Z-0.2228 I-0.0197 J0.
N59140 X1.2795 Z-0.2252 I0.0197 J0.
N59145 X1.2402 Z-0.2276 I-0.0197 J0.
N59150 X1.2795 Z-0.2299 I0.0197 J0.
N59155 X1.2402 Z-0.2323 I-0.0197 J0.
N59160 X1.2795 Z-0.2346 I0.0197 J0.
N59165 X1.2402 Z-0.237 I-0.0197 J0.
N59170 X1.2795 Z-0.2394 I0.0197 J0.
N59175 X1.2402 Z-0.2417 I-0.0197 J0.
N59180 X1.2795 Z-0.2441 I0.0197 J0.
N59185 X1.2402 Z-0.2465 I-0.0197 J0.
N59190 X1.2795 Z-0.2488 I0.0197 J0.
N59195 X1.2402 Z-0.2512 I-0.0197 J0.
N59200 X1.2795 Z-0.2535 I0.0197 J0.
N59205 X1.2402 Z-0.2559 I-0.0197 J0.
N59210 X1.2795 Z-0.2583 I0.0197 J0.
N59215 X1.2402 Z-0.2606 I-0.0197 J0.
N59220 X1.2795 Z-0.263 I0.0197 J0.
N59225 X1.2402 Z-0.2654 I-0.0197 J0.
N59230 X1.2795 Z-0.2677 I0.0197 J0.
N59235 X1.2402 Z-0.2701 I-0.0197 J0.
N59240 X1.2795 Z-0.2724 I0.0197 J0.
N59245 X1.2402 Z-0.2748 I-0.0197 J0.
N59250 X1.2795 Z-0.2772 I0.0197 J0.
N59255 X1.2402 Z-0.2795 I-0.0197 J0.
N59260 X1.2795 Z-0.2819 I0.0197 J0.
N59265 X1.2402 Z-0.2843 I-0.0197 J0.
N59270 X1.2795 Z-0.2866 I0.0197 J0.
N59275 X1.2402 Z-0.289 I-0.0197 J0.
N59280 X1.2795 Z-0.2913 I0.0197 J0.
N59285 X1.2402 Z-0.2937 I-0.0197 J0.
N59290 X1.2795 Z-0.2961 I0.0197 J0.
N59295 X1.2402 Z-0.2984 I-0.0197 J0.
N59300 X1.2795 Z-0.3008 I0.0197 J0.
N59305 X1.2402 Z-0.3031 I-0.0197 J0.
N59310 X1.2795 Z-0.3055 I0.0197 J0.
N59315 X1.2402 Z-0.3079 I-0.0197 J0.
N59320 X1.2795 Z-0.3102 I0.0197 J0.
N59325 X1.2402 Z-0.3126 I-0.0197 J0.
N59330 X1.2795 Z-0.315 I0.0197 J0.
N59335 X1.2402 Z-0.3173 I-0.0197 J0.
N59340 X1.2795 Z-0.3197 I0.0197 J0.
N59345 X1.2402 Z-0.322 I-0.0197 J0.
N59350 X1.2795 Z-0.3244 I0.0197 J0.
N59355 X1.2402 Z-0.3268 I-0.0197 J0.
N59360 X1.2795 Z-0.3291 I0.0197 J0.
N59365 X1.2402 Z-0.3315 I-0.0197 J0.
N59370 X1.2795 Z-0.3339 I0.0197 J0.
N59375 X1.2402 Z-0.3362 I-0.0197 J0.
N59380 X1.2795 Z-0.3386 I0.0197 J0.
N59385 X1.2402 Z-0.3409 I-0.0197 J0.
N59390 X1.2795 Z-0.3433 I0.0197 J0.
N59395 X1.2402 Z-0.3457 I-0.0197 J0.
N59400 X1.2795 Z-0.348 I0.0197 J0.
N59405 X1.2402 Z-0.3504 I-0.0197 J0.
N59410 X1.2795 Z-0.3528 I0.0197 J0.
N59415 X1.2402 Z-0.3551 I-0.0197 J0.
N59420 X1.2795 Z-0.3575 I0.0197 J0.
N59425 X1.2402 Z-0.3598 I-0.0197 J0.
N59430 X1.2795 Z-0.3622 I0.0197 J0.
N59435 X1.2402 Z-0.3646 I-0.0197 J0.
N59440 X1.2795 Z-0.3669 I0.0197 J0.
N59445 X1.2402 Z-0.3693 I-0.0197 J0.
N59450 X1.2795 Z-0.3717 I0.0197 J0.
N59455 X1.2402 Z-0.374 I-0.0197 J0.
N59460 X1.2795 Z-0.3764 I0.0197 J0.
N59465 X1.2402 Z-0.3787 I-0.0197 J0.
N59470 X1.2795 Z-0.3811 I0.0197 J0.
N59475 X1.2402 Z-0.3835 I-0.0197 J0.
N59480 X1.2795 Z-0.3858 I0.0197 J0.
N59485 X1.2402 Z-0.3882 I-0.0197 J0.
N59490 X1.2795 Z-0.3906 I0.0197 J0.
N59495 X1.2402 Z-0.3929 I-0.0197 J0.
N59500 X1.2795 Z-0.3953 I0.0197 J0.
N59505 X1.2402 Z-0.3976 I-0.0197 J0.
N59510 X1.2795 Z-0.4 I0.0197 J0.
N59515 X1.2402 Z-0.4024 I-0.0197 J0.
N59520 X1.2795 Z-0.4047 I0.0197 J0.
N59525 X1.2402 Z-0.4071 I-0.0197 J0.
N59530 X1.2795 Z-0.4094 I0.0197 J0.
N59535 X1.2402 Z-0.4118 I-0.0197 J0.
N59540 X1.2795 Z-0.4142 I0.0197 J0.
N59545 X1.2402 Z-0.4165 I-0.0197 J0.
N59550 X1.2795 Z-0.4189 I0.0197 J0.
N59555 X1.2402 Z-0.4213 I-0.0197 J0.
N59560 X1.2795 Z-0.4236 I0.0197 J0.
N59565 X1.2402 Z-0.426 I-0.0197 J0.
N59570 X1.2795 Z-0.4283 I0.0197 J0.
N59575 X1.2402 Z-0.4307 I-0.0197 J0.
N59580 X1.2795 Z-0.4331 I0.0197 J0.
N59585 X1.2402 Z-0.4354 I-0.0197 J0.
N59590 X1.2795 Z-0.4378 I0.0197 J0.
N59595 X1.2402 Z-0.4402 I-0.0197 J0.
N59600 X1.2795 Z-0.4425 I0.0197 J0.
N59605 X1.2402 Z-0.4449 I-0.0197 J0.
N59610 X1.2795 Z-0.4472 I0.0197 J0.
N59615 X1.2402 Z-0.4496 I-0.0197 J0.
N59620 X1.2795 Z-0.452 I0.0197 J0.
N59625 X1.2402 Z-0.4543 I-0.0197 J0.
N59630 X1.2795 Z-0.4567 I0.0197 J0.
N59635 X1.2402 Z-0.4591 I-0.0197 J0.
N59640 X1.2795 Z-0.4614 I0.0197 J0.
N59645 X1.2402 Z-0.4638 I-0.0197 J0.
N59650 X1.2795 Z-0.4661 I0.0197 J0.
N59655 X1.2402 Z-0.4685 I-0.0197 J0.
N59660 X1.2795 Z-0.4709 I0.0197 J0.
N59665 X1.2402 Z-0.4732 I-0.0197 J0.
N59670 X1.2795 Z-0.4756 I0.0197 J0.
N59675 X1.2402 Z-0.478 I-0.0197 J0.
N59680 X1.2795 Z-0.4803 I0.0197 J0.
N59685 X1.2402 Z-0.4827 I-0.0197 J0.
N59690 X1.2795 Z-0.485 I0.0197 J0.
N59695 X1.2402 Z-0.4874 I-0.0197 J0.
N59700 X1.2795 Z-0.4898 I0.0197 J0.
N59705 X1.2402 Z-0.4921 I-0.0197 J0.
N59710 X1.2795 Z-0.4945 I0.0197 J0.
N59715 X1.2402 Z-0.4969 I-0.0197 J0.
N59720 X1.2795 Z-0.4992 I0.0197 J0.
N59725 X1.2402 Z-0.5016 I-0.0197 J0.
N59730 X1.2795 Z-0.5039 I0.0197 J0.
N59735 X1.2402 Z-0.5063 I-0.0197 J0.
N59740 X1.2795 Z-0.5087 I0.0197 J0.
N59745 X1.2402 Z-0.511 I-0.0197 J0.
N59750 X1.2795 Z-0.5134 I0.0197 J0.
N59755 X1.2402 Z-0.5157 I-0.0197 J0.
N59760 X1.2795 Z-0.5181 I0.0197 J0.
N59765 X1.2402 Z-0.5205 I-0.0197 J0.
N59770 X1.2795 Z-0.5228 I0.0197 J0.
N59775 X1.2402 Z-0.5252 I-0.0197 J0.
N59780 X1.2795 Z-0.5276 I0.0197 J0.
N59785 X1.2402 Z-0.5299 I-0.0197 J0.
N59790 X1.2795 Z-0.5323 I0.0197 J0.
N59795 X1.2402 Z-0.5346 I-0.0197 J0.
N59800 X1.2795 Z-0.537 I0.0197 J0.
N59805 X1.2402 Z-0.5394 I-0.0197 J0.
N59810 X1.2795 Z-0.5417 I0.0197 J0.
N59815 X1.2402 Z-0.5441 I-0.0197 J0.
N59820 X1.2795 Z-0.5465 I0.0197 J0.
N59825 X1.2402 Z-0.5488 I-0.0197 J0.
N59830 X1.2795 Z-0.5512 I0.0197 J0.
N59835 X1.2402 Z-0.5535 I-0.0197 J0.
N59840 X1.2795 Z-0.5559 I0.0197 J0.
N59845 X1.2402 Z-0.5583 I-0.0197 J0.
N59850 X1.2795 Z-0.5606 I0.0197 J0.
N59855 X1.2402 Z-0.563 I-0.0197 J0.
N59860 X1.2795 Z-0.5654 I0.0197 J0.
N59865 X1.2402 Z-0.5677 I-0.0197 J0.
N59870 X1.2795 Z-0.5701 I0.0197 J0.
N59875 X1.2402 Z-0.5724 I-0.0197 J0.
N59880 X1.2795 Z-0.5748 I0.0197 J0.
N59885 X1.2402 Z-0.5772 I-0.0197 J0.
N59890 X1.2795 Z-0.5795 I0.0197 J0.
N59895 X1.2402 Z-0.5819 I-0.0197 J0.
N59900 X1.2795 Z-0.5843 I0.0197 J0.
N59905 X1.2402 Z-0.5866 I-0.0197 J0.
N59910 X1.2795 Z-0.589 I0.0197 J0.
N59915 X1.2402 Z-0.5913 I-0.0197 J0.
N59920 X1.2795 Z-0.5937 I0.0197 J0.
N59925 X1.2402 Z-0.5961 I-0.0197 J0.
N59930 X1.2795 Z-0.5984 I0.0197 J0.
N59935 X1.2402 Z-0.6008 I-0.0197 J0.
N59940 X1.2795 Z-0.6031 I0.0197 J0.
N59945 X1.2402 Z-0.6055 I-0.0197 J0.
N59950 X1.2795 Z-0.6079 I0.0197 J0.
N59955 X1.2402 Z-0.6102 I-0.0197 J0.
N59960 X1.2795 Z-0.6126 I0.0197 J0.
N59965 X1.2402 Z-0.615 I-0.0197 J0.
N59970 X1.2795 Z-0.6173 I0.0197 J0.
N59975 X1.2402 Z-0.6197 I-0.0197 J0.
N59980 X1.2795 Z-0.622 I0.0197 J0.
N59985 X1.2402 Z-0.6244 I-0.0197 J0.
N59990 X1.2795 Z-0.6268 I0.0197 J0.
N59995 X1.2402 Z-0.6291 I-0.0197 J0.
N60000 X1.2795 Z-0.6315 I0.0197 J0.
N60005 X1.2402 Z-0.6339 I-0.0197 J0.
N60010 X1.2795 Z-0.6362 I0.0197 J0.
N60015 X1.2402 Z-0.6386 I-0.0197 J0.
N60020 X1.2598 Y0.6004 Z-0.6398 I0.0197 J0.
N60025 Y0.6398 I0. J0.0197
N60030 Y0.6004 I0. J-0.0197
N60035 X1.2677 Y0.6083 I0. J0.0079
N60040 G1 Y0.6161
N60045 G19 G3 Y0.624 Z-0.6319 J0. K0.0079
N60050 G1 Z0.5906
N60055 G17
N60060 M5
N60065 G53 G0 Z0.
N60070 M30
%
