%
(BKHM12 RISER)
(MACHINE)
(  VENDOR PRINTNC)
(  MODEL PRINTNC V4 METALCUTTER)
(  DESCRIPTION GENERIC 3-AXIS ROUTER)
(T5 D=0.2362 CR=0. - ZMIN=-1.1811 - FLAT END MILL)
N10 G90 G94 G17 G91.1
N15 G20
(WHEN USING FUSION FOR PERSONAL USE, THE FEEDRATE OF RAPID)
(MOVES IS REDUCED TO MATCH THE FEEDRATE OF CUTTING MOVES,)
(WHICH CAN INCREASE MACHINING TIME. UNRESTRICTED RAPID MOVES)
(ARE AVAILABLE WITH A FUSION SUBSCRIPTION.)
N20 G53 G0 Z0.
(2D ADAPTIVE5)
N25 T5 M6
N30 S24000 M3
N35 G17 G90 G94
N40 G54
N45 G64 P0.0039 Q0.0039
N50 G0 X-2.115 Y-1.6278
N55 G43 Z0.5906 H5
N60 G1 Z-0.0551 F151.949
N65 Z-0.1575
N70 G3 X-2.0965 Y-1.4992 I-0.5842 J0.1496
N75 G1 Y-1.4934
N80 X-2.1174 Y-1.4655
N85 X-2.133 Y-1.4343
N90 X-2.1443 Y-1.4013
N95 X-2.1521 Y-1.3673
N100 G2 X-2.1646 Y-1.2284 I0.9193 J0.1527
N105 X-2.1671 Y-0.9842 I7.5854 J0.1998
N110 G1 X-2.1673 Y-0.8447
N115 Y0.481
N120 Y1.2921
N125 X-2.1664 Y1.3008
N130 X-2.163 Y1.3179
N135 X-2.1496 Y1.3501
N140 X-2.1274 Y1.377
N145 X-2.0996 Y1.3982
N150 X-2.0685 Y1.414
N155 X-2.0356 Y1.4254
N160 X-2.0016 Y1.4334
N165 G2 X-1.8628 Y1.4461 I0.1528 J-0.9054
N170 X-1.6186 Y1.4486 I0.1998 J-7.4598
N175 G1 X-1.479 Y1.4488
N180 X-1.0604
N185 X0.9281
N190 X2.0096
N195 X2.027 Y1.4471
N200 X2.0603 Y1.4368
N205 X2.0888 Y1.4166
N210 X2.1115 Y1.3901
N215 X2.1287 Y1.3598
N220 X2.1412 Y1.3272
N225 X2.15 Y1.2935
N230 G2 X2.1642 Y1.1548 I-0.8126 J-0.1533
N235 X2.1671 Y0.8757 I-7.6842 J-0.2184
N240 G1 X2.1673 Y0.7013
N245 Y0.6315
N250 Y-1.2872
N255 X2.1669 Y-1.296
N260 X2.1642 Y-1.3132
N265 X2.1524 Y-1.346
N270 X2.1312 Y-1.3737
N275 X2.104 Y-1.3956
N280 X2.0733 Y-1.4121
N285 X2.0405 Y-1.4241
N290 X2.0066 Y-1.4325
N295 G2 X1.8679 Y-1.4459 I-0.153 J0.8574
N300 X1.5191 Y-1.4488 I-0.2663 J11.0841
N305 G1 X0.7167
N310 X0.1934
N315 X-1.7952
N320 X-1.9347
N325 X-1.9696 Y-1.4482
N330 X-2.0025 Y-1.4366
N335 X-2.0311 Y-1.4165
N340 X-2.0545 Y-1.3907
N345 X-2.0729 Y-1.3611
N350 X-2.0869 Y-1.3291
N355 X-2.0971 Y-1.2958
N360 G2 X-2.1153 Y-1.1576 I0.6997 J0.1623
N365 X-2.1196 Y-0.9135 I4.652 J0.205
N370 G1 X-2.12 Y-0.8437
N375 X-2.1201 Y-0.7042
N380 Y0.3076
N385 Y1.2146
N390 X-2.115 Y1.2491
N395 X-2.1014 Y1.2812
N400 X-2.0807 Y1.3093
N405 X-2.0547 Y1.3327
N410 X-2.0252 Y1.3513
N415 X-1.9934 Y1.3656
N420 X-1.9602 Y1.3763
N425 G2 X-1.8223 Y1.396 I0.1664 J-0.6713
N430 X-1.5782 Y1.4011 I0.2073 J-4.1335
N435 G1 X-1.5084 Y1.4014
N440 X-1.4038 Y1.4015
N445 X-1.1247 Y1.4016
N450 X0.8639
N455 X1.9105
N460 X1.9454 Y1.4014
N465 X1.9793 Y1.3933
N470 X2.0101 Y1.3771
N475 X2.0366 Y1.3543
N480 X2.0583 Y1.327
N485 X2.0753 Y1.2966
N490 X2.0883 Y1.2642
N495 X2.0979 Y1.2306
N500 G2 X2.1153 Y1.0923 I-0.7576 J-0.1654
N505 X2.1196 Y0.8482 I-4.7432 J-0.207
N510 G1 X2.12 Y0.7784
N515 X2.1201 Y0.6389
N520 Y0.5691
N525 Y-1.2101
N530 X2.1162 Y-1.2448
N535 X2.1036 Y-1.2773
N540 X2.0837 Y-1.306
N545 X2.0584 Y-1.3299
N550 X2.0293 Y-1.3492
N555 X1.9977 Y-1.364
N560 X1.9646 Y-1.3751
N565 G2 X1.8269 Y-1.3958 I-0.1668 J0.6437
N570 X1.5828 Y-1.401 I-0.2074 J3.9371
N575 G1 X1.513 Y-1.4014
N580 X1.4083 Y-1.4015
N585 X0.9548 Y-1.4016
N590 X0.0128
N595 X-1.871
N600 X-1.9057 Y-1.398
N605 X-1.9386 Y-1.3863
N610 X-1.9679 Y-1.3675
N615 X-1.9929 Y-1.3431
N620 X-2.0132 Y-1.3147
N625 X-2.0293 Y-1.2838
N630 X-2.0416 Y-1.2511
N635 G2 X-2.0654 Y-1.1139 I0.5861 J0.1724
N640 X-2.0721 Y-0.8698 I3.246 J0.2119
N645 G1 X-2.0725 Y-0.835
N650 X-2.0727 Y-0.7652
N655 X-2.0728 Y-0.6605
N660 Y-0.2419
N665 Y0.5954
N670 Y1.1187
N675 X-2.0725 Y1.1536
N680 X-2.0666 Y1.188
N685 X-2.0535 Y1.2203
N690 X-2.0338 Y1.2491
N695 X-2.0089 Y1.2736
N700 X-1.9804 Y1.2937
N705 X-1.9494 Y1.3097
N710 X-1.9168 Y1.322
N715 G2 X-1.7797 Y1.3463 I0.1754 J-0.5888
N720 X-1.5356 Y1.3536 I0.214 J-3.1062
N725 G1 X-1.5007 Y1.354
N730 X-1.431 Y1.3542
N735 X-1.3263 Y1.3543
N740 X-0.9774
N745 X-0.7332
N750 X1.2553
N755 X1.8484
N760 X1.8833 Y1.3531
N765 X1.9172 Y1.3451
N770 X1.9485 Y1.3297
N775 X1.976 Y1.3082
N780 X1.9991 Y1.2821
N785 X2.0178 Y1.2527
N790 X2.0326 Y1.221
N795 X2.0438 Y1.188
N800 G2 X2.0658 Y1.0504 I-0.6498 J-0.1743
N805 X2.0721 Y0.8064 I-3.4906 J-0.2135
N810 G1 X2.0725 Y0.7715
N815 X2.0727 Y0.7017
N820 X2.0728 Y0.5971
N825 Y0.1784
N830 Y0.0738
N835 Y-1.1124
N840 X2.0727 Y-1.1473
N845 X2.0682 Y-1.1819
N850 X2.0564 Y-1.2147
N855 X2.0378 Y-1.2442
N860 X2.0138 Y-1.2695
N865 X1.9858 Y-1.2904
N870 X1.9552 Y-1.3071
N875 X1.9228 Y-1.32
N880 X1.8893 Y-1.3298
N885 G2 X1.7512 Y-1.3484 I-0.1727 J0.7562
N890 X1.4722 Y-1.3538 I-0.2309 J4.7489
N895 G1 X1.4024 Y-1.3542
N900 X1.2628 Y-1.3543
N905 X-0.5861
N910 X-1.7723
N915 X-1.8072
N920 X-1.8419 Y-1.3508
N925 X-1.8752 Y-1.3404
N930 X-1.9055 Y-1.3232
N935 X-1.932 Y-1.3004
N940 X-1.9541 Y-1.2735
N945 X-1.9721 Y-1.2435
N950 X-1.9862 Y-1.2116
N955 X-1.997 Y-1.1784
N960 G2 X-2.0184 Y-1.0408 I0.683 J0.1766
N965 X-2.0249 Y-0.7967 I3.5352 J0.2163
N970 G1 X-2.0252 Y-0.7618
N975 X-2.0254 Y-0.692
N980 X-2.0255 Y-0.5874
N985 X-2.0256 Y-0.2385
N990 Y1.0523
N995 X-2.0253 Y1.0872
N1000 X-2.021 Y1.1218
N1005 X-2.01 Y1.1549
N1010 X-1.9926 Y1.1851
N1015 X-1.9698 Y1.2116
N1020 X-1.9429 Y1.2338
N1025 X-1.913 Y1.2518
N1030 X-1.8812 Y1.2661
N1035 X-1.8481 Y1.2772
N1040 G2 X-1.7106 Y1.2993 I0.179 J-0.6737
N1045 X-1.4665 Y1.3063 I0.2182 J-3.3587
N1050 G1 X-1.3367 Y1.3069
N1055 X-1.207 Y1.3072
N1060 X-1.0772
N1065 X-1.0707 Y1.3081
N1070 X-1.0642 Y1.3093
N1075 G2 X-1.0063 Y1.318 I0.1622 J-0.8866
N1080 G1 X-0.9904 Y1.3188
N1085 X-0.9825 Y1.3189
N1090 X-0.3011
N1095 X-0.2852 Y1.3187
N1100 X-0.2773 Y1.3186
N1105 X-0.2694 Y1.3176
N1110 G3 X-0.0255 Y1.3078 I0.2186 J2.4017
N1115 X0.2885 Y1.3071 I0.2212 J29.9918
N1120 G1 X0.6286
N1125 X0.6354 Y1.3074
N1130 X0.6422 Y1.3082
N1135 X0.6489 Y1.3095
N1140 G2 X0.7052 Y1.3179 I0.239 J-1.4029
N1145 G1 X0.721 Y1.3187
N1150 X0.7289 Y1.3189
N1155 X1.7193
N1160 G2 X1.759 Y1.3176 I0.0098 J-0.3085
N1165 G1 X1.7937 Y1.3147
N1170 X1.8283 Y1.3103
N1175 X1.8619 Y1.3007
N1180 X1.893 Y1.2851
N1185 X1.9207 Y1.2638
N1190 X1.9443 Y1.2381
N1195 X1.9469 Y1.2345
N1200 X1.9497 Y1.2311
N1205 X1.9528 Y1.2278
N1210 G3 X1.9861 Y1.2289 Z-0.1496 I0.0161 J0.0173
N1215 X1.9788 Y1.2665 I-0.0172 J0.0161
N1220 G1 X1.7728 Y1.3622
N1225 G3 X1.7395 Y1.3446 I-0.01 J-0.0214
N1230 X1.759 Y1.3175 Z-0.1575 I0.0233 J-0.0038
N1235 G2 X1.8303 Y1.3052 I-0.0658 J-0.5934
N1240 G1 X1.8461 Y1.2994
N1245 G2 X1.9148 Y1.2633 I-0.2678 J-0.5932
N1250 X1.9791 Y1.1997 I-0.3502 J-0.4184
N1255 X2.0058 Y1.1521 I-0.2427 J-0.1676
N1260 G1 X2.0176 Y1.1284
N1265 G2 X2.03 Y1.0809 I-0.1613 J-0.0674
N1270 X2.0374 Y1.0017 I-0.3611 J-0.0738
N1275 G1 Y-1.0017
N1280 X2.0373 Y-1.0254
N1285 X2.0367 Y-1.0334
N1290 X2.0358 Y-1.0413
N1295 X2.0335 Y-1.0761
N1300 X2.0288 Y-1.1107
N1305 X2.019 Y-1.1441
N1310 X2.0031 Y-1.1752
N1315 X1.9816 Y-1.2027
N1320 G2 X1.9474 Y-1.2332 I-1.657 J1.8271
N1325 G3 X1.9485 Y-1.2665 Z-0.1496 I0.0173 J-0.0161
N1330 X1.9861 Y-1.2592 I0.0161 J0.0172
N1335 G1 X2.0806 Y-1.0547
N1340 G3 X2.0627 Y-1.0214 I-0.0214 J0.0099
N1345 X2.0358 Y-1.0413 Z-0.1575 I-0.0035 J-0.0234
N1350 G2 X2.0257 Y-1.1046 I-0.8476 J0.1029
N1355 G1 X2.0204 Y-1.1213
N1360 G2 X1.9847 Y-1.1918 I-0.6115 J0.2659
N1365 X1.957 Y-1.2235 I-0.1524 J0.1053
N1370 G1 X1.9333 Y-1.2473
N1375 G2 X1.8936 Y-1.2756 I-0.1059 J0.1061
N1380 G1 X1.8699 Y-1.2877
N1385 G2 X1.7986 Y-1.3116 I-0.0942 J0.1628
N1390 G1 X1.7748 Y-1.3154
N1395 X1.751 Y-1.3185
N1400 X1.7431 Y-1.3187
N1405 X1.7273 Y-1.3189
N1410 X1.5926
N1415 X0.7289
N1420 G2 X0.6948 Y-1.3169 I0.0013 J0.3088
N1425 G3 X0.5207 Y-1.3082 I-0.162 J-1.5021
N1430 X0.2067 Y-1.3071 I-0.2324 J-21.3462
N1435 G1 X-0.1959
N1440 X-0.2011 Y-1.3072
N1445 X-0.2063 Y-1.3077
N1450 X-0.2114 Y-1.3085
N1455 G2 X-0.2852 Y-1.319 I-0.1277 J0.6344
N1460 G1 X-0.3011 Y-1.3189
N1465 X-0.9825
N1470 G2 X-1.0185 Y-1.3168 I-0.0008 J0.2919
N1475 G3 X-1.1927 Y-1.3082 I-0.161 J-1.4993
N1480 X-1.5066 Y-1.3071 I-0.232 J-21.4361
N1485 G1 X-1.716
N1490 X-1.7508 Y-1.3068
N1495 X-1.7855 Y-1.303
N1500 X-1.8189 Y-1.2928
N1505 X-1.8496 Y-1.2763
N1510 X-1.8767 Y-1.2543
N1515 X-1.8997 Y-1.228
N1520 X-1.9185 Y-1.1987
N1525 X-1.9336 Y-1.1672
N1530 X-1.9453 Y-1.1344
N1535 G2 X-1.9695 Y-0.9972 I0.6342 J0.1822
N1540 X-1.9774 Y-0.7532 I3.0218 J0.2205
N1545 X-1.9783 Y-0.509 I19.0181 J0.192
N1550 G1 Y-0.1601
N1555 Y0.9912
N1560 X-1.978 Y1.026
N1565 X-1.9745 Y1.0608
N1570 X-1.9649 Y1.0943
N1575 X-1.9491 Y1.1254
N1580 X-1.9278 Y1.153
N1585 X-1.9021 Y1.1766
N1590 X-1.8732 Y1.1962
N1595 X-1.8421 Y1.2119
N1600 X-1.8094 Y1.2243
N1605 G2 X-1.6726 Y1.25 I0.1842 J-0.6023
N1610 X-1.4286 Y1.2588 I0.2225 J-2.7986
N1615 G1 X-1.3937 Y1.2593
N1620 X-1.3588 Y1.2595
N1625 X-1.2891 Y1.2597
N1630 X-1.1971 Y1.2598
N1635 X-1.1823 Y1.261
N1640 X-1.1679 Y1.2648
N1645 X-1.1544 Y1.2709
N1650 X-1.1489 Y1.274
N1655 X-1.1082 Y1.2947
N1660 G2 X-1.0642 Y1.3093 I0.0669 J-0.1281
N1665 G1 X-1.0607 Y1.3105 Z-0.1567
N1670 X-1.0574 Y1.3123 Z-0.1559
N1675 X-1.0545 Y1.3146 Z-0.1551
N1680 X-1.0401 Y1.3272 Z-0.1511
N1685 X-1.0349 Y1.3316 Z-0.1496
N1690 G2 X-0.929 Y1.4012 I0.3718 J-0.4503
N1695 X-0.9185 Y1.4038 I0.0108 J-0.021
N1700 G1 X-0.419 Y1.4092
N1705 G2 X-0.4084 Y1.4068 I0.0003 J-0.0236
N1710 X-0.2996 Y1.3383 I-0.2546 J-0.5256
N1715 G1 X-0.2942 Y1.3341 Z-0.1511
N1720 X-0.2811 Y1.323 Z-0.1547
N1725 G3 X-0.2694 Y1.3176 Z-0.1575 I0.0154 J0.0179
N1730 G2 X-0.198 Y1.3054 I-0.0665 J-0.6044
N1735 G1 X-0.1822 Y1.2997
N1740 X-0.1743 Y1.2961
N1745 X-0.1715 Y1.2947
N1750 G3 X-0.0857 Y1.2714 I0.1191 J0.2689
N1755 X0.0534 Y1.2618 I0.1421 J1.0471
N1760 X0.5159 Y1.26 I0.316 J22.1374
N1765 G1 X0.5308 Y1.2611
N1770 X0.5453 Y1.265
N1775 X0.5589 Y1.2713
N1780 X0.5625 Y1.2734
N1785 X0.6044 Y1.2947
N1790 G2 X0.6489 Y1.3094 I0.0671 J-0.1286
N1795 G1 X0.6522 Y1.3104 Z-0.1568
N1800 X0.6552 Y1.312 Z-0.156
N1805 X0.658 Y1.314 Z-0.1553
N1810 G3 X0.6663 Y1.338 Z-0.1496 I-0.0147 J0.0185
N1815 X0.6432 Y1.3561 I-0.023 J-0.0055
N1820 G1 X-0.1743 Y1.3521
N1825 G3 X-0.1966 Y1.321 I0.0001 J-0.0236
N1830 G1 X-0.1955 Y1.3183 Z-0.1502
N1835 X-0.1941 Y1.3158 Z-0.1508
N1840 X-0.1936 Y1.3149 Z-0.1511
N1845 G3 X-0.1715 Y1.2947 Z-0.1575 I0.0519 J0.0344
N1850 G2 X-0.1127 Y1.2632 I-0.2346 J-0.509
N1855 G3 X-0.0478 Y1.2352 I0.1042 J0.1523
N1860 X0.0643 Y1.2184 I0.1406 J0.5546
N1865 X0.3084 Y1.2131 I0.2055 J3.8669
N1870 G1 X0.3782 Y1.2127
N1875 X0.4479
N1880 G3 X0.497 Y1.2226 I0.0056 J0.0988
N1885 G1 X0.5082 Y1.2296
N1890 X0.5182 Y1.2382
N1895 G2 X0.5589 Y1.2714 I0.1319 J-0.1201
N1900 G1 X0.5619 Y1.2736 Z-0.1567
N1905 X0.5645 Y1.2763 Z-0.1559
N1910 X0.5667 Y1.2793 Z-0.1551
N1915 X0.5684 Y1.2827 Z-0.1543
N1920 X0.5695 Y1.2863 Z-0.1535
N1925 X0.57 Y1.29 Z-0.1527
N1930 X0.5699 Y1.2938 Z-0.1519
N1935 X0.5693 Y1.2975 Z-0.1511
N1940 X0.5681 Y1.3008 Z-0.1503
N1945 X0.5666 Y1.3038 Z-0.1496
N1950 G3 X0.5461 Y1.315 I-0.0201 J-0.0124
N1955 G1 X-0.0988 Y1.3053
N1960 G3 X-0.1171 Y1.2961 I0.0004 J-0.0236
N1965 X-0.1129 Y1.263 Z-0.1575 I0.0187 J-0.0144
N1970 G2 X-0.0792 Y1.2323 I-0.1443 J-0.1917
N1975 G3 X-0.0102 Y1.1954 I0.114 J0.1302
N1980 G1 X0.0055 Y1.1904
N1985 G3 X0.1207 Y1.1723 I0.1538 J0.6014
N1990 X0.3647 Y1.166 I0.2118 J3.5114
N1995 G1 X0.3996 Y1.1657
N2000 X0.4133 Y1.1663
N2005 G3 X0.4815 Y1.1996 I-0.0038 J0.094
N2010 G2 X0.5182 Y1.2382 I0.3162 J-0.2649
N2015 G3 X0.5171 Y1.2716 Z-0.1496 I-0.0173 J0.0161
N2020 X0.5007 Y1.2779 I-0.0161 J-0.0173
N2025 G1 X-0.0622 Y1.272
N2030 G3 X-0.0781 Y1.2656 I0.0002 J-0.0236
N2035 X-0.0792 Y1.2323 Z-0.1575 I0.0161 J-0.0173
N2040 G2 X-0.0475 Y1.1984 I-0.2583 J-0.2741
N2045 G3 X-0.0176 Y1.1732 I0.0749 J0.0586
N2050 X0.0785 Y1.1386 I0.1457 J0.2539
N2055 X0.2117 Y1.1232 I0.1592 J0.7898
N2060 X0.3694 Y1.1198 I0.129 J2.3537
N2065 X0.4172 Y1.1279 I-0.0064 J0.1838
N2070 X0.4637 Y1.1696 I-0.0312 J0.0815
N2075 G1 X0.4675 Y1.177
N2080 X0.4765 Y1.1917
N2085 X0.4815 Y1.1996
N2090 G3 X0.473 Y1.232 Z-0.1496 I-0.0204 J0.0119
N2095 X0.4611 Y1.2352 I-0.0119 J-0.0204
N2100 G1 X-0.0277 Y1.2347
N2105 G3 X-0.0405 Y1.2309 I0. J-0.0236
N2110 X-0.0475 Y1.1983 Z-0.1575 I0.0128 J-0.0198
N2115 G2 X-0.0327 Y1.1736 I-0.1321 J-0.0965
N2120 G3 X0.0175 Y1.1276 I0.1008 J0.0595
N2125 X0.1091 Y1.0943 I0.1501 J0.2707
N2130 X0.2418 Y1.0772 I0.1668 J0.7696
N2135 X0.3536 Y1.0757 I0.0662 J0.7927
N2140 X0.3963 Y1.0847 I-0.0113 J0.161
N2145 X0.443 Y1.1284 I-0.035 J0.0842
N2150 G1 X0.4548 Y1.1521
N2155 X0.4637 Y1.1696
N2160 G3 X0.4523 Y1.201 Z-0.1496 I-0.0214 J0.01
N2165 X0.4425 Y1.2032 I-0.01 J-0.0214
N2170 G1 X-0.011 Y1.2072
N2175 G3 X-0.0212 Y1.205 I-0.0002 J-0.0236
N2180 X-0.0326 Y1.1736 Z-0.1575 I0.01 J-0.0214
N2185 G1 X-0.0217 Y1.1521
N2190 X-0.0139 Y1.1363
N2195 G3 X0.0366 Y1.0877 I0.1088 J0.0625
N2200 X0.1251 Y1.0523 I0.1562 J0.2621
N2205 X0.325 Y1.0314 I0.1727 J0.6861
N2210 X0.3801 Y1.0417 I-0.018 J0.2505
N2215 X0.435 Y1.1046 I-0.0287 J0.0803
N2220 G1 X0.4401 Y1.1205
N2225 X0.443 Y1.1284
N2230 G3 X0.4279 Y1.1581 Z-0.1496 I-0.0225 J0.0073
N2235 G1 X0.4246 Y1.159
N2240 X0.4212 Y1.1593
N2245 X0.0083 Y1.1696
N2250 G3 X-0.0021 Y1.1675 I-0.0006 J-0.0236
N2255 X-0.0139 Y1.1363 Z-0.1575 I0.0097 J-0.0215
N2260 G1 X-0.01 Y1.1284
N2265 X-0.0079 Y1.1233
N2270 X-0.003 Y1.1082
N2275 G3 X0.0374 Y1.0577 I0.0998 J0.0385
N2280 X0.1235 Y1.0148 I0.1599 J0.2128
N2285 X0.3133 Y0.9896 I0.1628 J0.4992
N2290 X0.3764 Y1.0031 I-0.0167 J0.2326
N2295 X0.4288 Y1.0696 I-0.0335 J0.0803
N2300 G1 X0.4319 Y1.0888
N2305 X0.4333 Y1.0967
N2310 X0.435 Y1.1046
N2315 G3 X0.4156 Y1.1319 Z-0.1496 I-0.0233 J0.004
N2320 G1 X0.412 Y1.1322
N2325 X0.02 Y1.1383
N2330 X0.0166 Y1.1381
N2335 X0.0132 Y1.1374
N2340 G3 X-0.003 Y1.1082 Z-0.1575 I0.0065 J-0.0227
N2345 G1 X-0.0019 Y1.1046
N2350 X-0.0003 Y1.0967
N2355 X0.0025 Y1.0809
N2360 G3 X0.0302 Y1.0336 I0.0888 J0.0204
N2365 X0.107 Y0.9834 I0.1588 J0.1589
N2370 X0.3192 Y0.9503 I0.1702 J0.3947
N2375 X0.3849 Y0.9707 I-0.0209 J0.1835
N2380 X0.424 Y1.0339 I-0.0489 J0.074
N2385 G1 X0.4257 Y1.0492
N2390 X0.4268 Y1.0571
N2395 X0.4288 Y1.0696
N2400 G3 X0.4082 Y1.0959 Z-0.1496 I-0.0234 J0.0029
N2405 G1 X0.4061 Y1.0961
N2410 X0.0266 Y1.1075
N2415 X0.0229 Y1.1073
N2420 G3 X0.0025 Y1.0809 Z-0.1575 I0.003 J-0.0234
N2425 G1 X0.005 Y1.065
N2430 X0.0063 Y1.0571
N2435 X0.0073 Y1.0492
N2440 G3 X0.0372 Y0.9949 I0.0955 J0.0172
N2445 X0.1149 Y0.9423 I0.1643 J0.1588
N2450 X0.3215 Y0.9117 I0.157 J0.3483
N2455 X0.3766 Y0.9291 I-0.035 J0.2075
N2460 X0.4233 Y1.0057 I-0.0404 J0.0771
N2465 G1 Y1.0254
N2470 X0.4239 Y1.0334
N2475 X0.424 Y1.0339
N2480 G3 X0.4023 Y1.0593 Z-0.1496 I-0.0235 J0.0019
N2485 G1 X0.4014 Y1.0594
N2490 X0.0319 Y1.0747
N2495 X0.029 Y1.0746
N2500 G3 X0.0073 Y1.0492 Z-0.1575 I0.0019 J-0.0235
N2505 G1 X0.0092 Y1.0334
N2510 X0.0097 Y1.0254
N2515 X0.0098 Y1.0211
N2520 G3 X0.0333 Y0.9658 I0.089 J0.0052
N2525 X0.1113 Y0.9061 I0.1655 J0.1354
N2530 X0.332 Y0.8753 I0.1564 J0.3151
N2535 X0.3906 Y0.9004 I-0.0368 J0.1672
N2540 X0.4219 Y0.9529 I-0.0566 J0.0692
N2545 G1 X0.4232 Y0.9684
N2550 Y1.0057
N2555 G3 X0.4006 Y1.0286 Z-0.15 I-0.0236 J-0.0007
N2560 G1 X0.3989 Z-0.1496
N2565 X0.0344 Y1.044
N2570 X0.0341
N2575 G3 X0.0098 Y1.0211 Z-0.1575 I-0.0007 J-0.0236
N2580 G1 Y1.0017
N2585 Y0.9875
N2590 G3 X0.0322 Y0.9312 I0.0941 J0.0048
N2595 X0.1195 Y0.8638 I0.1736 J0.1346
N2600 X0.3339 Y0.8376 I0.1459 J0.3036
N2605 X0.3916 Y0.8632 I-0.0385 J0.1645
N2610 X0.4233 Y0.9305 I-0.0569 J0.0679
N2615 G1 X0.4232 Y0.9684
N2620 G3 X0.4008 Y0.9912 Z-0.15 I-0.0236 J-0.0008
N2625 G1 X0.3988 Y0.9913 Z-0.1496
N2630 X0.0347 Y1.0102
N2635 X0.0343
N2640 G3 X0.0098 Y0.9875 Z-0.1575 I-0.0008 J-0.0236
N2645 G1 Y0.9518
N2650 G3 X0.0364 Y0.8887 I0.1017 J0.0056
N2655 X0.1164 Y0.8267 I0.1711 J0.1383
N2660 X0.3396 Y0.8008 I0.1474 J0.2961
N2665 X0.3905 Y0.8244 I-0.0447 J0.1631
N2670 X0.4233 Y0.8924 I-0.055 J0.0684
N2675 G1 X0.4232 Y0.9305
N2680 G3 X0.401 Y0.9532 Z-0.1501 I-0.0236 J-0.0008
N2685 G1 X0.3988 Y0.9534 Z-0.1496
N2690 X0.0348 Y0.9745
N2695 X0.0343 Y0.9746
N2700 G3 X0.0098 Y0.9518 Z-0.1575 I-0.0008 J-0.0236
N2705 G1 Y0.9146
N2710 G3 X0.036 Y0.8511 I0.1033 J0.0055
N2715 X0.1149 Y0.7889 I0.171 J0.1356
N2720 X0.3373 Y0.762 I0.1483 J0.2933
N2725 X0.3928 Y0.7878 I-0.0404 J0.1591
N2730 X0.4233 Y0.8541 I-0.0584 J0.067
N2735 G1 X0.4232 Y0.8924
N2740 G3 X0.401 Y0.9152 Z-0.1501 I-0.0236 J-0.0008
N2745 G1 X0.3988 Y0.9153 Z-0.1496
N2750 X0.0349 Y0.9373
N2755 X0.0343 Y0.9374
N2760 G3 X0.0098 Y0.9146 Z-0.1575 I-0.0008 J-0.0236
N2765 G1 Y0.875
N2770 G3 X0.0374 Y0.8111 I0.1054 J0.0075
N2775 X0.1173 Y0.7491 I0.1714 J0.1385
N2780 X0.3395 Y0.7242 I0.1453 J0.293
N2785 X0.3906 Y0.7479 I-0.0442 J0.1619
N2790 X0.4233 Y0.8159 I-0.055 J0.0683
N2795 G1 X0.4232 Y0.8541
N2800 G3 X0.401 Y0.8769 Z-0.1501 I-0.0236 J-0.0008
N2805 G1 X0.3988 Y0.877 Z-0.1496
N2810 X0.0348 Y0.8977
N2815 X0.0343 Y0.8978
N2820 G3 X0.0098 Y0.875 Z-0.1575 I-0.0008 J-0.0236
N2825 G1 Y0.839
N2830 G3 X0.0352 Y0.7754 I0.1037 J0.0045
N2835 X0.1121 Y0.7132 I0.1702 J0.1319
N2840 X0.3344 Y0.6846 I0.1504 J0.2909
N2845 X0.3921 Y0.7107 I-0.0387 J0.1624
N2850 X0.4233 Y0.7776 I-0.0575 J0.0674
N2855 G1 X0.4232 Y0.8159
N2860 G3 X0.4011 Y0.8386 Z-0.1501 I-0.0236 J-0.0008
N2865 G1 X0.3988 Y0.8388 Z-0.1496
N2870 X0.0349 Y0.8617
N2875 X0.0343
N2880 G3 X0.0098 Y0.839 Z-0.1575 I-0.0008 J-0.0236
N2885 G1 Y0.7994
N2890 G3 X0.0362 Y0.7355 I0.1048 J0.0059
N2895 X0.1139 Y0.6737 I0.1701 J0.1341
N2900 X0.3366 Y0.6468 I0.1482 J0.2913
N2905 X0.3926 Y0.6727 I-0.04 J0.1599
N2910 X0.4233 Y0.7392 I-0.0581 J0.0671
N2915 G1 X0.4232 Y0.7776
N2920 G3 X0.401 Y0.8003 Z-0.1501 I-0.0236 J-0.0008
N2925 G1 X0.3988 Y0.8004 Z-0.1496
N2930 X0.0349 Y0.8221
N2935 X0.0343 Y0.8222
N2940 G3 X0.0098 Y0.7994 Z-0.1575 I-0.0008 J-0.0236
N2945 G1 Y0.7598
N2950 G3 X0.0371 Y0.6958 I0.1057 J0.0073
N2955 X0.1162 Y0.634 I0.1705 J0.1369
N2960 X0.3385 Y0.6089 I0.1456 J0.292
N2965 X0.3931 Y0.6348 I-0.0414 J0.1578
N2970 X0.4233 Y0.7007 I-0.0581 J0.0664
N2975 G1 X0.4232 Y0.7392
N2980 G3 X0.4009 Y0.7619 Z-0.1501 I-0.0236 J-0.0008
N2985 G1 X0.3988 Y0.7621 Z-0.1496
N2990 X0.0348 Y0.7825
N2995 X0.0343 Y0.7826
N3000 G3 X0.0098 Y0.7598 Z-0.1575 I-0.0008 J-0.0236
N3005 G1 Y0.7221
N3010 G3 X0.0363 Y0.6583 I0.1049 J0.0061
N3015 X0.1144 Y0.5964 I0.1701 J0.1345
N3020 X0.3373 Y0.5702 I0.1473 J0.2916
N3025 X0.3927 Y0.596 I-0.04 J0.1582
N3030 X0.4233 Y0.6624 I-0.0582 J0.067
N3035 G1 X0.4232 Y0.7007
N3040 G3 X0.401 Y0.7235 Z-0.1501 I-0.0236 J-0.0008
N3045 G1 X0.3988 Y0.7236 Z-0.1496
N3050 X0.0348 Y0.7449
N3055 X0.0343
N3060 G3 X0.0098 Y0.7221 Z-0.1575 I-0.0008 J-0.0236
N3065 G1 Y0.6849
N3070 G3 X0.0351 Y0.6213 I0.1038 J0.0044
N3075 X0.1244 Y0.5532 I0.1754 J0.1373
N3080 X0.3446 Y0.5338 I0.137 J0.2947
N3085 X0.392 Y0.5572 I-0.0461 J0.1531
N3090 X0.4233 Y0.624 I-0.0567 J0.0672
N3095 G1 X0.4232 Y0.6624
N3100 G3 X0.4011 Y0.6851 Z-0.1501 I-0.0236 J-0.0008
N3105 G1 X0.3988 Y0.6853 Z-0.1496
N3110 X0.0349 Y0.7077
N3115 X0.0343
N3120 G3 X0.0098 Y0.6849 Z-0.1575 I-0.0008 J-0.0236
N3125 G1 Y0.6454
N3130 G3 X0.0361 Y0.5816 I0.1046 J0.0058
N3135 X0.1133 Y0.52 I0.1694 J0.1333
N3140 X0.3363 Y0.4931 I0.1483 J0.2918
N3145 X0.3926 Y0.5191 I-0.0399 J0.1601
N3150 X0.4233 Y0.5856 I-0.058 J0.0671
N3155 G1 X0.4232 Y0.624
N3160 G3 X0.401 Y0.6468 Z-0.1501 I-0.0236 J-0.0008
N3165 G1 X0.3988 Y0.6469 Z-0.1496
N3170 X0.0348 Y0.6681
N3175 X0.0343
N3180 G3 X0.0098 Y0.6454 Z-0.1575 I-0.0008 J-0.0236
N3185 G1 Y0.6058
N3190 G3 X0.0371 Y0.5419 I0.1055 J0.0072
N3195 X0.1158 Y0.4803 I0.1699 J0.1363
N3200 X0.3383 Y0.4552 I0.1457 J0.2924
N3205 X0.3931 Y0.4812 I-0.0414 J0.1581
N3210 X0.4233 Y0.5471 I-0.0581 J0.0664
N3215 G1 X0.4232 Y0.5856
N3220 G3 X0.4009 Y0.6084 Z-0.1501 I-0.0236 J-0.0008
N3225 G1 X0.3988 Y0.6085 Z-0.1496
N3230 X0.0347 Y0.6285
N3235 X0.0343
N3240 G3 X0.0098 Y0.6058 Z-0.1575 I-0.0008 J-0.0236
N3245 G1 Y0.5678
N3250 G3 X0.0366 Y0.5039 I0.105 J0.0065
N3255 X0.115 Y0.4423 I0.1698 J0.1352
N3260 X0.3379 Y0.4167 I0.1464 J0.2922
N3265 X0.3929 Y0.4426 I-0.041 J0.1583
N3270 X0.4233 Y0.5087 I-0.0578 J0.0666
N3275 G1 X0.4232 Y0.5471
N3280 G3 X0.4009 Y0.5699 Z-0.1501 I-0.0236 J-0.0008
N3285 G1 X0.3988 Y0.57 Z-0.1496
N3290 X0.0348 Y0.5905
N3295 X0.0343 Y0.5906
N3300 G3 X0.0098 Y0.5678 Z-0.1575 I-0.0008 J-0.0236
N3305 G1 Y0.5301
N3310 G3 X0.0359 Y0.4664 I0.1043 J0.0055
N3315 X0.1131 Y0.4048 I0.1694 J0.133
N3320 X0.3365 Y0.3779 I0.1484 J0.2918
N3325 X0.3925 Y0.4038 I-0.0396 J0.1594
N3330 X0.4233 Y0.4703 I-0.0579 J0.0671
N3335 G1 X0.4232 Y0.5087
N3340 G3 X0.401 Y0.5315 Z-0.1501 I-0.0236 J-0.0008
N3345 G1 X0.3988 Y0.5316 Z-0.1496
N3350 X0.0348 Y0.5529
N3355 X0.0343
N3360 G3 X0.0098 Y0.5301 Z-0.1575 I-0.0008 J-0.0236
N3365 G1 Y0.4905
N3370 G3 X0.0369 Y0.4267 I0.1052 J0.0069
N3375 X0.1153 Y0.3652 I0.1696 J0.1356
N3380 X0.338 Y0.3399 I0.1462 J0.2927
N3385 X0.393 Y0.3659 I-0.0412 J0.1584
N3390 X0.4233 Y0.4319 I-0.058 J0.0665
N3395 G1 X0.4232 Y0.4703
N3400 G3 X0.4009 Y0.4931 Z-0.1501 I-0.0236 J-0.0008
N3405 G1 X0.3988 Y0.4932 Z-0.1496
N3410 X0.0348 Y0.5133
N3415 X0.0343
N3420 G3 X0.0098 Y0.4905 Z-0.1575 I-0.0008 J-0.0236
N3425 G1 Y0.4529
N3430 G3 X0.0361 Y0.3892 I0.1045 J0.0058
N3435 X0.1137 Y0.3276 I0.1693 J0.1336
N3440 X0.337 Y0.3012 I0.1477 J0.292
N3445 X0.3927 Y0.3271 I-0.0399 J0.1588
N3450 X0.4233 Y0.3935 I-0.0581 J0.067
N3455 G1 X0.4232 Y0.4319
N3460 G3 X0.401 Y0.4546 Z-0.1501 I-0.0236 J-0.0008
N3465 G1 X0.3988 Y0.4548 Z-0.1496
N3470 X0.0348 Y0.4757
N3475 X0.0343
N3480 G3 X0.0098 Y0.4529 Z-0.1575 I-0.0008 J-0.0236
N3485 G1 Y0.4157
N3490 G3 X0.0351 Y0.3521 I0.1035 J0.0043
N3495 X0.1242 Y0.2842 I0.1749 J0.1371
N3500 X0.3446 Y0.2648 I0.1369 J0.295
N3505 X0.3921 Y0.2883 I-0.0462 J0.1531
N3510 X0.4233 Y0.3551 I-0.0568 J0.0672
N3515 G1 X0.4232 Y0.3935
N3520 G3 X0.4011 Y0.4162 Z-0.1501 I-0.0236 J-0.0008
N3525 G1 X0.3988 Y0.4164 Z-0.1496
N3530 X0.0349 Y0.4385
N3535 X0.0343
N3540 G3 X0.0098 Y0.4157 Z-0.1575 I-0.0008 J-0.0236
N3545 G1 Y0.3761
N3550 G3 X0.0361 Y0.3124 I0.1044 J0.0057
N3555 X0.1132 Y0.251 I0.169 J0.1332
N3560 X0.3363 Y0.2242 I0.1482 J0.292
N3565 X0.3926 Y0.2502 I-0.0399 J0.1601
N3570 X0.4233 Y0.3167 I-0.0581 J0.0671
N3575 G1 X0.4232 Y0.3551
N3580 G3 X0.401 Y0.3779 Z-0.1501 I-0.0236 J-0.0008
N3585 G1 X0.3988 Y0.378 Z-0.1496
N3590 X0.0348 Y0.3989
N3595 X0.0343
N3600 G3 X0.0098 Y0.3761 Z-0.1575 I-0.0008 J-0.0236
N3605 G1 Y0.3365
N3610 G3 X0.0371 Y0.2727 I0.1054 J0.0072
N3615 X0.1158 Y0.2112 I0.1696 J0.1363
N3620 X0.3384 Y0.1863 I0.1455 J0.2926
N3625 X0.3931 Y0.2123 I-0.0415 J0.158
N3630 X0.4233 Y0.2782 I-0.0581 J0.0664
N3635 G1 X0.4232 Y0.3167
N3640 G3 X0.4009 Y0.3394 Z-0.15 I-0.0236 J-0.0008
N3645 G1 X0.3988 Y0.3395 Z-0.1496
N3650 X0.0347 Y0.3593
N3655 X0.0343
N3660 G3 X0.0098 Y0.3365 Z-0.1575 I-0.0008 J-0.0236
N3665 G1 Y0.2985
N3670 G3 X0.0367 Y0.2347 I0.105 J0.0066
N3675 X0.1151 Y0.1731 I0.1696 J0.1354
N3680 X0.3381 Y0.1478 I0.1462 J0.2923
N3685 X0.393 Y0.1737 I-0.0411 J0.1581
N3690 X0.4233 Y0.2398 I-0.0579 J0.0665
N3695 G1 X0.4232 Y0.2782
N3700 G3 X0.4009 Y0.3009 Z-0.1501 I-0.0236 J-0.0008
N3705 G1 X0.3988 Y0.3011 Z-0.1496
N3710 X0.0348 Y0.3213
N3715 X0.0343
N3720 G3 X0.0098 Y0.2985 Z-0.1575 I-0.0008 J-0.0236
N3725 G1 Y0.2609
N3730 G3 X0.036 Y0.1972 I0.1043 J0.0056
N3735 X0.1133 Y0.1356 I0.1693 J0.1333
N3740 X0.3367 Y0.109 I0.1481 J0.292
N3745 X0.3926 Y0.1349 I-0.0398 J0.1591
N3750 X0.4233 Y0.2013 I-0.058 J0.0671
N3755 G1 X0.4232 Y0.2398
N3760 G3 X0.401 Y0.2625 Z-0.1501 I-0.0236 J-0.0008
N3765 G1 X0.3988 Y0.2626 Z-0.1496
N3770 X0.0348 Y0.2837
N3775 X0.0343
N3780 G3 X0.0098 Y0.2609 Z-0.1575 I-0.0008 J-0.0236
N3785 G1 Y0.2213
N3790 G3 X0.037 Y0.1575 I0.1053 J0.0071
N3795 X0.1156 Y0.0961 I0.1696 J0.136
N3800 X0.3383 Y0.071 I0.1458 J0.2929
N3805 X0.3931 Y0.0969 I-0.0414 J0.158
N3810 X0.4233 Y0.1629 I-0.0581 J0.0664
N3815 G1 X0.4232 Y0.2013
N3820 G3 X0.4009 Y0.2241 Z-0.1501 I-0.0236 J-0.0008
N3825 G1 X0.3988 Y0.2242 Z-0.1496
N3830 X0.0347 Y0.2441
N3835 X0.0343
N3840 G3 X0.0098 Y0.2213 Z-0.1575 I-0.0008 J-0.0236
N3845 G1 Y0.1837
N3850 G3 X0.0363 Y0.12 I0.1046 J0.006
N3855 X0.1141 Y0.0584 I0.1693 J0.134
N3860 X0.3373 Y0.0323 I0.1473 J0.2922
N3865 X0.3928 Y0.0582 I-0.0401 J0.1583
N3870 X0.4233 Y0.1245 I-0.0582 J0.0669
N3875 G1 X0.4232 Y0.1629
N3880 G3 X0.401 Y0.1857 Z-0.1501 I-0.0236 J-0.0008
N3885 G1 X0.3988 Y0.1858 Z-0.1496
N3890 X0.0348 Y0.2064
N3895 X0.0343 Y0.2065
N3900 G3 X0.0098 Y0.1837 Z-0.1575 I-0.0008 J-0.0236
N3905 G1 Y0.1465
N3910 G3 X0.0352 Y0.083 I0.1036 J0.0045
N3915 X0.1244 Y0.0151 I0.1749 J0.1372
N3920 X0.3447 Y-0.0041 I0.1367 J0.2951
N3925 X0.3921 Y0.0194 I-0.0462 J0.1529
N3930 X0.4233 Y0.0861 I-0.0568 J0.0671
N3935 G1 X0.4232 Y0.1245
N3940 G3 X0.401 Y0.1472 Z-0.1501 I-0.0236 J-0.0008
N3945 G1 X0.3988 Y0.1474 Z-0.1496
N3950 X0.0349 Y0.1692
N3955 X0.0343 Y0.1693
N3960 G3 X0.0098 Y0.1465 Z-0.1575 I-0.0008 J-0.0236
N3965 G1 Y0.1069
N3970 G3 X0.0362 Y0.0432 I0.1045 J0.0059
N3975 X0.1136 Y-0.0182 I0.1691 J0.1336
N3980 X0.3366 Y-0.0447 I0.1478 J0.2922
N3985 X0.3927 Y-0.0187 I-0.0401 J0.1597
N3990 X0.4233 Y0.0477 I-0.0582 J0.067
N3995 G1 X0.4232 Y0.0861
N4000 G3 X0.401 Y0.1089 Z-0.1501 I-0.0236 J-0.0008
N4005 G1 X0.3988 Y0.109 Z-0.1496
N4010 X0.0348 Y0.1297
N4015 X0.0343
N4020 G3 X0.0098 Y0.1069 Z-0.1575 I-0.0008 J-0.0236
N4025 G1 Y0.0673
N4030 G3 X0.0372 Y0.0034 I0.1055 J0.0074
N4035 X0.1162 Y-0.058 I0.1697 J0.1368
N4040 X0.3388 Y-0.0826 I0.1451 J0.2928
N4045 X0.3932 Y-0.0567 I-0.0416 J0.1574
N4050 X0.4233 Y0.0092 I-0.0582 J0.0663
N4055 G1 X0.4232 Y0.0477
N4060 G3 X0.4009 Y0.0704 Z-0.15 I-0.0236 J-0.0008
N4065 G1 X0.3988 Y0.0705 Z-0.1496
N4070 X0.0347 Y0.0901
N4075 X0.0343
N4080 G3 X0.0098 Y0.0673 Z-0.1575 I-0.0008 J-0.0236
N4085 G1 Y0.0313
N4090 G3 X0.0351 Y-0.0322 I0.1034 J0.0043
N4095 X0.1241 Y-0.1001 I0.1749 J0.1371
N4100 X0.3446 Y-0.1194 I0.1369 J0.2948
N4105 X0.3921 Y-0.096 I-0.046 J0.1527
N4110 X0.4233 Y-0.0292 I-0.0568 J0.0672
N4115 G1 X0.4232 Y0.0092
N4120 G3 X0.401 Y0.0319 Z-0.1501 I-0.0236 J-0.0008
N4125 G1 X0.3988 Y0.0321 Z-0.1496
N4130 X0.0349 Y0.054
N4135 X0.0343 Y0.0541
N4140 G3 X0.0098 Y0.0313 Z-0.1575 I-0.0008 J-0.0236
N4145 G1 Y-0.0083
N4150 G3 X0.0362 Y-0.072 I0.1044 J0.0058
N4155 X0.1135 Y-0.1335 I0.1691 J0.1335
N4160 X0.3365 Y-0.1601 I0.1479 J0.292
N4165 X0.3927 Y-0.134 I-0.0399 J0.1597
N4170 X0.4233 Y-0.0676 I-0.0581 J0.067
N4175 G1 X0.4232 Y-0.0292
N4180 G3 X0.401 Y-0.0064 Z-0.1501 I-0.0236 J-0.0008
N4185 G1 X0.3988 Y-0.0063 Z-0.1496
N4190 X0.0348 Y0.0144
N4195 X0.0343 Y0.0145
N4200 G3 X0.0098 Y-0.0083 Z-0.1575 I-0.0008 J-0.0236
N4205 G1 Y-0.0479
N4210 G3 X0.0372 Y-0.1118 I0.1054 J0.0073
N4215 X0.1161 Y-0.1732 I0.1697 J0.1366
N4220 X0.3386 Y-0.198 I0.1452 J0.2927
N4225 X0.3932 Y-0.172 I-0.0416 J0.1576
N4230 X0.4233 Y-0.1061 I-0.0582 J0.0664
N4235 G1 X0.4232 Y-0.0676
N4240 G3 X0.4009 Y-0.0449 Z-0.15 I-0.0236 J-0.0008
N4245 G1 X0.3988 Y-0.0448 Z-0.1496
N4250 X0.0347 Y-0.0251
N4255 X0.0343
N4260 G3 X0.0098 Y-0.0479 Z-0.1575 I-0.0008 J-0.0236
N4265 G1 Y-0.0855
N4270 G3 X0.0365 Y-0.1493 I0.1048 J0.0063
N4275 X0.1147 Y-0.2109 I0.1696 J0.1347
N4280 X0.3377 Y-0.2366 I0.1467 J0.2922
N4285 X0.3928 Y-0.2107 I-0.0409 J0.1585
N4290 X0.4233 Y-0.1445 I-0.0577 J0.0666
N4295 G1 X0.4232 Y-0.1061
N4300 G3 X0.4009 Y-0.0834 Z-0.1501 I-0.0236 J-0.0008
N4305 G1 X0.3988 Y-0.0832 Z-0.1496
N4310 X0.0348 Y-0.0628
N4315 X0.0343
N4320 G3 X0.0098 Y-0.0855 Z-0.1575 I-0.0008 J-0.0236
N4325 G1 Y-0.1227
N4330 G3 X0.0354 Y-0.1863 I0.1038 J0.0047
N4335 X0.1119 Y-0.2479 I0.169 J0.1315
N4340 X0.3452 Y-0.273 I0.1491 J0.2897
N4345 X0.3922 Y-0.2496 I-0.0466 J0.1526
N4350 X0.4233 Y-0.1829 I-0.057 J0.0671
N4355 G1 X0.4232 Y-0.1445
N4360 G3 X0.401 Y-0.1218 Z-0.1501 I-0.0236 J-0.0008
N4365 G1 X0.3988 Y-0.1217 Z-0.1496
N4370 X0.0349 Y-0.1
N4375 X0.0343
N4380 G3 X0.0098 Y-0.1227 Z-0.1575 I-0.0008 J-0.0236
N4385 G1 Y-0.1623
N4390 G3 X0.0364 Y-0.2261 I0.1047 J0.0062
N4395 X0.114 Y-0.2875 I0.1692 J0.1341
N4400 X0.337 Y-0.3137 I0.1474 J0.2924
N4405 X0.3928 Y-0.2877 I-0.0402 J0.1591
N4410 X0.4233 Y-0.2214 I-0.0583 J0.0669
N4415 G1 X0.4232 Y-0.1829
N4420 G3 X0.4009 Y-0.1602 Z-0.1501 I-0.0236 J-0.0008
N4425 G1 X0.3988 Y-0.16 Z-0.1496
N4430 X0.0348 Y-0.1396
N4435 X0.0343 Y-0.1395
N4440 G3 X0.0098 Y-0.1623 Z-0.1575 I-0.0008 J-0.0236
N4445 G1 Y-0.2019
N4450 G3 X0.0374 Y-0.2658 I0.1057 J0.0077
N4455 X0.1167 Y-0.3272 I0.1698 J0.1374
N4460 X0.3392 Y-0.3515 I0.1446 J0.293
N4465 X0.3906 Y-0.3277 I-0.0439 J0.1619
N4470 X0.4232 Y-0.2597 I-0.055 J0.0683
N4475 G1 Y-0.2214
N4480 G3 X0.4009 Y-0.1986 Z-0.15 I-0.0236 J-0.0008
N4485 G1 X0.3988 Y-0.1985 Z-0.1496
N4490 X0.0347 Y-0.1792
N4495 X0.0343 Y-0.1791
N4500 G3 X0.0098 Y-0.2019 Z-0.1575 I-0.0008 J-0.0236
N4505 G1 Y-0.2379
N4510 G3 X0.0352 Y-0.3014 I0.1035 J0.0046
N4515 X0.1118 Y-0.3632 I0.169 J0.1313
N4520 X0.3343 Y-0.3912 I0.1497 J0.2913
N4525 X0.3922 Y-0.3649 I-0.0388 J0.1624
N4530 X0.4233 Y-0.2982 I-0.0575 J0.0674
N4535 G1 X0.4232 Y-0.2597
N4540 G3 X0.401 Y-0.237 Z-0.1501 I-0.0236 J-0.0008
N4545 G1 X0.3988 Y-0.2368 Z-0.1496
N4550 X0.0349 Y-0.2152
N4555 X0.0343
N4560 G3 X0.0098 Y-0.2379 Z-0.1575 I-0.0008 J-0.0236
N4565 G1 Y-0.2775
N4570 G3 X0.0363 Y-0.3413 I0.1046 J0.0061
N4575 X0.1139 Y-0.4027 I0.1692 J0.1339
N4580 X0.3368 Y-0.429 I0.1474 J0.2919
N4585 X0.3928 Y-0.4029 I-0.0402 J0.1596
N4590 X0.4233 Y-0.3366 I-0.0582 J0.0669
N4595 G1 X0.4232 Y-0.2982
N4600 G3 X0.4009 Y-0.2754 Z-0.1501 I-0.0236 J-0.0008
N4605 G1 X0.3988 Y-0.2753 Z-0.1496
N4610 X0.0348 Y-0.2548
N4615 X0.0343
N4620 G3 X0.0098 Y-0.2775 Z-0.1575 I-0.0008 J-0.0236
N4625 G1 Y-0.3171
N4630 G3 X0.0374 Y-0.381 I0.1056 J0.0076
N4635 X0.1166 Y-0.4425 I0.1698 J0.1372
N4640 X0.339 Y-0.4669 I0.1447 J0.2928
N4645 X0.3933 Y-0.4409 I-0.0418 J0.1571
N4650 X0.4233 Y-0.3751 I-0.0583 J0.0663
N4655 G1 X0.4232 Y-0.3366
N4660 G3 X0.4009 Y-0.3139 Z-0.15 I-0.0236 J-0.0008
N4665 G1 X0.3988 Y-0.3137 Z-0.1496
N4670 X0.0347 Y-0.2944
N4675 X0.0343
N4680 G3 X0.0098 Y-0.3171 Z-0.1575 I-0.0008 J-0.0236
N4685 G1 Y-0.3548
N4690 G3 X0.0366 Y-0.4185 I0.1049 J0.0065
N4695 X0.1151 Y-0.4802 I0.1697 J0.1353
N4700 X0.3381 Y-0.5055 I0.1461 J0.2924
N4705 X0.3929 Y-0.4796 I-0.0411 J0.1579
N4710 X0.4233 Y-0.4135 I-0.0579 J0.0665
N4715 G1 X0.4232 Y-0.3751
N4720 G3 X0.4009 Y-0.3523 Z-0.1501 I-0.0236 J-0.0008
N4725 G1 X0.3988 Y-0.3522 Z-0.1496
N4730 X0.0348 Y-0.332
N4735 X0.0343
N4740 G3 X0.0098 Y-0.3548 Z-0.1575 I-0.0008 J-0.0236
N4745 G1 Y-0.392
N4750 G3 X0.0355 Y-0.4556 I0.1039 J0.005
N4755 X0.1123 Y-0.5172 I0.1691 J0.132
N4760 X0.3456 Y-0.5419 I0.1486 J0.2899
N4765 X0.3923 Y-0.5185 I-0.0468 J0.152
N4770 X0.4233 Y-0.4519 I-0.0571 J0.067
N4775 G1 X0.4232 Y-0.4135
N4780 G3 X0.401 Y-0.3908 Z-0.1501 I-0.0236 J-0.0008
N4785 G1 X0.3988 Y-0.3907 Z-0.1496
N4790 X0.0348 Y-0.3692
N4795 X0.0343
N4800 G3 X0.0098 Y-0.392 Z-0.1575 I-0.0008 J-0.0236
N4805 G1 Y-0.4316
N4810 G3 X0.0366 Y-0.4953 I0.1049 J0.0065
N4815 X0.1144 Y-0.5567 I0.1692 J0.1346
N4820 X0.3374 Y-0.5826 I0.1469 J0.2926
N4825 X0.3929 Y-0.5566 I-0.0404 J0.1586
N4830 X0.4233 Y-0.4904 I-0.0584 J0.0669
N4835 G1 X0.4232 Y-0.4519
N4840 G3 X0.4009 Y-0.4292 Z-0.1501 I-0.0236 J-0.0008
N4845 G1 X0.3988 Y-0.4291 Z-0.1496
N4850 X0.0348 Y-0.4088
N4855 X0.0343
N4860 G3 X0.0098 Y-0.4316 Z-0.1575 I-0.0008 J-0.0236
N4865 G1 Y-0.4695
N4870 G3 X0.0362 Y-0.5333 I0.1045 J0.0059
N4875 X0.1138 Y-0.5948 I0.1691 J0.1337
N4880 X0.337 Y-0.6211 I0.1476 J0.292
N4885 X0.3927 Y-0.5952 I-0.04 J0.1589
N4890 X0.4233 Y-0.5288 I-0.0581 J0.067
N4895 G1 X0.4232 Y-0.4904
N4900 G3 X0.401 Y-0.4676 Z-0.1501 I-0.0236 J-0.0008
N4905 G1 X0.3988 Y-0.4675 Z-0.1496
N4910 X0.0348 Y-0.4468
N4915 X0.0343
N4920 G3 X0.0098 Y-0.4695 Z-0.1575 I-0.0008 J-0.0236
N4925 G1 Y-0.5072
N4930 G3 X0.0355 Y-0.5708 I0.1038 J0.0049
N4935 X0.112 Y-0.6323 I0.1689 J0.1317
N4940 X0.3454 Y-0.6572 I0.1489 J0.2897
N4945 X0.3923 Y-0.6338 I-0.0469 J0.1526
N4950 X0.4233 Y-0.5672 I-0.057 J0.067
N4955 G1 X0.4232 Y-0.5288
N4960 G3 X0.401 Y-0.506 Z-0.1501 I-0.0236 J-0.0008
N4965 G1 X0.3988 Y-0.5059 Z-0.1496
N4970 X0.0348 Y-0.4844
N4975 X0.0343
N4980 G3 X0.0098 Y-0.5072 Z-0.1575 I-0.0008 J-0.0236
N4985 G1 Y-0.5468
N4990 G3 X0.0365 Y-0.6105 I0.1048 J0.0064
N4995 X0.1144 Y-0.6719 I0.1693 J0.1346
N5000 X0.3373 Y-0.6979 I0.147 J0.2924
N5005 X0.3929 Y-0.6719 I-0.0404 J0.1588
N5010 X0.4233 Y-0.6057 I-0.0584 J0.0669
N5015 G1 X0.4232 Y-0.5672
N5020 G3 X0.4009 Y-0.5444 Z-0.1501 I-0.0236 J-0.0008
N5025 G1 X0.3988 Y-0.5443 Z-0.1496
N5030 X0.0348 Y-0.524
N5035 X0.0343
N5040 G3 X0.0098 Y-0.5468 Z-0.1575 I-0.0008 J-0.0236
N5045 G1 Y-0.5844
N5050 G3 X0.0358 Y-0.6481 I0.1042 J0.0054
N5055 X0.1129 Y-0.7096 I0.169 J0.1326
N5060 X0.3461 Y-0.7339 I0.148 J0.2898
N5065 X0.3925 Y-0.7105 I-0.0473 J0.1517
N5070 X0.4233 Y-0.6441 I-0.0572 J0.0669
N5075 G1 X0.4232 Y-0.6057
N5080 G3 X0.401 Y-0.5829 Z-0.1501 I-0.0236 J-0.0008
N5085 G1 X0.3988 Y-0.5828 Z-0.1496
N5090 X0.0348 Y-0.5616
N5095 X0.0343
N5100 G3 X0.0098 Y-0.5844 Z-0.1575 I-0.0008 J-0.0236
N5105 G1 Y-0.624
N5110 G3 X0.0368 Y-0.6878 I0.1051 J0.0069
N5115 X0.1152 Y-0.7492 I0.1696 J0.1356
N5120 X0.338 Y-0.7746 I0.1461 J0.2927
N5125 X0.393 Y-0.7485 I-0.0413 J0.1585
N5130 X0.4233 Y-0.6825 I-0.058 J0.0665
N5135 G1 X0.4232 Y-0.6441
N5140 G3 X0.4009 Y-0.6213 Z-0.1501 I-0.0236 J-0.0008
N5145 G1 X0.3988 Y-0.6212 Z-0.1496
N5150 X0.0347 Y-0.6012
N5155 X0.0343
N5160 G3 X0.0098 Y-0.624 Z-0.1575 I-0.0008 J-0.0236
N5165 G1 Y-0.6612
N5170 G3 X0.0358 Y-0.7248 I0.1041 J0.0053
N5175 X0.1129 Y-0.7864 I0.169 J0.1325
N5180 X0.346 Y-0.8108 I0.1481 J0.2898
N5185 X0.3924 Y-0.7874 I-0.0471 J0.1516
N5190 X0.4233 Y-0.7209 I-0.0572 J0.0669
N5195 G1 X0.4232 Y-0.6825
N5200 G3 X0.401 Y-0.6598 Z-0.1501 I-0.0236 J-0.0008
N5205 G1 X0.3988 Y-0.6596 Z-0.1496
N5210 X0.0348 Y-0.6384
N5215 X0.0343
N5220 G3 X0.0098 Y-0.6612 Z-0.1575 I-0.0008 J-0.0236
N5225 G1 Y-0.7008
N5230 G3 X0.0368 Y-0.7646 I0.105 J0.0068
N5235 X0.1151 Y-0.826 I0.1695 J0.1354
N5240 X0.3378 Y-0.8515 I0.1463 J0.2927
N5245 X0.393 Y-0.8254 I-0.0412 J0.1587
N5250 X0.4233 Y-0.7594 I-0.0579 J0.0665
N5255 G1 X0.4232 Y-0.7209
N5260 G3 X0.4009 Y-0.6982 Z-0.1501 I-0.0236 J-0.0008
N5265 G1 X0.3988 Y-0.6981 Z-0.1496
N5270 X0.0347 Y-0.678
N5275 X0.0343
N5280 G3 X0.0098 Y-0.7008 Z-0.1575 I-0.0008 J-0.0236
N5285 G1 Y-0.7388
N5290 G3 X0.0364 Y-0.8025 I0.1047 J0.0062
N5295 X0.1144 Y-0.8641 I0.1693 J0.1344
N5300 X0.3375 Y-0.89 I0.147 J0.2922
N5305 X0.3928 Y-0.8641 I-0.0403 J0.1582
N5310 X0.4233 Y-0.7978 I-0.0583 J0.0669
N5315 G1 X0.4232 Y-0.7594
N5320 G3 X0.4009 Y-0.7366 Z-0.1501 I-0.0236 J-0.0008
N5325 G1 X0.3988 Y-0.7365 Z-0.1496
N5330 X0.0348 Y-0.716
N5335 X0.0343
N5340 G3 X0.0098 Y-0.7388 Z-0.1575 I-0.0008 J-0.0236
N5345 G1 Y-0.7764
N5350 G3 X0.0357 Y-0.84 I0.104 J0.0052
N5355 X0.1126 Y-0.9016 I0.1691 J0.1324
N5360 X0.3459 Y-0.9261 I0.1484 J0.2899
N5365 X0.3924 Y-0.9027 I-0.0471 J0.1519
N5370 X0.4233 Y-0.8362 I-0.0572 J0.0669
N5375 G1 X0.4232 Y-0.7978
N5380 G3 X0.401 Y-0.7751 Z-0.1501 I-0.0236 J-0.0008
N5385 G1 X0.3988 Y-0.7749 Z-0.1496
N5390 X0.0348 Y-0.7536
N5395 X0.0343
N5400 G3 X0.0098 Y-0.7764 Z-0.1575 I-0.0008 J-0.0236
N5405 G1 Y-0.816
N5410 G3 X0.0367 Y-0.8798 I0.105 J0.0067
N5415 X0.1149 Y-0.9412 I0.1694 J0.1352
N5420 X0.3377 Y-0.9668 I0.1465 J0.2927
N5425 X0.393 Y-0.9408 I-0.0406 J0.1582
N5430 X0.4233 Y-0.8747 I-0.0585 J0.0668
N5435 G1 X0.4232 Y-0.8362
N5440 G3 X0.4009 Y-0.8135 Z-0.1501 I-0.0236 J-0.0008
N5445 G1 X0.3988 Y-0.8133 Z-0.1496
N5450 X0.0348 Y-0.7932
N5455 X0.0343
N5460 G3 X0.0098 Y-0.816 Z-0.1575 I-0.0008 J-0.0236
N5465 G1 Y-0.8536
N5470 G3 X0.036 Y-0.9173 I0.1044 J0.0057
N5475 X0.1134 Y-0.9789 I0.1691 J0.1333
N5480 X0.3367 Y-1.0054 I0.148 J0.2919
N5485 X0.3926 Y-0.9795 I-0.0399 J0.1591
N5490 X0.4233 Y-0.9131 I-0.058 J0.067
N5495 G1 X0.4232 Y-0.8747
N5500 G3 X0.401 Y-0.8519 Z-0.1501 I-0.0236 J-0.0008
N5505 G1 X0.3988 Y-0.8518 Z-0.1496
N5510 X0.0348 Y-0.8309
N5515 X0.0343 Y-0.8308
N5520 G3 X0.0098 Y-0.8536 Z-0.1575 I-0.0008 J-0.0236
N5525 G1 Y-0.8932
N5530 G3 X0.037 Y-0.9571 I0.1053 J0.0071
N5535 X0.1158 Y-1.0185 I0.1697 J0.1363
N5540 X0.3384 Y-1.0435 I0.1456 J0.2929
N5545 X0.3931 Y-1.0175 I-0.0415 J0.1579
N5550 X0.4233 Y-0.9515 I-0.0581 J0.0664
N5555 G1 X0.4232 Y-0.9131
N5560 G3 X0.4009 Y-0.8903 Z-0.15 I-0.0236 J-0.0008
N5565 G1 X0.3988 Y-0.8902 Z-0.1496
N5570 X0.0347 Y-0.8705
N5575 X0.0343 Y-0.8704
N5580 G3 X0.0098 Y-0.8932 Z-0.1575 I-0.0008 J-0.0236
N5585 G1 Y-0.9304
N5590 G3 X0.0383 Y-0.9999 I0.1064 J0.0031
N5595 X0.1122 Y-1.0576 I0.1653 J0.1354
N5600 X0.3419 Y-1.0835 I0.1493 J0.2933
N5605 X0.3898 Y-1.0613 I-0.0476 J0.1656
N5610 X0.4218 Y-1.0084 I-0.0551 J0.0694
N5615 G1 X0.4232 Y-0.9927
N5620 Y-0.9515
N5625 G3 X0.401 Y-0.9288 Z-0.1501 I-0.0236 J-0.0008
N5630 G1 X0.3988 Y-0.9287 Z-0.1496
N5635 X0.0348 Y-0.9077
N5640 X0.0343 Y-0.9076
N5645 G3 X0.0098 Y-0.9304 Z-0.1575 I-0.0008 J-0.0236
N5650 G1 Y-0.9724
N5655 G3 X0.0351 Y-1.0371 I0.1034 J0.0031
N5660 X0.0825 Y-1.0811 I0.1489 J0.1126
N5665 G2 X0.0728 Y-1.2274 I-0.0513 J-0.0701
N5670 G1 X0.0413 Y-1.2425
N5675 G2 X-0.0748 Y-1.2523 I-0.141 J0.9694
N5680 G3 X-0.1189 Y-1.2672 I0.0033 J-0.0826
N5685 G2 X-0.1822 Y-1.2997 I-0.4104 J0.7215
N5690 G1 X-0.1981 Y-1.3052
N5695 X-0.206 Y-1.3075
N5700 X-0.2114 Y-1.3085
N5705 G3 X-0.23 Y-1.3305 I0.005 J-0.0231
N5710 G1 X-0.2301 Y-1.3342 Z-0.1572
N5715 X-0.2303 Y-1.3378 Z-0.1563
N5720 X-0.2305 Y-1.3412 Z-0.1549
N5725 X-0.2306 Y-1.3443 Z-0.153
N5730 X-0.2307 Y-1.3472 Z-0.1506
N5735 X-0.2308 Y-1.3496 Z-0.1477
N5740 X-0.2309 Y-1.3515 Z-0.1446
N5745 X-0.231 Y-1.3529 Z-0.1412
N5750 Y-1.3538 Z-0.1376
N5755 X-0.2311 Y-1.3541 Z-0.1339
N5760 Z0.1969
N5765 X0.741 Y-1.345
N5770 Z-0.1102
N5775 Z-0.1339
N5780 X0.7408 Y-1.3448 Z-0.1376
N5785 X0.7401 Y-1.3443 Z-0.1412
N5790 X0.739 Y-1.3434 Z-0.1446
N5795 X0.7376 Y-1.3422 Z-0.1477
N5800 X0.7357 Y-1.3406 Z-0.1506
N5805 X0.7335 Y-1.3388 Z-0.153
N5810 X0.7311 Y-1.3368 Z-0.1549
N5815 X0.7285 Y-1.3346 Z-0.1563
N5820 X0.7257 Y-1.3323 Z-0.1572
N5825 X0.7228 Y-1.33 Z-0.1575
N5830 G3 X0.6948 Y-1.3168 I-0.0397 J-0.048
N5835 G2 X0.6259 Y-1.304 I0.0672 J0.5522
N5840 G1 X0.618 Y-1.3008
N5845 X0.6101 Y-1.2975
N5850 X0.6044 Y-1.2947
N5855 G3 X0.5023 Y-1.2678 I-0.1282 J-0.2796
N5860 G1 X0.4965 Y-1.2667
N5865 G2 X0.4423 Y-1.2479 I0.0024 J0.0943
N5870 X0.4108 Y-1.1623 I0.0539 J0.0684
N5875 G1 X0.4195 Y-1.1285
N5880 G3 X0.4293 Y-1.0729 I-0.0758 J0.0421
N5885 X0.4078 Y-1.0538 I-0.0232 J-0.0045
N5890 G1 X0.4041 Y-1.0536 Z-0.1572
N5895 X0.4005 Y-1.0533 Z-0.1563
N5900 X0.3971 Y-1.0531 Z-0.1549
N5905 X0.3939 Y-1.0529 Z-0.153
N5910 X0.3911 Y-1.0527 Z-0.1506
N5915 X0.3887 Y-1.0525 Z-0.1477
N5920 X0.3868 Y-1.0524 Z-0.1446
N5925 X0.3854 Y-1.0523 Z-0.1412
N5930 X0.3845 Y-1.0522 Z-0.1376
N5935 X0.3842 Z-0.1339
N5940 Z0.1969
N5945 X0.6398 Y-1.3356
N5950 Z-0.1102
N5955 Z-0.1339
N5960 X0.6396 Y-1.3354 Z-0.1376
N5965 X0.6391 Y-1.3347 Z-0.1412
N5970 X0.6384 Y-1.3335 Z-0.1446
N5975 X0.6373 Y-1.3318 Z-0.1477
N5980 X0.636 Y-1.3298 Z-0.1506
N5985 X0.6345 Y-1.3274 Z-0.153
N5990 X0.6328 Y-1.3248 Z-0.1549
N5995 X0.6309 Y-1.3219 Z-0.1563
N6000 X0.629 Y-1.3189 Z-0.1572
N6005 X0.627 Y-1.3157 Z-0.1575
N6010 G3 X0.6044 Y-1.2947 I-0.0524 J-0.0336
N6015 G1 X0.5625 Y-1.2734
N6020 G2 X0.5272 Y-1.2472 I0.0724 J0.1345
N6025 X0.4833 Y-1.2019 I0.4452 J0.4762
N6030 X0.4548 Y-1.1521 I0.2484 J0.1753
N6035 G1 X0.443 Y-1.1284
N6040 G2 X0.4294 Y-1.0729 I0.1942 J0.0772
N6045 X0.4233 Y-0.9927 I0.3361 J0.0659
N6050 G1 X0.4229 Y-0.9889 Z-0.1567
N6055 X0.4218 Y-0.9853 Z-0.1559
N6060 X0.4202 Y-0.9819 Z-0.1551
N6065 X0.4181 Y-0.9787 Z-0.1543
N6070 X0.4155 Y-0.976 Z-0.1535
N6075 X0.4125 Y-0.9737 Z-0.1527
N6080 X0.4092 Y-0.9719 Z-0.1519
N6085 X0.4056 Y-0.9707 Z-0.1511
N6090 X0.4033 Y-0.9702 Z-0.1506
N6095 X0.4009 Y-0.9699 Z-0.1501
N6100 X0.3988 Y-0.9698 Z-0.1496
N6105 X0.0348 Y-0.9496
N6110 X0.0343
N6115 G3 X0.0098 Y-0.9724 Z-0.1575 I-0.0008 J-0.0236
N6120 G1 Y-1.0017
N6125 Y-1.014
N6130 X0.0101 Y-1.0199
N6135 G2 X0.0135 Y-1.0517 I-0.1435 J-0.0316
N6140 G1 X0.0125 Y-1.0603
N6145 X0.0107 Y-1.0689
N6150 X0.0003 Y-1.1022
N6155 X-0.0012 Y-1.1045
N6160 X-0.0025 Y-1.107
N6165 X-0.0035 Y-1.1097
N6170 G3 X0.0127 Y-1.1389 Z-0.1496 I0.0227 J-0.0065
N6175 X0.0426 Y-1.1195 I0.0065 J0.0227
N6180 G1 X0.0568 Y-1.0182
N6185 G3 X0.0343 Y-0.9913 I-0.0234 J0.0033
N6190 X0.0098 Y-1.014 Z-0.1575 I-0.0009 J-0.0236
N6195 G2 X0.0023 Y-1.0808 I-0.3499 J0.0054
N6200 X-0.01 Y-1.1284 I-0.169 J0.0182
N6205 X-0.0428 Y-1.1918 I-0.8058 J0.3774
N6210 X-0.0714 Y-1.2243 I-0.1625 J0.1141
N6215 G1 X-0.0951 Y-1.2481
N6220 G2 X-0.1189 Y-1.2672 I-0.1134 J0.117
N6225 G1 X-0.1216 Y-1.2696 Z-0.1567
N6230 G2 X-0.1404 Y-1.2883 Z-0.1511 I-0.4714 J0.4548
N6235 G1 X-0.1454 Y-1.293 Z-0.1496
N6240 G2 X-0.3056 Y-1.4034 I-0.4476 J0.4782
N6245 G1 X-0.3085 Y-1.4046
N6250 X-0.3115 Y-1.4054
N6255 X-0.3146 Y-1.4058
N6260 X-0.8004 Y-1.4343
N6265 X-0.8036
N6270 X-0.8066 Y-1.4338
N6275 X-0.8096 Y-1.433
N6280 G2 X-0.9881 Y-1.3373 I0.2166 J0.6182
N6285 G1 X-0.9935 Y-1.3331 Z-0.1511
N6290 X-1.008 Y-1.3216 Z-0.155
N6295 G3 X-1.0185 Y-1.3167 Z-0.1575 I-0.015 J-0.0183
N6300 G2 X-1.0855 Y-1.3043 I0.0693 J0.5638
N6305 X-1.1082 Y-1.2947 I0.0715 J0.2002
N6310 G3 X-1.1976 Y-1.2708 I-0.121 J-0.2736
N6315 X-1.3367 Y-1.2617 I-0.1418 J-1.0939
N6320 X-1.6856 Y-1.2599 I-0.2603 J-16.7564
N6325 G1 X-1.7204 Y-1.2573
N6330 X-1.7544 Y-1.2493
N6335 X-1.7862 Y-1.2352
N6340 X-1.815 Y-1.2153
N6345 X-1.8398 Y-1.1909
N6350 X-1.8607 Y-1.1629
N6355 X-1.8776 Y-1.1324
N6360 X-1.8911 Y-1.1002
N6365 G2 X-1.9197 Y-0.9639 I0.5522 J0.1871
N6370 X-1.9295 Y-0.7549 I2.1853 J0.2074
N6375 X-1.931 Y-0.441 I19.0874 J0.252
N6380 G1 X-1.9311 Y-0.127
N6385 Y0.0126
N6390 Y0.9196
N6395 X-1.931 Y0.9545
N6400 X-1.9294 Y0.9894
N6405 X-1.9232 Y1.0237
N6410 X-1.9109 Y1.0563
N6415 X-1.8928 Y1.0861
N6420 X-1.8697 Y1.1123
N6425 X-1.8428 Y1.1345
N6430 X-1.8131 Y1.1528
N6435 X-1.7815 Y1.1675
N6440 X-1.7485 Y1.179
N6445 G2 X-1.6113 Y1.203 I0.1865 J-0.66
N6450 X-1.3673 Y1.2115 I0.2251 J-2.9664
N6455 X-1.2536 Y1.2125 I0.3281 J-31.9668
N6460 G3 X-1.1947 Y1.2378 I-0.0027 J0.0873
N6465 G1 X-1.1854 Y1.2472
N6470 X-1.1806 Y1.2517
N6475 G2 X-1.1544 Y1.2709 I0.0995 J-0.1083
N6480 G3 X-1.1442 Y1.2978 I-0.0125 J0.0201
N6485 G1 X-1.1453 Y1.3014 Z-0.1572
N6490 X-1.1463 Y1.3048 Z-0.1563
N6495 X-1.1473 Y1.3081 Z-0.1549
N6500 X-1.1482 Y1.3111 Z-0.153
N6505 X-1.149 Y1.3138 Z-0.1506
N6510 X-1.1497 Y1.3161 Z-0.1477
N6515 X-1.1503 Y1.318 Z-0.1446
N6520 X-1.1507 Y1.3193 Z-0.1412
N6525 X-1.151 Y1.3202 Z-0.1376
N6530 Y1.3204 Z-0.1339
N6535 Z0.1969
N6540 X-1.0726 Y-1.3354
N6545 Z-0.1102
N6550 Z-0.1339
N6555 X-1.0728 Y-1.3352 Z-0.1376
N6560 X-1.0733 Y-1.3345 Z-0.1412
N6565 X-1.074 Y-1.3333 Z-0.1446
N6570 X-1.0751 Y-1.3317 Z-0.1477
N6575 X-1.0764 Y-1.3296 Z-0.1506
N6580 X-1.0779 Y-1.3273 Z-0.153
N6585 X-1.0797 Y-1.3246 Z-0.1549
N6590 X-1.0815 Y-1.3218 Z-0.1563
N6595 X-1.0835 Y-1.3187 Z-0.1572
N6600 X-1.0855 Y-1.3156 Z-0.1575
N6605 G3 X-1.1082 Y-1.2947 I-0.0523 J-0.0339
N6610 G1 X-1.1489 Y-1.274
N6615 G2 X-1.1667 Y-1.263 I0.072 J0.1365
N6620 G3 X-1.2429 Y-1.2325 I-0.1133 J-0.1724
N6625 X-1.3645 Y-1.2172 I-0.1427 J-0.6432
N6630 X-1.6086 Y-1.2129 I-0.2077 J-4.9599
N6635 G1 X-1.6435 Y-1.2122
N6640 X-1.6782 Y-1.2082
N6645 X-1.7117 Y-1.1986
N6650 X-1.7429 Y-1.1829
N6655 X-1.7708 Y-1.162
N6660 X-1.7949 Y-1.1367
N6665 X-1.815 Y-1.1082
N6670 X-1.8314 Y-1.0774
N6675 X-1.8444 Y-1.045
N6680 G2 X-1.8723 Y-0.9086 I0.579 J0.1896
N6685 X-1.8822 Y-0.6996 I2.2245 J0.2098
N6690 X-1.8838 Y-0.3856 I18.6434 J0.2545
N6695 G1 X-1.8839 Y-0.1065
N6700 Y0.1725
N6705 X-1.8838 Y0.8703
N6710 X-1.8836 Y0.9052
N6715 X-1.8817 Y0.94
N6720 X-1.8751 Y0.9743
N6725 X-1.8626 Y1.0068
N6730 X-1.8444 Y1.0366
N6735 X-1.8214 Y1.0628
N6740 X-1.7946 Y1.0851
N6745 X-1.7649 Y1.1035
N6750 X-1.7334 Y1.1184
N6755 X-1.7005 Y1.1301
N6760 G2 X-1.5635 Y1.1551 I0.1893 J-0.6511
N6765 X-1.3195 Y1.1642 I0.2279 J-2.8353
N6770 G1 X-1.3024 Y1.1651
N6775 G3 X-1.2311 Y1.1996 I-0.0038 J0.0984
N6780 G1 X-1.2244 Y1.2076
N6785 X-1.2202 Y1.2123
N6790 X-1.1947 Y1.2378
N6795 X-1.1924 Y1.2407
N6800 X-1.1906 Y1.2439
N6805 X-1.1899 Y1.2467 Z-0.1573
N6810 X-1.1891 Y1.2494 Z-0.1568
N6815 X-1.1884 Y1.2521 Z-0.1559
N6820 Y1.2539 Z-0.1551
N6825 X-1.1889 Y1.2571 Z-0.1531
N6830 X-1.1895 Y1.2599 Z-0.1507
N6835 X-1.1899 Y1.2624 Z-0.1478
N6840 X-1.1908 Y1.2641 Z-0.1447
N6845 X-1.1914 Y1.2654 Z-0.1412
N6850 X-1.1918 Y1.2662 Z-0.1376
N6855 X-1.1919 Y1.2665 Z-0.1339
N6860 Z0.1969
N6865 X-1.1391 Y-1.3096
N6870 Z-0.1102
N6875 Z-0.1339
N6880 X-1.1392 Y-1.3093 Z-0.1376
N6885 X-1.1395 Y-1.3085 Z-0.1412
N6890 X-1.14 Y-1.3072 Z-0.1446
N6895 X-1.1408 Y-1.3054 Z-0.1477
N6900 X-1.1417 Y-1.3032 Z-0.1506
N6905 X-1.1428 Y-1.3006 Z-0.153
N6910 X-1.144 Y-1.2976 Z-0.1549
N6915 X-1.1453 Y-1.2945 Z-0.1563
N6920 X-1.1467 Y-1.2911 Z-0.1572
N6925 X-1.1481 Y-1.2877 Z-0.1575
N6930 G3 X-1.1667 Y-1.263 I-0.0576 J-0.0238
N6935 G2 X-1.199 Y-1.2335 I0.1404 J0.1866
N6940 G3 X-1.2678 Y-1.1959 I-0.114 J-0.1267
N6945 G1 X-1.2841 Y-1.1907
N6950 G3 X-1.3974 Y-1.1725 I-0.1529 J-0.5904
N6955 X-1.5717 Y-1.1663 I-0.1827 J-2.6954
N6960 G1 X-1.6066 Y-1.1642
N6965 X-1.6409 Y-1.1579
N6970 X-1.6736 Y-1.1459
N6975 X-1.7037 Y-1.1282
N6980 X-1.7303 Y-1.1056
N6985 X-1.7531 Y-1.0792
N6990 X-1.772 Y-1.0499
N6995 X-1.7873 Y-1.0186
N7000 X-1.7995 Y-0.9859
N7005 G2 X-1.8256 Y-0.849 I0.6292 J0.1909
N7010 X-1.8353 Y-0.6051 I2.6804 J0.229
N7015 X-1.8365 Y-0.326 I18.6613 J0.2242
N7020 G1 X-1.8366 Y-0.0818
N7025 Y0.302
N7030 Y0.7904
N7035 Y0.8253
N7040 X-1.8361 Y0.8601
N7045 X-1.8335 Y0.8949
N7050 X-1.826 Y0.929
N7055 X-1.8128 Y0.9613
N7060 X-1.7939 Y0.9906
N7065 X-1.7704 Y1.0164
N7070 X-1.7433 Y1.0384
N7075 X-1.7135 Y1.0565
N7080 X-1.6819 Y1.0712
N7085 X-1.6489 Y1.0827
N7090 G2 X-1.5119 Y1.1076 I0.1911 J-0.6641
N7095 X-1.3476 Y1.1164 I0.2301 J-2.7537
N7100 G3 X-1.2953 Y1.1261 I-0.013 J0.2163
N7105 X-1.2501 Y1.1673 I-0.0327 J0.0812
N7110 G2 X-1.2311 Y1.1996 I0.2432 J-0.1214
N7115 G1 X-1.2296 Y1.2027
N7120 X-1.2285 Y1.206
N7125 X-1.228 Y1.2094
N7130 X-1.2279 Y1.2128
N7135 X-1.2284 Y1.2162
N7140 X-1.2293 Y1.2195
N7145 X-1.2307 Y1.2227
N7150 X-1.2326 Y1.2256
N7155 X-1.2348 Y1.2282
N7160 X-1.2374 Y1.2308 Z-0.1572
N7165 X-1.2399 Y1.2334 Z-0.1563
N7170 X-1.2424 Y1.2358 Z-0.1549
N7175 X-1.2446 Y1.238 Z-0.153
N7180 X-1.2466 Y1.24 Z-0.1506
N7185 X-1.2483 Y1.2417 Z-0.1477
N7190 X-1.2496 Y1.2431 Z-0.1446
N7195 X-1.2506 Y1.2441 Z-0.1412
N7200 X-1.2512 Y1.2447 Z-0.1376
N7205 X-1.2514 Y1.2449 Z-0.1339
N7210 Z0.1969
N7215 X-1.1784 Y-1.2835
N7220 Z-0.1102
N7225 Z-0.1339
N7230 X-1.1785 Y-1.2832 Z-0.1376
N7235 X-1.1787 Y-1.2824 Z-0.1412
N7240 X-1.1791 Y-1.281 Z-0.1446
N7245 X-1.1795 Y-1.2792 Z-0.1477
N7250 X-1.1801 Y-1.2768 Z-0.1506
N7255 X-1.1808 Y-1.2741 Z-0.153
N7260 X-1.1816 Y-1.271 Z-0.1549
N7265 X-1.1824 Y-1.2677 Z-0.1563
N7270 X-1.1833 Y-1.2642 Z-0.1572
N7275 X-1.1842 Y-1.2606 Z-0.1575
N7280 G3 X-1.1991 Y-1.2335 I-0.0604 J-0.0154
N7285 G2 X-1.232 Y-1.1984 I0.2037 J0.2242
N7290 G3 X-1.2547 Y-1.1777 I-0.0597 J-0.0426
N7295 X-1.3358 Y-1.1438 I-0.1359 J-0.211
N7300 X-1.4574 Y-1.1253 I-0.1582 J-0.6313
N7305 G1 X-1.4922 Y-1.123
N7310 X-1.527 Y-1.1212
N7315 X-1.5618 Y-1.1179
N7320 X-1.5958 Y-1.1104
N7325 X-1.6282 Y-1.0974
N7330 X-1.6579 Y-1.079
N7335 X-1.684 Y-1.0559
N7340 X-1.7064 Y-1.0292
N7345 X-1.725 Y-0.9997
N7350 X-1.7401 Y-0.9682
N7355 X-1.7521 Y-0.9354
N7360 G2 X-1.7781 Y-0.7986 I0.6418 J0.1928
N7365 X-1.788 Y-0.5547 I2.6744 J0.2308
N7370 X-1.7893 Y-0.2756 I18.2329 J0.2261
N7375 G1 X-1.7894 Y-0.0314
N7380 Y0.4222
N7385 Y0.7361
N7390 X-1.7893 Y0.771
N7395 X-1.7889 Y0.8059
N7400 X-1.7866 Y0.8407
N7405 X-1.7799 Y0.875
N7410 X-1.7674 Y0.9075
N7415 X-1.7494 Y0.9374
N7420 X-1.7267 Y0.9639
N7425 X-1.7001 Y0.9865
N7430 X-1.6707 Y1.0053
N7435 X-1.6394 Y1.0206
N7440 X-1.6067 Y1.0328
N7445 G2 X-1.4699 Y1.0593 I0.1931 J-0.6314
N7450 G1 X-1.4352 Y1.0625
N7455 G3 X-1.3384 Y1.0731 I-0.0363 J0.7787
N7460 X-1.2853 Y1.1016 I-0.0158 J0.093
N7465 G1 X-1.2762 Y1.1143
N7470 X-1.2696 Y1.1284
N7475 X-1.2578 Y1.1521
N7480 X-1.2501 Y1.1673
N7485 G3 X-1.2563 Y1.1954 I-0.0214 J0.01
N7490 G1 X-1.2592 Y1.1978 Z-0.1572
N7495 X-1.2619 Y1.2001 Z-0.1563
N7500 X-1.2645 Y1.2023 Z-0.1549
N7505 X-1.267 Y1.2043 Z-0.153
N7510 X-1.2691 Y1.2061 Z-0.1506
N7515 X-1.271 Y1.2077 Z-0.1477
N7520 X-1.2724 Y1.2089 Z-0.1446
N7525 X-1.2735 Y1.2098 Z-0.1412
N7530 X-1.2742 Y1.2104 Z-0.1376
N7535 X-1.2744 Y1.2106 Z-0.1339
N7540 Z0.1969
N7545 X-1.2229 Y-1.2517
N7550 Z-0.1102
N7555 Z-0.1339
N7560 Y-1.2514 Z-0.1376
N7565 Y-1.2506 Z-0.1412
N7570 X-1.223 Y-1.2491 Z-0.1446
N7575 Y-1.2472 Z-0.1477
N7580 X-1.2231 Y-1.2448 Z-0.1506
N7585 X-1.2232 Y-1.242 Z-0.153
N7590 Y-1.2388 Z-0.1549
N7595 X-1.2233 Y-1.2354 Z-0.1563
N7600 X-1.2234 Y-1.2318 Z-0.1572
N7605 X-1.2235 Y-1.2281 Z-0.1575
N7610 G3 X-1.2319 Y-1.1984 I-0.0623 J-0.0016
N7615 G2 X-1.247 Y-1.1735 I0.3729 J0.2432
N7620 G3 X-1.2972 Y-1.1275 I-0.0997 J-0.0583
N7625 X-1.389 Y-1.0943 I-0.1498 J-0.2703
N7630 G1 X-1.4188 Y-1.0882
N7635 X-1.4533 Y-1.083
N7640 X-1.488 Y-1.0789
N7645 X-1.5224 Y-1.0732
N7650 X-1.5559 Y-1.0634
N7655 X-1.5874 Y-1.0485
N7660 X-1.616 Y-1.0286
N7665 X-1.6411 Y-1.0044
N7670 X-1.6625 Y-0.9768
N7675 X-1.6803 Y-0.9468
N7680 X-1.6947 Y-0.915
N7685 G2 X-1.7271 Y-0.7796 I0.5267 J0.1976
N7690 X-1.7397 Y-0.5708 I1.861 J0.2169
N7695 X-1.742 Y-0.2219 I16.11 J0.2835
N7700 G1 X-1.7421 Y-0.0126
N7705 Y0.5107
N7710 Y0.6851
N7715 Y0.72
N7720 X-1.7416 Y0.7549
N7725 X-1.7394 Y0.7897
N7730 X-1.7329 Y0.824
N7735 X-1.7208 Y0.8567
N7740 X-1.7032 Y0.8868
N7745 X-1.6808 Y0.9136
N7750 X-1.6546 Y0.9365
N7755 X-1.6254 Y0.9557
N7760 X-1.5943 Y0.9714
N7765 X-1.5617 Y0.9839
N7770 G2 X-1.4253 Y1.0122 I0.2142 J-0.6904
N7775 G1 X-1.3908 Y1.0175
N7780 G3 X-1.3216 Y1.0374 I-0.0337 J0.2471
N7785 X-1.2793 Y1.0967 I-0.0429 J0.0754
N7790 G1 X-1.2776 Y1.1046
N7795 X-1.2725 Y1.1205
N7800 X-1.2696 Y1.1284
N7805 G3 X-1.2792 Y1.1555 I-0.0225 J0.0073
N7810 G1 X-1.2823 Y1.1575 Z-0.1572
N7815 X-1.2853 Y1.1595 Z-0.1563
N7820 X-1.2882 Y1.1613 Z-0.1549
N7825 X-1.2908 Y1.1631 Z-0.153
N7830 X-1.2932 Y1.1646 Z-0.1506
N7835 X-1.2952 Y1.1659 Z-0.1477
N7840 X-1.2968 Y1.167 Z-0.1446
N7845 X-1.298 Y1.1677 Z-0.1412
N7850 X-1.2987 Y1.1682 Z-0.1376
N7855 X-1.299 Y1.1684 Z-0.1339
N7860 Z0.1969
N7865 X-1.2428 Y-1.2275
N7870 Z-0.1102
N7875 Z-0.1339
N7880 Y-1.2272 Z-0.1376
N7885 X-1.2427 Y-1.2263 Z-0.1412
N7890 X-1.2426 Y-1.2249 Z-0.1446
N7895 X-1.2425 Y-1.223 Z-0.1477
N7900 X-1.2423 Y-1.2206 Z-0.1506
N7905 X-1.2421 Y-1.2177 Z-0.153
N7910 X-1.2419 Y-1.2146 Z-0.1549
N7915 X-1.2417 Y-1.2112 Z-0.1563
N7920 X-1.2415 Y-1.2076 Z-0.1572
N7925 X-1.2412 Y-1.2039 Z-0.1575
N7930 G3 X-1.2469 Y-1.1735 I-0.0622 J0.0041
N7935 G1 X-1.2578 Y-1.1521
N7940 X-1.2657 Y-1.1363
N7945 G3 X-1.3161 Y-1.0877 I-0.1087 J-0.0624
N7950 X-1.3841 Y-1.0579 I-0.144 J-0.2366
N7955 G1 X-1.4142 Y-1.0493
N7960 X-1.4482 Y-1.0414
N7965 X-1.4819 Y-1.0326
N7970 X-1.5146 Y-1.0202
N7975 X-1.5451 Y-1.0033
N7980 X-1.5727 Y-0.982
N7985 X-1.5969 Y-0.9569
N7990 X-1.6175 Y-0.9287
N7995 X-1.6346 Y-0.8983
N8000 X-1.6485 Y-0.8663
N8005 G2 X-1.6799 Y-0.7307 I0.5537 J0.1999
N8010 X-1.6924 Y-0.5218 I1.9094 J0.2187
N8015 X-1.6948 Y-0.173 I16.0543 J0.2851
N8020 G1 X-1.6949 Y0.0364
N8025 Y0.6294
N8030 X-1.6948 Y0.6643
N8035 X-1.6945 Y0.6992
N8040 X-1.6928 Y0.7341
N8045 X-1.6873 Y0.7685
N8050 X-1.6763 Y0.8016
N8055 X-1.6598 Y0.8323
N8060 X-1.6384 Y0.8599
N8065 X-1.6129 Y0.8837
N8070 X-1.5844 Y0.9038
N8075 X-1.5536 Y0.9203
N8080 X-1.5214 Y0.9336
N8085 X-1.4882 Y0.9444
N8090 X-1.4545 Y0.9532
N8095 G3 X-1.3557 Y0.9792 I-0.18 J0.8861
N8100 X-1.3096 Y1.0064 I-0.0431 J0.1254
N8105 X-1.286 Y1.0551 I-0.0643 J0.0612
N8110 G1 X-1.2858 Y1.0571
N8115 X-1.2808 Y1.0888
N8120 X-1.2793 Y1.0967
N8125 G3 X-1.2932 Y1.1219 I-0.0234 J0.0035
N8130 G1 X-1.2966 Y1.1233 Z-0.1572
N8135 X-1.2999 Y1.1248 Z-0.1563
N8140 X-1.3031 Y1.1261 Z-0.1549
N8145 X-1.306 Y1.1274 Z-0.153
N8150 X-1.3086 Y1.1285 Z-0.1506
N8155 X-1.3108 Y1.1295 Z-0.1477
N8160 X-1.3126 Y1.1302 Z-0.1446
N8165 X-1.3139 Y1.1308 Z-0.1412
N8170 X-1.3146 Y1.1312 Z-0.1376
N8175 X-1.3149 Y1.1313 Z-0.1339
N8180 Z0.1969
N8185 X-1.2622 Y-1.1903
N8190 Z-0.1102
N8195 Z-0.1339
N8200 Y-1.19 Z-0.1376
N8205 X-1.2621 Y-1.1892 Z-0.1412
N8210 X-1.262 Y-1.1877 Z-0.1446
N8215 X-1.2618 Y-1.1858 Z-0.1477
N8220 X-1.2616 Y-1.1834 Z-0.1506
N8225 X-1.2614 Y-1.1806 Z-0.153
N8230 X-1.2612 Y-1.1775 Z-0.1549
N8235 X-1.2609 Y-1.174 Z-0.1563
N8240 X-1.2606 Y-1.1704 Z-0.1572
N8245 X-1.2603 Y-1.1668 Z-0.1575
N8250 G3 X-1.2657 Y-1.1363 I-0.0621 J0.0049
N8255 G1 X-1.2696 Y-1.1284
N8260 X-1.2725 Y-1.1205
N8265 X-1.2767 Y-1.1074
N8270 G3 X-1.3181 Y-1.0568 I-0.1007 J-0.0401
N8275 X-1.381 Y-1.0217 I-0.1576 J-0.2087
N8280 G1 X-1.4134 Y-1.0087
N8285 X-1.4457 Y-0.9956
N8290 X-1.4768 Y-0.9798
N8295 X-1.5057 Y-0.9602
N8300 X-1.5318 Y-0.937
N8305 X-1.5545 Y-0.9106
N8310 X-1.5739 Y-0.8816
N8315 X-1.59 Y-0.8506
N8320 X-1.6031 Y-0.8183
N8325 G2 X-1.633 Y-0.6823 I0.5979 J0.2029
N8330 X-1.6457 Y-0.4385 I2.2298 J0.238
N8335 X-1.6475 Y-0.1245 I16.5441 J0.2563
N8340 G1 X-1.6476 Y0.0848
N8345 Y0.5732
N8350 Y0.6081
N8355 X-1.6474 Y0.643
N8360 X-1.6461 Y0.6778
N8365 X-1.6415 Y0.7124
N8370 X-1.6318 Y0.7459
N8375 X-1.6166 Y0.7773
N8380 X-1.5963 Y0.8057
N8385 X-1.5717 Y0.8305
N8390 X-1.544 Y0.8516
N8395 X-1.5139 Y0.8693
N8400 X-1.4823 Y0.8841
N8405 X-1.4498 Y0.8967
N8410 G3 X-1.3523 Y0.9331 I-0.3349 J1.0464
N8415 X-1.3173 Y0.9555 I-0.0736 J0.1538
N8420 X-1.2893 Y1.0189 I-0.059 J0.0639
N8425 G2 X-1.286 Y1.0551 I0.2149 J-0.0013
N8430 G1 X-1.2859 Y1.0575
N8435 X-1.2861 Y1.06
N8440 X-1.2864 Y1.0624
N8445 X-1.2875 Y1.0651 Z-0.1573
N8450 X-1.2886 Y1.0677 Z-0.1568
N8455 X-1.2897 Y1.0703 Z-0.1559
N8460 X-1.2918 Y1.0726 Z-0.1544
N8465 X-1.2938 Y1.0747 Z-0.1524
N8470 X-1.2955 Y1.0765 Z-0.1501
N8475 X-1.2975 Y1.0776 Z-0.1473
N8480 X-1.2991 Y1.0784 Z-0.1442
N8485 X-1.3002 Y1.0791 Z-0.1409
N8490 X-1.3009 Y1.0795 Z-0.1374
N8495 X-1.3012 Y1.0796 Z-0.1339
N8500 Z0.1969
N8505 X-1.2809 Y-1.1613
N8510 Z-0.1102
N8515 Z-0.1339
N8520 Y-1.1611 Z-0.1376
N8525 X-1.2807 Y-1.1602 Z-0.1412
N8530 X-1.2804 Y-1.1588 Z-0.1446
N8535 X-1.2799 Y-1.1569 Z-0.1477
N8540 X-1.2794 Y-1.1546 Z-0.1506
N8545 X-1.2788 Y-1.1518 Z-0.153
N8550 X-1.2781 Y-1.1487 Z-0.1549
N8555 X-1.2774 Y-1.1454 Z-0.1563
N8560 X-1.2766 Y-1.1419 Z-0.1572
N8565 X-1.2758 Y-1.1383 Z-0.1575
N8570 G3 X-1.2767 Y-1.1074 I-0.0608 J0.0136
N8575 G2 X-1.2817 Y-1.0825 I0.1736 J0.0478
N8580 G3 X-1.3147 Y-1.0287 I-0.0951 J-0.0214
N8585 X-1.3582 Y-0.9951 I-0.1647 J-0.1681
N8590 G1 X-1.3879 Y-0.9769
N8595 X-1.4178 Y-0.9589
N8600 X-1.4462 Y-0.9387
N8605 X-1.4725 Y-0.9158
N8610 X-1.496 Y-0.89
N8615 X-1.5164 Y-0.8617
N8620 X-1.5338 Y-0.8314
N8625 X-1.5481 Y-0.7996
N8630 G2 X-1.5824 Y-0.6647 I0.5479 J0.2107
N8635 X-1.5972 Y-0.456 I1.7056 J0.2258
N8640 X-1.6003 Y-0.0723 I14.7044 J0.3122
N8645 G1 X-1.6004 Y0.1371
N8650 Y0.5208
N8655 Y0.5557
N8660 X-1.6002 Y0.5906
N8665 X-1.599 Y0.6255
N8670 X-1.5949 Y0.6601
N8675 X-1.5859 Y0.6938
N8680 X-1.5714 Y0.7255
N8685 X-1.5518 Y0.7544
N8690 X-1.5281 Y0.78
N8695 X-1.5012 Y0.8022
N8700 X-1.472 Y0.8213
N8705 X-1.4415 Y0.8382
N8710 G3 X-1.3454 Y0.8863 I-0.7646 J1.6449
N8715 X-1.3108 Y0.9136 I-0.088 J0.1476
N8720 X-1.2894 Y0.9706 I-0.0658 J0.0572
N8725 G1 Y1.0017
N8730 X-1.2893 Y1.0189
N8735 G3 X-1.3075 Y1.0412 I-0.0236 J-0.0007
N8740 G1 X-1.3111 Y1.042 Z-0.1572
N8745 X-1.3146 Y1.0428 Z-0.1563
N8750 X-1.3179 Y1.0436 Z-0.1549
N8755 X-1.321 Y1.0443 Z-0.153
N8760 X-1.3237 Y1.045 Z-0.1506
N8765 X-1.3261 Y1.0455 Z-0.1477
N8770 X-1.328 Y1.046 Z-0.1446
N8775 X-1.3294 Y1.0463 Z-0.1412
N8780 X-1.3302 Y1.0465 Z-0.1376
N8785 X-1.3305 Y1.0466 Z-0.1339
N8790 Z0.1969
N8795 X-1.2945 Y-1.1351
N8800 Z-0.1102
N8805 Z-0.1339
N8810 X-1.2944 Y-1.1348 Z-0.1376
N8815 X-1.294 Y-1.134 Z-0.1412
N8820 X-1.2935 Y-1.1327 Z-0.1446
N8825 X-1.2928 Y-1.1309 Z-0.1477
N8830 X-1.2919 Y-1.1287 Z-0.1506
N8835 X-1.2909 Y-1.126 Z-0.153
N8840 X-1.2897 Y-1.1231 Z-0.1549
N8845 X-1.2884 Y-1.1199 Z-0.1563
N8850 X-1.2871 Y-1.1166 Z-0.1572
N8855 X-1.2857 Y-1.1131 Z-0.1575
N8860 G3 X-1.2818 Y-1.0825 I-0.0579 J0.0231
N8865 G1 X-1.2858 Y-1.0571
N8870 X-1.2869 Y-1.0492
N8875 G3 X-1.3134 Y-0.9969 I-0.0996 J-0.0177
N8880 G1 X-1.3206 Y-0.9882
N8885 X-1.3303 Y-0.978
N8890 X-1.3557 Y-0.9541
N8895 X-1.3821 Y-0.9313
N8900 X-1.4079 Y-0.9078
N8905 X-1.4318 Y-0.8824
N8910 X-1.4534 Y-0.855
N8915 X-1.4723 Y-0.8257
N8920 X-1.4885 Y-0.7948
N8925 G2 X-1.5293 Y-0.6617 I0.4909 J0.2234
N8930 X-1.5486 Y-0.4535 I1.3799 J0.2329
N8935 X-1.5527 Y-0.1396 I8.3452 J0.266
N8940 G1 X-1.553 Y-0.0349
N8945 X-1.5531 Y0.1395
N8950 Y0.4884
N8955 Y0.5233
N8960 X-1.5527 Y0.5582
N8965 X-1.5504 Y0.593
N8970 X-1.5443 Y0.6273
N8975 X-1.533 Y0.6604
N8980 X-1.5166 Y0.6911
N8985 X-1.4957 Y0.7191
N8990 X-1.4713 Y0.7441
N8995 X-1.4445 Y0.7663
N9000 X-1.4159 Y0.7864
N9005 X-1.3865 Y0.8051
N9010 X-1.357 Y0.8237
N9015 G3 X-1.317 Y0.8538 I-0.1733 J0.2722
N9020 X-1.2894 Y0.9173 I-0.0591 J0.0635
N9025 G1 Y0.9706
N9030 G3 X-1.3077 Y0.9928 I-0.0236 J-0.0008
N9035 G1 X-1.3113 Y0.9937 Z-0.1572
N9040 X-1.3148 Y0.9945 Z-0.1563
N9045 X-1.3181 Y0.9952 Z-0.1549
N9050 X-1.3212 Y0.9959 Z-0.153
N9055 X-1.3239 Y0.9966 Z-0.1506
N9060 X-1.3263 Y0.9971 Z-0.1477
N9065 X-1.3282 Y0.9976 Z-0.1446
N9070 X-1.3296 Y0.9979 Z-0.1412
N9075 X-1.3304 Y0.9981 Z-0.1376
N9080 X-1.3307 Z-0.1339
N9085 Z0.1969
N9090 X-1.3018 Y-1.1012
N9095 Z-0.1102
N9100 Z-0.1339
N9105 X-1.3017 Y-1.101 Z-0.1376
N9110 X-1.3013 Y-1.1002 Z-0.1412
N9115 X-1.3007 Y-1.0989 Z-0.1446
N9120 X-1.2999 Y-1.0971 Z-0.1477
N9125 X-1.299 Y-1.0949 Z-0.1506
N9130 X-1.2978 Y-1.0923 Z-0.153
N9135 X-1.2965 Y-1.0895 Z-0.1549
N9140 X-1.2951 Y-1.0863 Z-0.1563
N9145 X-1.2936 Y-1.083 Z-0.1572
N9150 X-1.2921 Y-1.0797 Z-0.1575
N9155 G3 X-1.2869 Y-1.0492 I-0.0569 J0.0255
N9160 G1 X-1.2887 Y-1.0334
N9165 X-1.2893 Y-1.0254
N9170 Y-1.0191
N9175 G3 X-1.3058 Y-0.9692 I-0.1017 J-0.006
N9180 G1 X-1.3113 Y-0.9596
N9185 X-1.3201 Y-0.9465
N9190 X-1.341 Y-0.9185
N9195 X-1.3631 Y-0.8915
N9200 X-1.3845 Y-0.8641
N9205 G2 X-1.4628 Y-0.7092 I0.389 J0.2937
N9210 X-1.4938 Y-0.5378 I0.8104 J0.2354
N9215 X-1.5041 Y-0.2939 I2.9133 J0.2448
N9220 X-1.5058 Y0.0201 I19.5088 J0.2628
N9225 G1 X-1.5059 Y0.2294
N9230 Y0.4387
N9235 X-1.5058 Y0.4736
N9240 X-1.5054 Y0.5085
N9245 X-1.5034 Y0.5433
N9250 X-1.4977 Y0.5777
N9255 X-1.4871 Y0.611
N9260 X-1.4718 Y0.6423
N9265 X-1.4523 Y0.6713
N9270 X-1.4296 Y0.6977
N9275 X-1.4045 Y0.7219
N9280 X-1.3778 Y0.7444
N9285 G3 X-1.3092 Y0.8025 I-0.4327 J0.5804
N9290 G1 X-1.3021 Y0.8106
N9295 X-1.2951 Y0.8192
N9300 X-1.2899 Y0.8261
N9305 X-1.2896 Y0.8267
N9310 X-1.2894 Y0.8272
N9315 Y0.8278
N9320 Y0.9173
N9325 G3 X-1.3077 Y0.9395 I-0.0236 J-0.0008
N9330 G1 X-1.3113 Y0.9403 Z-0.1572
N9335 X-1.3148 Y0.9411 Z-0.1563
N9340 X-1.3181 Y0.9419 Z-0.1549
N9345 X-1.3212 Y0.9426 Z-0.153
N9350 X-1.3239 Y0.9432 Z-0.1506
N9355 X-1.3263 Y0.9438 Z-0.1477
N9360 X-1.3282 Y0.9442 Z-0.1446
N9365 X-1.3296 Y0.9445 Z-0.1412
N9370 X-1.3304 Y0.9447 Z-0.1376
N9375 X-1.3307 Y0.9448 Z-0.1339
N9380 Z0.1969
N9385 X-1.3098 Y-1.0692
N9390 Z-0.1102
N9395 Z-0.1339
N9400 X-1.3097 Y-1.0689 Z-0.1376
N9405 X-1.3093 Y-1.0682 Z-0.1412
N9410 X-1.3085 Y-1.067 Z-0.1446
N9415 X-1.3076 Y-1.0653 Z-0.1477
N9420 X-1.3063 Y-1.0632 Z-0.1506
N9425 X-1.3049 Y-1.0608 Z-0.153
N9430 X-1.3033 Y-1.0581 Z-0.1549
N9435 X-1.3016 Y-1.0551 Z-0.1563
N9440 X-1.2997 Y-1.052 Z-0.1572
N9445 X-1.2979 Y-1.0488 Z-0.1575
N9450 G3 X-1.2893 Y-1.0191 I-0.0537 J0.0316
N9455 G1 X-1.2894 Y-1.0017
N9460 Y-0.9779
N9465 G3 X-1.3077 Y-0.9142 I-0.155 J-0.0102
N9470 G1 X-1.3192 Y-0.8906
N9475 X-1.3363 Y-0.8602
N9480 G2 X-1.3985 Y-0.7355 I0.7017 J0.4278
N9485 X-1.4397 Y-0.5663 I0.7177 J0.2642
N9490 X-1.4556 Y-0.3228 I2.059 J0.2568
N9495 X-1.4586 Y0.0609 I15.928 J0.3155
N9500 G1 Y0.2703
N9505 Y0.4098
N9510 X-1.4585 Y0.4447
N9515 X-1.4574 Y0.4796
N9520 X-1.4539 Y0.5143
N9525 X-1.4462 Y0.5483
N9530 X-1.4342 Y0.581
N9535 X-1.418 Y0.612
N9540 X-1.3984 Y0.6408
N9545 X-1.3762 Y0.6677
N9550 X-1.3523 Y0.6931
N9555 X-1.3276 Y0.7178
N9560 X-1.3141 Y0.7315
N9565 G3 X-1.2894 Y0.7921 I-0.0619 J0.0606
N9570 G1 Y0.8278
N9575 G3 X-1.3077 Y0.85 I-0.0236 J-0.0008
N9580 G1 X-1.3113 Y0.8509 Z-0.1572
N9585 X-1.3148 Y0.8517 Z-0.1563
N9590 X-1.3181 Y0.8524 Z-0.1549
N9595 X-1.3212 Y0.8532 Z-0.153
N9600 X-1.3239 Y0.8538 Z-0.1506
N9605 X-1.3263 Y0.8543 Z-0.1477
N9610 X-1.3282 Y0.8548 Z-0.1446
N9615 X-1.3296 Y0.8551 Z-0.1412
N9620 X-1.3304 Y0.8553 Z-0.1376
N9625 X-1.3307 Z-0.1339
N9630 Z0.1969
N9635 X-1.3102 Y-1.0279
N9640 Z-0.1102
N9645 Z-0.1339
N9650 X-1.31 Y-1.0277 Z-0.1376
N9655 X-1.3096 Y-1.0269 Z-0.1412
N9660 X-1.3088 Y-1.0257 Z-0.1446
N9665 X-1.3079 Y-1.024 Z-0.1477
N9670 X-1.3066 Y-1.022 Z-0.1506
N9675 X-1.3052 Y-1.0195 Z-0.153
N9680 X-1.3036 Y-1.0168 Z-0.1549
N9685 X-1.3018 Y-1.0139 Z-0.1563
N9690 X-1.3 Y-1.0108 Z-0.1572
N9695 X-1.2981 Y-1.0076 Z-0.1575
N9700 G3 X-1.2894 Y-0.9779 I-0.0536 J0.0318
N9705 G1 Y-0.9225
N9710 G3 X-1.3041 Y-0.8498 I-0.2347 J-0.0098
N9715 G1 X-1.3157 Y-0.8168
N9720 G2 X-1.3629 Y-0.6856 I1.4074 J0.5799
N9725 X-1.4016 Y-0.4449 I1.0909 J0.2988
N9730 X-1.4101 Y-0.166 I4.1171 J0.2654
N9735 G1 X-1.411 Y-0.0265
N9740 X-1.4115 Y0.1131
N9745 Y0.2526
N9750 X-1.4112 Y0.3922
N9755 X-1.4104 Y0.4271
N9760 X-1.4077 Y0.4618
N9765 X-1.4015 Y0.4962
N9770 X-1.3914 Y0.5296
N9775 X-1.3775 Y0.5616
N9780 X-1.3603 Y0.5919
N9785 X-1.3406 Y0.6207
N9790 X-1.3193 Y0.6483
N9795 X-1.3077 Y0.6632
N9800 G3 X-1.2894 Y0.7164 I-0.0683 J0.0532
N9805 G1 Y0.7921
N9810 G3 X-1.3077 Y0.8143 I-0.0236 J-0.0008
N9815 G1 X-1.3113 Y0.8151 Z-0.1572
N9820 X-1.3148 Y0.8159 Z-0.1563
N9825 X-1.3181 Y0.8167 Z-0.1549
N9830 X-1.3212 Y0.8174 Z-0.153
N9835 X-1.3239 Y0.8181 Z-0.1506
N9840 X-1.3263 Y0.8186 Z-0.1477
N9845 X-1.3282 Y0.819 Z-0.1446
N9850 X-1.3296 Y0.8194 Z-0.1412
N9855 X-1.3304 Y0.8196 Z-0.1376
N9860 X-1.3307 Z-0.1339
N9865 Z0.1969
N9870 X-1.3102 Y-0.9725
N9875 Z-0.1102
N9880 Z-0.1339
N9885 X-1.31 Y-0.9722 Z-0.1376
N9890 X-1.3096 Y-0.9715 Z-0.1412
N9895 X-1.3088 Y-0.9703 Z-0.1446
N9900 X-1.3079 Y-0.9686 Z-0.1477
N9905 X-1.3066 Y-0.9665 Z-0.1506
N9910 X-1.3052 Y-0.9641 Z-0.153
N9915 X-1.3036 Y-0.9614 Z-0.1549
N9920 X-1.3018 Y-0.9584 Z-0.1563
N9925 X-1.3 Y-0.9553 Z-0.1572
N9930 X-1.2981 Y-0.9522 Z-0.1575
N9935 G3 X-1.2894 Y-0.9225 I-0.0536 J0.0318
N9940 G1 Y-0.8354
N9945 G3 X-1.3023 Y-0.741 I-0.4593 J-0.0147
N9950 G2 X-1.3383 Y-0.5704 I2.3547 J0.587
N9955 X-1.3609 Y-0.2574 I2.2835 J0.3217
N9960 X-1.3639 Y0.1263 I14.1597 J0.3027
N9965 X-1.3636 Y0.3705 I14.4631 J0.1055
N9970 G1 X-1.3617 Y0.4053
N9975 X-1.3574 Y0.44
N9980 X-1.3497 Y0.474
N9985 X-1.3385 Y0.507
N9990 X-1.3242 Y0.5388
N9995 X-1.3074 Y0.5695
N10000 X-1.3014 Y0.5796
N10005 X-1.2948 Y0.5935
N10010 X-1.2907 Y0.6084
N10015 X-1.2894 Y0.6237
N10020 Y0.7164
N10025 G3 X-1.3077 Y0.7386 I-0.0236 J-0.0008
N10030 G1 X-1.3113 Y0.7394 Z-0.1572
N10035 X-1.3148 Y0.7402 Z-0.1563
N10040 X-1.3181 Y0.741 Z-0.1549
N10045 X-1.3212 Y0.7417 Z-0.153
N10050 X-1.3239 Y0.7424 Z-0.1506
N10055 X-1.3263 Y0.7429 Z-0.1477
N10060 X-1.3282 Y0.7433 Z-0.1446
N10065 X-1.3296 Y0.7437 Z-0.1412
N10070 X-1.3304 Y0.7439 Z-0.1376
N10075 X-1.3307 Z-0.1339
N10080 Z0.1969
N10085 X-1.3102 Y-0.8854
N10090 Z-0.1102
N10095 Z-0.1339
N10100 X-1.31 Y-0.8851 Z-0.1376
N10105 X-1.3096 Y-0.8844 Z-0.1412
N10110 X-1.3088 Y-0.8832 Z-0.1446
N10115 X-1.3079 Y-0.8815 Z-0.1477
N10120 X-1.3066 Y-0.8794 Z-0.1506
N10125 X-1.3052 Y-0.877 Z-0.153
N10130 X-1.3036 Y-0.8743 Z-0.1549
N10135 X-1.3018 Y-0.8713 Z-0.1563
N10140 X-1.3 Y-0.8682 Z-0.1572
N10145 X-1.2981 Y-0.8651 Z-0.1575
N10150 G3 X-1.2894 Y-0.8354 I-0.0536 J0.0318
N10155 G1 Y-0.6612
N10160 G3 X-1.3016 Y-0.4872 I-3.1886 J-0.1364
N10165 G2 X-1.3155 Y-0.1038 I4.8396 J0.3674
N10170 X-1.3165 Y0.3148 I25.8062 J0.2736
N10175 G1 X-1.3153 Y0.3497
N10180 G2 X-1.2913 Y0.4733 I0.4197 J-0.0173
N10185 G1 X-1.2899 Y0.4829
N10190 X-1.2894 Y0.4925
N10195 Y0.6237
N10200 G3 X-1.3077 Y0.6459 I-0.0236 J-0.0008
N10205 G1 X-1.3113 Y0.6467 Z-0.1572
N10210 X-1.3148 Y0.6475 Z-0.1563
N10215 X-1.3181 Y0.6483 Z-0.1549
N10220 X-1.3212 Y0.649 Z-0.153
N10225 X-1.3239 Y0.6496 Z-0.1506
N10230 X-1.3263 Y0.6502 Z-0.1477
N10235 X-1.3282 Y0.6506 Z-0.1446
N10240 X-1.3296 Y0.6509 Z-0.1412
N10245 X-1.3304 Y0.6511 Z-0.1376
N10250 X-1.3307 Y0.6512 Z-0.1339
N10255 Z0.1969
N10260 X-1.3102 Y-0.7112
N10265 Z-0.1102
N10270 Z-0.1339
N10275 X-1.31 Y-0.7109 Z-0.1376
N10280 X-1.3096 Y-0.7102 Z-0.1412
N10285 X-1.3088 Y-0.709 Z-0.1446
N10290 X-1.3079 Y-0.7073 Z-0.1477
N10295 X-1.3066 Y-0.7052 Z-0.1506
N10300 X-1.3052 Y-0.7028 Z-0.153
N10305 X-1.3036 Y-0.7001 Z-0.1549
N10310 X-1.3018 Y-0.6971 Z-0.1563
N10315 X-1.3 Y-0.694 Z-0.1572
N10320 X-1.2981 Y-0.6909 Z-0.1575
N10325 G3 X-1.2894 Y-0.6612 I-0.0536 J0.0318
N10330 G1 Y0.4925
N10335 X-1.2898 Y0.4961
N10340 X-1.2907 Y0.4996
N10345 X-1.2922 Y0.5022 Z-0.1573
N10350 X-1.2936 Y0.5046 Z-0.1568
N10355 X-1.295 Y0.507 Z-0.1559
N10360 X-1.2974 Y0.509 Z-0.1544
N10365 X-1.2997 Y0.5108 Z-0.1524
N10370 X-1.3017 Y0.5124 Z-0.1501
N10375 X-1.3038 Y0.5132 Z-0.1473
N10380 X-1.3054 Y0.5138 Z-0.1442
N10385 X-1.3067 Y0.5143 Z-0.1409
N10390 X-1.3074 Y0.5146 Z-0.1374
N10395 X-1.3077 Y0.5147 Z-0.1339
N10400 Z0.1969
N10405 X-2.115 Y-1.6278
N10410 Z-0.2126
N10415 Z-0.315
N10420 G3 X-2.0965 Y-1.4992 I-0.5842 J0.1496
N10425 G1 Y-1.4934
N10430 X-2.1174 Y-1.4655
N10435 X-2.133 Y-1.4343
N10440 X-2.1443 Y-1.4013
N10445 X-2.1521 Y-1.3673
N10450 G2 X-2.1646 Y-1.2284 I0.9193 J0.1527
N10455 X-2.1671 Y-0.9842 I7.5854 J0.1998
N10460 G1 X-2.1673 Y-0.8447
N10465 Y0.481
N10470 Y1.2921
N10475 X-2.1664 Y1.3008
N10480 X-2.163 Y1.3179
N10485 X-2.1496 Y1.3501
N10490 X-2.1274 Y1.377
N10495 X-2.0996 Y1.3982
N10500 X-2.0685 Y1.414
N10505 X-2.0356 Y1.4254
N10510 X-2.0016 Y1.4334
N10515 G2 X-1.8628 Y1.4461 I0.1528 J-0.9054
N10520 X-1.6186 Y1.4486 I0.1998 J-7.4598
N10525 G1 X-1.479 Y1.4488
N10530 X-1.0604
N10535 X0.9281
N10540 X2.0096
N10545 X2.027 Y1.4471
N10550 X2.0603 Y1.4368
N10555 X2.0888 Y1.4166
N10560 X2.1115 Y1.3901
N10565 X2.1287 Y1.3598
N10570 X2.1412 Y1.3272
N10575 X2.15 Y1.2935
N10580 G2 X2.1642 Y1.1548 I-0.8126 J-0.1533
N10585 X2.1671 Y0.8757 I-7.6842 J-0.2184
N10590 G1 X2.1673 Y0.7013
N10595 Y0.6315
N10600 Y-1.2872
N10605 X2.1669 Y-1.296
N10610 X2.1642 Y-1.3132
N10615 X2.1524 Y-1.346
N10620 X2.1312 Y-1.3737
N10625 X2.104 Y-1.3956
N10630 X2.0733 Y-1.4121
N10635 X2.0405 Y-1.4241
N10640 X2.0066 Y-1.4325
N10645 G2 X1.8679 Y-1.4459 I-0.153 J0.8574
N10650 X1.5191 Y-1.4488 I-0.2663 J11.0841
N10655 G1 X0.7167
N10660 X0.1934
N10665 X-1.7952
N10670 X-1.9347
N10675 X-1.9696 Y-1.4482
N10680 X-2.0025 Y-1.4366
N10685 X-2.0311 Y-1.4165
N10690 X-2.0545 Y-1.3907
N10695 X-2.0729 Y-1.3611
N10700 X-2.0869 Y-1.3291
N10705 X-2.0971 Y-1.2958
N10710 G2 X-2.1153 Y-1.1576 I0.6997 J0.1623
N10715 X-2.1196 Y-0.9135 I4.652 J0.205
N10720 G1 X-2.12 Y-0.8437
N10725 X-2.1201 Y-0.7042
N10730 Y0.3076
N10735 Y1.2146
N10740 X-2.115 Y1.2491
N10745 X-2.1014 Y1.2812
N10750 X-2.0807 Y1.3093
N10755 X-2.0547 Y1.3327
N10760 X-2.0252 Y1.3513
N10765 X-1.9934 Y1.3656
N10770 X-1.9602 Y1.3763
N10775 G2 X-1.8223 Y1.396 I0.1664 J-0.6713
N10780 X-1.5782 Y1.4011 I0.2073 J-4.1335
N10785 G1 X-1.5084 Y1.4014
N10790 X-1.4038 Y1.4015
N10795 X-1.1247 Y1.4016
N10800 X0.8639
N10805 X1.9105
N10810 X1.9454 Y1.4014
N10815 X1.9793 Y1.3933
N10820 X2.0101 Y1.3771
N10825 X2.0366 Y1.3543
N10830 X2.0583 Y1.327
N10835 X2.0753 Y1.2966
N10840 X2.0883 Y1.2642
N10845 X2.0979 Y1.2306
N10850 G2 X2.1153 Y1.0923 I-0.7576 J-0.1654
N10855 X2.1196 Y0.8482 I-4.7432 J-0.207
N10860 G1 X2.12 Y0.7784
N10865 X2.1201 Y0.6389
N10870 Y0.5691
N10875 Y-1.2101
N10880 X2.1162 Y-1.2448
N10885 X2.1036 Y-1.2773
N10890 X2.0837 Y-1.306
N10895 X2.0584 Y-1.3299
N10900 X2.0293 Y-1.3492
N10905 X1.9977 Y-1.364
N10910 X1.9646 Y-1.3751
N10915 G2 X1.8269 Y-1.3958 I-0.1668 J0.6437
N10920 X1.5828 Y-1.401 I-0.2074 J3.9371
N10925 G1 X1.513 Y-1.4014
N10930 X1.4083 Y-1.4015
N10935 X0.9548 Y-1.4016
N10940 X0.0128
N10945 X-1.871
N10950 X-1.9057 Y-1.398
N10955 X-1.9386 Y-1.3863
N10960 X-1.9679 Y-1.3675
N10965 X-1.9929 Y-1.3431
N10970 X-2.0132 Y-1.3147
N10975 X-2.0293 Y-1.2838
N10980 X-2.0416 Y-1.2511
N10985 G2 X-2.0654 Y-1.1139 I0.5861 J0.1724
N10990 X-2.0721 Y-0.8698 I3.246 J0.2119
N10995 G1 X-2.0725 Y-0.835
N11000 X-2.0727 Y-0.7652
N11005 X-2.0728 Y-0.6605
N11010 Y-0.2419
N11015 Y0.5954
N11020 Y1.1187
N11025 X-2.0725 Y1.1536
N11030 X-2.0666 Y1.188
N11035 X-2.0535 Y1.2203
N11040 X-2.0338 Y1.2491
N11045 X-2.0089 Y1.2736
N11050 X-1.9804 Y1.2937
N11055 X-1.9494 Y1.3097
N11060 X-1.9168 Y1.322
N11065 G2 X-1.7797 Y1.3463 I0.1754 J-0.5888
N11070 X-1.5356 Y1.3536 I0.214 J-3.1062
N11075 G1 X-1.5007 Y1.354
N11080 X-1.431 Y1.3542
N11085 X-1.3263 Y1.3543
N11090 X-0.9774
N11095 X-0.7332
N11100 X1.2553
N11105 X1.8484
N11110 X1.8833 Y1.3531
N11115 X1.9172 Y1.3451
N11120 X1.9485 Y1.3297
N11125 X1.976 Y1.3082
N11130 X1.9991 Y1.2821
N11135 X2.0178 Y1.2527
N11140 X2.0326 Y1.221
N11145 X2.0438 Y1.188
N11150 G2 X2.0658 Y1.0504 I-0.6498 J-0.1743
N11155 X2.0721 Y0.8064 I-3.4906 J-0.2135
N11160 G1 X2.0725 Y0.7715
N11165 X2.0727 Y0.7017
N11170 X2.0728 Y0.5971
N11175 Y0.1784
N11180 Y0.0738
N11185 Y-1.1124
N11190 X2.0727 Y-1.1473
N11195 X2.0682 Y-1.1819
N11200 X2.0564 Y-1.2147
N11205 X2.0378 Y-1.2442
N11210 X2.0138 Y-1.2695
N11215 X1.9858 Y-1.2904
N11220 X1.9552 Y-1.3071
N11225 X1.9228 Y-1.32
N11230 X1.8893 Y-1.3298
N11235 G2 X1.7512 Y-1.3484 I-0.1727 J0.7562
N11240 X1.4722 Y-1.3538 I-0.2309 J4.7489
N11245 G1 X1.4024 Y-1.3542
N11250 X1.2628 Y-1.3543
N11255 X-0.5861
N11260 X-1.7723
N11265 X-1.8072
N11270 X-1.8419 Y-1.3508
N11275 X-1.8752 Y-1.3404
N11280 X-1.9055 Y-1.3232
N11285 X-1.932 Y-1.3004
N11290 X-1.9541 Y-1.2735
N11295 X-1.9721 Y-1.2435
N11300 X-1.9862 Y-1.2116
N11305 X-1.997 Y-1.1784
N11310 G2 X-2.0184 Y-1.0408 I0.683 J0.1766
N11315 X-2.0249 Y-0.7967 I3.5352 J0.2163
N11320 G1 X-2.0252 Y-0.7618
N11325 X-2.0254 Y-0.692
N11330 X-2.0255 Y-0.5874
N11335 X-2.0256 Y-0.2385
N11340 Y1.0523
N11345 X-2.0253 Y1.0872
N11350 X-2.021 Y1.1218
N11355 X-2.01 Y1.1549
N11360 X-1.9926 Y1.1851
N11365 X-1.9698 Y1.2116
N11370 X-1.9429 Y1.2338
N11375 X-1.913 Y1.2518
N11380 X-1.8812 Y1.2661
N11385 X-1.8481 Y1.2772
N11390 G2 X-1.7106 Y1.2993 I0.179 J-0.6737
N11395 X-1.4665 Y1.3063 I0.2182 J-3.3587
N11400 G1 X-1.3367 Y1.3069
N11405 X-1.207 Y1.3072
N11410 X-1.0772
N11415 X-1.0707 Y1.3081
N11420 X-1.0642 Y1.3093
N11425 G2 X-1.0063 Y1.318 I0.1622 J-0.8866
N11430 G1 X-0.9904 Y1.3188
N11435 X-0.9825 Y1.3189
N11440 X-0.3011
N11445 X-0.2852 Y1.3187
N11450 X-0.2773 Y1.3186
N11455 X-0.2694 Y1.3176
N11460 G3 X-0.0255 Y1.3078 I0.2186 J2.4017
N11465 X0.2885 Y1.3071 I0.2212 J29.9918
N11470 G1 X0.6286
N11475 X0.6354 Y1.3074
N11480 X0.6422 Y1.3082
N11485 X0.6489 Y1.3095
N11490 G2 X0.7052 Y1.3179 I0.239 J-1.4029
N11495 G1 X0.721 Y1.3187
N11500 X0.7289 Y1.3189
N11505 X1.7193
N11510 G2 X1.759 Y1.3176 I0.0098 J-0.3085
N11515 G1 X1.7937 Y1.3147
N11520 X1.8283 Y1.3103
N11525 X1.8619 Y1.3007
N11530 X1.893 Y1.2851
N11535 X1.9207 Y1.2638
N11540 X1.9443 Y1.2381
N11545 X1.9469 Y1.2345
N11550 X1.9497 Y1.2311
N11555 X1.9528 Y1.2278
N11560 G3 X1.9861 Y1.2289 Z-0.3071 I0.0161 J0.0173
N11565 X1.9788 Y1.2665 I-0.0172 J0.0161
N11570 G1 X1.7728 Y1.3622
N11575 G3 X1.7395 Y1.3446 I-0.01 J-0.0214
N11580 X1.759 Y1.3175 Z-0.315 I0.0233 J-0.0038
N11585 G2 X1.8303 Y1.3052 I-0.0658 J-0.5934
N11590 G1 X1.8461 Y1.2994
N11595 G2 X1.9148 Y1.2633 I-0.2678 J-0.5932
N11600 X1.9791 Y1.1997 I-0.3502 J-0.4184
N11605 X2.0058 Y1.1521 I-0.2427 J-0.1676
N11610 G1 X2.0176 Y1.1284
N11615 G2 X2.03 Y1.0809 I-0.1613 J-0.0674
N11620 X2.0374 Y1.0017 I-0.3611 J-0.0738
N11625 G1 Y-1.0017
N11630 X2.0373 Y-1.0254
N11635 X2.0367 Y-1.0334
N11640 X2.0358 Y-1.0413
N11645 X2.0335 Y-1.0761
N11650 X2.0288 Y-1.1107
N11655 X2.019 Y-1.1441
N11660 X2.0031 Y-1.1752
N11665 X1.9816 Y-1.2027
N11670 G2 X1.9474 Y-1.2332 I-1.657 J1.8271
N11675 G3 X1.9485 Y-1.2665 Z-0.3071 I0.0173 J-0.0161
N11680 X1.9861 Y-1.2592 I0.0161 J0.0172
N11685 G1 X2.0806 Y-1.0547
N11690 G3 X2.0627 Y-1.0214 I-0.0214 J0.0099
N11695 X2.0358 Y-1.0413 Z-0.315 I-0.0035 J-0.0234
N11700 G2 X2.0257 Y-1.1046 I-0.8476 J0.1029
N11705 G1 X2.0204 Y-1.1213
N11710 G2 X1.9847 Y-1.1918 I-0.6115 J0.2659
N11715 X1.957 Y-1.2235 I-0.1524 J0.1053
N11720 G1 X1.9333 Y-1.2473
N11725 G2 X1.8936 Y-1.2756 I-0.1059 J0.1061
N11730 G1 X1.8699 Y-1.2877
N11735 G2 X1.7986 Y-1.3116 I-0.0942 J0.1628
N11740 G1 X1.7748 Y-1.3154
N11745 X1.751 Y-1.3185
N11750 X1.7431 Y-1.3187
N11755 X1.7273 Y-1.3189
N11760 X1.5926
N11765 X0.7289
N11770 G2 X0.6948 Y-1.3169 I0.0013 J0.3088
N11775 G3 X0.5207 Y-1.3082 I-0.162 J-1.5021
N11780 X0.2067 Y-1.3071 I-0.2324 J-21.3462
N11785 G1 X-0.1959
N11790 X-0.2011 Y-1.3072
N11795 X-0.2063 Y-1.3077
N11800 X-0.2114 Y-1.3085
N11805 G2 X-0.2852 Y-1.319 I-0.1277 J0.6344
N11810 G1 X-0.3011 Y-1.3189
N11815 X-0.9825
N11820 G2 X-1.0185 Y-1.3168 I-0.0008 J0.2919
N11825 G3 X-1.1927 Y-1.3082 I-0.161 J-1.4993
N11830 X-1.5066 Y-1.3071 I-0.232 J-21.4361
N11835 G1 X-1.716
N11840 X-1.7508 Y-1.3068
N11845 X-1.7855 Y-1.303
N11850 X-1.8189 Y-1.2928
N11855 X-1.8496 Y-1.2763
N11860 X-1.8767 Y-1.2543
N11865 X-1.8997 Y-1.228
N11870 X-1.9185 Y-1.1987
N11875 X-1.9336 Y-1.1672
N11880 X-1.9453 Y-1.1344
N11885 G2 X-1.9695 Y-0.9972 I0.6342 J0.1822
N11890 X-1.9774 Y-0.7532 I3.0218 J0.2205
N11895 X-1.9783 Y-0.509 I19.0181 J0.192
N11900 G1 Y-0.1601
N11905 Y0.9912
N11910 X-1.978 Y1.026
N11915 X-1.9745 Y1.0608
N11920 X-1.9649 Y1.0943
N11925 X-1.9491 Y1.1254
N11930 X-1.9278 Y1.153
N11935 X-1.9021 Y1.1766
N11940 X-1.8732 Y1.1962
N11945 X-1.8421 Y1.2119
N11950 X-1.8094 Y1.2243
N11955 G2 X-1.6726 Y1.25 I0.1842 J-0.6023
N11960 X-1.4286 Y1.2588 I0.2225 J-2.7986
N11965 G1 X-1.3937 Y1.2593
N11970 X-1.3588 Y1.2595
N11975 X-1.2891 Y1.2597
N11980 X-1.1971 Y1.2598
N11985 X-1.1823 Y1.261
N11990 X-1.1679 Y1.2648
N11995 X-1.1544 Y1.2709
N12000 X-1.1489 Y1.274
N12005 X-1.1082 Y1.2947
N12010 G2 X-1.0642 Y1.3093 I0.0669 J-0.1281
N12015 G1 X-1.0607 Y1.3105 Z-0.3142
N12020 X-1.0574 Y1.3123 Z-0.3134
N12025 X-1.0545 Y1.3146 Z-0.3126
N12030 X-1.0401 Y1.3272 Z-0.3085
N12035 X-1.0349 Y1.3316 Z-0.3071
N12040 G2 X-0.929 Y1.4012 I0.3718 J-0.4503
N12045 X-0.9185 Y1.4038 I0.0108 J-0.021
N12050 G1 X-0.419 Y1.4092
N12055 G2 X-0.4084 Y1.4068 I0.0003 J-0.0236
N12060 X-0.2996 Y1.3383 I-0.2546 J-0.5256
N12065 G1 X-0.2942 Y1.3341 Z-0.3085
N12070 X-0.2811 Y1.323 Z-0.3122
N12075 G3 X-0.2694 Y1.3176 Z-0.315 I0.0154 J0.0179
N12080 G2 X-0.198 Y1.3054 I-0.0665 J-0.6044
N12085 G1 X-0.1822 Y1.2997
N12090 X-0.1743 Y1.2961
N12095 X-0.1715 Y1.2947
N12100 G3 X-0.0857 Y1.2714 I0.1191 J0.2689
N12105 X0.0534 Y1.2618 I0.1421 J1.0471
N12110 X0.5159 Y1.26 I0.316 J22.1374
N12115 G1 X0.5308 Y1.2611
N12120 X0.5453 Y1.265
N12125 X0.5589 Y1.2713
N12130 X0.5625 Y1.2734
N12135 X0.6044 Y1.2947
N12140 G2 X0.6489 Y1.3094 I0.0671 J-0.1286
N12145 G1 X0.6522 Y1.3104 Z-0.3142
N12150 X0.6552 Y1.312 Z-0.3135
N12155 X0.658 Y1.314 Z-0.3128
N12160 G3 X0.6663 Y1.338 Z-0.3071 I-0.0147 J0.0185
N12165 X0.6432 Y1.3561 I-0.023 J-0.0055
N12170 G1 X-0.1743 Y1.3521
N12175 G3 X-0.1966 Y1.321 I0.0001 J-0.0236
N12180 G1 X-0.1955 Y1.3183 Z-0.3077
N12185 X-0.1941 Y1.3158 Z-0.3083
N12190 X-0.1936 Y1.3149 Z-0.3085
N12195 G3 X-0.1715 Y1.2947 Z-0.315 I0.0519 J0.0344
N12200 G2 X-0.1127 Y1.2632 I-0.2346 J-0.509
N12205 G3 X-0.0478 Y1.2352 I0.1042 J0.1523
N12210 X0.0643 Y1.2184 I0.1406 J0.5546
N12215 X0.3084 Y1.2131 I0.2055 J3.8669
N12220 G1 X0.3782 Y1.2127
N12225 X0.4479
N12230 G3 X0.497 Y1.2226 I0.0056 J0.0988
N12235 G1 X0.5082 Y1.2296
N12240 X0.5182 Y1.2382
N12245 G2 X0.5589 Y1.2714 I0.1319 J-0.1201
N12250 G1 X0.5619 Y1.2736 Z-0.3142
N12255 X0.5645 Y1.2763 Z-0.3134
N12260 X0.5667 Y1.2793 Z-0.3126
N12265 X0.5684 Y1.2827 Z-0.3117
N12270 X0.5695 Y1.2863 Z-0.3109
N12275 X0.57 Y1.29 Z-0.3101
N12280 X0.5699 Y1.2938 Z-0.3093
N12285 X0.5693 Y1.2975 Z-0.3085
N12290 X0.5681 Y1.3008 Z-0.3078
N12295 X0.5666 Y1.3038 Z-0.3071
N12300 G3 X0.5461 Y1.315 I-0.0201 J-0.0124
N12305 G1 X-0.0988 Y1.3053
N12310 G3 X-0.1171 Y1.2961 I0.0004 J-0.0236
N12315 X-0.1129 Y1.263 Z-0.315 I0.0187 J-0.0144
N12320 G2 X-0.0792 Y1.2323 I-0.1443 J-0.1917
N12325 G3 X-0.0102 Y1.1954 I0.114 J0.1302
N12330 G1 X0.0055 Y1.1904
N12335 G3 X0.1207 Y1.1723 I0.1538 J0.6014
N12340 X0.3647 Y1.166 I0.2118 J3.5114
N12345 G1 X0.3996 Y1.1657
N12350 X0.4133 Y1.1663
N12355 G3 X0.4815 Y1.1996 I-0.0038 J0.094
N12360 G2 X0.5182 Y1.2382 I0.3162 J-0.2649
N12365 G3 X0.5171 Y1.2716 Z-0.3071 I-0.0173 J0.0161
N12370 X0.5007 Y1.2779 I-0.0161 J-0.0173
N12375 G1 X-0.0622 Y1.272
N12380 G3 X-0.0781 Y1.2656 I0.0002 J-0.0236
N12385 X-0.0792 Y1.2323 Z-0.315 I0.0161 J-0.0173
N12390 G2 X-0.0475 Y1.1984 I-0.2583 J-0.2741
N12395 G3 X-0.0176 Y1.1732 I0.0749 J0.0586
N12400 X0.0785 Y1.1386 I0.1457 J0.2539
N12405 X0.2117 Y1.1232 I0.1592 J0.7898
N12410 X0.3694 Y1.1198 I0.129 J2.3537
N12415 X0.4172 Y1.1279 I-0.0064 J0.1838
N12420 X0.4637 Y1.1696 I-0.0312 J0.0815
N12425 G1 X0.4675 Y1.177
N12430 X0.4765 Y1.1917
N12435 X0.4815 Y1.1996
N12440 G3 X0.473 Y1.232 Z-0.3071 I-0.0204 J0.0119
N12445 X0.4611 Y1.2352 I-0.0119 J-0.0204
N12450 G1 X-0.0277 Y1.2347
N12455 G3 X-0.0405 Y1.2309 I0. J-0.0236
N12460 X-0.0475 Y1.1983 Z-0.315 I0.0128 J-0.0198
N12465 G2 X-0.0327 Y1.1736 I-0.1321 J-0.0965
N12470 G3 X0.0175 Y1.1276 I0.1008 J0.0595
N12475 X0.1091 Y1.0943 I0.1501 J0.2707
N12480 X0.2418 Y1.0772 I0.1668 J0.7696
N12485 X0.3536 Y1.0757 I0.0662 J0.7927
N12490 X0.3963 Y1.0847 I-0.0113 J0.161
N12495 X0.443 Y1.1284 I-0.035 J0.0842
N12500 G1 X0.4548 Y1.1521
N12505 X0.4637 Y1.1696
N12510 G3 X0.4523 Y1.201 Z-0.3071 I-0.0214 J0.01
N12515 X0.4425 Y1.2032 I-0.01 J-0.0214
N12520 G1 X-0.011 Y1.2072
N12525 G3 X-0.0212 Y1.205 I-0.0002 J-0.0236
N12530 X-0.0326 Y1.1736 Z-0.315 I0.01 J-0.0214
N12535 G1 X-0.0217 Y1.1521
N12540 X-0.0139 Y1.1363
N12545 G3 X0.0366 Y1.0877 I0.1088 J0.0625
N12550 X0.1251 Y1.0523 I0.1562 J0.2621
N12555 X0.325 Y1.0314 I0.1727 J0.6861
N12560 X0.3801 Y1.0417 I-0.018 J0.2505
N12565 X0.435 Y1.1046 I-0.0287 J0.0803
N12570 G1 X0.4401 Y1.1205
N12575 X0.443 Y1.1284
N12580 G3 X0.4279 Y1.1581 Z-0.3071 I-0.0225 J0.0073
N12585 G1 X0.4246 Y1.159
N12590 X0.4212 Y1.1593
N12595 X0.0083 Y1.1696
N12600 G3 X-0.0021 Y1.1675 I-0.0006 J-0.0236
N12605 X-0.0139 Y1.1363 Z-0.315 I0.0097 J-0.0215
N12610 G1 X-0.01 Y1.1284
N12615 X-0.0079 Y1.1233
N12620 X-0.003 Y1.1082
N12625 G3 X0.0374 Y1.0577 I0.0998 J0.0385
N12630 X0.1235 Y1.0148 I0.1599 J0.2128
N12635 X0.3133 Y0.9896 I0.1628 J0.4992
N12640 X0.3764 Y1.0031 I-0.0167 J0.2326
N12645 X0.4288 Y1.0696 I-0.0335 J0.0803
N12650 G1 X0.4319 Y1.0888
N12655 X0.4333 Y1.0967
N12660 X0.435 Y1.1046
N12665 G3 X0.4156 Y1.1319 Z-0.3071 I-0.0233 J0.004
N12670 G1 X0.412 Y1.1322
N12675 X0.02 Y1.1383
N12680 X0.0166 Y1.1381
N12685 X0.0132 Y1.1374
N12690 G3 X-0.003 Y1.1082 Z-0.315 I0.0065 J-0.0227
N12695 G1 X-0.0019 Y1.1046
N12700 X-0.0003 Y1.0967
N12705 X0.0025 Y1.0809
N12710 G3 X0.0302 Y1.0336 I0.0888 J0.0204
N12715 X0.107 Y0.9834 I0.1588 J0.1589
N12720 X0.3192 Y0.9503 I0.1702 J0.3947
N12725 X0.3849 Y0.9707 I-0.0209 J0.1835
N12730 X0.424 Y1.0339 I-0.0489 J0.074
N12735 G1 X0.4257 Y1.0492
N12740 X0.4268 Y1.0571
N12745 X0.4288 Y1.0696
N12750 G3 X0.4082 Y1.0959 Z-0.3071 I-0.0234 J0.0029
N12755 G1 X0.4061 Y1.0961
N12760 X0.0266 Y1.1075
N12765 X0.0229 Y1.1073
N12770 G3 X0.0025 Y1.0809 Z-0.315 I0.003 J-0.0234
N12775 G1 X0.005 Y1.065
N12780 X0.0063 Y1.0571
N12785 X0.0073 Y1.0492
N12790 G3 X0.0372 Y0.9949 I0.0955 J0.0172
N12795 X0.1149 Y0.9423 I0.1643 J0.1588
N12800 X0.3215 Y0.9117 I0.157 J0.3483
N12805 X0.3766 Y0.9291 I-0.035 J0.2075
N12810 X0.4233 Y1.0057 I-0.0404 J0.0771
N12815 G1 Y1.0254
N12820 X0.4239 Y1.0334
N12825 X0.424 Y1.0339
N12830 G3 X0.4023 Y1.0593 Z-0.3071 I-0.0235 J0.0019
N12835 G1 X0.4014 Y1.0594
N12840 X0.0319 Y1.0747
N12845 X0.029 Y1.0746
N12850 G3 X0.0073 Y1.0492 Z-0.315 I0.0019 J-0.0235
N12855 G1 X0.0092 Y1.0334
N12860 X0.0097 Y1.0254
N12865 X0.0098 Y1.0211
N12870 G3 X0.0333 Y0.9658 I0.089 J0.0052
N12875 X0.1113 Y0.9061 I0.1655 J0.1354
N12880 X0.332 Y0.8753 I0.1564 J0.3151
N12885 X0.3906 Y0.9004 I-0.0368 J0.1672
N12890 X0.4219 Y0.9529 I-0.0566 J0.0692
N12895 G1 X0.4232 Y0.9684
N12900 Y1.0057
N12905 G3 X0.4006 Y1.0286 Z-0.3075 I-0.0236 J-0.0007
N12910 G1 X0.3989 Z-0.3071
N12915 X0.0344 Y1.044
N12920 X0.0341
N12925 G3 X0.0098 Y1.0211 Z-0.315 I-0.0007 J-0.0236
N12930 G1 Y1.0017
N12935 Y0.9875
N12940 G3 X0.0322 Y0.9312 I0.0941 J0.0048
N12945 X0.1195 Y0.8638 I0.1736 J0.1346
N12950 X0.3339 Y0.8376 I0.1459 J0.3036
N12955 X0.3916 Y0.8632 I-0.0385 J0.1645
N12960 X0.4233 Y0.9305 I-0.0569 J0.0679
N12965 G1 X0.4232 Y0.9684
N12970 G3 X0.4008 Y0.9912 Z-0.3075 I-0.0236 J-0.0008
N12975 G1 X0.3988 Y0.9913 Z-0.3071
N12980 X0.0347 Y1.0102
N12985 X0.0343
N12990 G3 X0.0098 Y0.9875 Z-0.315 I-0.0008 J-0.0236
N12995 G1 Y0.9518
N13000 G3 X0.0364 Y0.8887 I0.1017 J0.0056
N13005 X0.1164 Y0.8267 I0.1711 J0.1383
N13010 X0.3396 Y0.8008 I0.1474 J0.2961
N13015 X0.3905 Y0.8244 I-0.0447 J0.1631
N13020 X0.4233 Y0.8924 I-0.055 J0.0684
N13025 G1 X0.4232 Y0.9305
N13030 G3 X0.401 Y0.9532 Z-0.3075 I-0.0236 J-0.0008
N13035 G1 X0.3988 Y0.9534 Z-0.3071
N13040 X0.0348 Y0.9745
N13045 X0.0343 Y0.9746
N13050 G3 X0.0098 Y0.9518 Z-0.315 I-0.0008 J-0.0236
N13055 G1 Y0.9146
N13060 G3 X0.036 Y0.8511 I0.1033 J0.0055
N13065 X0.1149 Y0.7889 I0.171 J0.1356
N13070 X0.3373 Y0.762 I0.1483 J0.2933
N13075 X0.3928 Y0.7878 I-0.0404 J0.1591
N13080 X0.4233 Y0.8541 I-0.0584 J0.067
N13085 G1 X0.4232 Y0.8924
N13090 G3 X0.401 Y0.9152 Z-0.3076 I-0.0236 J-0.0008
N13095 G1 X0.3988 Y0.9153 Z-0.3071
N13100 X0.0349 Y0.9373
N13105 X0.0343 Y0.9374
N13110 G3 X0.0098 Y0.9146 Z-0.315 I-0.0008 J-0.0236
N13115 G1 Y0.875
N13120 G3 X0.0374 Y0.8111 I0.1054 J0.0075
N13125 X0.1173 Y0.7491 I0.1714 J0.1385
N13130 X0.3395 Y0.7242 I0.1453 J0.293
N13135 X0.3906 Y0.7479 I-0.0442 J0.1619
N13140 X0.4233 Y0.8159 I-0.055 J0.0683
N13145 G1 X0.4232 Y0.8541
N13150 G3 X0.401 Y0.8769 Z-0.3075 I-0.0236 J-0.0008
N13155 G1 X0.3988 Y0.877 Z-0.3071
N13160 X0.0348 Y0.8977
N13165 X0.0343 Y0.8978
N13170 G3 X0.0098 Y0.875 Z-0.315 I-0.0008 J-0.0236
N13175 G1 Y0.839
N13180 G3 X0.0352 Y0.7754 I0.1037 J0.0045
N13185 X0.1121 Y0.7132 I0.1702 J0.1319
N13190 X0.3344 Y0.6846 I0.1504 J0.2909
N13195 X0.3921 Y0.7107 I-0.0387 J0.1624
N13200 X0.4233 Y0.7776 I-0.0575 J0.0674
N13205 G1 X0.4232 Y0.8159
N13210 G3 X0.4011 Y0.8386 Z-0.3076 I-0.0236 J-0.0008
N13215 G1 X0.3988 Y0.8388 Z-0.3071
N13220 X0.0349 Y0.8617
N13225 X0.0343
N13230 G3 X0.0098 Y0.839 Z-0.315 I-0.0008 J-0.0236
N13235 G1 Y0.7994
N13240 G3 X0.0362 Y0.7355 I0.1048 J0.0059
N13245 X0.1139 Y0.6737 I0.1701 J0.1341
N13250 X0.3366 Y0.6468 I0.1482 J0.2913
N13255 X0.3926 Y0.6727 I-0.04 J0.1599
N13260 X0.4233 Y0.7392 I-0.0581 J0.0671
N13265 G1 X0.4232 Y0.7776
N13270 G3 X0.401 Y0.8003 Z-0.3076 I-0.0236 J-0.0008
N13275 G1 X0.3988 Y0.8004 Z-0.3071
N13280 X0.0349 Y0.8221
N13285 X0.0343 Y0.8222
N13290 G3 X0.0098 Y0.7994 Z-0.315 I-0.0008 J-0.0236
N13295 G1 Y0.7598
N13300 G3 X0.0371 Y0.6958 I0.1057 J0.0073
N13305 X0.1162 Y0.634 I0.1705 J0.1369
N13310 X0.3385 Y0.6089 I0.1456 J0.292
N13315 X0.3931 Y0.6348 I-0.0414 J0.1578
N13320 X0.4233 Y0.7007 I-0.0581 J0.0664
N13325 G1 X0.4232 Y0.7392
N13330 G3 X0.4009 Y0.7619 Z-0.3075 I-0.0236 J-0.0008
N13335 G1 X0.3988 Y0.7621 Z-0.3071
N13340 X0.0348 Y0.7825
N13345 X0.0343 Y0.7826
N13350 G3 X0.0098 Y0.7598 Z-0.315 I-0.0008 J-0.0236
N13355 G1 Y0.7221
N13360 G3 X0.0363 Y0.6583 I0.1049 J0.0061
N13365 X0.1144 Y0.5964 I0.1701 J0.1345
N13370 X0.3373 Y0.5702 I0.1473 J0.2916
N13375 X0.3927 Y0.596 I-0.04 J0.1582
N13380 X0.4233 Y0.6624 I-0.0582 J0.067
N13385 G1 X0.4232 Y0.7007
N13390 G3 X0.401 Y0.7235 Z-0.3076 I-0.0236 J-0.0008
N13395 G1 X0.3988 Y0.7236 Z-0.3071
N13400 X0.0348 Y0.7449
N13405 X0.0343
N13410 G3 X0.0098 Y0.7221 Z-0.315 I-0.0008 J-0.0236
N13415 G1 Y0.6849
N13420 G3 X0.0351 Y0.6213 I0.1038 J0.0044
N13425 X0.1244 Y0.5532 I0.1754 J0.1373
N13430 X0.3446 Y0.5338 I0.137 J0.2947
N13435 X0.392 Y0.5572 I-0.0461 J0.1531
N13440 X0.4233 Y0.624 I-0.0567 J0.0672
N13445 G1 X0.4232 Y0.6624
N13450 G3 X0.4011 Y0.6851 Z-0.3076 I-0.0236 J-0.0008
N13455 G1 X0.3988 Y0.6853 Z-0.3071
N13460 X0.0349 Y0.7077
N13465 X0.0343
N13470 G3 X0.0098 Y0.6849 Z-0.315 I-0.0008 J-0.0236
N13475 G1 Y0.6454
N13480 G3 X0.0361 Y0.5816 I0.1046 J0.0058
N13485 X0.1133 Y0.52 I0.1694 J0.1333
N13490 X0.3363 Y0.4931 I0.1483 J0.2918
N13495 X0.3926 Y0.5191 I-0.0399 J0.1601
N13500 X0.4233 Y0.5856 I-0.058 J0.0671
N13505 G1 X0.4232 Y0.624
N13510 G3 X0.401 Y0.6468 Z-0.3075 I-0.0236 J-0.0008
N13515 G1 X0.3988 Y0.6469 Z-0.3071
N13520 X0.0348 Y0.6681
N13525 X0.0343
N13530 G3 X0.0098 Y0.6454 Z-0.315 I-0.0008 J-0.0236
N13535 G1 Y0.6058
N13540 G3 X0.0371 Y0.5419 I0.1055 J0.0072
N13545 X0.1158 Y0.4803 I0.1699 J0.1363
N13550 X0.3383 Y0.4552 I0.1457 J0.2924
N13555 X0.3931 Y0.4812 I-0.0414 J0.1581
N13560 X0.4233 Y0.5471 I-0.0581 J0.0664
N13565 G1 X0.4232 Y0.5856
N13570 G3 X0.4009 Y0.6084 Z-0.3075 I-0.0236 J-0.0008
N13575 G1 X0.3988 Y0.6085 Z-0.3071
N13580 X0.0347 Y0.6285
N13585 X0.0343
N13590 G3 X0.0098 Y0.6058 Z-0.315 I-0.0008 J-0.0236
N13595 G1 Y0.5678
N13600 G3 X0.0366 Y0.5039 I0.105 J0.0065
N13605 X0.115 Y0.4423 I0.1698 J0.1352
N13610 X0.3379 Y0.4167 I0.1464 J0.2922
N13615 X0.3929 Y0.4426 I-0.041 J0.1583
N13620 X0.4233 Y0.5087 I-0.0578 J0.0666
N13625 G1 X0.4232 Y0.5471
N13630 G3 X0.4009 Y0.5699 Z-0.3075 I-0.0236 J-0.0008
N13635 G1 X0.3988 Y0.57 Z-0.3071
N13640 X0.0348 Y0.5905
N13645 X0.0343 Y0.5906
N13650 G3 X0.0098 Y0.5678 Z-0.315 I-0.0008 J-0.0236
N13655 G1 Y0.5301
N13660 G3 X0.0359 Y0.4664 I0.1043 J0.0055
N13665 X0.1131 Y0.4048 I0.1694 J0.133
N13670 X0.3365 Y0.3779 I0.1484 J0.2918
N13675 X0.3925 Y0.4038 I-0.0396 J0.1594
N13680 X0.4233 Y0.4703 I-0.0579 J0.0671
N13685 G1 X0.4232 Y0.5087
N13690 G3 X0.401 Y0.5315 Z-0.3076 I-0.0236 J-0.0008
N13695 G1 X0.3988 Y0.5316 Z-0.3071
N13700 X0.0348 Y0.5529
N13705 X0.0343
N13710 G3 X0.0098 Y0.5301 Z-0.315 I-0.0008 J-0.0236
N13715 G1 Y0.4905
N13720 G3 X0.0369 Y0.4267 I0.1052 J0.0069
N13725 X0.1153 Y0.3652 I0.1696 J0.1356
N13730 X0.338 Y0.3399 I0.1462 J0.2927
N13735 X0.393 Y0.3659 I-0.0412 J0.1584
N13740 X0.4233 Y0.4319 I-0.058 J0.0665
N13745 G1 X0.4232 Y0.4703
N13750 G3 X0.4009 Y0.4931 Z-0.3075 I-0.0236 J-0.0008
N13755 G1 X0.3988 Y0.4932 Z-0.3071
N13760 X0.0348 Y0.5133
N13765 X0.0343
N13770 G3 X0.0098 Y0.4905 Z-0.315 I-0.0008 J-0.0236
N13775 G1 Y0.4529
N13780 G3 X0.0361 Y0.3892 I0.1045 J0.0058
N13785 X0.1137 Y0.3276 I0.1693 J0.1336
N13790 X0.337 Y0.3012 I0.1477 J0.292
N13795 X0.3927 Y0.3271 I-0.0399 J0.1588
N13800 X0.4233 Y0.3935 I-0.0581 J0.067
N13805 G1 X0.4232 Y0.4319
N13810 G3 X0.401 Y0.4546 Z-0.3075 I-0.0236 J-0.0008
N13815 G1 X0.3988 Y0.4548 Z-0.3071
N13820 X0.0348 Y0.4757
N13825 X0.0343
N13830 G3 X0.0098 Y0.4529 Z-0.315 I-0.0008 J-0.0236
N13835 G1 Y0.4157
N13840 G3 X0.0351 Y0.3521 I0.1035 J0.0043
N13845 X0.1242 Y0.2842 I0.1749 J0.1371
N13850 X0.3446 Y0.2648 I0.1369 J0.295
N13855 X0.3921 Y0.2883 I-0.0462 J0.1531
N13860 X0.4233 Y0.3551 I-0.0568 J0.0672
N13865 G1 X0.4232 Y0.3935
N13870 G3 X0.4011 Y0.4162 Z-0.3076 I-0.0236 J-0.0008
N13875 G1 X0.3988 Y0.4164 Z-0.3071
N13880 X0.0349 Y0.4385
N13885 X0.0343
N13890 G3 X0.0098 Y0.4157 Z-0.315 I-0.0008 J-0.0236
N13895 G1 Y0.3761
N13900 G3 X0.0361 Y0.3124 I0.1044 J0.0057
N13905 X0.1132 Y0.251 I0.169 J0.1332
N13910 X0.3363 Y0.2242 I0.1482 J0.292
N13915 X0.3926 Y0.2502 I-0.0399 J0.1601
N13920 X0.4233 Y0.3167 I-0.0581 J0.0671
N13925 G1 X0.4232 Y0.3551
N13930 G3 X0.401 Y0.3779 Z-0.3075 I-0.0236 J-0.0008
N13935 G1 X0.3988 Y0.378 Z-0.3071
N13940 X0.0348 Y0.3989
N13945 X0.0343
N13950 G3 X0.0098 Y0.3761 Z-0.315 I-0.0008 J-0.0236
N13955 G1 Y0.3365
N13960 G3 X0.0371 Y0.2727 I0.1054 J0.0072
N13965 X0.1158 Y0.2112 I0.1696 J0.1363
N13970 X0.3384 Y0.1863 I0.1455 J0.2926
N13975 X0.3931 Y0.2123 I-0.0415 J0.158
N13980 X0.4233 Y0.2782 I-0.0581 J0.0664
N13985 G1 X0.4232 Y0.3167
N13990 G3 X0.4009 Y0.3394 Z-0.3075 I-0.0236 J-0.0008
N13995 G1 X0.3988 Y0.3395 Z-0.3071
N14000 X0.0347 Y0.3593
N14005 X0.0343
N14010 G3 X0.0098 Y0.3365 Z-0.315 I-0.0008 J-0.0236
N14015 G1 Y0.2985
N14020 G3 X0.0367 Y0.2347 I0.105 J0.0066
N14025 X0.1151 Y0.1731 I0.1696 J0.1354
N14030 X0.3381 Y0.1478 I0.1462 J0.2923
N14035 X0.393 Y0.1737 I-0.0411 J0.1581
N14040 X0.4233 Y0.2398 I-0.0579 J0.0665
N14045 G1 X0.4232 Y0.2782
N14050 G3 X0.4009 Y0.3009 Z-0.3075 I-0.0236 J-0.0008
N14055 G1 X0.3988 Y0.3011 Z-0.3071
N14060 X0.0348 Y0.3213
N14065 X0.0343
N14070 G3 X0.0098 Y0.2985 Z-0.315 I-0.0008 J-0.0236
N14075 G1 Y0.2609
N14080 G3 X0.036 Y0.1972 I0.1043 J0.0056
N14085 X0.1133 Y0.1356 I0.1693 J0.1333
N14090 X0.3367 Y0.109 I0.1481 J0.292
N14095 X0.3926 Y0.1349 I-0.0398 J0.1591
N14100 X0.4233 Y0.2013 I-0.058 J0.0671
N14105 G1 X0.4232 Y0.2398
N14110 G3 X0.401 Y0.2625 Z-0.3075 I-0.0236 J-0.0008
N14115 G1 X0.3988 Y0.2626 Z-0.3071
N14120 X0.0348 Y0.2837
N14125 X0.0343
N14130 G3 X0.0098 Y0.2609 Z-0.315 I-0.0008 J-0.0236
N14135 G1 Y0.2213
N14140 G3 X0.037 Y0.1575 I0.1053 J0.0071
N14145 X0.1156 Y0.0961 I0.1696 J0.136
N14150 X0.3383 Y0.071 I0.1458 J0.2929
N14155 X0.3931 Y0.0969 I-0.0414 J0.158
N14160 X0.4233 Y0.1629 I-0.0581 J0.0664
N14165 G1 X0.4232 Y0.2013
N14170 G3 X0.4009 Y0.2241 Z-0.3075 I-0.0236 J-0.0008
N14175 G1 X0.3988 Y0.2242 Z-0.3071
N14180 X0.0347 Y0.2441
N14185 X0.0343
N14190 G3 X0.0098 Y0.2213 Z-0.315 I-0.0008 J-0.0236
N14195 G1 Y0.1837
N14200 G3 X0.0363 Y0.12 I0.1046 J0.006
N14205 X0.1141 Y0.0584 I0.1693 J0.134
N14210 X0.3373 Y0.0323 I0.1473 J0.2922
N14215 X0.3928 Y0.0582 I-0.0401 J0.1583
N14220 X0.4233 Y0.1245 I-0.0582 J0.0669
N14225 G1 X0.4232 Y0.1629
N14230 G3 X0.401 Y0.1857 Z-0.3075 I-0.0236 J-0.0008
N14235 G1 X0.3988 Y0.1858 Z-0.3071
N14240 X0.0348 Y0.2064
N14245 X0.0343 Y0.2065
N14250 G3 X0.0098 Y0.1837 Z-0.315 I-0.0008 J-0.0236
N14255 G1 Y0.1465
N14260 G3 X0.0352 Y0.083 I0.1036 J0.0045
N14265 X0.1244 Y0.0151 I0.1749 J0.1372
N14270 X0.3447 Y-0.0041 I0.1367 J0.2951
N14275 X0.3921 Y0.0194 I-0.0462 J0.1529
N14280 X0.4233 Y0.0861 I-0.0568 J0.0671
N14285 G1 X0.4232 Y0.1245
N14290 G3 X0.401 Y0.1472 Z-0.3076 I-0.0236 J-0.0008
N14295 G1 X0.3988 Y0.1474 Z-0.3071
N14300 X0.0349 Y0.1692
N14305 X0.0343 Y0.1693
N14310 G3 X0.0098 Y0.1465 Z-0.315 I-0.0008 J-0.0236
N14315 G1 Y0.1069
N14320 G3 X0.0362 Y0.0432 I0.1045 J0.0059
N14325 X0.1136 Y-0.0182 I0.1691 J0.1336
N14330 X0.3366 Y-0.0447 I0.1478 J0.2922
N14335 X0.3927 Y-0.0187 I-0.0401 J0.1597
N14340 X0.4233 Y0.0477 I-0.0582 J0.067
N14345 G1 X0.4232 Y0.0861
N14350 G3 X0.401 Y0.1089 Z-0.3075 I-0.0236 J-0.0008
N14355 G1 X0.3988 Y0.109 Z-0.3071
N14360 X0.0348 Y0.1297
N14365 X0.0343
N14370 G3 X0.0098 Y0.1069 Z-0.315 I-0.0008 J-0.0236
N14375 G1 Y0.0673
N14380 G3 X0.0372 Y0.0034 I0.1055 J0.0074
N14385 X0.1162 Y-0.058 I0.1697 J0.1368
N14390 X0.3388 Y-0.0826 I0.1451 J0.2928
N14395 X0.3932 Y-0.0567 I-0.0416 J0.1574
N14400 X0.4233 Y0.0092 I-0.0582 J0.0663
N14405 G1 X0.4232 Y0.0477
N14410 G3 X0.4009 Y0.0704 Z-0.3075 I-0.0236 J-0.0008
N14415 G1 X0.3988 Y0.0705 Z-0.3071
N14420 X0.0347 Y0.0901
N14425 X0.0343
N14430 G3 X0.0098 Y0.0673 Z-0.315 I-0.0008 J-0.0236
N14435 G1 Y0.0313
N14440 G3 X0.0351 Y-0.0322 I0.1034 J0.0043
N14445 X0.1241 Y-0.1001 I0.1749 J0.1371
N14450 X0.3446 Y-0.1194 I0.1369 J0.2948
N14455 X0.3921 Y-0.096 I-0.046 J0.1527
N14460 X0.4233 Y-0.0292 I-0.0568 J0.0672
N14465 G1 X0.4232 Y0.0092
N14470 G3 X0.401 Y0.0319 Z-0.3076 I-0.0236 J-0.0008
N14475 G1 X0.3988 Y0.0321 Z-0.3071
N14480 X0.0349 Y0.054
N14485 X0.0343 Y0.0541
N14490 G3 X0.0098 Y0.0313 Z-0.315 I-0.0008 J-0.0236
N14495 G1 Y-0.0083
N14500 G3 X0.0362 Y-0.072 I0.1044 J0.0058
N14505 X0.1135 Y-0.1335 I0.1691 J0.1335
N14510 X0.3365 Y-0.1601 I0.1479 J0.292
N14515 X0.3927 Y-0.134 I-0.0399 J0.1597
N14520 X0.4233 Y-0.0676 I-0.0581 J0.067
N14525 G1 X0.4232 Y-0.0292
N14530 G3 X0.401 Y-0.0064 Z-0.3075 I-0.0236 J-0.0008
N14535 G1 X0.3988 Y-0.0063 Z-0.3071
N14540 X0.0348 Y0.0144
N14545 X0.0343 Y0.0145
N14550 G3 X0.0098 Y-0.0083 Z-0.315 I-0.0008 J-0.0236
N14555 G1 Y-0.0479
N14560 G3 X0.0372 Y-0.1118 I0.1054 J0.0073
N14565 X0.1161 Y-0.1732 I0.1697 J0.1366
N14570 X0.3386 Y-0.198 I0.1452 J0.2927
N14575 X0.3932 Y-0.172 I-0.0416 J0.1576
N14580 X0.4233 Y-0.1061 I-0.0582 J0.0664
N14585 G1 X0.4232 Y-0.0676
N14590 G3 X0.4009 Y-0.0449 Z-0.3075 I-0.0236 J-0.0008
N14595 G1 X0.3988 Y-0.0448 Z-0.3071
N14600 X0.0347 Y-0.0251
N14605 X0.0343
N14610 G3 X0.0098 Y-0.0479 Z-0.315 I-0.0008 J-0.0236
N14615 G1 Y-0.0855
N14620 G3 X0.0365 Y-0.1493 I0.1048 J0.0063
N14625 X0.1147 Y-0.2109 I0.1696 J0.1347
N14630 X0.3377 Y-0.2366 I0.1467 J0.2922
N14635 X0.3928 Y-0.2107 I-0.0409 J0.1585
N14640 X0.4233 Y-0.1445 I-0.0577 J0.0666
N14645 G1 X0.4232 Y-0.1061
N14650 G3 X0.4009 Y-0.0834 Z-0.3075 I-0.0236 J-0.0008
N14655 G1 X0.3988 Y-0.0832 Z-0.3071
N14660 X0.0348 Y-0.0628
N14665 X0.0343
N14670 G3 X0.0098 Y-0.0855 Z-0.315 I-0.0008 J-0.0236
N14675 G1 Y-0.1227
N14680 G3 X0.0354 Y-0.1863 I0.1038 J0.0047
N14685 X0.1119 Y-0.2479 I0.169 J0.1315
N14690 X0.3452 Y-0.273 I0.1491 J0.2897
N14695 X0.3922 Y-0.2496 I-0.0466 J0.1526
N14700 X0.4233 Y-0.1829 I-0.057 J0.0671
N14705 G1 X0.4232 Y-0.1445
N14710 G3 X0.401 Y-0.1218 Z-0.3076 I-0.0236 J-0.0008
N14715 G1 X0.3988 Y-0.1217 Z-0.3071
N14720 X0.0349 Y-0.1
N14725 X0.0343
N14730 G3 X0.0098 Y-0.1227 Z-0.315 I-0.0008 J-0.0236
N14735 G1 Y-0.1623
N14740 G3 X0.0364 Y-0.2261 I0.1047 J0.0062
N14745 X0.114 Y-0.2875 I0.1692 J0.1341
N14750 X0.337 Y-0.3137 I0.1474 J0.2924
N14755 X0.3928 Y-0.2877 I-0.0402 J0.1591
N14760 X0.4233 Y-0.2214 I-0.0583 J0.0669
N14765 G1 X0.4232 Y-0.1829
N14770 G3 X0.4009 Y-0.1602 Z-0.3075 I-0.0236 J-0.0008
N14775 G1 X0.3988 Y-0.16 Z-0.3071
N14780 X0.0348 Y-0.1396
N14785 X0.0343 Y-0.1395
N14790 G3 X0.0098 Y-0.1623 Z-0.315 I-0.0008 J-0.0236
N14795 G1 Y-0.2019
N14800 G3 X0.0374 Y-0.2658 I0.1057 J0.0077
N14805 X0.1167 Y-0.3272 I0.1698 J0.1374
N14810 X0.3392 Y-0.3515 I0.1446 J0.293
N14815 X0.3906 Y-0.3277 I-0.0439 J0.1619
N14820 X0.4232 Y-0.2597 I-0.055 J0.0683
N14825 G1 Y-0.2214
N14830 G3 X0.4009 Y-0.1986 Z-0.3075 I-0.0236 J-0.0008
N14835 G1 X0.3988 Y-0.1985 Z-0.3071
N14840 X0.0347 Y-0.1792
N14845 X0.0343 Y-0.1791
N14850 G3 X0.0098 Y-0.2019 Z-0.315 I-0.0008 J-0.0236
N14855 G1 Y-0.2379
N14860 G3 X0.0352 Y-0.3014 I0.1035 J0.0046
N14865 X0.1118 Y-0.3632 I0.169 J0.1313
N14870 X0.3343 Y-0.3912 I0.1497 J0.2913
N14875 X0.3922 Y-0.3649 I-0.0388 J0.1624
N14880 X0.4233 Y-0.2982 I-0.0575 J0.0674
N14885 G1 X0.4232 Y-0.2597
N14890 G3 X0.401 Y-0.237 Z-0.3076 I-0.0236 J-0.0008
N14895 G1 X0.3988 Y-0.2368 Z-0.3071
N14900 X0.0349 Y-0.2152
N14905 X0.0343
N14910 G3 X0.0098 Y-0.2379 Z-0.315 I-0.0008 J-0.0236
N14915 G1 Y-0.2775
N14920 G3 X0.0363 Y-0.3413 I0.1046 J0.0061
N14925 X0.1139 Y-0.4027 I0.1692 J0.1339
N14930 X0.3368 Y-0.429 I0.1474 J0.2919
N14935 X0.3928 Y-0.4029 I-0.0402 J0.1596
N14940 X0.4233 Y-0.3366 I-0.0582 J0.0669
N14945 G1 X0.4232 Y-0.2982
N14950 G3 X0.4009 Y-0.2754 Z-0.3075 I-0.0236 J-0.0008
N14955 G1 X0.3988 Y-0.2753 Z-0.3071
N14960 X0.0348 Y-0.2548
N14965 X0.0343
N14970 G3 X0.0098 Y-0.2775 Z-0.315 I-0.0008 J-0.0236
N14975 G1 Y-0.3171
N14980 G3 X0.0374 Y-0.381 I0.1056 J0.0076
N14985 X0.1166 Y-0.4425 I0.1698 J0.1372
N14990 X0.339 Y-0.4669 I0.1447 J0.2928
N14995 X0.3933 Y-0.4409 I-0.0418 J0.1571
N15000 X0.4233 Y-0.3751 I-0.0583 J0.0663
N15005 G1 X0.4232 Y-0.3366
N15010 G3 X0.4009 Y-0.3139 Z-0.3075 I-0.0236 J-0.0008
N15015 G1 X0.3988 Y-0.3137 Z-0.3071
N15020 X0.0347 Y-0.2944
N15025 X0.0343
N15030 G3 X0.0098 Y-0.3171 Z-0.315 I-0.0008 J-0.0236
N15035 G1 Y-0.3548
N15040 G3 X0.0366 Y-0.4185 I0.1049 J0.0065
N15045 X0.1151 Y-0.4802 I0.1697 J0.1353
N15050 X0.3381 Y-0.5055 I0.1461 J0.2924
N15055 X0.3929 Y-0.4796 I-0.0411 J0.1579
N15060 X0.4233 Y-0.4135 I-0.0579 J0.0665
N15065 G1 X0.4232 Y-0.3751
N15070 G3 X0.4009 Y-0.3523 Z-0.3075 I-0.0236 J-0.0008
N15075 G1 X0.3988 Y-0.3522 Z-0.3071
N15080 X0.0348 Y-0.332
N15085 X0.0343
N15090 G3 X0.0098 Y-0.3548 Z-0.315 I-0.0008 J-0.0236
N15095 G1 Y-0.392
N15100 G3 X0.0355 Y-0.4556 I0.1039 J0.005
N15105 X0.1123 Y-0.5172 I0.1691 J0.132
N15110 X0.3456 Y-0.5419 I0.1486 J0.2899
N15115 X0.3923 Y-0.5185 I-0.0468 J0.152
N15120 X0.4233 Y-0.4519 I-0.0571 J0.067
N15125 G1 X0.4232 Y-0.4135
N15130 G3 X0.401 Y-0.3908 Z-0.3076 I-0.0236 J-0.0008
N15135 G1 X0.3988 Y-0.3907 Z-0.3071
N15140 X0.0348 Y-0.3692
N15145 X0.0343
N15150 G3 X0.0098 Y-0.392 Z-0.315 I-0.0008 J-0.0236
N15155 G1 Y-0.4316
N15160 G3 X0.0366 Y-0.4953 I0.1049 J0.0065
N15165 X0.1144 Y-0.5567 I0.1692 J0.1346
N15170 X0.3374 Y-0.5826 I0.1469 J0.2926
N15175 X0.3929 Y-0.5566 I-0.0404 J0.1586
N15180 X0.4233 Y-0.4904 I-0.0584 J0.0669
N15185 G1 X0.4232 Y-0.4519
N15190 G3 X0.4009 Y-0.4292 Z-0.3075 I-0.0236 J-0.0008
N15195 G1 X0.3988 Y-0.4291 Z-0.3071
N15200 X0.0348 Y-0.4088
N15205 X0.0343
N15210 G3 X0.0098 Y-0.4316 Z-0.315 I-0.0008 J-0.0236
N15215 G1 Y-0.4695
N15220 G3 X0.0362 Y-0.5333 I0.1045 J0.0059
N15225 X0.1138 Y-0.5948 I0.1691 J0.1337
N15230 X0.337 Y-0.6211 I0.1476 J0.292
N15235 X0.3927 Y-0.5952 I-0.04 J0.1589
N15240 X0.4233 Y-0.5288 I-0.0581 J0.067
N15245 G1 X0.4232 Y-0.4904
N15250 G3 X0.401 Y-0.4676 Z-0.3075 I-0.0236 J-0.0008
N15255 G1 X0.3988 Y-0.4675 Z-0.3071
N15260 X0.0348 Y-0.4468
N15265 X0.0343
N15270 G3 X0.0098 Y-0.4695 Z-0.315 I-0.0008 J-0.0236
N15275 G1 Y-0.5072
N15280 G3 X0.0355 Y-0.5708 I0.1038 J0.0049
N15285 X0.112 Y-0.6323 I0.1689 J0.1317
N15290 X0.3454 Y-0.6572 I0.1489 J0.2897
N15295 X0.3923 Y-0.6338 I-0.0469 J0.1526
N15300 X0.4233 Y-0.5672 I-0.057 J0.067
N15305 G1 X0.4232 Y-0.5288
N15310 G3 X0.401 Y-0.506 Z-0.3076 I-0.0236 J-0.0008
N15315 G1 X0.3988 Y-0.5059 Z-0.3071
N15320 X0.0348 Y-0.4844
N15325 X0.0343
N15330 G3 X0.0098 Y-0.5072 Z-0.315 I-0.0008 J-0.0236
N15335 G1 Y-0.5468
N15340 G3 X0.0365 Y-0.6105 I0.1048 J0.0064
N15345 X0.1144 Y-0.6719 I0.1693 J0.1346
N15350 X0.3373 Y-0.6979 I0.147 J0.2924
N15355 X0.3929 Y-0.6719 I-0.0404 J0.1588
N15360 X0.4233 Y-0.6057 I-0.0584 J0.0669
N15365 G1 X0.4232 Y-0.5672
N15370 G3 X0.4009 Y-0.5444 Z-0.3075 I-0.0236 J-0.0008
N15375 G1 X0.3988 Y-0.5443 Z-0.3071
N15380 X0.0348 Y-0.524
N15385 X0.0343
N15390 G3 X0.0098 Y-0.5468 Z-0.315 I-0.0008 J-0.0236
N15395 G1 Y-0.5844
N15400 G3 X0.0358 Y-0.6481 I0.1042 J0.0054
N15405 X0.1129 Y-0.7096 I0.169 J0.1326
N15410 X0.3461 Y-0.7339 I0.148 J0.2898
N15415 X0.3925 Y-0.7105 I-0.0473 J0.1517
N15420 X0.4233 Y-0.6441 I-0.0572 J0.0669
N15425 G1 X0.4232 Y-0.6057
N15430 G3 X0.401 Y-0.5829 Z-0.3075 I-0.0236 J-0.0008
N15435 G1 X0.3988 Y-0.5828 Z-0.3071
N15440 X0.0348 Y-0.5616
N15445 X0.0343
N15450 G3 X0.0098 Y-0.5844 Z-0.315 I-0.0008 J-0.0236
N15455 G1 Y-0.624
N15460 G3 X0.0368 Y-0.6878 I0.1051 J0.0069
N15465 X0.1152 Y-0.7492 I0.1696 J0.1356
N15470 X0.338 Y-0.7746 I0.1461 J0.2927
N15475 X0.393 Y-0.7485 I-0.0413 J0.1585
N15480 X0.4233 Y-0.6825 I-0.058 J0.0665
N15485 G1 X0.4232 Y-0.6441
N15490 G3 X0.4009 Y-0.6213 Z-0.3075 I-0.0236 J-0.0008
N15495 G1 X0.3988 Y-0.6212 Z-0.3071
N15500 X0.0347 Y-0.6012
N15505 X0.0343
N15510 G3 X0.0098 Y-0.624 Z-0.315 I-0.0008 J-0.0236
N15515 G1 Y-0.6612
N15520 G3 X0.0358 Y-0.7248 I0.1041 J0.0053
N15525 X0.1129 Y-0.7864 I0.169 J0.1325
N15530 X0.346 Y-0.8108 I0.1481 J0.2898
N15535 X0.3924 Y-0.7874 I-0.0471 J0.1516
N15540 X0.4233 Y-0.7209 I-0.0572 J0.0669
N15545 G1 X0.4232 Y-0.6825
N15550 G3 X0.401 Y-0.6598 Z-0.3075 I-0.0236 J-0.0008
N15555 G1 X0.3988 Y-0.6596 Z-0.3071
N15560 X0.0348 Y-0.6384
N15565 X0.0343
N15570 G3 X0.0098 Y-0.6612 Z-0.315 I-0.0008 J-0.0236
N15575 G1 Y-0.7008
N15580 G3 X0.0368 Y-0.7646 I0.105 J0.0068
N15585 X0.1151 Y-0.826 I0.1695 J0.1354
N15590 X0.3378 Y-0.8515 I0.1463 J0.2927
N15595 X0.393 Y-0.8254 I-0.0412 J0.1587
N15600 X0.4233 Y-0.7594 I-0.0579 J0.0665
N15605 G1 X0.4232 Y-0.7209
N15610 G3 X0.4009 Y-0.6982 Z-0.3075 I-0.0236 J-0.0008
N15615 G1 X0.3988 Y-0.6981 Z-0.3071
N15620 X0.0347 Y-0.678
N15625 X0.0343
N15630 G3 X0.0098 Y-0.7008 Z-0.315 I-0.0008 J-0.0236
N15635 G1 Y-0.7388
N15640 G3 X0.0364 Y-0.8025 I0.1047 J0.0062
N15645 X0.1144 Y-0.8641 I0.1693 J0.1344
N15650 X0.3375 Y-0.89 I0.147 J0.2922
N15655 X0.3928 Y-0.8641 I-0.0403 J0.1582
N15660 X0.4233 Y-0.7978 I-0.0583 J0.0669
N15665 G1 X0.4232 Y-0.7594
N15670 G3 X0.4009 Y-0.7366 Z-0.3075 I-0.0236 J-0.0008
N15675 G1 X0.3988 Y-0.7365 Z-0.3071
N15680 X0.0348 Y-0.716
N15685 X0.0343
N15690 G3 X0.0098 Y-0.7388 Z-0.315 I-0.0008 J-0.0236
N15695 G1 Y-0.7764
N15700 G3 X0.0357 Y-0.84 I0.104 J0.0052
N15705 X0.1126 Y-0.9016 I0.1691 J0.1324
N15710 X0.3459 Y-0.9261 I0.1484 J0.2899
N15715 X0.3924 Y-0.9027 I-0.0471 J0.1519
N15720 X0.4233 Y-0.8362 I-0.0572 J0.0669
N15725 G1 X0.4232 Y-0.7978
N15730 G3 X0.401 Y-0.7751 Z-0.3076 I-0.0236 J-0.0008
N15735 G1 X0.3988 Y-0.7749 Z-0.3071
N15740 X0.0348 Y-0.7536
N15745 X0.0343
N15750 G3 X0.0098 Y-0.7764 Z-0.315 I-0.0008 J-0.0236
N15755 G1 Y-0.816
N15760 G3 X0.0367 Y-0.8798 I0.105 J0.0067
N15765 X0.1149 Y-0.9412 I0.1694 J0.1352
N15770 X0.3377 Y-0.9668 I0.1465 J0.2927
N15775 X0.393 Y-0.9408 I-0.0406 J0.1582
N15780 X0.4233 Y-0.8747 I-0.0585 J0.0668
N15785 G1 X0.4232 Y-0.8362
N15790 G3 X0.4009 Y-0.8135 Z-0.3075 I-0.0236 J-0.0008
N15795 G1 X0.3988 Y-0.8133 Z-0.3071
N15800 X0.0348 Y-0.7932
N15805 X0.0343
N15810 G3 X0.0098 Y-0.816 Z-0.315 I-0.0008 J-0.0236
N15815 G1 Y-0.8536
N15820 G3 X0.036 Y-0.9173 I0.1044 J0.0057
N15825 X0.1134 Y-0.9789 I0.1691 J0.1333
N15830 X0.3367 Y-1.0054 I0.148 J0.2919
N15835 X0.3926 Y-0.9795 I-0.0399 J0.1591
N15840 X0.4233 Y-0.9131 I-0.058 J0.067
N15845 G1 X0.4232 Y-0.8747
N15850 G3 X0.401 Y-0.8519 Z-0.3075 I-0.0236 J-0.0008
N15855 G1 X0.3988 Y-0.8518 Z-0.3071
N15860 X0.0348 Y-0.8309
N15865 X0.0343 Y-0.8308
N15870 G3 X0.0098 Y-0.8536 Z-0.315 I-0.0008 J-0.0236
N15875 G1 Y-0.8932
N15880 G3 X0.037 Y-0.9571 I0.1053 J0.0071
N15885 X0.1158 Y-1.0185 I0.1697 J0.1363
N15890 X0.3384 Y-1.0435 I0.1456 J0.2929
N15895 X0.3931 Y-1.0175 I-0.0415 J0.1579
N15900 X0.4233 Y-0.9515 I-0.0581 J0.0664
N15905 G1 X0.4232 Y-0.9131
N15910 G3 X0.4009 Y-0.8903 Z-0.3075 I-0.0236 J-0.0008
N15915 G1 X0.3988 Y-0.8902 Z-0.3071
N15920 X0.0347 Y-0.8705
N15925 X0.0343 Y-0.8704
N15930 G3 X0.0098 Y-0.8932 Z-0.315 I-0.0008 J-0.0236
N15935 G1 Y-0.9304
N15940 G3 X0.0383 Y-0.9999 I0.1064 J0.0031
N15945 X0.1122 Y-1.0576 I0.1653 J0.1354
N15950 X0.3419 Y-1.0835 I0.1493 J0.2933
N15955 X0.3898 Y-1.0613 I-0.0476 J0.1656
N15960 X0.4218 Y-1.0084 I-0.0551 J0.0694
N15965 G1 X0.4232 Y-0.9927
N15970 Y-0.9515
N15975 G3 X0.401 Y-0.9288 Z-0.3075 I-0.0236 J-0.0008
N15980 G1 X0.3988 Y-0.9287 Z-0.3071
N15985 X0.0348 Y-0.9077
N15990 X0.0343 Y-0.9076
N15995 G3 X0.0098 Y-0.9304 Z-0.315 I-0.0008 J-0.0236
N16000 G1 Y-0.9724
N16005 G3 X0.0351 Y-1.0371 I0.1034 J0.0031
N16010 X0.0825 Y-1.0811 I0.1489 J0.1126
N16015 G2 X0.0728 Y-1.2274 I-0.0513 J-0.0701
N16020 G1 X0.0413 Y-1.2425
N16025 G2 X-0.0748 Y-1.2523 I-0.141 J0.9694
N16030 G3 X-0.1189 Y-1.2672 I0.0033 J-0.0826
N16035 G2 X-0.1822 Y-1.2997 I-0.4104 J0.7215
N16040 G1 X-0.1981 Y-1.3052
N16045 X-0.206 Y-1.3075
N16050 X-0.2114 Y-1.3085
N16055 G3 X-0.23 Y-1.3305 I0.005 J-0.0231
N16060 G1 X-0.2301 Y-1.3342 Z-0.3147
N16065 X-0.2303 Y-1.3378 Z-0.3138
N16070 X-0.2305 Y-1.3412 Z-0.3124
N16075 X-0.2306 Y-1.3443 Z-0.3104
N16080 X-0.2307 Y-1.3472 Z-0.308
N16085 X-0.2308 Y-1.3496 Z-0.3052
N16090 X-0.2309 Y-1.3515 Z-0.3021
N16095 X-0.231 Y-1.3529 Z-0.2986
N16100 Y-1.3538 Z-0.295
N16105 X-0.2311 Y-1.3541 Z-0.2913
N16110 Z0.1969
N16115 X0.741 Y-1.345
N16120 Z-0.2677
N16125 Z-0.2913
N16130 X0.7408 Y-1.3448 Z-0.295
N16135 X0.7401 Y-1.3443 Z-0.2986
N16140 X0.739 Y-1.3434 Z-0.3021
N16145 X0.7376 Y-1.3422 Z-0.3052
N16150 X0.7357 Y-1.3406 Z-0.308
N16155 X0.7335 Y-1.3388 Z-0.3104
N16160 X0.7311 Y-1.3368 Z-0.3124
N16165 X0.7285 Y-1.3346 Z-0.3138
N16170 X0.7257 Y-1.3323 Z-0.3147
N16175 X0.7228 Y-1.33 Z-0.315
N16180 G3 X0.6948 Y-1.3168 I-0.0397 J-0.048
N16185 G2 X0.6259 Y-1.304 I0.0672 J0.5522
N16190 G1 X0.618 Y-1.3008
N16195 X0.6101 Y-1.2975
N16200 X0.6044 Y-1.2947
N16205 G3 X0.5023 Y-1.2678 I-0.1282 J-0.2796
N16210 G1 X0.4965 Y-1.2667
N16215 G2 X0.4423 Y-1.2479 I0.0024 J0.0943
N16220 X0.4108 Y-1.1623 I0.0539 J0.0684
N16225 G1 X0.4195 Y-1.1285
N16230 G3 X0.4293 Y-1.0729 I-0.0758 J0.0421
N16235 X0.4078 Y-1.0538 I-0.0232 J-0.0045
N16240 G1 X0.4041 Y-1.0536 Z-0.3147
N16245 X0.4005 Y-1.0533 Z-0.3138
N16250 X0.3971 Y-1.0531 Z-0.3124
N16255 X0.3939 Y-1.0529 Z-0.3104
N16260 X0.3911 Y-1.0527 Z-0.308
N16265 X0.3887 Y-1.0525 Z-0.3052
N16270 X0.3868 Y-1.0524 Z-0.3021
N16275 X0.3854 Y-1.0523 Z-0.2986
N16280 X0.3845 Y-1.0522 Z-0.295
N16285 X0.3842 Z-0.2913
N16290 Z0.1969
N16295 X0.6398 Y-1.3356
N16300 Z-0.2677
N16305 Z-0.2913
N16310 X0.6396 Y-1.3354 Z-0.295
N16315 X0.6391 Y-1.3347 Z-0.2986
N16320 X0.6384 Y-1.3335 Z-0.3021
N16325 X0.6373 Y-1.3318 Z-0.3052
N16330 X0.636 Y-1.3298 Z-0.308
N16335 X0.6345 Y-1.3274 Z-0.3104
N16340 X0.6328 Y-1.3248 Z-0.3124
N16345 X0.6309 Y-1.3219 Z-0.3138
N16350 X0.629 Y-1.3189 Z-0.3147
N16355 X0.627 Y-1.3157 Z-0.315
N16360 G3 X0.6044 Y-1.2947 I-0.0524 J-0.0336
N16365 G1 X0.5625 Y-1.2734
N16370 G2 X0.5272 Y-1.2472 I0.0724 J0.1345
N16375 X0.4833 Y-1.2019 I0.4452 J0.4762
N16380 X0.4548 Y-1.1521 I0.2484 J0.1753
N16385 G1 X0.443 Y-1.1284
N16390 G2 X0.4294 Y-1.0729 I0.1942 J0.0772
N16395 X0.4233 Y-0.9927 I0.3361 J0.0659
N16400 G1 X0.4229 Y-0.9889 Z-0.3142
N16405 X0.4218 Y-0.9853 Z-0.3134
N16410 X0.4202 Y-0.9819 Z-0.3126
N16415 X0.4181 Y-0.9787 Z-0.3117
N16420 X0.4155 Y-0.976 Z-0.3109
N16425 X0.4125 Y-0.9737 Z-0.3101
N16430 X0.4092 Y-0.9719 Z-0.3093
N16435 X0.4056 Y-0.9707 Z-0.3085
N16440 X0.4033 Y-0.9702 Z-0.308
N16445 X0.4009 Y-0.9699 Z-0.3075
N16450 X0.3988 Y-0.9698 Z-0.3071
N16455 X0.0348 Y-0.9496
N16460 X0.0343
N16465 G3 X0.0098 Y-0.9724 Z-0.315 I-0.0008 J-0.0236
N16470 G1 Y-1.0017
N16475 Y-1.014
N16480 X0.0101 Y-1.0199
N16485 G2 X0.0135 Y-1.0517 I-0.1435 J-0.0316
N16490 G1 X0.0125 Y-1.0603
N16495 X0.0107 Y-1.0689
N16500 X0.0003 Y-1.1022
N16505 X-0.0012 Y-1.1045
N16510 X-0.0025 Y-1.107
N16515 X-0.0035 Y-1.1097
N16520 G3 X0.0127 Y-1.1389 Z-0.3071 I0.0227 J-0.0065
N16525 X0.0426 Y-1.1195 I0.0065 J0.0227
N16530 G1 X0.0568 Y-1.0182
N16535 G3 X0.0343 Y-0.9913 I-0.0234 J0.0033
N16540 X0.0098 Y-1.014 Z-0.315 I-0.0009 J-0.0236
N16545 G2 X0.0023 Y-1.0808 I-0.3499 J0.0054
N16550 X-0.01 Y-1.1284 I-0.169 J0.0182
N16555 X-0.0428 Y-1.1918 I-0.8058 J0.3774
N16560 X-0.0714 Y-1.2243 I-0.1625 J0.1141
N16565 G1 X-0.0951 Y-1.2481
N16570 G2 X-0.1189 Y-1.2672 I-0.1134 J0.117
N16575 G1 X-0.1216 Y-1.2696 Z-0.3142
N16580 G2 X-0.1404 Y-1.2883 Z-0.3085 I-0.4714 J0.4548
N16585 G1 X-0.1454 Y-1.293 Z-0.3071
N16590 G2 X-0.3056 Y-1.4034 I-0.4476 J0.4782
N16595 G1 X-0.3085 Y-1.4046
N16600 X-0.3115 Y-1.4054
N16605 X-0.3146 Y-1.4058
N16610 X-0.8004 Y-1.4343
N16615 X-0.8036
N16620 X-0.8066 Y-1.4338
N16625 X-0.8096 Y-1.433
N16630 G2 X-0.9881 Y-1.3373 I0.2166 J0.6182
N16635 G1 X-0.9935 Y-1.3331 Z-0.3085
N16640 X-1.008 Y-1.3216 Z-0.3125
N16645 G3 X-1.0185 Y-1.3167 Z-0.315 I-0.015 J-0.0183
N16650 G2 X-1.0855 Y-1.3043 I0.0693 J0.5638
N16655 X-1.1082 Y-1.2947 I0.0715 J0.2002
N16660 G3 X-1.1976 Y-1.2708 I-0.121 J-0.2736
N16665 X-1.3367 Y-1.2617 I-0.1418 J-1.0939
N16670 X-1.6856 Y-1.2599 I-0.2603 J-16.7564
N16675 G1 X-1.7204 Y-1.2573
N16680 X-1.7544 Y-1.2493
N16685 X-1.7862 Y-1.2352
N16690 X-1.815 Y-1.2153
N16695 X-1.8398 Y-1.1909
N16700 X-1.8607 Y-1.1629
N16705 X-1.8776 Y-1.1324
N16710 X-1.8911 Y-1.1002
N16715 G2 X-1.9197 Y-0.9639 I0.5522 J0.1871
N16720 X-1.9295 Y-0.7549 I2.1853 J0.2074
N16725 X-1.931 Y-0.441 I19.0874 J0.252
N16730 G1 X-1.9311 Y-0.127
N16735 Y0.0126
N16740 Y0.9196
N16745 X-1.931 Y0.9545
N16750 X-1.9294 Y0.9894
N16755 X-1.9232 Y1.0237
N16760 X-1.9109 Y1.0563
N16765 X-1.8928 Y1.0861
N16770 X-1.8697 Y1.1123
N16775 X-1.8428 Y1.1345
N16780 X-1.8131 Y1.1528
N16785 X-1.7815 Y1.1675
N16790 X-1.7485 Y1.179
N16795 G2 X-1.6113 Y1.203 I0.1865 J-0.66
N16800 X-1.3673 Y1.2115 I0.2251 J-2.9664
N16805 X-1.2536 Y1.2125 I0.3281 J-31.9668
N16810 G3 X-1.1947 Y1.2378 I-0.0027 J0.0873
N16815 G1 X-1.1854 Y1.2472
N16820 X-1.1806 Y1.2517
N16825 G2 X-1.1544 Y1.2709 I0.0995 J-0.1083
N16830 G3 X-1.1442 Y1.2978 I-0.0125 J0.0201
N16835 G1 X-1.1453 Y1.3014 Z-0.3147
N16840 X-1.1463 Y1.3048 Z-0.3138
N16845 X-1.1473 Y1.3081 Z-0.3124
N16850 X-1.1482 Y1.3111 Z-0.3104
N16855 X-1.149 Y1.3138 Z-0.308
N16860 X-1.1497 Y1.3161 Z-0.3052
N16865 X-1.1503 Y1.318 Z-0.3021
N16870 X-1.1507 Y1.3193 Z-0.2986
N16875 X-1.151 Y1.3202 Z-0.295
N16880 Y1.3204 Z-0.2913
N16885 Z0.1969
N16890 X-1.0726 Y-1.3354
N16895 Z-0.2677
N16900 Z-0.2913
N16905 X-1.0728 Y-1.3352 Z-0.295
N16910 X-1.0733 Y-1.3345 Z-0.2986
N16915 X-1.074 Y-1.3333 Z-0.3021
N16920 X-1.0751 Y-1.3317 Z-0.3052
N16925 X-1.0764 Y-1.3296 Z-0.308
N16930 X-1.0779 Y-1.3273 Z-0.3104
N16935 X-1.0797 Y-1.3246 Z-0.3124
N16940 X-1.0815 Y-1.3218 Z-0.3138
N16945 X-1.0835 Y-1.3187 Z-0.3147
N16950 X-1.0855 Y-1.3156 Z-0.315
N16955 G3 X-1.1082 Y-1.2947 I-0.0523 J-0.0339
N16960 G1 X-1.1489 Y-1.274
N16965 G2 X-1.1667 Y-1.263 I0.072 J0.1365
N16970 G3 X-1.2429 Y-1.2325 I-0.1133 J-0.1724
N16975 X-1.3645 Y-1.2172 I-0.1427 J-0.6432
N16980 X-1.6086 Y-1.2129 I-0.2077 J-4.9599
N16985 G1 X-1.6435 Y-1.2122
N16990 X-1.6782 Y-1.2082
N16995 X-1.7117 Y-1.1986
N17000 X-1.7429 Y-1.1829
N17005 X-1.7708 Y-1.162
N17010 X-1.7949 Y-1.1367
N17015 X-1.815 Y-1.1082
N17020 X-1.8314 Y-1.0774
N17025 X-1.8444 Y-1.045
N17030 G2 X-1.8723 Y-0.9086 I0.579 J0.1896
N17035 X-1.8822 Y-0.6996 I2.2245 J0.2098
N17040 X-1.8838 Y-0.3856 I18.6434 J0.2545
N17045 G1 X-1.8839 Y-0.1065
N17050 Y0.1725
N17055 X-1.8838 Y0.8703
N17060 X-1.8836 Y0.9052
N17065 X-1.8817 Y0.94
N17070 X-1.8751 Y0.9743
N17075 X-1.8626 Y1.0068
N17080 X-1.8444 Y1.0366
N17085 X-1.8214 Y1.0628
N17090 X-1.7946 Y1.0851
N17095 X-1.7649 Y1.1035
N17100 X-1.7334 Y1.1184
N17105 X-1.7005 Y1.1301
N17110 G2 X-1.5635 Y1.1551 I0.1893 J-0.6511
N17115 X-1.3195 Y1.1642 I0.2279 J-2.8353
N17120 G1 X-1.3024 Y1.1651
N17125 G3 X-1.2311 Y1.1996 I-0.0038 J0.0984
N17130 G1 X-1.2244 Y1.2076
N17135 X-1.2202 Y1.2123
N17140 X-1.1947 Y1.2378
N17145 X-1.1924 Y1.2407
N17150 X-1.1906 Y1.2439
N17155 X-1.1899 Y1.2467 Z-0.3148
N17160 X-1.1891 Y1.2494 Z-0.3142
N17165 X-1.1884 Y1.2521 Z-0.3133
N17170 Y1.2539 Z-0.3125
N17175 X-1.1889 Y1.2571 Z-0.3106
N17180 X-1.1895 Y1.2599 Z-0.3082
N17185 X-1.1899 Y1.2624 Z-0.3053
N17190 X-1.1908 Y1.2641 Z-0.3021
N17195 X-1.1914 Y1.2654 Z-0.2987
N17200 X-1.1918 Y1.2662 Z-0.2951
N17205 X-1.1919 Y1.2665 Z-0.2913
N17210 Z0.1969
N17215 X-1.1391 Y-1.3096
N17220 Z-0.2677
N17225 Z-0.2913
N17230 X-1.1392 Y-1.3093 Z-0.295
N17235 X-1.1395 Y-1.3085 Z-0.2986
N17240 X-1.14 Y-1.3072 Z-0.3021
N17245 X-1.1408 Y-1.3054 Z-0.3052
N17250 X-1.1417 Y-1.3032 Z-0.308
N17255 X-1.1428 Y-1.3006 Z-0.3104
N17260 X-1.144 Y-1.2976 Z-0.3124
N17265 X-1.1453 Y-1.2945 Z-0.3138
N17270 X-1.1467 Y-1.2911 Z-0.3147
N17275 X-1.1481 Y-1.2877 Z-0.315
N17280 G3 X-1.1667 Y-1.263 I-0.0576 J-0.0238
N17285 G2 X-1.199 Y-1.2335 I0.1404 J0.1866
N17290 G3 X-1.2678 Y-1.1959 I-0.114 J-0.1267
N17295 G1 X-1.2841 Y-1.1907
N17300 G3 X-1.3974 Y-1.1725 I-0.1529 J-0.5904
N17305 X-1.5717 Y-1.1663 I-0.1827 J-2.6954
N17310 G1 X-1.6066 Y-1.1642
N17315 X-1.6409 Y-1.1579
N17320 X-1.6736 Y-1.1459
N17325 X-1.7037 Y-1.1282
N17330 X-1.7303 Y-1.1056
N17335 X-1.7531 Y-1.0792
N17340 X-1.772 Y-1.0499
N17345 X-1.7873 Y-1.0186
N17350 X-1.7995 Y-0.9859
N17355 G2 X-1.8256 Y-0.849 I0.6292 J0.1909
N17360 X-1.8353 Y-0.6051 I2.6804 J0.229
N17365 X-1.8365 Y-0.326 I18.6613 J0.2242
N17370 G1 X-1.8366 Y-0.0818
N17375 Y0.302
N17380 Y0.7904
N17385 Y0.8253
N17390 X-1.8361 Y0.8601
N17395 X-1.8335 Y0.8949
N17400 X-1.826 Y0.929
N17405 X-1.8128 Y0.9613
N17410 X-1.7939 Y0.9906
N17415 X-1.7704 Y1.0164
N17420 X-1.7433 Y1.0384
N17425 X-1.7135 Y1.0565
N17430 X-1.6819 Y1.0712
N17435 X-1.6489 Y1.0827
N17440 G2 X-1.5119 Y1.1076 I0.1911 J-0.6641
N17445 X-1.3476 Y1.1164 I0.2301 J-2.7537
N17450 G3 X-1.2953 Y1.1261 I-0.013 J0.2163
N17455 X-1.2501 Y1.1673 I-0.0327 J0.0812
N17460 G2 X-1.2311 Y1.1996 I0.2432 J-0.1214
N17465 G1 X-1.2296 Y1.2027
N17470 X-1.2285 Y1.206
N17475 X-1.228 Y1.2094
N17480 X-1.2279 Y1.2128
N17485 X-1.2284 Y1.2162
N17490 X-1.2293 Y1.2195
N17495 X-1.2307 Y1.2227
N17500 X-1.2326 Y1.2256
N17505 X-1.2348 Y1.2282
N17510 X-1.2374 Y1.2308 Z-0.3147
N17515 X-1.2399 Y1.2334 Z-0.3138
N17520 X-1.2424 Y1.2358 Z-0.3124
N17525 X-1.2446 Y1.238 Z-0.3104
N17530 X-1.2466 Y1.24 Z-0.308
N17535 X-1.2483 Y1.2417 Z-0.3052
N17540 X-1.2496 Y1.2431 Z-0.3021
N17545 X-1.2506 Y1.2441 Z-0.2986
N17550 X-1.2512 Y1.2447 Z-0.295
N17555 X-1.2514 Y1.2449 Z-0.2913
N17560 Z0.1969
N17565 X-1.1784 Y-1.2835
N17570 Z-0.2677
N17575 Z-0.2913
N17580 X-1.1785 Y-1.2832 Z-0.295
N17585 X-1.1787 Y-1.2824 Z-0.2986
N17590 X-1.1791 Y-1.281 Z-0.3021
N17595 X-1.1795 Y-1.2792 Z-0.3052
N17600 X-1.1801 Y-1.2768 Z-0.308
N17605 X-1.1808 Y-1.2741 Z-0.3104
N17610 X-1.1816 Y-1.271 Z-0.3124
N17615 X-1.1824 Y-1.2677 Z-0.3138
N17620 X-1.1833 Y-1.2642 Z-0.3147
N17625 X-1.1842 Y-1.2606 Z-0.315
N17630 G3 X-1.1991 Y-1.2335 I-0.0604 J-0.0154
N17635 G2 X-1.232 Y-1.1984 I0.2037 J0.2242
N17640 G3 X-1.2547 Y-1.1777 I-0.0597 J-0.0426
N17645 X-1.3358 Y-1.1438 I-0.1359 J-0.211
N17650 X-1.4574 Y-1.1253 I-0.1582 J-0.6313
N17655 G1 X-1.4922 Y-1.123
N17660 X-1.527 Y-1.1212
N17665 X-1.5618 Y-1.1179
N17670 X-1.5958 Y-1.1104
N17675 X-1.6282 Y-1.0974
N17680 X-1.6579 Y-1.079
N17685 X-1.684 Y-1.0559
N17690 X-1.7064 Y-1.0292
N17695 X-1.725 Y-0.9997
N17700 X-1.7401 Y-0.9682
N17705 X-1.7521 Y-0.9354
N17710 G2 X-1.7781 Y-0.7986 I0.6418 J0.1928
N17715 X-1.788 Y-0.5547 I2.6744 J0.2308
N17720 X-1.7893 Y-0.2756 I18.2329 J0.2261
N17725 G1 X-1.7894 Y-0.0314
N17730 Y0.4222
N17735 Y0.7361
N17740 X-1.7893 Y0.771
N17745 X-1.7889 Y0.8059
N17750 X-1.7866 Y0.8407
N17755 X-1.7799 Y0.875
N17760 X-1.7674 Y0.9075
N17765 X-1.7494 Y0.9374
N17770 X-1.7267 Y0.9639
N17775 X-1.7001 Y0.9865
N17780 X-1.6707 Y1.0053
N17785 X-1.6394 Y1.0206
N17790 X-1.6067 Y1.0328
N17795 G2 X-1.4699 Y1.0593 I0.1931 J-0.6314
N17800 G1 X-1.4352 Y1.0625
N17805 G3 X-1.3384 Y1.0731 I-0.0363 J0.7787
N17810 X-1.2853 Y1.1016 I-0.0158 J0.093
N17815 G1 X-1.2762 Y1.1143
N17820 X-1.2696 Y1.1284
N17825 X-1.2578 Y1.1521
N17830 X-1.2501 Y1.1673
N17835 G3 X-1.2563 Y1.1954 I-0.0214 J0.01
N17840 G1 X-1.2592 Y1.1978 Z-0.3147
N17845 X-1.2619 Y1.2001 Z-0.3138
N17850 X-1.2645 Y1.2023 Z-0.3124
N17855 X-1.267 Y1.2043 Z-0.3104
N17860 X-1.2691 Y1.2061 Z-0.308
N17865 X-1.271 Y1.2077 Z-0.3052
N17870 X-1.2724 Y1.2089 Z-0.3021
N17875 X-1.2735 Y1.2098 Z-0.2986
N17880 X-1.2742 Y1.2104 Z-0.295
N17885 X-1.2744 Y1.2106 Z-0.2913
N17890 Z0.1969
N17895 X-1.2229 Y-1.2517
N17900 Z-0.2677
N17905 Z-0.2913
N17910 Y-1.2514 Z-0.295
N17915 Y-1.2506 Z-0.2986
N17920 X-1.223 Y-1.2491 Z-0.3021
N17925 Y-1.2472 Z-0.3052
N17930 X-1.2231 Y-1.2448 Z-0.308
N17935 X-1.2232 Y-1.242 Z-0.3104
N17940 Y-1.2388 Z-0.3124
N17945 X-1.2233 Y-1.2354 Z-0.3138
N17950 X-1.2234 Y-1.2318 Z-0.3147
N17955 X-1.2235 Y-1.2281 Z-0.315
N17960 G3 X-1.2319 Y-1.1984 I-0.0623 J-0.0016
N17965 G2 X-1.247 Y-1.1735 I0.3729 J0.2432
N17970 G3 X-1.2972 Y-1.1275 I-0.0997 J-0.0583
N17975 X-1.389 Y-1.0943 I-0.1498 J-0.2703
N17980 G1 X-1.4188 Y-1.0882
N17985 X-1.4533 Y-1.083
N17990 X-1.488 Y-1.0789
N17995 X-1.5224 Y-1.0732
N18000 X-1.5559 Y-1.0634
N18005 X-1.5874 Y-1.0485
N18010 X-1.616 Y-1.0286
N18015 X-1.6411 Y-1.0044
N18020 X-1.6625 Y-0.9768
N18025 X-1.6803 Y-0.9468
N18030 X-1.6947 Y-0.915
N18035 G2 X-1.7271 Y-0.7796 I0.5267 J0.1976
N18040 X-1.7397 Y-0.5708 I1.861 J0.2169
N18045 X-1.742 Y-0.2219 I16.11 J0.2835
N18050 G1 X-1.7421 Y-0.0126
N18055 Y0.5107
N18060 Y0.6851
N18065 Y0.72
N18070 X-1.7416 Y0.7549
N18075 X-1.7394 Y0.7897
N18080 X-1.7329 Y0.824
N18085 X-1.7208 Y0.8567
N18090 X-1.7032 Y0.8868
N18095 X-1.6808 Y0.9136
N18100 X-1.6546 Y0.9365
N18105 X-1.6254 Y0.9557
N18110 X-1.5943 Y0.9714
N18115 X-1.5617 Y0.9839
N18120 G2 X-1.4253 Y1.0122 I0.2142 J-0.6904
N18125 G1 X-1.3908 Y1.0175
N18130 G3 X-1.3216 Y1.0374 I-0.0337 J0.2471
N18135 X-1.2793 Y1.0967 I-0.0429 J0.0754
N18140 G1 X-1.2776 Y1.1046
N18145 X-1.2725 Y1.1205
N18150 X-1.2696 Y1.1284
N18155 G3 X-1.2792 Y1.1555 I-0.0225 J0.0073
N18160 G1 X-1.2823 Y1.1575 Z-0.3147
N18165 X-1.2853 Y1.1595 Z-0.3138
N18170 X-1.2882 Y1.1613 Z-0.3124
N18175 X-1.2908 Y1.1631 Z-0.3104
N18180 X-1.2932 Y1.1646 Z-0.308
N18185 X-1.2952 Y1.1659 Z-0.3052
N18190 X-1.2968 Y1.167 Z-0.3021
N18195 X-1.298 Y1.1677 Z-0.2986
N18200 X-1.2987 Y1.1682 Z-0.295
N18205 X-1.299 Y1.1684 Z-0.2913
N18210 Z0.1969
N18215 X-1.2428 Y-1.2275
N18220 Z-0.2677
N18225 Z-0.2913
N18230 Y-1.2272 Z-0.295
N18235 X-1.2427 Y-1.2263 Z-0.2986
N18240 X-1.2426 Y-1.2249 Z-0.3021
N18245 X-1.2425 Y-1.223 Z-0.3052
N18250 X-1.2423 Y-1.2206 Z-0.308
N18255 X-1.2421 Y-1.2177 Z-0.3104
N18260 X-1.2419 Y-1.2146 Z-0.3124
N18265 X-1.2417 Y-1.2112 Z-0.3138
N18270 X-1.2415 Y-1.2076 Z-0.3147
N18275 X-1.2412 Y-1.2039 Z-0.315
N18280 G3 X-1.2469 Y-1.1735 I-0.0622 J0.0041
N18285 G1 X-1.2578 Y-1.1521
N18290 X-1.2657 Y-1.1363
N18295 G3 X-1.3161 Y-1.0877 I-0.1087 J-0.0624
N18300 X-1.3841 Y-1.0579 I-0.144 J-0.2366
N18305 G1 X-1.4142 Y-1.0493
N18310 X-1.4482 Y-1.0414
N18315 X-1.4819 Y-1.0326
N18320 X-1.5146 Y-1.0202
N18325 X-1.5451 Y-1.0033
N18330 X-1.5727 Y-0.982
N18335 X-1.5969 Y-0.9569
N18340 X-1.6175 Y-0.9287
N18345 X-1.6346 Y-0.8983
N18350 X-1.6485 Y-0.8663
N18355 G2 X-1.6799 Y-0.7307 I0.5537 J0.1999
N18360 X-1.6924 Y-0.5218 I1.9094 J0.2187
N18365 X-1.6948 Y-0.173 I16.0543 J0.2851
N18370 G1 X-1.6949 Y0.0364
N18375 Y0.6294
N18380 X-1.6948 Y0.6643
N18385 X-1.6945 Y0.6992
N18390 X-1.6928 Y0.7341
N18395 X-1.6873 Y0.7685
N18400 X-1.6763 Y0.8016
N18405 X-1.6598 Y0.8323
N18410 X-1.6384 Y0.8599
N18415 X-1.6129 Y0.8837
N18420 X-1.5844 Y0.9038
N18425 X-1.5536 Y0.9203
N18430 X-1.5214 Y0.9336
N18435 X-1.4882 Y0.9444
N18440 X-1.4545 Y0.9532
N18445 G3 X-1.3557 Y0.9792 I-0.18 J0.8861
N18450 X-1.3096 Y1.0064 I-0.0431 J0.1254
N18455 X-1.286 Y1.0551 I-0.0643 J0.0612
N18460 G1 X-1.2858 Y1.0571
N18465 X-1.2808 Y1.0888
N18470 X-1.2793 Y1.0967
N18475 G3 X-1.2932 Y1.1219 I-0.0234 J0.0035
N18480 G1 X-1.2966 Y1.1233 Z-0.3147
N18485 X-1.2999 Y1.1248 Z-0.3138
N18490 X-1.3031 Y1.1261 Z-0.3124
N18495 X-1.306 Y1.1274 Z-0.3104
N18500 X-1.3086 Y1.1285 Z-0.308
N18505 X-1.3108 Y1.1295 Z-0.3052
N18510 X-1.3126 Y1.1302 Z-0.3021
N18515 X-1.3139 Y1.1308 Z-0.2986
N18520 X-1.3146 Y1.1312 Z-0.295
N18525 X-1.3149 Y1.1313 Z-0.2913
N18530 Z0.1969
N18535 X-1.2622 Y-1.1903
N18540 Z-0.2677
N18545 Z-0.2913
N18550 Y-1.19 Z-0.295
N18555 X-1.2621 Y-1.1892 Z-0.2986
N18560 X-1.262 Y-1.1877 Z-0.3021
N18565 X-1.2618 Y-1.1858 Z-0.3052
N18570 X-1.2616 Y-1.1834 Z-0.308
N18575 X-1.2614 Y-1.1806 Z-0.3104
N18580 X-1.2612 Y-1.1775 Z-0.3124
N18585 X-1.2609 Y-1.174 Z-0.3138
N18590 X-1.2606 Y-1.1704 Z-0.3147
N18595 X-1.2603 Y-1.1668 Z-0.315
N18600 G3 X-1.2657 Y-1.1363 I-0.0621 J0.0049
N18605 G1 X-1.2696 Y-1.1284
N18610 X-1.2725 Y-1.1205
N18615 X-1.2767 Y-1.1074
N18620 G3 X-1.3181 Y-1.0568 I-0.1007 J-0.0401
N18625 X-1.381 Y-1.0217 I-0.1576 J-0.2087
N18630 G1 X-1.4134 Y-1.0087
N18635 X-1.4457 Y-0.9956
N18640 X-1.4768 Y-0.9798
N18645 X-1.5057 Y-0.9602
N18650 X-1.5318 Y-0.937
N18655 X-1.5545 Y-0.9106
N18660 X-1.5739 Y-0.8816
N18665 X-1.59 Y-0.8506
N18670 X-1.6031 Y-0.8183
N18675 G2 X-1.633 Y-0.6823 I0.5979 J0.2029
N18680 X-1.6457 Y-0.4385 I2.2298 J0.238
N18685 X-1.6475 Y-0.1245 I16.5441 J0.2563
N18690 G1 X-1.6476 Y0.0848
N18695 Y0.5732
N18700 Y0.6081
N18705 X-1.6474 Y0.643
N18710 X-1.6461 Y0.6778
N18715 X-1.6415 Y0.7124
N18720 X-1.6318 Y0.7459
N18725 X-1.6166 Y0.7773
N18730 X-1.5963 Y0.8057
N18735 X-1.5717 Y0.8305
N18740 X-1.544 Y0.8516
N18745 X-1.5139 Y0.8693
N18750 X-1.4823 Y0.8841
N18755 X-1.4498 Y0.8967
N18760 G3 X-1.3523 Y0.9331 I-0.3349 J1.0464
N18765 X-1.3173 Y0.9555 I-0.0736 J0.1538
N18770 X-1.2893 Y1.0189 I-0.059 J0.0639
N18775 G2 X-1.286 Y1.0551 I0.2149 J-0.0013
N18780 G1 X-1.2859 Y1.0575
N18785 X-1.2861 Y1.06
N18790 X-1.2864 Y1.0624
N18795 X-1.2875 Y1.0651 Z-0.3148
N18800 X-1.2886 Y1.0677 Z-0.3142
N18805 X-1.2897 Y1.0703 Z-0.3133
N18810 X-1.2918 Y1.0726 Z-0.3118
N18815 X-1.2938 Y1.0747 Z-0.3099
N18820 X-1.2955 Y1.0765 Z-0.3076
N18825 X-1.2975 Y1.0776 Z-0.3048
N18830 X-1.2991 Y1.0784 Z-0.3017
N18835 X-1.3002 Y1.0791 Z-0.2984
N18840 X-1.3009 Y1.0795 Z-0.2949
N18845 X-1.3012 Y1.0796 Z-0.2914
N18850 Z0.1969
N18855 X-1.2809 Y-1.1613
N18860 Z-0.2677
N18865 Z-0.2913
N18870 Y-1.1611 Z-0.295
N18875 X-1.2807 Y-1.1602 Z-0.2986
N18880 X-1.2804 Y-1.1588 Z-0.3021
N18885 X-1.2799 Y-1.1569 Z-0.3052
N18890 X-1.2794 Y-1.1546 Z-0.308
N18895 X-1.2788 Y-1.1518 Z-0.3104
N18900 X-1.2781 Y-1.1487 Z-0.3124
N18905 X-1.2774 Y-1.1454 Z-0.3138
N18910 X-1.2766 Y-1.1419 Z-0.3147
N18915 X-1.2758 Y-1.1383 Z-0.315
N18920 G3 X-1.2767 Y-1.1074 I-0.0608 J0.0136
N18925 G2 X-1.2817 Y-1.0825 I0.1736 J0.0478
N18930 G3 X-1.3147 Y-1.0287 I-0.0951 J-0.0214
N18935 X-1.3582 Y-0.9951 I-0.1647 J-0.1681
N18940 G1 X-1.3879 Y-0.9769
N18945 X-1.4178 Y-0.9589
N18950 X-1.4462 Y-0.9387
N18955 X-1.4725 Y-0.9158
N18960 X-1.496 Y-0.89
N18965 X-1.5164 Y-0.8617
N18970 X-1.5338 Y-0.8314
N18975 X-1.5481 Y-0.7996
N18980 G2 X-1.5824 Y-0.6647 I0.5479 J0.2107
N18985 X-1.5972 Y-0.456 I1.7056 J0.2258
N18990 X-1.6003 Y-0.0723 I14.7044 J0.3122
N18995 G1 X-1.6004 Y0.1371
N19000 Y0.5208
N19005 Y0.5557
N19010 X-1.6002 Y0.5906
N19015 X-1.599 Y0.6255
N19020 X-1.5949 Y0.6601
N19025 X-1.5859 Y0.6938
N19030 X-1.5714 Y0.7255
N19035 X-1.5518 Y0.7544
N19040 X-1.5281 Y0.78
N19045 X-1.5012 Y0.8022
N19050 X-1.472 Y0.8213
N19055 X-1.4415 Y0.8382
N19060 G3 X-1.3454 Y0.8863 I-0.7646 J1.6449
N19065 X-1.3108 Y0.9136 I-0.088 J0.1476
N19070 X-1.2894 Y0.9706 I-0.0658 J0.0572
N19075 G1 Y1.0017
N19080 X-1.2893 Y1.0189
N19085 G3 X-1.3075 Y1.0412 I-0.0236 J-0.0007
N19090 G1 X-1.3111 Y1.042 Z-0.3147
N19095 X-1.3146 Y1.0428 Z-0.3138
N19100 X-1.3179 Y1.0436 Z-0.3124
N19105 X-1.321 Y1.0443 Z-0.3104
N19110 X-1.3237 Y1.045 Z-0.308
N19115 X-1.3261 Y1.0455 Z-0.3052
N19120 X-1.328 Y1.046 Z-0.3021
N19125 X-1.3294 Y1.0463 Z-0.2986
N19130 X-1.3302 Y1.0465 Z-0.295
N19135 X-1.3305 Y1.0466 Z-0.2913
N19140 Z0.1969
N19145 X-1.2945 Y-1.1351
N19150 Z-0.2677
N19155 Z-0.2913
N19160 X-1.2944 Y-1.1348 Z-0.295
N19165 X-1.294 Y-1.134 Z-0.2986
N19170 X-1.2935 Y-1.1327 Z-0.3021
N19175 X-1.2928 Y-1.1309 Z-0.3052
N19180 X-1.2919 Y-1.1287 Z-0.308
N19185 X-1.2909 Y-1.126 Z-0.3104
N19190 X-1.2897 Y-1.1231 Z-0.3124
N19195 X-1.2884 Y-1.1199 Z-0.3138
N19200 X-1.2871 Y-1.1166 Z-0.3147
N19205 X-1.2857 Y-1.1131 Z-0.315
N19210 G3 X-1.2818 Y-1.0825 I-0.0579 J0.0231
N19215 G1 X-1.2858 Y-1.0571
N19220 X-1.2869 Y-1.0492
N19225 G3 X-1.3134 Y-0.9969 I-0.0996 J-0.0177
N19230 G1 X-1.3206 Y-0.9882
N19235 X-1.3303 Y-0.978
N19240 X-1.3557 Y-0.9541
N19245 X-1.3821 Y-0.9313
N19250 X-1.4079 Y-0.9078
N19255 X-1.4318 Y-0.8824
N19260 X-1.4534 Y-0.855
N19265 X-1.4723 Y-0.8257
N19270 X-1.4885 Y-0.7948
N19275 G2 X-1.5293 Y-0.6617 I0.4909 J0.2234
N19280 X-1.5486 Y-0.4535 I1.3799 J0.2329
N19285 X-1.5527 Y-0.1396 I8.3452 J0.266
N19290 G1 X-1.553 Y-0.0349
N19295 X-1.5531 Y0.1395
N19300 Y0.4884
N19305 Y0.5233
N19310 X-1.5527 Y0.5582
N19315 X-1.5504 Y0.593
N19320 X-1.5443 Y0.6273
N19325 X-1.533 Y0.6604
N19330 X-1.5166 Y0.6911
N19335 X-1.4957 Y0.7191
N19340 X-1.4713 Y0.7441
N19345 X-1.4445 Y0.7663
N19350 X-1.4159 Y0.7864
N19355 X-1.3865 Y0.8051
N19360 X-1.357 Y0.8237
N19365 G3 X-1.317 Y0.8538 I-0.1733 J0.2722
N19370 X-1.2894 Y0.9173 I-0.0591 J0.0635
N19375 G1 Y0.9706
N19380 G3 X-1.3077 Y0.9928 I-0.0236 J-0.0008
N19385 G1 X-1.3113 Y0.9937 Z-0.3147
N19390 X-1.3148 Y0.9945 Z-0.3138
N19395 X-1.3181 Y0.9952 Z-0.3124
N19400 X-1.3212 Y0.9959 Z-0.3104
N19405 X-1.3239 Y0.9966 Z-0.308
N19410 X-1.3263 Y0.9971 Z-0.3052
N19415 X-1.3282 Y0.9976 Z-0.3021
N19420 X-1.3296 Y0.9979 Z-0.2986
N19425 X-1.3304 Y0.9981 Z-0.295
N19430 X-1.3307 Z-0.2913
N19435 Z0.1969
N19440 X-1.3018 Y-1.1012
N19445 Z-0.2677
N19450 Z-0.2913
N19455 X-1.3017 Y-1.101 Z-0.295
N19460 X-1.3013 Y-1.1002 Z-0.2986
N19465 X-1.3007 Y-1.0989 Z-0.3021
N19470 X-1.2999 Y-1.0971 Z-0.3052
N19475 X-1.299 Y-1.0949 Z-0.308
N19480 X-1.2978 Y-1.0923 Z-0.3104
N19485 X-1.2965 Y-1.0895 Z-0.3124
N19490 X-1.2951 Y-1.0863 Z-0.3138
N19495 X-1.2936 Y-1.083 Z-0.3147
N19500 X-1.2921 Y-1.0797 Z-0.315
N19505 G3 X-1.2869 Y-1.0492 I-0.0569 J0.0255
N19510 G1 X-1.2887 Y-1.0334
N19515 X-1.2893 Y-1.0254
N19520 Y-1.0191
N19525 G3 X-1.3058 Y-0.9692 I-0.1017 J-0.006
N19530 G1 X-1.3113 Y-0.9596
N19535 X-1.3201 Y-0.9465
N19540 X-1.341 Y-0.9185
N19545 X-1.3631 Y-0.8915
N19550 X-1.3845 Y-0.8641
N19555 G2 X-1.4628 Y-0.7092 I0.389 J0.2937
N19560 X-1.4938 Y-0.5378 I0.8104 J0.2354
N19565 X-1.5041 Y-0.2939 I2.9133 J0.2448
N19570 X-1.5058 Y0.0201 I19.5088 J0.2628
N19575 G1 X-1.5059 Y0.2294
N19580 Y0.4387
N19585 X-1.5058 Y0.4736
N19590 X-1.5054 Y0.5085
N19595 X-1.5034 Y0.5433
N19600 X-1.4977 Y0.5777
N19605 X-1.4871 Y0.611
N19610 X-1.4718 Y0.6423
N19615 X-1.4523 Y0.6713
N19620 X-1.4296 Y0.6977
N19625 X-1.4045 Y0.7219
N19630 X-1.3778 Y0.7444
N19635 G3 X-1.3092 Y0.8025 I-0.4327 J0.5804
N19640 G1 X-1.3021 Y0.8106
N19645 X-1.2951 Y0.8192
N19650 X-1.2899 Y0.8261
N19655 X-1.2896 Y0.8267
N19660 X-1.2894 Y0.8272
N19665 Y0.8278
N19670 Y0.9173
N19675 G3 X-1.3077 Y0.9395 I-0.0236 J-0.0008
N19680 G1 X-1.3113 Y0.9403 Z-0.3147
N19685 X-1.3148 Y0.9411 Z-0.3138
N19690 X-1.3181 Y0.9419 Z-0.3124
N19695 X-1.3212 Y0.9426 Z-0.3104
N19700 X-1.3239 Y0.9432 Z-0.308
N19705 X-1.3263 Y0.9438 Z-0.3052
N19710 X-1.3282 Y0.9442 Z-0.3021
N19715 X-1.3296 Y0.9445 Z-0.2986
N19720 X-1.3304 Y0.9447 Z-0.295
N19725 X-1.3307 Y0.9448 Z-0.2913
N19730 Z0.1969
N19735 X-1.3098 Y-1.0692
N19740 Z-0.2677
N19745 Z-0.2913
N19750 X-1.3097 Y-1.0689 Z-0.295
N19755 X-1.3093 Y-1.0682 Z-0.2986
N19760 X-1.3085 Y-1.067 Z-0.3021
N19765 X-1.3076 Y-1.0653 Z-0.3052
N19770 X-1.3063 Y-1.0632 Z-0.308
N19775 X-1.3049 Y-1.0608 Z-0.3104
N19780 X-1.3033 Y-1.0581 Z-0.3124
N19785 X-1.3016 Y-1.0551 Z-0.3138
N19790 X-1.2997 Y-1.052 Z-0.3147
N19795 X-1.2979 Y-1.0488 Z-0.315
N19800 G3 X-1.2893 Y-1.0191 I-0.0537 J0.0316
N19805 G1 X-1.2894 Y-1.0017
N19810 Y-0.9779
N19815 G3 X-1.3077 Y-0.9142 I-0.155 J-0.0102
N19820 G1 X-1.3192 Y-0.8906
N19825 X-1.3363 Y-0.8602
N19830 G2 X-1.3985 Y-0.7355 I0.7017 J0.4278
N19835 X-1.4397 Y-0.5663 I0.7177 J0.2642
N19840 X-1.4556 Y-0.3228 I2.059 J0.2568
N19845 X-1.4586 Y0.0609 I15.928 J0.3155
N19850 G1 Y0.2703
N19855 Y0.4098
N19860 X-1.4585 Y0.4447
N19865 X-1.4574 Y0.4796
N19870 X-1.4539 Y0.5143
N19875 X-1.4462 Y0.5483
N19880 X-1.4342 Y0.581
N19885 X-1.418 Y0.612
N19890 X-1.3984 Y0.6408
N19895 X-1.3762 Y0.6677
N19900 X-1.3523 Y0.6931
N19905 X-1.3276 Y0.7178
N19910 X-1.3141 Y0.7315
N19915 G3 X-1.2894 Y0.7921 I-0.0619 J0.0606
N19920 G1 Y0.8278
N19925 G3 X-1.3077 Y0.85 I-0.0236 J-0.0008
N19930 G1 X-1.3113 Y0.8509 Z-0.3147
N19935 X-1.3148 Y0.8517 Z-0.3138
N19940 X-1.3181 Y0.8524 Z-0.3124
N19945 X-1.3212 Y0.8532 Z-0.3104
N19950 X-1.3239 Y0.8538 Z-0.308
N19955 X-1.3263 Y0.8543 Z-0.3052
N19960 X-1.3282 Y0.8548 Z-0.3021
N19965 X-1.3296 Y0.8551 Z-0.2986
N19970 X-1.3304 Y0.8553 Z-0.295
N19975 X-1.3307 Z-0.2913
N19980 Z0.1969
N19985 X-1.3102 Y-1.0279
N19990 Z-0.2677
N19995 Z-0.2913
N20000 X-1.31 Y-1.0277 Z-0.295
N20005 X-1.3096 Y-1.0269 Z-0.2986
N20010 X-1.3088 Y-1.0257 Z-0.3021
N20015 X-1.3079 Y-1.024 Z-0.3052
N20020 X-1.3066 Y-1.022 Z-0.308
N20025 X-1.3052 Y-1.0195 Z-0.3104
N20030 X-1.3036 Y-1.0168 Z-0.3124
N20035 X-1.3018 Y-1.0139 Z-0.3138
N20040 X-1.3 Y-1.0108 Z-0.3147
N20045 X-1.2981 Y-1.0076 Z-0.315
N20050 G3 X-1.2894 Y-0.9779 I-0.0536 J0.0318
N20055 G1 Y-0.9225
N20060 G3 X-1.3041 Y-0.8498 I-0.2347 J-0.0098
N20065 G1 X-1.3157 Y-0.8168
N20070 G2 X-1.3629 Y-0.6856 I1.4074 J0.5799
N20075 X-1.4016 Y-0.4449 I1.0909 J0.2988
N20080 X-1.4101 Y-0.166 I4.1171 J0.2654
N20085 G1 X-1.411 Y-0.0265
N20090 X-1.4115 Y0.1131
N20095 Y0.2526
N20100 X-1.4112 Y0.3922
N20105 X-1.4104 Y0.4271
N20110 X-1.4077 Y0.4618
N20115 X-1.4015 Y0.4962
N20120 X-1.3914 Y0.5296
N20125 X-1.3775 Y0.5616
N20130 X-1.3603 Y0.5919
N20135 X-1.3406 Y0.6207
N20140 X-1.3193 Y0.6483
N20145 X-1.3077 Y0.6632
N20150 G3 X-1.2894 Y0.7164 I-0.0683 J0.0532
N20155 G1 Y0.7921
N20160 G3 X-1.3077 Y0.8143 I-0.0236 J-0.0008
N20165 G1 X-1.3113 Y0.8151 Z-0.3147
N20170 X-1.3148 Y0.8159 Z-0.3138
N20175 X-1.3181 Y0.8167 Z-0.3124
N20180 X-1.3212 Y0.8174 Z-0.3104
N20185 X-1.3239 Y0.8181 Z-0.308
N20190 X-1.3263 Y0.8186 Z-0.3052
N20195 X-1.3282 Y0.819 Z-0.3021
N20200 X-1.3296 Y0.8194 Z-0.2986
N20205 X-1.3304 Y0.8196 Z-0.295
N20210 X-1.3307 Z-0.2913
N20215 Z0.1969
N20220 X-1.3102 Y-0.9725
N20225 Z-0.2677
N20230 Z-0.2913
N20235 X-1.31 Y-0.9722 Z-0.295
N20240 X-1.3096 Y-0.9715 Z-0.2986
N20245 X-1.3088 Y-0.9703 Z-0.3021
N20250 X-1.3079 Y-0.9686 Z-0.3052
N20255 X-1.3066 Y-0.9665 Z-0.308
N20260 X-1.3052 Y-0.9641 Z-0.3104
N20265 X-1.3036 Y-0.9614 Z-0.3124
N20270 X-1.3018 Y-0.9584 Z-0.3138
N20275 X-1.3 Y-0.9553 Z-0.3147
N20280 X-1.2981 Y-0.9522 Z-0.315
N20285 G3 X-1.2894 Y-0.9225 I-0.0536 J0.0318
N20290 G1 Y-0.8354
N20295 G3 X-1.3023 Y-0.741 I-0.4593 J-0.0147
N20300 G2 X-1.3383 Y-0.5704 I2.3547 J0.587
N20305 X-1.3609 Y-0.2574 I2.2835 J0.3217
N20310 X-1.3639 Y0.1263 I14.1597 J0.3027
N20315 X-1.3636 Y0.3705 I14.4631 J0.1055
N20320 G1 X-1.3617 Y0.4053
N20325 X-1.3574 Y0.44
N20330 X-1.3497 Y0.474
N20335 X-1.3385 Y0.507
N20340 X-1.3242 Y0.5388
N20345 X-1.3074 Y0.5695
N20350 X-1.3014 Y0.5796
N20355 X-1.2948 Y0.5935
N20360 X-1.2907 Y0.6084
N20365 X-1.2894 Y0.6237
N20370 Y0.7164
N20375 G3 X-1.3077 Y0.7386 I-0.0236 J-0.0008
N20380 G1 X-1.3113 Y0.7394 Z-0.3147
N20385 X-1.3148 Y0.7402 Z-0.3138
N20390 X-1.3181 Y0.741 Z-0.3124
N20395 X-1.3212 Y0.7417 Z-0.3104
N20400 X-1.3239 Y0.7424 Z-0.308
N20405 X-1.3263 Y0.7429 Z-0.3052
N20410 X-1.3282 Y0.7433 Z-0.3021
N20415 X-1.3296 Y0.7437 Z-0.2986
N20420 X-1.3304 Y0.7439 Z-0.295
N20425 X-1.3307 Z-0.2913
N20430 Z0.1969
N20435 X-1.3102 Y-0.8854
N20440 Z-0.2677
N20445 Z-0.2913
N20450 X-1.31 Y-0.8851 Z-0.295
N20455 X-1.3096 Y-0.8844 Z-0.2986
N20460 X-1.3088 Y-0.8832 Z-0.3021
N20465 X-1.3079 Y-0.8815 Z-0.3052
N20470 X-1.3066 Y-0.8794 Z-0.308
N20475 X-1.3052 Y-0.877 Z-0.3104
N20480 X-1.3036 Y-0.8743 Z-0.3124
N20485 X-1.3018 Y-0.8713 Z-0.3138
N20490 X-1.3 Y-0.8682 Z-0.3147
N20495 X-1.2981 Y-0.8651 Z-0.315
N20500 G3 X-1.2894 Y-0.8354 I-0.0536 J0.0318
N20505 G1 Y-0.6612
N20510 G3 X-1.3016 Y-0.4872 I-3.1886 J-0.1364
N20515 G2 X-1.3155 Y-0.1038 I4.8396 J0.3674
N20520 X-1.3165 Y0.3148 I25.8062 J0.2736
N20525 G1 X-1.3153 Y0.3497
N20530 G2 X-1.2913 Y0.4733 I0.4197 J-0.0173
N20535 G1 X-1.2899 Y0.4829
N20540 X-1.2894 Y0.4925
N20545 Y0.6237
N20550 G3 X-1.3077 Y0.6459 I-0.0236 J-0.0008
N20555 G1 X-1.3113 Y0.6467 Z-0.3147
N20560 X-1.3148 Y0.6475 Z-0.3138
N20565 X-1.3181 Y0.6483 Z-0.3124
N20570 X-1.3212 Y0.649 Z-0.3104
N20575 X-1.3239 Y0.6496 Z-0.308
N20580 X-1.3263 Y0.6502 Z-0.3052
N20585 X-1.3282 Y0.6506 Z-0.3021
N20590 X-1.3296 Y0.6509 Z-0.2986
N20595 X-1.3304 Y0.6511 Z-0.295
N20600 X-1.3307 Y0.6512 Z-0.2913
N20605 Z0.1969
N20610 X-1.3102 Y-0.7112
N20615 Z-0.2677
N20620 Z-0.2913
N20625 X-1.31 Y-0.7109 Z-0.295
N20630 X-1.3096 Y-0.7102 Z-0.2986
N20635 X-1.3088 Y-0.709 Z-0.3021
N20640 X-1.3079 Y-0.7073 Z-0.3052
N20645 X-1.3066 Y-0.7052 Z-0.308
N20650 X-1.3052 Y-0.7028 Z-0.3104
N20655 X-1.3036 Y-0.7001 Z-0.3124
N20660 X-1.3018 Y-0.6971 Z-0.3138
N20665 X-1.3 Y-0.694 Z-0.3147
N20670 X-1.2981 Y-0.6909 Z-0.315
N20675 G3 X-1.2894 Y-0.6612 I-0.0536 J0.0318
N20680 G1 Y0.4925
N20685 X-1.2898 Y0.4961
N20690 X-1.2907 Y0.4996
N20695 X-1.2922 Y0.5022 Z-0.3148
N20700 X-1.2936 Y0.5046 Z-0.3142
N20705 X-1.295 Y0.507 Z-0.3133
N20710 X-1.2974 Y0.509 Z-0.3118
N20715 X-1.2997 Y0.5108 Z-0.3099
N20720 X-1.3017 Y0.5124 Z-0.3076
N20725 X-1.3038 Y0.5132 Z-0.3048
N20730 X-1.3054 Y0.5138 Z-0.3017
N20735 X-1.3067 Y0.5143 Z-0.2984
N20740 X-1.3074 Y0.5146 Z-0.2949
N20745 X-1.3077 Y0.5147 Z-0.2914
N20750 Z0.1969
N20755 X-2.115 Y-1.6278
N20760 Z-0.3701
N20765 Z-0.4724
N20770 G3 X-2.0965 Y-1.4992 I-0.5842 J0.1496
N20775 G1 Y-1.4934
N20780 X-2.1174 Y-1.4655
N20785 X-2.133 Y-1.4343
N20790 X-2.1443 Y-1.4013
N20795 X-2.1521 Y-1.3673
N20800 G2 X-2.1646 Y-1.2284 I0.9193 J0.1527
N20805 X-2.1671 Y-0.9842 I7.5854 J0.1998
N20810 G1 X-2.1673 Y-0.8447
N20815 Y0.481
N20820 Y1.2921
N20825 X-2.1664 Y1.3008
N20830 X-2.163 Y1.3179
N20835 X-2.1496 Y1.3501
N20840 X-2.1274 Y1.377
N20845 X-2.0996 Y1.3982
N20850 X-2.0685 Y1.414
N20855 X-2.0356 Y1.4254
N20860 X-2.0016 Y1.4334
N20865 G2 X-1.8628 Y1.4461 I0.1528 J-0.9054
N20870 X-1.6186 Y1.4486 I0.1998 J-7.4598
N20875 G1 X-1.479 Y1.4488
N20880 X-1.0604
N20885 X0.9281
N20890 X2.0096
N20895 X2.027 Y1.4471
N20900 X2.0603 Y1.4368
N20905 X2.0888 Y1.4166
N20910 X2.1115 Y1.3901
N20915 X2.1287 Y1.3598
N20920 X2.1412 Y1.3272
N20925 X2.15 Y1.2935
N20930 G2 X2.1642 Y1.1548 I-0.8126 J-0.1533
N20935 X2.1671 Y0.8757 I-7.6842 J-0.2184
N20940 G1 X2.1673 Y0.7013
N20945 Y0.6315
N20950 Y-1.2872
N20955 X2.1669 Y-1.296
N20960 X2.1642 Y-1.3132
N20965 X2.1524 Y-1.346
N20970 X2.1312 Y-1.3737
N20975 X2.104 Y-1.3956
N20980 X2.0733 Y-1.4121
N20985 X2.0405 Y-1.4241
N20990 X2.0066 Y-1.4325
N20995 G2 X1.8679 Y-1.4459 I-0.153 J0.8574
N21000 X1.5191 Y-1.4488 I-0.2663 J11.0841
N21005 G1 X0.7167
N21010 X0.1934
N21015 X-1.7952
N21020 X-1.9347
N21025 X-1.9696 Y-1.4482
N21030 X-2.0025 Y-1.4366
N21035 X-2.0311 Y-1.4165
N21040 X-2.0545 Y-1.3907
N21045 X-2.0729 Y-1.3611
N21050 X-2.0869 Y-1.3291
N21055 X-2.0971 Y-1.2958
N21060 G2 X-2.1153 Y-1.1576 I0.6997 J0.1623
N21065 X-2.1196 Y-0.9135 I4.652 J0.205
N21070 G1 X-2.12 Y-0.8437
N21075 X-2.1201 Y-0.7042
N21080 Y0.3076
N21085 Y1.2146
N21090 X-2.115 Y1.2491
N21095 X-2.1014 Y1.2812
N21100 X-2.0807 Y1.3093
N21105 X-2.0547 Y1.3327
N21110 X-2.0252 Y1.3513
N21115 X-1.9934 Y1.3656
N21120 X-1.9602 Y1.3763
N21125 G2 X-1.8223 Y1.396 I0.1664 J-0.6713
N21130 X-1.5782 Y1.4011 I0.2073 J-4.1335
N21135 G1 X-1.5084 Y1.4014
N21140 X-1.4038 Y1.4015
N21145 X-1.1247 Y1.4016
N21150 X0.8639
N21155 X1.9105
N21160 X1.9454 Y1.4014
N21165 X1.9793 Y1.3933
N21170 X2.0101 Y1.3771
N21175 X2.0366 Y1.3543
N21180 X2.0583 Y1.327
N21185 X2.0753 Y1.2966
N21190 X2.0883 Y1.2642
N21195 X2.0979 Y1.2306
N21200 G2 X2.1153 Y1.0923 I-0.7576 J-0.1654
N21205 X2.1196 Y0.8482 I-4.7432 J-0.207
N21210 G1 X2.12 Y0.7784
N21215 X2.1201 Y0.6389
N21220 Y0.5691
N21225 Y-1.2101
N21230 X2.1162 Y-1.2448
N21235 X2.1036 Y-1.2773
N21240 X2.0837 Y-1.306
N21245 X2.0584 Y-1.3299
N21250 X2.0293 Y-1.3492
N21255 X1.9977 Y-1.364
N21260 X1.9646 Y-1.3751
N21265 G2 X1.8269 Y-1.3958 I-0.1668 J0.6437
N21270 X1.5828 Y-1.401 I-0.2074 J3.9371
N21275 G1 X1.513 Y-1.4014
N21280 X1.4083 Y-1.4015
N21285 X0.9548 Y-1.4016
N21290 X0.0128
N21295 X-1.871
N21300 X-1.9057 Y-1.398
N21305 X-1.9386 Y-1.3863
N21310 X-1.9679 Y-1.3675
N21315 X-1.9929 Y-1.3431
N21320 X-2.0132 Y-1.3147
N21325 X-2.0293 Y-1.2838
N21330 X-2.0416 Y-1.2511
N21335 G2 X-2.0654 Y-1.1139 I0.5861 J0.1724
N21340 X-2.0721 Y-0.8698 I3.246 J0.2119
N21345 G1 X-2.0725 Y-0.835
N21350 X-2.0727 Y-0.7652
N21355 X-2.0728 Y-0.6605
N21360 Y-0.2419
N21365 Y0.5954
N21370 Y1.1187
N21375 X-2.0725 Y1.1536
N21380 X-2.0666 Y1.188
N21385 X-2.0535 Y1.2203
N21390 X-2.0338 Y1.2491
N21395 X-2.0089 Y1.2736
N21400 X-1.9804 Y1.2937
N21405 X-1.9494 Y1.3097
N21410 X-1.9168 Y1.322
N21415 G2 X-1.7797 Y1.3463 I0.1754 J-0.5888
N21420 X-1.5356 Y1.3536 I0.214 J-3.1062
N21425 G1 X-1.5007 Y1.354
N21430 X-1.431 Y1.3542
N21435 X-1.3263 Y1.3543
N21440 X-0.9774
N21445 X-0.7332
N21450 X1.2553
N21455 X1.8484
N21460 X1.8833 Y1.3531
N21465 X1.9172 Y1.3451
N21470 X1.9485 Y1.3297
N21475 X1.976 Y1.3082
N21480 X1.9991 Y1.2821
N21485 X2.0178 Y1.2527
N21490 X2.0326 Y1.221
N21495 X2.0438 Y1.188
N21500 G2 X2.0658 Y1.0504 I-0.6498 J-0.1743
N21505 X2.0721 Y0.8064 I-3.4906 J-0.2135
N21510 G1 X2.0725 Y0.7715
N21515 X2.0727 Y0.7017
N21520 X2.0728 Y0.5971
N21525 Y0.1784
N21530 Y0.0738
N21535 Y-1.1124
N21540 X2.0727 Y-1.1473
N21545 X2.0682 Y-1.1819
N21550 X2.0564 Y-1.2147
N21555 X2.0378 Y-1.2442
N21560 X2.0138 Y-1.2695
N21565 X1.9858 Y-1.2904
N21570 X1.9552 Y-1.3071
N21575 X1.9228 Y-1.32
N21580 X1.8893 Y-1.3298
N21585 G2 X1.7512 Y-1.3484 I-0.1727 J0.7562
N21590 X1.4722 Y-1.3538 I-0.2309 J4.7489
N21595 G1 X1.4024 Y-1.3542
N21600 X1.2628 Y-1.3543
N21605 X-0.5861
N21610 X-1.7723
N21615 X-1.8072
N21620 X-1.8419 Y-1.3508
N21625 X-1.8752 Y-1.3404
N21630 X-1.9055 Y-1.3232
N21635 X-1.932 Y-1.3004
N21640 X-1.9541 Y-1.2735
N21645 X-1.9721 Y-1.2435
N21650 X-1.9862 Y-1.2116
N21655 X-1.997 Y-1.1784
N21660 G2 X-2.0184 Y-1.0408 I0.683 J0.1766
N21665 X-2.0249 Y-0.7967 I3.5352 J0.2163
N21670 G1 X-2.0252 Y-0.7618
N21675 X-2.0254 Y-0.692
N21680 X-2.0255 Y-0.5874
N21685 X-2.0256 Y-0.2385
N21690 Y1.0523
N21695 X-2.0253 Y1.0872
N21700 X-2.021 Y1.1218
N21705 X-2.01 Y1.1549
N21710 X-1.9926 Y1.1851
N21715 X-1.9698 Y1.2116
N21720 X-1.9429 Y1.2338
N21725 X-1.913 Y1.2518
N21730 X-1.8812 Y1.2661
N21735 X-1.8481 Y1.2772
N21740 G2 X-1.7106 Y1.2993 I0.179 J-0.6737
N21745 X-1.4665 Y1.3063 I0.2182 J-3.3587
N21750 G1 X-1.3367 Y1.3069
N21755 X-1.207 Y1.3072
N21760 X-1.0772
N21765 X-1.0707 Y1.3081
N21770 X-1.0642 Y1.3093
N21775 G2 X-1.0063 Y1.318 I0.1622 J-0.8866
N21780 G1 X-0.9904 Y1.3188
N21785 X-0.9825 Y1.3189
N21790 X-0.3011
N21795 X-0.2852 Y1.3187
N21800 X-0.2773 Y1.3186
N21805 X-0.2694 Y1.3176
N21810 G3 X-0.0255 Y1.3078 I0.2186 J2.4017
N21815 X0.2885 Y1.3071 I0.2212 J29.9918
N21820 G1 X0.6286
N21825 X0.6354 Y1.3074
N21830 X0.6422 Y1.3082
N21835 X0.6489 Y1.3095
N21840 G2 X0.7052 Y1.3179 I0.239 J-1.4029
N21845 G1 X0.721 Y1.3187
N21850 X0.7289 Y1.3189
N21855 X1.7193
N21860 G2 X1.759 Y1.3176 I0.0098 J-0.3085
N21865 G1 X1.7937 Y1.3147
N21870 X1.8283 Y1.3103
N21875 X1.8619 Y1.3007
N21880 X1.893 Y1.2851
N21885 X1.9207 Y1.2638
N21890 X1.9443 Y1.2381
N21895 X1.9469 Y1.2345
N21900 X1.9497 Y1.2311
N21905 X1.9528 Y1.2278
N21910 G3 X1.9861 Y1.2289 Z-0.4646 I0.0161 J0.0173
N21915 X1.9788 Y1.2665 I-0.0172 J0.0161
N21920 G1 X1.7728 Y1.3622
N21925 G3 X1.7395 Y1.3446 I-0.01 J-0.0214
N21930 X1.759 Y1.3175 Z-0.4724 I0.0233 J-0.0038
N21935 G2 X1.8303 Y1.3052 I-0.0658 J-0.5934
N21940 G1 X1.8461 Y1.2994
N21945 G2 X1.9148 Y1.2633 I-0.2678 J-0.5932
N21950 X1.9791 Y1.1997 I-0.3502 J-0.4184
N21955 X2.0058 Y1.1521 I-0.2427 J-0.1676
N21960 G1 X2.0176 Y1.1284
N21965 G2 X2.03 Y1.0809 I-0.1613 J-0.0674
N21970 X2.0374 Y1.0017 I-0.3611 J-0.0738
N21975 G1 Y-1.0017
N21980 X2.0373 Y-1.0254
N21985 X2.0367 Y-1.0334
N21990 X2.0358 Y-1.0413
N21995 X2.0335 Y-1.0761
N22000 X2.0288 Y-1.1107
N22005 X2.019 Y-1.1441
N22010 X2.0031 Y-1.1752
N22015 X1.9816 Y-1.2027
N22020 G2 X1.9474 Y-1.2332 I-1.657 J1.8271
N22025 G3 X1.9485 Y-1.2665 Z-0.4646 I0.0173 J-0.0161
N22030 X1.9861 Y-1.2592 I0.0161 J0.0172
N22035 G1 X2.0806 Y-1.0547
N22040 G3 X2.0627 Y-1.0214 I-0.0214 J0.0099
N22045 X2.0358 Y-1.0413 Z-0.4724 I-0.0035 J-0.0234
N22050 G2 X2.0257 Y-1.1046 I-0.8476 J0.1029
N22055 G1 X2.0204 Y-1.1213
N22060 G2 X1.9847 Y-1.1918 I-0.6115 J0.2659
N22065 X1.957 Y-1.2235 I-0.1524 J0.1053
N22070 G1 X1.9333 Y-1.2473
N22075 G2 X1.8936 Y-1.2756 I-0.1059 J0.1061
N22080 G1 X1.8699 Y-1.2877
N22085 G2 X1.7986 Y-1.3116 I-0.0942 J0.1628
N22090 G1 X1.7748 Y-1.3154
N22095 X1.751 Y-1.3185
N22100 X1.7431 Y-1.3187
N22105 X1.7273 Y-1.3189
N22110 X1.5926
N22115 X0.7289
N22120 G2 X0.6948 Y-1.3169 I0.0013 J0.3088
N22125 G3 X0.5207 Y-1.3082 I-0.162 J-1.5021
N22130 X0.2067 Y-1.3071 I-0.2324 J-21.3462
N22135 G1 X-0.1959
N22140 X-0.2011 Y-1.3072
N22145 X-0.2063 Y-1.3077
N22150 X-0.2114 Y-1.3085
N22155 G2 X-0.2852 Y-1.319 I-0.1277 J0.6344
N22160 G1 X-0.3011 Y-1.3189
N22165 X-0.9825
N22170 G2 X-1.0185 Y-1.3168 I-0.0008 J0.2919
N22175 G3 X-1.1927 Y-1.3082 I-0.161 J-1.4993
N22180 X-1.5066 Y-1.3071 I-0.232 J-21.4361
N22185 G1 X-1.716
N22190 X-1.7508 Y-1.3068
N22195 X-1.7855 Y-1.303
N22200 X-1.8189 Y-1.2928
N22205 X-1.8496 Y-1.2763
N22210 X-1.8767 Y-1.2543
N22215 X-1.8997 Y-1.228
N22220 X-1.9185 Y-1.1987
N22225 X-1.9336 Y-1.1672
N22230 X-1.9453 Y-1.1344
N22235 G2 X-1.9695 Y-0.9972 I0.6342 J0.1822
N22240 X-1.9774 Y-0.7532 I3.0218 J0.2205
N22245 X-1.9783 Y-0.509 I19.0181 J0.192
N22250 G1 Y-0.1601
N22255 Y0.9912
N22260 X-1.978 Y1.026
N22265 X-1.9745 Y1.0608
N22270 X-1.9649 Y1.0943
N22275 X-1.9491 Y1.1254
N22280 X-1.9278 Y1.153
N22285 X-1.9021 Y1.1766
N22290 X-1.8732 Y1.1962
N22295 X-1.8421 Y1.2119
N22300 X-1.8094 Y1.2243
N22305 G2 X-1.6726 Y1.25 I0.1842 J-0.6023
N22310 X-1.4286 Y1.2588 I0.2225 J-2.7986
N22315 G1 X-1.3937 Y1.2593
N22320 X-1.3588 Y1.2595
N22325 X-1.2891 Y1.2597
N22330 X-1.1971 Y1.2598
N22335 X-1.1823 Y1.261
N22340 X-1.1679 Y1.2648
N22345 X-1.1544 Y1.2709
N22350 X-1.1489 Y1.274
N22355 X-1.1082 Y1.2947
N22360 G2 X-1.0642 Y1.3093 I0.0669 J-0.1281
N22365 G1 X-1.0607 Y1.3105 Z-0.4717
N22370 X-1.0574 Y1.3123 Z-0.4709
N22375 X-1.0545 Y1.3146 Z-0.4701
N22380 X-1.0401 Y1.3272 Z-0.466
N22385 X-1.0349 Y1.3316 Z-0.4646
N22390 G2 X-0.929 Y1.4012 I0.3718 J-0.4503
N22395 X-0.9185 Y1.4038 I0.0108 J-0.021
N22400 G1 X-0.419 Y1.4092
N22405 G2 X-0.4084 Y1.4068 I0.0003 J-0.0236
N22410 X-0.2996 Y1.3383 I-0.2546 J-0.5256
N22415 G1 X-0.2942 Y1.3341 Z-0.466
N22420 X-0.2811 Y1.323 Z-0.4697
N22425 G3 X-0.2694 Y1.3176 Z-0.4724 I0.0154 J0.0179
N22430 G2 X-0.198 Y1.3054 I-0.0665 J-0.6044
N22435 G1 X-0.1822 Y1.2997
N22440 X-0.1743 Y1.2961
N22445 X-0.1715 Y1.2947
N22450 G3 X-0.0857 Y1.2714 I0.1191 J0.2689
N22455 X0.0534 Y1.2618 I0.1421 J1.0471
N22460 X0.5159 Y1.26 I0.316 J22.1374
N22465 G1 X0.5308 Y1.2611
N22470 X0.5453 Y1.265
N22475 X0.5589 Y1.2713
N22480 X0.5625 Y1.2734
N22485 X0.6044 Y1.2947
N22490 G2 X0.6489 Y1.3094 I0.0671 J-0.1286
N22495 G1 X0.6522 Y1.3104 Z-0.4717
N22500 X0.6552 Y1.312 Z-0.471
N22505 X0.658 Y1.314 Z-0.4703
N22510 G3 X0.6663 Y1.338 Z-0.4646 I-0.0147 J0.0185
N22515 X0.6432 Y1.3561 I-0.023 J-0.0055
N22520 G1 X-0.1743 Y1.3521
N22525 G3 X-0.1966 Y1.321 I0.0001 J-0.0236
N22530 G1 X-0.1955 Y1.3183 Z-0.4652
N22535 X-0.1941 Y1.3158 Z-0.4658
N22540 X-0.1936 Y1.3149 Z-0.466
N22545 G3 X-0.1715 Y1.2947 Z-0.4724 I0.0519 J0.0344
N22550 G2 X-0.1127 Y1.2632 I-0.2346 J-0.509
N22555 G3 X-0.0478 Y1.2352 I0.1042 J0.1523
N22560 X0.0643 Y1.2184 I0.1406 J0.5546
N22565 X0.3084 Y1.2131 I0.2055 J3.8669
N22570 G1 X0.3782 Y1.2127
N22575 X0.4479
N22580 G3 X0.497 Y1.2226 I0.0056 J0.0988
N22585 G1 X0.5082 Y1.2296
N22590 X0.5182 Y1.2382
N22595 G2 X0.5589 Y1.2714 I0.1319 J-0.1201
N22600 G1 X0.5619 Y1.2736 Z-0.4716
N22605 X0.5645 Y1.2763 Z-0.4708
N22610 X0.5667 Y1.2793 Z-0.47
N22615 X0.5684 Y1.2827 Z-0.4692
N22620 X0.5695 Y1.2863 Z-0.4684
N22625 X0.57 Y1.29 Z-0.4676
N22630 X0.5699 Y1.2938 Z-0.4668
N22635 X0.5693 Y1.2975 Z-0.466
N22640 X0.5681 Y1.3008 Z-0.4653
N22645 X0.5666 Y1.3038 Z-0.4646
N22650 G3 X0.5461 Y1.315 I-0.0201 J-0.0124
N22655 G1 X-0.0988 Y1.3053
N22660 G3 X-0.1171 Y1.2961 I0.0004 J-0.0236
N22665 X-0.1129 Y1.263 Z-0.4724 I0.0187 J-0.0144
N22670 G2 X-0.0792 Y1.2323 I-0.1443 J-0.1917
N22675 G3 X-0.0102 Y1.1954 I0.114 J0.1302
N22680 G1 X0.0055 Y1.1904
N22685 G3 X0.1207 Y1.1723 I0.1538 J0.6014
N22690 X0.3647 Y1.166 I0.2118 J3.5114
N22695 G1 X0.3996 Y1.1657
N22700 X0.4133 Y1.1663
N22705 G3 X0.4815 Y1.1996 I-0.0038 J0.094
N22710 G2 X0.5182 Y1.2382 I0.3162 J-0.2649
N22715 G3 X0.5171 Y1.2716 Z-0.4646 I-0.0173 J0.0161
N22720 X0.5007 Y1.2779 I-0.0161 J-0.0173
N22725 G1 X-0.0622 Y1.272
N22730 G3 X-0.0781 Y1.2656 I0.0002 J-0.0236
N22735 X-0.0792 Y1.2323 Z-0.4724 I0.0161 J-0.0173
N22740 G2 X-0.0475 Y1.1984 I-0.2583 J-0.2741
N22745 G3 X-0.0176 Y1.1732 I0.0749 J0.0586
N22750 X0.0785 Y1.1386 I0.1457 J0.2539
N22755 X0.2117 Y1.1232 I0.1592 J0.7898
N22760 X0.3694 Y1.1198 I0.129 J2.3537
N22765 X0.4172 Y1.1279 I-0.0064 J0.1838
N22770 X0.4637 Y1.1696 I-0.0312 J0.0815
N22775 G1 X0.4675 Y1.177
N22780 X0.4765 Y1.1917
N22785 X0.4815 Y1.1996
N22790 G3 X0.473 Y1.232 Z-0.4646 I-0.0204 J0.0119
N22795 X0.4611 Y1.2352 I-0.0119 J-0.0204
N22800 G1 X-0.0277 Y1.2347
N22805 G3 X-0.0405 Y1.2309 I0. J-0.0236
N22810 X-0.0475 Y1.1983 Z-0.4724 I0.0128 J-0.0198
N22815 G2 X-0.0327 Y1.1736 I-0.1321 J-0.0965
N22820 G3 X0.0175 Y1.1276 I0.1008 J0.0595
N22825 X0.1091 Y1.0943 I0.1501 J0.2707
N22830 X0.2418 Y1.0772 I0.1668 J0.7696
N22835 X0.3536 Y1.0757 I0.0662 J0.7927
N22840 X0.3963 Y1.0847 I-0.0113 J0.161
N22845 X0.443 Y1.1284 I-0.035 J0.0842
N22850 G1 X0.4548 Y1.1521
N22855 X0.4637 Y1.1696
N22860 G3 X0.4523 Y1.201 Z-0.4646 I-0.0214 J0.01
N22865 X0.4425 Y1.2032 I-0.01 J-0.0214
N22870 G1 X-0.011 Y1.2072
N22875 G3 X-0.0212 Y1.205 I-0.0002 J-0.0236
N22880 X-0.0326 Y1.1736 Z-0.4724 I0.01 J-0.0214
N22885 G1 X-0.0217 Y1.1521
N22890 X-0.0139 Y1.1363
N22895 G3 X0.0366 Y1.0877 I0.1088 J0.0625
N22900 X0.1251 Y1.0523 I0.1562 J0.2621
N22905 X0.325 Y1.0314 I0.1727 J0.6861
N22910 X0.3801 Y1.0417 I-0.018 J0.2505
N22915 X0.435 Y1.1046 I-0.0287 J0.0803
N22920 G1 X0.4401 Y1.1205
N22925 X0.443 Y1.1284
N22930 G3 X0.4279 Y1.1581 Z-0.4646 I-0.0225 J0.0073
N22935 G1 X0.4246 Y1.159
N22940 X0.4212 Y1.1593
N22945 X0.0083 Y1.1696
N22950 G3 X-0.0021 Y1.1675 I-0.0006 J-0.0236
N22955 X-0.0139 Y1.1363 Z-0.4724 I0.0097 J-0.0215
N22960 G1 X-0.01 Y1.1284
N22965 X-0.0079 Y1.1233
N22970 X-0.003 Y1.1082
N22975 G3 X0.0374 Y1.0577 I0.0998 J0.0385
N22980 X0.1235 Y1.0148 I0.1599 J0.2128
N22985 X0.3133 Y0.9896 I0.1628 J0.4992
N22990 X0.3764 Y1.0031 I-0.0167 J0.2326
N22995 X0.4288 Y1.0696 I-0.0335 J0.0803
N23000 G1 X0.4319 Y1.0888
N23005 X0.4333 Y1.0967
N23010 X0.435 Y1.1046
N23015 G3 X0.4156 Y1.1319 Z-0.4646 I-0.0233 J0.004
N23020 G1 X0.412 Y1.1322
N23025 X0.02 Y1.1383
N23030 X0.0166 Y1.1381
N23035 X0.0132 Y1.1374
N23040 G3 X-0.003 Y1.1082 Z-0.4724 I0.0065 J-0.0227
N23045 G1 X-0.0019 Y1.1046
N23050 X-0.0003 Y1.0967
N23055 X0.0025 Y1.0809
N23060 G3 X0.0302 Y1.0336 I0.0888 J0.0204
N23065 X0.107 Y0.9834 I0.1588 J0.1589
N23070 X0.3192 Y0.9503 I0.1702 J0.3947
N23075 X0.3849 Y0.9707 I-0.0209 J0.1835
N23080 X0.424 Y1.0339 I-0.0489 J0.074
N23085 G1 X0.4257 Y1.0492
N23090 X0.4268 Y1.0571
N23095 X0.4288 Y1.0696
N23100 G3 X0.4082 Y1.0959 Z-0.4646 I-0.0234 J0.0029
N23105 G1 X0.4061 Y1.0961
N23110 X0.0266 Y1.1075
N23115 X0.0229 Y1.1073
N23120 G3 X0.0025 Y1.0809 Z-0.4724 I0.003 J-0.0234
N23125 G1 X0.005 Y1.065
N23130 X0.0063 Y1.0571
N23135 X0.0073 Y1.0492
N23140 G3 X0.0372 Y0.9949 I0.0955 J0.0172
N23145 X0.1149 Y0.9423 I0.1643 J0.1588
N23150 X0.3215 Y0.9117 I0.157 J0.3483
N23155 X0.3766 Y0.9291 I-0.035 J0.2075
N23160 X0.4233 Y1.0057 I-0.0404 J0.0771
N23165 G1 Y1.0254
N23170 X0.4239 Y1.0334
N23175 X0.424 Y1.0339
N23180 G3 X0.4023 Y1.0593 Z-0.4646 I-0.0235 J0.0019
N23185 G1 X0.4014 Y1.0594
N23190 X0.0319 Y1.0747
N23195 X0.029 Y1.0746
N23200 G3 X0.0073 Y1.0492 Z-0.4724 I0.0019 J-0.0235
N23205 G1 X0.0092 Y1.0334
N23210 X0.0097 Y1.0254
N23215 X0.0098 Y1.0211
N23220 G3 X0.0333 Y0.9658 I0.089 J0.0052
N23225 X0.1113 Y0.9061 I0.1655 J0.1354
N23230 X0.332 Y0.8753 I0.1564 J0.3151
N23235 X0.3906 Y0.9004 I-0.0368 J0.1672
N23240 X0.4219 Y0.9529 I-0.0566 J0.0692
N23245 G1 X0.4232 Y0.9684
N23250 Y1.0057
N23255 G3 X0.4006 Y1.0286 Z-0.4649 I-0.0236 J-0.0007
N23260 G1 X0.3989 Z-0.4646
N23265 X0.0344 Y1.044
N23270 X0.0341
N23275 G3 X0.0098 Y1.0211 Z-0.4724 I-0.0007 J-0.0236
N23280 G1 Y1.0017
N23285 Y0.9875
N23290 G3 X0.0322 Y0.9312 I0.0941 J0.0048
N23295 X0.1195 Y0.8638 I0.1736 J0.1346
N23300 X0.3339 Y0.8376 I0.1459 J0.3036
N23305 X0.3916 Y0.8632 I-0.0385 J0.1645
N23310 X0.4233 Y0.9305 I-0.0569 J0.0679
N23315 G1 X0.4232 Y0.9684
N23320 G3 X0.4008 Y0.9912 Z-0.465 I-0.0236 J-0.0008
N23325 G1 X0.3988 Y0.9913 Z-0.4646
N23330 X0.0347 Y1.0102
N23335 X0.0343
N23340 G3 X0.0098 Y0.9875 Z-0.4724 I-0.0008 J-0.0236
N23345 G1 Y0.9518
N23350 G3 X0.0364 Y0.8887 I0.1017 J0.0056
N23355 X0.1164 Y0.8267 I0.1711 J0.1383
N23360 X0.3396 Y0.8008 I0.1474 J0.2961
N23365 X0.3905 Y0.8244 I-0.0447 J0.1631
N23370 X0.4233 Y0.8924 I-0.055 J0.0684
N23375 G1 X0.4232 Y0.9305
N23380 G3 X0.401 Y0.9532 Z-0.465 I-0.0236 J-0.0008
N23385 G1 X0.3988 Y0.9534 Z-0.4646
N23390 X0.0348 Y0.9745
N23395 X0.0343 Y0.9746
N23400 G3 X0.0098 Y0.9518 Z-0.4724 I-0.0008 J-0.0236
N23405 G1 Y0.9146
N23410 G3 X0.036 Y0.8511 I0.1033 J0.0055
N23415 X0.1149 Y0.7889 I0.171 J0.1356
N23420 X0.3373 Y0.762 I0.1483 J0.2933
N23425 X0.3928 Y0.7878 I-0.0404 J0.1591
N23430 X0.4233 Y0.8541 I-0.0584 J0.067
N23435 G1 X0.4232 Y0.8924
N23440 G3 X0.401 Y0.9152 Z-0.465 I-0.0236 J-0.0008
N23445 G1 X0.3988 Y0.9153 Z-0.4646
N23450 X0.0349 Y0.9373
N23455 X0.0343 Y0.9374
N23460 G3 X0.0098 Y0.9146 Z-0.4724 I-0.0008 J-0.0236
N23465 G1 Y0.875
N23470 G3 X0.0374 Y0.8111 I0.1054 J0.0075
N23475 X0.1173 Y0.7491 I0.1714 J0.1385
N23480 X0.3395 Y0.7242 I0.1453 J0.293
N23485 X0.3906 Y0.7479 I-0.0442 J0.1619
N23490 X0.4233 Y0.8159 I-0.055 J0.0683
N23495 G1 X0.4232 Y0.8541
N23500 G3 X0.401 Y0.8769 Z-0.465 I-0.0236 J-0.0008
N23505 G1 X0.3988 Y0.877 Z-0.4646
N23510 X0.0348 Y0.8977
N23515 X0.0343 Y0.8978
N23520 G3 X0.0098 Y0.875 Z-0.4724 I-0.0008 J-0.0236
N23525 G1 Y0.839
N23530 G3 X0.0352 Y0.7754 I0.1037 J0.0045
N23535 X0.1121 Y0.7132 I0.1702 J0.1319
N23540 X0.3344 Y0.6846 I0.1504 J0.2909
N23545 X0.3921 Y0.7107 I-0.0387 J0.1624
N23550 X0.4233 Y0.7776 I-0.0575 J0.0674
N23555 G1 X0.4232 Y0.8159
N23560 G3 X0.4011 Y0.8386 Z-0.4651 I-0.0236 J-0.0008
N23565 G1 X0.3988 Y0.8388 Z-0.4646
N23570 X0.0349 Y0.8617
N23575 X0.0343
N23580 G3 X0.0098 Y0.839 Z-0.4724 I-0.0008 J-0.0236
N23585 G1 Y0.7994
N23590 G3 X0.0362 Y0.7355 I0.1048 J0.0059
N23595 X0.1139 Y0.6737 I0.1701 J0.1341
N23600 X0.3366 Y0.6468 I0.1482 J0.2913
N23605 X0.3926 Y0.6727 I-0.04 J0.1599
N23610 X0.4233 Y0.7392 I-0.0581 J0.0671
N23615 G1 X0.4232 Y0.7776
N23620 G3 X0.401 Y0.8003 Z-0.465 I-0.0236 J-0.0008
N23625 G1 X0.3988 Y0.8004 Z-0.4646
N23630 X0.0349 Y0.8221
N23635 X0.0343 Y0.8222
N23640 G3 X0.0098 Y0.7994 Z-0.4724 I-0.0008 J-0.0236
N23645 G1 Y0.7598
N23650 G3 X0.0371 Y0.6958 I0.1057 J0.0073
N23655 X0.1162 Y0.634 I0.1705 J0.1369
N23660 X0.3385 Y0.6089 I0.1456 J0.292
N23665 X0.3931 Y0.6348 I-0.0414 J0.1578
N23670 X0.4233 Y0.7007 I-0.0581 J0.0664
N23675 G1 X0.4232 Y0.7392
N23680 G3 X0.4009 Y0.7619 Z-0.465 I-0.0236 J-0.0008
N23685 G1 X0.3988 Y0.7621 Z-0.4646
N23690 X0.0348 Y0.7825
N23695 X0.0343 Y0.7826
N23700 G3 X0.0098 Y0.7598 Z-0.4724 I-0.0008 J-0.0236
N23705 G1 Y0.7221
N23710 G3 X0.0363 Y0.6583 I0.1049 J0.0061
N23715 X0.1144 Y0.5964 I0.1701 J0.1345
N23720 X0.3373 Y0.5702 I0.1473 J0.2916
N23725 X0.3927 Y0.596 I-0.04 J0.1582
N23730 X0.4233 Y0.6624 I-0.0582 J0.067
N23735 G1 X0.4232 Y0.7007
N23740 G3 X0.401 Y0.7235 Z-0.465 I-0.0236 J-0.0008
N23745 G1 X0.3988 Y0.7236 Z-0.4646
N23750 X0.0348 Y0.7449
N23755 X0.0343
N23760 G3 X0.0098 Y0.7221 Z-0.4724 I-0.0008 J-0.0236
N23765 G1 Y0.6849
N23770 G3 X0.0351 Y0.6213 I0.1038 J0.0044
N23775 X0.1244 Y0.5532 I0.1754 J0.1373
N23780 X0.3446 Y0.5338 I0.137 J0.2947
N23785 X0.392 Y0.5572 I-0.0461 J0.1531
N23790 X0.4233 Y0.624 I-0.0567 J0.0672
N23795 G1 X0.4232 Y0.6624
N23800 G3 X0.4011 Y0.6851 Z-0.465 I-0.0236 J-0.0008
N23805 G1 X0.3988 Y0.6853 Z-0.4646
N23810 X0.0349 Y0.7077
N23815 X0.0343
N23820 G3 X0.0098 Y0.6849 Z-0.4724 I-0.0008 J-0.0236
N23825 G1 Y0.6454
N23830 G3 X0.0361 Y0.5816 I0.1046 J0.0058
N23835 X0.1133 Y0.52 I0.1694 J0.1333
N23840 X0.3363 Y0.4931 I0.1483 J0.2918
N23845 X0.3926 Y0.5191 I-0.0399 J0.1601
N23850 X0.4233 Y0.5856 I-0.058 J0.0671
N23855 G1 X0.4232 Y0.624
N23860 G3 X0.401 Y0.6468 Z-0.465 I-0.0236 J-0.0008
N23865 G1 X0.3988 Y0.6469 Z-0.4646
N23870 X0.0348 Y0.6681
N23875 X0.0343
N23880 G3 X0.0098 Y0.6454 Z-0.4724 I-0.0008 J-0.0236
N23885 G1 Y0.6058
N23890 G3 X0.0371 Y0.5419 I0.1055 J0.0072
N23895 X0.1158 Y0.4803 I0.1699 J0.1363
N23900 X0.3383 Y0.4552 I0.1457 J0.2924
N23905 X0.3931 Y0.4812 I-0.0414 J0.1581
N23910 X0.4233 Y0.5471 I-0.0581 J0.0664
N23915 G1 X0.4232 Y0.5856
N23920 G3 X0.4009 Y0.6084 Z-0.465 I-0.0236 J-0.0008
N23925 G1 X0.3988 Y0.6085 Z-0.4646
N23930 X0.0347 Y0.6285
N23935 X0.0343
N23940 G3 X0.0098 Y0.6058 Z-0.4724 I-0.0008 J-0.0236
N23945 G1 Y0.5678
N23950 G3 X0.0366 Y0.5039 I0.105 J0.0065
N23955 X0.115 Y0.4423 I0.1698 J0.1352
N23960 X0.3379 Y0.4167 I0.1464 J0.2922
N23965 X0.3929 Y0.4426 I-0.041 J0.1583
N23970 X0.4233 Y0.5087 I-0.0578 J0.0666
N23975 G1 X0.4232 Y0.5471
N23980 G3 X0.4009 Y0.5699 Z-0.465 I-0.0236 J-0.0008
N23985 G1 X0.3988 Y0.57 Z-0.4646
N23990 X0.0348 Y0.5905
N23995 X0.0343 Y0.5906
N24000 G3 X0.0098 Y0.5678 Z-0.4724 I-0.0008 J-0.0236
N24005 G1 Y0.5301
N24010 G3 X0.0359 Y0.4664 I0.1043 J0.0055
N24015 X0.1131 Y0.4048 I0.1694 J0.133
N24020 X0.3365 Y0.3779 I0.1484 J0.2918
N24025 X0.3925 Y0.4038 I-0.0396 J0.1594
N24030 X0.4233 Y0.4703 I-0.0579 J0.0671
N24035 G1 X0.4232 Y0.5087
N24040 G3 X0.401 Y0.5315 Z-0.465 I-0.0236 J-0.0008
N24045 G1 X0.3988 Y0.5316 Z-0.4646
N24050 X0.0348 Y0.5529
N24055 X0.0343
N24060 G3 X0.0098 Y0.5301 Z-0.4724 I-0.0008 J-0.0236
N24065 G1 Y0.4905
N24070 G3 X0.0369 Y0.4267 I0.1052 J0.0069
N24075 X0.1153 Y0.3652 I0.1696 J0.1356
N24080 X0.338 Y0.3399 I0.1462 J0.2927
N24085 X0.393 Y0.3659 I-0.0412 J0.1584
N24090 X0.4233 Y0.4319 I-0.058 J0.0665
N24095 G1 X0.4232 Y0.4703
N24100 G3 X0.4009 Y0.4931 Z-0.465 I-0.0236 J-0.0008
N24105 G1 X0.3988 Y0.4932 Z-0.4646
N24110 X0.0348 Y0.5133
N24115 X0.0343
N24120 G3 X0.0098 Y0.4905 Z-0.4724 I-0.0008 J-0.0236
N24125 G1 Y0.4529
N24130 G3 X0.0361 Y0.3892 I0.1045 J0.0058
N24135 X0.1137 Y0.3276 I0.1693 J0.1336
N24140 X0.337 Y0.3012 I0.1477 J0.292
N24145 X0.3927 Y0.3271 I-0.0399 J0.1588
N24150 X0.4233 Y0.3935 I-0.0581 J0.067
N24155 G1 X0.4232 Y0.4319
N24160 G3 X0.401 Y0.4546 Z-0.465 I-0.0236 J-0.0008
N24165 G1 X0.3988 Y0.4548 Z-0.4646
N24170 X0.0348 Y0.4757
N24175 X0.0343
N24180 G3 X0.0098 Y0.4529 Z-0.4724 I-0.0008 J-0.0236
N24185 G1 Y0.4157
N24190 G3 X0.0351 Y0.3521 I0.1035 J0.0043
N24195 X0.1242 Y0.2842 I0.1749 J0.1371
N24200 X0.3446 Y0.2648 I0.1369 J0.295
N24205 X0.3921 Y0.2883 I-0.0462 J0.1531
N24210 X0.4233 Y0.3551 I-0.0568 J0.0672
N24215 G1 X0.4232 Y0.3935
N24220 G3 X0.4011 Y0.4162 Z-0.465 I-0.0236 J-0.0008
N24225 G1 X0.3988 Y0.4164 Z-0.4646
N24230 X0.0349 Y0.4385
N24235 X0.0343
N24240 G3 X0.0098 Y0.4157 Z-0.4724 I-0.0008 J-0.0236
N24245 G1 Y0.3761
N24250 G3 X0.0361 Y0.3124 I0.1044 J0.0057
N24255 X0.1132 Y0.251 I0.169 J0.1332
N24260 X0.3363 Y0.2242 I0.1482 J0.292
N24265 X0.3926 Y0.2502 I-0.0399 J0.1601
N24270 X0.4233 Y0.3167 I-0.0581 J0.0671
N24275 G1 X0.4232 Y0.3551
N24280 G3 X0.401 Y0.3779 Z-0.465 I-0.0236 J-0.0008
N24285 G1 X0.3988 Y0.378 Z-0.4646
N24290 X0.0348 Y0.3989
N24295 X0.0343
N24300 G3 X0.0098 Y0.3761 Z-0.4724 I-0.0008 J-0.0236
N24305 G1 Y0.3365
N24310 G3 X0.0371 Y0.2727 I0.1054 J0.0072
N24315 X0.1158 Y0.2112 I0.1696 J0.1363
N24320 X0.3384 Y0.1863 I0.1455 J0.2926
N24325 X0.3931 Y0.2123 I-0.0415 J0.158
N24330 X0.4233 Y0.2782 I-0.0581 J0.0664
N24335 G1 X0.4232 Y0.3167
N24340 G3 X0.4009 Y0.3394 Z-0.465 I-0.0236 J-0.0008
N24345 G1 X0.3988 Y0.3395 Z-0.4646
N24350 X0.0347 Y0.3593
N24355 X0.0343
N24360 G3 X0.0098 Y0.3365 Z-0.4724 I-0.0008 J-0.0236
N24365 G1 Y0.2985
N24370 G3 X0.0367 Y0.2347 I0.105 J0.0066
N24375 X0.1151 Y0.1731 I0.1696 J0.1354
N24380 X0.3381 Y0.1478 I0.1462 J0.2923
N24385 X0.393 Y0.1737 I-0.0411 J0.1581
N24390 X0.4233 Y0.2398 I-0.0579 J0.0665
N24395 G1 X0.4232 Y0.2782
N24400 G3 X0.4009 Y0.3009 Z-0.465 I-0.0236 J-0.0008
N24405 G1 X0.3988 Y0.3011 Z-0.4646
N24410 X0.0348 Y0.3213
N24415 X0.0343
N24420 G3 X0.0098 Y0.2985 Z-0.4724 I-0.0008 J-0.0236
N24425 G1 Y0.2609
N24430 G3 X0.036 Y0.1972 I0.1043 J0.0056
N24435 X0.1133 Y0.1356 I0.1693 J0.1333
N24440 X0.3367 Y0.109 I0.1481 J0.292
N24445 X0.3926 Y0.1349 I-0.0398 J0.1591
N24450 X0.4233 Y0.2013 I-0.058 J0.0671
N24455 G1 X0.4232 Y0.2398
N24460 G3 X0.401 Y0.2625 Z-0.465 I-0.0236 J-0.0008
N24465 G1 X0.3988 Y0.2626 Z-0.4646
N24470 X0.0348 Y0.2837
N24475 X0.0343
N24480 G3 X0.0098 Y0.2609 Z-0.4724 I-0.0008 J-0.0236
N24485 G1 Y0.2213
N24490 G3 X0.037 Y0.1575 I0.1053 J0.0071
N24495 X0.1156 Y0.0961 I0.1696 J0.136
N24500 X0.3383 Y0.071 I0.1458 J0.2929
N24505 X0.3931 Y0.0969 I-0.0414 J0.158
N24510 X0.4233 Y0.1629 I-0.0581 J0.0664
N24515 G1 X0.4232 Y0.2013
N24520 G3 X0.4009 Y0.2241 Z-0.465 I-0.0236 J-0.0008
N24525 G1 X0.3988 Y0.2242 Z-0.4646
N24530 X0.0347 Y0.2441
N24535 X0.0343
N24540 G3 X0.0098 Y0.2213 Z-0.4724 I-0.0008 J-0.0236
N24545 G1 Y0.1837
N24550 G3 X0.0363 Y0.12 I0.1046 J0.006
N24555 X0.1141 Y0.0584 I0.1693 J0.134
N24560 X0.3373 Y0.0323 I0.1473 J0.2922
N24565 X0.3928 Y0.0582 I-0.0401 J0.1583
N24570 X0.4233 Y0.1245 I-0.0582 J0.0669
N24575 G1 X0.4232 Y0.1629
N24580 G3 X0.401 Y0.1857 Z-0.465 I-0.0236 J-0.0008
N24585 G1 X0.3988 Y0.1858 Z-0.4646
N24590 X0.0348 Y0.2064
N24595 X0.0343 Y0.2065
N24600 G3 X0.0098 Y0.1837 Z-0.4724 I-0.0008 J-0.0236
N24605 G1 Y0.1465
N24610 G3 X0.0352 Y0.083 I0.1036 J0.0045
N24615 X0.1244 Y0.0151 I0.1749 J0.1372
N24620 X0.3447 Y-0.0041 I0.1367 J0.2951
N24625 X0.3921 Y0.0194 I-0.0462 J0.1529
N24630 X0.4233 Y0.0861 I-0.0568 J0.0671
N24635 G1 X0.4232 Y0.1245
N24640 G3 X0.401 Y0.1472 Z-0.465 I-0.0236 J-0.0008
N24645 G1 X0.3988 Y0.1474 Z-0.4646
N24650 X0.0349 Y0.1692
N24655 X0.0343 Y0.1693
N24660 G3 X0.0098 Y0.1465 Z-0.4724 I-0.0008 J-0.0236
N24665 G1 Y0.1069
N24670 G3 X0.0362 Y0.0432 I0.1045 J0.0059
N24675 X0.1136 Y-0.0182 I0.1691 J0.1336
N24680 X0.3366 Y-0.0447 I0.1478 J0.2922
N24685 X0.3927 Y-0.0187 I-0.0401 J0.1597
N24690 X0.4233 Y0.0477 I-0.0582 J0.067
N24695 G1 X0.4232 Y0.0861
N24700 G3 X0.401 Y0.1089 Z-0.465 I-0.0236 J-0.0008
N24705 G1 X0.3988 Y0.109 Z-0.4646
N24710 X0.0348 Y0.1297
N24715 X0.0343
N24720 G3 X0.0098 Y0.1069 Z-0.4724 I-0.0008 J-0.0236
N24725 G1 Y0.0673
N24730 G3 X0.0372 Y0.0034 I0.1055 J0.0074
N24735 X0.1162 Y-0.058 I0.1697 J0.1368
N24740 X0.3388 Y-0.0826 I0.1451 J0.2928
N24745 X0.3932 Y-0.0567 I-0.0416 J0.1574
N24750 X0.4233 Y0.0092 I-0.0582 J0.0663
N24755 G1 X0.4232 Y0.0477
N24760 G3 X0.4009 Y0.0704 Z-0.465 I-0.0236 J-0.0008
N24765 G1 X0.3988 Y0.0705 Z-0.4646
N24770 X0.0347 Y0.0901
N24775 X0.0343
N24780 G3 X0.0098 Y0.0673 Z-0.4724 I-0.0008 J-0.0236
N24785 G1 Y0.0313
N24790 G3 X0.0351 Y-0.0322 I0.1034 J0.0043
N24795 X0.1241 Y-0.1001 I0.1749 J0.1371
N24800 X0.3446 Y-0.1194 I0.1369 J0.2948
N24805 X0.3921 Y-0.096 I-0.046 J0.1527
N24810 X0.4233 Y-0.0292 I-0.0568 J0.0672
N24815 G1 X0.4232 Y0.0092
N24820 G3 X0.401 Y0.0319 Z-0.465 I-0.0236 J-0.0008
N24825 G1 X0.3988 Y0.0321 Z-0.4646
N24830 X0.0349 Y0.054
N24835 X0.0343 Y0.0541
N24840 G3 X0.0098 Y0.0313 Z-0.4724 I-0.0008 J-0.0236
N24845 G1 Y-0.0083
N24850 G3 X0.0362 Y-0.072 I0.1044 J0.0058
N24855 X0.1135 Y-0.1335 I0.1691 J0.1335
N24860 X0.3365 Y-0.1601 I0.1479 J0.292
N24865 X0.3927 Y-0.134 I-0.0399 J0.1597
N24870 X0.4233 Y-0.0676 I-0.0581 J0.067
N24875 G1 X0.4232 Y-0.0292
N24880 G3 X0.401 Y-0.0064 Z-0.465 I-0.0236 J-0.0008
N24885 G1 X0.3988 Y-0.0063 Z-0.4646
N24890 X0.0348 Y0.0144
N24895 X0.0343 Y0.0145
N24900 G3 X0.0098 Y-0.0083 Z-0.4724 I-0.0008 J-0.0236
N24905 G1 Y-0.0479
N24910 G3 X0.0372 Y-0.1118 I0.1054 J0.0073
N24915 X0.1161 Y-0.1732 I0.1697 J0.1366
N24920 X0.3386 Y-0.198 I0.1452 J0.2927
N24925 X0.3932 Y-0.172 I-0.0416 J0.1576
N24930 X0.4233 Y-0.1061 I-0.0582 J0.0664
N24935 G1 X0.4232 Y-0.0676
N24940 G3 X0.4009 Y-0.0449 Z-0.465 I-0.0236 J-0.0008
N24945 G1 X0.3988 Y-0.0448 Z-0.4646
N24950 X0.0347 Y-0.0251
N24955 X0.0343
N24960 G3 X0.0098 Y-0.0479 Z-0.4724 I-0.0008 J-0.0236
N24965 G1 Y-0.0855
N24970 G3 X0.0365 Y-0.1493 I0.1048 J0.0063
N24975 X0.1147 Y-0.2109 I0.1696 J0.1347
N24980 X0.3377 Y-0.2366 I0.1467 J0.2922
N24985 X0.3928 Y-0.2107 I-0.0409 J0.1585
N24990 X0.4233 Y-0.1445 I-0.0577 J0.0666
N24995 G1 X0.4232 Y-0.1061
N25000 G3 X0.4009 Y-0.0834 Z-0.465 I-0.0236 J-0.0008
N25005 G1 X0.3988 Y-0.0832 Z-0.4646
N25010 X0.0348 Y-0.0628
N25015 X0.0343
N25020 G3 X0.0098 Y-0.0855 Z-0.4724 I-0.0008 J-0.0236
N25025 G1 Y-0.1227
N25030 G3 X0.0354 Y-0.1863 I0.1038 J0.0047
N25035 X0.1119 Y-0.2479 I0.169 J0.1315
N25040 X0.3452 Y-0.273 I0.1491 J0.2897
N25045 X0.3922 Y-0.2496 I-0.0466 J0.1526
N25050 X0.4233 Y-0.1829 I-0.057 J0.0671
N25055 G1 X0.4232 Y-0.1445
N25060 G3 X0.401 Y-0.1218 Z-0.465 I-0.0236 J-0.0008
N25065 G1 X0.3988 Y-0.1217 Z-0.4646
N25070 X0.0349 Y-0.1
N25075 X0.0343
N25080 G3 X0.0098 Y-0.1227 Z-0.4724 I-0.0008 J-0.0236
N25085 G1 Y-0.1623
N25090 G3 X0.0364 Y-0.2261 I0.1047 J0.0062
N25095 X0.114 Y-0.2875 I0.1692 J0.1341
N25100 X0.337 Y-0.3137 I0.1474 J0.2924
N25105 X0.3928 Y-0.2877 I-0.0402 J0.1591
N25110 X0.4233 Y-0.2214 I-0.0583 J0.0669
N25115 G1 X0.4232 Y-0.1829
N25120 G3 X0.4009 Y-0.1602 Z-0.465 I-0.0236 J-0.0008
N25125 G1 X0.3988 Y-0.16 Z-0.4646
N25130 X0.0348 Y-0.1396
N25135 X0.0343 Y-0.1395
N25140 G3 X0.0098 Y-0.1623 Z-0.4724 I-0.0008 J-0.0236
N25145 G1 Y-0.2019
N25150 G3 X0.0374 Y-0.2658 I0.1057 J0.0077
N25155 X0.1167 Y-0.3272 I0.1698 J0.1374
N25160 X0.3392 Y-0.3515 I0.1446 J0.293
N25165 X0.3906 Y-0.3277 I-0.0439 J0.1619
N25170 X0.4232 Y-0.2597 I-0.055 J0.0683
N25175 G1 Y-0.2214
N25180 G3 X0.4009 Y-0.1986 Z-0.465 I-0.0236 J-0.0008
N25185 G1 X0.3988 Y-0.1985 Z-0.4646
N25190 X0.0347 Y-0.1792
N25195 X0.0343 Y-0.1791
N25200 G3 X0.0098 Y-0.2019 Z-0.4724 I-0.0008 J-0.0236
N25205 G1 Y-0.2379
N25210 G3 X0.0352 Y-0.3014 I0.1035 J0.0046
N25215 X0.1118 Y-0.3632 I0.169 J0.1313
N25220 X0.3343 Y-0.3912 I0.1497 J0.2913
N25225 X0.3922 Y-0.3649 I-0.0388 J0.1624
N25230 X0.4233 Y-0.2982 I-0.0575 J0.0674
N25235 G1 X0.4232 Y-0.2597
N25240 G3 X0.401 Y-0.237 Z-0.465 I-0.0236 J-0.0008
N25245 G1 X0.3988 Y-0.2368 Z-0.4646
N25250 X0.0349 Y-0.2152
N25255 X0.0343
N25260 G3 X0.0098 Y-0.2379 Z-0.4724 I-0.0008 J-0.0236
N25265 G1 Y-0.2775
N25270 G3 X0.0363 Y-0.3413 I0.1046 J0.0061
N25275 X0.1139 Y-0.4027 I0.1692 J0.1339
N25280 X0.3368 Y-0.429 I0.1474 J0.2919
N25285 X0.3928 Y-0.4029 I-0.0402 J0.1596
N25290 X0.4233 Y-0.3366 I-0.0582 J0.0669
N25295 G1 X0.4232 Y-0.2982
N25300 G3 X0.4009 Y-0.2754 Z-0.465 I-0.0236 J-0.0008
N25305 G1 X0.3988 Y-0.2753 Z-0.4646
N25310 X0.0348 Y-0.2548
N25315 X0.0343
N25320 G3 X0.0098 Y-0.2775 Z-0.4724 I-0.0008 J-0.0236
N25325 G1 Y-0.3171
N25330 G3 X0.0374 Y-0.381 I0.1056 J0.0076
N25335 X0.1166 Y-0.4425 I0.1698 J0.1372
N25340 X0.339 Y-0.4669 I0.1447 J0.2928
N25345 X0.3933 Y-0.4409 I-0.0418 J0.1571
N25350 X0.4233 Y-0.3751 I-0.0583 J0.0663
N25355 G1 X0.4232 Y-0.3366
N25360 G3 X0.4009 Y-0.3139 Z-0.465 I-0.0236 J-0.0008
N25365 G1 X0.3988 Y-0.3137 Z-0.4646
N25370 X0.0347 Y-0.2944
N25375 X0.0343
N25380 G3 X0.0098 Y-0.3171 Z-0.4724 I-0.0008 J-0.0236
N25385 G1 Y-0.3548
N25390 G3 X0.0366 Y-0.4185 I0.1049 J0.0065
N25395 X0.1151 Y-0.4802 I0.1697 J0.1353
N25400 X0.3381 Y-0.5055 I0.1461 J0.2924
N25405 X0.3929 Y-0.4796 I-0.0411 J0.1579
N25410 X0.4233 Y-0.4135 I-0.0579 J0.0665
N25415 G1 X0.4232 Y-0.3751
N25420 G3 X0.4009 Y-0.3523 Z-0.465 I-0.0236 J-0.0008
N25425 G1 X0.3988 Y-0.3522 Z-0.4646
N25430 X0.0348 Y-0.332
N25435 X0.0343
N25440 G3 X0.0098 Y-0.3548 Z-0.4724 I-0.0008 J-0.0236
N25445 G1 Y-0.392
N25450 G3 X0.0355 Y-0.4556 I0.1039 J0.005
N25455 X0.1123 Y-0.5172 I0.1691 J0.132
N25460 X0.3456 Y-0.5419 I0.1486 J0.2899
N25465 X0.3923 Y-0.5185 I-0.0468 J0.152
N25470 X0.4233 Y-0.4519 I-0.0571 J0.067
N25475 G1 X0.4232 Y-0.4135
N25480 G3 X0.401 Y-0.3908 Z-0.465 I-0.0236 J-0.0008
N25485 G1 X0.3988 Y-0.3907 Z-0.4646
N25490 X0.0348 Y-0.3692
N25495 X0.0343
N25500 G3 X0.0098 Y-0.392 Z-0.4724 I-0.0008 J-0.0236
N25505 G1 Y-0.4316
N25510 G3 X0.0366 Y-0.4953 I0.1049 J0.0065
N25515 X0.1144 Y-0.5567 I0.1692 J0.1346
N25520 X0.3374 Y-0.5826 I0.1469 J0.2926
N25525 X0.3929 Y-0.5566 I-0.0404 J0.1586
N25530 X0.4233 Y-0.4904 I-0.0584 J0.0669
N25535 G1 X0.4232 Y-0.4519
N25540 G3 X0.4009 Y-0.4292 Z-0.465 I-0.0236 J-0.0008
N25545 G1 X0.3988 Y-0.4291 Z-0.4646
N25550 X0.0348 Y-0.4088
N25555 X0.0343
N25560 G3 X0.0098 Y-0.4316 Z-0.4724 I-0.0008 J-0.0236
N25565 G1 Y-0.4695
N25570 G3 X0.0362 Y-0.5333 I0.1045 J0.0059
N25575 X0.1138 Y-0.5948 I0.1691 J0.1337
N25580 X0.337 Y-0.6211 I0.1476 J0.292
N25585 X0.3927 Y-0.5952 I-0.04 J0.1589
N25590 X0.4233 Y-0.5288 I-0.0581 J0.067
N25595 G1 X0.4232 Y-0.4904
N25600 G3 X0.401 Y-0.4676 Z-0.465 I-0.0236 J-0.0008
N25605 G1 X0.3988 Y-0.4675 Z-0.4646
N25610 X0.0348 Y-0.4468
N25615 X0.0343
N25620 G3 X0.0098 Y-0.4695 Z-0.4724 I-0.0008 J-0.0236
N25625 G1 Y-0.5072
N25630 G3 X0.0355 Y-0.5708 I0.1038 J0.0049
N25635 X0.112 Y-0.6323 I0.1689 J0.1317
N25640 X0.3454 Y-0.6572 I0.1489 J0.2897
N25645 X0.3923 Y-0.6338 I-0.0469 J0.1526
N25650 X0.4233 Y-0.5672 I-0.057 J0.067
N25655 G1 X0.4232 Y-0.5288
N25660 G3 X0.401 Y-0.506 Z-0.465 I-0.0236 J-0.0008
N25665 G1 X0.3988 Y-0.5059 Z-0.4646
N25670 X0.0348 Y-0.4844
N25675 X0.0343
N25680 G3 X0.0098 Y-0.5072 Z-0.4724 I-0.0008 J-0.0236
N25685 G1 Y-0.5468
N25690 G3 X0.0365 Y-0.6105 I0.1048 J0.0064
N25695 X0.1144 Y-0.6719 I0.1693 J0.1346
N25700 X0.3373 Y-0.6979 I0.147 J0.2924
N25705 X0.3929 Y-0.6719 I-0.0404 J0.1588
N25710 X0.4233 Y-0.6057 I-0.0584 J0.0669
N25715 G1 X0.4232 Y-0.5672
N25720 G3 X0.4009 Y-0.5444 Z-0.465 I-0.0236 J-0.0008
N25725 G1 X0.3988 Y-0.5443 Z-0.4646
N25730 X0.0348 Y-0.524
N25735 X0.0343
N25740 G3 X0.0098 Y-0.5468 Z-0.4724 I-0.0008 J-0.0236
N25745 G1 Y-0.5844
N25750 G3 X0.0358 Y-0.6481 I0.1042 J0.0054
N25755 X0.1129 Y-0.7096 I0.169 J0.1326
N25760 X0.3461 Y-0.7339 I0.148 J0.2898
N25765 X0.3925 Y-0.7105 I-0.0473 J0.1517
N25770 X0.4233 Y-0.6441 I-0.0572 J0.0669
N25775 G1 X0.4232 Y-0.6057
N25780 G3 X0.401 Y-0.5829 Z-0.465 I-0.0236 J-0.0008
N25785 G1 X0.3988 Y-0.5828 Z-0.4646
N25790 X0.0348 Y-0.5616
N25795 X0.0343
N25800 G3 X0.0098 Y-0.5844 Z-0.4724 I-0.0008 J-0.0236
N25805 G1 Y-0.624
N25810 G3 X0.0368 Y-0.6878 I0.1051 J0.0069
N25815 X0.1152 Y-0.7492 I0.1696 J0.1356
N25820 X0.338 Y-0.7746 I0.1461 J0.2927
N25825 X0.393 Y-0.7485 I-0.0413 J0.1585
N25830 X0.4233 Y-0.6825 I-0.058 J0.0665
N25835 G1 X0.4232 Y-0.6441
N25840 G3 X0.4009 Y-0.6213 Z-0.465 I-0.0236 J-0.0008
N25845 G1 X0.3988 Y-0.6212 Z-0.4646
N25850 X0.0347 Y-0.6012
N25855 X0.0343
N25860 G3 X0.0098 Y-0.624 Z-0.4724 I-0.0008 J-0.0236
N25865 G1 Y-0.6612
N25870 G3 X0.0358 Y-0.7248 I0.1041 J0.0053
N25875 X0.1129 Y-0.7864 I0.169 J0.1325
N25880 X0.346 Y-0.8108 I0.1481 J0.2898
N25885 X0.3924 Y-0.7874 I-0.0471 J0.1516
N25890 X0.4233 Y-0.7209 I-0.0572 J0.0669
N25895 G1 X0.4232 Y-0.6825
N25900 G3 X0.401 Y-0.6598 Z-0.465 I-0.0236 J-0.0008
N25905 G1 X0.3988 Y-0.6596 Z-0.4646
N25910 X0.0348 Y-0.6384
N25915 X0.0343
N25920 G3 X0.0098 Y-0.6612 Z-0.4724 I-0.0008 J-0.0236
N25925 G1 Y-0.7008
N25930 G3 X0.0368 Y-0.7646 I0.105 J0.0068
N25935 X0.1151 Y-0.826 I0.1695 J0.1354
N25940 X0.3378 Y-0.8515 I0.1463 J0.2927
N25945 X0.393 Y-0.8254 I-0.0412 J0.1587
N25950 X0.4233 Y-0.7594 I-0.0579 J0.0665
N25955 G1 X0.4232 Y-0.7209
N25960 G3 X0.4009 Y-0.6982 Z-0.465 I-0.0236 J-0.0008
N25965 G1 X0.3988 Y-0.6981 Z-0.4646
N25970 X0.0347 Y-0.678
N25975 X0.0343
N25980 G3 X0.0098 Y-0.7008 Z-0.4724 I-0.0008 J-0.0236
N25985 G1 Y-0.7388
N25990 G3 X0.0364 Y-0.8025 I0.1047 J0.0062
N25995 X0.1144 Y-0.8641 I0.1693 J0.1344
N26000 X0.3375 Y-0.89 I0.147 J0.2922
N26005 X0.3928 Y-0.8641 I-0.0403 J0.1582
N26010 X0.4233 Y-0.7978 I-0.0583 J0.0669
N26015 G1 X0.4232 Y-0.7594
N26020 G3 X0.4009 Y-0.7366 Z-0.465 I-0.0236 J-0.0008
N26025 G1 X0.3988 Y-0.7365 Z-0.4646
N26030 X0.0348 Y-0.716
N26035 X0.0343
N26040 G3 X0.0098 Y-0.7388 Z-0.4724 I-0.0008 J-0.0236
N26045 G1 Y-0.7764
N26050 G3 X0.0357 Y-0.84 I0.104 J0.0052
N26055 X0.1126 Y-0.9016 I0.1691 J0.1324
N26060 X0.3459 Y-0.9261 I0.1484 J0.2899
N26065 X0.3924 Y-0.9027 I-0.0471 J0.1519
N26070 X0.4233 Y-0.8362 I-0.0572 J0.0669
N26075 G1 X0.4232 Y-0.7978
N26080 G3 X0.401 Y-0.7751 Z-0.465 I-0.0236 J-0.0008
N26085 G1 X0.3988 Y-0.7749 Z-0.4646
N26090 X0.0348 Y-0.7536
N26095 X0.0343
N26100 G3 X0.0098 Y-0.7764 Z-0.4724 I-0.0008 J-0.0236
N26105 G1 Y-0.816
N26110 G3 X0.0367 Y-0.8798 I0.105 J0.0067
N26115 X0.1149 Y-0.9412 I0.1694 J0.1352
N26120 X0.3377 Y-0.9668 I0.1465 J0.2927
N26125 X0.393 Y-0.9408 I-0.0406 J0.1582
N26130 X0.4233 Y-0.8747 I-0.0585 J0.0668
N26135 G1 X0.4232 Y-0.8362
N26140 G3 X0.4009 Y-0.8135 Z-0.465 I-0.0236 J-0.0008
N26145 G1 X0.3988 Y-0.8133 Z-0.4646
N26150 X0.0348 Y-0.7932
N26155 X0.0343
N26160 G3 X0.0098 Y-0.816 Z-0.4724 I-0.0008 J-0.0236
N26165 G1 Y-0.8536
N26170 G3 X0.036 Y-0.9173 I0.1044 J0.0057
N26175 X0.1134 Y-0.9789 I0.1691 J0.1333
N26180 X0.3367 Y-1.0054 I0.148 J0.2919
N26185 X0.3926 Y-0.9795 I-0.0399 J0.1591
N26190 X0.4233 Y-0.9131 I-0.058 J0.067
N26195 G1 X0.4232 Y-0.8747
N26200 G3 X0.401 Y-0.8519 Z-0.465 I-0.0236 J-0.0008
N26205 G1 X0.3988 Y-0.8518 Z-0.4646
N26210 X0.0348 Y-0.8309
N26215 X0.0343 Y-0.8308
N26220 G3 X0.0098 Y-0.8536 Z-0.4724 I-0.0008 J-0.0236
N26225 G1 Y-0.8932
N26230 G3 X0.037 Y-0.9571 I0.1053 J0.0071
N26235 X0.1158 Y-1.0185 I0.1697 J0.1363
N26240 X0.3384 Y-1.0435 I0.1456 J0.2929
N26245 X0.3931 Y-1.0175 I-0.0415 J0.1579
N26250 X0.4233 Y-0.9515 I-0.0581 J0.0664
N26255 G1 X0.4232 Y-0.9131
N26260 G3 X0.4009 Y-0.8903 Z-0.465 I-0.0236 J-0.0008
N26265 G1 X0.3988 Y-0.8902 Z-0.4646
N26270 X0.0347 Y-0.8705
N26275 X0.0343 Y-0.8704
N26280 G3 X0.0098 Y-0.8932 Z-0.4724 I-0.0008 J-0.0236
N26285 G1 Y-0.9304
N26290 G3 X0.0383 Y-0.9999 I0.1064 J0.0031
N26295 X0.1122 Y-1.0576 I0.1653 J0.1354
N26300 X0.3419 Y-1.0835 I0.1493 J0.2933
N26305 X0.3898 Y-1.0613 I-0.0476 J0.1656
N26310 X0.4218 Y-1.0084 I-0.0551 J0.0694
N26315 G1 X0.4232 Y-0.9927
N26320 Y-0.9515
N26325 G3 X0.401 Y-0.9288 Z-0.465 I-0.0236 J-0.0008
N26330 G1 X0.3988 Y-0.9287 Z-0.4646
N26335 X0.0348 Y-0.9077
N26340 X0.0343 Y-0.9076
N26345 G3 X0.0098 Y-0.9304 Z-0.4724 I-0.0008 J-0.0236
N26350 G1 Y-0.9724
N26355 G3 X0.0351 Y-1.0371 I0.1034 J0.0031
N26360 X0.0825 Y-1.0811 I0.1489 J0.1126
N26365 G2 X0.0728 Y-1.2274 I-0.0513 J-0.0701
N26370 G1 X0.0413 Y-1.2425
N26375 G2 X-0.0748 Y-1.2523 I-0.141 J0.9694
N26380 G3 X-0.1189 Y-1.2672 I0.0033 J-0.0826
N26385 G2 X-0.1822 Y-1.2997 I-0.4104 J0.7215
N26390 G1 X-0.1981 Y-1.3052
N26395 X-0.206 Y-1.3075
N26400 X-0.2114 Y-1.3085
N26405 G3 X-0.23 Y-1.3305 I0.005 J-0.0231
N26410 G1 X-0.2301 Y-1.3342 Z-0.4722
N26415 X-0.2303 Y-1.3378 Z-0.4713
N26420 X-0.2305 Y-1.3412 Z-0.4699
N26425 X-0.2306 Y-1.3443 Z-0.4679
N26430 X-0.2307 Y-1.3472 Z-0.4655
N26435 X-0.2308 Y-1.3496 Z-0.4627
N26440 X-0.2309 Y-1.3515 Z-0.4595
N26445 X-0.231 Y-1.3529 Z-0.4561
N26450 Y-1.3538 Z-0.4525
N26455 X-0.2311 Y-1.3541 Z-0.4488
N26460 Z0.1969
N26465 X0.741 Y-1.345
N26470 Z-0.4252
N26475 Z-0.4488
N26480 X0.7408 Y-1.3448 Z-0.4525
N26485 X0.7401 Y-1.3443 Z-0.4561
N26490 X0.739 Y-1.3434 Z-0.4595
N26495 X0.7376 Y-1.3422 Z-0.4627
N26500 X0.7357 Y-1.3406 Z-0.4655
N26505 X0.7335 Y-1.3388 Z-0.4679
N26510 X0.7311 Y-1.3368 Z-0.4699
N26515 X0.7285 Y-1.3346 Z-0.4713
N26520 X0.7257 Y-1.3323 Z-0.4722
N26525 X0.7228 Y-1.33 Z-0.4724
N26530 G3 X0.6948 Y-1.3168 I-0.0397 J-0.048
N26535 G2 X0.6259 Y-1.304 I0.0672 J0.5522
N26540 G1 X0.618 Y-1.3008
N26545 X0.6101 Y-1.2975
N26550 X0.6044 Y-1.2947
N26555 G3 X0.5023 Y-1.2678 I-0.1282 J-0.2796
N26560 G1 X0.4965 Y-1.2667
N26565 G2 X0.4423 Y-1.2479 I0.0024 J0.0943
N26570 X0.4108 Y-1.1623 I0.0539 J0.0684
N26575 G1 X0.4195 Y-1.1285
N26580 G3 X0.4293 Y-1.0729 I-0.0758 J0.0421
N26585 X0.4078 Y-1.0538 I-0.0232 J-0.0045
N26590 G1 X0.4041 Y-1.0536 Z-0.4722
N26595 X0.4005 Y-1.0533 Z-0.4713
N26600 X0.3971 Y-1.0531 Z-0.4699
N26605 X0.3939 Y-1.0529 Z-0.4679
N26610 X0.3911 Y-1.0527 Z-0.4655
N26615 X0.3887 Y-1.0525 Z-0.4627
N26620 X0.3868 Y-1.0524 Z-0.4595
N26625 X0.3854 Y-1.0523 Z-0.4561
N26630 X0.3845 Y-1.0522 Z-0.4525
N26635 X0.3842 Z-0.4488
N26640 Z0.1969
N26645 X0.6398 Y-1.3356
N26650 Z-0.4252
N26655 Z-0.4488
N26660 X0.6396 Y-1.3354 Z-0.4525
N26665 X0.6391 Y-1.3347 Z-0.4561
N26670 X0.6384 Y-1.3335 Z-0.4595
N26675 X0.6373 Y-1.3318 Z-0.4627
N26680 X0.636 Y-1.3298 Z-0.4655
N26685 X0.6345 Y-1.3274 Z-0.4679
N26690 X0.6328 Y-1.3248 Z-0.4699
N26695 X0.6309 Y-1.3219 Z-0.4713
N26700 X0.629 Y-1.3189 Z-0.4722
N26705 X0.627 Y-1.3157 Z-0.4724
N26710 G3 X0.6044 Y-1.2947 I-0.0524 J-0.0336
N26715 G1 X0.5625 Y-1.2734
N26720 G2 X0.5272 Y-1.2472 I0.0724 J0.1345
N26725 X0.4833 Y-1.2019 I0.4452 J0.4762
N26730 X0.4548 Y-1.1521 I0.2484 J0.1753
N26735 G1 X0.443 Y-1.1284
N26740 G2 X0.4294 Y-1.0729 I0.1942 J0.0772
N26745 X0.4233 Y-0.9927 I0.3361 J0.0659
N26750 G1 X0.4229 Y-0.9889 Z-0.4716
N26755 X0.4218 Y-0.9853 Z-0.4708
N26760 X0.4202 Y-0.9819 Z-0.47
N26765 X0.4181 Y-0.9787 Z-0.4692
N26770 X0.4155 Y-0.976 Z-0.4684
N26775 X0.4125 Y-0.9737 Z-0.4676
N26780 X0.4092 Y-0.9719 Z-0.4668
N26785 X0.4056 Y-0.9707 Z-0.466
N26790 X0.4033 Y-0.9702 Z-0.4655
N26795 X0.4009 Y-0.9699 Z-0.465
N26800 X0.3988 Y-0.9698 Z-0.4646
N26805 X0.0348 Y-0.9496
N26810 X0.0343
N26815 G3 X0.0098 Y-0.9724 Z-0.4724 I-0.0008 J-0.0236
N26820 G1 Y-1.0017
N26825 Y-1.014
N26830 X0.0101 Y-1.0199
N26835 G2 X0.0135 Y-1.0517 I-0.1435 J-0.0316
N26840 G1 X0.0125 Y-1.0603
N26845 X0.0107 Y-1.0689
N26850 X0.0003 Y-1.1022
N26855 X-0.0012 Y-1.1045
N26860 X-0.0025 Y-1.107
N26865 X-0.0035 Y-1.1097
N26870 G3 X0.0127 Y-1.1389 Z-0.4646 I0.0227 J-0.0065
N26875 X0.0426 Y-1.1195 I0.0065 J0.0227
N26880 G1 X0.0568 Y-1.0182
N26885 G3 X0.0343 Y-0.9913 I-0.0234 J0.0033
N26890 X0.0098 Y-1.014 Z-0.4724 I-0.0009 J-0.0236
N26895 G2 X0.0023 Y-1.0808 I-0.3499 J0.0054
N26900 X-0.01 Y-1.1284 I-0.169 J0.0182
N26905 X-0.0428 Y-1.1918 I-0.8058 J0.3774
N26910 X-0.0714 Y-1.2243 I-0.1625 J0.1141
N26915 G1 X-0.0951 Y-1.2481
N26920 G2 X-0.1189 Y-1.2672 I-0.1134 J0.117
N26925 G1 X-0.1216 Y-1.2696 Z-0.4717
N26930 G2 X-0.1404 Y-1.2883 Z-0.466 I-0.4714 J0.4548
N26935 G1 X-0.1454 Y-1.293 Z-0.4646
N26940 G2 X-0.3056 Y-1.4034 I-0.4476 J0.4782
N26945 G1 X-0.3085 Y-1.4046
N26950 X-0.3115 Y-1.4054
N26955 X-0.3146 Y-1.4058
N26960 X-0.8004 Y-1.4343
N26965 X-0.8036
N26970 X-0.8066 Y-1.4338
N26975 X-0.8096 Y-1.433
N26980 G2 X-0.9881 Y-1.3373 I0.2166 J0.6182
N26985 G1 X-0.9935 Y-1.3331 Z-0.466
N26990 X-1.008 Y-1.3216 Z-0.4699
N26995 G3 X-1.0185 Y-1.3167 Z-0.4724 I-0.015 J-0.0183
N27000 G2 X-1.0855 Y-1.3043 I0.0693 J0.5638
N27005 X-1.1082 Y-1.2947 I0.0715 J0.2002
N27010 G3 X-1.1976 Y-1.2708 I-0.121 J-0.2736
N27015 X-1.3367 Y-1.2617 I-0.1418 J-1.0939
N27020 X-1.6856 Y-1.2599 I-0.2603 J-16.7564
N27025 G1 X-1.7204 Y-1.2573
N27030 X-1.7544 Y-1.2493
N27035 X-1.7862 Y-1.2352
N27040 X-1.815 Y-1.2153
N27045 X-1.8398 Y-1.1909
N27050 X-1.8607 Y-1.1629
N27055 X-1.8776 Y-1.1324
N27060 X-1.8911 Y-1.1002
N27065 G2 X-1.9197 Y-0.9639 I0.5522 J0.1871
N27070 X-1.9295 Y-0.7549 I2.1853 J0.2074
N27075 X-1.931 Y-0.441 I19.0874 J0.252
N27080 G1 X-1.9311 Y-0.127
N27085 Y0.0126
N27090 Y0.9196
N27095 X-1.931 Y0.9545
N27100 X-1.9294 Y0.9894
N27105 X-1.9232 Y1.0237
N27110 X-1.9109 Y1.0563
N27115 X-1.8928 Y1.0861
N27120 X-1.8697 Y1.1123
N27125 X-1.8428 Y1.1345
N27130 X-1.8131 Y1.1528
N27135 X-1.7815 Y1.1675
N27140 X-1.7485 Y1.179
N27145 G2 X-1.6113 Y1.203 I0.1865 J-0.66
N27150 X-1.3673 Y1.2115 I0.2251 J-2.9664
N27155 X-1.2536 Y1.2125 I0.3281 J-31.9668
N27160 G3 X-1.1947 Y1.2378 I-0.0027 J0.0873
N27165 G1 X-1.1854 Y1.2472
N27170 X-1.1806 Y1.2517
N27175 G2 X-1.1544 Y1.2709 I0.0995 J-0.1083
N27180 G3 X-1.1442 Y1.2978 I-0.0125 J0.0201
N27185 G1 X-1.1453 Y1.3014 Z-0.4722
N27190 X-1.1463 Y1.3048 Z-0.4713
N27195 X-1.1473 Y1.3081 Z-0.4699
N27200 X-1.1482 Y1.3111 Z-0.4679
N27205 X-1.149 Y1.3138 Z-0.4655
N27210 X-1.1497 Y1.3161 Z-0.4627
N27215 X-1.1503 Y1.318 Z-0.4595
N27220 X-1.1507 Y1.3193 Z-0.4561
N27225 X-1.151 Y1.3202 Z-0.4525
N27230 Y1.3204 Z-0.4488
N27235 Z0.1969
N27240 X-1.0726 Y-1.3354
N27245 Z-0.4252
N27250 Z-0.4488
N27255 X-1.0728 Y-1.3352 Z-0.4525
N27260 X-1.0733 Y-1.3345 Z-0.4561
N27265 X-1.074 Y-1.3333 Z-0.4595
N27270 X-1.0751 Y-1.3317 Z-0.4627
N27275 X-1.0764 Y-1.3296 Z-0.4655
N27280 X-1.0779 Y-1.3273 Z-0.4679
N27285 X-1.0797 Y-1.3246 Z-0.4699
N27290 X-1.0815 Y-1.3218 Z-0.4713
N27295 X-1.0835 Y-1.3187 Z-0.4722
N27300 X-1.0855 Y-1.3156 Z-0.4724
N27305 G3 X-1.1082 Y-1.2947 I-0.0523 J-0.0339
N27310 G1 X-1.1489 Y-1.274
N27315 G2 X-1.1667 Y-1.263 I0.072 J0.1365
N27320 G3 X-1.2429 Y-1.2325 I-0.1133 J-0.1724
N27325 X-1.3645 Y-1.2172 I-0.1427 J-0.6432
N27330 X-1.6086 Y-1.2129 I-0.2077 J-4.9599
N27335 G1 X-1.6435 Y-1.2122
N27340 X-1.6782 Y-1.2082
N27345 X-1.7117 Y-1.1986
N27350 X-1.7429 Y-1.1829
N27355 X-1.7708 Y-1.162
N27360 X-1.7949 Y-1.1367
N27365 X-1.815 Y-1.1082
N27370 X-1.8314 Y-1.0774
N27375 X-1.8444 Y-1.045
N27380 G2 X-1.8723 Y-0.9086 I0.579 J0.1896
N27385 X-1.8822 Y-0.6996 I2.2245 J0.2098
N27390 X-1.8838 Y-0.3856 I18.6434 J0.2545
N27395 G1 X-1.8839 Y-0.1065
N27400 Y0.1725
N27405 X-1.8838 Y0.8703
N27410 X-1.8836 Y0.9052
N27415 X-1.8817 Y0.94
N27420 X-1.8751 Y0.9743
N27425 X-1.8626 Y1.0068
N27430 X-1.8444 Y1.0366
N27435 X-1.8214 Y1.0628
N27440 X-1.7946 Y1.0851
N27445 X-1.7649 Y1.1035
N27450 X-1.7334 Y1.1184
N27455 X-1.7005 Y1.1301
N27460 G2 X-1.5635 Y1.1551 I0.1893 J-0.6511
N27465 X-1.3195 Y1.1642 I0.2279 J-2.8353
N27470 G1 X-1.3024 Y1.1651
N27475 G3 X-1.2311 Y1.1996 I-0.0038 J0.0984
N27480 G1 X-1.2244 Y1.2076
N27485 X-1.2202 Y1.2123
N27490 X-1.1947 Y1.2378
N27495 X-1.1924 Y1.2407
N27500 X-1.1906 Y1.2439
N27505 X-1.1899 Y1.2467 Z-0.4723
N27510 X-1.1891 Y1.2494 Z-0.4717
N27515 X-1.1884 Y1.2521 Z-0.4708
N27520 Y1.2539 Z-0.47
N27525 X-1.1889 Y1.2571 Z-0.4681
N27530 X-1.1895 Y1.2599 Z-0.4657
N27535 X-1.1899 Y1.2624 Z-0.4628
N27540 X-1.1908 Y1.2641 Z-0.4596
N27545 X-1.1914 Y1.2654 Z-0.4562
N27550 X-1.1918 Y1.2662 Z-0.4525
N27555 X-1.1919 Y1.2665 Z-0.4488
N27560 Z0.1969
N27565 X-1.1391 Y-1.3096
N27570 Z-0.4252
N27575 Z-0.4488
N27580 X-1.1392 Y-1.3093 Z-0.4525
N27585 X-1.1395 Y-1.3085 Z-0.4561
N27590 X-1.14 Y-1.3072 Z-0.4595
N27595 X-1.1408 Y-1.3054 Z-0.4627
N27600 X-1.1417 Y-1.3032 Z-0.4655
N27605 X-1.1428 Y-1.3006 Z-0.4679
N27610 X-1.144 Y-1.2976 Z-0.4699
N27615 X-1.1453 Y-1.2945 Z-0.4713
N27620 X-1.1467 Y-1.2911 Z-0.4722
N27625 X-1.1481 Y-1.2877 Z-0.4724
N27630 G3 X-1.1667 Y-1.263 I-0.0576 J-0.0238
N27635 G2 X-1.199 Y-1.2335 I0.1404 J0.1866
N27640 G3 X-1.2678 Y-1.1959 I-0.114 J-0.1267
N27645 G1 X-1.2841 Y-1.1907
N27650 G3 X-1.3974 Y-1.1725 I-0.1529 J-0.5904
N27655 X-1.5717 Y-1.1663 I-0.1827 J-2.6954
N27660 G1 X-1.6066 Y-1.1642
N27665 X-1.6409 Y-1.1579
N27670 X-1.6736 Y-1.1459
N27675 X-1.7037 Y-1.1282
N27680 X-1.7303 Y-1.1056
N27685 X-1.7531 Y-1.0792
N27690 X-1.772 Y-1.0499
N27695 X-1.7873 Y-1.0186
N27700 X-1.7995 Y-0.9859
N27705 G2 X-1.8256 Y-0.849 I0.6292 J0.1909
N27710 X-1.8353 Y-0.6051 I2.6804 J0.229
N27715 X-1.8365 Y-0.326 I18.6613 J0.2242
N27720 G1 X-1.8366 Y-0.0818
N27725 Y0.302
N27730 Y0.7904
N27735 Y0.8253
N27740 X-1.8361 Y0.8601
N27745 X-1.8335 Y0.8949
N27750 X-1.826 Y0.929
N27755 X-1.8128 Y0.9613
N27760 X-1.7939 Y0.9906
N27765 X-1.7704 Y1.0164
N27770 X-1.7433 Y1.0384
N27775 X-1.7135 Y1.0565
N27780 X-1.6819 Y1.0712
N27785 X-1.6489 Y1.0827
N27790 G2 X-1.5119 Y1.1076 I0.1911 J-0.6641
N27795 X-1.3476 Y1.1164 I0.2301 J-2.7537
N27800 G3 X-1.2953 Y1.1261 I-0.013 J0.2163
N27805 X-1.2501 Y1.1673 I-0.0327 J0.0812
N27810 G2 X-1.2311 Y1.1996 I0.2432 J-0.1214
N27815 G1 X-1.2296 Y1.2027
N27820 X-1.2285 Y1.206
N27825 X-1.228 Y1.2094
N27830 X-1.2279 Y1.2128
N27835 X-1.2284 Y1.2162
N27840 X-1.2293 Y1.2195
N27845 X-1.2307 Y1.2227
N27850 X-1.2326 Y1.2256
N27855 X-1.2348 Y1.2282
N27860 X-1.2374 Y1.2308 Z-0.4722
N27865 X-1.2399 Y1.2334 Z-0.4713
N27870 X-1.2424 Y1.2358 Z-0.4699
N27875 X-1.2446 Y1.238 Z-0.4679
N27880 X-1.2466 Y1.24 Z-0.4655
N27885 X-1.2483 Y1.2417 Z-0.4627
N27890 X-1.2496 Y1.2431 Z-0.4595
N27895 X-1.2506 Y1.2441 Z-0.4561
N27900 X-1.2512 Y1.2447 Z-0.4525
N27905 X-1.2514 Y1.2449 Z-0.4488
N27910 Z0.1969
N27915 X-1.1784 Y-1.2835
N27920 Z-0.4252
N27925 Z-0.4488
N27930 X-1.1785 Y-1.2832 Z-0.4525
N27935 X-1.1787 Y-1.2824 Z-0.4561
N27940 X-1.1791 Y-1.281 Z-0.4595
N27945 X-1.1795 Y-1.2792 Z-0.4627
N27950 X-1.1801 Y-1.2768 Z-0.4655
N27955 X-1.1808 Y-1.2741 Z-0.4679
N27960 X-1.1816 Y-1.271 Z-0.4699
N27965 X-1.1824 Y-1.2677 Z-0.4713
N27970 X-1.1833 Y-1.2642 Z-0.4722
N27975 X-1.1842 Y-1.2606 Z-0.4724
N27980 G3 X-1.1991 Y-1.2335 I-0.0604 J-0.0154
N27985 G2 X-1.232 Y-1.1984 I0.2037 J0.2242
N27990 G3 X-1.2547 Y-1.1777 I-0.0597 J-0.0426
N27995 X-1.3358 Y-1.1438 I-0.1359 J-0.211
N28000 X-1.4574 Y-1.1253 I-0.1582 J-0.6313
N28005 G1 X-1.4922 Y-1.123
N28010 X-1.527 Y-1.1212
N28015 X-1.5618 Y-1.1179
N28020 X-1.5958 Y-1.1104
N28025 X-1.6282 Y-1.0974
N28030 X-1.6579 Y-1.079
N28035 X-1.684 Y-1.0559
N28040 X-1.7064 Y-1.0292
N28045 X-1.725 Y-0.9997
N28050 X-1.7401 Y-0.9682
N28055 X-1.7521 Y-0.9354
N28060 G2 X-1.7781 Y-0.7986 I0.6418 J0.1928
N28065 X-1.788 Y-0.5547 I2.6744 J0.2308
N28070 X-1.7893 Y-0.2756 I18.2329 J0.2261
N28075 G1 X-1.7894 Y-0.0314
N28080 Y0.4222
N28085 Y0.7361
N28090 X-1.7893 Y0.771
N28095 X-1.7889 Y0.8059
N28100 X-1.7866 Y0.8407
N28105 X-1.7799 Y0.875
N28110 X-1.7674 Y0.9075
N28115 X-1.7494 Y0.9374
N28120 X-1.7267 Y0.9639
N28125 X-1.7001 Y0.9865
N28130 X-1.6707 Y1.0053
N28135 X-1.6394 Y1.0206
N28140 X-1.6067 Y1.0328
N28145 G2 X-1.4699 Y1.0593 I0.1931 J-0.6314
N28150 G1 X-1.4352 Y1.0625
N28155 G3 X-1.3384 Y1.0731 I-0.0363 J0.7787
N28160 X-1.2853 Y1.1016 I-0.0158 J0.093
N28165 G1 X-1.2762 Y1.1143
N28170 X-1.2696 Y1.1284
N28175 X-1.2578 Y1.1521
N28180 X-1.2501 Y1.1673
N28185 G3 X-1.2563 Y1.1954 I-0.0214 J0.01
N28190 G1 X-1.2592 Y1.1978 Z-0.4722
N28195 X-1.2619 Y1.2001 Z-0.4713
N28200 X-1.2645 Y1.2023 Z-0.4699
N28205 X-1.267 Y1.2043 Z-0.4679
N28210 X-1.2691 Y1.2061 Z-0.4655
N28215 X-1.271 Y1.2077 Z-0.4627
N28220 X-1.2724 Y1.2089 Z-0.4595
N28225 X-1.2735 Y1.2098 Z-0.4561
N28230 X-1.2742 Y1.2104 Z-0.4525
N28235 X-1.2744 Y1.2106 Z-0.4488
N28240 Z0.1969
N28245 X-1.2229 Y-1.2517
N28250 Z-0.4252
N28255 Z-0.4488
N28260 Y-1.2514 Z-0.4525
N28265 Y-1.2506 Z-0.4561
N28270 X-1.223 Y-1.2491 Z-0.4595
N28275 Y-1.2472 Z-0.4627
N28280 X-1.2231 Y-1.2448 Z-0.4655
N28285 X-1.2232 Y-1.242 Z-0.4679
N28290 Y-1.2388 Z-0.4699
N28295 X-1.2233 Y-1.2354 Z-0.4713
N28300 X-1.2234 Y-1.2318 Z-0.4722
N28305 X-1.2235 Y-1.2281 Z-0.4724
N28310 G3 X-1.2319 Y-1.1984 I-0.0623 J-0.0016
N28315 G2 X-1.247 Y-1.1735 I0.3729 J0.2432
N28320 G3 X-1.2972 Y-1.1275 I-0.0997 J-0.0583
N28325 X-1.389 Y-1.0943 I-0.1498 J-0.2703
N28330 G1 X-1.4188 Y-1.0882
N28335 X-1.4533 Y-1.083
N28340 X-1.488 Y-1.0789
N28345 X-1.5224 Y-1.0732
N28350 X-1.5559 Y-1.0634
N28355 X-1.5874 Y-1.0485
N28360 X-1.616 Y-1.0286
N28365 X-1.6411 Y-1.0044
N28370 X-1.6625 Y-0.9768
N28375 X-1.6803 Y-0.9468
N28380 X-1.6947 Y-0.915
N28385 G2 X-1.7271 Y-0.7796 I0.5267 J0.1976
N28390 X-1.7397 Y-0.5708 I1.861 J0.2169
N28395 X-1.742 Y-0.2219 I16.11 J0.2835
N28400 G1 X-1.7421 Y-0.0126
N28405 Y0.5107
N28410 Y0.6851
N28415 Y0.72
N28420 X-1.7416 Y0.7549
N28425 X-1.7394 Y0.7897
N28430 X-1.7329 Y0.824
N28435 X-1.7208 Y0.8567
N28440 X-1.7032 Y0.8868
N28445 X-1.6808 Y0.9136
N28450 X-1.6546 Y0.9365
N28455 X-1.6254 Y0.9557
N28460 X-1.5943 Y0.9714
N28465 X-1.5617 Y0.9839
N28470 G2 X-1.4253 Y1.0122 I0.2142 J-0.6904
N28475 G1 X-1.3908 Y1.0175
N28480 G3 X-1.3216 Y1.0374 I-0.0337 J0.2471
N28485 X-1.2793 Y1.0967 I-0.0429 J0.0754
N28490 G1 X-1.2776 Y1.1046
N28495 X-1.2725 Y1.1205
N28500 X-1.2696 Y1.1284
N28505 G3 X-1.2792 Y1.1555 I-0.0225 J0.0073
N28510 G1 X-1.2823 Y1.1575 Z-0.4722
N28515 X-1.2853 Y1.1595 Z-0.4713
N28520 X-1.2882 Y1.1613 Z-0.4699
N28525 X-1.2908 Y1.1631 Z-0.4679
N28530 X-1.2932 Y1.1646 Z-0.4655
N28535 X-1.2952 Y1.1659 Z-0.4627
N28540 X-1.2968 Y1.167 Z-0.4595
N28545 X-1.298 Y1.1677 Z-0.4561
N28550 X-1.2987 Y1.1682 Z-0.4525
N28555 X-1.299 Y1.1684 Z-0.4488
N28560 Z0.1969
N28565 X-1.2428 Y-1.2275
N28570 Z-0.4252
N28575 Z-0.4488
N28580 Y-1.2272 Z-0.4525
N28585 X-1.2427 Y-1.2263 Z-0.4561
N28590 X-1.2426 Y-1.2249 Z-0.4595
N28595 X-1.2425 Y-1.223 Z-0.4627
N28600 X-1.2423 Y-1.2206 Z-0.4655
N28605 X-1.2421 Y-1.2177 Z-0.4679
N28610 X-1.2419 Y-1.2146 Z-0.4699
N28615 X-1.2417 Y-1.2112 Z-0.4713
N28620 X-1.2415 Y-1.2076 Z-0.4722
N28625 X-1.2412 Y-1.2039 Z-0.4724
N28630 G3 X-1.2469 Y-1.1735 I-0.0622 J0.0041
N28635 G1 X-1.2578 Y-1.1521
N28640 X-1.2657 Y-1.1363
N28645 G3 X-1.3161 Y-1.0877 I-0.1087 J-0.0624
N28650 X-1.3841 Y-1.0579 I-0.144 J-0.2366
N28655 G1 X-1.4142 Y-1.0493
N28660 X-1.4482 Y-1.0414
N28665 X-1.4819 Y-1.0326
N28670 X-1.5146 Y-1.0202
N28675 X-1.5451 Y-1.0033
N28680 X-1.5727 Y-0.982
N28685 X-1.5969 Y-0.9569
N28690 X-1.6175 Y-0.9287
N28695 X-1.6346 Y-0.8983
N28700 X-1.6485 Y-0.8663
N28705 G2 X-1.6799 Y-0.7307 I0.5537 J0.1999
N28710 X-1.6924 Y-0.5218 I1.9094 J0.2187
N28715 X-1.6948 Y-0.173 I16.0543 J0.2851
N28720 G1 X-1.6949 Y0.0364
N28725 Y0.6294
N28730 X-1.6948 Y0.6643
N28735 X-1.6945 Y0.6992
N28740 X-1.6928 Y0.7341
N28745 X-1.6873 Y0.7685
N28750 X-1.6763 Y0.8016
N28755 X-1.6598 Y0.8323
N28760 X-1.6384 Y0.8599
N28765 X-1.6129 Y0.8837
N28770 X-1.5844 Y0.9038
N28775 X-1.5536 Y0.9203
N28780 X-1.5214 Y0.9336
N28785 X-1.4882 Y0.9444
N28790 X-1.4545 Y0.9532
N28795 G3 X-1.3557 Y0.9792 I-0.18 J0.8861
N28800 X-1.3096 Y1.0064 I-0.0431 J0.1254
N28805 X-1.286 Y1.0551 I-0.0643 J0.0612
N28810 G1 X-1.2858 Y1.0571
N28815 X-1.2808 Y1.0888
N28820 X-1.2793 Y1.0967
N28825 G3 X-1.2932 Y1.1219 I-0.0234 J0.0035
N28830 G1 X-1.2966 Y1.1233 Z-0.4722
N28835 X-1.2999 Y1.1248 Z-0.4713
N28840 X-1.3031 Y1.1261 Z-0.4699
N28845 X-1.306 Y1.1274 Z-0.4679
N28850 X-1.3086 Y1.1285 Z-0.4655
N28855 X-1.3108 Y1.1295 Z-0.4627
N28860 X-1.3126 Y1.1302 Z-0.4595
N28865 X-1.3139 Y1.1308 Z-0.4561
N28870 X-1.3146 Y1.1312 Z-0.4525
N28875 X-1.3149 Y1.1313 Z-0.4488
N28880 Z0.1969
N28885 X-1.2622 Y-1.1903
N28890 Z-0.4252
N28895 Z-0.4488
N28900 Y-1.19 Z-0.4525
N28905 X-1.2621 Y-1.1892 Z-0.4561
N28910 X-1.262 Y-1.1877 Z-0.4595
N28915 X-1.2618 Y-1.1858 Z-0.4627
N28920 X-1.2616 Y-1.1834 Z-0.4655
N28925 X-1.2614 Y-1.1806 Z-0.4679
N28930 X-1.2612 Y-1.1775 Z-0.4699
N28935 X-1.2609 Y-1.174 Z-0.4713
N28940 X-1.2606 Y-1.1704 Z-0.4722
N28945 X-1.2603 Y-1.1668 Z-0.4724
N28950 G3 X-1.2657 Y-1.1363 I-0.0621 J0.0049
N28955 G1 X-1.2696 Y-1.1284
N28960 X-1.2725 Y-1.1205
N28965 X-1.2767 Y-1.1074
N28970 G3 X-1.3181 Y-1.0568 I-0.1007 J-0.0401
N28975 X-1.381 Y-1.0217 I-0.1576 J-0.2087
N28980 G1 X-1.4134 Y-1.0087
N28985 X-1.4457 Y-0.9956
N28990 X-1.4768 Y-0.9798
N28995 X-1.5057 Y-0.9602
N29000 X-1.5318 Y-0.937
N29005 X-1.5545 Y-0.9106
N29010 X-1.5739 Y-0.8816
N29015 X-1.59 Y-0.8506
N29020 X-1.6031 Y-0.8183
N29025 G2 X-1.633 Y-0.6823 I0.5979 J0.2029
N29030 X-1.6457 Y-0.4385 I2.2298 J0.238
N29035 X-1.6475 Y-0.1245 I16.5441 J0.2563
N29040 G1 X-1.6476 Y0.0848
N29045 Y0.5732
N29050 Y0.6081
N29055 X-1.6474 Y0.643
N29060 X-1.6461 Y0.6778
N29065 X-1.6415 Y0.7124
N29070 X-1.6318 Y0.7459
N29075 X-1.6166 Y0.7773
N29080 X-1.5963 Y0.8057
N29085 X-1.5717 Y0.8305
N29090 X-1.544 Y0.8516
N29095 X-1.5139 Y0.8693
N29100 X-1.4823 Y0.8841
N29105 X-1.4498 Y0.8967
N29110 G3 X-1.3523 Y0.9331 I-0.3349 J1.0464
N29115 X-1.3173 Y0.9555 I-0.0736 J0.1538
N29120 X-1.2893 Y1.0189 I-0.059 J0.0639
N29125 G2 X-1.286 Y1.0551 I0.2149 J-0.0013
N29130 G1 X-1.2859 Y1.0575
N29135 X-1.2861 Y1.06
N29140 X-1.2864 Y1.0624
N29145 X-1.2875 Y1.0651 Z-0.4723
N29150 X-1.2886 Y1.0677 Z-0.4717
N29155 X-1.2897 Y1.0703 Z-0.4708
N29160 X-1.2918 Y1.0726 Z-0.4693
N29165 X-1.2938 Y1.0747 Z-0.4674
N29170 X-1.2955 Y1.0765 Z-0.465
N29175 X-1.2975 Y1.0776 Z-0.4623
N29180 X-1.2991 Y1.0784 Z-0.4592
N29185 X-1.3002 Y1.0791 Z-0.4559
N29190 X-1.3009 Y1.0795 Z-0.4524
N29195 X-1.3012 Y1.0796 Z-0.4488
N29200 Z0.1969
N29205 X-1.2809 Y-1.1613
N29210 Z-0.4252
N29215 Z-0.4488
N29220 Y-1.1611 Z-0.4525
N29225 X-1.2807 Y-1.1602 Z-0.4561
N29230 X-1.2804 Y-1.1588 Z-0.4595
N29235 X-1.2799 Y-1.1569 Z-0.4627
N29240 X-1.2794 Y-1.1546 Z-0.4655
N29245 X-1.2788 Y-1.1518 Z-0.4679
N29250 X-1.2781 Y-1.1487 Z-0.4699
N29255 X-1.2774 Y-1.1454 Z-0.4713
N29260 X-1.2766 Y-1.1419 Z-0.4722
N29265 X-1.2758 Y-1.1383 Z-0.4724
N29270 G3 X-1.2767 Y-1.1074 I-0.0608 J0.0136
N29275 G2 X-1.2817 Y-1.0825 I0.1736 J0.0478
N29280 G3 X-1.3147 Y-1.0287 I-0.0951 J-0.0214
N29285 X-1.3582 Y-0.9951 I-0.1647 J-0.1681
N29290 G1 X-1.3879 Y-0.9769
N29295 X-1.4178 Y-0.9589
N29300 X-1.4462 Y-0.9387
N29305 X-1.4725 Y-0.9158
N29310 X-1.496 Y-0.89
N29315 X-1.5164 Y-0.8617
N29320 X-1.5338 Y-0.8314
N29325 X-1.5481 Y-0.7996
N29330 G2 X-1.5824 Y-0.6647 I0.5479 J0.2107
N29335 X-1.5972 Y-0.456 I1.7056 J0.2258
N29340 X-1.6003 Y-0.0723 I14.7044 J0.3122
N29345 G1 X-1.6004 Y0.1371
N29350 Y0.5208
N29355 Y0.5557
N29360 X-1.6002 Y0.5906
N29365 X-1.599 Y0.6255
N29370 X-1.5949 Y0.6601
N29375 X-1.5859 Y0.6938
N29380 X-1.5714 Y0.7255
N29385 X-1.5518 Y0.7544
N29390 X-1.5281 Y0.78
N29395 X-1.5012 Y0.8022
N29400 X-1.472 Y0.8213
N29405 X-1.4415 Y0.8382
N29410 G3 X-1.3454 Y0.8863 I-0.7646 J1.6449
N29415 X-1.3108 Y0.9136 I-0.088 J0.1476
N29420 X-1.2894 Y0.9706 I-0.0658 J0.0572
N29425 G1 Y1.0017
N29430 X-1.2893 Y1.0189
N29435 G3 X-1.3075 Y1.0412 I-0.0236 J-0.0007
N29440 G1 X-1.3111 Y1.042 Z-0.4722
N29445 X-1.3146 Y1.0428 Z-0.4713
N29450 X-1.3179 Y1.0436 Z-0.4699
N29455 X-1.321 Y1.0443 Z-0.4679
N29460 X-1.3237 Y1.045 Z-0.4655
N29465 X-1.3261 Y1.0455 Z-0.4627
N29470 X-1.328 Y1.046 Z-0.4595
N29475 X-1.3294 Y1.0463 Z-0.4561
N29480 X-1.3302 Y1.0465 Z-0.4525
N29485 X-1.3305 Y1.0466 Z-0.4488
N29490 Z0.1969
N29495 X-1.2945 Y-1.1351
N29500 Z-0.4252
N29505 Z-0.4488
N29510 X-1.2944 Y-1.1348 Z-0.4525
N29515 X-1.294 Y-1.134 Z-0.4561
N29520 X-1.2935 Y-1.1327 Z-0.4595
N29525 X-1.2928 Y-1.1309 Z-0.4627
N29530 X-1.2919 Y-1.1287 Z-0.4655
N29535 X-1.2909 Y-1.126 Z-0.4679
N29540 X-1.2897 Y-1.1231 Z-0.4699
N29545 X-1.2884 Y-1.1199 Z-0.4713
N29550 X-1.2871 Y-1.1166 Z-0.4722
N29555 X-1.2857 Y-1.1131 Z-0.4724
N29560 G3 X-1.2818 Y-1.0825 I-0.0579 J0.0231
N29565 G1 X-1.2858 Y-1.0571
N29570 X-1.2869 Y-1.0492
N29575 G3 X-1.3134 Y-0.9969 I-0.0996 J-0.0177
N29580 G1 X-1.3206 Y-0.9882
N29585 X-1.3303 Y-0.978
N29590 X-1.3557 Y-0.9541
N29595 X-1.3821 Y-0.9313
N29600 X-1.4079 Y-0.9078
N29605 X-1.4318 Y-0.8824
N29610 X-1.4534 Y-0.855
N29615 X-1.4723 Y-0.8257
N29620 X-1.4885 Y-0.7948
N29625 G2 X-1.5293 Y-0.6617 I0.4909 J0.2234
N29630 X-1.5486 Y-0.4535 I1.3799 J0.2329
N29635 X-1.5527 Y-0.1396 I8.3452 J0.266
N29640 G1 X-1.553 Y-0.0349
N29645 X-1.5531 Y0.1395
N29650 Y0.4884
N29655 Y0.5233
N29660 X-1.5527 Y0.5582
N29665 X-1.5504 Y0.593
N29670 X-1.5443 Y0.6273
N29675 X-1.533 Y0.6604
N29680 X-1.5166 Y0.6911
N29685 X-1.4957 Y0.7191
N29690 X-1.4713 Y0.7441
N29695 X-1.4445 Y0.7663
N29700 X-1.4159 Y0.7864
N29705 X-1.3865 Y0.8051
N29710 X-1.357 Y0.8237
N29715 G3 X-1.317 Y0.8538 I-0.1733 J0.2722
N29720 X-1.2894 Y0.9173 I-0.0591 J0.0635
N29725 G1 Y0.9706
N29730 G3 X-1.3077 Y0.9928 I-0.0236 J-0.0008
N29735 G1 X-1.3113 Y0.9937 Z-0.4722
N29740 X-1.3148 Y0.9945 Z-0.4713
N29745 X-1.3181 Y0.9952 Z-0.4699
N29750 X-1.3212 Y0.9959 Z-0.4679
N29755 X-1.3239 Y0.9966 Z-0.4655
N29760 X-1.3263 Y0.9971 Z-0.4627
N29765 X-1.3282 Y0.9976 Z-0.4595
N29770 X-1.3296 Y0.9979 Z-0.4561
N29775 X-1.3304 Y0.9981 Z-0.4525
N29780 X-1.3307 Z-0.4488
N29785 Z0.1969
N29790 X-1.3018 Y-1.1012
N29795 Z-0.4252
N29800 Z-0.4488
N29805 X-1.3017 Y-1.101 Z-0.4525
N29810 X-1.3013 Y-1.1002 Z-0.4561
N29815 X-1.3007 Y-1.0989 Z-0.4595
N29820 X-1.2999 Y-1.0971 Z-0.4627
N29825 X-1.299 Y-1.0949 Z-0.4655
N29830 X-1.2978 Y-1.0923 Z-0.4679
N29835 X-1.2965 Y-1.0895 Z-0.4699
N29840 X-1.2951 Y-1.0863 Z-0.4713
N29845 X-1.2936 Y-1.083 Z-0.4722
N29850 X-1.2921 Y-1.0797 Z-0.4724
N29855 G3 X-1.2869 Y-1.0492 I-0.0569 J0.0255
N29860 G1 X-1.2887 Y-1.0334
N29865 X-1.2893 Y-1.0254
N29870 Y-1.0191
N29875 G3 X-1.3058 Y-0.9692 I-0.1017 J-0.006
N29880 G1 X-1.3113 Y-0.9596
N29885 X-1.3201 Y-0.9465
N29890 X-1.341 Y-0.9185
N29895 X-1.3631 Y-0.8915
N29900 X-1.3845 Y-0.8641
N29905 G2 X-1.4628 Y-0.7092 I0.389 J0.2937
N29910 X-1.4938 Y-0.5378 I0.8104 J0.2354
N29915 X-1.5041 Y-0.2939 I2.9133 J0.2448
N29920 X-1.5058 Y0.0201 I19.5088 J0.2628
N29925 G1 X-1.5059 Y0.2294
N29930 Y0.4387
N29935 X-1.5058 Y0.4736
N29940 X-1.5054 Y0.5085
N29945 X-1.5034 Y0.5433
N29950 X-1.4977 Y0.5777
N29955 X-1.4871 Y0.611
N29960 X-1.4718 Y0.6423
N29965 X-1.4523 Y0.6713
N29970 X-1.4296 Y0.6977
N29975 X-1.4045 Y0.7219
N29980 X-1.3778 Y0.7444
N29985 G3 X-1.3092 Y0.8025 I-0.4327 J0.5804
N29990 G1 X-1.3021 Y0.8106
N29995 X-1.2951 Y0.8192
N30000 X-1.2899 Y0.8261
N30005 X-1.2896 Y0.8267
N30010 X-1.2894 Y0.8272
N30015 Y0.8278
N30020 Y0.9173
N30025 G3 X-1.3077 Y0.9395 I-0.0236 J-0.0008
N30030 G1 X-1.3113 Y0.9403 Z-0.4722
N30035 X-1.3148 Y0.9411 Z-0.4713
N30040 X-1.3181 Y0.9419 Z-0.4699
N30045 X-1.3212 Y0.9426 Z-0.4679
N30050 X-1.3239 Y0.9432 Z-0.4655
N30055 X-1.3263 Y0.9438 Z-0.4627
N30060 X-1.3282 Y0.9442 Z-0.4595
N30065 X-1.3296 Y0.9445 Z-0.4561
N30070 X-1.3304 Y0.9447 Z-0.4525
N30075 X-1.3307 Y0.9448 Z-0.4488
N30080 Z0.1969
N30085 X-1.3098 Y-1.0692
N30090 Z-0.4252
N30095 Z-0.4488
N30100 X-1.3097 Y-1.0689 Z-0.4525
N30105 X-1.3093 Y-1.0682 Z-0.4561
N30110 X-1.3085 Y-1.067 Z-0.4595
N30115 X-1.3076 Y-1.0653 Z-0.4627
N30120 X-1.3063 Y-1.0632 Z-0.4655
N30125 X-1.3049 Y-1.0608 Z-0.4679
N30130 X-1.3033 Y-1.0581 Z-0.4699
N30135 X-1.3016 Y-1.0551 Z-0.4713
N30140 X-1.2997 Y-1.052 Z-0.4722
N30145 X-1.2979 Y-1.0488 Z-0.4724
N30150 G3 X-1.2893 Y-1.0191 I-0.0537 J0.0316
N30155 G1 X-1.2894 Y-1.0017
N30160 Y-0.9779
N30165 G3 X-1.3077 Y-0.9142 I-0.155 J-0.0102
N30170 G1 X-1.3192 Y-0.8906
N30175 X-1.3363 Y-0.8602
N30180 G2 X-1.3985 Y-0.7355 I0.7017 J0.4278
N30185 X-1.4397 Y-0.5663 I0.7177 J0.2642
N30190 X-1.4556 Y-0.3228 I2.059 J0.2568
N30195 X-1.4586 Y0.0609 I15.928 J0.3155
N30200 G1 Y0.2703
N30205 Y0.4098
N30210 X-1.4585 Y0.4447
N30215 X-1.4574 Y0.4796
N30220 X-1.4539 Y0.5143
N30225 X-1.4462 Y0.5483
N30230 X-1.4342 Y0.581
N30235 X-1.418 Y0.612
N30240 X-1.3984 Y0.6408
N30245 X-1.3762 Y0.6677
N30250 X-1.3523 Y0.6931
N30255 X-1.3276 Y0.7178
N30260 X-1.3141 Y0.7315
N30265 G3 X-1.2894 Y0.7921 I-0.0619 J0.0606
N30270 G1 Y0.8278
N30275 G3 X-1.3077 Y0.85 I-0.0236 J-0.0008
N30280 G1 X-1.3113 Y0.8509 Z-0.4722
N30285 X-1.3148 Y0.8517 Z-0.4713
N30290 X-1.3181 Y0.8524 Z-0.4699
N30295 X-1.3212 Y0.8532 Z-0.4679
N30300 X-1.3239 Y0.8538 Z-0.4655
N30305 X-1.3263 Y0.8543 Z-0.4627
N30310 X-1.3282 Y0.8548 Z-0.4595
N30315 X-1.3296 Y0.8551 Z-0.4561
N30320 X-1.3304 Y0.8553 Z-0.4525
N30325 X-1.3307 Z-0.4488
N30330 Z0.1969
N30335 X-1.3102 Y-1.0279
N30340 Z-0.4252
N30345 Z-0.4488
N30350 X-1.31 Y-1.0277 Z-0.4525
N30355 X-1.3096 Y-1.0269 Z-0.4561
N30360 X-1.3088 Y-1.0257 Z-0.4595
N30365 X-1.3079 Y-1.024 Z-0.4627
N30370 X-1.3066 Y-1.022 Z-0.4655
N30375 X-1.3052 Y-1.0195 Z-0.4679
N30380 X-1.3036 Y-1.0168 Z-0.4699
N30385 X-1.3018 Y-1.0139 Z-0.4713
N30390 X-1.3 Y-1.0108 Z-0.4722
N30395 X-1.2981 Y-1.0076 Z-0.4724
N30400 G3 X-1.2894 Y-0.9779 I-0.0536 J0.0318
N30405 G1 Y-0.9225
N30410 G3 X-1.3041 Y-0.8498 I-0.2347 J-0.0098
N30415 G1 X-1.3157 Y-0.8168
N30420 G2 X-1.3629 Y-0.6856 I1.4074 J0.5799
N30425 X-1.4016 Y-0.4449 I1.0909 J0.2988
N30430 X-1.4101 Y-0.166 I4.1171 J0.2654
N30435 G1 X-1.411 Y-0.0265
N30440 X-1.4115 Y0.1131
N30445 Y0.2526
N30450 X-1.4112 Y0.3922
N30455 X-1.4104 Y0.4271
N30460 X-1.4077 Y0.4618
N30465 X-1.4015 Y0.4962
N30470 X-1.3914 Y0.5296
N30475 X-1.3775 Y0.5616
N30480 X-1.3603 Y0.5919
N30485 X-1.3406 Y0.6207
N30490 X-1.3193 Y0.6483
N30495 X-1.3077 Y0.6632
N30500 G3 X-1.2894 Y0.7164 I-0.0683 J0.0532
N30505 G1 Y0.7921
N30510 G3 X-1.3077 Y0.8143 I-0.0236 J-0.0008
N30515 G1 X-1.3113 Y0.8151 Z-0.4722
N30520 X-1.3148 Y0.8159 Z-0.4713
N30525 X-1.3181 Y0.8167 Z-0.4699
N30530 X-1.3212 Y0.8174 Z-0.4679
N30535 X-1.3239 Y0.8181 Z-0.4655
N30540 X-1.3263 Y0.8186 Z-0.4627
N30545 X-1.3282 Y0.819 Z-0.4595
N30550 X-1.3296 Y0.8194 Z-0.4561
N30555 X-1.3304 Y0.8196 Z-0.4525
N30560 X-1.3307 Z-0.4488
N30565 Z0.1969
N30570 X-1.3102 Y-0.9725
N30575 Z-0.4252
N30580 Z-0.4488
N30585 X-1.31 Y-0.9722 Z-0.4525
N30590 X-1.3096 Y-0.9715 Z-0.4561
N30595 X-1.3088 Y-0.9703 Z-0.4595
N30600 X-1.3079 Y-0.9686 Z-0.4627
N30605 X-1.3066 Y-0.9665 Z-0.4655
N30610 X-1.3052 Y-0.9641 Z-0.4679
N30615 X-1.3036 Y-0.9614 Z-0.4699
N30620 X-1.3018 Y-0.9584 Z-0.4713
N30625 X-1.3 Y-0.9553 Z-0.4722
N30630 X-1.2981 Y-0.9522 Z-0.4724
N30635 G3 X-1.2894 Y-0.9225 I-0.0536 J0.0318
N30640 G1 Y-0.8354
N30645 G3 X-1.3023 Y-0.741 I-0.4593 J-0.0147
N30650 G2 X-1.3383 Y-0.5704 I2.3547 J0.587
N30655 X-1.3609 Y-0.2574 I2.2835 J0.3217
N30660 X-1.3639 Y0.1263 I14.1597 J0.3027
N30665 X-1.3636 Y0.3705 I14.4631 J0.1055
N30670 G1 X-1.3617 Y0.4053
N30675 X-1.3574 Y0.44
N30680 X-1.3497 Y0.474
N30685 X-1.3385 Y0.507
N30690 X-1.3242 Y0.5388
N30695 X-1.3074 Y0.5695
N30700 X-1.3014 Y0.5796
N30705 X-1.2948 Y0.5935
N30710 X-1.2907 Y0.6084
N30715 X-1.2894 Y0.6237
N30720 Y0.7164
N30725 G3 X-1.3077 Y0.7386 I-0.0236 J-0.0008
N30730 G1 X-1.3113 Y0.7394 Z-0.4722
N30735 X-1.3148 Y0.7402 Z-0.4713
N30740 X-1.3181 Y0.741 Z-0.4699
N30745 X-1.3212 Y0.7417 Z-0.4679
N30750 X-1.3239 Y0.7424 Z-0.4655
N30755 X-1.3263 Y0.7429 Z-0.4627
N30760 X-1.3282 Y0.7433 Z-0.4595
N30765 X-1.3296 Y0.7437 Z-0.4561
N30770 X-1.3304 Y0.7439 Z-0.4525
N30775 X-1.3307 Z-0.4488
N30780 Z0.1969
N30785 X-1.3102 Y-0.8854
N30790 Z-0.4252
N30795 Z-0.4488
N30800 X-1.31 Y-0.8851 Z-0.4525
N30805 X-1.3096 Y-0.8844 Z-0.4561
N30810 X-1.3088 Y-0.8832 Z-0.4595
N30815 X-1.3079 Y-0.8815 Z-0.4627
N30820 X-1.3066 Y-0.8794 Z-0.4655
N30825 X-1.3052 Y-0.877 Z-0.4679
N30830 X-1.3036 Y-0.8743 Z-0.4699
N30835 X-1.3018 Y-0.8713 Z-0.4713
N30840 X-1.3 Y-0.8682 Z-0.4722
N30845 X-1.2981 Y-0.8651 Z-0.4724
N30850 G3 X-1.2894 Y-0.8354 I-0.0536 J0.0318
N30855 G1 Y-0.6612
N30860 G3 X-1.3016 Y-0.4872 I-3.1886 J-0.1364
N30865 G2 X-1.3155 Y-0.1038 I4.8396 J0.3674
N30870 X-1.3165 Y0.3148 I25.8062 J0.2736
N30875 G1 X-1.3153 Y0.3497
N30880 G2 X-1.2913 Y0.4733 I0.4197 J-0.0173
N30885 G1 X-1.2899 Y0.4829
N30890 X-1.2894 Y0.4925
N30895 Y0.6237
N30900 G3 X-1.3077 Y0.6459 I-0.0236 J-0.0008
N30905 G1 X-1.3113 Y0.6467 Z-0.4722
N30910 X-1.3148 Y0.6475 Z-0.4713
N30915 X-1.3181 Y0.6483 Z-0.4699
N30920 X-1.3212 Y0.649 Z-0.4679
N30925 X-1.3239 Y0.6496 Z-0.4655
N30930 X-1.3263 Y0.6502 Z-0.4627
N30935 X-1.3282 Y0.6506 Z-0.4595
N30940 X-1.3296 Y0.6509 Z-0.4561
N30945 X-1.3304 Y0.6511 Z-0.4525
N30950 X-1.3307 Y0.6512 Z-0.4488
N30955 Z0.1969
N30960 X-1.3102 Y-0.7112
N30965 Z-0.4252
N30970 Z-0.4488
N30975 X-1.31 Y-0.7109 Z-0.4525
N30980 X-1.3096 Y-0.7102 Z-0.4561
N30985 X-1.3088 Y-0.709 Z-0.4595
N30990 X-1.3079 Y-0.7073 Z-0.4627
N30995 X-1.3066 Y-0.7052 Z-0.4655
N31000 X-1.3052 Y-0.7028 Z-0.4679
N31005 X-1.3036 Y-0.7001 Z-0.4699
N31010 X-1.3018 Y-0.6971 Z-0.4713
N31015 X-1.3 Y-0.694 Z-0.4722
N31020 X-1.2981 Y-0.6909 Z-0.4724
N31025 G3 X-1.2894 Y-0.6612 I-0.0536 J0.0318
N31030 G1 Y0.4925
N31035 G3 X-1.3077 Y0.5147 I-0.0236 J-0.0008
N31040 G1 X-1.3113 Y0.5155 Z-0.4722
N31045 X-1.3148 Y0.5163 Z-0.4713
N31050 X-1.3181 Y0.5171 Z-0.4699
N31055 X-1.3212 Y0.5178 Z-0.4679
N31060 X-1.3239 Y0.5185 Z-0.4655
N31065 X-1.3263 Y0.519 Z-0.4627
N31070 X-1.3282 Y0.5194 Z-0.4595
N31075 X-1.3296 Y0.5197 Z-0.4561
N31080 X-1.3304 Y0.5199 Z-0.4525
N31085 X-1.3307 Y0.52 Z-0.4488
N31090 Z0.5906
(WHEN USING FUSION FOR PERSONAL USE, THE FEEDRATE OF RAPID)
(MOVES IS REDUCED TO MATCH THE FEEDRATE OF CUTTING MOVES,)
(WHICH CAN INCREASE MACHINING TIME. UNRESTRICTED RAPID MOVES)
(ARE AVAILABLE WITH A FUSION SUBSCRIPTION.)
(2D ADAPTIVE5 2)
N31095 G0 X-2.115 Y-1.6278
N31100 G1 Z0.5906 F151.949
N31105 Z-0.0551
N31110 Z-0.1575
N31115 G3 X-2.0965 Y-1.4992 I-0.5842 J0.1496
N31120 G1 Y-1.4934
N31125 X-2.1174 Y-1.4655
N31130 X-2.133 Y-1.4343
N31135 X-2.1443 Y-1.4013
N31140 X-2.1521 Y-1.3673
N31145 G2 X-2.1646 Y-1.2284 I0.9193 J0.1527
N31150 X-2.1671 Y-0.9842 I7.5854 J0.1998
N31155 G1 X-2.1673 Y-0.8447
N31160 Y0.481
N31165 Y1.2921
N31170 X-2.1664 Y1.3008
N31175 X-2.163 Y1.3179
N31180 X-2.1496 Y1.3501
N31185 X-2.1274 Y1.377
N31190 X-2.0996 Y1.3982
N31195 X-2.0685 Y1.414
N31200 X-2.0356 Y1.4254
N31205 X-2.0016 Y1.4334
N31210 G2 X-1.8628 Y1.4461 I0.1528 J-0.9054
N31215 X-1.6186 Y1.4486 I0.1998 J-7.4598
N31220 G1 X-1.479 Y1.4488
N31225 X-1.0604
N31230 X0.9281
N31235 X2.0096
N31240 X2.027 Y1.4471
N31245 X2.0603 Y1.4368
N31250 X2.0888 Y1.4166
N31255 X2.1115 Y1.3901
N31260 X2.1287 Y1.3598
N31265 X2.1412 Y1.3272
N31270 X2.15 Y1.2935
N31275 G2 X2.1642 Y1.1548 I-0.8126 J-0.1533
N31280 X2.1671 Y0.8757 I-7.6842 J-0.2184
N31285 G1 X2.1673 Y0.7013
N31290 Y0.6315
N31295 Y-1.2872
N31300 X2.1669 Y-1.296
N31305 X2.1642 Y-1.3132
N31310 X2.1524 Y-1.346
N31315 X2.1312 Y-1.3737
N31320 X2.104 Y-1.3956
N31325 X2.0733 Y-1.4121
N31330 X2.0405 Y-1.4241
N31335 X2.0066 Y-1.4325
N31340 G2 X1.8679 Y-1.4459 I-0.153 J0.8574
N31345 X1.5191 Y-1.4488 I-0.2663 J11.0841
N31350 G1 X0.7167
N31355 X0.1934
N31360 X-1.7952
N31365 X-1.9347
N31370 X-1.9696 Y-1.4482
N31375 X-2.0025 Y-1.4366
N31380 X-2.0311 Y-1.4165
N31385 X-2.0545 Y-1.3907
N31390 X-2.0729 Y-1.3611
N31395 X-2.0869 Y-1.3291
N31400 X-2.0971 Y-1.2958
N31405 G2 X-2.1153 Y-1.1576 I0.6997 J0.1623
N31410 X-2.1196 Y-0.9135 I4.652 J0.205
N31415 G1 X-2.12 Y-0.8437
N31420 X-2.1201 Y-0.7042
N31425 Y0.3076
N31430 Y1.2146
N31435 X-2.115 Y1.2491
N31440 X-2.1014 Y1.2812
N31445 X-2.0807 Y1.3093
N31450 X-2.0547 Y1.3327
N31455 X-2.0252 Y1.3513
N31460 X-1.9934 Y1.3656
N31465 X-1.9602 Y1.3763
N31470 G2 X-1.8223 Y1.396 I0.1664 J-0.6713
N31475 X-1.5782 Y1.4011 I0.2073 J-4.1335
N31480 G1 X-1.5084 Y1.4014
N31485 X-1.4038 Y1.4015
N31490 X-1.1247 Y1.4016
N31495 X0.8639
N31500 X1.9105
N31505 X1.9454 Y1.4014
N31510 X1.9793 Y1.3933
N31515 X2.0101 Y1.3771
N31520 X2.0366 Y1.3543
N31525 X2.0583 Y1.327
N31530 X2.0753 Y1.2966
N31535 X2.0883 Y1.2642
N31540 X2.0979 Y1.2306
N31545 G2 X2.1153 Y1.0923 I-0.7576 J-0.1654
N31550 X2.1196 Y0.8482 I-4.7432 J-0.207
N31555 G1 X2.12 Y0.7784
N31560 X2.1201 Y0.6389
N31565 Y0.5691
N31570 Y-1.2101
N31575 X2.1162 Y-1.2448
N31580 X2.1036 Y-1.2773
N31585 X2.0837 Y-1.306
N31590 X2.0584 Y-1.3299
N31595 X2.0293 Y-1.3492
N31600 X1.9977 Y-1.364
N31605 X1.9646 Y-1.3751
N31610 G2 X1.8269 Y-1.3958 I-0.1668 J0.6437
N31615 X1.5828 Y-1.401 I-0.2074 J3.9371
N31620 G1 X1.513 Y-1.4014
N31625 X1.4083 Y-1.4015
N31630 X0.9548 Y-1.4016
N31635 X0.0128
N31640 X-1.871
N31645 X-1.9057 Y-1.398
N31650 X-1.9386 Y-1.3863
N31655 X-1.9679 Y-1.3675
N31660 X-1.9929 Y-1.3431
N31665 X-2.0132 Y-1.3147
N31670 X-2.0293 Y-1.2838
N31675 X-2.0416 Y-1.2511
N31680 G2 X-2.0654 Y-1.1139 I0.5861 J0.1724
N31685 X-2.0721 Y-0.8698 I3.246 J0.2119
N31690 G1 X-2.0725 Y-0.835
N31695 X-2.0727 Y-0.7652
N31700 X-2.0728 Y-0.6605
N31705 Y-0.2419
N31710 Y0.5954
N31715 Y1.1187
N31720 X-2.0725 Y1.1536
N31725 X-2.0666 Y1.188
N31730 X-2.0535 Y1.2203
N31735 X-2.0338 Y1.2491
N31740 X-2.0089 Y1.2736
N31745 X-1.9804 Y1.2937
N31750 X-1.9494 Y1.3097
N31755 X-1.9168 Y1.322
N31760 G2 X-1.7797 Y1.3463 I0.1754 J-0.5888
N31765 X-1.5356 Y1.3536 I0.214 J-3.1062
N31770 G1 X-1.5007 Y1.354
N31775 X-1.431 Y1.3542
N31780 X-1.3263 Y1.3543
N31785 X-0.9774
N31790 X-0.7332
N31795 X1.2553
N31800 X1.8484
N31805 X1.8833 Y1.3531
N31810 X1.9172 Y1.3451
N31815 X1.9485 Y1.3297
N31820 X1.976 Y1.3082
N31825 X1.9991 Y1.2821
N31830 X2.0178 Y1.2527
N31835 X2.0326 Y1.221
N31840 X2.0438 Y1.188
N31845 G2 X2.0658 Y1.0504 I-0.6498 J-0.1743
N31850 X2.0721 Y0.8064 I-3.4906 J-0.2135
N31855 G1 X2.0725 Y0.7715
N31860 X2.0727 Y0.7017
N31865 X2.0728 Y0.5971
N31870 Y0.1784
N31875 Y0.0738
N31880 Y-1.1124
N31885 X2.0727 Y-1.1473
N31890 X2.0682 Y-1.1819
N31895 X2.0564 Y-1.2147
N31900 X2.0378 Y-1.2442
N31905 X2.0138 Y-1.2695
N31910 X1.9858 Y-1.2904
N31915 X1.9552 Y-1.3071
N31920 X1.9228 Y-1.32
N31925 X1.8893 Y-1.3298
N31930 G2 X1.7512 Y-1.3484 I-0.1727 J0.7562
N31935 X1.4722 Y-1.3538 I-0.2309 J4.7489
N31940 G1 X1.4024 Y-1.3542
N31945 X1.2628 Y-1.3543
N31950 X-0.5861
N31955 X-1.7723
N31960 X-1.8072
N31965 X-1.8419 Y-1.3508
N31970 X-1.8752 Y-1.3404
N31975 X-1.9055 Y-1.3232
N31980 X-1.932 Y-1.3004
N31985 X-1.9541 Y-1.2735
N31990 X-1.9721 Y-1.2435
N31995 X-1.9862 Y-1.2116
N32000 X-1.997 Y-1.1784
N32005 G3 X-2.0056 Y-1.1526 I-0.0973 J-0.0182
N32010 G1 X-2.0176 Y-1.1284
N32015 G2 X-2.03 Y-1.0809 I0.1613 J0.0674
N32020 X-2.0374 Y-1.0017 I0.3611 J0.0738
N32025 G1 Y1.0017
N32030 X-2.0373 Y1.0254
N32035 X-2.0367 Y1.0334
N32040 X-2.0358 Y1.0413
N32045 X-2.0335 Y1.0761
N32050 X-2.0288 Y1.1107
N32055 X-2.019 Y1.1441
N32060 X-2.003 Y1.1751
N32065 X-1.9816 Y1.2027
N32070 G2 X-1.948 Y1.2326 I1.5905 J-1.7525
N32075 G3 X-1.9491 Y1.266 Z-0.1496 I-0.0173 J0.0161
N32080 X-1.9867 Y1.2586 I-0.0161 J-0.0172
N32085 G1 X-2.0806 Y1.0547
N32090 G3 X-2.0627 Y1.0214 I0.0215 J-0.0099
N32095 X-2.0358 Y1.0413 Z-0.1575 I0.0035 J0.0234
N32100 G2 X-2.0257 Y1.1046 I0.8476 J-0.1029
N32105 G1 X-2.0204 Y1.1213
N32110 G2 X-1.9847 Y1.1918 I0.6115 J-0.2659
N32115 X-1.957 Y1.2235 I0.1524 J-0.1053
N32120 G1 X-1.9333 Y1.2473
N32125 G2 X-1.8936 Y1.2756 I0.1059 J-0.1061
N32130 G1 X-1.8699 Y1.2877
N32135 G2 X-1.7986 Y1.3116 I0.0942 J-0.1628
N32140 G1 X-1.7748 Y1.3154
N32145 X-1.751 Y1.3185
N32150 X-1.7431 Y1.3187
N32155 X-1.7273 Y1.3189
N32160 X-1.5926
N32165 X1.7193
N32170 G2 X1.759 Y1.3176 I0.0098 J-0.3085
N32175 G1 X1.7937 Y1.3147
N32180 X1.8283 Y1.3103
N32185 X1.8619 Y1.3007
N32190 X1.893 Y1.2851
N32195 X1.9207 Y1.2638
N32200 X1.9443 Y1.2381
N32205 X1.9469 Y1.2345
N32210 X1.9497 Y1.2311
N32215 X1.9528 Y1.2278
N32220 G3 X1.9861 Y1.2289 Z-0.1496 I0.0161 J0.0173
N32225 X1.9788 Y1.2665 I-0.0172 J0.0161
N32230 G1 X1.7728 Y1.3622
N32235 G3 X1.7395 Y1.3446 I-0.01 J-0.0214
N32240 X1.759 Y1.3175 Z-0.1575 I0.0233 J-0.0038
N32245 G2 X1.8303 Y1.3052 I-0.0658 J-0.5934
N32250 G1 X1.8461 Y1.2994
N32255 G2 X1.9148 Y1.2633 I-0.2678 J-0.5932
N32260 X1.9791 Y1.1997 I-0.3502 J-0.4184
N32265 X2.0058 Y1.1521 I-0.2427 J-0.1676
N32270 G1 X2.0176 Y1.1284
N32275 G2 X2.03 Y1.0809 I-0.1613 J-0.0674
N32280 X2.0374 Y1.0017 I-0.3611 J-0.0738
N32285 G1 Y-1.0017
N32290 X2.0373 Y-1.0254
N32295 X2.0367 Y-1.0334
N32300 X2.0358 Y-1.0413
N32305 X2.0335 Y-1.0761
N32310 X2.0288 Y-1.1107
N32315 X2.019 Y-1.1441
N32320 X2.0031 Y-1.1752
N32325 X1.9816 Y-1.2027
N32330 G2 X1.9474 Y-1.2332 I-1.657 J1.8271
N32335 G3 X1.9485 Y-1.2665 Z-0.1496 I0.0173 J-0.0161
N32340 X1.9861 Y-1.2592 I0.0161 J0.0172
N32345 G1 X2.0806 Y-1.0547
N32350 G3 X2.0627 Y-1.0214 I-0.0214 J0.0099
N32355 X2.0358 Y-1.0413 Z-0.1575 I-0.0035 J-0.0234
N32360 G2 X2.0257 Y-1.1046 I-0.8476 J0.1029
N32365 G1 X2.0204 Y-1.1213
N32370 G2 X1.9847 Y-1.1918 I-0.6115 J0.2659
N32375 X1.957 Y-1.2235 I-0.1524 J0.1053
N32380 G1 X1.9333 Y-1.2473
N32385 G2 X1.8936 Y-1.2756 I-0.1059 J0.1061
N32390 G1 X1.8699 Y-1.2877
N32395 G2 X1.7986 Y-1.3116 I-0.0942 J0.1628
N32400 G1 X1.7748 Y-1.3154
N32405 X1.751 Y-1.3185
N32410 X1.7431 Y-1.3187
N32415 X1.7273 Y-1.3189
N32420 X1.5926
N32425 X-1.7193
N32430 G2 X-1.7986 Y-1.3116 I-0.0086 J0.3389
N32435 X-1.8718 Y-1.2867 I0.0229 J0.1874
N32440 X-1.9175 Y-1.2611 I0.1131 J0.2556
N32445 X-1.9791 Y-1.1997 I0.3656 J0.4287
N32450 X-2.0056 Y-1.1526 I0.2432 J0.1677
N32455 G1 X-2.0076 Y-1.1496
N32460 X-2.0101 Y-1.1469
N32465 X-2.0125 Y-1.1453 Z-0.1573
N32470 X-2.0149 Y-1.1437 Z-0.1568
N32475 X-2.0173 Y-1.1422 Z-0.1559
N32480 X-2.0203 Y-1.1416 Z-0.1544
N32485 X-2.0231 Y-1.141 Z-0.1524
N32490 X-2.0256 Y-1.1404 Z-0.1501
N32495 X-2.0263 Z-0.1493
N32500 X-2.0283 Y-1.1407 Z-0.1466
N32505 X-2.0299 Y-1.1409 Z-0.1437
N32510 X-2.0311 Y-1.141 Z-0.1405
N32515 X-2.0318 Y-1.1411 Z-0.1372
N32520 X-2.032 Z-0.1339
N32525 Z0.1969
N32530 X-2.115 Y-1.6278
N32535 Z-0.2126
N32540 Z-0.315
N32545 G3 X-2.0965 Y-1.4992 I-0.5842 J0.1496
N32550 G1 Y-1.4934
N32555 X-2.1174 Y-1.4655
N32560 X-2.133 Y-1.4343
N32565 X-2.1443 Y-1.4013
N32570 X-2.1521 Y-1.3673
N32575 G2 X-2.1646 Y-1.2284 I0.9193 J0.1527
N32580 X-2.1671 Y-0.9842 I7.5854 J0.1998
N32585 G1 X-2.1673 Y-0.8447
N32590 Y0.481
N32595 Y1.2921
N32600 X-2.1664 Y1.3008
N32605 X-2.163 Y1.3179
N32610 X-2.1496 Y1.3501
N32615 X-2.1274 Y1.377
N32620 X-2.0996 Y1.3982
N32625 X-2.0685 Y1.414
N32630 X-2.0356 Y1.4254
N32635 X-2.0016 Y1.4334
N32640 G2 X-1.8628 Y1.4461 I0.1528 J-0.9054
N32645 X-1.6186 Y1.4486 I0.1998 J-7.4598
N32650 G1 X-1.479 Y1.4488
N32655 X-1.0604
N32660 X0.9281
N32665 X2.0096
N32670 X2.027 Y1.4471
N32675 X2.0603 Y1.4368
N32680 X2.0888 Y1.4166
N32685 X2.1115 Y1.3901
N32690 X2.1287 Y1.3598
N32695 X2.1412 Y1.3272
N32700 X2.15 Y1.2935
N32705 G2 X2.1642 Y1.1548 I-0.8126 J-0.1533
N32710 X2.1671 Y0.8757 I-7.6842 J-0.2184
N32715 G1 X2.1673 Y0.7013
N32720 Y0.6315
N32725 Y-1.2872
N32730 X2.1669 Y-1.296
N32735 X2.1642 Y-1.3132
N32740 X2.1524 Y-1.346
N32745 X2.1312 Y-1.3737
N32750 X2.104 Y-1.3956
N32755 X2.0733 Y-1.4121
N32760 X2.0405 Y-1.4241
N32765 X2.0066 Y-1.4325
N32770 G2 X1.8679 Y-1.4459 I-0.153 J0.8574
N32775 X1.5191 Y-1.4488 I-0.2663 J11.0841
N32780 G1 X0.7167
N32785 X0.1934
N32790 X-1.7952
N32795 X-1.9347
N32800 X-1.9696 Y-1.4482
N32805 X-2.0025 Y-1.4366
N32810 X-2.0311 Y-1.4165
N32815 X-2.0545 Y-1.3907
N32820 X-2.0729 Y-1.3611
N32825 X-2.0869 Y-1.3291
N32830 X-2.0971 Y-1.2958
N32835 G2 X-2.1153 Y-1.1576 I0.6997 J0.1623
N32840 X-2.1196 Y-0.9135 I4.652 J0.205
N32845 G1 X-2.12 Y-0.8437
N32850 X-2.1201 Y-0.7042
N32855 Y0.3076
N32860 Y1.2146
N32865 X-2.115 Y1.2491
N32870 X-2.1014 Y1.2812
N32875 X-2.0807 Y1.3093
N32880 X-2.0547 Y1.3327
N32885 X-2.0252 Y1.3513
N32890 X-1.9934 Y1.3656
N32895 X-1.9602 Y1.3763
N32900 G2 X-1.8223 Y1.396 I0.1664 J-0.6713
N32905 X-1.5782 Y1.4011 I0.2073 J-4.1335
N32910 G1 X-1.5084 Y1.4014
N32915 X-1.4038 Y1.4015
N32920 X-1.1247 Y1.4016
N32925 X0.8639
N32930 X1.9105
N32935 X1.9454 Y1.4014
N32940 X1.9793 Y1.3933
N32945 X2.0101 Y1.3771
N32950 X2.0366 Y1.3543
N32955 X2.0583 Y1.327
N32960 X2.0753 Y1.2966
N32965 X2.0883 Y1.2642
N32970 X2.0979 Y1.2306
N32975 G2 X2.1153 Y1.0923 I-0.7576 J-0.1654
N32980 X2.1196 Y0.8482 I-4.7432 J-0.207
N32985 G1 X2.12 Y0.7784
N32990 X2.1201 Y0.6389
N32995 Y0.5691
N33000 Y-1.2101
N33005 X2.1162 Y-1.2448
N33010 X2.1036 Y-1.2773
N33015 X2.0837 Y-1.306
N33020 X2.0584 Y-1.3299
N33025 X2.0293 Y-1.3492
N33030 X1.9977 Y-1.364
N33035 X1.9646 Y-1.3751
N33040 G2 X1.8269 Y-1.3958 I-0.1668 J0.6437
N33045 X1.5828 Y-1.401 I-0.2074 J3.9371
N33050 G1 X1.513 Y-1.4014
N33055 X1.4083 Y-1.4015
N33060 X0.9548 Y-1.4016
N33065 X0.0128
N33070 X-1.871
N33075 X-1.9057 Y-1.398
N33080 X-1.9386 Y-1.3863
N33085 X-1.9679 Y-1.3675
N33090 X-1.9929 Y-1.3431
N33095 X-2.0132 Y-1.3147
N33100 X-2.0293 Y-1.2838
N33105 X-2.0416 Y-1.2511
N33110 G2 X-2.0654 Y-1.1139 I0.5861 J0.1724
N33115 X-2.0721 Y-0.8698 I3.246 J0.2119
N33120 G1 X-2.0725 Y-0.835
N33125 X-2.0727 Y-0.7652
N33130 X-2.0728 Y-0.6605
N33135 Y-0.2419
N33140 Y0.5954
N33145 Y1.1187
N33150 X-2.0725 Y1.1536
N33155 X-2.0666 Y1.188
N33160 X-2.0535 Y1.2203
N33165 X-2.0338 Y1.2491
N33170 X-2.0089 Y1.2736
N33175 X-1.9804 Y1.2937
N33180 X-1.9494 Y1.3097
N33185 X-1.9168 Y1.322
N33190 G2 X-1.7797 Y1.3463 I0.1754 J-0.5888
N33195 X-1.5356 Y1.3536 I0.214 J-3.1062
N33200 G1 X-1.5007 Y1.354
N33205 X-1.431 Y1.3542
N33210 X-1.3263 Y1.3543
N33215 X-0.9774
N33220 X-0.7332
N33225 X1.2553
N33230 X1.8484
N33235 X1.8833 Y1.3531
N33240 X1.9172 Y1.3451
N33245 X1.9485 Y1.3297
N33250 X1.976 Y1.3082
N33255 X1.9991 Y1.2821
N33260 X2.0178 Y1.2527
N33265 X2.0326 Y1.221
N33270 X2.0438 Y1.188
N33275 G2 X2.0658 Y1.0504 I-0.6498 J-0.1743
N33280 X2.0721 Y0.8064 I-3.4906 J-0.2135
N33285 G1 X2.0725 Y0.7715
N33290 X2.0727 Y0.7017
N33295 X2.0728 Y0.5971
N33300 Y0.1784
N33305 Y0.0738
N33310 Y-1.1124
N33315 X2.0727 Y-1.1473
N33320 X2.0682 Y-1.1819
N33325 X2.0564 Y-1.2147
N33330 X2.0378 Y-1.2442
N33335 X2.0138 Y-1.2695
N33340 X1.9858 Y-1.2904
N33345 X1.9552 Y-1.3071
N33350 X1.9228 Y-1.32
N33355 X1.8893 Y-1.3298
N33360 G2 X1.7512 Y-1.3484 I-0.1727 J0.7562
N33365 X1.4722 Y-1.3538 I-0.2309 J4.7489
N33370 G1 X1.4024 Y-1.3542
N33375 X1.2628 Y-1.3543
N33380 X-0.5861
N33385 X-1.7723
N33390 X-1.8072
N33395 X-1.8419 Y-1.3508
N33400 X-1.8752 Y-1.3404
N33405 X-1.9055 Y-1.3232
N33410 X-1.932 Y-1.3004
N33415 X-1.9541 Y-1.2735
N33420 X-1.9721 Y-1.2435
N33425 X-1.9862 Y-1.2116
N33430 X-1.997 Y-1.1784
N33435 G3 X-2.0056 Y-1.1526 I-0.0973 J-0.0182
N33440 G1 X-2.0176 Y-1.1284
N33445 G2 X-2.03 Y-1.0809 I0.1613 J0.0674
N33450 X-2.0374 Y-1.0017 I0.3611 J0.0738
N33455 G1 Y1.0017
N33460 X-2.0373 Y1.0254
N33465 X-2.0367 Y1.0334
N33470 X-2.0358 Y1.0413
N33475 X-2.0335 Y1.0761
N33480 X-2.0288 Y1.1107
N33485 X-2.019 Y1.1441
N33490 X-2.003 Y1.1751
N33495 X-1.9816 Y1.2027
N33500 G2 X-1.948 Y1.2326 I1.5905 J-1.7525
N33505 G3 X-1.9491 Y1.266 Z-0.3071 I-0.0173 J0.0161
N33510 X-1.9867 Y1.2586 I-0.0161 J-0.0172
N33515 G1 X-2.0806 Y1.0547
N33520 G3 X-2.0627 Y1.0214 I0.0215 J-0.0099
N33525 X-2.0358 Y1.0413 Z-0.315 I0.0035 J0.0234
N33530 G2 X-2.0257 Y1.1046 I0.8476 J-0.1029
N33535 G1 X-2.0204 Y1.1213
N33540 G2 X-1.9847 Y1.1918 I0.6115 J-0.2659
N33545 X-1.957 Y1.2235 I0.1524 J-0.1053
N33550 G1 X-1.9333 Y1.2473
N33555 G2 X-1.8936 Y1.2756 I0.1059 J-0.1061
N33560 G1 X-1.8699 Y1.2877
N33565 G2 X-1.7986 Y1.3116 I0.0942 J-0.1628
N33570 G1 X-1.7748 Y1.3154
N33575 X-1.751 Y1.3185
N33580 X-1.7431 Y1.3187
N33585 X-1.7273 Y1.3189
N33590 X-1.5926
N33595 X1.7193
N33600 G2 X1.759 Y1.3176 I0.0098 J-0.3085
N33605 G1 X1.7937 Y1.3147
N33610 X1.8283 Y1.3103
N33615 X1.8619 Y1.3007
N33620 X1.893 Y1.2851
N33625 X1.9207 Y1.2638
N33630 X1.9443 Y1.2381
N33635 X1.9469 Y1.2345
N33640 X1.9497 Y1.2311
N33645 X1.9528 Y1.2278
N33650 G3 X1.9861 Y1.2289 Z-0.3071 I0.0161 J0.0173
N33655 X1.9788 Y1.2665 I-0.0172 J0.0161
N33660 G1 X1.7728 Y1.3622
N33665 G3 X1.7395 Y1.3446 I-0.01 J-0.0214
N33670 X1.759 Y1.3175 Z-0.315 I0.0233 J-0.0038
N33675 G2 X1.8303 Y1.3052 I-0.0658 J-0.5934
N33680 G1 X1.8461 Y1.2994
N33685 G2 X1.9148 Y1.2633 I-0.2678 J-0.5932
N33690 X1.9791 Y1.1997 I-0.3502 J-0.4184
N33695 X2.0058 Y1.1521 I-0.2427 J-0.1676
N33700 G1 X2.0176 Y1.1284
N33705 G2 X2.03 Y1.0809 I-0.1613 J-0.0674
N33710 X2.0374 Y1.0017 I-0.3611 J-0.0738
N33715 G1 Y-1.0017
N33720 X2.0373 Y-1.0254
N33725 X2.0367 Y-1.0334
N33730 X2.0358 Y-1.0413
N33735 X2.0335 Y-1.0761
N33740 X2.0288 Y-1.1107
N33745 X2.019 Y-1.1441
N33750 X2.0031 Y-1.1752
N33755 X1.9816 Y-1.2027
N33760 G2 X1.9474 Y-1.2332 I-1.657 J1.8271
N33765 G3 X1.9485 Y-1.2665 Z-0.3071 I0.0173 J-0.0161
N33770 X1.9861 Y-1.2592 I0.0161 J0.0172
N33775 G1 X2.0806 Y-1.0547
N33780 G3 X2.0627 Y-1.0214 I-0.0214 J0.0099
N33785 X2.0358 Y-1.0413 Z-0.315 I-0.0035 J-0.0234
N33790 G2 X2.0257 Y-1.1046 I-0.8476 J0.1029
N33795 G1 X2.0204 Y-1.1213
N33800 G2 X1.9847 Y-1.1918 I-0.6115 J0.2659
N33805 X1.957 Y-1.2235 I-0.1524 J0.1053
N33810 G1 X1.9333 Y-1.2473
N33815 G2 X1.8936 Y-1.2756 I-0.1059 J0.1061
N33820 G1 X1.8699 Y-1.2877
N33825 G2 X1.7986 Y-1.3116 I-0.0942 J0.1628
N33830 G1 X1.7748 Y-1.3154
N33835 X1.751 Y-1.3185
N33840 X1.7431 Y-1.3187
N33845 X1.7273 Y-1.3189
N33850 X1.5926
N33855 X-1.7193
N33860 G2 X-1.7986 Y-1.3116 I-0.0086 J0.3389
N33865 X-1.8718 Y-1.2867 I0.0229 J0.1874
N33870 X-1.9175 Y-1.2611 I0.1131 J0.2556
N33875 X-1.9791 Y-1.1997 I0.3656 J0.4287
N33880 X-2.0056 Y-1.1526 I0.2432 J0.1677
N33885 G1 X-2.0076 Y-1.1496
N33890 X-2.0101 Y-1.1469
N33895 X-2.0125 Y-1.1453 Z-0.3148
N33900 X-2.0149 Y-1.1437 Z-0.3142
N33905 X-2.0173 Y-1.1422 Z-0.3133
N33910 X-2.0203 Y-1.1416 Z-0.3118
N33915 X-2.0231 Y-1.141 Z-0.3099
N33920 X-2.0256 Y-1.1404 Z-0.3076
N33925 X-2.0263 Z-0.3068
N33930 X-2.0283 Y-1.1407 Z-0.3041
N33935 X-2.0299 Y-1.1409 Z-0.3012
N33940 X-2.0311 Y-1.141 Z-0.298
N33945 X-2.0318 Y-1.1411 Z-0.2947
N33950 X-2.032 Z-0.2914
N33955 Z0.1969
N33960 X-2.115 Y-1.6278
N33965 Z-0.3701
N33970 Z-0.4724
N33975 G3 X-2.0965 Y-1.4992 I-0.5842 J0.1496
N33980 G1 Y-1.4934
N33985 X-2.1174 Y-1.4655
N33990 X-2.133 Y-1.4343
N33995 X-2.1443 Y-1.4013
N34000 X-2.1521 Y-1.3673
N34005 G2 X-2.1646 Y-1.2284 I0.9193 J0.1527
N34010 X-2.1671 Y-0.9842 I7.5854 J0.1998
N34015 G1 X-2.1673 Y-0.8447
N34020 Y0.481
N34025 Y1.2921
N34030 X-2.1664 Y1.3008
N34035 X-2.163 Y1.3179
N34040 X-2.1496 Y1.3501
N34045 X-2.1274 Y1.377
N34050 X-2.0996 Y1.3982
N34055 X-2.0685 Y1.414
N34060 X-2.0356 Y1.4254
N34065 X-2.0016 Y1.4334
N34070 G2 X-1.8628 Y1.4461 I0.1528 J-0.9054
N34075 X-1.6186 Y1.4486 I0.1998 J-7.4598
N34080 G1 X-1.479 Y1.4488
N34085 X-1.0604
N34090 X0.9281
N34095 X2.0096
N34100 X2.027 Y1.4471
N34105 X2.0603 Y1.4368
N34110 X2.0888 Y1.4166
N34115 X2.1115 Y1.3901
N34120 X2.1287 Y1.3598
N34125 X2.1412 Y1.3272
N34130 X2.15 Y1.2935
N34135 G2 X2.1642 Y1.1548 I-0.8126 J-0.1533
N34140 X2.1671 Y0.8757 I-7.6842 J-0.2184
N34145 G1 X2.1673 Y0.7013
N34150 Y0.6315
N34155 Y-1.2872
N34160 X2.1669 Y-1.296
N34165 X2.1642 Y-1.3132
N34170 X2.1524 Y-1.346
N34175 X2.1312 Y-1.3737
N34180 X2.104 Y-1.3956
N34185 X2.0733 Y-1.4121
N34190 X2.0405 Y-1.4241
N34195 X2.0066 Y-1.4325
N34200 G2 X1.8679 Y-1.4459 I-0.153 J0.8574
N34205 X1.5191 Y-1.4488 I-0.2663 J11.0841
N34210 G1 X0.7167
N34215 X0.1934
N34220 X-1.7952
N34225 X-1.9347
N34230 X-1.9696 Y-1.4482
N34235 X-2.0025 Y-1.4366
N34240 X-2.0311 Y-1.4165
N34245 X-2.0545 Y-1.3907
N34250 X-2.0729 Y-1.3611
N34255 X-2.0869 Y-1.3291
N34260 X-2.0971 Y-1.2958
N34265 G2 X-2.1153 Y-1.1576 I0.6997 J0.1623
N34270 X-2.1196 Y-0.9135 I4.652 J0.205
N34275 G1 X-2.12 Y-0.8437
N34280 X-2.1201 Y-0.7042
N34285 Y0.3076
N34290 Y1.2146
N34295 X-2.115 Y1.2491
N34300 X-2.1014 Y1.2812
N34305 X-2.0807 Y1.3093
N34310 X-2.0547 Y1.3327
N34315 X-2.0252 Y1.3513
N34320 X-1.9934 Y1.3656
N34325 X-1.9602 Y1.3763
N34330 G2 X-1.8223 Y1.396 I0.1664 J-0.6713
N34335 X-1.5782 Y1.4011 I0.2073 J-4.1335
N34340 G1 X-1.5084 Y1.4014
N34345 X-1.4038 Y1.4015
N34350 X-1.1247 Y1.4016
N34355 X0.8639
N34360 X1.9105
N34365 X1.9454 Y1.4014
N34370 X1.9793 Y1.3933
N34375 X2.0101 Y1.3771
N34380 X2.0366 Y1.3543
N34385 X2.0583 Y1.327
N34390 X2.0753 Y1.2966
N34395 X2.0883 Y1.2642
N34400 X2.0979 Y1.2306
N34405 G2 X2.1153 Y1.0923 I-0.7576 J-0.1654
N34410 X2.1196 Y0.8482 I-4.7432 J-0.207
N34415 G1 X2.12 Y0.7784
N34420 X2.1201 Y0.6389
N34425 Y0.5691
N34430 Y-1.2101
N34435 X2.1162 Y-1.2448
N34440 X2.1036 Y-1.2773
N34445 X2.0837 Y-1.306
N34450 X2.0584 Y-1.3299
N34455 X2.0293 Y-1.3492
N34460 X1.9977 Y-1.364
N34465 X1.9646 Y-1.3751
N34470 G2 X1.8269 Y-1.3958 I-0.1668 J0.6437
N34475 X1.5828 Y-1.401 I-0.2074 J3.9371
N34480 G1 X1.513 Y-1.4014
N34485 X1.4083 Y-1.4015
N34490 X0.9548 Y-1.4016
N34495 X0.0128
N34500 X-1.871
N34505 X-1.9057 Y-1.398
N34510 X-1.9386 Y-1.3863
N34515 X-1.9679 Y-1.3675
N34520 X-1.9929 Y-1.3431
N34525 X-2.0132 Y-1.3147
N34530 X-2.0293 Y-1.2838
N34535 X-2.0416 Y-1.2511
N34540 G2 X-2.0654 Y-1.1139 I0.5861 J0.1724
N34545 X-2.0721 Y-0.8698 I3.246 J0.2119
N34550 G1 X-2.0725 Y-0.835
N34555 X-2.0727 Y-0.7652
N34560 X-2.0728 Y-0.6605
N34565 Y-0.2419
N34570 Y0.5954
N34575 Y1.1187
N34580 X-2.0725 Y1.1536
N34585 X-2.0666 Y1.188
N34590 X-2.0535 Y1.2203
N34595 X-2.0338 Y1.2491
N34600 X-2.0089 Y1.2736
N34605 X-1.9804 Y1.2937
N34610 X-1.9494 Y1.3097
N34615 X-1.9168 Y1.322
N34620 G2 X-1.7797 Y1.3463 I0.1754 J-0.5888
N34625 X-1.5356 Y1.3536 I0.214 J-3.1062
N34630 G1 X-1.5007 Y1.354
N34635 X-1.431 Y1.3542
N34640 X-1.3263 Y1.3543
N34645 X-0.9774
N34650 X-0.7332
N34655 X1.2553
N34660 X1.8484
N34665 X1.8833 Y1.3531
N34670 X1.9172 Y1.3451
N34675 X1.9485 Y1.3297
N34680 X1.976 Y1.3082
N34685 X1.9991 Y1.2821
N34690 X2.0178 Y1.2527
N34695 X2.0326 Y1.221
N34700 X2.0438 Y1.188
N34705 G2 X2.0658 Y1.0504 I-0.6498 J-0.1743
N34710 X2.0721 Y0.8064 I-3.4906 J-0.2135
N34715 G1 X2.0725 Y0.7715
N34720 X2.0727 Y0.7017
N34725 X2.0728 Y0.5971
N34730 Y0.1784
N34735 Y0.0738
N34740 Y-1.1124
N34745 X2.0727 Y-1.1473
N34750 X2.0682 Y-1.1819
N34755 X2.0564 Y-1.2147
N34760 X2.0378 Y-1.2442
N34765 X2.0138 Y-1.2695
N34770 X1.9858 Y-1.2904
N34775 X1.9552 Y-1.3071
N34780 X1.9228 Y-1.32
N34785 X1.8893 Y-1.3298
N34790 G2 X1.7512 Y-1.3484 I-0.1727 J0.7562
N34795 X1.4722 Y-1.3538 I-0.2309 J4.7489
N34800 G1 X1.4024 Y-1.3542
N34805 X1.2628 Y-1.3543
N34810 X-0.5861
N34815 X-1.7723
N34820 X-1.8072
N34825 X-1.8419 Y-1.3508
N34830 X-1.8752 Y-1.3404
N34835 X-1.9055 Y-1.3232
N34840 X-1.932 Y-1.3004
N34845 X-1.9541 Y-1.2735
N34850 X-1.9721 Y-1.2435
N34855 X-1.9862 Y-1.2116
N34860 X-1.997 Y-1.1784
N34865 G3 X-2.0056 Y-1.1526 I-0.0973 J-0.0182
N34870 G1 X-2.0176 Y-1.1284
N34875 G2 X-2.03 Y-1.0809 I0.1613 J0.0674
N34880 X-2.0374 Y-1.0017 I0.3611 J0.0738
N34885 G1 Y1.0017
N34890 X-2.0373 Y1.0254
N34895 X-2.0367 Y1.0334
N34900 X-2.0358 Y1.0413
N34905 X-2.0335 Y1.0761
N34910 X-2.0288 Y1.1107
N34915 X-2.019 Y1.1441
N34920 X-2.003 Y1.1751
N34925 X-1.9816 Y1.2027
N34930 G2 X-1.948 Y1.2326 I1.5905 J-1.7525
N34935 G3 X-1.9491 Y1.266 Z-0.4646 I-0.0173 J0.0161
N34940 X-1.9867 Y1.2586 I-0.0161 J-0.0172
N34945 G1 X-2.0806 Y1.0547
N34950 G3 X-2.0627 Y1.0214 I0.0215 J-0.0099
N34955 X-2.0358 Y1.0413 Z-0.4724 I0.0035 J0.0234
N34960 G2 X-2.0257 Y1.1046 I0.8476 J-0.1029
N34965 G1 X-2.0204 Y1.1213
N34970 G2 X-1.9847 Y1.1918 I0.6115 J-0.2659
N34975 X-1.957 Y1.2235 I0.1524 J-0.1053
N34980 G1 X-1.9333 Y1.2473
N34985 G2 X-1.8936 Y1.2756 I0.1059 J-0.1061
N34990 G1 X-1.8699 Y1.2877
N34995 G2 X-1.7986 Y1.3116 I0.0942 J-0.1628
N35000 G1 X-1.7748 Y1.3154
N35005 X-1.751 Y1.3185
N35010 X-1.7431 Y1.3187
N35015 X-1.7273 Y1.3189
N35020 X-1.5926
N35025 X1.7193
N35030 G2 X1.759 Y1.3176 I0.0098 J-0.3085
N35035 G1 X1.7937 Y1.3147
N35040 X1.8283 Y1.3103
N35045 X1.8619 Y1.3007
N35050 X1.893 Y1.2851
N35055 X1.9207 Y1.2638
N35060 X1.9443 Y1.2381
N35065 X1.9469 Y1.2345
N35070 X1.9497 Y1.2311
N35075 X1.9528 Y1.2278
N35080 G3 X1.9861 Y1.2289 Z-0.4646 I0.0161 J0.0173
N35085 X1.9788 Y1.2665 I-0.0172 J0.0161
N35090 G1 X1.7728 Y1.3622
N35095 G3 X1.7395 Y1.3446 I-0.01 J-0.0214
N35100 X1.759 Y1.3175 Z-0.4724 I0.0233 J-0.0038
N35105 G2 X1.8303 Y1.3052 I-0.0658 J-0.5934
N35110 G1 X1.8461 Y1.2994
N35115 G2 X1.9148 Y1.2633 I-0.2678 J-0.5932
N35120 X1.9791 Y1.1997 I-0.3502 J-0.4184
N35125 X2.0058 Y1.1521 I-0.2427 J-0.1676
N35130 G1 X2.0176 Y1.1284
N35135 G2 X2.03 Y1.0809 I-0.1613 J-0.0674
N35140 X2.0374 Y1.0017 I-0.3611 J-0.0738
N35145 G1 Y-1.0017
N35150 X2.0373 Y-1.0254
N35155 X2.0367 Y-1.0334
N35160 X2.0358 Y-1.0413
N35165 X2.0335 Y-1.0761
N35170 X2.0288 Y-1.1107
N35175 X2.019 Y-1.1441
N35180 X2.0031 Y-1.1752
N35185 X1.9816 Y-1.2027
N35190 G2 X1.9474 Y-1.2332 I-1.657 J1.8271
N35195 G3 X1.9485 Y-1.2665 Z-0.4646 I0.0173 J-0.0161
N35200 X1.9861 Y-1.2592 I0.0161 J0.0172
N35205 G1 X2.0806 Y-1.0547
N35210 G3 X2.0627 Y-1.0214 I-0.0214 J0.0099
N35215 X2.0358 Y-1.0413 Z-0.4724 I-0.0035 J-0.0234
N35220 G2 X2.0257 Y-1.1046 I-0.8476 J0.1029
N35225 G1 X2.0204 Y-1.1213
N35230 G2 X1.9847 Y-1.1918 I-0.6115 J0.2659
N35235 X1.957 Y-1.2235 I-0.1524 J0.1053
N35240 G1 X1.9333 Y-1.2473
N35245 G2 X1.8936 Y-1.2756 I-0.1059 J0.1061
N35250 G1 X1.8699 Y-1.2877
N35255 G2 X1.7986 Y-1.3116 I-0.0942 J0.1628
N35260 G1 X1.7748 Y-1.3154
N35265 X1.751 Y-1.3185
N35270 X1.7431 Y-1.3187
N35275 X1.7273 Y-1.3189
N35280 X1.5926
N35285 X-1.7193
N35290 G2 X-1.7986 Y-1.3116 I-0.0086 J0.3389
N35295 X-1.8718 Y-1.2867 I0.0229 J0.1874
N35300 X-1.9175 Y-1.2611 I0.1131 J0.2556
N35305 X-1.9791 Y-1.1997 I0.3656 J0.4287
N35310 X-2.0056 Y-1.1526 I0.2432 J0.1677
N35315 G1 X-2.0076 Y-1.1496
N35320 X-2.0101 Y-1.1469
N35325 X-2.0125 Y-1.1453 Z-0.4723
N35330 X-2.0149 Y-1.1437 Z-0.4717
N35335 X-2.0173 Y-1.1422 Z-0.4708
N35340 X-2.0203 Y-1.1416 Z-0.4693
N35345 X-2.0231 Y-1.141 Z-0.4674
N35350 X-2.0256 Y-1.1404 Z-0.465
N35355 X-2.0263 Z-0.4643
N35360 X-2.0283 Y-1.1407 Z-0.4616
N35365 X-2.0299 Y-1.1409 Z-0.4586
N35370 X-2.0311 Y-1.141 Z-0.4555
N35375 X-2.0318 Y-1.1411 Z-0.4522
N35380 X-2.032 Z-0.4488
N35385 Z0.1969
N35390 X-2.115 Y-1.6278
N35395 Z-0.5276
N35400 Z-0.6299
N35405 G3 X-2.0965 Y-1.4992 I-0.5842 J0.1496
N35410 G1 Y-1.4934
N35415 X-2.1174 Y-1.4655
N35420 X-2.133 Y-1.4343
N35425 X-2.1443 Y-1.4013
N35430 X-2.1521 Y-1.3673
N35435 G2 X-2.1646 Y-1.2284 I0.9193 J0.1527
N35440 X-2.1671 Y-0.9842 I7.5854 J0.1998
N35445 G1 X-2.1673 Y-0.8447
N35450 Y0.481
N35455 Y1.2921
N35460 X-2.1664 Y1.3008
N35465 X-2.163 Y1.3179
N35470 X-2.1496 Y1.3501
N35475 X-2.1274 Y1.377
N35480 X-2.0996 Y1.3982
N35485 X-2.0685 Y1.414
N35490 X-2.0356 Y1.4254
N35495 X-2.0016 Y1.4334
N35500 G2 X-1.8628 Y1.4461 I0.1528 J-0.9054
N35505 X-1.6186 Y1.4486 I0.1998 J-7.4598
N35510 G1 X-1.479 Y1.4488
N35515 X-1.0604
N35520 X0.9281
N35525 X2.0096
N35530 X2.027 Y1.4471
N35535 X2.0603 Y1.4368
N35540 X2.0888 Y1.4166
N35545 X2.1115 Y1.3901
N35550 X2.1287 Y1.3598
N35555 X2.1412 Y1.3272
N35560 X2.15 Y1.2935
N35565 G2 X2.1642 Y1.1548 I-0.8126 J-0.1533
N35570 X2.1671 Y0.8757 I-7.6842 J-0.2184
N35575 G1 X2.1673 Y0.7013
N35580 Y0.6315
N35585 Y-1.2872
N35590 X2.1669 Y-1.296
N35595 X2.1642 Y-1.3132
N35600 X2.1524 Y-1.346
N35605 X2.1312 Y-1.3737
N35610 X2.104 Y-1.3956
N35615 X2.0733 Y-1.4121
N35620 X2.0405 Y-1.4241
N35625 X2.0066 Y-1.4325
N35630 G2 X1.8679 Y-1.4459 I-0.153 J0.8574
N35635 X1.5191 Y-1.4488 I-0.2663 J11.0841
N35640 G1 X0.7167
N35645 X0.1934
N35650 X-1.7952
N35655 X-1.9347
N35660 X-1.9696 Y-1.4482
N35665 X-2.0025 Y-1.4366
N35670 X-2.0311 Y-1.4165
N35675 X-2.0545 Y-1.3907
N35680 X-2.0729 Y-1.3611
N35685 X-2.0869 Y-1.3291
N35690 X-2.0971 Y-1.2958
N35695 G2 X-2.1153 Y-1.1576 I0.6997 J0.1623
N35700 X-2.1196 Y-0.9135 I4.652 J0.205
N35705 G1 X-2.12 Y-0.8437
N35710 X-2.1201 Y-0.7042
N35715 Y0.3076
N35720 Y1.2146
N35725 X-2.115 Y1.2491
N35730 X-2.1014 Y1.2812
N35735 X-2.0807 Y1.3093
N35740 X-2.0547 Y1.3327
N35745 X-2.0252 Y1.3513
N35750 X-1.9934 Y1.3656
N35755 X-1.9602 Y1.3763
N35760 G2 X-1.8223 Y1.396 I0.1664 J-0.6713
N35765 X-1.5782 Y1.4011 I0.2073 J-4.1335
N35770 G1 X-1.5084 Y1.4014
N35775 X-1.4038 Y1.4015
N35780 X-1.1247 Y1.4016
N35785 X0.8639
N35790 X1.9105
N35795 X1.9454 Y1.4014
N35800 X1.9793 Y1.3933
N35805 X2.0101 Y1.3771
N35810 X2.0366 Y1.3543
N35815 X2.0583 Y1.327
N35820 X2.0753 Y1.2966
N35825 X2.0883 Y1.2642
N35830 X2.0979 Y1.2306
N35835 G2 X2.1153 Y1.0923 I-0.7576 J-0.1654
N35840 X2.1196 Y0.8482 I-4.7432 J-0.207
N35845 G1 X2.12 Y0.7784
N35850 X2.1201 Y0.6389
N35855 Y0.5691
N35860 Y-1.2101
N35865 X2.1162 Y-1.2448
N35870 X2.1036 Y-1.2773
N35875 X2.0837 Y-1.306
N35880 X2.0584 Y-1.3299
N35885 X2.0293 Y-1.3492
N35890 X1.9977 Y-1.364
N35895 X1.9646 Y-1.3751
N35900 G2 X1.8269 Y-1.3958 I-0.1668 J0.6437
N35905 X1.5828 Y-1.401 I-0.2074 J3.9371
N35910 G1 X1.513 Y-1.4014
N35915 X1.4083 Y-1.4015
N35920 X0.9548 Y-1.4016
N35925 X0.0128
N35930 X-1.871
N35935 X-1.9057 Y-1.398
N35940 X-1.9386 Y-1.3863
N35945 X-1.9679 Y-1.3675
N35950 X-1.9929 Y-1.3431
N35955 X-2.0132 Y-1.3147
N35960 X-2.0293 Y-1.2838
N35965 X-2.0416 Y-1.2511
N35970 G2 X-2.0654 Y-1.1139 I0.5861 J0.1724
N35975 X-2.0721 Y-0.8698 I3.246 J0.2119
N35980 G1 X-2.0725 Y-0.835
N35985 X-2.0727 Y-0.7652
N35990 X-2.0728 Y-0.6605
N35995 Y-0.2419
N36000 Y0.5954
N36005 Y1.1187
N36010 X-2.0725 Y1.1536
N36015 X-2.0666 Y1.188
N36020 X-2.0535 Y1.2203
N36025 X-2.0338 Y1.2491
N36030 X-2.0089 Y1.2736
N36035 X-1.9804 Y1.2937
N36040 X-1.9494 Y1.3097
N36045 X-1.9168 Y1.322
N36050 G2 X-1.7797 Y1.3463 I0.1754 J-0.5888
N36055 X-1.5356 Y1.3536 I0.214 J-3.1062
N36060 G1 X-1.5007 Y1.354
N36065 X-1.431 Y1.3542
N36070 X-1.3263 Y1.3543
N36075 X-0.9774
N36080 X-0.7332
N36085 X1.2553
N36090 X1.8484
N36095 X1.8833 Y1.3531
N36100 X1.9172 Y1.3451
N36105 X1.9485 Y1.3297
N36110 X1.976 Y1.3082
N36115 X1.9991 Y1.2821
N36120 X2.0178 Y1.2527
N36125 X2.0326 Y1.221
N36130 X2.0438 Y1.188
N36135 G2 X2.0658 Y1.0504 I-0.6498 J-0.1743
N36140 X2.0721 Y0.8064 I-3.4906 J-0.2135
N36145 G1 X2.0725 Y0.7715
N36150 X2.0727 Y0.7017
N36155 X2.0728 Y0.5971
N36160 Y0.1784
N36165 Y0.0738
N36170 Y-1.1124
N36175 X2.0727 Y-1.1473
N36180 X2.0682 Y-1.1819
N36185 X2.0564 Y-1.2147
N36190 X2.0378 Y-1.2442
N36195 X2.0138 Y-1.2695
N36200 X1.9858 Y-1.2904
N36205 X1.9552 Y-1.3071
N36210 X1.9228 Y-1.32
N36215 X1.8893 Y-1.3298
N36220 G2 X1.7512 Y-1.3484 I-0.1727 J0.7562
N36225 X1.4722 Y-1.3538 I-0.2309 J4.7489
N36230 G1 X1.4024 Y-1.3542
N36235 X1.2628 Y-1.3543
N36240 X-0.5861
N36245 X-1.7723
N36250 X-1.8072
N36255 X-1.8419 Y-1.3508
N36260 X-1.8752 Y-1.3404
N36265 X-1.9055 Y-1.3232
N36270 X-1.932 Y-1.3004
N36275 X-1.9541 Y-1.2735
N36280 X-1.9721 Y-1.2435
N36285 X-1.9862 Y-1.2116
N36290 X-1.997 Y-1.1784
N36295 G3 X-2.0056 Y-1.1526 I-0.0973 J-0.0182
N36300 G1 X-2.0176 Y-1.1284
N36305 G2 X-2.03 Y-1.0809 I0.1613 J0.0674
N36310 X-2.0374 Y-1.0017 I0.3611 J0.0738
N36315 G1 Y1.0017
N36320 X-2.0373 Y1.0254
N36325 X-2.0367 Y1.0334
N36330 X-2.0358 Y1.0413
N36335 X-2.0335 Y1.0761
N36340 X-2.0288 Y1.1107
N36345 X-2.019 Y1.1441
N36350 X-2.003 Y1.1751
N36355 X-1.9816 Y1.2027
N36360 G2 X-1.948 Y1.2326 I1.5905 J-1.7525
N36365 G3 X-1.9491 Y1.266 Z-0.622 I-0.0173 J0.0161
N36370 X-1.9867 Y1.2586 I-0.0161 J-0.0172
N36375 G1 X-2.0806 Y1.0547
N36380 G3 X-2.0627 Y1.0214 I0.0215 J-0.0099
N36385 X-2.0358 Y1.0413 Z-0.6299 I0.0035 J0.0234
N36390 G2 X-2.0257 Y1.1046 I0.8476 J-0.1029
N36395 G1 X-2.0204 Y1.1213
N36400 G2 X-1.9847 Y1.1918 I0.6115 J-0.2659
N36405 X-1.957 Y1.2235 I0.1524 J-0.1053
N36410 G1 X-1.9333 Y1.2473
N36415 G2 X-1.8936 Y1.2756 I0.1059 J-0.1061
N36420 G1 X-1.8699 Y1.2877
N36425 G2 X-1.7986 Y1.3116 I0.0942 J-0.1628
N36430 G1 X-1.7748 Y1.3154
N36435 X-1.751 Y1.3185
N36440 X-1.7431 Y1.3187
N36445 X-1.7273 Y1.3189
N36450 X-1.5926
N36455 X1.7193
N36460 G2 X1.759 Y1.3176 I0.0098 J-0.3085
N36465 G1 X1.7937 Y1.3147
N36470 X1.8283 Y1.3103
N36475 X1.8619 Y1.3007
N36480 X1.893 Y1.2851
N36485 X1.9207 Y1.2638
N36490 X1.9443 Y1.2381
N36495 X1.9469 Y1.2345
N36500 X1.9497 Y1.2311
N36505 X1.9528 Y1.2278
N36510 G3 X1.9861 Y1.2289 Z-0.622 I0.0161 J0.0173
N36515 X1.9788 Y1.2665 I-0.0172 J0.0161
N36520 G1 X1.7728 Y1.3622
N36525 G3 X1.7395 Y1.3446 I-0.01 J-0.0214
N36530 X1.759 Y1.3175 Z-0.6299 I0.0233 J-0.0038
N36535 G2 X1.8303 Y1.3052 I-0.0658 J-0.5934
N36540 G1 X1.8461 Y1.2994
N36545 G2 X1.9148 Y1.2633 I-0.2678 J-0.5932
N36550 X1.9791 Y1.1997 I-0.3502 J-0.4184
N36555 X2.0058 Y1.1521 I-0.2427 J-0.1676
N36560 G1 X2.0176 Y1.1284
N36565 G2 X2.03 Y1.0809 I-0.1613 J-0.0674
N36570 X2.0374 Y1.0017 I-0.3611 J-0.0738
N36575 G1 Y-1.0017
N36580 X2.0373 Y-1.0254
N36585 X2.0367 Y-1.0334
N36590 X2.0358 Y-1.0413
N36595 X2.0335 Y-1.0761
N36600 X2.0288 Y-1.1107
N36605 X2.019 Y-1.1441
N36610 X2.0031 Y-1.1752
N36615 X1.9816 Y-1.2027
N36620 G2 X1.9474 Y-1.2332 I-1.657 J1.8271
N36625 G3 X1.9485 Y-1.2665 Z-0.622 I0.0173 J-0.0161
N36630 X1.9861 Y-1.2592 I0.0161 J0.0172
N36635 G1 X2.0806 Y-1.0547
N36640 G3 X2.0627 Y-1.0214 I-0.0214 J0.0099
N36645 X2.0358 Y-1.0413 Z-0.6299 I-0.0035 J-0.0234
N36650 G2 X2.0257 Y-1.1046 I-0.8476 J0.1029
N36655 G1 X2.0204 Y-1.1213
N36660 G2 X1.9847 Y-1.1918 I-0.6115 J0.2659
N36665 X1.957 Y-1.2235 I-0.1524 J0.1053
N36670 G1 X1.9333 Y-1.2473
N36675 G2 X1.8936 Y-1.2756 I-0.1059 J0.1061
N36680 G1 X1.8699 Y-1.2877
N36685 G2 X1.7986 Y-1.3116 I-0.0942 J0.1628
N36690 G1 X1.7748 Y-1.3154
N36695 X1.751 Y-1.3185
N36700 X1.7431 Y-1.3187
N36705 X1.7273 Y-1.3189
N36710 X1.5926
N36715 X-1.7193
N36720 G2 X-1.7986 Y-1.3116 I-0.0086 J0.3389
N36725 X-1.8718 Y-1.2867 I0.0229 J0.1874
N36730 X-1.9175 Y-1.2611 I0.1131 J0.2556
N36735 X-1.9791 Y-1.1997 I0.3656 J0.4287
N36740 X-2.0056 Y-1.1526 I0.2432 J0.1677
N36745 G1 X-2.0076 Y-1.1496
N36750 X-2.0101 Y-1.1469
N36755 X-2.0125 Y-1.1453 Z-0.6297
N36760 X-2.0149 Y-1.1437 Z-0.6292
N36765 X-2.0173 Y-1.1422 Z-0.6283
N36770 X-2.0203 Y-1.1416 Z-0.6268
N36775 X-2.0231 Y-1.141 Z-0.6249
N36780 X-2.0256 Y-1.1404 Z-0.6225
N36785 X-2.0263 Z-0.6218
N36790 X-2.0283 Y-1.1407 Z-0.6191
N36795 X-2.0299 Y-1.1409 Z-0.6161
N36800 X-2.0311 Y-1.141 Z-0.613
N36805 X-2.0318 Y-1.1411 Z-0.6097
N36810 X-2.032 Z-0.6063
N36815 Z0.1969
N36820 X-2.115 Y-1.6278
N36825 Z-0.685
N36830 Z-0.7874
N36835 G3 X-2.0965 Y-1.4992 I-0.5842 J0.1496
N36840 G1 Y-1.4934
N36845 X-2.1174 Y-1.4655
N36850 X-2.133 Y-1.4343
N36855 X-2.1443 Y-1.4013
N36860 X-2.1521 Y-1.3673
N36865 G2 X-2.1646 Y-1.2284 I0.9193 J0.1527
N36870 X-2.1671 Y-0.9842 I7.5854 J0.1998
N36875 G1 X-2.1673 Y-0.8447
N36880 Y0.481
N36885 Y1.2921
N36890 X-2.1664 Y1.3008
N36895 X-2.163 Y1.3179
N36900 X-2.1496 Y1.3501
N36905 X-2.1274 Y1.377
N36910 X-2.0996 Y1.3982
N36915 X-2.0685 Y1.414
N36920 X-2.0356 Y1.4254
N36925 X-2.0016 Y1.4334
N36930 G2 X-1.8628 Y1.4461 I0.1528 J-0.9054
N36935 X-1.6186 Y1.4486 I0.1998 J-7.4598
N36940 G1 X-1.479 Y1.4488
N36945 X-1.0604
N36950 X0.9281
N36955 X2.0096
N36960 X2.027 Y1.4471
N36965 X2.0603 Y1.4368
N36970 X2.0888 Y1.4166
N36975 X2.1115 Y1.3901
N36980 X2.1287 Y1.3598
N36985 X2.1412 Y1.3272
N36990 X2.15 Y1.2935
N36995 G2 X2.1642 Y1.1548 I-0.8126 J-0.1533
N37000 X2.1671 Y0.8757 I-7.6842 J-0.2184
N37005 G1 X2.1673 Y0.7013
N37010 Y0.6315
N37015 Y-1.2872
N37020 X2.1669 Y-1.296
N37025 X2.1642 Y-1.3132
N37030 X2.1524 Y-1.346
N37035 X2.1312 Y-1.3737
N37040 X2.104 Y-1.3956
N37045 X2.0733 Y-1.4121
N37050 X2.0405 Y-1.4241
N37055 X2.0066 Y-1.4325
N37060 G2 X1.8679 Y-1.4459 I-0.153 J0.8574
N37065 X1.5191 Y-1.4488 I-0.2663 J11.0841
N37070 G1 X0.7167
N37075 X0.1934
N37080 X-1.7952
N37085 X-1.9347
N37090 X-1.9696 Y-1.4482
N37095 X-2.0025 Y-1.4366
N37100 X-2.0311 Y-1.4165
N37105 X-2.0545 Y-1.3907
N37110 X-2.0729 Y-1.3611
N37115 X-2.0869 Y-1.3291
N37120 X-2.0971 Y-1.2958
N37125 G2 X-2.1153 Y-1.1576 I0.6997 J0.1623
N37130 X-2.1196 Y-0.9135 I4.652 J0.205
N37135 G1 X-2.12 Y-0.8437
N37140 X-2.1201 Y-0.7042
N37145 Y0.3076
N37150 Y1.2146
N37155 X-2.115 Y1.2491
N37160 X-2.1014 Y1.2812
N37165 X-2.0807 Y1.3093
N37170 X-2.0547 Y1.3327
N37175 X-2.0252 Y1.3513
N37180 X-1.9934 Y1.3656
N37185 X-1.9602 Y1.3763
N37190 G2 X-1.8223 Y1.396 I0.1664 J-0.6713
N37195 X-1.5782 Y1.4011 I0.2073 J-4.1335
N37200 G1 X-1.5084 Y1.4014
N37205 X-1.4038 Y1.4015
N37210 X-1.1247 Y1.4016
N37215 X0.8639
N37220 X1.9105
N37225 X1.9454 Y1.4014
N37230 X1.9793 Y1.3933
N37235 X2.0101 Y1.3771
N37240 X2.0366 Y1.3543
N37245 X2.0583 Y1.327
N37250 X2.0753 Y1.2966
N37255 X2.0883 Y1.2642
N37260 X2.0979 Y1.2306
N37265 G2 X2.1153 Y1.0923 I-0.7576 J-0.1654
N37270 X2.1196 Y0.8482 I-4.7432 J-0.207
N37275 G1 X2.12 Y0.7784
N37280 X2.1201 Y0.6389
N37285 Y0.5691
N37290 Y-1.2101
N37295 X2.1162 Y-1.2448
N37300 X2.1036 Y-1.2773
N37305 X2.0837 Y-1.306
N37310 X2.0584 Y-1.3299
N37315 X2.0293 Y-1.3492
N37320 X1.9977 Y-1.364
N37325 X1.9646 Y-1.3751
N37330 G2 X1.8269 Y-1.3958 I-0.1668 J0.6437
N37335 X1.5828 Y-1.401 I-0.2074 J3.9371
N37340 G1 X1.513 Y-1.4014
N37345 X1.4083 Y-1.4015
N37350 X0.9548 Y-1.4016
N37355 X0.0128
N37360 X-1.871
N37365 X-1.9057 Y-1.398
N37370 X-1.9386 Y-1.3863
N37375 X-1.9679 Y-1.3675
N37380 X-1.9929 Y-1.3431
N37385 X-2.0132 Y-1.3147
N37390 X-2.0293 Y-1.2838
N37395 X-2.0416 Y-1.2511
N37400 G2 X-2.0654 Y-1.1139 I0.5861 J0.1724
N37405 X-2.0721 Y-0.8698 I3.246 J0.2119
N37410 G1 X-2.0725 Y-0.835
N37415 X-2.0727 Y-0.7652
N37420 X-2.0728 Y-0.6605
N37425 Y-0.2419
N37430 Y0.5954
N37435 Y1.1187
N37440 X-2.0725 Y1.1536
N37445 X-2.0666 Y1.188
N37450 X-2.0535 Y1.2203
N37455 X-2.0338 Y1.2491
N37460 X-2.0089 Y1.2736
N37465 X-1.9804 Y1.2937
N37470 X-1.9494 Y1.3097
N37475 X-1.9168 Y1.322
N37480 G2 X-1.7797 Y1.3463 I0.1754 J-0.5888
N37485 X-1.5356 Y1.3536 I0.214 J-3.1062
N37490 G1 X-1.5007 Y1.354
N37495 X-1.431 Y1.3542
N37500 X-1.3263 Y1.3543
N37505 X-0.9774
N37510 X-0.7332
N37515 X1.2553
N37520 X1.8484
N37525 X1.8833 Y1.3531
N37530 X1.9172 Y1.3451
N37535 X1.9485 Y1.3297
N37540 X1.976 Y1.3082
N37545 X1.9991 Y1.2821
N37550 X2.0178 Y1.2527
N37555 X2.0326 Y1.221
N37560 X2.0438 Y1.188
N37565 G2 X2.0658 Y1.0504 I-0.6498 J-0.1743
N37570 X2.0721 Y0.8064 I-3.4906 J-0.2135
N37575 G1 X2.0725 Y0.7715
N37580 X2.0727 Y0.7017
N37585 X2.0728 Y0.5971
N37590 Y0.1784
N37595 Y0.0738
N37600 Y-1.1124
N37605 X2.0727 Y-1.1473
N37610 X2.0682 Y-1.1819
N37615 X2.0564 Y-1.2147
N37620 X2.0378 Y-1.2442
N37625 X2.0138 Y-1.2695
N37630 X1.9858 Y-1.2904
N37635 X1.9552 Y-1.3071
N37640 X1.9228 Y-1.32
N37645 X1.8893 Y-1.3298
N37650 G2 X1.7512 Y-1.3484 I-0.1727 J0.7562
N37655 X1.4722 Y-1.3538 I-0.2309 J4.7489
N37660 G1 X1.4024 Y-1.3542
N37665 X1.2628 Y-1.3543
N37670 X-0.5861
N37675 X-1.7723
N37680 X-1.8072
N37685 X-1.8419 Y-1.3508
N37690 X-1.8752 Y-1.3404
N37695 X-1.9055 Y-1.3232
N37700 X-1.932 Y-1.3004
N37705 X-1.9541 Y-1.2735
N37710 X-1.9721 Y-1.2435
N37715 X-1.9862 Y-1.2116
N37720 X-1.997 Y-1.1784
N37725 G3 X-2.0056 Y-1.1526 I-0.0973 J-0.0182
N37730 G1 X-2.0176 Y-1.1284
N37735 G2 X-2.03 Y-1.0809 I0.1613 J0.0674
N37740 X-2.0374 Y-1.0017 I0.3611 J0.0738
N37745 G1 Y1.0017
N37750 X-2.0373 Y1.0254
N37755 X-2.0367 Y1.0334
N37760 X-2.0358 Y1.0413
N37765 X-2.0335 Y1.0761
N37770 X-2.0288 Y1.1107
N37775 X-2.019 Y1.1441
N37780 X-2.003 Y1.1751
N37785 X-1.9816 Y1.2027
N37790 G2 X-1.948 Y1.2326 I1.5905 J-1.7525
N37795 G3 X-1.9491 Y1.266 Z-0.7795 I-0.0173 J0.0161
N37800 X-1.9867 Y1.2586 I-0.0161 J-0.0172
N37805 G1 X-2.0806 Y1.0547
N37810 G3 X-2.0627 Y1.0214 I0.0215 J-0.0099
N37815 X-2.0358 Y1.0413 Z-0.7874 I0.0035 J0.0234
N37820 G2 X-2.0257 Y1.1046 I0.8476 J-0.1029
N37825 G1 X-2.0204 Y1.1213
N37830 G2 X-1.9847 Y1.1918 I0.6115 J-0.2659
N37835 X-1.957 Y1.2235 I0.1524 J-0.1053
N37840 G1 X-1.9333 Y1.2473
N37845 G2 X-1.8936 Y1.2756 I0.1059 J-0.1061
N37850 G1 X-1.8699 Y1.2877
N37855 G2 X-1.7986 Y1.3116 I0.0942 J-0.1628
N37860 G1 X-1.7748 Y1.3154
N37865 X-1.751 Y1.3185
N37870 X-1.7431 Y1.3187
N37875 X-1.7273 Y1.3189
N37880 X-1.5926
N37885 X1.7193
N37890 G2 X1.759 Y1.3176 I0.0098 J-0.3085
N37895 G1 X1.7937 Y1.3147
N37900 X1.8283 Y1.3103
N37905 X1.8619 Y1.3007
N37910 X1.893 Y1.2851
N37915 X1.9207 Y1.2638
N37920 X1.9443 Y1.2381
N37925 X1.9469 Y1.2345
N37930 X1.9497 Y1.2311
N37935 X1.9528 Y1.2278
N37940 G3 X1.9861 Y1.2289 Z-0.7795 I0.0161 J0.0173
N37945 X1.9788 Y1.2665 I-0.0172 J0.0161
N37950 G1 X1.7728 Y1.3622
N37955 G3 X1.7395 Y1.3446 I-0.01 J-0.0214
N37960 X1.759 Y1.3175 Z-0.7874 I0.0233 J-0.0038
N37965 G2 X1.8303 Y1.3052 I-0.0658 J-0.5934
N37970 G1 X1.8461 Y1.2994
N37975 G2 X1.9148 Y1.2633 I-0.2678 J-0.5932
N37980 X1.9791 Y1.1997 I-0.3502 J-0.4184
N37985 X2.0058 Y1.1521 I-0.2427 J-0.1676
N37990 G1 X2.0176 Y1.1284
N37995 G2 X2.03 Y1.0809 I-0.1613 J-0.0674
N38000 X2.0374 Y1.0017 I-0.3611 J-0.0738
N38005 G1 Y-1.0017
N38010 X2.0373 Y-1.0254
N38015 X2.0367 Y-1.0334
N38020 X2.0358 Y-1.0413
N38025 X2.0335 Y-1.0761
N38030 X2.0288 Y-1.1107
N38035 X2.019 Y-1.1441
N38040 X2.0031 Y-1.1752
N38045 X1.9816 Y-1.2027
N38050 G2 X1.9474 Y-1.2332 I-1.657 J1.8271
N38055 G3 X1.9485 Y-1.2665 Z-0.7795 I0.0173 J-0.0161
N38060 X1.9861 Y-1.2592 I0.0161 J0.0172
N38065 G1 X2.0806 Y-1.0547
N38070 G3 X2.0627 Y-1.0214 I-0.0214 J0.0099
N38075 X2.0358 Y-1.0413 Z-0.7874 I-0.0035 J-0.0234
N38080 G2 X2.0257 Y-1.1046 I-0.8476 J0.1029
N38085 G1 X2.0204 Y-1.1213
N38090 G2 X1.9847 Y-1.1918 I-0.6115 J0.2659
N38095 X1.957 Y-1.2235 I-0.1524 J0.1053
N38100 G1 X1.9333 Y-1.2473
N38105 G2 X1.8936 Y-1.2756 I-0.1059 J0.1061
N38110 G1 X1.8699 Y-1.2877
N38115 G2 X1.7986 Y-1.3116 I-0.0942 J0.1628
N38120 G1 X1.7748 Y-1.3154
N38125 X1.751 Y-1.3185
N38130 X1.7431 Y-1.3187
N38135 X1.7273 Y-1.3189
N38140 X1.5926
N38145 X-1.7193
N38150 G2 X-1.7986 Y-1.3116 I-0.0086 J0.3389
N38155 X-1.8718 Y-1.2867 I0.0229 J0.1874
N38160 X-1.9175 Y-1.2611 I0.1131 J0.2556
N38165 X-1.9791 Y-1.1997 I0.3656 J0.4287
N38170 X-2.0056 Y-1.1526 I0.2432 J0.1677
N38175 G1 X-2.0076 Y-1.1496
N38180 X-2.0101 Y-1.1469
N38185 X-2.0125 Y-1.1453 Z-0.7872
N38190 X-2.0149 Y-1.1437 Z-0.7867
N38195 X-2.0173 Y-1.1422 Z-0.7858
N38200 X-2.0203 Y-1.1416 Z-0.7843
N38205 X-2.0231 Y-1.141 Z-0.7823
N38210 X-2.0256 Y-1.1404 Z-0.78
N38215 X-2.0263 Z-0.7793
N38220 X-2.0283 Y-1.1407 Z-0.7766
N38225 X-2.0299 Y-1.1409 Z-0.7736
N38230 X-2.0311 Y-1.141 Z-0.7704
N38235 X-2.0318 Y-1.1411 Z-0.7672
N38240 X-2.032 Z-0.7638
N38245 Z0.1969
N38250 X-2.115 Y-1.6278
N38255 Z-0.8425
N38260 Z-0.9449
N38265 G3 X-2.0965 Y-1.4992 I-0.5842 J0.1496
N38270 G1 Y-1.4934
N38275 X-2.1174 Y-1.4655
N38280 X-2.133 Y-1.4343
N38285 X-2.1443 Y-1.4013
N38290 X-2.1521 Y-1.3673
N38295 G2 X-2.1646 Y-1.2284 I0.9193 J0.1527
N38300 X-2.1671 Y-0.9842 I7.5854 J0.1998
N38305 G1 X-2.1673 Y-0.8447
N38310 Y0.481
N38315 Y1.2921
N38320 X-2.1664 Y1.3008
N38325 X-2.163 Y1.3179
N38330 X-2.1496 Y1.3501
N38335 X-2.1274 Y1.377
N38340 X-2.0996 Y1.3982
N38345 X-2.0685 Y1.414
N38350 X-2.0356 Y1.4254
N38355 X-2.0016 Y1.4334
N38360 G2 X-1.8628 Y1.4461 I0.1528 J-0.9054
N38365 X-1.6186 Y1.4486 I0.1998 J-7.4598
N38370 G1 X-1.479 Y1.4488
N38375 X-1.0604
N38380 X0.9281
N38385 X2.0096
N38390 X2.027 Y1.4471
N38395 X2.0603 Y1.4368
N38400 X2.0888 Y1.4166
N38405 X2.1115 Y1.3901
N38410 X2.1287 Y1.3598
N38415 X2.1412 Y1.3272
N38420 X2.15 Y1.2935
N38425 G2 X2.1642 Y1.1548 I-0.8126 J-0.1533
N38430 X2.1671 Y0.8757 I-7.6842 J-0.2184
N38435 G1 X2.1673 Y0.7013
N38440 Y0.6315
N38445 Y-1.2872
N38450 X2.1669 Y-1.296
N38455 X2.1642 Y-1.3132
N38460 X2.1524 Y-1.346
N38465 X2.1312 Y-1.3737
N38470 X2.104 Y-1.3956
N38475 X2.0733 Y-1.4121
N38480 X2.0405 Y-1.4241
N38485 X2.0066 Y-1.4325
N38490 G2 X1.8679 Y-1.4459 I-0.153 J0.8574
N38495 X1.5191 Y-1.4488 I-0.2663 J11.0841
N38500 G1 X0.7167
N38505 X0.1934
N38510 X-1.7952
N38515 X-1.9347
N38520 X-1.9696 Y-1.4482
N38525 X-2.0025 Y-1.4366
N38530 X-2.0311 Y-1.4165
N38535 X-2.0545 Y-1.3907
N38540 X-2.0729 Y-1.3611
N38545 X-2.0869 Y-1.3291
N38550 X-2.0971 Y-1.2958
N38555 G2 X-2.1153 Y-1.1576 I0.6997 J0.1623
N38560 X-2.1196 Y-0.9135 I4.652 J0.205
N38565 G1 X-2.12 Y-0.8437
N38570 X-2.1201 Y-0.7042
N38575 Y0.3076
N38580 Y1.2146
N38585 X-2.115 Y1.2491
N38590 X-2.1014 Y1.2812
N38595 X-2.0807 Y1.3093
N38600 X-2.0547 Y1.3327
N38605 X-2.0252 Y1.3513
N38610 X-1.9934 Y1.3656
N38615 X-1.9602 Y1.3763
N38620 G2 X-1.8223 Y1.396 I0.1664 J-0.6713
N38625 X-1.5782 Y1.4011 I0.2073 J-4.1335
N38630 G1 X-1.5084 Y1.4014
N38635 X-1.4038 Y1.4015
N38640 X-1.1247 Y1.4016
N38645 X0.8639
N38650 X1.9105
N38655 X1.9454 Y1.4014
N38660 X1.9793 Y1.3933
N38665 X2.0101 Y1.3771
N38670 X2.0366 Y1.3543
N38675 X2.0583 Y1.327
N38680 X2.0753 Y1.2966
N38685 X2.0883 Y1.2642
N38690 X2.0979 Y1.2306
N38695 G2 X2.1153 Y1.0923 I-0.7576 J-0.1654
N38700 X2.1196 Y0.8482 I-4.7432 J-0.207
N38705 G1 X2.12 Y0.7784
N38710 X2.1201 Y0.6389
N38715 Y0.5691
N38720 Y-1.2101
N38725 X2.1162 Y-1.2448
N38730 X2.1036 Y-1.2773
N38735 X2.0837 Y-1.306
N38740 X2.0584 Y-1.3299
N38745 X2.0293 Y-1.3492
N38750 X1.9977 Y-1.364
N38755 X1.9646 Y-1.3751
N38760 G2 X1.8269 Y-1.3958 I-0.1668 J0.6437
N38765 X1.5828 Y-1.401 I-0.2074 J3.9371
N38770 G1 X1.513 Y-1.4014
N38775 X1.4083 Y-1.4015
N38780 X0.9548 Y-1.4016
N38785 X0.0128
N38790 X-1.871
N38795 X-1.9057 Y-1.398
N38800 X-1.9386 Y-1.3863
N38805 X-1.9679 Y-1.3675
N38810 X-1.9929 Y-1.3431
N38815 X-2.0132 Y-1.3147
N38820 X-2.0293 Y-1.2838
N38825 X-2.0416 Y-1.2511
N38830 G2 X-2.0654 Y-1.1139 I0.5861 J0.1724
N38835 X-2.0721 Y-0.8698 I3.246 J0.2119
N38840 G1 X-2.0725 Y-0.835
N38845 X-2.0727 Y-0.7652
N38850 X-2.0728 Y-0.6605
N38855 Y-0.2419
N38860 Y0.5954
N38865 Y1.1187
N38870 X-2.0725 Y1.1536
N38875 X-2.0666 Y1.188
N38880 X-2.0535 Y1.2203
N38885 X-2.0338 Y1.2491
N38890 X-2.0089 Y1.2736
N38895 X-1.9804 Y1.2937
N38900 X-1.9494 Y1.3097
N38905 X-1.9168 Y1.322
N38910 G2 X-1.7797 Y1.3463 I0.1754 J-0.5888
N38915 X-1.5356 Y1.3536 I0.214 J-3.1062
N38920 G1 X-1.5007 Y1.354
N38925 X-1.431 Y1.3542
N38930 X-1.3263 Y1.3543
N38935 X-0.9774
N38940 X-0.7332
N38945 X1.2553
N38950 X1.8484
N38955 X1.8833 Y1.3531
N38960 X1.9172 Y1.3451
N38965 X1.9485 Y1.3297
N38970 X1.976 Y1.3082
N38975 X1.9991 Y1.2821
N38980 X2.0178 Y1.2527
N38985 X2.0326 Y1.221
N38990 X2.0438 Y1.188
N38995 G2 X2.0658 Y1.0504 I-0.6498 J-0.1743
N39000 X2.0721 Y0.8064 I-3.4906 J-0.2135
N39005 G1 X2.0725 Y0.7715
N39010 X2.0727 Y0.7017
N39015 X2.0728 Y0.5971
N39020 Y0.1784
N39025 Y0.0738
N39030 Y-1.1124
N39035 X2.0727 Y-1.1473
N39040 X2.0682 Y-1.1819
N39045 X2.0564 Y-1.2147
N39050 X2.0378 Y-1.2442
N39055 X2.0138 Y-1.2695
N39060 X1.9858 Y-1.2904
N39065 X1.9552 Y-1.3071
N39070 X1.9228 Y-1.32
N39075 X1.8893 Y-1.3298
N39080 G2 X1.7512 Y-1.3484 I-0.1727 J0.7562
N39085 X1.4722 Y-1.3538 I-0.2309 J4.7489
N39090 G1 X1.4024 Y-1.3542
N39095 X1.2628 Y-1.3543
N39100 X-0.5861
N39105 X-1.7723
N39110 X-1.8072
N39115 X-1.8419 Y-1.3508
N39120 X-1.8752 Y-1.3404
N39125 X-1.9055 Y-1.3232
N39130 X-1.932 Y-1.3004
N39135 X-1.9541 Y-1.2735
N39140 X-1.9721 Y-1.2435
N39145 X-1.9862 Y-1.2116
N39150 X-1.997 Y-1.1784
N39155 G3 X-2.0056 Y-1.1526 I-0.0973 J-0.0182
N39160 G1 X-2.0176 Y-1.1284
N39165 G2 X-2.03 Y-1.0809 I0.1613 J0.0674
N39170 X-2.0374 Y-1.0017 I0.3611 J0.0738
N39175 G1 Y1.0017
N39180 X-2.0373 Y1.0254
N39185 X-2.0367 Y1.0334
N39190 X-2.0358 Y1.0413
N39195 X-2.0335 Y1.0761
N39200 X-2.0288 Y1.1107
N39205 X-2.019 Y1.1441
N39210 X-2.003 Y1.1751
N39215 X-1.9816 Y1.2027
N39220 G2 X-1.948 Y1.2326 I1.5905 J-1.7525
N39225 G3 X-1.9491 Y1.266 Z-0.937 I-0.0173 J0.0161
N39230 X-1.9867 Y1.2586 I-0.0161 J-0.0172
N39235 G1 X-2.0806 Y1.0547
N39240 G3 X-2.0627 Y1.0214 I0.0215 J-0.0099
N39245 X-2.0358 Y1.0413 Z-0.9449 I0.0035 J0.0234
N39250 G2 X-2.0257 Y1.1046 I0.8476 J-0.1029
N39255 G1 X-2.0204 Y1.1213
N39260 G2 X-1.9847 Y1.1918 I0.6115 J-0.2659
N39265 X-1.957 Y1.2235 I0.1524 J-0.1053
N39270 G1 X-1.9333 Y1.2473
N39275 G2 X-1.8936 Y1.2756 I0.1059 J-0.1061
N39280 G1 X-1.8699 Y1.2877
N39285 G2 X-1.7986 Y1.3116 I0.0942 J-0.1628
N39290 G1 X-1.7748 Y1.3154
N39295 X-1.751 Y1.3185
N39300 X-1.7431 Y1.3187
N39305 X-1.7273 Y1.3189
N39310 X-1.5926
N39315 X1.7193
N39320 G2 X1.759 Y1.3176 I0.0098 J-0.3085
N39325 G1 X1.7937 Y1.3147
N39330 X1.8283 Y1.3103
N39335 X1.8619 Y1.3007
N39340 X1.893 Y1.2851
N39345 X1.9207 Y1.2638
N39350 X1.9443 Y1.2381
N39355 X1.9469 Y1.2345
N39360 X1.9497 Y1.2311
N39365 X1.9528 Y1.2278
N39370 G3 X1.9861 Y1.2289 Z-0.937 I0.0161 J0.0173
N39375 X1.9788 Y1.2665 I-0.0172 J0.0161
N39380 G1 X1.7728 Y1.3622
N39385 G3 X1.7395 Y1.3446 I-0.01 J-0.0214
N39390 X1.759 Y1.3175 Z-0.9449 I0.0233 J-0.0038
N39395 G2 X1.8303 Y1.3052 I-0.0658 J-0.5934
N39400 G1 X1.8461 Y1.2994
N39405 G2 X1.9148 Y1.2633 I-0.2678 J-0.5932
N39410 X1.9791 Y1.1997 I-0.3502 J-0.4184
N39415 X2.0058 Y1.1521 I-0.2427 J-0.1676
N39420 G1 X2.0176 Y1.1284
N39425 G2 X2.03 Y1.0809 I-0.1613 J-0.0674
N39430 X2.0374 Y1.0017 I-0.3611 J-0.0738
N39435 G1 Y-1.0017
N39440 X2.0373 Y-1.0254
N39445 X2.0367 Y-1.0334
N39450 X2.0358 Y-1.0413
N39455 X2.0335 Y-1.0761
N39460 X2.0288 Y-1.1107
N39465 X2.019 Y-1.1441
N39470 X2.0031 Y-1.1752
N39475 X1.9816 Y-1.2027
N39480 G2 X1.9474 Y-1.2332 I-1.657 J1.8271
N39485 G3 X1.9485 Y-1.2665 Z-0.937 I0.0173 J-0.0161
N39490 X1.9861 Y-1.2592 I0.0161 J0.0172
N39495 G1 X2.0806 Y-1.0547
N39500 G3 X2.0627 Y-1.0214 I-0.0214 J0.0099
N39505 X2.0358 Y-1.0413 Z-0.9449 I-0.0035 J-0.0234
N39510 G2 X2.0257 Y-1.1046 I-0.8476 J0.1029
N39515 G1 X2.0204 Y-1.1213
N39520 G2 X1.9847 Y-1.1918 I-0.6115 J0.2659
N39525 X1.957 Y-1.2235 I-0.1524 J0.1053
N39530 G1 X1.9333 Y-1.2473
N39535 G2 X1.8936 Y-1.2756 I-0.1059 J0.1061
N39540 G1 X1.8699 Y-1.2877
N39545 G2 X1.7986 Y-1.3116 I-0.0942 J0.1628
N39550 G1 X1.7748 Y-1.3154
N39555 X1.751 Y-1.3185
N39560 X1.7431 Y-1.3187
N39565 X1.7273 Y-1.3189
N39570 X1.5926
N39575 X-1.7193
N39580 G2 X-1.7986 Y-1.3116 I-0.0086 J0.3389
N39585 X-1.8718 Y-1.2867 I0.0229 J0.1874
N39590 X-1.9175 Y-1.2611 I0.1131 J0.2556
N39595 X-1.9791 Y-1.1997 I0.3656 J0.4287
N39600 X-2.0056 Y-1.1526 I0.2432 J0.1677
N39605 G1 X-2.0076 Y-1.1496
N39610 X-2.0101 Y-1.1469
N39615 X-2.0125 Y-1.1453 Z-0.9447
N39620 X-2.0149 Y-1.1437 Z-0.9442
N39625 X-2.0173 Y-1.1422 Z-0.9433
N39630 X-2.0203 Y-1.1416 Z-0.9418
N39635 X-2.0231 Y-1.141 Z-0.9398
N39640 X-2.0256 Y-1.1404 Z-0.9375
N39645 X-2.0263 Z-0.9367
N39650 X-2.0283 Y-1.1407 Z-0.934
N39655 X-2.0299 Y-1.1409 Z-0.9311
N39660 X-2.0311 Y-1.141 Z-0.9279
N39665 X-2.0318 Y-1.1411 Z-0.9246
N39670 X-2.032 Z-0.9213
N39675 Z0.1969
N39680 X-2.115 Y-1.6278
N39685 Z-1.
N39690 Z-1.1024
N39695 G3 X-2.0965 Y-1.4992 I-0.5842 J0.1496
N39700 G1 Y-1.4934
N39705 X-2.1174 Y-1.4655
N39710 X-2.133 Y-1.4343
N39715 X-2.1443 Y-1.4013
N39720 X-2.1521 Y-1.3673
N39725 G2 X-2.1646 Y-1.2284 I0.9193 J0.1527
N39730 X-2.1671 Y-0.9842 I7.5854 J0.1998
N39735 G1 X-2.1673 Y-0.8447
N39740 Y0.481
N39745 Y1.2921
N39750 X-2.1664 Y1.3008
N39755 X-2.163 Y1.3179
N39760 X-2.1496 Y1.3501
N39765 X-2.1274 Y1.377
N39770 X-2.0996 Y1.3982
N39775 X-2.0685 Y1.414
N39780 X-2.0356 Y1.4254
N39785 X-2.0016 Y1.4334
N39790 G2 X-1.8628 Y1.4461 I0.1528 J-0.9054
N39795 X-1.6186 Y1.4486 I0.1998 J-7.4598
N39800 G1 X-1.479 Y1.4488
N39805 X-1.0604
N39810 X0.9281
N39815 X2.0096
N39820 X2.027 Y1.4471
N39825 X2.0603 Y1.4368
N39830 X2.0888 Y1.4166
N39835 X2.1115 Y1.3901
N39840 X2.1287 Y1.3598
N39845 X2.1412 Y1.3272
N39850 X2.15 Y1.2935
N39855 G2 X2.1642 Y1.1548 I-0.8126 J-0.1533
N39860 X2.1671 Y0.8757 I-7.6842 J-0.2184
N39865 G1 X2.1673 Y0.7013
N39870 Y0.6315
N39875 Y-1.2872
N39880 X2.1669 Y-1.296
N39885 X2.1642 Y-1.3132
N39890 X2.1524 Y-1.346
N39895 X2.1312 Y-1.3737
N39900 X2.104 Y-1.3956
N39905 X2.0733 Y-1.4121
N39910 X2.0405 Y-1.4241
N39915 X2.0066 Y-1.4325
N39920 G2 X1.8679 Y-1.4459 I-0.153 J0.8574
N39925 X1.5191 Y-1.4488 I-0.2663 J11.0841
N39930 G1 X0.7167
N39935 X0.1934
N39940 X-1.7952
N39945 X-1.9347
N39950 X-1.9696 Y-1.4482
N39955 X-2.0025 Y-1.4366
N39960 X-2.0311 Y-1.4165
N39965 X-2.0545 Y-1.3907
N39970 X-2.0729 Y-1.3611
N39975 X-2.0869 Y-1.3291
N39980 X-2.0971 Y-1.2958
N39985 G2 X-2.1153 Y-1.1576 I0.6997 J0.1623
N39990 X-2.1196 Y-0.9135 I4.652 J0.205
N39995 G1 X-2.12 Y-0.8437
N40000 X-2.1201 Y-0.7042
N40005 Y0.3076
N40010 Y1.2146
N40015 X-2.115 Y1.2491
N40020 X-2.1014 Y1.2812
N40025 X-2.0807 Y1.3093
N40030 X-2.0547 Y1.3327
N40035 X-2.0252 Y1.3513
N40040 X-1.9934 Y1.3656
N40045 X-1.9602 Y1.3763
N40050 G2 X-1.8223 Y1.396 I0.1664 J-0.6713
N40055 X-1.5782 Y1.4011 I0.2073 J-4.1335
N40060 G1 X-1.5084 Y1.4014
N40065 X-1.4038 Y1.4015
N40070 X-1.1247 Y1.4016
N40075 X0.8639
N40080 X1.9105
N40085 X1.9454 Y1.4014
N40090 X1.9793 Y1.3933
N40095 X2.0101 Y1.3771
N40100 X2.0366 Y1.3543
N40105 X2.0583 Y1.327
N40110 X2.0753 Y1.2966
N40115 X2.0883 Y1.2642
N40120 X2.0979 Y1.2306
N40125 G2 X2.1153 Y1.0923 I-0.7576 J-0.1654
N40130 X2.1196 Y0.8482 I-4.7432 J-0.207
N40135 G1 X2.12 Y0.7784
N40140 X2.1201 Y0.6389
N40145 Y0.5691
N40150 Y-1.2101
N40155 X2.1162 Y-1.2448
N40160 X2.1036 Y-1.2773
N40165 X2.0837 Y-1.306
N40170 X2.0584 Y-1.3299
N40175 X2.0293 Y-1.3492
N40180 X1.9977 Y-1.364
N40185 X1.9646 Y-1.3751
N40190 G2 X1.8269 Y-1.3958 I-0.1668 J0.6437
N40195 X1.5828 Y-1.401 I-0.2074 J3.9371
N40200 G1 X1.513 Y-1.4014
N40205 X1.4083 Y-1.4015
N40210 X0.9548 Y-1.4016
N40215 X0.0128
N40220 X-1.871
N40225 X-1.9057 Y-1.398
N40230 X-1.9386 Y-1.3863
N40235 X-1.9679 Y-1.3675
N40240 X-1.9929 Y-1.3431
N40245 X-2.0132 Y-1.3147
N40250 X-2.0293 Y-1.2838
N40255 X-2.0416 Y-1.2511
N40260 G2 X-2.0654 Y-1.1139 I0.5861 J0.1724
N40265 X-2.0721 Y-0.8698 I3.246 J0.2119
N40270 G1 X-2.0725 Y-0.835
N40275 X-2.0727 Y-0.7652
N40280 X-2.0728 Y-0.6605
N40285 Y-0.2419
N40290 Y0.5954
N40295 Y1.1187
N40300 X-2.0725 Y1.1536
N40305 X-2.0666 Y1.188
N40310 X-2.0535 Y1.2203
N40315 X-2.0338 Y1.2491
N40320 X-2.0089 Y1.2736
N40325 X-1.9804 Y1.2937
N40330 X-1.9494 Y1.3097
N40335 X-1.9168 Y1.322
N40340 G2 X-1.7797 Y1.3463 I0.1754 J-0.5888
N40345 X-1.5356 Y1.3536 I0.214 J-3.1062
N40350 G1 X-1.5007 Y1.354
N40355 X-1.431 Y1.3542
N40360 X-1.3263 Y1.3543
N40365 X-0.9774
N40370 X-0.7332
N40375 X1.2553
N40380 X1.8484
N40385 X1.8833 Y1.3531
N40390 X1.9172 Y1.3451
N40395 X1.9485 Y1.3297
N40400 X1.976 Y1.3082
N40405 X1.9991 Y1.2821
N40410 X2.0178 Y1.2527
N40415 X2.0326 Y1.221
N40420 X2.0438 Y1.188
N40425 G2 X2.0658 Y1.0504 I-0.6498 J-0.1743
N40430 X2.0721 Y0.8064 I-3.4906 J-0.2135
N40435 G1 X2.0725 Y0.7715
N40440 X2.0727 Y0.7017
N40445 X2.0728 Y0.5971
N40450 Y0.1784
N40455 Y0.0738
N40460 Y-1.1124
N40465 X2.0727 Y-1.1473
N40470 X2.0682 Y-1.1819
N40475 X2.0564 Y-1.2147
N40480 X2.0378 Y-1.2442
N40485 X2.0138 Y-1.2695
N40490 X1.9858 Y-1.2904
N40495 X1.9552 Y-1.3071
N40500 X1.9228 Y-1.32
N40505 X1.8893 Y-1.3298
N40510 G2 X1.7512 Y-1.3484 I-0.1727 J0.7562
N40515 X1.4722 Y-1.3538 I-0.2309 J4.7489
N40520 G1 X1.4024 Y-1.3542
N40525 X1.2628 Y-1.3543
N40530 X-0.5861
N40535 X-1.7723
N40540 X-1.8072
N40545 X-1.8419 Y-1.3508
N40550 X-1.8752 Y-1.3404
N40555 X-1.9055 Y-1.3232
N40560 X-1.932 Y-1.3004
N40565 X-1.9541 Y-1.2735
N40570 X-1.9721 Y-1.2435
N40575 X-1.9862 Y-1.2116
N40580 X-1.997 Y-1.1784
N40585 G3 X-2.0056 Y-1.1526 I-0.0973 J-0.0182
N40590 G1 X-2.0176 Y-1.1284
N40595 G2 X-2.03 Y-1.0809 I0.1613 J0.0674
N40600 X-2.0374 Y-1.0017 I0.3611 J0.0738
N40605 G1 Y1.0017
N40610 X-2.0373 Y1.0254
N40615 X-2.0367 Y1.0334
N40620 X-2.0358 Y1.0413
N40625 X-2.0335 Y1.0761
N40630 X-2.0288 Y1.1107
N40635 X-2.019 Y1.1441
N40640 X-2.003 Y1.1751
N40645 X-1.9816 Y1.2027
N40650 G2 X-1.948 Y1.2326 I1.5905 J-1.7525
N40655 G3 X-1.9491 Y1.266 Z-1.0945 I-0.0173 J0.0161
N40660 X-1.9867 Y1.2586 I-0.0161 J-0.0172
N40665 G1 X-2.0806 Y1.0547
N40670 G3 X-2.0627 Y1.0214 I0.0215 J-0.0099
N40675 X-2.0358 Y1.0413 Z-1.1024 I0.0035 J0.0234
N40680 G2 X-2.0257 Y1.1046 I0.8476 J-0.1029
N40685 G1 X-2.0204 Y1.1213
N40690 G2 X-1.9847 Y1.1918 I0.6115 J-0.2659
N40695 X-1.957 Y1.2235 I0.1524 J-0.1053
N40700 G1 X-1.9333 Y1.2473
N40705 G2 X-1.8936 Y1.2756 I0.1059 J-0.1061
N40710 G1 X-1.8699 Y1.2877
N40715 G2 X-1.7986 Y1.3116 I0.0942 J-0.1628
N40720 G1 X-1.7748 Y1.3154
N40725 X-1.751 Y1.3185
N40730 X-1.7431 Y1.3187
N40735 X-1.7273 Y1.3189
N40740 X-1.5926
N40745 X1.7193
N40750 G2 X1.759 Y1.3176 I0.0098 J-0.3085
N40755 G1 X1.7937 Y1.3147
N40760 X1.8283 Y1.3103
N40765 X1.8619 Y1.3007
N40770 X1.893 Y1.2851
N40775 X1.9207 Y1.2638
N40780 X1.9443 Y1.2381
N40785 X1.9469 Y1.2345
N40790 X1.9497 Y1.2311
N40795 X1.9528 Y1.2278
N40800 G3 X1.9861 Y1.2289 Z-1.0945 I0.0161 J0.0173
N40805 X1.9788 Y1.2665 I-0.0172 J0.0161
N40810 G1 X1.7728 Y1.3622
N40815 G3 X1.7395 Y1.3446 I-0.01 J-0.0214
N40820 X1.759 Y1.3175 Z-1.1024 I0.0233 J-0.0038
N40825 G2 X1.8303 Y1.3052 I-0.0658 J-0.5934
N40830 G1 X1.8461 Y1.2994
N40835 G2 X1.9148 Y1.2633 I-0.2678 J-0.5932
N40840 X1.9791 Y1.1997 I-0.3502 J-0.4184
N40845 X2.0058 Y1.1521 I-0.2427 J-0.1676
N40850 G1 X2.0176 Y1.1284
N40855 G2 X2.03 Y1.0809 I-0.1613 J-0.0674
N40860 X2.0374 Y1.0017 I-0.3611 J-0.0738
N40865 G1 Y-1.0017
N40870 X2.0373 Y-1.0254
N40875 X2.0367 Y-1.0334
N40880 X2.0358 Y-1.0413
N40885 X2.0335 Y-1.0761
N40890 X2.0288 Y-1.1107
N40895 X2.019 Y-1.1441
N40900 X2.0031 Y-1.1752
N40905 X1.9816 Y-1.2027
N40910 G2 X1.9474 Y-1.2332 I-1.657 J1.8271
N40915 G3 X1.9485 Y-1.2665 Z-1.0945 I0.0173 J-0.0161
N40920 X1.9861 Y-1.2592 I0.0161 J0.0172
N40925 G1 X2.0806 Y-1.0547
N40930 G3 X2.0627 Y-1.0214 I-0.0214 J0.0099
N40935 X2.0358 Y-1.0413 Z-1.1024 I-0.0035 J-0.0234
N40940 G2 X2.0257 Y-1.1046 I-0.8476 J0.1029
N40945 G1 X2.0204 Y-1.1213
N40950 G2 X1.9847 Y-1.1918 I-0.6115 J0.2659
N40955 X1.957 Y-1.2235 I-0.1524 J0.1053
N40960 G1 X1.9333 Y-1.2473
N40965 G2 X1.8936 Y-1.2756 I-0.1059 J0.1061
N40970 G1 X1.8699 Y-1.2877
N40975 G2 X1.7986 Y-1.3116 I-0.0942 J0.1628
N40980 G1 X1.7748 Y-1.3154
N40985 X1.751 Y-1.3185
N40990 X1.7431 Y-1.3187
N40995 X1.7273 Y-1.3189
N41000 X1.5926
N41005 X-1.7193
N41010 G2 X-1.7986 Y-1.3116 I-0.0086 J0.3389
N41015 X-1.8718 Y-1.2867 I0.0229 J0.1874
N41020 X-1.9175 Y-1.2611 I0.1131 J0.2556
N41025 X-1.9791 Y-1.1997 I0.3656 J0.4287
N41030 X-2.0056 Y-1.1526 I0.2432 J0.1677
N41035 G1 X-2.0076 Y-1.1496
N41040 X-2.0101 Y-1.1469
N41045 X-2.0125 Y-1.1453 Z-1.1022
N41050 X-2.0149 Y-1.1437 Z-1.1016
N41055 X-2.0173 Y-1.1422 Z-1.1007
N41060 X-2.0203 Y-1.1416 Z-1.0992
N41065 X-2.0231 Y-1.141 Z-1.0973
N41070 X-2.0256 Y-1.1404 Z-1.095
N41075 X-2.0263 Z-1.0942
N41080 X-2.0283 Y-1.1407 Z-1.0915
N41085 X-2.0299 Y-1.1409 Z-1.0886
N41090 X-2.0311 Y-1.141 Z-1.0854
N41095 X-2.0318 Y-1.1411 Z-1.0821
N41100 X-2.032 Z-1.0788
N41105 Z0.1969
N41110 X-2.115 Y-1.6278
N41115 Z-1.0787
N41120 Z-1.1811
N41125 G3 X-2.0965 Y-1.4992 I-0.5842 J0.1496
N41130 G1 Y-1.4934
N41135 X-2.1174 Y-1.4655
N41140 X-2.133 Y-1.4343
N41145 X-2.1443 Y-1.4013
N41150 X-2.1521 Y-1.3673
N41155 G2 X-2.1646 Y-1.2284 I0.9193 J0.1527
N41160 X-2.1671 Y-0.9842 I7.5854 J0.1998
N41165 G1 X-2.1673 Y-0.8447
N41170 Y0.481
N41175 Y1.2921
N41180 X-2.1664 Y1.3008
N41185 X-2.163 Y1.3179
N41190 X-2.1496 Y1.3501
N41195 X-2.1274 Y1.377
N41200 X-2.0996 Y1.3982
N41205 X-2.0685 Y1.414
N41210 X-2.0356 Y1.4254
N41215 X-2.0016 Y1.4334
N41220 G2 X-1.8628 Y1.4461 I0.1528 J-0.9054
N41225 X-1.6186 Y1.4486 I0.1998 J-7.4598
N41230 G1 X-1.479 Y1.4488
N41235 X-1.0604
N41240 X0.9281
N41245 X2.0096
N41250 X2.027 Y1.4471
N41255 X2.0603 Y1.4368
N41260 X2.0888 Y1.4166
N41265 X2.1115 Y1.3901
N41270 X2.1287 Y1.3598
N41275 X2.1412 Y1.3272
N41280 X2.15 Y1.2935
N41285 G2 X2.1642 Y1.1548 I-0.8126 J-0.1533
N41290 X2.1671 Y0.8757 I-7.6842 J-0.2184
N41295 G1 X2.1673 Y0.7013
N41300 Y0.6315
N41305 Y-1.2872
N41310 X2.1669 Y-1.296
N41315 X2.1642 Y-1.3132
N41320 X2.1524 Y-1.346
N41325 X2.1312 Y-1.3737
N41330 X2.104 Y-1.3956
N41335 X2.0733 Y-1.4121
N41340 X2.0405 Y-1.4241
N41345 X2.0066 Y-1.4325
N41350 G2 X1.8679 Y-1.4459 I-0.153 J0.8574
N41355 X1.5191 Y-1.4488 I-0.2663 J11.0841
N41360 G1 X0.7167
N41365 X0.1934
N41370 X-1.7952
N41375 X-1.9347
N41380 X-1.9696 Y-1.4482
N41385 X-2.0025 Y-1.4366
N41390 X-2.0311 Y-1.4165
N41395 X-2.0545 Y-1.3907
N41400 X-2.0729 Y-1.3611
N41405 X-2.0869 Y-1.3291
N41410 X-2.0971 Y-1.2958
N41415 G2 X-2.1153 Y-1.1576 I0.6997 J0.1623
N41420 X-2.1196 Y-0.9135 I4.652 J0.205
N41425 G1 X-2.12 Y-0.8437
N41430 X-2.1201 Y-0.7042
N41435 Y0.3076
N41440 Y1.2146
N41445 X-2.115 Y1.2491
N41450 X-2.1014 Y1.2812
N41455 X-2.0807 Y1.3093
N41460 X-2.0547 Y1.3327
N41465 X-2.0252 Y1.3513
N41470 X-1.9934 Y1.3656
N41475 X-1.9602 Y1.3763
N41480 G2 X-1.8223 Y1.396 I0.1664 J-0.6713
N41485 X-1.5782 Y1.4011 I0.2073 J-4.1335
N41490 G1 X-1.5084 Y1.4014
N41495 X-1.4038 Y1.4015
N41500 X-1.1247 Y1.4016
N41505 X0.8639
N41510 X1.9105
N41515 X1.9454 Y1.4014
N41520 X1.9793 Y1.3933
N41525 X2.0101 Y1.3771
N41530 X2.0366 Y1.3543
N41535 X2.0583 Y1.327
N41540 X2.0753 Y1.2966
N41545 X2.0883 Y1.2642
N41550 X2.0979 Y1.2306
N41555 G2 X2.1153 Y1.0923 I-0.7576 J-0.1654
N41560 X2.1196 Y0.8482 I-4.7432 J-0.207
N41565 G1 X2.12 Y0.7784
N41570 X2.1201 Y0.6389
N41575 Y0.5691
N41580 Y-1.2101
N41585 X2.1162 Y-1.2448
N41590 X2.1036 Y-1.2773
N41595 X2.0837 Y-1.306
N41600 X2.0584 Y-1.3299
N41605 X2.0293 Y-1.3492
N41610 X1.9977 Y-1.364
N41615 X1.9646 Y-1.3751
N41620 G2 X1.8269 Y-1.3958 I-0.1668 J0.6437
N41625 X1.5828 Y-1.401 I-0.2074 J3.9371
N41630 G1 X1.513 Y-1.4014
N41635 X1.4083 Y-1.4015
N41640 X0.9548 Y-1.4016
N41645 X0.0128
N41650 X-1.871
N41655 X-1.9057 Y-1.398
N41660 X-1.9386 Y-1.3863
N41665 X-1.9679 Y-1.3675
N41670 X-1.9929 Y-1.3431
N41675 X-2.0132 Y-1.3147
N41680 X-2.0293 Y-1.2838
N41685 X-2.0416 Y-1.2511
N41690 G2 X-2.0654 Y-1.1139 I0.5861 J0.1724
N41695 X-2.0721 Y-0.8698 I3.246 J0.2119
N41700 G1 X-2.0725 Y-0.835
N41705 X-2.0727 Y-0.7652
N41710 X-2.0728 Y-0.6605
N41715 Y-0.2419
N41720 Y0.5954
N41725 Y1.1187
N41730 X-2.0725 Y1.1536
N41735 X-2.0666 Y1.188
N41740 X-2.0535 Y1.2203
N41745 X-2.0338 Y1.2491
N41750 X-2.0089 Y1.2736
N41755 X-1.9804 Y1.2937
N41760 X-1.9494 Y1.3097
N41765 X-1.9168 Y1.322
N41770 G2 X-1.7797 Y1.3463 I0.1754 J-0.5888
N41775 X-1.5356 Y1.3536 I0.214 J-3.1062
N41780 G1 X-1.5007 Y1.354
N41785 X-1.431 Y1.3542
N41790 X-1.3263 Y1.3543
N41795 X-0.9774
N41800 X-0.7332
N41805 X1.2553
N41810 X1.8484
N41815 X1.8833 Y1.3531
N41820 X1.9172 Y1.3451
N41825 X1.9485 Y1.3297
N41830 X1.976 Y1.3082
N41835 X1.9991 Y1.2821
N41840 X2.0178 Y1.2527
N41845 X2.0326 Y1.221
N41850 X2.0438 Y1.188
N41855 G2 X2.0658 Y1.0504 I-0.6498 J-0.1743
N41860 X2.0721 Y0.8064 I-3.4906 J-0.2135
N41865 G1 X2.0725 Y0.7715
N41870 X2.0727 Y0.7017
N41875 X2.0728 Y0.5971
N41880 Y0.1784
N41885 Y0.0738
N41890 Y-1.1124
N41895 X2.0727 Y-1.1473
N41900 X2.0682 Y-1.1819
N41905 X2.0564 Y-1.2147
N41910 X2.0378 Y-1.2442
N41915 X2.0138 Y-1.2695
N41920 X1.9858 Y-1.2904
N41925 X1.9552 Y-1.3071
N41930 X1.9228 Y-1.32
N41935 X1.8893 Y-1.3298
N41940 G2 X1.7512 Y-1.3484 I-0.1727 J0.7562
N41945 X1.4722 Y-1.3538 I-0.2309 J4.7489
N41950 G1 X1.4024 Y-1.3542
N41955 X1.2628 Y-1.3543
N41960 X-0.5861
N41965 X-1.7723
N41970 X-1.8072
N41975 X-1.8419 Y-1.3508
N41980 X-1.8752 Y-1.3404
N41985 X-1.9055 Y-1.3232
N41990 X-1.932 Y-1.3004
N41995 X-1.9541 Y-1.2735
N42000 X-1.9721 Y-1.2435
N42005 X-1.9862 Y-1.2116
N42010 X-1.997 Y-1.1784
N42015 G3 X-2.0056 Y-1.1526 I-0.0973 J-0.0182
N42020 G1 X-2.0176 Y-1.1284
N42025 G2 X-2.03 Y-1.0809 I0.1613 J0.0674
N42030 X-2.0374 Y-1.0017 I0.3611 J0.0738
N42035 G1 Y1.0017
N42040 X-2.0373 Y1.0254
N42045 X-2.0367 Y1.0334
N42050 X-2.0358 Y1.0413
N42055 X-2.0335 Y1.0761
N42060 X-2.0288 Y1.1107
N42065 X-2.019 Y1.1441
N42070 X-2.003 Y1.1751
N42075 X-1.9816 Y1.2027
N42080 G2 X-1.948 Y1.2326 I1.5905 J-1.7525
N42085 G3 X-1.9491 Y1.266 Z-1.1732 I-0.0173 J0.0161
N42090 X-1.9867 Y1.2586 I-0.0161 J-0.0172
N42095 G1 X-2.0806 Y1.0547
N42100 G3 X-2.0627 Y1.0214 I0.0215 J-0.0099
N42105 X-2.0358 Y1.0413 Z-1.1811 I0.0035 J0.0234
N42110 G2 X-2.0257 Y1.1046 I0.8476 J-0.1029
N42115 G1 X-2.0204 Y1.1213
N42120 G2 X-1.9847 Y1.1918 I0.6115 J-0.2659
N42125 X-1.957 Y1.2235 I0.1524 J-0.1053
N42130 G1 X-1.9333 Y1.2473
N42135 G2 X-1.8936 Y1.2756 I0.1059 J-0.1061
N42140 G1 X-1.8699 Y1.2877
N42145 G2 X-1.7986 Y1.3116 I0.0942 J-0.1628
N42150 G1 X-1.7748 Y1.3154
N42155 X-1.751 Y1.3185
N42160 X-1.7431 Y1.3187
N42165 X-1.7273 Y1.3189
N42170 X-1.5926
N42175 X1.7193
N42180 G2 X1.759 Y1.3176 I0.0098 J-0.3085
N42185 G1 X1.7937 Y1.3147
N42190 X1.8283 Y1.3103
N42195 X1.8619 Y1.3007
N42200 X1.893 Y1.2851
N42205 X1.9207 Y1.2638
N42210 X1.9443 Y1.2381
N42215 X1.9469 Y1.2345
N42220 X1.9497 Y1.2311
N42225 X1.9528 Y1.2278
N42230 G3 X1.9861 Y1.2289 Z-1.1732 I0.0161 J0.0173
N42235 X1.9788 Y1.2665 I-0.0172 J0.0161
N42240 G1 X1.7728 Y1.3622
N42245 G3 X1.7395 Y1.3446 I-0.01 J-0.0214
N42250 X1.759 Y1.3175 Z-1.1811 I0.0233 J-0.0038
N42255 G2 X1.8303 Y1.3052 I-0.0658 J-0.5934
N42260 G1 X1.8461 Y1.2994
N42265 G2 X1.9148 Y1.2633 I-0.2678 J-0.5932
N42270 X1.9791 Y1.1997 I-0.3502 J-0.4184
N42275 X2.0058 Y1.1521 I-0.2427 J-0.1676
N42280 G1 X2.0176 Y1.1284
N42285 G2 X2.03 Y1.0809 I-0.1613 J-0.0674
N42290 X2.0374 Y1.0017 I-0.3611 J-0.0738
N42295 G1 Y-1.0017
N42300 X2.0373 Y-1.0254
N42305 X2.0367 Y-1.0334
N42310 X2.0358 Y-1.0413
N42315 X2.0335 Y-1.0761
N42320 X2.0288 Y-1.1107
N42325 X2.019 Y-1.1441
N42330 X2.0031 Y-1.1752
N42335 X1.9816 Y-1.2027
N42340 G2 X1.9474 Y-1.2332 I-1.657 J1.8271
N42345 G3 X1.9485 Y-1.2665 Z-1.1732 I0.0173 J-0.0161
N42350 X1.9861 Y-1.2592 I0.0161 J0.0172
N42355 G1 X2.0806 Y-1.0547
N42360 G3 X2.0627 Y-1.0214 I-0.0214 J0.0099
N42365 X2.0358 Y-1.0413 Z-1.1811 I-0.0035 J-0.0234
N42370 G2 X2.0257 Y-1.1046 I-0.8476 J0.1029
N42375 G1 X2.0204 Y-1.1213
N42380 G2 X1.9847 Y-1.1918 I-0.6115 J0.2659
N42385 X1.957 Y-1.2235 I-0.1524 J0.1053
N42390 G1 X1.9333 Y-1.2473
N42395 G2 X1.8936 Y-1.2756 I-0.1059 J0.1061
N42400 G1 X1.8699 Y-1.2877
N42405 G2 X1.7986 Y-1.3116 I-0.0942 J0.1628
N42410 G1 X1.7748 Y-1.3154
N42415 X1.751 Y-1.3185
N42420 X1.7431 Y-1.3187
N42425 X1.7273 Y-1.3189
N42430 X1.5926
N42435 X-1.7193
N42440 G2 X-1.7986 Y-1.3116 I-0.0086 J0.3389
N42445 X-1.8718 Y-1.2867 I0.0229 J0.1874
N42450 X-1.9175 Y-1.2611 I0.1131 J0.2556
N42455 X-1.9791 Y-1.1997 I0.3656 J0.4287
N42460 X-2.0056 Y-1.1526 I0.2432 J0.1677
N42465 G1 X-2.0075 Y-1.1497
N42470 X-2.0098 Y-1.1472
N42475 X-2.0124 Y-1.1449
N42480 X-2.0153 Y-1.1431
N42485 X-2.0185 Y-1.1418
N42490 X-2.0218 Y-1.1409
N42495 X-2.0252 Y-1.1405
N42500 X-2.0286 Y-1.1406
N42505 X-2.032 Y-1.1411
N42510 X-2.0356 Y-1.142 Z-1.1808
N42515 X-2.0391 Y-1.1429 Z-1.1799
N42520 X-2.0424 Y-1.1437 Z-1.1785
N42525 X-2.0455 Y-1.1445 Z-1.1766
N42530 X-2.0482 Y-1.1452 Z-1.1742
N42535 X-2.0505 Y-1.1458 Z-1.1714
N42540 X-2.0524 Y-1.1462 Z-1.1682
N42545 X-2.0538 Y-1.1466 Z-1.1648
N42550 X-2.0546 Y-1.1468 Z-1.1612
N42555 X-2.0549 Y-1.1469 Z-1.1575
N42560 Z0.5906
(WHEN USING FUSION FOR PERSONAL USE, THE FEEDRATE OF RAPID)
(MOVES IS REDUCED TO MATCH THE FEEDRATE OF CUTTING MOVES,)
(WHICH CAN INCREASE MACHINING TIME. UNRESTRICTED RAPID MOVES)
(ARE AVAILABLE WITH A FUSION SUBSCRIPTION.)
(2D CONTOUR6 2)
N42565 G64 P0.0004 Q0.0004
N42570 G0 X0.372 Y-1.0472
N42575 G1 Z0.5906 F151.949
N42580 Z0.1969
N42585 Z-0.4488 F13.123
N42590 G18 G2 X0.3957 Z-0.4724 I0.0236 K0. F151.949
N42595 G1 X0.4193
N42600 G17 G3 X0.4429 Y-1.0236 I0. J0.0236
N42605 G1 Y1.0236
N42610 G2 X0.7185 Y1.2992 I0.2756 J0.
N42615 G1 X1.7421
N42620 G2 X2.0177 Y1.0236 I0. J-0.2756
N42625 G1 Y-1.0236
N42630 G2 X1.7421 Y-1.2992 I-0.2756 J0.
N42635 G1 X0.7185
N42640 G2 X0.4429 Y-1.0236 I0. J0.2756
N42645 G3 X0.4193 Y-1. I-0.0236 J0.
N42650 G1 X0.3957
N42655 G18 G3 X0.372 Z-0.4488 I0. K0.0236
N42660 G1 Z0.1969
N42665 X0.061 Y1.0472
N42670 Z-0.4488 F13.123
N42675 G3 X0.0374 Z-0.4724 I-0.0236 K0. F151.949
N42680 G1 X0.0138
N42685 G17 G3 X-0.0098 Y1.0236 I0. J-0.0236
N42690 G1 Y-1.0236
N42695 G2 X-0.2854 Y-1.2992 I-0.2756 J0.
N42700 G1 X-0.9941
N42705 G2 X-1.2697 Y-1.0236 I0. J0.2756
N42710 G1 Y1.0236
N42715 G2 X-0.9941 Y1.2992 I0.2756 J0.
N42720 G1 X-0.2854
N42725 G2 X-0.0098 Y1.0236 I0. J-0.2756
N42730 G3 X0.0138 Y1. I0.0236 J0.
N42735 G1 X0.0374
N42740 G18 G2 X0.061 Z-0.4488 I0. K0.0236
N42745 G1 Z0.5906
N42750 G17
(WHEN USING FUSION FOR PERSONAL USE, THE FEEDRATE OF RAPID)
(MOVES IS REDUCED TO MATCH THE FEEDRATE OF CUTTING MOVES,)
(WHICH CAN INCREASE MACHINING TIME. UNRESTRICTED RAPID MOVES)
(ARE AVAILABLE WITH A FUSION SUBSCRIPTION.)
(2D CONTOUR6 3)
N42755 G0 X-1.7657 Y1.3701
N42760 G1 Z0.5906 F151.949
N42765 Z0.1969
N42770 Z-1.1575 F13.123
N42775 G19 G2 Y1.3465 Z-1.1811 J-0.0236 K0. F151.949
N42780 G1 Y1.3228
N42785 G17 G3 X-1.7421 Y1.2992 I0.0236 J0.
N42790 G1 X1.7421
N42795 G2 X2.0177 Y1.0236 I0. J-0.2756
N42800 G1 Y-1.0236
N42805 G2 X1.7421 Y-1.2992 I-0.2756 J0.
N42810 G1 X-1.7421
N42815 G2 X-2.0177 Y-1.0236 I0. J0.2756
N42820 G1 Y1.0236
N42825 G2 X-1.7421 Y1.2992 I0.2756 J0.
N42830 G3 X-1.7185 Y1.3228 I0. J0.0236
N42835 G1 Y1.3465
N42840 G19 G3 Y1.3701 Z-1.1575 J0. K0.0236
N42845 G1 Z0.5906
N42850 G17
N42855 M5
N42860 G53 G0 Z0.
N42865 M30
%
