%
(1001)
(MACHINE)
(  VENDOR PRINTNC)
(  MODEL PRINTNC V4 METALCUTTER)
(  DESCRIPTION GENERIC 3-AXIS ROUTER)
(T8 D=0.2362 CR=0. - ZMIN=-0.5902 - FLAT END MILL)
N10 G90 G94 G17 G91.1
N15 G20
(WHEN USING FUSION FOR PERSONAL USE, THE FEEDRATE OF RAPID)
(MOVES IS REDUCED TO MATCH THE FEEDRATE OF CUTTING MOVES,)
(WHICH CAN INCREASE MACHINING TIME. UNRESTRICTED RAPID MOVES)
(ARE AVAILABLE WITH A FUSION SUBSCRIPTION.)
N20 G53 G0 Z0.
(ADAPTIVE2)
N25 T8 M6
N30 S24000 M3
N35 G17 G90 G94
N40 G54
N45 G64 P0.0039 Q0.0039
N50 G0 X-1.7098 Y-1.3352
N55 G43 Z0.5906 H8
N60 G1 Z0.1969 F75.974
N65 Z-0.0945
N70 Z-0.1181
N75 Y-1.335 Z-0.1218
N80 X-1.7095 Y-1.3341 Z-0.1254
N85 X-1.7092 Y-1.3327 Z-0.1288
N90 X-1.7087 Y-1.3309 Z-0.132
N95 X-1.7081 Y-1.3285 Z-0.1348
N100 X-1.7074 Y-1.3258 Z-0.1372
N105 X-1.7066 Y-1.3227 Z-0.1392
N110 X-1.7058 Y-1.3194 Z-0.1406
N115 X-1.7049 Y-1.3159 Z-0.1414
N120 X-1.704 Y-1.3124 Z-0.1417
N125 G3 X-1.6855 Y-1.1838 I-0.5842 J0.1496
N130 G1 Y-1.1781
N135 X-1.7064 Y-1.1502
N140 X-1.7221 Y-1.119
N145 X-1.7333 Y-1.086
N150 X-1.7412 Y-1.052
N155 X-1.7465 Y-1.0175
N160 X-1.75 Y-0.9828
N165 X-1.7523 Y-0.948
N170 X-1.7537 Y-0.9132
N175 X-1.7547 Y-0.8783
N180 X-1.7553 Y-0.8434
N185 X-1.7557 Y-0.8085
N190 X-1.7559 Y-0.7736
N195 X-1.7561 Y-0.7388
N200 X-1.7562 Y-0.669
N205 X-1.7563 Y-0.5294
N210 Y0.7963
N215 Y0.9707
N220 X-1.7561 Y0.9794
N225 X-1.755 Y0.9881
N230 X-1.7472 Y1.0221
N235 X-1.7284 Y1.0514
N240 X-1.7028 Y1.0751
N245 X-1.6729 Y1.0932
N250 X-1.6406 Y1.1064
N255 X-1.607 Y1.1157
N260 X-1.5727 Y1.1221
N265 X-1.5381 Y1.1264
N270 X-1.5033 Y1.1292
N275 X-1.4685 Y1.1311
N280 X-1.4336 Y1.1322
N285 X-1.3988 Y1.133
N290 X-1.3639 Y1.1335
N295 X-1.329 Y1.1338
N300 X-1.2941 Y1.134
N305 X-1.2592 Y1.1341
N310 X-1.1894 Y1.1342
N315 X-1.0499 Y1.1343
N320 X-0.0382
N325 X1.6015
N330 X1.6188 Y1.1319
N335 X1.6518 Y1.1207
N340 X1.6798 Y1.0999
N345 X1.7021 Y1.073
N350 X1.7189 Y1.0425
N355 X1.7311 Y1.0098
N360 X1.7396 Y0.976
N365 X1.7454 Y0.9416
N370 X1.7493 Y0.9069
N375 X1.7518 Y0.8721
N380 X1.7535 Y0.8372
N385 X1.7545 Y0.8024
N390 X1.7552 Y0.7675
N395 X1.7556 Y0.7326
N400 X1.7559 Y0.6977
N405 X1.7561 Y0.6628
N410 X1.7562 Y0.6279
N415 X1.7563 Y0.5582
N420 Y0.3837
N425 Y-0.9768
N430 X1.7545 Y-0.9942
N435 X1.7442 Y-1.0275
N440 X1.724 Y-1.0559
N445 X1.6974 Y-1.0786
N450 X1.6671 Y-1.0958
N455 X1.6345 Y-1.1083
N460 X1.6007 Y-1.117
N465 X1.5664 Y-1.123
N470 X1.5317 Y-1.127
N475 X1.4969 Y-1.1296
N480 X1.4621 Y-1.1313
N485 X1.4272 Y-1.1324
N490 X1.3923 Y-1.1331
N495 X1.3574 Y-1.1335
N500 X1.3225 Y-1.1338
N505 X1.2877 Y-1.134
N510 X1.2528 Y-1.1341
N515 X1.183 Y-1.1342
N520 X1.0086 Y-1.1343
N525 X-0.2822
N530 X-1.5382
N535 X-1.5726 Y-1.1289
N540 X-1.6039 Y-1.1134
N545 X-1.6304 Y-1.0908
N550 X-1.6518 Y-1.0632
N555 X-1.6683 Y-1.0324
N560 X-1.6806 Y-0.9998
N565 X-1.6895 Y-0.9661
N570 X-1.6958 Y-0.9318
N575 X-1.7002 Y-0.8971
N580 X-1.7032 Y-0.8624
N585 X-1.7052 Y-0.8276
N590 X-1.7065 Y-0.7927
N595 X-1.7074 Y-0.7578
N600 X-1.708 Y-0.7229
N605 X-1.7084 Y-0.6881
N610 X-1.7086 Y-0.6532
N615 X-1.7088 Y-0.6183
N620 X-1.709 Y-0.5485
N625 Y-0.4787
N630 X-1.7091 Y-0.2345
N635 Y0.8818
N640 X-1.7086 Y0.9167
N645 X-1.6994 Y0.9504
N650 X-1.6821 Y0.9807
N655 X-1.6587 Y1.0066
N660 X-1.6309 Y1.0276
N665 X-1.6002 Y1.0441
N670 X-1.5676 Y1.0566
N675 X-1.534 Y1.0659
N680 X-1.4997 Y1.0725
N685 X-1.4651 Y1.0772
N690 X-1.4304 Y1.0804
N695 X-1.3956 Y1.0826
N700 X-1.3607 Y1.0841
N705 X-1.3258 Y1.0851
N710 X-1.291 Y1.0857
N715 X-1.2561 Y1.0862
N720 X-1.2212 Y1.0865
N725 X-1.1863 Y1.0867
N730 X-1.1514 Y1.0868
N735 X-1.0817 Y1.0869
N740 X-0.9421 Y1.087
N745 X0.8022
N750 X1.5
N755 X1.5349 Y1.0868
N760 X1.5687 Y1.0786
N765 X1.5995 Y1.0622
N770 X1.6259 Y1.0394
N775 X1.6476 Y1.012
N780 X1.6646 Y0.9815
N785 X1.6775 Y0.9491
N790 X1.687 Y0.9156
N795 X1.6939 Y0.8814
N800 X1.6987 Y0.8468
N805 X1.7021 Y0.8121
N810 X1.7044 Y0.7773
N815 X1.706 Y0.7424
N820 X1.707 Y0.7076
N825 X1.7077 Y0.6727
N830 X1.7082 Y0.6378
N835 X1.7085 Y0.6029
N840 X1.7087 Y0.568
N845 X1.7088 Y0.5331
N850 X1.709 Y0.4634
N855 X1.7091 Y0.3238
N860 Y-0.0948
N865 Y-0.8972
N870 X1.7049 Y-0.9319
N875 X1.692 Y-0.9643
N880 X1.6719 Y-0.9927
N885 X1.6463 Y-1.0165
N890 X1.617 Y-1.0355
N895 X1.5854 Y-1.0501
N900 X1.5522 Y-1.0611
N905 X1.5183 Y-1.0691
N910 X1.4839 Y-1.0747
N915 X1.4492 Y-1.0787
N920 X1.4144 Y-1.0815
N925 X1.3796 Y-1.0833
N930 X1.3447 Y-1.0846
N935 X1.3098 Y-1.0854
N940 X1.275 Y-1.086
N945 X1.2401 Y-1.0863
N950 X1.2052 Y-1.0866
N955 X1.1703 Y-1.0867
N960 X1.1005 Y-1.0869
N965 X0.9959 Y-1.087
N970 X0.6121
N975 X-1.3764
N980 X-1.4462
N985 X-1.4811 Y-1.0861
N990 X-1.5149 Y-1.0774
N995 X-1.5457 Y-1.0612
N1000 X-1.5724 Y-1.0387
N1005 X-1.5946 Y-1.0118
N1010 X-1.6123 Y-0.9817
N1015 X-1.626 Y-0.9496
N1020 X-1.6363 Y-0.9163
N1025 X-1.6439 Y-0.8823
N1030 X-1.6494 Y-0.8478
N1035 X-1.6533 Y-0.8131
N1040 X-1.656 Y-0.7784
N1045 X-1.6579 Y-0.7435
N1050 X-1.6592 Y-0.7087
N1055 X-1.66 Y-0.6738
N1060 X-1.6606 Y-0.6389
N1065 X-1.661 Y-0.604
N1070 X-1.6613 Y-0.5691
N1075 X-1.6615 Y-0.5343
N1080 X-1.6616 Y-0.4994
N1085 X-1.6617 Y-0.4296
N1090 X-1.6618 Y-0.29
N1095 X-1.6619 Y0.7217
N1100 X-1.6618 Y0.8263
N1105 X-1.6588 Y0.8611
N1110 X-1.6484 Y0.8944
N1115 X-1.6309 Y0.9246
N1120 X-1.6078 Y0.9507
N1125 X-1.5805 Y0.9725
N1130 X-1.5503 Y0.9899
N1135 X-1.5182 Y1.0034
N1140 X-1.4848 Y1.0137
N1145 X-1.4508 Y1.0213
N1150 X-1.4163 Y1.0268
N1155 X-1.3817 Y1.0308
N1160 X-1.3469 Y1.0336
N1165 X-1.3121 Y1.0356
N1170 X-1.2772 Y1.0369
N1175 X-1.2423 Y1.0378
N1180 X-1.2074 Y1.0385
N1185 X-1.1726 Y1.0389
N1190 X-1.1377 Y1.0392
N1195 X-1.1028 Y1.0394
N1200 X-1.0679 Y1.0395
N1205 X-0.9981 Y1.0397
N1210 X-0.8586 Y1.0398
N1215 X0.1183
N1220 X1.4439
N1225 X1.4788 Y1.0375
N1230 X1.5123 Y1.0281
N1235 X1.543 Y1.0114
N1240 X1.5697 Y0.989
N1245 X1.592 Y0.9621
N1250 X1.6099 Y0.9322
N1255 X1.6239 Y0.9003
N1260 X1.6346 Y0.867
N1265 X1.6425 Y0.8331
N1270 X1.6483 Y0.7987
N1275 X1.6524 Y0.764
N1280 X1.6553 Y0.7293
N1285 X1.6574 Y0.6944
N1290 X1.6588 Y0.6596
N1295 X1.6598 Y0.6247
N1300 X1.6605 Y0.5898
N1305 X1.6609 Y0.5549
N1310 X1.6612 Y0.52
N1315 X1.6614 Y0.4852
N1320 X1.6616 Y0.4503
N1325 X1.6617 Y0.3805
N1330 X1.6618 Y0.241
N1335 X1.6619 Y-0.8056
N1340 X1.6614 Y-0.8405
N1345 X1.6554 Y-0.8749
N1350 X1.6419 Y-0.9071
N1355 X1.622 Y-0.9357
N1360 X1.597 Y-0.9601
N1365 X1.5684 Y-0.98
N1370 X1.5373 Y-0.9958
N1375 X1.5046 Y-1.0079
N1380 X1.4709 Y-1.017
N1385 X1.4366 Y-1.0237
N1390 X1.4021 Y-1.0286
N1395 X1.3674 Y-1.032
N1400 X1.3326 Y-1.0345
N1405 X1.2977 Y-1.0362
N1410 X1.2629 Y-1.0373
N1415 X1.228 Y-1.0381
N1420 X1.1931 Y-1.0387
N1425 X1.1582 Y-1.039
N1430 X1.1233 Y-1.0393
N1435 X1.0884 Y-1.0395
N1440 X1.0187 Y-1.0396
N1445 X0.914 Y-1.0398
N1450 X0.5651
N1455 X-0.9001
N1460 X-1.3536
N1465 X-1.3885
N1470 X-1.4233 Y-1.0376
N1475 X-1.4571 Y-1.0287
N1480 X-1.4882 Y-1.0129
N1485 X-1.5155 Y-0.9912
N1490 X-1.5386 Y-0.965
N1495 X-1.5574 Y-0.9357
N1500 X-1.5723 Y-0.9041
N1505 X-1.5838 Y-0.8712
N1510 X-1.5924 Y-0.8374
N1515 X-1.5988 Y-0.8031
N1520 X-1.6035 Y-0.7685
N1525 X-1.6068 Y-0.7338
N1530 X-1.6092 Y-0.699
N1535 X-1.6109 Y-0.6641
N1540 X-1.612 Y-0.6293
N1545 X-1.6129 Y-0.5944
N1550 X-1.6134 Y-0.5595
N1555 X-1.6138 Y-0.5246
N1560 X-1.6141 Y-0.4897
N1565 X-1.6142 Y-0.4548
N1570 X-1.6144 Y-0.3851
N1575 X-1.6146 Y-0.2804
N1580 Y-0.0013
N1585 Y0.3476
N1590 Y0.7313
N1595 X-1.6145 Y0.7662
N1600 X-1.6113 Y0.8009
N1605 X-1.6016 Y0.8345
N1610 X-1.5854 Y0.8653
N1615 X-1.5635 Y0.8925
N1620 X-1.5372 Y0.9155
N1625 X-1.5079 Y0.9343
N1630 X-1.4763 Y0.9492
N1635 X-1.4434 Y0.9608
N1640 X-1.4097 Y0.9696
N1645 X-1.3754 Y0.9761
N1650 X-1.3408 Y0.9809
N1655 X-1.3061 Y0.9844
N1660 X-1.2713 Y0.9868
N1665 X-1.2365 Y0.9886
N1670 X-1.2016 Y0.9898
N1675 X-1.1944 Y0.99
N1680 X-1.1885 Y0.9903
N1685 X-1.1826 Y0.9909
N1690 X-1.1768 Y0.9919
N1695 X-1.1688 Y0.9935
N1700 X-1.153 Y0.9954
N1705 X-1.1371 Y0.9972
N1710 X-1.1054 Y1.0008
N1715 X-1.0975 Y1.0015
N1720 X-1.0896 Y1.0019
N1725 X-1.0658 Y1.002
N1730 X-0.4873
N1735 X-0.4636 Y1.0016
N1740 X-0.4557 Y1.0007
N1745 X-0.4209 Y0.9974
N1750 X-0.3861 Y0.9956
N1755 X-0.3512 Y0.9945
N1760 X-0.3163 Y0.9938
N1765 X-0.2814 Y0.9933
N1770 X-0.2466 Y0.993
N1775 X-0.2117 Y0.9929
N1780 X-0.1768 Y0.9927
N1785 X-0.107 Y0.9926
N1790 X0.0674
N1795 X0.3971
N1800 X0.4029 Y0.9927
N1805 X0.4086 Y0.9933
N1810 X0.4142 Y0.9943
N1815 X0.416 Y0.9946
N1820 X0.4398 Y0.9984
N1825 X0.4557 Y1.0007
N1830 X0.4636 Y1.0016
N1835 X0.4873 Y1.002
N1840 X1.0658
N1845 X1.0896 Y1.0019
N1850 X1.0975 Y1.0015
N1855 X1.1054 Y1.0008
N1860 X1.1403 Y0.9987
N1865 X1.1751 Y0.9963
N1870 X1.2099 Y0.9949
N1875 X1.2448 Y0.994
N1880 X1.2797 Y0.9935
N1885 X1.3146 Y0.9931
N1890 X1.3844 Y0.9927
N1895 X1.4191 Y0.9901
N1900 X1.4529 Y0.9811
N1905 X1.4841 Y0.9656
N1910 X1.5117 Y0.9442
N1915 X1.5351 Y0.9184
N1920 X1.5544 Y0.8893
N1925 X1.5697 Y0.858
N1930 X1.5817 Y0.8252
N1935 X1.5908 Y0.7915
N1940 X1.5975 Y0.7573
N1945 X1.6025 Y0.7227
N1950 X1.6061 Y0.688
N1955 X1.6086 Y0.6533
N1960 X1.6105 Y0.6184
N1965 X1.6117 Y0.5835
N1970 X1.6126 Y0.5487
N1975 X1.6132 Y0.5138
N1980 X1.6137 Y0.4789
N1985 X1.614 Y0.444
N1990 X1.6142 Y0.4091
N1995 X1.6143 Y0.3742
N2000 X1.6145 Y0.3045
N2005 X1.6146 Y0.1998
N2010 Y-0.1839
N2015 Y-0.6026
N2020 Y-0.7421
N2025 X1.6141 Y-0.777
N2030 X1.609 Y-0.8115
N2035 X1.5972 Y-0.8444
N2040 X1.5791 Y-0.8742
N2045 X1.5557 Y-0.9
N2050 X1.5284 Y-0.9217
N2055 X1.4982 Y-0.9393
N2060 X1.4662 Y-0.9531
N2065 X1.433 Y-0.9638
N2070 X1.399 Y-0.9718
N2075 X1.3647 Y-0.9778
N2080 X1.33 Y-0.9821
N2085 X1.2953 Y-0.9852
N2090 X1.2605 Y-0.9874
N2095 X1.2256 Y-0.989
N2100 X1.1937 Y-0.99
N2105 X1.188 Y-0.9903
N2110 X1.1824 Y-0.991
N2115 X1.1768 Y-0.9919
N2120 X1.1688 Y-0.9935
N2125 X1.153 Y-0.9954
N2130 X1.1371 Y-0.9972
N2135 X1.1054 Y-1.0008
N2140 X1.0975 Y-1.0015
N2145 X1.0896 Y-1.0019
N2150 X1.0658 Y-1.002
N2155 X-1.0658
N2160 X-1.0896 Y-1.0019
N2165 X-1.0975 Y-1.0015
N2170 X-1.1054 Y-1.0008
N2175 X-1.1403 Y-0.9987
N2180 X-1.1751 Y-0.9963
N2185 X-1.2099 Y-0.9949
N2190 X-1.2448 Y-0.994
N2195 X-1.2797 Y-0.9935
N2200 X-1.3146 Y-0.9931
N2205 X-1.3495 Y-0.9922
N2210 X-1.3839 Y-0.9866
N2215 X-1.4166 Y-0.9745
N2220 X-1.4464 Y-0.9563
N2225 X-1.4724 Y-0.933
N2230 X-1.4942 Y-0.9058
N2235 X-1.512 Y-0.8758
N2240 X-1.5261 Y-0.8439
N2245 X-1.537 Y-0.8108
N2250 X-1.5453 Y-0.7769
N2255 X-1.5515 Y-0.7426
N2260 X-1.556 Y-0.708
N2265 X-1.5593 Y-0.6732
N2270 X-1.5617 Y-0.6384
N2275 X-1.5634 Y-0.6036
N2280 X-1.5646 Y-0.5687
N2285 X-1.5654 Y-0.5338
N2290 X-1.566 Y-0.499
N2295 X-1.5664 Y-0.4641
N2300 X-1.5667 Y-0.4292
N2305 X-1.5669 Y-0.3943
N2310 X-1.5671 Y-0.3594
N2315 X-1.5672 Y-0.2896
N2320 X-1.5673 Y-0.185
N2325 X-1.5674 Y0.1988
N2330 Y0.6523
N2335 X-1.5673 Y0.6872
N2340 X-1.5666 Y0.7221
N2345 X-1.5614 Y0.7566
N2350 X-1.5499 Y0.7895
N2355 X-1.5323 Y0.8196
N2360 X-1.5095 Y0.846
N2365 X-1.4827 Y0.8684
N2370 X-1.4531 Y0.8868
N2375 X-1.4214 Y0.9014
N2380 X-1.3884 Y0.9128
N2385 X-1.3547 Y0.9216
N2390 X-1.334 Y0.9255
N2395 X-1.3236 Y0.9282
N2400 X-1.3136 Y0.9321
N2405 X-1.3041 Y0.9373
N2410 X-1.2798 Y0.9525
N2415 X-1.2719 Y0.9572
N2420 X-1.2639 Y0.9613
N2425 X-1.2481 Y0.9678
N2430 X-1.2402 Y0.9709
N2435 X-1.1926 Y0.9875
N2440 X-1.1847 Y0.9899
N2445 X-1.1768 Y0.9919
N2450 G3 X-1.1672 Y0.9974 Z-0.1394 I-0.0067 J0.0227
N2455 G2 X-1.1479 Y1.0148 Z-0.1339 I0.3548 J-0.3747
N2460 X-1.0176 Y1.0962 I0.3355 J-0.3921
N2465 G1 X-1.0147 Y1.0972
N2470 X-1.0117 Y1.0979
N2475 X-1.0086 Y1.0981
N2480 X-0.6284 Y1.103
N2485 X-0.6253 Y1.1028
N2490 X-0.6223 Y1.1022
N2495 X-0.6193 Y1.1013
N2500 G2 X-0.4855 Y1.022 I-0.1931 J-0.4786
N2505 X-0.4673 Y1.0064 Z-0.139 I-0.3269 J-0.3993
N2510 G3 X-0.4557 Y1.0007 Z-0.1417 I0.0158 J0.0176
N2515 G1 X-0.4398 Y0.9984
N2520 X-0.4159 Y0.9946
N2525 X-0.4081 Y0.993
N2530 X-0.4002 Y0.9911
N2535 X-0.3923 Y0.9885
N2540 X-0.3878 Y0.9867
N2545 X-0.3708 Y0.9788
N2550 X-0.3577 Y0.9734
N2555 X-0.3478 Y0.97
N2560 X-0.3354 Y0.9663
N2565 X-0.3194 Y0.9624
N2570 X-0.2982 Y0.9583
N2575 X-0.2684 Y0.954
N2580 X-0.2336 Y0.9508
N2585 X-0.1988 Y0.9488
N2590 X-0.1639 Y0.9475
N2595 X-0.1291 Y0.9467
N2600 X-0.0942 Y0.9462
N2605 X-0.0593 Y0.9459
N2610 X-0.0244 Y0.9457
N2615 X0.0105 Y0.9455
N2620 X0.0803 Y0.9454
N2625 X0.2198 Y0.9453
N2630 X0.2871
N2635 X0.2994 Y0.9462
N2640 X0.3115 Y0.9488
N2645 X0.3231 Y0.9532
N2650 X0.334 Y0.9591
N2655 X0.3399 Y0.9629
N2660 X0.3447 Y0.9655
N2665 X0.3685 Y0.9777
N2670 X0.3808 Y0.9834
N2675 G3 X0.3922 Y1.0148 Z-0.1339 I-0.01 J0.0214
N2680 X0.371 Y1.0284 I-0.0214 J-0.01
N2685 G1 X-0.3742 Y1.0361
N2690 G3 X-0.3967 Y1.0043 I-0.0002 J-0.0236
N2695 G1 X-0.3955 Y1.0017 Z-0.1345
N2700 X-0.394 Y0.9992 Z-0.1351
N2705 G3 X-0.3708 Y0.9788 Z-0.1417 I0.0515 J0.0351
N2710 G1 X-0.3685 Y0.9777
N2715 X-0.3447 Y0.9655
N2720 X-0.3399 Y0.9629
N2725 X-0.3276 Y0.955
N2730 X-0.3209 Y0.9501
N2735 X-0.3162 Y0.9466
N2740 X-0.3112 Y0.9434
N2745 X-0.3051 Y0.9399
N2750 X-0.2977 Y0.9362
N2755 X-0.2896 Y0.9325
N2760 X-0.2793 Y0.9285
N2765 X-0.2669 Y0.9243
N2770 X-0.2516 Y0.92
N2775 X-0.2323 Y0.9156
N2780 X-0.2066 Y0.9109
N2785 X-0.1721 Y0.9064
N2790 X-0.1373 Y0.9035
N2795 X-0.1025 Y0.9017
N2800 X-0.0676 Y0.9004
N2805 X-0.0327 Y0.8996
N2810 X0.0022 Y0.8991
N2815 X0.0371 Y0.8987
N2820 X0.0719 Y0.8985
N2825 X0.1068 Y0.8984
N2830 X0.1766 Y0.8982
N2835 X0.2115 Y0.8981
N2840 X0.2333 Y0.8984
N2845 X0.2467 Y0.8996
N2850 X0.2597 Y0.9028
N2855 X0.2721 Y0.9081
N2860 X0.2836 Y0.9152
N2865 X0.2938 Y0.9239
N2870 X0.2972 Y0.9274
N2875 X0.3011 Y0.9312
N2880 X0.3174 Y0.947
N2885 X0.3209 Y0.9501
N2890 X0.3276 Y0.955
N2895 X0.334 Y0.9591
N2900 G3 X0.3399 Y0.992 Z-0.1339 I-0.0135 J0.0194
N2905 X0.3201 Y1.0021 I-0.0194 J-0.0135
N2910 G1 X-0.3054 Y0.9911
N2915 G3 X-0.3223 Y0.9835 I0.0004 J-0.0236
N2920 X-0.3209 Y0.9501 Z-0.1417 I0.0174 J-0.016
N2925 G1 X-0.3174 Y0.947
N2930 X-0.3011 Y0.9312
N2935 X-0.2972 Y0.9274
N2940 X-0.2931 Y0.9233
N2945 X-0.291 Y0.921
N2950 X-0.2865 Y0.9167
N2955 X-0.282 Y0.9128
N2960 X-0.2774 Y0.9092
N2965 X-0.2717 Y0.9053
N2970 X-0.2655 Y0.9013
N2975 X-0.2582 Y0.8973
N2980 X-0.2491 Y0.8927
N2985 X-0.2389 Y0.8882
N2990 X-0.2269 Y0.8836
N2995 X-0.2121 Y0.8788
N3000 X-0.1946 Y0.874
N3005 X-0.1723 Y0.869
N3010 X-0.143 Y0.8639
N3015 X-0.1083 Y0.8597
N3020 X-0.0736 Y0.8568
N3025 X-0.0387 Y0.8549
N3030 X-0.0039 Y0.8536
N3035 X0.031 Y0.8527
N3040 X0.0659 Y0.8521
N3045 X0.1008 Y0.8517
N3050 X0.1357 Y0.8514
N3055 X0.1705 Y0.8513
N3060 X0.19 Y0.8519
N3065 X0.2045 Y0.853
N3070 X0.2051 Y0.8531
N3075 X0.2199 Y0.8563
N3080 X0.2338 Y0.862
N3085 X0.2466 Y0.8701
N3090 X0.2578 Y0.8802
N3095 X0.267 Y0.8921
N3100 X0.2717 Y0.8995
N3105 X0.2734 Y0.9017
N3110 X0.2782 Y0.9074
N3115 X0.2931 Y0.9233
N3120 X0.2938 Y0.9239
N3125 G3 X0.2925 Y0.9573 Z-0.1339 I-0.0173 J0.0161
N3130 X0.2763 Y0.9636 I-0.0161 J-0.0173
N3135 G1 X-0.2734 Y0.9602
N3140 G3 X-0.2888 Y0.9543 I0.0001 J-0.0236
N3145 X-0.291 Y0.921 Z-0.1417 I0.0156 J-0.0178
N3150 G1 X-0.2782 Y0.9074
N3155 X-0.2734 Y0.9017
N3160 X-0.2717 Y0.8995
N3165 X-0.2667 Y0.8916
N3170 X-0.2634 Y0.8867
N3175 X-0.2595 Y0.8822
N3180 X-0.2554 Y0.878
N3185 X-0.251 Y0.874
N3190 X-0.2464 Y0.8702
N3195 X-0.2406 Y0.8659
N3200 X-0.234 Y0.8615
N3205 X-0.2265 Y0.857
N3210 X-0.217 Y0.8519
N3215 X-0.207 Y0.8472
N3220 X-0.1946 Y0.842
N3225 X-0.1801 Y0.8368
N3230 X-0.1628 Y0.8315
N3235 X-0.1419 Y0.8262
N3240 X-0.115 Y0.8207
N3245 X-0.0805 Y0.8155
N3250 X-0.0458 Y0.8118
N3255 X-0.011 Y0.8093
N3260 X0.0238 Y0.8076
N3265 X0.0587 Y0.8064
N3270 X0.0935 Y0.8055
N3275 X0.1284 Y0.8051
N3280 X0.1498 Y0.8057
N3285 X0.1643 Y0.8067
N3290 X0.1777 Y0.8083
N3295 X0.1883 Y0.8102
N3300 X0.1891 Y0.8104
N3305 X0.2037 Y0.815
N3310 X0.2171 Y0.822
N3315 X0.2292 Y0.8314
N3320 X0.2394 Y0.8427
N3325 X0.2475 Y0.8556
N3330 X0.2578 Y0.8757
N3335 X0.2619 Y0.8836
N3340 X0.2667 Y0.8916
N3345 X0.267 Y0.8921
N3350 G3 X0.2588 Y0.9245 Z-0.1339 I-0.0203 J0.0121
N3355 X0.2467 Y0.9278 I-0.0121 J-0.0203
N3360 G1 X-0.246 Y0.9266
N3365 G3 X-0.2574 Y0.9236 I0.0001 J-0.0236
N3370 X-0.2667 Y0.8916 Z-0.1417 I0.0114 J-0.0207
N3375 G1 X-0.2619 Y0.8836
N3380 X-0.2575 Y0.8753
N3385 X-0.2515 Y0.8634
N3390 X-0.2483 Y0.8579
N3395 X-0.2451 Y0.853
N3400 X-0.2416 Y0.8483
N3405 X-0.2377 Y0.8438
N3410 X-0.2336 Y0.8395
N3415 X-0.229 Y0.8353
N3420 X-0.2235 Y0.8306
N3425 X-0.2175 Y0.826
N3430 X-0.2101 Y0.8209
N3435 X-0.2022 Y0.816
N3440 X-0.1922 Y0.8104
N3445 X-0.1815 Y0.8051
N3450 X-0.1684 Y0.7994
N3455 X-0.1532 Y0.7937
N3460 X-0.1353 Y0.7879
N3465 X-0.1142 Y0.7822
N3470 X-0.0875 Y0.7764
N3475 X-0.0531 Y0.7706
N3480 X-0.0185 Y0.7665
N3485 X0.0163 Y0.7636
N3490 X0.0511 Y0.7615
N3495 X0.086 Y0.7603
N3500 X0.1142 Y0.7604
N3505 X0.1316 Y0.7613
N3510 X0.1472 Y0.7629
N3515 X0.1581 Y0.7645
N3520 X0.1697 Y0.7668
N3525 X0.1742 Y0.768
N3530 X0.1884 Y0.7729
N3535 X0.2016 Y0.7802
N3540 X0.2132 Y0.7898
N3545 X0.223 Y0.8012
N3550 X0.2307 Y0.8141
N3555 X0.236 Y0.8282
N3560 X0.2387 Y0.8361
N3565 X0.2441 Y0.8484
N3570 X0.2456 Y0.8519
N3575 X0.2475 Y0.8556
N3580 G3 X0.2361 Y0.887 Z-0.1339 I-0.0214 J0.01
N3585 X0.2265 Y0.8892 I-0.01 J-0.0214
N3590 G1 X-0.2297 Y0.897
N3595 G3 X-0.2401 Y0.8948 I-0.0004 J-0.0236
N3600 X-0.2515 Y0.8634 Z-0.1417 I0.01 J-0.0214
N3605 G1 X-0.2456 Y0.8519
N3610 X-0.2417 Y0.8429
N3615 X-0.2387 Y0.8361
N3620 X-0.2372 Y0.8317
N3625 X-0.235 Y0.8263
N3630 X-0.2322 Y0.821
N3635 X-0.2291 Y0.816
N3640 X-0.2256 Y0.8113
N3645 X-0.2219 Y0.8067
N3650 X-0.2179 Y0.8023
N3655 X-0.213 Y0.7975
N3660 X-0.2078 Y0.7927
N3665 X-0.2012 Y0.7874
N3670 X-0.1943 Y0.7822
N3675 X-0.1856 Y0.7765
N3680 X-0.1765 Y0.771
N3685 X-0.1649 Y0.7648
N3690 X-0.1529 Y0.7591
N3695 X-0.1372 Y0.7526
N3700 X-0.1207 Y0.7467
N3705 X-0.0999 Y0.7404
N3710 X-0.0755 Y0.7342
N3715 X-0.0453 Y0.7281
N3720 X-0.0108 Y0.7229
N3725 X0.0239 Y0.7192
N3730 X0.0573 Y0.717
N3735 X0.0843 Y0.7165
N3740 X0.1056 Y0.7172
N3745 X0.1213 Y0.7184
N3750 X0.1355 Y0.7203
N3755 X0.146 Y0.7221
N3760 X0.1571 Y0.7247
N3765 X0.1655 Y0.7271
N3770 X0.174 Y0.7299
N3775 X0.1756 Y0.7305
N3780 X0.1891 Y0.7372
N3785 X0.2012 Y0.7461
N3790 X0.2116 Y0.7569
N3795 X0.22 Y0.7694
N3800 X0.2261 Y0.7831
N3805 X0.2297 Y0.7977
N3810 X0.2308 Y0.8044
N3815 X0.2321 Y0.8123
N3820 X0.2338 Y0.8203
N3825 X0.236 Y0.8282
N3830 G3 X0.2185 Y0.8567 Z-0.1339 I-0.023 J0.0055
N3835 G1 X0.2159 Y0.8571
N3840 X0.2133 Y0.8573
N3845 X-0.2144 Y0.8624
N3850 X-0.2181 Y0.8622
N3855 X-0.2218 Y0.8613
N3860 G3 X-0.2372 Y0.8317 Z-0.1417 I0.0071 J-0.0225
N3865 G1 X-0.236 Y0.8282
N3870 X-0.2338 Y0.8202
N3875 X-0.2321 Y0.8123
N3880 X-0.2314 Y0.808
N3885 X-0.2301 Y0.8022
N3890 X-0.2283 Y0.7966
N3895 X-0.226 Y0.7911
N3900 X-0.2233 Y0.7859
N3905 X-0.2202 Y0.7808
N3910 X-0.2169 Y0.776
N3915 X-0.2133 Y0.7713
N3920 X-0.2091 Y0.7664
N3925 X-0.2042 Y0.7612
N3930 X-0.1985 Y0.7558
N3935 X-0.192 Y0.7501
N3940 X-0.1848 Y0.7444
N3945 X-0.1762 Y0.7383
N3950 X-0.1668 Y0.7322
N3955 X-0.1553 Y0.7256
N3960 X-0.1432 Y0.7194
N3965 X-0.1278 Y0.7125
N3970 X-0.1118 Y0.7062
N3975 X-0.0916 Y0.6993
N3980 X-0.069 Y0.6928
N3985 X-0.043 Y0.6867
N3990 X-0.0139 Y0.6814
N3995 X0.0153 Y0.6775
N4000 X0.0425 Y0.6752
N4005 X0.0654 Y0.6744
N4010 X0.0858 Y0.6747
N4015 X0.1034 Y0.6758
N4020 X0.1189 Y0.6775
N4025 X0.1309 Y0.6794
N4030 X0.1429 Y0.682
N4035 X0.1519 Y0.6843
N4040 X0.1616 Y0.6874
N4045 X0.1697 Y0.6904
N4050 X0.1768 Y0.6934
N4055 X0.1897 Y0.7011
N4060 X0.2011 Y0.711
N4065 X0.2106 Y0.7226
N4070 X0.2179 Y0.7357
N4075 X0.2228 Y0.7499
N4080 X0.2251 Y0.7648
N4085 X0.2272 Y0.7806
N4090 X0.2283 Y0.7885
N4095 X0.2297 Y0.7977
N4100 G3 X0.2092 Y0.824 Z-0.1339 I-0.0234 J0.0029
N4105 G1 X0.2069 Y0.8242
N4110 X-0.2074 Y0.8347
N4115 X-0.2111 Y0.8345
N4120 G3 X-0.2314 Y0.808 Z-0.1417 I0.0031 J-0.0234
N4125 G1 X-0.2308 Y0.8044
N4130 X-0.2283 Y0.7885
N4135 X-0.2272 Y0.7806
N4140 X-0.2266 Y0.7763
N4145 X-0.2256 Y0.7704
N4150 X-0.224 Y0.7648
N4155 X-0.222 Y0.7592
N4160 X-0.2195 Y0.7538
N4165 X-0.2167 Y0.7486
N4170 X-0.2136 Y0.7436
N4175 X-0.2101 Y0.7385
N4180 X-0.2062 Y0.7334
N4185 X-0.2016 Y0.7279
N4190 X-0.1962 Y0.7222
N4195 X-0.1902 Y0.7163
N4200 X-0.183 Y0.71
N4205 X-0.1753 Y0.7039
N4210 X-0.1659 Y0.6971
N4215 X-0.1559 Y0.6905
N4220 X-0.144 Y0.6836
N4225 X-0.1306 Y0.6766
N4230 X-0.1156 Y0.6697
N4235 X-0.0976 Y0.6625
N4240 X-0.0789 Y0.656
N4245 X-0.0575 Y0.6498
N4250 X-0.0342 Y0.6442
N4255 X-0.0104 Y0.6396
N4260 X0.0132 Y0.6364
N4265 X0.0359 Y0.6343
N4270 X0.0572 Y0.6334
N4275 X0.076 Y0.6336
N4280 X0.0931 Y0.6345
N4285 X0.1091 Y0.6362
N4290 X0.1231 Y0.6384
N4295 X0.1339 Y0.6406
N4300 X0.1452 Y0.6435
N4305 X0.154 Y0.6462
N4310 X0.1624 Y0.6492
N4315 X0.1708 Y0.6528
N4320 X0.1775 Y0.656
N4325 X0.1789 Y0.6567
N4330 X0.1918 Y0.6652
N4335 X0.203 Y0.676
N4340 X0.2122 Y0.6885
N4345 X0.2189 Y0.7025
N4350 X0.223 Y0.7175
N4355 X0.2244 Y0.7329
N4360 X0.2246 Y0.7568
N4365 X0.2251 Y0.7648
N4370 G3 X0.2024 Y0.7892 Z-0.1339 I-0.0236 J0.0009
N4375 G1 X0.2023
N4380 X-0.2023 Y0.802
N4385 X-0.2053 Y0.8019
N4390 G3 X-0.2266 Y0.7763 Z-0.1417 I0.0022 J-0.0235
N4395 G1 X-0.2252 Y0.7648
N4400 X-0.2246 Y0.7568
N4405 X-0.2245 Y0.7489
N4410 X-0.2242 Y0.743
N4415 X-0.2233 Y0.7372
N4420 X-0.2218 Y0.7315
N4425 X-0.2199 Y0.7259
N4430 X-0.2177 Y0.7204
N4435 X-0.215 Y0.7151
N4440 X-0.2121 Y0.71
N4445 X-0.2088 Y0.7048
N4450 X-0.2049 Y0.6992
N4455 X-0.2005 Y0.6935
N4460 X-0.1951 Y0.6873
N4465 X-0.1894 Y0.6812
N4470 X-0.1825 Y0.6747
N4475 X-0.1747 Y0.668
N4480 X-0.166 Y0.6611
N4485 X-0.1558 Y0.6539
N4490 X-0.1449 Y0.647
N4495 X-0.1323 Y0.6397
N4500 X-0.1178 Y0.6324
N4505 X-0.1026 Y0.6256
N4510 X-0.0853 Y0.6188
N4515 X-0.0663 Y0.6124
N4520 X-0.046 Y0.6066
N4525 X-0.0251 Y0.6018
N4530 X-0.004 Y0.598
N4535 X0.0168 Y0.5953
N4540 X0.037 Y0.5937
N4545 X0.0564 Y0.593
N4550 X0.0745 Y0.5933
N4555 X0.0912 Y0.5944
N4560 X0.1062 Y0.5961
N4565 X0.1203 Y0.5985
N4570 X0.1324 Y0.6011
N4575 X0.1428 Y0.6038
N4580 X0.1533 Y0.6071
N4585 X0.1612 Y0.6101
N4590 X0.1696 Y0.6137
N4595 X0.1773 Y0.6175
N4600 X0.1796 Y0.6187
N4605 X0.1923 Y0.6273
N4610 X0.2034 Y0.638
N4615 X0.2124 Y0.6505
N4620 X0.219 Y0.6644
N4625 X0.223 Y0.6793
N4630 X0.2244 Y0.6946
N4635 Y0.7329
N4640 G3 X0.2018 Y0.7557 Z-0.1342 I-0.0236 J-0.0008
N4645 G1 X0.2 Y0.7558 Z-0.1339
N4650 X-0.2 Y0.7719
N4655 X-0.2003
N4660 G3 X-0.2245 Y0.7489 Z-0.1417 I-0.0006 J-0.0236
N4665 G1 X-0.2244 Y0.7331
N4670 Y0.7172
N4675 X-0.2241 Y0.7113
N4680 X-0.2235 Y0.7055
N4685 X-0.2223 Y0.6997
N4690 X-0.2206 Y0.694
N4695 X-0.2186 Y0.6885
N4700 X-0.2162 Y0.683
N4705 X-0.2136 Y0.6778
N4710 X-0.2104 Y0.6722
N4715 X-0.2068 Y0.6666
N4720 X-0.2026 Y0.6606
N4725 X-0.1977 Y0.6543
N4730 X-0.1922 Y0.648
N4735 X-0.1857 Y0.6411
N4740 X-0.1785 Y0.6343
N4745 X-0.1704 Y0.6273
N4750 X-0.1609 Y0.6198
N4755 X-0.1508 Y0.6127
N4760 X-0.1392 Y0.6053
N4765 X-0.126 Y0.5978
N4770 X-0.112 Y0.5907
N4775 X-0.0967 Y0.5839
N4780 X-0.0798 Y0.5773
N4785 X-0.0617 Y0.5712
N4790 X-0.0427 Y0.5658
N4795 X-0.0232 Y0.5613
N4800 X-0.0034 Y0.5578
N4805 X0.0162 Y0.5553
N4810 X0.0354 Y0.5537
N4815 X0.054 Y0.5532
N4820 X0.0717 Y0.5535
N4825 X0.0884 Y0.5546
N4830 X0.1035 Y0.5563
N4835 X0.1176 Y0.5586
N4840 X0.1306 Y0.5615
N4845 X0.141 Y0.5642
N4850 X0.1521 Y0.5678
N4855 X0.1605 Y0.5709
N4860 X0.1687 Y0.5745
N4865 X0.1769 Y0.5785
N4870 X0.1833 Y0.582
N4875 X0.1951 Y0.5907
N4880 X0.2052 Y0.6013
N4885 X0.2134 Y0.6135
N4890 X0.2195 Y0.6269
N4895 X0.2232 Y0.6411
N4900 X0.2244 Y0.6557
N4905 Y0.6946
N4910 G3 X0.2021 Y0.7174 Z-0.1343 I-0.0236 J-0.0008
N4915 G1 X0.2 Y0.7175 Z-0.1339
N4920 X-0.1995 Y0.74
N4925 X-0.2
N4930 G3 X-0.2244 Y0.7172 Z-0.1417 I-0.0008 J-0.0236
N4935 G1 Y0.6812
N4940 X-0.2241 Y0.6753
N4945 X-0.2234 Y0.6694
N4950 X-0.2223 Y0.6636
N4955 X-0.2207 Y0.6579
N4960 X-0.2187 Y0.6524
N4965 X-0.2164 Y0.6469
N4970 X-0.2138 Y0.6414
N4975 X-0.2108 Y0.6359
N4980 X-0.2072 Y0.63
N4985 X-0.2029 Y0.6238
N4990 X-0.1982 Y0.6175
N4995 X-0.1925 Y0.6106
N5000 X-0.1862 Y0.6039
N5005 X-0.1791 Y0.5968
N5010 X-0.1707 Y0.5893
N5015 X-0.1619 Y0.5822
N5020 X-0.1517 Y0.5747
N5025 X-0.1401 Y0.567
N5030 X-0.1279 Y0.5598
N5035 X-0.1144 Y0.5526
N5040 X-0.0994 Y0.5456
N5045 X-0.0832 Y0.5389
N5050 X-0.066 Y0.5329
N5055 X-0.0482 Y0.5275
N5060 X-0.0298 Y0.5229
N5065 X-0.0109 Y0.5192
N5070 X0.0083 Y0.5164
N5075 X0.0274 Y0.5145
N5080 X0.0459 Y0.5136
N5085 X0.0637
N5090 X0.0803 Y0.5144
N5095 X0.0964 Y0.516
N5100 X0.1112 Y0.5182
N5105 X0.1249 Y0.5209
N5110 X0.1373 Y0.524
N5115 X0.1471 Y0.5269
N5120 X0.1574 Y0.5306
N5125 X0.1655 Y0.5339
N5130 X0.1734 Y0.5376
N5135 X0.1811 Y0.5417
N5140 X0.182 Y0.5422
N5145 X0.1941 Y0.5509
N5150 X0.2046 Y0.5616
N5155 X0.2131 Y0.5738
N5160 X0.2193 Y0.5874
N5165 X0.2231 Y0.6018
N5170 X0.2244 Y0.6167
N5175 Y0.6557
N5180 G3 X0.2023 Y0.6785 Z-0.1343 I-0.0236 J-0.0008
N5185 G1 X0.2 Y0.6786 Z-0.1339
N5190 X-0.1993 Y0.7039
N5195 X-0.2
N5200 G3 X-0.2244 Y0.6812 Z-0.1417 I-0.0008 J-0.0236
N5205 G1 Y0.6435
N5210 X-0.2241 Y0.6376
N5215 X-0.2234 Y0.6317
N5220 X-0.2223 Y0.6259
N5225 X-0.2207 Y0.6203
N5230 X-0.2188 Y0.6147
N5235 X-0.2165 Y0.6092
N5240 X-0.2139 Y0.6037
N5245 X-0.2108 Y0.598
N5250 X-0.2073 Y0.592
N5255 X-0.2029 Y0.5856
N5260 X-0.1982 Y0.5792
N5265 X-0.1926 Y0.5723
N5270 X-0.1862 Y0.5652
N5275 X-0.1792 Y0.5582
N5280 X-0.1709 Y0.5507
N5285 X-0.1618 Y0.5432
N5290 X-0.152 Y0.5358
N5295 X-0.1407 Y0.5282
N5300 X-0.1281 Y0.5206
N5305 X-0.115 Y0.5135
N5310 X-0.1007 Y0.5067
N5315 X-0.0851 Y0.5002
N5320 X-0.0684 Y0.4941
N5325 X-0.0509 Y0.4886
N5330 X-0.0327 Y0.484
N5335 X-0.0141 Y0.4801
N5340 X0.0046 Y0.4772
N5345 X0.0232 Y0.4753
N5350 X0.0416 Y0.4742
N5355 X0.0594 Y0.4741
N5360 X0.0767 Y0.4748
N5365 X0.0929 Y0.4762
N5370 X0.108 Y0.4783
N5375 X0.1218 Y0.4809
N5380 X0.1347 Y0.484
N5385 X0.1448 Y0.487
N5390 X0.1555 Y0.4907
N5395 X0.1637 Y0.494
N5400 X0.1719 Y0.4977
N5405 X0.1798 Y0.5018
N5410 X0.1814 Y0.5027
N5415 X0.1937 Y0.5114
N5420 X0.2043 Y0.5221
N5425 X0.2129 Y0.5344
N5430 X0.2192 Y0.5481
N5435 X0.2231 Y0.5626
N5440 X0.2244 Y0.5776
N5445 Y0.6167
N5450 G3 X0.2024 Y0.6394 Z-0.1344 I-0.0236 J-0.0008
N5455 G1 X0.2 Y0.6396 Z-0.1339
N5460 X-0.1992 Y0.6662
N5465 X-0.2 Y0.6663
N5470 G3 X-0.2244 Y0.6435 Z-0.1417 I-0.0008 J-0.0236
N5475 G1 Y0.6039
N5480 X-0.2241 Y0.598
N5485 X-0.2233 Y0.5921
N5490 X-0.2221 Y0.5863
N5495 X-0.2204 Y0.5807
N5500 X-0.2185 Y0.5751
N5505 X-0.2162 Y0.5697
N5510 X-0.2135 Y0.5641
N5515 X-0.2103 Y0.5581
N5520 X-0.2066 Y0.5521
N5525 X-0.2022 Y0.5455
N5530 X-0.1972 Y0.5389
N5535 X-0.1915 Y0.532
N5540 X-0.1848 Y0.5247
N5545 X-0.1776 Y0.5176
N5550 X-0.1694 Y0.5102
N5555 X-0.16 Y0.5025
N5560 X-0.1499 Y0.4951
N5565 X-0.1388 Y0.4877
N5570 X-0.1264 Y0.4802
N5575 X-0.1127 Y0.4729
N5580 X-0.0982 Y0.4661
N5585 X-0.0829 Y0.4598
N5590 X-0.0665 Y0.4539
N5595 X-0.0492 Y0.4486
N5600 X-0.0312 Y0.4441
N5605 X-0.0128 Y0.4404
N5610 X0.0059 Y0.4376
N5615 X0.0245 Y0.4357
N5620 X0.0429 Y0.4348
N5625 X0.0608 Y0.4347
N5630 X0.0781 Y0.4355
N5635 X0.0941 Y0.437
N5640 X0.1089 Y0.4392
N5645 X0.1228 Y0.4419
N5650 X0.1354 Y0.445
N5655 X0.1457 Y0.448
N5660 X0.1563 Y0.4517
N5665 X0.1643 Y0.455
N5670 X0.1728 Y0.4589
N5675 X0.1803 Y0.4629
N5680 X0.1818 Y0.4638
N5685 X0.194 Y0.4724
N5690 X0.2045 Y0.4831
N5695 X0.213 Y0.4954
N5700 X0.2193 Y0.509
N5705 X0.2231 Y0.5235
N5710 X0.2244 Y0.5384
N5715 Y0.5776
N5720 G3 X0.2023 Y0.6003 Z-0.1344 I-0.0236 J-0.0008
N5725 G1 X0.2 Y0.6005 Z-0.1339
N5730 X-0.1993 Y0.6266
N5735 X-0.2 Y0.6267
N5740 G3 X-0.2244 Y0.6039 Z-0.1417 I-0.0008 J-0.0236
N5745 G1 Y0.5666
N5750 X-0.2241 Y0.5607
N5755 X-0.2235 Y0.5549
N5760 X-0.2224 Y0.5491
N5765 X-0.2209 Y0.5434
N5770 X-0.219 Y0.5378
N5775 X-0.2168 Y0.5323
N5780 X-0.2143 Y0.5266
N5785 X-0.2113 Y0.521
N5790 X-0.2077 Y0.5148
N5795 X-0.2036 Y0.5085
N5800 X-0.1989 Y0.5019
N5805 X-0.1933 Y0.4949
N5810 X-0.1872 Y0.488
N5815 X-0.1801 Y0.4807
N5820 X-0.172 Y0.4731
N5825 X-0.1633 Y0.4657
N5830 X-0.1535 Y0.4583
N5835 X-0.1425 Y0.4506
N5840 X-0.1305 Y0.4432
N5845 X-0.1179 Y0.4361
N5850 X-0.1039 Y0.4292
N5855 X-0.0887 Y0.4226
N5860 X-0.0725 Y0.4165
N5865 X-0.0555 Y0.411
N5870 X-0.0379 Y0.4062
N5875 X-0.0198 Y0.4022
N5880 X-0.0013 Y0.3991
N5885 X0.0174 Y0.3969
N5890 X0.0358 Y0.3956
N5895 X0.0538 Y0.3952
N5900 X0.0711 Y0.3957
N5905 X0.0874 Y0.3969
N5910 X0.1031 Y0.3989
N5915 X0.1175 Y0.4014
N5920 X0.1308 Y0.4044
N5925 X0.1415 Y0.4074
N5930 X0.1525 Y0.411
N5935 X0.1614 Y0.4145
N5940 X0.1693 Y0.418
N5945 X0.1777 Y0.4222
N5950 X0.1826 Y0.425
N5955 X0.1954 Y0.4339
N5960 X0.2063 Y0.445
N5965 X0.2149 Y0.458
N5970 X0.2209 Y0.4724
N5975 X0.2242 Y0.4877
N5980 X0.2245 Y0.5032
N5985 X0.2244 Y0.527
N5990 Y0.5384
N5995 G3 X0.2025 Y0.5611 Z-0.1344 I-0.0236 J-0.0008
N6000 G1 X0.2 Y0.5613 Z-0.1339
N6005 X-0.1991 Y0.5894
N6010 X-0.2
N6015 G3 X-0.2244 Y0.5666 Z-0.1417 I-0.0008 J-0.0236
N6020 G1 Y0.527
N6025 X-0.2241 Y0.5211
N6030 X-0.2235 Y0.5153
N6035 X-0.2224 Y0.5095
N6040 X-0.2208 Y0.5038
N6045 X-0.2189 Y0.4982
N6050 X-0.2167 Y0.4927
N6055 X-0.2142 Y0.4871
N6060 X-0.2111 Y0.4812
N6065 X-0.2076 Y0.4752
N6070 X-0.2033 Y0.4687
N6075 X-0.1985 Y0.4621
N6080 X-0.193 Y0.4552
N6085 X-0.1866 Y0.4479
N6090 X-0.1796 Y0.4408
N6095 X-0.1717 Y0.4334
N6100 X-0.1627 Y0.4258
N6105 X-0.1528 Y0.4183
N6110 X-0.1421 Y0.4109
N6115 X-0.1301 Y0.4035
N6120 X-0.1169 Y0.3961
N6125 X-0.1028 Y0.3892
N6130 X-0.088 Y0.3828
N6135 X-0.0721 Y0.3768
N6140 X-0.0552 Y0.3714
N6145 X-0.0375 Y0.3667
N6150 X-0.0193 Y0.3627
N6155 X-0.0008 Y0.3596
N6160 X0.0177 Y0.3575
N6165 X0.0361 Y0.3562
N6170 X0.0542 Y0.3559
N6175 X0.0717 Y0.3564
N6180 X0.0883 Y0.3577
N6185 X0.1036 Y0.3597
N6190 X0.1178 Y0.3622
N6195 X0.1312 Y0.3652
N6200 X0.1423 Y0.3683
N6205 X0.1537 Y0.3722
N6210 X0.1628 Y0.3757
N6215 X0.1706 Y0.3792
N6220 X0.1791 Y0.3835
N6225 X0.1858 Y0.3873
N6230 X0.1881 Y0.3887
N6235 X0.1992 Y0.3971
N6240 X0.2089 Y0.4072
N6245 X0.2168 Y0.4187
N6250 X0.2228 Y0.4314
N6255 X0.2266 Y0.4448
N6260 X0.2283 Y0.4587
N6265 X0.2276 Y0.4726
N6270 X0.2268 Y0.4795
N6275 X0.2251 Y0.4953
N6280 X0.2245 Y0.5032
N6285 G3 X0.2025 Y0.5243 Z-0.1347 I-0.0235 J-0.0025
N6290 G1 X0.1985 Y0.5245 Z-0.1339
N6295 X-0.1993 Y0.5497
N6300 X-0.1999
N6305 G3 X-0.2244 Y0.527 Z-0.1417 I-0.0009 J-0.0236
N6310 G1 X-0.2245 Y0.5032
N6315 X-0.2251 Y0.4953
N6320 X-0.2252 Y0.4941
N6325 X-0.2255 Y0.4882
N6330 X-0.2253 Y0.4823
N6335 X-0.2246 Y0.4765
N6340 X-0.2234 Y0.4707
N6345 X-0.2219 Y0.465
N6350 X-0.2199 Y0.4594
N6355 X-0.2177 Y0.4539
N6360 X-0.2151 Y0.4482
N6365 X-0.2119 Y0.4423
N6370 X-0.2083 Y0.4361
N6375 X-0.204 Y0.4294
N6380 X-0.1992 Y0.4228
N6385 X-0.1935 Y0.4159
N6390 X-0.187 Y0.4085
N6395 X-0.18 Y0.4013
N6400 X-0.1719 Y0.3938
N6405 X-0.1627 Y0.3861
N6410 X-0.1528 Y0.3786
N6415 X-0.142 Y0.3712
N6420 X-0.1299 Y0.3638
N6425 X-0.1166 Y0.3565
N6430 X-0.1025 Y0.3496
N6435 X-0.0877 Y0.3432
N6440 X-0.0717 Y0.3372
N6445 X-0.0548 Y0.3318
N6450 X-0.0371 Y0.3271
N6455 X-0.0189 Y0.3232
N6460 X-0.0003 Y0.3202
N6465 X0.0183 Y0.318
N6470 X0.0368 Y0.3168
N6475 X0.0548 Y0.3165
N6480 X0.0723 Y0.3171
N6485 X0.089 Y0.3184
N6490 X0.1045 Y0.3205
N6495 X0.1188 Y0.323
N6500 X0.1323 Y0.3262
N6505 X0.1444 Y0.3296
N6510 X0.1547 Y0.333
N6515 X0.1648 Y0.337
N6520 X0.1727 Y0.3405
N6525 X0.1812 Y0.3448
N6530 X0.1881 Y0.3488
N6535 X0.1946 Y0.3529
N6540 X0.1976 Y0.3551
N6545 X0.2088 Y0.3645
N6550 X0.2182 Y0.3756
N6555 X0.2256 Y0.3882
N6560 X0.2308 Y0.4018
N6565 X0.2337 Y0.4161
N6570 X0.2341 Y0.4307
N6575 X0.232 Y0.4451
N6580 X0.2314 Y0.4478
N6585 X0.23 Y0.4557
N6590 X0.2276 Y0.4726
N6595 G3 X0.2056 Y0.4925 Z-0.1349 I-0.0233 J-0.0038
N6600 G1 X0.2006 Y0.4927 Z-0.1339
N6605 X-0.1985 Y0.5143
N6610 X-0.2006 Y0.5144 Z-0.1343
N6615 G3 X-0.2252 Y0.4941 Z-0.1417 I-0.0013 J-0.0236
N6620 G1 X-0.2268 Y0.4795
N6625 X-0.2278 Y0.4715
N6630 X-0.2292 Y0.4612
N6635 X-0.2297 Y0.4553
N6640 Y0.4494
N6645 X-0.2291 Y0.4436
N6650 X-0.2281 Y0.4377
N6655 X-0.2267 Y0.432
N6660 X-0.2249 Y0.4264
N6665 X-0.2229 Y0.4208
N6670 X-0.2205 Y0.4152
N6675 X-0.2175 Y0.4091
N6680 X-0.2141 Y0.4029
N6685 X-0.2101 Y0.3964
N6690 X-0.2054 Y0.3894
N6695 X-0.2001 Y0.3825
N6700 X-0.1941 Y0.3753
N6705 X-0.1871 Y0.3676
N6710 X-0.1795 Y0.3602
N6715 X-0.171 Y0.3526
N6720 X-0.1614 Y0.3448
N6725 X-0.1507 Y0.337
N6730 X-0.1394 Y0.3295
N6735 X-0.127 Y0.3222
N6740 X-0.1133 Y0.3149
N6745 X-0.0984 Y0.308
N6750 X-0.0827 Y0.3016
N6755 X-0.0664 Y0.2958
N6760 X-0.0492 Y0.2907
N6765 X-0.0313 Y0.2862
N6770 X-0.0129 Y0.2826
N6775 X0.0058 Y0.2799
N6780 X0.0246 Y0.2781
N6785 X0.0432 Y0.2772
N6790 X0.0613
N6795 X0.0787 Y0.2781
N6800 X0.0949 Y0.2797
N6805 X0.1103 Y0.282
N6810 X0.1247 Y0.2848
N6815 X0.1382 Y0.2882
N6820 X0.1505 Y0.2919
N6825 X0.161 Y0.2956
N6830 X0.1713 Y0.2999
N6835 X0.1801 Y0.304
N6840 X0.1876 Y0.308
N6845 X0.1956 Y0.3128
N6850 X0.202 Y0.317
N6855 X0.2081 Y0.3215
N6860 X0.2144 Y0.3266
N6865 X0.2194 Y0.331
N6870 X0.2201 Y0.3318
N6875 X0.2294 Y0.3426
N6880 X0.2367 Y0.3549
N6885 X0.2418 Y0.3681
N6890 X0.2446 Y0.3821
N6895 X0.245 Y0.3963
N6900 X0.2431 Y0.4104
N6905 X0.2388 Y0.424
N6910 X0.2358 Y0.4319
N6915 X0.2332 Y0.4398
N6920 X0.232 Y0.4451
N6925 G3 X0.2102 Y0.4626 Z-0.1354 I-0.0228 J-0.0061
N6930 G1 X0.2099 Z-0.1353
N6935 X0.2031 Y0.4629 Z-0.1339
N6940 X-0.2019 Y0.4806
N6945 X-0.2049 Y0.4807 Z-0.1345
N6950 G3 X-0.2292 Y0.4612 Z-0.1417 I-0.001 J-0.0236
N6955 G1 X-0.23 Y0.4557
N6960 X-0.2314 Y0.4478
N6965 X-0.2332 Y0.4398
N6970 X-0.2338 Y0.4381
N6975 X-0.2353 Y0.4324
N6980 X-0.2362 Y0.4266
N6985 X-0.2365 Y0.4207
N6990 X-0.2362 Y0.4148
N6995 X-0.2355 Y0.4089
N7000 X-0.2344 Y0.4031
N7005 X-0.233 Y0.3974
N7010 X-0.2312 Y0.3917
N7015 X-0.2291 Y0.386
N7020 X-0.2265 Y0.3799
N7025 X-0.2235 Y0.3737
N7030 X-0.2198 Y0.367
N7035 X-0.2156 Y0.3601
N7040 X-0.2108 Y0.3531
N7045 X-0.2052 Y0.3456
N7050 X-0.1989 Y0.3381
N7055 X-0.192 Y0.3305
N7060 X-0.184 Y0.3226
N7065 X-0.175 Y0.3146
N7070 X-0.1654 Y0.3068
N7075 X-0.1547 Y0.2989
N7080 X-0.1428 Y0.291
N7085 X-0.1297 Y0.2833
N7090 X-0.116 Y0.2761
N7095 X-0.1014 Y0.2692
N7100 X-0.0856 Y0.2627
N7105 X-0.0688 Y0.2568
N7110 X-0.0512 Y0.2514
N7115 X-0.0329 Y0.2469
N7120 X-0.0142 Y0.2432
N7125 X0.0048 Y0.2404
N7130 X0.0236 Y0.2386
N7135 X0.0423 Y0.2377
N7140 X0.0605
N7145 X0.0782 Y0.2385
N7150 X0.0953 Y0.2402
N7155 X0.1114 Y0.2426
N7160 X0.1263 Y0.2455
N7165 X0.1401 Y0.2489
N7170 X0.1531 Y0.2528
N7175 X0.1653 Y0.2572
N7180 X0.1765 Y0.2618
N7185 X0.1869 Y0.2666
N7190 X0.1953 Y0.2711
N7195 X0.204 Y0.2762
N7200 X0.2112 Y0.281
N7205 X0.2175 Y0.2856
N7210 X0.2243 Y0.2911
N7215 X0.2296 Y0.2959
N7220 X0.2346 Y0.3008
N7225 X0.2356 Y0.3019
N7230 X0.2446 Y0.3135
N7235 X0.2514 Y0.3264
N7240 X0.2561 Y0.3404
N7245 X0.2582 Y0.3549
N7250 X0.258 Y0.3695
N7255 X0.2552 Y0.384
N7260 X0.25 Y0.3977
N7265 X0.2488 Y0.4002
N7270 X0.2453 Y0.4081
N7275 X0.2388 Y0.424
N7280 G3 X0.2181 Y0.4378 Z-0.1362 I-0.0215 J-0.0098
N7285 G1 X0.214 Y0.438 Z-0.1353
N7290 X0.2072 Y0.4382 Z-0.1339
N7295 X-0.2034 Y0.4534
N7300 X-0.2102 Y0.4536 Z-0.1353
N7305 X-0.2107 Y0.4537 Z-0.1354
N7310 G3 X-0.2338 Y0.4381 Z-0.1417 I-0.0009 J-0.0236
N7315 G1 X-0.2358 Y0.4319
N7320 X-0.2388 Y0.424
N7325 X-0.2426 Y0.4147
N7330 X-0.2446 Y0.4092
N7335 X-0.2459 Y0.4034
N7340 X-0.2466 Y0.3976
N7345 X-0.2468 Y0.3917
N7350 X-0.2466 Y0.3858
N7355 X-0.2459 Y0.3799
N7360 X-0.2449 Y0.3741
N7365 X-0.2436 Y0.3683
N7370 X-0.2419 Y0.3626
N7375 X-0.2399 Y0.3566
N7380 X-0.2374 Y0.3501
N7385 X-0.2344 Y0.3435
N7390 X-0.2309 Y0.3367
N7395 X-0.2267 Y0.3293
N7400 X-0.2219 Y0.3219
N7405 X-0.2165 Y0.3144
N7410 X-0.2102 Y0.3064
N7415 X-0.2031 Y0.2982
N7420 X-0.1954 Y0.2902
N7425 X-0.1867 Y0.282
N7430 X-0.1768 Y0.2736
N7435 X-0.1661 Y0.2652
N7440 X-0.1547 Y0.2573
N7445 X-0.1421 Y0.2493
N7450 X-0.1282 Y0.2415
N7455 X-0.1132 Y0.234
N7460 X-0.0973 Y0.2269
N7465 X-0.0808 Y0.2206
N7470 X-0.0634 Y0.2149
N7475 X-0.0452 Y0.2098
N7480 X-0.0264 Y0.2056
N7485 X-0.0073 Y0.2023
N7490 X0.0121 Y0.1998
N7495 X0.0315 Y0.1984
N7500 X0.0506 Y0.1979
N7505 X0.0693 Y0.1983
N7510 X0.0873 Y0.1996
N7515 X0.1043 Y0.2016
N7520 X0.1206 Y0.2044
N7525 X0.1361 Y0.2078
N7530 X0.1507 Y0.2118
N7535 X0.1644 Y0.2162
N7540 X0.1769 Y0.221
N7545 X0.1885 Y0.226
N7550 X0.1993 Y0.2314
N7555 X0.209 Y0.2368
N7560 X0.217 Y0.2418
N7565 X0.2254 Y0.2476
N7570 X0.2318 Y0.2525
N7575 X0.2383 Y0.258
N7580 X0.2443 Y0.2637
N7585 X0.2491 Y0.2687
N7590 X0.2542 Y0.2744
N7595 X0.2588 Y0.2802
N7600 X0.2597 Y0.2815
N7605 X0.2671 Y0.2939
N7610 X0.2722 Y0.3074
N7615 X0.2749 Y0.3216
N7620 X0.2751 Y0.336
N7625 X0.2727 Y0.3503
N7630 X0.2679 Y0.3639
N7635 X0.2608 Y0.3764
N7640 G3 X0.2431 Y0.3871 Z-0.1372 I-0.0198 J-0.0129
N7645 G1 X0.2343 Y0.3879 Z-0.1353
N7650 X0.2275 Y0.3885 Z-0.1339
N7655 X-0.211 Y0.4278
N7660 X-0.2179 Y0.4284 Z-0.1353
N7665 X-0.219 Y0.4285 Z-0.1355
N7670 G3 X-0.2426 Y0.4147 Z-0.1417 I-0.0021 J-0.0235
N7675 G1 X-0.2453 Y0.4081
N7680 X-0.2488 Y0.4002
N7685 X-0.2532 Y0.391
N7690 X-0.2555 Y0.3855
N7695 X-0.2572 Y0.3799
N7700 X-0.2583 Y0.3741
N7705 X-0.2589 Y0.3682
N7710 X-0.259 Y0.3623
N7715 X-0.2587 Y0.3564
N7720 X-0.2581 Y0.3505
N7725 X-0.2572 Y0.3447
N7730 X-0.2559 Y0.3388
N7735 X-0.2542 Y0.3327
N7740 X-0.2521 Y0.3263
N7745 X-0.2495 Y0.3195
N7750 X-0.2465 Y0.3125
N7755 X-0.2429 Y0.3052
N7760 X-0.2386 Y0.2975
N7765 X-0.2336 Y0.2896
N7770 X-0.2281 Y0.2817
N7775 X-0.2218 Y0.2733
N7780 X-0.2144 Y0.2647
N7785 X-0.2065 Y0.2563
N7790 X-0.1977 Y0.2477
N7795 X-0.1877 Y0.2389
N7800 X-0.1766 Y0.23
N7805 X-0.1648 Y0.2215
N7810 X-0.152 Y0.2133
N7815 X-0.138 Y0.2051
N7820 X-0.1229 Y0.1973
N7825 X-0.1067 Y0.1899
N7830 X-0.0895 Y0.183
N7835 X-0.0717 Y0.1769
N7840 X-0.0533 Y0.1715
N7845 X-0.0342 Y0.167
N7850 X-0.0146 Y0.1633
N7855 X0.0054 Y0.1605
N7860 X0.0254 Y0.1588
N7865 X0.0453 Y0.158
N7870 X0.0647 Y0.1581
N7875 X0.0836 Y0.1592
N7880 X0.1018 Y0.1612
N7885 X0.1193 Y0.1639
N7890 X0.136 Y0.1673
N7895 X0.1519 Y0.1715
N7900 X0.167 Y0.1761
N7905 X0.1809 Y0.1812
N7910 X0.1936 Y0.1865
N7915 X0.2054 Y0.1922
N7920 X0.2165 Y0.1982
N7925 X0.2266 Y0.2044
N7930 X0.236 Y0.2107
N7935 X0.2438 Y0.2165
N7940 X0.2513 Y0.2227
N7945 X0.2581 Y0.2289
N7950 X0.2635 Y0.2343
N7955 X0.2692 Y0.2406
N7960 X0.274 Y0.2465
N7965 X0.2779 Y0.2518
N7970 X0.2821 Y0.2581
N7975 X0.2887 Y0.2715
N7980 X0.2928 Y0.2858
N7985 X0.2944 Y0.3006
N7990 X0.2934 Y0.3154
N7995 X0.2899 Y0.3298
N8000 X0.2839 Y0.3435
N8005 X0.2757 Y0.3559
N8010 X0.272 Y0.3606
N8015 X0.2663 Y0.3685
N8020 X0.2608 Y0.3764
N8025 G3 X0.2427 Y0.386 Z-0.1372 I-0.019 J-0.014
N8030 G1 X0.2337 Y0.3864 Z-0.1353
N8035 X0.2268 Y0.3866 Z-0.1339
N8040 X-0.221 Y0.4033
N8045 X-0.2278 Y0.4036 Z-0.1353
N8050 X-0.2314 Y0.4037 Z-0.1361
N8055 G3 X-0.2532 Y0.391 Z-0.1417 I-0.0009 J-0.0236
N8060 G1 X-0.2575 Y0.3819
N8065 X-0.2608 Y0.3764
N8070 X-0.2634 Y0.3727
N8075 X-0.2665 Y0.3677
N8080 X-0.269 Y0.3624
N8085 X-0.2709 Y0.3568
N8090 X-0.2722 Y0.351
N8095 X-0.273 Y0.3452
N8100 X-0.2734 Y0.3393
N8105 X-0.2735 Y0.3334
N8110 X-0.2731 Y0.3275
N8115 X-0.2724 Y0.3216
N8120 X-0.2715 Y0.3156
N8125 X-0.2701 Y0.3093
N8130 X-0.2683 Y0.3028
N8135 X-0.2661 Y0.2958
N8140 X-0.2633 Y0.2885
N8145 X-0.2601 Y0.2811
N8150 X-0.2563 Y0.2732
N8155 X-0.2517 Y0.265
N8160 X-0.2466 Y0.2567
N8165 X-0.2407 Y0.2481
N8170 X-0.2339 Y0.2392
N8175 X-0.2262 Y0.2301
N8180 X-0.2179 Y0.2212
N8185 X-0.2086 Y0.2121
N8190 X-0.1982 Y0.2028
N8195 X-0.1866 Y0.1935
N8200 X-0.1742 Y0.1846
N8205 X-0.1609 Y0.1758
N8210 X-0.1463 Y0.1673
N8215 X-0.1306 Y0.1591
N8220 X-0.1139 Y0.1514
N8225 X-0.0961 Y0.1442
N8230 X-0.0775 Y0.1377
N8235 X-0.0584 Y0.1321
N8240 X-0.0386 Y0.1273
N8245 X-0.0184 Y0.1234
N8250 X0.0022 Y0.1205
N8255 X0.023 Y0.1186
N8260 X0.0437 Y0.1177
N8265 X0.064 Y0.1178
N8270 X0.0839 Y0.1189
N8275 X0.1032 Y0.1209
N8280 X0.1218 Y0.1237
N8285 X0.1396 Y0.1273
N8290 X0.1566 Y0.1317
N8295 X0.1728 Y0.1366
N8300 X0.1881 Y0.1422
N8305 X0.2023 Y0.1481
N8310 X0.2153 Y0.1543
N8315 X0.2274 Y0.1608
N8320 X0.2386 Y0.1675
N8325 X0.249 Y0.1744
N8330 X0.2584 Y0.1814
N8335 X0.267 Y0.1884
N8340 X0.2737 Y0.1945
N8345 X0.2807 Y0.2015
N8350 X0.2864 Y0.2078
N8355 X0.2913 Y0.2137
N8360 X0.2964 Y0.2206
N8365 X0.3004 Y0.2266
N8370 X0.3039 Y0.2324
N8375 X0.3053 Y0.2349
N8380 X0.3112 Y0.2486
N8385 X0.3147 Y0.263
N8390 X0.3156 Y0.2779
N8395 X0.3141 Y0.2926
N8400 X0.31 Y0.3069
N8405 X0.3035 Y0.3203
N8410 X0.2948 Y0.3324
N8415 X0.291 Y0.3368
N8420 X0.2769 Y0.3544
N8425 X0.2757 Y0.3559
N8430 G3 X0.2586 Y0.3642 Z-0.1376 I-0.018 J-0.0153
N8435 G1 X0.2479 Y0.3645 Z-0.1353
N8440 X0.2411 Y0.3648 Z-0.1339
N8445 X-0.2294 Y0.3818
N8450 X-0.2362 Y0.382 Z-0.1353
N8455 X-0.2435 Y0.3823 Z-0.1369
N8460 G3 X-0.2634 Y0.3727 Z-0.1417 I-0.0009 J-0.0236
N8465 G1 X-0.2663 Y0.3685
N8470 X-0.272 Y0.3606
N8475 X-0.2773 Y0.3539
N8480 X-0.2807 Y0.3491
N8485 X-0.2836 Y0.344
N8490 X-0.2859 Y0.3385
N8495 X-0.2877 Y0.3329
N8500 X-0.2889 Y0.3271
N8505 X-0.2898 Y0.3213
N8510 X-0.2902 Y0.3154
N8515 X-0.2904 Y0.3095
N8520 X-0.2901 Y0.3036
N8525 X-0.2896 Y0.2976
N8530 X-0.2888 Y0.2914
N8535 X-0.2875 Y0.2847
N8540 X-0.2858 Y0.2777
N8545 X-0.2837 Y0.2704
N8550 X-0.281 Y0.2627
N8555 X-0.2778 Y0.2546
N8560 X-0.2741 Y0.2464
N8565 X-0.2697 Y0.2379
N8570 X-0.2644 Y0.2289
N8575 X-0.2585 Y0.2198
N8580 X-0.2519 Y0.2106
N8585 X-0.2443 Y0.2011
N8590 X-0.2357 Y0.1913
N8595 X-0.2263 Y0.1816
N8600 X-0.2161 Y0.172
N8605 X-0.2047 Y0.1623
N8610 X-0.1921 Y0.1526
N8615 X-0.1782 Y0.143
N8620 X-0.1635 Y0.1338
N8625 X-0.1479 Y0.1252
N8630 X-0.1312 Y0.1168
N8635 X-0.1133 Y0.1091
N8640 X-0.0945 Y0.1019
N8645 X-0.0748 Y0.0955
N8650 X-0.0544 Y0.0899
N8655 X-0.0334 Y0.0853
N8660 X-0.012 Y0.0817
N8665 X0.0096 Y0.0791
N8670 X0.0312 Y0.0775
N8675 X0.0526 Y0.0771
N8680 X0.0738 Y0.0776
N8685 X0.0945 Y0.0792
N8690 X0.1148 Y0.0817
N8695 X0.1344 Y0.0851
N8700 X0.1533 Y0.0894
N8705 X0.1712 Y0.0944
N8710 X0.1882 Y0.0999
N8715 X0.2041 Y0.106
N8720 X0.2189 Y0.1126
N8725 X0.2328 Y0.1196
N8730 X0.2457 Y0.1268
N8735 X0.2576 Y0.1343
N8740 X0.2683 Y0.1418
N8745 X0.2781 Y0.1494
N8750 X0.2872 Y0.1572
N8755 X0.2952 Y0.1647
N8760 X0.3018 Y0.1716
N8765 X0.3086 Y0.1794
N8770 X0.3136 Y0.1858
N8775 X0.3185 Y0.1926
N8780 X0.3231 Y0.1998
N8785 X0.3265 Y0.2058
N8790 X0.33 Y0.2125
N8795 X0.3312 Y0.2151
N8800 X0.336 Y0.2288
N8805 X0.3385 Y0.2431
N8810 X0.3386 Y0.2577
N8815 X0.3362 Y0.272
N8820 X0.3315 Y0.2857
N8825 X0.3246 Y0.2985
N8830 X0.3156 Y0.3099
N8835 X0.2972 Y0.3296
N8840 X0.2948 Y0.3324
N8845 G3 X0.2784 Y0.34 Z-0.1378 I-0.0174 J-0.016
N8850 G1 X0.2667 Y0.3405 Z-0.1353
N8855 X0.2599 Y0.3408 Z-0.1339
N8860 X-0.2427 Y0.3615
N8865 X-0.2495 Y0.3618 Z-0.1353
N8870 X-0.2583 Y0.3622 Z-0.1372
N8875 G3 X-0.2773 Y0.3539 Z-0.1417 I-0.001 J-0.0236
N8880 G1 X-0.291 Y0.3368
N8885 X-0.2942 Y0.3331
N8890 X-0.2978 Y0.3285
N8895 X-0.3008 Y0.3234
N8900 X-0.3032 Y0.318
N8905 X-0.3051 Y0.3124
N8910 X-0.3066 Y0.3067
N8915 X-0.3077 Y0.3009
N8920 X-0.3084 Y0.295
N8925 X-0.3088 Y0.2891
N8930 X-0.3089 Y0.2832
N8935 X-0.3086 Y0.2771
N8940 X-0.308 Y0.2705
N8945 X-0.3071 Y0.2638
N8950 X-0.3057 Y0.2566
N8955 X-0.3038 Y0.2488
N8960 X-0.3015 Y0.241
N8965 X-0.2987 Y0.2328
N8970 X-0.2952 Y0.2241
N8975 X-0.291 Y0.215
N8980 X-0.2863 Y0.206
N8985 X-0.2808 Y0.1965
N8990 X-0.2743 Y0.1866
N8995 X-0.2671 Y0.1766
N9000 X-0.2591 Y0.1666
N9005 X-0.2501 Y0.1563
N9010 X-0.2399 Y0.1459
N9015 X-0.2286 Y0.1353
N9020 X-0.2165 Y0.1252
N9025 X-0.2035 Y0.1152
N9030 X-0.1891 Y0.1052
N9035 X-0.1735 Y0.0955
N9040 X-0.1566 Y0.0862
N9045 X-0.1387 Y0.0773
N9050 X-0.1198 Y0.0691
N9055 X-0.1002 Y0.0618
N9060 X-0.0798 Y0.0552
N9065 X-0.0585 Y0.0494
N9070 X-0.0366 Y0.0446
N9075 X-0.0142 Y0.0409
N9080 X0.0085 Y0.0382
N9085 X0.0312 Y0.0366
N9090 X0.0539 Y0.0362
N9095 X0.0764 Y0.0368
N9100 X0.0985 Y0.0385
N9105 X0.1202 Y0.0413
N9110 X0.141 Y0.0449
N9115 X0.1609 Y0.0495
N9120 X0.1798 Y0.0547
N9125 X0.1979 Y0.0607
N9130 X0.2151 Y0.0674
N9135 X0.2313 Y0.0746
N9140 X0.2465 Y0.0822
N9145 X0.2606 Y0.0902
N9150 X0.2733 Y0.0983
N9155 X0.2852 Y0.1066
N9160 X0.296 Y0.115
N9165 X0.3059 Y0.1235
N9170 X0.3148 Y0.132
N9175 X0.3228 Y0.1403
N9180 X0.3294 Y0.1479
N9185 X0.3358 Y0.1561
N9190 X0.3411 Y0.1636
N9195 X0.3454 Y0.1704
N9200 X0.3499 Y0.1781
N9205 X0.3532 Y0.1847
N9210 X0.3542 Y0.1867
N9215 X0.359 Y0.2007
N9220 X0.3615 Y0.2152
N9225 X0.3614 Y0.23
N9230 X0.3589 Y0.2445
N9235 X0.3539 Y0.2584
N9240 X0.3466 Y0.2713
N9245 X0.3447 Y0.274
N9250 X0.3391 Y0.2813
N9255 X0.3209 Y0.3041
N9260 X0.3201 Y0.3051
N9265 X0.3156 Y0.3099
N9270 G3 X0.2999 Y0.3168 Z-0.138 I-0.0167 J-0.0167
N9275 G1 X0.2872 Y0.3173 Z-0.1353
N9280 X0.2804 Y0.3176 Z-0.1339
N9285 X-0.2593 Y0.3401
N9290 X-0.2661 Y0.3403 Z-0.1353
N9295 X-0.2758 Y0.3408 Z-0.1374
N9300 G3 X-0.2942 Y0.3331 Z-0.1417 I-0.001 J-0.0236
N9305 G1 X-0.2972 Y0.3296
N9310 X-0.3112 Y0.3146
N9315 X-0.315 Y0.3101
N9320 X-0.3183 Y0.3052
N9325 X-0.321 Y0.3
N9330 X-0.3233 Y0.2946
N9335 X-0.3251 Y0.2889
N9340 X-0.3266 Y0.2832
N9345 X-0.3276 Y0.2774
N9350 X-0.3284 Y0.2716
N9355 X-0.3288 Y0.2657
N9360 X-0.3289 Y0.2594
N9365 X-0.3287 Y0.253
N9370 X-0.3282 Y0.2461
N9375 X-0.3272 Y0.2387
N9380 X-0.3259 Y0.2311
N9385 X-0.3241 Y0.2231
N9390 X-0.3217 Y0.2146
N9395 X-0.3187 Y0.2057
N9400 X-0.3153 Y0.1967
N9405 X-0.311 Y0.1872
N9410 X-0.306 Y0.1772
N9415 X-0.3003 Y0.1672
N9420 X-0.2938 Y0.1569
N9425 X-0.2863 Y0.1463
N9430 X-0.2778 Y0.1354
N9435 X-0.2684 Y0.1244
N9440 X-0.2582 Y0.1136
N9445 X-0.2468 Y0.1027
N9450 X-0.234 Y0.0917
N9455 X-0.2201 Y0.0807
N9460 X-0.2049 Y0.0699
N9465 X-0.1889 Y0.0597
N9470 X-0.1718 Y0.05
N9475 X-0.1535 Y0.0407
N9480 X-0.1341 Y0.0319
N9485 X-0.1135 Y0.0239
N9490 X-0.092 Y0.0166
N9495 X-0.0697 Y0.0103
N9500 X-0.0468 Y0.005
N9505 X-0.0233 Y0.0007
N9510 X0.0005 Y-0.0024
N9515 X0.0244 Y-0.0043
N9520 X0.0484 Y-0.0051
N9525 X0.0722 Y-0.0047
N9530 X0.0956 Y-0.0032
N9535 X0.1185 Y-0.0006
N9540 X0.1408 Y0.003
N9545 X0.1624 Y0.0076
N9550 X0.1831 Y0.0131
N9555 X0.2031 Y0.0195
N9560 X0.2221 Y0.0266
N9565 X0.2398 Y0.0342
N9570 X0.2562 Y0.0422
N9575 X0.2716 Y0.0506
N9580 X0.286 Y0.0595
N9585 X0.2994 Y0.0687
N9590 X0.3117 Y0.078
N9595 X0.3227 Y0.0872
N9600 X0.3326 Y0.0964
N9605 X0.3417 Y0.1056
N9610 X0.3496 Y0.1145
N9615 X0.3559 Y0.1224
N9620 X0.3623 Y0.1311
N9625 X0.3669 Y0.1381
N9630 X0.3714 Y0.1457
N9635 X0.3727 Y0.1483
N9640 X0.3783 Y0.1615
N9645 X0.3817 Y0.1755
N9650 X0.3827 Y0.1899
N9655 X0.3813 Y0.2042
N9660 X0.3775 Y0.2181
N9665 X0.3715 Y0.2311
N9670 X0.3655 Y0.2417
N9675 X0.361 Y0.2496
N9680 X0.3505 Y0.2655
N9685 X0.3466 Y0.2713
N9690 G3 X0.3291 Y0.2808 Z-0.1374 I-0.019 J-0.014
N9695 G1 X0.3194 Y0.2814 Z-0.1353
N9700 X0.3126 Y0.2819 Z-0.1339
N9705 X-0.276 Y0.3204
N9710 X-0.2828 Y0.3208 Z-0.1353
N9715 X-0.2929 Y0.3215 Z-0.1375
N9720 G3 X-0.3112 Y0.3146 Z-0.1417 I-0.0015 J-0.0236
N9725 G1 X-0.3201 Y0.3051
N9730 X-0.3209 Y0.3041
N9735 X-0.3328 Y0.2893
N9740 X-0.3363 Y0.2845
N9745 X-0.3394 Y0.2795
N9750 X-0.342 Y0.2742
N9755 X-0.3441 Y0.2687
N9760 X-0.3459 Y0.263
N9765 X-0.3473 Y0.2573
N9770 X-0.3483 Y0.2515
N9775 X-0.349 Y0.2456
N9780 X-0.3494 Y0.2396
N9785 X-0.3496 Y0.233
N9790 X-0.3494 Y0.2263
N9795 X-0.3488 Y0.219
N9800 X-0.3478 Y0.2112
N9805 X-0.3464 Y0.2032
N9810 X-0.3445 Y0.1948
N9815 X-0.342 Y0.1857
N9820 X-0.3389 Y0.1764
N9825 X-0.3352 Y0.1668
N9830 X-0.3307 Y0.1567
N9835 X-0.3254 Y0.1461
N9840 X-0.3194 Y0.1355
N9845 X-0.3126 Y0.1247
N9850 X-0.3047 Y0.1135
N9855 X-0.2956 Y0.1018
N9860 X-0.2856 Y0.0901
N9865 X-0.2747 Y0.0787
N9870 X-0.2626 Y0.0671
N9875 X-0.2493 Y0.0555
N9880 X-0.2346 Y0.0439
N9885 X-0.2186 Y0.0326
N9890 X-0.2016 Y0.0217
N9895 X-0.1837 Y0.0114
N9900 X-0.1645 Y0.0017
N9905 X-0.1441 Y-0.0076
N9910 X-0.1224 Y-0.0161
N9915 X-0.0998 Y-0.0237
N9920 X-0.0763 Y-0.0304
N9925 X-0.0522 Y-0.036
N9930 X-0.0275 Y-0.0405
N9935 X-0.0024 Y-0.0438
N9940 X0.0229 Y-0.0459
N9945 X0.0481 Y-0.0467
N9950 X0.0732 Y-0.0464
N9955 X0.098 Y-0.0448
N9960 X0.1224 Y-0.042
N9965 X0.1462 Y-0.0382
N9970 X0.1694 Y-0.0332
N9975 X0.1916 Y-0.0273
N9980 X0.213 Y-0.0206
N9985 X0.2333 Y-0.013
N9990 X0.2524 Y-0.0049
N9995 X0.2703 Y0.0038
N10000 X0.2869 Y0.013
N10005 X0.3025 Y0.0226
N10010 X0.317 Y0.0325
N10015 X0.3305 Y0.0426
N10020 X0.3424 Y0.0526
N10025 X0.3531 Y0.0624
N10030 X0.3626 Y0.0722
N10035 X0.3701 Y0.0805
N10040 X0.3774 Y0.0896
N10045 X0.3827 Y0.0969
N10050 X0.388 Y0.1049
N10055 X0.3887 Y0.106
N10060 X0.3954 Y0.1202
N10065 X0.3994 Y0.1353
N10070 X0.4007 Y0.1509
N10075 X0.3991 Y0.1664
N10080 X0.3948 Y0.1815
N10085 X0.3923 Y0.188
N10090 X0.3898 Y0.1942
N10095 X0.3786 Y0.2179
N10100 X0.3764 Y0.2224
N10105 X0.3715 Y0.2311
N10110 G3 X0.3533 Y0.2423 Z-0.137 I-0.0202 J-0.0123
N10115 G1 X0.3453 Y0.243 Z-0.1353
N10120 X0.3384 Y0.2436 Z-0.1339
N10125 X-0.2982 Y0.2962
N10130 X-0.305 Y0.2968 Z-0.1353
N10135 X-0.3129 Y0.2974 Z-0.137
N10140 G3 X-0.3328 Y0.2893 Z-0.1417 I-0.0019 J-0.0235
N10145 G1 X-0.3391 Y0.2813
N10150 X-0.3447 Y0.274
N10155 X-0.3505 Y0.2655
N10160 X-0.3572 Y0.2554
N10165 X-0.3602 Y0.2503
N10170 X-0.3628 Y0.2449
N10175 X-0.3649 Y0.2394
N10180 X-0.3665 Y0.2338
N10185 X-0.3679 Y0.228
N10190 X-0.3688 Y0.2222
N10195 X-0.3695 Y0.2163
N10200 X-0.3699 Y0.2101
N10205 X-0.37 Y0.2034
N10210 X-0.3698 Y0.1965
N10215 X-0.3692 Y0.1889
N10220 X-0.3681 Y0.1808
N10225 X-0.3666 Y0.1726
N10230 X-0.3645 Y0.1637
N10235 X-0.3618 Y0.1542
N10240 X-0.3586 Y0.1446
N10245 X-0.3546 Y0.1346
N10250 X-0.3498 Y0.1239
N10255 X-0.3442 Y0.1128
N10260 X-0.3378 Y0.1018
N10265 X-0.3305 Y0.0903
N10270 X-0.322 Y0.0784
N10275 X-0.3124 Y0.0661
N10280 X-0.3019 Y0.054
N10285 X-0.2903 Y0.0419
N10290 X-0.2773 Y0.0297
N10295 X-0.2631 Y0.0174
N10300 X-0.2475 Y0.0053
N10305 X-0.2305 Y-0.0066
N10310 X-0.2126 Y-0.0179
N10315 X-0.1936 Y-0.0287
N10320 X-0.1733 Y-0.0389
N10325 X-0.1515 Y-0.0486
N10330 X-0.1286 Y-0.0574
N10335 X-0.1047 Y-0.0653
N10340 X-0.0799 Y-0.0722
N10345 X-0.0543 Y-0.078
N10350 X-0.0283 Y-0.0826
N10355 X-0.0018 Y-0.0859
N10360 X0.0248 Y-0.088
N10365 X0.0515 Y-0.0887
N10370 X0.078 Y-0.0882
N10375 X0.1043 Y-0.0864
N10380 X0.1301 Y-0.0833
N10385 X0.1553 Y-0.079
N10390 X0.1799 Y-0.0737
N10395 X0.2035 Y-0.0673
N10400 X0.2262 Y-0.0599
N10405 X0.2478 Y-0.0518
N10410 X0.2683 Y-0.0429
N10415 X0.2875 Y-0.0334
N10420 X0.3053 Y-0.0235
N10425 X0.3218 Y-0.0132
N10430 X0.3371 Y-0.0026
N10435 X0.351 Y0.008
N10440 X0.3635 Y0.0186
N10445 X0.3743 Y0.0287
N10450 X0.3824 Y0.037
N10455 X0.3905 Y0.0462
N10460 X0.3965 Y0.0537
N10465 X0.3984 Y0.0563
N10470 X0.406 Y0.0691
N10475 X0.4114 Y0.0831
N10480 X0.4143 Y0.0978
N10485 X0.4145 Y0.1128
N10490 X0.4122 Y0.1276
N10495 X0.4095 Y0.1387
N10500 X0.4047 Y0.1545
N10505 X0.402 Y0.1625
N10510 X0.4002 Y0.1677
N10515 X0.3948 Y0.1815
N10520 G3 X0.3754 Y0.1956 Z-0.1364 I-0.0217 J-0.0093
N10525 G1 X0.3704 Y0.1961 Z-0.1353
N10530 X0.3636 Y0.1968 Z-0.1339
N10535 X-0.3234 Y0.264
N10540 X-0.3303 Y0.2647 Z-0.1353
N10545 X-0.3356 Y0.2652 Z-0.1365
N10550 G3 X-0.3572 Y0.2554 Z-0.1417 I-0.0023 J-0.0235
N10555 G1 X-0.361 Y0.2496
N10560 X-0.3655 Y0.2417
N10565 X-0.3764 Y0.2224
N10570 X-0.3786 Y0.2179
N10575 X-0.3807 Y0.2136
N10580 X-0.3829 Y0.2081
N10585 X-0.3848 Y0.2025
N10590 X-0.3864 Y0.1968
N10595 X-0.3875 Y0.191
N10600 X-0.3883 Y0.1852
N10605 X-0.3888 Y0.1792
N10610 X-0.389 Y0.173
N10615 X-0.3889 Y0.1663
N10620 X-0.3884 Y0.1589
N10625 X-0.3876 Y0.1513
N10630 X-0.3862 Y0.1431
N10635 X-0.3844 Y0.1342
N10640 X-0.382 Y0.1252
N10645 X-0.3789 Y0.1156
N10650 X-0.3751 Y0.1052
N10655 X-0.3706 Y0.0948
N10660 X-0.3653 Y0.0839
N10665 X-0.359 Y0.0723
N10670 X-0.3517 Y0.0604
N10675 X-0.3436 Y0.0486
N10680 X-0.3343 Y0.0363
N10685 X-0.3237 Y0.0236
N10690 X-0.3117 Y0.0106
N10695 X-0.2987 Y-0.0022
N10700 X-0.2846 Y-0.0147
N10705 X-0.2691 Y-0.0273
N10710 X-0.2522 Y-0.0397
N10715 X-0.2337 Y-0.0519
N10720 X-0.2138 Y-0.0636
N10725 X-0.1925 Y-0.0748
N10730 X-0.1701 Y-0.0853
N10735 X-0.1469 Y-0.0948
N10740 X-0.1224 Y-0.1034
N10745 X-0.0969 Y-0.111
N10750 X-0.0704 Y-0.1175
N10755 X-0.0432 Y-0.1229
N10760 X-0.0155 Y-0.1269
N10765 X0.0126 Y-0.1296
N10770 X0.0408 Y-0.1309
N10775 X0.069 Y-0.1308
N10780 X0.097 Y-0.1294
N10785 X0.1246 Y-0.1267
N10790 X0.1518 Y-0.1227
N10795 X0.1782 Y-0.1174
N10800 X0.2038 Y-0.111
N10805 X0.2285 Y-0.1035
N10810 X0.2518 Y-0.0952
N10815 X0.2738 Y-0.0861
N10820 X0.2947 Y-0.0763
N10825 X0.3143 Y-0.0659
N10830 X0.3326 Y-0.055
N10835 X0.3495 Y-0.0438
N10840 X0.3642 Y-0.0329
N10845 X0.3771 Y-0.0224
N10850 X0.3867 Y-0.0138
N10855 X0.3961 Y-0.0045
N10860 X0.4027 Y0.0027
N10865 X0.403 Y0.0031
N10870 X0.4109 Y0.0142
N10875 X0.4169 Y0.0265
N10880 X0.4209 Y0.0395
N10885 X0.4228 Y0.053
N10890 X0.4226 Y0.0666
N10895 X0.4217 Y0.0753
N10900 X0.4209 Y0.0832
N10905 X0.4171 Y0.107
N10910 X0.416 Y0.1122
N10915 X0.4122 Y0.1276
N10920 G3 X0.3921 Y0.1447 Z-0.1358 I-0.0227 J-0.0064
N10925 G1 X0.3898 Y0.1449 Z-0.1353
N10930 X0.3831 Y0.1457 Z-0.1339
N10935 X-0.3485 Y0.2253
N10940 X-0.3553 Y0.2261 Z-0.1353
N10945 X-0.3571 Y0.2263 Z-0.1357
N10950 G3 X-0.3807 Y0.2136 Z-0.1417 I-0.0026 J-0.0235
N10955 G1 X-0.3898 Y0.1942
N10960 X-0.393 Y0.1862
N10965 X-0.4002 Y0.1677
N10970 X-0.4021 Y0.1614
N10975 X-0.4035 Y0.1557
N10980 X-0.4045 Y0.1499
N10985 X-0.4052 Y0.144
N10990 X-0.4056 Y0.1381
N10995 Y0.1321
N11000 X-0.4054 Y0.1254
N11005 X-0.4048 Y0.1181
N11010 X-0.4037 Y0.1106
N11015 X-0.4022 Y0.1022
N11020 X-0.4001 Y0.0936
N11025 X-0.3975 Y0.0845
N11030 X-0.3941 Y0.0746
N11035 X-0.3901 Y0.0645
N11040 X-0.3852 Y0.0539
N11045 X-0.3794 Y0.0425
N11050 X-0.3725 Y0.0307
N11055 X-0.3649 Y0.0189
N11060 X-0.356 Y0.0065
N11065 X-0.3458 Y-0.0063
N11070 X-0.3343 Y-0.0194
N11075 X-0.322 Y-0.0322
N11080 X-0.3081 Y-0.0452
N11085 X-0.2926 Y-0.0584
N11090 X-0.2755 Y-0.0716
N11095 X-0.2568 Y-0.0846
N11100 X-0.2368 Y-0.0971
N11105 X-0.2159 Y-0.1088
N11110 X-0.1936 Y-0.1199
N11115 X-0.1698 Y-0.1303
N11120 X-0.1447 Y-0.1399
N11125 X-0.1183 Y-0.1485
N11130 X-0.0909 Y-0.156
N11135 X-0.0626 Y-0.1623
N11140 X-0.0337 Y-0.1672
N11145 X-0.0043 Y-0.1708
N11150 X0.0253 Y-0.173
N11155 X0.0551 Y-0.1737
N11160 X0.0848 Y-0.1729
N11165 X0.1142 Y-0.1707
N11170 X0.1432 Y-0.1672
N11175 X0.1716 Y-0.1623
N11180 X0.1992 Y-0.1561
N11185 X0.2257 Y-0.1488
N11190 X0.2513 Y-0.1404
N11195 X0.2757 Y-0.131
N11200 X0.2988 Y-0.1208
N11205 X0.3204 Y-0.1101
N11210 X0.3399 Y-0.0991
N11215 X0.3574 Y-0.0881
N11220 X0.3732 Y-0.0771
N11225 X0.3846 Y-0.0683
N11230 X0.3949 Y-0.0595
N11235 X0.3971 Y-0.0574
N11240 X0.4074 Y-0.0458
N11245 X0.4155 Y-0.0324
N11250 X0.4211 Y-0.0178
N11255 X0.4239 Y-0.0025
N11260 X0.4242 Y0.004
N11265 X0.4246 Y0.0198
N11270 X0.4247 Y0.0277
N11275 X0.4239 Y0.0515
N11280 X0.4233 Y0.0594
N11285 X0.4226 Y0.0666
N11290 G3 X0.402 Y0.087 Z-0.1351 I-0.0234 J-0.0031
N11295 G1 X0.3961 Y0.0877 Z-0.1339
N11300 X-0.369 Y0.181
N11305 X-0.3756 Y0.1818 Z-0.1353
N11310 X-0.3758
N11315 G3 X-0.4002 Y0.1677 Z-0.1417 I-0.0027 J-0.0235
N11320 G1 X-0.402 Y0.1625
N11325 X-0.4047 Y0.1545
N11330 X-0.4095 Y0.1387
N11335 X-0.4115 Y0.1308
N11340 X-0.416 Y0.1122
N11345 X-0.4175 Y0.1021
N11350 X-0.4181 Y0.0962
N11355 X-0.4183 Y0.0903
N11360 X-0.4182 Y0.0843
N11365 X-0.4178 Y0.0781
N11370 X-0.417 Y0.0711
N11375 X-0.4158 Y0.0638
N11380 X-0.4141 Y0.0559
N11385 X-0.4118 Y0.0473
N11390 X-0.409 Y0.0385
N11395 X-0.4054 Y0.0289
N11400 X-0.401 Y0.0187
N11405 X-0.3959 Y0.0083
N11410 X-0.3897 Y-0.0029
N11415 X-0.3824 Y-0.0148
N11420 X-0.3744 Y-0.0265
N11425 X-0.365 Y-0.0389
N11430 X-0.354 Y-0.0519
N11435 X-0.3417 Y-0.0652
N11440 X-0.3285 Y-0.0781
N11445 X-0.3134 Y-0.0915
N11450 X-0.2967 Y-0.1049
N11455 X-0.2784 Y-0.1183
N11460 X-0.2584 Y-0.1314
N11465 X-0.2373 Y-0.1438
N11470 X-0.215 Y-0.1555
N11475 X-0.1909 Y-0.1666
N11480 X-0.1653 Y-0.177
N11485 X-0.1382 Y-0.1865
N11490 X-0.11 Y-0.1948
N11495 X-0.0807 Y-0.202
N11500 X-0.0507 Y-0.2078
N11505 X-0.02 Y-0.2121
N11510 X0.0111 Y-0.2151
N11515 X0.0424 Y-0.2164
N11520 X0.0737 Y-0.2163
N11525 X0.1048 Y-0.2147
N11530 X0.1356 Y-0.2115
N11535 X0.1658 Y-0.207
N11540 X0.1953 Y-0.201
N11545 X0.224 Y-0.1938
N11550 X0.2516 Y-0.1853
N11555 X0.2781 Y-0.1758
N11560 X0.303 Y-0.1655
N11565 X0.3262 Y-0.1545
N11570 X0.3463 Y-0.1437
N11575 X0.3639 Y-0.1332
N11580 X0.3763 Y-0.1249
N11585 X0.3803 Y-0.122
N11590 X0.3917 Y-0.1119
N11595 X0.4011 Y-0.1
N11600 X0.4083 Y-0.0867
N11605 X0.4131 Y-0.0723
N11610 X0.4161 Y-0.0594
N11615 X0.4176 Y-0.0515
N11620 X0.4203 Y-0.0357
N11625 X0.4216 Y-0.0277
N11630 X0.4239 Y-0.0025
N11635 G3 X0.4035 Y0.0223 Z-0.1342 I-0.0236 J0.0014
N11640 G1 X0.4018 Y0.0226 Z-0.1339
N11645 X-0.3868 Y0.1287
N11650 X-0.3901 Y0.1292 Z-0.1346
N11655 X-0.3933 Y0.1294 Z-0.1352
N11660 G3 X-0.416 Y0.1122 Z-0.1417 I0. J-0.0236
N11665 G1 X-0.4171 Y0.107
N11670 X-0.4209 Y0.0832
N11675 X-0.4217 Y0.0753
N11680 X-0.4233 Y0.0594
N11685 X-0.4239 Y0.0515
N11690 X-0.4243 Y0.0392
N11695 X-0.4242 Y0.0316
N11700 X-0.4238 Y0.0257
N11705 X-0.4231 Y0.0199
N11710 X-0.422 Y0.0133
N11715 X-0.4205 Y0.0065
N11720 X-0.4185 Y-0.0012
N11725 X-0.416 Y-0.0091
N11730 X-0.4126 Y-0.0179
N11735 X-0.4087 Y-0.027
N11740 X-0.4039 Y-0.0367
N11745 X-0.398 Y-0.0473
N11750 X-0.3915 Y-0.0579
N11755 X-0.3837 Y-0.0693
N11760 X-0.3743 Y-0.0815
N11765 X-0.3642 Y-0.0935
N11770 X-0.3525 Y-0.1061
N11775 X-0.3389 Y-0.1194
N11780 X-0.3236 Y-0.1329
N11785 X-0.3074 Y-0.1458
N11790 X-0.2895 Y-0.1588
N11795 X-0.2696 Y-0.1718
N11800 X-0.2479 Y-0.1846
N11805 X-0.2242 Y-0.1969
N11810 X-0.1989 Y-0.2085
N11815 X-0.1723 Y-0.2193
N11820 X-0.1447 Y-0.2289
N11825 X-0.1157 Y-0.2374
N11830 X-0.0854 Y-0.2447
N11835 X-0.0541 Y-0.2507
N11840 X-0.022 Y-0.2553
N11845 X0.0106 Y-0.2583
N11850 X0.0435 Y-0.2597
N11855 X0.0765 Y-0.2595
N11860 X0.1093 Y-0.2577
N11865 X0.1418 Y-0.2543
N11870 X0.1737 Y-0.2494
N11875 X0.2049 Y-0.2431
N11880 X0.2353 Y-0.2353
N11885 X0.2645 Y-0.2264
N11890 X0.2917 Y-0.2165
N11895 X0.3164 Y-0.2062
N11900 X0.3379 Y-0.196
N11905 X0.349 Y-0.19
N11910 X0.3608 Y-0.1824
N11915 X0.3711 Y-0.1731
N11920 X0.3799 Y-0.1622
N11925 X0.3867 Y-0.15
N11930 X0.3883 Y-0.1466
N11935 X0.3918 Y-0.1387
N11940 X0.4008 Y-0.1149
N11945 X0.4037 Y-0.107
N11950 X0.4061 Y-0.0991
N11955 X0.4083 Y-0.0911
N11960 X0.4105 Y-0.0832
N11965 X0.4131 Y-0.0723
N11970 G3 X0.3946 Y-0.0445 Z-0.1339 I-0.0232 J0.0046
N11975 G1 X0.393 Y-0.0442
N11980 X-0.3976 Y0.061
N11985 X-0.3991 Y0.0611
N11990 G3 X-0.4243 Y0.0392 Z-0.1417 I-0.0016 J-0.0236
N11995 G1 X-0.4247 Y0.0277
N12000 X-0.4246 Y0.0198
N12005 X-0.4242 Y0.004
N12010 X-0.424 Y-0.0023
N12015 X-0.4216 Y-0.0277
N12020 X-0.4203 Y-0.0357
N12025 X-0.419 Y-0.0436
N12030 X-0.4168 Y-0.0531
N12035 X-0.415 Y-0.0597
N12040 X-0.4129 Y-0.0662
N12045 X-0.4099 Y-0.0739
N12050 X-0.4066 Y-0.0815
N12055 X-0.4022 Y-0.0903
N12060 X-0.3972 Y-0.0991
N12065 X-0.3911 Y-0.1089
N12070 X-0.3838 Y-0.1193
N12075 X-0.3757 Y-0.1298
N12080 X-0.3659 Y-0.1413
N12085 X-0.3549 Y-0.153
N12090 X-0.3426 Y-0.1648
N12095 X-0.3281 Y-0.1774
N12100 X-0.3117 Y-0.1905
N12105 X-0.2942 Y-0.2029
N12110 X-0.2746 Y-0.2155
N12115 X-0.2527 Y-0.2281
N12120 X-0.2289 Y-0.2404
N12125 X-0.2032 Y-0.2521
N12130 X-0.1758 Y-0.2629
N12135 X-0.1473 Y-0.2726
N12140 X-0.1176 Y-0.2811
N12145 X-0.0862 Y-0.2885
N12150 X-0.0537 Y-0.2945
N12155 X-0.0202 Y-0.299
N12160 X0.0139 Y-0.3019
N12165 X0.0484 Y-0.3032
N12170 X0.083 Y-0.3027
N12175 X0.1175 Y-0.3006
N12180 X0.1516 Y-0.2969
N12185 X0.1852 Y-0.2915
N12190 X0.218 Y-0.2846
N12195 X0.2496 Y-0.2763
N12200 X0.2791 Y-0.2671
N12205 X0.3022 Y-0.2585
N12210 X0.3034 Y-0.258
N12215 X0.3162 Y-0.2513
N12220 X0.3276 Y-0.2426
N12225 X0.3374 Y-0.2321
N12230 X0.3424 Y-0.2259
N12235 X0.3447 Y-0.2227
N12240 X0.348 Y-0.2179
N12245 X0.3606 Y-0.1991
N12250 X0.3636 Y-0.1942
N12255 X0.3771 Y-0.1704
N12260 X0.381 Y-0.1625
N12265 X0.3867 Y-0.15
N12270 G3 X0.3741 Y-0.1191 Z-0.1339 I-0.0218 J0.0091
N12275 G1 X0.3711 Y-0.118
N12280 X0.368 Y-0.1174
N12285 X-0.3925 Y-0.017
N12290 X-0.3956 Y-0.0168
N12295 X-0.3988 Y-0.017
N12300 G3 X-0.419 Y-0.0436 Z-0.1417 I0.0032 J-0.0234
N12305 G1 X-0.4176 Y-0.0515
N12310 X-0.416 Y-0.0598
N12315 X-0.4105 Y-0.0832
N12320 X-0.4081 Y-0.0919
N12325 X-0.4061 Y-0.0991
N12330 X-0.4037 Y-0.107
N12335 X-0.4002 Y-0.1165
N12340 X-0.3923 Y-0.1374
N12345 X-0.388 Y-0.1471
N12350 X-0.3847 Y-0.1538
N12355 X-0.3808 Y-0.1608
N12360 X-0.3758 Y-0.1687
N12365 X-0.3703 Y-0.1767
N12370 X-0.3634 Y-0.1856
N12375 X-0.3556 Y-0.1948
N12380 X-0.3464 Y-0.2046
N12385 X-0.3354 Y-0.2152
N12390 X-0.3236 Y-0.2256
N12395 X-0.3092 Y-0.237
N12400 X-0.2929 Y-0.2488
N12405 X-0.2754 Y-0.2601
N12410 X-0.2551 Y-0.2719
N12415 X-0.2323 Y-0.2836
N12420 X-0.2074 Y-0.295
N12425 X-0.1814 Y-0.3054
N12430 X-0.1535 Y-0.3149
N12435 X-0.1233 Y-0.3237
N12440 X-0.0914 Y-0.3313
N12445 X-0.0579 Y-0.3375
N12450 X-0.0234 Y-0.3422
N12455 X0.0114 Y-0.3453
N12460 X0.0462 Y-0.3467
N12465 X0.0811 Y-0.3464
N12470 X0.1159 Y-0.3445
N12475 X0.1506 Y-0.341
N12480 X0.1851 Y-0.3358
N12485 X0.2191 Y-0.3291
N12490 X0.226 Y-0.3274
N12495 X0.2367 Y-0.3239
N12500 X0.2468 Y-0.3192
N12505 X0.2563 Y-0.3131
N12510 X0.2655 Y-0.3063
N12515 X0.2813 Y-0.2926
N12520 X0.2892 Y-0.2857
N12525 X0.294 Y-0.2813
N12530 X0.3051 Y-0.2699
N12535 X0.3093 Y-0.2655
N12540 X0.3209 Y-0.2529
N12545 X0.3235 Y-0.2496
N12550 X0.3374 Y-0.2321
N12555 G3 X0.3325 Y-0.1991 Z-0.1339 I-0.019 J0.014
N12560 X0.3214 Y-0.1947 I-0.014 J-0.019
N12565 G1 X-0.3669 Y-0.1064
N12570 G3 X-0.3775 Y-0.1074 I-0.003 J-0.0234
N12575 X-0.3923 Y-0.1374 Z-0.1417 I0.0076 J-0.0224
N12580 G1 X-0.3918 Y-0.1387
N12585 X-0.3883 Y-0.1466
N12590 X-0.381 Y-0.1625
N12595 X-0.3771 Y-0.1704
N12600 X-0.3636 Y-0.1942
N12605 X-0.3606 Y-0.1991
N12610 X-0.348 Y-0.2179
N12615 X-0.3447 Y-0.2227
N12620 X-0.3424 Y-0.2259
N12625 X-0.3235 Y-0.2496
N12630 X-0.3209 Y-0.2529
N12635 X-0.3093 Y-0.2655
N12640 X-0.3051 Y-0.2699
N12645 X-0.2901 Y-0.2839
N12650 X-0.2807 Y-0.2918
N12655 X-0.2702 Y-0.2999
N12660 X-0.2577 Y-0.3086
N12665 X-0.2432 Y-0.3176
N12670 X-0.2272 Y-0.3265
N12675 X-0.2078 Y-0.3361
N12680 X-0.187 Y-0.3452
N12685 X-0.1637 Y-0.354
N12690 X-0.137 Y-0.3627
N12695 X-0.1077 Y-0.3707
N12700 X-0.0762 Y-0.3776
N12705 X-0.0436 Y-0.3831
N12710 X-0.0094 Y-0.3872
N12715 X0.0254 Y-0.3896
N12720 X0.0602 Y-0.3904
N12725 X0.08 Y-0.39
N12730 X0.0857 Y-0.3897
N12735 X0.0914 Y-0.389
N12740 X0.0969 Y-0.3879
N12745 X0.0991 Y-0.3875
N12750 X0.1228 Y-0.3809
N12755 X0.1308 Y-0.3783
N12760 X0.1466 Y-0.3728
N12765 X0.1545 Y-0.37
N12770 X0.1704 Y-0.3637
N12775 X0.1783 Y-0.36
N12780 X0.1862 Y-0.3561
N12785 X0.2083 Y-0.3447
N12790 X0.21 Y-0.3438
N12795 X0.2344 Y-0.3289
N12800 X0.2417 Y-0.3238
N12805 X0.2563 Y-0.3131
N12810 G3 X0.2602 Y-0.28 Z-0.1339 I-0.0146 J0.0185
N12815 X0.2434 Y-0.271 I-0.0186 J-0.0146
N12820 G1 X-0.2857 Y-0.2306
N12825 G3 X-0.3032 Y-0.2365 I-0.0018 J-0.0236
N12830 X-0.3051 Y-0.2699 Z-0.1417 I0.0158 J-0.0176
N12835 G1 X-0.294 Y-0.2813
N12840 X-0.2892 Y-0.2857
N12845 X-0.2734 Y-0.2995
N12850 X-0.2655 Y-0.3063
N12855 X-0.2564 Y-0.313
N12860 X-0.2417 Y-0.3238
N12865 X-0.2344 Y-0.3289
N12870 X-0.21 Y-0.3438
N12875 X-0.2083 Y-0.3447
N12880 X-0.1862 Y-0.3561
N12885 X-0.1783 Y-0.36
N12890 X-0.1704 Y-0.3637
N12895 X-0.1545 Y-0.37
N12900 X-0.1466 Y-0.3728
N12905 X-0.1308 Y-0.3783
N12910 X-0.1228 Y-0.3809
N12915 X-0.0991 Y-0.3875
N12920 X-0.0911 Y-0.3892
N12925 X-0.0832 Y-0.3909
N12930 X-0.0753 Y-0.3925
N12935 X-0.0674 Y-0.394
N12940 X-0.0436 Y-0.397
N12945 X-0.0357 Y-0.3976
N12950 X-0.0198 Y-0.3986
N12955 X-0.0119 Y-0.3989
N12960 X0.0119
N12965 X0.0198 Y-0.3986
N12970 X0.0357 Y-0.3976
N12975 X0.0436 Y-0.397
N12980 X0.0674 Y-0.394
N12985 X0.0753 Y-0.3925
N12990 X0.0832 Y-0.3909
N12995 X0.0911 Y-0.3892
N13000 X0.0969 Y-0.3879
N13005 G3 X0.1146 Y-0.3652 I-0.006 J0.0229
N13010 G1 Y-0.3615 Z-0.1414
N13015 X0.1147 Y-0.3579 Z-0.1406
N13020 Y-0.3545 Z-0.1392
N13025 Y-0.3513 Z-0.1372
N13030 Y-0.3485 Z-0.1348
N13035 Y-0.3461 Z-0.132
N13040 Y-0.3442 Z-0.1288
N13045 X0.1148 Y-0.3428 Z-0.1254
N13050 Y-0.3419 Z-0.1218
N13055 Y-0.3416 Z-0.1181
N13060 Z0.1969
N13065 X-1.0581 Y-1.0269
N13070 Z-0.0945
N13075 Z-0.1181
N13080 X-1.0583 Y-1.0267 Z-0.1218
N13085 X-1.059 Y-1.0262 Z-0.1254
N13090 X-1.0601 Y-1.0254 Z-0.1288
N13095 X-1.0617 Y-1.0242 Z-0.132
N13100 X-1.0636 Y-1.0227 Z-0.1348
N13105 X-1.0658 Y-1.021 Z-0.1372
N13110 X-1.0684 Y-1.0191 Z-0.1392
N13115 X-1.0711 Y-1.0171 Z-0.1406
N13120 X-1.074 Y-1.0149 Z-0.1414
N13125 X-1.0769 Y-1.0127 Z-0.1417
N13130 G3 X-1.1054 Y-1.0008 I-0.0375 J-0.0497
N13135 G1 X-1.1451 Y-0.9963
N13140 X-1.1609 Y-0.9944
N13145 X-1.1688 Y-0.9935
N13150 X-1.1768 Y-0.9919
N13155 X-1.1847 Y-0.9899
N13160 X-1.1926 Y-0.9875
N13165 X-1.2402 Y-0.9709
N13170 X-1.258 Y-0.9656
N13175 X-1.2919 Y-0.9574
N13180 X-1.3258 Y-0.9492
N13185 X-1.3583 Y-0.9366
N13190 X-1.3883 Y-0.9188
N13195 X-1.415 Y-0.8963
N13200 X-1.4378 Y-0.8699
N13205 X-1.4568 Y-0.8407
N13210 X-1.4721 Y-0.8093
N13215 X-1.4842 Y-0.7766
N13220 X-1.4936 Y-0.743
N13225 X-1.5007 Y-0.7088
N13230 X-1.506 Y-0.6744
N13235 X-1.51 Y-0.6397
N13240 X-1.5128 Y-0.6049
N13245 X-1.5149 Y-0.5701
N13250 X-1.5164 Y-0.5353
N13255 X-1.5175 Y-0.5004
N13260 X-1.5183 Y-0.4655
N13265 X-1.5188 Y-0.4306
N13270 X-1.5192 Y-0.3957
N13275 X-1.5195 Y-0.3609
N13280 X-1.5197 Y-0.326
N13285 X-1.5198 Y-0.2911
N13290 X-1.52 Y-0.2213
N13295 X-1.5201 Y-0.1167
N13300 Y0.2322
N13305 Y0.616
N13310 X-1.5199 Y0.6509
N13315 X-1.5173 Y0.6856
N13320 X-1.5093 Y0.7196
N13325 X-1.495 Y0.7515
N13330 X-1.4752 Y0.7802
N13335 X-1.4509 Y0.8051
N13340 X-1.423 Y0.8261
N13345 X-1.4203 Y0.8279
N13350 X-1.4179 Y0.8301
N13355 X-1.4159 Y0.8327
N13360 X-1.4145 Y0.8349
N13365 X-1.4024 Y0.8519
N13370 X-1.3986 Y0.856
N13375 X-1.395 Y0.8599
N13380 X-1.3907 Y0.8644
N13385 X-1.3556 Y0.8995
N13390 X-1.3511 Y0.9039
N13395 X-1.3432 Y0.9111
N13400 X-1.3374 Y0.9153
N13405 X-1.326 Y0.9233
N13410 X-1.3194 Y0.9277
N13415 X-1.3041 Y0.9373
N13420 G3 X-1.2951 Y0.9646 I-0.0133 J0.0196
N13425 G1 X-1.2963 Y0.9681 Z-0.1414
N13430 X-1.2975 Y0.9715 Z-0.1406
N13435 X-1.2986 Y0.9747 Z-0.1392
N13440 X-1.2996 Y0.9777 Z-0.1372
N13445 X-1.3006 Y0.9803 Z-0.1348
N13450 X-1.3014 Y0.9826 Z-0.132
N13455 X-1.302 Y0.9844 Z-0.1288
N13460 X-1.3025 Y0.9858 Z-0.1254
N13465 X-1.3027 Y0.9866 Z-0.1218
N13470 X-1.3028 Y0.9869 Z-0.1181
N13475 Z0.1969
N13480 X-1.1999 Y-1.007
N13485 Z-0.0945
N13490 Z-0.1181
N13495 X-1.2 Y-1.0068 Z-0.1218
N13500 X-1.2006 Y-1.0061 Z-0.1254
N13505 X-1.2015 Y-1.005 Z-0.1288
N13510 X-1.2028 Y-1.0035 Z-0.132
N13515 X-1.2043 Y-1.0017 Z-0.1348
N13520 X-1.2061 Y-0.9995 Z-0.1372
N13525 X-1.2081 Y-0.9971 Z-0.1392
N13530 X-1.2103 Y-0.9945 Z-0.1406
N13535 X-1.2127 Y-0.9917 Z-0.1414
N13540 X-1.215 Y-0.9889 Z-0.1417
N13545 G3 X-1.2402 Y-0.9709 I-0.0477 J-0.04
N13550 G1 X-1.2481 Y-0.9678
N13555 X-1.2639 Y-0.9613
N13560 X-1.2719 Y-0.9572
N13565 X-1.2798 Y-0.9525
N13570 X-1.3194 Y-0.9277
N13575 X-1.3273 Y-0.9223
N13580 X-1.3374 Y-0.9153
N13585 X-1.3432 Y-0.9111
N13590 X-1.3511 Y-0.9039
N13595 X-1.3556 Y-0.8995
N13600 X-1.3907 Y-0.8644
N13605 X-1.395 Y-0.8599
N13610 X-1.3986 Y-0.856
N13615 X-1.4024 Y-0.8519
N13620 X-1.4145 Y-0.8349
N13625 X-1.4189 Y-0.8282
N13630 X-1.4388 Y-0.7965
N13635 X-1.4437 Y-0.7885
N13640 X-1.4484 Y-0.7806
N13645 X-1.4523 Y-0.7727
N13650 X-1.459 Y-0.7568
N13655 X-1.462 Y-0.7489
N13660 X-1.4779 Y-0.7036
N13665 X-1.4786 Y-0.7014
N13670 X-1.4827 Y-0.6855
N13675 X-1.4846 Y-0.6776
N13680 X-1.4875 Y-0.6538
N13685 X-1.491 Y-0.6221
N13690 X-1.4926 Y-0.6063
N13695 X-1.4929 Y-0.5983
N13700 X-1.4931 Y-0.5746
N13705 Y0.5746
N13710 X-1.4929 Y0.5983
N13715 X-1.4926 Y0.6063
N13720 X-1.491 Y0.6221
N13725 X-1.4875 Y0.6538
N13730 X-1.4846 Y0.6776
N13735 X-1.4827 Y0.6855
N13740 X-1.4786 Y0.7014
N13745 X-1.4779 Y0.7036
N13750 X-1.462 Y0.7489
N13755 X-1.459 Y0.7568
N13760 X-1.4523 Y0.7727
N13765 X-1.4484 Y0.7806
N13770 X-1.4437 Y0.7885
N13775 X-1.4383 Y0.7973
N13780 X-1.4189 Y0.8282
N13785 X-1.4159 Y0.8327
N13790 G3 X-1.4192 Y0.8613 I-0.0202 J0.0122
N13795 G1 X-1.4217 Y0.8639 Z-0.1414
N13800 X-1.4242 Y0.8665 Z-0.1406
N13805 X-1.4266 Y0.869 Z-0.1392
N13810 X-1.4288 Y0.8713 Z-0.1372
N13815 X-1.4308 Y0.8733 Z-0.1348
N13820 X-1.4324 Y0.875 Z-0.132
N13825 X-1.4338 Y0.8764 Z-0.1288
N13830 X-1.4348 Y0.8774 Z-0.1254
N13835 X-1.4354 Y0.8781 Z-0.1218
N13840 X-1.4356 Y0.8783 Z-0.1181
N13845 Z0.1969
N13850 X1.0581 Y1.0269
N13855 Z-0.0945
N13860 Z-0.1181
N13865 X1.0583 Y1.0267 Z-0.1218
N13870 X1.059 Y1.0262 Z-0.1254
N13875 X1.0601 Y1.0254 Z-0.1288
N13880 X1.0617 Y1.0242 Z-0.132
N13885 X1.0636 Y1.0227 Z-0.1348
N13890 X1.0658 Y1.021 Z-0.1372
N13895 X1.0684 Y1.0191 Z-0.1392
N13900 X1.0711 Y1.0171 Z-0.1406
N13905 X1.074 Y1.0149 Z-0.1414
N13910 X1.0769 Y1.0127 Z-0.1417
N13915 G3 X1.1054 Y1.0008 I0.0375 J0.0497
N13920 G1 X1.1451 Y0.9963
N13925 X1.1609 Y0.9944
N13930 X1.1688 Y0.9935
N13935 X1.1768 Y0.9919
N13940 X1.1847 Y0.9899
N13945 X1.1926 Y0.9875
N13950 X1.2402 Y0.9709
N13955 X1.2564 Y0.9661
N13960 X1.2725 Y0.9622
N13965 X1.2941 Y0.958
N13970 X1.3286 Y0.9531
N13975 X1.3631 Y0.9482
N13980 X1.3967 Y0.9385
N13985 X1.4279 Y0.923
N13990 X1.4559 Y0.9022
N13995 X1.4801 Y0.877
N14000 X1.5002 Y0.8486
N14005 X1.5166 Y0.8177
N14010 X1.5295 Y0.7853
N14015 X1.5395 Y0.7519
N14020 X1.5471 Y0.7178
N14025 X1.5527 Y0.6834
N14030 X1.5569 Y0.6488
N14035 X1.5599 Y0.614
N14040 X1.5621 Y0.5792
N14045 X1.5636 Y0.5444
N14050 X1.5648 Y0.5095
N14055 X1.5655 Y0.4746
N14060 X1.5661 Y0.4397
N14065 X1.5665 Y0.4048
N14070 X1.5668 Y0.37
N14075 X1.5669 Y0.3351
N14080 X1.5671 Y0.3002
N14085 X1.5672 Y0.2304
N14090 X1.5673 Y0.0909
N14095 X1.5674 Y-0.6766
N14100 X1.5671 Y-0.7115
N14105 X1.5635 Y-0.7462
N14110 X1.554 Y-0.7798
N14115 X1.5381 Y-0.8109
N14120 X1.5169 Y-0.8385
N14125 X1.4912 Y-0.8622
N14130 X1.4623 Y-0.8817
N14135 X1.4312 Y-0.8974
N14140 X1.3985 Y-0.9098
N14145 X1.365 Y-0.9193
N14150 X1.3319 Y-0.9262
N14155 X1.3221 Y-0.9289
N14160 X1.3126 Y-0.9327
N14165 X1.3036 Y-0.9376
N14170 X1.2798 Y-0.9525
N14175 X1.2719 Y-0.9572
N14180 X1.2639 Y-0.9613
N14185 X1.2481 Y-0.9678
N14190 X1.2402 Y-0.9709
N14195 X1.1926 Y-0.9875
N14200 X1.1847 Y-0.9899
N14205 X1.1768 Y-0.9919
N14210 X1.1734 Y-0.9932
N14215 X1.1702 Y-0.995
N14220 X1.1681 Y-0.9971 Z-0.1415
N14225 X1.1661 Y-0.9991 Z-0.141
N14230 X1.1641 Y-1.001 Z-0.1401
N14235 X1.1628 Y-1.0039 Z-0.1386
N14240 X1.1616 Y-1.0065 Z-0.1367
N14245 X1.1605 Y-1.0088 Z-0.1343
N14250 X1.1603 Y-1.0108 Z-0.1319
N14255 X1.1601 Y-1.0124 Z-0.1293
N14260 X1.1599 Y-1.0137 Z-0.1264
N14265 X1.1598 Y-1.0146 Z-0.1234
N14270 Y-1.015 Z-0.1208
N14275 Y-1.0152 Z-0.1181
N14280 Z0.1969
N14285 X1.1999 Y1.007
N14290 Z-0.0945
N14295 Z-0.1181
N14300 X1.2 Y1.0068 Z-0.1218
N14305 X1.2006 Y1.0061 Z-0.1254
N14310 X1.2015 Y1.005 Z-0.1288
N14315 X1.2028 Y1.0035 Z-0.132
N14320 X1.2043 Y1.0017 Z-0.1348
N14325 X1.2061 Y0.9995 Z-0.1372
N14330 X1.2081 Y0.9971 Z-0.1392
N14335 X1.2103 Y0.9945 Z-0.1406
N14340 X1.2127 Y0.9917 Z-0.1414
N14345 X1.215 Y0.9889 Z-0.1417
N14350 G3 X1.2402 Y0.9709 I0.0477 J0.04
N14355 G1 X1.2481 Y0.9678
N14360 X1.2639 Y0.9613
N14365 X1.2719 Y0.9572
N14370 X1.2798 Y0.9525
N14375 X1.2956 Y0.9426
N14380 X1.3261 Y0.9256
N14385 X1.3563 Y0.9081
N14390 X1.3848 Y0.8881
N14395 X1.4107 Y0.8646
N14400 X1.4332 Y0.838
N14405 X1.4523 Y0.8088
N14410 X1.468 Y0.7776
N14415 X1.4806 Y0.7451
N14420 X1.4905 Y0.7117
N14425 X1.4982 Y0.6776
N14430 X1.5041 Y0.6433
N14435 X1.5084 Y0.6086
N14440 X1.5117 Y0.5739
N14445 X1.514 Y0.5391
N14450 X1.5158 Y0.5043
N14455 X1.517 Y0.4694
N14460 X1.5179 Y0.4345
N14465 X1.5186 Y0.3996
N14470 X1.519 Y0.3648
N14475 X1.5193 Y0.3299
N14480 X1.5196 Y0.295
N14485 X1.5197 Y0.2601
N14490 X1.5199 Y0.1903
N14495 X1.5201 Y0.0857
N14500 Y-0.1934
N14505 Y-0.6121
N14510 X1.52 Y-0.647
N14515 X1.5178 Y-0.6818
N14520 X1.5104 Y-0.7159
N14525 X1.4969 Y-0.748
N14530 X1.4777 Y-0.7772
N14535 X1.4539 Y-0.8026
N14540 X1.4271 Y-0.8234
N14545 X1.4208 Y-0.8289
N14550 X1.415 Y-0.8349
N14555 X1.4098 Y-0.8415
N14560 X1.4024 Y-0.8519
N14565 X1.3986 Y-0.856
N14570 X1.395 Y-0.8599
N14575 X1.3907 Y-0.8644
N14580 X1.3556 Y-0.8995
N14585 X1.3511 Y-0.9039
N14590 X1.3432 Y-0.9111
N14595 X1.3374 Y-0.9153
N14600 X1.326 Y-0.9233
N14605 X1.3194 Y-0.9277
N14610 X1.3036 Y-0.9376
N14615 G3 X1.2945 Y-0.9649 I0.0133 J-0.0196
N14620 G1 X1.2957 Y-0.9684 Z-0.1414
N14625 X1.2969 Y-0.9718 Z-0.1406
N14630 X1.2981 Y-0.975 Z-0.1392
N14635 X1.2991 Y-0.978 Z-0.1372
N14640 X1.3 Y-0.9807 Z-0.1348
N14645 X1.3008 Y-0.983 Z-0.132
N14650 X1.3014 Y-0.9848 Z-0.1288
N14655 X1.3019 Y-0.9861 Z-0.1254
N14660 X1.3022 Y-0.9869 Z-0.1218
N14665 X1.3023 Y-0.9872 Z-0.1181
N14670 Z0.1969
N14675 X1.2644 Y0.9868
N14680 Z-0.0945
N14685 Z-0.1181
N14690 X1.2645 Y0.9865 Z-0.1218
N14695 X1.2649 Y0.9858 Z-0.1254
N14700 X1.2656 Y0.9845 Z-0.1288
N14705 X1.2664 Y0.9828 Z-0.132
N14710 X1.2675 Y0.9806 Z-0.1348
N14715 X1.2688 Y0.9781 Z-0.1372
N14720 X1.2703 Y0.9753 Z-0.1392
N14725 X1.2718 Y0.9723 Z-0.1406
N14730 X1.2735 Y0.9691 Z-0.1414
N14735 X1.2751 Y0.9658 Z-0.1417
N14740 G3 X1.2956 Y0.9426 I0.0555 J0.0284
N14745 G1 X1.3194 Y0.9277
N14750 X1.3273 Y0.9223
N14755 X1.3374 Y0.9153
N14760 X1.3432 Y0.9111
N14765 X1.3511 Y0.9039
N14770 X1.3556 Y0.8995
N14775 X1.3907 Y0.8644
N14780 X1.395 Y0.8599
N14785 X1.3986 Y0.856
N14790 X1.4024 Y0.8519
N14795 X1.4145 Y0.8349
N14800 X1.4189 Y0.8282
N14805 X1.4388 Y0.7965
N14810 X1.4437 Y0.7885
N14815 X1.4484 Y0.7806
N14820 X1.4523 Y0.7727
N14825 X1.459 Y0.7568
N14830 X1.462 Y0.7489
N14835 X1.4779 Y0.7036
N14840 X1.4786 Y0.7014
N14845 X1.4827 Y0.6855
N14850 X1.4846 Y0.6776
N14855 X1.4875 Y0.6538
N14860 X1.491 Y0.6221
N14865 X1.4926 Y0.6063
N14870 X1.4929 Y0.5983
N14875 X1.4931 Y0.5746
N14880 Y-0.5746
N14885 X1.4929 Y-0.5983
N14890 X1.4926 Y-0.6063
N14895 X1.491 Y-0.6221
N14900 X1.4875 Y-0.6538
N14905 X1.4846 Y-0.6776
N14910 X1.4827 Y-0.6855
N14915 X1.4786 Y-0.7014
N14920 X1.4779 Y-0.7036
N14925 X1.462 Y-0.7489
N14930 X1.459 Y-0.7568
N14935 X1.4523 Y-0.7727
N14940 X1.4484 Y-0.7806
N14945 X1.4437 Y-0.7885
N14950 X1.4383 Y-0.7973
N14955 X1.4189 Y-0.8282
N14960 X1.4145 Y-0.8349
N14965 X1.4098 Y-0.8415
N14970 X1.408 Y-0.8447
N14975 X1.4068 Y-0.8481
N14980 X1.4063 Y-0.8514 Z-0.1415
N14985 X1.4059 Y-0.8545 Z-0.1408
N14990 X1.4064 Y-0.8575 Z-0.1397
N14995 X1.4069 Y-0.8604 Z-0.1382
N15000 X1.4074 Y-0.8629 Z-0.1363
N15005 X1.4087 Y-0.8651 Z-0.1339
N15010 X1.4098 Y-0.8669 Z-0.1312
N15015 X1.4107 Y-0.8683 Z-0.1282
N15020 X1.4113 Y-0.8694 Z-0.1249
N15025 X1.4117 Y-0.87 Z-0.1216
N15030 X1.4118 Y-0.8702 Z-0.1181
N15035 Z0.1969
N15040 X-1.3836 Y-1.0487
N15045 Z0.0157
N15050 Z-0.0079
N15055 X-1.3835 Y-1.0484 Z-0.0116
N15060 X-1.3833 Y-1.0475 Z-0.0152
N15065 X-1.383 Y-1.0462 Z-0.0186
N15070 X-1.3825 Y-1.0443 Z-0.0218
N15075 X-1.3819 Y-1.042 Z-0.0246
N15080 X-1.3812 Y-1.0392 Z-0.027
N15085 X-1.3804 Y-1.0362 Z-0.0289
N15090 X-1.3796 Y-1.0329 Z-0.0303
N15095 X-1.3787 Y-1.0294 Z-0.0312
N15100 X-1.3777 Y-1.0258 Z-0.0315
N15105 G3 X-1.3593 Y-0.8972 I-0.5842 J0.1496
N15110 G1 Y-0.8913
N15115 X-1.3602 Y-0.8868
N15120 X-1.3622 Y-0.8826
N15125 X-1.365 Y-0.879
N15130 X-1.3841 Y-0.8599
N15135 X-1.3907 Y-0.8532
N15140 X-1.3919 Y-0.8519
N15145 X-1.4096 Y-0.8282
N15150 X-1.4146 Y-0.8202
N15155 X-1.4303 Y-0.7952
N15160 X-1.4394 Y-0.7806
N15165 X-1.4435 Y-0.7727
N15170 X-1.4506 Y-0.7568
N15175 X-1.4537 Y-0.7489
N15180 X-1.47 Y-0.7026
N15185 X-1.4746 Y-0.6855
N15190 X-1.4766 Y-0.6776
N15195 X-1.4796 Y-0.6538
N15200 X-1.4823 Y-0.63
N15205 X-1.4847 Y-0.6063
N15210 X-1.4851 Y-0.5983
N15215 X-1.4852 Y-0.5746
N15220 Y0.5746
N15225 X-1.4851 Y0.5983
N15230 X-1.4847 Y0.6063
N15235 X-1.4823 Y0.63
N15240 X-1.4796 Y0.6538
N15245 X-1.4766 Y0.6776
N15250 X-1.4746 Y0.6855
N15255 X-1.47 Y0.7026
N15260 X-1.4537 Y0.7489
N15265 X-1.4506 Y0.7568
N15270 X-1.4435 Y0.7727
N15275 X-1.4394 Y0.7806
N15280 X-1.4224 Y0.8078
N15285 X-1.4145 Y0.8204
N15290 X-1.4096 Y0.8282
N15295 X-1.3919 Y0.8519
N15300 X-1.3907 Y0.8532
N15305 X-1.3749 Y0.8691
N15310 X-1.3524 Y0.8916
N15315 X-1.3432 Y0.9006
N15320 X-1.3353 Y0.9068
N15325 X-1.3194 Y0.9182
N15330 X-1.3115 Y0.9234
N15335 X-1.2956 Y0.9334
N15340 X-1.2864 Y0.9391
N15345 X-1.2719 Y0.9481
N15350 X-1.2639 Y0.9525
N15355 X-1.2481 Y0.9593
N15360 X-1.2402 Y0.9626
N15365 X-1.1926 Y0.9792
N15370 X-1.1847 Y0.9813
N15375 X-1.1688 Y0.9854
N15380 X-1.1609 Y0.9865
N15385 X-1.1451 Y0.9884
N15390 X-1.1213 Y0.9911
N15395 X-1.1134 Y0.992
N15400 X-1.0975 Y0.9935
N15405 X-1.0896 Y0.994
N15410 X-1.0658 Y0.9941
N15415 X-0.4873
N15420 X-0.4636 Y0.9937
N15425 X-0.4557 Y0.9927
N15430 X-0.4398 Y0.9905
N15435 X-0.4319 Y0.9892
N15440 X-0.416 Y0.9865
N15445 X-0.4081 Y0.9845
N15450 X-0.3923 Y0.98
N15455 X-0.3885 Y0.9788
N15460 X-0.3843 Y0.977
N15465 X-0.3685 Y0.9691
N15470 X-0.3606 Y0.9649
N15475 X-0.3419 Y0.955
N15480 X-0.3368 Y0.9515
N15485 X-0.3204 Y0.9391
N15490 X-0.313 Y0.9324
N15495 X-0.3038 Y0.9233
N15500 X-0.2959 Y0.9153
N15505 X-0.2884 Y0.9074
N15510 X-0.2822 Y0.8995
N15515 X-0.271 Y0.8836
N15520 X-0.2666 Y0.8757
N15525 X-0.2575 Y0.8584
N15530 X-0.2545 Y0.8519
N15535 X-0.2471 Y0.8361
N15540 X-0.2445 Y0.8282
N15545 X-0.2404 Y0.8123
N15550 X-0.2388 Y0.8044
N15555 X-0.2362 Y0.7885
N15560 X-0.235 Y0.7806
N15565 X-0.233 Y0.7648
N15570 X-0.2325 Y0.7568
N15575 X-0.2323 Y0.7331
N15580 Y0.527
N15585 X-0.2324 Y0.5032
N15590 X-0.233 Y0.4953
N15595 X-0.2347 Y0.4795
N15600 X-0.2357 Y0.4715
N15605 X-0.238 Y0.4557
N15610 X-0.2397 Y0.4478
N15615 X-0.2443 Y0.4319
N15620 X-0.2471 Y0.424
N15625 X-0.2538 Y0.4081
N15630 X-0.2575 Y0.4
N15635 X-0.2674 Y0.3803
N15640 X-0.2686 Y0.3784
N15645 X-0.27 Y0.3764
N15650 X-0.282 Y0.3606
N15655 X-0.2892 Y0.3512
N15660 X-0.2943 Y0.3447
N15665 X-0.2972 Y0.3415
N15670 X-0.3051 Y0.3327
N15675 X-0.313 Y0.3242
N15680 X-0.3209 Y0.3157
N15685 X-0.3303 Y0.3051
N15690 X-0.3368 Y0.2971
N15695 X-0.3447 Y0.2871
N15700 X-0.3491 Y0.2813
N15705 X-0.3526 Y0.2765
N15710 X-0.3701 Y0.2496
N15715 X-0.3749 Y0.2417
N15720 X-0.3764 Y0.2391
N15725 X-0.3843 Y0.2245
N15730 X-0.3876 Y0.2179
N15735 X-0.3982 Y0.1942
N15740 X-0.4016 Y0.1862
N15745 X-0.4048 Y0.1783
N15750 X-0.4081 Y0.1692
N15755 X-0.4103 Y0.1625
N15760 X-0.4173 Y0.1387
N15765 X-0.4193 Y0.1308
N15770 X-0.424 Y0.1122
N15775 X-0.425 Y0.107
N15780 X-0.429 Y0.0832
N15785 X-0.4297 Y0.0753
N15790 X-0.4317 Y0.0515
N15795 X-0.4319 Y0.0479
N15800 X-0.4326 Y0.0277
N15805 X-0.4325 Y0.0198
N15810 X-0.4319 Y0.0007
N15815 X-0.4315 Y-0.004
N15820 X-0.4294 Y-0.0277
N15825 X-0.4282 Y-0.0357
N15830 X-0.4256 Y-0.0515
N15835 X-0.4242 Y-0.0594
N15840 X-0.4186 Y-0.0832
N15845 X-0.416 Y-0.0923
N15850 X-0.4117 Y-0.107
N15855 X-0.4092 Y-0.1149
N15860 X-0.4063 Y-0.1228
N15865 X-0.4034 Y-0.1308
N15870 X-0.4002 Y-0.1389
N15875 X-0.3968 Y-0.1466
N15880 X-0.3896 Y-0.1625
N15885 X-0.3858 Y-0.1704
N15890 X-0.3764 Y-0.1875
N15895 X-0.3726 Y-0.1942
N15900 X-0.3685 Y-0.2008
N15905 X-0.3574 Y-0.2179
N15910 X-0.3522 Y-0.2259
N15915 X-0.3465 Y-0.2338
N15920 X-0.3336 Y-0.2496
N15925 X-0.327 Y-0.2576
N15930 X-0.3209 Y-0.2648
N15935 X-0.3203 Y-0.2655
N15940 X-0.3127 Y-0.2734
N15945 X-0.3049 Y-0.2813
N15950 X-0.2965 Y-0.2893
N15955 X-0.2892 Y-0.2959
N15960 X-0.2786 Y-0.3051
N15965 X-0.2734 Y-0.3096
N15970 X-0.2655 Y-0.3162
N15975 X-0.2575 Y-0.3219
N15980 X-0.2417 Y-0.3331
N15985 X-0.236 Y-0.3368
N15990 X-0.21 Y-0.3528
N15995 X-0.2021 Y-0.3569
N16000 X-0.1941 Y-0.361
N16005 X-0.1862 Y-0.365
N16010 X-0.1787 Y-0.3685
N16015 X-0.1545 Y-0.3783
N16020 X-0.1466 Y-0.3812
N16025 X-0.1308 Y-0.3867
N16030 X-0.1228 Y-0.3893
N16035 X-0.1149 Y-0.3915
N16040 X-0.0991 Y-0.3955
N16045 X-0.0911 Y-0.3972
N16050 X-0.0753 Y-0.4005
N16055 X-0.0674 Y-0.4019
N16060 X-0.0436 Y-0.4049
N16065 X-0.0357 Y-0.4055
N16070 X-0.0198 Y-0.4064
N16075 X-0.0119 Y-0.4068
N16080 X0.0119
N16085 X0.0198 Y-0.4064
N16090 X0.0357 Y-0.4055
N16095 X0.0436 Y-0.4049
N16100 X0.0674 Y-0.4019
N16105 X0.0753 Y-0.4005
N16110 X0.0911 Y-0.3972
N16115 X0.0991 Y-0.3955
N16120 X0.1149 Y-0.3915
N16125 X0.1228 Y-0.3893
N16130 X0.1308 Y-0.3867
N16135 X0.1466 Y-0.3812
N16140 X0.1545 Y-0.3783
N16145 X0.1787 Y-0.3685
N16150 X0.1862 Y-0.365
N16155 X0.195 Y-0.3606
N16160 X0.2021 Y-0.3569
N16165 X0.2101 Y-0.3527
N16170 X0.236 Y-0.3368
N16175 X0.2417 Y-0.3331
N16180 X0.2589 Y-0.321
N16185 X0.2655 Y-0.3162
N16190 X0.2734 Y-0.3096
N16195 X0.2786 Y-0.3051
N16200 X0.2892 Y-0.2959
N16205 X0.2972 Y-0.2886
N16210 X0.3051 Y-0.2812
N16215 X0.313 Y-0.2731
N16220 X0.3203 Y-0.2655
N16225 X0.3209 Y-0.2648
N16230 X0.3289 Y-0.2553
N16235 X0.3336 Y-0.2496
N16240 X0.3465 Y-0.2338
N16245 X0.3526 Y-0.2252
N16250 X0.3574 Y-0.2179
N16255 X0.3685 Y-0.2008
N16260 X0.3726 Y-0.1942
N16265 X0.3771 Y-0.1862
N16270 X0.3858 Y-0.1704
N16275 X0.3896 Y-0.1625
N16280 X0.3968 Y-0.1466
N16285 X0.4003 Y-0.1387
N16290 X0.4034 Y-0.1308
N16295 X0.4081 Y-0.118
N16300 X0.4092 Y-0.1149
N16305 X0.4117 Y-0.107
N16310 X0.4164 Y-0.0911
N16315 X0.4186 Y-0.0832
N16320 X0.4242 Y-0.0594
N16325 X0.4256 Y-0.0515
N16330 X0.4282 Y-0.0357
N16335 X0.4294 Y-0.0277
N16340 X0.4315 Y-0.004
N16345 X0.4319 Y0.0007
N16350 X0.4325 Y0.0198
N16355 X0.4326 Y0.0277
N16360 X0.4319 Y0.048
N16365 X0.4317 Y0.0515
N16370 X0.4297 Y0.0753
N16375 X0.429 Y0.0832
N16380 X0.425 Y0.107
N16385 X0.424 Y0.1122
N16390 X0.4193 Y0.1308
N16395 X0.4173 Y0.1387
N16400 X0.4103 Y0.1625
N16405 X0.4081 Y0.1692
N16410 X0.4048 Y0.1783
N16415 X0.4016 Y0.1862
N16420 X0.3982 Y0.1942
N16425 X0.3876 Y0.2179
N16430 X0.3843 Y0.2245
N16435 X0.3764 Y0.2391
N16440 X0.3749 Y0.2417
N16445 X0.3701 Y0.2496
N16450 X0.3526 Y0.2765
N16455 X0.3491 Y0.2813
N16460 X0.3447 Y0.2871
N16465 X0.3367 Y0.2972
N16470 X0.3303 Y0.3051
N16475 X0.3209 Y0.3157
N16480 X0.3051 Y0.3327
N16485 X0.2972 Y0.3415
N16490 X0.2943 Y0.3447
N16495 X0.2881 Y0.3527
N16500 X0.2813 Y0.3615
N16505 X0.27 Y0.3764
N16510 X0.2686 Y0.3784
N16515 X0.2674 Y0.3803
N16520 X0.2574 Y0.4002
N16525 X0.2538 Y0.4081
N16530 X0.2471 Y0.424
N16535 X0.2443 Y0.4319
N16540 X0.2397 Y0.4478
N16545 X0.238 Y0.4557
N16550 X0.2357 Y0.4715
N16555 X0.2347 Y0.4795
N16560 X0.233 Y0.4953
N16565 X0.2324 Y0.5032
N16570 X0.2323 Y0.527
N16575 Y0.7331
N16580 X0.2325 Y0.7568
N16585 X0.233 Y0.7648
N16590 X0.235 Y0.7806
N16595 X0.2362 Y0.7885
N16600 X0.2388 Y0.8044
N16605 X0.2404 Y0.8123
N16610 X0.2445 Y0.8282
N16615 X0.2471 Y0.8361
N16620 X0.2545 Y0.8519
N16625 X0.2575 Y0.8584
N16630 X0.2666 Y0.8757
N16635 X0.271 Y0.8836
N16640 X0.2822 Y0.8995
N16645 X0.2884 Y0.9074
N16650 X0.2959 Y0.9153
N16655 X0.3051 Y0.9246
N16660 X0.313 Y0.9324
N16665 X0.3204 Y0.9391
N16670 X0.3368 Y0.9515
N16675 X0.3419 Y0.955
N16680 X0.3606 Y0.9649
N16685 X0.3685 Y0.9691
N16690 X0.3843 Y0.977
N16695 X0.3885 Y0.9788
N16700 X0.3923 Y0.98
N16705 X0.4081 Y0.9845
N16710 X0.416 Y0.9865
N16715 X0.4319 Y0.9892
N16720 X0.4398 Y0.9905
N16725 X0.4557 Y0.9927
N16730 X0.4636 Y0.9937
N16735 X0.4873 Y0.9941
N16740 X1.0658
N16745 X1.0896 Y0.994
N16750 X1.0975 Y0.9935
N16755 X1.1134 Y0.992
N16760 X1.1213 Y0.9911
N16765 X1.1451 Y0.9884
N16770 X1.1609 Y0.9865
N16775 X1.1688 Y0.9854
N16780 X1.1847 Y0.9813
N16785 X1.1926 Y0.9792
N16790 X1.2402 Y0.9626
N16795 X1.2481 Y0.9593
N16800 X1.2639 Y0.9525
N16805 X1.2719 Y0.9481
N16810 X1.2877 Y0.9383
N16815 X1.3036 Y0.9284
N16820 X1.3117 Y0.9233
N16825 X1.3194 Y0.9182
N16830 X1.3353 Y0.9068
N16835 X1.3432 Y0.9006
N16840 X1.3524 Y0.8916
N16845 X1.3762 Y0.8678
N16850 X1.3907 Y0.8532
N16855 X1.3919 Y0.8519
N16860 X1.4096 Y0.8282
N16865 X1.4146 Y0.8202
N16870 X1.4303 Y0.7952
N16875 X1.4394 Y0.7806
N16880 X1.4435 Y0.7727
N16885 X1.4506 Y0.7568
N16890 X1.4537 Y0.7489
N16895 X1.47 Y0.7026
N16900 X1.4746 Y0.6855
N16905 X1.4766 Y0.6776
N16910 X1.4796 Y0.6538
N16915 X1.4823 Y0.63
N16920 X1.4847 Y0.6063
N16925 X1.4851 Y0.5983
N16930 X1.4852 Y0.5746
N16935 Y-0.5746
N16940 X1.4851 Y-0.5983
N16945 X1.4847 Y-0.6063
N16950 X1.4823 Y-0.63
N16955 X1.4796 Y-0.6538
N16960 X1.4766 Y-0.6776
N16965 X1.4746 Y-0.6855
N16970 X1.47 Y-0.7026
N16975 X1.4537 Y-0.7489
N16980 X1.4506 Y-0.7568
N16985 X1.4435 Y-0.7727
N16990 X1.4394 Y-0.7806
N16995 X1.4224 Y-0.8078
N17000 X1.4145 Y-0.8204
N17005 X1.4096 Y-0.8282
N17010 X1.3919 Y-0.8519
N17015 X1.3907 Y-0.8532
N17020 X1.3749 Y-0.8691
N17025 X1.3524 Y-0.8916
N17030 X1.3432 Y-0.9006
N17035 X1.3353 Y-0.9068
N17040 X1.3194 Y-0.9182
N17045 X1.3115 Y-0.9234
N17050 X1.2956 Y-0.9334
N17055 X1.2864 Y-0.9391
N17060 X1.2719 Y-0.9481
N17065 X1.2639 Y-0.9525
N17070 X1.2481 Y-0.9593
N17075 X1.2402 Y-0.9626
N17080 X1.1926 Y-0.9792
N17085 X1.1847 Y-0.9813
N17090 X1.1688 Y-0.9854
N17095 X1.1609 Y-0.9865
N17100 X1.1451 Y-0.9884
N17105 X1.1213 Y-0.9911
N17110 X1.1134 Y-0.992
N17115 X1.0975 Y-0.9935
N17120 X1.0896 Y-0.994
N17125 X1.0658 Y-0.9941
N17130 X-1.0658
N17135 X-1.0896 Y-0.994
N17140 X-1.0975 Y-0.9935
N17145 X-1.1134 Y-0.992
N17150 X-1.1213 Y-0.9911
N17155 X-1.1451 Y-0.9884
N17160 X-1.1609 Y-0.9865
N17165 X-1.1688 Y-0.9854
N17170 X-1.1847 Y-0.9813
N17175 X-1.1926 Y-0.9792
N17180 X-1.2402 Y-0.9626
N17185 X-1.2481 Y-0.9593
N17190 X-1.2639 Y-0.9525
N17195 X-1.2719 Y-0.9481
N17200 X-1.2877 Y-0.9383
N17205 X-1.3036 Y-0.9284
N17210 X-1.3117 Y-0.9233
N17215 X-1.3194 Y-0.9182
N17220 X-1.3353 Y-0.9068
N17225 X-1.3432 Y-0.9006
N17230 X-1.3524 Y-0.8916
N17235 X-1.365 Y-0.879
N17240 X-1.3679 Y-0.8767
N17245 X-1.371 Y-0.8749
N17250 X-1.3738 Y-0.8742 Z-0.0313
N17255 X-1.3766 Y-0.8734 Z-0.0308
N17260 X-1.3793 Y-0.8727 Z-0.0299
N17265 X-1.3811 Z-0.0291
N17270 X-1.3843 Y-0.8732 Z-0.0271
N17275 X-1.3871 Y-0.8738 Z-0.0247
N17280 X-1.3895 Y-0.8742 Z-0.0219
N17285 X-1.3913 Y-0.8751 Z-0.0187
N17290 X-1.3926 Y-0.8757 Z-0.0153
N17295 X-1.3934 Y-0.8761 Z-0.0116
N17300 X-1.3936 Y-0.8763 Z-0.0079
N17305 Z0.1969
N17310 X-1.3675 Y-1.0535
N17315 Z0.0319
N17320 Z0.0083
N17325 X-1.3674 Y-1.0532 Z0.0046
N17330 X-1.3672 Y-1.0524 Z0.001
N17335 X-1.3668 Y-1.051 Z-0.0025
N17340 X-1.3663 Y-1.0491 Z-0.0056
N17345 X-1.3657 Y-1.0468 Z-0.0084
N17350 X-1.365 Y-1.0441 Z-0.0108
N17355 X-1.3643 Y-1.041 Z-0.0128
N17360 X-1.3634 Y-1.0377 Z-0.0142
N17365 X-1.3625 Y-1.0342 Z-0.0151
N17370 X-1.3616 Y-1.0306 Z-0.0154
N17375 G3 X-1.3431 Y-0.902 I-0.5842 J0.1496
N17380 G1 Y-0.8961
N17385 X-1.3458 Y-0.8837
N17390 X-1.3512 Y-0.8721
N17395 X-1.3592 Y-0.8622
N17400 X-1.3694 Y-0.8519
N17405 X-1.3765 Y-0.844
N17410 X-1.3905 Y-0.8282
N17415 X-1.3907 Y-0.8278
N17420 X-1.4066 Y-0.8029
N17425 X-1.4224 Y-0.7777
N17430 X-1.4251 Y-0.7727
N17435 X-1.4332 Y-0.7568
N17440 X-1.4367 Y-0.7489
N17445 X-1.4395 Y-0.741
N17450 X-1.4506 Y-0.7093
N17455 X-1.4533 Y-0.7014
N17460 X-1.458 Y-0.6855
N17465 X-1.4602 Y-0.6776
N17470 X-1.4635 Y-0.6538
N17475 X-1.4661 Y-0.63
N17480 X-1.4686 Y-0.6063
N17485 X-1.4689 Y-0.5983
N17490 X-1.4691 Y-0.5746
N17495 Y0.5746
N17500 X-1.4689 Y0.5983
N17505 X-1.4686 Y0.6063
N17510 X-1.4661 Y0.63
N17515 X-1.4635 Y0.6538
N17520 X-1.4602 Y0.6776
N17525 X-1.458 Y0.6855
N17530 X-1.4533 Y0.7014
N17535 X-1.4506 Y0.7093
N17540 X-1.4395 Y0.741
N17545 X-1.4367 Y0.7489
N17550 X-1.4332 Y0.7568
N17555 X-1.4251 Y0.7727
N17560 X-1.4224 Y0.7777
N17565 X-1.4056 Y0.8044
N17570 X-1.3907 Y0.8278
N17575 X-1.3905 Y0.8282
N17580 X-1.3749 Y0.8458
N17585 X-1.3694 Y0.8519
N17590 X-1.3432 Y0.8782
N17595 X-1.3372 Y0.8836
N17600 X-1.3186 Y0.8995
N17605 X-1.3115 Y0.9044
N17610 X-1.2798 Y0.9244
N17615 X-1.2689 Y0.9312
N17620 X-1.2639 Y0.9341
N17625 X-1.2481 Y0.9419
N17630 X-1.2402 Y0.9455
N17635 X-1.2085 Y0.9567
N17640 X-1.1926 Y0.9622
N17645 X-1.1905 Y0.9629
N17650 X-1.1688 Y0.969
N17655 X-1.1609 Y0.9702
N17660 X-1.1451 Y0.9723
N17665 X-1.1292 Y0.9741
N17670 X-1.1213 Y0.975
N17675 X-1.1134 Y0.9758
N17680 X-1.0975 Y0.9773
N17685 X-1.0896 Y0.9779
N17690 X-1.0658 Y0.978
N17695 X-0.4873
N17700 X-0.4636 Y0.9776
N17705 X-0.4557 Y0.9766
N17710 X-0.4477 Y0.9756
N17715 X-0.4398 Y0.9744
N17720 X-0.424 Y0.9714
N17725 X-0.416 Y0.9698
N17730 X-0.4081 Y0.9676
N17735 X-0.3923 Y0.9628
N17740 X-0.3843 Y0.9592
N17745 X-0.3685 Y0.9516
N17750 X-0.3606 Y0.9467
N17755 X-0.3447 Y0.9368
N17760 X-0.3366 Y0.9312
N17765 X-0.3289 Y0.9252
N17770 X-0.3209 Y0.9182
N17775 X-0.3179 Y0.9153
N17780 X-0.31 Y0.9074
N17785 X-0.3051 Y0.9021
N17790 X-0.2964 Y0.8916
N17795 X-0.2909 Y0.8836
N17800 X-0.2892 Y0.8812
N17805 X-0.281 Y0.8678
N17810 X-0.2762 Y0.8599
N17815 X-0.2734 Y0.8551
N17820 X-0.2718 Y0.8519
N17825 X-0.2644 Y0.8361
N17830 X-0.2616 Y0.8282
N17835 X-0.2572 Y0.8123
N17840 X-0.2554 Y0.8044
N17845 X-0.2524 Y0.7885
N17850 X-0.2512 Y0.7806
N17855 X-0.2492 Y0.7648
N17860 X-0.2486 Y0.7568
N17865 X-0.2484 Y0.7331
N17870 Y0.527
N17875 X-0.2485 Y0.5032
N17880 X-0.2491 Y0.4953
N17885 X-0.2508 Y0.4795
N17890 X-0.2519 Y0.4715
N17895 X-0.2544 Y0.4557
N17900 X-0.2564 Y0.4478
N17905 X-0.2615 Y0.4319
N17910 X-0.2645 Y0.424
N17915 X-0.2711 Y0.4081
N17920 X-0.2734 Y0.4034
N17925 X-0.2844 Y0.3844
N17930 X-0.2892 Y0.3773
N17935 X-0.2972 Y0.367
N17940 X-0.3051 Y0.3569
N17945 X-0.3209 Y0.3393
N17950 X-0.3301 Y0.3289
N17955 X-0.3507 Y0.3051
N17960 X-0.3526 Y0.3027
N17965 X-0.3685 Y0.2807
N17970 X-0.3735 Y0.2734
N17975 X-0.3883 Y0.2496
N17980 X-0.3927 Y0.2417
N17985 X-0.4013 Y0.2259
N17990 X-0.4051 Y0.2179
N17995 X-0.416 Y0.192
N18000 X-0.4247 Y0.1704
N18005 X-0.4275 Y0.1625
N18010 X-0.4334 Y0.1387
N18015 X-0.4398 Y0.1129
N18020 X-0.441 Y0.107
N18025 X-0.4446 Y0.0832
N18030 X-0.4454 Y0.0753
N18035 X-0.4467 Y0.0594
N18040 X-0.4473 Y0.0515
N18045 X-0.449 Y0.0277
N18050 X-0.4486 Y0.0198
N18055 X-0.4471 Y-0.004
N18060 X-0.4453 Y-0.0277
N18065 X-0.4442 Y-0.0357
N18070 X-0.4417 Y-0.0515
N18075 X-0.4403 Y-0.0594
N18080 X-0.4319 Y-0.0952
N18085 X-0.4309 Y-0.0991
N18090 X-0.4288 Y-0.107
N18095 X-0.4264 Y-0.1149
N18100 X-0.416 Y-0.1409
N18105 X-0.4072 Y-0.1625
N18110 X-0.4038 Y-0.1704
N18115 X-0.4002 Y-0.1772
N18120 X-0.3907 Y-0.1942
N18125 X-0.3843 Y-0.2048
N18130 X-0.3763 Y-0.2179
N18135 X-0.3712 Y-0.2259
N18140 X-0.3539 Y-0.2496
N18145 X-0.3526 Y-0.2513
N18150 X-0.3289 Y-0.2793
N18155 X-0.3201 Y-0.2893
N18160 X-0.3113 Y-0.2972
N18165 X-0.3024 Y-0.3051
N18170 X-0.2972 Y-0.3097
N18175 X-0.2734 Y-0.3301
N18180 X-0.2651 Y-0.3368
N18185 X-0.2575 Y-0.3417
N18190 X-0.2338 Y-0.3565
N18195 X-0.21 Y-0.3711
N18200 X-0.2021 Y-0.3749
N18205 X-0.1809 Y-0.3844
N18210 X-0.1545 Y-0.3953
N18215 X-0.1466 Y-0.3981
N18220 X-0.1308 Y-0.4033
N18225 X-0.1228 Y-0.4057
N18230 X-0.0991 Y-0.4114
N18235 X-0.0753 Y-0.4169
N18240 X-0.0674 Y-0.4183
N18245 X-0.0436 Y-0.4204
N18250 X-0.0198 Y-0.4223
N18255 X-0.0119 Y-0.4228
N18260 X0.0119
N18265 X0.0198 Y-0.4223
N18270 X0.0436 Y-0.4204
N18275 X0.0674 Y-0.4183
N18280 X0.0753 Y-0.4169
N18285 X0.0991 Y-0.4114
N18290 X0.1228 Y-0.4057
N18295 X0.1308 Y-0.4033
N18300 X0.1466 Y-0.3981
N18305 X0.1545 Y-0.3953
N18310 X0.1809 Y-0.3844
N18315 X0.2021 Y-0.3749
N18320 X0.21 Y-0.3711
N18325 X0.2338 Y-0.3565
N18330 X0.2575 Y-0.3417
N18335 X0.2651 Y-0.3368
N18340 X0.2734 Y-0.3301
N18345 X0.2972 Y-0.3097
N18350 X0.3024 Y-0.3051
N18355 X0.313 Y-0.2957
N18360 X0.3201 Y-0.2893
N18365 X0.3289 Y-0.2793
N18370 X0.3526 Y-0.2513
N18375 X0.3539 Y-0.2496
N18380 X0.3712 Y-0.2259
N18385 X0.3764 Y-0.2178
N18390 X0.386 Y-0.2021
N18395 X0.3907 Y-0.1942
N18400 X0.4002 Y-0.1772
N18405 X0.4038 Y-0.1704
N18410 X0.4072 Y-0.1625
N18415 X0.4169 Y-0.1387
N18420 X0.4264 Y-0.1149
N18425 X0.4288 Y-0.107
N18430 X0.4309 Y-0.0991
N18435 X0.4347 Y-0.0832
N18440 X0.4403 Y-0.0594
N18445 X0.4417 Y-0.0515
N18450 X0.4442 Y-0.0357
N18455 X0.4453 Y-0.0277
N18460 X0.4471 Y-0.004
N18465 X0.4486 Y0.0198
N18470 X0.449 Y0.0277
N18475 X0.4473 Y0.0515
N18480 X0.4467 Y0.0594
N18485 X0.4454 Y0.0753
N18490 X0.4446 Y0.0832
N18495 X0.441 Y0.107
N18500 X0.4398 Y0.1129
N18505 X0.4295 Y0.1545
N18510 X0.4275 Y0.1625
N18515 X0.4247 Y0.1704
N18520 X0.4151 Y0.1942
N18525 X0.4051 Y0.2179
N18530 X0.4013 Y0.2259
N18535 X0.3923 Y0.2425
N18540 X0.3883 Y0.2496
N18545 X0.3735 Y0.2734
N18550 X0.368 Y0.2813
N18555 X0.3526 Y0.3027
N18560 X0.3507 Y0.3051
N18565 X0.3289 Y0.3303
N18570 X0.3209 Y0.3393
N18575 X0.3051 Y0.3569
N18580 X0.296 Y0.3685
N18585 X0.2892 Y0.3773
N18590 X0.2844 Y0.3844
N18595 X0.2734 Y0.4034
N18600 X0.2711 Y0.4081
N18605 X0.2645 Y0.424
N18610 X0.2615 Y0.4319
N18615 X0.2564 Y0.4478
N18620 X0.2544 Y0.4557
N18625 X0.2519 Y0.4715
N18630 X0.2508 Y0.4795
N18635 X0.2491 Y0.4953
N18640 X0.2485 Y0.5032
N18645 X0.2484 Y0.527
N18650 Y0.7331
N18655 X0.2486 Y0.7568
N18660 X0.2492 Y0.7648
N18665 X0.2512 Y0.7806
N18670 X0.2524 Y0.7885
N18675 X0.2554 Y0.8044
N18680 X0.2572 Y0.8123
N18685 X0.2616 Y0.8282
N18690 X0.2644 Y0.8361
N18695 X0.2718 Y0.8519
N18700 X0.2734 Y0.8551
N18705 X0.2762 Y0.8599
N18710 X0.2859 Y0.8757
N18715 X0.2892 Y0.8812
N18720 X0.2909 Y0.8836
N18725 X0.2964 Y0.8916
N18730 X0.3051 Y0.9021
N18735 X0.31 Y0.9074
N18740 X0.3179 Y0.9153
N18745 X0.3209 Y0.9182
N18750 X0.3289 Y0.9252
N18755 X0.3368 Y0.9313
N18760 X0.3447 Y0.9368
N18765 X0.3611 Y0.947
N18770 X0.3685 Y0.9516
N18775 X0.3843 Y0.9592
N18780 X0.3923 Y0.9628
N18785 X0.4081 Y0.9676
N18790 X0.416 Y0.9698
N18795 X0.4319 Y0.9729
N18800 X0.4398 Y0.9744
N18805 X0.4477 Y0.9756
N18810 X0.4557 Y0.9766
N18815 X0.4636 Y0.9776
N18820 X0.4873 Y0.978
N18825 X1.0658
N18830 X1.0896 Y0.9779
N18835 X1.0975 Y0.9773
N18840 X1.1134 Y0.9758
N18845 X1.1213 Y0.975
N18850 X1.1371 Y0.9732
N18855 X1.1451 Y0.9723
N18860 X1.1609 Y0.9702
N18865 X1.1688 Y0.969
N18870 X1.1905 Y0.9629
N18875 X1.1926 Y0.9622
N18880 X1.2359 Y0.947
N18885 X1.2402 Y0.9455
N18890 X1.2481 Y0.9419
N18895 X1.2639 Y0.9341
N18900 X1.2689 Y0.9312
N18905 X1.2956 Y0.9144
N18910 X1.3115 Y0.9044
N18915 X1.3186 Y0.8995
N18920 X1.3372 Y0.8836
N18925 X1.3432 Y0.8782
N18930 X1.3694 Y0.8519
N18935 X1.3765 Y0.844
N18940 X1.3905 Y0.8282
N18945 X1.3907 Y0.8278
N18950 X1.4066 Y0.8029
N18955 X1.4224 Y0.7777
N18960 X1.4251 Y0.7727
N18965 X1.4332 Y0.7568
N18970 X1.4367 Y0.7489
N18975 X1.4395 Y0.741
N18980 X1.4506 Y0.7093
N18985 X1.4533 Y0.7014
N18990 X1.458 Y0.6855
N18995 X1.4602 Y0.6776
N19000 X1.4635 Y0.6538
N19005 X1.4661 Y0.63
N19010 X1.4686 Y0.6063
N19015 X1.4689 Y0.5983
N19020 X1.4691 Y0.5746
N19025 Y-0.5746
N19030 X1.4689 Y-0.5983
N19035 X1.4686 Y-0.6063
N19040 X1.4661 Y-0.63
N19045 X1.4635 Y-0.6538
N19050 X1.4602 Y-0.6776
N19055 X1.458 Y-0.6855
N19060 X1.4533 Y-0.7014
N19065 X1.4506 Y-0.7093
N19070 X1.4395 Y-0.741
N19075 X1.4367 Y-0.7489
N19080 X1.4332 Y-0.7568
N19085 X1.4251 Y-0.7727
N19090 X1.4224 Y-0.7777
N19095 X1.4056 Y-0.8044
N19100 X1.3907 Y-0.8278
N19105 X1.3905 Y-0.8282
N19110 X1.3749 Y-0.8458
N19115 X1.3694 Y-0.8519
N19120 X1.3432 Y-0.8782
N19125 X1.3372 Y-0.8836
N19130 X1.3186 Y-0.8995
N19135 X1.3115 Y-0.9044
N19140 X1.2798 Y-0.9244
N19145 X1.2689 Y-0.9312
N19150 X1.2639 Y-0.9341
N19155 X1.2481 Y-0.9419
N19160 X1.2402 Y-0.9455
N19165 X1.2085 Y-0.9567
N19170 X1.1926 Y-0.9622
N19175 X1.1905 Y-0.9629
N19180 X1.1688 Y-0.969
N19185 X1.1609 Y-0.9702
N19190 X1.1451 Y-0.9723
N19195 X1.1292 Y-0.9741
N19200 X1.1213 Y-0.975
N19205 X1.1134 Y-0.9758
N19210 X1.0975 Y-0.9773
N19215 X1.0896 Y-0.9779
N19220 X1.0658 Y-0.978
N19225 X-1.0658
N19230 X-1.0896 Y-0.9779
N19235 X-1.0975 Y-0.9773
N19240 X-1.1134 Y-0.9758
N19245 X-1.1213 Y-0.975
N19250 X-1.1371 Y-0.9732
N19255 X-1.1451 Y-0.9723
N19260 X-1.1609 Y-0.9702
N19265 X-1.1688 Y-0.969
N19270 X-1.1905 Y-0.9629
N19275 X-1.1926 Y-0.9622
N19280 X-1.2359 Y-0.947
N19285 X-1.2402 Y-0.9455
N19290 X-1.2481 Y-0.9419
N19295 X-1.2639 Y-0.9341
N19300 X-1.2689 Y-0.9312
N19305 X-1.2956 Y-0.9144
N19310 X-1.3115 Y-0.9044
N19315 X-1.3186 Y-0.8995
N19320 X-1.3372 Y-0.8836
N19325 X-1.3432 Y-0.8782
N19330 X-1.3592 Y-0.8622
N19335 X-1.362 Y-0.8599
N19340 X-1.3652 Y-0.8581
N19345 X-1.368 Y-0.8573 Z-0.0152
N19350 X-1.3708 Y-0.8566 Z-0.0146
N19355 X-1.3734 Y-0.8559 Z-0.0137
N19360 X-1.3753 Y-0.8558 Z-0.0129
N19365 X-1.3784 Y-0.8564 Z-0.011
N19370 X-1.3813 Y-0.8569 Z-0.0086
N19375 X-1.3837 Y-0.8574 Z-0.0057
N19380 X-1.3854 Y-0.8582 Z-0.0026
N19385 X-1.3867 Y-0.8589 Z0.0009
N19390 X-1.3875 Y-0.8593 Z0.0045
N19395 X-1.3878 Y-0.8594 Z0.0083
N19400 Z0.1969
N19405 X-1.7098 Y-1.3352
N19410 Z-0.252
N19415 Z-0.2756
N19420 Y-1.335 Z-0.2793
N19425 X-1.7095 Y-1.3341 Z-0.2829
N19430 X-1.7092 Y-1.3327 Z-0.2863
N19435 X-1.7087 Y-1.3309 Z-0.2895
N19440 X-1.7081 Y-1.3285 Z-0.2923
N19445 X-1.7074 Y-1.3258 Z-0.2947
N19450 X-1.7066 Y-1.3227 Z-0.2966
N19455 X-1.7058 Y-1.3194 Z-0.2981
N19460 X-1.7049 Y-1.3159 Z-0.2989
N19465 X-1.704 Y-1.3124 Z-0.2992
N19470 G3 X-1.6855 Y-1.1838 I-0.5842 J0.1496
N19475 G1 Y-1.1781
N19480 X-1.7064 Y-1.1502
N19485 X-1.7221 Y-1.119
N19490 X-1.7333 Y-1.086
N19495 X-1.7412 Y-1.052
N19500 X-1.7465 Y-1.0175
N19505 X-1.75 Y-0.9828
N19510 X-1.7523 Y-0.948
N19515 X-1.7537 Y-0.9132
N19520 X-1.7547 Y-0.8783
N19525 X-1.7553 Y-0.8434
N19530 X-1.7557 Y-0.8085
N19535 X-1.7559 Y-0.7736
N19540 X-1.7561 Y-0.7388
N19545 X-1.7562 Y-0.669
N19550 X-1.7563 Y-0.5294
N19555 Y0.7963
N19560 Y0.9707
N19565 X-1.7561 Y0.9794
N19570 X-1.755 Y0.9881
N19575 X-1.7472 Y1.0221
N19580 X-1.7284 Y1.0514
N19585 X-1.7028 Y1.0751
N19590 X-1.6729 Y1.0932
N19595 X-1.6406 Y1.1064
N19600 X-1.607 Y1.1157
N19605 X-1.5727 Y1.1221
N19610 X-1.5381 Y1.1264
N19615 X-1.5033 Y1.1292
N19620 X-1.4685 Y1.1311
N19625 X-1.4336 Y1.1322
N19630 X-1.3988 Y1.133
N19635 X-1.3639 Y1.1335
N19640 X-1.329 Y1.1338
N19645 X-1.2886 Y1.134
N19650 X-1.2855
N19655 X-1.2823 Y1.1342
N19660 X-1.2792 Y1.1345
N19665 X-1.255 Y1.1373
N19670 X-1.2481 Y1.138
N19675 X-1.2243 Y1.1397
N19680 X-1.2085 Y1.1398
N19685 X-0.4873
N19690 X-0.4636 Y1.1394
N19695 X-0.4623 Y1.1392
N19700 X-0.4296 Y1.1368
N19705 X-0.3947 Y1.1358
N19710 X-0.3598 Y1.1353
N19715 X-0.325 Y1.1349
N19720 X-0.2901 Y1.1347
N19725 X-0.2552 Y1.1345
N19730 X-0.1854 Y1.1344
N19735 X-0.0459 Y1.1343
N19740 X0.4209
N19745 X0.4253 Y1.1344
N19750 X0.4297 Y1.1347
N19755 X0.4341 Y1.1353
N19760 X0.4398 Y1.1362
N19765 X0.4557 Y1.1384
N19770 X0.4636 Y1.1394
N19775 X0.4873 Y1.1398
N19780 X1.2164
N19785 X1.2243 Y1.1397
N19790 X1.2322 Y1.1392
N19795 X1.2671 Y1.1384
N19800 X1.302 Y1.1368
N19805 X1.3368 Y1.1359
N19810 X1.3717 Y1.1353
N19815 X1.4066 Y1.1349
N19820 X1.4415 Y1.1347
N19825 X1.4764 Y1.1345
N19830 X1.5462 Y1.1344
N19835 X1.6159 Y1.1343
N19840 X1.6493 Y1.1241
N19845 X1.6778 Y1.1039
N19850 X1.7005 Y1.0775
N19855 X1.7177 Y1.0471
N19860 X1.7302 Y1.0146
N19865 X1.739 Y0.9808
N19870 X1.745 Y0.9464
N19875 X1.749 Y0.9118
N19880 X1.7517 Y0.877
N19885 X1.7534 Y0.8421
N19890 X1.7544 Y0.8073
N19895 X1.7551 Y0.7724
N19900 X1.7556 Y0.7375
N19905 X1.7559 Y0.7026
N19910 X1.756 Y0.6677
N19915 X1.7562 Y0.6329
N19920 X1.7563 Y0.5631
N19925 Y0.3886
N19930 Y-0.4137
N19935 Y-0.9719
N19940 X1.756 Y-0.9806
N19945 X1.7535 Y-0.9979
N19950 X1.7419 Y-1.0308
N19955 X1.7209 Y-1.0586
N19960 X1.6938 Y-1.0807
N19965 X1.6631 Y-1.0973
N19970 X1.6304 Y-1.1094
N19975 X1.5966 Y-1.1178
N19980 X1.5621 Y-1.1235
N19985 X1.5275 Y-1.1273
N19990 X1.4927 Y-1.1298
N19995 X1.4578 Y-1.1315
N20000 X1.4229 Y-1.1325
N20005 X1.3881 Y-1.1331
N20010 X1.3532 Y-1.1336
N20015 X1.3183 Y-1.1338
N20020 X1.2885 Y-1.134
N20025 X1.2854
N20030 X1.2823 Y-1.1342
N20035 X1.2793 Y-1.1345
N20040 X1.255 Y-1.1373
N20045 X1.2481 Y-1.138
N20050 X1.2243 Y-1.1397
N20055 X1.2085 Y-1.1398
N20060 X-1.2164
N20065 X-1.2243 Y-1.1397
N20070 X-1.2322 Y-1.1392
N20075 X-1.2671 Y-1.1384
N20080 X-1.302 Y-1.1368
N20085 X-1.3368 Y-1.1359
N20090 X-1.3717 Y-1.1353
N20095 X-1.4066 Y-1.1349
N20100 X-1.4415 Y-1.1347
N20105 X-1.4764 Y-1.1345
N20110 X-1.5462 Y-1.1344
N20115 X-1.5801 Y-1.1264
N20120 X-1.6104 Y-1.109
N20125 X-1.6357 Y-1.0851
N20130 X-1.6559 Y-1.0566
N20135 X-1.6714 Y-1.0254
N20140 X-1.6829 Y-0.9924
N20145 X-1.6911 Y-0.9585
N20150 X-1.6969 Y-0.9241
N20155 X-1.701 Y-0.8895
N20160 X-1.7037 Y-0.8547
N20165 X-1.7055 Y-0.8198
N20170 X-1.7067 Y-0.785
N20175 X-1.7076 Y-0.7501
N20180 X-1.7081 Y-0.7152
N20185 X-1.7084 Y-0.6803
N20190 X-1.7087 Y-0.6454
N20195 X-1.7088 Y-0.6106
N20200 X-1.709 Y-0.5408
N20205 X-1.7091 Y-0.4361
N20210 Y0.1918
N20215 Y0.4709
N20220 Y0.8896
N20225 X-1.7069 Y0.9244
N20230 X-1.6958 Y0.9575
N20235 X-1.6771 Y0.9869
N20240 X-1.6526 Y1.0117
N20245 X-1.624 Y1.0317
N20250 X-1.5927 Y1.0473
N20255 X-1.5599 Y1.059
N20260 X-1.5261 Y1.0675
N20265 X-1.4917 Y1.0737
N20270 X-1.4571 Y1.078
N20275 X-1.4545 Y1.0782
N20280 X-1.4421 Y1.0802
N20285 X-1.4302 Y1.0839
N20290 X-1.4189 Y1.0893
N20295 X-1.4043 Y1.0976
N20300 X-1.3986 Y1.1008
N20305 X-1.3828 Y1.1069
N20310 X-1.3749 Y1.1097
N20315 X-1.3511 Y1.118
N20320 X-1.3273 Y1.1262
N20325 X-1.3194 Y1.1283
N20330 X-1.3036 Y1.1315
N20335 X-1.2956 Y1.1327
N20340 X-1.2792 Y1.1345
N20345 G3 X-1.2661 Y1.141 Z-0.2961 I-0.0035 J0.0234
N20350 G2 X-1.2499 Y1.1563 Z-0.2913 I0.3979 J-0.406
N20355 X-1.1475 Y1.2302 I0.3818 J-0.4212
N20360 X-1.136 Y1.2332 I0.0116 J-0.0206
N20365 G1 X-0.606 Y1.2362
N20370 G2 X-0.5945 Y1.2333 I0.0001 J-0.0236
N20375 X-0.4916 Y1.1609 I-0.2737 J-0.4982
N20380 X-0.4748 Y1.1455 Z-0.2962 I-0.3766 J-0.4259
N20385 G3 X-0.4623 Y1.1392 Z-0.2992 I0.0163 J0.0171
N20390 G1 X-0.4557 Y1.1384
N20395 X-0.4398 Y1.1362
N20400 X-0.424 Y1.1337
N20405 X-0.416 Y1.1324
N20410 X-0.4081 Y1.1308
N20415 X-0.4016 Y1.1293
N20420 X-0.3923 Y1.1263
N20425 X-0.3843 Y1.1228
N20430 X-0.3764 Y1.1191
N20435 X-0.3662 Y1.1149
N20440 X-0.3566 Y1.1115
N20445 X-0.3446 Y1.1079
N20450 X-0.3292 Y1.1041
N20455 X-0.3087 Y1.1001
N20460 X-0.2799 Y1.0959
N20465 X-0.2451 Y1.0926
N20470 X-0.2103 Y1.0905
N20475 X-0.1754 Y1.0892
N20480 X-0.1406 Y1.0884
N20485 X-0.1057 Y1.0879
N20490 X-0.0708 Y1.0876
N20495 X-0.0359 Y1.0874
N20500 X-0.001 Y1.0873
N20505 X0.0687 Y1.0871
N20510 X0.2083
N20515 X0.292 Y1.087
N20520 X0.3075 Y1.0884
N20525 X0.3226 Y1.0924
N20530 X0.3368 Y1.0989
N20535 X0.3447 Y1.1033
N20540 X0.3645 Y1.1135
N20545 X0.3685 Y1.1154
N20550 X0.3843 Y1.1228
N20555 X0.3923 Y1.1263
N20560 X0.4016 Y1.1293
N20565 X0.4081 Y1.1308
N20570 X0.416 Y1.1324
N20575 X0.4341 Y1.1353
N20580 G3 X0.4538 Y1.1622 Z-0.2913 I-0.0036 J0.0233
N20585 X0.4303 Y1.1823 I-0.0233 J-0.0036
N20590 G1 X-0.3802 Y1.1765
N20595 G3 X-0.4022 Y1.1448 I0.0002 J-0.0236
N20600 G1 X-0.4011 Y1.1421 Z-0.292
N20605 X-0.3996 Y1.1396 Z-0.2926
N20610 G3 X-0.3764 Y1.1191 Z-0.2992 I0.0516 J0.035
N20615 G1 X-0.3685 Y1.1154
N20620 X-0.3645 Y1.1135
N20625 X-0.3447 Y1.1033
N20630 X-0.3368 Y1.0989
N20635 X-0.3348 Y1.0976
N20640 X-0.3289 Y1.0939
N20645 X-0.3259 Y1.0916
N20650 X-0.3193 Y1.087
N20655 X-0.3141 Y1.0838
N20660 X-0.3077 Y1.0802
N20665 X-0.3007 Y1.0768
N20670 X-0.2921 Y1.073
N20675 X-0.2814 Y1.069
N20680 X-0.2689 Y1.0649
N20685 X-0.2528 Y1.0605
N20690 X-0.2326 Y1.0561
N20695 X-0.2055 Y1.0515
N20700 X-0.1708 Y1.0474
N20705 X-0.1361 Y1.0448
N20710 X-0.1012 Y1.043
N20715 X-0.0663 Y1.0419
N20720 X-0.0315 Y1.0412
N20725 X0.0034 Y1.0407
N20730 X0.0383 Y1.0404
N20735 X0.0732 Y1.0402
N20740 X0.1081 Y1.0401
N20745 X0.1779 Y1.0399
N20750 X0.2127
N20755 X0.237 Y1.0401
N20760 X0.2504 Y1.0413
N20765 X0.2634 Y1.0445
N20770 X0.2758 Y1.0497
N20775 X0.2872 Y1.0567
N20780 X0.2975 Y1.0655
N20785 X0.3058 Y1.0739
N20790 X0.313 Y1.0807
N20795 G3 X0.3126 Y1.1141 Z-0.2913 I-0.0169 J0.0165
N20800 X0.2966 Y1.1208 I-0.0165 J-0.0169
N20805 G1 X-0.3103 Y1.1334
N20810 G3 X-0.3291 Y1.1248 I-0.0005 J-0.0236
N20815 X-0.3259 Y1.0916 Z-0.2992 I0.0182 J-0.015
N20820 G1 X-0.3209 Y1.0878
N20825 X-0.3141 Y1.0818
N20830 X-0.3058 Y1.0739
N20835 X-0.2933 Y1.0612
N20840 X-0.2875 Y1.056
N20845 X-0.283 Y1.0522
N20850 X-0.2782 Y1.0487
N20855 X-0.2722 Y1.0447
N20860 X-0.2655 Y1.0408
N20865 X-0.2579 Y1.0367
N20870 X-0.2482 Y1.0321
N20875 X-0.2373 Y1.0276
N20880 X-0.2244 Y1.023
N20885 X-0.2085 Y1.0182
N20890 X-0.189 Y1.0133
N20895 X-0.1643 Y1.0083
N20900 X-0.1305 Y1.0033
N20905 X-0.0958 Y0.9998
N20910 X-0.061 Y0.9974
N20915 X-0.0261 Y0.9959
N20920 X0.0087 Y0.9948
N20925 X0.0436 Y0.9941
N20930 X0.0785 Y0.9936
N20935 X0.1134 Y0.9932
N20940 X0.1483 Y0.993
N20945 X0.1817
N20950 X0.2002 Y0.9939
N20955 X0.2085 Y0.9947
N20960 X0.2233 Y0.9976
N20965 X0.2373 Y1.0032
N20970 X0.25 Y1.0114
N20975 X0.2609 Y1.0219
N20980 X0.2696 Y1.0342
N20985 X0.2734 Y1.0394
N20990 X0.2813 Y1.0491
N20995 X0.2901 Y1.058
N21000 X0.2975 Y1.0655
N21005 G3 X0.2963 Y1.0988 Z-0.2913 I-0.0173 J0.0161
N21010 X0.28 Y1.1052 I-0.0161 J-0.0173
N21015 G1 X-0.2761 Y1.1009
N21020 G3 X-0.292 Y1.0946 I0.0002 J-0.0236
N21025 X-0.2933 Y1.0612 Z-0.2992 I0.0161 J-0.0173
N21030 G1 X-0.2813 Y1.0491
N21035 X-0.2734 Y1.0394
N21040 X-0.2696 Y1.0342
N21045 X-0.2689 Y1.033
N21050 X-0.2657 Y1.0281
N21055 X-0.2619 Y1.0235
N21060 X-0.2578 Y1.0193
N21065 X-0.2534 Y1.0153
N21070 X-0.2484 Y1.0112
N21075 X-0.2431 Y1.0072
N21080 X-0.2364 Y1.0028
N21085 X-0.2288 Y0.9982
N21090 X-0.2202 Y0.9936
N21095 X-0.2092 Y0.9884
N21100 X-0.1974 Y0.9835
N21105 X-0.183 Y0.9783
N21110 X-0.166 Y0.9731
N21115 X-0.1447 Y0.9677
N21120 X-0.1185 Y0.9624
N21125 X-0.084 Y0.9571
N21130 X-0.0493 Y0.9535
N21135 X-0.0146 Y0.951
N21140 X0.0203 Y0.9492
N21145 X0.0552 Y0.948
N21150 X0.09 Y0.9472
N21155 X0.1249 Y0.9467
N21160 X0.1502 Y0.947
N21165 X0.166 Y0.948
N21170 X0.1793 Y0.9495
N21175 X0.1859 Y0.9506
N21180 X0.1991 Y0.9538
N21185 X0.2116 Y0.959
N21190 X0.2231 Y0.9661
N21195 X0.2334 Y0.9749
N21200 X0.2422 Y0.9852
N21205 X0.2492 Y0.9968
N21210 X0.2575 Y1.0131
N21215 X0.2605 Y1.0184
N21220 X0.2696 Y1.0342
N21225 G3 X0.2597 Y1.0661 Z-0.2913 I-0.0209 J0.011
N21230 X0.2486 Y1.0689 I-0.011 J-0.0209
N21235 G1 X-0.2481 Y1.0677
N21240 G3 X-0.259 Y1.0649 I0.0001 J-0.0236
N21245 X-0.2689 Y1.033 Z-0.2992 I0.011 J-0.0209
N21250 G1 X-0.2605 Y1.0184
N21255 X-0.2575 Y1.0131
N21260 X-0.2522 Y1.0025
N21265 X-0.2492 Y0.9974
N21270 X-0.2459 Y0.9925
N21275 X-0.2422 Y0.9879
N21280 X-0.2383 Y0.9835
N21285 X-0.2341 Y0.9793
N21290 X-0.2291 Y0.9748
N21295 X-0.2237 Y0.9704
N21300 X-0.2171 Y0.9655
N21305 X-0.2096 Y0.9605
N21310 X-0.2011 Y0.9554
N21315 X-0.1907 Y0.9499
N21320 X-0.1795 Y0.9446
N21325 X-0.1651 Y0.9387
N21330 X-0.15 Y0.9332
N21335 X-0.1306 Y0.9274
N21340 X-0.1081 Y0.9217
N21345 X-0.0795 Y0.9159
N21350 X-0.045 Y0.9108
N21355 X-0.0103 Y0.9071
N21360 X0.0245 Y0.9045
N21365 X0.0593 Y0.9026
N21370 X0.0942 Y0.9016
N21375 X0.1194 Y0.9019
N21380 X0.1379 Y0.903
N21385 X0.1508 Y0.9044
N21390 X0.163 Y0.9063
N21395 X0.1726 Y0.9084
N21400 X0.1756 Y0.9092
N21405 X0.1896 Y0.9141
N21410 X0.2025 Y0.9214
N21415 X0.214 Y0.9307
N21420 X0.2237 Y0.9419
N21425 X0.2314 Y0.9546
N21430 X0.2368 Y0.9684
N21435 G3 X0.2199 Y0.9971 Z-0.2913 I-0.0229 J0.0059
N21440 G1 X0.2179 Y0.9976
N21445 X0.216 Y0.9978
N21450 X-0.2287 Y1.036
N21455 G3 X-0.2407 Y1.0339 I-0.002 J-0.0235
N21460 X-0.2522 Y1.0025 Z-0.2992 I0.01 J-0.0214
N21465 G1 X-0.2481 Y0.9946
N21470 X-0.2442 Y0.9867
N21475 X-0.2405 Y0.9788
N21480 X-0.2381 Y0.9724
N21485 X-0.2358 Y0.967
N21490 X-0.2331 Y0.9618
N21495 X-0.2299 Y0.9568
N21500 X-0.2265 Y0.952
N21505 X-0.2227 Y0.9474
N21510 X-0.2187 Y0.943
N21515 X-0.2139 Y0.9383
N21520 X-0.2086 Y0.9335
N21525 X-0.2023 Y0.9284
N21530 X-0.1951 Y0.9231
N21535 X-0.1868 Y0.9176
N21540 X-0.1773 Y0.9119
N21545 X-0.1664 Y0.9062
N21550 X-0.1535 Y0.9001
N21555 X-0.139 Y0.8941
N21560 X-0.1214 Y0.8879
N21565 X-0.1011 Y0.8817
N21570 X-0.0768 Y0.8756
N21575 X-0.046 Y0.8695
N21580 X-0.0115 Y0.8644
N21585 X0.0232 Y0.8607
N21590 X0.058 Y0.8584
N21595 X0.085 Y0.8578
N21600 X0.1066 Y0.8584
N21605 X0.1219 Y0.8596
N21610 X0.1363 Y0.8614
N21615 X0.1467 Y0.8633
N21620 X0.1577 Y0.8658
N21625 X0.1662 Y0.8682
N21630 X0.1747 Y0.871
N21635 X0.1759 Y0.8715
N21640 X0.1895 Y0.8781
N21645 X0.2016 Y0.887
N21650 X0.2121 Y0.8978
N21655 X0.2205 Y0.9103
N21660 X0.2266 Y0.9241
N21665 X0.2302 Y0.9387
N21670 X0.2318 Y0.947
N21675 X0.2352 Y0.9629
N21680 X0.2368 Y0.9684
N21685 G3 X0.2199 Y0.9971 Z-0.2913 I-0.0229 J0.0059
N21690 G1 X0.2171 Y0.9977
N21695 X0.2143 Y0.9979
N21700 X-0.2155 Y1.0036
N21705 X-0.2181 Y1.0035
N21710 X-0.2208 Y1.0031
N21715 X-0.2234 Y1.0024
N21720 G3 X-0.2381 Y0.9724 Z-0.2992 I0.0076 J-0.0224
N21725 G1 X-0.2375 Y0.9708
N21730 X-0.2352 Y0.9629
N21735 X-0.2318 Y0.947
N21740 X-0.2304 Y0.9413
N21745 X-0.2285 Y0.9357
N21750 X-0.226 Y0.9304
N21755 X-0.2232 Y0.9252
N21760 X-0.22 Y0.9202
N21765 X-0.2166 Y0.9154
N21770 X-0.2127 Y0.9105
N21775 X-0.2084 Y0.9057
N21780 X-0.2031 Y0.9003
N21785 X-0.1974 Y0.8951
N21790 X-0.1905 Y0.8892
N21795 X-0.183 Y0.8836
N21800 X-0.1739 Y0.8773
N21805 X-0.1642 Y0.8713
N21810 X-0.1524 Y0.8648
N21815 X-0.1395 Y0.8585
N21820 X-0.1238 Y0.8517
N21825 X-0.1064 Y0.8452
N21830 X-0.0857 Y0.8386
N21835 X-0.0609 Y0.832
N21840 X-0.0328 Y0.8259
N21845 X-0.0028 Y0.821
N21850 X0.026 Y0.8176
N21855 X0.0514 Y0.816
N21860 X0.0742 Y0.8156
N21865 X0.0933 Y0.8161
N21870 X0.1105 Y0.8175
N21875 X0.124 Y0.8193
N21880 X0.1366 Y0.8215
N21885 X0.147 Y0.8239
N21890 X0.156 Y0.8265
N21895 X0.1655 Y0.8296
N21900 X0.1728 Y0.8325
N21905 X0.1747 Y0.8333
N21910 X0.188 Y0.8407
N21915 X0.1998 Y0.8503
N21920 X0.2097 Y0.8619
N21925 X0.2174 Y0.8749
N21930 X0.2228 Y0.8892
N21935 X0.2255 Y0.9041
N21940 X0.2266 Y0.9153
N21945 X0.2278 Y0.9233
N21950 X0.2302 Y0.9387
N21955 G3 X0.2097 Y0.965 Z-0.2913 I-0.0234 J0.0029
N21960 G1 X0.2073 Y0.9652
N21965 X-0.208 Y0.9743
N21970 X-0.2101
N21975 X-0.2122 Y0.9741
N21980 G3 X-0.2318 Y0.947 Z-0.2992 I0.0037 J-0.0233
N21985 G1 X-0.2303 Y0.9391
N21990 X-0.2278 Y0.9233
N21995 X-0.2266 Y0.9153
N22000 X-0.2258 Y0.9095
N22005 X-0.2241 Y0.9039
N22010 X-0.2219 Y0.8984
N22015 X-0.2193 Y0.8931
N22020 X-0.2164 Y0.8879
N22025 X-0.2132 Y0.8829
N22030 X-0.2095 Y0.8778
N22035 X-0.2054 Y0.8726
N22040 X-0.2005 Y0.867
N22045 X-0.1951 Y0.8614
N22050 X-0.1887 Y0.8554
N22055 X-0.1813 Y0.8491
N22060 X-0.1732 Y0.8428
N22065 X-0.1634 Y0.8361
N22070 X-0.1531 Y0.8296
N22075 X-0.1403 Y0.8224
N22080 X-0.1268 Y0.8157
N22085 X-0.1105 Y0.8085
N22090 X-0.0922 Y0.8015
N22095 X-0.0723 Y0.795
N22100 X-0.0498 Y0.7889
N22105 X-0.0261 Y0.7836
N22110 X-0.002 Y0.7795
N22115 X0.0215 Y0.7766
N22120 X0.0441 Y0.7749
N22125 X0.0647 Y0.7745
N22130 X0.0829 Y0.7749
N22135 X0.0996 Y0.7761
N22140 X0.1149 Y0.778
N22145 X0.1269 Y0.7801
N22150 X0.1388 Y0.7827
N22155 X0.1487 Y0.7854
N22160 X0.1571 Y0.7882
N22165 X0.1662 Y0.7917
N22170 X0.1733 Y0.7948
N22175 X0.1765 Y0.7964
N22180 X0.19 Y0.8048
N22185 X0.2018 Y0.8156
N22190 X0.2114 Y0.8283
N22195 X0.2186 Y0.8426
N22200 X0.2229 Y0.858
N22205 X0.2244 Y0.8739
N22210 Y0.8916
N22215 X0.2253 Y0.902
N22220 X0.2255 Y0.9041
N22225 G3 X0.2034 Y0.9291 Z-0.2913 I-0.0236 J0.0014
N22230 G1 X0.2026 Y0.9292
N22235 X-0.2024 Y0.9404
N22240 X-0.2045
N22245 G3 X-0.2266 Y0.9153 Z-0.2992 I0.0015 J-0.0236
N22250 G1 X-0.2251 Y0.8995
N22255 X-0.2244 Y0.8916
N22260 Y0.8892
N22265 X-0.2241 Y0.8833
N22270 X-0.2232 Y0.8774
N22275 X-0.2218 Y0.8717
N22280 X-0.2198 Y0.8661
N22285 X-0.2175 Y0.8607
N22290 X-0.2149 Y0.8554
N22295 X-0.212 Y0.8503
N22300 X-0.2085 Y0.845
N22305 X-0.2047 Y0.8396
N22310 X-0.2001 Y0.8338
N22315 X-0.1949 Y0.8278
N22320 X-0.189 Y0.8216
N22325 X-0.1819 Y0.8149
N22330 X-0.1744 Y0.8085
N22335 X-0.1653 Y0.8014
N22340 X-0.1554 Y0.7945
N22345 X-0.1441 Y0.7874
N22350 X-0.131 Y0.78
N22355 X-0.1172 Y0.773
N22360 X-0.1012 Y0.766
N22365 X-0.0833 Y0.7591
N22370 X-0.0642 Y0.7528
N22375 X-0.0444 Y0.7473
N22380 X-0.0233 Y0.7425
N22385 X-0.0018 Y0.7388
N22390 X0.0194 Y0.7361
N22395 X0.0399 Y0.7346
N22400 X0.0588 Y0.7341
N22405 X0.0766 Y0.7345
N22410 X0.0933 Y0.7356
N22415 X0.1083 Y0.7374
N22420 X0.122 Y0.7398
N22425 X0.1331 Y0.7422
N22430 X0.1447 Y0.7454
N22435 X0.154 Y0.7484
N22440 X0.162 Y0.7514
N22445 X0.1709 Y0.7553
N22450 X0.1779 Y0.7588
N22455 X0.18 Y0.7599
N22460 X0.1926 Y0.7685
N22465 X0.2036 Y0.7792
N22470 X0.2125 Y0.7917
N22475 X0.219 Y0.8055
N22480 X0.2231 Y0.8203
N22485 X0.2244 Y0.8356
N22490 Y0.8739
N22495 G3 X0.2017 Y0.8966 Z-0.2917 I-0.0236 J-0.0008
N22500 G1 X0.2 Y0.8967 Z-0.2913
N22505 X-0.1999 Y0.912
N22510 X-0.2
N22515 G3 X-0.2244 Y0.8892 Z-0.2992 I-0.0008 J-0.0236
N22520 G1 Y0.8575
N22525 X-0.2241 Y0.8516
N22530 X-0.2234 Y0.8457
N22535 X-0.2222 Y0.8399
N22540 X-0.2205 Y0.8343
N22545 X-0.2184 Y0.8287
N22550 X-0.216 Y0.8234
N22555 X-0.2133 Y0.8181
N22560 X-0.2101 Y0.8126
N22565 X-0.2065 Y0.8069
N22570 X-0.2023 Y0.801
N22575 X-0.1973 Y0.7946
N22580 X-0.1917 Y0.7883
N22585 X-0.1851 Y0.7814
N22590 X-0.1779 Y0.7746
N22595 X-0.1697 Y0.7676
N22600 X-0.1601 Y0.7601
N22605 X-0.1499 Y0.753
N22610 X-0.1381 Y0.7456
N22615 X-0.1248 Y0.7381
N22620 X-0.1108 Y0.7311
N22625 X-0.0953 Y0.7243
N22630 X-0.0782 Y0.7177
N22635 X-0.0598 Y0.7117
N22640 X-0.0406 Y0.7064
N22645 X-0.021 Y0.702
N22650 X-0.0012 Y0.6985
N22655 X0.0185 Y0.6961
N22660 X0.0376 Y0.6947
N22665 X0.0562 Y0.6942
N22670 X0.0736 Y0.6946
N22675 X0.0903 Y0.6958
N22680 X0.1052 Y0.6976
N22685 X0.1192 Y0.7
N22690 X0.132 Y0.7028
N22695 X0.1423 Y0.7056
N22700 X0.1532 Y0.7091
N22705 X0.1614 Y0.7123
N22710 X0.1697 Y0.7159
N22715 X0.1777 Y0.7199
N22720 X0.1801 Y0.7212
N22725 X0.1927 Y0.7298
N22730 X0.2036 Y0.7405
N22735 X0.2125 Y0.753
N22740 X0.219 Y0.7668
N22745 X0.2231 Y0.7816
N22750 X0.2244 Y0.7968
N22755 Y0.8356
N22760 G3 X0.2021 Y0.8583 Z-0.2918 I-0.0236 J-0.0008
N22765 G1 X0.2 Y0.8584 Z-0.2913
N22770 X-0.1995 Y0.8802
N22775 X-0.2 Y0.8803
N22780 G3 X-0.2244 Y0.8575 Z-0.2992 I-0.0008 J-0.0236
N22785 G1 Y0.8202
N22790 X-0.2241 Y0.8143
N22795 X-0.2233 Y0.8085
N22800 X-0.222 Y0.8027
N22805 X-0.2202 Y0.7971
N22810 X-0.2182 Y0.7916
N22815 X-0.2158 Y0.7862
N22820 X-0.213 Y0.7806
N22825 X-0.2098 Y0.775
N22830 X-0.206 Y0.769
N22835 X-0.2015 Y0.7626
N22840 X-0.1965 Y0.7563
N22845 X-0.1906 Y0.7494
N22850 X-0.184 Y0.7425
N22855 X-0.1766 Y0.7354
N22860 X-0.168 Y0.728
N22865 X-0.1587 Y0.7206
N22870 X-0.1483 Y0.7133
N22875 X-0.1364 Y0.7057
N22880 X-0.1233 Y0.6983
N22885 X-0.1096 Y0.6913
N22890 X-0.0943 Y0.6844
N22895 X-0.0778 Y0.678
N22900 X-0.0602 Y0.6721
N22905 X-0.0419 Y0.6669
N22910 X-0.0231 Y0.6625
N22915 X-0.004 Y0.6591
N22920 X0.015 Y0.6566
N22925 X0.0337 Y0.6551
N22930 X0.052 Y0.6546
N22935 X0.0695 Y0.6548
N22940 X0.0861 Y0.6559
N22945 X0.1018 Y0.6577
N22950 X0.1159 Y0.6601
N22955 X0.1293 Y0.6629
N22960 X0.14 Y0.6658
N22965 X0.1512 Y0.6693
N22970 X0.1599 Y0.6726
N22975 X0.168 Y0.6761
N22980 X0.1764 Y0.6802
N22985 X0.1832 Y0.684
N22990 X0.195 Y0.6927
N22995 X0.2052 Y0.7033
N23000 X0.2134 Y0.7155
N23005 X0.2195 Y0.7289
N23010 X0.2232 Y0.7431
N23015 X0.2244 Y0.7577
N23020 Y0.7968
N23025 G3 X0.2022 Y0.8196 Z-0.2918 I-0.0236 J-0.0008
N23030 G1 X0.2 Y0.8197 Z-0.2913
N23035 X-0.1994 Y0.843
N23040 X-0.2
N23045 G3 X-0.2244 Y0.8202 Z-0.2992 I-0.0008 J-0.0236
N23050 G1 Y0.7842
N23055 X-0.2241 Y0.7783
N23060 X-0.2234 Y0.7724
N23065 X-0.2222 Y0.7666
N23070 X-0.2206 Y0.761
N23075 X-0.2187 Y0.7554
N23080 X-0.2164 Y0.7499
N23085 X-0.2138 Y0.7444
N23090 X-0.2108 Y0.7388
N23095 X-0.2071 Y0.7326
N23100 X-0.203 Y0.7265
N23105 X-0.198 Y0.7199
N23110 X-0.1924 Y0.713
N23115 X-0.1861 Y0.7061
N23120 X-0.1788 Y0.6988
N23125 X-0.1707 Y0.6914
N23130 X-0.1618 Y0.6841
N23135 X-0.1516 Y0.6765
N23140 X-0.1402 Y0.6689
N23145 X-0.1281 Y0.6616
N23150 X-0.1147 Y0.6544
N23155 X-0.1 Y0.6474
N23160 X-0.0842 Y0.6408
N23165 X-0.0675 Y0.6348
N23170 X-0.0502 Y0.6295
N23175 X-0.0322 Y0.6249
N23180 X-0.0137 Y0.6211
N23185 X0.0051 Y0.6182
N23190 X0.024 Y0.6162
N23195 X0.0425 Y0.6152
N23200 X0.0604 Y0.6151
N23205 X0.0772 Y0.6158
N23210 X0.0933 Y0.6173
N23215 X0.1084 Y0.6194
N23220 X0.1224 Y0.6221
N23225 X0.1352 Y0.6252
N23230 X0.1453 Y0.6281
N23235 X0.1558 Y0.6318
N23240 X0.1643 Y0.6352
N23245 X0.172 Y0.6388
N23250 X0.1801 Y0.643
N23255 X0.1815 Y0.6438
N23260 X0.1938 Y0.6525
N23265 X0.2044 Y0.6632
N23270 X0.2129 Y0.6755
N23275 X0.2192 Y0.6891
N23280 X0.2231 Y0.7036
N23285 X0.2244 Y0.7186
N23290 Y0.7577
N23295 G3 X0.2024 Y0.7805 Z-0.2918 I-0.0236 J-0.0008
N23300 G1 X0.2 Y0.7806 Z-0.2913
N23305 X-0.1992 Y0.8069
N23310 X-0.2 Y0.807
N23315 G3 X-0.2244 Y0.7842 Z-0.2992 I-0.0008 J-0.0236
N23320 G1 Y0.7446
N23325 X-0.2241 Y0.7387
N23330 X-0.2233 Y0.7328
N23335 X-0.222 Y0.727
N23340 X-0.2204 Y0.7214
N23345 X-0.2184 Y0.7158
N23350 X-0.2161 Y0.7104
N23355 X-0.2134 Y0.7048
N23360 X-0.2101 Y0.6988
N23365 X-0.2065 Y0.6928
N23370 X-0.202 Y0.6862
N23375 X-0.197 Y0.6796
N23380 X-0.1913 Y0.6727
N23385 X-0.1846 Y0.6654
N23390 X-0.1773 Y0.6583
N23395 X-0.1691 Y0.6509
N23400 X-0.1596 Y0.6431
N23405 X-0.1494 Y0.6357
N23410 X-0.1382 Y0.6283
N23415 X-0.1257 Y0.6209
N23420 X-0.112 Y0.6136
N23425 X-0.0975 Y0.6068
N23430 X-0.0822 Y0.6005
N23435 X-0.0658 Y0.5947
N23440 X-0.0484 Y0.5894
N23445 X-0.0303 Y0.5849
N23450 X-0.0118 Y0.5813
N23455 X0.0068 Y0.5785
N23460 X0.0254 Y0.5767
N23465 X0.0438 Y0.5758
N23470 X0.0617
N23475 X0.079 Y0.5766
N23480 X0.0949 Y0.5782
N23485 X0.1096 Y0.5803
N23490 X0.1235 Y0.583
N23495 X0.136 Y0.5861
N23500 X0.1463 Y0.5892
N23505 X0.1568 Y0.5929
N23510 X0.1647 Y0.5962
N23515 X0.1732 Y0.6002
N23520 X0.1807 Y0.6041
N23525 X0.182 Y0.6049
N23530 X0.1941 Y0.6136
N23535 X0.2046 Y0.6242
N23540 X0.213 Y0.6365
N23545 X0.2193 Y0.6501
N23550 X0.2231 Y0.6645
N23555 X0.2244 Y0.6794
N23560 Y0.7186
N23565 G3 X0.2023 Y0.7413 Z-0.2918 I-0.0236 J-0.0008
N23570 G1 X0.2 Y0.7415 Z-0.2913
N23575 X-0.1993 Y0.7673
N23580 X-0.2
N23585 G3 X-0.2244 Y0.7446 Z-0.2992 I-0.0008 J-0.0236
N23590 G1 Y0.7069
N23595 X-0.2241 Y0.701
N23600 X-0.2234 Y0.6951
N23605 X-0.2223 Y0.6893
N23610 X-0.2207 Y0.6836
N23615 X-0.2188 Y0.6781
N23620 X-0.2166 Y0.6726
N23625 X-0.2139 Y0.6669
N23630 X-0.2109 Y0.6612
N23635 X-0.2072 Y0.655
N23640 X-0.203 Y0.6486
N23645 X-0.1982 Y0.642
N23650 X-0.1925 Y0.6349
N23655 X-0.1863 Y0.628
N23660 X-0.1791 Y0.6207
N23665 X-0.1709 Y0.6131
N23670 X-0.162 Y0.6057
N23675 X-0.1522 Y0.5983
N23680 X-0.1411 Y0.5907
N23685 X-0.1288 Y0.5832
N23690 X-0.116 Y0.5762
N23695 X-0.102 Y0.5693
N23700 X-0.0867 Y0.5628
N23705 X-0.0704 Y0.5567
N23710 X-0.0532 Y0.5513
N23715 X-0.0354 Y0.5466
N23720 X-0.0172 Y0.5428
N23725 X0.0013 Y0.5398
N23730 X0.0199 Y0.5377
N23735 X0.0382 Y0.5365
N23740 X0.0561 Y0.5362
N23745 X0.0733 Y0.5368
N23750 X0.0896 Y0.5382
N23755 X0.1052 Y0.5403
N23760 X0.1194 Y0.5428
N23765 X0.1325 Y0.5459
N23770 X0.143 Y0.5489
N23775 X0.1539 Y0.5526
N23780 X0.1625 Y0.556
N23785 X0.1705 Y0.5596
N23790 X0.1787 Y0.5637
N23795 X0.1809 Y0.565
N23800 X0.1933 Y0.5737
N23805 X0.204 Y0.5844
N23810 X0.2127 Y0.5967
N23815 X0.2192 Y0.6105
N23820 X0.2231 Y0.6251
N23825 X0.2244 Y0.6402
N23830 Y0.6794
N23835 G3 X0.2024 Y0.7021 Z-0.2919 I-0.0236 J-0.0008
N23840 G1 X0.2 Y0.7023 Z-0.2913
N23845 X-0.1992 Y0.7296
N23850 X-0.2 Y0.7297
N23855 G3 X-0.2244 Y0.7069 Z-0.2992 I-0.0008 J-0.0236
N23860 G1 Y0.6673
N23865 X-0.2241 Y0.6614
N23870 X-0.2234 Y0.6555
N23875 X-0.2222 Y0.6497
N23880 X-0.2206 Y0.644
N23885 X-0.2187 Y0.6385
N23890 X-0.2165 Y0.633
N23895 X-0.2138 Y0.6274
N23900 X-0.2107 Y0.6214
N23905 X-0.2071 Y0.6154
N23910 X-0.2027 Y0.6088
N23915 X-0.1979 Y0.6022
N23920 X-0.1923 Y0.5953
N23925 X-0.1857 Y0.588
N23930 X-0.1787 Y0.5809
N23935 X-0.1706 Y0.5735
N23940 X-0.1614 Y0.5658
N23945 X-0.1516 Y0.5584
N23950 X-0.1407 Y0.551
N23955 X-0.1285 Y0.5435
N23960 X-0.1151 Y0.5362
N23965 X-0.101 Y0.5294
N23970 X-0.086 Y0.523
N23975 X-0.0699 Y0.5171
N23980 X-0.0529 Y0.5118
N23985 X-0.0351 Y0.5071
N23990 X-0.0169 Y0.5033
N23995 X0.0016 Y0.5003
N24000 X0.0201 Y0.4983
N24005 X0.0385 Y0.4971
N24010 X0.0565 Y0.4969
N24015 X0.074 Y0.4976
N24020 X0.0904 Y0.4989
N24025 X0.1056 Y0.501
N24030 X0.1196 Y0.5036
N24035 X0.1327 Y0.5067
N24040 X0.1432 Y0.5097
N24045 X0.1542 Y0.5134
N24050 X0.1625 Y0.5167
N24055 X0.1709 Y0.5205
N24060 X0.1789 Y0.5246
N24065 X0.1811 Y0.5259
N24070 X0.1934 Y0.5345
N24075 X0.2041 Y0.5452
N24080 X0.2128 Y0.5576
N24085 X0.2192 Y0.5712
N24090 X0.2231 Y0.5858
N24095 X0.2244 Y0.6009
N24100 Y0.6402
N24105 G3 X0.2024 Y0.6629 Z-0.2918 I-0.0236 J-0.0008
N24110 G1 X0.2 Y0.6631 Z-0.2913
N24115 X-0.1992 Y0.69
N24120 X-0.2 Y0.6901
N24125 G3 X-0.2244 Y0.6673 Z-0.2992 I-0.0008 J-0.0236
N24130 G1 Y0.6276
N24135 X-0.2241 Y0.6218
N24140 X-0.2234 Y0.6159
N24145 X-0.2222 Y0.6101
N24150 X-0.2206 Y0.6044
N24155 X-0.2186 Y0.5988
N24160 X-0.2164 Y0.5934
N24165 X-0.2137 Y0.5877
N24170 X-0.2106 Y0.5818
N24175 X-0.2069 Y0.5757
N24180 X-0.2025 Y0.5691
N24185 X-0.1977 Y0.5625
N24190 X-0.192 Y0.5556
N24195 X-0.1855 Y0.5483
N24200 X-0.1784 Y0.5411
N24205 X-0.1702 Y0.5337
N24210 X-0.161 Y0.526
N24215 X-0.1511 Y0.5186
N24220 X-0.1402 Y0.5112
N24225 X-0.128 Y0.5038
N24230 X-0.1146 Y0.4965
N24235 X-0.1005 Y0.4897
N24240 X-0.0856 Y0.4834
N24245 X-0.0695 Y0.4775
N24250 X-0.0525 Y0.4722
N24255 X-0.0348 Y0.4676
N24260 X-0.0165 Y0.4638
N24265 X0.0021 Y0.4609
N24270 X0.0207 Y0.4589
N24275 X0.039 Y0.4578
N24280 X0.057 Y0.4576
N24285 X0.0744 Y0.4582
N24290 X0.0908 Y0.4597
N24295 X0.1059 Y0.4617
N24300 X0.12 Y0.4643
N24305 X0.1331 Y0.4674
N24310 X0.1435 Y0.4705
N24315 X0.1545 Y0.4742
N24320 X0.1628 Y0.4775
N24325 X0.1712 Y0.4814
N24330 X0.1791 Y0.4854
N24335 X0.1812 Y0.4866
N24340 X0.1935 Y0.4953
N24345 X0.2042 Y0.506
N24350 X0.2128 Y0.5183
N24355 X0.2192 Y0.532
N24360 X0.2231 Y0.5466
N24365 X0.2244 Y0.5616
N24370 Y0.6009
N24375 G3 X0.2024 Y0.6236 Z-0.2918 I-0.0236 J-0.0008
N24380 G1 X0.2 Y0.6238 Z-0.2913
N24385 X-0.1992 Y0.6504
N24390 X-0.2
N24395 G3 X-0.2244 Y0.6276 Z-0.2992 I-0.0008 J-0.0236
N24400 G1 Y0.588
N24405 X-0.2241 Y0.5821
N24410 X-0.2234 Y0.5763
N24415 X-0.2221 Y0.5705
N24420 X-0.2205 Y0.5648
N24425 X-0.2186 Y0.5592
N24430 X-0.2163 Y0.5538
N24435 X-0.2136 Y0.5481
N24440 X-0.2105 Y0.5421
N24445 X-0.2068 Y0.536
N24450 X-0.2024 Y0.5294
N24455 X-0.1975 Y0.5228
N24460 X-0.1918 Y0.5159
N24465 X-0.1852 Y0.5086
N24470 X-0.1781 Y0.5014
N24475 X-0.17 Y0.494
N24480 X-0.1607 Y0.4863
N24485 X-0.1508 Y0.4789
N24490 X-0.1399 Y0.4716
N24495 X-0.1277 Y0.4642
N24500 X-0.1143 Y0.4569
N24505 X-0.1002 Y0.4502
N24510 X-0.0852 Y0.4439
N24515 X-0.0691 Y0.438
N24520 X-0.0521 Y0.4327
N24525 X-0.0344 Y0.4281
N24530 X-0.0161 Y0.4244
N24535 X0.0025 Y0.4214
N24540 X0.0211 Y0.4195
N24545 X0.0394 Y0.4184
N24550 X0.0574 Y0.4182
N24555 X0.0748 Y0.4189
N24560 X0.0911 Y0.4204
N24565 X0.1063 Y0.4225
N24570 X0.1203 Y0.4251
N24575 X0.1334 Y0.4282
N24580 X0.1438 Y0.4313
N24585 X0.1548 Y0.435
N24590 X0.163 Y0.4383
N24595 X0.1714 Y0.4422
N24600 X0.1793 Y0.4463
N24605 X0.1813 Y0.4474
N24610 X0.1937 Y0.4561
N24615 X0.2043 Y0.4668
N24620 X0.213 Y0.4792
N24625 X0.2193 Y0.493
N24630 X0.2232 Y0.5076
N24635 X0.2244 Y0.5226
N24640 Y0.5616
N24645 G3 X0.2024 Y0.5843 Z-0.2918 I-0.0236 J-0.0008
N24650 G1 X0.2 Y0.5845 Z-0.2913
N24655 X-0.1993 Y0.6108
N24660 X-0.2
N24665 G3 X-0.2244 Y0.588 Z-0.2992 I-0.0008 J-0.0236
N24670 G1 Y0.5508
N24675 X-0.2241 Y0.5446
N24680 X-0.2235 Y0.5387
N24685 X-0.2225 Y0.5329
N24690 X-0.221 Y0.5272
N24695 X-0.2191 Y0.5216
N24700 X-0.217 Y0.5161
N24705 X-0.2144 Y0.5105
N24710 X-0.2115 Y0.5048
N24715 X-0.208 Y0.4986
N24720 X-0.2039 Y0.4923
N24725 X-0.1993 Y0.4858
N24730 X-0.1937 Y0.4787
N24735 X-0.1877 Y0.4718
N24740 X-0.1807 Y0.4646
N24745 X-0.1727 Y0.457
N24750 X-0.1641 Y0.4497
N24755 X-0.1546 Y0.4423
N24760 X-0.1438 Y0.4347
N24765 X-0.1319 Y0.4272
N24770 X-0.1194 Y0.4202
N24775 X-0.1057 Y0.4133
N24780 X-0.0908 Y0.4067
N24785 X-0.0749 Y0.4006
N24790 X-0.058 Y0.395
N24795 X-0.0405 Y0.3902
N24800 X-0.0225 Y0.3862
N24805 X-0.0042 Y0.383
N24810 X0.0144 Y0.3806
N24815 X0.0329 Y0.3793
N24820 X0.0509 Y0.3788
N24825 X0.0684 Y0.3792
N24830 X0.0849 Y0.3803
N24835 X0.1007 Y0.3822
N24840 X0.1154 Y0.3847
N24845 X0.1289 Y0.3877
N24850 X0.14 Y0.3907
N24855 X0.1511 Y0.3943
N24860 X0.1603 Y0.3978
N24865 X0.1682 Y0.4013
N24870 X0.1767 Y0.4055
N24875 X0.1835 Y0.4093
N24880 X0.1851 Y0.4103
N24885 X0.1979 Y0.4201
N24890 X0.2087 Y0.432
N24895 X0.2171 Y0.4458
N24900 X0.2228 Y0.4609
N24905 X0.2256 Y0.4768
N24910 X0.2253 Y0.493
N24915 X0.2251 Y0.4953
N24920 X0.2245 Y0.5032
N24925 X0.2244 Y0.5226
N24930 G3 X0.2025 Y0.5453 Z-0.2919 I-0.0236 J-0.0009
N24935 G1 X0.1999 Y0.5454 Z-0.2913
N24940 X-0.1991 Y0.5735
N24945 X-0.2 Y0.5736
N24950 G3 X-0.2244 Y0.5508 Z-0.2992 I-0.0008 J-0.0236
N24955 G1 Y0.527
N24960 X-0.2245 Y0.5112
N24965 X-0.2242 Y0.5053
N24970 X-0.2236 Y0.4994
N24975 X-0.2226 Y0.4936
N24980 X-0.2211 Y0.4879
N24985 X-0.2192 Y0.4823
N24990 X-0.2171 Y0.4768
N24995 X-0.2146 Y0.4712
N25000 X-0.2116 Y0.4653
N25005 X-0.2081 Y0.4594
N25010 X-0.204 Y0.4529
N25015 X-0.1993 Y0.4463
N25020 X-0.1939 Y0.4395
N25025 X-0.1876 Y0.4323
N25030 X-0.1808 Y0.4252
N25035 X-0.1731 Y0.4179
N25040 X-0.1642 Y0.4103
N25045 X-0.1545 Y0.4028
N25050 X-0.144 Y0.3954
N25055 X-0.1322 Y0.388
N25060 X-0.1192 Y0.3807
N25065 X-0.1054 Y0.3737
N25070 X-0.0908 Y0.3673
N25075 X-0.0751 Y0.3613
N25080 X-0.0584 Y0.3557
N25085 X-0.0409 Y0.3509
N25090 X-0.0228 Y0.3468
N25095 X-0.0044 Y0.3436
N25100 X0.0141 Y0.3413
N25105 X0.0326 Y0.3399
N25110 X0.0507 Y0.3395
N25115 X0.0684 Y0.3398
N25120 X0.0851 Y0.341
N25125 X0.1009 Y0.3429
N25130 X0.1152 Y0.3454
N25135 X0.1288 Y0.3484
N25140 X0.141 Y0.3517
N25145 X0.1508 Y0.3549
N25150 X0.1614 Y0.3589
N25155 X0.1694 Y0.3624
N25160 X0.177 Y0.3661
N25165 X0.185 Y0.3706
N25170 X0.1912 Y0.3745
N25175 X0.1931 Y0.3758
N25180 X0.2053 Y0.386
N25185 X0.2154 Y0.3983
N25190 X0.2231 Y0.4122
N25195 X0.2281 Y0.4273
N25200 X0.2303 Y0.4431
N25205 X0.2295 Y0.459
N25210 X0.2278 Y0.4715
N25215 X0.2268 Y0.4795
N25220 X0.2253 Y0.493
N25225 G3 X0.2032 Y0.5132 Z-0.2923 I-0.0234 J-0.0033
N25230 G1 X0.1986 Y0.5135 Z-0.2913
N25235 X-0.1997 Y0.5338
N25240 X-0.2
N25245 G3 X-0.2245 Y0.5112 Z-0.2992 I-0.0009 J-0.0236
N25250 G1 Y0.5032
N25255 X-0.2251 Y0.4953
N25260 X-0.2268 Y0.4795
N25265 X-0.2272 Y0.4736
N25270 X-0.227 Y0.4677
N25275 X-0.2263 Y0.4618
N25280 X-0.2251 Y0.456
N25285 X-0.2236 Y0.4503
N25290 X-0.2217 Y0.4447
N25295 X-0.2195 Y0.4392
N25300 X-0.2169 Y0.4334
N25305 X-0.2138 Y0.4274
N25310 X-0.2102 Y0.4212
N25315 X-0.2059 Y0.4145
N25320 X-0.2011 Y0.4079
N25325 X-0.1955 Y0.4009
N25330 X-0.1891 Y0.3934
N25335 X-0.1821 Y0.3862
N25340 X-0.1741 Y0.3787
N25345 X-0.165 Y0.371
N25350 X-0.1552 Y0.3634
N25355 X-0.1445 Y0.356
N25360 X-0.1326 Y0.3485
N25365 X-0.1195 Y0.3412
N25370 X-0.1054 Y0.3342
N25375 X-0.0907 Y0.3277
N25380 X-0.0749 Y0.3217
N25385 X-0.0581 Y0.3162
N25390 X-0.0405 Y0.3114
N25395 X-0.0223 Y0.3073
N25400 X-0.0038 Y0.3041
N25405 X0.0148 Y0.3019
N25410 X0.0334 Y0.3005
N25415 X0.0515 Y0.3001
N25420 X0.0692 Y0.3005
N25425 X0.0861 Y0.3018
N25430 X0.1018 Y0.3037
N25435 X0.1163 Y0.3062
N25440 X0.1299 Y0.3092
N25445 X0.1428 Y0.3128
N25450 X0.1538 Y0.3164
N25455 X0.1634 Y0.3201
N25460 X0.1733 Y0.3244
N25465 X0.1807 Y0.3281
N25470 X0.1883 Y0.3324
N25475 X0.1957 Y0.337
N25480 X0.2015 Y0.3411
N25485 X0.2075 Y0.3457
N25490 X0.2178 Y0.3561
N25495 X0.2261 Y0.368
N25500 X0.2324 Y0.3811
N25505 X0.2363 Y0.3951
N25510 X0.2379 Y0.4096
N25515 X0.237 Y0.4241
N25520 X0.2337 Y0.4383
N25525 G3 X0.2141 Y0.4537 Z-0.2936 I-0.0222 J-0.0081
N25530 G1 X0.2102 Y0.4542 Z-0.2928
N25535 X0.2034 Y0.4549 Z-0.2913
N25540 X-0.1997 Y0.4991
N25545 X-0.2009 Y0.4992 Z-0.2916
N25550 G3 X-0.2268 Y0.4795 Z-0.2992 I-0.0026 J-0.0235
N25555 G1 X-0.2278 Y0.4715
N25560 X-0.23 Y0.4557
N25565 X-0.2311 Y0.4494
N25570 X-0.2318 Y0.4435
N25575 X-0.232 Y0.4376
N25580 X-0.2317 Y0.4317
N25585 X-0.2309 Y0.4259
N25590 X-0.2296 Y0.4201
N25595 X-0.2281 Y0.4144
N25600 X-0.2262 Y0.4088
N25605 X-0.2239 Y0.4031
N25610 X-0.2212 Y0.3971
N25615 X-0.2181 Y0.391
N25620 X-0.2143 Y0.3844
N25625 X-0.2099 Y0.3776
N25630 X-0.205 Y0.3707
N25635 X-0.1992 Y0.3633
N25640 X-0.1927 Y0.356
N25645 X-0.1855 Y0.3485
N25650 X-0.1773 Y0.3407
N25655 X-0.1681 Y0.3328
N25660 X-0.1583 Y0.3252
N25665 X-0.1473 Y0.3176
N25670 X-0.1351 Y0.3099
N25675 X-0.1218 Y0.3024
N25680 X-0.1079 Y0.2955
N25685 X-0.093 Y0.2889
N25690 X-0.0769 Y0.2827
N25695 X-0.0599 Y0.2771
N25700 X-0.0421 Y0.2722
N25705 X-0.0238 Y0.2681
N25710 X-0.0051 Y0.2648
N25715 X0.0136 Y0.2625
N25720 X0.0323 Y0.2611
N25725 X0.0505 Y0.2606
N25730 X0.0683 Y0.261
N25735 X0.0855 Y0.2623
N25740 X0.1019 Y0.2643
N25745 X0.1171 Y0.2668
N25750 X0.131 Y0.2699
N25755 X0.1442 Y0.2735
N25760 X0.1566 Y0.2776
N25765 X0.168 Y0.2819
N25770 X0.1771 Y0.2859
N25775 X0.1863 Y0.2905
N25780 X0.1943 Y0.2949
N25785 X0.201 Y0.2991
N25790 X0.2083 Y0.3042
N25795 X0.2143 Y0.3087
N25800 X0.2197 Y0.3133
N25805 X0.2257 Y0.3191
N25810 X0.2348 Y0.3302
N25815 X0.242 Y0.3426
N25820 X0.247 Y0.3561
N25825 X0.2496 Y0.3702
N25830 X0.25 Y0.3845
N25835 X0.2479 Y0.3987
N25840 X0.2436 Y0.4124
N25845 X0.2388 Y0.424
N25850 X0.2358 Y0.4319
N25855 X0.2337 Y0.4383
N25860 G3 X0.2123 Y0.4539 Z-0.2933 I-0.0222 J-0.0081
N25865 G1 X0.2101 Z-0.2928
N25870 X0.2033 Y0.4542 Z-0.2913
N25875 X-0.2031 Y0.4679
N25880 X-0.2072 Y0.4681 Z-0.2922
N25885 G3 X-0.2311 Y0.4494 Z-0.2992 I-0.0008 J-0.0236
N25890 G1 X-0.2314 Y0.4478
N25895 X-0.2332 Y0.4398
N25900 X-0.2358 Y0.4319
N25905 X-0.2367 Y0.4295
N25910 X-0.2385 Y0.4239
N25915 X-0.2398 Y0.4181
N25920 X-0.2404 Y0.4123
N25925 X-0.2405 Y0.4064
N25930 X-0.2401 Y0.4005
N25935 X-0.2393 Y0.3946
N25940 X-0.2381 Y0.3888
N25945 X-0.2366 Y0.3831
N25950 X-0.2348 Y0.3773
N25955 X-0.2326 Y0.3715
N25960 X-0.2299 Y0.3653
N25965 X-0.2266 Y0.3586
N25970 X-0.223 Y0.3519
N25975 X-0.2186 Y0.3448
N25980 X-0.2135 Y0.3374
N25985 X-0.2079 Y0.3301
N25990 X-0.2015 Y0.3223
N25995 X-0.194 Y0.3143
N26000 X-0.186 Y0.3064
N26005 X-0.177 Y0.2985
N26010 X-0.167 Y0.2903
N26015 X-0.1558 Y0.2822
N26020 X-0.1439 Y0.2744
N26025 X-0.1311 Y0.2669
N26030 X-0.1169 Y0.2595
N26035 X-0.1017 Y0.2524
N26040 X-0.0854 Y0.2458
N26045 X-0.0684 Y0.2398
N26050 X-0.0508 Y0.2346
N26055 X-0.0326 Y0.2301
N26060 X-0.0139 Y0.2265
N26065 X0.0051 Y0.2238
N26070 X0.0242 Y0.222
N26075 X0.0432 Y0.2211
N26080 X0.0616 Y0.2212
N26085 X0.0794 Y0.2221
N26090 X0.0964 Y0.2238
N26095 X0.1127 Y0.2263
N26100 X0.1281 Y0.2294
N26105 X0.1426 Y0.233
N26110 X0.1557 Y0.237
N26115 X0.168 Y0.2414
N26120 X0.1795 Y0.2462
N26125 X0.1902 Y0.2513
N26130 X0.1993 Y0.2561
N26135 X0.2076 Y0.2611
N26140 X0.2156 Y0.2664
N26145 X0.2219 Y0.2711
N26150 X0.2287 Y0.2766
N26155 X0.2344 Y0.2818
N26160 X0.2393 Y0.2867
N26165 X0.2446 Y0.2925
N26170 X0.2527 Y0.304
N26175 X0.2588 Y0.3166
N26180 X0.2627 Y0.3301
N26185 X0.2644 Y0.344
N26190 X0.2639 Y0.358
N26195 X0.2611 Y0.3718
N26200 X0.2561 Y0.3849
N26205 X0.2488 Y0.4002
N26210 X0.2453 Y0.4081
N26215 X0.2436 Y0.4124
N26220 G3 X0.223 Y0.4262 Z-0.2937 I-0.0215 J-0.0098
N26225 G1 X0.2188 Y0.4264 Z-0.2928
N26230 X0.212 Y0.4267 Z-0.2913
N26235 X-0.2056 Y0.4437
N26240 X-0.2124 Y0.444 Z-0.2928
N26245 X-0.2139 Z-0.2931
N26250 G3 X-0.2367 Y0.4295 Z-0.2992 I-0.001 J-0.0236
N26255 G1 X-0.2388 Y0.424
N26260 X-0.2453 Y0.4081
N26265 X-0.2464 Y0.4057
N26270 X-0.2485 Y0.4002
N26275 X-0.2501 Y0.3946
N26280 X-0.2512 Y0.3887
N26285 X-0.2516 Y0.3829
N26290 Y0.377
N26295 X-0.2512 Y0.3711
N26300 X-0.2505 Y0.3652
N26305 X-0.2494 Y0.3594
N26310 X-0.2479 Y0.3536
N26315 X-0.2461 Y0.3477
N26320 X-0.2439 Y0.3414
N26325 X-0.2412 Y0.3346
N26330 X-0.238 Y0.3278
N26335 X-0.2342 Y0.3207
N26340 X-0.2297 Y0.3131
N26345 X-0.2247 Y0.3054
N26350 X-0.219 Y0.2976
N26355 X-0.2124 Y0.2894
N26360 X-0.2049 Y0.2811
N26365 X-0.1969 Y0.2729
N26370 X-0.1878 Y0.2645
N26375 X-0.1775 Y0.256
N26380 X-0.1663 Y0.2475
N26385 X-0.1544 Y0.2393
N26390 X-0.1413 Y0.2313
N26395 X-0.127 Y0.2235
N26400 X-0.1116 Y0.216
N26405 X-0.0953 Y0.209
N26410 X-0.0782 Y0.2027
N26415 X-0.0604 Y0.197
N26420 X-0.042 Y0.1922
N26425 X-0.0229 Y0.1881
N26430 X-0.0035 Y0.185
N26435 X0.0161 Y0.1828
N26440 X0.0356 Y0.1815
N26445 X0.0549 Y0.1813
N26450 X0.0737 Y0.1819
N26455 X0.0917 Y0.1834
N26460 X0.1089 Y0.1857
N26465 X0.1254 Y0.1887
N26470 X0.1412 Y0.1924
N26475 X0.156 Y0.1966
N26480 X0.1698 Y0.2012
N26485 X0.1824 Y0.2062
N26490 X0.1941 Y0.2115
N26495 X0.2052 Y0.2171
N26500 X0.2153 Y0.223
N26505 X0.2238 Y0.2284
N26510 X0.2317 Y0.234
N26515 X0.239 Y0.2398
N26520 X0.2449 Y0.2449
N26525 X0.2512 Y0.2509
N26530 X0.2563 Y0.2563
N26535 X0.2609 Y0.2617
N26540 X0.2657 Y0.2679
N26545 X0.267 Y0.2698
N26550 X0.2746 Y0.2828
N26555 X0.2797 Y0.2969
N26560 X0.2822 Y0.3117
N26565 X0.2821 Y0.3268
N26570 X0.2793 Y0.3416
N26575 X0.274 Y0.3556
N26580 X0.2663 Y0.3685
N26585 X0.2608 Y0.3764
N26590 X0.2575 Y0.3819
N26595 X0.2561 Y0.3849
N26600 G3 X0.2362 Y0.3976 Z-0.294 I-0.021 J-0.0109
N26605 G1 X0.2307 Y0.3979 Z-0.2928
N26610 X0.2239 Y0.3982 Z-0.2913
N26615 X-0.2145 Y0.4186
N26620 X-0.2213 Y0.4189 Z-0.2928
N26625 X-0.224 Y0.419 Z-0.2934
N26630 G3 X-0.2464 Y0.4057 Z-0.2992 I-0.0011 J-0.0236
N26635 G1 X-0.2488 Y0.4002
N26640 X-0.2575 Y0.3819
N26645 X-0.2585 Y0.3802
N26650 X-0.2613 Y0.375
N26655 X-0.263 Y0.3694
N26660 X-0.2641 Y0.3636
N26665 X-0.2648 Y0.3577
N26670 X-0.265 Y0.3518
N26675 X-0.2648 Y0.3459
N26680 X-0.2642 Y0.34
N26685 X-0.2633 Y0.3342
N26690 X-0.2622 Y0.3284
N26695 X-0.2606 Y0.3221
N26700 X-0.2586 Y0.3155
N26705 X-0.2561 Y0.3088
N26710 X-0.2531 Y0.3015
N26715 X-0.2495 Y0.294
N26720 X-0.2455 Y0.2865
N26725 X-0.2407 Y0.2784
N26730 X-0.235 Y0.27
N26735 X-0.2289 Y0.2617
N26740 X-0.2219 Y0.2532
N26745 X-0.2138 Y0.2443
N26750 X-0.2049 Y0.2353
N26755 X-0.1954 Y0.2266
N26760 X-0.1846 Y0.2178
N26765 X-0.1727 Y0.2089
N26770 X-0.1596 Y0.2001
N26775 X-0.1458 Y0.1917
N26780 X-0.1311 Y0.1838
N26785 X-0.1152 Y0.1762
N26790 X-0.0983 Y0.1691
N26795 X-0.0804 Y0.1626
N26800 X-0.0617 Y0.1568
N26805 X-0.0424 Y0.1519
N26810 X-0.0225 Y0.1478
N26815 X-0.0024 Y0.1447
N26820 X0.0177 Y0.1425
N26825 X0.0378 Y0.1414
N26830 X0.0576 Y0.1412
N26835 X0.077 Y0.142
N26840 X0.096 Y0.1437
N26845 X0.1143 Y0.1463
N26850 X0.1318 Y0.1496
N26855 X0.1486 Y0.1536
N26860 X0.1643 Y0.1582
N26865 X0.1789 Y0.1632
N26870 X0.1925 Y0.1687
N26875 X0.2052 Y0.1745
N26880 X0.217 Y0.1806
N26885 X0.2277 Y0.1869
N26890 X0.2376 Y0.1933
N26895 X0.2468 Y0.1999
N26900 X0.2541 Y0.2058
N26905 X0.2619 Y0.2126
N26910 X0.2681 Y0.2187
N26915 X0.2734 Y0.2244
N26920 X0.2791 Y0.231
N26925 X0.2836 Y0.2369
N26930 X0.2874 Y0.2425
N26935 X0.2915 Y0.2491
N26940 X0.2918 Y0.2496
N26945 X0.2978 Y0.263
N26950 X0.3015 Y0.2772
N26955 X0.3027 Y0.2917
N26960 X0.3015 Y0.3063
N26965 X0.2978 Y0.3205
N26970 X0.2918 Y0.3339
N26975 X0.2836 Y0.346
N26980 X0.2783 Y0.3527
N26985 X0.272 Y0.3606
N26990 X0.2663 Y0.3685
N26995 G3 X0.2483 Y0.3776 Z-0.2948 I-0.0186 J-0.0145
N27000 G1 X0.2388 Y0.3779 Z-0.2928
N27005 X0.232 Y0.378 Z-0.2913
N27010 X-0.2251 Y0.3906
N27015 X-0.232 Y0.3908 Z-0.2928
N27020 X-0.2381 Y0.391 Z-0.2941
N27025 G3 X-0.2585 Y0.3802 Z-0.2992 I-0.0006 J-0.0236
N27030 G1 X-0.2608 Y0.3764
N27035 X-0.2663 Y0.3685
N27040 X-0.2694 Y0.3642
N27045 X-0.2726 Y0.3592
N27050 X-0.2753 Y0.3539
N27055 X-0.2773 Y0.3484
N27060 X-0.2787 Y0.3426
N27065 X-0.2797 Y0.3368
N27070 X-0.2803 Y0.3309
N27075 X-0.2804 Y0.325
N27080 X-0.2802 Y0.3191
N27085 X-0.2797 Y0.3132
N27090 X-0.2789 Y0.3071
N27095 X-0.2777 Y0.3009
N27100 X-0.2761 Y0.2943
N27105 X-0.274 Y0.2872
N27110 X-0.2715 Y0.2799
N27115 X-0.2685 Y0.2724
N27120 X-0.2648 Y0.2643
N27125 X-0.2605 Y0.256
N27130 X-0.2557 Y0.2477
N27135 X-0.25 Y0.2389
N27140 X-0.2434 Y0.2298
N27145 X-0.2362 Y0.2208
N27150 X-0.2281 Y0.2116
N27155 X-0.2189 Y0.2021
N27160 X-0.2087 Y0.1926
N27165 X-0.1976 Y0.1832
N27170 X-0.1858 Y0.1741
N27175 X-0.1726 Y0.165
N27180 X-0.1583 Y0.1561
N27185 X-0.1427 Y0.1474
N27190 X-0.1262 Y0.1392
N27195 X-0.1088 Y0.1317
N27200 X-0.0907 Y0.1248
N27205 X-0.0717 Y0.1186
N27210 X-0.0518 Y0.1133
N27215 X-0.0314 Y0.1088
N27220 X-0.0106 Y0.1053
N27225 X0.0104 Y0.1028
N27230 X0.0315 Y0.1013
N27235 X0.0524 Y0.1008
N27240 X0.0731 Y0.1014
N27245 X0.0934 Y0.103
N27250 X0.1131 Y0.1054
N27255 X0.1319 Y0.1087
N27260 X0.1497 Y0.1127
N27265 X0.1666 Y0.1174
N27270 X0.1827 Y0.1228
N27275 X0.1979 Y0.1286
N27280 X0.2123 Y0.135
N27285 X0.2254 Y0.1416
N27290 X0.2375 Y0.1484
N27295 X0.2485 Y0.1554
N27300 X0.2589 Y0.1626
N27305 X0.2683 Y0.17
N27310 X0.2769 Y0.1773
N27315 X0.2838 Y0.1839
N27320 X0.2906 Y0.191
N27325 X0.2966 Y0.1978
N27330 X0.3013 Y0.2038
N27335 X0.3063 Y0.2109
N27340 X0.3104 Y0.2172
N27345 X0.3138 Y0.2231
N27350 X0.3173 Y0.2301
N27355 X0.3222 Y0.2438
N27360 X0.3246 Y0.2581
N27365 X0.3247 Y0.2726
N27370 X0.3223 Y0.2869
N27375 X0.3176 Y0.3006
N27380 X0.3107 Y0.3134
N27385 X0.3017 Y0.3248
N27390 X0.2972 Y0.3296
N27395 X0.291 Y0.3368
N27400 X0.2836 Y0.346
N27405 G3 X0.2666 Y0.3542 Z-0.2951 I-0.0179 J-0.0154
N27410 G1 X0.2558 Y0.3546 Z-0.2928
N27415 X0.2489 Y0.3548 Z-0.2913
N27420 X-0.2352 Y0.3727
N27425 X-0.242 Y0.3729 Z-0.2928
N27430 X-0.2499 Y0.3732 Z-0.2945
N27435 G3 X-0.2694 Y0.3642 Z-0.2992 I-0.0009 J-0.0236
N27440 G1 X-0.272 Y0.3606
N27445 X-0.2783 Y0.3527
N27450 X-0.2846 Y0.3447
N27455 X-0.2881 Y0.34
N27460 X-0.291 Y0.3348
N27465 X-0.2933 Y0.3294
N27470 X-0.2951 Y0.3237
N27475 X-0.2964 Y0.318
N27480 X-0.2973 Y0.3121
N27485 X-0.2978 Y0.3063
N27490 X-0.298 Y0.3004
N27495 X-0.2979 Y0.2945
N27500 X-0.2975 Y0.2883
N27505 X-0.2967 Y0.282
N27510 X-0.2955 Y0.2752
N27515 X-0.2939 Y0.268
N27520 X-0.2919 Y0.2606
N27525 X-0.2893 Y0.2528
N27530 X-0.2862 Y0.2446
N27535 X-0.2825 Y0.2361
N27540 X-0.2782 Y0.2275
N27545 X-0.2731 Y0.2184
N27550 X-0.2671 Y0.2089
N27555 X-0.2606 Y0.1995
N27560 X-0.2532 Y0.1899
N27565 X-0.2448 Y0.18
N27570 X-0.2353 Y0.1699
N27575 X-0.225 Y0.16
N27580 X-0.2138 Y0.1502
N27585 X-0.2013 Y0.1403
N27590 X-0.1876 Y0.1305
N27595 X-0.1727 Y0.1209
N27600 X-0.1568 Y0.1117
N27605 X-0.1402 Y0.1031
N27610 X-0.1226 Y0.0951
N27615 X-0.1038 Y0.0876
N27620 X-0.0841 Y0.0809
N27625 X-0.0635 Y0.075
N27630 X-0.0424 Y0.07
N27635 X-0.0207 Y0.0659
N27640 X0.0013 Y0.0629
N27645 X0.0235 Y0.061
N27650 X0.0456 Y0.0602
N27655 X0.0675 Y0.0604
N27660 X0.0889 Y0.0617
N27665 X0.1098 Y0.064
N27670 X0.1301 Y0.0672
N27675 X0.1497 Y0.0713
N27680 X0.1685 Y0.0762
N27685 X0.1862 Y0.0817
N27690 X0.2027 Y0.0878
N27695 X0.2183 Y0.0944
N27700 X0.2331 Y0.1015
N27705 X0.247 Y0.1091
N27710 X0.2596 Y0.1168
N27715 X0.2712 Y0.1246
N27720 X0.2816 Y0.1324
N27725 X0.2914 Y0.1405
N27730 X0.3002 Y0.1486
N27735 X0.3083 Y0.1567
N27740 X0.3146 Y0.1638
N27745 X0.3208 Y0.1714
N27750 X0.3262 Y0.1787
N27755 X0.3304 Y0.1851
N27760 X0.3348 Y0.1925
N27765 X0.3383 Y0.1991
N27770 X0.3412 Y0.2053
N27775 X0.3417 Y0.2065
N27780 X0.3463 Y0.2211
N27785 X0.3482 Y0.2364
N27790 X0.3474 Y0.2517
N27795 X0.3439 Y0.2667
N27800 X0.3379 Y0.2808
N27805 X0.3294 Y0.2936
N27810 X0.3209 Y0.3041
N27815 X0.3201 Y0.3051
N27820 X0.3017 Y0.3248
N27825 G3 X0.2859 Y0.3317 Z-0.2955 I-0.0167 J-0.0167
N27830 G1 X0.2733 Y0.3322 Z-0.2928
N27835 X0.2665 Y0.3324 Z-0.2913
N27840 X-0.25 Y0.3523
N27845 X-0.2568 Y0.3526 Z-0.2928
N27850 X-0.2659 Y0.3529 Z-0.2947
N27855 G3 X-0.2846 Y0.3447 Z-0.2992 I-0.0009 J-0.0236
N27860 G1 X-0.291 Y0.3368
N27865 X-0.2972 Y0.3296
N27870 X-0.3001 Y0.3266
N27875 X-0.3039 Y0.322
N27880 X-0.3072 Y0.3171
N27885 X-0.3099 Y0.3119
N27890 X-0.3121 Y0.3064
N27895 X-0.3139 Y0.3008
N27900 X-0.3152 Y0.2951
N27905 X-0.3162 Y0.2892
N27910 X-0.3168 Y0.2834
N27915 X-0.3171 Y0.2775
N27920 Y0.2714
N27925 X-0.3168 Y0.2652
N27930 X-0.3162 Y0.2584
N27935 X-0.3151 Y0.2511
N27940 X-0.3136 Y0.2437
N27945 X-0.3117 Y0.2358
N27950 X-0.3091 Y0.2275
N27955 X-0.3061 Y0.219
N27960 X-0.3025 Y0.2101
N27965 X-0.2981 Y0.2008
N27970 X-0.2929 Y0.1911
N27975 X-0.2872 Y0.1814
N27980 X-0.2806 Y0.1714
N27985 X-0.273 Y0.1611
N27990 X-0.2643 Y0.1505
N27995 X-0.255 Y0.1401
N28000 X-0.2446 Y0.1295
N28005 X-0.233 Y0.1189
N28010 X-0.2201 Y0.1082
N28015 X-0.2062 Y0.0977
N28020 X-0.1914 Y0.0877
N28025 X-0.1756 Y0.078
N28030 X-0.1585 Y0.0687
N28035 X-0.1403 Y0.0599
N28040 X-0.1208 Y0.0516
N28045 X-0.1004 Y0.0441
N28050 X-0.0792 Y0.0374
N28055 X-0.0572 Y0.0317
N28060 X-0.0346 Y0.027
N28065 X-0.0117 Y0.0233
N28070 X0.0114 Y0.0208
N28075 X0.0346 Y0.0193
N28080 X0.0577 Y0.0191
N28085 X0.0805 Y0.0199
N28090 X0.103 Y0.0218
N28095 X0.1248 Y0.0248
N28100 X0.146 Y0.0287
N28105 X0.1664 Y0.0335
N28110 X0.1859 Y0.0391
N28115 X0.2046 Y0.0455
N28120 X0.2224 Y0.0525
N28125 X0.2389 Y0.06
N28130 X0.2541 Y0.0678
N28135 X0.2684 Y0.0761
N28140 X0.2818 Y0.0847
N28145 X0.294 Y0.0934
N28150 X0.3052 Y0.1023
N28155 X0.3152 Y0.111
N28160 X0.3243 Y0.1197
N28165 X0.3326 Y0.1286
N28170 X0.3396 Y0.1368
N28175 X0.3454 Y0.1443
N28180 X0.3512 Y0.1526
N28185 X0.3555 Y0.1595
N28190 X0.3595 Y0.1666
N28195 X0.3614 Y0.1704
N28200 X0.367 Y0.1844
N28205 X0.37 Y0.1992
N28210 X0.3704 Y0.2142
N28215 X0.3682 Y0.2292
N28220 X0.3635 Y0.2435
N28225 X0.3563 Y0.2567
N28230 X0.3505 Y0.2655
N28235 X0.3447 Y0.274
N28240 X0.3391 Y0.2813
N28245 X0.3294 Y0.2936
N28250 G3 X0.3127 Y0.3018 Z-0.2952 I-0.0179 J-0.0154
N28255 G1 X0.3016 Y0.3024 Z-0.2928
N28260 X0.2948 Y0.3027 Z-0.2913
N28265 X-0.2648 Y0.3325
N28270 X-0.2717 Y0.3329 Z-0.2928
N28275 X-0.2821 Y0.3334 Z-0.295
N28280 G3 X-0.3001 Y0.3266 Z-0.2992 I-0.0013 J-0.0236
N28285 G1 X-0.3201 Y0.3051
N28290 X-0.3238 Y0.3005
N28295 X-0.327 Y0.2956
N28300 X-0.3297 Y0.2903
N28305 X-0.332 Y0.2849
N28310 X-0.3338 Y0.2793
N28315 X-0.3353 Y0.2735
N28320 X-0.3363 Y0.2677
N28325 X-0.3371 Y0.2619
N28330 X-0.3375 Y0.256
N28335 X-0.3377 Y0.2499
N28340 X-0.3376 Y0.2432
N28345 X-0.3371 Y0.236
N28350 X-0.3362 Y0.2287
N28355 X-0.3349 Y0.2209
N28360 X-0.333 Y0.2125
N28365 X-0.3307 Y0.204
N28370 X-0.3278 Y0.1951
N28375 X-0.3242 Y0.1856
N28380 X-0.32 Y0.1758
N28385 X-0.3151 Y0.166
N28390 X-0.3094 Y0.1557
N28395 X-0.3027 Y0.145
N28400 X-0.2951 Y0.134
N28405 X-0.2867 Y0.1231
N28410 X-0.2773 Y0.112
N28415 X-0.2667 Y0.1007
N28420 X-0.255 Y0.0893
N28425 X-0.2421 Y0.0779
N28430 X-0.2284 Y0.067
N28435 X-0.2136 Y0.0563
N28440 X-0.1973 Y0.0458
N28445 X-0.1797 Y0.0355
N28450 X-0.1609 Y0.0258
N28455 X-0.141 Y0.0166
N28460 X-0.12 Y0.0082
N28465 X-0.0982 Y0.0007
N28470 X-0.0757 Y-0.0058
N28475 X-0.0525 Y-0.0114
N28480 X-0.0288 Y-0.0159
N28485 X-0.0046 Y-0.0192
N28490 X0.0199 Y-0.0214
N28495 X0.0444 Y-0.0224
N28500 X0.0688 Y-0.0222
N28505 X0.0929 Y-0.0208
N28510 X0.1165 Y-0.0183
N28515 X0.1395 Y-0.0147
N28520 X0.1617 Y-0.0101
N28525 X0.183 Y-0.0046
N28530 X0.2035 Y0.0017
N28535 X0.223 Y0.0088
N28540 X0.2415 Y0.0166
N28545 X0.259 Y0.025
N28550 X0.2755 Y0.0339
N28555 X0.2906 Y0.043
N28560 X0.3045 Y0.0524
N28565 X0.3173 Y0.0619
N28570 X0.3289 Y0.0715
N28575 X0.3396 Y0.0812
N28580 X0.349 Y0.0907
N28585 X0.3568 Y0.0993
N28590 X0.3639 Y0.108
N28595 X0.3701 Y0.1164
N28600 X0.3748 Y0.1234
N28605 X0.3797 Y0.1316
N28610 X0.3802 Y0.1325
N28615 X0.3865 Y0.1474
N28620 X0.3899 Y0.1631
N28625 X0.3903 Y0.1792
N28630 X0.3877 Y0.1951
N28635 X0.3822 Y0.2103
N28640 X0.3786 Y0.2179
N28645 X0.3764 Y0.2224
N28650 X0.3655 Y0.2417
N28655 X0.361 Y0.2496
N28660 X0.3563 Y0.2567
N28665 G3 X0.3387 Y0.2666 Z-0.2948 I-0.0193 J-0.0137
N28670 G1 X0.3294 Y0.2673 Z-0.2928
N28675 X0.3225 Y0.2678 Z-0.2913
N28680 X-0.2849 Y0.3108
N28685 X-0.2917 Y0.3113 Z-0.2928
N28690 X-0.3017 Y0.312 Z-0.2949
N28695 G3 X-0.3201 Y0.3051 Z-0.2992 I-0.0017 J-0.0236
N28700 G1 X-0.3209 Y0.3041
N28705 X-0.3391 Y0.2813
N28710 X-0.3422 Y0.2773
N28715 X-0.3455 Y0.2724
N28720 X-0.3486 Y0.2673
N28725 X-0.3511 Y0.262
N28730 X-0.3532 Y0.2565
N28735 X-0.3549 Y0.2508
N28740 X-0.3562 Y0.2451
N28745 X-0.3572 Y0.2393
N28750 X-0.3579 Y0.2334
N28755 X-0.3583 Y0.2273
N28760 X-0.3584 Y0.2207
N28765 X-0.3581 Y0.2137
N28770 X-0.3575 Y0.2064
N28775 X-0.3565 Y0.1984
N28780 X-0.355 Y0.1901
N28785 X-0.353 Y0.1815
N28790 X-0.3504 Y0.1723
N28795 X-0.3471 Y0.1626
N28800 X-0.3433 Y0.1529
N28805 X-0.3387 Y0.1426
N28810 X-0.3332 Y0.1318
N28815 X-0.3268 Y0.1207
N28820 X-0.3197 Y0.1096
N28825 X-0.3116 Y0.0982
N28830 X-0.3023 Y0.0864
N28835 X-0.2919 Y0.0744
N28840 X-0.2805 Y0.0625
N28845 X-0.2682 Y0.0508
N28850 X-0.2545 Y0.0391
N28855 X-0.2395 Y0.0274
N28860 X-0.223 Y0.0158
N28865 X-0.2052 Y0.0046
N28870 X-0.1863 Y-0.0061
N28875 X-0.1665 Y-0.0161
N28880 X-0.1456 Y-0.0253
N28885 X-0.1236 Y-0.0339
N28890 X-0.1006 Y-0.0415
N28895 X-0.0766 Y-0.0482
N28900 X-0.0519 Y-0.0538
N28905 X-0.0266 Y-0.0582
N28910 X-0.001 Y-0.0615
N28915 X0.0249 Y-0.0635
N28920 X0.0508 Y-0.0642
N28925 X0.0765 Y-0.0637
N28930 X0.1019 Y-0.0619
N28935 X0.1268 Y-0.059
N28940 X0.1511 Y-0.0549
N28945 X0.1747 Y-0.0497
N28950 X0.1975 Y-0.0436
N28955 X0.2193 Y-0.0365
N28960 X0.24 Y-0.0287
N28965 X0.2595 Y-0.0202
N28970 X0.2778 Y-0.0112
N28975 X0.295 Y-0.0016
N28980 X0.3111 Y0.0084
N28985 X0.3261 Y0.0187
N28990 X0.3396 Y0.029
N28995 X0.3516 Y0.0392
N29000 X0.3624 Y0.0492
N29005 X0.3717 Y0.0589
N29010 X0.3789 Y0.067
N29015 X0.3861 Y0.076
N29020 X0.3913 Y0.0832
N29025 X0.3931 Y0.086
N29030 X0.4004 Y0.0998
N29035 X0.4051 Y0.1146
N29040 X0.4071 Y0.1301
N29045 X0.4062 Y0.1456
N29050 X0.4026 Y0.1608
N29055 X0.402 Y0.1625
N29060 X0.4002 Y0.1677
N29065 X0.3923 Y0.188
N29070 X0.3898 Y0.1942
N29075 X0.3822 Y0.2103
N29080 G3 X0.3634 Y0.223 Z-0.2942 I-0.021 J-0.0108
N29085 G1 X0.3569 Y0.2236 Z-0.2928
N29090 X0.3501 Y0.2242 Z-0.2913
N29095 X-0.3078 Y0.2846
N29100 X-0.3146 Y0.2852 Z-0.2928
N29105 X-0.3217 Y0.2859 Z-0.2943
N29110 G3 X-0.3422 Y0.2773 Z-0.2992 I-0.0022 J-0.0235
N29115 G1 X-0.3447 Y0.274
N29120 X-0.3505 Y0.2655
N29125 X-0.361 Y0.2496
N29130 X-0.3671 Y0.2388
N29135 X-0.3698 Y0.2335
N29140 X-0.3721 Y0.2281
N29145 X-0.374 Y0.2225
N29150 X-0.3755 Y0.2168
N29155 X-0.3767 Y0.211
N29160 X-0.3775 Y0.2052
N29165 X-0.378 Y0.1991
N29170 X-0.3782 Y0.1929
N29175 X-0.3781 Y0.186
N29180 X-0.3777 Y0.1786
N29185 X-0.3768 Y0.1711
N29190 X-0.3755 Y0.1627
N29195 X-0.3736 Y0.1539
N29200 X-0.3713 Y0.145
N29205 X-0.3683 Y0.1354
N29210 X-0.3645 Y0.1251
N29215 X-0.3601 Y0.1148
N29220 X-0.3549 Y0.104
N29225 X-0.3487 Y0.0926
N29230 X-0.3415 Y0.0809
N29235 X-0.3336 Y0.0692
N29240 X-0.3246 Y0.0573
N29245 X-0.3143 Y0.0449
N29250 X-0.3027 Y0.0323
N29255 X-0.2899 Y0.0196
N29260 X-0.2762 Y0.0074
N29265 X-0.2611 Y-0.0049
N29270 X-0.2445 Y-0.0171
N29275 X-0.2266 Y-0.0289
N29280 X-0.2073 Y-0.0404
N29285 X-0.1867 Y-0.0513
N29290 X-0.1649 Y-0.0615
N29295 X-0.1422 Y-0.0708
N29300 X-0.1187 Y-0.0792
N29305 X-0.094 Y-0.0866
N29310 X-0.0684 Y-0.093
N29315 X-0.0421 Y-0.0982
N29320 X-0.0152 Y-0.1022
N29325 X0.012 Y-0.1048
N29330 X0.0394 Y-0.1062
N29335 X0.0667
N29340 X0.0938 Y-0.1049
N29345 X0.1206 Y-0.1023
N29350 X0.1468 Y-0.0984
N29355 X0.1724 Y-0.0934
N29360 X0.1971 Y-0.0873
N29365 X0.2206 Y-0.0802
N29370 X0.243 Y-0.0723
N29375 X0.2643 Y-0.0635
N29380 X0.2846 Y-0.054
N29385 X0.3037 Y-0.0439
N29390 X0.3215 Y-0.0334
N29395 X0.338 Y-0.0224
N29400 X0.3528 Y-0.0117
N29405 X0.3658 Y-0.0011
N29410 X0.3772 Y0.0092
N29415 X0.3859 Y0.0177
N29420 X0.3944 Y0.0269
N29425 X0.4004 Y0.0341
N29430 X0.4016 Y0.0357
N29435 X0.409 Y0.0475
N29440 X0.4145 Y0.0603
N29445 X0.4179 Y0.0738
N29450 X0.419 Y0.0877
N29455 X0.4179 Y0.1016
N29460 X0.4171 Y0.107
N29465 X0.416 Y0.1122
N29470 X0.4115 Y0.1308
N29475 X0.4095 Y0.1387
N29480 X0.4047 Y0.1545
N29485 X0.4026 Y0.1608
N29490 G3 X0.3829 Y0.176 Z-0.2936 I-0.0221 J-0.0083
N29495 G1 X0.3789 Y0.1764 Z-0.2928
N29500 X0.3721 Y0.1771 Z-0.2913
N29505 X-0.3341 Y0.2489
N29510 X-0.3409 Y0.2496 Z-0.2928
N29515 X-0.3446 Y0.25 Z-0.2936
N29520 G3 X-0.3671 Y0.2388 Z-0.2992 I-0.0024 J-0.0235
N29525 G1 X-0.3764 Y0.2224
N29530 X-0.3786 Y0.2179
N29535 X-0.3881 Y0.1977
N29540 X-0.3904 Y0.1923
N29545 X-0.3923 Y0.1867
N29550 X-0.3939 Y0.181
N29555 X-0.395 Y0.1752
N29560 X-0.3958 Y0.1693
N29565 X-0.3962 Y0.1635
N29570 X-0.3964 Y0.1572
N29575 X-0.3963 Y0.1504
N29580 X-0.3958 Y0.1434
N29585 X-0.3949 Y0.1356
N29590 X-0.3935 Y0.1274
N29595 X-0.3917 Y0.1188
N29600 X-0.3892 Y0.1095
N29605 X-0.3861 Y0.0999
N29610 X-0.3823 Y0.0899
N29615 X-0.3777 Y0.0792
N29620 X-0.3721 Y0.0679
N29625 X-0.3659 Y0.0567
N29630 X-0.3586 Y0.0449
N29635 X-0.35 Y0.0325
N29640 X-0.3404 Y0.0198
N29645 X-0.3299 Y0.0074
N29650 X-0.318 Y-0.0054
N29655 X-0.3046 Y-0.0184
N29660 X-0.2898 Y-0.0316
N29665 X-0.2735 Y-0.0446
N29670 X-0.2562 Y-0.0571
N29675 X-0.2376 Y-0.0693
N29680 X-0.2175 Y-0.081
N29685 X-0.1959 Y-0.0923
N29690 X-0.1731 Y-0.1028
N29695 X-0.1489 Y-0.1125
N29700 X-0.1236 Y-0.1213
N29705 X-0.0973 Y-0.1291
N29710 X-0.0702 Y-0.1356
N29715 X-0.0424 Y-0.1409
N29720 X-0.0141 Y-0.1449
N29725 X0.0146 Y-0.1475
N29730 X0.0434 Y-0.1488
N29735 X0.0721 Y-0.1486
N29740 X0.1006 Y-0.147
N29745 X0.1288 Y-0.1441
N29750 X0.1564 Y-0.1399
N29755 X0.1831 Y-0.1344
N29760 X0.2091 Y-0.1278
N29765 X0.2341 Y-0.1201
N29770 X0.258 Y-0.1114
N29775 X0.2809 Y-0.1019
N29780 X0.3026 Y-0.0916
N29785 X0.3229 Y-0.0807
N29790 X0.3413 Y-0.0696
N29795 X0.3575 Y-0.0587
N29800 X0.3723 Y-0.0478
N29805 X0.3839 Y-0.0382
N29810 X0.3939 Y-0.0291
N29815 X0.4018 Y-0.0212
N29820 X0.41 Y-0.0106
N29825 X0.4165 Y0.0011
N29830 X0.4211 Y0.0136
N29835 X0.4237 Y0.0267
N29840 X0.4243 Y0.0401
N29845 X0.4239 Y0.0515
N29850 X0.4233 Y0.0594
N29855 X0.4217 Y0.0753
N29860 X0.4209 Y0.0832
N29865 X0.4179 Y0.1016
N29870 G3 X0.3975 Y0.1205 Z-0.2929 I-0.0232 J-0.0046
N29875 G1 X0.397 Y0.1206 Z-0.2928
N29880 X0.3902 Y0.1214 Z-0.2913
N29885 X-0.356 Y0.2094
N29890 X-0.3628 Y0.2102 Z-0.2928
N29895 X-0.3644 Y0.2104 Z-0.2931
N29900 G3 X-0.3881 Y0.1977 Z-0.2992 I-0.0028 J-0.0235
N29905 G1 X-0.3898 Y0.1942
N29910 X-0.393 Y0.1862
N29915 X-0.4002 Y0.1677
N29920 X-0.402 Y0.1625
N29925 X-0.4047 Y0.1545
N29930 X-0.4081 Y0.1432
N29935 X-0.4095 Y0.1375
N29940 X-0.4106 Y0.1316
N29945 X-0.4113 Y0.1258
N29950 X-0.4116 Y0.1199
N29955 Y0.1139
N29960 X-0.4114 Y0.1074
N29965 X-0.4107 Y0.1003
N29970 X-0.4097 Y0.093
N29975 X-0.4082 Y0.0849
N29980 X-0.4061 Y0.0763
N29985 X-0.4034 Y0.0673
N29990 X-0.4 Y0.0575
N29995 X-0.3959 Y0.0474
N30000 X-0.3911 Y0.0369
N30005 X-0.3853 Y0.0257
N30010 X-0.3784 Y0.0139
N30015 X-0.3708 Y0.0022
N30020 X-0.3618 Y-0.0102
N30025 X-0.3513 Y-0.0232
N30030 X-0.3397 Y-0.0364
N30035 X-0.3271 Y-0.0493
N30040 X-0.313 Y-0.0624
N30045 X-0.2972 Y-0.0757
N30050 X-0.2798 Y-0.089
N30055 X-0.2608 Y-0.1021
N30060 X-0.2407 Y-0.1146
N30065 X-0.2194 Y-0.1264
N30070 X-0.1965 Y-0.1377
N30075 X-0.172 Y-0.1483
N30080 X-0.1461 Y-0.158
N30085 X-0.1191 Y-0.1667
N30090 X-0.091 Y-0.1742
N30095 X-0.0622 Y-0.1805
N30100 X-0.0326 Y-0.1854
N30105 X-0.0027 Y-0.1889
N30110 X0.0276 Y-0.191
N30115 X0.0579 Y-0.1916
N30120 X0.0881 Y-0.1907
N30125 X0.1181 Y-0.1884
N30130 X0.1475 Y-0.1846
N30135 X0.1763 Y-0.1795
N30140 X0.2043 Y-0.1731
N30145 X0.2315 Y-0.1655
N30150 X0.2577 Y-0.1568
N30155 X0.2828 Y-0.147
N30160 X0.3065 Y-0.1365
N30165 X0.3282 Y-0.1255
N30170 X0.3476 Y-0.1145
N30175 X0.365 Y-0.1035
N30180 X0.3784 Y-0.094
N30185 X0.3897 Y-0.0853
N30190 X0.392 Y-0.0833
N30195 X0.4026 Y-0.0723
N30200 X0.4112 Y-0.0597
N30205 X0.4174 Y-0.0457
N30210 X0.4211 Y-0.0309
N30215 X0.4216 Y-0.0277
N30220 X0.424 Y-0.0023
N30225 X0.4242 Y0.004
N30230 X0.4246 Y0.0198
N30235 X0.4247 Y0.0277
N30240 X0.4243 Y0.0401
N30245 G3 X0.4036 Y0.0619 Z-0.2923 I-0.0236 J-0.0016
N30250 G1 X0.3991 Y0.0624 Z-0.2913
N30255 X-0.3781 Y0.1585
N30260 X-0.3828 Y0.1591 Z-0.2924
N30265 G3 X-0.4081 Y0.1432 Z-0.2992 I-0.0029 J-0.0234
N30270 G1 X-0.4095 Y0.1387
N30275 X-0.4115 Y0.1308
N30280 X-0.416 Y0.1122
N30285 X-0.4171 Y0.107
N30290 X-0.4209 Y0.0832
N30295 X-0.4216 Y0.0711
N30300 Y0.0652
N30305 X-0.4214 Y0.0593
N30310 X-0.4207 Y0.0529
N30315 X-0.4197 Y0.0462
N30320 X-0.4183 Y0.0389
N30325 X-0.4163 Y0.0309
N30330 X-0.4139 Y0.0227
N30335 X-0.4106 Y0.0134
N30340 X-0.4068 Y0.0041
N30345 X-0.402 Y-0.006
N30350 X-0.3963 Y-0.0169
N30355 X-0.3898 Y-0.0278
N30360 X-0.3822 Y-0.0394
N30365 X-0.3731 Y-0.0517
N30370 X-0.363 Y-0.0642
N30375 X-0.3517 Y-0.0768
N30380 X-0.3387 Y-0.09
N30385 X-0.3239 Y-0.1036
N30390 X-0.3078 Y-0.1171
N30395 X-0.2906 Y-0.13
N30400 X-0.2716 Y-0.143
N30405 X-0.2508 Y-0.1557
N30410 X-0.2281 Y-0.1681
N30415 X-0.2038 Y-0.1799
N30420 X-0.178 Y-0.1909
N30425 X-0.1509 Y-0.2009
N30430 X-0.1226 Y-0.2098
N30435 X-0.0936 Y-0.2175
N30440 X-0.0636 Y-0.2238
N30445 X-0.0328 Y-0.2287
N30450 X-0.0013 Y-0.2322
N30455 X0.0305 Y-0.2342
N30460 X0.0624 Y-0.2347
N30465 X0.0943 Y-0.2335
N30470 X0.1259 Y-0.2309
N30475 X0.157 Y-0.2267
N30480 X0.1876 Y-0.2211
N30485 X0.2172 Y-0.2142
N30490 X0.2458 Y-0.206
N30495 X0.273 Y-0.1968
N30500 X0.2986 Y-0.1867
N30505 X0.3226 Y-0.1758
N30510 X0.3442 Y-0.1648
N30515 X0.3604 Y-0.1555
N30520 X0.369 Y-0.1499
N30525 X0.3811 Y-0.1406
N30530 X0.3914 Y-0.1292
N30535 X0.3994 Y-0.1163
N30540 X0.4051 Y-0.1021
N30545 X0.4061 Y-0.0991
N30550 X0.4083 Y-0.0911
N30555 X0.4105 Y-0.0832
N30560 X0.4161 Y-0.0594
N30565 X0.4176 Y-0.0515
N30570 X0.4203 Y-0.0357
N30575 X0.4211 Y-0.0309
N30580 G3 X0.4008 Y-0.0047 Z-0.2914 I-0.0235 J0.0028
N30585 G1 X0.4004 Z-0.2913
N30590 X-0.3932 Y0.1019
N30595 X-0.3946 Y0.1021 Z-0.2916
N30600 X-0.3977 Y0.1023 Z-0.2923
N30605 G3 X-0.4209 Y0.0832 Z-0.2992 I0. J-0.0236
N30610 G1 X-0.4217 Y0.0753
N30615 X-0.4233 Y0.0594
N30620 X-0.4239 Y0.0515
N30625 X-0.4247 Y0.0277
N30630 X-0.4246 Y0.0198
N30635 X-0.4243 Y0.0075
N30640 X-0.4237 Y0.0005
N30645 X-0.423 Y-0.0053
N30650 X-0.4219 Y-0.0114
N30655 X-0.4204 Y-0.018
N30660 X-0.4184 Y-0.0252
N30665 X-0.4159 Y-0.0328
N30670 X-0.4126 Y-0.0413
N30675 X-0.4088 Y-0.0499
N30680 X-0.4039 Y-0.0595
N30685 X-0.3984 Y-0.0693
N30690 X-0.3917 Y-0.0798
N30695 X-0.3837 Y-0.0913
N30700 X-0.3749 Y-0.1025
N30705 X-0.3646 Y-0.1145
N30710 X-0.3525 Y-0.1272
N30715 X-0.3393 Y-0.1398
N30720 X-0.3247 Y-0.1525
N30725 X-0.3079 Y-0.1657
N30730 X-0.2891 Y-0.179
N30735 X-0.2685 Y-0.1922
N30740 X-0.2468 Y-0.2046
N30745 X-0.2232 Y-0.2166
N30750 X-0.1977 Y-0.2281
N30755 X-0.1704 Y-0.2388
N30760 X-0.1418 Y-0.2484
N30765 X-0.1118 Y-0.2569
N30770 X-0.0807 Y-0.2641
N30775 X-0.0487 Y-0.2699
N30780 X-0.016 Y-0.2742
N30785 X0.0172 Y-0.2769
N30790 X0.0506 Y-0.278
N30795 X0.0841 Y-0.2774
N30800 X0.1173 Y-0.2753
N30805 X0.1503 Y-0.2715
N30810 X0.1826 Y-0.2663
N30815 X0.2141 Y-0.2595
N30820 X0.2444 Y-0.2515
N30825 X0.2735 Y-0.2422
N30830 X0.301 Y-0.232
N30835 X0.3239 Y-0.2222
N30840 X0.3327 Y-0.2178
N30845 X0.344 Y-0.2113
N30850 X0.3541 Y-0.2031
N30855 X0.3629 Y-0.1935
N30860 X0.3701 Y-0.1827
N30865 X0.3771 Y-0.1704
N30870 X0.381 Y-0.1625
N30875 X0.3883 Y-0.1466
N30880 X0.3918 Y-0.1387
N30885 X0.4008 Y-0.1149
N30890 X0.4037 Y-0.107
N30895 X0.4051 Y-0.1021
N30900 G3 X0.3884 Y-0.0732 Z-0.2913 I-0.0228 J0.0061
N30905 G1 X0.3854 Y-0.0726
N30910 X-0.3975 Y0.0307
N30915 X-0.4004 Y0.0309
N30920 G3 X-0.4243 Y0.0075 Z-0.2992 I-0.0002 J-0.0236
N30925 G1 X-0.4242 Y0.004
N30930 X-0.424 Y-0.0023
N30935 X-0.4216 Y-0.0277
N30940 X-0.4203 Y-0.0357
N30945 X-0.4176 Y-0.0515
N30950 X-0.416 Y-0.0598
N30955 X-0.4113 Y-0.0796
N30960 X-0.4086 Y-0.089
N30965 X-0.4064 Y-0.0956
N30970 X-0.4037 Y-0.1022
N30975 X-0.4003 Y-0.1098
N30980 X-0.3963 Y-0.1174
N30985 X-0.3912 Y-0.1262
N30990 X-0.3856 Y-0.1349
N30995 X-0.3785 Y-0.1447
N31000 X-0.3706 Y-0.1547
N31005 X-0.3612 Y-0.1654
N31010 X-0.35 Y-0.177
N31015 X-0.3379 Y-0.1883
N31020 X-0.3238 Y-0.2003
N31025 X-0.3075 Y-0.2128
N31030 X-0.2897 Y-0.2252
N31035 X-0.2704 Y-0.2373
N31040 X-0.2486 Y-0.2495
N31045 X-0.2244 Y-0.2614
N31050 X-0.1982 Y-0.2729
N31055 X-0.1702 Y-0.2836
N31060 X-0.1409 Y-0.2931
N31065 X-0.1106 Y-0.3014
N31070 X-0.0786 Y-0.3085
N31075 X-0.0455 Y-0.3141
N31080 X-0.0114 Y-0.3182
N31085 X0.0233 Y-0.3207
N31090 X0.0582 Y-0.3215
N31095 X0.0931 Y-0.3206
N31100 X0.1279 Y-0.318
N31105 X0.1624 Y-0.3138
N31110 X0.1962 Y-0.308
N31115 X0.2291 Y-0.3006
N31120 X0.2607 Y-0.2919
N31125 X0.274 Y-0.2875
N31130 X0.2875 Y-0.2818
N31135 X0.2998 Y-0.2739
N31140 X0.3106 Y-0.2641
N31145 X0.3209 Y-0.2529
N31150 X0.3235 Y-0.2496
N31155 X0.3424 Y-0.2259
N31160 X0.3447 Y-0.2227
N31165 X0.348 Y-0.2179
N31170 X0.3606 Y-0.1991
N31175 X0.3636 Y-0.1942
N31180 X0.3701 Y-0.1827
N31185 G3 X0.3601 Y-0.1508 Z-0.2913 I-0.0209 J0.0109
N31190 G1 X0.3576 Y-0.1497
N31195 X0.355 Y-0.1489
N31200 X0.3522 Y-0.1484
N31205 X-0.3851 Y-0.0516
N31210 X-0.3877 Y-0.0514
N31215 X-0.3903 Y-0.0515
N31220 X-0.3928 Y-0.0519
N31225 G3 X-0.4113 Y-0.0796 Z-0.2992 I0.0046 J-0.0232
N31230 G1 X-0.4105 Y-0.0832
N31235 X-0.4081 Y-0.0919
N31240 X-0.4061 Y-0.0991
N31245 X-0.4037 Y-0.107
N31250 X-0.4002 Y-0.1165
N31255 X-0.3918 Y-0.1387
N31260 X-0.3883 Y-0.1466
N31265 X-0.381 Y-0.1625
N31270 X-0.3771 Y-0.1704
N31275 X-0.3656 Y-0.1906
N31280 X-0.3597 Y-0.1999
N31285 X-0.3545 Y-0.2073
N31290 X-0.3487 Y-0.2148
N31295 X-0.3413 Y-0.2233
N31300 X-0.3332 Y-0.2318
N31305 X-0.3234 Y-0.2412
N31310 X-0.3121 Y-0.251
N31315 X-0.2992 Y-0.261
N31320 X-0.2837 Y-0.2721
N31325 X-0.2673 Y-0.2825
N31330 X-0.2481 Y-0.2935
N31335 X-0.226 Y-0.3046
N31340 X-0.2018 Y-0.3155
N31345 X-0.1766 Y-0.3253
N31350 X-0.1488 Y-0.3347
N31355 X-0.1186 Y-0.3432
N31360 X-0.0865 Y-0.3506
N31365 X-0.0529 Y-0.3566
N31370 X-0.0183 Y-0.3611
N31375 X0.0165 Y-0.3639
N31380 X0.0514 Y-0.3651
N31385 X0.0863 Y-0.3646
N31390 X0.1211 Y-0.3626
N31395 X0.1558 Y-0.3589
N31400 X0.1775 Y-0.3556
N31405 X0.1866 Y-0.3537
N31410 X0.1954 Y-0.3508
N31415 X0.2039 Y-0.347
N31420 X0.2083 Y-0.3447
N31425 X0.21 Y-0.3438
N31430 X0.2344 Y-0.3289
N31435 X0.2417 Y-0.3238
N31440 X0.2575 Y-0.3122
N31445 X0.2655 Y-0.3063
N31450 X0.2813 Y-0.2926
N31455 X0.2892 Y-0.2857
N31460 X0.294 Y-0.2813
N31465 X0.3051 Y-0.2699
N31470 X0.3093 Y-0.2655
N31475 X0.3106 Y-0.2641
N31480 G3 X0.3081 Y-0.2308 Z-0.2913 I-0.0179 J0.0154
N31485 X0.2952 Y-0.2252 I-0.0154 J-0.0179
N31490 G1 X-0.3422 Y-0.1562
N31495 G3 X-0.3556 Y-0.1587 I-0.0025 J-0.0235
N31500 X-0.3656 Y-0.1906 Z-0.2992 I0.0109 J-0.0209
N31505 G1 X-0.3636 Y-0.1942
N31510 X-0.3606 Y-0.1991
N31515 X-0.348 Y-0.2179
N31520 X-0.3447 Y-0.2227
N31525 X-0.3424 Y-0.2259
N31530 X-0.3235 Y-0.2496
N31535 X-0.3209 Y-0.2529
N31540 X-0.3093 Y-0.2655
N31545 X-0.2972 Y-0.2781
N31550 X-0.294 Y-0.2813
N31555 X-0.2892 Y-0.2857
N31560 X-0.2734 Y-0.2995
N31565 X-0.2655 Y-0.3063
N31570 X-0.2564 Y-0.313
N31575 X-0.2417 Y-0.3238
N31580 X-0.2344 Y-0.3289
N31585 X-0.21 Y-0.3438
N31590 X-0.2083 Y-0.3447
N31595 X-0.1862 Y-0.3561
N31600 X-0.1783 Y-0.36
N31605 X-0.1704 Y-0.3637
N31610 X-0.1545 Y-0.37
N31615 X-0.1466 Y-0.3728
N31620 X-0.1308 Y-0.3783
N31625 X-0.1228 Y-0.3809
N31630 X-0.0991 Y-0.3875
N31635 X-0.0911 Y-0.3892
N31640 X-0.0832 Y-0.3909
N31645 X-0.0753 Y-0.3925
N31650 X-0.0674 Y-0.394
N31655 X-0.0436 Y-0.397
N31660 X-0.0357 Y-0.3976
N31665 X-0.0198 Y-0.3986
N31670 X-0.0119 Y-0.3989
N31675 X0.0119
N31680 X0.0198 Y-0.3986
N31685 X0.0357 Y-0.3976
N31690 X0.0436 Y-0.397
N31695 X0.0674 Y-0.394
N31700 X0.0753 Y-0.3925
N31705 X0.0832 Y-0.3909
N31710 X0.0911 Y-0.3892
N31715 X0.0991 Y-0.3875
N31720 X0.1228 Y-0.3809
N31725 X0.1308 Y-0.3783
N31730 X0.1466 Y-0.3728
N31735 X0.1545 Y-0.37
N31740 X0.1704 Y-0.3637
N31745 X0.1783 Y-0.36
N31750 X0.1862 Y-0.3561
N31755 X0.2039 Y-0.347
N31760 G3 X0.2153 Y-0.3206 I-0.0115 J0.0206
N31765 G1 X0.2144 Y-0.3171 Z-0.2989
N31770 X0.2135 Y-0.3136 Z-0.2981
N31775 X0.2127 Y-0.3102 Z-0.2966
N31780 X0.2119 Y-0.3072 Z-0.2947
N31785 X0.2112 Y-0.3044 Z-0.2923
N31790 X0.2106 Y-0.3021 Z-0.2895
N31795 X0.2101 Y-0.3002 Z-0.2863
N31800 X0.2098 Y-0.2988 Z-0.2829
N31805 X0.2096 Y-0.298 Z-0.2793
N31810 X0.2095 Y-0.2977 Z-0.2756
N31815 Z0.1969
N31820 X-1.1839 Y-1.1635
N31825 Z-0.252
N31830 Z-0.2756
N31835 X-1.1841 Y-1.1634 Z-0.2793
N31840 X-1.1849 Y-1.1629 Z-0.2829
N31845 X-1.186 Y-1.162 Z-0.2863
N31850 X-1.1876 Y-1.1609 Z-0.2895
N31855 X-1.1896 Y-1.1596 Z-0.2923
N31860 X-1.1919 Y-1.1579 Z-0.2947
N31865 X-1.1945 Y-1.1561 Z-0.2966
N31870 X-1.1973 Y-1.1542 Z-0.2981
N31875 X-1.2003 Y-1.1521 Z-0.2989
N31880 X-1.2033 Y-1.15 Z-0.2992
N31885 G3 X-1.2322 Y-1.1392 I-0.0357 J-0.0511
N31890 G1 X-1.2481 Y-1.138
N31895 X-1.2639 Y-1.1362
N31900 X-1.2956 Y-1.1327
N31905 X-1.3036 Y-1.1315
N31910 X-1.3194 Y-1.1283
N31915 X-1.3273 Y-1.1262
N31920 X-1.3511 Y-1.118
N31925 X-1.3642 Y-1.1135
N31930 X-1.384 Y-1.1076
N31935 X-1.3998 Y-1.1038
N31940 X-1.4209 Y-1.0998
N31945 X-1.4555 Y-1.0949
N31950 X-1.4901 Y-1.0905
N31955 X-1.523 Y-1.079
N31960 X-1.5527 Y-1.0606
N31965 X-1.5781 Y-1.0367
N31970 X-1.599 Y-1.0088
N31975 X-1.6157 Y-0.9781
N31980 X-1.6285 Y-0.9457
N31985 X-1.6381 Y-0.9122
N31990 X-1.6452 Y-0.878
N31995 X-1.6503 Y-0.8435
N32000 X-1.6539 Y-0.8088
N32005 X-1.6564 Y-0.774
N32010 X-1.6581 Y-0.7392
N32015 X-1.6593 Y-0.7043
N32020 X-1.6602 Y-0.6694
N32025 X-1.6607 Y-0.6345
N32030 X-1.6611 Y-0.5996
N32035 X-1.6613 Y-0.5648
N32040 X-1.6615 Y-0.5299
N32045 X-1.6617 Y-0.4601
N32050 X-1.6618 Y-0.3554
N32055 X-1.6619 Y0.0283
N32060 Y0.6912
N32065 Y0.7958
N32070 X-1.6618 Y0.8307
N32075 X-1.6578 Y0.8654
N32080 X-1.6464 Y0.8984
N32085 X-1.6282 Y0.9281
N32090 X-1.6045 Y0.9537
N32095 X-1.5767 Y0.9749
N32100 X-1.5462 Y0.9918
N32105 X-1.5379 Y0.9959
N32110 X-1.5302 Y1.0011
N32115 X-1.5233 Y1.0073
N32120 X-1.5202 Y1.0105
N32125 X-1.4964 Y1.0342
N32130 X-1.4779 Y1.0509
N32135 X-1.47 Y1.0573
N32140 X-1.469 Y1.058
N32145 X-1.4383 Y1.0774
N32150 X-1.4249 Y1.0857
N32155 X-1.4224 Y1.0873
N32160 X-1.4189 Y1.0893
N32165 X-1.416 Y1.0914
N32170 X-1.4134 Y1.094
N32175 X-1.412 Y1.0965 Z-0.299
N32180 X-1.4105 Y1.099 Z-0.2985
N32185 X-1.4091 Y1.1014 Z-0.2976
N32190 X-1.4086 Y1.1043 Z-0.2962
N32195 X-1.4082 Y1.1069 Z-0.2944
N32200 X-1.4077 Y1.1093 Z-0.2923
N32205 Y1.1094
N32210 X-1.4081 Y1.1117 Z-0.2894
N32215 X-1.4084 Y1.1136 Z-0.2863
N32220 X-1.4086 Y1.115 Z-0.2829
N32225 X-1.4087 Y1.1159 Z-0.2793
N32230 Y1.1161 Z-0.2756
N32235 Z0.1969
N32240 X-1.3239 Y-1.1496
N32245 Z-0.252
N32250 Z-0.2756
N32255 X-1.3241 Y-1.1494 Z-0.2793
N32260 X-1.3246 Y-1.1487 Z-0.2829
N32265 X-1.3255 Y-1.1476 Z-0.2863
N32270 X-1.3268 Y-1.1461 Z-0.2895
N32275 X-1.3283 Y-1.1443 Z-0.2923
N32280 X-1.3301 Y-1.1421 Z-0.2947
N32285 X-1.3322 Y-1.1397 Z-0.2966
N32290 X-1.3344 Y-1.1371 Z-0.2981
N32295 X-1.3367 Y-1.1343 Z-0.2989
N32300 X-1.339 Y-1.1315 Z-0.2992
N32305 G3 X-1.3642 Y-1.1135 I-0.0477 J-0.04
N32310 G1 X-1.3749 Y-1.1097
N32315 X-1.3828 Y-1.1069
N32320 X-1.3986 Y-1.1008
N32325 X-1.4066 Y-1.0963
N32330 X-1.4224 Y-1.0873
N32335 X-1.4312 Y-1.0818
N32340 X-1.462 Y-1.0624
N32345 X-1.469 Y-1.058
N32350 X-1.47 Y-1.0573
N32355 X-1.4779 Y-1.0509
N32360 X-1.4964 Y-1.0342
N32365 X-1.5202 Y-1.0105
N32370 X-1.5254 Y-1.0051
N32375 X-1.5423 Y-0.9867
N32380 X-1.5457 Y-0.9827
N32385 X-1.5485 Y-0.9788
N32390 X-1.5586 Y-0.9629
N32395 X-1.5735 Y-0.9391
N32400 X-1.5784 Y-0.9312
N32405 X-1.5888 Y-0.9132
N32410 X-1.5918 Y-0.9074
N32415 X-1.5968 Y-0.8952
N32420 X-1.5981 Y-0.8916
N32425 X-1.6092 Y-0.8599
N32430 X-1.6174 Y-0.8361
N32435 X-1.6194 Y-0.8282
N32440 X-1.6229 Y-0.8123
N32445 X-1.6285 Y-0.7633
N32450 X-1.6291 Y-0.7568
N32455 X-1.6304 Y-0.741
N32460 X-1.6309 Y-0.7331
N32465 Y0.7331
N32470 X-1.6304 Y0.741
N32475 X-1.6291 Y0.7568
N32480 X-1.6283 Y0.7648
N32485 X-1.6229 Y0.8123
N32490 X-1.6194 Y0.8282
N32495 X-1.6174 Y0.8361
N32500 X-1.6092 Y0.8599
N32505 X-1.5981 Y0.8916
N32510 X-1.5968 Y0.8952
N32515 X-1.5918 Y0.9074
N32520 X-1.5888 Y0.9132
N32525 X-1.5784 Y0.9312
N32530 X-1.573 Y0.94
N32535 X-1.5586 Y0.9629
N32540 X-1.5485 Y0.9788
N32545 X-1.5457 Y0.9827
N32550 X-1.5423 Y0.9867
N32555 X-1.5254 Y1.0051
N32560 X-1.5233 Y1.0073
N32565 G3 X-1.521 Y1.0359 I-0.0175 J0.0159
N32570 G1 X-1.523 Y1.0391 Z-0.2989
N32575 X-1.5249 Y1.0421 Z-0.2981
N32580 X-1.5268 Y1.045 Z-0.2966
N32585 X-1.5285 Y1.0476 Z-0.2947
N32590 X-1.53 Y1.05 Z-0.2923
N32595 X-1.5313 Y1.052 Z-0.2895
N32600 X-1.5324 Y1.0536 Z-0.2863
N32605 X-1.5332 Y1.0548 Z-0.2829
N32610 X-1.5336 Y1.0555 Z-0.2793
N32615 X-1.5338 Y1.0558 Z-0.2756
N32620 Z0.1969
N32625 X1.1839 Y1.1635
N32630 Z-0.252
N32635 Z-0.2756
N32640 X1.1841 Y1.1634 Z-0.2793
N32645 X1.1849 Y1.1629 Z-0.2829
N32650 X1.186 Y1.162 Z-0.2863
N32655 X1.1876 Y1.1609 Z-0.2895
N32660 X1.1896 Y1.1596 Z-0.2923
N32665 X1.1919 Y1.1579 Z-0.2947
N32670 X1.1945 Y1.1561 Z-0.2966
N32675 X1.1973 Y1.1542 Z-0.2981
N32680 X1.2003 Y1.1521 Z-0.2989
N32685 X1.2033 Y1.15 Z-0.2992
N32690 G3 X1.2322 Y1.1392 I0.0357 J0.0511
N32695 G1 X1.2481 Y1.138
N32700 X1.2639 Y1.1362
N32705 X1.2956 Y1.1327
N32710 X1.3036 Y1.1315
N32715 X1.3194 Y1.1283
N32720 X1.3273 Y1.1262
N32725 X1.3511 Y1.118
N32730 X1.3642 Y1.1135
N32735 X1.384 Y1.1076
N32740 X1.3998 Y1.1038
N32745 X1.4209 Y1.0998
N32750 X1.4508 Y1.0955
N32755 X1.4856 Y1.0923
N32760 X1.5204 Y1.0904
N32765 X1.555 Y1.0856
N32770 X1.5872 Y1.0724
N32775 X1.6155 Y1.052
N32780 X1.6391 Y1.0263
N32785 X1.658 Y0.9969
N32790 X1.6725 Y0.9652
N32795 X1.6834 Y0.932
N32800 X1.6913 Y0.898
N32805 X1.6969 Y0.8636
N32810 X1.7008 Y0.829
N32815 X1.7036 Y0.7942
N32820 X1.7054 Y0.7593
N32825 X1.7066 Y0.7245
N32830 X1.7075 Y0.6896
N32835 X1.708 Y0.6547
N32840 X1.7084 Y0.6198
N32845 X1.7086 Y0.5849
N32850 X1.7088 Y0.5501
N32855 X1.709 Y0.4803
N32860 X1.7091 Y0.3756
N32865 Y-0.1128
N32870 Y-0.6361
N32875 Y-0.8803
N32880 X1.7086 Y-0.9152
N32885 X1.6997 Y-0.9489
N32890 X1.6828 Y-0.9794
N32895 X1.6596 Y-1.0055
N32900 X1.632 Y-1.0268
N32905 X1.6013 Y-1.0435
N32910 X1.5688 Y-1.0562
N32915 X1.5352 Y-1.0655
N32920 X1.501 Y-1.0722
N32925 X1.4664 Y-1.077
N32930 X1.4539 Y-1.0781
N32935 X1.4419 Y-1.0801
N32940 X1.4302 Y-1.0838
N32945 X1.4192 Y-1.0891
N32950 X1.4043 Y-1.0976
N32955 X1.3986 Y-1.1008
N32960 X1.3828 Y-1.1069
N32965 X1.3749 Y-1.1097
N32970 X1.3511 Y-1.118
N32975 X1.3273 Y-1.1262
N32980 X1.3194 Y-1.1283
N32985 X1.3036 Y-1.1315
N32990 X1.2956 Y-1.1327
N32995 X1.2793 Y-1.1345
N33000 G3 X1.2593 Y-1.1552 I0.0035 J-0.0234
N33005 G1 X1.2588 Y-1.1589 Z-0.2989
N33010 X1.2584 Y-1.1624 Z-0.2981
N33015 X1.258 Y-1.1658 Z-0.2966
N33020 X1.2577 Y-1.169 Z-0.2947
N33025 X1.2573 Y-1.1718 Z-0.2923
N33030 X1.2571 Y-1.1742 Z-0.2895
N33035 X1.2568 Y-1.1761 Z-0.2863
N33040 X1.2567 Y-1.1775 Z-0.2829
N33045 X1.2566 Y-1.1784 Z-0.2793
N33050 X1.2565 Y-1.1786 Z-0.2756
N33055 Z0.1969
N33060 X1.3239 Y1.1496
N33065 Z-0.252
N33070 Z-0.2756
N33075 X1.3241 Y1.1494 Z-0.2793
N33080 X1.3246 Y1.1487 Z-0.2829
N33085 X1.3255 Y1.1476 Z-0.2863
N33090 X1.3268 Y1.1461 Z-0.2895
N33095 X1.3283 Y1.1443 Z-0.2923
N33100 X1.3301 Y1.1421 Z-0.2947
N33105 X1.3322 Y1.1397 Z-0.2966
N33110 X1.3344 Y1.1371 Z-0.2981
N33115 X1.3367 Y1.1343 Z-0.2989
N33120 X1.339 Y1.1315 Z-0.2992
N33125 G3 X1.3642 Y1.1135 I0.0477 J0.04
N33130 G1 X1.3749 Y1.1097
N33135 X1.3828 Y1.1069
N33140 X1.3986 Y1.1008
N33145 X1.4066 Y1.0963
N33150 X1.4224 Y1.0873
N33155 X1.4303 Y1.0823
N33160 X1.4355 Y1.0794
N33165 X1.4423 Y1.0761
N33170 X1.452 Y1.0718
N33175 X1.4846 Y1.0594
N33180 X1.5165 Y1.0454
N33185 X1.5457 Y1.0263
N33190 X1.5712 Y1.0024
N33195 X1.5926 Y0.9749
N33200 X1.61 Y0.9446
N33205 X1.6236 Y0.9126
N33210 X1.6342 Y0.8793
N33215 X1.642 Y0.8453
N33220 X1.6479 Y0.8109
N33225 X1.6521 Y0.7763
N33230 X1.655 Y0.7415
N33235 X1.6572 Y0.7067
N33240 X1.6586 Y0.6718
N33245 X1.6597 Y0.637
N33250 X1.6604 Y0.6021
N33255 X1.6608 Y0.5672
N33260 X1.6612 Y0.5323
N33265 X1.6614 Y0.4974
N33270 X1.6615 Y0.4625
N33275 X1.6617 Y0.3928
N33280 X1.6618 Y0.2881
N33285 X1.6619 Y-0.1305
N33290 Y-0.7934
N33295 X1.6618 Y-0.8283
N33300 X1.6583 Y-0.863
N33305 X1.6474 Y-0.8961
N33310 X1.6297 Y-0.9261
N33315 X1.6063 Y-0.9521
N33320 X1.5788 Y-0.9735
N33325 X1.5484 Y-0.9907
N33330 X1.5387 Y-0.9955
N33335 X1.5298 Y-1.0017
N33340 X1.5217 Y-1.0089
N33345 X1.5202 Y-1.0105
N33350 X1.4964 Y-1.0342
N33355 X1.4779 Y-1.0509
N33360 X1.47 Y-1.0573
N33365 X1.469 Y-1.058
N33370 X1.4383 Y-1.0774
N33375 X1.4249 Y-1.0857
N33380 X1.4224 Y-1.0873
N33385 X1.4192 Y-1.0891
N33390 X1.4162 Y-1.0913
N33395 X1.4137 Y-1.0938
N33400 X1.4122 Y-1.0964 Z-0.299
N33405 X1.4108 Y-1.0988 Z-0.2985
N33410 X1.4094 Y-1.1012 Z-0.2976
N33415 X1.4089 Y-1.1041 Z-0.2962
N33420 X1.4084 Y-1.1068 Z-0.2944
N33425 X1.408 Y-1.1092 Z-0.2923
N33430 X1.4083 Y-1.1116 Z-0.2894
N33435 X1.4086 Y-1.1135 Z-0.2863
N33440 X1.4088 Y-1.1149 Z-0.2829
N33445 X1.4089 Y-1.1157 Z-0.2793
N33450 X1.409 Y-1.116 Z-0.2756
N33455 Z0.1969
N33460 X1.3991 Y1.1265
N33465 Z-0.252
N33470 Z-0.2756
N33475 X1.3992 Y1.1263 Z-0.2793
N33480 X1.3996 Y1.1255 Z-0.2829
N33485 X1.4003 Y1.1242 Z-0.2863
N33490 X1.4011 Y1.1225 Z-0.2895
N33495 X1.4022 Y1.1204 Z-0.2923
N33500 X1.4035 Y1.1179 Z-0.2947
N33505 X1.405 Y1.1151 Z-0.2966
N33510 X1.4065 Y1.112 Z-0.2981
N33515 X1.4082 Y1.1088 Z-0.2989
N33520 X1.4099 Y1.1055 Z-0.2992
N33525 G3 X1.4303 Y1.0823 I0.0555 J0.0284
N33530 G1 X1.462 Y1.0624
N33535 X1.469 Y1.058
N33540 X1.47 Y1.0573
N33545 X1.4779 Y1.0509
N33550 X1.4964 Y1.0342
N33555 X1.5202 Y1.0105
N33560 X1.5254 Y1.0051
N33565 X1.5423 Y0.9867
N33570 X1.5457 Y0.9827
N33575 X1.5485 Y0.9788
N33580 X1.5586 Y0.9629
N33585 X1.5735 Y0.9391
N33590 X1.5784 Y0.9312
N33595 X1.5888 Y0.9132
N33600 X1.5918 Y0.9074
N33605 X1.5968 Y0.8952
N33610 X1.5981 Y0.8916
N33615 X1.6092 Y0.8599
N33620 X1.6174 Y0.8361
N33625 X1.6194 Y0.8282
N33630 X1.6229 Y0.8123
N33635 X1.6285 Y0.7633
N33640 X1.6291 Y0.7568
N33645 X1.6304 Y0.741
N33650 X1.6309 Y0.7331
N33655 Y-0.7331
N33660 X1.6304 Y-0.741
N33665 X1.6291 Y-0.7568
N33670 X1.6283 Y-0.7648
N33675 X1.6229 Y-0.8123
N33680 X1.6194 Y-0.8282
N33685 X1.6174 Y-0.8361
N33690 X1.6092 Y-0.8599
N33695 X1.5981 Y-0.8916
N33700 X1.5968 Y-0.8952
N33705 X1.5918 Y-0.9074
N33710 X1.5888 Y-0.9132
N33715 X1.5784 Y-0.9312
N33720 X1.573 Y-0.94
N33725 X1.5586 Y-0.9629
N33730 X1.5485 Y-0.9788
N33735 X1.5457 Y-0.9827
N33740 X1.5423 Y-0.9867
N33745 X1.5254 Y-1.0051
N33750 X1.5217 Y-1.0089
N33755 X1.5195 Y-1.0118
N33760 X1.5177 Y-1.015
N33765 X1.517 Y-1.0178 Z-0.299
N33770 X1.5163 Y-1.0206 Z-0.2985
N33775 X1.5157 Y-1.0233 Z-0.2976
N33780 X1.5156 Y-1.0248 Z-0.297
N33785 X1.5162 Y-1.0279 Z-0.2951
N33790 X1.5167 Y-1.0307 Z-0.2928
N33795 X1.5172 Y-1.0332 Z-0.2901
N33800 X1.5179 Y-1.0347 Z-0.2875
N33805 X1.5186 Y-1.0359 Z-0.2847
N33810 X1.519 Y-1.0368 Z-0.2818
N33815 X1.5193 Y-1.0374 Z-0.2787
N33820 X1.5194 Y-1.0376 Z-0.2756
N33825 Z0.1969
N33830 X0.1992 Y0.583
N33835 Z-0.2362
N33840 Z-0.2598
N33845 X0.1993 Y0.5833 Z-0.2635
N33850 X0.1995 Y0.5842 Z-0.2671
N33855 X0.1999 Y0.5855 Z-0.2706
N33860 X0.2004 Y0.5874 Z-0.2737
N33865 X0.201 Y0.5897 Z-0.2765
N33870 X0.2017 Y0.5925 Z-0.279
N33875 X0.2025 Y0.5955 Z-0.2809
N33880 X0.2034 Y0.5988 Z-0.2823
N33885 X0.2043 Y0.6023 Z-0.2832
N33890 X0.2052 Y0.6059 Z-0.2835
N33895 G3 X0.2244 Y0.7344 I-0.5834 J0.1529
N33900 G1 X0.2246 Y0.7568
N33905 X0.2251 Y0.7648
N33910 X0.2272 Y0.7806
N33915 X0.2283 Y0.7885
N33920 X0.2308 Y0.8044
N33925 X0.2321 Y0.8123
N33930 X0.2338 Y0.8203
N33935 X0.236 Y0.8282
N33940 X0.2387 Y0.8361
N33945 X0.2417 Y0.8429
N33950 X0.2539 Y0.8756
N33955 X0.2658 Y0.9084
N33960 X0.2794 Y0.9405
N33965 X0.2964 Y0.971
N33970 X0.3174 Y0.9989
N33975 X0.342 Y1.0236
N33980 X0.3706 Y1.0436
N33985 X0.4019 Y1.059
N33990 X0.435 Y1.07
N33995 X0.469 Y1.0777
N34000 X0.5035 Y1.0829
N34005 X0.5383 Y1.0863
N34010 X0.5731 Y1.0885
N34015 X0.6079 Y1.09
N34020 X0.6428 Y1.0909
N34025 X0.6777 Y1.0915
N34030 X0.7126 Y1.0919
N34035 X0.7475 Y1.0921
N34040 X0.7823 Y1.0923
N34045 X0.8521 Y1.0924
N34050 X0.9917 Y1.0925
N34055 X1.1312
N34060 X1.1661 Y1.0924
N34065 X1.201 Y1.0911
N34070 X1.2358 Y1.0886
N34075 X1.2702 Y1.0834
N34080 X1.3043 Y1.0759
N34085 X1.3375 Y1.0651
N34090 X1.3697 Y1.0517
N34095 X1.4004 Y1.0352
N34100 X1.4294 Y1.0158
N34105 X1.4565 Y0.9938
N34110 X1.4811 Y0.9691
N34115 X1.5035 Y0.9423
N34120 X1.5227 Y0.9132
N34125 X1.5394 Y0.8825
N34130 X1.5524 Y0.8502
N34135 X1.5625 Y0.8168
N34140 X1.5698 Y0.7827
N34145 X1.5746 Y0.7481
N34150 X1.5779 Y0.7134
N34155 X1.58 Y0.6785
N34160 X1.5813 Y0.6437
N34165 X1.5822 Y0.6088
N34170 X1.5827 Y0.5739
N34175 X1.5831 Y0.539
N34180 X1.5833 Y0.5042
N34185 X1.5834 Y0.4693
N34190 X1.5836 Y0.3995
N34195 Y0.26
N34200 X1.5837 Y-0.6471
N34205 X1.5833 Y-0.682
N34210 X1.5818 Y-0.7168
N34215 X1.5789 Y-0.7516
N34220 X1.5731 Y-0.786
N34225 X1.5651 Y-0.82
N34230 X1.5537 Y-0.8529
N34235 X1.5398 Y-0.8849
N34240 X1.5226 Y-0.9153
N34245 X1.5027 Y-0.944
N34250 X1.4801 Y-0.9705
N34255 X1.455 Y-0.9947
N34260 X1.4276 Y-1.0164
N34265 X1.3982 Y-1.0351
N34270 X1.3672 Y-1.0511
N34275 X1.3346 Y-1.0635
N34280 X1.301 Y-1.0731
N34285 X1.2668 Y-1.0798
N34290 X1.2322 Y-1.0843
N34295 X1.1974 Y-1.0872
N34300 X1.1626 Y-1.0891
N34305 X1.1277 Y-1.0904
N34310 X1.0929 Y-1.0912
N34315 X1.058 Y-1.0917
N34320 X1.0231 Y-1.092
N34325 X0.9882 Y-1.0922
N34330 X0.9533 Y-1.0923
N34335 X0.9184 Y-1.0924
N34340 X0.8138 Y-1.0925
N34345 X0.3254
N34350 X-1.0701
N34355 X-1.1399
N34360 X-1.1748 Y-1.0921
N34365 X-1.2096 Y-1.0906
N34370 X-1.2444 Y-1.0875
N34375 X-1.2788 Y-1.0817
N34380 X-1.3127 Y-1.0734
N34385 X-1.3456 Y-1.0619
N34390 X-1.3775 Y-1.0478
N34395 X-1.4078 Y-1.0305
N34400 X-1.4364 Y-1.0105
N34405 X-1.4628 Y-0.9877
N34410 X-1.487 Y-0.9626
N34415 X-1.5085 Y-0.9351
N34420 X-1.5271 Y-0.9056
N34425 X-1.5429 Y-0.8745
N34430 X-1.5552 Y-0.8418
N34435 X-1.5647 Y-0.8083
N34440 X-1.5712 Y-0.774
N34445 X-1.5756 Y-0.7394
N34450 X-1.5785 Y-0.7046
N34455 X-1.5804 Y-0.6698
N34460 X-1.5816 Y-0.6349
N34465 X-1.5823 Y-0.6
N34470 X-1.5828 Y-0.5652
N34475 X-1.5831 Y-0.5303
N34480 X-1.5833 Y-0.4954
N34485 X-1.5834 Y-0.4605
N34490 X-1.5836 Y-0.3907
N34495 Y-0.2512
N34500 X-1.5837 Y0.5512
N34505 Y0.6559
N34510 X-1.5831 Y0.6908
N34515 X-1.5813 Y0.7256
N34520 X-1.5776 Y0.7603
N34525 X-1.5713 Y0.7946
N34530 X-1.5624 Y0.8283
N34535 X-1.5504 Y0.8611
N34540 X-1.5356 Y0.8927
N34545 X-1.5177 Y0.9226
N34550 X-1.4972 Y0.9509
N34555 X-1.4739 Y0.9768
N34560 X-1.4483 Y1.0005
N34565 X-1.4203 Y1.0214
N34570 X-1.3905 Y1.0395
N34575 X-1.359 Y1.0545
N34580 X-1.3261 Y1.0662
N34585 X-1.2924 Y1.075
N34590 X-1.258 Y1.0811
N34595 X-1.2234 Y1.0851
N34600 X-1.1886 Y1.0878
N34605 X-1.1538 Y1.0895
N34610 X-1.1189 Y1.0906
N34615 X-1.084 Y1.0913
N34620 X-1.0491 Y1.0918
N34625 X-1.0142 Y1.092
N34630 X-0.9793 Y1.0922
N34635 X-0.9445 Y1.0923
N34640 X-0.8747 Y1.0924
N34645 X-0.7003 Y1.0925
N34650 X-0.5607
N34655 X-0.5258 Y1.0922
N34660 X-0.491 Y1.0901
N34665 X-0.4566 Y1.0841
N34670 X-0.4233 Y1.0738
N34675 X-0.3918 Y1.0588
N34680 X-0.3634 Y1.0385
N34685 X-0.3388 Y1.0138
N34690 X-0.319 Y0.9851
N34695 X-0.304 Y0.9535
N34700 X-0.3009 Y0.9438
N34705 X-0.2961 Y0.9319
N34710 X-0.2896 Y0.9209
N34715 X-0.2816 Y0.911
N34720 X-0.2782 Y0.9074
N34725 X-0.2734 Y0.9017
N34730 X-0.2717 Y0.8995
N34735 X-0.2667 Y0.8916
N34740 X-0.2619 Y0.8836
N34745 X-0.2575 Y0.8753
N34750 X-0.2456 Y0.8519
N34755 X-0.2417 Y0.8429
N34760 X-0.2387 Y0.8361
N34765 X-0.236 Y0.8282
N34770 X-0.2338 Y0.8202
N34775 X-0.2321 Y0.8123
N34780 X-0.2308 Y0.8044
N34785 X-0.2283 Y0.7885
N34790 X-0.2272 Y0.7806
N34795 X-0.2252 Y0.7648
N34800 X-0.2246 Y0.7568
N34805 X-0.2245 Y0.741
N34810 G3 X-0.1999 Y0.7184 Z-0.2756 I0.0236 J0.001
N34815 G1 X-0.1973 Y0.7187
N34820 X-0.1948 Y0.7192
N34825 X0.2104 Y0.826
N34830 X0.217 Y0.8277 Z-0.277
N34835 X0.2264 Y0.8302 Z-0.2791
N34840 G3 X0.2417 Y0.8429 Z-0.2835 I-0.006 J0.0228
N34845 G1 X0.2456 Y0.8519
N34850 X0.2578 Y0.8757
N34855 X0.2619 Y0.8836
N34860 X0.2667 Y0.8916
N34865 X0.2717 Y0.8995
N34870 X0.2734 Y0.9017
N34875 X0.2782 Y0.9074
N34880 X0.2931 Y0.9233
N34885 X0.2972 Y0.9274
N34890 X0.3011 Y0.9312
N34895 X0.3174 Y0.947
N34900 X0.3209 Y0.9501
N34905 X0.3276 Y0.955
N34910 X0.3399 Y0.9629
N34915 X0.3413 Y0.9637
N34920 X0.3711 Y0.9819
N34925 X0.4023 Y0.9975
N34930 X0.4349 Y1.01
N34935 X0.4684 Y1.0197
N34940 X0.5025 Y1.0271
N34945 X0.5369 Y1.0325
N34950 X0.5716 Y1.0364
N34955 X0.6064 Y1.0392
N34960 X0.6412 Y1.0411
N34965 X0.6761 Y1.0425
N34970 X0.711 Y1.0434
N34975 X0.7458 Y1.044
N34980 X0.7807 Y1.0444
N34985 X0.8156 Y1.0447
N34990 X0.8505 Y1.0449
N34995 X0.8854 Y1.045
N35000 X0.9552 Y1.0452
N35005 X1.0598
N35010 X1.0947
N35015 X1.1296 Y1.0448
N35020 X1.1645 Y1.0438
N35025 X1.1992 Y1.0412
N35030 X1.2338 Y1.0366
N35035 X1.268 Y1.0295
N35040 X1.3014 Y1.0195
N35045 X1.3337 Y1.0063
N35050 X1.3645 Y0.9899
N35055 X1.3934 Y0.9704
N35060 X1.42 Y0.9478
N35065 X1.4439 Y0.9224
N35070 X1.4646 Y0.8943
N35075 X1.482 Y0.864
N35080 X1.496 Y0.8321
N35085 X1.5071 Y0.799
N35090 X1.5154 Y0.7651
N35095 X1.5216 Y0.7308
N35100 X1.5261 Y0.6962
N35105 X1.5293 Y0.6615
N35110 X1.5316 Y0.6267
N35115 X1.5331 Y0.5918
N35120 X1.5342 Y0.5569
N35125 X1.5349 Y0.5221
N35130 X1.5354 Y0.4872
N35135 X1.5358 Y0.4523
N35140 X1.536 Y0.4174
N35145 X1.5361 Y0.3825
N35150 X1.5363 Y0.3127
N35155 X1.5364 Y0.2081
N35160 Y0.1034
N35165 Y-0.5594
N35170 Y-0.5943
N35175 X1.5361 Y-0.6292
N35180 X1.5352 Y-0.6641
N35185 X1.5331 Y-0.6989
N35190 X1.5292 Y-0.7336
N35195 X1.5227 Y-0.7678
N35200 X1.5135 Y-0.8015
N35205 X1.5012 Y-0.8341
N35210 X1.4857 Y-0.8654
N35215 X1.467 Y-0.8948
N35220 X1.4452 Y-0.9221
N35225 X1.4204 Y-0.9466
N35230 X1.393 Y-0.9682
N35235 X1.3633 Y-0.9865
N35240 X1.3318 Y-1.0015
N35245 X1.299 Y-1.0134
N35250 X1.2653 Y-1.0224
N35255 X1.2311 Y-1.0291
N35260 X1.1965 Y-1.034
N35265 X1.1618 Y-1.0375
N35270 X1.127 Y-1.04
N35275 X1.0922 Y-1.0417
N35280 X1.0573 Y-1.0428
N35285 X1.0224 Y-1.0436
N35290 X0.9875 Y-1.0442
N35295 X0.9527 Y-1.0445
N35300 X0.9178 Y-1.0448
N35305 X0.8829 Y-1.045
N35310 X0.8131 Y-1.0451
N35315 X0.7085 Y-1.0452
N35320 X0.534 Y-1.0453
N35325 X-1.0708
N35330 X-1.1057 Y-1.0452
N35335 X-1.1405 Y-1.0446
N35340 X-1.1754 Y-1.0431
N35345 X-1.2101 Y-1.0399
N35350 X-1.2446 Y-1.0346
N35355 X-1.2786 Y-1.0266
N35360 X-1.3117 Y-1.0156
N35365 X-1.3436 Y-1.0014
N35370 X-1.3738 Y-0.9841
N35375 X-1.402 Y-0.9635
N35380 X-1.4278 Y-0.94
N35385 X-1.4507 Y-0.9137
N35390 X-1.4704 Y-0.8849
N35395 X-1.4867 Y-0.8541
N35400 X-1.4998 Y-0.8217
N35405 X-1.5099 Y-0.7884
N35410 X-1.5176 Y-0.7543
N35415 X-1.5232 Y-0.7199
N35420 X-1.5273 Y-0.6852
N35425 X-1.5301 Y-0.6505
N35430 X-1.5321 Y-0.6156
N35435 X-1.5335 Y-0.5808
N35440 X-1.5345 Y-0.5459
N35445 X-1.5351 Y-0.511
N35450 X-1.5356 Y-0.4761
N35455 X-1.5358 Y-0.4413
N35460 X-1.536 Y-0.4064
N35465 X-1.5362 Y-0.3715
N35470 X-1.5363 Y-0.3017
N35475 X-1.5364 Y-0.1622
N35480 Y0.5705
N35485 Y0.6053
N35490 X-1.5359 Y0.6402
N35495 X-1.5347 Y0.6751
N35500 X-1.5321 Y0.7099
N35505 X-1.5274 Y0.7444
N35510 X-1.5201 Y0.7786
N35515 X-1.5098 Y0.8119
N35520 X-1.4966 Y0.8442
N35525 X-1.4801 Y0.8749
N35530 X-1.4604 Y0.9037
N35535 X-1.4376 Y0.9301
N35540 X-1.412 Y0.9538
N35545 X-1.3838 Y0.9744
N35550 X-1.3535 Y0.9917
N35555 X-1.3215 Y1.0056
N35560 X-1.2884 Y1.0165
N35565 X-1.2545 Y1.0247
N35570 X-1.2201 Y1.0308
N35575 X-1.1855 Y1.0352
N35580 X-1.1508 Y1.0384
N35585 X-1.1159 Y1.0406
N35590 X-1.0811 Y1.0421
N35595 X-1.0462 Y1.0431
N35600 X-1.0113 Y1.0438
N35605 X-0.9765 Y1.0443
N35610 X-0.9416 Y1.0446
N35615 X-0.9067 Y1.0449
N35620 X-0.8718 Y1.045
N35625 X-0.802 Y1.0452
N35630 X-0.6625 Y1.0453
N35635 X-0.6276
N35640 X-0.5927 Y1.0452
N35645 X-0.5578 Y1.0442
N35650 X-0.5231 Y1.0409
N35655 X-0.489 Y1.0337
N35660 X-0.4565 Y1.021
N35665 X-0.427 Y1.0023
N35670 X-0.4187 Y0.9977
N35675 X-0.4099 Y0.994
N35680 X-0.4008 Y0.9912
N35685 X-0.4002 Y0.9911
N35690 X-0.3923 Y0.9885
N35695 X-0.3878 Y0.9867
N35700 X-0.3685 Y0.9777
N35705 X-0.3447 Y0.9655
N35710 X-0.3399 Y0.9629
N35715 X-0.3276 Y0.955
N35720 X-0.3209 Y0.9501
N35725 X-0.3174 Y0.947
N35730 X-0.3011 Y0.9312
N35735 X-0.2972 Y0.9274
N35740 X-0.2931 Y0.9233
N35745 X-0.2816 Y0.911
N35750 G3 X-0.2627 Y0.9043 Z-0.2791 I0.0166 J0.0168
N35755 G1 X-0.2532 Y0.9052 Z-0.277
N35760 X-0.2464 Y0.9058 Z-0.2756
N35765 X0.3048 Y0.9586
N35770 X0.3116 Y0.9593 Z-0.277
N35775 X0.333 Y0.9613 Z-0.2816
N35780 X0.3359 Y0.9618 Z-0.2822
N35785 X0.3387 Y0.9626 Z-0.2828
N35790 X0.3413 Y0.9637 Z-0.2835
N35795 X0.3447 Y0.9655
N35800 X0.3685 Y0.9777
N35805 X0.3878 Y0.9867
N35810 X0.3923 Y0.9885
N35815 X0.4002 Y0.9911
N35820 X0.4081 Y0.993
N35825 X0.416 Y0.9946
N35830 X0.4398 Y0.9984
N35835 X0.4557 Y1.0007
N35840 X0.4636 Y1.0016
N35845 X0.4873 Y1.002
N35850 X1.0658
N35855 X1.0896 Y1.0019
N35860 X1.0975 Y1.0015
N35865 X1.1054 Y1.0008
N35870 X1.1451 Y0.9963
N35875 X1.1609 Y0.9944
N35880 X1.1688 Y0.9935
N35885 X1.1702 Y0.9932
N35890 X1.2047 Y0.9882
N35895 X1.2388 Y0.9811
N35900 X1.2722 Y0.9708
N35905 X1.3042 Y0.957
N35910 X1.3345 Y0.9397
N35915 X1.3624 Y0.9187
N35920 X1.3873 Y0.8943
N35925 X1.4089 Y0.8669
N35930 X1.4271 Y0.8371
N35935 X1.442 Y0.8056
N35940 X1.4538 Y0.7728
N35945 X1.4552 Y0.7677
N35950 X1.4563 Y0.7641
N35955 X1.4576 Y0.7605
N35960 X1.459 Y0.757
N35965 X1.462 Y0.7489
N35970 X1.4779 Y0.7036
N35975 X1.4786 Y0.7014
N35980 X1.4827 Y0.6855
N35985 X1.4846 Y0.6776
N35990 X1.4875 Y0.6538
N35995 X1.491 Y0.6221
N36000 X1.4926 Y0.6063
N36005 X1.4929 Y0.5983
N36010 X1.4931 Y0.5746
N36015 Y-0.5746
N36020 X1.4929 Y-0.5983
N36025 X1.4926 Y-0.6063
N36030 X1.491 Y-0.6221
N36035 X1.4875 Y-0.6538
N36040 X1.4846 Y-0.6776
N36045 X1.4843 Y-0.6789
N36050 X1.4832 Y-0.6847
N36055 X1.4783 Y-0.7193
N36060 X1.4706 Y-0.7533
N36065 X1.4598 Y-0.7865
N36070 X1.4455 Y-0.8183
N36075 X1.4275 Y-0.8482
N36080 X1.4059 Y-0.8756
N36085 X1.381 Y-0.9
N36090 X1.3533 Y-0.9211
N36095 X1.3232 Y-0.9388
N36100 X1.2914 Y-0.9531
N36105 X1.2584 Y-0.9645
N36110 X1.2569 Y-0.9649
N36115 X1.2537 Y-0.9658
N36120 X1.2505 Y-0.9669
N36125 X1.2474 Y-0.968
N36130 X1.2402 Y-0.9709
N36135 X1.1926 Y-0.9875
N36140 X1.1847 Y-0.9899
N36145 X1.1768 Y-0.9919
N36150 X1.1688 Y-0.9935
N36155 X1.153 Y-0.9954
N36160 X1.1371 Y-0.9972
N36165 X1.1054 Y-1.0008
N36170 X1.0975 Y-1.0015
N36175 X1.0896 Y-1.0019
N36180 X1.0658 Y-1.002
N36185 X-1.0658
N36190 X-1.0896 Y-1.0019
N36195 X-1.0975 Y-1.0015
N36200 X-1.1054 Y-1.0008
N36205 X-1.1451 Y-0.9963
N36210 X-1.1609 Y-0.9944
N36215 X-1.1688 Y-0.9935
N36220 X-1.1702 Y-0.9932
N36225 X-1.2047 Y-0.9882
N36230 X-1.2388 Y-0.981
N36235 X-1.2722 Y-0.9707
N36240 X-1.3042 Y-0.957
N36245 X-1.3345 Y-0.9396
N36250 X-1.3624 Y-0.9187
N36255 X-1.3873 Y-0.8943
N36260 X-1.4089 Y-0.8669
N36265 X-1.4271 Y-0.8371
N36270 X-1.442 Y-0.8055
N36275 X-1.4538 Y-0.7727
N36280 X-1.4552 Y-0.7678
N36285 X-1.4563 Y-0.7641
N36290 X-1.4576 Y-0.7605
N36295 X-1.459 Y-0.757
N36300 X-1.462 Y-0.7489
N36305 X-1.4779 Y-0.7036
N36310 X-1.4786 Y-0.7014
N36315 X-1.4827 Y-0.6855
N36320 X-1.4846 Y-0.6776
N36325 X-1.4875 Y-0.6538
N36330 X-1.491 Y-0.6221
N36335 X-1.4926 Y-0.6063
N36340 X-1.4929 Y-0.5983
N36345 X-1.4931 Y-0.5746
N36350 Y0.5746
N36355 X-1.4929 Y0.5983
N36360 X-1.4926 Y0.6063
N36365 X-1.491 Y0.6221
N36370 X-1.4875 Y0.6538
N36375 X-1.4846 Y0.6776
N36380 X-1.4843 Y0.6789
N36385 X-1.4832 Y0.6847
N36390 X-1.4783 Y0.7193
N36395 X-1.4706 Y0.7533
N36400 X-1.4598 Y0.7864
N36405 X-1.4454 Y0.8183
N36410 X-1.4275 Y0.8482
N36415 X-1.4059 Y0.8756
N36420 X-1.381 Y0.9
N36425 X-1.3532 Y0.9211
N36430 X-1.3231 Y0.9387
N36435 X-1.2913 Y0.9531
N36440 X-1.2583 Y0.9645
N36445 X-1.2543 Y0.9656
N36450 X-1.2511 Y0.9666
N36455 X-1.248 Y0.9678
N36460 X-1.2402 Y0.9709
N36465 X-1.1926 Y0.9875
N36470 X-1.1847 Y0.9899
N36475 X-1.1768 Y0.9919
N36480 X-1.1688 Y0.9935
N36485 X-1.153 Y0.9954
N36490 X-1.1371 Y0.9972
N36495 X-1.1054 Y1.0008
N36500 X-1.0975 Y1.0015
N36505 X-1.0896 Y1.0019
N36510 X-1.0658 Y1.002
N36515 X-0.4873
N36520 X-0.4636 Y1.0016
N36525 X-0.4557 Y1.0007
N36530 X-0.4398 Y0.9984
N36535 X-0.4159 Y0.9946
N36540 X-0.4081 Y0.993
N36545 X-0.4008 Y0.9912
N36550 G3 X-0.3749 Y1.0038 I0.0048 J0.0231
N36555 G1 X-0.3732 Y1.0071 Z-0.2832
N36560 X-0.3716 Y1.0103 Z-0.2823
N36565 X-0.3701 Y1.0133 Z-0.2809
N36570 X-0.3687 Y1.0162 Z-0.279
N36575 X-0.3674 Y1.0187 Z-0.2765
N36580 X-0.3663 Y1.0208 Z-0.2737
N36585 X-0.3654 Y1.0226 Z-0.2706
N36590 X-0.3648 Y1.0238 Z-0.2671
N36595 X-0.3644 Y1.0246 Z-0.2635
N36600 X-0.3643 Y1.0249 Z-0.2598
N36605 Z0.1969
N36610 X-1.5161 Y0.6351
N36615 Z-0.2362
N36620 Z-0.2598
N36625 X-1.5159 Y0.6353 Z-0.2635
N36630 X-1.5153 Y0.636 Z-0.2671
N36635 X-1.5143 Y0.637 Z-0.2706
N36640 X-1.5129 Y0.6384 Z-0.2737
N36645 X-1.5113 Y0.6401 Z-0.2765
N36650 X-1.5093 Y0.6421 Z-0.279
N36655 X-1.5071 Y0.6444 Z-0.2809
N36660 X-1.5047 Y0.6468 Z-0.2823
N36665 X-1.5022 Y0.6494 Z-0.2832
N36670 X-1.4996 Y0.6521 Z-0.2835
N36675 G3 X-1.4843 Y0.6789 I-0.0447 J0.0434
N36680 G1 X-1.4827 Y0.6855
N36685 X-1.4786 Y0.7014
N36690 X-1.4779 Y0.7036
N36695 X-1.462 Y0.7489
N36700 X-1.459 Y0.7568
N36705 X-1.4523 Y0.7727
N36710 X-1.4484 Y0.7806
N36715 X-1.4437 Y0.7885
N36720 X-1.4383 Y0.7973
N36725 X-1.4189 Y0.8282
N36730 X-1.4145 Y0.8349
N36735 X-1.4024 Y0.8519
N36740 X-1.3986 Y0.856
N36745 X-1.395 Y0.8599
N36750 X-1.3907 Y0.8644
N36755 X-1.3556 Y0.8995
N36760 X-1.3511 Y0.9039
N36765 X-1.3432 Y0.9111
N36770 X-1.3374 Y0.9153
N36775 X-1.326 Y0.9233
N36780 X-1.3194 Y0.9277
N36785 X-1.2798 Y0.9525
N36790 X-1.2719 Y0.9572
N36795 X-1.2639 Y0.9613
N36800 X-1.248 Y0.9678
N36805 G3 X-1.234 Y0.9929 I-0.0094 J0.0217
N36810 G1 X-1.2345 Y0.9966 Z-0.2832
N36815 X-1.235 Y1.0001 Z-0.2823
N36820 X-1.2355 Y1.0035 Z-0.2809
N36825 X-1.236 Y1.0067 Z-0.279
N36830 X-1.2364 Y1.0094 Z-0.2765
N36835 X-1.2368 Y1.0118 Z-0.2737
N36840 X-1.237 Y1.0137 Z-0.2706
N36845 X-1.2372 Y1.0151 Z-0.2671
N36850 X-1.2374 Y1.016 Z-0.2635
N36855 Y1.0163 Z-0.2598
N36860 Z0.1969
N36865 X-1.1252 Y-1.0233
N36870 Z-0.2362
N36875 Z-0.2598
N36880 X-1.1254 Y-1.0231 Z-0.2635
N36885 X-1.126 Y-1.0225 Z-0.2671
N36890 X-1.1271 Y-1.0216 Z-0.2706
N36895 X-1.1285 Y-1.0203 Z-0.2737
N36900 X-1.1303 Y-1.0187 Z-0.2765
N36905 X-1.1324 Y-1.0168 Z-0.279
N36910 X-1.1348 Y-1.0147 Z-0.2809
N36915 X-1.1373 Y-1.0124 Z-0.2823
N36920 X-1.14 Y-1.01 Z-0.2832
N36925 X-1.1427 Y-1.0075 Z-0.2835
N36930 G3 X-1.1702 Y-0.9932 I-0.0416 J-0.0464
N36935 G1 X-1.1768 Y-0.9919
N36940 X-1.1847 Y-0.9899
N36945 X-1.1926 Y-0.9875
N36950 X-1.2403 Y-0.9708
N36955 X-1.2481 Y-0.9678
N36960 X-1.2639 Y-0.9613
N36965 X-1.2719 Y-0.9572
N36970 X-1.2798 Y-0.9525
N36975 X-1.3194 Y-0.9277
N36980 X-1.3273 Y-0.9223
N36985 X-1.3374 Y-0.9153
N36990 X-1.3432 Y-0.9111
N36995 X-1.3511 Y-0.9039
N37000 X-1.3556 Y-0.8995
N37005 X-1.3907 Y-0.8644
N37010 X-1.395 Y-0.8599
N37015 X-1.3986 Y-0.856
N37020 X-1.4024 Y-0.8519
N37025 X-1.4145 Y-0.8349
N37030 X-1.4189 Y-0.8282
N37035 X-1.4388 Y-0.7965
N37040 X-1.4437 Y-0.7885
N37045 X-1.4484 Y-0.7806
N37050 X-1.4523 Y-0.7727
N37055 X-1.459 Y-0.757
N37060 G3 X-1.4845 Y-0.7437 I-0.0214 J-0.01
N37065 G1 X-1.4881 Y-0.7443 Z-0.2832
N37070 X-1.4917 Y-0.745 Z-0.2823
N37075 X-1.495 Y-0.7455 Z-0.2809
N37080 X-1.4981 Y-0.7461 Z-0.279
N37085 X-1.5009 Y-0.7466 Z-0.2765
N37090 X-1.5033 Y-0.747 Z-0.2737
N37095 X-1.5052 Y-0.7473 Z-0.2706
N37100 X-1.5066 Y-0.7476 Z-0.2671
N37105 X-1.5074 Y-0.7477 Z-0.2635
N37110 X-1.5077 Y-0.7478 Z-0.2598
N37115 Z0.1969
N37120 X1.5161 Y-0.6351
N37125 Z-0.2362
N37130 Z-0.2598
N37135 X1.5159 Y-0.6353 Z-0.2635
N37140 X1.5153 Y-0.636 Z-0.2671
N37145 X1.5143 Y-0.637 Z-0.2706
N37150 X1.5129 Y-0.6384 Z-0.2737
N37155 X1.5113 Y-0.6401 Z-0.2765
N37160 X1.5093 Y-0.6421 Z-0.279
N37165 X1.5071 Y-0.6444 Z-0.2809
N37170 X1.5047 Y-0.6468 Z-0.2823
N37175 X1.5022 Y-0.6494 Z-0.2832
N37180 X1.4996 Y-0.6521 Z-0.2835
N37185 G3 X1.4843 Y-0.6789 I0.0447 J-0.0434
N37190 G1 X1.4827 Y-0.6855
N37195 X1.4786 Y-0.7014
N37200 X1.4779 Y-0.7036
N37205 X1.462 Y-0.7489
N37210 X1.459 Y-0.7568
N37215 X1.4523 Y-0.7727
N37220 X1.4484 Y-0.7806
N37225 X1.4437 Y-0.7885
N37230 X1.4383 Y-0.7973
N37235 X1.4189 Y-0.8282
N37240 X1.4145 Y-0.8349
N37245 X1.4024 Y-0.8519
N37250 X1.3986 Y-0.856
N37255 X1.395 Y-0.8599
N37260 X1.3907 Y-0.8644
N37265 X1.3556 Y-0.8995
N37270 X1.3511 Y-0.9039
N37275 X1.3432 Y-0.9111
N37280 X1.3374 Y-0.9153
N37285 X1.326 Y-0.9233
N37290 X1.3194 Y-0.9277
N37295 X1.2798 Y-0.9525
N37300 X1.2719 Y-0.9572
N37305 X1.2639 Y-0.9613
N37310 X1.2474 Y-0.968
N37315 G3 X1.2334 Y-0.9932 I0.0094 J-0.0217
N37320 G1 X1.2339 Y-0.9968 Z-0.2832
N37325 X1.2344 Y-1.0004 Z-0.2823
N37330 X1.2349 Y-1.0038 Z-0.2809
N37335 X1.2354 Y-1.0069 Z-0.279
N37340 X1.2358 Y-1.0097 Z-0.2765
N37345 X1.2361 Y-1.0121 Z-0.2737
N37350 X1.2364 Y-1.014 Z-0.2706
N37355 X1.2366 Y-1.0154 Z-0.2671
N37360 X1.2368 Y-1.0162 Z-0.2635
N37365 Y-1.0165 Z-0.2598
N37370 Z0.1969
N37375 X1.1252 Y1.0233
N37380 Z-0.2362
N37385 Z-0.2598
N37390 X1.1254 Y1.0231 Z-0.2635
N37395 X1.126 Y1.0225 Z-0.2671
N37400 X1.1271 Y1.0216 Z-0.2706
N37405 X1.1285 Y1.0203 Z-0.2737
N37410 X1.1303 Y1.0187 Z-0.2765
N37415 X1.1324 Y1.0168 Z-0.279
N37420 X1.1348 Y1.0147 Z-0.2809
N37425 X1.1373 Y1.0124 Z-0.2823
N37430 X1.14 Y1.01 Z-0.2832
N37435 X1.1427 Y1.0075 Z-0.2835
N37440 G3 X1.1702 Y0.9932 I0.0416 J0.0464
N37445 G1 X1.1768 Y0.9919
N37450 X1.1847 Y0.9899
N37455 X1.1926 Y0.9875
N37460 X1.2403 Y0.9708
N37465 X1.2481 Y0.9678
N37470 X1.2639 Y0.9613
N37475 X1.2719 Y0.9572
N37480 X1.2798 Y0.9525
N37485 X1.3194 Y0.9277
N37490 X1.3273 Y0.9223
N37495 X1.3374 Y0.9153
N37500 X1.3432 Y0.9111
N37505 X1.3511 Y0.9039
N37510 X1.3556 Y0.8995
N37515 X1.3907 Y0.8644
N37520 X1.395 Y0.8599
N37525 X1.3986 Y0.856
N37530 X1.4024 Y0.8519
N37535 X1.4145 Y0.8349
N37540 X1.4189 Y0.8282
N37545 X1.4388 Y0.7965
N37550 X1.4437 Y0.7885
N37555 X1.4484 Y0.7806
N37560 X1.4523 Y0.7727
N37565 X1.459 Y0.757
N37570 X1.4608 Y0.7538
N37575 X1.463 Y0.7509
N37580 X1.4653 Y0.7492 Z-0.2833
N37585 X1.4676 Y0.7474 Z-0.2827
N37590 X1.4699 Y0.7458 Z-0.2818
N37595 X1.4729 Y0.7449 Z-0.2803
N37600 X1.4756 Y0.7441 Z-0.2784
N37605 X1.4781 Y0.7434 Z-0.2761
N37610 X1.4804 Y0.7433 Z-0.2731
N37615 X1.4822 Y0.7434 Z-0.2701
N37620 X1.4834 Y0.7436 Z-0.2668
N37625 X1.4842 Z-0.2634
N37630 X1.4845 Y0.7437 Z-0.2598
N37635 Z0.1969
N37640 X-1.7098 Y-1.3352
N37645 Z-0.4094
N37650 Z-0.4331
N37655 Y-1.335 Z-0.4368
N37660 X-1.7095 Y-1.3341 Z-0.4404
N37665 X-1.7092 Y-1.3327 Z-0.4438
N37670 X-1.7087 Y-1.3309 Z-0.447
N37675 X-1.7081 Y-1.3285 Z-0.4498
N37680 X-1.7074 Y-1.3258 Z-0.4522
N37685 X-1.7066 Y-1.3227 Z-0.4541
N37690 X-1.7058 Y-1.3194 Z-0.4555
N37695 X-1.7049 Y-1.3159 Z-0.4564
N37700 X-1.704 Y-1.3124 Z-0.4567
N37705 G3 X-1.6855 Y-1.1838 I-0.5842 J0.1496
N37710 G1 Y-1.1781
N37715 X-1.7064 Y-1.1502
N37720 X-1.7221 Y-1.119
N37725 X-1.7333 Y-1.086
N37730 X-1.7412 Y-1.052
N37735 X-1.7465 Y-1.0175
N37740 X-1.75 Y-0.9828
N37745 X-1.7523 Y-0.948
N37750 X-1.7537 Y-0.9132
N37755 X-1.7547 Y-0.8783
N37760 X-1.7553 Y-0.8434
N37765 X-1.7557 Y-0.8085
N37770 X-1.7559 Y-0.7736
N37775 X-1.7561 Y-0.7388
N37780 X-1.7562 Y-0.669
N37785 X-1.7563 Y-0.5294
N37790 Y0.7963
N37795 Y0.9707
N37800 X-1.7561 Y0.9794
N37805 X-1.755 Y0.9881
N37810 X-1.7472 Y1.0221
N37815 X-1.7284 Y1.0514
N37820 X-1.7028 Y1.0751
N37825 X-1.6729 Y1.0932
N37830 X-1.6406 Y1.1064
N37835 X-1.607 Y1.1157
N37840 X-1.5727 Y1.1221
N37845 X-1.5381 Y1.1264
N37850 X-1.5033 Y1.1292
N37855 X-1.4685 Y1.1311
N37860 X-1.4336 Y1.1322
N37865 X-1.3988 Y1.133
N37870 X-1.3639 Y1.1335
N37875 X-1.329 Y1.1338
N37880 X-1.2886 Y1.134
N37885 X-1.2855
N37890 X-1.2823 Y1.1342
N37895 X-1.2792 Y1.1345
N37900 X-1.255 Y1.1373
N37905 X-1.2481 Y1.138
N37910 X-1.2243 Y1.1397
N37915 X-1.2085 Y1.1398
N37920 X-0.4873
N37925 X-0.4636 Y1.1394
N37930 X-0.4623 Y1.1392
N37935 X-0.4296 Y1.1368
N37940 X-0.3947 Y1.1358
N37945 X-0.3598 Y1.1353
N37950 X-0.325 Y1.1349
N37955 X-0.2901 Y1.1347
N37960 X-0.2552 Y1.1345
N37965 X-0.1854 Y1.1344
N37970 X-0.0459 Y1.1343
N37975 X0.4209
N37980 X0.4253 Y1.1344
N37985 X0.4297 Y1.1347
N37990 X0.4341 Y1.1353
N37995 X0.4398 Y1.1362
N38000 X0.4557 Y1.1384
N38005 X0.4636 Y1.1394
N38010 X0.4873 Y1.1398
N38015 X1.2164
N38020 X1.2243 Y1.1397
N38025 X1.2322 Y1.1392
N38030 X1.2671 Y1.1384
N38035 X1.302 Y1.1368
N38040 X1.3368 Y1.1359
N38045 X1.3717 Y1.1353
N38050 X1.4066 Y1.1349
N38055 X1.4415 Y1.1347
N38060 X1.4764 Y1.1345
N38065 X1.5462 Y1.1344
N38070 X1.6159 Y1.1343
N38075 X1.6493 Y1.1241
N38080 X1.6778 Y1.1039
N38085 X1.7005 Y1.0775
N38090 X1.7177 Y1.0471
N38095 X1.7302 Y1.0146
N38100 X1.739 Y0.9808
N38105 X1.745 Y0.9464
N38110 X1.749 Y0.9118
N38115 X1.7517 Y0.877
N38120 X1.7534 Y0.8421
N38125 X1.7544 Y0.8073
N38130 X1.7551 Y0.7724
N38135 X1.7556 Y0.7375
N38140 X1.7559 Y0.7026
N38145 X1.756 Y0.6677
N38150 X1.7562 Y0.6329
N38155 X1.7563 Y0.5631
N38160 Y0.3886
N38165 Y-0.4137
N38170 Y-0.9719
N38175 X1.756 Y-0.9806
N38180 X1.7535 Y-0.9979
N38185 X1.7419 Y-1.0308
N38190 X1.7209 Y-1.0586
N38195 X1.6938 Y-1.0807
N38200 X1.6631 Y-1.0973
N38205 X1.6304 Y-1.1094
N38210 X1.5966 Y-1.1178
N38215 X1.5621 Y-1.1235
N38220 X1.5275 Y-1.1273
N38225 X1.4927 Y-1.1298
N38230 X1.4578 Y-1.1315
N38235 X1.4229 Y-1.1325
N38240 X1.3881 Y-1.1331
N38245 X1.3532 Y-1.1336
N38250 X1.3183 Y-1.1338
N38255 X1.2885 Y-1.134
N38260 X1.2854
N38265 X1.2823 Y-1.1342
N38270 X1.2793 Y-1.1345
N38275 X1.255 Y-1.1373
N38280 X1.2481 Y-1.138
N38285 X1.2243 Y-1.1397
N38290 X1.2085 Y-1.1398
N38295 X-1.2164
N38300 X-1.2243 Y-1.1397
N38305 X-1.2322 Y-1.1392
N38310 X-1.2671 Y-1.1384
N38315 X-1.302 Y-1.1368
N38320 X-1.3368 Y-1.1359
N38325 X-1.3717 Y-1.1353
N38330 X-1.4066 Y-1.1349
N38335 X-1.4415 Y-1.1347
N38340 X-1.4764 Y-1.1345
N38345 X-1.5462 Y-1.1344
N38350 X-1.5801 Y-1.1264
N38355 X-1.6104 Y-1.109
N38360 X-1.6357 Y-1.0851
N38365 X-1.6559 Y-1.0566
N38370 X-1.6714 Y-1.0254
N38375 X-1.6829 Y-0.9924
N38380 X-1.6911 Y-0.9585
N38385 X-1.6969 Y-0.9241
N38390 X-1.701 Y-0.8895
N38395 X-1.7037 Y-0.8547
N38400 X-1.7055 Y-0.8198
N38405 X-1.7067 Y-0.785
N38410 X-1.7076 Y-0.7501
N38415 X-1.7081 Y-0.7152
N38420 X-1.7084 Y-0.6803
N38425 X-1.7087 Y-0.6454
N38430 X-1.7088 Y-0.6106
N38435 X-1.709 Y-0.5408
N38440 X-1.7091 Y-0.4361
N38445 Y0.1918
N38450 Y0.4709
N38455 Y0.8896
N38460 X-1.7069 Y0.9244
N38465 X-1.6958 Y0.9575
N38470 X-1.6771 Y0.9869
N38475 X-1.6526 Y1.0117
N38480 X-1.624 Y1.0317
N38485 X-1.5927 Y1.0473
N38490 X-1.5599 Y1.059
N38495 X-1.5261 Y1.0675
N38500 X-1.4917 Y1.0737
N38505 X-1.4571 Y1.078
N38510 X-1.4545 Y1.0782
N38515 X-1.4421 Y1.0802
N38520 X-1.4302 Y1.0839
N38525 X-1.4189 Y1.0893
N38530 X-1.4043 Y1.0976
N38535 X-1.3986 Y1.1008
N38540 X-1.3828 Y1.1069
N38545 X-1.3749 Y1.1097
N38550 X-1.3511 Y1.118
N38555 X-1.3273 Y1.1262
N38560 X-1.3194 Y1.1283
N38565 X-1.3036 Y1.1315
N38570 X-1.2956 Y1.1327
N38575 X-1.2792 Y1.1345
N38580 G3 X-1.2661 Y1.141 Z-0.4535 I-0.0035 J0.0234
N38585 G2 X-1.2499 Y1.1563 Z-0.4488 I0.3979 J-0.406
N38590 X-1.1475 Y1.2302 I0.3818 J-0.4212
N38595 X-1.136 Y1.2332 I0.0116 J-0.0206
N38600 G1 X-0.606 Y1.2362
N38605 G2 X-0.5945 Y1.2333 I0.0001 J-0.0236
N38610 X-0.4916 Y1.1609 I-0.2737 J-0.4982
N38615 X-0.4748 Y1.1455 Z-0.4537 I-0.3766 J-0.4259
N38620 G3 X-0.4623 Y1.1392 Z-0.4567 I0.0163 J0.0171
N38625 G1 X-0.4557 Y1.1384
N38630 X-0.4398 Y1.1362
N38635 X-0.424 Y1.1337
N38640 X-0.416 Y1.1324
N38645 X-0.4081 Y1.1308
N38650 X-0.4016 Y1.1293
N38655 X-0.3923 Y1.1263
N38660 X-0.3843 Y1.1228
N38665 X-0.3764 Y1.1191
N38670 X-0.3662 Y1.1149
N38675 X-0.3566 Y1.1115
N38680 X-0.3446 Y1.1079
N38685 X-0.3292 Y1.1041
N38690 X-0.3087 Y1.1001
N38695 X-0.2799 Y1.0959
N38700 X-0.2451 Y1.0926
N38705 X-0.2103 Y1.0905
N38710 X-0.1754 Y1.0892
N38715 X-0.1406 Y1.0884
N38720 X-0.1057 Y1.0879
N38725 X-0.0708 Y1.0876
N38730 X-0.0359 Y1.0874
N38735 X-0.001 Y1.0873
N38740 X0.0687 Y1.0871
N38745 X0.2083
N38750 X0.292 Y1.087
N38755 X0.3075 Y1.0884
N38760 X0.3226 Y1.0924
N38765 X0.3368 Y1.0989
N38770 X0.3447 Y1.1033
N38775 X0.3645 Y1.1135
N38780 X0.3685 Y1.1154
N38785 X0.3843 Y1.1228
N38790 X0.3923 Y1.1263
N38795 X0.4016 Y1.1293
N38800 X0.4081 Y1.1308
N38805 X0.416 Y1.1324
N38810 X0.4341 Y1.1353
N38815 G3 X0.4538 Y1.1622 Z-0.4488 I-0.0036 J0.0233
N38820 X0.4303 Y1.1823 I-0.0233 J-0.0036
N38825 G1 X-0.3802 Y1.1765
N38830 G3 X-0.4022 Y1.1448 I0.0002 J-0.0236
N38835 G1 X-0.4011 Y1.1421 Z-0.4494
N38840 X-0.3996 Y1.1396 Z-0.4501
N38845 X-0.399 Y1.1388 Z-0.4503
N38850 G3 X-0.3764 Y1.1191 Z-0.4567 I0.051 J0.0358
N38855 G1 X-0.3685 Y1.1154
N38860 X-0.3645 Y1.1135
N38865 X-0.3447 Y1.1033
N38870 X-0.3368 Y1.0989
N38875 X-0.3348 Y1.0976
N38880 X-0.3289 Y1.0939
N38885 X-0.3259 Y1.0916
N38890 X-0.3193 Y1.087
N38895 X-0.3141 Y1.0838
N38900 X-0.3077 Y1.0802
N38905 X-0.3007 Y1.0768
N38910 X-0.2921 Y1.073
N38915 X-0.2814 Y1.069
N38920 X-0.2689 Y1.0649
N38925 X-0.2528 Y1.0605
N38930 X-0.2326 Y1.0561
N38935 X-0.2055 Y1.0515
N38940 X-0.1708 Y1.0474
N38945 X-0.1361 Y1.0448
N38950 X-0.1012 Y1.043
N38955 X-0.0663 Y1.0419
N38960 X-0.0315 Y1.0412
N38965 X0.0034 Y1.0407
N38970 X0.0383 Y1.0404
N38975 X0.0732 Y1.0402
N38980 X0.1081 Y1.0401
N38985 X0.1779 Y1.0399
N38990 X0.2127
N38995 X0.237 Y1.0401
N39000 X0.2504 Y1.0413
N39005 X0.2634 Y1.0445
N39010 X0.2758 Y1.0497
N39015 X0.2872 Y1.0567
N39020 X0.2975 Y1.0655
N39025 X0.3058 Y1.0739
N39030 X0.313 Y1.0807
N39035 G3 X0.3126 Y1.1141 Z-0.4488 I-0.0169 J0.0165
N39040 X0.2966 Y1.1208 I-0.0165 J-0.0169
N39045 G1 X-0.3103 Y1.1334
N39050 G3 X-0.3291 Y1.1248 I-0.0005 J-0.0236
N39055 X-0.3259 Y1.0916 Z-0.4567 I0.0182 J-0.015
N39060 G1 X-0.3209 Y1.0878
N39065 X-0.3141 Y1.0818
N39070 X-0.3058 Y1.0739
N39075 X-0.2933 Y1.0612
N39080 X-0.2875 Y1.056
N39085 X-0.283 Y1.0522
N39090 X-0.2782 Y1.0487
N39095 X-0.2722 Y1.0447
N39100 X-0.2655 Y1.0408
N39105 X-0.2579 Y1.0367
N39110 X-0.2482 Y1.0321
N39115 X-0.2373 Y1.0276
N39120 X-0.2244 Y1.023
N39125 X-0.2085 Y1.0182
N39130 X-0.189 Y1.0133
N39135 X-0.1643 Y1.0083
N39140 X-0.1305 Y1.0033
N39145 X-0.0958 Y0.9998
N39150 X-0.061 Y0.9974
N39155 X-0.0261 Y0.9959
N39160 X0.0087 Y0.9948
N39165 X0.0436 Y0.9941
N39170 X0.0785 Y0.9936
N39175 X0.1134 Y0.9932
N39180 X0.1483 Y0.993
N39185 X0.1817
N39190 X0.2002 Y0.9939
N39195 X0.2085 Y0.9947
N39200 X0.2233 Y0.9976
N39205 X0.2373 Y1.0032
N39210 X0.25 Y1.0114
N39215 X0.2609 Y1.0219
N39220 X0.2696 Y1.0342
N39225 X0.2734 Y1.0394
N39230 X0.2813 Y1.0491
N39235 X0.2901 Y1.058
N39240 X0.2975 Y1.0655
N39245 G3 X0.2963 Y1.0988 Z-0.4488 I-0.0173 J0.0161
N39250 X0.28 Y1.1052 I-0.0161 J-0.0173
N39255 G1 X-0.2761 Y1.1009
N39260 G3 X-0.292 Y1.0946 I0.0002 J-0.0236
N39265 X-0.2933 Y1.0612 Z-0.4567 I0.0161 J-0.0173
N39270 G1 X-0.2813 Y1.0491
N39275 X-0.2734 Y1.0394
N39280 X-0.2696 Y1.0342
N39285 X-0.2689 Y1.033
N39290 X-0.2657 Y1.0281
N39295 X-0.2619 Y1.0235
N39300 X-0.2578 Y1.0193
N39305 X-0.2534 Y1.0153
N39310 X-0.2484 Y1.0112
N39315 X-0.2431 Y1.0072
N39320 X-0.2364 Y1.0028
N39325 X-0.2288 Y0.9982
N39330 X-0.2202 Y0.9936
N39335 X-0.2092 Y0.9884
N39340 X-0.1974 Y0.9835
N39345 X-0.183 Y0.9783
N39350 X-0.166 Y0.9731
N39355 X-0.1447 Y0.9677
N39360 X-0.1185 Y0.9624
N39365 X-0.084 Y0.9571
N39370 X-0.0493 Y0.9535
N39375 X-0.0146 Y0.951
N39380 X0.0203 Y0.9492
N39385 X0.0552 Y0.948
N39390 X0.09 Y0.9472
N39395 X0.1249 Y0.9467
N39400 X0.1502 Y0.947
N39405 X0.166 Y0.948
N39410 X0.1793 Y0.9495
N39415 X0.1859 Y0.9506
N39420 X0.1991 Y0.9538
N39425 X0.2116 Y0.959
N39430 X0.2231 Y0.9661
N39435 X0.2334 Y0.9749
N39440 X0.2422 Y0.9852
N39445 X0.2492 Y0.9968
N39450 X0.2575 Y1.0131
N39455 X0.2605 Y1.0184
N39460 X0.2696 Y1.0342
N39465 G3 X0.2597 Y1.0661 Z-0.4488 I-0.0209 J0.011
N39470 X0.2486 Y1.0689 I-0.011 J-0.0209
N39475 G1 X-0.2481 Y1.0677
N39480 G3 X-0.259 Y1.0649 I0.0001 J-0.0236
N39485 X-0.2689 Y1.033 Z-0.4567 I0.011 J-0.0209
N39490 G1 X-0.2605 Y1.0184
N39495 X-0.2575 Y1.0131
N39500 X-0.2522 Y1.0025
N39505 X-0.2492 Y0.9974
N39510 X-0.2459 Y0.9925
N39515 X-0.2422 Y0.9879
N39520 X-0.2383 Y0.9835
N39525 X-0.2341 Y0.9793
N39530 X-0.2291 Y0.9748
N39535 X-0.2237 Y0.9704
N39540 X-0.2171 Y0.9655
N39545 X-0.2096 Y0.9605
N39550 X-0.2011 Y0.9554
N39555 X-0.1907 Y0.9499
N39560 X-0.1795 Y0.9446
N39565 X-0.1651 Y0.9387
N39570 X-0.15 Y0.9332
N39575 X-0.1306 Y0.9274
N39580 X-0.1081 Y0.9217
N39585 X-0.0795 Y0.9159
N39590 X-0.045 Y0.9108
N39595 X-0.0103 Y0.9071
N39600 X0.0245 Y0.9045
N39605 X0.0593 Y0.9026
N39610 X0.0942 Y0.9016
N39615 X0.1194 Y0.9019
N39620 X0.1379 Y0.903
N39625 X0.1508 Y0.9044
N39630 X0.163 Y0.9063
N39635 X0.1726 Y0.9084
N39640 X0.1756 Y0.9092
N39645 X0.1896 Y0.9141
N39650 X0.2025 Y0.9214
N39655 X0.214 Y0.9307
N39660 X0.2237 Y0.9419
N39665 X0.2314 Y0.9546
N39670 X0.2368 Y0.9684
N39675 G3 X0.2199 Y0.9971 Z-0.4488 I-0.0229 J0.0059
N39680 G1 X0.2179 Y0.9976
N39685 X0.216 Y0.9978
N39690 X-0.2287 Y1.036
N39695 G3 X-0.2407 Y1.0339 I-0.002 J-0.0235
N39700 X-0.2522 Y1.0025 Z-0.4567 I0.01 J-0.0214
N39705 G1 X-0.2481 Y0.9946
N39710 X-0.2442 Y0.9867
N39715 X-0.2405 Y0.9788
N39720 X-0.2381 Y0.9724
N39725 X-0.2358 Y0.967
N39730 X-0.2331 Y0.9618
N39735 X-0.2299 Y0.9568
N39740 X-0.2265 Y0.952
N39745 X-0.2227 Y0.9474
N39750 X-0.2187 Y0.943
N39755 X-0.2139 Y0.9383
N39760 X-0.2086 Y0.9335
N39765 X-0.2023 Y0.9284
N39770 X-0.1951 Y0.9231
N39775 X-0.1868 Y0.9176
N39780 X-0.1773 Y0.9119
N39785 X-0.1664 Y0.9062
N39790 X-0.1535 Y0.9001
N39795 X-0.139 Y0.8941
N39800 X-0.1214 Y0.8879
N39805 X-0.1011 Y0.8817
N39810 X-0.0768 Y0.8756
N39815 X-0.046 Y0.8695
N39820 X-0.0115 Y0.8644
N39825 X0.0232 Y0.8607
N39830 X0.058 Y0.8584
N39835 X0.085 Y0.8578
N39840 X0.1066 Y0.8584
N39845 X0.1219 Y0.8596
N39850 X0.1363 Y0.8614
N39855 X0.1467 Y0.8633
N39860 X0.1577 Y0.8658
N39865 X0.1662 Y0.8682
N39870 X0.1747 Y0.871
N39875 X0.1759 Y0.8715
N39880 X0.1895 Y0.8781
N39885 X0.2016 Y0.887
N39890 X0.2121 Y0.8978
N39895 X0.2205 Y0.9103
N39900 X0.2266 Y0.9241
N39905 X0.2302 Y0.9387
N39910 X0.2318 Y0.947
N39915 X0.2352 Y0.9629
N39920 X0.2368 Y0.9684
N39925 G3 X0.2199 Y0.9971 Z-0.4488 I-0.0229 J0.0059
N39930 G1 X0.2171 Y0.9977
N39935 X0.2143 Y0.9979
N39940 X-0.2155 Y1.0036
N39945 X-0.2181 Y1.0035
N39950 X-0.2208 Y1.0031
N39955 X-0.2234 Y1.0024
N39960 G3 X-0.2381 Y0.9724 Z-0.4567 I0.0076 J-0.0224
N39965 G1 X-0.2375 Y0.9708
N39970 X-0.2352 Y0.9629
N39975 X-0.2318 Y0.947
N39980 X-0.2304 Y0.9413
N39985 X-0.2285 Y0.9357
N39990 X-0.226 Y0.9304
N39995 X-0.2232 Y0.9252
N40000 X-0.22 Y0.9202
N40005 X-0.2166 Y0.9154
N40010 X-0.2127 Y0.9105
N40015 X-0.2084 Y0.9057
N40020 X-0.2031 Y0.9003
N40025 X-0.1974 Y0.8951
N40030 X-0.1905 Y0.8892
N40035 X-0.183 Y0.8836
N40040 X-0.1739 Y0.8773
N40045 X-0.1642 Y0.8713
N40050 X-0.1524 Y0.8648
N40055 X-0.1395 Y0.8585
N40060 X-0.1238 Y0.8517
N40065 X-0.1064 Y0.8452
N40070 X-0.0857 Y0.8386
N40075 X-0.0609 Y0.832
N40080 X-0.0328 Y0.8259
N40085 X-0.0028 Y0.821
N40090 X0.026 Y0.8176
N40095 X0.0514 Y0.816
N40100 X0.0742 Y0.8156
N40105 X0.0933 Y0.8161
N40110 X0.1105 Y0.8175
N40115 X0.124 Y0.8193
N40120 X0.1366 Y0.8215
N40125 X0.147 Y0.8239
N40130 X0.156 Y0.8265
N40135 X0.1655 Y0.8296
N40140 X0.1728 Y0.8325
N40145 X0.1747 Y0.8333
N40150 X0.188 Y0.8407
N40155 X0.1998 Y0.8503
N40160 X0.2097 Y0.8619
N40165 X0.2174 Y0.8749
N40170 X0.2228 Y0.8892
N40175 X0.2255 Y0.9041
N40180 X0.2266 Y0.9153
N40185 X0.2278 Y0.9233
N40190 X0.2302 Y0.9387
N40195 G3 X0.2097 Y0.965 Z-0.4488 I-0.0234 J0.0029
N40200 G1 X0.2073 Y0.9652
N40205 X-0.208 Y0.9743
N40210 X-0.2101
N40215 X-0.2122 Y0.9741
N40220 G3 X-0.2318 Y0.947 Z-0.4567 I0.0037 J-0.0233
N40225 G1 X-0.2303 Y0.9391
N40230 X-0.2278 Y0.9233
N40235 X-0.2266 Y0.9153
N40240 X-0.2258 Y0.9095
N40245 X-0.2241 Y0.9039
N40250 X-0.2219 Y0.8984
N40255 X-0.2193 Y0.8931
N40260 X-0.2164 Y0.8879
N40265 X-0.2132 Y0.8829
N40270 X-0.2095 Y0.8778
N40275 X-0.2054 Y0.8726
N40280 X-0.2005 Y0.867
N40285 X-0.1951 Y0.8614
N40290 X-0.1887 Y0.8554
N40295 X-0.1813 Y0.8491
N40300 X-0.1732 Y0.8428
N40305 X-0.1634 Y0.8361
N40310 X-0.1531 Y0.8296
N40315 X-0.1403 Y0.8224
N40320 X-0.1268 Y0.8157
N40325 X-0.1105 Y0.8085
N40330 X-0.0922 Y0.8015
N40335 X-0.0723 Y0.795
N40340 X-0.0498 Y0.7889
N40345 X-0.0261 Y0.7836
N40350 X-0.002 Y0.7795
N40355 X0.0215 Y0.7766
N40360 X0.0441 Y0.7749
N40365 X0.0647 Y0.7745
N40370 X0.0829 Y0.7749
N40375 X0.0996 Y0.7761
N40380 X0.1149 Y0.778
N40385 X0.1269 Y0.7801
N40390 X0.1388 Y0.7827
N40395 X0.1487 Y0.7854
N40400 X0.1571 Y0.7882
N40405 X0.1662 Y0.7917
N40410 X0.1733 Y0.7948
N40415 X0.1765 Y0.7964
N40420 X0.19 Y0.8048
N40425 X0.2018 Y0.8156
N40430 X0.2114 Y0.8283
N40435 X0.2186 Y0.8426
N40440 X0.2229 Y0.858
N40445 X0.2244 Y0.8739
N40450 Y0.8916
N40455 X0.2253 Y0.902
N40460 X0.2255 Y0.9041
N40465 G3 X0.2034 Y0.9291 Z-0.4488 I-0.0236 J0.0014
N40470 G1 X0.2026 Y0.9292
N40475 X-0.2024 Y0.9404
N40480 X-0.2045
N40485 G3 X-0.2266 Y0.9153 Z-0.4567 I0.0015 J-0.0236
N40490 G1 X-0.2251 Y0.8995
N40495 X-0.2244 Y0.8916
N40500 Y0.8892
N40505 X-0.2241 Y0.8833
N40510 X-0.2232 Y0.8774
N40515 X-0.2218 Y0.8717
N40520 X-0.2198 Y0.8661
N40525 X-0.2175 Y0.8607
N40530 X-0.2149 Y0.8554
N40535 X-0.212 Y0.8503
N40540 X-0.2085 Y0.845
N40545 X-0.2047 Y0.8396
N40550 X-0.2001 Y0.8338
N40555 X-0.1949 Y0.8278
N40560 X-0.189 Y0.8216
N40565 X-0.1819 Y0.8149
N40570 X-0.1744 Y0.8085
N40575 X-0.1653 Y0.8014
N40580 X-0.1554 Y0.7945
N40585 X-0.1441 Y0.7874
N40590 X-0.131 Y0.78
N40595 X-0.1172 Y0.773
N40600 X-0.1012 Y0.766
N40605 X-0.0833 Y0.7591
N40610 X-0.0642 Y0.7528
N40615 X-0.0444 Y0.7473
N40620 X-0.0233 Y0.7425
N40625 X-0.0018 Y0.7388
N40630 X0.0194 Y0.7361
N40635 X0.0399 Y0.7346
N40640 X0.0588 Y0.7341
N40645 X0.0766 Y0.7345
N40650 X0.0933 Y0.7356
N40655 X0.1083 Y0.7374
N40660 X0.122 Y0.7398
N40665 X0.1331 Y0.7422
N40670 X0.1447 Y0.7454
N40675 X0.154 Y0.7484
N40680 X0.162 Y0.7514
N40685 X0.1709 Y0.7553
N40690 X0.1779 Y0.7588
N40695 X0.18 Y0.7599
N40700 X0.1926 Y0.7685
N40705 X0.2036 Y0.7792
N40710 X0.2125 Y0.7917
N40715 X0.219 Y0.8055
N40720 X0.2231 Y0.8203
N40725 X0.2244 Y0.8356
N40730 Y0.8739
N40735 G3 X0.2017 Y0.8966 Z-0.4492 I-0.0236 J-0.0008
N40740 G1 X0.2 Y0.8967 Z-0.4488
N40745 X-0.1999 Y0.912
N40750 X-0.2
N40755 G3 X-0.2244 Y0.8892 Z-0.4567 I-0.0008 J-0.0236
N40760 G1 Y0.8575
N40765 X-0.2241 Y0.8516
N40770 X-0.2234 Y0.8457
N40775 X-0.2222 Y0.8399
N40780 X-0.2205 Y0.8343
N40785 X-0.2184 Y0.8287
N40790 X-0.216 Y0.8234
N40795 X-0.2133 Y0.8181
N40800 X-0.2101 Y0.8126
N40805 X-0.2065 Y0.8069
N40810 X-0.2023 Y0.801
N40815 X-0.1973 Y0.7946
N40820 X-0.1917 Y0.7883
N40825 X-0.1851 Y0.7814
N40830 X-0.1779 Y0.7746
N40835 X-0.1697 Y0.7676
N40840 X-0.1601 Y0.7601
N40845 X-0.1499 Y0.753
N40850 X-0.1381 Y0.7456
N40855 X-0.1248 Y0.7381
N40860 X-0.1108 Y0.7311
N40865 X-0.0953 Y0.7243
N40870 X-0.0782 Y0.7177
N40875 X-0.0598 Y0.7117
N40880 X-0.0406 Y0.7064
N40885 X-0.021 Y0.702
N40890 X-0.0012 Y0.6985
N40895 X0.0185 Y0.6961
N40900 X0.0376 Y0.6947
N40905 X0.0562 Y0.6942
N40910 X0.0736 Y0.6946
N40915 X0.0903 Y0.6958
N40920 X0.1052 Y0.6976
N40925 X0.1192 Y0.7
N40930 X0.132 Y0.7028
N40935 X0.1423 Y0.7056
N40940 X0.1532 Y0.7091
N40945 X0.1614 Y0.7123
N40950 X0.1697 Y0.7159
N40955 X0.1777 Y0.7199
N40960 X0.1801 Y0.7212
N40965 X0.1927 Y0.7298
N40970 X0.2036 Y0.7405
N40975 X0.2125 Y0.753
N40980 X0.219 Y0.7668
N40985 X0.2231 Y0.7816
N40990 X0.2244 Y0.7968
N40995 Y0.8356
N41000 G3 X0.2021 Y0.8583 Z-0.4493 I-0.0236 J-0.0008
N41005 G1 X0.2 Y0.8584 Z-0.4488
N41010 X-0.1995 Y0.8802
N41015 X-0.2 Y0.8803
N41020 G3 X-0.2244 Y0.8575 Z-0.4567 I-0.0008 J-0.0236
N41025 G1 Y0.8202
N41030 X-0.2241 Y0.8143
N41035 X-0.2233 Y0.8085
N41040 X-0.222 Y0.8027
N41045 X-0.2202 Y0.7971
N41050 X-0.2182 Y0.7916
N41055 X-0.2158 Y0.7862
N41060 X-0.213 Y0.7806
N41065 X-0.2098 Y0.775
N41070 X-0.206 Y0.769
N41075 X-0.2015 Y0.7626
N41080 X-0.1965 Y0.7563
N41085 X-0.1906 Y0.7494
N41090 X-0.184 Y0.7425
N41095 X-0.1766 Y0.7354
N41100 X-0.168 Y0.728
N41105 X-0.1587 Y0.7206
N41110 X-0.1483 Y0.7133
N41115 X-0.1364 Y0.7057
N41120 X-0.1233 Y0.6983
N41125 X-0.1096 Y0.6913
N41130 X-0.0943 Y0.6844
N41135 X-0.0778 Y0.678
N41140 X-0.0602 Y0.6721
N41145 X-0.0419 Y0.6669
N41150 X-0.0231 Y0.6625
N41155 X-0.004 Y0.6591
N41160 X0.015 Y0.6566
N41165 X0.0337 Y0.6551
N41170 X0.052 Y0.6546
N41175 X0.0695 Y0.6548
N41180 X0.0861 Y0.6559
N41185 X0.1018 Y0.6577
N41190 X0.1159 Y0.6601
N41195 X0.1293 Y0.6629
N41200 X0.14 Y0.6658
N41205 X0.1512 Y0.6693
N41210 X0.1599 Y0.6726
N41215 X0.168 Y0.6761
N41220 X0.1764 Y0.6802
N41225 X0.1832 Y0.684
N41230 X0.195 Y0.6927
N41235 X0.2052 Y0.7033
N41240 X0.2134 Y0.7155
N41245 X0.2195 Y0.7289
N41250 X0.2232 Y0.7431
N41255 X0.2244 Y0.7577
N41260 Y0.7968
N41265 G3 X0.2022 Y0.8196 Z-0.4493 I-0.0236 J-0.0008
N41270 G1 X0.2 Y0.8197 Z-0.4488
N41275 X-0.1994 Y0.843
N41280 X-0.2
N41285 G3 X-0.2244 Y0.8202 Z-0.4567 I-0.0008 J-0.0236
N41290 G1 Y0.7842
N41295 X-0.2241 Y0.7783
N41300 X-0.2234 Y0.7724
N41305 X-0.2222 Y0.7666
N41310 X-0.2206 Y0.761
N41315 X-0.2187 Y0.7554
N41320 X-0.2164 Y0.7499
N41325 X-0.2138 Y0.7444
N41330 X-0.2108 Y0.7388
N41335 X-0.2071 Y0.7326
N41340 X-0.203 Y0.7265
N41345 X-0.198 Y0.7199
N41350 X-0.1924 Y0.713
N41355 X-0.1861 Y0.7061
N41360 X-0.1788 Y0.6988
N41365 X-0.1707 Y0.6914
N41370 X-0.1618 Y0.6841
N41375 X-0.1516 Y0.6765
N41380 X-0.1402 Y0.6689
N41385 X-0.1281 Y0.6616
N41390 X-0.1147 Y0.6544
N41395 X-0.1 Y0.6474
N41400 X-0.0842 Y0.6408
N41405 X-0.0675 Y0.6348
N41410 X-0.0502 Y0.6295
N41415 X-0.0322 Y0.6249
N41420 X-0.0137 Y0.6211
N41425 X0.0051 Y0.6182
N41430 X0.024 Y0.6162
N41435 X0.0425 Y0.6152
N41440 X0.0604 Y0.6151
N41445 X0.0772 Y0.6158
N41450 X0.0933 Y0.6173
N41455 X0.1084 Y0.6194
N41460 X0.1224 Y0.6221
N41465 X0.1352 Y0.6252
N41470 X0.1453 Y0.6281
N41475 X0.1558 Y0.6318
N41480 X0.1643 Y0.6352
N41485 X0.172 Y0.6388
N41490 X0.1801 Y0.643
N41495 X0.1815 Y0.6438
N41500 X0.1938 Y0.6525
N41505 X0.2044 Y0.6632
N41510 X0.2129 Y0.6755
N41515 X0.2192 Y0.6891
N41520 X0.2231 Y0.7036
N41525 X0.2244 Y0.7186
N41530 Y0.7577
N41535 G3 X0.2024 Y0.7805 Z-0.4493 I-0.0236 J-0.0008
N41540 G1 X0.2 Y0.7806 Z-0.4488
N41545 X-0.1992 Y0.8069
N41550 X-0.2 Y0.807
N41555 G3 X-0.2244 Y0.7842 Z-0.4567 I-0.0008 J-0.0236
N41560 G1 Y0.7446
N41565 X-0.2241 Y0.7387
N41570 X-0.2233 Y0.7328
N41575 X-0.222 Y0.727
N41580 X-0.2204 Y0.7214
N41585 X-0.2184 Y0.7158
N41590 X-0.2161 Y0.7104
N41595 X-0.2134 Y0.7048
N41600 X-0.2101 Y0.6988
N41605 X-0.2065 Y0.6928
N41610 X-0.202 Y0.6862
N41615 X-0.197 Y0.6796
N41620 X-0.1913 Y0.6727
N41625 X-0.1846 Y0.6654
N41630 X-0.1773 Y0.6583
N41635 X-0.1691 Y0.6509
N41640 X-0.1596 Y0.6431
N41645 X-0.1494 Y0.6357
N41650 X-0.1382 Y0.6283
N41655 X-0.1257 Y0.6209
N41660 X-0.112 Y0.6136
N41665 X-0.0975 Y0.6068
N41670 X-0.0822 Y0.6005
N41675 X-0.0658 Y0.5947
N41680 X-0.0484 Y0.5894
N41685 X-0.0303 Y0.5849
N41690 X-0.0118 Y0.5813
N41695 X0.0068 Y0.5785
N41700 X0.0254 Y0.5767
N41705 X0.0438 Y0.5758
N41710 X0.0617
N41715 X0.079 Y0.5766
N41720 X0.0949 Y0.5782
N41725 X0.1096 Y0.5803
N41730 X0.1235 Y0.583
N41735 X0.136 Y0.5861
N41740 X0.1463 Y0.5892
N41745 X0.1568 Y0.5929
N41750 X0.1647 Y0.5962
N41755 X0.1732 Y0.6002
N41760 X0.1807 Y0.6041
N41765 X0.182 Y0.6049
N41770 X0.1941 Y0.6136
N41775 X0.2046 Y0.6242
N41780 X0.213 Y0.6365
N41785 X0.2193 Y0.6501
N41790 X0.2231 Y0.6645
N41795 X0.2244 Y0.6794
N41800 Y0.7186
N41805 G3 X0.2023 Y0.7413 Z-0.4493 I-0.0236 J-0.0008
N41810 G1 X0.2 Y0.7415 Z-0.4488
N41815 X-0.1993 Y0.7673
N41820 X-0.2
N41825 G3 X-0.2244 Y0.7446 Z-0.4567 I-0.0008 J-0.0236
N41830 G1 Y0.7069
N41835 X-0.2241 Y0.701
N41840 X-0.2234 Y0.6951
N41845 X-0.2223 Y0.6893
N41850 X-0.2207 Y0.6836
N41855 X-0.2188 Y0.6781
N41860 X-0.2166 Y0.6726
N41865 X-0.2139 Y0.6669
N41870 X-0.2109 Y0.6612
N41875 X-0.2072 Y0.655
N41880 X-0.203 Y0.6486
N41885 X-0.1982 Y0.642
N41890 X-0.1925 Y0.6349
N41895 X-0.1863 Y0.628
N41900 X-0.1791 Y0.6207
N41905 X-0.1709 Y0.6131
N41910 X-0.162 Y0.6057
N41915 X-0.1522 Y0.5983
N41920 X-0.1411 Y0.5907
N41925 X-0.1288 Y0.5832
N41930 X-0.116 Y0.5762
N41935 X-0.102 Y0.5693
N41940 X-0.0867 Y0.5628
N41945 X-0.0704 Y0.5567
N41950 X-0.0532 Y0.5513
N41955 X-0.0354 Y0.5466
N41960 X-0.0172 Y0.5428
N41965 X0.0013 Y0.5398
N41970 X0.0199 Y0.5377
N41975 X0.0382 Y0.5365
N41980 X0.0561 Y0.5362
N41985 X0.0733 Y0.5368
N41990 X0.0896 Y0.5382
N41995 X0.1052 Y0.5403
N42000 X0.1194 Y0.5428
N42005 X0.1325 Y0.5459
N42010 X0.143 Y0.5489
N42015 X0.1539 Y0.5526
N42020 X0.1625 Y0.556
N42025 X0.1705 Y0.5596
N42030 X0.1787 Y0.5637
N42035 X0.1809 Y0.565
N42040 X0.1933 Y0.5737
N42045 X0.204 Y0.5844
N42050 X0.2127 Y0.5967
N42055 X0.2192 Y0.6105
N42060 X0.2231 Y0.6251
N42065 X0.2244 Y0.6402
N42070 Y0.6794
N42075 G3 X0.2024 Y0.7021 Z-0.4493 I-0.0236 J-0.0008
N42080 G1 X0.2 Y0.7023 Z-0.4488
N42085 X-0.1992 Y0.7296
N42090 X-0.2 Y0.7297
N42095 G3 X-0.2244 Y0.7069 Z-0.4567 I-0.0008 J-0.0236
N42100 G1 Y0.6673
N42105 X-0.2241 Y0.6614
N42110 X-0.2234 Y0.6555
N42115 X-0.2222 Y0.6497
N42120 X-0.2206 Y0.644
N42125 X-0.2187 Y0.6385
N42130 X-0.2165 Y0.633
N42135 X-0.2138 Y0.6274
N42140 X-0.2107 Y0.6214
N42145 X-0.2071 Y0.6154
N42150 X-0.2027 Y0.6088
N42155 X-0.1979 Y0.6022
N42160 X-0.1923 Y0.5953
N42165 X-0.1857 Y0.588
N42170 X-0.1787 Y0.5809
N42175 X-0.1706 Y0.5735
N42180 X-0.1614 Y0.5658
N42185 X-0.1516 Y0.5584
N42190 X-0.1407 Y0.551
N42195 X-0.1285 Y0.5435
N42200 X-0.1151 Y0.5362
N42205 X-0.101 Y0.5294
N42210 X-0.086 Y0.523
N42215 X-0.0699 Y0.5171
N42220 X-0.0529 Y0.5118
N42225 X-0.0351 Y0.5071
N42230 X-0.0169 Y0.5033
N42235 X0.0016 Y0.5003
N42240 X0.0201 Y0.4983
N42245 X0.0385 Y0.4971
N42250 X0.0565 Y0.4969
N42255 X0.074 Y0.4976
N42260 X0.0904 Y0.4989
N42265 X0.1056 Y0.501
N42270 X0.1196 Y0.5036
N42275 X0.1327 Y0.5067
N42280 X0.1432 Y0.5097
N42285 X0.1542 Y0.5134
N42290 X0.1625 Y0.5167
N42295 X0.1709 Y0.5205
N42300 X0.1789 Y0.5246
N42305 X0.1811 Y0.5259
N42310 X0.1934 Y0.5345
N42315 X0.2041 Y0.5452
N42320 X0.2128 Y0.5576
N42325 X0.2192 Y0.5712
N42330 X0.2231 Y0.5858
N42335 X0.2244 Y0.6009
N42340 Y0.6402
N42345 G3 X0.2024 Y0.6629 Z-0.4493 I-0.0236 J-0.0008
N42350 G1 X0.2 Y0.6631 Z-0.4488
N42355 X-0.1992 Y0.69
N42360 X-0.2 Y0.6901
N42365 G3 X-0.2244 Y0.6673 Z-0.4567 I-0.0008 J-0.0236
N42370 G1 Y0.6276
N42375 X-0.2241 Y0.6218
N42380 X-0.2234 Y0.6159
N42385 X-0.2222 Y0.6101
N42390 X-0.2206 Y0.6044
N42395 X-0.2186 Y0.5988
N42400 X-0.2164 Y0.5934
N42405 X-0.2137 Y0.5877
N42410 X-0.2106 Y0.5818
N42415 X-0.2069 Y0.5757
N42420 X-0.2025 Y0.5691
N42425 X-0.1977 Y0.5625
N42430 X-0.192 Y0.5556
N42435 X-0.1855 Y0.5483
N42440 X-0.1784 Y0.5411
N42445 X-0.1702 Y0.5337
N42450 X-0.161 Y0.526
N42455 X-0.1511 Y0.5186
N42460 X-0.1402 Y0.5112
N42465 X-0.128 Y0.5038
N42470 X-0.1146 Y0.4965
N42475 X-0.1005 Y0.4897
N42480 X-0.0856 Y0.4834
N42485 X-0.0695 Y0.4775
N42490 X-0.0525 Y0.4722
N42495 X-0.0348 Y0.4676
N42500 X-0.0165 Y0.4638
N42505 X0.0021 Y0.4609
N42510 X0.0207 Y0.4589
N42515 X0.039 Y0.4578
N42520 X0.057 Y0.4576
N42525 X0.0744 Y0.4582
N42530 X0.0908 Y0.4597
N42535 X0.1059 Y0.4617
N42540 X0.12 Y0.4643
N42545 X0.1331 Y0.4674
N42550 X0.1435 Y0.4705
N42555 X0.1545 Y0.4742
N42560 X0.1628 Y0.4775
N42565 X0.1712 Y0.4814
N42570 X0.1791 Y0.4854
N42575 X0.1812 Y0.4866
N42580 X0.1935 Y0.4953
N42585 X0.2042 Y0.506
N42590 X0.2128 Y0.5183
N42595 X0.2192 Y0.532
N42600 X0.2231 Y0.5466
N42605 X0.2244 Y0.5616
N42610 Y0.6009
N42615 G3 X0.2024 Y0.6236 Z-0.4493 I-0.0236 J-0.0008
N42620 G1 X0.2 Y0.6238 Z-0.4488
N42625 X-0.1992 Y0.6504
N42630 X-0.2
N42635 G3 X-0.2244 Y0.6276 Z-0.4567 I-0.0008 J-0.0236
N42640 G1 Y0.588
N42645 X-0.2241 Y0.5821
N42650 X-0.2234 Y0.5763
N42655 X-0.2221 Y0.5705
N42660 X-0.2205 Y0.5648
N42665 X-0.2186 Y0.5592
N42670 X-0.2163 Y0.5538
N42675 X-0.2136 Y0.5481
N42680 X-0.2105 Y0.5421
N42685 X-0.2068 Y0.536
N42690 X-0.2024 Y0.5294
N42695 X-0.1975 Y0.5228
N42700 X-0.1918 Y0.5159
N42705 X-0.1852 Y0.5086
N42710 X-0.1781 Y0.5014
N42715 X-0.17 Y0.494
N42720 X-0.1607 Y0.4863
N42725 X-0.1508 Y0.4789
N42730 X-0.1399 Y0.4716
N42735 X-0.1277 Y0.4642
N42740 X-0.1143 Y0.4569
N42745 X-0.1002 Y0.4502
N42750 X-0.0852 Y0.4439
N42755 X-0.0691 Y0.438
N42760 X-0.0521 Y0.4327
N42765 X-0.0344 Y0.4281
N42770 X-0.0161 Y0.4244
N42775 X0.0025 Y0.4214
N42780 X0.0211 Y0.4195
N42785 X0.0394 Y0.4184
N42790 X0.0574 Y0.4182
N42795 X0.0748 Y0.4189
N42800 X0.0911 Y0.4204
N42805 X0.1063 Y0.4225
N42810 X0.1203 Y0.4251
N42815 X0.1334 Y0.4282
N42820 X0.1438 Y0.4313
N42825 X0.1548 Y0.435
N42830 X0.163 Y0.4383
N42835 X0.1714 Y0.4422
N42840 X0.1793 Y0.4463
N42845 X0.1813 Y0.4474
N42850 X0.1937 Y0.4561
N42855 X0.2043 Y0.4668
N42860 X0.213 Y0.4792
N42865 X0.2193 Y0.493
N42870 X0.2232 Y0.5076
N42875 X0.2244 Y0.5226
N42880 Y0.5616
N42885 G3 X0.2024 Y0.5843 Z-0.4493 I-0.0236 J-0.0008
N42890 G1 X0.2 Y0.5845 Z-0.4488
N42895 X-0.1993 Y0.6108
N42900 X-0.2
N42905 G3 X-0.2244 Y0.588 Z-0.4567 I-0.0008 J-0.0236
N42910 G1 Y0.5508
N42915 X-0.2241 Y0.5446
N42920 X-0.2235 Y0.5387
N42925 X-0.2225 Y0.5329
N42930 X-0.221 Y0.5272
N42935 X-0.2191 Y0.5216
N42940 X-0.217 Y0.5161
N42945 X-0.2144 Y0.5105
N42950 X-0.2115 Y0.5048
N42955 X-0.208 Y0.4986
N42960 X-0.2039 Y0.4923
N42965 X-0.1993 Y0.4858
N42970 X-0.1937 Y0.4787
N42975 X-0.1877 Y0.4718
N42980 X-0.1807 Y0.4646
N42985 X-0.1727 Y0.457
N42990 X-0.1641 Y0.4497
N42995 X-0.1546 Y0.4423
N43000 X-0.1438 Y0.4347
N43005 X-0.1319 Y0.4272
N43010 X-0.1194 Y0.4202
N43015 X-0.1057 Y0.4133
N43020 X-0.0908 Y0.4067
N43025 X-0.0749 Y0.4006
N43030 X-0.058 Y0.395
N43035 X-0.0405 Y0.3902
N43040 X-0.0225 Y0.3862
N43045 X-0.0042 Y0.383
N43050 X0.0144 Y0.3806
N43055 X0.0329 Y0.3793
N43060 X0.0509 Y0.3788
N43065 X0.0684 Y0.3792
N43070 X0.0849 Y0.3803
N43075 X0.1007 Y0.3822
N43080 X0.1154 Y0.3847
N43085 X0.1289 Y0.3877
N43090 X0.14 Y0.3907
N43095 X0.1511 Y0.3943
N43100 X0.1603 Y0.3978
N43105 X0.1682 Y0.4013
N43110 X0.1767 Y0.4055
N43115 X0.1835 Y0.4093
N43120 X0.1851 Y0.4103
N43125 X0.1979 Y0.4201
N43130 X0.2087 Y0.432
N43135 X0.2171 Y0.4458
N43140 X0.2228 Y0.4609
N43145 X0.2256 Y0.4768
N43150 X0.2253 Y0.493
N43155 X0.2251 Y0.4953
N43160 X0.2245 Y0.5032
N43165 X0.2244 Y0.5226
N43170 G3 X0.2025 Y0.5453 Z-0.4494 I-0.0236 J-0.0009
N43175 G1 X0.1999 Y0.5454 Z-0.4488
N43180 X-0.1991 Y0.5735
N43185 X-0.2 Y0.5736
N43190 G3 X-0.2244 Y0.5508 Z-0.4567 I-0.0008 J-0.0236
N43195 G1 Y0.527
N43200 X-0.2245 Y0.5112
N43205 X-0.2242 Y0.5053
N43210 X-0.2236 Y0.4994
N43215 X-0.2226 Y0.4936
N43220 X-0.2211 Y0.4879
N43225 X-0.2192 Y0.4823
N43230 X-0.2171 Y0.4768
N43235 X-0.2146 Y0.4712
N43240 X-0.2116 Y0.4653
N43245 X-0.2081 Y0.4594
N43250 X-0.204 Y0.4529
N43255 X-0.1993 Y0.4463
N43260 X-0.1939 Y0.4395
N43265 X-0.1876 Y0.4323
N43270 X-0.1808 Y0.4252
N43275 X-0.1731 Y0.4179
N43280 X-0.1642 Y0.4103
N43285 X-0.1545 Y0.4028
N43290 X-0.144 Y0.3954
N43295 X-0.1322 Y0.388
N43300 X-0.1192 Y0.3807
N43305 X-0.1054 Y0.3737
N43310 X-0.0908 Y0.3673
N43315 X-0.0751 Y0.3613
N43320 X-0.0584 Y0.3557
N43325 X-0.0409 Y0.3509
N43330 X-0.0228 Y0.3468
N43335 X-0.0044 Y0.3436
N43340 X0.0141 Y0.3413
N43345 X0.0326 Y0.3399
N43350 X0.0507 Y0.3395
N43355 X0.0684 Y0.3398
N43360 X0.0851 Y0.341
N43365 X0.1009 Y0.3429
N43370 X0.1152 Y0.3454
N43375 X0.1288 Y0.3484
N43380 X0.141 Y0.3517
N43385 X0.1508 Y0.3549
N43390 X0.1614 Y0.3589
N43395 X0.1694 Y0.3624
N43400 X0.177 Y0.3661
N43405 X0.185 Y0.3706
N43410 X0.1912 Y0.3745
N43415 X0.1931 Y0.3758
N43420 X0.2053 Y0.386
N43425 X0.2154 Y0.3983
N43430 X0.2231 Y0.4122
N43435 X0.2281 Y0.4273
N43440 X0.2303 Y0.4431
N43445 X0.2295 Y0.459
N43450 X0.2278 Y0.4715
N43455 X0.2268 Y0.4795
N43460 X0.2253 Y0.493
N43465 G3 X0.2032 Y0.5132 Z-0.4498 I-0.0234 J-0.0033
N43470 G1 X0.1986 Y0.5135 Z-0.4488
N43475 X-0.1997 Y0.5338
N43480 X-0.2
N43485 G3 X-0.2245 Y0.5112 Z-0.4567 I-0.0009 J-0.0236
N43490 G1 Y0.5032
N43495 X-0.2251 Y0.4953
N43500 X-0.2268 Y0.4795
N43505 X-0.2272 Y0.4736
N43510 X-0.227 Y0.4677
N43515 X-0.2263 Y0.4618
N43520 X-0.2251 Y0.456
N43525 X-0.2236 Y0.4503
N43530 X-0.2217 Y0.4447
N43535 X-0.2195 Y0.4392
N43540 X-0.2169 Y0.4334
N43545 X-0.2138 Y0.4274
N43550 X-0.2102 Y0.4212
N43555 X-0.2059 Y0.4145
N43560 X-0.2011 Y0.4079
N43565 X-0.1955 Y0.4009
N43570 X-0.1891 Y0.3934
N43575 X-0.1821 Y0.3862
N43580 X-0.1741 Y0.3787
N43585 X-0.165 Y0.371
N43590 X-0.1552 Y0.3634
N43595 X-0.1445 Y0.356
N43600 X-0.1326 Y0.3485
N43605 X-0.1195 Y0.3412
N43610 X-0.1054 Y0.3342
N43615 X-0.0907 Y0.3277
N43620 X-0.0749 Y0.3217
N43625 X-0.0581 Y0.3162
N43630 X-0.0405 Y0.3114
N43635 X-0.0223 Y0.3073
N43640 X-0.0038 Y0.3041
N43645 X0.0148 Y0.3019
N43650 X0.0334 Y0.3005
N43655 X0.0515 Y0.3001
N43660 X0.0692 Y0.3005
N43665 X0.0861 Y0.3018
N43670 X0.1018 Y0.3037
N43675 X0.1163 Y0.3062
N43680 X0.1299 Y0.3092
N43685 X0.1428 Y0.3128
N43690 X0.1538 Y0.3164
N43695 X0.1634 Y0.3201
N43700 X0.1733 Y0.3244
N43705 X0.1807 Y0.3281
N43710 X0.1883 Y0.3324
N43715 X0.1957 Y0.337
N43720 X0.2015 Y0.3411
N43725 X0.2075 Y0.3457
N43730 X0.2178 Y0.3561
N43735 X0.2261 Y0.368
N43740 X0.2324 Y0.3811
N43745 X0.2363 Y0.3951
N43750 X0.2379 Y0.4096
N43755 X0.237 Y0.4241
N43760 X0.2337 Y0.4383
N43765 G3 X0.2141 Y0.4537 Z-0.4511 I-0.0222 J-0.0081
N43770 G1 X0.2102 Y0.4542 Z-0.4503
N43775 X0.2034 Y0.4549 Z-0.4488
N43780 X-0.1997 Y0.4991
N43785 X-0.2009 Y0.4992 Z-0.4491
N43790 G3 X-0.2268 Y0.4795 Z-0.4567 I-0.0026 J-0.0235
N43795 G1 X-0.2278 Y0.4715
N43800 X-0.23 Y0.4557
N43805 X-0.2311 Y0.4494
N43810 X-0.2318 Y0.4435
N43815 X-0.232 Y0.4376
N43820 X-0.2317 Y0.4317
N43825 X-0.2309 Y0.4259
N43830 X-0.2296 Y0.4201
N43835 X-0.2281 Y0.4144
N43840 X-0.2262 Y0.4088
N43845 X-0.2239 Y0.4031
N43850 X-0.2212 Y0.3971
N43855 X-0.2181 Y0.391
N43860 X-0.2143 Y0.3844
N43865 X-0.2099 Y0.3776
N43870 X-0.205 Y0.3707
N43875 X-0.1992 Y0.3633
N43880 X-0.1927 Y0.356
N43885 X-0.1855 Y0.3485
N43890 X-0.1773 Y0.3407
N43895 X-0.1681 Y0.3328
N43900 X-0.1583 Y0.3252
N43905 X-0.1473 Y0.3176
N43910 X-0.1351 Y0.3099
N43915 X-0.1218 Y0.3024
N43920 X-0.1079 Y0.2955
N43925 X-0.093 Y0.2889
N43930 X-0.0769 Y0.2827
N43935 X-0.0599 Y0.2771
N43940 X-0.0421 Y0.2722
N43945 X-0.0238 Y0.2681
N43950 X-0.0051 Y0.2648
N43955 X0.0136 Y0.2625
N43960 X0.0323 Y0.2611
N43965 X0.0505 Y0.2606
N43970 X0.0683 Y0.261
N43975 X0.0855 Y0.2623
N43980 X0.1019 Y0.2643
N43985 X0.1171 Y0.2668
N43990 X0.131 Y0.2699
N43995 X0.1442 Y0.2735
N44000 X0.1566 Y0.2776
N44005 X0.168 Y0.2819
N44010 X0.1771 Y0.2859
N44015 X0.1863 Y0.2905
N44020 X0.1943 Y0.2949
N44025 X0.201 Y0.2991
N44030 X0.2083 Y0.3042
N44035 X0.2143 Y0.3087
N44040 X0.2197 Y0.3133
N44045 X0.2257 Y0.3191
N44050 X0.2348 Y0.3302
N44055 X0.242 Y0.3426
N44060 X0.247 Y0.3561
N44065 X0.2496 Y0.3702
N44070 X0.25 Y0.3845
N44075 X0.2479 Y0.3987
N44080 X0.2436 Y0.4124
N44085 X0.2388 Y0.424
N44090 X0.2358 Y0.4319
N44095 X0.2337 Y0.4383
N44100 G3 X0.2123 Y0.4539 Z-0.4507 I-0.0222 J-0.0081
N44105 G1 X0.2101 Z-0.4503
N44110 X0.2033 Y0.4542 Z-0.4488
N44115 X-0.2031 Y0.4679
N44120 X-0.2072 Y0.4681 Z-0.4497
N44125 G3 X-0.2311 Y0.4494 Z-0.4567 I-0.0008 J-0.0236
N44130 G1 X-0.2314 Y0.4478
N44135 X-0.2332 Y0.4398
N44140 X-0.2358 Y0.4319
N44145 X-0.2367 Y0.4295
N44150 X-0.2385 Y0.4239
N44155 X-0.2398 Y0.4181
N44160 X-0.2404 Y0.4123
N44165 X-0.2405 Y0.4064
N44170 X-0.2401 Y0.4005
N44175 X-0.2393 Y0.3946
N44180 X-0.2381 Y0.3888
N44185 X-0.2366 Y0.3831
N44190 X-0.2348 Y0.3773
N44195 X-0.2326 Y0.3715
N44200 X-0.2299 Y0.3653
N44205 X-0.2266 Y0.3586
N44210 X-0.223 Y0.3519
N44215 X-0.2186 Y0.3448
N44220 X-0.2135 Y0.3374
N44225 X-0.2079 Y0.3301
N44230 X-0.2015 Y0.3223
N44235 X-0.194 Y0.3143
N44240 X-0.186 Y0.3064
N44245 X-0.177 Y0.2985
N44250 X-0.167 Y0.2903
N44255 X-0.1558 Y0.2822
N44260 X-0.1439 Y0.2744
N44265 X-0.1311 Y0.2669
N44270 X-0.1169 Y0.2595
N44275 X-0.1017 Y0.2524
N44280 X-0.0854 Y0.2458
N44285 X-0.0684 Y0.2398
N44290 X-0.0508 Y0.2346
N44295 X-0.0326 Y0.2301
N44300 X-0.0139 Y0.2265
N44305 X0.0051 Y0.2238
N44310 X0.0242 Y0.222
N44315 X0.0432 Y0.2211
N44320 X0.0616 Y0.2212
N44325 X0.0794 Y0.2221
N44330 X0.0964 Y0.2238
N44335 X0.1127 Y0.2263
N44340 X0.1281 Y0.2294
N44345 X0.1426 Y0.233
N44350 X0.1557 Y0.237
N44355 X0.168 Y0.2414
N44360 X0.1795 Y0.2462
N44365 X0.1902 Y0.2513
N44370 X0.1993 Y0.2561
N44375 X0.2076 Y0.2611
N44380 X0.2156 Y0.2664
N44385 X0.2219 Y0.2711
N44390 X0.2287 Y0.2766
N44395 X0.2344 Y0.2818
N44400 X0.2393 Y0.2867
N44405 X0.2446 Y0.2925
N44410 X0.2527 Y0.304
N44415 X0.2588 Y0.3166
N44420 X0.2627 Y0.3301
N44425 X0.2644 Y0.344
N44430 X0.2639 Y0.358
N44435 X0.2611 Y0.3718
N44440 X0.2561 Y0.3849
N44445 X0.2488 Y0.4002
N44450 X0.2453 Y0.4081
N44455 X0.2436 Y0.4124
N44460 G3 X0.223 Y0.4262 Z-0.4512 I-0.0215 J-0.0098
N44465 G1 X0.2188 Y0.4264 Z-0.4503
N44470 X0.212 Y0.4267 Z-0.4488
N44475 X-0.2056 Y0.4437
N44480 X-0.2124 Y0.444 Z-0.4503
N44485 X-0.2139 Z-0.4506
N44490 G3 X-0.2367 Y0.4295 Z-0.4567 I-0.001 J-0.0236
N44495 G1 X-0.2388 Y0.424
N44500 X-0.2453 Y0.4081
N44505 X-0.2464 Y0.4057
N44510 X-0.2485 Y0.4002
N44515 X-0.2501 Y0.3946
N44520 X-0.2512 Y0.3887
N44525 X-0.2516 Y0.3829
N44530 Y0.377
N44535 X-0.2512 Y0.3711
N44540 X-0.2505 Y0.3652
N44545 X-0.2494 Y0.3594
N44550 X-0.2479 Y0.3536
N44555 X-0.2461 Y0.3477
N44560 X-0.2439 Y0.3414
N44565 X-0.2412 Y0.3346
N44570 X-0.238 Y0.3278
N44575 X-0.2342 Y0.3207
N44580 X-0.2297 Y0.3131
N44585 X-0.2247 Y0.3054
N44590 X-0.219 Y0.2976
N44595 X-0.2124 Y0.2894
N44600 X-0.2049 Y0.2811
N44605 X-0.1969 Y0.2729
N44610 X-0.1878 Y0.2645
N44615 X-0.1775 Y0.256
N44620 X-0.1663 Y0.2475
N44625 X-0.1544 Y0.2393
N44630 X-0.1413 Y0.2313
N44635 X-0.127 Y0.2235
N44640 X-0.1116 Y0.216
N44645 X-0.0953 Y0.209
N44650 X-0.0782 Y0.2027
N44655 X-0.0604 Y0.197
N44660 X-0.042 Y0.1922
N44665 X-0.0229 Y0.1881
N44670 X-0.0035 Y0.185
N44675 X0.0161 Y0.1828
N44680 X0.0356 Y0.1815
N44685 X0.0549 Y0.1813
N44690 X0.0737 Y0.1819
N44695 X0.0917 Y0.1834
N44700 X0.1089 Y0.1857
N44705 X0.1254 Y0.1887
N44710 X0.1412 Y0.1924
N44715 X0.156 Y0.1966
N44720 X0.1698 Y0.2012
N44725 X0.1824 Y0.2062
N44730 X0.1941 Y0.2115
N44735 X0.2052 Y0.2171
N44740 X0.2153 Y0.223
N44745 X0.2238 Y0.2284
N44750 X0.2317 Y0.234
N44755 X0.239 Y0.2398
N44760 X0.2449 Y0.2449
N44765 X0.2512 Y0.2509
N44770 X0.2563 Y0.2563
N44775 X0.2609 Y0.2617
N44780 X0.2657 Y0.2679
N44785 X0.267 Y0.2698
N44790 X0.2746 Y0.2828
N44795 X0.2797 Y0.2969
N44800 X0.2822 Y0.3117
N44805 X0.2821 Y0.3268
N44810 X0.2793 Y0.3416
N44815 X0.274 Y0.3556
N44820 X0.2663 Y0.3685
N44825 X0.2608 Y0.3764
N44830 X0.2575 Y0.3819
N44835 X0.2561 Y0.3849
N44840 G3 X0.2362 Y0.3976 Z-0.4514 I-0.021 J-0.0109
N44845 G1 X0.2307 Y0.3979 Z-0.4503
N44850 X0.2239 Y0.3982 Z-0.4488
N44855 X-0.2145 Y0.4186
N44860 X-0.2213 Y0.4189 Z-0.4503
N44865 X-0.224 Y0.419 Z-0.4509
N44870 G3 X-0.2464 Y0.4057 Z-0.4567 I-0.0011 J-0.0236
N44875 G1 X-0.2488 Y0.4002
N44880 X-0.2575 Y0.3819
N44885 X-0.2585 Y0.3802
N44890 X-0.2613 Y0.375
N44895 X-0.263 Y0.3694
N44900 X-0.2641 Y0.3636
N44905 X-0.2648 Y0.3577
N44910 X-0.265 Y0.3518
N44915 X-0.2648 Y0.3459
N44920 X-0.2642 Y0.34
N44925 X-0.2633 Y0.3342
N44930 X-0.2622 Y0.3284
N44935 X-0.2606 Y0.3221
N44940 X-0.2586 Y0.3155
N44945 X-0.2561 Y0.3088
N44950 X-0.2531 Y0.3015
N44955 X-0.2495 Y0.294
N44960 X-0.2455 Y0.2865
N44965 X-0.2407 Y0.2784
N44970 X-0.235 Y0.27
N44975 X-0.2289 Y0.2617
N44980 X-0.2219 Y0.2532
N44985 X-0.2138 Y0.2443
N44990 X-0.2049 Y0.2353
N44995 X-0.1954 Y0.2266
N45000 X-0.1846 Y0.2178
N45005 X-0.1727 Y0.2089
N45010 X-0.1596 Y0.2001
N45015 X-0.1458 Y0.1917
N45020 X-0.1311 Y0.1838
N45025 X-0.1152 Y0.1762
N45030 X-0.0983 Y0.1691
N45035 X-0.0804 Y0.1626
N45040 X-0.0617 Y0.1568
N45045 X-0.0424 Y0.1519
N45050 X-0.0225 Y0.1478
N45055 X-0.0024 Y0.1447
N45060 X0.0177 Y0.1425
N45065 X0.0378 Y0.1414
N45070 X0.0576 Y0.1412
N45075 X0.077 Y0.142
N45080 X0.096 Y0.1437
N45085 X0.1143 Y0.1463
N45090 X0.1318 Y0.1496
N45095 X0.1486 Y0.1536
N45100 X0.1643 Y0.1582
N45105 X0.1789 Y0.1632
N45110 X0.1925 Y0.1687
N45115 X0.2052 Y0.1745
N45120 X0.217 Y0.1806
N45125 X0.2277 Y0.1869
N45130 X0.2376 Y0.1933
N45135 X0.2468 Y0.1999
N45140 X0.2541 Y0.2058
N45145 X0.2619 Y0.2126
N45150 X0.2681 Y0.2187
N45155 X0.2734 Y0.2244
N45160 X0.2791 Y0.231
N45165 X0.2836 Y0.2369
N45170 X0.2874 Y0.2425
N45175 X0.2915 Y0.2491
N45180 X0.2918 Y0.2496
N45185 X0.2978 Y0.263
N45190 X0.3015 Y0.2772
N45195 X0.3027 Y0.2917
N45200 X0.3015 Y0.3063
N45205 X0.2978 Y0.3205
N45210 X0.2918 Y0.3339
N45215 X0.2836 Y0.346
N45220 X0.2783 Y0.3527
N45225 X0.272 Y0.3606
N45230 X0.2663 Y0.3685
N45235 G3 X0.2483 Y0.3776 Z-0.4523 I-0.0186 J-0.0145
N45240 G1 X0.2388 Y0.3779 Z-0.4503
N45245 X0.232 Y0.378 Z-0.4488
N45250 X-0.2251 Y0.3906
N45255 X-0.232 Y0.3908 Z-0.4503
N45260 X-0.2381 Y0.391 Z-0.4516
N45265 G3 X-0.2585 Y0.3802 Z-0.4567 I-0.0006 J-0.0236
N45270 G1 X-0.2608 Y0.3764
N45275 X-0.2663 Y0.3685
N45280 X-0.2694 Y0.3642
N45285 X-0.2726 Y0.3592
N45290 X-0.2753 Y0.3539
N45295 X-0.2773 Y0.3484
N45300 X-0.2787 Y0.3426
N45305 X-0.2797 Y0.3368
N45310 X-0.2803 Y0.3309
N45315 X-0.2804 Y0.325
N45320 X-0.2802 Y0.3191
N45325 X-0.2797 Y0.3132
N45330 X-0.2789 Y0.3071
N45335 X-0.2777 Y0.3009
N45340 X-0.2761 Y0.2943
N45345 X-0.274 Y0.2872
N45350 X-0.2715 Y0.2799
N45355 X-0.2685 Y0.2724
N45360 X-0.2648 Y0.2643
N45365 X-0.2605 Y0.256
N45370 X-0.2557 Y0.2477
N45375 X-0.25 Y0.2389
N45380 X-0.2434 Y0.2298
N45385 X-0.2362 Y0.2208
N45390 X-0.2281 Y0.2116
N45395 X-0.2189 Y0.2021
N45400 X-0.2087 Y0.1926
N45405 X-0.1976 Y0.1832
N45410 X-0.1858 Y0.1741
N45415 X-0.1726 Y0.165
N45420 X-0.1583 Y0.1561
N45425 X-0.1427 Y0.1474
N45430 X-0.1262 Y0.1392
N45435 X-0.1088 Y0.1317
N45440 X-0.0907 Y0.1248
N45445 X-0.0717 Y0.1186
N45450 X-0.0518 Y0.1133
N45455 X-0.0314 Y0.1088
N45460 X-0.0106 Y0.1053
N45465 X0.0104 Y0.1028
N45470 X0.0315 Y0.1013
N45475 X0.0524 Y0.1008
N45480 X0.0731 Y0.1014
N45485 X0.0934 Y0.103
N45490 X0.1131 Y0.1054
N45495 X0.1319 Y0.1087
N45500 X0.1497 Y0.1127
N45505 X0.1666 Y0.1174
N45510 X0.1827 Y0.1228
N45515 X0.1979 Y0.1286
N45520 X0.2123 Y0.135
N45525 X0.2254 Y0.1416
N45530 X0.2375 Y0.1484
N45535 X0.2485 Y0.1554
N45540 X0.2589 Y0.1626
N45545 X0.2683 Y0.17
N45550 X0.2769 Y0.1773
N45555 X0.2838 Y0.1839
N45560 X0.2906 Y0.191
N45565 X0.2966 Y0.1978
N45570 X0.3013 Y0.2038
N45575 X0.3063 Y0.2109
N45580 X0.3104 Y0.2172
N45585 X0.3138 Y0.2231
N45590 X0.3173 Y0.2301
N45595 X0.3222 Y0.2438
N45600 X0.3246 Y0.2581
N45605 X0.3247 Y0.2726
N45610 X0.3223 Y0.2869
N45615 X0.3176 Y0.3006
N45620 X0.3107 Y0.3134
N45625 X0.3017 Y0.3248
N45630 X0.2972 Y0.3296
N45635 X0.291 Y0.3368
N45640 X0.2836 Y0.346
N45645 G3 X0.2666 Y0.3542 Z-0.4526 I-0.0179 J-0.0154
N45650 G1 X0.2558 Y0.3546 Z-0.4503
N45655 X0.2489 Y0.3548 Z-0.4488
N45660 X-0.2352 Y0.3727
N45665 X-0.242 Y0.3729 Z-0.4503
N45670 X-0.2499 Y0.3732 Z-0.452
N45675 G3 X-0.2694 Y0.3642 Z-0.4567 I-0.0009 J-0.0236
N45680 G1 X-0.272 Y0.3606
N45685 X-0.2783 Y0.3527
N45690 X-0.2846 Y0.3447
N45695 X-0.2881 Y0.34
N45700 X-0.291 Y0.3348
N45705 X-0.2933 Y0.3294
N45710 X-0.2951 Y0.3237
N45715 X-0.2964 Y0.318
N45720 X-0.2973 Y0.3121
N45725 X-0.2978 Y0.3063
N45730 X-0.298 Y0.3004
N45735 X-0.2979 Y0.2945
N45740 X-0.2975 Y0.2883
N45745 X-0.2967 Y0.282
N45750 X-0.2955 Y0.2752
N45755 X-0.2939 Y0.268
N45760 X-0.2919 Y0.2606
N45765 X-0.2893 Y0.2528
N45770 X-0.2862 Y0.2446
N45775 X-0.2825 Y0.2361
N45780 X-0.2782 Y0.2275
N45785 X-0.2731 Y0.2184
N45790 X-0.2671 Y0.2089
N45795 X-0.2606 Y0.1995
N45800 X-0.2532 Y0.1899
N45805 X-0.2448 Y0.18
N45810 X-0.2353 Y0.1699
N45815 X-0.225 Y0.16
N45820 X-0.2138 Y0.1502
N45825 X-0.2013 Y0.1403
N45830 X-0.1876 Y0.1305
N45835 X-0.1727 Y0.1209
N45840 X-0.1568 Y0.1117
N45845 X-0.1402 Y0.1031
N45850 X-0.1226 Y0.0951
N45855 X-0.1038 Y0.0876
N45860 X-0.0841 Y0.0809
N45865 X-0.0635 Y0.075
N45870 X-0.0424 Y0.07
N45875 X-0.0207 Y0.0659
N45880 X0.0013 Y0.0629
N45885 X0.0235 Y0.061
N45890 X0.0456 Y0.0602
N45895 X0.0675 Y0.0604
N45900 X0.0889 Y0.0617
N45905 X0.1098 Y0.064
N45910 X0.1301 Y0.0672
N45915 X0.1497 Y0.0713
N45920 X0.1685 Y0.0762
N45925 X0.1862 Y0.0817
N45930 X0.2027 Y0.0878
N45935 X0.2183 Y0.0944
N45940 X0.2331 Y0.1015
N45945 X0.247 Y0.1091
N45950 X0.2596 Y0.1168
N45955 X0.2712 Y0.1246
N45960 X0.2816 Y0.1324
N45965 X0.2914 Y0.1405
N45970 X0.3002 Y0.1486
N45975 X0.3083 Y0.1567
N45980 X0.3146 Y0.1638
N45985 X0.3208 Y0.1714
N45990 X0.3262 Y0.1787
N45995 X0.3304 Y0.1851
N46000 X0.3348 Y0.1925
N46005 X0.3383 Y0.1991
N46010 X0.3412 Y0.2053
N46015 X0.3417 Y0.2065
N46020 X0.3463 Y0.2211
N46025 X0.3482 Y0.2364
N46030 X0.3474 Y0.2517
N46035 X0.3439 Y0.2667
N46040 X0.3379 Y0.2808
N46045 X0.3294 Y0.2936
N46050 X0.3209 Y0.3041
N46055 X0.3201 Y0.3051
N46060 X0.3017 Y0.3248
N46065 G3 X0.2859 Y0.3317 Z-0.4529 I-0.0167 J-0.0167
N46070 G1 X0.2733 Y0.3322 Z-0.4503
N46075 X0.2665 Y0.3324 Z-0.4488
N46080 X-0.25 Y0.3523
N46085 X-0.2568 Y0.3526 Z-0.4503
N46090 X-0.2659 Y0.3529 Z-0.4522
N46095 G3 X-0.2846 Y0.3447 Z-0.4567 I-0.0009 J-0.0236
N46100 G1 X-0.291 Y0.3368
N46105 X-0.2972 Y0.3296
N46110 X-0.3001 Y0.3266
N46115 X-0.3039 Y0.322
N46120 X-0.3072 Y0.3171
N46125 X-0.3099 Y0.3119
N46130 X-0.3121 Y0.3064
N46135 X-0.3139 Y0.3008
N46140 X-0.3152 Y0.2951
N46145 X-0.3162 Y0.2892
N46150 X-0.3168 Y0.2834
N46155 X-0.3171 Y0.2775
N46160 Y0.2714
N46165 X-0.3168 Y0.2652
N46170 X-0.3162 Y0.2584
N46175 X-0.3151 Y0.2511
N46180 X-0.3136 Y0.2437
N46185 X-0.3117 Y0.2358
N46190 X-0.3091 Y0.2275
N46195 X-0.3061 Y0.219
N46200 X-0.3025 Y0.2101
N46205 X-0.2981 Y0.2008
N46210 X-0.2929 Y0.1911
N46215 X-0.2872 Y0.1814
N46220 X-0.2806 Y0.1714
N46225 X-0.273 Y0.1611
N46230 X-0.2643 Y0.1505
N46235 X-0.255 Y0.1401
N46240 X-0.2446 Y0.1295
N46245 X-0.233 Y0.1189
N46250 X-0.2201 Y0.1082
N46255 X-0.2062 Y0.0977
N46260 X-0.1914 Y0.0877
N46265 X-0.1756 Y0.078
N46270 X-0.1585 Y0.0687
N46275 X-0.1403 Y0.0599
N46280 X-0.1208 Y0.0516
N46285 X-0.1004 Y0.0441
N46290 X-0.0792 Y0.0374
N46295 X-0.0572 Y0.0317
N46300 X-0.0346 Y0.027
N46305 X-0.0117 Y0.0233
N46310 X0.0114 Y0.0208
N46315 X0.0346 Y0.0193
N46320 X0.0577 Y0.0191
N46325 X0.0805 Y0.0199
N46330 X0.103 Y0.0218
N46335 X0.1248 Y0.0248
N46340 X0.146 Y0.0287
N46345 X0.1664 Y0.0335
N46350 X0.1859 Y0.0391
N46355 X0.2046 Y0.0455
N46360 X0.2224 Y0.0525
N46365 X0.2389 Y0.06
N46370 X0.2541 Y0.0678
N46375 X0.2684 Y0.0761
N46380 X0.2818 Y0.0847
N46385 X0.294 Y0.0934
N46390 X0.3052 Y0.1023
N46395 X0.3152 Y0.111
N46400 X0.3243 Y0.1197
N46405 X0.3326 Y0.1286
N46410 X0.3396 Y0.1368
N46415 X0.3454 Y0.1443
N46420 X0.3512 Y0.1526
N46425 X0.3555 Y0.1595
N46430 X0.3595 Y0.1666
N46435 X0.3614 Y0.1704
N46440 X0.367 Y0.1844
N46445 X0.37 Y0.1992
N46450 X0.3704 Y0.2142
N46455 X0.3682 Y0.2292
N46460 X0.3635 Y0.2435
N46465 X0.3563 Y0.2567
N46470 X0.3505 Y0.2655
N46475 X0.3447 Y0.274
N46480 X0.3391 Y0.2813
N46485 X0.3294 Y0.2936
N46490 G3 X0.3127 Y0.3018 Z-0.4526 I-0.0179 J-0.0154
N46495 G1 X0.3016 Y0.3024 Z-0.4503
N46500 X0.2948 Y0.3027 Z-0.4488
N46505 X-0.2648 Y0.3325
N46510 X-0.2717 Y0.3329 Z-0.4503
N46515 X-0.2821 Y0.3334 Z-0.4525
N46520 G3 X-0.3001 Y0.3266 Z-0.4567 I-0.0013 J-0.0236
N46525 G1 X-0.3201 Y0.3051
N46530 X-0.3238 Y0.3005
N46535 X-0.327 Y0.2956
N46540 X-0.3297 Y0.2903
N46545 X-0.332 Y0.2849
N46550 X-0.3338 Y0.2793
N46555 X-0.3353 Y0.2735
N46560 X-0.3363 Y0.2677
N46565 X-0.3371 Y0.2619
N46570 X-0.3375 Y0.256
N46575 X-0.3377 Y0.2499
N46580 X-0.3376 Y0.2432
N46585 X-0.3371 Y0.236
N46590 X-0.3362 Y0.2287
N46595 X-0.3349 Y0.2209
N46600 X-0.333 Y0.2125
N46605 X-0.3307 Y0.204
N46610 X-0.3278 Y0.1951
N46615 X-0.3242 Y0.1856
N46620 X-0.32 Y0.1758
N46625 X-0.3151 Y0.166
N46630 X-0.3094 Y0.1557
N46635 X-0.3027 Y0.145
N46640 X-0.2951 Y0.134
N46645 X-0.2867 Y0.1231
N46650 X-0.2773 Y0.112
N46655 X-0.2667 Y0.1007
N46660 X-0.255 Y0.0893
N46665 X-0.2421 Y0.0779
N46670 X-0.2284 Y0.067
N46675 X-0.2136 Y0.0563
N46680 X-0.1973 Y0.0458
N46685 X-0.1797 Y0.0355
N46690 X-0.1609 Y0.0258
N46695 X-0.141 Y0.0166
N46700 X-0.12 Y0.0082
N46705 X-0.0982 Y0.0007
N46710 X-0.0757 Y-0.0058
N46715 X-0.0525 Y-0.0114
N46720 X-0.0288 Y-0.0159
N46725 X-0.0046 Y-0.0192
N46730 X0.0199 Y-0.0214
N46735 X0.0444 Y-0.0224
N46740 X0.0688 Y-0.0222
N46745 X0.0929 Y-0.0208
N46750 X0.1165 Y-0.0183
N46755 X0.1395 Y-0.0147
N46760 X0.1617 Y-0.0101
N46765 X0.183 Y-0.0046
N46770 X0.2035 Y0.0017
N46775 X0.223 Y0.0088
N46780 X0.2415 Y0.0166
N46785 X0.259 Y0.025
N46790 X0.2755 Y0.0339
N46795 X0.2906 Y0.043
N46800 X0.3045 Y0.0524
N46805 X0.3173 Y0.0619
N46810 X0.3289 Y0.0715
N46815 X0.3396 Y0.0812
N46820 X0.349 Y0.0907
N46825 X0.3568 Y0.0993
N46830 X0.3639 Y0.108
N46835 X0.3701 Y0.1164
N46840 X0.3748 Y0.1234
N46845 X0.3797 Y0.1316
N46850 X0.3802 Y0.1325
N46855 X0.3865 Y0.1474
N46860 X0.3899 Y0.1631
N46865 X0.3903 Y0.1792
N46870 X0.3877 Y0.1951
N46875 X0.3822 Y0.2103
N46880 X0.3786 Y0.2179
N46885 X0.3764 Y0.2224
N46890 X0.3655 Y0.2417
N46895 X0.361 Y0.2496
N46900 X0.3563 Y0.2567
N46905 G3 X0.3387 Y0.2666 Z-0.4523 I-0.0193 J-0.0137
N46910 G1 X0.3294 Y0.2673 Z-0.4503
N46915 X0.3225 Y0.2678 Z-0.4488
N46920 X-0.2849 Y0.3108
N46925 X-0.2917 Y0.3113 Z-0.4503
N46930 X-0.3017 Y0.312 Z-0.4524
N46935 G3 X-0.3201 Y0.3051 Z-0.4567 I-0.0017 J-0.0236
N46940 G1 X-0.3209 Y0.3041
N46945 X-0.3391 Y0.2813
N46950 X-0.3422 Y0.2773
N46955 X-0.3455 Y0.2724
N46960 X-0.3486 Y0.2673
N46965 X-0.3511 Y0.262
N46970 X-0.3532 Y0.2565
N46975 X-0.3549 Y0.2508
N46980 X-0.3562 Y0.2451
N46985 X-0.3572 Y0.2393
N46990 X-0.3579 Y0.2334
N46995 X-0.3583 Y0.2273
N47000 X-0.3584 Y0.2207
N47005 X-0.3581 Y0.2137
N47010 X-0.3575 Y0.2064
N47015 X-0.3565 Y0.1984
N47020 X-0.355 Y0.1901
N47025 X-0.353 Y0.1815
N47030 X-0.3504 Y0.1723
N47035 X-0.3471 Y0.1626
N47040 X-0.3433 Y0.1529
N47045 X-0.3387 Y0.1426
N47050 X-0.3332 Y0.1318
N47055 X-0.3268 Y0.1207
N47060 X-0.3197 Y0.1096
N47065 X-0.3116 Y0.0982
N47070 X-0.3023 Y0.0864
N47075 X-0.2919 Y0.0744
N47080 X-0.2805 Y0.0625
N47085 X-0.2682 Y0.0508
N47090 X-0.2545 Y0.0391
N47095 X-0.2395 Y0.0274
N47100 X-0.223 Y0.0158
N47105 X-0.2052 Y0.0046
N47110 X-0.1863 Y-0.0061
N47115 X-0.1665 Y-0.0161
N47120 X-0.1456 Y-0.0253
N47125 X-0.1236 Y-0.0339
N47130 X-0.1006 Y-0.0415
N47135 X-0.0766 Y-0.0482
N47140 X-0.0519 Y-0.0538
N47145 X-0.0266 Y-0.0582
N47150 X-0.001 Y-0.0615
N47155 X0.0249 Y-0.0635
N47160 X0.0508 Y-0.0642
N47165 X0.0765 Y-0.0637
N47170 X0.1019 Y-0.0619
N47175 X0.1268 Y-0.059
N47180 X0.1511 Y-0.0549
N47185 X0.1747 Y-0.0497
N47190 X0.1975 Y-0.0436
N47195 X0.2193 Y-0.0365
N47200 X0.24 Y-0.0287
N47205 X0.2595 Y-0.0202
N47210 X0.2778 Y-0.0112
N47215 X0.295 Y-0.0016
N47220 X0.3111 Y0.0084
N47225 X0.3261 Y0.0187
N47230 X0.3396 Y0.029
N47235 X0.3516 Y0.0392
N47240 X0.3624 Y0.0492
N47245 X0.3717 Y0.0589
N47250 X0.3789 Y0.067
N47255 X0.3861 Y0.076
N47260 X0.3913 Y0.0832
N47265 X0.3931 Y0.086
N47270 X0.4004 Y0.0998
N47275 X0.4051 Y0.1146
N47280 X0.4071 Y0.1301
N47285 X0.4062 Y0.1456
N47290 X0.4026 Y0.1608
N47295 X0.402 Y0.1625
N47300 X0.4002 Y0.1677
N47305 X0.3923 Y0.188
N47310 X0.3898 Y0.1942
N47315 X0.3822 Y0.2103
N47320 G3 X0.3634 Y0.223 Z-0.4517 I-0.021 J-0.0108
N47325 G1 X0.3569 Y0.2236 Z-0.4503
N47330 X0.3501 Y0.2242 Z-0.4488
N47335 X-0.3078 Y0.2846
N47340 X-0.3146 Y0.2852 Z-0.4503
N47345 X-0.3217 Y0.2859 Z-0.4518
N47350 G3 X-0.3422 Y0.2773 Z-0.4567 I-0.0022 J-0.0235
N47355 G1 X-0.3447 Y0.274
N47360 X-0.3505 Y0.2655
N47365 X-0.361 Y0.2496
N47370 X-0.3671 Y0.2388
N47375 X-0.3698 Y0.2335
N47380 X-0.3721 Y0.2281
N47385 X-0.374 Y0.2225
N47390 X-0.3755 Y0.2168
N47395 X-0.3767 Y0.211
N47400 X-0.3775 Y0.2052
N47405 X-0.378 Y0.1991
N47410 X-0.3782 Y0.1929
N47415 X-0.3781 Y0.186
N47420 X-0.3777 Y0.1786
N47425 X-0.3768 Y0.1711
N47430 X-0.3755 Y0.1627
N47435 X-0.3736 Y0.1539
N47440 X-0.3713 Y0.145
N47445 X-0.3683 Y0.1354
N47450 X-0.3645 Y0.1251
N47455 X-0.3601 Y0.1148
N47460 X-0.3549 Y0.104
N47465 X-0.3487 Y0.0926
N47470 X-0.3415 Y0.0809
N47475 X-0.3336 Y0.0692
N47480 X-0.3246 Y0.0573
N47485 X-0.3143 Y0.0449
N47490 X-0.3027 Y0.0323
N47495 X-0.2899 Y0.0196
N47500 X-0.2762 Y0.0074
N47505 X-0.2611 Y-0.0049
N47510 X-0.2445 Y-0.0171
N47515 X-0.2266 Y-0.0289
N47520 X-0.2073 Y-0.0404
N47525 X-0.1867 Y-0.0513
N47530 X-0.1649 Y-0.0615
N47535 X-0.1422 Y-0.0708
N47540 X-0.1187 Y-0.0792
N47545 X-0.094 Y-0.0866
N47550 X-0.0684 Y-0.093
N47555 X-0.0421 Y-0.0982
N47560 X-0.0152 Y-0.1022
N47565 X0.012 Y-0.1048
N47570 X0.0394 Y-0.1062
N47575 X0.0667
N47580 X0.0938 Y-0.1049
N47585 X0.1206 Y-0.1023
N47590 X0.1468 Y-0.0984
N47595 X0.1724 Y-0.0934
N47600 X0.1971 Y-0.0873
N47605 X0.2206 Y-0.0802
N47610 X0.243 Y-0.0723
N47615 X0.2643 Y-0.0635
N47620 X0.2846 Y-0.054
N47625 X0.3037 Y-0.0439
N47630 X0.3215 Y-0.0334
N47635 X0.338 Y-0.0224
N47640 X0.3528 Y-0.0117
N47645 X0.3658 Y-0.0011
N47650 X0.3772 Y0.0092
N47655 X0.3859 Y0.0177
N47660 X0.3944 Y0.0269
N47665 X0.4004 Y0.0341
N47670 X0.4016 Y0.0357
N47675 X0.409 Y0.0475
N47680 X0.4145 Y0.0603
N47685 X0.4179 Y0.0738
N47690 X0.419 Y0.0877
N47695 X0.4179 Y0.1016
N47700 X0.4171 Y0.107
N47705 X0.416 Y0.1122
N47710 X0.4115 Y0.1308
N47715 X0.4095 Y0.1387
N47720 X0.4047 Y0.1545
N47725 X0.4026 Y0.1608
N47730 G3 X0.3829 Y0.176 Z-0.4511 I-0.0221 J-0.0083
N47735 G1 X0.3789 Y0.1764 Z-0.4503
N47740 X0.3721 Y0.1771 Z-0.4488
N47745 X-0.3341 Y0.2489
N47750 X-0.3409 Y0.2496 Z-0.4503
N47755 X-0.3446 Y0.25 Z-0.4511
N47760 G3 X-0.3671 Y0.2388 Z-0.4567 I-0.0024 J-0.0235
N47765 G1 X-0.3764 Y0.2224
N47770 X-0.3786 Y0.2179
N47775 X-0.3881 Y0.1977
N47780 X-0.3904 Y0.1923
N47785 X-0.3923 Y0.1867
N47790 X-0.3939 Y0.181
N47795 X-0.395 Y0.1752
N47800 X-0.3958 Y0.1693
N47805 X-0.3962 Y0.1635
N47810 X-0.3964 Y0.1572
N47815 X-0.3963 Y0.1504
N47820 X-0.3958 Y0.1434
N47825 X-0.3949 Y0.1356
N47830 X-0.3935 Y0.1274
N47835 X-0.3917 Y0.1188
N47840 X-0.3892 Y0.1095
N47845 X-0.3861 Y0.0999
N47850 X-0.3823 Y0.0899
N47855 X-0.3777 Y0.0792
N47860 X-0.3721 Y0.0679
N47865 X-0.3659 Y0.0567
N47870 X-0.3586 Y0.0449
N47875 X-0.35 Y0.0325
N47880 X-0.3404 Y0.0198
N47885 X-0.3299 Y0.0074
N47890 X-0.318 Y-0.0054
N47895 X-0.3046 Y-0.0184
N47900 X-0.2898 Y-0.0316
N47905 X-0.2735 Y-0.0446
N47910 X-0.2562 Y-0.0571
N47915 X-0.2376 Y-0.0693
N47920 X-0.2175 Y-0.081
N47925 X-0.1959 Y-0.0923
N47930 X-0.1731 Y-0.1028
N47935 X-0.1489 Y-0.1125
N47940 X-0.1236 Y-0.1213
N47945 X-0.0973 Y-0.1291
N47950 X-0.0702 Y-0.1356
N47955 X-0.0424 Y-0.1409
N47960 X-0.0141 Y-0.1449
N47965 X0.0146 Y-0.1475
N47970 X0.0434 Y-0.1488
N47975 X0.0721 Y-0.1486
N47980 X0.1006 Y-0.147
N47985 X0.1288 Y-0.1441
N47990 X0.1564 Y-0.1399
N47995 X0.1831 Y-0.1344
N48000 X0.2091 Y-0.1278
N48005 X0.2341 Y-0.1201
N48010 X0.258 Y-0.1114
N48015 X0.2809 Y-0.1019
N48020 X0.3026 Y-0.0916
N48025 X0.3229 Y-0.0807
N48030 X0.3413 Y-0.0696
N48035 X0.3575 Y-0.0587
N48040 X0.3723 Y-0.0478
N48045 X0.3839 Y-0.0382
N48050 X0.3939 Y-0.0291
N48055 X0.4018 Y-0.0212
N48060 X0.41 Y-0.0106
N48065 X0.4165 Y0.0011
N48070 X0.4211 Y0.0136
N48075 X0.4237 Y0.0267
N48080 X0.4243 Y0.0401
N48085 X0.4239 Y0.0515
N48090 X0.4233 Y0.0594
N48095 X0.4217 Y0.0753
N48100 X0.4209 Y0.0832
N48105 X0.4179 Y0.1016
N48110 G3 X0.3975 Y0.1205 Z-0.4504 I-0.0232 J-0.0046
N48115 G1 X0.397 Y0.1206 Z-0.4503
N48120 X0.3902 Y0.1214 Z-0.4488
N48125 X-0.356 Y0.2094
N48130 X-0.3628 Y0.2102 Z-0.4503
N48135 X-0.3644 Y0.2104 Z-0.4506
N48140 G3 X-0.3881 Y0.1977 Z-0.4567 I-0.0028 J-0.0235
N48145 G1 X-0.3898 Y0.1942
N48150 X-0.393 Y0.1862
N48155 X-0.4002 Y0.1677
N48160 X-0.402 Y0.1625
N48165 X-0.4047 Y0.1545
N48170 X-0.4081 Y0.1432
N48175 X-0.4095 Y0.1375
N48180 X-0.4106 Y0.1316
N48185 X-0.4113 Y0.1258
N48190 X-0.4116 Y0.1199
N48195 Y0.1139
N48200 X-0.4114 Y0.1074
N48205 X-0.4107 Y0.1003
N48210 X-0.4097 Y0.093
N48215 X-0.4082 Y0.0849
N48220 X-0.4061 Y0.0763
N48225 X-0.4034 Y0.0673
N48230 X-0.4 Y0.0575
N48235 X-0.3959 Y0.0474
N48240 X-0.3911 Y0.0369
N48245 X-0.3853 Y0.0257
N48250 X-0.3784 Y0.0139
N48255 X-0.3708 Y0.0022
N48260 X-0.3618 Y-0.0102
N48265 X-0.3513 Y-0.0232
N48270 X-0.3397 Y-0.0364
N48275 X-0.3271 Y-0.0493
N48280 X-0.313 Y-0.0624
N48285 X-0.2972 Y-0.0757
N48290 X-0.2798 Y-0.089
N48295 X-0.2608 Y-0.1021
N48300 X-0.2407 Y-0.1146
N48305 X-0.2194 Y-0.1264
N48310 X-0.1965 Y-0.1377
N48315 X-0.172 Y-0.1483
N48320 X-0.1461 Y-0.158
N48325 X-0.1191 Y-0.1667
N48330 X-0.091 Y-0.1742
N48335 X-0.0622 Y-0.1805
N48340 X-0.0326 Y-0.1854
N48345 X-0.0027 Y-0.1889
N48350 X0.0276 Y-0.191
N48355 X0.0579 Y-0.1916
N48360 X0.0881 Y-0.1907
N48365 X0.1181 Y-0.1884
N48370 X0.1475 Y-0.1846
N48375 X0.1763 Y-0.1795
N48380 X0.2043 Y-0.1731
N48385 X0.2315 Y-0.1655
N48390 X0.2577 Y-0.1568
N48395 X0.2828 Y-0.147
N48400 X0.3065 Y-0.1365
N48405 X0.3282 Y-0.1255
N48410 X0.3476 Y-0.1145
N48415 X0.365 Y-0.1035
N48420 X0.3784 Y-0.094
N48425 X0.3897 Y-0.0853
N48430 X0.392 Y-0.0833
N48435 X0.4026 Y-0.0723
N48440 X0.4112 Y-0.0597
N48445 X0.4174 Y-0.0457
N48450 X0.4211 Y-0.0309
N48455 X0.4216 Y-0.0277
N48460 X0.424 Y-0.0023
N48465 X0.4242 Y0.004
N48470 X0.4246 Y0.0198
N48475 X0.4247 Y0.0277
N48480 X0.4243 Y0.0401
N48485 G3 X0.4036 Y0.0619 Z-0.4498 I-0.0236 J-0.0016
N48490 G1 X0.3991 Y0.0624 Z-0.4488
N48495 X-0.3781 Y0.1585
N48500 X-0.3828 Y0.1591 Z-0.4498
N48505 G3 X-0.4081 Y0.1432 Z-0.4567 I-0.0029 J-0.0234
N48510 G1 X-0.4095 Y0.1387
N48515 X-0.4115 Y0.1308
N48520 X-0.416 Y0.1122
N48525 X-0.4171 Y0.107
N48530 X-0.4209 Y0.0832
N48535 X-0.4216 Y0.0711
N48540 Y0.0652
N48545 X-0.4214 Y0.0593
N48550 X-0.4207 Y0.0529
N48555 X-0.4197 Y0.0462
N48560 X-0.4183 Y0.0389
N48565 X-0.4163 Y0.0309
N48570 X-0.4139 Y0.0227
N48575 X-0.4106 Y0.0134
N48580 X-0.4068 Y0.0041
N48585 X-0.402 Y-0.006
N48590 X-0.3963 Y-0.0169
N48595 X-0.3898 Y-0.0278
N48600 X-0.3822 Y-0.0394
N48605 X-0.3731 Y-0.0517
N48610 X-0.363 Y-0.0642
N48615 X-0.3517 Y-0.0768
N48620 X-0.3387 Y-0.09
N48625 X-0.3239 Y-0.1036
N48630 X-0.3078 Y-0.1171
N48635 X-0.2906 Y-0.13
N48640 X-0.2716 Y-0.143
N48645 X-0.2508 Y-0.1557
N48650 X-0.2281 Y-0.1681
N48655 X-0.2038 Y-0.1799
N48660 X-0.178 Y-0.1909
N48665 X-0.1509 Y-0.2009
N48670 X-0.1226 Y-0.2098
N48675 X-0.0936 Y-0.2175
N48680 X-0.0636 Y-0.2238
N48685 X-0.0328 Y-0.2287
N48690 X-0.0013 Y-0.2322
N48695 X0.0305 Y-0.2342
N48700 X0.0624 Y-0.2347
N48705 X0.0943 Y-0.2335
N48710 X0.1259 Y-0.2309
N48715 X0.157 Y-0.2267
N48720 X0.1876 Y-0.2211
N48725 X0.2172 Y-0.2142
N48730 X0.2458 Y-0.206
N48735 X0.273 Y-0.1968
N48740 X0.2986 Y-0.1867
N48745 X0.3226 Y-0.1758
N48750 X0.3442 Y-0.1648
N48755 X0.3604 Y-0.1555
N48760 X0.369 Y-0.1499
N48765 X0.3811 Y-0.1406
N48770 X0.3914 Y-0.1292
N48775 X0.3994 Y-0.1163
N48780 X0.4051 Y-0.1021
N48785 X0.4061 Y-0.0991
N48790 X0.4083 Y-0.0911
N48795 X0.4105 Y-0.0832
N48800 X0.4161 Y-0.0594
N48805 X0.4176 Y-0.0515
N48810 X0.4203 Y-0.0357
N48815 X0.4211 Y-0.0309
N48820 G3 X0.4008 Y-0.0047 Z-0.4489 I-0.0235 J0.0028
N48825 G1 X0.4004 Z-0.4488
N48830 X-0.3932 Y0.1019
N48835 X-0.3946 Y0.1021 Z-0.4491
N48840 X-0.3977 Y0.1023 Z-0.4498
N48845 G3 X-0.4209 Y0.0832 Z-0.4567 I0. J-0.0236
N48850 G1 X-0.4217 Y0.0753
N48855 X-0.4233 Y0.0594
N48860 X-0.4239 Y0.0515
N48865 X-0.4247 Y0.0277
N48870 X-0.4246 Y0.0198
N48875 X-0.4243 Y0.0075
N48880 X-0.4237 Y0.0005
N48885 X-0.423 Y-0.0053
N48890 X-0.4219 Y-0.0114
N48895 X-0.4204 Y-0.018
N48900 X-0.4184 Y-0.0252
N48905 X-0.4159 Y-0.0328
N48910 X-0.4126 Y-0.0413
N48915 X-0.4088 Y-0.0499
N48920 X-0.4039 Y-0.0595
N48925 X-0.3984 Y-0.0693
N48930 X-0.3917 Y-0.0798
N48935 X-0.3837 Y-0.0913
N48940 X-0.3749 Y-0.1025
N48945 X-0.3646 Y-0.1145
N48950 X-0.3525 Y-0.1272
N48955 X-0.3393 Y-0.1398
N48960 X-0.3247 Y-0.1525
N48965 X-0.3079 Y-0.1657
N48970 X-0.2891 Y-0.179
N48975 X-0.2685 Y-0.1922
N48980 X-0.2468 Y-0.2046
N48985 X-0.2232 Y-0.2166
N48990 X-0.1977 Y-0.2281
N48995 X-0.1704 Y-0.2388
N49000 X-0.1418 Y-0.2484
N49005 X-0.1118 Y-0.2569
N49010 X-0.0807 Y-0.2641
N49015 X-0.0487 Y-0.2699
N49020 X-0.016 Y-0.2742
N49025 X0.0172 Y-0.2769
N49030 X0.0506 Y-0.278
N49035 X0.0841 Y-0.2774
N49040 X0.1173 Y-0.2753
N49045 X0.1503 Y-0.2715
N49050 X0.1826 Y-0.2663
N49055 X0.2141 Y-0.2595
N49060 X0.2444 Y-0.2515
N49065 X0.2735 Y-0.2422
N49070 X0.301 Y-0.232
N49075 X0.3239 Y-0.2222
N49080 X0.3327 Y-0.2178
N49085 X0.344 Y-0.2113
N49090 X0.3541 Y-0.2031
N49095 X0.3629 Y-0.1935
N49100 X0.3701 Y-0.1827
N49105 X0.3771 Y-0.1704
N49110 X0.381 Y-0.1625
N49115 X0.3883 Y-0.1466
N49120 X0.3918 Y-0.1387
N49125 X0.4008 Y-0.1149
N49130 X0.4037 Y-0.107
N49135 X0.4051 Y-0.1021
N49140 G3 X0.3884 Y-0.0732 Z-0.4488 I-0.0228 J0.0061
N49145 G1 X0.3854 Y-0.0726
N49150 X-0.3975 Y0.0307
N49155 X-0.4004 Y0.0309
N49160 G3 X-0.4243 Y0.0075 Z-0.4567 I-0.0002 J-0.0236
N49165 G1 X-0.4242 Y0.004
N49170 X-0.424 Y-0.0023
N49175 X-0.4216 Y-0.0277
N49180 X-0.4203 Y-0.0357
N49185 X-0.4176 Y-0.0515
N49190 X-0.416 Y-0.0598
N49195 X-0.4113 Y-0.0796
N49200 X-0.4086 Y-0.089
N49205 X-0.4064 Y-0.0956
N49210 X-0.4037 Y-0.1022
N49215 X-0.4003 Y-0.1098
N49220 X-0.3963 Y-0.1174
N49225 X-0.3912 Y-0.1262
N49230 X-0.3856 Y-0.1349
N49235 X-0.3785 Y-0.1447
N49240 X-0.3706 Y-0.1547
N49245 X-0.3612 Y-0.1654
N49250 X-0.35 Y-0.177
N49255 X-0.3379 Y-0.1883
N49260 X-0.3238 Y-0.2003
N49265 X-0.3075 Y-0.2128
N49270 X-0.2897 Y-0.2252
N49275 X-0.2704 Y-0.2373
N49280 X-0.2486 Y-0.2495
N49285 X-0.2244 Y-0.2614
N49290 X-0.1982 Y-0.2729
N49295 X-0.1702 Y-0.2836
N49300 X-0.1409 Y-0.2931
N49305 X-0.1106 Y-0.3014
N49310 X-0.0786 Y-0.3085
N49315 X-0.0455 Y-0.3141
N49320 X-0.0114 Y-0.3182
N49325 X0.0233 Y-0.3207
N49330 X0.0582 Y-0.3215
N49335 X0.0931 Y-0.3206
N49340 X0.1279 Y-0.318
N49345 X0.1624 Y-0.3138
N49350 X0.1962 Y-0.308
N49355 X0.2291 Y-0.3006
N49360 X0.2607 Y-0.2919
N49365 X0.274 Y-0.2875
N49370 X0.2875 Y-0.2818
N49375 X0.2998 Y-0.2739
N49380 X0.3106 Y-0.2641
N49385 X0.3209 Y-0.2529
N49390 X0.3235 Y-0.2496
N49395 X0.3424 Y-0.2259
N49400 X0.3447 Y-0.2227
N49405 X0.348 Y-0.2179
N49410 X0.3606 Y-0.1991
N49415 X0.3636 Y-0.1942
N49420 X0.3701 Y-0.1827
N49425 G3 X0.3601 Y-0.1508 Z-0.4488 I-0.0209 J0.0109
N49430 G1 X0.3576 Y-0.1497
N49435 X0.355 Y-0.1489
N49440 X0.3522 Y-0.1484
N49445 X-0.3851 Y-0.0516
N49450 X-0.3877 Y-0.0514
N49455 X-0.3903 Y-0.0515
N49460 X-0.3928 Y-0.0519
N49465 G3 X-0.4113 Y-0.0796 Z-0.4567 I0.0046 J-0.0232
N49470 G1 X-0.4105 Y-0.0832
N49475 X-0.4081 Y-0.0919
N49480 X-0.4061 Y-0.0991
N49485 X-0.4037 Y-0.107
N49490 X-0.4002 Y-0.1165
N49495 X-0.3918 Y-0.1387
N49500 X-0.3883 Y-0.1466
N49505 X-0.381 Y-0.1625
N49510 X-0.3771 Y-0.1704
N49515 X-0.3656 Y-0.1906
N49520 X-0.3597 Y-0.1999
N49525 X-0.3545 Y-0.2073
N49530 X-0.3487 Y-0.2148
N49535 X-0.3413 Y-0.2233
N49540 X-0.3332 Y-0.2318
N49545 X-0.3234 Y-0.2412
N49550 X-0.3121 Y-0.251
N49555 X-0.2992 Y-0.261
N49560 X-0.2837 Y-0.2721
N49565 X-0.2673 Y-0.2825
N49570 X-0.2481 Y-0.2935
N49575 X-0.226 Y-0.3046
N49580 X-0.2018 Y-0.3155
N49585 X-0.1766 Y-0.3253
N49590 X-0.1488 Y-0.3347
N49595 X-0.1186 Y-0.3432
N49600 X-0.0865 Y-0.3506
N49605 X-0.0529 Y-0.3566
N49610 X-0.0183 Y-0.3611
N49615 X0.0165 Y-0.3639
N49620 X0.0514 Y-0.3651
N49625 X0.0863 Y-0.3646
N49630 X0.1211 Y-0.3626
N49635 X0.1558 Y-0.3589
N49640 X0.1775 Y-0.3556
N49645 X0.1866 Y-0.3537
N49650 X0.1954 Y-0.3508
N49655 X0.2039 Y-0.347
N49660 X0.2083 Y-0.3447
N49665 X0.21 Y-0.3438
N49670 X0.2344 Y-0.3289
N49675 X0.2417 Y-0.3238
N49680 X0.2575 Y-0.3122
N49685 X0.2655 Y-0.3063
N49690 X0.2813 Y-0.2926
N49695 X0.2892 Y-0.2857
N49700 X0.294 Y-0.2813
N49705 X0.3051 Y-0.2699
N49710 X0.3093 Y-0.2655
N49715 X0.3106 Y-0.2641
N49720 G3 X0.3081 Y-0.2308 Z-0.4488 I-0.0179 J0.0154
N49725 X0.2952 Y-0.2252 I-0.0154 J-0.0179
N49730 G1 X-0.3422 Y-0.1562
N49735 G3 X-0.3556 Y-0.1587 I-0.0025 J-0.0235
N49740 X-0.3656 Y-0.1906 Z-0.4567 I0.0109 J-0.0209
N49745 G1 X-0.3636 Y-0.1942
N49750 X-0.3606 Y-0.1991
N49755 X-0.348 Y-0.2179
N49760 X-0.3447 Y-0.2227
N49765 X-0.3424 Y-0.2259
N49770 X-0.3235 Y-0.2496
N49775 X-0.3209 Y-0.2529
N49780 X-0.3093 Y-0.2655
N49785 X-0.2972 Y-0.2781
N49790 X-0.294 Y-0.2813
N49795 X-0.2892 Y-0.2857
N49800 X-0.2734 Y-0.2995
N49805 X-0.2655 Y-0.3063
N49810 X-0.2564 Y-0.313
N49815 X-0.2417 Y-0.3238
N49820 X-0.2344 Y-0.3289
N49825 X-0.21 Y-0.3438
N49830 X-0.2083 Y-0.3447
N49835 X-0.1862 Y-0.3561
N49840 X-0.1783 Y-0.36
N49845 X-0.1704 Y-0.3637
N49850 X-0.1545 Y-0.37
N49855 X-0.1466 Y-0.3728
N49860 X-0.1308 Y-0.3783
N49865 X-0.1228 Y-0.3809
N49870 X-0.0991 Y-0.3875
N49875 X-0.0911 Y-0.3892
N49880 X-0.0832 Y-0.3909
N49885 X-0.0753 Y-0.3925
N49890 X-0.0674 Y-0.394
N49895 X-0.0436 Y-0.397
N49900 X-0.0357 Y-0.3976
N49905 X-0.0198 Y-0.3986
N49910 X-0.0119 Y-0.3989
N49915 X0.0119
N49920 X0.0198 Y-0.3986
N49925 X0.0357 Y-0.3976
N49930 X0.0436 Y-0.397
N49935 X0.0674 Y-0.394
N49940 X0.0753 Y-0.3925
N49945 X0.0832 Y-0.3909
N49950 X0.0911 Y-0.3892
N49955 X0.0991 Y-0.3875
N49960 X0.1228 Y-0.3809
N49965 X0.1308 Y-0.3783
N49970 X0.1466 Y-0.3728
N49975 X0.1545 Y-0.37
N49980 X0.1704 Y-0.3637
N49985 X0.1783 Y-0.36
N49990 X0.1862 Y-0.3561
N49995 X0.2039 Y-0.347
N50000 G3 X0.2153 Y-0.3206 I-0.0115 J0.0206
N50005 G1 X0.2144 Y-0.3171 Z-0.4564
N50010 X0.2135 Y-0.3136 Z-0.4555
N50015 X0.2127 Y-0.3102 Z-0.4541
N50020 X0.2119 Y-0.3072 Z-0.4522
N50025 X0.2112 Y-0.3044 Z-0.4498
N50030 X0.2106 Y-0.3021 Z-0.447
N50035 X0.2101 Y-0.3002 Z-0.4438
N50040 X0.2098 Y-0.2988 Z-0.4404
N50045 X0.2096 Y-0.298 Z-0.4368
N50050 X0.2095 Y-0.2977 Z-0.4331
N50055 Z0.1969
N50060 X-1.1839 Y-1.1635
N50065 Z-0.4094
N50070 Z-0.4331
N50075 X-1.1841 Y-1.1634 Z-0.4368
N50080 X-1.1849 Y-1.1629 Z-0.4404
N50085 X-1.186 Y-1.162 Z-0.4438
N50090 X-1.1876 Y-1.1609 Z-0.447
N50095 X-1.1896 Y-1.1596 Z-0.4498
N50100 X-1.1919 Y-1.1579 Z-0.4522
N50105 X-1.1945 Y-1.1561 Z-0.4541
N50110 X-1.1973 Y-1.1542 Z-0.4555
N50115 X-1.2003 Y-1.1521 Z-0.4564
N50120 X-1.2033 Y-1.15 Z-0.4567
N50125 G3 X-1.2322 Y-1.1392 I-0.0357 J-0.0511
N50130 G1 X-1.2481 Y-1.138
N50135 X-1.2639 Y-1.1362
N50140 X-1.2956 Y-1.1327
N50145 X-1.3036 Y-1.1315
N50150 X-1.3194 Y-1.1283
N50155 X-1.3273 Y-1.1262
N50160 X-1.3511 Y-1.118
N50165 X-1.3642 Y-1.1135
N50170 X-1.384 Y-1.1076
N50175 X-1.3998 Y-1.1038
N50180 X-1.4209 Y-1.0998
N50185 X-1.4555 Y-1.0949
N50190 X-1.4901 Y-1.0905
N50195 X-1.523 Y-1.079
N50200 X-1.5527 Y-1.0606
N50205 X-1.5781 Y-1.0367
N50210 X-1.599 Y-1.0088
N50215 X-1.6157 Y-0.9781
N50220 X-1.6285 Y-0.9457
N50225 X-1.6381 Y-0.9122
N50230 X-1.6452 Y-0.878
N50235 X-1.6503 Y-0.8435
N50240 X-1.6539 Y-0.8088
N50245 X-1.6564 Y-0.774
N50250 X-1.6581 Y-0.7392
N50255 X-1.6593 Y-0.7043
N50260 X-1.6602 Y-0.6694
N50265 X-1.6607 Y-0.6345
N50270 X-1.6611 Y-0.5996
N50275 X-1.6613 Y-0.5648
N50280 X-1.6615 Y-0.5299
N50285 X-1.6617 Y-0.4601
N50290 X-1.6618 Y-0.3554
N50295 X-1.6619 Y0.0283
N50300 Y0.6912
N50305 Y0.7958
N50310 X-1.6618 Y0.8307
N50315 X-1.6578 Y0.8654
N50320 X-1.6464 Y0.8984
N50325 X-1.6282 Y0.9281
N50330 X-1.6045 Y0.9537
N50335 X-1.5767 Y0.9749
N50340 X-1.5462 Y0.9918
N50345 X-1.5379 Y0.9959
N50350 X-1.5302 Y1.0011
N50355 X-1.5233 Y1.0073
N50360 X-1.5202 Y1.0105
N50365 X-1.4964 Y1.0342
N50370 X-1.4779 Y1.0509
N50375 X-1.47 Y1.0573
N50380 X-1.469 Y1.058
N50385 X-1.4383 Y1.0774
N50390 X-1.4249 Y1.0857
N50395 X-1.4224 Y1.0873
N50400 X-1.4189 Y1.0893
N50405 X-1.416 Y1.0914
N50410 X-1.4134 Y1.094
N50415 X-1.412 Y1.0965 Z-0.4565
N50420 X-1.4105 Y1.099 Z-0.456
N50425 X-1.4091 Y1.1014 Z-0.4551
N50430 X-1.4086 Y1.1043 Z-0.4537
N50435 X-1.4082 Y1.1069 Z-0.4519
N50440 X-1.4077 Y1.1093 Z-0.4498
N50445 Y1.1094 Z-0.4497
N50450 X-1.4081 Y1.1117 Z-0.4469
N50455 X-1.4084 Y1.1136 Z-0.4438
N50460 X-1.4086 Y1.115 Z-0.4404
N50465 X-1.4087 Y1.1159 Z-0.4368
N50470 Y1.1161 Z-0.4331
N50475 Z0.1969
N50480 X-1.3239 Y-1.1496
N50485 Z-0.4094
N50490 Z-0.4331
N50495 X-1.3241 Y-1.1494 Z-0.4368
N50500 X-1.3246 Y-1.1487 Z-0.4404
N50505 X-1.3255 Y-1.1476 Z-0.4438
N50510 X-1.3268 Y-1.1461 Z-0.447
N50515 X-1.3283 Y-1.1443 Z-0.4498
N50520 X-1.3301 Y-1.1421 Z-0.4522
N50525 X-1.3322 Y-1.1397 Z-0.4541
N50530 X-1.3344 Y-1.1371 Z-0.4555
N50535 X-1.3367 Y-1.1343 Z-0.4564
N50540 X-1.339 Y-1.1315 Z-0.4567
N50545 G3 X-1.3642 Y-1.1135 I-0.0477 J-0.04
N50550 G1 X-1.3749 Y-1.1097
N50555 X-1.3828 Y-1.1069
N50560 X-1.3986 Y-1.1008
N50565 X-1.4066 Y-1.0963
N50570 X-1.4224 Y-1.0873
N50575 X-1.4312 Y-1.0818
N50580 X-1.462 Y-1.0624
N50585 X-1.469 Y-1.058
N50590 X-1.47 Y-1.0573
N50595 X-1.4779 Y-1.0509
N50600 X-1.4964 Y-1.0342
N50605 X-1.5202 Y-1.0105
N50610 X-1.5254 Y-1.0051
N50615 X-1.5423 Y-0.9867
N50620 X-1.5457 Y-0.9827
N50625 X-1.5485 Y-0.9788
N50630 X-1.5586 Y-0.9629
N50635 X-1.5735 Y-0.9391
N50640 X-1.5784 Y-0.9312
N50645 X-1.5888 Y-0.9132
N50650 X-1.5918 Y-0.9074
N50655 X-1.5968 Y-0.8952
N50660 X-1.5981 Y-0.8916
N50665 X-1.6092 Y-0.8599
N50670 X-1.6174 Y-0.8361
N50675 X-1.6194 Y-0.8282
N50680 X-1.6229 Y-0.8123
N50685 X-1.6285 Y-0.7633
N50690 X-1.6291 Y-0.7568
N50695 X-1.6304 Y-0.741
N50700 X-1.6309 Y-0.7331
N50705 Y0.7331
N50710 X-1.6304 Y0.741
N50715 X-1.6291 Y0.7568
N50720 X-1.6283 Y0.7648
N50725 X-1.6229 Y0.8123
N50730 X-1.6194 Y0.8282
N50735 X-1.6174 Y0.8361
N50740 X-1.6092 Y0.8599
N50745 X-1.5981 Y0.8916
N50750 X-1.5968 Y0.8952
N50755 X-1.5918 Y0.9074
N50760 X-1.5888 Y0.9132
N50765 X-1.5784 Y0.9312
N50770 X-1.573 Y0.94
N50775 X-1.5586 Y0.9629
N50780 X-1.5485 Y0.9788
N50785 X-1.5457 Y0.9827
N50790 X-1.5423 Y0.9867
N50795 X-1.5254 Y1.0051
N50800 X-1.5233 Y1.0073
N50805 G3 X-1.521 Y1.0359 I-0.0175 J0.0159
N50810 G1 X-1.523 Y1.0391 Z-0.4564
N50815 X-1.5249 Y1.0421 Z-0.4555
N50820 X-1.5268 Y1.045 Z-0.4541
N50825 X-1.5285 Y1.0476 Z-0.4522
N50830 X-1.53 Y1.05 Z-0.4498
N50835 X-1.5313 Y1.052 Z-0.447
N50840 X-1.5324 Y1.0536 Z-0.4438
N50845 X-1.5332 Y1.0548 Z-0.4404
N50850 X-1.5336 Y1.0555 Z-0.4368
N50855 X-1.5338 Y1.0558 Z-0.4331
N50860 Z0.1969
N50865 X1.1839 Y1.1635
N50870 Z-0.4094
N50875 Z-0.4331
N50880 X1.1841 Y1.1634 Z-0.4368
N50885 X1.1849 Y1.1629 Z-0.4404
N50890 X1.186 Y1.162 Z-0.4438
N50895 X1.1876 Y1.1609 Z-0.447
N50900 X1.1896 Y1.1596 Z-0.4498
N50905 X1.1919 Y1.1579 Z-0.4522
N50910 X1.1945 Y1.1561 Z-0.4541
N50915 X1.1973 Y1.1542 Z-0.4555
N50920 X1.2003 Y1.1521 Z-0.4564
N50925 X1.2033 Y1.15 Z-0.4567
N50930 G3 X1.2322 Y1.1392 I0.0357 J0.0511
N50935 G1 X1.2481 Y1.138
N50940 X1.2639 Y1.1362
N50945 X1.2956 Y1.1327
N50950 X1.3036 Y1.1315
N50955 X1.3194 Y1.1283
N50960 X1.3273 Y1.1262
N50965 X1.3511 Y1.118
N50970 X1.3642 Y1.1135
N50975 X1.384 Y1.1076
N50980 X1.3998 Y1.1038
N50985 X1.4209 Y1.0998
N50990 X1.4508 Y1.0955
N50995 X1.4856 Y1.0923
N51000 X1.5204 Y1.0904
N51005 X1.555 Y1.0856
N51010 X1.5872 Y1.0724
N51015 X1.6155 Y1.052
N51020 X1.6391 Y1.0263
N51025 X1.658 Y0.9969
N51030 X1.6725 Y0.9652
N51035 X1.6834 Y0.932
N51040 X1.6913 Y0.898
N51045 X1.6969 Y0.8636
N51050 X1.7008 Y0.829
N51055 X1.7036 Y0.7942
N51060 X1.7054 Y0.7593
N51065 X1.7066 Y0.7245
N51070 X1.7075 Y0.6896
N51075 X1.708 Y0.6547
N51080 X1.7084 Y0.6198
N51085 X1.7086 Y0.5849
N51090 X1.7088 Y0.5501
N51095 X1.709 Y0.4803
N51100 X1.7091 Y0.3756
N51105 Y-0.1128
N51110 Y-0.6361
N51115 Y-0.8803
N51120 X1.7086 Y-0.9152
N51125 X1.6997 Y-0.9489
N51130 X1.6828 Y-0.9794
N51135 X1.6596 Y-1.0055
N51140 X1.632 Y-1.0268
N51145 X1.6013 Y-1.0435
N51150 X1.5688 Y-1.0562
N51155 X1.5352 Y-1.0655
N51160 X1.501 Y-1.0722
N51165 X1.4664 Y-1.077
N51170 X1.4539 Y-1.0781
N51175 X1.4419 Y-1.0801
N51180 X1.4302 Y-1.0838
N51185 X1.4192 Y-1.0891
N51190 X1.4043 Y-1.0976
N51195 X1.3986 Y-1.1008
N51200 X1.3828 Y-1.1069
N51205 X1.3749 Y-1.1097
N51210 X1.3511 Y-1.118
N51215 X1.3273 Y-1.1262
N51220 X1.3194 Y-1.1283
N51225 X1.3036 Y-1.1315
N51230 X1.2956 Y-1.1327
N51235 X1.2793 Y-1.1345
N51240 G3 X1.2593 Y-1.1552 I0.0035 J-0.0234
N51245 G1 X1.2588 Y-1.1589 Z-0.4564
N51250 X1.2584 Y-1.1624 Z-0.4555
N51255 X1.258 Y-1.1658 Z-0.4541
N51260 X1.2577 Y-1.169 Z-0.4522
N51265 X1.2573 Y-1.1718 Z-0.4498
N51270 X1.2571 Y-1.1742 Z-0.447
N51275 X1.2568 Y-1.1761 Z-0.4438
N51280 X1.2567 Y-1.1775 Z-0.4404
N51285 X1.2566 Y-1.1784 Z-0.4368
N51290 X1.2565 Y-1.1786 Z-0.4331
N51295 Z0.1969
N51300 X1.3239 Y1.1496
N51305 Z-0.4094
N51310 Z-0.4331
N51315 X1.3241 Y1.1494 Z-0.4368
N51320 X1.3246 Y1.1487 Z-0.4404
N51325 X1.3255 Y1.1476 Z-0.4438
N51330 X1.3268 Y1.1461 Z-0.447
N51335 X1.3283 Y1.1443 Z-0.4498
N51340 X1.3301 Y1.1421 Z-0.4522
N51345 X1.3322 Y1.1397 Z-0.4541
N51350 X1.3344 Y1.1371 Z-0.4555
N51355 X1.3367 Y1.1343 Z-0.4564
N51360 X1.339 Y1.1315 Z-0.4567
N51365 G3 X1.3642 Y1.1135 I0.0477 J0.04
N51370 G1 X1.3749 Y1.1097
N51375 X1.3828 Y1.1069
N51380 X1.3986 Y1.1008
N51385 X1.4066 Y1.0963
N51390 X1.4224 Y1.0873
N51395 X1.4303 Y1.0823
N51400 X1.4355 Y1.0794
N51405 X1.4423 Y1.0761
N51410 X1.452 Y1.0718
N51415 X1.4846 Y1.0594
N51420 X1.5165 Y1.0454
N51425 X1.5457 Y1.0263
N51430 X1.5712 Y1.0024
N51435 X1.5926 Y0.9749
N51440 X1.61 Y0.9446
N51445 X1.6236 Y0.9126
N51450 X1.6342 Y0.8793
N51455 X1.642 Y0.8453
N51460 X1.6479 Y0.8109
N51465 X1.6521 Y0.7763
N51470 X1.655 Y0.7415
N51475 X1.6572 Y0.7067
N51480 X1.6586 Y0.6718
N51485 X1.6597 Y0.637
N51490 X1.6604 Y0.6021
N51495 X1.6608 Y0.5672
N51500 X1.6612 Y0.5323
N51505 X1.6614 Y0.4974
N51510 X1.6615 Y0.4625
N51515 X1.6617 Y0.3928
N51520 X1.6618 Y0.2881
N51525 X1.6619 Y-0.1305
N51530 Y-0.7934
N51535 X1.6618 Y-0.8283
N51540 X1.6583 Y-0.863
N51545 X1.6474 Y-0.8961
N51550 X1.6297 Y-0.9261
N51555 X1.6063 Y-0.9521
N51560 X1.5788 Y-0.9735
N51565 X1.5484 Y-0.9907
N51570 X1.5387 Y-0.9955
N51575 X1.5298 Y-1.0017
N51580 X1.5217 Y-1.0089
N51585 X1.5202 Y-1.0105
N51590 X1.4964 Y-1.0342
N51595 X1.4779 Y-1.0509
N51600 X1.47 Y-1.0573
N51605 X1.469 Y-1.058
N51610 X1.4383 Y-1.0774
N51615 X1.4249 Y-1.0857
N51620 X1.4224 Y-1.0873
N51625 X1.4192 Y-1.0891
N51630 X1.4162 Y-1.0913
N51635 X1.4137 Y-1.0938
N51640 X1.4122 Y-1.0964 Z-0.4565
N51645 X1.4108 Y-1.0988 Z-0.456
N51650 X1.4094 Y-1.1012 Z-0.4551
N51655 X1.4089 Y-1.1041 Z-0.4537
N51660 X1.4084 Y-1.1068 Z-0.4519
N51665 X1.408 Y-1.1092 Z-0.4498
N51670 Z-0.4497
N51675 X1.4083 Y-1.1116 Z-0.4469
N51680 X1.4086 Y-1.1135 Z-0.4438
N51685 X1.4088 Y-1.1149 Z-0.4404
N51690 X1.4089 Y-1.1157 Z-0.4368
N51695 X1.409 Y-1.116 Z-0.4331
N51700 Z0.1969
N51705 X1.3991 Y1.1265
N51710 Z-0.4094
N51715 Z-0.4331
N51720 X1.3992 Y1.1263 Z-0.4368
N51725 X1.3996 Y1.1255 Z-0.4404
N51730 X1.4003 Y1.1242 Z-0.4438
N51735 X1.4011 Y1.1225 Z-0.447
N51740 X1.4022 Y1.1204 Z-0.4498
N51745 X1.4035 Y1.1179 Z-0.4522
N51750 X1.405 Y1.1151 Z-0.4541
N51755 X1.4065 Y1.112 Z-0.4555
N51760 X1.4082 Y1.1088 Z-0.4564
N51765 X1.4099 Y1.1055 Z-0.4567
N51770 G3 X1.4303 Y1.0823 I0.0555 J0.0284
N51775 G1 X1.462 Y1.0624
N51780 X1.469 Y1.058
N51785 X1.47 Y1.0573
N51790 X1.4779 Y1.0509
N51795 X1.4964 Y1.0342
N51800 X1.5202 Y1.0105
N51805 X1.5254 Y1.0051
N51810 X1.5423 Y0.9867
N51815 X1.5457 Y0.9827
N51820 X1.5485 Y0.9788
N51825 X1.5586 Y0.9629
N51830 X1.5735 Y0.9391
N51835 X1.5784 Y0.9312
N51840 X1.5888 Y0.9132
N51845 X1.5918 Y0.9074
N51850 X1.5968 Y0.8952
N51855 X1.5981 Y0.8916
N51860 X1.6092 Y0.8599
N51865 X1.6174 Y0.8361
N51870 X1.6194 Y0.8282
N51875 X1.6229 Y0.8123
N51880 X1.6285 Y0.7633
N51885 X1.6291 Y0.7568
N51890 X1.6304 Y0.741
N51895 X1.6309 Y0.7331
N51900 Y-0.7331
N51905 X1.6304 Y-0.741
N51910 X1.6291 Y-0.7568
N51915 X1.6283 Y-0.7648
N51920 X1.6229 Y-0.8123
N51925 X1.6194 Y-0.8282
N51930 X1.6174 Y-0.8361
N51935 X1.6092 Y-0.8599
N51940 X1.5981 Y-0.8916
N51945 X1.5968 Y-0.8952
N51950 X1.5918 Y-0.9074
N51955 X1.5888 Y-0.9132
N51960 X1.5784 Y-0.9312
N51965 X1.573 Y-0.94
N51970 X1.5586 Y-0.9629
N51975 X1.5485 Y-0.9788
N51980 X1.5457 Y-0.9827
N51985 X1.5423 Y-0.9867
N51990 X1.5254 Y-1.0051
N51995 X1.5217 Y-1.0089
N52000 X1.5195 Y-1.0118
N52005 X1.5177 Y-1.015
N52010 X1.517 Y-1.0178 Z-0.4565
N52015 X1.5163 Y-1.0206 Z-0.456
N52020 X1.5157 Y-1.0233 Z-0.4551
N52025 X1.5156 Y-1.0248 Z-0.4544
N52030 X1.5162 Y-1.0279 Z-0.4526
N52035 X1.5167 Y-1.0307 Z-0.4503
N52040 X1.5172 Y-1.0332 Z-0.4475
N52045 X1.5179 Y-1.0347 Z-0.445
N52050 X1.5186 Y-1.0359 Z-0.4422
N52055 X1.519 Y-1.0368 Z-0.4392
N52060 X1.5193 Y-1.0374 Z-0.4362
N52065 X1.5194 Y-1.0376 Z-0.4331
N52070 Z0.1969
N52075 X-1.7098 Y-1.3352
N52080 Z-0.5429
N52085 Z-0.5665
N52090 Y-1.335 Z-0.5702
N52095 X-1.7095 Y-1.3341 Z-0.5738
N52100 X-1.7092 Y-1.3327 Z-0.5773
N52105 X-1.7087 Y-1.3309 Z-0.5804
N52110 X-1.7081 Y-1.3285 Z-0.5832
N52115 X-1.7074 Y-1.3258 Z-0.5856
N52120 X-1.7066 Y-1.3227 Z-0.5876
N52125 X-1.7058 Y-1.3194 Z-0.589
N52130 X-1.7049 Y-1.3159 Z-0.5899
N52135 X-1.704 Y-1.3124 Z-0.5902
N52140 G3 X-1.6855 Y-1.1838 I-0.5842 J0.1496
N52145 G1 Y-1.1781
N52150 X-1.7064 Y-1.1502
N52155 X-1.7221 Y-1.119
N52160 X-1.7333 Y-1.086
N52165 X-1.7412 Y-1.052
N52170 X-1.7465 Y-1.0175
N52175 X-1.75 Y-0.9828
N52180 X-1.7523 Y-0.948
N52185 X-1.7537 Y-0.9132
N52190 X-1.7547 Y-0.8783
N52195 X-1.7553 Y-0.8434
N52200 X-1.7557 Y-0.8085
N52205 X-1.7559 Y-0.7736
N52210 X-1.7561 Y-0.7388
N52215 X-1.7562 Y-0.669
N52220 X-1.7563 Y-0.5294
N52225 Y0.7963
N52230 Y0.9707
N52235 X-1.7561 Y0.9794
N52240 X-1.755 Y0.9881
N52245 X-1.7472 Y1.0221
N52250 X-1.7284 Y1.0514
N52255 X-1.7028 Y1.0751
N52260 X-1.6729 Y1.0932
N52265 X-1.6406 Y1.1064
N52270 X-1.607 Y1.1157
N52275 X-1.5727 Y1.1221
N52280 X-1.5381 Y1.1264
N52285 X-1.5033 Y1.1292
N52290 X-1.4685 Y1.1311
N52295 X-1.4336 Y1.1322
N52300 X-1.3988 Y1.133
N52305 X-1.3639 Y1.1335
N52310 X-1.329 Y1.1338
N52315 X-1.2886 Y1.134
N52320 X-1.2855
N52325 X-1.2823 Y1.1342
N52330 X-1.2792 Y1.1345
N52335 X-1.255 Y1.1373
N52340 X-1.2481 Y1.138
N52345 X-1.2243 Y1.1397
N52350 X-1.2085 Y1.1398
N52355 X-0.4873
N52360 X-0.4636 Y1.1394
N52365 X-0.4623 Y1.1392
N52370 X-0.4296 Y1.1368
N52375 X-0.3947 Y1.1358
N52380 X-0.3598 Y1.1353
N52385 X-0.325 Y1.1349
N52390 X-0.2901 Y1.1347
N52395 X-0.2552 Y1.1345
N52400 X-0.1854 Y1.1344
N52405 X-0.0459 Y1.1343
N52410 X0.4209
N52415 X0.4253 Y1.1344
N52420 X0.4297 Y1.1347
N52425 X0.4341 Y1.1353
N52430 X0.4398 Y1.1362
N52435 X0.4557 Y1.1384
N52440 X0.4636 Y1.1394
N52445 X0.4873 Y1.1398
N52450 X1.2164
N52455 X1.2243 Y1.1397
N52460 X1.2322 Y1.1392
N52465 X1.2671 Y1.1384
N52470 X1.302 Y1.1368
N52475 X1.3368 Y1.1359
N52480 X1.3717 Y1.1353
N52485 X1.4066 Y1.1349
N52490 X1.4415 Y1.1347
N52495 X1.4764 Y1.1345
N52500 X1.5462 Y1.1344
N52505 X1.6159 Y1.1343
N52510 X1.6493 Y1.1241
N52515 X1.6778 Y1.1039
N52520 X1.7005 Y1.0775
N52525 X1.7177 Y1.0471
N52530 X1.7302 Y1.0146
N52535 X1.739 Y0.9808
N52540 X1.745 Y0.9464
N52545 X1.749 Y0.9118
N52550 X1.7517 Y0.877
N52555 X1.7534 Y0.8421
N52560 X1.7544 Y0.8073
N52565 X1.7551 Y0.7724
N52570 X1.7556 Y0.7375
N52575 X1.7559 Y0.7026
N52580 X1.756 Y0.6677
N52585 X1.7562 Y0.6329
N52590 X1.7563 Y0.5631
N52595 Y0.3886
N52600 Y-0.4137
N52605 Y-0.9719
N52610 X1.756 Y-0.9806
N52615 X1.7535 Y-0.9979
N52620 X1.7419 Y-1.0308
N52625 X1.7209 Y-1.0586
N52630 X1.6938 Y-1.0807
N52635 X1.6631 Y-1.0973
N52640 X1.6304 Y-1.1094
N52645 X1.5966 Y-1.1178
N52650 X1.5621 Y-1.1235
N52655 X1.5275 Y-1.1273
N52660 X1.4927 Y-1.1298
N52665 X1.4578 Y-1.1315
N52670 X1.4229 Y-1.1325
N52675 X1.3881 Y-1.1331
N52680 X1.3532 Y-1.1336
N52685 X1.3183 Y-1.1338
N52690 X1.2885 Y-1.134
N52695 X1.2854
N52700 X1.2823 Y-1.1342
N52705 X1.2793 Y-1.1345
N52710 X1.255 Y-1.1373
N52715 X1.2481 Y-1.138
N52720 X1.2243 Y-1.1397
N52725 X1.2085 Y-1.1398
N52730 X-1.2164
N52735 X-1.2243 Y-1.1397
N52740 X-1.2322 Y-1.1392
N52745 X-1.2671 Y-1.1384
N52750 X-1.302 Y-1.1368
N52755 X-1.3368 Y-1.1359
N52760 X-1.3717 Y-1.1353
N52765 X-1.4066 Y-1.1349
N52770 X-1.4415 Y-1.1347
N52775 X-1.4764 Y-1.1345
N52780 X-1.5462 Y-1.1344
N52785 X-1.5801 Y-1.1264
N52790 X-1.6104 Y-1.109
N52795 X-1.6357 Y-1.0851
N52800 X-1.6559 Y-1.0566
N52805 X-1.6714 Y-1.0254
N52810 X-1.6829 Y-0.9924
N52815 X-1.6911 Y-0.9585
N52820 X-1.6969 Y-0.9241
N52825 X-1.701 Y-0.8895
N52830 X-1.7037 Y-0.8547
N52835 X-1.7055 Y-0.8198
N52840 X-1.7067 Y-0.785
N52845 X-1.7076 Y-0.7501
N52850 X-1.7081 Y-0.7152
N52855 X-1.7084 Y-0.6803
N52860 X-1.7087 Y-0.6454
N52865 X-1.7088 Y-0.6106
N52870 X-1.709 Y-0.5408
N52875 X-1.7091 Y-0.4361
N52880 Y0.1918
N52885 Y0.4709
N52890 Y0.8896
N52895 X-1.7069 Y0.9244
N52900 X-1.6958 Y0.9575
N52905 X-1.6771 Y0.9869
N52910 X-1.6526 Y1.0117
N52915 X-1.624 Y1.0317
N52920 X-1.5927 Y1.0473
N52925 X-1.5599 Y1.059
N52930 X-1.5261 Y1.0675
N52935 X-1.4917 Y1.0737
N52940 X-1.4571 Y1.078
N52945 X-1.4545 Y1.0782
N52950 X-1.4421 Y1.0802
N52955 X-1.4302 Y1.0839
N52960 X-1.4189 Y1.0893
N52965 X-1.4043 Y1.0976
N52970 X-1.3986 Y1.1008
N52975 X-1.3828 Y1.1069
N52980 X-1.3749 Y1.1097
N52985 X-1.3511 Y1.118
N52990 X-1.3273 Y1.1262
N52995 X-1.3194 Y1.1283
N53000 X-1.3036 Y1.1315
N53005 X-1.2956 Y1.1327
N53010 X-1.2792 Y1.1345
N53015 G3 X-1.2661 Y1.141 Z-0.587 I-0.0035 J0.0234
N53020 G2 X-1.2499 Y1.1563 Z-0.5823 I0.3979 J-0.406
N53025 X-1.1475 Y1.2302 I0.3818 J-0.4212
N53030 X-1.136 Y1.2332 I0.0116 J-0.0206
N53035 G1 X-0.606 Y1.2362
N53040 G2 X-0.5945 Y1.2333 I0.0001 J-0.0236
N53045 X-0.4916 Y1.1609 I-0.2737 J-0.4982
N53050 X-0.4748 Y1.1455 Z-0.5871 I-0.3766 J-0.4259
N53055 G3 X-0.4623 Y1.1392 Z-0.5902 I0.0163 J0.0171
N53060 G1 X-0.4557 Y1.1384
N53065 X-0.4398 Y1.1362
N53070 X-0.424 Y1.1337
N53075 X-0.416 Y1.1324
N53080 X-0.4081 Y1.1308
N53085 X-0.4016 Y1.1293
N53090 X-0.3923 Y1.1263
N53095 X-0.3843 Y1.1228
N53100 X-0.3764 Y1.1191
N53105 X-0.3662 Y1.1149
N53110 X-0.3566 Y1.1115
N53115 X-0.3446 Y1.1079
N53120 X-0.3292 Y1.1041
N53125 X-0.3087 Y1.1001
N53130 X-0.2799 Y1.0959
N53135 X-0.2451 Y1.0926
N53140 X-0.2103 Y1.0905
N53145 X-0.1754 Y1.0892
N53150 X-0.1406 Y1.0884
N53155 X-0.1057 Y1.0879
N53160 X-0.0708 Y1.0876
N53165 X-0.0359 Y1.0874
N53170 X-0.001 Y1.0873
N53175 X0.0687 Y1.0871
N53180 X0.2083
N53185 X0.292 Y1.087
N53190 X0.3075 Y1.0884
N53195 X0.3226 Y1.0924
N53200 X0.3368 Y1.0989
N53205 X0.3447 Y1.1033
N53210 X0.3645 Y1.1135
N53215 X0.3685 Y1.1154
N53220 X0.3843 Y1.1228
N53225 X0.3923 Y1.1263
N53230 X0.4016 Y1.1293
N53235 X0.4081 Y1.1308
N53240 X0.416 Y1.1324
N53245 X0.4341 Y1.1353
N53250 G3 X0.4538 Y1.1622 Z-0.5823 I-0.0036 J0.0233
N53255 X0.4303 Y1.1823 I-0.0233 J-0.0036
N53260 G1 X-0.3802 Y1.1765
N53265 G3 X-0.4022 Y1.1448 I0.0002 J-0.0236
N53270 G1 X-0.4011 Y1.1421 Z-0.5829
N53275 X-0.3996 Y1.1396 Z-0.5835
N53280 X-0.399 Y1.1388 Z-0.5837
N53285 G3 X-0.3764 Y1.1191 Z-0.5902 I0.051 J0.0358
N53290 G1 X-0.3685 Y1.1154
N53295 X-0.3645 Y1.1135
N53300 X-0.3447 Y1.1033
N53305 X-0.3368 Y1.0989
N53310 X-0.3348 Y1.0976
N53315 X-0.3289 Y1.0939
N53320 X-0.3259 Y1.0916
N53325 X-0.3193 Y1.087
N53330 X-0.3141 Y1.0838
N53335 X-0.3077 Y1.0802
N53340 X-0.3007 Y1.0768
N53345 X-0.2921 Y1.073
N53350 X-0.2814 Y1.069
N53355 X-0.2689 Y1.0649
N53360 X-0.2528 Y1.0605
N53365 X-0.2326 Y1.0561
N53370 X-0.2055 Y1.0515
N53375 X-0.1708 Y1.0474
N53380 X-0.1361 Y1.0448
N53385 X-0.1012 Y1.043
N53390 X-0.0663 Y1.0419
N53395 X-0.0315 Y1.0412
N53400 X0.0034 Y1.0407
N53405 X0.0383 Y1.0404
N53410 X0.0732 Y1.0402
N53415 X0.1081 Y1.0401
N53420 X0.1779 Y1.0399
N53425 X0.2127
N53430 X0.237 Y1.0401
N53435 X0.2504 Y1.0413
N53440 X0.2634 Y1.0445
N53445 X0.2758 Y1.0497
N53450 X0.2872 Y1.0567
N53455 X0.2975 Y1.0655
N53460 X0.3058 Y1.0739
N53465 X0.313 Y1.0807
N53470 G3 X0.3126 Y1.1141 Z-0.5823 I-0.0169 J0.0165
N53475 X0.2966 Y1.1208 I-0.0165 J-0.0169
N53480 G1 X-0.3103 Y1.1334
N53485 G3 X-0.3291 Y1.1248 I-0.0005 J-0.0236
N53490 X-0.3259 Y1.0916 Z-0.5902 I0.0182 J-0.015
N53495 G1 X-0.3209 Y1.0878
N53500 X-0.3141 Y1.0818
N53505 X-0.3058 Y1.0739
N53510 X-0.2933 Y1.0612
N53515 X-0.2875 Y1.056
N53520 X-0.283 Y1.0522
N53525 X-0.2782 Y1.0487
N53530 X-0.2722 Y1.0447
N53535 X-0.2655 Y1.0408
N53540 X-0.2579 Y1.0367
N53545 X-0.2482 Y1.0321
N53550 X-0.2373 Y1.0276
N53555 X-0.2244 Y1.023
N53560 X-0.2085 Y1.0182
N53565 X-0.189 Y1.0133
N53570 X-0.1643 Y1.0083
N53575 X-0.1305 Y1.0033
N53580 X-0.0958 Y0.9998
N53585 X-0.061 Y0.9974
N53590 X-0.0261 Y0.9959
N53595 X0.0087 Y0.9948
N53600 X0.0436 Y0.9941
N53605 X0.0785 Y0.9936
N53610 X0.1134 Y0.9932
N53615 X0.1483 Y0.993
N53620 X0.1817
N53625 X0.2002 Y0.9939
N53630 X0.2085 Y0.9947
N53635 X0.2233 Y0.9976
N53640 X0.2373 Y1.0032
N53645 X0.25 Y1.0114
N53650 X0.2609 Y1.0219
N53655 X0.2696 Y1.0342
N53660 X0.2734 Y1.0394
N53665 X0.2813 Y1.0491
N53670 X0.2901 Y1.058
N53675 X0.2975 Y1.0655
N53680 G3 X0.2963 Y1.0988 Z-0.5823 I-0.0173 J0.0161
N53685 X0.28 Y1.1052 I-0.0161 J-0.0173
N53690 G1 X-0.2761 Y1.1009
N53695 G3 X-0.292 Y1.0946 I0.0002 J-0.0236
N53700 X-0.2933 Y1.0612 Z-0.5902 I0.0161 J-0.0173
N53705 G1 X-0.2813 Y1.0491
N53710 X-0.2734 Y1.0394
N53715 X-0.2696 Y1.0342
N53720 X-0.2689 Y1.033
N53725 X-0.2657 Y1.0281
N53730 X-0.2619 Y1.0235
N53735 X-0.2578 Y1.0193
N53740 X-0.2534 Y1.0153
N53745 X-0.2484 Y1.0112
N53750 X-0.2431 Y1.0072
N53755 X-0.2364 Y1.0028
N53760 X-0.2288 Y0.9982
N53765 X-0.2202 Y0.9936
N53770 X-0.2092 Y0.9884
N53775 X-0.1974 Y0.9835
N53780 X-0.183 Y0.9783
N53785 X-0.166 Y0.9731
N53790 X-0.1447 Y0.9677
N53795 X-0.1185 Y0.9624
N53800 X-0.084 Y0.9571
N53805 X-0.0493 Y0.9535
N53810 X-0.0146 Y0.951
N53815 X0.0203 Y0.9492
N53820 X0.0552 Y0.948
N53825 X0.09 Y0.9472
N53830 X0.1249 Y0.9467
N53835 X0.1502 Y0.947
N53840 X0.166 Y0.948
N53845 X0.1793 Y0.9495
N53850 X0.1859 Y0.9506
N53855 X0.1991 Y0.9538
N53860 X0.2116 Y0.959
N53865 X0.2231 Y0.9661
N53870 X0.2334 Y0.9749
N53875 X0.2422 Y0.9852
N53880 X0.2492 Y0.9968
N53885 X0.2575 Y1.0131
N53890 X0.2605 Y1.0184
N53895 X0.2696 Y1.0342
N53900 G3 X0.2597 Y1.0661 Z-0.5823 I-0.0209 J0.011
N53905 X0.2486 Y1.0689 I-0.011 J-0.0209
N53910 G1 X-0.2481 Y1.0677
N53915 G3 X-0.259 Y1.0649 I0.0001 J-0.0236
N53920 X-0.2689 Y1.033 Z-0.5902 I0.011 J-0.0209
N53925 G1 X-0.2605 Y1.0184
N53930 X-0.2575 Y1.0131
N53935 X-0.2522 Y1.0025
N53940 X-0.2492 Y0.9974
N53945 X-0.2459 Y0.9925
N53950 X-0.2422 Y0.9879
N53955 X-0.2383 Y0.9835
N53960 X-0.2341 Y0.9793
N53965 X-0.2291 Y0.9748
N53970 X-0.2237 Y0.9704
N53975 X-0.2171 Y0.9655
N53980 X-0.2096 Y0.9605
N53985 X-0.2011 Y0.9554
N53990 X-0.1907 Y0.9499
N53995 X-0.1795 Y0.9446
N54000 X-0.1651 Y0.9387
N54005 X-0.15 Y0.9332
N54010 X-0.1306 Y0.9274
N54015 X-0.1081 Y0.9217
N54020 X-0.0795 Y0.9159
N54025 X-0.045 Y0.9108
N54030 X-0.0103 Y0.9071
N54035 X0.0245 Y0.9045
N54040 X0.0593 Y0.9026
N54045 X0.0942 Y0.9016
N54050 X0.1194 Y0.9019
N54055 X0.1379 Y0.903
N54060 X0.1508 Y0.9044
N54065 X0.163 Y0.9063
N54070 X0.1726 Y0.9084
N54075 X0.1756 Y0.9092
N54080 X0.1896 Y0.9141
N54085 X0.2025 Y0.9214
N54090 X0.214 Y0.9307
N54095 X0.2237 Y0.9419
N54100 X0.2314 Y0.9546
N54105 X0.2368 Y0.9684
N54110 G3 X0.2199 Y0.9971 Z-0.5823 I-0.0229 J0.0059
N54115 G1 X0.2179 Y0.9976
N54120 X0.216 Y0.9978
N54125 X-0.2287 Y1.036
N54130 G3 X-0.2407 Y1.0339 I-0.002 J-0.0235
N54135 X-0.2522 Y1.0025 Z-0.5902 I0.01 J-0.0214
N54140 G1 X-0.2481 Y0.9946
N54145 X-0.2442 Y0.9867
N54150 X-0.2405 Y0.9788
N54155 X-0.2381 Y0.9724
N54160 X-0.2358 Y0.967
N54165 X-0.2331 Y0.9618
N54170 X-0.2299 Y0.9568
N54175 X-0.2265 Y0.952
N54180 X-0.2227 Y0.9474
N54185 X-0.2187 Y0.943
N54190 X-0.2139 Y0.9383
N54195 X-0.2086 Y0.9335
N54200 X-0.2023 Y0.9284
N54205 X-0.1951 Y0.9231
N54210 X-0.1868 Y0.9176
N54215 X-0.1773 Y0.9119
N54220 X-0.1664 Y0.9062
N54225 X-0.1535 Y0.9001
N54230 X-0.139 Y0.8941
N54235 X-0.1214 Y0.8879
N54240 X-0.1011 Y0.8817
N54245 X-0.0768 Y0.8756
N54250 X-0.046 Y0.8695
N54255 X-0.0115 Y0.8644
N54260 X0.0232 Y0.8607
N54265 X0.058 Y0.8584
N54270 X0.085 Y0.8578
N54275 X0.1066 Y0.8584
N54280 X0.1219 Y0.8596
N54285 X0.1363 Y0.8614
N54290 X0.1467 Y0.8633
N54295 X0.1577 Y0.8658
N54300 X0.1662 Y0.8682
N54305 X0.1747 Y0.871
N54310 X0.1759 Y0.8715
N54315 X0.1895 Y0.8781
N54320 X0.2016 Y0.887
N54325 X0.2121 Y0.8978
N54330 X0.2205 Y0.9103
N54335 X0.2266 Y0.9241
N54340 X0.2302 Y0.9387
N54345 X0.2318 Y0.947
N54350 X0.2352 Y0.9629
N54355 X0.2368 Y0.9684
N54360 G3 X0.2199 Y0.9971 Z-0.5823 I-0.0229 J0.0059
N54365 G1 X0.2171 Y0.9977
N54370 X0.2143 Y0.9979
N54375 X-0.2155 Y1.0036
N54380 X-0.2181 Y1.0035
N54385 X-0.2208 Y1.0031
N54390 X-0.2234 Y1.0024
N54395 G3 X-0.2381 Y0.9724 Z-0.5902 I0.0076 J-0.0224
N54400 G1 X-0.2375 Y0.9708
N54405 X-0.2352 Y0.9629
N54410 X-0.2318 Y0.947
N54415 X-0.2304 Y0.9413
N54420 X-0.2285 Y0.9357
N54425 X-0.226 Y0.9304
N54430 X-0.2232 Y0.9252
N54435 X-0.22 Y0.9202
N54440 X-0.2166 Y0.9154
N54445 X-0.2127 Y0.9105
N54450 X-0.2084 Y0.9057
N54455 X-0.2031 Y0.9003
N54460 X-0.1974 Y0.8951
N54465 X-0.1905 Y0.8892
N54470 X-0.183 Y0.8836
N54475 X-0.1739 Y0.8773
N54480 X-0.1642 Y0.8713
N54485 X-0.1524 Y0.8648
N54490 X-0.1395 Y0.8585
N54495 X-0.1238 Y0.8517
N54500 X-0.1064 Y0.8452
N54505 X-0.0857 Y0.8386
N54510 X-0.0609 Y0.832
N54515 X-0.0328 Y0.8259
N54520 X-0.0028 Y0.821
N54525 X0.026 Y0.8176
N54530 X0.0514 Y0.816
N54535 X0.0742 Y0.8156
N54540 X0.0933 Y0.8161
N54545 X0.1105 Y0.8175
N54550 X0.124 Y0.8193
N54555 X0.1366 Y0.8215
N54560 X0.147 Y0.8239
N54565 X0.156 Y0.8265
N54570 X0.1655 Y0.8296
N54575 X0.1728 Y0.8325
N54580 X0.1747 Y0.8333
N54585 X0.188 Y0.8407
N54590 X0.1998 Y0.8503
N54595 X0.2097 Y0.8619
N54600 X0.2174 Y0.8749
N54605 X0.2228 Y0.8892
N54610 X0.2255 Y0.9041
N54615 X0.2266 Y0.9153
N54620 X0.2278 Y0.9233
N54625 X0.2302 Y0.9387
N54630 G3 X0.2097 Y0.965 Z-0.5823 I-0.0234 J0.0029
N54635 G1 X0.2073 Y0.9652
N54640 X-0.208 Y0.9743
N54645 X-0.2101
N54650 X-0.2122 Y0.9741
N54655 G3 X-0.2318 Y0.947 Z-0.5902 I0.0037 J-0.0233
N54660 G1 X-0.2303 Y0.9391
N54665 X-0.2278 Y0.9233
N54670 X-0.2266 Y0.9153
N54675 X-0.2258 Y0.9095
N54680 X-0.2241 Y0.9039
N54685 X-0.2219 Y0.8984
N54690 X-0.2193 Y0.8931
N54695 X-0.2164 Y0.8879
N54700 X-0.2132 Y0.8829
N54705 X-0.2095 Y0.8778
N54710 X-0.2054 Y0.8726
N54715 X-0.2005 Y0.867
N54720 X-0.1951 Y0.8614
N54725 X-0.1887 Y0.8554
N54730 X-0.1813 Y0.8491
N54735 X-0.1732 Y0.8428
N54740 X-0.1634 Y0.8361
N54745 X-0.1531 Y0.8296
N54750 X-0.1403 Y0.8224
N54755 X-0.1268 Y0.8157
N54760 X-0.1105 Y0.8085
N54765 X-0.0922 Y0.8015
N54770 X-0.0723 Y0.795
N54775 X-0.0498 Y0.7889
N54780 X-0.0261 Y0.7836
N54785 X-0.002 Y0.7795
N54790 X0.0215 Y0.7766
N54795 X0.0441 Y0.7749
N54800 X0.0647 Y0.7745
N54805 X0.0829 Y0.7749
N54810 X0.0996 Y0.7761
N54815 X0.1149 Y0.778
N54820 X0.1269 Y0.7801
N54825 X0.1388 Y0.7827
N54830 X0.1487 Y0.7854
N54835 X0.1571 Y0.7882
N54840 X0.1662 Y0.7917
N54845 X0.1733 Y0.7948
N54850 X0.1765 Y0.7964
N54855 X0.19 Y0.8048
N54860 X0.2018 Y0.8156
N54865 X0.2114 Y0.8283
N54870 X0.2186 Y0.8426
N54875 X0.2229 Y0.858
N54880 X0.2244 Y0.8739
N54885 Y0.8916
N54890 X0.2253 Y0.902
N54895 X0.2255 Y0.9041
N54900 G3 X0.2034 Y0.9291 Z-0.5823 I-0.0236 J0.0014
N54905 G1 X0.2026 Y0.9292
N54910 X-0.2024 Y0.9404
N54915 X-0.2045
N54920 G3 X-0.2266 Y0.9153 Z-0.5902 I0.0015 J-0.0236
N54925 G1 X-0.2251 Y0.8995
N54930 X-0.2244 Y0.8916
N54935 Y0.8892
N54940 X-0.2241 Y0.8833
N54945 X-0.2232 Y0.8774
N54950 X-0.2218 Y0.8717
N54955 X-0.2198 Y0.8661
N54960 X-0.2175 Y0.8607
N54965 X-0.2149 Y0.8554
N54970 X-0.212 Y0.8503
N54975 X-0.2085 Y0.845
N54980 X-0.2047 Y0.8396
N54985 X-0.2001 Y0.8338
N54990 X-0.1949 Y0.8278
N54995 X-0.189 Y0.8216
N55000 X-0.1819 Y0.8149
N55005 X-0.1744 Y0.8085
N55010 X-0.1653 Y0.8014
N55015 X-0.1554 Y0.7945
N55020 X-0.1441 Y0.7874
N55025 X-0.131 Y0.78
N55030 X-0.1172 Y0.773
N55035 X-0.1012 Y0.766
N55040 X-0.0833 Y0.7591
N55045 X-0.0642 Y0.7528
N55050 X-0.0444 Y0.7473
N55055 X-0.0233 Y0.7425
N55060 X-0.0018 Y0.7388
N55065 X0.0194 Y0.7361
N55070 X0.0399 Y0.7346
N55075 X0.0588 Y0.7341
N55080 X0.0766 Y0.7345
N55085 X0.0933 Y0.7356
N55090 X0.1083 Y0.7374
N55095 X0.122 Y0.7398
N55100 X0.1331 Y0.7422
N55105 X0.1447 Y0.7454
N55110 X0.154 Y0.7484
N55115 X0.162 Y0.7514
N55120 X0.1709 Y0.7553
N55125 X0.1779 Y0.7588
N55130 X0.18 Y0.7599
N55135 X0.1926 Y0.7685
N55140 X0.2036 Y0.7792
N55145 X0.2125 Y0.7917
N55150 X0.219 Y0.8055
N55155 X0.2231 Y0.8203
N55160 X0.2244 Y0.8356
N55165 Y0.8739
N55170 G3 X0.2017 Y0.8966 Z-0.5826 I-0.0236 J-0.0008
N55175 G1 X0.2 Y0.8967 Z-0.5823
N55180 X-0.1999 Y0.912
N55185 X-0.2
N55190 G3 X-0.2244 Y0.8892 Z-0.5902 I-0.0008 J-0.0236
N55195 G1 Y0.8575
N55200 X-0.2241 Y0.8516
N55205 X-0.2234 Y0.8457
N55210 X-0.2222 Y0.8399
N55215 X-0.2205 Y0.8343
N55220 X-0.2184 Y0.8287
N55225 X-0.216 Y0.8234
N55230 X-0.2133 Y0.8181
N55235 X-0.2101 Y0.8126
N55240 X-0.2065 Y0.8069
N55245 X-0.2023 Y0.801
N55250 X-0.1973 Y0.7946
N55255 X-0.1917 Y0.7883
N55260 X-0.1851 Y0.7814
N55265 X-0.1779 Y0.7746
N55270 X-0.1697 Y0.7676
N55275 X-0.1601 Y0.7601
N55280 X-0.1499 Y0.753
N55285 X-0.1381 Y0.7456
N55290 X-0.1248 Y0.7381
N55295 X-0.1108 Y0.7311
N55300 X-0.0953 Y0.7243
N55305 X-0.0782 Y0.7177
N55310 X-0.0598 Y0.7117
N55315 X-0.0406 Y0.7064
N55320 X-0.021 Y0.702
N55325 X-0.0012 Y0.6985
N55330 X0.0185 Y0.6961
N55335 X0.0376 Y0.6947
N55340 X0.0562 Y0.6942
N55345 X0.0736 Y0.6946
N55350 X0.0903 Y0.6958
N55355 X0.1052 Y0.6976
N55360 X0.1192 Y0.7
N55365 X0.132 Y0.7028
N55370 X0.1423 Y0.7056
N55375 X0.1532 Y0.7091
N55380 X0.1614 Y0.7123
N55385 X0.1697 Y0.7159
N55390 X0.1777 Y0.7199
N55395 X0.1801 Y0.7212
N55400 X0.1927 Y0.7298
N55405 X0.2036 Y0.7405
N55410 X0.2125 Y0.753
N55415 X0.219 Y0.7668
N55420 X0.2231 Y0.7816
N55425 X0.2244 Y0.7968
N55430 Y0.8356
N55435 G3 X0.2021 Y0.8583 Z-0.5827 I-0.0236 J-0.0008
N55440 G1 X0.2 Y0.8584 Z-0.5823
N55445 X-0.1995 Y0.8802
N55450 X-0.2 Y0.8803
N55455 G3 X-0.2244 Y0.8575 Z-0.5902 I-0.0008 J-0.0236
N55460 G1 Y0.8202
N55465 X-0.2241 Y0.8143
N55470 X-0.2233 Y0.8085
N55475 X-0.222 Y0.8027
N55480 X-0.2202 Y0.7971
N55485 X-0.2182 Y0.7916
N55490 X-0.2158 Y0.7862
N55495 X-0.213 Y0.7806
N55500 X-0.2098 Y0.775
N55505 X-0.206 Y0.769
N55510 X-0.2015 Y0.7626
N55515 X-0.1965 Y0.7563
N55520 X-0.1906 Y0.7494
N55525 X-0.184 Y0.7425
N55530 X-0.1766 Y0.7354
N55535 X-0.168 Y0.728
N55540 X-0.1587 Y0.7206
N55545 X-0.1483 Y0.7133
N55550 X-0.1364 Y0.7057
N55555 X-0.1233 Y0.6983
N55560 X-0.1096 Y0.6913
N55565 X-0.0943 Y0.6844
N55570 X-0.0778 Y0.678
N55575 X-0.0602 Y0.6721
N55580 X-0.0419 Y0.6669
N55585 X-0.0231 Y0.6625
N55590 X-0.004 Y0.6591
N55595 X0.015 Y0.6566
N55600 X0.0337 Y0.6551
N55605 X0.052 Y0.6546
N55610 X0.0695 Y0.6548
N55615 X0.0861 Y0.6559
N55620 X0.1018 Y0.6577
N55625 X0.1159 Y0.6601
N55630 X0.1293 Y0.6629
N55635 X0.14 Y0.6658
N55640 X0.1512 Y0.6693
N55645 X0.1599 Y0.6726
N55650 X0.168 Y0.6761
N55655 X0.1764 Y0.6802
N55660 X0.1832 Y0.684
N55665 X0.195 Y0.6927
N55670 X0.2052 Y0.7033
N55675 X0.2134 Y0.7155
N55680 X0.2195 Y0.7289
N55685 X0.2232 Y0.7431
N55690 X0.2244 Y0.7577
N55695 Y0.7968
N55700 G3 X0.2022 Y0.8196 Z-0.5827 I-0.0236 J-0.0008
N55705 G1 X0.2 Y0.8197 Z-0.5823
N55710 X-0.1994 Y0.843
N55715 X-0.2
N55720 G3 X-0.2244 Y0.8202 Z-0.5902 I-0.0008 J-0.0236
N55725 G1 Y0.7842
N55730 X-0.2241 Y0.7783
N55735 X-0.2234 Y0.7724
N55740 X-0.2222 Y0.7666
N55745 X-0.2206 Y0.761
N55750 X-0.2187 Y0.7554
N55755 X-0.2164 Y0.7499
N55760 X-0.2138 Y0.7444
N55765 X-0.2108 Y0.7388
N55770 X-0.2071 Y0.7326
N55775 X-0.203 Y0.7265
N55780 X-0.198 Y0.7199
N55785 X-0.1924 Y0.713
N55790 X-0.1861 Y0.7061
N55795 X-0.1788 Y0.6988
N55800 X-0.1707 Y0.6914
N55805 X-0.1618 Y0.6841
N55810 X-0.1516 Y0.6765
N55815 X-0.1402 Y0.6689
N55820 X-0.1281 Y0.6616
N55825 X-0.1147 Y0.6544
N55830 X-0.1 Y0.6474
N55835 X-0.0842 Y0.6408
N55840 X-0.0675 Y0.6348
N55845 X-0.0502 Y0.6295
N55850 X-0.0322 Y0.6249
N55855 X-0.0137 Y0.6211
N55860 X0.0051 Y0.6182
N55865 X0.024 Y0.6162
N55870 X0.0425 Y0.6152
N55875 X0.0604 Y0.6151
N55880 X0.0772 Y0.6158
N55885 X0.0933 Y0.6173
N55890 X0.1084 Y0.6194
N55895 X0.1224 Y0.6221
N55900 X0.1352 Y0.6252
N55905 X0.1453 Y0.6281
N55910 X0.1558 Y0.6318
N55915 X0.1643 Y0.6352
N55920 X0.172 Y0.6388
N55925 X0.1801 Y0.643
N55930 X0.1815 Y0.6438
N55935 X0.1938 Y0.6525
N55940 X0.2044 Y0.6632
N55945 X0.2129 Y0.6755
N55950 X0.2192 Y0.6891
N55955 X0.2231 Y0.7036
N55960 X0.2244 Y0.7186
N55965 Y0.7577
N55970 G3 X0.2024 Y0.7805 Z-0.5828 I-0.0236 J-0.0008
N55975 G1 X0.2 Y0.7806 Z-0.5823
N55980 X-0.1992 Y0.8069
N55985 X-0.2 Y0.807
N55990 G3 X-0.2244 Y0.7842 Z-0.5902 I-0.0008 J-0.0236
N55995 G1 Y0.7446
N56000 X-0.2241 Y0.7387
N56005 X-0.2233 Y0.7328
N56010 X-0.222 Y0.727
N56015 X-0.2204 Y0.7214
N56020 X-0.2184 Y0.7158
N56025 X-0.2161 Y0.7104
N56030 X-0.2134 Y0.7048
N56035 X-0.2101 Y0.6988
N56040 X-0.2065 Y0.6928
N56045 X-0.202 Y0.6862
N56050 X-0.197 Y0.6796
N56055 X-0.1913 Y0.6727
N56060 X-0.1846 Y0.6654
N56065 X-0.1773 Y0.6583
N56070 X-0.1691 Y0.6509
N56075 X-0.1596 Y0.6431
N56080 X-0.1494 Y0.6357
N56085 X-0.1382 Y0.6283
N56090 X-0.1257 Y0.6209
N56095 X-0.112 Y0.6136
N56100 X-0.0975 Y0.6068
N56105 X-0.0822 Y0.6005
N56110 X-0.0658 Y0.5947
N56115 X-0.0484 Y0.5894
N56120 X-0.0303 Y0.5849
N56125 X-0.0118 Y0.5813
N56130 X0.0068 Y0.5785
N56135 X0.0254 Y0.5767
N56140 X0.0438 Y0.5758
N56145 X0.0617
N56150 X0.079 Y0.5766
N56155 X0.0949 Y0.5782
N56160 X0.1096 Y0.5803
N56165 X0.1235 Y0.583
N56170 X0.136 Y0.5861
N56175 X0.1463 Y0.5892
N56180 X0.1568 Y0.5929
N56185 X0.1647 Y0.5962
N56190 X0.1732 Y0.6002
N56195 X0.1807 Y0.6041
N56200 X0.182 Y0.6049
N56205 X0.1941 Y0.6136
N56210 X0.2046 Y0.6242
N56215 X0.213 Y0.6365
N56220 X0.2193 Y0.6501
N56225 X0.2231 Y0.6645
N56230 X0.2244 Y0.6794
N56235 Y0.7186
N56240 G3 X0.2023 Y0.7413 Z-0.5828 I-0.0236 J-0.0008
N56245 G1 X0.2 Y0.7415 Z-0.5823
N56250 X-0.1993 Y0.7673
N56255 X-0.2
N56260 G3 X-0.2244 Y0.7446 Z-0.5902 I-0.0008 J-0.0236
N56265 G1 Y0.7069
N56270 X-0.2241 Y0.701
N56275 X-0.2234 Y0.6951
N56280 X-0.2223 Y0.6893
N56285 X-0.2207 Y0.6836
N56290 X-0.2188 Y0.6781
N56295 X-0.2166 Y0.6726
N56300 X-0.2139 Y0.6669
N56305 X-0.2109 Y0.6612
N56310 X-0.2072 Y0.655
N56315 X-0.203 Y0.6486
N56320 X-0.1982 Y0.642
N56325 X-0.1925 Y0.6349
N56330 X-0.1863 Y0.628
N56335 X-0.1791 Y0.6207
N56340 X-0.1709 Y0.6131
N56345 X-0.162 Y0.6057
N56350 X-0.1522 Y0.5983
N56355 X-0.1411 Y0.5907
N56360 X-0.1288 Y0.5832
N56365 X-0.116 Y0.5762
N56370 X-0.102 Y0.5693
N56375 X-0.0867 Y0.5628
N56380 X-0.0704 Y0.5567
N56385 X-0.0532 Y0.5513
N56390 X-0.0354 Y0.5466
N56395 X-0.0172 Y0.5428
N56400 X0.0013 Y0.5398
N56405 X0.0199 Y0.5377
N56410 X0.0382 Y0.5365
N56415 X0.0561 Y0.5362
N56420 X0.0733 Y0.5368
N56425 X0.0896 Y0.5382
N56430 X0.1052 Y0.5403
N56435 X0.1194 Y0.5428
N56440 X0.1325 Y0.5459
N56445 X0.143 Y0.5489
N56450 X0.1539 Y0.5526
N56455 X0.1625 Y0.556
N56460 X0.1705 Y0.5596
N56465 X0.1787 Y0.5637
N56470 X0.1809 Y0.565
N56475 X0.1933 Y0.5737
N56480 X0.204 Y0.5844
N56485 X0.2127 Y0.5967
N56490 X0.2192 Y0.6105
N56495 X0.2231 Y0.6251
N56500 X0.2244 Y0.6402
N56505 Y0.6794
N56510 G3 X0.2024 Y0.7021 Z-0.5828 I-0.0236 J-0.0008
N56515 G1 X0.2 Y0.7023 Z-0.5823
N56520 X-0.1992 Y0.7296
N56525 X-0.2 Y0.7297
N56530 G3 X-0.2244 Y0.7069 Z-0.5902 I-0.0008 J-0.0236
N56535 G1 Y0.6673
N56540 X-0.2241 Y0.6614
N56545 X-0.2234 Y0.6555
N56550 X-0.2222 Y0.6497
N56555 X-0.2206 Y0.644
N56560 X-0.2187 Y0.6385
N56565 X-0.2165 Y0.633
N56570 X-0.2138 Y0.6274
N56575 X-0.2107 Y0.6214
N56580 X-0.2071 Y0.6154
N56585 X-0.2027 Y0.6088
N56590 X-0.1979 Y0.6022
N56595 X-0.1923 Y0.5953
N56600 X-0.1857 Y0.588
N56605 X-0.1787 Y0.5809
N56610 X-0.1706 Y0.5735
N56615 X-0.1614 Y0.5658
N56620 X-0.1516 Y0.5584
N56625 X-0.1407 Y0.551
N56630 X-0.1285 Y0.5435
N56635 X-0.1151 Y0.5362
N56640 X-0.101 Y0.5294
N56645 X-0.086 Y0.523
N56650 X-0.0699 Y0.5171
N56655 X-0.0529 Y0.5118
N56660 X-0.0351 Y0.5071
N56665 X-0.0169 Y0.5033
N56670 X0.0016 Y0.5003
N56675 X0.0201 Y0.4983
N56680 X0.0385 Y0.4971
N56685 X0.0565 Y0.4969
N56690 X0.074 Y0.4976
N56695 X0.0904 Y0.4989
N56700 X0.1056 Y0.501
N56705 X0.1196 Y0.5036
N56710 X0.1327 Y0.5067
N56715 X0.1432 Y0.5097
N56720 X0.1542 Y0.5134
N56725 X0.1625 Y0.5167
N56730 X0.1709 Y0.5205
N56735 X0.1789 Y0.5246
N56740 X0.1811 Y0.5259
N56745 X0.1934 Y0.5345
N56750 X0.2041 Y0.5452
N56755 X0.2128 Y0.5576
N56760 X0.2192 Y0.5712
N56765 X0.2231 Y0.5858
N56770 X0.2244 Y0.6009
N56775 Y0.6402
N56780 G3 X0.2024 Y0.6629 Z-0.5828 I-0.0236 J-0.0008
N56785 G1 X0.2 Y0.6631 Z-0.5823
N56790 X-0.1992 Y0.69
N56795 X-0.2 Y0.6901
N56800 G3 X-0.2244 Y0.6673 Z-0.5902 I-0.0008 J-0.0236
N56805 G1 Y0.6276
N56810 X-0.2241 Y0.6218
N56815 X-0.2234 Y0.6159
N56820 X-0.2222 Y0.6101
N56825 X-0.2206 Y0.6044
N56830 X-0.2186 Y0.5988
N56835 X-0.2164 Y0.5934
N56840 X-0.2137 Y0.5877
N56845 X-0.2106 Y0.5818
N56850 X-0.2069 Y0.5757
N56855 X-0.2025 Y0.5691
N56860 X-0.1977 Y0.5625
N56865 X-0.192 Y0.5556
N56870 X-0.1855 Y0.5483
N56875 X-0.1784 Y0.5411
N56880 X-0.1702 Y0.5337
N56885 X-0.161 Y0.526
N56890 X-0.1511 Y0.5186
N56895 X-0.1402 Y0.5112
N56900 X-0.128 Y0.5038
N56905 X-0.1146 Y0.4965
N56910 X-0.1005 Y0.4897
N56915 X-0.0856 Y0.4834
N56920 X-0.0695 Y0.4775
N56925 X-0.0525 Y0.4722
N56930 X-0.0348 Y0.4676
N56935 X-0.0165 Y0.4638
N56940 X0.0021 Y0.4609
N56945 X0.0207 Y0.4589
N56950 X0.039 Y0.4578
N56955 X0.057 Y0.4576
N56960 X0.0744 Y0.4582
N56965 X0.0908 Y0.4597
N56970 X0.1059 Y0.4617
N56975 X0.12 Y0.4643
N56980 X0.1331 Y0.4674
N56985 X0.1435 Y0.4705
N56990 X0.1545 Y0.4742
N56995 X0.1628 Y0.4775
N57000 X0.1712 Y0.4814
N57005 X0.1791 Y0.4854
N57010 X0.1812 Y0.4866
N57015 X0.1935 Y0.4953
N57020 X0.2042 Y0.506
N57025 X0.2128 Y0.5183
N57030 X0.2192 Y0.532
N57035 X0.2231 Y0.5466
N57040 X0.2244 Y0.5616
N57045 Y0.6009
N57050 G3 X0.2024 Y0.6236 Z-0.5828 I-0.0236 J-0.0008
N57055 G1 X0.2 Y0.6238 Z-0.5823
N57060 X-0.1992 Y0.6504
N57065 X-0.2
N57070 G3 X-0.2244 Y0.6276 Z-0.5902 I-0.0008 J-0.0236
N57075 G1 Y0.588
N57080 X-0.2241 Y0.5821
N57085 X-0.2234 Y0.5763
N57090 X-0.2221 Y0.5705
N57095 X-0.2205 Y0.5648
N57100 X-0.2186 Y0.5592
N57105 X-0.2163 Y0.5538
N57110 X-0.2136 Y0.5481
N57115 X-0.2105 Y0.5421
N57120 X-0.2068 Y0.536
N57125 X-0.2024 Y0.5294
N57130 X-0.1975 Y0.5228
N57135 X-0.1918 Y0.5159
N57140 X-0.1852 Y0.5086
N57145 X-0.1781 Y0.5014
N57150 X-0.17 Y0.494
N57155 X-0.1607 Y0.4863
N57160 X-0.1508 Y0.4789
N57165 X-0.1399 Y0.4716
N57170 X-0.1277 Y0.4642
N57175 X-0.1143 Y0.4569
N57180 X-0.1002 Y0.4502
N57185 X-0.0852 Y0.4439
N57190 X-0.0691 Y0.438
N57195 X-0.0521 Y0.4327
N57200 X-0.0344 Y0.4281
N57205 X-0.0161 Y0.4244
N57210 X0.0025 Y0.4214
N57215 X0.0211 Y0.4195
N57220 X0.0394 Y0.4184
N57225 X0.0574 Y0.4182
N57230 X0.0748 Y0.4189
N57235 X0.0911 Y0.4204
N57240 X0.1063 Y0.4225
N57245 X0.1203 Y0.4251
N57250 X0.1334 Y0.4282
N57255 X0.1438 Y0.4313
N57260 X0.1548 Y0.435
N57265 X0.163 Y0.4383
N57270 X0.1714 Y0.4422
N57275 X0.1793 Y0.4463
N57280 X0.1813 Y0.4474
N57285 X0.1937 Y0.4561
N57290 X0.2043 Y0.4668
N57295 X0.213 Y0.4792
N57300 X0.2193 Y0.493
N57305 X0.2232 Y0.5076
N57310 X0.2244 Y0.5226
N57315 Y0.5616
N57320 G3 X0.2024 Y0.5843 Z-0.5828 I-0.0236 J-0.0008
N57325 G1 X0.2 Y0.5845 Z-0.5823
N57330 X-0.1993 Y0.6108
N57335 X-0.2
N57340 G3 X-0.2244 Y0.588 Z-0.5902 I-0.0008 J-0.0236
N57345 G1 Y0.5508
N57350 X-0.2241 Y0.5446
N57355 X-0.2235 Y0.5387
N57360 X-0.2225 Y0.5329
N57365 X-0.221 Y0.5272
N57370 X-0.2191 Y0.5216
N57375 X-0.217 Y0.5161
N57380 X-0.2144 Y0.5105
N57385 X-0.2115 Y0.5048
N57390 X-0.208 Y0.4986
N57395 X-0.2039 Y0.4923
N57400 X-0.1993 Y0.4858
N57405 X-0.1937 Y0.4787
N57410 X-0.1877 Y0.4718
N57415 X-0.1807 Y0.4646
N57420 X-0.1727 Y0.457
N57425 X-0.1641 Y0.4497
N57430 X-0.1546 Y0.4423
N57435 X-0.1438 Y0.4347
N57440 X-0.1319 Y0.4272
N57445 X-0.1194 Y0.4202
N57450 X-0.1057 Y0.4133
N57455 X-0.0908 Y0.4067
N57460 X-0.0749 Y0.4006
N57465 X-0.058 Y0.395
N57470 X-0.0405 Y0.3902
N57475 X-0.0225 Y0.3862
N57480 X-0.0042 Y0.383
N57485 X0.0144 Y0.3806
N57490 X0.0329 Y0.3793
N57495 X0.0509 Y0.3788
N57500 X0.0684 Y0.3792
N57505 X0.0849 Y0.3803
N57510 X0.1007 Y0.3822
N57515 X0.1154 Y0.3847
N57520 X0.1289 Y0.3877
N57525 X0.14 Y0.3907
N57530 X0.1511 Y0.3943
N57535 X0.1603 Y0.3978
N57540 X0.1682 Y0.4013
N57545 X0.1767 Y0.4055
N57550 X0.1835 Y0.4093
N57555 X0.1851 Y0.4103
N57560 X0.1979 Y0.4201
N57565 X0.2087 Y0.432
N57570 X0.2171 Y0.4458
N57575 X0.2228 Y0.4609
N57580 X0.2256 Y0.4768
N57585 X0.2253 Y0.493
N57590 X0.2251 Y0.4953
N57595 X0.2245 Y0.5032
N57600 X0.2244 Y0.5226
N57605 G3 X0.2025 Y0.5453 Z-0.5828 I-0.0236 J-0.0009
N57610 G1 X0.1999 Y0.5454 Z-0.5823
N57615 X-0.1991 Y0.5735
N57620 X-0.2 Y0.5736
N57625 G3 X-0.2244 Y0.5508 Z-0.5902 I-0.0008 J-0.0236
N57630 G1 Y0.527
N57635 X-0.2245 Y0.5112
N57640 X-0.2242 Y0.5053
N57645 X-0.2236 Y0.4994
N57650 X-0.2226 Y0.4936
N57655 X-0.2211 Y0.4879
N57660 X-0.2192 Y0.4823
N57665 X-0.2171 Y0.4768
N57670 X-0.2146 Y0.4712
N57675 X-0.2116 Y0.4653
N57680 X-0.2081 Y0.4594
N57685 X-0.204 Y0.4529
N57690 X-0.1993 Y0.4463
N57695 X-0.1939 Y0.4395
N57700 X-0.1876 Y0.4323
N57705 X-0.1808 Y0.4252
N57710 X-0.1731 Y0.4179
N57715 X-0.1642 Y0.4103
N57720 X-0.1545 Y0.4028
N57725 X-0.144 Y0.3954
N57730 X-0.1322 Y0.388
N57735 X-0.1192 Y0.3807
N57740 X-0.1054 Y0.3737
N57745 X-0.0908 Y0.3673
N57750 X-0.0751 Y0.3613
N57755 X-0.0584 Y0.3557
N57760 X-0.0409 Y0.3509
N57765 X-0.0228 Y0.3468
N57770 X-0.0044 Y0.3436
N57775 X0.0141 Y0.3413
N57780 X0.0326 Y0.3399
N57785 X0.0507 Y0.3395
N57790 X0.0684 Y0.3398
N57795 X0.0851 Y0.341
N57800 X0.1009 Y0.3429
N57805 X0.1152 Y0.3454
N57810 X0.1288 Y0.3484
N57815 X0.141 Y0.3517
N57820 X0.1508 Y0.3549
N57825 X0.1614 Y0.3589
N57830 X0.1694 Y0.3624
N57835 X0.177 Y0.3661
N57840 X0.185 Y0.3706
N57845 X0.1912 Y0.3745
N57850 X0.1931 Y0.3758
N57855 X0.2053 Y0.386
N57860 X0.2154 Y0.3983
N57865 X0.2231 Y0.4122
N57870 X0.2281 Y0.4273
N57875 X0.2303 Y0.4431
N57880 X0.2295 Y0.459
N57885 X0.2278 Y0.4715
N57890 X0.2268 Y0.4795
N57895 X0.2253 Y0.493
N57900 G3 X0.2032 Y0.5132 Z-0.5832 I-0.0234 J-0.0033
N57905 G1 X0.1986 Y0.5135 Z-0.5823
N57910 X-0.1997 Y0.5338
N57915 X-0.2
N57920 G3 X-0.2245 Y0.5112 Z-0.5902 I-0.0009 J-0.0236
N57925 G1 Y0.5032
N57930 X-0.2251 Y0.4953
N57935 X-0.2268 Y0.4795
N57940 X-0.2272 Y0.4736
N57945 X-0.227 Y0.4677
N57950 X-0.2263 Y0.4618
N57955 X-0.2251 Y0.456
N57960 X-0.2236 Y0.4503
N57965 X-0.2217 Y0.4447
N57970 X-0.2195 Y0.4392
N57975 X-0.2169 Y0.4334
N57980 X-0.2138 Y0.4274
N57985 X-0.2102 Y0.4212
N57990 X-0.2059 Y0.4145
N57995 X-0.2011 Y0.4079
N58000 X-0.1955 Y0.4009
N58005 X-0.1891 Y0.3934
N58010 X-0.1821 Y0.3862
N58015 X-0.1741 Y0.3787
N58020 X-0.165 Y0.371
N58025 X-0.1552 Y0.3634
N58030 X-0.1445 Y0.356
N58035 X-0.1326 Y0.3485
N58040 X-0.1195 Y0.3412
N58045 X-0.1054 Y0.3342
N58050 X-0.0907 Y0.3277
N58055 X-0.0749 Y0.3217
N58060 X-0.0581 Y0.3162
N58065 X-0.0405 Y0.3114
N58070 X-0.0223 Y0.3073
N58075 X-0.0038 Y0.3041
N58080 X0.0148 Y0.3019
N58085 X0.0334 Y0.3005
N58090 X0.0515 Y0.3001
N58095 X0.0692 Y0.3005
N58100 X0.0861 Y0.3018
N58105 X0.1018 Y0.3037
N58110 X0.1163 Y0.3062
N58115 X0.1299 Y0.3092
N58120 X0.1428 Y0.3128
N58125 X0.1538 Y0.3164
N58130 X0.1634 Y0.3201
N58135 X0.1733 Y0.3244
N58140 X0.1807 Y0.3281
N58145 X0.1883 Y0.3324
N58150 X0.1957 Y0.337
N58155 X0.2015 Y0.3411
N58160 X0.2075 Y0.3457
N58165 X0.2178 Y0.3561
N58170 X0.2261 Y0.368
N58175 X0.2324 Y0.3811
N58180 X0.2363 Y0.3951
N58185 X0.2379 Y0.4096
N58190 X0.237 Y0.4241
N58195 X0.2337 Y0.4383
N58200 G3 X0.2141 Y0.4537 Z-0.5846 I-0.0222 J-0.0081
N58205 G1 X0.2102 Y0.4542 Z-0.5837
N58210 X0.2034 Y0.4549 Z-0.5823
N58215 X-0.1997 Y0.4991
N58220 X-0.2009 Y0.4992 Z-0.5825
N58225 G3 X-0.2268 Y0.4795 Z-0.5902 I-0.0026 J-0.0235
N58230 G1 X-0.2278 Y0.4715
N58235 X-0.23 Y0.4557
N58240 X-0.2311 Y0.4494
N58245 X-0.2318 Y0.4435
N58250 X-0.232 Y0.4376
N58255 X-0.2317 Y0.4317
N58260 X-0.2309 Y0.4259
N58265 X-0.2296 Y0.4201
N58270 X-0.2281 Y0.4144
N58275 X-0.2262 Y0.4088
N58280 X-0.2239 Y0.4031
N58285 X-0.2212 Y0.3971
N58290 X-0.2181 Y0.391
N58295 X-0.2143 Y0.3844
N58300 X-0.2099 Y0.3776
N58305 X-0.205 Y0.3707
N58310 X-0.1992 Y0.3633
N58315 X-0.1927 Y0.356
N58320 X-0.1855 Y0.3485
N58325 X-0.1773 Y0.3407
N58330 X-0.1681 Y0.3328
N58335 X-0.1583 Y0.3252
N58340 X-0.1473 Y0.3176
N58345 X-0.1351 Y0.3099
N58350 X-0.1218 Y0.3024
N58355 X-0.1079 Y0.2955
N58360 X-0.093 Y0.2889
N58365 X-0.0769 Y0.2827
N58370 X-0.0599 Y0.2771
N58375 X-0.0421 Y0.2722
N58380 X-0.0238 Y0.2681
N58385 X-0.0051 Y0.2648
N58390 X0.0136 Y0.2625
N58395 X0.0323 Y0.2611
N58400 X0.0505 Y0.2606
N58405 X0.0683 Y0.261
N58410 X0.0855 Y0.2623
N58415 X0.1019 Y0.2643
N58420 X0.1171 Y0.2668
N58425 X0.131 Y0.2699
N58430 X0.1442 Y0.2735
N58435 X0.1566 Y0.2776
N58440 X0.168 Y0.2819
N58445 X0.1771 Y0.2859
N58450 X0.1863 Y0.2905
N58455 X0.1943 Y0.2949
N58460 X0.201 Y0.2991
N58465 X0.2083 Y0.3042
N58470 X0.2143 Y0.3087
N58475 X0.2197 Y0.3133
N58480 X0.2257 Y0.3191
N58485 X0.2348 Y0.3302
N58490 X0.242 Y0.3426
N58495 X0.247 Y0.3561
N58500 X0.2496 Y0.3702
N58505 X0.25 Y0.3845
N58510 X0.2479 Y0.3987
N58515 X0.2436 Y0.4124
N58520 X0.2388 Y0.424
N58525 X0.2358 Y0.4319
N58530 X0.2337 Y0.4383
N58535 G3 X0.2123 Y0.4539 Z-0.5842 I-0.0222 J-0.0081
N58540 G1 X0.2101 Z-0.5837
N58545 X0.2033 Y0.4542 Z-0.5823
N58550 X-0.2031 Y0.4679
N58555 X-0.2072 Y0.4681 Z-0.5832
N58560 G3 X-0.2311 Y0.4494 Z-0.5902 I-0.0008 J-0.0236
N58565 G1 X-0.2314 Y0.4478
N58570 X-0.2332 Y0.4398
N58575 X-0.2358 Y0.4319
N58580 X-0.2367 Y0.4295
N58585 X-0.2385 Y0.4239
N58590 X-0.2398 Y0.4181
N58595 X-0.2404 Y0.4123
N58600 X-0.2405 Y0.4064
N58605 X-0.2401 Y0.4005
N58610 X-0.2393 Y0.3946
N58615 X-0.2381 Y0.3888
N58620 X-0.2366 Y0.3831
N58625 X-0.2348 Y0.3773
N58630 X-0.2326 Y0.3715
N58635 X-0.2299 Y0.3653
N58640 X-0.2266 Y0.3586
N58645 X-0.223 Y0.3519
N58650 X-0.2186 Y0.3448
N58655 X-0.2135 Y0.3374
N58660 X-0.2079 Y0.3301
N58665 X-0.2015 Y0.3223
N58670 X-0.194 Y0.3143
N58675 X-0.186 Y0.3064
N58680 X-0.177 Y0.2985
N58685 X-0.167 Y0.2903
N58690 X-0.1558 Y0.2822
N58695 X-0.1439 Y0.2744
N58700 X-0.1311 Y0.2669
N58705 X-0.1169 Y0.2595
N58710 X-0.1017 Y0.2524
N58715 X-0.0854 Y0.2458
N58720 X-0.0684 Y0.2398
N58725 X-0.0508 Y0.2346
N58730 X-0.0326 Y0.2301
N58735 X-0.0139 Y0.2265
N58740 X0.0051 Y0.2238
N58745 X0.0242 Y0.222
N58750 X0.0432 Y0.2211
N58755 X0.0616 Y0.2212
N58760 X0.0794 Y0.2221
N58765 X0.0964 Y0.2238
N58770 X0.1127 Y0.2263
N58775 X0.1281 Y0.2294
N58780 X0.1426 Y0.233
N58785 X0.1557 Y0.237
N58790 X0.168 Y0.2414
N58795 X0.1795 Y0.2462
N58800 X0.1902 Y0.2513
N58805 X0.1993 Y0.2561
N58810 X0.2076 Y0.2611
N58815 X0.2156 Y0.2664
N58820 X0.2219 Y0.2711
N58825 X0.2287 Y0.2766
N58830 X0.2344 Y0.2818
N58835 X0.2393 Y0.2867
N58840 X0.2446 Y0.2925
N58845 X0.2527 Y0.304
N58850 X0.2588 Y0.3166
N58855 X0.2627 Y0.3301
N58860 X0.2644 Y0.344
N58865 X0.2639 Y0.358
N58870 X0.2611 Y0.3718
N58875 X0.2561 Y0.3849
N58880 X0.2488 Y0.4002
N58885 X0.2453 Y0.4081
N58890 X0.2436 Y0.4124
N58895 G3 X0.223 Y0.4262 Z-0.5846 I-0.0215 J-0.0098
N58900 G1 X0.2188 Y0.4264 Z-0.5837
N58905 X0.212 Y0.4267 Z-0.5823
N58910 X-0.2056 Y0.4437
N58915 X-0.2124 Y0.444 Z-0.5837
N58920 X-0.2139 Z-0.5841
N58925 G3 X-0.2367 Y0.4295 Z-0.5902 I-0.001 J-0.0236
N58930 G1 X-0.2388 Y0.424
N58935 X-0.2453 Y0.4081
N58940 X-0.2464 Y0.4057
N58945 X-0.2485 Y0.4002
N58950 X-0.2501 Y0.3946
N58955 X-0.2512 Y0.3887
N58960 X-0.2516 Y0.3829
N58965 Y0.377
N58970 X-0.2512 Y0.3711
N58975 X-0.2505 Y0.3652
N58980 X-0.2494 Y0.3594
N58985 X-0.2479 Y0.3536
N58990 X-0.2461 Y0.3477
N58995 X-0.2439 Y0.3414
N59000 X-0.2412 Y0.3346
N59005 X-0.238 Y0.3278
N59010 X-0.2342 Y0.3207
N59015 X-0.2297 Y0.3131
N59020 X-0.2247 Y0.3054
N59025 X-0.219 Y0.2976
N59030 X-0.2124 Y0.2894
N59035 X-0.2049 Y0.2811
N59040 X-0.1969 Y0.2729
N59045 X-0.1878 Y0.2645
N59050 X-0.1775 Y0.256
N59055 X-0.1663 Y0.2475
N59060 X-0.1544 Y0.2393
N59065 X-0.1413 Y0.2313
N59070 X-0.127 Y0.2235
N59075 X-0.1116 Y0.216
N59080 X-0.0953 Y0.209
N59085 X-0.0782 Y0.2027
N59090 X-0.0604 Y0.197
N59095 X-0.042 Y0.1922
N59100 X-0.0229 Y0.1881
N59105 X-0.0035 Y0.185
N59110 X0.0161 Y0.1828
N59115 X0.0356 Y0.1815
N59120 X0.0549 Y0.1813
N59125 X0.0737 Y0.1819
N59130 X0.0917 Y0.1834
N59135 X0.1089 Y0.1857
N59140 X0.1254 Y0.1887
N59145 X0.1412 Y0.1924
N59150 X0.156 Y0.1966
N59155 X0.1698 Y0.2012
N59160 X0.1824 Y0.2062
N59165 X0.1941 Y0.2115
N59170 X0.2052 Y0.2171
N59175 X0.2153 Y0.223
N59180 X0.2238 Y0.2284
N59185 X0.2317 Y0.234
N59190 X0.239 Y0.2398
N59195 X0.2449 Y0.2449
N59200 X0.2512 Y0.2509
N59205 X0.2563 Y0.2563
N59210 X0.2609 Y0.2617
N59215 X0.2657 Y0.2679
N59220 X0.267 Y0.2698
N59225 X0.2746 Y0.2828
N59230 X0.2797 Y0.2969
N59235 X0.2822 Y0.3117
N59240 X0.2821 Y0.3268
N59245 X0.2793 Y0.3416
N59250 X0.274 Y0.3556
N59255 X0.2663 Y0.3685
N59260 X0.2608 Y0.3764
N59265 X0.2575 Y0.3819
N59270 X0.2561 Y0.3849
N59275 G3 X0.2362 Y0.3976 Z-0.5849 I-0.021 J-0.0109
N59280 G1 X0.2307 Y0.3979 Z-0.5837
N59285 X0.2239 Y0.3982 Z-0.5823
N59290 X-0.2145 Y0.4186
N59295 X-0.2213 Y0.4189 Z-0.5837
N59300 X-0.224 Y0.419 Z-0.5843
N59305 G3 X-0.2464 Y0.4057 Z-0.5902 I-0.0011 J-0.0236
N59310 G1 X-0.2488 Y0.4002
N59315 X-0.2575 Y0.3819
N59320 X-0.2585 Y0.3802
N59325 X-0.2613 Y0.375
N59330 X-0.263 Y0.3694
N59335 X-0.2641 Y0.3636
N59340 X-0.2648 Y0.3577
N59345 X-0.265 Y0.3518
N59350 X-0.2648 Y0.3459
N59355 X-0.2642 Y0.34
N59360 X-0.2633 Y0.3342
N59365 X-0.2622 Y0.3284
N59370 X-0.2606 Y0.3221
N59375 X-0.2586 Y0.3155
N59380 X-0.2561 Y0.3088
N59385 X-0.2531 Y0.3015
N59390 X-0.2495 Y0.294
N59395 X-0.2455 Y0.2865
N59400 X-0.2407 Y0.2784
N59405 X-0.235 Y0.27
N59410 X-0.2289 Y0.2617
N59415 X-0.2219 Y0.2532
N59420 X-0.2138 Y0.2443
N59425 X-0.2049 Y0.2353
N59430 X-0.1954 Y0.2266
N59435 X-0.1846 Y0.2178
N59440 X-0.1727 Y0.2089
N59445 X-0.1596 Y0.2001
N59450 X-0.1458 Y0.1917
N59455 X-0.1311 Y0.1838
N59460 X-0.1152 Y0.1762
N59465 X-0.0983 Y0.1691
N59470 X-0.0804 Y0.1626
N59475 X-0.0617 Y0.1568
N59480 X-0.0424 Y0.1519
N59485 X-0.0225 Y0.1478
N59490 X-0.0024 Y0.1447
N59495 X0.0177 Y0.1425
N59500 X0.0378 Y0.1414
N59505 X0.0576 Y0.1412
N59510 X0.077 Y0.142
N59515 X0.096 Y0.1437
N59520 X0.1143 Y0.1463
N59525 X0.1318 Y0.1496
N59530 X0.1486 Y0.1536
N59535 X0.1643 Y0.1582
N59540 X0.1789 Y0.1632
N59545 X0.1925 Y0.1687
N59550 X0.2052 Y0.1745
N59555 X0.217 Y0.1806
N59560 X0.2277 Y0.1869
N59565 X0.2376 Y0.1933
N59570 X0.2468 Y0.1999
N59575 X0.2541 Y0.2058
N59580 X0.2619 Y0.2126
N59585 X0.2681 Y0.2187
N59590 X0.2734 Y0.2244
N59595 X0.2791 Y0.231
N59600 X0.2836 Y0.2369
N59605 X0.2874 Y0.2425
N59610 X0.2915 Y0.2491
N59615 X0.2918 Y0.2496
N59620 X0.2978 Y0.263
N59625 X0.3015 Y0.2772
N59630 X0.3027 Y0.2917
N59635 X0.3015 Y0.3063
N59640 X0.2978 Y0.3205
N59645 X0.2918 Y0.3339
N59650 X0.2836 Y0.346
N59655 X0.2783 Y0.3527
N59660 X0.272 Y0.3606
N59665 X0.2663 Y0.3685
N59670 G3 X0.2483 Y0.3776 Z-0.5857 I-0.0186 J-0.0145
N59675 G1 X0.2388 Y0.3779 Z-0.5837
N59680 X0.232 Y0.378 Z-0.5823
N59685 X-0.2251 Y0.3906
N59690 X-0.232 Y0.3908 Z-0.5837
N59695 X-0.2381 Y0.391 Z-0.585
N59700 G3 X-0.2585 Y0.3802 Z-0.5902 I-0.0006 J-0.0236
N59705 G1 X-0.2608 Y0.3764
N59710 X-0.2663 Y0.3685
N59715 X-0.2694 Y0.3642
N59720 X-0.2726 Y0.3592
N59725 X-0.2753 Y0.3539
N59730 X-0.2773 Y0.3484
N59735 X-0.2787 Y0.3426
N59740 X-0.2797 Y0.3368
N59745 X-0.2803 Y0.3309
N59750 X-0.2804 Y0.325
N59755 X-0.2802 Y0.3191
N59760 X-0.2797 Y0.3132
N59765 X-0.2789 Y0.3071
N59770 X-0.2777 Y0.3009
N59775 X-0.2761 Y0.2943
N59780 X-0.274 Y0.2872
N59785 X-0.2715 Y0.2799
N59790 X-0.2685 Y0.2724
N59795 X-0.2648 Y0.2643
N59800 X-0.2605 Y0.256
N59805 X-0.2557 Y0.2477
N59810 X-0.25 Y0.2389
N59815 X-0.2434 Y0.2298
N59820 X-0.2362 Y0.2208
N59825 X-0.2281 Y0.2116
N59830 X-0.2189 Y0.2021
N59835 X-0.2087 Y0.1926
N59840 X-0.1976 Y0.1832
N59845 X-0.1858 Y0.1741
N59850 X-0.1726 Y0.165
N59855 X-0.1583 Y0.1561
N59860 X-0.1427 Y0.1474
N59865 X-0.1262 Y0.1392
N59870 X-0.1088 Y0.1317
N59875 X-0.0907 Y0.1248
N59880 X-0.0717 Y0.1186
N59885 X-0.0518 Y0.1133
N59890 X-0.0314 Y0.1088
N59895 X-0.0106 Y0.1053
N59900 X0.0104 Y0.1028
N59905 X0.0315 Y0.1013
N59910 X0.0524 Y0.1008
N59915 X0.0731 Y0.1014
N59920 X0.0934 Y0.103
N59925 X0.1131 Y0.1054
N59930 X0.1319 Y0.1087
N59935 X0.1497 Y0.1127
N59940 X0.1666 Y0.1174
N59945 X0.1827 Y0.1228
N59950 X0.1979 Y0.1286
N59955 X0.2123 Y0.135
N59960 X0.2254 Y0.1416
N59965 X0.2375 Y0.1484
N59970 X0.2485 Y0.1554
N59975 X0.2589 Y0.1626
N59980 X0.2683 Y0.17
N59985 X0.2769 Y0.1773
N59990 X0.2838 Y0.1839
N59995 X0.2906 Y0.191
N60000 X0.2966 Y0.1978
N60005 X0.3013 Y0.2038
N60010 X0.3063 Y0.2109
N60015 X0.3104 Y0.2172
N60020 X0.3138 Y0.2231
N60025 X0.3173 Y0.2301
N60030 X0.3222 Y0.2438
N60035 X0.3246 Y0.2581
N60040 X0.3247 Y0.2726
N60045 X0.3223 Y0.2869
N60050 X0.3176 Y0.3006
N60055 X0.3107 Y0.3134
N60060 X0.3017 Y0.3248
N60065 X0.2972 Y0.3296
N60070 X0.291 Y0.3368
N60075 X0.2836 Y0.346
N60080 G3 X0.2666 Y0.3542 Z-0.586 I-0.0179 J-0.0154
N60085 G1 X0.2558 Y0.3546 Z-0.5837
N60090 X0.2489 Y0.3548 Z-0.5823
N60095 X-0.2352 Y0.3727
N60100 X-0.242 Y0.3729 Z-0.5837
N60105 X-0.2499 Y0.3732 Z-0.5854
N60110 G3 X-0.2694 Y0.3642 Z-0.5902 I-0.0009 J-0.0236
N60115 G1 X-0.272 Y0.3606
N60120 X-0.2783 Y0.3527
N60125 X-0.2846 Y0.3447
N60130 X-0.2881 Y0.34
N60135 X-0.291 Y0.3348
N60140 X-0.2933 Y0.3294
N60145 X-0.2951 Y0.3237
N60150 X-0.2964 Y0.318
N60155 X-0.2973 Y0.3121
N60160 X-0.2978 Y0.3063
N60165 X-0.298 Y0.3004
N60170 X-0.2979 Y0.2945
N60175 X-0.2975 Y0.2883
N60180 X-0.2967 Y0.282
N60185 X-0.2955 Y0.2752
N60190 X-0.2939 Y0.268
N60195 X-0.2919 Y0.2606
N60200 X-0.2893 Y0.2528
N60205 X-0.2862 Y0.2446
N60210 X-0.2825 Y0.2361
N60215 X-0.2782 Y0.2275
N60220 X-0.2731 Y0.2184
N60225 X-0.2671 Y0.2089
N60230 X-0.2606 Y0.1995
N60235 X-0.2532 Y0.1899
N60240 X-0.2448 Y0.18
N60245 X-0.2353 Y0.1699
N60250 X-0.225 Y0.16
N60255 X-0.2138 Y0.1502
N60260 X-0.2013 Y0.1403
N60265 X-0.1876 Y0.1305
N60270 X-0.1727 Y0.1209
N60275 X-0.1568 Y0.1117
N60280 X-0.1402 Y0.1031
N60285 X-0.1226 Y0.0951
N60290 X-0.1038 Y0.0876
N60295 X-0.0841 Y0.0809
N60300 X-0.0635 Y0.075
N60305 X-0.0424 Y0.07
N60310 X-0.0207 Y0.0659
N60315 X0.0013 Y0.0629
N60320 X0.0235 Y0.061
N60325 X0.0456 Y0.0602
N60330 X0.0675 Y0.0604
N60335 X0.0889 Y0.0617
N60340 X0.1098 Y0.064
N60345 X0.1301 Y0.0672
N60350 X0.1497 Y0.0713
N60355 X0.1685 Y0.0762
N60360 X0.1862 Y0.0817
N60365 X0.2027 Y0.0878
N60370 X0.2183 Y0.0944
N60375 X0.2331 Y0.1015
N60380 X0.247 Y0.1091
N60385 X0.2596 Y0.1168
N60390 X0.2712 Y0.1246
N60395 X0.2816 Y0.1324
N60400 X0.2914 Y0.1405
N60405 X0.3002 Y0.1486
N60410 X0.3083 Y0.1567
N60415 X0.3146 Y0.1638
N60420 X0.3208 Y0.1714
N60425 X0.3262 Y0.1787
N60430 X0.3304 Y0.1851
N60435 X0.3348 Y0.1925
N60440 X0.3383 Y0.1991
N60445 X0.3412 Y0.2053
N60450 X0.3417 Y0.2065
N60455 X0.3463 Y0.2211
N60460 X0.3482 Y0.2364
N60465 X0.3474 Y0.2517
N60470 X0.3439 Y0.2667
N60475 X0.3379 Y0.2808
N60480 X0.3294 Y0.2936
N60485 X0.3209 Y0.3041
N60490 X0.3201 Y0.3051
N60495 X0.3017 Y0.3248
N60500 G3 X0.2859 Y0.3317 Z-0.5864 I-0.0167 J-0.0167
N60505 G1 X0.2733 Y0.3322 Z-0.5837
N60510 X0.2665 Y0.3324 Z-0.5823
N60515 X-0.25 Y0.3523
N60520 X-0.2568 Y0.3526 Z-0.5837
N60525 X-0.2659 Y0.3529 Z-0.5857
N60530 G3 X-0.2846 Y0.3447 Z-0.5902 I-0.0009 J-0.0236
N60535 G1 X-0.291 Y0.3368
N60540 X-0.2972 Y0.3296
N60545 X-0.3001 Y0.3266
N60550 X-0.3039 Y0.322
N60555 X-0.3072 Y0.3171
N60560 X-0.3099 Y0.3119
N60565 X-0.3121 Y0.3064
N60570 X-0.3139 Y0.3008
N60575 X-0.3152 Y0.2951
N60580 X-0.3162 Y0.2892
N60585 X-0.3168 Y0.2834
N60590 X-0.3171 Y0.2775
N60595 Y0.2714
N60600 X-0.3168 Y0.2652
N60605 X-0.3162 Y0.2584
N60610 X-0.3151 Y0.2511
N60615 X-0.3136 Y0.2437
N60620 X-0.3117 Y0.2358
N60625 X-0.3091 Y0.2275
N60630 X-0.3061 Y0.219
N60635 X-0.3025 Y0.2101
N60640 X-0.2981 Y0.2008
N60645 X-0.2929 Y0.1911
N60650 X-0.2872 Y0.1814
N60655 X-0.2806 Y0.1714
N60660 X-0.273 Y0.1611
N60665 X-0.2643 Y0.1505
N60670 X-0.255 Y0.1401
N60675 X-0.2446 Y0.1295
N60680 X-0.233 Y0.1189
N60685 X-0.2201 Y0.1082
N60690 X-0.2062 Y0.0977
N60695 X-0.1914 Y0.0877
N60700 X-0.1756 Y0.078
N60705 X-0.1585 Y0.0687
N60710 X-0.1403 Y0.0599
N60715 X-0.1208 Y0.0516
N60720 X-0.1004 Y0.0441
N60725 X-0.0792 Y0.0374
N60730 X-0.0572 Y0.0317
N60735 X-0.0346 Y0.027
N60740 X-0.0117 Y0.0233
N60745 X0.0114 Y0.0208
N60750 X0.0346 Y0.0193
N60755 X0.0577 Y0.0191
N60760 X0.0805 Y0.0199
N60765 X0.103 Y0.0218
N60770 X0.1248 Y0.0248
N60775 X0.146 Y0.0287
N60780 X0.1664 Y0.0335
N60785 X0.1859 Y0.0391
N60790 X0.2046 Y0.0455
N60795 X0.2224 Y0.0525
N60800 X0.2389 Y0.06
N60805 X0.2541 Y0.0678
N60810 X0.2684 Y0.0761
N60815 X0.2818 Y0.0847
N60820 X0.294 Y0.0934
N60825 X0.3052 Y0.1023
N60830 X0.3152 Y0.111
N60835 X0.3243 Y0.1197
N60840 X0.3326 Y0.1286
N60845 X0.3396 Y0.1368
N60850 X0.3454 Y0.1443
N60855 X0.3512 Y0.1526
N60860 X0.3555 Y0.1595
N60865 X0.3595 Y0.1666
N60870 X0.3614 Y0.1704
N60875 X0.367 Y0.1844
N60880 X0.37 Y0.1992
N60885 X0.3704 Y0.2142
N60890 X0.3682 Y0.2292
N60895 X0.3635 Y0.2435
N60900 X0.3563 Y0.2567
N60905 X0.3505 Y0.2655
N60910 X0.3447 Y0.274
N60915 X0.3391 Y0.2813
N60920 X0.3294 Y0.2936
N60925 G3 X0.3127 Y0.3018 Z-0.5861 I-0.0179 J-0.0154
N60930 G1 X0.3016 Y0.3024 Z-0.5837
N60935 X0.2948 Y0.3027 Z-0.5823
N60940 X-0.2648 Y0.3325
N60945 X-0.2717 Y0.3329 Z-0.5837
N60950 X-0.2821 Y0.3334 Z-0.586
N60955 G3 X-0.3001 Y0.3266 Z-0.5902 I-0.0013 J-0.0236
N60960 G1 X-0.3201 Y0.3051
N60965 X-0.3238 Y0.3005
N60970 X-0.327 Y0.2956
N60975 X-0.3297 Y0.2903
N60980 X-0.332 Y0.2849
N60985 X-0.3338 Y0.2793
N60990 X-0.3353 Y0.2735
N60995 X-0.3363 Y0.2677
N61000 X-0.3371 Y0.2619
N61005 X-0.3375 Y0.256
N61010 X-0.3377 Y0.2499
N61015 X-0.3376 Y0.2432
N61020 X-0.3371 Y0.236
N61025 X-0.3362 Y0.2287
N61030 X-0.3349 Y0.2209
N61035 X-0.333 Y0.2125
N61040 X-0.3307 Y0.204
N61045 X-0.3278 Y0.1951
N61050 X-0.3242 Y0.1856
N61055 X-0.32 Y0.1758
N61060 X-0.3151 Y0.166
N61065 X-0.3094 Y0.1557
N61070 X-0.3027 Y0.145
N61075 X-0.2951 Y0.134
N61080 X-0.2867 Y0.1231
N61085 X-0.2773 Y0.112
N61090 X-0.2667 Y0.1007
N61095 X-0.255 Y0.0893
N61100 X-0.2421 Y0.0779
N61105 X-0.2284 Y0.067
N61110 X-0.2136 Y0.0563
N61115 X-0.1973 Y0.0458
N61120 X-0.1797 Y0.0355
N61125 X-0.1609 Y0.0258
N61130 X-0.141 Y0.0166
N61135 X-0.12 Y0.0082
N61140 X-0.0982 Y0.0007
N61145 X-0.0757 Y-0.0058
N61150 X-0.0525 Y-0.0114
N61155 X-0.0288 Y-0.0159
N61160 X-0.0046 Y-0.0192
N61165 X0.0199 Y-0.0214
N61170 X0.0444 Y-0.0224
N61175 X0.0688 Y-0.0222
N61180 X0.0929 Y-0.0208
N61185 X0.1165 Y-0.0183
N61190 X0.1395 Y-0.0147
N61195 X0.1617 Y-0.0101
N61200 X0.183 Y-0.0046
N61205 X0.2035 Y0.0017
N61210 X0.223 Y0.0088
N61215 X0.2415 Y0.0166
N61220 X0.259 Y0.025
N61225 X0.2755 Y0.0339
N61230 X0.2906 Y0.043
N61235 X0.3045 Y0.0524
N61240 X0.3173 Y0.0619
N61245 X0.3289 Y0.0715
N61250 X0.3396 Y0.0812
N61255 X0.349 Y0.0907
N61260 X0.3568 Y0.0993
N61265 X0.3639 Y0.108
N61270 X0.3701 Y0.1164
N61275 X0.3748 Y0.1234
N61280 X0.3797 Y0.1316
N61285 X0.3802 Y0.1325
N61290 X0.3865 Y0.1474
N61295 X0.3899 Y0.1631
N61300 X0.3903 Y0.1792
N61305 X0.3877 Y0.1951
N61310 X0.3822 Y0.2103
N61315 X0.3786 Y0.2179
N61320 X0.3764 Y0.2224
N61325 X0.3655 Y0.2417
N61330 X0.361 Y0.2496
N61335 X0.3563 Y0.2567
N61340 G3 X0.3387 Y0.2666 Z-0.5857 I-0.0193 J-0.0137
N61345 G1 X0.3294 Y0.2673 Z-0.5837
N61350 X0.3225 Y0.2678 Z-0.5823
N61355 X-0.2849 Y0.3108
N61360 X-0.2917 Y0.3113 Z-0.5837
N61365 X-0.3017 Y0.312 Z-0.5859
N61370 G3 X-0.3201 Y0.3051 Z-0.5902 I-0.0017 J-0.0236
N61375 G1 X-0.3209 Y0.3041
N61380 X-0.3391 Y0.2813
N61385 X-0.3422 Y0.2773
N61390 X-0.3455 Y0.2724
N61395 X-0.3486 Y0.2673
N61400 X-0.3511 Y0.262
N61405 X-0.3532 Y0.2565
N61410 X-0.3549 Y0.2508
N61415 X-0.3562 Y0.2451
N61420 X-0.3572 Y0.2393
N61425 X-0.3579 Y0.2334
N61430 X-0.3583 Y0.2273
N61435 X-0.3584 Y0.2207
N61440 X-0.3581 Y0.2137
N61445 X-0.3575 Y0.2064
N61450 X-0.3565 Y0.1984
N61455 X-0.355 Y0.1901
N61460 X-0.353 Y0.1815
N61465 X-0.3504 Y0.1723
N61470 X-0.3471 Y0.1626
N61475 X-0.3433 Y0.1529
N61480 X-0.3387 Y0.1426
N61485 X-0.3332 Y0.1318
N61490 X-0.3268 Y0.1207
N61495 X-0.3197 Y0.1096
N61500 X-0.3116 Y0.0982
N61505 X-0.3023 Y0.0864
N61510 X-0.2919 Y0.0744
N61515 X-0.2805 Y0.0625
N61520 X-0.2682 Y0.0508
N61525 X-0.2545 Y0.0391
N61530 X-0.2395 Y0.0274
N61535 X-0.223 Y0.0158
N61540 X-0.2052 Y0.0046
N61545 X-0.1863 Y-0.0061
N61550 X-0.1665 Y-0.0161
N61555 X-0.1456 Y-0.0253
N61560 X-0.1236 Y-0.0339
N61565 X-0.1006 Y-0.0415
N61570 X-0.0766 Y-0.0482
N61575 X-0.0519 Y-0.0538
N61580 X-0.0266 Y-0.0582
N61585 X-0.001 Y-0.0615
N61590 X0.0249 Y-0.0635
N61595 X0.0508 Y-0.0642
N61600 X0.0765 Y-0.0637
N61605 X0.1019 Y-0.0619
N61610 X0.1268 Y-0.059
N61615 X0.1511 Y-0.0549
N61620 X0.1747 Y-0.0497
N61625 X0.1975 Y-0.0436
N61630 X0.2193 Y-0.0365
N61635 X0.24 Y-0.0287
N61640 X0.2595 Y-0.0202
N61645 X0.2778 Y-0.0112
N61650 X0.295 Y-0.0016
N61655 X0.3111 Y0.0084
N61660 X0.3261 Y0.0187
N61665 X0.3396 Y0.029
N61670 X0.3516 Y0.0392
N61675 X0.3624 Y0.0492
N61680 X0.3717 Y0.0589
N61685 X0.3789 Y0.067
N61690 X0.3861 Y0.076
N61695 X0.3913 Y0.0832
N61700 X0.3931 Y0.086
N61705 X0.4004 Y0.0998
N61710 X0.4051 Y0.1146
N61715 X0.4071 Y0.1301
N61720 X0.4062 Y0.1456
N61725 X0.4026 Y0.1608
N61730 X0.402 Y0.1625
N61735 X0.4002 Y0.1677
N61740 X0.3923 Y0.188
N61745 X0.3898 Y0.1942
N61750 X0.3822 Y0.2103
N61755 G3 X0.3634 Y0.223 Z-0.5851 I-0.021 J-0.0108
N61760 G1 X0.3569 Y0.2236 Z-0.5837
N61765 X0.3501 Y0.2242 Z-0.5823
N61770 X-0.3078 Y0.2846
N61775 X-0.3146 Y0.2852 Z-0.5837
N61780 X-0.3217 Y0.2859 Z-0.5852
N61785 G3 X-0.3422 Y0.2773 Z-0.5902 I-0.0022 J-0.0235
N61790 G1 X-0.3447 Y0.274
N61795 X-0.3505 Y0.2655
N61800 X-0.361 Y0.2496
N61805 X-0.3671 Y0.2388
N61810 X-0.3698 Y0.2335
N61815 X-0.3721 Y0.2281
N61820 X-0.374 Y0.2225
N61825 X-0.3755 Y0.2168
N61830 X-0.3767 Y0.211
N61835 X-0.3775 Y0.2052
N61840 X-0.378 Y0.1991
N61845 X-0.3782 Y0.1929
N61850 X-0.3781 Y0.186
N61855 X-0.3777 Y0.1786
N61860 X-0.3768 Y0.1711
N61865 X-0.3755 Y0.1627
N61870 X-0.3736 Y0.1539
N61875 X-0.3713 Y0.145
N61880 X-0.3683 Y0.1354
N61885 X-0.3645 Y0.1251
N61890 X-0.3601 Y0.1148
N61895 X-0.3549 Y0.104
N61900 X-0.3487 Y0.0926
N61905 X-0.3415 Y0.0809
N61910 X-0.3336 Y0.0692
N61915 X-0.3246 Y0.0573
N61920 X-0.3143 Y0.0449
N61925 X-0.3027 Y0.0323
N61930 X-0.2899 Y0.0196
N61935 X-0.2762 Y0.0074
N61940 X-0.2611 Y-0.0049
N61945 X-0.2445 Y-0.0171
N61950 X-0.2266 Y-0.0289
N61955 X-0.2073 Y-0.0404
N61960 X-0.1867 Y-0.0513
N61965 X-0.1649 Y-0.0615
N61970 X-0.1422 Y-0.0708
N61975 X-0.1187 Y-0.0792
N61980 X-0.094 Y-0.0866
N61985 X-0.0684 Y-0.093
N61990 X-0.0421 Y-0.0982
N61995 X-0.0152 Y-0.1022
N62000 X0.012 Y-0.1048
N62005 X0.0394 Y-0.1062
N62010 X0.0667
N62015 X0.0938 Y-0.1049
N62020 X0.1206 Y-0.1023
N62025 X0.1468 Y-0.0984
N62030 X0.1724 Y-0.0934
N62035 X0.1971 Y-0.0873
N62040 X0.2206 Y-0.0802
N62045 X0.243 Y-0.0723
N62050 X0.2643 Y-0.0635
N62055 X0.2846 Y-0.054
N62060 X0.3037 Y-0.0439
N62065 X0.3215 Y-0.0334
N62070 X0.338 Y-0.0224
N62075 X0.3528 Y-0.0117
N62080 X0.3658 Y-0.0011
N62085 X0.3772 Y0.0092
N62090 X0.3859 Y0.0177
N62095 X0.3944 Y0.0269
N62100 X0.4004 Y0.0341
N62105 X0.4016 Y0.0357
N62110 X0.409 Y0.0475
N62115 X0.4145 Y0.0603
N62120 X0.4179 Y0.0738
N62125 X0.419 Y0.0877
N62130 X0.4179 Y0.1016
N62135 X0.4171 Y0.107
N62140 X0.416 Y0.1122
N62145 X0.4115 Y0.1308
N62150 X0.4095 Y0.1387
N62155 X0.4047 Y0.1545
N62160 X0.4026 Y0.1608
N62165 G3 X0.3829 Y0.176 Z-0.5846 I-0.0221 J-0.0083
N62170 G1 X0.3789 Y0.1764 Z-0.5837
N62175 X0.3721 Y0.1771 Z-0.5823
N62180 X-0.3341 Y0.2489
N62185 X-0.3409 Y0.2496 Z-0.5837
N62190 X-0.3446 Y0.25 Z-0.5845
N62195 G3 X-0.3671 Y0.2388 Z-0.5902 I-0.0024 J-0.0235
N62200 G1 X-0.3764 Y0.2224
N62205 X-0.3786 Y0.2179
N62210 X-0.3881 Y0.1977
N62215 X-0.3904 Y0.1923
N62220 X-0.3923 Y0.1867
N62225 X-0.3939 Y0.181
N62230 X-0.395 Y0.1752
N62235 X-0.3958 Y0.1693
N62240 X-0.3962 Y0.1635
N62245 X-0.3964 Y0.1572
N62250 X-0.3963 Y0.1504
N62255 X-0.3958 Y0.1434
N62260 X-0.3949 Y0.1356
N62265 X-0.3935 Y0.1274
N62270 X-0.3917 Y0.1188
N62275 X-0.3892 Y0.1095
N62280 X-0.3861 Y0.0999
N62285 X-0.3823 Y0.0899
N62290 X-0.3777 Y0.0792
N62295 X-0.3721 Y0.0679
N62300 X-0.3659 Y0.0567
N62305 X-0.3586 Y0.0449
N62310 X-0.35 Y0.0325
N62315 X-0.3404 Y0.0198
N62320 X-0.3299 Y0.0074
N62325 X-0.318 Y-0.0054
N62330 X-0.3046 Y-0.0184
N62335 X-0.2898 Y-0.0316
N62340 X-0.2735 Y-0.0446
N62345 X-0.2562 Y-0.0571
N62350 X-0.2376 Y-0.0693
N62355 X-0.2175 Y-0.081
N62360 X-0.1959 Y-0.0923
N62365 X-0.1731 Y-0.1028
N62370 X-0.1489 Y-0.1125
N62375 X-0.1236 Y-0.1213
N62380 X-0.0973 Y-0.1291
N62385 X-0.0702 Y-0.1356
N62390 X-0.0424 Y-0.1409
N62395 X-0.0141 Y-0.1449
N62400 X0.0146 Y-0.1475
N62405 X0.0434 Y-0.1488
N62410 X0.0721 Y-0.1486
N62415 X0.1006 Y-0.147
N62420 X0.1288 Y-0.1441
N62425 X0.1564 Y-0.1399
N62430 X0.1831 Y-0.1344
N62435 X0.2091 Y-0.1278
N62440 X0.2341 Y-0.1201
N62445 X0.258 Y-0.1114
N62450 X0.2809 Y-0.1019
N62455 X0.3026 Y-0.0916
N62460 X0.3229 Y-0.0807
N62465 X0.3413 Y-0.0696
N62470 X0.3575 Y-0.0587
N62475 X0.3723 Y-0.0478
N62480 X0.3839 Y-0.0382
N62485 X0.3939 Y-0.0291
N62490 X0.4018 Y-0.0212
N62495 X0.41 Y-0.0106
N62500 X0.4165 Y0.0011
N62505 X0.4211 Y0.0136
N62510 X0.4237 Y0.0267
N62515 X0.4243 Y0.0401
N62520 X0.4239 Y0.0515
N62525 X0.4233 Y0.0594
N62530 X0.4217 Y0.0753
N62535 X0.4209 Y0.0832
N62540 X0.4179 Y0.1016
N62545 G3 X0.3975 Y0.1205 Z-0.5838 I-0.0232 J-0.0046
N62550 G1 X0.397 Y0.1206 Z-0.5837
N62555 X0.3902 Y0.1214 Z-0.5823
N62560 X-0.356 Y0.2094
N62565 X-0.3628 Y0.2102 Z-0.5837
N62570 X-0.3644 Y0.2104 Z-0.5841
N62575 G3 X-0.3881 Y0.1977 Z-0.5902 I-0.0028 J-0.0235
N62580 G1 X-0.3898 Y0.1942
N62585 X-0.393 Y0.1862
N62590 X-0.4002 Y0.1677
N62595 X-0.402 Y0.1625
N62600 X-0.4047 Y0.1545
N62605 X-0.4081 Y0.1432
N62610 X-0.4095 Y0.1375
N62615 X-0.4106 Y0.1316
N62620 X-0.4113 Y0.1258
N62625 X-0.4116 Y0.1199
N62630 Y0.1139
N62635 X-0.4114 Y0.1074
N62640 X-0.4107 Y0.1003
N62645 X-0.4097 Y0.093
N62650 X-0.4082 Y0.0849
N62655 X-0.4061 Y0.0763
N62660 X-0.4034 Y0.0673
N62665 X-0.4 Y0.0575
N62670 X-0.3959 Y0.0474
N62675 X-0.3911 Y0.0369
N62680 X-0.3853 Y0.0257
N62685 X-0.3784 Y0.0139
N62690 X-0.3708 Y0.0022
N62695 X-0.3618 Y-0.0102
N62700 X-0.3513 Y-0.0232
N62705 X-0.3397 Y-0.0364
N62710 X-0.3271 Y-0.0493
N62715 X-0.313 Y-0.0624
N62720 X-0.2972 Y-0.0757
N62725 X-0.2798 Y-0.089
N62730 X-0.2608 Y-0.1021
N62735 X-0.2407 Y-0.1146
N62740 X-0.2194 Y-0.1264
N62745 X-0.1965 Y-0.1377
N62750 X-0.172 Y-0.1483
N62755 X-0.1461 Y-0.158
N62760 X-0.1191 Y-0.1667
N62765 X-0.091 Y-0.1742
N62770 X-0.0622 Y-0.1805
N62775 X-0.0326 Y-0.1854
N62780 X-0.0027 Y-0.1889
N62785 X0.0276 Y-0.191
N62790 X0.0579 Y-0.1916
N62795 X0.0881 Y-0.1907
N62800 X0.1181 Y-0.1884
N62805 X0.1475 Y-0.1846
N62810 X0.1763 Y-0.1795
N62815 X0.2043 Y-0.1731
N62820 X0.2315 Y-0.1655
N62825 X0.2577 Y-0.1568
N62830 X0.2828 Y-0.147
N62835 X0.3065 Y-0.1365
N62840 X0.3282 Y-0.1255
N62845 X0.3476 Y-0.1145
N62850 X0.365 Y-0.1035
N62855 X0.3784 Y-0.094
N62860 X0.3897 Y-0.0853
N62865 X0.392 Y-0.0833
N62870 X0.4026 Y-0.0723
N62875 X0.4112 Y-0.0597
N62880 X0.4174 Y-0.0457
N62885 X0.4211 Y-0.0309
N62890 X0.4216 Y-0.0277
N62895 X0.424 Y-0.0023
N62900 X0.4242 Y0.004
N62905 X0.4246 Y0.0198
N62910 X0.4247 Y0.0277
N62915 X0.4243 Y0.0401
N62920 G3 X0.4036 Y0.0619 Z-0.5832 I-0.0236 J-0.0016
N62925 G1 X0.3991 Y0.0624 Z-0.5823
N62930 X-0.3781 Y0.1585
N62935 X-0.3828 Y0.1591 Z-0.5833
N62940 G3 X-0.4081 Y0.1432 Z-0.5902 I-0.0029 J-0.0234
N62945 G1 X-0.4095 Y0.1387
N62950 X-0.4115 Y0.1308
N62955 X-0.416 Y0.1122
N62960 X-0.4171 Y0.107
N62965 X-0.4209 Y0.0832
N62970 X-0.4216 Y0.0711
N62975 Y0.0652
N62980 X-0.4214 Y0.0593
N62985 X-0.4207 Y0.0529
N62990 X-0.4197 Y0.0462
N62995 X-0.4183 Y0.0389
N63000 X-0.4163 Y0.0309
N63005 X-0.4139 Y0.0227
N63010 X-0.4106 Y0.0134
N63015 X-0.4068 Y0.0041
N63020 X-0.402 Y-0.006
N63025 X-0.3963 Y-0.0169
N63030 X-0.3898 Y-0.0278
N63035 X-0.3822 Y-0.0394
N63040 X-0.3731 Y-0.0517
N63045 X-0.363 Y-0.0642
N63050 X-0.3517 Y-0.0768
N63055 X-0.3387 Y-0.09
N63060 X-0.3239 Y-0.1036
N63065 X-0.3078 Y-0.1171
N63070 X-0.2906 Y-0.13
N63075 X-0.2716 Y-0.143
N63080 X-0.2508 Y-0.1557
N63085 X-0.2281 Y-0.1681
N63090 X-0.2038 Y-0.1799
N63095 X-0.178 Y-0.1909
N63100 X-0.1509 Y-0.2009
N63105 X-0.1226 Y-0.2098
N63110 X-0.0936 Y-0.2175
N63115 X-0.0636 Y-0.2238
N63120 X-0.0328 Y-0.2287
N63125 X-0.0013 Y-0.2322
N63130 X0.0305 Y-0.2342
N63135 X0.0624 Y-0.2347
N63140 X0.0943 Y-0.2335
N63145 X0.1259 Y-0.2309
N63150 X0.157 Y-0.2267
N63155 X0.1876 Y-0.2211
N63160 X0.2172 Y-0.2142
N63165 X0.2458 Y-0.206
N63170 X0.273 Y-0.1968
N63175 X0.2986 Y-0.1867
N63180 X0.3226 Y-0.1758
N63185 X0.3442 Y-0.1648
N63190 X0.3604 Y-0.1555
N63195 X0.369 Y-0.1499
N63200 X0.3811 Y-0.1406
N63205 X0.3914 Y-0.1292
N63210 X0.3994 Y-0.1163
N63215 X0.4051 Y-0.1021
N63220 X0.4061 Y-0.0991
N63225 X0.4083 Y-0.0911
N63230 X0.4105 Y-0.0832
N63235 X0.4161 Y-0.0594
N63240 X0.4176 Y-0.0515
N63245 X0.4203 Y-0.0357
N63250 X0.4211 Y-0.0309
N63255 G3 X0.4008 Y-0.0047 Z-0.5823 I-0.0235 J0.0028
N63260 G1 X0.4004
N63265 X-0.3932 Y0.1019
N63270 X-0.3946 Y0.1021 Z-0.5826
N63275 X-0.3977 Y0.1023 Z-0.5833
N63280 G3 X-0.4209 Y0.0832 Z-0.5902 I0. J-0.0236
N63285 G1 X-0.4217 Y0.0753
N63290 X-0.4233 Y0.0594
N63295 X-0.4239 Y0.0515
N63300 X-0.4247 Y0.0277
N63305 X-0.4246 Y0.0198
N63310 X-0.4243 Y0.0075
N63315 X-0.4237 Y0.0005
N63320 X-0.423 Y-0.0053
N63325 X-0.4219 Y-0.0114
N63330 X-0.4204 Y-0.018
N63335 X-0.4184 Y-0.0252
N63340 X-0.4159 Y-0.0328
N63345 X-0.4126 Y-0.0413
N63350 X-0.4088 Y-0.0499
N63355 X-0.4039 Y-0.0595
N63360 X-0.3984 Y-0.0693
N63365 X-0.3917 Y-0.0798
N63370 X-0.3837 Y-0.0913
N63375 X-0.3749 Y-0.1025
N63380 X-0.3646 Y-0.1145
N63385 X-0.3525 Y-0.1272
N63390 X-0.3393 Y-0.1398
N63395 X-0.3247 Y-0.1525
N63400 X-0.3079 Y-0.1657
N63405 X-0.2891 Y-0.179
N63410 X-0.2685 Y-0.1922
N63415 X-0.2468 Y-0.2046
N63420 X-0.2232 Y-0.2166
N63425 X-0.1977 Y-0.2281
N63430 X-0.1704 Y-0.2388
N63435 X-0.1418 Y-0.2484
N63440 X-0.1118 Y-0.2569
N63445 X-0.0807 Y-0.2641
N63450 X-0.0487 Y-0.2699
N63455 X-0.016 Y-0.2742
N63460 X0.0172 Y-0.2769
N63465 X0.0506 Y-0.278
N63470 X0.0841 Y-0.2774
N63475 X0.1173 Y-0.2753
N63480 X0.1503 Y-0.2715
N63485 X0.1826 Y-0.2663
N63490 X0.2141 Y-0.2595
N63495 X0.2444 Y-0.2515
N63500 X0.2735 Y-0.2422
N63505 X0.301 Y-0.232
N63510 X0.3239 Y-0.2222
N63515 X0.3327 Y-0.2178
N63520 X0.344 Y-0.2113
N63525 X0.3541 Y-0.2031
N63530 X0.3629 Y-0.1935
N63535 X0.3701 Y-0.1827
N63540 X0.3771 Y-0.1704
N63545 X0.381 Y-0.1625
N63550 X0.3883 Y-0.1466
N63555 X0.3918 Y-0.1387
N63560 X0.4008 Y-0.1149
N63565 X0.4037 Y-0.107
N63570 X0.4051 Y-0.1021
N63575 G3 X0.3884 Y-0.0732 Z-0.5823 I-0.0228 J0.0061
N63580 G1 X0.3854 Y-0.0726
N63585 X-0.3975 Y0.0307
N63590 X-0.4004 Y0.0309
N63595 G3 X-0.4243 Y0.0075 Z-0.5902 I-0.0002 J-0.0236
N63600 G1 X-0.4242 Y0.004
N63605 X-0.424 Y-0.0023
N63610 X-0.4216 Y-0.0277
N63615 X-0.4203 Y-0.0357
N63620 X-0.4176 Y-0.0515
N63625 X-0.416 Y-0.0598
N63630 X-0.4113 Y-0.0796
N63635 X-0.4086 Y-0.089
N63640 X-0.4064 Y-0.0956
N63645 X-0.4037 Y-0.1022
N63650 X-0.4003 Y-0.1098
N63655 X-0.3963 Y-0.1174
N63660 X-0.3912 Y-0.1262
N63665 X-0.3856 Y-0.1349
N63670 X-0.3785 Y-0.1447
N63675 X-0.3706 Y-0.1547
N63680 X-0.3612 Y-0.1654
N63685 X-0.35 Y-0.177
N63690 X-0.3379 Y-0.1883
N63695 X-0.3238 Y-0.2003
N63700 X-0.3075 Y-0.2128
N63705 X-0.2897 Y-0.2252
N63710 X-0.2704 Y-0.2373
N63715 X-0.2486 Y-0.2495
N63720 X-0.2244 Y-0.2614
N63725 X-0.1982 Y-0.2729
N63730 X-0.1702 Y-0.2836
N63735 X-0.1409 Y-0.2931
N63740 X-0.1106 Y-0.3014
N63745 X-0.0786 Y-0.3085
N63750 X-0.0455 Y-0.3141
N63755 X-0.0114 Y-0.3182
N63760 X0.0233 Y-0.3207
N63765 X0.0582 Y-0.3215
N63770 X0.0931 Y-0.3206
N63775 X0.1279 Y-0.318
N63780 X0.1624 Y-0.3138
N63785 X0.1962 Y-0.308
N63790 X0.2291 Y-0.3006
N63795 X0.2607 Y-0.2919
N63800 X0.274 Y-0.2875
N63805 X0.2875 Y-0.2818
N63810 X0.2998 Y-0.2739
N63815 X0.3106 Y-0.2641
N63820 X0.3209 Y-0.2529
N63825 X0.3235 Y-0.2496
N63830 X0.3424 Y-0.2259
N63835 X0.3447 Y-0.2227
N63840 X0.348 Y-0.2179
N63845 X0.3606 Y-0.1991
N63850 X0.3636 Y-0.1942
N63855 X0.3701 Y-0.1827
N63860 G3 X0.3601 Y-0.1508 Z-0.5823 I-0.0209 J0.0109
N63865 G1 X0.3576 Y-0.1497
N63870 X0.355 Y-0.1489
N63875 X0.3522 Y-0.1484
N63880 X-0.3851 Y-0.0516
N63885 X-0.3877 Y-0.0514
N63890 X-0.3903 Y-0.0515
N63895 X-0.3928 Y-0.0519
N63900 G3 X-0.4113 Y-0.0796 Z-0.5902 I0.0046 J-0.0232
N63905 G1 X-0.4105 Y-0.0832
N63910 X-0.4081 Y-0.0919
N63915 X-0.4061 Y-0.0991
N63920 X-0.4037 Y-0.107
N63925 X-0.4002 Y-0.1165
N63930 X-0.3918 Y-0.1387
N63935 X-0.3883 Y-0.1466
N63940 X-0.381 Y-0.1625
N63945 X-0.3771 Y-0.1704
N63950 X-0.3656 Y-0.1906
N63955 X-0.3597 Y-0.1999
N63960 X-0.3545 Y-0.2073
N63965 X-0.3487 Y-0.2148
N63970 X-0.3413 Y-0.2233
N63975 X-0.3332 Y-0.2318
N63980 X-0.3234 Y-0.2412
N63985 X-0.3121 Y-0.251
N63990 X-0.2992 Y-0.261
N63995 X-0.2837 Y-0.2721
N64000 X-0.2673 Y-0.2825
N64005 X-0.2481 Y-0.2935
N64010 X-0.226 Y-0.3046
N64015 X-0.2018 Y-0.3155
N64020 X-0.1766 Y-0.3253
N64025 X-0.1488 Y-0.3347
N64030 X-0.1186 Y-0.3432
N64035 X-0.0865 Y-0.3506
N64040 X-0.0529 Y-0.3566
N64045 X-0.0183 Y-0.3611
N64050 X0.0165 Y-0.3639
N64055 X0.0514 Y-0.3651
N64060 X0.0863 Y-0.3646
N64065 X0.1211 Y-0.3626
N64070 X0.1558 Y-0.3589
N64075 X0.1775 Y-0.3556
N64080 X0.1866 Y-0.3537
N64085 X0.1954 Y-0.3508
N64090 X0.2039 Y-0.347
N64095 X0.2083 Y-0.3447
N64100 X0.21 Y-0.3438
N64105 X0.2344 Y-0.3289
N64110 X0.2417 Y-0.3238
N64115 X0.2575 Y-0.3122
N64120 X0.2655 Y-0.3063
N64125 X0.2813 Y-0.2926
N64130 X0.2892 Y-0.2857
N64135 X0.294 Y-0.2813
N64140 X0.3051 Y-0.2699
N64145 X0.3093 Y-0.2655
N64150 X0.3106 Y-0.2641
N64155 G3 X0.3081 Y-0.2308 Z-0.5823 I-0.0179 J0.0154
N64160 X0.2952 Y-0.2252 I-0.0154 J-0.0179
N64165 G1 X-0.3422 Y-0.1562
N64170 G3 X-0.3556 Y-0.1587 I-0.0025 J-0.0235
N64175 X-0.3656 Y-0.1906 Z-0.5902 I0.0109 J-0.0209
N64180 G1 X-0.3636 Y-0.1942
N64185 X-0.3606 Y-0.1991
N64190 X-0.348 Y-0.2179
N64195 X-0.3447 Y-0.2227
N64200 X-0.3424 Y-0.2259
N64205 X-0.3235 Y-0.2496
N64210 X-0.3209 Y-0.2529
N64215 X-0.3093 Y-0.2655
N64220 X-0.2972 Y-0.2781
N64225 X-0.294 Y-0.2813
N64230 X-0.2892 Y-0.2857
N64235 X-0.2734 Y-0.2995
N64240 X-0.2655 Y-0.3063
N64245 X-0.2564 Y-0.313
N64250 X-0.2417 Y-0.3238
N64255 X-0.2344 Y-0.3289
N64260 X-0.21 Y-0.3438
N64265 X-0.2083 Y-0.3447
N64270 X-0.1862 Y-0.3561
N64275 X-0.1783 Y-0.36
N64280 X-0.1704 Y-0.3637
N64285 X-0.1545 Y-0.37
N64290 X-0.1466 Y-0.3728
N64295 X-0.1308 Y-0.3783
N64300 X-0.1228 Y-0.3809
N64305 X-0.0991 Y-0.3875
N64310 X-0.0911 Y-0.3892
N64315 X-0.0832 Y-0.3909
N64320 X-0.0753 Y-0.3925
N64325 X-0.0674 Y-0.394
N64330 X-0.0436 Y-0.397
N64335 X-0.0357 Y-0.3976
N64340 X-0.0198 Y-0.3986
N64345 X-0.0119 Y-0.3989
N64350 X0.0119
N64355 X0.0198 Y-0.3986
N64360 X0.0357 Y-0.3976
N64365 X0.0436 Y-0.397
N64370 X0.0674 Y-0.394
N64375 X0.0753 Y-0.3925
N64380 X0.0832 Y-0.3909
N64385 X0.0911 Y-0.3892
N64390 X0.0991 Y-0.3875
N64395 X0.1228 Y-0.3809
N64400 X0.1308 Y-0.3783
N64405 X0.1466 Y-0.3728
N64410 X0.1545 Y-0.37
N64415 X0.1704 Y-0.3637
N64420 X0.1783 Y-0.36
N64425 X0.1862 Y-0.3561
N64430 X0.2039 Y-0.347
N64435 G3 X0.2153 Y-0.3206 I-0.0115 J0.0206
N64440 G1 X0.2144 Y-0.3171 Z-0.5899
N64445 X0.2135 Y-0.3136 Z-0.589
N64450 X0.2127 Y-0.3102 Z-0.5876
N64455 X0.2119 Y-0.3072 Z-0.5856
N64460 X0.2112 Y-0.3044 Z-0.5832
N64465 X0.2106 Y-0.3021 Z-0.5804
N64470 X0.2101 Y-0.3002 Z-0.5773
N64475 X0.2098 Y-0.2988 Z-0.5738
N64480 X0.2096 Y-0.298 Z-0.5702
N64485 X0.2095 Y-0.2977 Z-0.5665
N64490 Z0.1969
N64495 X-1.1839 Y-1.1635
N64500 Z-0.5429
N64505 Z-0.5665
N64510 X-1.1841 Y-1.1634 Z-0.5702
N64515 X-1.1849 Y-1.1629 Z-0.5738
N64520 X-1.186 Y-1.162 Z-0.5773
N64525 X-1.1876 Y-1.1609 Z-0.5804
N64530 X-1.1896 Y-1.1596 Z-0.5832
N64535 X-1.1919 Y-1.1579 Z-0.5856
N64540 X-1.1945 Y-1.1561 Z-0.5876
N64545 X-1.1973 Y-1.1542 Z-0.589
N64550 X-1.2003 Y-1.1521 Z-0.5899
N64555 X-1.2033 Y-1.15 Z-0.5902
N64560 G3 X-1.2322 Y-1.1392 I-0.0357 J-0.0511
N64565 G1 X-1.2481 Y-1.138
N64570 X-1.2639 Y-1.1362
N64575 X-1.2956 Y-1.1327
N64580 X-1.3036 Y-1.1315
N64585 X-1.3194 Y-1.1283
N64590 X-1.3273 Y-1.1262
N64595 X-1.3511 Y-1.118
N64600 X-1.3642 Y-1.1135
N64605 X-1.384 Y-1.1076
N64610 X-1.3998 Y-1.1038
N64615 X-1.4209 Y-1.0998
N64620 X-1.4555 Y-1.0949
N64625 X-1.4901 Y-1.0905
N64630 X-1.523 Y-1.079
N64635 X-1.5527 Y-1.0606
N64640 X-1.5781 Y-1.0367
N64645 X-1.599 Y-1.0088
N64650 X-1.6157 Y-0.9781
N64655 X-1.6285 Y-0.9457
N64660 X-1.6381 Y-0.9122
N64665 X-1.6452 Y-0.878
N64670 X-1.6503 Y-0.8435
N64675 X-1.6539 Y-0.8088
N64680 X-1.6564 Y-0.774
N64685 X-1.6581 Y-0.7392
N64690 X-1.6593 Y-0.7043
N64695 X-1.6602 Y-0.6694
N64700 X-1.6607 Y-0.6345
N64705 X-1.6611 Y-0.5996
N64710 X-1.6613 Y-0.5648
N64715 X-1.6615 Y-0.5299
N64720 X-1.6617 Y-0.4601
N64725 X-1.6618 Y-0.3554
N64730 X-1.6619 Y0.0283
N64735 Y0.6912
N64740 Y0.7958
N64745 X-1.6618 Y0.8307
N64750 X-1.6578 Y0.8654
N64755 X-1.6464 Y0.8984
N64760 X-1.6282 Y0.9281
N64765 X-1.6045 Y0.9537
N64770 X-1.5767 Y0.9749
N64775 X-1.5462 Y0.9918
N64780 X-1.5379 Y0.9959
N64785 X-1.5302 Y1.0011
N64790 X-1.5233 Y1.0073
N64795 X-1.5202 Y1.0105
N64800 X-1.4964 Y1.0342
N64805 X-1.4779 Y1.0509
N64810 X-1.47 Y1.0573
N64815 X-1.469 Y1.058
N64820 X-1.4383 Y1.0774
N64825 X-1.4249 Y1.0857
N64830 X-1.4224 Y1.0873
N64835 X-1.4189 Y1.0893
N64840 X-1.416 Y1.0914
N64845 X-1.4134 Y1.094
N64850 X-1.412 Y1.0965 Z-0.59
N64855 X-1.4105 Y1.099 Z-0.5894
N64860 X-1.4091 Y1.1014 Z-0.5885
N64865 X-1.4086 Y1.1043 Z-0.5871
N64870 X-1.4082 Y1.1069 Z-0.5854
N64875 X-1.4077 Y1.1093 Z-0.5832
N64880 Y1.1094
N64885 X-1.4081 Y1.1117 Z-0.5804
N64890 X-1.4084 Y1.1136 Z-0.5772
N64895 X-1.4086 Y1.115 Z-0.5738
N64900 X-1.4087 Y1.1159 Z-0.5702
N64905 Y1.1161 Z-0.5666
N64910 Z0.1969
N64915 X-1.3239 Y-1.1496
N64920 Z-0.5429
N64925 Z-0.5665
N64930 X-1.3241 Y-1.1494 Z-0.5702
N64935 X-1.3246 Y-1.1487 Z-0.5738
N64940 X-1.3255 Y-1.1476 Z-0.5773
N64945 X-1.3268 Y-1.1461 Z-0.5804
N64950 X-1.3283 Y-1.1443 Z-0.5832
N64955 X-1.3301 Y-1.1421 Z-0.5856
N64960 X-1.3322 Y-1.1397 Z-0.5876
N64965 X-1.3344 Y-1.1371 Z-0.589
N64970 X-1.3367 Y-1.1343 Z-0.5899
N64975 X-1.339 Y-1.1315 Z-0.5902
N64980 G3 X-1.3642 Y-1.1135 I-0.0477 J-0.04
N64985 G1 X-1.3749 Y-1.1097
N64990 X-1.3828 Y-1.1069
N64995 X-1.3986 Y-1.1008
N65000 X-1.4066 Y-1.0963
N65005 X-1.4224 Y-1.0873
N65010 X-1.4312 Y-1.0818
N65015 X-1.462 Y-1.0624
N65020 X-1.469 Y-1.058
N65025 X-1.47 Y-1.0573
N65030 X-1.4779 Y-1.0509
N65035 X-1.4964 Y-1.0342
N65040 X-1.5202 Y-1.0105
N65045 X-1.5254 Y-1.0051
N65050 X-1.5423 Y-0.9867
N65055 X-1.5457 Y-0.9827
N65060 X-1.5485 Y-0.9788
N65065 X-1.5586 Y-0.9629
N65070 X-1.5735 Y-0.9391
N65075 X-1.5784 Y-0.9312
N65080 X-1.5888 Y-0.9132
N65085 X-1.5918 Y-0.9074
N65090 X-1.5968 Y-0.8952
N65095 X-1.5981 Y-0.8916
N65100 X-1.6092 Y-0.8599
N65105 X-1.6174 Y-0.8361
N65110 X-1.6194 Y-0.8282
N65115 X-1.6229 Y-0.8123
N65120 X-1.6285 Y-0.7633
N65125 X-1.6291 Y-0.7568
N65130 X-1.6304 Y-0.741
N65135 X-1.6309 Y-0.7331
N65140 Y0.7331
N65145 X-1.6304 Y0.741
N65150 X-1.6291 Y0.7568
N65155 X-1.6283 Y0.7648
N65160 X-1.6229 Y0.8123
N65165 X-1.6194 Y0.8282
N65170 X-1.6174 Y0.8361
N65175 X-1.6092 Y0.8599
N65180 X-1.5981 Y0.8916
N65185 X-1.5968 Y0.8952
N65190 X-1.5918 Y0.9074
N65195 X-1.5888 Y0.9132
N65200 X-1.5784 Y0.9312
N65205 X-1.573 Y0.94
N65210 X-1.5586 Y0.9629
N65215 X-1.5485 Y0.9788
N65220 X-1.5457 Y0.9827
N65225 X-1.5423 Y0.9867
N65230 X-1.5254 Y1.0051
N65235 X-1.5233 Y1.0073
N65240 G3 X-1.521 Y1.0359 I-0.0175 J0.0159
N65245 G1 X-1.523 Y1.0391 Z-0.5899
N65250 X-1.5249 Y1.0421 Z-0.589
N65255 X-1.5268 Y1.045 Z-0.5876
N65260 X-1.5285 Y1.0476 Z-0.5856
N65265 X-1.53 Y1.05 Z-0.5832
N65270 X-1.5313 Y1.052 Z-0.5804
N65275 X-1.5324 Y1.0536 Z-0.5773
N65280 X-1.5332 Y1.0548 Z-0.5738
N65285 X-1.5336 Y1.0555 Z-0.5702
N65290 X-1.5338 Y1.0558 Z-0.5665
N65295 Z0.1969
N65300 X1.1839 Y1.1635
N65305 Z-0.5429
N65310 Z-0.5665
N65315 X1.1841 Y1.1634 Z-0.5702
N65320 X1.1849 Y1.1629 Z-0.5738
N65325 X1.186 Y1.162 Z-0.5773
N65330 X1.1876 Y1.1609 Z-0.5804
N65335 X1.1896 Y1.1596 Z-0.5832
N65340 X1.1919 Y1.1579 Z-0.5856
N65345 X1.1945 Y1.1561 Z-0.5876
N65350 X1.1973 Y1.1542 Z-0.589
N65355 X1.2003 Y1.1521 Z-0.5899
N65360 X1.2033 Y1.15 Z-0.5902
N65365 G3 X1.2322 Y1.1392 I0.0357 J0.0511
N65370 G1 X1.2481 Y1.138
N65375 X1.2639 Y1.1362
N65380 X1.2956 Y1.1327
N65385 X1.3036 Y1.1315
N65390 X1.3194 Y1.1283
N65395 X1.3273 Y1.1262
N65400 X1.3511 Y1.118
N65405 X1.3642 Y1.1135
N65410 X1.384 Y1.1076
N65415 X1.3998 Y1.1038
N65420 X1.4209 Y1.0998
N65425 X1.4508 Y1.0955
N65430 X1.4856 Y1.0923
N65435 X1.5204 Y1.0904
N65440 X1.555 Y1.0856
N65445 X1.5872 Y1.0724
N65450 X1.6155 Y1.052
N65455 X1.6391 Y1.0263
N65460 X1.658 Y0.9969
N65465 X1.6725 Y0.9652
N65470 X1.6834 Y0.932
N65475 X1.6913 Y0.898
N65480 X1.6969 Y0.8636
N65485 X1.7008 Y0.829
N65490 X1.7036 Y0.7942
N65495 X1.7054 Y0.7593
N65500 X1.7066 Y0.7245
N65505 X1.7075 Y0.6896
N65510 X1.708 Y0.6547
N65515 X1.7084 Y0.6198
N65520 X1.7086 Y0.5849
N65525 X1.7088 Y0.5501
N65530 X1.709 Y0.4803
N65535 X1.7091 Y0.3756
N65540 Y-0.1128
N65545 Y-0.6361
N65550 Y-0.8803
N65555 X1.7086 Y-0.9152
N65560 X1.6997 Y-0.9489
N65565 X1.6828 Y-0.9794
N65570 X1.6596 Y-1.0055
N65575 X1.632 Y-1.0268
N65580 X1.6013 Y-1.0435
N65585 X1.5688 Y-1.0562
N65590 X1.5352 Y-1.0655
N65595 X1.501 Y-1.0722
N65600 X1.4664 Y-1.077
N65605 X1.4539 Y-1.0781
N65610 X1.4419 Y-1.0801
N65615 X1.4302 Y-1.0838
N65620 X1.4192 Y-1.0891
N65625 X1.4043 Y-1.0976
N65630 X1.3986 Y-1.1008
N65635 X1.3828 Y-1.1069
N65640 X1.3749 Y-1.1097
N65645 X1.3511 Y-1.118
N65650 X1.3273 Y-1.1262
N65655 X1.3194 Y-1.1283
N65660 X1.3036 Y-1.1315
N65665 X1.2956 Y-1.1327
N65670 X1.2793 Y-1.1345
N65675 G3 X1.2593 Y-1.1552 I0.0035 J-0.0234
N65680 G1 X1.2588 Y-1.1589 Z-0.5899
N65685 X1.2584 Y-1.1624 Z-0.589
N65690 X1.258 Y-1.1658 Z-0.5876
N65695 X1.2577 Y-1.169 Z-0.5856
N65700 X1.2573 Y-1.1718 Z-0.5832
N65705 X1.2571 Y-1.1742 Z-0.5804
N65710 X1.2568 Y-1.1761 Z-0.5773
N65715 X1.2567 Y-1.1775 Z-0.5738
N65720 X1.2566 Y-1.1784 Z-0.5702
N65725 X1.2565 Y-1.1786 Z-0.5665
N65730 Z0.1969
N65735 X1.3239 Y1.1496
N65740 Z-0.5429
N65745 Z-0.5665
N65750 X1.3241 Y1.1494 Z-0.5702
N65755 X1.3246 Y1.1487 Z-0.5738
N65760 X1.3255 Y1.1476 Z-0.5773
N65765 X1.3268 Y1.1461 Z-0.5804
N65770 X1.3283 Y1.1443 Z-0.5832
N65775 X1.3301 Y1.1421 Z-0.5856
N65780 X1.3322 Y1.1397 Z-0.5876
N65785 X1.3344 Y1.1371 Z-0.589
N65790 X1.3367 Y1.1343 Z-0.5899
N65795 X1.339 Y1.1315 Z-0.5902
N65800 G3 X1.3642 Y1.1135 I0.0477 J0.04
N65805 G1 X1.3749 Y1.1097
N65810 X1.3828 Y1.1069
N65815 X1.3986 Y1.1008
N65820 X1.4066 Y1.0963
N65825 X1.4224 Y1.0873
N65830 X1.4303 Y1.0823
N65835 X1.4355 Y1.0794
N65840 X1.4423 Y1.0761
N65845 X1.452 Y1.0718
N65850 X1.4846 Y1.0594
N65855 X1.5165 Y1.0454
N65860 X1.5457 Y1.0263
N65865 X1.5712 Y1.0024
N65870 X1.5926 Y0.9749
N65875 X1.61 Y0.9446
N65880 X1.6236 Y0.9126
N65885 X1.6342 Y0.8793
N65890 X1.642 Y0.8453
N65895 X1.6479 Y0.8109
N65900 X1.6521 Y0.7763
N65905 X1.655 Y0.7415
N65910 X1.6572 Y0.7067
N65915 X1.6586 Y0.6718
N65920 X1.6597 Y0.637
N65925 X1.6604 Y0.6021
N65930 X1.6608 Y0.5672
N65935 X1.6612 Y0.5323
N65940 X1.6614 Y0.4974
N65945 X1.6615 Y0.4625
N65950 X1.6617 Y0.3928
N65955 X1.6618 Y0.2881
N65960 X1.6619 Y-0.1305
N65965 Y-0.7934
N65970 X1.6618 Y-0.8283
N65975 X1.6583 Y-0.863
N65980 X1.6474 Y-0.8961
N65985 X1.6297 Y-0.9261
N65990 X1.6063 Y-0.9521
N65995 X1.5788 Y-0.9735
N66000 X1.5484 Y-0.9907
N66005 X1.5387 Y-0.9955
N66010 X1.5298 Y-1.0017
N66015 X1.5217 Y-1.0089
N66020 X1.5202 Y-1.0105
N66025 X1.4964 Y-1.0342
N66030 X1.4779 Y-1.0509
N66035 X1.47 Y-1.0573
N66040 X1.469 Y-1.058
N66045 X1.4383 Y-1.0774
N66050 X1.4249 Y-1.0857
N66055 X1.4224 Y-1.0873
N66060 X1.4192 Y-1.0891
N66065 X1.4162 Y-1.0913
N66070 X1.4137 Y-1.0938
N66075 X1.4122 Y-1.0964 Z-0.59
N66080 X1.4108 Y-1.0988 Z-0.5894
N66085 X1.4094 Y-1.1012 Z-0.5885
N66090 X1.4089 Y-1.1041 Z-0.5871
N66095 X1.4084 Y-1.1068 Z-0.5854
N66100 X1.408 Y-1.1092 Z-0.5832
N66105 X1.4083 Y-1.1116 Z-0.5804
N66110 X1.4086 Y-1.1135 Z-0.5772
N66115 X1.4088 Y-1.1149 Z-0.5738
N66120 X1.4089 Y-1.1157 Z-0.5702
N66125 X1.409 Y-1.116 Z-0.5666
N66130 Z0.1969
N66135 X1.3991 Y1.1265
N66140 Z-0.5429
N66145 Z-0.5665
N66150 X1.3992 Y1.1263 Z-0.5702
N66155 X1.3996 Y1.1255 Z-0.5738
N66160 X1.4003 Y1.1242 Z-0.5773
N66165 X1.4011 Y1.1225 Z-0.5804
N66170 X1.4022 Y1.1204 Z-0.5832
N66175 X1.4035 Y1.1179 Z-0.5856
N66180 X1.405 Y1.1151 Z-0.5876
N66185 X1.4065 Y1.112 Z-0.589
N66190 X1.4082 Y1.1088 Z-0.5899
N66195 X1.4099 Y1.1055 Z-0.5902
N66200 G3 X1.4303 Y1.0823 I0.0555 J0.0284
N66205 G1 X1.462 Y1.0624
N66210 X1.469 Y1.058
N66215 X1.47 Y1.0573
N66220 X1.4779 Y1.0509
N66225 X1.4964 Y1.0342
N66230 X1.5202 Y1.0105
N66235 X1.5254 Y1.0051
N66240 X1.5423 Y0.9867
N66245 X1.5457 Y0.9827
N66250 X1.5485 Y0.9788
N66255 X1.5586 Y0.9629
N66260 X1.5735 Y0.9391
N66265 X1.5784 Y0.9312
N66270 X1.5888 Y0.9132
N66275 X1.5918 Y0.9074
N66280 X1.5968 Y0.8952
N66285 X1.5981 Y0.8916
N66290 X1.6092 Y0.8599
N66295 X1.6174 Y0.8361
N66300 X1.6194 Y0.8282
N66305 X1.6229 Y0.8123
N66310 X1.6285 Y0.7633
N66315 X1.6291 Y0.7568
N66320 X1.6304 Y0.741
N66325 X1.6309 Y0.7331
N66330 Y-0.7331
N66335 X1.6304 Y-0.741
N66340 X1.6291 Y-0.7568
N66345 X1.6283 Y-0.7648
N66350 X1.6229 Y-0.8123
N66355 X1.6194 Y-0.8282
N66360 X1.6174 Y-0.8361
N66365 X1.6092 Y-0.8599
N66370 X1.5981 Y-0.8916
N66375 X1.5968 Y-0.8952
N66380 X1.5918 Y-0.9074
N66385 X1.5888 Y-0.9132
N66390 X1.5784 Y-0.9312
N66395 X1.573 Y-0.94
N66400 X1.5586 Y-0.9629
N66405 X1.5485 Y-0.9788
N66410 X1.5457 Y-0.9827
N66415 X1.5423 Y-0.9867
N66420 X1.5254 Y-1.0051
N66425 X1.5217 Y-1.0089
N66430 G3 X1.5194 Y-1.0376 I0.0175 J-0.0159
N66435 G1 X1.5214 Y-1.0407 Z-0.5899
N66440 X1.5234 Y-1.0437 Z-0.589
N66445 X1.5252 Y-1.0466 Z-0.5876
N66450 X1.5269 Y-1.0492 Z-0.5856
N66455 X1.5285 Y-1.0516 Z-0.5832
N66460 X1.5298 Y-1.0536 Z-0.5804
N66465 X1.5308 Y-1.0553 Z-0.5773
N66470 X1.5316 Y-1.0564 Z-0.5738
N66475 X1.5321 Y-1.0572 Z-0.5702
N66480 X1.5322 Y-1.0574 Z-0.5665
N66485 Z0.5906
(WHEN USING FUSION FOR PERSONAL USE, THE FEEDRATE OF RAPID)
(MOVES IS REDUCED TO MATCH THE FEEDRATE OF CUTTING MOVES,)
(WHICH CAN INCREASE MACHINING TIME. UNRESTRICTED RAPID MOVES)
(ARE AVAILABLE WITH A FUSION SUBSCRIPTION.)
N66490 G53 G0 Z0.
(ADAPTIVE2)
N66495 G55
N66500 G0 X-1.7098 Y-1.3352
N66505 G43 Z0.5906 H8
N66510 G1 Z0.1969 F75.974
N66515 Z-0.0945
N66520 Z-0.1181
N66525 Y-1.335 Z-0.1218
N66530 X-1.7095 Y-1.3341 Z-0.1254
N66535 X-1.7092 Y-1.3327 Z-0.1288
N66540 X-1.7087 Y-1.3309 Z-0.132
N66545 X-1.7081 Y-1.3285 Z-0.1348
N66550 X-1.7074 Y-1.3258 Z-0.1372
N66555 X-1.7066 Y-1.3227 Z-0.1392
N66560 X-1.7058 Y-1.3194 Z-0.1406
N66565 X-1.7049 Y-1.3159 Z-0.1414
N66570 X-1.704 Y-1.3124 Z-0.1417
N66575 G3 X-1.6855 Y-1.1838 I-0.5842 J0.1496
N66580 G1 Y-1.1781
N66585 X-1.7064 Y-1.1502
N66590 X-1.7221 Y-1.119
N66595 X-1.7333 Y-1.086
N66600 X-1.7412 Y-1.052
N66605 X-1.7465 Y-1.0175
N66610 X-1.75 Y-0.9828
N66615 X-1.7523 Y-0.948
N66620 X-1.7537 Y-0.9132
N66625 X-1.7547 Y-0.8783
N66630 X-1.7553 Y-0.8434
N66635 X-1.7557 Y-0.8085
N66640 X-1.7559 Y-0.7736
N66645 X-1.7561 Y-0.7388
N66650 X-1.7562 Y-0.669
N66655 X-1.7563 Y-0.5294
N66660 Y0.7963
N66665 Y0.9707
N66670 X-1.7561 Y0.9794
N66675 X-1.755 Y0.9881
N66680 X-1.7472 Y1.0221
N66685 X-1.7284 Y1.0514
N66690 X-1.7028 Y1.0751
N66695 X-1.6729 Y1.0932
N66700 X-1.6406 Y1.1064
N66705 X-1.607 Y1.1157
N66710 X-1.5727 Y1.1221
N66715 X-1.5381 Y1.1264
N66720 X-1.5033 Y1.1292
N66725 X-1.4685 Y1.1311
N66730 X-1.4336 Y1.1322
N66735 X-1.3988 Y1.133
N66740 X-1.3639 Y1.1335
N66745 X-1.329 Y1.1338
N66750 X-1.2941 Y1.134
N66755 X-1.2592 Y1.1341
N66760 X-1.1894 Y1.1342
N66765 X-1.0499 Y1.1343
N66770 X-0.0382
N66775 X1.6015
N66780 X1.6188 Y1.1319
N66785 X1.6518 Y1.1207
N66790 X1.6798 Y1.0999
N66795 X1.7021 Y1.073
N66800 X1.7189 Y1.0425
N66805 X1.7311 Y1.0098
N66810 X1.7396 Y0.976
N66815 X1.7454 Y0.9416
N66820 X1.7493 Y0.9069
N66825 X1.7518 Y0.8721
N66830 X1.7535 Y0.8372
N66835 X1.7545 Y0.8024
N66840 X1.7552 Y0.7675
N66845 X1.7556 Y0.7326
N66850 X1.7559 Y0.6977
N66855 X1.7561 Y0.6628
N66860 X1.7562 Y0.6279
N66865 X1.7563 Y0.5582
N66870 Y0.3837
N66875 Y-0.9768
N66880 X1.7545 Y-0.9942
N66885 X1.7442 Y-1.0275
N66890 X1.724 Y-1.0559
N66895 X1.6974 Y-1.0786
N66900 X1.6671 Y-1.0958
N66905 X1.6345 Y-1.1083
N66910 X1.6007 Y-1.117
N66915 X1.5664 Y-1.123
N66920 X1.5317 Y-1.127
N66925 X1.4969 Y-1.1296
N66930 X1.4621 Y-1.1313
N66935 X1.4272 Y-1.1324
N66940 X1.3923 Y-1.1331
N66945 X1.3574 Y-1.1335
N66950 X1.3225 Y-1.1338
N66955 X1.2877 Y-1.134
N66960 X1.2528 Y-1.1341
N66965 X1.183 Y-1.1342
N66970 X1.0086 Y-1.1343
N66975 X-0.2822
N66980 X-1.5382
N66985 X-1.5726 Y-1.1289
N66990 X-1.6039 Y-1.1134
N66995 X-1.6304 Y-1.0908
N67000 X-1.6518 Y-1.0632
N67005 X-1.6683 Y-1.0324
N67010 X-1.6806 Y-0.9998
N67015 X-1.6895 Y-0.9661
N67020 X-1.6958 Y-0.9318
N67025 X-1.7002 Y-0.8971
N67030 X-1.7032 Y-0.8624
N67035 X-1.7052 Y-0.8276
N67040 X-1.7065 Y-0.7927
N67045 X-1.7074 Y-0.7578
N67050 X-1.708 Y-0.7229
N67055 X-1.7084 Y-0.6881
N67060 X-1.7086 Y-0.6532
N67065 X-1.7088 Y-0.6183
N67070 X-1.709 Y-0.5485
N67075 Y-0.4787
N67080 X-1.7091 Y-0.2345
N67085 Y0.8818
N67090 X-1.7086 Y0.9167
N67095 X-1.6994 Y0.9504
N67100 X-1.6821 Y0.9807
N67105 X-1.6587 Y1.0066
N67110 X-1.6309 Y1.0276
N67115 X-1.6002 Y1.0441
N67120 X-1.5676 Y1.0566
N67125 X-1.534 Y1.0659
N67130 X-1.4997 Y1.0725
N67135 X-1.4651 Y1.0772
N67140 X-1.4304 Y1.0804
N67145 X-1.3956 Y1.0826
N67150 X-1.3607 Y1.0841
N67155 X-1.3258 Y1.0851
N67160 X-1.291 Y1.0857
N67165 X-1.2561 Y1.0862
N67170 X-1.2212 Y1.0865
N67175 X-1.1863 Y1.0867
N67180 X-1.1514 Y1.0868
N67185 X-1.0817 Y1.0869
N67190 X-0.9421 Y1.087
N67195 X0.8022
N67200 X1.5
N67205 X1.5349 Y1.0868
N67210 X1.5687 Y1.0786
N67215 X1.5995 Y1.0622
N67220 X1.6259 Y1.0394
N67225 X1.6476 Y1.012
N67230 X1.6646 Y0.9815
N67235 X1.6775 Y0.9491
N67240 X1.687 Y0.9156
N67245 X1.6939 Y0.8814
N67250 X1.6987 Y0.8468
N67255 X1.7021 Y0.8121
N67260 X1.7044 Y0.7773
N67265 X1.706 Y0.7424
N67270 X1.707 Y0.7076
N67275 X1.7077 Y0.6727
N67280 X1.7082 Y0.6378
N67285 X1.7085 Y0.6029
N67290 X1.7087 Y0.568
N67295 X1.7088 Y0.5331
N67300 X1.709 Y0.4634
N67305 X1.7091 Y0.3238
N67310 Y-0.0948
N67315 Y-0.8972
N67320 X1.7049 Y-0.9319
N67325 X1.692 Y-0.9643
N67330 X1.6719 Y-0.9927
N67335 X1.6463 Y-1.0165
N67340 X1.617 Y-1.0355
N67345 X1.5854 Y-1.0501
N67350 X1.5522 Y-1.0611
N67355 X1.5183 Y-1.0691
N67360 X1.4839 Y-1.0747
N67365 X1.4492 Y-1.0787
N67370 X1.4144 Y-1.0815
N67375 X1.3796 Y-1.0833
N67380 X1.3447 Y-1.0846
N67385 X1.3098 Y-1.0854
N67390 X1.275 Y-1.086
N67395 X1.2401 Y-1.0863
N67400 X1.2052 Y-1.0866
N67405 X1.1703 Y-1.0867
N67410 X1.1005 Y-1.0869
N67415 X0.9959 Y-1.087
N67420 X0.6121
N67425 X-1.3764
N67430 X-1.4462
N67435 X-1.4811 Y-1.0861
N67440 X-1.5149 Y-1.0774
N67445 X-1.5457 Y-1.0612
N67450 X-1.5724 Y-1.0387
N67455 X-1.5946 Y-1.0118
N67460 X-1.6123 Y-0.9817
N67465 X-1.626 Y-0.9496
N67470 X-1.6363 Y-0.9163
N67475 X-1.6439 Y-0.8823
N67480 X-1.6494 Y-0.8478
N67485 X-1.6533 Y-0.8131
N67490 X-1.656 Y-0.7784
N67495 X-1.6579 Y-0.7435
N67500 X-1.6592 Y-0.7087
N67505 X-1.66 Y-0.6738
N67510 X-1.6606 Y-0.6389
N67515 X-1.661 Y-0.604
N67520 X-1.6613 Y-0.5691
N67525 X-1.6615 Y-0.5343
N67530 X-1.6616 Y-0.4994
N67535 X-1.6617 Y-0.4296
N67540 X-1.6618 Y-0.29
N67545 X-1.6619 Y0.7217
N67550 X-1.6618 Y0.8263
N67555 X-1.6588 Y0.8611
N67560 X-1.6484 Y0.8944
N67565 X-1.6309 Y0.9246
N67570 X-1.6078 Y0.9507
N67575 X-1.5805 Y0.9725
N67580 X-1.5503 Y0.9899
N67585 X-1.5182 Y1.0034
N67590 X-1.4848 Y1.0137
N67595 X-1.4508 Y1.0213
N67600 X-1.4163 Y1.0268
N67605 X-1.3817 Y1.0308
N67610 X-1.3469 Y1.0336
N67615 X-1.3121 Y1.0356
N67620 X-1.2772 Y1.0369
N67625 X-1.2423 Y1.0378
N67630 X-1.2074 Y1.0385
N67635 X-1.1726 Y1.0389
N67640 X-1.1377 Y1.0392
N67645 X-1.1028 Y1.0394
N67650 X-1.0679 Y1.0395
N67655 X-0.9981 Y1.0397
N67660 X-0.8586 Y1.0398
N67665 X0.1183
N67670 X1.4439
N67675 X1.4788 Y1.0375
N67680 X1.5123 Y1.0281
N67685 X1.543 Y1.0114
N67690 X1.5697 Y0.989
N67695 X1.592 Y0.9621
N67700 X1.6099 Y0.9322
N67705 X1.6239 Y0.9003
N67710 X1.6346 Y0.867
N67715 X1.6425 Y0.8331
N67720 X1.6483 Y0.7987
N67725 X1.6524 Y0.764
N67730 X1.6553 Y0.7293
N67735 X1.6574 Y0.6944
N67740 X1.6588 Y0.6596
N67745 X1.6598 Y0.6247
N67750 X1.6605 Y0.5898
N67755 X1.6609 Y0.5549
N67760 X1.6612 Y0.52
N67765 X1.6614 Y0.4852
N67770 X1.6616 Y0.4503
N67775 X1.6617 Y0.3805
N67780 X1.6618 Y0.241
N67785 X1.6619 Y-0.8056
N67790 X1.6614 Y-0.8405
N67795 X1.6554 Y-0.8749
N67800 X1.6419 Y-0.9071
N67805 X1.622 Y-0.9357
N67810 X1.597 Y-0.9601
N67815 X1.5684 Y-0.98
N67820 X1.5373 Y-0.9958
N67825 X1.5046 Y-1.0079
N67830 X1.4709 Y-1.017
N67835 X1.4366 Y-1.0237
N67840 X1.4021 Y-1.0286
N67845 X1.3674 Y-1.032
N67850 X1.3326 Y-1.0345
N67855 X1.2977 Y-1.0362
N67860 X1.2629 Y-1.0373
N67865 X1.228 Y-1.0381
N67870 X1.1931 Y-1.0387
N67875 X1.1582 Y-1.039
N67880 X1.1233 Y-1.0393
N67885 X1.0884 Y-1.0395
N67890 X1.0187 Y-1.0396
N67895 X0.914 Y-1.0398
N67900 X0.5651
N67905 X-0.9001
N67910 X-1.3536
N67915 X-1.3885
N67920 X-1.4233 Y-1.0376
N67925 X-1.4571 Y-1.0287
N67930 X-1.4882 Y-1.0129
N67935 X-1.5155 Y-0.9912
N67940 X-1.5386 Y-0.965
N67945 X-1.5574 Y-0.9357
N67950 X-1.5723 Y-0.9041
N67955 X-1.5838 Y-0.8712
N67960 X-1.5924 Y-0.8374
N67965 X-1.5988 Y-0.8031
N67970 X-1.6035 Y-0.7685
N67975 X-1.6068 Y-0.7338
N67980 X-1.6092 Y-0.699
N67985 X-1.6109 Y-0.6641
N67990 X-1.612 Y-0.6293
N67995 X-1.6129 Y-0.5944
N68000 X-1.6134 Y-0.5595
N68005 X-1.6138 Y-0.5246
N68010 X-1.6141 Y-0.4897
N68015 X-1.6142 Y-0.4548
N68020 X-1.6144 Y-0.3851
N68025 X-1.6146 Y-0.2804
N68030 Y-0.0013
N68035 Y0.3476
N68040 Y0.7313
N68045 X-1.6145 Y0.7662
N68050 X-1.6113 Y0.8009
N68055 X-1.6016 Y0.8345
N68060 X-1.5854 Y0.8653
N68065 X-1.5635 Y0.8925
N68070 X-1.5372 Y0.9155
N68075 X-1.5079 Y0.9343
N68080 X-1.4763 Y0.9492
N68085 X-1.4434 Y0.9608
N68090 X-1.4097 Y0.9696
N68095 X-1.3754 Y0.9761
N68100 X-1.3408 Y0.9809
N68105 X-1.3061 Y0.9844
N68110 X-1.2713 Y0.9868
N68115 X-1.2365 Y0.9886
N68120 X-1.2016 Y0.9898
N68125 X-1.1944 Y0.99
N68130 X-1.1885 Y0.9903
N68135 X-1.1826 Y0.9909
N68140 X-1.1768 Y0.9919
N68145 X-1.1688 Y0.9935
N68150 X-1.153 Y0.9954
N68155 X-1.1371 Y0.9972
N68160 X-1.1054 Y1.0008
N68165 X-1.0975 Y1.0015
N68170 X-1.0896 Y1.0019
N68175 X-1.0658 Y1.002
N68180 X-0.4873
N68185 X-0.4636 Y1.0016
N68190 X-0.4557 Y1.0007
N68195 X-0.4209 Y0.9974
N68200 X-0.3861 Y0.9956
N68205 X-0.3512 Y0.9945
N68210 X-0.3163 Y0.9938
N68215 X-0.2814 Y0.9933
N68220 X-0.2466 Y0.993
N68225 X-0.2117 Y0.9929
N68230 X-0.1768 Y0.9927
N68235 X-0.107 Y0.9926
N68240 X0.0674
N68245 X0.3971
N68250 X0.4029 Y0.9927
N68255 X0.4086 Y0.9933
N68260 X0.4142 Y0.9943
N68265 X0.416 Y0.9946
N68270 X0.4398 Y0.9984
N68275 X0.4557 Y1.0007
N68280 X0.4636 Y1.0016
N68285 X0.4873 Y1.002
N68290 X1.0658
N68295 X1.0896 Y1.0019
N68300 X1.0975 Y1.0015
N68305 X1.1054 Y1.0008
N68310 X1.1403 Y0.9987
N68315 X1.1751 Y0.9963
N68320 X1.2099 Y0.9949
N68325 X1.2448 Y0.994
N68330 X1.2797 Y0.9935
N68335 X1.3146 Y0.9931
N68340 X1.3844 Y0.9927
N68345 X1.4191 Y0.9901
N68350 X1.4529 Y0.9811
N68355 X1.4841 Y0.9656
N68360 X1.5117 Y0.9442
N68365 X1.5351 Y0.9184
N68370 X1.5544 Y0.8893
N68375 X1.5697 Y0.858
N68380 X1.5817 Y0.8252
N68385 X1.5908 Y0.7915
N68390 X1.5975 Y0.7573
N68395 X1.6025 Y0.7227
N68400 X1.6061 Y0.688
N68405 X1.6086 Y0.6533
N68410 X1.6105 Y0.6184
N68415 X1.6117 Y0.5835
N68420 X1.6126 Y0.5487
N68425 X1.6132 Y0.5138
N68430 X1.6137 Y0.4789
N68435 X1.614 Y0.444
N68440 X1.6142 Y0.4091
N68445 X1.6143 Y0.3742
N68450 X1.6145 Y0.3045
N68455 X1.6146 Y0.1998
N68460 Y-0.1839
N68465 Y-0.6026
N68470 Y-0.7421
N68475 X1.6141 Y-0.777
N68480 X1.609 Y-0.8115
N68485 X1.5972 Y-0.8444
N68490 X1.5791 Y-0.8742
N68495 X1.5557 Y-0.9
N68500 X1.5284 Y-0.9217
N68505 X1.4982 Y-0.9393
N68510 X1.4662 Y-0.9531
N68515 X1.433 Y-0.9638
N68520 X1.399 Y-0.9718
N68525 X1.3647 Y-0.9778
N68530 X1.33 Y-0.9821
N68535 X1.2953 Y-0.9852
N68540 X1.2605 Y-0.9874
N68545 X1.2256 Y-0.989
N68550 X1.1937 Y-0.99
N68555 X1.188 Y-0.9903
N68560 X1.1824 Y-0.991
N68565 X1.1768 Y-0.9919
N68570 X1.1688 Y-0.9935
N68575 X1.153 Y-0.9954
N68580 X1.1371 Y-0.9972
N68585 X1.1054 Y-1.0008
N68590 X1.0975 Y-1.0015
N68595 X1.0896 Y-1.0019
N68600 X1.0658 Y-1.002
N68605 X-1.0658
N68610 X-1.0896 Y-1.0019
N68615 X-1.0975 Y-1.0015
N68620 X-1.1054 Y-1.0008
N68625 X-1.1403 Y-0.9987
N68630 X-1.1751 Y-0.9963
N68635 X-1.2099 Y-0.9949
N68640 X-1.2448 Y-0.994
N68645 X-1.2797 Y-0.9935
N68650 X-1.3146 Y-0.9931
N68655 X-1.3495 Y-0.9922
N68660 X-1.3839 Y-0.9866
N68665 X-1.4166 Y-0.9745
N68670 X-1.4464 Y-0.9563
N68675 X-1.4724 Y-0.933
N68680 X-1.4942 Y-0.9058
N68685 X-1.512 Y-0.8758
N68690 X-1.5261 Y-0.8439
N68695 X-1.537 Y-0.8108
N68700 X-1.5453 Y-0.7769
N68705 X-1.5515 Y-0.7426
N68710 X-1.556 Y-0.708
N68715 X-1.5593 Y-0.6732
N68720 X-1.5617 Y-0.6384
N68725 X-1.5634 Y-0.6036
N68730 X-1.5646 Y-0.5687
N68735 X-1.5654 Y-0.5338
N68740 X-1.566 Y-0.499
N68745 X-1.5664 Y-0.4641
N68750 X-1.5667 Y-0.4292
N68755 X-1.5669 Y-0.3943
N68760 X-1.5671 Y-0.3594
N68765 X-1.5672 Y-0.2896
N68770 X-1.5673 Y-0.185
N68775 X-1.5674 Y0.1988
N68780 Y0.6523
N68785 X-1.5673 Y0.6872
N68790 X-1.5666 Y0.7221
N68795 X-1.5614 Y0.7566
N68800 X-1.5499 Y0.7895
N68805 X-1.5323 Y0.8196
N68810 X-1.5095 Y0.846
N68815 X-1.4827 Y0.8684
N68820 X-1.4531 Y0.8868
N68825 X-1.4214 Y0.9014
N68830 X-1.3884 Y0.9128
N68835 X-1.3547 Y0.9216
N68840 X-1.334 Y0.9255
N68845 X-1.3236 Y0.9282
N68850 X-1.3136 Y0.9321
N68855 X-1.3041 Y0.9373
N68860 X-1.2798 Y0.9525
N68865 X-1.2719 Y0.9572
N68870 X-1.2639 Y0.9613
N68875 X-1.2481 Y0.9678
N68880 X-1.2402 Y0.9709
N68885 X-1.1926 Y0.9875
N68890 X-1.1847 Y0.9899
N68895 X-1.1768 Y0.9919
N68900 G3 X-1.1672 Y0.9974 Z-0.1394 I-0.0067 J0.0227
N68905 G2 X-1.1479 Y1.0148 Z-0.1339 I0.3548 J-0.3747
N68910 X-1.0176 Y1.0962 I0.3355 J-0.3921
N68915 G1 X-1.0147 Y1.0972
N68920 X-1.0117 Y1.0979
N68925 X-1.0086 Y1.0981
N68930 X-0.6284 Y1.103
N68935 X-0.6253 Y1.1028
N68940 X-0.6223 Y1.1022
N68945 X-0.6193 Y1.1013
N68950 G2 X-0.4855 Y1.022 I-0.1931 J-0.4786
N68955 X-0.4673 Y1.0064 Z-0.139 I-0.3269 J-0.3993
N68960 G3 X-0.4557 Y1.0007 Z-0.1417 I0.0158 J0.0176
N68965 G1 X-0.4398 Y0.9984
N68970 X-0.4159 Y0.9946
N68975 X-0.4081 Y0.993
N68980 X-0.4002 Y0.9911
N68985 X-0.3923 Y0.9885
N68990 X-0.3878 Y0.9867
N68995 X-0.3708 Y0.9788
N69000 X-0.3577 Y0.9734
N69005 X-0.3478 Y0.97
N69010 X-0.3354 Y0.9663
N69015 X-0.3194 Y0.9624
N69020 X-0.2982 Y0.9583
N69025 X-0.2684 Y0.954
N69030 X-0.2336 Y0.9508
N69035 X-0.1988 Y0.9488
N69040 X-0.1639 Y0.9475
N69045 X-0.1291 Y0.9467
N69050 X-0.0942 Y0.9462
N69055 X-0.0593 Y0.9459
N69060 X-0.0244 Y0.9457
N69065 X0.0105 Y0.9455
N69070 X0.0803 Y0.9454
N69075 X0.2198 Y0.9453
N69080 X0.2871
N69085 X0.2994 Y0.9462
N69090 X0.3115 Y0.9488
N69095 X0.3231 Y0.9532
N69100 X0.334 Y0.9591
N69105 X0.3399 Y0.9629
N69110 X0.3447 Y0.9655
N69115 X0.3685 Y0.9777
N69120 X0.3808 Y0.9834
N69125 G3 X0.3922 Y1.0148 Z-0.1339 I-0.01 J0.0214
N69130 X0.371 Y1.0284 I-0.0214 J-0.01
N69135 G1 X-0.3742 Y1.0361
N69140 G3 X-0.3967 Y1.0043 I-0.0002 J-0.0236
N69145 G1 X-0.3955 Y1.0017 Z-0.1345
N69150 X-0.394 Y0.9992 Z-0.1351
N69155 G3 X-0.3708 Y0.9788 Z-0.1417 I0.0515 J0.0351
N69160 G1 X-0.3685 Y0.9777
N69165 X-0.3447 Y0.9655
N69170 X-0.3399 Y0.9629
N69175 X-0.3276 Y0.955
N69180 X-0.3209 Y0.9501
N69185 X-0.3162 Y0.9466
N69190 X-0.3112 Y0.9434
N69195 X-0.3051 Y0.9399
N69200 X-0.2977 Y0.9362
N69205 X-0.2896 Y0.9325
N69210 X-0.2793 Y0.9285
N69215 X-0.2669 Y0.9243
N69220 X-0.2516 Y0.92
N69225 X-0.2323 Y0.9156
N69230 X-0.2066 Y0.9109
N69235 X-0.1721 Y0.9064
N69240 X-0.1373 Y0.9035
N69245 X-0.1025 Y0.9017
N69250 X-0.0676 Y0.9004
N69255 X-0.0327 Y0.8996
N69260 X0.0022 Y0.8991
N69265 X0.0371 Y0.8987
N69270 X0.0719 Y0.8985
N69275 X0.1068 Y0.8984
N69280 X0.1766 Y0.8982
N69285 X0.2115 Y0.8981
N69290 X0.2333 Y0.8984
N69295 X0.2467 Y0.8996
N69300 X0.2597 Y0.9028
N69305 X0.2721 Y0.9081
N69310 X0.2836 Y0.9152
N69315 X0.2938 Y0.9239
N69320 X0.2972 Y0.9274
N69325 X0.3011 Y0.9312
N69330 X0.3174 Y0.947
N69335 X0.3209 Y0.9501
N69340 X0.3276 Y0.955
N69345 X0.334 Y0.9591
N69350 G3 X0.3399 Y0.992 Z-0.1339 I-0.0135 J0.0194
N69355 X0.3201 Y1.0021 I-0.0194 J-0.0135
N69360 G1 X-0.3054 Y0.9911
N69365 G3 X-0.3223 Y0.9835 I0.0004 J-0.0236
N69370 X-0.3209 Y0.9501 Z-0.1417 I0.0174 J-0.016
N69375 G1 X-0.3174 Y0.947
N69380 X-0.3011 Y0.9312
N69385 X-0.2972 Y0.9274
N69390 X-0.2931 Y0.9233
N69395 X-0.291 Y0.921
N69400 X-0.2865 Y0.9167
N69405 X-0.282 Y0.9128
N69410 X-0.2774 Y0.9092
N69415 X-0.2717 Y0.9053
N69420 X-0.2655 Y0.9013
N69425 X-0.2582 Y0.8973
N69430 X-0.2491 Y0.8927
N69435 X-0.2389 Y0.8882
N69440 X-0.2269 Y0.8836
N69445 X-0.2121 Y0.8788
N69450 X-0.1946 Y0.874
N69455 X-0.1723 Y0.869
N69460 X-0.143 Y0.8639
N69465 X-0.1083 Y0.8597
N69470 X-0.0736 Y0.8568
N69475 X-0.0387 Y0.8549
N69480 X-0.0039 Y0.8536
N69485 X0.031 Y0.8527
N69490 X0.0659 Y0.8521
N69495 X0.1008 Y0.8517
N69500 X0.1357 Y0.8514
N69505 X0.1705 Y0.8513
N69510 X0.19 Y0.8519
N69515 X0.2045 Y0.853
N69520 X0.2051 Y0.8531
N69525 X0.2199 Y0.8563
N69530 X0.2338 Y0.862
N69535 X0.2466 Y0.8701
N69540 X0.2578 Y0.8802
N69545 X0.267 Y0.8921
N69550 X0.2717 Y0.8995
N69555 X0.2734 Y0.9017
N69560 X0.2782 Y0.9074
N69565 X0.2931 Y0.9233
N69570 X0.2938 Y0.9239
N69575 G3 X0.2925 Y0.9573 Z-0.1339 I-0.0173 J0.0161
N69580 X0.2763 Y0.9636 I-0.0161 J-0.0173
N69585 G1 X-0.2734 Y0.9602
N69590 G3 X-0.2888 Y0.9543 I0.0001 J-0.0236
N69595 X-0.291 Y0.921 Z-0.1417 I0.0156 J-0.0178
N69600 G1 X-0.2782 Y0.9074
N69605 X-0.2734 Y0.9017
N69610 X-0.2717 Y0.8995
N69615 X-0.2667 Y0.8916
N69620 X-0.2634 Y0.8867
N69625 X-0.2595 Y0.8822
N69630 X-0.2554 Y0.878
N69635 X-0.251 Y0.874
N69640 X-0.2464 Y0.8702
N69645 X-0.2406 Y0.8659
N69650 X-0.234 Y0.8615
N69655 X-0.2265 Y0.857
N69660 X-0.217 Y0.8519
N69665 X-0.207 Y0.8472
N69670 X-0.1946 Y0.842
N69675 X-0.1801 Y0.8368
N69680 X-0.1628 Y0.8315
N69685 X-0.1419 Y0.8262
N69690 X-0.115 Y0.8207
N69695 X-0.0805 Y0.8155
N69700 X-0.0458 Y0.8118
N69705 X-0.011 Y0.8093
N69710 X0.0238 Y0.8076
N69715 X0.0587 Y0.8064
N69720 X0.0935 Y0.8055
N69725 X0.1284 Y0.8051
N69730 X0.1498 Y0.8057
N69735 X0.1643 Y0.8067
N69740 X0.1777 Y0.8083
N69745 X0.1883 Y0.8102
N69750 X0.1891 Y0.8104
N69755 X0.2037 Y0.815
N69760 X0.2171 Y0.822
N69765 X0.2292 Y0.8314
N69770 X0.2394 Y0.8427
N69775 X0.2475 Y0.8556
N69780 X0.2578 Y0.8757
N69785 X0.2619 Y0.8836
N69790 X0.2667 Y0.8916
N69795 X0.267 Y0.8921
N69800 G3 X0.2588 Y0.9245 Z-0.1339 I-0.0203 J0.0121
N69805 X0.2467 Y0.9278 I-0.0121 J-0.0203
N69810 G1 X-0.246 Y0.9266
N69815 G3 X-0.2574 Y0.9236 I0.0001 J-0.0236
N69820 X-0.2667 Y0.8916 Z-0.1417 I0.0114 J-0.0207
N69825 G1 X-0.2619 Y0.8836
N69830 X-0.2575 Y0.8753
N69835 X-0.2515 Y0.8634
N69840 X-0.2483 Y0.8579
N69845 X-0.2451 Y0.853
N69850 X-0.2416 Y0.8483
N69855 X-0.2377 Y0.8438
N69860 X-0.2336 Y0.8395
N69865 X-0.229 Y0.8353
N69870 X-0.2235 Y0.8306
N69875 X-0.2175 Y0.826
N69880 X-0.2101 Y0.8209
N69885 X-0.2022 Y0.816
N69890 X-0.1922 Y0.8104
N69895 X-0.1815 Y0.8051
N69900 X-0.1684 Y0.7994
N69905 X-0.1532 Y0.7937
N69910 X-0.1353 Y0.7879
N69915 X-0.1142 Y0.7822
N69920 X-0.0875 Y0.7764
N69925 X-0.0531 Y0.7706
N69930 X-0.0185 Y0.7665
N69935 X0.0163 Y0.7636
N69940 X0.0511 Y0.7615
N69945 X0.086 Y0.7603
N69950 X0.1142 Y0.7604
N69955 X0.1316 Y0.7613
N69960 X0.1472 Y0.7629
N69965 X0.1581 Y0.7645
N69970 X0.1697 Y0.7668
N69975 X0.1742 Y0.768
N69980 X0.1884 Y0.7729
N69985 X0.2016 Y0.7802
N69990 X0.2132 Y0.7898
N69995 X0.223 Y0.8012
N70000 X0.2307 Y0.8141
N70005 X0.236 Y0.8282
N70010 X0.2387 Y0.8361
N70015 X0.2441 Y0.8484
N70020 X0.2456 Y0.8519
N70025 X0.2475 Y0.8556
N70030 G3 X0.2361 Y0.887 Z-0.1339 I-0.0214 J0.01
N70035 X0.2265 Y0.8892 I-0.01 J-0.0214
N70040 G1 X-0.2297 Y0.897
N70045 G3 X-0.2401 Y0.8948 I-0.0004 J-0.0236
N70050 X-0.2515 Y0.8634 Z-0.1417 I0.01 J-0.0214
N70055 G1 X-0.2456 Y0.8519
N70060 X-0.2417 Y0.8429
N70065 X-0.2387 Y0.8361
N70070 X-0.2372 Y0.8317
N70075 X-0.235 Y0.8263
N70080 X-0.2322 Y0.821
N70085 X-0.2291 Y0.816
N70090 X-0.2256 Y0.8113
N70095 X-0.2219 Y0.8067
N70100 X-0.2179 Y0.8023
N70105 X-0.213 Y0.7975
N70110 X-0.2078 Y0.7927
N70115 X-0.2012 Y0.7874
N70120 X-0.1943 Y0.7822
N70125 X-0.1856 Y0.7765
N70130 X-0.1765 Y0.771
N70135 X-0.1649 Y0.7648
N70140 X-0.1529 Y0.7591
N70145 X-0.1372 Y0.7526
N70150 X-0.1207 Y0.7467
N70155 X-0.0999 Y0.7404
N70160 X-0.0755 Y0.7342
N70165 X-0.0453 Y0.7281
N70170 X-0.0108 Y0.7229
N70175 X0.0239 Y0.7192
N70180 X0.0573 Y0.717
N70185 X0.0843 Y0.7165
N70190 X0.1056 Y0.7172
N70195 X0.1213 Y0.7184
N70200 X0.1355 Y0.7203
N70205 X0.146 Y0.7221
N70210 X0.1571 Y0.7247
N70215 X0.1655 Y0.7271
N70220 X0.174 Y0.7299
N70225 X0.1756 Y0.7305
N70230 X0.1891 Y0.7372
N70235 X0.2012 Y0.7461
N70240 X0.2116 Y0.7569
N70245 X0.22 Y0.7694
N70250 X0.2261 Y0.7831
N70255 X0.2297 Y0.7977
N70260 X0.2308 Y0.8044
N70265 X0.2321 Y0.8123
N70270 X0.2338 Y0.8203
N70275 X0.236 Y0.8282
N70280 G3 X0.2185 Y0.8567 Z-0.1339 I-0.023 J0.0055
N70285 G1 X0.2159 Y0.8571
N70290 X0.2133 Y0.8573
N70295 X-0.2144 Y0.8624
N70300 X-0.2181 Y0.8622
N70305 X-0.2218 Y0.8613
N70310 G3 X-0.2372 Y0.8317 Z-0.1417 I0.0071 J-0.0225
N70315 G1 X-0.236 Y0.8282
N70320 X-0.2338 Y0.8202
N70325 X-0.2321 Y0.8123
N70330 X-0.2314 Y0.808
N70335 X-0.2301 Y0.8022
N70340 X-0.2283 Y0.7966
N70345 X-0.226 Y0.7911
N70350 X-0.2233 Y0.7859
N70355 X-0.2202 Y0.7808
N70360 X-0.2169 Y0.776
N70365 X-0.2133 Y0.7713
N70370 X-0.2091 Y0.7664
N70375 X-0.2042 Y0.7612
N70380 X-0.1985 Y0.7558
N70385 X-0.192 Y0.7501
N70390 X-0.1848 Y0.7444
N70395 X-0.1762 Y0.7383
N70400 X-0.1668 Y0.7322
N70405 X-0.1553 Y0.7256
N70410 X-0.1432 Y0.7194
N70415 X-0.1278 Y0.7125
N70420 X-0.1118 Y0.7062
N70425 X-0.0916 Y0.6993
N70430 X-0.069 Y0.6928
N70435 X-0.043 Y0.6867
N70440 X-0.0139 Y0.6814
N70445 X0.0153 Y0.6775
N70450 X0.0425 Y0.6752
N70455 X0.0654 Y0.6744
N70460 X0.0858 Y0.6747
N70465 X0.1034 Y0.6758
N70470 X0.1189 Y0.6775
N70475 X0.1309 Y0.6794
N70480 X0.1429 Y0.682
N70485 X0.1519 Y0.6843
N70490 X0.1616 Y0.6874
N70495 X0.1697 Y0.6904
N70500 X0.1768 Y0.6934
N70505 X0.1897 Y0.7011
N70510 X0.2011 Y0.711
N70515 X0.2106 Y0.7226
N70520 X0.2179 Y0.7357
N70525 X0.2228 Y0.7499
N70530 X0.2251 Y0.7648
N70535 X0.2272 Y0.7806
N70540 X0.2283 Y0.7885
N70545 X0.2297 Y0.7977
N70550 G3 X0.2092 Y0.824 Z-0.1339 I-0.0234 J0.0029
N70555 G1 X0.2069 Y0.8242
N70560 X-0.2074 Y0.8347
N70565 X-0.2111 Y0.8345
N70570 G3 X-0.2314 Y0.808 Z-0.1417 I0.0031 J-0.0234
N70575 G1 X-0.2308 Y0.8044
N70580 X-0.2283 Y0.7885
N70585 X-0.2272 Y0.7806
N70590 X-0.2266 Y0.7763
N70595 X-0.2256 Y0.7704
N70600 X-0.224 Y0.7648
N70605 X-0.222 Y0.7592
N70610 X-0.2195 Y0.7538
N70615 X-0.2167 Y0.7486
N70620 X-0.2136 Y0.7436
N70625 X-0.2101 Y0.7385
N70630 X-0.2062 Y0.7334
N70635 X-0.2016 Y0.7279
N70640 X-0.1962 Y0.7222
N70645 X-0.1902 Y0.7163
N70650 X-0.183 Y0.71
N70655 X-0.1753 Y0.7039
N70660 X-0.1659 Y0.6971
N70665 X-0.1559 Y0.6905
N70670 X-0.144 Y0.6836
N70675 X-0.1306 Y0.6766
N70680 X-0.1156 Y0.6697
N70685 X-0.0976 Y0.6625
N70690 X-0.0789 Y0.656
N70695 X-0.0575 Y0.6498
N70700 X-0.0342 Y0.6442
N70705 X-0.0104 Y0.6396
N70710 X0.0132 Y0.6364
N70715 X0.0359 Y0.6343
N70720 X0.0572 Y0.6334
N70725 X0.076 Y0.6336
N70730 X0.0931 Y0.6345
N70735 X0.1091 Y0.6362
N70740 X0.1231 Y0.6384
N70745 X0.1339 Y0.6406
N70750 X0.1452 Y0.6435
N70755 X0.154 Y0.6462
N70760 X0.1624 Y0.6492
N70765 X0.1708 Y0.6528
N70770 X0.1775 Y0.656
N70775 X0.1789 Y0.6567
N70780 X0.1918 Y0.6652
N70785 X0.203 Y0.676
N70790 X0.2122 Y0.6885
N70795 X0.2189 Y0.7025
N70800 X0.223 Y0.7175
N70805 X0.2244 Y0.7329
N70810 X0.2246 Y0.7568
N70815 X0.2251 Y0.7648
N70820 G3 X0.2024 Y0.7892 Z-0.1339 I-0.0236 J0.0009
N70825 G1 X0.2023
N70830 X-0.2023 Y0.802
N70835 X-0.2053 Y0.8019
N70840 G3 X-0.2266 Y0.7763 Z-0.1417 I0.0022 J-0.0235
N70845 G1 X-0.2252 Y0.7648
N70850 X-0.2246 Y0.7568
N70855 X-0.2245 Y0.7489
N70860 X-0.2242 Y0.743
N70865 X-0.2233 Y0.7372
N70870 X-0.2218 Y0.7315
N70875 X-0.2199 Y0.7259
N70880 X-0.2177 Y0.7204
N70885 X-0.215 Y0.7151
N70890 X-0.2121 Y0.71
N70895 X-0.2088 Y0.7048
N70900 X-0.2049 Y0.6992
N70905 X-0.2005 Y0.6935
N70910 X-0.1951 Y0.6873
N70915 X-0.1894 Y0.6812
N70920 X-0.1825 Y0.6747
N70925 X-0.1747 Y0.668
N70930 X-0.166 Y0.6611
N70935 X-0.1558 Y0.6539
N70940 X-0.1449 Y0.647
N70945 X-0.1323 Y0.6397
N70950 X-0.1178 Y0.6324
N70955 X-0.1026 Y0.6256
N70960 X-0.0853 Y0.6188
N70965 X-0.0663 Y0.6124
N70970 X-0.046 Y0.6066
N70975 X-0.0251 Y0.6018
N70980 X-0.004 Y0.598
N70985 X0.0168 Y0.5953
N70990 X0.037 Y0.5937
N70995 X0.0564 Y0.593
N71000 X0.0745 Y0.5933
N71005 X0.0912 Y0.5944
N71010 X0.1062 Y0.5961
N71015 X0.1203 Y0.5985
N71020 X0.1324 Y0.6011
N71025 X0.1428 Y0.6038
N71030 X0.1533 Y0.6071
N71035 X0.1612 Y0.6101
N71040 X0.1696 Y0.6137
N71045 X0.1773 Y0.6175
N71050 X0.1796 Y0.6187
N71055 X0.1923 Y0.6273
N71060 X0.2034 Y0.638
N71065 X0.2124 Y0.6505
N71070 X0.219 Y0.6644
N71075 X0.223 Y0.6793
N71080 X0.2244 Y0.6946
N71085 Y0.7329
N71090 G3 X0.2018 Y0.7557 Z-0.1342 I-0.0236 J-0.0008
N71095 G1 X0.2 Y0.7558 Z-0.1339
N71100 X-0.2 Y0.7719
N71105 X-0.2003
N71110 G3 X-0.2245 Y0.7489 Z-0.1417 I-0.0006 J-0.0236
N71115 G1 X-0.2244 Y0.7331
N71120 Y0.7172
N71125 X-0.2241 Y0.7113
N71130 X-0.2235 Y0.7055
N71135 X-0.2223 Y0.6997
N71140 X-0.2206 Y0.694
N71145 X-0.2186 Y0.6885
N71150 X-0.2162 Y0.683
N71155 X-0.2136 Y0.6778
N71160 X-0.2104 Y0.6722
N71165 X-0.2068 Y0.6666
N71170 X-0.2026 Y0.6606
N71175 X-0.1977 Y0.6543
N71180 X-0.1922 Y0.648
N71185 X-0.1857 Y0.6411
N71190 X-0.1785 Y0.6343
N71195 X-0.1704 Y0.6273
N71200 X-0.1609 Y0.6198
N71205 X-0.1508 Y0.6127
N71210 X-0.1392 Y0.6053
N71215 X-0.126 Y0.5978
N71220 X-0.112 Y0.5907
N71225 X-0.0967 Y0.5839
N71230 X-0.0798 Y0.5773
N71235 X-0.0617 Y0.5712
N71240 X-0.0427 Y0.5658
N71245 X-0.0232 Y0.5613
N71250 X-0.0034 Y0.5578
N71255 X0.0162 Y0.5553
N71260 X0.0354 Y0.5537
N71265 X0.054 Y0.5532
N71270 X0.0717 Y0.5535
N71275 X0.0884 Y0.5546
N71280 X0.1035 Y0.5563
N71285 X0.1176 Y0.5586
N71290 X0.1306 Y0.5615
N71295 X0.141 Y0.5642
N71300 X0.1521 Y0.5678
N71305 X0.1605 Y0.5709
N71310 X0.1687 Y0.5745
N71315 X0.1769 Y0.5785
N71320 X0.1833 Y0.582
N71325 X0.1951 Y0.5907
N71330 X0.2052 Y0.6013
N71335 X0.2134 Y0.6135
N71340 X0.2195 Y0.6269
N71345 X0.2232 Y0.6411
N71350 X0.2244 Y0.6557
N71355 Y0.6946
N71360 G3 X0.2021 Y0.7174 Z-0.1343 I-0.0236 J-0.0008
N71365 G1 X0.2 Y0.7175 Z-0.1339
N71370 X-0.1995 Y0.74
N71375 X-0.2
N71380 G3 X-0.2244 Y0.7172 Z-0.1417 I-0.0008 J-0.0236
N71385 G1 Y0.6812
N71390 X-0.2241 Y0.6753
N71395 X-0.2234 Y0.6694
N71400 X-0.2223 Y0.6636
N71405 X-0.2207 Y0.6579
N71410 X-0.2187 Y0.6524
N71415 X-0.2164 Y0.6469
N71420 X-0.2138 Y0.6414
N71425 X-0.2108 Y0.6359
N71430 X-0.2072 Y0.63
N71435 X-0.2029 Y0.6238
N71440 X-0.1982 Y0.6175
N71445 X-0.1925 Y0.6106
N71450 X-0.1862 Y0.6039
N71455 X-0.1791 Y0.5968
N71460 X-0.1707 Y0.5893
N71465 X-0.1619 Y0.5822
N71470 X-0.1517 Y0.5747
N71475 X-0.1401 Y0.567
N71480 X-0.1279 Y0.5598
N71485 X-0.1144 Y0.5526
N71490 X-0.0994 Y0.5456
N71495 X-0.0832 Y0.5389
N71500 X-0.066 Y0.5329
N71505 X-0.0482 Y0.5275
N71510 X-0.0298 Y0.5229
N71515 X-0.0109 Y0.5192
N71520 X0.0083 Y0.5164
N71525 X0.0274 Y0.5145
N71530 X0.0459 Y0.5136
N71535 X0.0637
N71540 X0.0803 Y0.5144
N71545 X0.0964 Y0.516
N71550 X0.1112 Y0.5182
N71555 X0.1249 Y0.5209
N71560 X0.1373 Y0.524
N71565 X0.1471 Y0.5269
N71570 X0.1574 Y0.5306
N71575 X0.1655 Y0.5339
N71580 X0.1734 Y0.5376
N71585 X0.1811 Y0.5417
N71590 X0.182 Y0.5422
N71595 X0.1941 Y0.5509
N71600 X0.2046 Y0.5616
N71605 X0.2131 Y0.5738
N71610 X0.2193 Y0.5874
N71615 X0.2231 Y0.6018
N71620 X0.2244 Y0.6167
N71625 Y0.6557
N71630 G3 X0.2023 Y0.6785 Z-0.1343 I-0.0236 J-0.0008
N71635 G1 X0.2 Y0.6786 Z-0.1339
N71640 X-0.1993 Y0.7039
N71645 X-0.2
N71650 G3 X-0.2244 Y0.6812 Z-0.1417 I-0.0008 J-0.0236
N71655 G1 Y0.6435
N71660 X-0.2241 Y0.6376
N71665 X-0.2234 Y0.6317
N71670 X-0.2223 Y0.6259
N71675 X-0.2207 Y0.6203
N71680 X-0.2188 Y0.6147
N71685 X-0.2165 Y0.6092
N71690 X-0.2139 Y0.6037
N71695 X-0.2108 Y0.598
N71700 X-0.2073 Y0.592
N71705 X-0.2029 Y0.5856
N71710 X-0.1982 Y0.5792
N71715 X-0.1926 Y0.5723
N71720 X-0.1862 Y0.5652
N71725 X-0.1792 Y0.5582
N71730 X-0.1709 Y0.5507
N71735 X-0.1618 Y0.5432
N71740 X-0.152 Y0.5358
N71745 X-0.1407 Y0.5282
N71750 X-0.1281 Y0.5206
N71755 X-0.115 Y0.5135
N71760 X-0.1007 Y0.5067
N71765 X-0.0851 Y0.5002
N71770 X-0.0684 Y0.4941
N71775 X-0.0509 Y0.4886
N71780 X-0.0327 Y0.484
N71785 X-0.0141 Y0.4801
N71790 X0.0046 Y0.4772
N71795 X0.0232 Y0.4753
N71800 X0.0416 Y0.4742
N71805 X0.0594 Y0.4741
N71810 X0.0767 Y0.4748
N71815 X0.0929 Y0.4762
N71820 X0.108 Y0.4783
N71825 X0.1218 Y0.4809
N71830 X0.1347 Y0.484
N71835 X0.1448 Y0.487
N71840 X0.1555 Y0.4907
N71845 X0.1637 Y0.494
N71850 X0.1719 Y0.4977
N71855 X0.1798 Y0.5018
N71860 X0.1814 Y0.5027
N71865 X0.1937 Y0.5114
N71870 X0.2043 Y0.5221
N71875 X0.2129 Y0.5344
N71880 X0.2192 Y0.5481
N71885 X0.2231 Y0.5626
N71890 X0.2244 Y0.5776
N71895 Y0.6167
N71900 G3 X0.2024 Y0.6394 Z-0.1344 I-0.0236 J-0.0008
N71905 G1 X0.2 Y0.6396 Z-0.1339
N71910 X-0.1992 Y0.6662
N71915 X-0.2 Y0.6663
N71920 G3 X-0.2244 Y0.6435 Z-0.1417 I-0.0008 J-0.0236
N71925 G1 Y0.6039
N71930 X-0.2241 Y0.598
N71935 X-0.2233 Y0.5921
N71940 X-0.2221 Y0.5863
N71945 X-0.2204 Y0.5807
N71950 X-0.2185 Y0.5751
N71955 X-0.2162 Y0.5697
N71960 X-0.2135 Y0.5641
N71965 X-0.2103 Y0.5581
N71970 X-0.2066 Y0.5521
N71975 X-0.2022 Y0.5455
N71980 X-0.1972 Y0.5389
N71985 X-0.1915 Y0.532
N71990 X-0.1848 Y0.5247
N71995 X-0.1776 Y0.5176
N72000 X-0.1694 Y0.5102
N72005 X-0.16 Y0.5025
N72010 X-0.1499 Y0.4951
N72015 X-0.1388 Y0.4877
N72020 X-0.1264 Y0.4802
N72025 X-0.1127 Y0.4729
N72030 X-0.0982 Y0.4661
N72035 X-0.0829 Y0.4598
N72040 X-0.0665 Y0.4539
N72045 X-0.0492 Y0.4486
N72050 X-0.0312 Y0.4441
N72055 X-0.0128 Y0.4404
N72060 X0.0059 Y0.4376
N72065 X0.0245 Y0.4357
N72070 X0.0429 Y0.4348
N72075 X0.0608 Y0.4347
N72080 X0.0781 Y0.4355
N72085 X0.0941 Y0.437
N72090 X0.1089 Y0.4392
N72095 X0.1228 Y0.4419
N72100 X0.1354 Y0.445
N72105 X0.1457 Y0.448
N72110 X0.1563 Y0.4517
N72115 X0.1643 Y0.455
N72120 X0.1728 Y0.4589
N72125 X0.1803 Y0.4629
N72130 X0.1818 Y0.4638
N72135 X0.194 Y0.4724
N72140 X0.2045 Y0.4831
N72145 X0.213 Y0.4954
N72150 X0.2193 Y0.509
N72155 X0.2231 Y0.5235
N72160 X0.2244 Y0.5384
N72165 Y0.5776
N72170 G3 X0.2023 Y0.6003 Z-0.1344 I-0.0236 J-0.0008
N72175 G1 X0.2 Y0.6005 Z-0.1339
N72180 X-0.1993 Y0.6266
N72185 X-0.2 Y0.6267
N72190 G3 X-0.2244 Y0.6039 Z-0.1417 I-0.0008 J-0.0236
N72195 G1 Y0.5666
N72200 X-0.2241 Y0.5607
N72205 X-0.2235 Y0.5549
N72210 X-0.2224 Y0.5491
N72215 X-0.2209 Y0.5434
N72220 X-0.219 Y0.5378
N72225 X-0.2168 Y0.5323
N72230 X-0.2143 Y0.5266
N72235 X-0.2113 Y0.521
N72240 X-0.2077 Y0.5148
N72245 X-0.2036 Y0.5085
N72250 X-0.1989 Y0.5019
N72255 X-0.1933 Y0.4949
N72260 X-0.1872 Y0.488
N72265 X-0.1801 Y0.4807
N72270 X-0.172 Y0.4731
N72275 X-0.1633 Y0.4657
N72280 X-0.1535 Y0.4583
N72285 X-0.1425 Y0.4506
N72290 X-0.1305 Y0.4432
N72295 X-0.1179 Y0.4361
N72300 X-0.1039 Y0.4292
N72305 X-0.0887 Y0.4226
N72310 X-0.0725 Y0.4165
N72315 X-0.0555 Y0.411
N72320 X-0.0379 Y0.4062
N72325 X-0.0198 Y0.4022
N72330 X-0.0013 Y0.3991
N72335 X0.0174 Y0.3969
N72340 X0.0358 Y0.3956
N72345 X0.0538 Y0.3952
N72350 X0.0711 Y0.3957
N72355 X0.0874 Y0.3969
N72360 X0.1031 Y0.3989
N72365 X0.1175 Y0.4014
N72370 X0.1308 Y0.4044
N72375 X0.1415 Y0.4074
N72380 X0.1525 Y0.411
N72385 X0.1614 Y0.4145
N72390 X0.1693 Y0.418
N72395 X0.1777 Y0.4222
N72400 X0.1826 Y0.425
N72405 X0.1954 Y0.4339
N72410 X0.2063 Y0.445
N72415 X0.2149 Y0.458
N72420 X0.2209 Y0.4724
N72425 X0.2242 Y0.4877
N72430 X0.2245 Y0.5032
N72435 X0.2244 Y0.527
N72440 Y0.5384
N72445 G3 X0.2025 Y0.5611 Z-0.1344 I-0.0236 J-0.0008
N72450 G1 X0.2 Y0.5613 Z-0.1339
N72455 X-0.1991 Y0.5894
N72460 X-0.2
N72465 G3 X-0.2244 Y0.5666 Z-0.1417 I-0.0008 J-0.0236
N72470 G1 Y0.527
N72475 X-0.2241 Y0.5211
N72480 X-0.2235 Y0.5153
N72485 X-0.2224 Y0.5095
N72490 X-0.2208 Y0.5038
N72495 X-0.2189 Y0.4982
N72500 X-0.2167 Y0.4927
N72505 X-0.2142 Y0.4871
N72510 X-0.2111 Y0.4812
N72515 X-0.2076 Y0.4752
N72520 X-0.2033 Y0.4687
N72525 X-0.1985 Y0.4621
N72530 X-0.193 Y0.4552
N72535 X-0.1866 Y0.4479
N72540 X-0.1796 Y0.4408
N72545 X-0.1717 Y0.4334
N72550 X-0.1627 Y0.4258
N72555 X-0.1528 Y0.4183
N72560 X-0.1421 Y0.4109
N72565 X-0.1301 Y0.4035
N72570 X-0.1169 Y0.3961
N72575 X-0.1028 Y0.3892
N72580 X-0.088 Y0.3828
N72585 X-0.0721 Y0.3768
N72590 X-0.0552 Y0.3714
N72595 X-0.0375 Y0.3667
N72600 X-0.0193 Y0.3627
N72605 X-0.0008 Y0.3596
N72610 X0.0177 Y0.3575
N72615 X0.0361 Y0.3562
N72620 X0.0542 Y0.3559
N72625 X0.0717 Y0.3564
N72630 X0.0883 Y0.3577
N72635 X0.1036 Y0.3597
N72640 X0.1178 Y0.3622
N72645 X0.1312 Y0.3652
N72650 X0.1423 Y0.3683
N72655 X0.1537 Y0.3722
N72660 X0.1628 Y0.3757
N72665 X0.1706 Y0.3792
N72670 X0.1791 Y0.3835
N72675 X0.1858 Y0.3873
N72680 X0.1881 Y0.3887
N72685 X0.1992 Y0.3971
N72690 X0.2089 Y0.4072
N72695 X0.2168 Y0.4187
N72700 X0.2228 Y0.4314
N72705 X0.2266 Y0.4448
N72710 X0.2283 Y0.4587
N72715 X0.2276 Y0.4726
N72720 X0.2268 Y0.4795
N72725 X0.2251 Y0.4953
N72730 X0.2245 Y0.5032
N72735 G3 X0.2025 Y0.5243 Z-0.1347 I-0.0235 J-0.0025
N72740 G1 X0.1985 Y0.5245 Z-0.1339
N72745 X-0.1993 Y0.5497
N72750 X-0.1999
N72755 G3 X-0.2244 Y0.527 Z-0.1417 I-0.0009 J-0.0236
N72760 G1 X-0.2245 Y0.5032
N72765 X-0.2251 Y0.4953
N72770 X-0.2252 Y0.4941
N72775 X-0.2255 Y0.4882
N72780 X-0.2253 Y0.4823
N72785 X-0.2246 Y0.4765
N72790 X-0.2234 Y0.4707
N72795 X-0.2219 Y0.465
N72800 X-0.2199 Y0.4594
N72805 X-0.2177 Y0.4539
N72810 X-0.2151 Y0.4482
N72815 X-0.2119 Y0.4423
N72820 X-0.2083 Y0.4361
N72825 X-0.204 Y0.4294
N72830 X-0.1992 Y0.4228
N72835 X-0.1935 Y0.4159
N72840 X-0.187 Y0.4085
N72845 X-0.18 Y0.4013
N72850 X-0.1719 Y0.3938
N72855 X-0.1627 Y0.3861
N72860 X-0.1528 Y0.3786
N72865 X-0.142 Y0.3712
N72870 X-0.1299 Y0.3638
N72875 X-0.1166 Y0.3565
N72880 X-0.1025 Y0.3496
N72885 X-0.0877 Y0.3432
N72890 X-0.0717 Y0.3372
N72895 X-0.0548 Y0.3318
N72900 X-0.0371 Y0.3271
N72905 X-0.0189 Y0.3232
N72910 X-0.0003 Y0.3202
N72915 X0.0183 Y0.318
N72920 X0.0368 Y0.3168
N72925 X0.0548 Y0.3165
N72930 X0.0723 Y0.3171
N72935 X0.089 Y0.3184
N72940 X0.1045 Y0.3205
N72945 X0.1188 Y0.323
N72950 X0.1323 Y0.3262
N72955 X0.1444 Y0.3296
N72960 X0.1547 Y0.333
N72965 X0.1648 Y0.337
N72970 X0.1727 Y0.3405
N72975 X0.1812 Y0.3448
N72980 X0.1881 Y0.3488
N72985 X0.1946 Y0.3529
N72990 X0.1976 Y0.3551
N72995 X0.2088 Y0.3645
N73000 X0.2182 Y0.3756
N73005 X0.2256 Y0.3882
N73010 X0.2308 Y0.4018
N73015 X0.2337 Y0.4161
N73020 X0.2341 Y0.4307
N73025 X0.232 Y0.4451
N73030 X0.2314 Y0.4478
N73035 X0.23 Y0.4557
N73040 X0.2276 Y0.4726
N73045 G3 X0.2056 Y0.4925 Z-0.1349 I-0.0233 J-0.0038
N73050 G1 X0.2006 Y0.4927 Z-0.1339
N73055 X-0.1985 Y0.5143
N73060 X-0.2006 Y0.5144 Z-0.1343
N73065 G3 X-0.2252 Y0.4941 Z-0.1417 I-0.0013 J-0.0236
N73070 G1 X-0.2268 Y0.4795
N73075 X-0.2278 Y0.4715
N73080 X-0.2292 Y0.4612
N73085 X-0.2297 Y0.4553
N73090 Y0.4494
N73095 X-0.2291 Y0.4436
N73100 X-0.2281 Y0.4377
N73105 X-0.2267 Y0.432
N73110 X-0.2249 Y0.4264
N73115 X-0.2229 Y0.4208
N73120 X-0.2205 Y0.4152
N73125 X-0.2175 Y0.4091
N73130 X-0.2141 Y0.4029
N73135 X-0.2101 Y0.3964
N73140 X-0.2054 Y0.3894
N73145 X-0.2001 Y0.3825
N73150 X-0.1941 Y0.3753
N73155 X-0.1871 Y0.3676
N73160 X-0.1795 Y0.3602
N73165 X-0.171 Y0.3526
N73170 X-0.1614 Y0.3448
N73175 X-0.1507 Y0.337
N73180 X-0.1394 Y0.3295
N73185 X-0.127 Y0.3222
N73190 X-0.1133 Y0.3149
N73195 X-0.0984 Y0.308
N73200 X-0.0827 Y0.3016
N73205 X-0.0664 Y0.2958
N73210 X-0.0492 Y0.2907
N73215 X-0.0313 Y0.2862
N73220 X-0.0129 Y0.2826
N73225 X0.0058 Y0.2799
N73230 X0.0246 Y0.2781
N73235 X0.0432 Y0.2772
N73240 X0.0613
N73245 X0.0787 Y0.2781
N73250 X0.0949 Y0.2797
N73255 X0.1103 Y0.282
N73260 X0.1247 Y0.2848
N73265 X0.1382 Y0.2882
N73270 X0.1505 Y0.2919
N73275 X0.161 Y0.2956
N73280 X0.1713 Y0.2999
N73285 X0.1801 Y0.304
N73290 X0.1876 Y0.308
N73295 X0.1956 Y0.3128
N73300 X0.202 Y0.317
N73305 X0.2081 Y0.3215
N73310 X0.2144 Y0.3266
N73315 X0.2194 Y0.331
N73320 X0.2201 Y0.3318
N73325 X0.2294 Y0.3426
N73330 X0.2367 Y0.3549
N73335 X0.2418 Y0.3681
N73340 X0.2446 Y0.3821
N73345 X0.245 Y0.3963
N73350 X0.2431 Y0.4104
N73355 X0.2388 Y0.424
N73360 X0.2358 Y0.4319
N73365 X0.2332 Y0.4398
N73370 X0.232 Y0.4451
N73375 G3 X0.2102 Y0.4626 Z-0.1354 I-0.0228 J-0.0061
N73380 G1 X0.2099 Z-0.1353
N73385 X0.2031 Y0.4629 Z-0.1339
N73390 X-0.2019 Y0.4806
N73395 X-0.2049 Y0.4807 Z-0.1345
N73400 G3 X-0.2292 Y0.4612 Z-0.1417 I-0.001 J-0.0236
N73405 G1 X-0.23 Y0.4557
N73410 X-0.2314 Y0.4478
N73415 X-0.2332 Y0.4398
N73420 X-0.2338 Y0.4381
N73425 X-0.2353 Y0.4324
N73430 X-0.2362 Y0.4266
N73435 X-0.2365 Y0.4207
N73440 X-0.2362 Y0.4148
N73445 X-0.2355 Y0.4089
N73450 X-0.2344 Y0.4031
N73455 X-0.233 Y0.3974
N73460 X-0.2312 Y0.3917
N73465 X-0.2291 Y0.386
N73470 X-0.2265 Y0.3799
N73475 X-0.2235 Y0.3737
N73480 X-0.2198 Y0.367
N73485 X-0.2156 Y0.3601
N73490 X-0.2108 Y0.3531
N73495 X-0.2052 Y0.3456
N73500 X-0.1989 Y0.3381
N73505 X-0.192 Y0.3305
N73510 X-0.184 Y0.3226
N73515 X-0.175 Y0.3146
N73520 X-0.1654 Y0.3068
N73525 X-0.1547 Y0.2989
N73530 X-0.1428 Y0.291
N73535 X-0.1297 Y0.2833
N73540 X-0.116 Y0.2761
N73545 X-0.1014 Y0.2692
N73550 X-0.0856 Y0.2627
N73555 X-0.0688 Y0.2568
N73560 X-0.0512 Y0.2514
N73565 X-0.0329 Y0.2469
N73570 X-0.0142 Y0.2432
N73575 X0.0048 Y0.2404
N73580 X0.0236 Y0.2386
N73585 X0.0423 Y0.2377
N73590 X0.0605
N73595 X0.0782 Y0.2385
N73600 X0.0953 Y0.2402
N73605 X0.1114 Y0.2426
N73610 X0.1263 Y0.2455
N73615 X0.1401 Y0.2489
N73620 X0.1531 Y0.2528
N73625 X0.1653 Y0.2572
N73630 X0.1765 Y0.2618
N73635 X0.1869 Y0.2666
N73640 X0.1953 Y0.2711
N73645 X0.204 Y0.2762
N73650 X0.2112 Y0.281
N73655 X0.2175 Y0.2856
N73660 X0.2243 Y0.2911
N73665 X0.2296 Y0.2959
N73670 X0.2346 Y0.3008
N73675 X0.2356 Y0.3019
N73680 X0.2446 Y0.3135
N73685 X0.2514 Y0.3264
N73690 X0.2561 Y0.3404
N73695 X0.2582 Y0.3549
N73700 X0.258 Y0.3695
N73705 X0.2552 Y0.384
N73710 X0.25 Y0.3977
N73715 X0.2488 Y0.4002
N73720 X0.2453 Y0.4081
N73725 X0.2388 Y0.424
N73730 G3 X0.2181 Y0.4378 Z-0.1362 I-0.0215 J-0.0098
N73735 G1 X0.214 Y0.438 Z-0.1353
N73740 X0.2072 Y0.4382 Z-0.1339
N73745 X-0.2034 Y0.4534
N73750 X-0.2102 Y0.4536 Z-0.1353
N73755 X-0.2107 Y0.4537 Z-0.1354
N73760 G3 X-0.2338 Y0.4381 Z-0.1417 I-0.0009 J-0.0236
N73765 G1 X-0.2358 Y0.4319
N73770 X-0.2388 Y0.424
N73775 X-0.2426 Y0.4147
N73780 X-0.2446 Y0.4092
N73785 X-0.2459 Y0.4034
N73790 X-0.2466 Y0.3976
N73795 X-0.2468 Y0.3917
N73800 X-0.2466 Y0.3858
N73805 X-0.2459 Y0.3799
N73810 X-0.2449 Y0.3741
N73815 X-0.2436 Y0.3683
N73820 X-0.2419 Y0.3626
N73825 X-0.2399 Y0.3566
N73830 X-0.2374 Y0.3501
N73835 X-0.2344 Y0.3435
N73840 X-0.2309 Y0.3367
N73845 X-0.2267 Y0.3293
N73850 X-0.2219 Y0.3219
N73855 X-0.2165 Y0.3144
N73860 X-0.2102 Y0.3064
N73865 X-0.2031 Y0.2982
N73870 X-0.1954 Y0.2902
N73875 X-0.1867 Y0.282
N73880 X-0.1768 Y0.2736
N73885 X-0.1661 Y0.2652
N73890 X-0.1547 Y0.2573
N73895 X-0.1421 Y0.2493
N73900 X-0.1282 Y0.2415
N73905 X-0.1132 Y0.234
N73910 X-0.0973 Y0.2269
N73915 X-0.0808 Y0.2206
N73920 X-0.0634 Y0.2149
N73925 X-0.0452 Y0.2098
N73930 X-0.0264 Y0.2056
N73935 X-0.0073 Y0.2023
N73940 X0.0121 Y0.1998
N73945 X0.0315 Y0.1984
N73950 X0.0506 Y0.1979
N73955 X0.0693 Y0.1983
N73960 X0.0873 Y0.1996
N73965 X0.1043 Y0.2016
N73970 X0.1206 Y0.2044
N73975 X0.1361 Y0.2078
N73980 X0.1507 Y0.2118
N73985 X0.1644 Y0.2162
N73990 X0.1769 Y0.221
N73995 X0.1885 Y0.226
N74000 X0.1993 Y0.2314
N74005 X0.209 Y0.2368
N74010 X0.217 Y0.2418
N74015 X0.2254 Y0.2476
N74020 X0.2318 Y0.2525
N74025 X0.2383 Y0.258
N74030 X0.2443 Y0.2637
N74035 X0.2491 Y0.2687
N74040 X0.2542 Y0.2744
N74045 X0.2588 Y0.2802
N74050 X0.2597 Y0.2815
N74055 X0.2671 Y0.2939
N74060 X0.2722 Y0.3074
N74065 X0.2749 Y0.3216
N74070 X0.2751 Y0.336
N74075 X0.2727 Y0.3503
N74080 X0.2679 Y0.3639
N74085 X0.2608 Y0.3764
N74090 G3 X0.2431 Y0.3871 Z-0.1372 I-0.0198 J-0.0129
N74095 G1 X0.2343 Y0.3879 Z-0.1353
N74100 X0.2275 Y0.3885 Z-0.1339
N74105 X-0.211 Y0.4278
N74110 X-0.2179 Y0.4284 Z-0.1353
N74115 X-0.219 Y0.4285 Z-0.1355
N74120 G3 X-0.2426 Y0.4147 Z-0.1417 I-0.0021 J-0.0235
N74125 G1 X-0.2453 Y0.4081
N74130 X-0.2488 Y0.4002
N74135 X-0.2532 Y0.391
N74140 X-0.2555 Y0.3855
N74145 X-0.2572 Y0.3799
N74150 X-0.2583 Y0.3741
N74155 X-0.2589 Y0.3682
N74160 X-0.259 Y0.3623
N74165 X-0.2587 Y0.3564
N74170 X-0.2581 Y0.3505
N74175 X-0.2572 Y0.3447
N74180 X-0.2559 Y0.3388
N74185 X-0.2542 Y0.3327
N74190 X-0.2521 Y0.3263
N74195 X-0.2495 Y0.3195
N74200 X-0.2465 Y0.3125
N74205 X-0.2429 Y0.3052
N74210 X-0.2386 Y0.2975
N74215 X-0.2336 Y0.2896
N74220 X-0.2281 Y0.2817
N74225 X-0.2218 Y0.2733
N74230 X-0.2144 Y0.2647
N74235 X-0.2065 Y0.2563
N74240 X-0.1977 Y0.2477
N74245 X-0.1877 Y0.2389
N74250 X-0.1766 Y0.23
N74255 X-0.1648 Y0.2215
N74260 X-0.152 Y0.2133
N74265 X-0.138 Y0.2051
N74270 X-0.1229 Y0.1973
N74275 X-0.1067 Y0.1899
N74280 X-0.0895 Y0.183
N74285 X-0.0717 Y0.1769
N74290 X-0.0533 Y0.1715
N74295 X-0.0342 Y0.167
N74300 X-0.0146 Y0.1633
N74305 X0.0054 Y0.1605
N74310 X0.0254 Y0.1588
N74315 X0.0453 Y0.158
N74320 X0.0647 Y0.1581
N74325 X0.0836 Y0.1592
N74330 X0.1018 Y0.1612
N74335 X0.1193 Y0.1639
N74340 X0.136 Y0.1673
N74345 X0.1519 Y0.1715
N74350 X0.167 Y0.1761
N74355 X0.1809 Y0.1812
N74360 X0.1936 Y0.1865
N74365 X0.2054 Y0.1922
N74370 X0.2165 Y0.1982
N74375 X0.2266 Y0.2044
N74380 X0.236 Y0.2107
N74385 X0.2438 Y0.2165
N74390 X0.2513 Y0.2227
N74395 X0.2581 Y0.2289
N74400 X0.2635 Y0.2343
N74405 X0.2692 Y0.2406
N74410 X0.274 Y0.2465
N74415 X0.2779 Y0.2518
N74420 X0.2821 Y0.2581
N74425 X0.2887 Y0.2715
N74430 X0.2928 Y0.2858
N74435 X0.2944 Y0.3006
N74440 X0.2934 Y0.3154
N74445 X0.2899 Y0.3298
N74450 X0.2839 Y0.3435
N74455 X0.2757 Y0.3559
N74460 X0.272 Y0.3606
N74465 X0.2663 Y0.3685
N74470 X0.2608 Y0.3764
N74475 G3 X0.2427 Y0.386 Z-0.1372 I-0.019 J-0.014
N74480 G1 X0.2337 Y0.3864 Z-0.1353
N74485 X0.2268 Y0.3866 Z-0.1339
N74490 X-0.221 Y0.4033
N74495 X-0.2278 Y0.4036 Z-0.1353
N74500 X-0.2314 Y0.4037 Z-0.1361
N74505 G3 X-0.2532 Y0.391 Z-0.1417 I-0.0009 J-0.0236
N74510 G1 X-0.2575 Y0.3819
N74515 X-0.2608 Y0.3764
N74520 X-0.2634 Y0.3727
N74525 X-0.2665 Y0.3677
N74530 X-0.269 Y0.3624
N74535 X-0.2709 Y0.3568
N74540 X-0.2722 Y0.351
N74545 X-0.273 Y0.3452
N74550 X-0.2734 Y0.3393
N74555 X-0.2735 Y0.3334
N74560 X-0.2731 Y0.3275
N74565 X-0.2724 Y0.3216
N74570 X-0.2715 Y0.3156
N74575 X-0.2701 Y0.3093
N74580 X-0.2683 Y0.3028
N74585 X-0.2661 Y0.2958
N74590 X-0.2633 Y0.2885
N74595 X-0.2601 Y0.2811
N74600 X-0.2563 Y0.2732
N74605 X-0.2517 Y0.265
N74610 X-0.2466 Y0.2567
N74615 X-0.2407 Y0.2481
N74620 X-0.2339 Y0.2392
N74625 X-0.2262 Y0.2301
N74630 X-0.2179 Y0.2212
N74635 X-0.2086 Y0.2121
N74640 X-0.1982 Y0.2028
N74645 X-0.1866 Y0.1935
N74650 X-0.1742 Y0.1846
N74655 X-0.1609 Y0.1758
N74660 X-0.1463 Y0.1673
N74665 X-0.1306 Y0.1591
N74670 X-0.1139 Y0.1514
N74675 X-0.0961 Y0.1442
N74680 X-0.0775 Y0.1377
N74685 X-0.0584 Y0.1321
N74690 X-0.0386 Y0.1273
N74695 X-0.0184 Y0.1234
N74700 X0.0022 Y0.1205
N74705 X0.023 Y0.1186
N74710 X0.0437 Y0.1177
N74715 X0.064 Y0.1178
N74720 X0.0839 Y0.1189
N74725 X0.1032 Y0.1209
N74730 X0.1218 Y0.1237
N74735 X0.1396 Y0.1273
N74740 X0.1566 Y0.1317
N74745 X0.1728 Y0.1366
N74750 X0.1881 Y0.1422
N74755 X0.2023 Y0.1481
N74760 X0.2153 Y0.1543
N74765 X0.2274 Y0.1608
N74770 X0.2386 Y0.1675
N74775 X0.249 Y0.1744
N74780 X0.2584 Y0.1814
N74785 X0.267 Y0.1884
N74790 X0.2737 Y0.1945
N74795 X0.2807 Y0.2015
N74800 X0.2864 Y0.2078
N74805 X0.2913 Y0.2137
N74810 X0.2964 Y0.2206
N74815 X0.3004 Y0.2266
N74820 X0.3039 Y0.2324
N74825 X0.3053 Y0.2349
N74830 X0.3112 Y0.2486
N74835 X0.3147 Y0.263
N74840 X0.3156 Y0.2779
N74845 X0.3141 Y0.2926
N74850 X0.31 Y0.3069
N74855 X0.3035 Y0.3203
N74860 X0.2948 Y0.3324
N74865 X0.291 Y0.3368
N74870 X0.2769 Y0.3544
N74875 X0.2757 Y0.3559
N74880 G3 X0.2586 Y0.3642 Z-0.1376 I-0.018 J-0.0153
N74885 G1 X0.2479 Y0.3645 Z-0.1353
N74890 X0.2411 Y0.3648 Z-0.1339
N74895 X-0.2294 Y0.3818
N74900 X-0.2362 Y0.382 Z-0.1353
N74905 X-0.2435 Y0.3823 Z-0.1369
N74910 G3 X-0.2634 Y0.3727 Z-0.1417 I-0.0009 J-0.0236
N74915 G1 X-0.2663 Y0.3685
N74920 X-0.272 Y0.3606
N74925 X-0.2773 Y0.3539
N74930 X-0.2807 Y0.3491
N74935 X-0.2836 Y0.344
N74940 X-0.2859 Y0.3385
N74945 X-0.2877 Y0.3329
N74950 X-0.2889 Y0.3271
N74955 X-0.2898 Y0.3213
N74960 X-0.2902 Y0.3154
N74965 X-0.2904 Y0.3095
N74970 X-0.2901 Y0.3036
N74975 X-0.2896 Y0.2976
N74980 X-0.2888 Y0.2914
N74985 X-0.2875 Y0.2847
N74990 X-0.2858 Y0.2777
N74995 X-0.2837 Y0.2704
N75000 X-0.281 Y0.2627
N75005 X-0.2778 Y0.2546
N75010 X-0.2741 Y0.2464
N75015 X-0.2697 Y0.2379
N75020 X-0.2644 Y0.2289
N75025 X-0.2585 Y0.2198
N75030 X-0.2519 Y0.2106
N75035 X-0.2443 Y0.2011
N75040 X-0.2357 Y0.1913
N75045 X-0.2263 Y0.1816
N75050 X-0.2161 Y0.172
N75055 X-0.2047 Y0.1623
N75060 X-0.1921 Y0.1526
N75065 X-0.1782 Y0.143
N75070 X-0.1635 Y0.1338
N75075 X-0.1479 Y0.1252
N75080 X-0.1312 Y0.1168
N75085 X-0.1133 Y0.1091
N75090 X-0.0945 Y0.1019
N75095 X-0.0748 Y0.0955
N75100 X-0.0544 Y0.0899
N75105 X-0.0334 Y0.0853
N75110 X-0.012 Y0.0817
N75115 X0.0096 Y0.0791
N75120 X0.0312 Y0.0775
N75125 X0.0526 Y0.0771
N75130 X0.0738 Y0.0776
N75135 X0.0945 Y0.0792
N75140 X0.1148 Y0.0817
N75145 X0.1344 Y0.0851
N75150 X0.1533 Y0.0894
N75155 X0.1712 Y0.0944
N75160 X0.1882 Y0.0999
N75165 X0.2041 Y0.106
N75170 X0.2189 Y0.1126
N75175 X0.2328 Y0.1196
N75180 X0.2457 Y0.1268
N75185 X0.2576 Y0.1343
N75190 X0.2683 Y0.1418
N75195 X0.2781 Y0.1494
N75200 X0.2872 Y0.1572
N75205 X0.2952 Y0.1647
N75210 X0.3018 Y0.1716
N75215 X0.3086 Y0.1794
N75220 X0.3136 Y0.1858
N75225 X0.3185 Y0.1926
N75230 X0.3231 Y0.1998
N75235 X0.3265 Y0.2058
N75240 X0.33 Y0.2125
N75245 X0.3312 Y0.2151
N75250 X0.336 Y0.2288
N75255 X0.3385 Y0.2431
N75260 X0.3386 Y0.2577
N75265 X0.3362 Y0.272
N75270 X0.3315 Y0.2857
N75275 X0.3246 Y0.2985
N75280 X0.3156 Y0.3099
N75285 X0.2972 Y0.3296
N75290 X0.2948 Y0.3324
N75295 G3 X0.2784 Y0.34 Z-0.1378 I-0.0174 J-0.016
N75300 G1 X0.2667 Y0.3405 Z-0.1353
N75305 X0.2599 Y0.3408 Z-0.1339
N75310 X-0.2427 Y0.3615
N75315 X-0.2495 Y0.3618 Z-0.1353
N75320 X-0.2583 Y0.3622 Z-0.1372
N75325 G3 X-0.2773 Y0.3539 Z-0.1417 I-0.001 J-0.0236
N75330 G1 X-0.291 Y0.3368
N75335 X-0.2942 Y0.3331
N75340 X-0.2978 Y0.3285
N75345 X-0.3008 Y0.3234
N75350 X-0.3032 Y0.318
N75355 X-0.3051 Y0.3124
N75360 X-0.3066 Y0.3067
N75365 X-0.3077 Y0.3009
N75370 X-0.3084 Y0.295
N75375 X-0.3088 Y0.2891
N75380 X-0.3089 Y0.2832
N75385 X-0.3086 Y0.2771
N75390 X-0.308 Y0.2705
N75395 X-0.3071 Y0.2638
N75400 X-0.3057 Y0.2566
N75405 X-0.3038 Y0.2488
N75410 X-0.3015 Y0.241
N75415 X-0.2987 Y0.2328
N75420 X-0.2952 Y0.2241
N75425 X-0.291 Y0.215
N75430 X-0.2863 Y0.206
N75435 X-0.2808 Y0.1965
N75440 X-0.2743 Y0.1866
N75445 X-0.2671 Y0.1766
N75450 X-0.2591 Y0.1666
N75455 X-0.2501 Y0.1563
N75460 X-0.2399 Y0.1459
N75465 X-0.2286 Y0.1353
N75470 X-0.2165 Y0.1252
N75475 X-0.2035 Y0.1152
N75480 X-0.1891 Y0.1052
N75485 X-0.1735 Y0.0955
N75490 X-0.1566 Y0.0862
N75495 X-0.1387 Y0.0773
N75500 X-0.1198 Y0.0691
N75505 X-0.1002 Y0.0618
N75510 X-0.0798 Y0.0552
N75515 X-0.0585 Y0.0494
N75520 X-0.0366 Y0.0446
N75525 X-0.0142 Y0.0409
N75530 X0.0085 Y0.0382
N75535 X0.0312 Y0.0366
N75540 X0.0539 Y0.0362
N75545 X0.0764 Y0.0368
N75550 X0.0985 Y0.0385
N75555 X0.1202 Y0.0413
N75560 X0.141 Y0.0449
N75565 X0.1609 Y0.0495
N75570 X0.1798 Y0.0547
N75575 X0.1979 Y0.0607
N75580 X0.2151 Y0.0674
N75585 X0.2313 Y0.0746
N75590 X0.2465 Y0.0822
N75595 X0.2606 Y0.0902
N75600 X0.2733 Y0.0983
N75605 X0.2852 Y0.1066
N75610 X0.296 Y0.115
N75615 X0.3059 Y0.1235
N75620 X0.3148 Y0.132
N75625 X0.3228 Y0.1403
N75630 X0.3294 Y0.1479
N75635 X0.3358 Y0.1561
N75640 X0.3411 Y0.1636
N75645 X0.3454 Y0.1704
N75650 X0.3499 Y0.1781
N75655 X0.3532 Y0.1847
N75660 X0.3542 Y0.1867
N75665 X0.359 Y0.2007
N75670 X0.3615 Y0.2152
N75675 X0.3614 Y0.23
N75680 X0.3589 Y0.2445
N75685 X0.3539 Y0.2584
N75690 X0.3466 Y0.2713
N75695 X0.3447 Y0.274
N75700 X0.3391 Y0.2813
N75705 X0.3209 Y0.3041
N75710 X0.3201 Y0.3051
N75715 X0.3156 Y0.3099
N75720 G3 X0.2999 Y0.3168 Z-0.138 I-0.0167 J-0.0167
N75725 G1 X0.2872 Y0.3173 Z-0.1353
N75730 X0.2804 Y0.3176 Z-0.1339
N75735 X-0.2593 Y0.3401
N75740 X-0.2661 Y0.3403 Z-0.1353
N75745 X-0.2758 Y0.3408 Z-0.1374
N75750 G3 X-0.2942 Y0.3331 Z-0.1417 I-0.001 J-0.0236
N75755 G1 X-0.2972 Y0.3296
N75760 X-0.3112 Y0.3146
N75765 X-0.315 Y0.3101
N75770 X-0.3183 Y0.3052
N75775 X-0.321 Y0.3
N75780 X-0.3233 Y0.2946
N75785 X-0.3251 Y0.2889
N75790 X-0.3266 Y0.2832
N75795 X-0.3276 Y0.2774
N75800 X-0.3284 Y0.2716
N75805 X-0.3288 Y0.2657
N75810 X-0.3289 Y0.2594
N75815 X-0.3287 Y0.253
N75820 X-0.3282 Y0.2461
N75825 X-0.3272 Y0.2387
N75830 X-0.3259 Y0.2311
N75835 X-0.3241 Y0.2231
N75840 X-0.3217 Y0.2146
N75845 X-0.3187 Y0.2057
N75850 X-0.3153 Y0.1967
N75855 X-0.311 Y0.1872
N75860 X-0.306 Y0.1772
N75865 X-0.3003 Y0.1672
N75870 X-0.2938 Y0.1569
N75875 X-0.2863 Y0.1463
N75880 X-0.2778 Y0.1354
N75885 X-0.2684 Y0.1244
N75890 X-0.2582 Y0.1136
N75895 X-0.2468 Y0.1027
N75900 X-0.234 Y0.0917
N75905 X-0.2201 Y0.0807
N75910 X-0.2049 Y0.0699
N75915 X-0.1889 Y0.0597
N75920 X-0.1718 Y0.05
N75925 X-0.1535 Y0.0407
N75930 X-0.1341 Y0.0319
N75935 X-0.1135 Y0.0239
N75940 X-0.092 Y0.0166
N75945 X-0.0697 Y0.0103
N75950 X-0.0468 Y0.005
N75955 X-0.0233 Y0.0007
N75960 X0.0005 Y-0.0024
N75965 X0.0244 Y-0.0043
N75970 X0.0484 Y-0.0051
N75975 X0.0722 Y-0.0047
N75980 X0.0956 Y-0.0032
N75985 X0.1185 Y-0.0006
N75990 X0.1408 Y0.003
N75995 X0.1624 Y0.0076
N76000 X0.1831 Y0.0131
N76005 X0.2031 Y0.0195
N76010 X0.2221 Y0.0266
N76015 X0.2398 Y0.0342
N76020 X0.2562 Y0.0422
N76025 X0.2716 Y0.0506
N76030 X0.286 Y0.0595
N76035 X0.2994 Y0.0687
N76040 X0.3117 Y0.078
N76045 X0.3227 Y0.0872
N76050 X0.3326 Y0.0964
N76055 X0.3417 Y0.1056
N76060 X0.3496 Y0.1145
N76065 X0.3559 Y0.1224
N76070 X0.3623 Y0.1311
N76075 X0.3669 Y0.1381
N76080 X0.3714 Y0.1457
N76085 X0.3727 Y0.1483
N76090 X0.3783 Y0.1615
N76095 X0.3817 Y0.1755
N76100 X0.3827 Y0.1899
N76105 X0.3813 Y0.2042
N76110 X0.3775 Y0.2181
N76115 X0.3715 Y0.2311
N76120 X0.3655 Y0.2417
N76125 X0.361 Y0.2496
N76130 X0.3505 Y0.2655
N76135 X0.3466 Y0.2713
N76140 G3 X0.3291 Y0.2808 Z-0.1374 I-0.019 J-0.014
N76145 G1 X0.3194 Y0.2814 Z-0.1353
N76150 X0.3126 Y0.2819 Z-0.1339
N76155 X-0.276 Y0.3204
N76160 X-0.2828 Y0.3208 Z-0.1353
N76165 X-0.2929 Y0.3215 Z-0.1375
N76170 G3 X-0.3112 Y0.3146 Z-0.1417 I-0.0015 J-0.0236
N76175 G1 X-0.3201 Y0.3051
N76180 X-0.3209 Y0.3041
N76185 X-0.3328 Y0.2893
N76190 X-0.3363 Y0.2845
N76195 X-0.3394 Y0.2795
N76200 X-0.342 Y0.2742
N76205 X-0.3441 Y0.2687
N76210 X-0.3459 Y0.263
N76215 X-0.3473 Y0.2573
N76220 X-0.3483 Y0.2515
N76225 X-0.349 Y0.2456
N76230 X-0.3494 Y0.2396
N76235 X-0.3496 Y0.233
N76240 X-0.3494 Y0.2263
N76245 X-0.3488 Y0.219
N76250 X-0.3478 Y0.2112
N76255 X-0.3464 Y0.2032
N76260 X-0.3445 Y0.1948
N76265 X-0.342 Y0.1857
N76270 X-0.3389 Y0.1764
N76275 X-0.3352 Y0.1668
N76280 X-0.3307 Y0.1567
N76285 X-0.3254 Y0.1461
N76290 X-0.3194 Y0.1355
N76295 X-0.3126 Y0.1247
N76300 X-0.3047 Y0.1135
N76305 X-0.2956 Y0.1018
N76310 X-0.2856 Y0.0901
N76315 X-0.2747 Y0.0787
N76320 X-0.2626 Y0.0671
N76325 X-0.2493 Y0.0555
N76330 X-0.2346 Y0.0439
N76335 X-0.2186 Y0.0326
N76340 X-0.2016 Y0.0217
N76345 X-0.1837 Y0.0114
N76350 X-0.1645 Y0.0017
N76355 X-0.1441 Y-0.0076
N76360 X-0.1224 Y-0.0161
N76365 X-0.0998 Y-0.0237
N76370 X-0.0763 Y-0.0304
N76375 X-0.0522 Y-0.036
N76380 X-0.0275 Y-0.0405
N76385 X-0.0024 Y-0.0438
N76390 X0.0229 Y-0.0459
N76395 X0.0481 Y-0.0467
N76400 X0.0732 Y-0.0464
N76405 X0.098 Y-0.0448
N76410 X0.1224 Y-0.042
N76415 X0.1462 Y-0.0382
N76420 X0.1694 Y-0.0332
N76425 X0.1916 Y-0.0273
N76430 X0.213 Y-0.0206
N76435 X0.2333 Y-0.013
N76440 X0.2524 Y-0.0049
N76445 X0.2703 Y0.0038
N76450 X0.2869 Y0.013
N76455 X0.3025 Y0.0226
N76460 X0.317 Y0.0325
N76465 X0.3305 Y0.0426
N76470 X0.3424 Y0.0526
N76475 X0.3531 Y0.0624
N76480 X0.3626 Y0.0722
N76485 X0.3701 Y0.0805
N76490 X0.3774 Y0.0896
N76495 X0.3827 Y0.0969
N76500 X0.388 Y0.1049
N76505 X0.3887 Y0.106
N76510 X0.3954 Y0.1202
N76515 X0.3994 Y0.1353
N76520 X0.4007 Y0.1509
N76525 X0.3991 Y0.1664
N76530 X0.3948 Y0.1815
N76535 X0.3923 Y0.188
N76540 X0.3898 Y0.1942
N76545 X0.3786 Y0.2179
N76550 X0.3764 Y0.2224
N76555 X0.3715 Y0.2311
N76560 G3 X0.3533 Y0.2423 Z-0.137 I-0.0202 J-0.0123
N76565 G1 X0.3453 Y0.243 Z-0.1353
N76570 X0.3384 Y0.2436 Z-0.1339
N76575 X-0.2982 Y0.2962
N76580 X-0.305 Y0.2968 Z-0.1353
N76585 X-0.3129 Y0.2974 Z-0.137
N76590 G3 X-0.3328 Y0.2893 Z-0.1417 I-0.0019 J-0.0235
N76595 G1 X-0.3391 Y0.2813
N76600 X-0.3447 Y0.274
N76605 X-0.3505 Y0.2655
N76610 X-0.3572 Y0.2554
N76615 X-0.3602 Y0.2503
N76620 X-0.3628 Y0.2449
N76625 X-0.3649 Y0.2394
N76630 X-0.3665 Y0.2338
N76635 X-0.3679 Y0.228
N76640 X-0.3688 Y0.2222
N76645 X-0.3695 Y0.2163
N76650 X-0.3699 Y0.2101
N76655 X-0.37 Y0.2034
N76660 X-0.3698 Y0.1965
N76665 X-0.3692 Y0.1889
N76670 X-0.3681 Y0.1808
N76675 X-0.3666 Y0.1726
N76680 X-0.3645 Y0.1637
N76685 X-0.3618 Y0.1542
N76690 X-0.3586 Y0.1446
N76695 X-0.3546 Y0.1346
N76700 X-0.3498 Y0.1239
N76705 X-0.3442 Y0.1128
N76710 X-0.3378 Y0.1018
N76715 X-0.3305 Y0.0903
N76720 X-0.322 Y0.0784
N76725 X-0.3124 Y0.0661
N76730 X-0.3019 Y0.054
N76735 X-0.2903 Y0.0419
N76740 X-0.2773 Y0.0297
N76745 X-0.2631 Y0.0174
N76750 X-0.2475 Y0.0053
N76755 X-0.2305 Y-0.0066
N76760 X-0.2126 Y-0.0179
N76765 X-0.1936 Y-0.0287
N76770 X-0.1733 Y-0.0389
N76775 X-0.1515 Y-0.0486
N76780 X-0.1286 Y-0.0574
N76785 X-0.1047 Y-0.0653
N76790 X-0.0799 Y-0.0722
N76795 X-0.0543 Y-0.078
N76800 X-0.0283 Y-0.0826
N76805 X-0.0018 Y-0.0859
N76810 X0.0248 Y-0.088
N76815 X0.0515 Y-0.0887
N76820 X0.078 Y-0.0882
N76825 X0.1043 Y-0.0864
N76830 X0.1301 Y-0.0833
N76835 X0.1553 Y-0.079
N76840 X0.1799 Y-0.0737
N76845 X0.2035 Y-0.0673
N76850 X0.2262 Y-0.0599
N76855 X0.2478 Y-0.0518
N76860 X0.2683 Y-0.0429
N76865 X0.2875 Y-0.0334
N76870 X0.3053 Y-0.0235
N76875 X0.3218 Y-0.0132
N76880 X0.3371 Y-0.0026
N76885 X0.351 Y0.008
N76890 X0.3635 Y0.0186
N76895 X0.3743 Y0.0287
N76900 X0.3824 Y0.037
N76905 X0.3905 Y0.0462
N76910 X0.3965 Y0.0537
N76915 X0.3984 Y0.0563
N76920 X0.406 Y0.0691
N76925 X0.4114 Y0.0831
N76930 X0.4143 Y0.0978
N76935 X0.4145 Y0.1128
N76940 X0.4122 Y0.1276
N76945 X0.4095 Y0.1387
N76950 X0.4047 Y0.1545
N76955 X0.402 Y0.1625
N76960 X0.4002 Y0.1677
N76965 X0.3948 Y0.1815
N76970 G3 X0.3754 Y0.1956 Z-0.1364 I-0.0217 J-0.0093
N76975 G1 X0.3704 Y0.1961 Z-0.1353
N76980 X0.3636 Y0.1968 Z-0.1339
N76985 X-0.3234 Y0.264
N76990 X-0.3303 Y0.2647 Z-0.1353
N76995 X-0.3356 Y0.2652 Z-0.1365
N77000 G3 X-0.3572 Y0.2554 Z-0.1417 I-0.0023 J-0.0235
N77005 G1 X-0.361 Y0.2496
N77010 X-0.3655 Y0.2417
N77015 X-0.3764 Y0.2224
N77020 X-0.3786 Y0.2179
N77025 X-0.3807 Y0.2136
N77030 X-0.3829 Y0.2081
N77035 X-0.3848 Y0.2025
N77040 X-0.3864 Y0.1968
N77045 X-0.3875 Y0.191
N77050 X-0.3883 Y0.1852
N77055 X-0.3888 Y0.1792
N77060 X-0.389 Y0.173
N77065 X-0.3889 Y0.1663
N77070 X-0.3884 Y0.1589
N77075 X-0.3876 Y0.1513
N77080 X-0.3862 Y0.1431
N77085 X-0.3844 Y0.1342
N77090 X-0.382 Y0.1252
N77095 X-0.3789 Y0.1156
N77100 X-0.3751 Y0.1052
N77105 X-0.3706 Y0.0948
N77110 X-0.3653 Y0.0839
N77115 X-0.359 Y0.0723
N77120 X-0.3517 Y0.0604
N77125 X-0.3436 Y0.0486
N77130 X-0.3343 Y0.0363
N77135 X-0.3237 Y0.0236
N77140 X-0.3117 Y0.0106
N77145 X-0.2987 Y-0.0022
N77150 X-0.2846 Y-0.0147
N77155 X-0.2691 Y-0.0273
N77160 X-0.2522 Y-0.0397
N77165 X-0.2337 Y-0.0519
N77170 X-0.2138 Y-0.0636
N77175 X-0.1925 Y-0.0748
N77180 X-0.1701 Y-0.0853
N77185 X-0.1469 Y-0.0948
N77190 X-0.1224 Y-0.1034
N77195 X-0.0969 Y-0.111
N77200 X-0.0704 Y-0.1175
N77205 X-0.0432 Y-0.1229
N77210 X-0.0155 Y-0.1269
N77215 X0.0126 Y-0.1296
N77220 X0.0408 Y-0.1309
N77225 X0.069 Y-0.1308
N77230 X0.097 Y-0.1294
N77235 X0.1246 Y-0.1267
N77240 X0.1518 Y-0.1227
N77245 X0.1782 Y-0.1174
N77250 X0.2038 Y-0.111
N77255 X0.2285 Y-0.1035
N77260 X0.2518 Y-0.0952
N77265 X0.2738 Y-0.0861
N77270 X0.2947 Y-0.0763
N77275 X0.3143 Y-0.0659
N77280 X0.3326 Y-0.055
N77285 X0.3495 Y-0.0438
N77290 X0.3642 Y-0.0329
N77295 X0.3771 Y-0.0224
N77300 X0.3867 Y-0.0138
N77305 X0.3961 Y-0.0045
N77310 X0.4027 Y0.0027
N77315 X0.403 Y0.0031
N77320 X0.4109 Y0.0142
N77325 X0.4169 Y0.0265
N77330 X0.4209 Y0.0395
N77335 X0.4228 Y0.053
N77340 X0.4226 Y0.0666
N77345 X0.4217 Y0.0753
N77350 X0.4209 Y0.0832
N77355 X0.4171 Y0.107
N77360 X0.416 Y0.1122
N77365 X0.4122 Y0.1276
N77370 G3 X0.3921 Y0.1447 Z-0.1358 I-0.0227 J-0.0064
N77375 G1 X0.3898 Y0.1449 Z-0.1353
N77380 X0.3831 Y0.1457 Z-0.1339
N77385 X-0.3485 Y0.2253
N77390 X-0.3553 Y0.2261 Z-0.1353
N77395 X-0.3571 Y0.2263 Z-0.1357
N77400 G3 X-0.3807 Y0.2136 Z-0.1417 I-0.0026 J-0.0235
N77405 G1 X-0.3898 Y0.1942
N77410 X-0.393 Y0.1862
N77415 X-0.4002 Y0.1677
N77420 X-0.4021 Y0.1614
N77425 X-0.4035 Y0.1557
N77430 X-0.4045 Y0.1499
N77435 X-0.4052 Y0.144
N77440 X-0.4056 Y0.1381
N77445 Y0.1321
N77450 X-0.4054 Y0.1254
N77455 X-0.4048 Y0.1181
N77460 X-0.4037 Y0.1106
N77465 X-0.4022 Y0.1022
N77470 X-0.4001 Y0.0936
N77475 X-0.3975 Y0.0845
N77480 X-0.3941 Y0.0746
N77485 X-0.3901 Y0.0645
N77490 X-0.3852 Y0.0539
N77495 X-0.3794 Y0.0425
N77500 X-0.3725 Y0.0307
N77505 X-0.3649 Y0.0189
N77510 X-0.356 Y0.0065
N77515 X-0.3458 Y-0.0063
N77520 X-0.3343 Y-0.0194
N77525 X-0.322 Y-0.0322
N77530 X-0.3081 Y-0.0452
N77535 X-0.2926 Y-0.0584
N77540 X-0.2755 Y-0.0716
N77545 X-0.2568 Y-0.0846
N77550 X-0.2368 Y-0.0971
N77555 X-0.2159 Y-0.1088
N77560 X-0.1936 Y-0.1199
N77565 X-0.1698 Y-0.1303
N77570 X-0.1447 Y-0.1399
N77575 X-0.1183 Y-0.1485
N77580 X-0.0909 Y-0.156
N77585 X-0.0626 Y-0.1623
N77590 X-0.0337 Y-0.1672
N77595 X-0.0043 Y-0.1708
N77600 X0.0253 Y-0.173
N77605 X0.0551 Y-0.1737
N77610 X0.0848 Y-0.1729
N77615 X0.1142 Y-0.1707
N77620 X0.1432 Y-0.1672
N77625 X0.1716 Y-0.1623
N77630 X0.1992 Y-0.1561
N77635 X0.2257 Y-0.1488
N77640 X0.2513 Y-0.1404
N77645 X0.2757 Y-0.131
N77650 X0.2988 Y-0.1208
N77655 X0.3204 Y-0.1101
N77660 X0.3399 Y-0.0991
N77665 X0.3574 Y-0.0881
N77670 X0.3732 Y-0.0771
N77675 X0.3846 Y-0.0683
N77680 X0.3949 Y-0.0595
N77685 X0.3971 Y-0.0574
N77690 X0.4074 Y-0.0458
N77695 X0.4155 Y-0.0324
N77700 X0.4211 Y-0.0178
N77705 X0.4239 Y-0.0025
N77710 X0.4242 Y0.004
N77715 X0.4246 Y0.0198
N77720 X0.4247 Y0.0277
N77725 X0.4239 Y0.0515
N77730 X0.4233 Y0.0594
N77735 X0.4226 Y0.0666
N77740 G3 X0.402 Y0.087 Z-0.1351 I-0.0234 J-0.0031
N77745 G1 X0.3961 Y0.0877 Z-0.1339
N77750 X-0.369 Y0.181
N77755 X-0.3756 Y0.1818 Z-0.1353
N77760 X-0.3758
N77765 G3 X-0.4002 Y0.1677 Z-0.1417 I-0.0027 J-0.0235
N77770 G1 X-0.402 Y0.1625
N77775 X-0.4047 Y0.1545
N77780 X-0.4095 Y0.1387
N77785 X-0.4115 Y0.1308
N77790 X-0.416 Y0.1122
N77795 X-0.4175 Y0.1021
N77800 X-0.4181 Y0.0962
N77805 X-0.4183 Y0.0903
N77810 X-0.4182 Y0.0843
N77815 X-0.4178 Y0.0781
N77820 X-0.417 Y0.0711
N77825 X-0.4158 Y0.0638
N77830 X-0.4141 Y0.0559
N77835 X-0.4118 Y0.0473
N77840 X-0.409 Y0.0385
N77845 X-0.4054 Y0.0289
N77850 X-0.401 Y0.0187
N77855 X-0.3959 Y0.0083
N77860 X-0.3897 Y-0.0029
N77865 X-0.3824 Y-0.0148
N77870 X-0.3744 Y-0.0265
N77875 X-0.365 Y-0.0389
N77880 X-0.354 Y-0.0519
N77885 X-0.3417 Y-0.0652
N77890 X-0.3285 Y-0.0781
N77895 X-0.3134 Y-0.0915
N77900 X-0.2967 Y-0.1049
N77905 X-0.2784 Y-0.1183
N77910 X-0.2584 Y-0.1314
N77915 X-0.2373 Y-0.1438
N77920 X-0.215 Y-0.1555
N77925 X-0.1909 Y-0.1666
N77930 X-0.1653 Y-0.177
N77935 X-0.1382 Y-0.1865
N77940 X-0.11 Y-0.1948
N77945 X-0.0807 Y-0.202
N77950 X-0.0507 Y-0.2078
N77955 X-0.02 Y-0.2121
N77960 X0.0111 Y-0.2151
N77965 X0.0424 Y-0.2164
N77970 X0.0737 Y-0.2163
N77975 X0.1048 Y-0.2147
N77980 X0.1356 Y-0.2115
N77985 X0.1658 Y-0.207
N77990 X0.1953 Y-0.201
N77995 X0.224 Y-0.1938
N78000 X0.2516 Y-0.1853
N78005 X0.2781 Y-0.1758
N78010 X0.303 Y-0.1655
N78015 X0.3262 Y-0.1545
N78020 X0.3463 Y-0.1437
N78025 X0.3639 Y-0.1332
N78030 X0.3763 Y-0.1249
N78035 X0.3803 Y-0.122
N78040 X0.3917 Y-0.1119
N78045 X0.4011 Y-0.1
N78050 X0.4083 Y-0.0867
N78055 X0.4131 Y-0.0723
N78060 X0.4161 Y-0.0594
N78065 X0.4176 Y-0.0515
N78070 X0.4203 Y-0.0357
N78075 X0.4216 Y-0.0277
N78080 X0.4239 Y-0.0025
N78085 G3 X0.4035 Y0.0223 Z-0.1342 I-0.0236 J0.0014
N78090 G1 X0.4018 Y0.0226 Z-0.1339
N78095 X-0.3868 Y0.1287
N78100 X-0.3901 Y0.1292 Z-0.1346
N78105 X-0.3933 Y0.1294 Z-0.1352
N78110 G3 X-0.416 Y0.1122 Z-0.1417 I0. J-0.0236
N78115 G1 X-0.4171 Y0.107
N78120 X-0.4209 Y0.0832
N78125 X-0.4217 Y0.0753
N78130 X-0.4233 Y0.0594
N78135 X-0.4239 Y0.0515
N78140 X-0.4243 Y0.0392
N78145 X-0.4242 Y0.0316
N78150 X-0.4238 Y0.0257
N78155 X-0.4231 Y0.0199
N78160 X-0.422 Y0.0133
N78165 X-0.4205 Y0.0065
N78170 X-0.4185 Y-0.0012
N78175 X-0.416 Y-0.0091
N78180 X-0.4126 Y-0.0179
N78185 X-0.4087 Y-0.027
N78190 X-0.4039 Y-0.0367
N78195 X-0.398 Y-0.0473
N78200 X-0.3915 Y-0.0579
N78205 X-0.3837 Y-0.0693
N78210 X-0.3743 Y-0.0815
N78215 X-0.3642 Y-0.0935
N78220 X-0.3525 Y-0.1061
N78225 X-0.3389 Y-0.1194
N78230 X-0.3236 Y-0.1329
N78235 X-0.3074 Y-0.1458
N78240 X-0.2895 Y-0.1588
N78245 X-0.2696 Y-0.1718
N78250 X-0.2479 Y-0.1846
N78255 X-0.2242 Y-0.1969
N78260 X-0.1989 Y-0.2085
N78265 X-0.1723 Y-0.2193
N78270 X-0.1447 Y-0.2289
N78275 X-0.1157 Y-0.2374
N78280 X-0.0854 Y-0.2447
N78285 X-0.0541 Y-0.2507
N78290 X-0.022 Y-0.2553
N78295 X0.0106 Y-0.2583
N78300 X0.0435 Y-0.2597
N78305 X0.0765 Y-0.2595
N78310 X0.1093 Y-0.2577
N78315 X0.1418 Y-0.2543
N78320 X0.1737 Y-0.2494
N78325 X0.2049 Y-0.2431
N78330 X0.2353 Y-0.2353
N78335 X0.2645 Y-0.2264
N78340 X0.2917 Y-0.2165
N78345 X0.3164 Y-0.2062
N78350 X0.3379 Y-0.196
N78355 X0.349 Y-0.19
N78360 X0.3608 Y-0.1824
N78365 X0.3711 Y-0.1731
N78370 X0.3799 Y-0.1622
N78375 X0.3867 Y-0.15
N78380 X0.3883 Y-0.1466
N78385 X0.3918 Y-0.1387
N78390 X0.4008 Y-0.1149
N78395 X0.4037 Y-0.107
N78400 X0.4061 Y-0.0991
N78405 X0.4083 Y-0.0911
N78410 X0.4105 Y-0.0832
N78415 X0.4131 Y-0.0723
N78420 G3 X0.3946 Y-0.0445 Z-0.1339 I-0.0232 J0.0046
N78425 G1 X0.393 Y-0.0442
N78430 X-0.3976 Y0.061
N78435 X-0.3991 Y0.0611
N78440 G3 X-0.4243 Y0.0392 Z-0.1417 I-0.0016 J-0.0236
N78445 G1 X-0.4247 Y0.0277
N78450 X-0.4246 Y0.0198
N78455 X-0.4242 Y0.004
N78460 X-0.424 Y-0.0023
N78465 X-0.4216 Y-0.0277
N78470 X-0.4203 Y-0.0357
N78475 X-0.419 Y-0.0436
N78480 X-0.4168 Y-0.0531
N78485 X-0.415 Y-0.0597
N78490 X-0.4129 Y-0.0662
N78495 X-0.4099 Y-0.0739
N78500 X-0.4066 Y-0.0815
N78505 X-0.4022 Y-0.0903
N78510 X-0.3972 Y-0.0991
N78515 X-0.3911 Y-0.1089
N78520 X-0.3838 Y-0.1193
N78525 X-0.3757 Y-0.1298
N78530 X-0.3659 Y-0.1413
N78535 X-0.3549 Y-0.153
N78540 X-0.3426 Y-0.1648
N78545 X-0.3281 Y-0.1774
N78550 X-0.3117 Y-0.1905
N78555 X-0.2942 Y-0.2029
N78560 X-0.2746 Y-0.2155
N78565 X-0.2527 Y-0.2281
N78570 X-0.2289 Y-0.2404
N78575 X-0.2032 Y-0.2521
N78580 X-0.1758 Y-0.2629
N78585 X-0.1473 Y-0.2726
N78590 X-0.1176 Y-0.2811
N78595 X-0.0862 Y-0.2885
N78600 X-0.0537 Y-0.2945
N78605 X-0.0202 Y-0.299
N78610 X0.0139 Y-0.3019
N78615 X0.0484 Y-0.3032
N78620 X0.083 Y-0.3027
N78625 X0.1175 Y-0.3006
N78630 X0.1516 Y-0.2969
N78635 X0.1852 Y-0.2915
N78640 X0.218 Y-0.2846
N78645 X0.2496 Y-0.2763
N78650 X0.2791 Y-0.2671
N78655 X0.3022 Y-0.2585
N78660 X0.3034 Y-0.258
N78665 X0.3162 Y-0.2513
N78670 X0.3276 Y-0.2426
N78675 X0.3374 Y-0.2321
N78680 X0.3424 Y-0.2259
N78685 X0.3447 Y-0.2227
N78690 X0.348 Y-0.2179
N78695 X0.3606 Y-0.1991
N78700 X0.3636 Y-0.1942
N78705 X0.3771 Y-0.1704
N78710 X0.381 Y-0.1625
N78715 X0.3867 Y-0.15
N78720 G3 X0.3741 Y-0.1191 Z-0.1339 I-0.0218 J0.0091
N78725 G1 X0.3711 Y-0.118
N78730 X0.368 Y-0.1174
N78735 X-0.3925 Y-0.017
N78740 X-0.3956 Y-0.0168
N78745 X-0.3988 Y-0.017
N78750 G3 X-0.419 Y-0.0436 Z-0.1417 I0.0032 J-0.0234
N78755 G1 X-0.4176 Y-0.0515
N78760 X-0.416 Y-0.0598
N78765 X-0.4105 Y-0.0832
N78770 X-0.4081 Y-0.0919
N78775 X-0.4061 Y-0.0991
N78780 X-0.4037 Y-0.107
N78785 X-0.4002 Y-0.1165
N78790 X-0.3923 Y-0.1374
N78795 X-0.388 Y-0.1471
N78800 X-0.3847 Y-0.1538
N78805 X-0.3808 Y-0.1608
N78810 X-0.3758 Y-0.1687
N78815 X-0.3703 Y-0.1767
N78820 X-0.3634 Y-0.1856
N78825 X-0.3556 Y-0.1948
N78830 X-0.3464 Y-0.2046
N78835 X-0.3354 Y-0.2152
N78840 X-0.3236 Y-0.2256
N78845 X-0.3092 Y-0.237
N78850 X-0.2929 Y-0.2488
N78855 X-0.2754 Y-0.2601
N78860 X-0.2551 Y-0.2719
N78865 X-0.2323 Y-0.2836
N78870 X-0.2074 Y-0.295
N78875 X-0.1814 Y-0.3054
N78880 X-0.1535 Y-0.3149
N78885 X-0.1233 Y-0.3237
N78890 X-0.0914 Y-0.3313
N78895 X-0.0579 Y-0.3375
N78900 X-0.0234 Y-0.3422
N78905 X0.0114 Y-0.3453
N78910 X0.0462 Y-0.3467
N78915 X0.0811 Y-0.3464
N78920 X0.1159 Y-0.3445
N78925 X0.1506 Y-0.341
N78930 X0.1851 Y-0.3358
N78935 X0.2191 Y-0.3291
N78940 X0.226 Y-0.3274
N78945 X0.2367 Y-0.3239
N78950 X0.2468 Y-0.3192
N78955 X0.2563 Y-0.3131
N78960 X0.2655 Y-0.3063
N78965 X0.2813 Y-0.2926
N78970 X0.2892 Y-0.2857
N78975 X0.294 Y-0.2813
N78980 X0.3051 Y-0.2699
N78985 X0.3093 Y-0.2655
N78990 X0.3209 Y-0.2529
N78995 X0.3235 Y-0.2496
N79000 X0.3374 Y-0.2321
N79005 G3 X0.3325 Y-0.1991 Z-0.1339 I-0.019 J0.014
N79010 X0.3214 Y-0.1947 I-0.014 J-0.019
N79015 G1 X-0.3669 Y-0.1064
N79020 G3 X-0.3775 Y-0.1074 I-0.003 J-0.0234
N79025 X-0.3923 Y-0.1374 Z-0.1417 I0.0076 J-0.0224
N79030 G1 X-0.3918 Y-0.1387
N79035 X-0.3883 Y-0.1466
N79040 X-0.381 Y-0.1625
N79045 X-0.3771 Y-0.1704
N79050 X-0.3636 Y-0.1942
N79055 X-0.3606 Y-0.1991
N79060 X-0.348 Y-0.2179
N79065 X-0.3447 Y-0.2227
N79070 X-0.3424 Y-0.2259
N79075 X-0.3235 Y-0.2496
N79080 X-0.3209 Y-0.2529
N79085 X-0.3093 Y-0.2655
N79090 X-0.3051 Y-0.2699
N79095 X-0.2901 Y-0.2839
N79100 X-0.2807 Y-0.2918
N79105 X-0.2702 Y-0.2999
N79110 X-0.2577 Y-0.3086
N79115 X-0.2432 Y-0.3176
N79120 X-0.2272 Y-0.3265
N79125 X-0.2078 Y-0.3361
N79130 X-0.187 Y-0.3452
N79135 X-0.1637 Y-0.354
N79140 X-0.137 Y-0.3627
N79145 X-0.1077 Y-0.3707
N79150 X-0.0762 Y-0.3776
N79155 X-0.0436 Y-0.3831
N79160 X-0.0094 Y-0.3872
N79165 X0.0254 Y-0.3896
N79170 X0.0602 Y-0.3904
N79175 X0.08 Y-0.39
N79180 X0.0857 Y-0.3897
N79185 X0.0914 Y-0.389
N79190 X0.0969 Y-0.3879
N79195 X0.0991 Y-0.3875
N79200 X0.1228 Y-0.3809
N79205 X0.1308 Y-0.3783
N79210 X0.1466 Y-0.3728
N79215 X0.1545 Y-0.37
N79220 X0.1704 Y-0.3637
N79225 X0.1783 Y-0.36
N79230 X0.1862 Y-0.3561
N79235 X0.2083 Y-0.3447
N79240 X0.21 Y-0.3438
N79245 X0.2344 Y-0.3289
N79250 X0.2417 Y-0.3238
N79255 X0.2563 Y-0.3131
N79260 G3 X0.2602 Y-0.28 Z-0.1339 I-0.0146 J0.0185
N79265 X0.2434 Y-0.271 I-0.0186 J-0.0146
N79270 G1 X-0.2857 Y-0.2306
N79275 G3 X-0.3032 Y-0.2365 I-0.0018 J-0.0236
N79280 X-0.3051 Y-0.2699 Z-0.1417 I0.0158 J-0.0176
N79285 G1 X-0.294 Y-0.2813
N79290 X-0.2892 Y-0.2857
N79295 X-0.2734 Y-0.2995
N79300 X-0.2655 Y-0.3063
N79305 X-0.2564 Y-0.313
N79310 X-0.2417 Y-0.3238
N79315 X-0.2344 Y-0.3289
N79320 X-0.21 Y-0.3438
N79325 X-0.2083 Y-0.3447
N79330 X-0.1862 Y-0.3561
N79335 X-0.1783 Y-0.36
N79340 X-0.1704 Y-0.3637
N79345 X-0.1545 Y-0.37
N79350 X-0.1466 Y-0.3728
N79355 X-0.1308 Y-0.3783
N79360 X-0.1228 Y-0.3809
N79365 X-0.0991 Y-0.3875
N79370 X-0.0911 Y-0.3892
N79375 X-0.0832 Y-0.3909
N79380 X-0.0753 Y-0.3925
N79385 X-0.0674 Y-0.394
N79390 X-0.0436 Y-0.397
N79395 X-0.0357 Y-0.3976
N79400 X-0.0198 Y-0.3986
N79405 X-0.0119 Y-0.3989
N79410 X0.0119
N79415 X0.0198 Y-0.3986
N79420 X0.0357 Y-0.3976
N79425 X0.0436 Y-0.397
N79430 X0.0674 Y-0.394
N79435 X0.0753 Y-0.3925
N79440 X0.0832 Y-0.3909
N79445 X0.0911 Y-0.3892
N79450 X0.0969 Y-0.3879
N79455 G3 X0.1146 Y-0.3652 I-0.006 J0.0229
N79460 G1 Y-0.3615 Z-0.1414
N79465 X0.1147 Y-0.3579 Z-0.1406
N79470 Y-0.3545 Z-0.1392
N79475 Y-0.3513 Z-0.1372
N79480 Y-0.3485 Z-0.1348
N79485 Y-0.3461 Z-0.132
N79490 Y-0.3442 Z-0.1288
N79495 X0.1148 Y-0.3428 Z-0.1254
N79500 Y-0.3419 Z-0.1218
N79505 Y-0.3416 Z-0.1181
N79510 Z0.1969
N79515 X-1.0581 Y-1.0269
N79520 Z-0.0945
N79525 Z-0.1181
N79530 X-1.0583 Y-1.0267 Z-0.1218
N79535 X-1.059 Y-1.0262 Z-0.1254
N79540 X-1.0601 Y-1.0254 Z-0.1288
N79545 X-1.0617 Y-1.0242 Z-0.132
N79550 X-1.0636 Y-1.0227 Z-0.1348
N79555 X-1.0658 Y-1.021 Z-0.1372
N79560 X-1.0684 Y-1.0191 Z-0.1392
N79565 X-1.0711 Y-1.0171 Z-0.1406
N79570 X-1.074 Y-1.0149 Z-0.1414
N79575 X-1.0769 Y-1.0127 Z-0.1417
N79580 G3 X-1.1054 Y-1.0008 I-0.0375 J-0.0497
N79585 G1 X-1.1451 Y-0.9963
N79590 X-1.1609 Y-0.9944
N79595 X-1.1688 Y-0.9935
N79600 X-1.1768 Y-0.9919
N79605 X-1.1847 Y-0.9899
N79610 X-1.1926 Y-0.9875
N79615 X-1.2402 Y-0.9709
N79620 X-1.258 Y-0.9656
N79625 X-1.2919 Y-0.9574
N79630 X-1.3258 Y-0.9492
N79635 X-1.3583 Y-0.9366
N79640 X-1.3883 Y-0.9188
N79645 X-1.415 Y-0.8963
N79650 X-1.4378 Y-0.8699
N79655 X-1.4568 Y-0.8407
N79660 X-1.4721 Y-0.8093
N79665 X-1.4842 Y-0.7766
N79670 X-1.4936 Y-0.743
N79675 X-1.5007 Y-0.7088
N79680 X-1.506 Y-0.6744
N79685 X-1.51 Y-0.6397
N79690 X-1.5128 Y-0.6049
N79695 X-1.5149 Y-0.5701
N79700 X-1.5164 Y-0.5353
N79705 X-1.5175 Y-0.5004
N79710 X-1.5183 Y-0.4655
N79715 X-1.5188 Y-0.4306
N79720 X-1.5192 Y-0.3957
N79725 X-1.5195 Y-0.3609
N79730 X-1.5197 Y-0.326
N79735 X-1.5198 Y-0.2911
N79740 X-1.52 Y-0.2213
N79745 X-1.5201 Y-0.1167
N79750 Y0.2322
N79755 Y0.616
N79760 X-1.5199 Y0.6509
N79765 X-1.5173 Y0.6856
N79770 X-1.5093 Y0.7196
N79775 X-1.495 Y0.7515
N79780 X-1.4752 Y0.7802
N79785 X-1.4509 Y0.8051
N79790 X-1.423 Y0.8261
N79795 X-1.4203 Y0.8279
N79800 X-1.4179 Y0.8301
N79805 X-1.4159 Y0.8327
N79810 X-1.4145 Y0.8349
N79815 X-1.4024 Y0.8519
N79820 X-1.3986 Y0.856
N79825 X-1.395 Y0.8599
N79830 X-1.3907 Y0.8644
N79835 X-1.3556 Y0.8995
N79840 X-1.3511 Y0.9039
N79845 X-1.3432 Y0.9111
N79850 X-1.3374 Y0.9153
N79855 X-1.326 Y0.9233
N79860 X-1.3194 Y0.9277
N79865 X-1.3041 Y0.9373
N79870 G3 X-1.2951 Y0.9646 I-0.0133 J0.0196
N79875 G1 X-1.2963 Y0.9681 Z-0.1414
N79880 X-1.2975 Y0.9715 Z-0.1406
N79885 X-1.2986 Y0.9747 Z-0.1392
N79890 X-1.2996 Y0.9777 Z-0.1372
N79895 X-1.3006 Y0.9803 Z-0.1348
N79900 X-1.3014 Y0.9826 Z-0.132
N79905 X-1.302 Y0.9844 Z-0.1288
N79910 X-1.3025 Y0.9858 Z-0.1254
N79915 X-1.3027 Y0.9866 Z-0.1218
N79920 X-1.3028 Y0.9869 Z-0.1181
N79925 Z0.1969
N79930 X-1.1999 Y-1.007
N79935 Z-0.0945
N79940 Z-0.1181
N79945 X-1.2 Y-1.0068 Z-0.1218
N79950 X-1.2006 Y-1.0061 Z-0.1254
N79955 X-1.2015 Y-1.005 Z-0.1288
N79960 X-1.2028 Y-1.0035 Z-0.132
N79965 X-1.2043 Y-1.0017 Z-0.1348
N79970 X-1.2061 Y-0.9995 Z-0.1372
N79975 X-1.2081 Y-0.9971 Z-0.1392
N79980 X-1.2103 Y-0.9945 Z-0.1406
N79985 X-1.2127 Y-0.9917 Z-0.1414
N79990 X-1.215 Y-0.9889 Z-0.1417
N79995 G3 X-1.2402 Y-0.9709 I-0.0477 J-0.04
N80000 G1 X-1.2481 Y-0.9678
N80005 X-1.2639 Y-0.9613
N80010 X-1.2719 Y-0.9572
N80015 X-1.2798 Y-0.9525
N80020 X-1.3194 Y-0.9277
N80025 X-1.3273 Y-0.9223
N80030 X-1.3374 Y-0.9153
N80035 X-1.3432 Y-0.9111
N80040 X-1.3511 Y-0.9039
N80045 X-1.3556 Y-0.8995
N80050 X-1.3907 Y-0.8644
N80055 X-1.395 Y-0.8599
N80060 X-1.3986 Y-0.856
N80065 X-1.4024 Y-0.8519
N80070 X-1.4145 Y-0.8349
N80075 X-1.4189 Y-0.8282
N80080 X-1.4388 Y-0.7965
N80085 X-1.4437 Y-0.7885
N80090 X-1.4484 Y-0.7806
N80095 X-1.4523 Y-0.7727
N80100 X-1.459 Y-0.7568
N80105 X-1.462 Y-0.7489
N80110 X-1.4779 Y-0.7036
N80115 X-1.4786 Y-0.7014
N80120 X-1.4827 Y-0.6855
N80125 X-1.4846 Y-0.6776
N80130 X-1.4875 Y-0.6538
N80135 X-1.491 Y-0.6221
N80140 X-1.4926 Y-0.6063
N80145 X-1.4929 Y-0.5983
N80150 X-1.4931 Y-0.5746
N80155 Y0.5746
N80160 X-1.4929 Y0.5983
N80165 X-1.4926 Y0.6063
N80170 X-1.491 Y0.6221
N80175 X-1.4875 Y0.6538
N80180 X-1.4846 Y0.6776
N80185 X-1.4827 Y0.6855
N80190 X-1.4786 Y0.7014
N80195 X-1.4779 Y0.7036
N80200 X-1.462 Y0.7489
N80205 X-1.459 Y0.7568
N80210 X-1.4523 Y0.7727
N80215 X-1.4484 Y0.7806
N80220 X-1.4437 Y0.7885
N80225 X-1.4383 Y0.7973
N80230 X-1.4189 Y0.8282
N80235 X-1.4159 Y0.8327
N80240 G3 X-1.4192 Y0.8613 I-0.0202 J0.0122
N80245 G1 X-1.4217 Y0.8639 Z-0.1414
N80250 X-1.4242 Y0.8665 Z-0.1406
N80255 X-1.4266 Y0.869 Z-0.1392
N80260 X-1.4288 Y0.8713 Z-0.1372
N80265 X-1.4308 Y0.8733 Z-0.1348
N80270 X-1.4324 Y0.875 Z-0.132
N80275 X-1.4338 Y0.8764 Z-0.1288
N80280 X-1.4348 Y0.8774 Z-0.1254
N80285 X-1.4354 Y0.8781 Z-0.1218
N80290 X-1.4356 Y0.8783 Z-0.1181
N80295 Z0.1969
N80300 X1.0581 Y1.0269
N80305 Z-0.0945
N80310 Z-0.1181
N80315 X1.0583 Y1.0267 Z-0.1218
N80320 X1.059 Y1.0262 Z-0.1254
N80325 X1.0601 Y1.0254 Z-0.1288
N80330 X1.0617 Y1.0242 Z-0.132
N80335 X1.0636 Y1.0227 Z-0.1348
N80340 X1.0658 Y1.021 Z-0.1372
N80345 X1.0684 Y1.0191 Z-0.1392
N80350 X1.0711 Y1.0171 Z-0.1406
N80355 X1.074 Y1.0149 Z-0.1414
N80360 X1.0769 Y1.0127 Z-0.1417
N80365 G3 X1.1054 Y1.0008 I0.0375 J0.0497
N80370 G1 X1.1451 Y0.9963
N80375 X1.1609 Y0.9944
N80380 X1.1688 Y0.9935
N80385 X1.1768 Y0.9919
N80390 X1.1847 Y0.9899
N80395 X1.1926 Y0.9875
N80400 X1.2402 Y0.9709
N80405 X1.2564 Y0.9661
N80410 X1.2725 Y0.9622
N80415 X1.2941 Y0.958
N80420 X1.3286 Y0.9531
N80425 X1.3631 Y0.9482
N80430 X1.3967 Y0.9385
N80435 X1.4279 Y0.923
N80440 X1.4559 Y0.9022
N80445 X1.4801 Y0.877
N80450 X1.5002 Y0.8486
N80455 X1.5166 Y0.8177
N80460 X1.5295 Y0.7853
N80465 X1.5395 Y0.7519
N80470 X1.5471 Y0.7178
N80475 X1.5527 Y0.6834
N80480 X1.5569 Y0.6488
N80485 X1.5599 Y0.614
N80490 X1.5621 Y0.5792
N80495 X1.5636 Y0.5444
N80500 X1.5648 Y0.5095
N80505 X1.5655 Y0.4746
N80510 X1.5661 Y0.4397
N80515 X1.5665 Y0.4048
N80520 X1.5668 Y0.37
N80525 X1.5669 Y0.3351
N80530 X1.5671 Y0.3002
N80535 X1.5672 Y0.2304
N80540 X1.5673 Y0.0909
N80545 X1.5674 Y-0.6766
N80550 X1.5671 Y-0.7115
N80555 X1.5635 Y-0.7462
N80560 X1.554 Y-0.7798
N80565 X1.5381 Y-0.8109
N80570 X1.5169 Y-0.8385
N80575 X1.4912 Y-0.8622
N80580 X1.4623 Y-0.8817
N80585 X1.4312 Y-0.8974
N80590 X1.3985 Y-0.9098
N80595 X1.365 Y-0.9193
N80600 X1.3319 Y-0.9262
N80605 X1.3221 Y-0.9289
N80610 X1.3126 Y-0.9327
N80615 X1.3036 Y-0.9376
N80620 X1.2798 Y-0.9525
N80625 X1.2719 Y-0.9572
N80630 X1.2639 Y-0.9613
N80635 X1.2481 Y-0.9678
N80640 X1.2402 Y-0.9709
N80645 X1.1926 Y-0.9875
N80650 X1.1847 Y-0.9899
N80655 X1.1768 Y-0.9919
N80660 X1.1734 Y-0.9932
N80665 X1.1702 Y-0.995
N80670 X1.1681 Y-0.9971 Z-0.1415
N80675 X1.1661 Y-0.9991 Z-0.141
N80680 X1.1641 Y-1.001 Z-0.1401
N80685 X1.1628 Y-1.0039 Z-0.1386
N80690 X1.1616 Y-1.0065 Z-0.1367
N80695 X1.1605 Y-1.0088 Z-0.1343
N80700 X1.1603 Y-1.0108 Z-0.1319
N80705 X1.1601 Y-1.0124 Z-0.1293
N80710 X1.1599 Y-1.0137 Z-0.1264
N80715 X1.1598 Y-1.0146 Z-0.1234
N80720 Y-1.015 Z-0.1208
N80725 Y-1.0152 Z-0.1181
N80730 Z0.1969
N80735 X1.1999 Y1.007
N80740 Z-0.0945
N80745 Z-0.1181
N80750 X1.2 Y1.0068 Z-0.1218
N80755 X1.2006 Y1.0061 Z-0.1254
N80760 X1.2015 Y1.005 Z-0.1288
N80765 X1.2028 Y1.0035 Z-0.132
N80770 X1.2043 Y1.0017 Z-0.1348
N80775 X1.2061 Y0.9995 Z-0.1372
N80780 X1.2081 Y0.9971 Z-0.1392
N80785 X1.2103 Y0.9945 Z-0.1406
N80790 X1.2127 Y0.9917 Z-0.1414
N80795 X1.215 Y0.9889 Z-0.1417
N80800 G3 X1.2402 Y0.9709 I0.0477 J0.04
N80805 G1 X1.2481 Y0.9678
N80810 X1.2639 Y0.9613
N80815 X1.2719 Y0.9572
N80820 X1.2798 Y0.9525
N80825 X1.2956 Y0.9426
N80830 X1.3261 Y0.9256
N80835 X1.3563 Y0.9081
N80840 X1.3848 Y0.8881
N80845 X1.4107 Y0.8646
N80850 X1.4332 Y0.838
N80855 X1.4523 Y0.8088
N80860 X1.468 Y0.7776
N80865 X1.4806 Y0.7451
N80870 X1.4905 Y0.7117
N80875 X1.4982 Y0.6776
N80880 X1.5041 Y0.6433
N80885 X1.5084 Y0.6086
N80890 X1.5117 Y0.5739
N80895 X1.514 Y0.5391
N80900 X1.5158 Y0.5043
N80905 X1.517 Y0.4694
N80910 X1.5179 Y0.4345
N80915 X1.5186 Y0.3996
N80920 X1.519 Y0.3648
N80925 X1.5193 Y0.3299
N80930 X1.5196 Y0.295
N80935 X1.5197 Y0.2601
N80940 X1.5199 Y0.1903
N80945 X1.5201 Y0.0857
N80950 Y-0.1934
N80955 Y-0.6121
N80960 X1.52 Y-0.647
N80965 X1.5178 Y-0.6818
N80970 X1.5104 Y-0.7159
N80975 X1.4969 Y-0.748
N80980 X1.4777 Y-0.7772
N80985 X1.4539 Y-0.8026
N80990 X1.4271 Y-0.8234
N80995 X1.4208 Y-0.8289
N81000 X1.415 Y-0.8349
N81005 X1.4098 Y-0.8415
N81010 X1.4024 Y-0.8519
N81015 X1.3986 Y-0.856
N81020 X1.395 Y-0.8599
N81025 X1.3907 Y-0.8644
N81030 X1.3556 Y-0.8995
N81035 X1.3511 Y-0.9039
N81040 X1.3432 Y-0.9111
N81045 X1.3374 Y-0.9153
N81050 X1.326 Y-0.9233
N81055 X1.3194 Y-0.9277
N81060 X1.3036 Y-0.9376
N81065 G3 X1.2945 Y-0.9649 I0.0133 J-0.0196
N81070 G1 X1.2957 Y-0.9684 Z-0.1414
N81075 X1.2969 Y-0.9718 Z-0.1406
N81080 X1.2981 Y-0.975 Z-0.1392
N81085 X1.2991 Y-0.978 Z-0.1372
N81090 X1.3 Y-0.9807 Z-0.1348
N81095 X1.3008 Y-0.983 Z-0.132
N81100 X1.3014 Y-0.9848 Z-0.1288
N81105 X1.3019 Y-0.9861 Z-0.1254
N81110 X1.3022 Y-0.9869 Z-0.1218
N81115 X1.3023 Y-0.9872 Z-0.1181
N81120 Z0.1969
N81125 X1.2644 Y0.9868
N81130 Z-0.0945
N81135 Z-0.1181
N81140 X1.2645 Y0.9865 Z-0.1218
N81145 X1.2649 Y0.9858 Z-0.1254
N81150 X1.2656 Y0.9845 Z-0.1288
N81155 X1.2664 Y0.9828 Z-0.132
N81160 X1.2675 Y0.9806 Z-0.1348
N81165 X1.2688 Y0.9781 Z-0.1372
N81170 X1.2703 Y0.9753 Z-0.1392
N81175 X1.2718 Y0.9723 Z-0.1406
N81180 X1.2735 Y0.9691 Z-0.1414
N81185 X1.2751 Y0.9658 Z-0.1417
N81190 G3 X1.2956 Y0.9426 I0.0555 J0.0284
N81195 G1 X1.3194 Y0.9277
N81200 X1.3273 Y0.9223
N81205 X1.3374 Y0.9153
N81210 X1.3432 Y0.9111
N81215 X1.3511 Y0.9039
N81220 X1.3556 Y0.8995
N81225 X1.3907 Y0.8644
N81230 X1.395 Y0.8599
N81235 X1.3986 Y0.856
N81240 X1.4024 Y0.8519
N81245 X1.4145 Y0.8349
N81250 X1.4189 Y0.8282
N81255 X1.4388 Y0.7965
N81260 X1.4437 Y0.7885
N81265 X1.4484 Y0.7806
N81270 X1.4523 Y0.7727
N81275 X1.459 Y0.7568
N81280 X1.462 Y0.7489
N81285 X1.4779 Y0.7036
N81290 X1.4786 Y0.7014
N81295 X1.4827 Y0.6855
N81300 X1.4846 Y0.6776
N81305 X1.4875 Y0.6538
N81310 X1.491 Y0.6221
N81315 X1.4926 Y0.6063
N81320 X1.4929 Y0.5983
N81325 X1.4931 Y0.5746
N81330 Y-0.5746
N81335 X1.4929 Y-0.5983
N81340 X1.4926 Y-0.6063
N81345 X1.491 Y-0.6221
N81350 X1.4875 Y-0.6538
N81355 X1.4846 Y-0.6776
N81360 X1.4827 Y-0.6855
N81365 X1.4786 Y-0.7014
N81370 X1.4779 Y-0.7036
N81375 X1.462 Y-0.7489
N81380 X1.459 Y-0.7568
N81385 X1.4523 Y-0.7727
N81390 X1.4484 Y-0.7806
N81395 X1.4437 Y-0.7885
N81400 X1.4383 Y-0.7973
N81405 X1.4189 Y-0.8282
N81410 X1.4145 Y-0.8349
N81415 X1.4098 Y-0.8415
N81420 X1.408 Y-0.8447
N81425 X1.4068 Y-0.8481
N81430 X1.4063 Y-0.8514 Z-0.1415
N81435 X1.4059 Y-0.8545 Z-0.1408
N81440 X1.4064 Y-0.8575 Z-0.1397
N81445 X1.4069 Y-0.8604 Z-0.1382
N81450 X1.4074 Y-0.8629 Z-0.1363
N81455 X1.4087 Y-0.8651 Z-0.1339
N81460 X1.4098 Y-0.8669 Z-0.1312
N81465 X1.4107 Y-0.8683 Z-0.1282
N81470 X1.4113 Y-0.8694 Z-0.1249
N81475 X1.4117 Y-0.87 Z-0.1216
N81480 X1.4118 Y-0.8702 Z-0.1181
N81485 Z0.1969
N81490 X-1.3836 Y-1.0487
N81495 Z0.0157
N81500 Z-0.0079
N81505 X-1.3835 Y-1.0484 Z-0.0116
N81510 X-1.3833 Y-1.0475 Z-0.0152
N81515 X-1.383 Y-1.0462 Z-0.0186
N81520 X-1.3825 Y-1.0443 Z-0.0218
N81525 X-1.3819 Y-1.042 Z-0.0246
N81530 X-1.3812 Y-1.0392 Z-0.027
N81535 X-1.3804 Y-1.0362 Z-0.0289
N81540 X-1.3796 Y-1.0329 Z-0.0303
N81545 X-1.3787 Y-1.0294 Z-0.0312
N81550 X-1.3777 Y-1.0258 Z-0.0315
N81555 G3 X-1.3593 Y-0.8972 I-0.5842 J0.1496
N81560 G1 Y-0.8913
N81565 X-1.3602 Y-0.8868
N81570 X-1.3622 Y-0.8826
N81575 X-1.365 Y-0.879
N81580 X-1.3841 Y-0.8599
N81585 X-1.3907 Y-0.8532
N81590 X-1.3919 Y-0.8519
N81595 X-1.4096 Y-0.8282
N81600 X-1.4146 Y-0.8202
N81605 X-1.4303 Y-0.7952
N81610 X-1.4394 Y-0.7806
N81615 X-1.4435 Y-0.7727
N81620 X-1.4506 Y-0.7568
N81625 X-1.4537 Y-0.7489
N81630 X-1.47 Y-0.7026
N81635 X-1.4746 Y-0.6855
N81640 X-1.4766 Y-0.6776
N81645 X-1.4796 Y-0.6538
N81650 X-1.4823 Y-0.63
N81655 X-1.4847 Y-0.6063
N81660 X-1.4851 Y-0.5983
N81665 X-1.4852 Y-0.5746
N81670 Y0.5746
N81675 X-1.4851 Y0.5983
N81680 X-1.4847 Y0.6063
N81685 X-1.4823 Y0.63
N81690 X-1.4796 Y0.6538
N81695 X-1.4766 Y0.6776
N81700 X-1.4746 Y0.6855
N81705 X-1.47 Y0.7026
N81710 X-1.4537 Y0.7489
N81715 X-1.4506 Y0.7568
N81720 X-1.4435 Y0.7727
N81725 X-1.4394 Y0.7806
N81730 X-1.4224 Y0.8078
N81735 X-1.4145 Y0.8204
N81740 X-1.4096 Y0.8282
N81745 X-1.3919 Y0.8519
N81750 X-1.3907 Y0.8532
N81755 X-1.3749 Y0.8691
N81760 X-1.3524 Y0.8916
N81765 X-1.3432 Y0.9006
N81770 X-1.3353 Y0.9068
N81775 X-1.3194 Y0.9182
N81780 X-1.3115 Y0.9234
N81785 X-1.2956 Y0.9334
N81790 X-1.2864 Y0.9391
N81795 X-1.2719 Y0.9481
N81800 X-1.2639 Y0.9525
N81805 X-1.2481 Y0.9593
N81810 X-1.2402 Y0.9626
N81815 X-1.1926 Y0.9792
N81820 X-1.1847 Y0.9813
N81825 X-1.1688 Y0.9854
N81830 X-1.1609 Y0.9865
N81835 X-1.1451 Y0.9884
N81840 X-1.1213 Y0.9911
N81845 X-1.1134 Y0.992
N81850 X-1.0975 Y0.9935
N81855 X-1.0896 Y0.994
N81860 X-1.0658 Y0.9941
N81865 X-0.4873
N81870 X-0.4636 Y0.9937
N81875 X-0.4557 Y0.9927
N81880 X-0.4398 Y0.9905
N81885 X-0.4319 Y0.9892
N81890 X-0.416 Y0.9865
N81895 X-0.4081 Y0.9845
N81900 X-0.3923 Y0.98
N81905 X-0.3885 Y0.9788
N81910 X-0.3843 Y0.977
N81915 X-0.3685 Y0.9691
N81920 X-0.3606 Y0.9649
N81925 X-0.3419 Y0.955
N81930 X-0.3368 Y0.9515
N81935 X-0.3204 Y0.9391
N81940 X-0.313 Y0.9324
N81945 X-0.3038 Y0.9233
N81950 X-0.2959 Y0.9153
N81955 X-0.2884 Y0.9074
N81960 X-0.2822 Y0.8995
N81965 X-0.271 Y0.8836
N81970 X-0.2666 Y0.8757
N81975 X-0.2575 Y0.8584
N81980 X-0.2545 Y0.8519
N81985 X-0.2471 Y0.8361
N81990 X-0.2445 Y0.8282
N81995 X-0.2404 Y0.8123
N82000 X-0.2388 Y0.8044
N82005 X-0.2362 Y0.7885
N82010 X-0.235 Y0.7806
N82015 X-0.233 Y0.7648
N82020 X-0.2325 Y0.7568
N82025 X-0.2323 Y0.7331
N82030 Y0.527
N82035 X-0.2324 Y0.5032
N82040 X-0.233 Y0.4953
N82045 X-0.2347 Y0.4795
N82050 X-0.2357 Y0.4715
N82055 X-0.238 Y0.4557
N82060 X-0.2397 Y0.4478
N82065 X-0.2443 Y0.4319
N82070 X-0.2471 Y0.424
N82075 X-0.2538 Y0.4081
N82080 X-0.2575 Y0.4
N82085 X-0.2674 Y0.3803
N82090 X-0.2686 Y0.3784
N82095 X-0.27 Y0.3764
N82100 X-0.282 Y0.3606
N82105 X-0.2892 Y0.3512
N82110 X-0.2943 Y0.3447
N82115 X-0.2972 Y0.3415
N82120 X-0.3051 Y0.3327
N82125 X-0.313 Y0.3242
N82130 X-0.3209 Y0.3157
N82135 X-0.3303 Y0.3051
N82140 X-0.3368 Y0.2971
N82145 X-0.3447 Y0.2871
N82150 X-0.3491 Y0.2813
N82155 X-0.3526 Y0.2765
N82160 X-0.3701 Y0.2496
N82165 X-0.3749 Y0.2417
N82170 X-0.3764 Y0.2391
N82175 X-0.3843 Y0.2245
N82180 X-0.3876 Y0.2179
N82185 X-0.3982 Y0.1942
N82190 X-0.4016 Y0.1862
N82195 X-0.4048 Y0.1783
N82200 X-0.4081 Y0.1692
N82205 X-0.4103 Y0.1625
N82210 X-0.4173 Y0.1387
N82215 X-0.4193 Y0.1308
N82220 X-0.424 Y0.1122
N82225 X-0.425 Y0.107
N82230 X-0.429 Y0.0832
N82235 X-0.4297 Y0.0753
N82240 X-0.4317 Y0.0515
N82245 X-0.4319 Y0.0479
N82250 X-0.4326 Y0.0277
N82255 X-0.4325 Y0.0198
N82260 X-0.4319 Y0.0007
N82265 X-0.4315 Y-0.004
N82270 X-0.4294 Y-0.0277
N82275 X-0.4282 Y-0.0357
N82280 X-0.4256 Y-0.0515
N82285 X-0.4242 Y-0.0594
N82290 X-0.4186 Y-0.0832
N82295 X-0.416 Y-0.0923
N82300 X-0.4117 Y-0.107
N82305 X-0.4092 Y-0.1149
N82310 X-0.4063 Y-0.1228
N82315 X-0.4034 Y-0.1308
N82320 X-0.4002 Y-0.1389
N82325 X-0.3968 Y-0.1466
N82330 X-0.3896 Y-0.1625
N82335 X-0.3858 Y-0.1704
N82340 X-0.3764 Y-0.1875
N82345 X-0.3726 Y-0.1942
N82350 X-0.3685 Y-0.2008
N82355 X-0.3574 Y-0.2179
N82360 X-0.3522 Y-0.2259
N82365 X-0.3465 Y-0.2338
N82370 X-0.3336 Y-0.2496
N82375 X-0.327 Y-0.2576
N82380 X-0.3209 Y-0.2648
N82385 X-0.3203 Y-0.2655
N82390 X-0.3127 Y-0.2734
N82395 X-0.3049 Y-0.2813
N82400 X-0.2965 Y-0.2893
N82405 X-0.2892 Y-0.2959
N82410 X-0.2786 Y-0.3051
N82415 X-0.2734 Y-0.3096
N82420 X-0.2655 Y-0.3162
N82425 X-0.2575 Y-0.3219
N82430 X-0.2417 Y-0.3331
N82435 X-0.236 Y-0.3368
N82440 X-0.21 Y-0.3528
N82445 X-0.2021 Y-0.3569
N82450 X-0.1941 Y-0.361
N82455 X-0.1862 Y-0.365
N82460 X-0.1787 Y-0.3685
N82465 X-0.1545 Y-0.3783
N82470 X-0.1466 Y-0.3812
N82475 X-0.1308 Y-0.3867
N82480 X-0.1228 Y-0.3893
N82485 X-0.1149 Y-0.3915
N82490 X-0.0991 Y-0.3955
N82495 X-0.0911 Y-0.3972
N82500 X-0.0753 Y-0.4005
N82505 X-0.0674 Y-0.4019
N82510 X-0.0436 Y-0.4049
N82515 X-0.0357 Y-0.4055
N82520 X-0.0198 Y-0.4064
N82525 X-0.0119 Y-0.4068
N82530 X0.0119
N82535 X0.0198 Y-0.4064
N82540 X0.0357 Y-0.4055
N82545 X0.0436 Y-0.4049
N82550 X0.0674 Y-0.4019
N82555 X0.0753 Y-0.4005
N82560 X0.0911 Y-0.3972
N82565 X0.0991 Y-0.3955
N82570 X0.1149 Y-0.3915
N82575 X0.1228 Y-0.3893
N82580 X0.1308 Y-0.3867
N82585 X0.1466 Y-0.3812
N82590 X0.1545 Y-0.3783
N82595 X0.1787 Y-0.3685
N82600 X0.1862 Y-0.365
N82605 X0.195 Y-0.3606
N82610 X0.2021 Y-0.3569
N82615 X0.2101 Y-0.3527
N82620 X0.236 Y-0.3368
N82625 X0.2417 Y-0.3331
N82630 X0.2589 Y-0.321
N82635 X0.2655 Y-0.3162
N82640 X0.2734 Y-0.3096
N82645 X0.2786 Y-0.3051
N82650 X0.2892 Y-0.2959
N82655 X0.2972 Y-0.2886
N82660 X0.3051 Y-0.2812
N82665 X0.313 Y-0.2731
N82670 X0.3203 Y-0.2655
N82675 X0.3209 Y-0.2648
N82680 X0.3289 Y-0.2553
N82685 X0.3336 Y-0.2496
N82690 X0.3465 Y-0.2338
N82695 X0.3526 Y-0.2252
N82700 X0.3574 Y-0.2179
N82705 X0.3685 Y-0.2008
N82710 X0.3726 Y-0.1942
N82715 X0.3771 Y-0.1862
N82720 X0.3858 Y-0.1704
N82725 X0.3896 Y-0.1625
N82730 X0.3968 Y-0.1466
N82735 X0.4003 Y-0.1387
N82740 X0.4034 Y-0.1308
N82745 X0.4081 Y-0.118
N82750 X0.4092 Y-0.1149
N82755 X0.4117 Y-0.107
N82760 X0.4164 Y-0.0911
N82765 X0.4186 Y-0.0832
N82770 X0.4242 Y-0.0594
N82775 X0.4256 Y-0.0515
N82780 X0.4282 Y-0.0357
N82785 X0.4294 Y-0.0277
N82790 X0.4315 Y-0.004
N82795 X0.4319 Y0.0007
N82800 X0.4325 Y0.0198
N82805 X0.4326 Y0.0277
N82810 X0.4319 Y0.048
N82815 X0.4317 Y0.0515
N82820 X0.4297 Y0.0753
N82825 X0.429 Y0.0832
N82830 X0.425 Y0.107
N82835 X0.424 Y0.1122
N82840 X0.4193 Y0.1308
N82845 X0.4173 Y0.1387
N82850 X0.4103 Y0.1625
N82855 X0.4081 Y0.1692
N82860 X0.4048 Y0.1783
N82865 X0.4016 Y0.1862
N82870 X0.3982 Y0.1942
N82875 X0.3876 Y0.2179
N82880 X0.3843 Y0.2245
N82885 X0.3764 Y0.2391
N82890 X0.3749 Y0.2417
N82895 X0.3701 Y0.2496
N82900 X0.3526 Y0.2765
N82905 X0.3491 Y0.2813
N82910 X0.3447 Y0.2871
N82915 X0.3367 Y0.2972
N82920 X0.3303 Y0.3051
N82925 X0.3209 Y0.3157
N82930 X0.3051 Y0.3327
N82935 X0.2972 Y0.3415
N82940 X0.2943 Y0.3447
N82945 X0.2881 Y0.3527
N82950 X0.2813 Y0.3615
N82955 X0.27 Y0.3764
N82960 X0.2686 Y0.3784
N82965 X0.2674 Y0.3803
N82970 X0.2574 Y0.4002
N82975 X0.2538 Y0.4081
N82980 X0.2471 Y0.424
N82985 X0.2443 Y0.4319
N82990 X0.2397 Y0.4478
N82995 X0.238 Y0.4557
N83000 X0.2357 Y0.4715
N83005 X0.2347 Y0.4795
N83010 X0.233 Y0.4953
N83015 X0.2324 Y0.5032
N83020 X0.2323 Y0.527
N83025 Y0.7331
N83030 X0.2325 Y0.7568
N83035 X0.233 Y0.7648
N83040 X0.235 Y0.7806
N83045 X0.2362 Y0.7885
N83050 X0.2388 Y0.8044
N83055 X0.2404 Y0.8123
N83060 X0.2445 Y0.8282
N83065 X0.2471 Y0.8361
N83070 X0.2545 Y0.8519
N83075 X0.2575 Y0.8584
N83080 X0.2666 Y0.8757
N83085 X0.271 Y0.8836
N83090 X0.2822 Y0.8995
N83095 X0.2884 Y0.9074
N83100 X0.2959 Y0.9153
N83105 X0.3051 Y0.9246
N83110 X0.313 Y0.9324
N83115 X0.3204 Y0.9391
N83120 X0.3368 Y0.9515
N83125 X0.3419 Y0.955
N83130 X0.3606 Y0.9649
N83135 X0.3685 Y0.9691
N83140 X0.3843 Y0.977
N83145 X0.3885 Y0.9788
N83150 X0.3923 Y0.98
N83155 X0.4081 Y0.9845
N83160 X0.416 Y0.9865
N83165 X0.4319 Y0.9892
N83170 X0.4398 Y0.9905
N83175 X0.4557 Y0.9927
N83180 X0.4636 Y0.9937
N83185 X0.4873 Y0.9941
N83190 X1.0658
N83195 X1.0896 Y0.994
N83200 X1.0975 Y0.9935
N83205 X1.1134 Y0.992
N83210 X1.1213 Y0.9911
N83215 X1.1451 Y0.9884
N83220 X1.1609 Y0.9865
N83225 X1.1688 Y0.9854
N83230 X1.1847 Y0.9813
N83235 X1.1926 Y0.9792
N83240 X1.2402 Y0.9626
N83245 X1.2481 Y0.9593
N83250 X1.2639 Y0.9525
N83255 X1.2719 Y0.9481
N83260 X1.2877 Y0.9383
N83265 X1.3036 Y0.9284
N83270 X1.3117 Y0.9233
N83275 X1.3194 Y0.9182
N83280 X1.3353 Y0.9068
N83285 X1.3432 Y0.9006
N83290 X1.3524 Y0.8916
N83295 X1.3762 Y0.8678
N83300 X1.3907 Y0.8532
N83305 X1.3919 Y0.8519
N83310 X1.4096 Y0.8282
N83315 X1.4146 Y0.8202
N83320 X1.4303 Y0.7952
N83325 X1.4394 Y0.7806
N83330 X1.4435 Y0.7727
N83335 X1.4506 Y0.7568
N83340 X1.4537 Y0.7489
N83345 X1.47 Y0.7026
N83350 X1.4746 Y0.6855
N83355 X1.4766 Y0.6776
N83360 X1.4796 Y0.6538
N83365 X1.4823 Y0.63
N83370 X1.4847 Y0.6063
N83375 X1.4851 Y0.5983
N83380 X1.4852 Y0.5746
N83385 Y-0.5746
N83390 X1.4851 Y-0.5983
N83395 X1.4847 Y-0.6063
N83400 X1.4823 Y-0.63
N83405 X1.4796 Y-0.6538
N83410 X1.4766 Y-0.6776
N83415 X1.4746 Y-0.6855
N83420 X1.47 Y-0.7026
N83425 X1.4537 Y-0.7489
N83430 X1.4506 Y-0.7568
N83435 X1.4435 Y-0.7727
N83440 X1.4394 Y-0.7806
N83445 X1.4224 Y-0.8078
N83450 X1.4145 Y-0.8204
N83455 X1.4096 Y-0.8282
N83460 X1.3919 Y-0.8519
N83465 X1.3907 Y-0.8532
N83470 X1.3749 Y-0.8691
N83475 X1.3524 Y-0.8916
N83480 X1.3432 Y-0.9006
N83485 X1.3353 Y-0.9068
N83490 X1.3194 Y-0.9182
N83495 X1.3115 Y-0.9234
N83500 X1.2956 Y-0.9334
N83505 X1.2864 Y-0.9391
N83510 X1.2719 Y-0.9481
N83515 X1.2639 Y-0.9525
N83520 X1.2481 Y-0.9593
N83525 X1.2402 Y-0.9626
N83530 X1.1926 Y-0.9792
N83535 X1.1847 Y-0.9813
N83540 X1.1688 Y-0.9854
N83545 X1.1609 Y-0.9865
N83550 X1.1451 Y-0.9884
N83555 X1.1213 Y-0.9911
N83560 X1.1134 Y-0.992
N83565 X1.0975 Y-0.9935
N83570 X1.0896 Y-0.994
N83575 X1.0658 Y-0.9941
N83580 X-1.0658
N83585 X-1.0896 Y-0.994
N83590 X-1.0975 Y-0.9935
N83595 X-1.1134 Y-0.992
N83600 X-1.1213 Y-0.9911
N83605 X-1.1451 Y-0.9884
N83610 X-1.1609 Y-0.9865
N83615 X-1.1688 Y-0.9854
N83620 X-1.1847 Y-0.9813
N83625 X-1.1926 Y-0.9792
N83630 X-1.2402 Y-0.9626
N83635 X-1.2481 Y-0.9593
N83640 X-1.2639 Y-0.9525
N83645 X-1.2719 Y-0.9481
N83650 X-1.2877 Y-0.9383
N83655 X-1.3036 Y-0.9284
N83660 X-1.3117 Y-0.9233
N83665 X-1.3194 Y-0.9182
N83670 X-1.3353 Y-0.9068
N83675 X-1.3432 Y-0.9006
N83680 X-1.3524 Y-0.8916
N83685 X-1.365 Y-0.879
N83690 X-1.3679 Y-0.8767
N83695 X-1.371 Y-0.8749
N83700 X-1.3738 Y-0.8742 Z-0.0313
N83705 X-1.3766 Y-0.8734 Z-0.0308
N83710 X-1.3793 Y-0.8727 Z-0.0299
N83715 X-1.3811 Z-0.0291
N83720 X-1.3843 Y-0.8732 Z-0.0271
N83725 X-1.3871 Y-0.8738 Z-0.0247
N83730 X-1.3895 Y-0.8742 Z-0.0219
N83735 X-1.3913 Y-0.8751 Z-0.0187
N83740 X-1.3926 Y-0.8757 Z-0.0153
N83745 X-1.3934 Y-0.8761 Z-0.0116
N83750 X-1.3936 Y-0.8763 Z-0.0079
N83755 Z0.1969
N83760 X-1.3675 Y-1.0535
N83765 Z0.0319
N83770 Z0.0083
N83775 X-1.3674 Y-1.0532 Z0.0046
N83780 X-1.3672 Y-1.0524 Z0.001
N83785 X-1.3668 Y-1.051 Z-0.0025
N83790 X-1.3663 Y-1.0491 Z-0.0056
N83795 X-1.3657 Y-1.0468 Z-0.0084
N83800 X-1.365 Y-1.0441 Z-0.0108
N83805 X-1.3643 Y-1.041 Z-0.0128
N83810 X-1.3634 Y-1.0377 Z-0.0142
N83815 X-1.3625 Y-1.0342 Z-0.0151
N83820 X-1.3616 Y-1.0306 Z-0.0154
N83825 G3 X-1.3431 Y-0.902 I-0.5842 J0.1496
N83830 G1 Y-0.8961
N83835 X-1.3458 Y-0.8837
N83840 X-1.3512 Y-0.8721
N83845 X-1.3592 Y-0.8622
N83850 X-1.3694 Y-0.8519
N83855 X-1.3765 Y-0.844
N83860 X-1.3905 Y-0.8282
N83865 X-1.3907 Y-0.8278
N83870 X-1.4066 Y-0.8029
N83875 X-1.4224 Y-0.7777
N83880 X-1.4251 Y-0.7727
N83885 X-1.4332 Y-0.7568
N83890 X-1.4367 Y-0.7489
N83895 X-1.4395 Y-0.741
N83900 X-1.4506 Y-0.7093
N83905 X-1.4533 Y-0.7014
N83910 X-1.458 Y-0.6855
N83915 X-1.4602 Y-0.6776
N83920 X-1.4635 Y-0.6538
N83925 X-1.4661 Y-0.63
N83930 X-1.4686 Y-0.6063
N83935 X-1.4689 Y-0.5983
N83940 X-1.4691 Y-0.5746
N83945 Y0.5746
N83950 X-1.4689 Y0.5983
N83955 X-1.4686 Y0.6063
N83960 X-1.4661 Y0.63
N83965 X-1.4635 Y0.6538
N83970 X-1.4602 Y0.6776
N83975 X-1.458 Y0.6855
N83980 X-1.4533 Y0.7014
N83985 X-1.4506 Y0.7093
N83990 X-1.4395 Y0.741
N83995 X-1.4367 Y0.7489
N84000 X-1.4332 Y0.7568
N84005 X-1.4251 Y0.7727
N84010 X-1.4224 Y0.7777
N84015 X-1.4056 Y0.8044
N84020 X-1.3907 Y0.8278
N84025 X-1.3905 Y0.8282
N84030 X-1.3749 Y0.8458
N84035 X-1.3694 Y0.8519
N84040 X-1.3432 Y0.8782
N84045 X-1.3372 Y0.8836
N84050 X-1.3186 Y0.8995
N84055 X-1.3115 Y0.9044
N84060 X-1.2798 Y0.9244
N84065 X-1.2689 Y0.9312
N84070 X-1.2639 Y0.9341
N84075 X-1.2481 Y0.9419
N84080 X-1.2402 Y0.9455
N84085 X-1.2085 Y0.9567
N84090 X-1.1926 Y0.9622
N84095 X-1.1905 Y0.9629
N84100 X-1.1688 Y0.969
N84105 X-1.1609 Y0.9702
N84110 X-1.1451 Y0.9723
N84115 X-1.1292 Y0.9741
N84120 X-1.1213 Y0.975
N84125 X-1.1134 Y0.9758
N84130 X-1.0975 Y0.9773
N84135 X-1.0896 Y0.9779
N84140 X-1.0658 Y0.978
N84145 X-0.4873
N84150 X-0.4636 Y0.9776
N84155 X-0.4557 Y0.9766
N84160 X-0.4477 Y0.9756
N84165 X-0.4398 Y0.9744
N84170 X-0.424 Y0.9714
N84175 X-0.416 Y0.9698
N84180 X-0.4081 Y0.9676
N84185 X-0.3923 Y0.9628
N84190 X-0.3843 Y0.9592
N84195 X-0.3685 Y0.9516
N84200 X-0.3606 Y0.9467
N84205 X-0.3447 Y0.9368
N84210 X-0.3366 Y0.9312
N84215 X-0.3289 Y0.9252
N84220 X-0.3209 Y0.9182
N84225 X-0.3179 Y0.9153
N84230 X-0.31 Y0.9074
N84235 X-0.3051 Y0.9021
N84240 X-0.2964 Y0.8916
N84245 X-0.2909 Y0.8836
N84250 X-0.2892 Y0.8812
N84255 X-0.281 Y0.8678
N84260 X-0.2762 Y0.8599
N84265 X-0.2734 Y0.8551
N84270 X-0.2718 Y0.8519
N84275 X-0.2644 Y0.8361
N84280 X-0.2616 Y0.8282
N84285 X-0.2572 Y0.8123
N84290 X-0.2554 Y0.8044
N84295 X-0.2524 Y0.7885
N84300 X-0.2512 Y0.7806
N84305 X-0.2492 Y0.7648
N84310 X-0.2486 Y0.7568
N84315 X-0.2484 Y0.7331
N84320 Y0.527
N84325 X-0.2485 Y0.5032
N84330 X-0.2491 Y0.4953
N84335 X-0.2508 Y0.4795
N84340 X-0.2519 Y0.4715
N84345 X-0.2544 Y0.4557
N84350 X-0.2564 Y0.4478
N84355 X-0.2615 Y0.4319
N84360 X-0.2645 Y0.424
N84365 X-0.2711 Y0.4081
N84370 X-0.2734 Y0.4034
N84375 X-0.2844 Y0.3844
N84380 X-0.2892 Y0.3773
N84385 X-0.2972 Y0.367
N84390 X-0.3051 Y0.3569
N84395 X-0.3209 Y0.3393
N84400 X-0.3301 Y0.3289
N84405 X-0.3507 Y0.3051
N84410 X-0.3526 Y0.3027
N84415 X-0.3685 Y0.2807
N84420 X-0.3735 Y0.2734
N84425 X-0.3883 Y0.2496
N84430 X-0.3927 Y0.2417
N84435 X-0.4013 Y0.2259
N84440 X-0.4051 Y0.2179
N84445 X-0.416 Y0.192
N84450 X-0.4247 Y0.1704
N84455 X-0.4275 Y0.1625
N84460 X-0.4334 Y0.1387
N84465 X-0.4398 Y0.1129
N84470 X-0.441 Y0.107
N84475 X-0.4446 Y0.0832
N84480 X-0.4454 Y0.0753
N84485 X-0.4467 Y0.0594
N84490 X-0.4473 Y0.0515
N84495 X-0.449 Y0.0277
N84500 X-0.4486 Y0.0198
N84505 X-0.4471 Y-0.004
N84510 X-0.4453 Y-0.0277
N84515 X-0.4442 Y-0.0357
N84520 X-0.4417 Y-0.0515
N84525 X-0.4403 Y-0.0594
N84530 X-0.4319 Y-0.0952
N84535 X-0.4309 Y-0.0991
N84540 X-0.4288 Y-0.107
N84545 X-0.4264 Y-0.1149
N84550 X-0.416 Y-0.1409
N84555 X-0.4072 Y-0.1625
N84560 X-0.4038 Y-0.1704
N84565 X-0.4002 Y-0.1772
N84570 X-0.3907 Y-0.1942
N84575 X-0.3843 Y-0.2048
N84580 X-0.3763 Y-0.2179
N84585 X-0.3712 Y-0.2259
N84590 X-0.3539 Y-0.2496
N84595 X-0.3526 Y-0.2513
N84600 X-0.3289 Y-0.2793
N84605 X-0.3201 Y-0.2893
N84610 X-0.3113 Y-0.2972
N84615 X-0.3024 Y-0.3051
N84620 X-0.2972 Y-0.3097
N84625 X-0.2734 Y-0.3301
N84630 X-0.2651 Y-0.3368
N84635 X-0.2575 Y-0.3417
N84640 X-0.2338 Y-0.3565
N84645 X-0.21 Y-0.3711
N84650 X-0.2021 Y-0.3749
N84655 X-0.1809 Y-0.3844
N84660 X-0.1545 Y-0.3953
N84665 X-0.1466 Y-0.3981
N84670 X-0.1308 Y-0.4033
N84675 X-0.1228 Y-0.4057
N84680 X-0.0991 Y-0.4114
N84685 X-0.0753 Y-0.4169
N84690 X-0.0674 Y-0.4183
N84695 X-0.0436 Y-0.4204
N84700 X-0.0198 Y-0.4223
N84705 X-0.0119 Y-0.4228
N84710 X0.0119
N84715 X0.0198 Y-0.4223
N84720 X0.0436 Y-0.4204
N84725 X0.0674 Y-0.4183
N84730 X0.0753 Y-0.4169
N84735 X0.0991 Y-0.4114
N84740 X0.1228 Y-0.4057
N84745 X0.1308 Y-0.4033
N84750 X0.1466 Y-0.3981
N84755 X0.1545 Y-0.3953
N84760 X0.1809 Y-0.3844
N84765 X0.2021 Y-0.3749
N84770 X0.21 Y-0.3711
N84775 X0.2338 Y-0.3565
N84780 X0.2575 Y-0.3417
N84785 X0.2651 Y-0.3368
N84790 X0.2734 Y-0.3301
N84795 X0.2972 Y-0.3097
N84800 X0.3024 Y-0.3051
N84805 X0.313 Y-0.2957
N84810 X0.3201 Y-0.2893
N84815 X0.3289 Y-0.2793
N84820 X0.3526 Y-0.2513
N84825 X0.3539 Y-0.2496
N84830 X0.3712 Y-0.2259
N84835 X0.3764 Y-0.2178
N84840 X0.386 Y-0.2021
N84845 X0.3907 Y-0.1942
N84850 X0.4002 Y-0.1772
N84855 X0.4038 Y-0.1704
N84860 X0.4072 Y-0.1625
N84865 X0.4169 Y-0.1387
N84870 X0.4264 Y-0.1149
N84875 X0.4288 Y-0.107
N84880 X0.4309 Y-0.0991
N84885 X0.4347 Y-0.0832
N84890 X0.4403 Y-0.0594
N84895 X0.4417 Y-0.0515
N84900 X0.4442 Y-0.0357
N84905 X0.4453 Y-0.0277
N84910 X0.4471 Y-0.004
N84915 X0.4486 Y0.0198
N84920 X0.449 Y0.0277
N84925 X0.4473 Y0.0515
N84930 X0.4467 Y0.0594
N84935 X0.4454 Y0.0753
N84940 X0.4446 Y0.0832
N84945 X0.441 Y0.107
N84950 X0.4398 Y0.1129
N84955 X0.4295 Y0.1545
N84960 X0.4275 Y0.1625
N84965 X0.4247 Y0.1704
N84970 X0.4151 Y0.1942
N84975 X0.4051 Y0.2179
N84980 X0.4013 Y0.2259
N84985 X0.3923 Y0.2425
N84990 X0.3883 Y0.2496
N84995 X0.3735 Y0.2734
N85000 X0.368 Y0.2813
N85005 X0.3526 Y0.3027
N85010 X0.3507 Y0.3051
N85015 X0.3289 Y0.3303
N85020 X0.3209 Y0.3393
N85025 X0.3051 Y0.3569
N85030 X0.296 Y0.3685
N85035 X0.2892 Y0.3773
N85040 X0.2844 Y0.3844
N85045 X0.2734 Y0.4034
N85050 X0.2711 Y0.4081
N85055 X0.2645 Y0.424
N85060 X0.2615 Y0.4319
N85065 X0.2564 Y0.4478
N85070 X0.2544 Y0.4557
N85075 X0.2519 Y0.4715
N85080 X0.2508 Y0.4795
N85085 X0.2491 Y0.4953
N85090 X0.2485 Y0.5032
N85095 X0.2484 Y0.527
N85100 Y0.7331
N85105 X0.2486 Y0.7568
N85110 X0.2492 Y0.7648
N85115 X0.2512 Y0.7806
N85120 X0.2524 Y0.7885
N85125 X0.2554 Y0.8044
N85130 X0.2572 Y0.8123
N85135 X0.2616 Y0.8282
N85140 X0.2644 Y0.8361
N85145 X0.2718 Y0.8519
N85150 X0.2734 Y0.8551
N85155 X0.2762 Y0.8599
N85160 X0.2859 Y0.8757
N85165 X0.2892 Y0.8812
N85170 X0.2909 Y0.8836
N85175 X0.2964 Y0.8916
N85180 X0.3051 Y0.9021
N85185 X0.31 Y0.9074
N85190 X0.3179 Y0.9153
N85195 X0.3209 Y0.9182
N85200 X0.3289 Y0.9252
N85205 X0.3368 Y0.9313
N85210 X0.3447 Y0.9368
N85215 X0.3611 Y0.947
N85220 X0.3685 Y0.9516
N85225 X0.3843 Y0.9592
N85230 X0.3923 Y0.9628
N85235 X0.4081 Y0.9676
N85240 X0.416 Y0.9698
N85245 X0.4319 Y0.9729
N85250 X0.4398 Y0.9744
N85255 X0.4477 Y0.9756
N85260 X0.4557 Y0.9766
N85265 X0.4636 Y0.9776
N85270 X0.4873 Y0.978
N85275 X1.0658
N85280 X1.0896 Y0.9779
N85285 X1.0975 Y0.9773
N85290 X1.1134 Y0.9758
N85295 X1.1213 Y0.975
N85300 X1.1371 Y0.9732
N85305 X1.1451 Y0.9723
N85310 X1.1609 Y0.9702
N85315 X1.1688 Y0.969
N85320 X1.1905 Y0.9629
N85325 X1.1926 Y0.9622
N85330 X1.2359 Y0.947
N85335 X1.2402 Y0.9455
N85340 X1.2481 Y0.9419
N85345 X1.2639 Y0.9341
N85350 X1.2689 Y0.9312
N85355 X1.2956 Y0.9144
N85360 X1.3115 Y0.9044
N85365 X1.3186 Y0.8995
N85370 X1.3372 Y0.8836
N85375 X1.3432 Y0.8782
N85380 X1.3694 Y0.8519
N85385 X1.3765 Y0.844
N85390 X1.3905 Y0.8282
N85395 X1.3907 Y0.8278
N85400 X1.4066 Y0.8029
N85405 X1.4224 Y0.7777
N85410 X1.4251 Y0.7727
N85415 X1.4332 Y0.7568
N85420 X1.4367 Y0.7489
N85425 X1.4395 Y0.741
N85430 X1.4506 Y0.7093
N85435 X1.4533 Y0.7014
N85440 X1.458 Y0.6855
N85445 X1.4602 Y0.6776
N85450 X1.4635 Y0.6538
N85455 X1.4661 Y0.63
N85460 X1.4686 Y0.6063
N85465 X1.4689 Y0.5983
N85470 X1.4691 Y0.5746
N85475 Y-0.5746
N85480 X1.4689 Y-0.5983
N85485 X1.4686 Y-0.6063
N85490 X1.4661 Y-0.63
N85495 X1.4635 Y-0.6538
N85500 X1.4602 Y-0.6776
N85505 X1.458 Y-0.6855
N85510 X1.4533 Y-0.7014
N85515 X1.4506 Y-0.7093
N85520 X1.4395 Y-0.741
N85525 X1.4367 Y-0.7489
N85530 X1.4332 Y-0.7568
N85535 X1.4251 Y-0.7727
N85540 X1.4224 Y-0.7777
N85545 X1.4056 Y-0.8044
N85550 X1.3907 Y-0.8278
N85555 X1.3905 Y-0.8282
N85560 X1.3749 Y-0.8458
N85565 X1.3694 Y-0.8519
N85570 X1.3432 Y-0.8782
N85575 X1.3372 Y-0.8836
N85580 X1.3186 Y-0.8995
N85585 X1.3115 Y-0.9044
N85590 X1.2798 Y-0.9244
N85595 X1.2689 Y-0.9312
N85600 X1.2639 Y-0.9341
N85605 X1.2481 Y-0.9419
N85610 X1.2402 Y-0.9455
N85615 X1.2085 Y-0.9567
N85620 X1.1926 Y-0.9622
N85625 X1.1905 Y-0.9629
N85630 X1.1688 Y-0.969
N85635 X1.1609 Y-0.9702
N85640 X1.1451 Y-0.9723
N85645 X1.1292 Y-0.9741
N85650 X1.1213 Y-0.975
N85655 X1.1134 Y-0.9758
N85660 X1.0975 Y-0.9773
N85665 X1.0896 Y-0.9779
N85670 X1.0658 Y-0.978
N85675 X-1.0658
N85680 X-1.0896 Y-0.9779
N85685 X-1.0975 Y-0.9773
N85690 X-1.1134 Y-0.9758
N85695 X-1.1213 Y-0.975
N85700 X-1.1371 Y-0.9732
N85705 X-1.1451 Y-0.9723
N85710 X-1.1609 Y-0.9702
N85715 X-1.1688 Y-0.969
N85720 X-1.1905 Y-0.9629
N85725 X-1.1926 Y-0.9622
N85730 X-1.2359 Y-0.947
N85735 X-1.2402 Y-0.9455
N85740 X-1.2481 Y-0.9419
N85745 X-1.2639 Y-0.9341
N85750 X-1.2689 Y-0.9312
N85755 X-1.2956 Y-0.9144
N85760 X-1.3115 Y-0.9044
N85765 X-1.3186 Y-0.8995
N85770 X-1.3372 Y-0.8836
N85775 X-1.3432 Y-0.8782
N85780 X-1.3592 Y-0.8622
N85785 X-1.362 Y-0.8599
N85790 X-1.3652 Y-0.8581
N85795 X-1.368 Y-0.8573 Z-0.0152
N85800 X-1.3708 Y-0.8566 Z-0.0146
N85805 X-1.3734 Y-0.8559 Z-0.0137
N85810 X-1.3753 Y-0.8558 Z-0.0129
N85815 X-1.3784 Y-0.8564 Z-0.011
N85820 X-1.3813 Y-0.8569 Z-0.0086
N85825 X-1.3837 Y-0.8574 Z-0.0057
N85830 X-1.3854 Y-0.8582 Z-0.0026
N85835 X-1.3867 Y-0.8589 Z0.0009
N85840 X-1.3875 Y-0.8593 Z0.0045
N85845 X-1.3878 Y-0.8594 Z0.0083
N85850 Z0.1969
N85855 X-1.7098 Y-1.3352
N85860 Z-0.252
N85865 Z-0.2756
N85870 Y-1.335 Z-0.2793
N85875 X-1.7095 Y-1.3341 Z-0.2829
N85880 X-1.7092 Y-1.3327 Z-0.2863
N85885 X-1.7087 Y-1.3309 Z-0.2895
N85890 X-1.7081 Y-1.3285 Z-0.2923
N85895 X-1.7074 Y-1.3258 Z-0.2947
N85900 X-1.7066 Y-1.3227 Z-0.2966
N85905 X-1.7058 Y-1.3194 Z-0.2981
N85910 X-1.7049 Y-1.3159 Z-0.2989
N85915 X-1.704 Y-1.3124 Z-0.2992
N85920 G3 X-1.6855 Y-1.1838 I-0.5842 J0.1496
N85925 G1 Y-1.1781
N85930 X-1.7064 Y-1.1502
N85935 X-1.7221 Y-1.119
N85940 X-1.7333 Y-1.086
N85945 X-1.7412 Y-1.052
N85950 X-1.7465 Y-1.0175
N85955 X-1.75 Y-0.9828
N85960 X-1.7523 Y-0.948
N85965 X-1.7537 Y-0.9132
N85970 X-1.7547 Y-0.8783
N85975 X-1.7553 Y-0.8434
N85980 X-1.7557 Y-0.8085
N85985 X-1.7559 Y-0.7736
N85990 X-1.7561 Y-0.7388
N85995 X-1.7562 Y-0.669
N86000 X-1.7563 Y-0.5294
N86005 Y0.7963
N86010 Y0.9707
N86015 X-1.7561 Y0.9794
N86020 X-1.755 Y0.9881
N86025 X-1.7472 Y1.0221
N86030 X-1.7284 Y1.0514
N86035 X-1.7028 Y1.0751
N86040 X-1.6729 Y1.0932
N86045 X-1.6406 Y1.1064
N86050 X-1.607 Y1.1157
N86055 X-1.5727 Y1.1221
N86060 X-1.5381 Y1.1264
N86065 X-1.5033 Y1.1292
N86070 X-1.4685 Y1.1311
N86075 X-1.4336 Y1.1322
N86080 X-1.3988 Y1.133
N86085 X-1.3639 Y1.1335
N86090 X-1.329 Y1.1338
N86095 X-1.2886 Y1.134
N86100 X-1.2855
N86105 X-1.2823 Y1.1342
N86110 X-1.2792 Y1.1345
N86115 X-1.255 Y1.1373
N86120 X-1.2481 Y1.138
N86125 X-1.2243 Y1.1397
N86130 X-1.2085 Y1.1398
N86135 X-0.4873
N86140 X-0.4636 Y1.1394
N86145 X-0.4623 Y1.1392
N86150 X-0.4296 Y1.1368
N86155 X-0.3947 Y1.1358
N86160 X-0.3598 Y1.1353
N86165 X-0.325 Y1.1349
N86170 X-0.2901 Y1.1347
N86175 X-0.2552 Y1.1345
N86180 X-0.1854 Y1.1344
N86185 X-0.0459 Y1.1343
N86190 X0.4209
N86195 X0.4253 Y1.1344
N86200 X0.4297 Y1.1347
N86205 X0.4341 Y1.1353
N86210 X0.4398 Y1.1362
N86215 X0.4557 Y1.1384
N86220 X0.4636 Y1.1394
N86225 X0.4873 Y1.1398
N86230 X1.2164
N86235 X1.2243 Y1.1397
N86240 X1.2322 Y1.1392
N86245 X1.2671 Y1.1384
N86250 X1.302 Y1.1368
N86255 X1.3368 Y1.1359
N86260 X1.3717 Y1.1353
N86265 X1.4066 Y1.1349
N86270 X1.4415 Y1.1347
N86275 X1.4764 Y1.1345
N86280 X1.5462 Y1.1344
N86285 X1.6159 Y1.1343
N86290 X1.6493 Y1.1241
N86295 X1.6778 Y1.1039
N86300 X1.7005 Y1.0775
N86305 X1.7177 Y1.0471
N86310 X1.7302 Y1.0146
N86315 X1.739 Y0.9808
N86320 X1.745 Y0.9464
N86325 X1.749 Y0.9118
N86330 X1.7517 Y0.877
N86335 X1.7534 Y0.8421
N86340 X1.7544 Y0.8073
N86345 X1.7551 Y0.7724
N86350 X1.7556 Y0.7375
N86355 X1.7559 Y0.7026
N86360 X1.756 Y0.6677
N86365 X1.7562 Y0.6329
N86370 X1.7563 Y0.5631
N86375 Y0.3886
N86380 Y-0.4137
N86385 Y-0.9719
N86390 X1.756 Y-0.9806
N86395 X1.7535 Y-0.9979
N86400 X1.7419 Y-1.0308
N86405 X1.7209 Y-1.0586
N86410 X1.6938 Y-1.0807
N86415 X1.6631 Y-1.0973
N86420 X1.6304 Y-1.1094
N86425 X1.5966 Y-1.1178
N86430 X1.5621 Y-1.1235
N86435 X1.5275 Y-1.1273
N86440 X1.4927 Y-1.1298
N86445 X1.4578 Y-1.1315
N86450 X1.4229 Y-1.1325
N86455 X1.3881 Y-1.1331
N86460 X1.3532 Y-1.1336
N86465 X1.3183 Y-1.1338
N86470 X1.2885 Y-1.134
N86475 X1.2854
N86480 X1.2823 Y-1.1342
N86485 X1.2793 Y-1.1345
N86490 X1.255 Y-1.1373
N86495 X1.2481 Y-1.138
N86500 X1.2243 Y-1.1397
N86505 X1.2085 Y-1.1398
N86510 X-1.2164
N86515 X-1.2243 Y-1.1397
N86520 X-1.2322 Y-1.1392
N86525 X-1.2671 Y-1.1384
N86530 X-1.302 Y-1.1368
N86535 X-1.3368 Y-1.1359
N86540 X-1.3717 Y-1.1353
N86545 X-1.4066 Y-1.1349
N86550 X-1.4415 Y-1.1347
N86555 X-1.4764 Y-1.1345
N86560 X-1.5462 Y-1.1344
N86565 X-1.5801 Y-1.1264
N86570 X-1.6104 Y-1.109
N86575 X-1.6357 Y-1.0851
N86580 X-1.6559 Y-1.0566
N86585 X-1.6714 Y-1.0254
N86590 X-1.6829 Y-0.9924
N86595 X-1.6911 Y-0.9585
N86600 X-1.6969 Y-0.9241
N86605 X-1.701 Y-0.8895
N86610 X-1.7037 Y-0.8547
N86615 X-1.7055 Y-0.8198
N86620 X-1.7067 Y-0.785
N86625 X-1.7076 Y-0.7501
N86630 X-1.7081 Y-0.7152
N86635 X-1.7084 Y-0.6803
N86640 X-1.7087 Y-0.6454
N86645 X-1.7088 Y-0.6106
N86650 X-1.709 Y-0.5408
N86655 X-1.7091 Y-0.4361
N86660 Y0.1918
N86665 Y0.4709
N86670 Y0.8896
N86675 X-1.7069 Y0.9244
N86680 X-1.6958 Y0.9575
N86685 X-1.6771 Y0.9869
N86690 X-1.6526 Y1.0117
N86695 X-1.624 Y1.0317
N86700 X-1.5927 Y1.0473
N86705 X-1.5599 Y1.059
N86710 X-1.5261 Y1.0675
N86715 X-1.4917 Y1.0737
N86720 X-1.4571 Y1.078
N86725 X-1.4545 Y1.0782
N86730 X-1.4421 Y1.0802
N86735 X-1.4302 Y1.0839
N86740 X-1.4189 Y1.0893
N86745 X-1.4043 Y1.0976
N86750 X-1.3986 Y1.1008
N86755 X-1.3828 Y1.1069
N86760 X-1.3749 Y1.1097
N86765 X-1.3511 Y1.118
N86770 X-1.3273 Y1.1262
N86775 X-1.3194 Y1.1283
N86780 X-1.3036 Y1.1315
N86785 X-1.2956 Y1.1327
N86790 X-1.2792 Y1.1345
N86795 G3 X-1.2661 Y1.141 Z-0.2961 I-0.0035 J0.0234
N86800 G2 X-1.2499 Y1.1563 Z-0.2913 I0.3979 J-0.406
N86805 X-1.1475 Y1.2302 I0.3818 J-0.4212
N86810 X-1.136 Y1.2332 I0.0116 J-0.0206
N86815 G1 X-0.606 Y1.2362
N86820 G2 X-0.5945 Y1.2333 I0.0001 J-0.0236
N86825 X-0.4916 Y1.1609 I-0.2737 J-0.4982
N86830 X-0.4748 Y1.1455 Z-0.2962 I-0.3766 J-0.4259
N86835 G3 X-0.4623 Y1.1392 Z-0.2992 I0.0163 J0.0171
N86840 G1 X-0.4557 Y1.1384
N86845 X-0.4398 Y1.1362
N86850 X-0.424 Y1.1337
N86855 X-0.416 Y1.1324
N86860 X-0.4081 Y1.1308
N86865 X-0.4016 Y1.1293
N86870 X-0.3923 Y1.1263
N86875 X-0.3843 Y1.1228
N86880 X-0.3764 Y1.1191
N86885 X-0.3662 Y1.1149
N86890 X-0.3566 Y1.1115
N86895 X-0.3446 Y1.1079
N86900 X-0.3292 Y1.1041
N86905 X-0.3087 Y1.1001
N86910 X-0.2799 Y1.0959
N86915 X-0.2451 Y1.0926
N86920 X-0.2103 Y1.0905
N86925 X-0.1754 Y1.0892
N86930 X-0.1406 Y1.0884
N86935 X-0.1057 Y1.0879
N86940 X-0.0708 Y1.0876
N86945 X-0.0359 Y1.0874
N86950 X-0.001 Y1.0873
N86955 X0.0687 Y1.0871
N86960 X0.2083
N86965 X0.292 Y1.087
N86970 X0.3075 Y1.0884
N86975 X0.3226 Y1.0924
N86980 X0.3368 Y1.0989
N86985 X0.3447 Y1.1033
N86990 X0.3645 Y1.1135
N86995 X0.3685 Y1.1154
N87000 X0.3843 Y1.1228
N87005 X0.3923 Y1.1263
N87010 X0.4016 Y1.1293
N87015 X0.4081 Y1.1308
N87020 X0.416 Y1.1324
N87025 X0.4341 Y1.1353
N87030 G3 X0.4538 Y1.1622 Z-0.2913 I-0.0036 J0.0233
N87035 X0.4303 Y1.1823 I-0.0233 J-0.0036
N87040 G1 X-0.3802 Y1.1765
N87045 G3 X-0.4022 Y1.1448 I0.0002 J-0.0236
N87050 G1 X-0.4011 Y1.1421 Z-0.292
N87055 X-0.3996 Y1.1396 Z-0.2926
N87060 G3 X-0.3764 Y1.1191 Z-0.2992 I0.0516 J0.035
N87065 G1 X-0.3685 Y1.1154
N87070 X-0.3645 Y1.1135
N87075 X-0.3447 Y1.1033
N87080 X-0.3368 Y1.0989
N87085 X-0.3348 Y1.0976
N87090 X-0.3289 Y1.0939
N87095 X-0.3259 Y1.0916
N87100 X-0.3193 Y1.087
N87105 X-0.3141 Y1.0838
N87110 X-0.3077 Y1.0802
N87115 X-0.3007 Y1.0768
N87120 X-0.2921 Y1.073
N87125 X-0.2814 Y1.069
N87130 X-0.2689 Y1.0649
N87135 X-0.2528 Y1.0605
N87140 X-0.2326 Y1.0561
N87145 X-0.2055 Y1.0515
N87150 X-0.1708 Y1.0474
N87155 X-0.1361 Y1.0448
N87160 X-0.1012 Y1.043
N87165 X-0.0663 Y1.0419
N87170 X-0.0315 Y1.0412
N87175 X0.0034 Y1.0407
N87180 X0.0383 Y1.0404
N87185 X0.0732 Y1.0402
N87190 X0.1081 Y1.0401
N87195 X0.1779 Y1.0399
N87200 X0.2127
N87205 X0.237 Y1.0401
N87210 X0.2504 Y1.0413
N87215 X0.2634 Y1.0445
N87220 X0.2758 Y1.0497
N87225 X0.2872 Y1.0567
N87230 X0.2975 Y1.0655
N87235 X0.3058 Y1.0739
N87240 X0.313 Y1.0807
N87245 G3 X0.3126 Y1.1141 Z-0.2913 I-0.0169 J0.0165
N87250 X0.2966 Y1.1208 I-0.0165 J-0.0169
N87255 G1 X-0.3103 Y1.1334
N87260 G3 X-0.3291 Y1.1248 I-0.0005 J-0.0236
N87265 X-0.3259 Y1.0916 Z-0.2992 I0.0182 J-0.015
N87270 G1 X-0.3209 Y1.0878
N87275 X-0.3141 Y1.0818
N87280 X-0.3058 Y1.0739
N87285 X-0.2933 Y1.0612
N87290 X-0.2875 Y1.056
N87295 X-0.283 Y1.0522
N87300 X-0.2782 Y1.0487
N87305 X-0.2722 Y1.0447
N87310 X-0.2655 Y1.0408
N87315 X-0.2579 Y1.0367
N87320 X-0.2482 Y1.0321
N87325 X-0.2373 Y1.0276
N87330 X-0.2244 Y1.023
N87335 X-0.2085 Y1.0182
N87340 X-0.189 Y1.0133
N87345 X-0.1643 Y1.0083
N87350 X-0.1305 Y1.0033
N87355 X-0.0958 Y0.9998
N87360 X-0.061 Y0.9974
N87365 X-0.0261 Y0.9959
N87370 X0.0087 Y0.9948
N87375 X0.0436 Y0.9941
N87380 X0.0785 Y0.9936
N87385 X0.1134 Y0.9932
N87390 X0.1483 Y0.993
N87395 X0.1817
N87400 X0.2002 Y0.9939
N87405 X0.2085 Y0.9947
N87410 X0.2233 Y0.9976
N87415 X0.2373 Y1.0032
N87420 X0.25 Y1.0114
N87425 X0.2609 Y1.0219
N87430 X0.2696 Y1.0342
N87435 X0.2734 Y1.0394
N87440 X0.2813 Y1.0491
N87445 X0.2901 Y1.058
N87450 X0.2975 Y1.0655
N87455 G3 X0.2963 Y1.0988 Z-0.2913 I-0.0173 J0.0161
N87460 X0.28 Y1.1052 I-0.0161 J-0.0173
N87465 G1 X-0.2761 Y1.1009
N87470 G3 X-0.292 Y1.0946 I0.0002 J-0.0236
N87475 X-0.2933 Y1.0612 Z-0.2992 I0.0161 J-0.0173
N87480 G1 X-0.2813 Y1.0491
N87485 X-0.2734 Y1.0394
N87490 X-0.2696 Y1.0342
N87495 X-0.2689 Y1.033
N87500 X-0.2657 Y1.0281
N87505 X-0.2619 Y1.0235
N87510 X-0.2578 Y1.0193
N87515 X-0.2534 Y1.0153
N87520 X-0.2484 Y1.0112
N87525 X-0.2431 Y1.0072
N87530 X-0.2364 Y1.0028
N87535 X-0.2288 Y0.9982
N87540 X-0.2202 Y0.9936
N87545 X-0.2092 Y0.9884
N87550 X-0.1974 Y0.9835
N87555 X-0.183 Y0.9783
N87560 X-0.166 Y0.9731
N87565 X-0.1447 Y0.9677
N87570 X-0.1185 Y0.9624
N87575 X-0.084 Y0.9571
N87580 X-0.0493 Y0.9535
N87585 X-0.0146 Y0.951
N87590 X0.0203 Y0.9492
N87595 X0.0552 Y0.948
N87600 X0.09 Y0.9472
N87605 X0.1249 Y0.9467
N87610 X0.1502 Y0.947
N87615 X0.166 Y0.948
N87620 X0.1793 Y0.9495
N87625 X0.1859 Y0.9506
N87630 X0.1991 Y0.9538
N87635 X0.2116 Y0.959
N87640 X0.2231 Y0.9661
N87645 X0.2334 Y0.9749
N87650 X0.2422 Y0.9852
N87655 X0.2492 Y0.9968
N87660 X0.2575 Y1.0131
N87665 X0.2605 Y1.0184
N87670 X0.2696 Y1.0342
N87675 G3 X0.2597 Y1.0661 Z-0.2913 I-0.0209 J0.011
N87680 X0.2486 Y1.0689 I-0.011 J-0.0209
N87685 G1 X-0.2481 Y1.0677
N87690 G3 X-0.259 Y1.0649 I0.0001 J-0.0236
N87695 X-0.2689 Y1.033 Z-0.2992 I0.011 J-0.0209
N87700 G1 X-0.2605 Y1.0184
N87705 X-0.2575 Y1.0131
N87710 X-0.2522 Y1.0025
N87715 X-0.2492 Y0.9974
N87720 X-0.2459 Y0.9925
N87725 X-0.2422 Y0.9879
N87730 X-0.2383 Y0.9835
N87735 X-0.2341 Y0.9793
N87740 X-0.2291 Y0.9748
N87745 X-0.2237 Y0.9704
N87750 X-0.2171 Y0.9655
N87755 X-0.2096 Y0.9605
N87760 X-0.2011 Y0.9554
N87765 X-0.1907 Y0.9499
N87770 X-0.1795 Y0.9446
N87775 X-0.1651 Y0.9387
N87780 X-0.15 Y0.9332
N87785 X-0.1306 Y0.9274
N87790 X-0.1081 Y0.9217
N87795 X-0.0795 Y0.9159
N87800 X-0.045 Y0.9108
N87805 X-0.0103 Y0.9071
N87810 X0.0245 Y0.9045
N87815 X0.0593 Y0.9026
N87820 X0.0942 Y0.9016
N87825 X0.1194 Y0.9019
N87830 X0.1379 Y0.903
N87835 X0.1508 Y0.9044
N87840 X0.163 Y0.9063
N87845 X0.1726 Y0.9084
N87850 X0.1756 Y0.9092
N87855 X0.1896 Y0.9141
N87860 X0.2025 Y0.9214
N87865 X0.214 Y0.9307
N87870 X0.2237 Y0.9419
N87875 X0.2314 Y0.9546
N87880 X0.2368 Y0.9684
N87885 G3 X0.2199 Y0.9971 Z-0.2913 I-0.0229 J0.0059
N87890 G1 X0.2179 Y0.9976
N87895 X0.216 Y0.9978
N87900 X-0.2287 Y1.036
N87905 G3 X-0.2407 Y1.0339 I-0.002 J-0.0235
N87910 X-0.2522 Y1.0025 Z-0.2992 I0.01 J-0.0214
N87915 G1 X-0.2481 Y0.9946
N87920 X-0.2442 Y0.9867
N87925 X-0.2405 Y0.9788
N87930 X-0.2381 Y0.9724
N87935 X-0.2358 Y0.967
N87940 X-0.2331 Y0.9618
N87945 X-0.2299 Y0.9568
N87950 X-0.2265 Y0.952
N87955 X-0.2227 Y0.9474
N87960 X-0.2187 Y0.943
N87965 X-0.2139 Y0.9383
N87970 X-0.2086 Y0.9335
N87975 X-0.2023 Y0.9284
N87980 X-0.1951 Y0.9231
N87985 X-0.1868 Y0.9176
N87990 X-0.1773 Y0.9119
N87995 X-0.1664 Y0.9062
N88000 X-0.1535 Y0.9001
N88005 X-0.139 Y0.8941
N88010 X-0.1214 Y0.8879
N88015 X-0.1011 Y0.8817
N88020 X-0.0768 Y0.8756
N88025 X-0.046 Y0.8695
N88030 X-0.0115 Y0.8644
N88035 X0.0232 Y0.8607
N88040 X0.058 Y0.8584
N88045 X0.085 Y0.8578
N88050 X0.1066 Y0.8584
N88055 X0.1219 Y0.8596
N88060 X0.1363 Y0.8614
N88065 X0.1467 Y0.8633
N88070 X0.1577 Y0.8658
N88075 X0.1662 Y0.8682
N88080 X0.1747 Y0.871
N88085 X0.1759 Y0.8715
N88090 X0.1895 Y0.8781
N88095 X0.2016 Y0.887
N88100 X0.2121 Y0.8978
N88105 X0.2205 Y0.9103
N88110 X0.2266 Y0.9241
N88115 X0.2302 Y0.9387
N88120 X0.2318 Y0.947
N88125 X0.2352 Y0.9629
N88130 X0.2368 Y0.9684
N88135 G3 X0.2199 Y0.9971 Z-0.2913 I-0.0229 J0.0059
N88140 G1 X0.2171 Y0.9977
N88145 X0.2143 Y0.9979
N88150 X-0.2155 Y1.0036
N88155 X-0.2181 Y1.0035
N88160 X-0.2208 Y1.0031
N88165 X-0.2234 Y1.0024
N88170 G3 X-0.2381 Y0.9724 Z-0.2992 I0.0076 J-0.0224
N88175 G1 X-0.2375 Y0.9708
N88180 X-0.2352 Y0.9629
N88185 X-0.2318 Y0.947
N88190 X-0.2304 Y0.9413
N88195 X-0.2285 Y0.9357
N88200 X-0.226 Y0.9304
N88205 X-0.2232 Y0.9252
N88210 X-0.22 Y0.9202
N88215 X-0.2166 Y0.9154
N88220 X-0.2127 Y0.9105
N88225 X-0.2084 Y0.9057
N88230 X-0.2031 Y0.9003
N88235 X-0.1974 Y0.8951
N88240 X-0.1905 Y0.8892
N88245 X-0.183 Y0.8836
N88250 X-0.1739 Y0.8773
N88255 X-0.1642 Y0.8713
N88260 X-0.1524 Y0.8648
N88265 X-0.1395 Y0.8585
N88270 X-0.1238 Y0.8517
N88275 X-0.1064 Y0.8452
N88280 X-0.0857 Y0.8386
N88285 X-0.0609 Y0.832
N88290 X-0.0328 Y0.8259
N88295 X-0.0028 Y0.821
N88300 X0.026 Y0.8176
N88305 X0.0514 Y0.816
N88310 X0.0742 Y0.8156
N88315 X0.0933 Y0.8161
N88320 X0.1105 Y0.8175
N88325 X0.124 Y0.8193
N88330 X0.1366 Y0.8215
N88335 X0.147 Y0.8239
N88340 X0.156 Y0.8265
N88345 X0.1655 Y0.8296
N88350 X0.1728 Y0.8325
N88355 X0.1747 Y0.8333
N88360 X0.188 Y0.8407
N88365 X0.1998 Y0.8503
N88370 X0.2097 Y0.8619
N88375 X0.2174 Y0.8749
N88380 X0.2228 Y0.8892
N88385 X0.2255 Y0.9041
N88390 X0.2266 Y0.9153
N88395 X0.2278 Y0.9233
N88400 X0.2302 Y0.9387
N88405 G3 X0.2097 Y0.965 Z-0.2913 I-0.0234 J0.0029
N88410 G1 X0.2073 Y0.9652
N88415 X-0.208 Y0.9743
N88420 X-0.2101
N88425 X-0.2122 Y0.9741
N88430 G3 X-0.2318 Y0.947 Z-0.2992 I0.0037 J-0.0233
N88435 G1 X-0.2303 Y0.9391
N88440 X-0.2278 Y0.9233
N88445 X-0.2266 Y0.9153
N88450 X-0.2258 Y0.9095
N88455 X-0.2241 Y0.9039
N88460 X-0.2219 Y0.8984
N88465 X-0.2193 Y0.8931
N88470 X-0.2164 Y0.8879
N88475 X-0.2132 Y0.8829
N88480 X-0.2095 Y0.8778
N88485 X-0.2054 Y0.8726
N88490 X-0.2005 Y0.867
N88495 X-0.1951 Y0.8614
N88500 X-0.1887 Y0.8554
N88505 X-0.1813 Y0.8491
N88510 X-0.1732 Y0.8428
N88515 X-0.1634 Y0.8361
N88520 X-0.1531 Y0.8296
N88525 X-0.1403 Y0.8224
N88530 X-0.1268 Y0.8157
N88535 X-0.1105 Y0.8085
N88540 X-0.0922 Y0.8015
N88545 X-0.0723 Y0.795
N88550 X-0.0498 Y0.7889
N88555 X-0.0261 Y0.7836
N88560 X-0.002 Y0.7795
N88565 X0.0215 Y0.7766
N88570 X0.0441 Y0.7749
N88575 X0.0647 Y0.7745
N88580 X0.0829 Y0.7749
N88585 X0.0996 Y0.7761
N88590 X0.1149 Y0.778
N88595 X0.1269 Y0.7801
N88600 X0.1388 Y0.7827
N88605 X0.1487 Y0.7854
N88610 X0.1571 Y0.7882
N88615 X0.1662 Y0.7917
N88620 X0.1733 Y0.7948
N88625 X0.1765 Y0.7964
N88630 X0.19 Y0.8048
N88635 X0.2018 Y0.8156
N88640 X0.2114 Y0.8283
N88645 X0.2186 Y0.8426
N88650 X0.2229 Y0.858
N88655 X0.2244 Y0.8739
N88660 Y0.8916
N88665 X0.2253 Y0.902
N88670 X0.2255 Y0.9041
N88675 G3 X0.2034 Y0.9291 Z-0.2913 I-0.0236 J0.0014
N88680 G1 X0.2026 Y0.9292
N88685 X-0.2024 Y0.9404
N88690 X-0.2045
N88695 G3 X-0.2266 Y0.9153 Z-0.2992 I0.0015 J-0.0236
N88700 G1 X-0.2251 Y0.8995
N88705 X-0.2244 Y0.8916
N88710 Y0.8892
N88715 X-0.2241 Y0.8833
N88720 X-0.2232 Y0.8774
N88725 X-0.2218 Y0.8717
N88730 X-0.2198 Y0.8661
N88735 X-0.2175 Y0.8607
N88740 X-0.2149 Y0.8554
N88745 X-0.212 Y0.8503
N88750 X-0.2085 Y0.845
N88755 X-0.2047 Y0.8396
N88760 X-0.2001 Y0.8338
N88765 X-0.1949 Y0.8278
N88770 X-0.189 Y0.8216
N88775 X-0.1819 Y0.8149
N88780 X-0.1744 Y0.8085
N88785 X-0.1653 Y0.8014
N88790 X-0.1554 Y0.7945
N88795 X-0.1441 Y0.7874
N88800 X-0.131 Y0.78
N88805 X-0.1172 Y0.773
N88810 X-0.1012 Y0.766
N88815 X-0.0833 Y0.7591
N88820 X-0.0642 Y0.7528
N88825 X-0.0444 Y0.7473
N88830 X-0.0233 Y0.7425
N88835 X-0.0018 Y0.7388
N88840 X0.0194 Y0.7361
N88845 X0.0399 Y0.7346
N88850 X0.0588 Y0.7341
N88855 X0.0766 Y0.7345
N88860 X0.0933 Y0.7356
N88865 X0.1083 Y0.7374
N88870 X0.122 Y0.7398
N88875 X0.1331 Y0.7422
N88880 X0.1447 Y0.7454
N88885 X0.154 Y0.7484
N88890 X0.162 Y0.7514
N88895 X0.1709 Y0.7553
N88900 X0.1779 Y0.7588
N88905 X0.18 Y0.7599
N88910 X0.1926 Y0.7685
N88915 X0.2036 Y0.7792
N88920 X0.2125 Y0.7917
N88925 X0.219 Y0.8055
N88930 X0.2231 Y0.8203
N88935 X0.2244 Y0.8356
N88940 Y0.8739
N88945 G3 X0.2017 Y0.8966 Z-0.2917 I-0.0236 J-0.0008
N88950 G1 X0.2 Y0.8967 Z-0.2913
N88955 X-0.1999 Y0.912
N88960 X-0.2
N88965 G3 X-0.2244 Y0.8892 Z-0.2992 I-0.0008 J-0.0236
N88970 G1 Y0.8575
N88975 X-0.2241 Y0.8516
N88980 X-0.2234 Y0.8457
N88985 X-0.2222 Y0.8399
N88990 X-0.2205 Y0.8343
N88995 X-0.2184 Y0.8287
N89000 X-0.216 Y0.8234
N89005 X-0.2133 Y0.8181
N89010 X-0.2101 Y0.8126
N89015 X-0.2065 Y0.8069
N89020 X-0.2023 Y0.801
N89025 X-0.1973 Y0.7946
N89030 X-0.1917 Y0.7883
N89035 X-0.1851 Y0.7814
N89040 X-0.1779 Y0.7746
N89045 X-0.1697 Y0.7676
N89050 X-0.1601 Y0.7601
N89055 X-0.1499 Y0.753
N89060 X-0.1381 Y0.7456
N89065 X-0.1248 Y0.7381
N89070 X-0.1108 Y0.7311
N89075 X-0.0953 Y0.7243
N89080 X-0.0782 Y0.7177
N89085 X-0.0598 Y0.7117
N89090 X-0.0406 Y0.7064
N89095 X-0.021 Y0.702
N89100 X-0.0012 Y0.6985
N89105 X0.0185 Y0.6961
N89110 X0.0376 Y0.6947
N89115 X0.0562 Y0.6942
N89120 X0.0736 Y0.6946
N89125 X0.0903 Y0.6958
N89130 X0.1052 Y0.6976
N89135 X0.1192 Y0.7
N89140 X0.132 Y0.7028
N89145 X0.1423 Y0.7056
N89150 X0.1532 Y0.7091
N89155 X0.1614 Y0.7123
N89160 X0.1697 Y0.7159
N89165 X0.1777 Y0.7199
N89170 X0.1801 Y0.7212
N89175 X0.1927 Y0.7298
N89180 X0.2036 Y0.7405
N89185 X0.2125 Y0.753
N89190 X0.219 Y0.7668
N89195 X0.2231 Y0.7816
N89200 X0.2244 Y0.7968
N89205 Y0.8356
N89210 G3 X0.2021 Y0.8583 Z-0.2918 I-0.0236 J-0.0008
N89215 G1 X0.2 Y0.8584 Z-0.2913
N89220 X-0.1995 Y0.8802
N89225 X-0.2 Y0.8803
N89230 G3 X-0.2244 Y0.8575 Z-0.2992 I-0.0008 J-0.0236
N89235 G1 Y0.8202
N89240 X-0.2241 Y0.8143
N89245 X-0.2233 Y0.8085
N89250 X-0.222 Y0.8027
N89255 X-0.2202 Y0.7971
N89260 X-0.2182 Y0.7916
N89265 X-0.2158 Y0.7862
N89270 X-0.213 Y0.7806
N89275 X-0.2098 Y0.775
N89280 X-0.206 Y0.769
N89285 X-0.2015 Y0.7626
N89290 X-0.1965 Y0.7563
N89295 X-0.1906 Y0.7494
N89300 X-0.184 Y0.7425
N89305 X-0.1766 Y0.7354
N89310 X-0.168 Y0.728
N89315 X-0.1587 Y0.7206
N89320 X-0.1483 Y0.7133
N89325 X-0.1364 Y0.7057
N89330 X-0.1233 Y0.6983
N89335 X-0.1096 Y0.6913
N89340 X-0.0943 Y0.6844
N89345 X-0.0778 Y0.678
N89350 X-0.0602 Y0.6721
N89355 X-0.0419 Y0.6669
N89360 X-0.0231 Y0.6625
N89365 X-0.004 Y0.6591
N89370 X0.015 Y0.6566
N89375 X0.0337 Y0.6551
N89380 X0.052 Y0.6546
N89385 X0.0695 Y0.6548
N89390 X0.0861 Y0.6559
N89395 X0.1018 Y0.6577
N89400 X0.1159 Y0.6601
N89405 X0.1293 Y0.6629
N89410 X0.14 Y0.6658
N89415 X0.1512 Y0.6693
N89420 X0.1599 Y0.6726
N89425 X0.168 Y0.6761
N89430 X0.1764 Y0.6802
N89435 X0.1832 Y0.684
N89440 X0.195 Y0.6927
N89445 X0.2052 Y0.7033
N89450 X0.2134 Y0.7155
N89455 X0.2195 Y0.7289
N89460 X0.2232 Y0.7431
N89465 X0.2244 Y0.7577
N89470 Y0.7968
N89475 G3 X0.2022 Y0.8196 Z-0.2918 I-0.0236 J-0.0008
N89480 G1 X0.2 Y0.8197 Z-0.2913
N89485 X-0.1994 Y0.843
N89490 X-0.2
N89495 G3 X-0.2244 Y0.8202 Z-0.2992 I-0.0008 J-0.0236
N89500 G1 Y0.7842
N89505 X-0.2241 Y0.7783
N89510 X-0.2234 Y0.7724
N89515 X-0.2222 Y0.7666
N89520 X-0.2206 Y0.761
N89525 X-0.2187 Y0.7554
N89530 X-0.2164 Y0.7499
N89535 X-0.2138 Y0.7444
N89540 X-0.2108 Y0.7388
N89545 X-0.2071 Y0.7326
N89550 X-0.203 Y0.7265
N89555 X-0.198 Y0.7199
N89560 X-0.1924 Y0.713
N89565 X-0.1861 Y0.7061
N89570 X-0.1788 Y0.6988
N89575 X-0.1707 Y0.6914
N89580 X-0.1618 Y0.6841
N89585 X-0.1516 Y0.6765
N89590 X-0.1402 Y0.6689
N89595 X-0.1281 Y0.6616
N89600 X-0.1147 Y0.6544
N89605 X-0.1 Y0.6474
N89610 X-0.0842 Y0.6408
N89615 X-0.0675 Y0.6348
N89620 X-0.0502 Y0.6295
N89625 X-0.0322 Y0.6249
N89630 X-0.0137 Y0.6211
N89635 X0.0051 Y0.6182
N89640 X0.024 Y0.6162
N89645 X0.0425 Y0.6152
N89650 X0.0604 Y0.6151
N89655 X0.0772 Y0.6158
N89660 X0.0933 Y0.6173
N89665 X0.1084 Y0.6194
N89670 X0.1224 Y0.6221
N89675 X0.1352 Y0.6252
N89680 X0.1453 Y0.6281
N89685 X0.1558 Y0.6318
N89690 X0.1643 Y0.6352
N89695 X0.172 Y0.6388
N89700 X0.1801 Y0.643
N89705 X0.1815 Y0.6438
N89710 X0.1938 Y0.6525
N89715 X0.2044 Y0.6632
N89720 X0.2129 Y0.6755
N89725 X0.2192 Y0.6891
N89730 X0.2231 Y0.7036
N89735 X0.2244 Y0.7186
N89740 Y0.7577
N89745 G3 X0.2024 Y0.7805 Z-0.2918 I-0.0236 J-0.0008
N89750 G1 X0.2 Y0.7806 Z-0.2913
N89755 X-0.1992 Y0.8069
N89760 X-0.2 Y0.807
N89765 G3 X-0.2244 Y0.7842 Z-0.2992 I-0.0008 J-0.0236
N89770 G1 Y0.7446
N89775 X-0.2241 Y0.7387
N89780 X-0.2233 Y0.7328
N89785 X-0.222 Y0.727
N89790 X-0.2204 Y0.7214
N89795 X-0.2184 Y0.7158
N89800 X-0.2161 Y0.7104
N89805 X-0.2134 Y0.7048
N89810 X-0.2101 Y0.6988
N89815 X-0.2065 Y0.6928
N89820 X-0.202 Y0.6862
N89825 X-0.197 Y0.6796
N89830 X-0.1913 Y0.6727
N89835 X-0.1846 Y0.6654
N89840 X-0.1773 Y0.6583
N89845 X-0.1691 Y0.6509
N89850 X-0.1596 Y0.6431
N89855 X-0.1494 Y0.6357
N89860 X-0.1382 Y0.6283
N89865 X-0.1257 Y0.6209
N89870 X-0.112 Y0.6136
N89875 X-0.0975 Y0.6068
N89880 X-0.0822 Y0.6005
N89885 X-0.0658 Y0.5947
N89890 X-0.0484 Y0.5894
N89895 X-0.0303 Y0.5849
N89900 X-0.0118 Y0.5813
N89905 X0.0068 Y0.5785
N89910 X0.0254 Y0.5767
N89915 X0.0438 Y0.5758
N89920 X0.0617
N89925 X0.079 Y0.5766
N89930 X0.0949 Y0.5782
N89935 X0.1096 Y0.5803
N89940 X0.1235 Y0.583
N89945 X0.136 Y0.5861
N89950 X0.1463 Y0.5892
N89955 X0.1568 Y0.5929
N89960 X0.1647 Y0.5962
N89965 X0.1732 Y0.6002
N89970 X0.1807 Y0.6041
N89975 X0.182 Y0.6049
N89980 X0.1941 Y0.6136
N89985 X0.2046 Y0.6242
N89990 X0.213 Y0.6365
N89995 X0.2193 Y0.6501
N90000 X0.2231 Y0.6645
N90005 X0.2244 Y0.6794
N90010 Y0.7186
N90015 G3 X0.2023 Y0.7413 Z-0.2918 I-0.0236 J-0.0008
N90020 G1 X0.2 Y0.7415 Z-0.2913
N90025 X-0.1993 Y0.7673
N90030 X-0.2
N90035 G3 X-0.2244 Y0.7446 Z-0.2992 I-0.0008 J-0.0236
N90040 G1 Y0.7069
N90045 X-0.2241 Y0.701
N90050 X-0.2234 Y0.6951
N90055 X-0.2223 Y0.6893
N90060 X-0.2207 Y0.6836
N90065 X-0.2188 Y0.6781
N90070 X-0.2166 Y0.6726
N90075 X-0.2139 Y0.6669
N90080 X-0.2109 Y0.6612
N90085 X-0.2072 Y0.655
N90090 X-0.203 Y0.6486
N90095 X-0.1982 Y0.642
N90100 X-0.1925 Y0.6349
N90105 X-0.1863 Y0.628
N90110 X-0.1791 Y0.6207
N90115 X-0.1709 Y0.6131
N90120 X-0.162 Y0.6057
N90125 X-0.1522 Y0.5983
N90130 X-0.1411 Y0.5907
N90135 X-0.1288 Y0.5832
N90140 X-0.116 Y0.5762
N90145 X-0.102 Y0.5693
N90150 X-0.0867 Y0.5628
N90155 X-0.0704 Y0.5567
N90160 X-0.0532 Y0.5513
N90165 X-0.0354 Y0.5466
N90170 X-0.0172 Y0.5428
N90175 X0.0013 Y0.5398
N90180 X0.0199 Y0.5377
N90185 X0.0382 Y0.5365
N90190 X0.0561 Y0.5362
N90195 X0.0733 Y0.5368
N90200 X0.0896 Y0.5382
N90205 X0.1052 Y0.5403
N90210 X0.1194 Y0.5428
N90215 X0.1325 Y0.5459
N90220 X0.143 Y0.5489
N90225 X0.1539 Y0.5526
N90230 X0.1625 Y0.556
N90235 X0.1705 Y0.5596
N90240 X0.1787 Y0.5637
N90245 X0.1809 Y0.565
N90250 X0.1933 Y0.5737
N90255 X0.204 Y0.5844
N90260 X0.2127 Y0.5967
N90265 X0.2192 Y0.6105
N90270 X0.2231 Y0.6251
N90275 X0.2244 Y0.6402
N90280 Y0.6794
N90285 G3 X0.2024 Y0.7021 Z-0.2919 I-0.0236 J-0.0008
N90290 G1 X0.2 Y0.7023 Z-0.2913
N90295 X-0.1992 Y0.7296
N90300 X-0.2 Y0.7297
N90305 G3 X-0.2244 Y0.7069 Z-0.2992 I-0.0008 J-0.0236
N90310 G1 Y0.6673
N90315 X-0.2241 Y0.6614
N90320 X-0.2234 Y0.6555
N90325 X-0.2222 Y0.6497
N90330 X-0.2206 Y0.644
N90335 X-0.2187 Y0.6385
N90340 X-0.2165 Y0.633
N90345 X-0.2138 Y0.6274
N90350 X-0.2107 Y0.6214
N90355 X-0.2071 Y0.6154
N90360 X-0.2027 Y0.6088
N90365 X-0.1979 Y0.6022
N90370 X-0.1923 Y0.5953
N90375 X-0.1857 Y0.588
N90380 X-0.1787 Y0.5809
N90385 X-0.1706 Y0.5735
N90390 X-0.1614 Y0.5658
N90395 X-0.1516 Y0.5584
N90400 X-0.1407 Y0.551
N90405 X-0.1285 Y0.5435
N90410 X-0.1151 Y0.5362
N90415 X-0.101 Y0.5294
N90420 X-0.086 Y0.523
N90425 X-0.0699 Y0.5171
N90430 X-0.0529 Y0.5118
N90435 X-0.0351 Y0.5071
N90440 X-0.0169 Y0.5033
N90445 X0.0016 Y0.5003
N90450 X0.0201 Y0.4983
N90455 X0.0385 Y0.4971
N90460 X0.0565 Y0.4969
N90465 X0.074 Y0.4976
N90470 X0.0904 Y0.4989
N90475 X0.1056 Y0.501
N90480 X0.1196 Y0.5036
N90485 X0.1327 Y0.5067
N90490 X0.1432 Y0.5097
N90495 X0.1542 Y0.5134
N90500 X0.1625 Y0.5167
N90505 X0.1709 Y0.5205
N90510 X0.1789 Y0.5246
N90515 X0.1811 Y0.5259
N90520 X0.1934 Y0.5345
N90525 X0.2041 Y0.5452
N90530 X0.2128 Y0.5576
N90535 X0.2192 Y0.5712
N90540 X0.2231 Y0.5858
N90545 X0.2244 Y0.6009
N90550 Y0.6402
N90555 G3 X0.2024 Y0.6629 Z-0.2918 I-0.0236 J-0.0008
N90560 G1 X0.2 Y0.6631 Z-0.2913
N90565 X-0.1992 Y0.69
N90570 X-0.2 Y0.6901
N90575 G3 X-0.2244 Y0.6673 Z-0.2992 I-0.0008 J-0.0236
N90580 G1 Y0.6276
N90585 X-0.2241 Y0.6218
N90590 X-0.2234 Y0.6159
N90595 X-0.2222 Y0.6101
N90600 X-0.2206 Y0.6044
N90605 X-0.2186 Y0.5988
N90610 X-0.2164 Y0.5934
N90615 X-0.2137 Y0.5877
N90620 X-0.2106 Y0.5818
N90625 X-0.2069 Y0.5757
N90630 X-0.2025 Y0.5691
N90635 X-0.1977 Y0.5625
N90640 X-0.192 Y0.5556
N90645 X-0.1855 Y0.5483
N90650 X-0.1784 Y0.5411
N90655 X-0.1702 Y0.5337
N90660 X-0.161 Y0.526
N90665 X-0.1511 Y0.5186
N90670 X-0.1402 Y0.5112
N90675 X-0.128 Y0.5038
N90680 X-0.1146 Y0.4965
N90685 X-0.1005 Y0.4897
N90690 X-0.0856 Y0.4834
N90695 X-0.0695 Y0.4775
N90700 X-0.0525 Y0.4722
N90705 X-0.0348 Y0.4676
N90710 X-0.0165 Y0.4638
N90715 X0.0021 Y0.4609
N90720 X0.0207 Y0.4589
N90725 X0.039 Y0.4578
N90730 X0.057 Y0.4576
N90735 X0.0744 Y0.4582
N90740 X0.0908 Y0.4597
N90745 X0.1059 Y0.4617
N90750 X0.12 Y0.4643
N90755 X0.1331 Y0.4674
N90760 X0.1435 Y0.4705
N90765 X0.1545 Y0.4742
N90770 X0.1628 Y0.4775
N90775 X0.1712 Y0.4814
N90780 X0.1791 Y0.4854
N90785 X0.1812 Y0.4866
N90790 X0.1935 Y0.4953
N90795 X0.2042 Y0.506
N90800 X0.2128 Y0.5183
N90805 X0.2192 Y0.532
N90810 X0.2231 Y0.5466
N90815 X0.2244 Y0.5616
N90820 Y0.6009
N90825 G3 X0.2024 Y0.6236 Z-0.2918 I-0.0236 J-0.0008
N90830 G1 X0.2 Y0.6238 Z-0.2913
N90835 X-0.1992 Y0.6504
N90840 X-0.2
N90845 G3 X-0.2244 Y0.6276 Z-0.2992 I-0.0008 J-0.0236
N90850 G1 Y0.588
N90855 X-0.2241 Y0.5821
N90860 X-0.2234 Y0.5763
N90865 X-0.2221 Y0.5705
N90870 X-0.2205 Y0.5648
N90875 X-0.2186 Y0.5592
N90880 X-0.2163 Y0.5538
N90885 X-0.2136 Y0.5481
N90890 X-0.2105 Y0.5421
N90895 X-0.2068 Y0.536
N90900 X-0.2024 Y0.5294
N90905 X-0.1975 Y0.5228
N90910 X-0.1918 Y0.5159
N90915 X-0.1852 Y0.5086
N90920 X-0.1781 Y0.5014
N90925 X-0.17 Y0.494
N90930 X-0.1607 Y0.4863
N90935 X-0.1508 Y0.4789
N90940 X-0.1399 Y0.4716
N90945 X-0.1277 Y0.4642
N90950 X-0.1143 Y0.4569
N90955 X-0.1002 Y0.4502
N90960 X-0.0852 Y0.4439
N90965 X-0.0691 Y0.438
N90970 X-0.0521 Y0.4327
N90975 X-0.0344 Y0.4281
N90980 X-0.0161 Y0.4244
N90985 X0.0025 Y0.4214
N90990 X0.0211 Y0.4195
N90995 X0.0394 Y0.4184
N91000 X0.0574 Y0.4182
N91005 X0.0748 Y0.4189
N91010 X0.0911 Y0.4204
N91015 X0.1063 Y0.4225
N91020 X0.1203 Y0.4251
N91025 X0.1334 Y0.4282
N91030 X0.1438 Y0.4313
N91035 X0.1548 Y0.435
N91040 X0.163 Y0.4383
N91045 X0.1714 Y0.4422
N91050 X0.1793 Y0.4463
N91055 X0.1813 Y0.4474
N91060 X0.1937 Y0.4561
N91065 X0.2043 Y0.4668
N91070 X0.213 Y0.4792
N91075 X0.2193 Y0.493
N91080 X0.2232 Y0.5076
N91085 X0.2244 Y0.5226
N91090 Y0.5616
N91095 G3 X0.2024 Y0.5843 Z-0.2918 I-0.0236 J-0.0008
N91100 G1 X0.2 Y0.5845 Z-0.2913
N91105 X-0.1993 Y0.6108
N91110 X-0.2
N91115 G3 X-0.2244 Y0.588 Z-0.2992 I-0.0008 J-0.0236
N91120 G1 Y0.5508
N91125 X-0.2241 Y0.5446
N91130 X-0.2235 Y0.5387
N91135 X-0.2225 Y0.5329
N91140 X-0.221 Y0.5272
N91145 X-0.2191 Y0.5216
N91150 X-0.217 Y0.5161
N91155 X-0.2144 Y0.5105
N91160 X-0.2115 Y0.5048
N91165 X-0.208 Y0.4986
N91170 X-0.2039 Y0.4923
N91175 X-0.1993 Y0.4858
N91180 X-0.1937 Y0.4787
N91185 X-0.1877 Y0.4718
N91190 X-0.1807 Y0.4646
N91195 X-0.1727 Y0.457
N91200 X-0.1641 Y0.4497
N91205 X-0.1546 Y0.4423
N91210 X-0.1438 Y0.4347
N91215 X-0.1319 Y0.4272
N91220 X-0.1194 Y0.4202
N91225 X-0.1057 Y0.4133
N91230 X-0.0908 Y0.4067
N91235 X-0.0749 Y0.4006
N91240 X-0.058 Y0.395
N91245 X-0.0405 Y0.3902
N91250 X-0.0225 Y0.3862
N91255 X-0.0042 Y0.383
N91260 X0.0144 Y0.3806
N91265 X0.0329 Y0.3793
N91270 X0.0509 Y0.3788
N91275 X0.0684 Y0.3792
N91280 X0.0849 Y0.3803
N91285 X0.1007 Y0.3822
N91290 X0.1154 Y0.3847
N91295 X0.1289 Y0.3877
N91300 X0.14 Y0.3907
N91305 X0.1511 Y0.3943
N91310 X0.1603 Y0.3978
N91315 X0.1682 Y0.4013
N91320 X0.1767 Y0.4055
N91325 X0.1835 Y0.4093
N91330 X0.1851 Y0.4103
N91335 X0.1979 Y0.4201
N91340 X0.2087 Y0.432
N91345 X0.2171 Y0.4458
N91350 X0.2228 Y0.4609
N91355 X0.2256 Y0.4768
N91360 X0.2253 Y0.493
N91365 X0.2251 Y0.4953
N91370 X0.2245 Y0.5032
N91375 X0.2244 Y0.5226
N91380 G3 X0.2025 Y0.5453 Z-0.2919 I-0.0236 J-0.0009
N91385 G1 X0.1999 Y0.5454 Z-0.2913
N91390 X-0.1991 Y0.5735
N91395 X-0.2 Y0.5736
N91400 G3 X-0.2244 Y0.5508 Z-0.2992 I-0.0008 J-0.0236
N91405 G1 Y0.527
N91410 X-0.2245 Y0.5112
N91415 X-0.2242 Y0.5053
N91420 X-0.2236 Y0.4994
N91425 X-0.2226 Y0.4936
N91430 X-0.2211 Y0.4879
N91435 X-0.2192 Y0.4823
N91440 X-0.2171 Y0.4768
N91445 X-0.2146 Y0.4712
N91450 X-0.2116 Y0.4653
N91455 X-0.2081 Y0.4594
N91460 X-0.204 Y0.4529
N91465 X-0.1993 Y0.4463
N91470 X-0.1939 Y0.4395
N91475 X-0.1876 Y0.4323
N91480 X-0.1808 Y0.4252
N91485 X-0.1731 Y0.4179
N91490 X-0.1642 Y0.4103
N91495 X-0.1545 Y0.4028
N91500 X-0.144 Y0.3954
N91505 X-0.1322 Y0.388
N91510 X-0.1192 Y0.3807
N91515 X-0.1054 Y0.3737
N91520 X-0.0908 Y0.3673
N91525 X-0.0751 Y0.3613
N91530 X-0.0584 Y0.3557
N91535 X-0.0409 Y0.3509
N91540 X-0.0228 Y0.3468
N91545 X-0.0044 Y0.3436
N91550 X0.0141 Y0.3413
N91555 X0.0326 Y0.3399
N91560 X0.0507 Y0.3395
N91565 X0.0684 Y0.3398
N91570 X0.0851 Y0.341
N91575 X0.1009 Y0.3429
N91580 X0.1152 Y0.3454
N91585 X0.1288 Y0.3484
N91590 X0.141 Y0.3517
N91595 X0.1508 Y0.3549
N91600 X0.1614 Y0.3589
N91605 X0.1694 Y0.3624
N91610 X0.177 Y0.3661
N91615 X0.185 Y0.3706
N91620 X0.1912 Y0.3745
N91625 X0.1931 Y0.3758
N91630 X0.2053 Y0.386
N91635 X0.2154 Y0.3983
N91640 X0.2231 Y0.4122
N91645 X0.2281 Y0.4273
N91650 X0.2303 Y0.4431
N91655 X0.2295 Y0.459
N91660 X0.2278 Y0.4715
N91665 X0.2268 Y0.4795
N91670 X0.2253 Y0.493
N91675 G3 X0.2032 Y0.5132 Z-0.2923 I-0.0234 J-0.0033
N91680 G1 X0.1986 Y0.5135 Z-0.2913
N91685 X-0.1997 Y0.5338
N91690 X-0.2
N91695 G3 X-0.2245 Y0.5112 Z-0.2992 I-0.0009 J-0.0236
N91700 G1 Y0.5032
N91705 X-0.2251 Y0.4953
N91710 X-0.2268 Y0.4795
N91715 X-0.2272 Y0.4736
N91720 X-0.227 Y0.4677
N91725 X-0.2263 Y0.4618
N91730 X-0.2251 Y0.456
N91735 X-0.2236 Y0.4503
N91740 X-0.2217 Y0.4447
N91745 X-0.2195 Y0.4392
N91750 X-0.2169 Y0.4334
N91755 X-0.2138 Y0.4274
N91760 X-0.2102 Y0.4212
N91765 X-0.2059 Y0.4145
N91770 X-0.2011 Y0.4079
N91775 X-0.1955 Y0.4009
N91780 X-0.1891 Y0.3934
N91785 X-0.1821 Y0.3862
N91790 X-0.1741 Y0.3787
N91795 X-0.165 Y0.371
N91800 X-0.1552 Y0.3634
N91805 X-0.1445 Y0.356
N91810 X-0.1326 Y0.3485
N91815 X-0.1195 Y0.3412
N91820 X-0.1054 Y0.3342
N91825 X-0.0907 Y0.3277
N91830 X-0.0749 Y0.3217
N91835 X-0.0581 Y0.3162
N91840 X-0.0405 Y0.3114
N91845 X-0.0223 Y0.3073
N91850 X-0.0038 Y0.3041
N91855 X0.0148 Y0.3019
N91860 X0.0334 Y0.3005
N91865 X0.0515 Y0.3001
N91870 X0.0692 Y0.3005
N91875 X0.0861 Y0.3018
N91880 X0.1018 Y0.3037
N91885 X0.1163 Y0.3062
N91890 X0.1299 Y0.3092
N91895 X0.1428 Y0.3128
N91900 X0.1538 Y0.3164
N91905 X0.1634 Y0.3201
N91910 X0.1733 Y0.3244
N91915 X0.1807 Y0.3281
N91920 X0.1883 Y0.3324
N91925 X0.1957 Y0.337
N91930 X0.2015 Y0.3411
N91935 X0.2075 Y0.3457
N91940 X0.2178 Y0.3561
N91945 X0.2261 Y0.368
N91950 X0.2324 Y0.3811
N91955 X0.2363 Y0.3951
N91960 X0.2379 Y0.4096
N91965 X0.237 Y0.4241
N91970 X0.2337 Y0.4383
N91975 G3 X0.2141 Y0.4537 Z-0.2936 I-0.0222 J-0.0081
N91980 G1 X0.2102 Y0.4542 Z-0.2928
N91985 X0.2034 Y0.4549 Z-0.2913
N91990 X-0.1997 Y0.4991
N91995 X-0.2009 Y0.4992 Z-0.2916
N92000 G3 X-0.2268 Y0.4795 Z-0.2992 I-0.0026 J-0.0235
N92005 G1 X-0.2278 Y0.4715
N92010 X-0.23 Y0.4557
N92015 X-0.2311 Y0.4494
N92020 X-0.2318 Y0.4435
N92025 X-0.232 Y0.4376
N92030 X-0.2317 Y0.4317
N92035 X-0.2309 Y0.4259
N92040 X-0.2296 Y0.4201
N92045 X-0.2281 Y0.4144
N92050 X-0.2262 Y0.4088
N92055 X-0.2239 Y0.4031
N92060 X-0.2212 Y0.3971
N92065 X-0.2181 Y0.391
N92070 X-0.2143 Y0.3844
N92075 X-0.2099 Y0.3776
N92080 X-0.205 Y0.3707
N92085 X-0.1992 Y0.3633
N92090 X-0.1927 Y0.356
N92095 X-0.1855 Y0.3485
N92100 X-0.1773 Y0.3407
N92105 X-0.1681 Y0.3328
N92110 X-0.1583 Y0.3252
N92115 X-0.1473 Y0.3176
N92120 X-0.1351 Y0.3099
N92125 X-0.1218 Y0.3024
N92130 X-0.1079 Y0.2955
N92135 X-0.093 Y0.2889
N92140 X-0.0769 Y0.2827
N92145 X-0.0599 Y0.2771
N92150 X-0.0421 Y0.2722
N92155 X-0.0238 Y0.2681
N92160 X-0.0051 Y0.2648
N92165 X0.0136 Y0.2625
N92170 X0.0323 Y0.2611
N92175 X0.0505 Y0.2606
N92180 X0.0683 Y0.261
N92185 X0.0855 Y0.2623
N92190 X0.1019 Y0.2643
N92195 X0.1171 Y0.2668
N92200 X0.131 Y0.2699
N92205 X0.1442 Y0.2735
N92210 X0.1566 Y0.2776
N92215 X0.168 Y0.2819
N92220 X0.1771 Y0.2859
N92225 X0.1863 Y0.2905
N92230 X0.1943 Y0.2949
N92235 X0.201 Y0.2991
N92240 X0.2083 Y0.3042
N92245 X0.2143 Y0.3087
N92250 X0.2197 Y0.3133
N92255 X0.2257 Y0.3191
N92260 X0.2348 Y0.3302
N92265 X0.242 Y0.3426
N92270 X0.247 Y0.3561
N92275 X0.2496 Y0.3702
N92280 X0.25 Y0.3845
N92285 X0.2479 Y0.3987
N92290 X0.2436 Y0.4124
N92295 X0.2388 Y0.424
N92300 X0.2358 Y0.4319
N92305 X0.2337 Y0.4383
N92310 G3 X0.2123 Y0.4539 Z-0.2933 I-0.0222 J-0.0081
N92315 G1 X0.2101 Z-0.2928
N92320 X0.2033 Y0.4542 Z-0.2913
N92325 X-0.2031 Y0.4679
N92330 X-0.2072 Y0.4681 Z-0.2922
N92335 G3 X-0.2311 Y0.4494 Z-0.2992 I-0.0008 J-0.0236
N92340 G1 X-0.2314 Y0.4478
N92345 X-0.2332 Y0.4398
N92350 X-0.2358 Y0.4319
N92355 X-0.2367 Y0.4295
N92360 X-0.2385 Y0.4239
N92365 X-0.2398 Y0.4181
N92370 X-0.2404 Y0.4123
N92375 X-0.2405 Y0.4064
N92380 X-0.2401 Y0.4005
N92385 X-0.2393 Y0.3946
N92390 X-0.2381 Y0.3888
N92395 X-0.2366 Y0.3831
N92400 X-0.2348 Y0.3773
N92405 X-0.2326 Y0.3715
N92410 X-0.2299 Y0.3653
N92415 X-0.2266 Y0.3586
N92420 X-0.223 Y0.3519
N92425 X-0.2186 Y0.3448
N92430 X-0.2135 Y0.3374
N92435 X-0.2079 Y0.3301
N92440 X-0.2015 Y0.3223
N92445 X-0.194 Y0.3143
N92450 X-0.186 Y0.3064
N92455 X-0.177 Y0.2985
N92460 X-0.167 Y0.2903
N92465 X-0.1558 Y0.2822
N92470 X-0.1439 Y0.2744
N92475 X-0.1311 Y0.2669
N92480 X-0.1169 Y0.2595
N92485 X-0.1017 Y0.2524
N92490 X-0.0854 Y0.2458
N92495 X-0.0684 Y0.2398
N92500 X-0.0508 Y0.2346
N92505 X-0.0326 Y0.2301
N92510 X-0.0139 Y0.2265
N92515 X0.0051 Y0.2238
N92520 X0.0242 Y0.222
N92525 X0.0432 Y0.2211
N92530 X0.0616 Y0.2212
N92535 X0.0794 Y0.2221
N92540 X0.0964 Y0.2238
N92545 X0.1127 Y0.2263
N92550 X0.1281 Y0.2294
N92555 X0.1426 Y0.233
N92560 X0.1557 Y0.237
N92565 X0.168 Y0.2414
N92570 X0.1795 Y0.2462
N92575 X0.1902 Y0.2513
N92580 X0.1993 Y0.2561
N92585 X0.2076 Y0.2611
N92590 X0.2156 Y0.2664
N92595 X0.2219 Y0.2711
N92600 X0.2287 Y0.2766
N92605 X0.2344 Y0.2818
N92610 X0.2393 Y0.2867
N92615 X0.2446 Y0.2925
N92620 X0.2527 Y0.304
N92625 X0.2588 Y0.3166
N92630 X0.2627 Y0.3301
N92635 X0.2644 Y0.344
N92640 X0.2639 Y0.358
N92645 X0.2611 Y0.3718
N92650 X0.2561 Y0.3849
N92655 X0.2488 Y0.4002
N92660 X0.2453 Y0.4081
N92665 X0.2436 Y0.4124
N92670 G3 X0.223 Y0.4262 Z-0.2937 I-0.0215 J-0.0098
N92675 G1 X0.2188 Y0.4264 Z-0.2928
N92680 X0.212 Y0.4267 Z-0.2913
N92685 X-0.2056 Y0.4437
N92690 X-0.2124 Y0.444 Z-0.2928
N92695 X-0.2139 Z-0.2931
N92700 G3 X-0.2367 Y0.4295 Z-0.2992 I-0.001 J-0.0236
N92705 G1 X-0.2388 Y0.424
N92710 X-0.2453 Y0.4081
N92715 X-0.2464 Y0.4057
N92720 X-0.2485 Y0.4002
N92725 X-0.2501 Y0.3946
N92730 X-0.2512 Y0.3887
N92735 X-0.2516 Y0.3829
N92740 Y0.377
N92745 X-0.2512 Y0.3711
N92750 X-0.2505 Y0.3652
N92755 X-0.2494 Y0.3594
N92760 X-0.2479 Y0.3536
N92765 X-0.2461 Y0.3477
N92770 X-0.2439 Y0.3414
N92775 X-0.2412 Y0.3346
N92780 X-0.238 Y0.3278
N92785 X-0.2342 Y0.3207
N92790 X-0.2297 Y0.3131
N92795 X-0.2247 Y0.3054
N92800 X-0.219 Y0.2976
N92805 X-0.2124 Y0.2894
N92810 X-0.2049 Y0.2811
N92815 X-0.1969 Y0.2729
N92820 X-0.1878 Y0.2645
N92825 X-0.1775 Y0.256
N92830 X-0.1663 Y0.2475
N92835 X-0.1544 Y0.2393
N92840 X-0.1413 Y0.2313
N92845 X-0.127 Y0.2235
N92850 X-0.1116 Y0.216
N92855 X-0.0953 Y0.209
N92860 X-0.0782 Y0.2027
N92865 X-0.0604 Y0.197
N92870 X-0.042 Y0.1922
N92875 X-0.0229 Y0.1881
N92880 X-0.0035 Y0.185
N92885 X0.0161 Y0.1828
N92890 X0.0356 Y0.1815
N92895 X0.0549 Y0.1813
N92900 X0.0737 Y0.1819
N92905 X0.0917 Y0.1834
N92910 X0.1089 Y0.1857
N92915 X0.1254 Y0.1887
N92920 X0.1412 Y0.1924
N92925 X0.156 Y0.1966
N92930 X0.1698 Y0.2012
N92935 X0.1824 Y0.2062
N92940 X0.1941 Y0.2115
N92945 X0.2052 Y0.2171
N92950 X0.2153 Y0.223
N92955 X0.2238 Y0.2284
N92960 X0.2317 Y0.234
N92965 X0.239 Y0.2398
N92970 X0.2449 Y0.2449
N92975 X0.2512 Y0.2509
N92980 X0.2563 Y0.2563
N92985 X0.2609 Y0.2617
N92990 X0.2657 Y0.2679
N92995 X0.267 Y0.2698
N93000 X0.2746 Y0.2828
N93005 X0.2797 Y0.2969
N93010 X0.2822 Y0.3117
N93015 X0.2821 Y0.3268
N93020 X0.2793 Y0.3416
N93025 X0.274 Y0.3556
N93030 X0.2663 Y0.3685
N93035 X0.2608 Y0.3764
N93040 X0.2575 Y0.3819
N93045 X0.2561 Y0.3849
N93050 G3 X0.2362 Y0.3976 Z-0.294 I-0.021 J-0.0109
N93055 G1 X0.2307 Y0.3979 Z-0.2928
N93060 X0.2239 Y0.3982 Z-0.2913
N93065 X-0.2145 Y0.4186
N93070 X-0.2213 Y0.4189 Z-0.2928
N93075 X-0.224 Y0.419 Z-0.2934
N93080 G3 X-0.2464 Y0.4057 Z-0.2992 I-0.0011 J-0.0236
N93085 G1 X-0.2488 Y0.4002
N93090 X-0.2575 Y0.3819
N93095 X-0.2585 Y0.3802
N93100 X-0.2613 Y0.375
N93105 X-0.263 Y0.3694
N93110 X-0.2641 Y0.3636
N93115 X-0.2648 Y0.3577
N93120 X-0.265 Y0.3518
N93125 X-0.2648 Y0.3459
N93130 X-0.2642 Y0.34
N93135 X-0.2633 Y0.3342
N93140 X-0.2622 Y0.3284
N93145 X-0.2606 Y0.3221
N93150 X-0.2586 Y0.3155
N93155 X-0.2561 Y0.3088
N93160 X-0.2531 Y0.3015
N93165 X-0.2495 Y0.294
N93170 X-0.2455 Y0.2865
N93175 X-0.2407 Y0.2784
N93180 X-0.235 Y0.27
N93185 X-0.2289 Y0.2617
N93190 X-0.2219 Y0.2532
N93195 X-0.2138 Y0.2443
N93200 X-0.2049 Y0.2353
N93205 X-0.1954 Y0.2266
N93210 X-0.1846 Y0.2178
N93215 X-0.1727 Y0.2089
N93220 X-0.1596 Y0.2001
N93225 X-0.1458 Y0.1917
N93230 X-0.1311 Y0.1838
N93235 X-0.1152 Y0.1762
N93240 X-0.0983 Y0.1691
N93245 X-0.0804 Y0.1626
N93250 X-0.0617 Y0.1568
N93255 X-0.0424 Y0.1519
N93260 X-0.0225 Y0.1478
N93265 X-0.0024 Y0.1447
N93270 X0.0177 Y0.1425
N93275 X0.0378 Y0.1414
N93280 X0.0576 Y0.1412
N93285 X0.077 Y0.142
N93290 X0.096 Y0.1437
N93295 X0.1143 Y0.1463
N93300 X0.1318 Y0.1496
N93305 X0.1486 Y0.1536
N93310 X0.1643 Y0.1582
N93315 X0.1789 Y0.1632
N93320 X0.1925 Y0.1687
N93325 X0.2052 Y0.1745
N93330 X0.217 Y0.1806
N93335 X0.2277 Y0.1869
N93340 X0.2376 Y0.1933
N93345 X0.2468 Y0.1999
N93350 X0.2541 Y0.2058
N93355 X0.2619 Y0.2126
N93360 X0.2681 Y0.2187
N93365 X0.2734 Y0.2244
N93370 X0.2791 Y0.231
N93375 X0.2836 Y0.2369
N93380 X0.2874 Y0.2425
N93385 X0.2915 Y0.2491
N93390 X0.2918 Y0.2496
N93395 X0.2978 Y0.263
N93400 X0.3015 Y0.2772
N93405 X0.3027 Y0.2917
N93410 X0.3015 Y0.3063
N93415 X0.2978 Y0.3205
N93420 X0.2918 Y0.3339
N93425 X0.2836 Y0.346
N93430 X0.2783 Y0.3527
N93435 X0.272 Y0.3606
N93440 X0.2663 Y0.3685
N93445 G3 X0.2483 Y0.3776 Z-0.2948 I-0.0186 J-0.0145
N93450 G1 X0.2388 Y0.3779 Z-0.2928
N93455 X0.232 Y0.378 Z-0.2913
N93460 X-0.2251 Y0.3906
N93465 X-0.232 Y0.3908 Z-0.2928
N93470 X-0.2381 Y0.391 Z-0.2941
N93475 G3 X-0.2585 Y0.3802 Z-0.2992 I-0.0006 J-0.0236
N93480 G1 X-0.2608 Y0.3764
N93485 X-0.2663 Y0.3685
N93490 X-0.2694 Y0.3642
N93495 X-0.2726 Y0.3592
N93500 X-0.2753 Y0.3539
N93505 X-0.2773 Y0.3484
N93510 X-0.2787 Y0.3426
N93515 X-0.2797 Y0.3368
N93520 X-0.2803 Y0.3309
N93525 X-0.2804 Y0.325
N93530 X-0.2802 Y0.3191
N93535 X-0.2797 Y0.3132
N93540 X-0.2789 Y0.3071
N93545 X-0.2777 Y0.3009
N93550 X-0.2761 Y0.2943
N93555 X-0.274 Y0.2872
N93560 X-0.2715 Y0.2799
N93565 X-0.2685 Y0.2724
N93570 X-0.2648 Y0.2643
N93575 X-0.2605 Y0.256
N93580 X-0.2557 Y0.2477
N93585 X-0.25 Y0.2389
N93590 X-0.2434 Y0.2298
N93595 X-0.2362 Y0.2208
N93600 X-0.2281 Y0.2116
N93605 X-0.2189 Y0.2021
N93610 X-0.2087 Y0.1926
N93615 X-0.1976 Y0.1832
N93620 X-0.1858 Y0.1741
N93625 X-0.1726 Y0.165
N93630 X-0.1583 Y0.1561
N93635 X-0.1427 Y0.1474
N93640 X-0.1262 Y0.1392
N93645 X-0.1088 Y0.1317
N93650 X-0.0907 Y0.1248
N93655 X-0.0717 Y0.1186
N93660 X-0.0518 Y0.1133
N93665 X-0.0314 Y0.1088
N93670 X-0.0106 Y0.1053
N93675 X0.0104 Y0.1028
N93680 X0.0315 Y0.1013
N93685 X0.0524 Y0.1008
N93690 X0.0731 Y0.1014
N93695 X0.0934 Y0.103
N93700 X0.1131 Y0.1054
N93705 X0.1319 Y0.1087
N93710 X0.1497 Y0.1127
N93715 X0.1666 Y0.1174
N93720 X0.1827 Y0.1228
N93725 X0.1979 Y0.1286
N93730 X0.2123 Y0.135
N93735 X0.2254 Y0.1416
N93740 X0.2375 Y0.1484
N93745 X0.2485 Y0.1554
N93750 X0.2589 Y0.1626
N93755 X0.2683 Y0.17
N93760 X0.2769 Y0.1773
N93765 X0.2838 Y0.1839
N93770 X0.2906 Y0.191
N93775 X0.2966 Y0.1978
N93780 X0.3013 Y0.2038
N93785 X0.3063 Y0.2109
N93790 X0.3104 Y0.2172
N93795 X0.3138 Y0.2231
N93800 X0.3173 Y0.2301
N93805 X0.3222 Y0.2438
N93810 X0.3246 Y0.2581
N93815 X0.3247 Y0.2726
N93820 X0.3223 Y0.2869
N93825 X0.3176 Y0.3006
N93830 X0.3107 Y0.3134
N93835 X0.3017 Y0.3248
N93840 X0.2972 Y0.3296
N93845 X0.291 Y0.3368
N93850 X0.2836 Y0.346
N93855 G3 X0.2666 Y0.3542 Z-0.2951 I-0.0179 J-0.0154
N93860 G1 X0.2558 Y0.3546 Z-0.2928
N93865 X0.2489 Y0.3548 Z-0.2913
N93870 X-0.2352 Y0.3727
N93875 X-0.242 Y0.3729 Z-0.2928
N93880 X-0.2499 Y0.3732 Z-0.2945
N93885 G3 X-0.2694 Y0.3642 Z-0.2992 I-0.0009 J-0.0236
N93890 G1 X-0.272 Y0.3606
N93895 X-0.2783 Y0.3527
N93900 X-0.2846 Y0.3447
N93905 X-0.2881 Y0.34
N93910 X-0.291 Y0.3348
N93915 X-0.2933 Y0.3294
N93920 X-0.2951 Y0.3237
N93925 X-0.2964 Y0.318
N93930 X-0.2973 Y0.3121
N93935 X-0.2978 Y0.3063
N93940 X-0.298 Y0.3004
N93945 X-0.2979 Y0.2945
N93950 X-0.2975 Y0.2883
N93955 X-0.2967 Y0.282
N93960 X-0.2955 Y0.2752
N93965 X-0.2939 Y0.268
N93970 X-0.2919 Y0.2606
N93975 X-0.2893 Y0.2528
N93980 X-0.2862 Y0.2446
N93985 X-0.2825 Y0.2361
N93990 X-0.2782 Y0.2275
N93995 X-0.2731 Y0.2184
N94000 X-0.2671 Y0.2089
N94005 X-0.2606 Y0.1995
N94010 X-0.2532 Y0.1899
N94015 X-0.2448 Y0.18
N94020 X-0.2353 Y0.1699
N94025 X-0.225 Y0.16
N94030 X-0.2138 Y0.1502
N94035 X-0.2013 Y0.1403
N94040 X-0.1876 Y0.1305
N94045 X-0.1727 Y0.1209
N94050 X-0.1568 Y0.1117
N94055 X-0.1402 Y0.1031
N94060 X-0.1226 Y0.0951
N94065 X-0.1038 Y0.0876
N94070 X-0.0841 Y0.0809
N94075 X-0.0635 Y0.075
N94080 X-0.0424 Y0.07
N94085 X-0.0207 Y0.0659
N94090 X0.0013 Y0.0629
N94095 X0.0235 Y0.061
N94100 X0.0456 Y0.0602
N94105 X0.0675 Y0.0604
N94110 X0.0889 Y0.0617
N94115 X0.1098 Y0.064
N94120 X0.1301 Y0.0672
N94125 X0.1497 Y0.0713
N94130 X0.1685 Y0.0762
N94135 X0.1862 Y0.0817
N94140 X0.2027 Y0.0878
N94145 X0.2183 Y0.0944
N94150 X0.2331 Y0.1015
N94155 X0.247 Y0.1091
N94160 X0.2596 Y0.1168
N94165 X0.2712 Y0.1246
N94170 X0.2816 Y0.1324
N94175 X0.2914 Y0.1405
N94180 X0.3002 Y0.1486
N94185 X0.3083 Y0.1567
N94190 X0.3146 Y0.1638
N94195 X0.3208 Y0.1714
N94200 X0.3262 Y0.1787
N94205 X0.3304 Y0.1851
N94210 X0.3348 Y0.1925
N94215 X0.3383 Y0.1991
N94220 X0.3412 Y0.2053
N94225 X0.3417 Y0.2065
N94230 X0.3463 Y0.2211
N94235 X0.3482 Y0.2364
N94240 X0.3474 Y0.2517
N94245 X0.3439 Y0.2667
N94250 X0.3379 Y0.2808
N94255 X0.3294 Y0.2936
N94260 X0.3209 Y0.3041
N94265 X0.3201 Y0.3051
N94270 X0.3017 Y0.3248
N94275 G3 X0.2859 Y0.3317 Z-0.2955 I-0.0167 J-0.0167
N94280 G1 X0.2733 Y0.3322 Z-0.2928
N94285 X0.2665 Y0.3324 Z-0.2913
N94290 X-0.25 Y0.3523
N94295 X-0.2568 Y0.3526 Z-0.2928
N94300 X-0.2659 Y0.3529 Z-0.2947
N94305 G3 X-0.2846 Y0.3447 Z-0.2992 I-0.0009 J-0.0236
N94310 G1 X-0.291 Y0.3368
N94315 X-0.2972 Y0.3296
N94320 X-0.3001 Y0.3266
N94325 X-0.3039 Y0.322
N94330 X-0.3072 Y0.3171
N94335 X-0.3099 Y0.3119
N94340 X-0.3121 Y0.3064
N94345 X-0.3139 Y0.3008
N94350 X-0.3152 Y0.2951
N94355 X-0.3162 Y0.2892
N94360 X-0.3168 Y0.2834
N94365 X-0.3171 Y0.2775
N94370 Y0.2714
N94375 X-0.3168 Y0.2652
N94380 X-0.3162 Y0.2584
N94385 X-0.3151 Y0.2511
N94390 X-0.3136 Y0.2437
N94395 X-0.3117 Y0.2358
N94400 X-0.3091 Y0.2275
N94405 X-0.3061 Y0.219
N94410 X-0.3025 Y0.2101
N94415 X-0.2981 Y0.2008
N94420 X-0.2929 Y0.1911
N94425 X-0.2872 Y0.1814
N94430 X-0.2806 Y0.1714
N94435 X-0.273 Y0.1611
N94440 X-0.2643 Y0.1505
N94445 X-0.255 Y0.1401
N94450 X-0.2446 Y0.1295
N94455 X-0.233 Y0.1189
N94460 X-0.2201 Y0.1082
N94465 X-0.2062 Y0.0977
N94470 X-0.1914 Y0.0877
N94475 X-0.1756 Y0.078
N94480 X-0.1585 Y0.0687
N94485 X-0.1403 Y0.0599
N94490 X-0.1208 Y0.0516
N94495 X-0.1004 Y0.0441
N94500 X-0.0792 Y0.0374
N94505 X-0.0572 Y0.0317
N94510 X-0.0346 Y0.027
N94515 X-0.0117 Y0.0233
N94520 X0.0114 Y0.0208
N94525 X0.0346 Y0.0193
N94530 X0.0577 Y0.0191
N94535 X0.0805 Y0.0199
N94540 X0.103 Y0.0218
N94545 X0.1248 Y0.0248
N94550 X0.146 Y0.0287
N94555 X0.1664 Y0.0335
N94560 X0.1859 Y0.0391
N94565 X0.2046 Y0.0455
N94570 X0.2224 Y0.0525
N94575 X0.2389 Y0.06
N94580 X0.2541 Y0.0678
N94585 X0.2684 Y0.0761
N94590 X0.2818 Y0.0847
N94595 X0.294 Y0.0934
N94600 X0.3052 Y0.1023
N94605 X0.3152 Y0.111
N94610 X0.3243 Y0.1197
N94615 X0.3326 Y0.1286
N94620 X0.3396 Y0.1368
N94625 X0.3454 Y0.1443
N94630 X0.3512 Y0.1526
N94635 X0.3555 Y0.1595
N94640 X0.3595 Y0.1666
N94645 X0.3614 Y0.1704
N94650 X0.367 Y0.1844
N94655 X0.37 Y0.1992
N94660 X0.3704 Y0.2142
N94665 X0.3682 Y0.2292
N94670 X0.3635 Y0.2435
N94675 X0.3563 Y0.2567
N94680 X0.3505 Y0.2655
N94685 X0.3447 Y0.274
N94690 X0.3391 Y0.2813
N94695 X0.3294 Y0.2936
N94700 G3 X0.3127 Y0.3018 Z-0.2952 I-0.0179 J-0.0154
N94705 G1 X0.3016 Y0.3024 Z-0.2928
N94710 X0.2948 Y0.3027 Z-0.2913
N94715 X-0.2648 Y0.3325
N94720 X-0.2717 Y0.3329 Z-0.2928
N94725 X-0.2821 Y0.3334 Z-0.295
N94730 G3 X-0.3001 Y0.3266 Z-0.2992 I-0.0013 J-0.0236
N94735 G1 X-0.3201 Y0.3051
N94740 X-0.3238 Y0.3005
N94745 X-0.327 Y0.2956
N94750 X-0.3297 Y0.2903
N94755 X-0.332 Y0.2849
N94760 X-0.3338 Y0.2793
N94765 X-0.3353 Y0.2735
N94770 X-0.3363 Y0.2677
N94775 X-0.3371 Y0.2619
N94780 X-0.3375 Y0.256
N94785 X-0.3377 Y0.2499
N94790 X-0.3376 Y0.2432
N94795 X-0.3371 Y0.236
N94800 X-0.3362 Y0.2287
N94805 X-0.3349 Y0.2209
N94810 X-0.333 Y0.2125
N94815 X-0.3307 Y0.204
N94820 X-0.3278 Y0.1951
N94825 X-0.3242 Y0.1856
N94830 X-0.32 Y0.1758
N94835 X-0.3151 Y0.166
N94840 X-0.3094 Y0.1557
N94845 X-0.3027 Y0.145
N94850 X-0.2951 Y0.134
N94855 X-0.2867 Y0.1231
N94860 X-0.2773 Y0.112
N94865 X-0.2667 Y0.1007
N94870 X-0.255 Y0.0893
N94875 X-0.2421 Y0.0779
N94880 X-0.2284 Y0.067
N94885 X-0.2136 Y0.0563
N94890 X-0.1973 Y0.0458
N94895 X-0.1797 Y0.0355
N94900 X-0.1609 Y0.0258
N94905 X-0.141 Y0.0166
N94910 X-0.12 Y0.0082
N94915 X-0.0982 Y0.0007
N94920 X-0.0757 Y-0.0058
N94925 X-0.0525 Y-0.0114
N94930 X-0.0288 Y-0.0159
N94935 X-0.0046 Y-0.0192
N94940 X0.0199 Y-0.0214
N94945 X0.0444 Y-0.0224
N94950 X0.0688 Y-0.0222
N94955 X0.0929 Y-0.0208
N94960 X0.1165 Y-0.0183
N94965 X0.1395 Y-0.0147
N94970 X0.1617 Y-0.0101
N94975 X0.183 Y-0.0046
N94980 X0.2035 Y0.0017
N94985 X0.223 Y0.0088
N94990 X0.2415 Y0.0166
N94995 X0.259 Y0.025
N95000 X0.2755 Y0.0339
N95005 X0.2906 Y0.043
N95010 X0.3045 Y0.0524
N95015 X0.3173 Y0.0619
N95020 X0.3289 Y0.0715
N95025 X0.3396 Y0.0812
N95030 X0.349 Y0.0907
N95035 X0.3568 Y0.0993
N95040 X0.3639 Y0.108
N95045 X0.3701 Y0.1164
N95050 X0.3748 Y0.1234
N95055 X0.3797 Y0.1316
N95060 X0.3802 Y0.1325
N95065 X0.3865 Y0.1474
N95070 X0.3899 Y0.1631
N95075 X0.3903 Y0.1792
N95080 X0.3877 Y0.1951
N95085 X0.3822 Y0.2103
N95090 X0.3786 Y0.2179
N95095 X0.3764 Y0.2224
N95100 X0.3655 Y0.2417
N95105 X0.361 Y0.2496
N95110 X0.3563 Y0.2567
N95115 G3 X0.3387 Y0.2666 Z-0.2948 I-0.0193 J-0.0137
N95120 G1 X0.3294 Y0.2673 Z-0.2928
N95125 X0.3225 Y0.2678 Z-0.2913
N95130 X-0.2849 Y0.3108
N95135 X-0.2917 Y0.3113 Z-0.2928
N95140 X-0.3017 Y0.312 Z-0.2949
N95145 G3 X-0.3201 Y0.3051 Z-0.2992 I-0.0017 J-0.0236
N95150 G1 X-0.3209 Y0.3041
N95155 X-0.3391 Y0.2813
N95160 X-0.3422 Y0.2773
N95165 X-0.3455 Y0.2724
N95170 X-0.3486 Y0.2673
N95175 X-0.3511 Y0.262
N95180 X-0.3532 Y0.2565
N95185 X-0.3549 Y0.2508
N95190 X-0.3562 Y0.2451
N95195 X-0.3572 Y0.2393
N95200 X-0.3579 Y0.2334
N95205 X-0.3583 Y0.2273
N95210 X-0.3584 Y0.2207
N95215 X-0.3581 Y0.2137
N95220 X-0.3575 Y0.2064
N95225 X-0.3565 Y0.1984
N95230 X-0.355 Y0.1901
N95235 X-0.353 Y0.1815
N95240 X-0.3504 Y0.1723
N95245 X-0.3471 Y0.1626
N95250 X-0.3433 Y0.1529
N95255 X-0.3387 Y0.1426
N95260 X-0.3332 Y0.1318
N95265 X-0.3268 Y0.1207
N95270 X-0.3197 Y0.1096
N95275 X-0.3116 Y0.0982
N95280 X-0.3023 Y0.0864
N95285 X-0.2919 Y0.0744
N95290 X-0.2805 Y0.0625
N95295 X-0.2682 Y0.0508
N95300 X-0.2545 Y0.0391
N95305 X-0.2395 Y0.0274
N95310 X-0.223 Y0.0158
N95315 X-0.2052 Y0.0046
N95320 X-0.1863 Y-0.0061
N95325 X-0.1665 Y-0.0161
N95330 X-0.1456 Y-0.0253
N95335 X-0.1236 Y-0.0339
N95340 X-0.1006 Y-0.0415
N95345 X-0.0766 Y-0.0482
N95350 X-0.0519 Y-0.0538
N95355 X-0.0266 Y-0.0582
N95360 X-0.001 Y-0.0615
N95365 X0.0249 Y-0.0635
N95370 X0.0508 Y-0.0642
N95375 X0.0765 Y-0.0637
N95380 X0.1019 Y-0.0619
N95385 X0.1268 Y-0.059
N95390 X0.1511 Y-0.0549
N95395 X0.1747 Y-0.0497
N95400 X0.1975 Y-0.0436
N95405 X0.2193 Y-0.0365
N95410 X0.24 Y-0.0287
N95415 X0.2595 Y-0.0202
N95420 X0.2778 Y-0.0112
N95425 X0.295 Y-0.0016
N95430 X0.3111 Y0.0084
N95435 X0.3261 Y0.0187
N95440 X0.3396 Y0.029
N95445 X0.3516 Y0.0392
N95450 X0.3624 Y0.0492
N95455 X0.3717 Y0.0589
N95460 X0.3789 Y0.067
N95465 X0.3861 Y0.076
N95470 X0.3913 Y0.0832
N95475 X0.3931 Y0.086
N95480 X0.4004 Y0.0998
N95485 X0.4051 Y0.1146
N95490 X0.4071 Y0.1301
N95495 X0.4062 Y0.1456
N95500 X0.4026 Y0.1608
N95505 X0.402 Y0.1625
N95510 X0.4002 Y0.1677
N95515 X0.3923 Y0.188
N95520 X0.3898 Y0.1942
N95525 X0.3822 Y0.2103
N95530 G3 X0.3634 Y0.223 Z-0.2942 I-0.021 J-0.0108
N95535 G1 X0.3569 Y0.2236 Z-0.2928
N95540 X0.3501 Y0.2242 Z-0.2913
N95545 X-0.3078 Y0.2846
N95550 X-0.3146 Y0.2852 Z-0.2928
N95555 X-0.3217 Y0.2859 Z-0.2943
N95560 G3 X-0.3422 Y0.2773 Z-0.2992 I-0.0022 J-0.0235
N95565 G1 X-0.3447 Y0.274
N95570 X-0.3505 Y0.2655
N95575 X-0.361 Y0.2496
N95580 X-0.3671 Y0.2388
N95585 X-0.3698 Y0.2335
N95590 X-0.3721 Y0.2281
N95595 X-0.374 Y0.2225
N95600 X-0.3755 Y0.2168
N95605 X-0.3767 Y0.211
N95610 X-0.3775 Y0.2052
N95615 X-0.378 Y0.1991
N95620 X-0.3782 Y0.1929
N95625 X-0.3781 Y0.186
N95630 X-0.3777 Y0.1786
N95635 X-0.3768 Y0.1711
N95640 X-0.3755 Y0.1627
N95645 X-0.3736 Y0.1539
N95650 X-0.3713 Y0.145
N95655 X-0.3683 Y0.1354
N95660 X-0.3645 Y0.1251
N95665 X-0.3601 Y0.1148
N95670 X-0.3549 Y0.104
N95675 X-0.3487 Y0.0926
N95680 X-0.3415 Y0.0809
N95685 X-0.3336 Y0.0692
N95690 X-0.3246 Y0.0573
N95695 X-0.3143 Y0.0449
N95700 X-0.3027 Y0.0323
N95705 X-0.2899 Y0.0196
N95710 X-0.2762 Y0.0074
N95715 X-0.2611 Y-0.0049
N95720 X-0.2445 Y-0.0171
N95725 X-0.2266 Y-0.0289
N95730 X-0.2073 Y-0.0404
N95735 X-0.1867 Y-0.0513
N95740 X-0.1649 Y-0.0615
N95745 X-0.1422 Y-0.0708
N95750 X-0.1187 Y-0.0792
N95755 X-0.094 Y-0.0866
N95760 X-0.0684 Y-0.093
N95765 X-0.0421 Y-0.0982
N95770 X-0.0152 Y-0.1022
N95775 X0.012 Y-0.1048
N95780 X0.0394 Y-0.1062
N95785 X0.0667
N95790 X0.0938 Y-0.1049
N95795 X0.1206 Y-0.1023
N95800 X0.1468 Y-0.0984
N95805 X0.1724 Y-0.0934
N95810 X0.1971 Y-0.0873
N95815 X0.2206 Y-0.0802
N95820 X0.243 Y-0.0723
N95825 X0.2643 Y-0.0635
N95830 X0.2846 Y-0.054
N95835 X0.3037 Y-0.0439
N95840 X0.3215 Y-0.0334
N95845 X0.338 Y-0.0224
N95850 X0.3528 Y-0.0117
N95855 X0.3658 Y-0.0011
N95860 X0.3772 Y0.0092
N95865 X0.3859 Y0.0177
N95870 X0.3944 Y0.0269
N95875 X0.4004 Y0.0341
N95880 X0.4016 Y0.0357
N95885 X0.409 Y0.0475
N95890 X0.4145 Y0.0603
N95895 X0.4179 Y0.0738
N95900 X0.419 Y0.0877
N95905 X0.4179 Y0.1016
N95910 X0.4171 Y0.107
N95915 X0.416 Y0.1122
N95920 X0.4115 Y0.1308
N95925 X0.4095 Y0.1387
N95930 X0.4047 Y0.1545
N95935 X0.4026 Y0.1608
N95940 G3 X0.3829 Y0.176 Z-0.2936 I-0.0221 J-0.0083
N95945 G1 X0.3789 Y0.1764 Z-0.2928
N95950 X0.3721 Y0.1771 Z-0.2913
N95955 X-0.3341 Y0.2489
N95960 X-0.3409 Y0.2496 Z-0.2928
N95965 X-0.3446 Y0.25 Z-0.2936
N95970 G3 X-0.3671 Y0.2388 Z-0.2992 I-0.0024 J-0.0235
N95975 G1 X-0.3764 Y0.2224
N95980 X-0.3786 Y0.2179
N95985 X-0.3881 Y0.1977
N95990 X-0.3904 Y0.1923
N95995 X-0.3923 Y0.1867
N96000 X-0.3939 Y0.181
N96005 X-0.395 Y0.1752
N96010 X-0.3958 Y0.1693
N96015 X-0.3962 Y0.1635
N96020 X-0.3964 Y0.1572
N96025 X-0.3963 Y0.1504
N96030 X-0.3958 Y0.1434
N96035 X-0.3949 Y0.1356
N96040 X-0.3935 Y0.1274
N96045 X-0.3917 Y0.1188
N96050 X-0.3892 Y0.1095
N96055 X-0.3861 Y0.0999
N96060 X-0.3823 Y0.0899
N96065 X-0.3777 Y0.0792
N96070 X-0.3721 Y0.0679
N96075 X-0.3659 Y0.0567
N96080 X-0.3586 Y0.0449
N96085 X-0.35 Y0.0325
N96090 X-0.3404 Y0.0198
N96095 X-0.3299 Y0.0074
N96100 X-0.318 Y-0.0054
N96105 X-0.3046 Y-0.0184
N96110 X-0.2898 Y-0.0316
N96115 X-0.2735 Y-0.0446
N96120 X-0.2562 Y-0.0571
N96125 X-0.2376 Y-0.0693
N96130 X-0.2175 Y-0.081
N96135 X-0.1959 Y-0.0923
N96140 X-0.1731 Y-0.1028
N96145 X-0.1489 Y-0.1125
N96150 X-0.1236 Y-0.1213
N96155 X-0.0973 Y-0.1291
N96160 X-0.0702 Y-0.1356
N96165 X-0.0424 Y-0.1409
N96170 X-0.0141 Y-0.1449
N96175 X0.0146 Y-0.1475
N96180 X0.0434 Y-0.1488
N96185 X0.0721 Y-0.1486
N96190 X0.1006 Y-0.147
N96195 X0.1288 Y-0.1441
N96200 X0.1564 Y-0.1399
N96205 X0.1831 Y-0.1344
N96210 X0.2091 Y-0.1278
N96215 X0.2341 Y-0.1201
N96220 X0.258 Y-0.1114
N96225 X0.2809 Y-0.1019
N96230 X0.3026 Y-0.0916
N96235 X0.3229 Y-0.0807
N96240 X0.3413 Y-0.0696
N96245 X0.3575 Y-0.0587
N96250 X0.3723 Y-0.0478
N96255 X0.3839 Y-0.0382
N96260 X0.3939 Y-0.0291
N96265 X0.4018 Y-0.0212
N96270 X0.41 Y-0.0106
N96275 X0.4165 Y0.0011
N96280 X0.4211 Y0.0136
N96285 X0.4237 Y0.0267
N96290 X0.4243 Y0.0401
N96295 X0.4239 Y0.0515
N96300 X0.4233 Y0.0594
N96305 X0.4217 Y0.0753
N96310 X0.4209 Y0.0832
N96315 X0.4179 Y0.1016
N96320 G3 X0.3975 Y0.1205 Z-0.2929 I-0.0232 J-0.0046
N96325 G1 X0.397 Y0.1206 Z-0.2928
N96330 X0.3902 Y0.1214 Z-0.2913
N96335 X-0.356 Y0.2094
N96340 X-0.3628 Y0.2102 Z-0.2928
N96345 X-0.3644 Y0.2104 Z-0.2931
N96350 G3 X-0.3881 Y0.1977 Z-0.2992 I-0.0028 J-0.0235
N96355 G1 X-0.3898 Y0.1942
N96360 X-0.393 Y0.1862
N96365 X-0.4002 Y0.1677
N96370 X-0.402 Y0.1625
N96375 X-0.4047 Y0.1545
N96380 X-0.4081 Y0.1432
N96385 X-0.4095 Y0.1375
N96390 X-0.4106 Y0.1316
N96395 X-0.4113 Y0.1258
N96400 X-0.4116 Y0.1199
N96405 Y0.1139
N96410 X-0.4114 Y0.1074
N96415 X-0.4107 Y0.1003
N96420 X-0.4097 Y0.093
N96425 X-0.4082 Y0.0849
N96430 X-0.4061 Y0.0763
N96435 X-0.4034 Y0.0673
N96440 X-0.4 Y0.0575
N96445 X-0.3959 Y0.0474
N96450 X-0.3911 Y0.0369
N96455 X-0.3853 Y0.0257
N96460 X-0.3784 Y0.0139
N96465 X-0.3708 Y0.0022
N96470 X-0.3618 Y-0.0102
N96475 X-0.3513 Y-0.0232
N96480 X-0.3397 Y-0.0364
N96485 X-0.3271 Y-0.0493
N96490 X-0.313 Y-0.0624
N96495 X-0.2972 Y-0.0757
N96500 X-0.2798 Y-0.089
N96505 X-0.2608 Y-0.1021
N96510 X-0.2407 Y-0.1146
N96515 X-0.2194 Y-0.1264
N96520 X-0.1965 Y-0.1377
N96525 X-0.172 Y-0.1483
N96530 X-0.1461 Y-0.158
N96535 X-0.1191 Y-0.1667
N96540 X-0.091 Y-0.1742
N96545 X-0.0622 Y-0.1805
N96550 X-0.0326 Y-0.1854
N96555 X-0.0027 Y-0.1889
N96560 X0.0276 Y-0.191
N96565 X0.0579 Y-0.1916
N96570 X0.0881 Y-0.1907
N96575 X0.1181 Y-0.1884
N96580 X0.1475 Y-0.1846
N96585 X0.1763 Y-0.1795
N96590 X0.2043 Y-0.1731
N96595 X0.2315 Y-0.1655
N96600 X0.2577 Y-0.1568
N96605 X0.2828 Y-0.147
N96610 X0.3065 Y-0.1365
N96615 X0.3282 Y-0.1255
N96620 X0.3476 Y-0.1145
N96625 X0.365 Y-0.1035
N96630 X0.3784 Y-0.094
N96635 X0.3897 Y-0.0853
N96640 X0.392 Y-0.0833
N96645 X0.4026 Y-0.0723
N96650 X0.4112 Y-0.0597
N96655 X0.4174 Y-0.0457
N96660 X0.4211 Y-0.0309
N96665 X0.4216 Y-0.0277
N96670 X0.424 Y-0.0023
N96675 X0.4242 Y0.004
N96680 X0.4246 Y0.0198
N96685 X0.4247 Y0.0277
N96690 X0.4243 Y0.0401
N96695 G3 X0.4036 Y0.0619 Z-0.2923 I-0.0236 J-0.0016
N96700 G1 X0.3991 Y0.0624 Z-0.2913
N96705 X-0.3781 Y0.1585
N96710 X-0.3828 Y0.1591 Z-0.2924
N96715 G3 X-0.4081 Y0.1432 Z-0.2992 I-0.0029 J-0.0234
N96720 G1 X-0.4095 Y0.1387
N96725 X-0.4115 Y0.1308
N96730 X-0.416 Y0.1122
N96735 X-0.4171 Y0.107
N96740 X-0.4209 Y0.0832
N96745 X-0.4216 Y0.0711
N96750 Y0.0652
N96755 X-0.4214 Y0.0593
N96760 X-0.4207 Y0.0529
N96765 X-0.4197 Y0.0462
N96770 X-0.4183 Y0.0389
N96775 X-0.4163 Y0.0309
N96780 X-0.4139 Y0.0227
N96785 X-0.4106 Y0.0134
N96790 X-0.4068 Y0.0041
N96795 X-0.402 Y-0.006
N96800 X-0.3963 Y-0.0169
N96805 X-0.3898 Y-0.0278
N96810 X-0.3822 Y-0.0394
N96815 X-0.3731 Y-0.0517
N96820 X-0.363 Y-0.0642
N96825 X-0.3517 Y-0.0768
N96830 X-0.3387 Y-0.09
N96835 X-0.3239 Y-0.1036
N96840 X-0.3078 Y-0.1171
N96845 X-0.2906 Y-0.13
N96850 X-0.2716 Y-0.143
N96855 X-0.2508 Y-0.1557
N96860 X-0.2281 Y-0.1681
N96865 X-0.2038 Y-0.1799
N96870 X-0.178 Y-0.1909
N96875 X-0.1509 Y-0.2009
N96880 X-0.1226 Y-0.2098
N96885 X-0.0936 Y-0.2175
N96890 X-0.0636 Y-0.2238
N96895 X-0.0328 Y-0.2287
N96900 X-0.0013 Y-0.2322
N96905 X0.0305 Y-0.2342
N96910 X0.0624 Y-0.2347
N96915 X0.0943 Y-0.2335
N96920 X0.1259 Y-0.2309
N96925 X0.157 Y-0.2267
N96930 X0.1876 Y-0.2211
N96935 X0.2172 Y-0.2142
N96940 X0.2458 Y-0.206
N96945 X0.273 Y-0.1968
N96950 X0.2986 Y-0.1867
N96955 X0.3226 Y-0.1758
N96960 X0.3442 Y-0.1648
N96965 X0.3604 Y-0.1555
N96970 X0.369 Y-0.1499
N96975 X0.3811 Y-0.1406
N96980 X0.3914 Y-0.1292
N96985 X0.3994 Y-0.1163
N96990 X0.4051 Y-0.1021
N96995 X0.4061 Y-0.0991
N97000 X0.4083 Y-0.0911
N97005 X0.4105 Y-0.0832
N97010 X0.4161 Y-0.0594
N97015 X0.4176 Y-0.0515
N97020 X0.4203 Y-0.0357
N97025 X0.4211 Y-0.0309
N97030 G3 X0.4008 Y-0.0047 Z-0.2914 I-0.0235 J0.0028
N97035 G1 X0.4004 Z-0.2913
N97040 X-0.3932 Y0.1019
N97045 X-0.3946 Y0.1021 Z-0.2916
N97050 X-0.3977 Y0.1023 Z-0.2923
N97055 G3 X-0.4209 Y0.0832 Z-0.2992 I0. J-0.0236
N97060 G1 X-0.4217 Y0.0753
N97065 X-0.4233 Y0.0594
N97070 X-0.4239 Y0.0515
N97075 X-0.4247 Y0.0277
N97080 X-0.4246 Y0.0198
N97085 X-0.4243 Y0.0075
N97090 X-0.4237 Y0.0005
N97095 X-0.423 Y-0.0053
N97100 X-0.4219 Y-0.0114
N97105 X-0.4204 Y-0.018
N97110 X-0.4184 Y-0.0252
N97115 X-0.4159 Y-0.0328
N97120 X-0.4126 Y-0.0413
N97125 X-0.4088 Y-0.0499
N97130 X-0.4039 Y-0.0595
N97135 X-0.3984 Y-0.0693
N97140 X-0.3917 Y-0.0798
N97145 X-0.3837 Y-0.0913
N97150 X-0.3749 Y-0.1025
N97155 X-0.3646 Y-0.1145
N97160 X-0.3525 Y-0.1272
N97165 X-0.3393 Y-0.1398
N97170 X-0.3247 Y-0.1525
N97175 X-0.3079 Y-0.1657
N97180 X-0.2891 Y-0.179
N97185 X-0.2685 Y-0.1922
N97190 X-0.2468 Y-0.2046
N97195 X-0.2232 Y-0.2166
N97200 X-0.1977 Y-0.2281
N97205 X-0.1704 Y-0.2388
N97210 X-0.1418 Y-0.2484
N97215 X-0.1118 Y-0.2569
N97220 X-0.0807 Y-0.2641
N97225 X-0.0487 Y-0.2699
N97230 X-0.016 Y-0.2742
N97235 X0.0172 Y-0.2769
N97240 X0.0506 Y-0.278
N97245 X0.0841 Y-0.2774
N97250 X0.1173 Y-0.2753
N97255 X0.1503 Y-0.2715
N97260 X0.1826 Y-0.2663
N97265 X0.2141 Y-0.2595
N97270 X0.2444 Y-0.2515
N97275 X0.2735 Y-0.2422
N97280 X0.301 Y-0.232
N97285 X0.3239 Y-0.2222
N97290 X0.3327 Y-0.2178
N97295 X0.344 Y-0.2113
N97300 X0.3541 Y-0.2031
N97305 X0.3629 Y-0.1935
N97310 X0.3701 Y-0.1827
N97315 X0.3771 Y-0.1704
N97320 X0.381 Y-0.1625
N97325 X0.3883 Y-0.1466
N97330 X0.3918 Y-0.1387
N97335 X0.4008 Y-0.1149
N97340 X0.4037 Y-0.107
N97345 X0.4051 Y-0.1021
N97350 G3 X0.3884 Y-0.0732 Z-0.2913 I-0.0228 J0.0061
N97355 G1 X0.3854 Y-0.0726
N97360 X-0.3975 Y0.0307
N97365 X-0.4004 Y0.0309
N97370 G3 X-0.4243 Y0.0075 Z-0.2992 I-0.0002 J-0.0236
N97375 G1 X-0.4242 Y0.004
N97380 X-0.424 Y-0.0023
N97385 X-0.4216 Y-0.0277
N97390 X-0.4203 Y-0.0357
N97395 X-0.4176 Y-0.0515
N97400 X-0.416 Y-0.0598
N97405 X-0.4113 Y-0.0796
N97410 X-0.4086 Y-0.089
N97415 X-0.4064 Y-0.0956
N97420 X-0.4037 Y-0.1022
N97425 X-0.4003 Y-0.1098
N97430 X-0.3963 Y-0.1174
N97435 X-0.3912 Y-0.1262
N97440 X-0.3856 Y-0.1349
N97445 X-0.3785 Y-0.1447
N97450 X-0.3706 Y-0.1547
N97455 X-0.3612 Y-0.1654
N97460 X-0.35 Y-0.177
N97465 X-0.3379 Y-0.1883
N97470 X-0.3238 Y-0.2003
N97475 X-0.3075 Y-0.2128
N97480 X-0.2897 Y-0.2252
N97485 X-0.2704 Y-0.2373
N97490 X-0.2486 Y-0.2495
N97495 X-0.2244 Y-0.2614
N97500 X-0.1982 Y-0.2729
N97505 X-0.1702 Y-0.2836
N97510 X-0.1409 Y-0.2931
N97515 X-0.1106 Y-0.3014
N97520 X-0.0786 Y-0.3085
N97525 X-0.0455 Y-0.3141
N97530 X-0.0114 Y-0.3182
N97535 X0.0233 Y-0.3207
N97540 X0.0582 Y-0.3215
N97545 X0.0931 Y-0.3206
N97550 X0.1279 Y-0.318
N97555 X0.1624 Y-0.3138
N97560 X0.1962 Y-0.308
N97565 X0.2291 Y-0.3006
N97570 X0.2607 Y-0.2919
N97575 X0.274 Y-0.2875
N97580 X0.2875 Y-0.2818
N97585 X0.2998 Y-0.2739
N97590 X0.3106 Y-0.2641
N97595 X0.3209 Y-0.2529
N97600 X0.3235 Y-0.2496
N97605 X0.3424 Y-0.2259
N97610 X0.3447 Y-0.2227
N97615 X0.348 Y-0.2179
N97620 X0.3606 Y-0.1991
N97625 X0.3636 Y-0.1942
N97630 X0.3701 Y-0.1827
N97635 G3 X0.3601 Y-0.1508 Z-0.2913 I-0.0209 J0.0109
N97640 G1 X0.3576 Y-0.1497
N97645 X0.355 Y-0.1489
N97650 X0.3522 Y-0.1484
N97655 X-0.3851 Y-0.0516
N97660 X-0.3877 Y-0.0514
N97665 X-0.3903 Y-0.0515
N97670 X-0.3928 Y-0.0519
N97675 G3 X-0.4113 Y-0.0796 Z-0.2992 I0.0046 J-0.0232
N97680 G1 X-0.4105 Y-0.0832
N97685 X-0.4081 Y-0.0919
N97690 X-0.4061 Y-0.0991
N97695 X-0.4037 Y-0.107
N97700 X-0.4002 Y-0.1165
N97705 X-0.3918 Y-0.1387
N97710 X-0.3883 Y-0.1466
N97715 X-0.381 Y-0.1625
N97720 X-0.3771 Y-0.1704
N97725 X-0.3656 Y-0.1906
N97730 X-0.3597 Y-0.1999
N97735 X-0.3545 Y-0.2073
N97740 X-0.3487 Y-0.2148
N97745 X-0.3413 Y-0.2233
N97750 X-0.3332 Y-0.2318
N97755 X-0.3234 Y-0.2412
N97760 X-0.3121 Y-0.251
N97765 X-0.2992 Y-0.261
N97770 X-0.2837 Y-0.2721
N97775 X-0.2673 Y-0.2825
N97780 X-0.2481 Y-0.2935
N97785 X-0.226 Y-0.3046
N97790 X-0.2018 Y-0.3155
N97795 X-0.1766 Y-0.3253
N97800 X-0.1488 Y-0.3347
N97805 X-0.1186 Y-0.3432
N97810 X-0.0865 Y-0.3506
N97815 X-0.0529 Y-0.3566
N97820 X-0.0183 Y-0.3611
N97825 X0.0165 Y-0.3639
N97830 X0.0514 Y-0.3651
N97835 X0.0863 Y-0.3646
N97840 X0.1211 Y-0.3626
N97845 X0.1558 Y-0.3589
N97850 X0.1775 Y-0.3556
N97855 X0.1866 Y-0.3537
N97860 X0.1954 Y-0.3508
N97865 X0.2039 Y-0.347
N97870 X0.2083 Y-0.3447
N97875 X0.21 Y-0.3438
N97880 X0.2344 Y-0.3289
N97885 X0.2417 Y-0.3238
N97890 X0.2575 Y-0.3122
N97895 X0.2655 Y-0.3063
N97900 X0.2813 Y-0.2926
N97905 X0.2892 Y-0.2857
N97910 X0.294 Y-0.2813
N97915 X0.3051 Y-0.2699
N97920 X0.3093 Y-0.2655
N97925 X0.3106 Y-0.2641
N97930 G3 X0.3081 Y-0.2308 Z-0.2913 I-0.0179 J0.0154
N97935 X0.2952 Y-0.2252 I-0.0154 J-0.0179
N97940 G1 X-0.3422 Y-0.1562
N97945 G3 X-0.3556 Y-0.1587 I-0.0025 J-0.0235
N97950 X-0.3656 Y-0.1906 Z-0.2992 I0.0109 J-0.0209
N97955 G1 X-0.3636 Y-0.1942
N97960 X-0.3606 Y-0.1991
N97965 X-0.348 Y-0.2179
N97970 X-0.3447 Y-0.2227
N97975 X-0.3424 Y-0.2259
N97980 X-0.3235 Y-0.2496
N97985 X-0.3209 Y-0.2529
N97990 X-0.3093 Y-0.2655
N97995 X-0.2972 Y-0.2781
N98000 X-0.294 Y-0.2813
N98005 X-0.2892 Y-0.2857
N98010 X-0.2734 Y-0.2995
N98015 X-0.2655 Y-0.3063
N98020 X-0.2564 Y-0.313
N98025 X-0.2417 Y-0.3238
N98030 X-0.2344 Y-0.3289
N98035 X-0.21 Y-0.3438
N98040 X-0.2083 Y-0.3447
N98045 X-0.1862 Y-0.3561
N98050 X-0.1783 Y-0.36
N98055 X-0.1704 Y-0.3637
N98060 X-0.1545 Y-0.37
N98065 X-0.1466 Y-0.3728
N98070 X-0.1308 Y-0.3783
N98075 X-0.1228 Y-0.3809
N98080 X-0.0991 Y-0.3875
N98085 X-0.0911 Y-0.3892
N98090 X-0.0832 Y-0.3909
N98095 X-0.0753 Y-0.3925
N98100 X-0.0674 Y-0.394
N98105 X-0.0436 Y-0.397
N98110 X-0.0357 Y-0.3976
N98115 X-0.0198 Y-0.3986
N98120 X-0.0119 Y-0.3989
N98125 X0.0119
N98130 X0.0198 Y-0.3986
N98135 X0.0357 Y-0.3976
N98140 X0.0436 Y-0.397
N98145 X0.0674 Y-0.394
N98150 X0.0753 Y-0.3925
N98155 X0.0832 Y-0.3909
N98160 X0.0911 Y-0.3892
N98165 X0.0991 Y-0.3875
N98170 X0.1228 Y-0.3809
N98175 X0.1308 Y-0.3783
N98180 X0.1466 Y-0.3728
N98185 X0.1545 Y-0.37
N98190 X0.1704 Y-0.3637
N98195 X0.1783 Y-0.36
N98200 X0.1862 Y-0.3561
N98205 X0.2039 Y-0.347
N98210 G3 X0.2153 Y-0.3206 I-0.0115 J0.0206
N98215 G1 X0.2144 Y-0.3171 Z-0.2989
N98220 X0.2135 Y-0.3136 Z-0.2981
N98225 X0.2127 Y-0.3102 Z-0.2966
N98230 X0.2119 Y-0.3072 Z-0.2947
N98235 X0.2112 Y-0.3044 Z-0.2923
N98240 X0.2106 Y-0.3021 Z-0.2895
N98245 X0.2101 Y-0.3002 Z-0.2863
N98250 X0.2098 Y-0.2988 Z-0.2829
N98255 X0.2096 Y-0.298 Z-0.2793
N98260 X0.2095 Y-0.2977 Z-0.2756
N98265 Z0.1969
N98270 X-1.1839 Y-1.1635
N98275 Z-0.252
N98280 Z-0.2756
N98285 X-1.1841 Y-1.1634 Z-0.2793
N98290 X-1.1849 Y-1.1629 Z-0.2829
N98295 X-1.186 Y-1.162 Z-0.2863
N98300 X-1.1876 Y-1.1609 Z-0.2895
N98305 X-1.1896 Y-1.1596 Z-0.2923
N98310 X-1.1919 Y-1.1579 Z-0.2947
N98315 X-1.1945 Y-1.1561 Z-0.2966
N98320 X-1.1973 Y-1.1542 Z-0.2981
N98325 X-1.2003 Y-1.1521 Z-0.2989
N98330 X-1.2033 Y-1.15 Z-0.2992
N98335 G3 X-1.2322 Y-1.1392 I-0.0357 J-0.0511
N98340 G1 X-1.2481 Y-1.138
N98345 X-1.2639 Y-1.1362
N98350 X-1.2956 Y-1.1327
N98355 X-1.3036 Y-1.1315
N98360 X-1.3194 Y-1.1283
N98365 X-1.3273 Y-1.1262
N98370 X-1.3511 Y-1.118
N98375 X-1.3642 Y-1.1135
N98380 X-1.384 Y-1.1076
N98385 X-1.3998 Y-1.1038
N98390 X-1.4209 Y-1.0998
N98395 X-1.4555 Y-1.0949
N98400 X-1.4901 Y-1.0905
N98405 X-1.523 Y-1.079
N98410 X-1.5527 Y-1.0606
N98415 X-1.5781 Y-1.0367
N98420 X-1.599 Y-1.0088
N98425 X-1.6157 Y-0.9781
N98430 X-1.6285 Y-0.9457
N98435 X-1.6381 Y-0.9122
N98440 X-1.6452 Y-0.878
N98445 X-1.6503 Y-0.8435
N98450 X-1.6539 Y-0.8088
N98455 X-1.6564 Y-0.774
N98460 X-1.6581 Y-0.7392
N98465 X-1.6593 Y-0.7043
N98470 X-1.6602 Y-0.6694
N98475 X-1.6607 Y-0.6345
N98480 X-1.6611 Y-0.5996
N98485 X-1.6613 Y-0.5648
N98490 X-1.6615 Y-0.5299
N98495 X-1.6617 Y-0.4601
N98500 X-1.6618 Y-0.3554
N98505 X-1.6619 Y0.0283
N98510 Y0.6912
N98515 Y0.7958
N98520 X-1.6618 Y0.8307
N98525 X-1.6578 Y0.8654
N98530 X-1.6464 Y0.8984
N98535 X-1.6282 Y0.9281
N98540 X-1.6045 Y0.9537
N98545 X-1.5767 Y0.9749
N98550 X-1.5462 Y0.9918
N98555 X-1.5379 Y0.9959
N98560 X-1.5302 Y1.0011
N98565 X-1.5233 Y1.0073
N98570 X-1.5202 Y1.0105
N98575 X-1.4964 Y1.0342
N98580 X-1.4779 Y1.0509
N98585 X-1.47 Y1.0573
N98590 X-1.469 Y1.058
N98595 X-1.4383 Y1.0774
N98600 X-1.4249 Y1.0857
N98605 X-1.4224 Y1.0873
N98610 X-1.4189 Y1.0893
N98615 X-1.416 Y1.0914
N98620 X-1.4134 Y1.094
N98625 X-1.412 Y1.0965 Z-0.299
N98630 X-1.4105 Y1.099 Z-0.2985
N98635 X-1.4091 Y1.1014 Z-0.2976
N98640 X-1.4086 Y1.1043 Z-0.2962
N98645 X-1.4082 Y1.1069 Z-0.2944
N98650 X-1.4077 Y1.1093 Z-0.2923
N98655 Y1.1094
N98660 X-1.4081 Y1.1117 Z-0.2894
N98665 X-1.4084 Y1.1136 Z-0.2863
N98670 X-1.4086 Y1.115 Z-0.2829
N98675 X-1.4087 Y1.1159 Z-0.2793
N98680 Y1.1161 Z-0.2756
N98685 Z0.1969
N98690 X-1.3239 Y-1.1496
N98695 Z-0.252
N98700 Z-0.2756
N98705 X-1.3241 Y-1.1494 Z-0.2793
N98710 X-1.3246 Y-1.1487 Z-0.2829
N98715 X-1.3255 Y-1.1476 Z-0.2863
N98720 X-1.3268 Y-1.1461 Z-0.2895
N98725 X-1.3283 Y-1.1443 Z-0.2923
N98730 X-1.3301 Y-1.1421 Z-0.2947
N98735 X-1.3322 Y-1.1397 Z-0.2966
N98740 X-1.3344 Y-1.1371 Z-0.2981
N98745 X-1.3367 Y-1.1343 Z-0.2989
N98750 X-1.339 Y-1.1315 Z-0.2992
N98755 G3 X-1.3642 Y-1.1135 I-0.0477 J-0.04
N98760 G1 X-1.3749 Y-1.1097
N98765 X-1.3828 Y-1.1069
N98770 X-1.3986 Y-1.1008
N98775 X-1.4066 Y-1.0963
N98780 X-1.4224 Y-1.0873
N98785 X-1.4312 Y-1.0818
N98790 X-1.462 Y-1.0624
N98795 X-1.469 Y-1.058
N98800 X-1.47 Y-1.0573
N98805 X-1.4779 Y-1.0509
N98810 X-1.4964 Y-1.0342
N98815 X-1.5202 Y-1.0105
N98820 X-1.5254 Y-1.0051
N98825 X-1.5423 Y-0.9867
N98830 X-1.5457 Y-0.9827
N98835 X-1.5485 Y-0.9788
N98840 X-1.5586 Y-0.9629
N98845 X-1.5735 Y-0.9391
N98850 X-1.5784 Y-0.9312
N98855 X-1.5888 Y-0.9132
N98860 X-1.5918 Y-0.9074
N98865 X-1.5968 Y-0.8952
N98870 X-1.5981 Y-0.8916
N98875 X-1.6092 Y-0.8599
N98880 X-1.6174 Y-0.8361
N98885 X-1.6194 Y-0.8282
N98890 X-1.6229 Y-0.8123
N98895 X-1.6285 Y-0.7633
N98900 X-1.6291 Y-0.7568
N98905 X-1.6304 Y-0.741
N98910 X-1.6309 Y-0.7331
N98915 Y0.7331
N98920 X-1.6304 Y0.741
N98925 X-1.6291 Y0.7568
N98930 X-1.6283 Y0.7648
N98935 X-1.6229 Y0.8123
N98940 X-1.6194 Y0.8282
N98945 X-1.6174 Y0.8361
N98950 X-1.6092 Y0.8599
N98955 X-1.5981 Y0.8916
N98960 X-1.5968 Y0.8952
N98965 X-1.5918 Y0.9074
N98970 X-1.5888 Y0.9132
N98975 X-1.5784 Y0.9312
N98980 X-1.573 Y0.94
N98985 X-1.5586 Y0.9629
N98990 X-1.5485 Y0.9788
N98995 X-1.5457 Y0.9827
N99000 X-1.5423 Y0.9867
N99005 X-1.5254 Y1.0051
N99010 X-1.5233 Y1.0073
N99015 G3 X-1.521 Y1.0359 I-0.0175 J0.0159
N99020 G1 X-1.523 Y1.0391 Z-0.2989
N99025 X-1.5249 Y1.0421 Z-0.2981
N99030 X-1.5268 Y1.045 Z-0.2966
N99035 X-1.5285 Y1.0476 Z-0.2947
N99040 X-1.53 Y1.05 Z-0.2923
N99045 X-1.5313 Y1.052 Z-0.2895
N99050 X-1.5324 Y1.0536 Z-0.2863
N99055 X-1.5332 Y1.0548 Z-0.2829
N99060 X-1.5336 Y1.0555 Z-0.2793
N99065 X-1.5338 Y1.0558 Z-0.2756
N99070 Z0.1969
N99075 X1.1839 Y1.1635
N99080 Z-0.252
N99085 Z-0.2756
N99090 X1.1841 Y1.1634 Z-0.2793
N99095 X1.1849 Y1.1629 Z-0.2829
N99100 X1.186 Y1.162 Z-0.2863
N99105 X1.1876 Y1.1609 Z-0.2895
N99110 X1.1896 Y1.1596 Z-0.2923
N99115 X1.1919 Y1.1579 Z-0.2947
N99120 X1.1945 Y1.1561 Z-0.2966
N99125 X1.1973 Y1.1542 Z-0.2981
N99130 X1.2003 Y1.1521 Z-0.2989
N99135 X1.2033 Y1.15 Z-0.2992
N99140 G3 X1.2322 Y1.1392 I0.0357 J0.0511
N99145 G1 X1.2481 Y1.138
N99150 X1.2639 Y1.1362
N99155 X1.2956 Y1.1327
N99160 X1.3036 Y1.1315
N99165 X1.3194 Y1.1283
N99170 X1.3273 Y1.1262
N99175 X1.3511 Y1.118
N99180 X1.3642 Y1.1135
N99185 X1.384 Y1.1076
N99190 X1.3998 Y1.1038
N99195 X1.4209 Y1.0998
N99200 X1.4508 Y1.0955
N99205 X1.4856 Y1.0923
N99210 X1.5204 Y1.0904
N99215 X1.555 Y1.0856
N99220 X1.5872 Y1.0724
N99225 X1.6155 Y1.052
N99230 X1.6391 Y1.0263
N99235 X1.658 Y0.9969
N99240 X1.6725 Y0.9652
N99245 X1.6834 Y0.932
N99250 X1.6913 Y0.898
N99255 X1.6969 Y0.8636
N99260 X1.7008 Y0.829
N99265 X1.7036 Y0.7942
N99270 X1.7054 Y0.7593
N99275 X1.7066 Y0.7245
N99280 X1.7075 Y0.6896
N99285 X1.708 Y0.6547
N99290 X1.7084 Y0.6198
N99295 X1.7086 Y0.5849
N99300 X1.7088 Y0.5501
N99305 X1.709 Y0.4803
N99310 X1.7091 Y0.3756
N99315 Y-0.1128
N99320 Y-0.6361
N99325 Y-0.8803
N99330 X1.7086 Y-0.9152
N99335 X1.6997 Y-0.9489
N99340 X1.6828 Y-0.9794
N99345 X1.6596 Y-1.0055
N99350 X1.632 Y-1.0268
N99355 X1.6013 Y-1.0435
N99360 X1.5688 Y-1.0562
N99365 X1.5352 Y-1.0655
N99370 X1.501 Y-1.0722
N99375 X1.4664 Y-1.077
N99380 X1.4539 Y-1.0781
N99385 X1.4419 Y-1.0801
N99390 X1.4302 Y-1.0838
N99395 X1.4192 Y-1.0891
N99400 X1.4043 Y-1.0976
N99405 X1.3986 Y-1.1008
N99410 X1.3828 Y-1.1069
N99415 X1.3749 Y-1.1097
N99420 X1.3511 Y-1.118
N99425 X1.3273 Y-1.1262
N99430 X1.3194 Y-1.1283
N99435 X1.3036 Y-1.1315
N99440 X1.2956 Y-1.1327
N99445 X1.2793 Y-1.1345
N99450 G3 X1.2593 Y-1.1552 I0.0035 J-0.0234
N99455 G1 X1.2588 Y-1.1589 Z-0.2989
N99460 X1.2584 Y-1.1624 Z-0.2981
N99465 X1.258 Y-1.1658 Z-0.2966
N99470 X1.2577 Y-1.169 Z-0.2947
N99475 X1.2573 Y-1.1718 Z-0.2923
N99480 X1.2571 Y-1.1742 Z-0.2895
N99485 X1.2568 Y-1.1761 Z-0.2863
N99490 X1.2567 Y-1.1775 Z-0.2829
N99495 X1.2566 Y-1.1784 Z-0.2793
N99500 X1.2565 Y-1.1786 Z-0.2756
N99505 Z0.1969
N99510 X1.3239 Y1.1496
N99515 Z-0.252
N99520 Z-0.2756
N99525 X1.3241 Y1.1494 Z-0.2793
N99530 X1.3246 Y1.1487 Z-0.2829
N99535 X1.3255 Y1.1476 Z-0.2863
N99540 X1.3268 Y1.1461 Z-0.2895
N99545 X1.3283 Y1.1443 Z-0.2923
N99550 X1.3301 Y1.1421 Z-0.2947
N99555 X1.3322 Y1.1397 Z-0.2966
N99560 X1.3344 Y1.1371 Z-0.2981
N99565 X1.3367 Y1.1343 Z-0.2989
N99570 X1.339 Y1.1315 Z-0.2992
N99575 G3 X1.3642 Y1.1135 I0.0477 J0.04
N99580 G1 X1.3749 Y1.1097
N99585 X1.3828 Y1.1069
N99590 X1.3986 Y1.1008
N99595 X1.4066 Y1.0963
N99600 X1.4224 Y1.0873
N99605 X1.4303 Y1.0823
N99610 X1.4355 Y1.0794
N99615 X1.4423 Y1.0761
N99620 X1.452 Y1.0718
N99625 X1.4846 Y1.0594
N99630 X1.5165 Y1.0454
N99635 X1.5457 Y1.0263
N99640 X1.5712 Y1.0024
N99645 X1.5926 Y0.9749
N99650 X1.61 Y0.9446
N99655 X1.6236 Y0.9126
N99660 X1.6342 Y0.8793
N99665 X1.642 Y0.8453
N99670 X1.6479 Y0.8109
N99675 X1.6521 Y0.7763
N99680 X1.655 Y0.7415
N99685 X1.6572 Y0.7067
N99690 X1.6586 Y0.6718
N99695 X1.6597 Y0.637
N99700 X1.6604 Y0.6021
N99705 X1.6608 Y0.5672
N99710 X1.6612 Y0.5323
N99715 X1.6614 Y0.4974
N99720 X1.6615 Y0.4625
N99725 X1.6617 Y0.3928
N99730 X1.6618 Y0.2881
N99735 X1.6619 Y-0.1305
N99740 Y-0.7934
N99745 X1.6618 Y-0.8283
N99750 X1.6583 Y-0.863
N99755 X1.6474 Y-0.8961
N99760 X1.6297 Y-0.9261
N99765 X1.6063 Y-0.9521
N99770 X1.5788 Y-0.9735
N99775 X1.5484 Y-0.9907
N99780 X1.5387 Y-0.9955
N99785 X1.5298 Y-1.0017
N99790 X1.5217 Y-1.0089
N99795 X1.5202 Y-1.0105
N99800 X1.4964 Y-1.0342
N99805 X1.4779 Y-1.0509
N99810 X1.47 Y-1.0573
N99815 X1.469 Y-1.058
N99820 X1.4383 Y-1.0774
N99825 X1.4249 Y-1.0857
N99830 X1.4224 Y-1.0873
N99835 X1.4192 Y-1.0891
N99840 X1.4162 Y-1.0913
N99845 X1.4137 Y-1.0938
N99850 X1.4122 Y-1.0964 Z-0.299
N99855 X1.4108 Y-1.0988 Z-0.2985
N99860 X1.4094 Y-1.1012 Z-0.2976
N99865 X1.4089 Y-1.1041 Z-0.2962
N99870 X1.4084 Y-1.1068 Z-0.2944
N99875 X1.408 Y-1.1092 Z-0.2923
N99880 X1.4083 Y-1.1116 Z-0.2894
N99885 X1.4086 Y-1.1135 Z-0.2863
N99890 X1.4088 Y-1.1149 Z-0.2829
N99895 X1.4089 Y-1.1157 Z-0.2793
N99900 X1.409 Y-1.116 Z-0.2756
N99905 Z0.1969
N99910 X1.3991 Y1.1265
N99915 Z-0.252
N99920 Z-0.2756
N99925 X1.3992 Y1.1263 Z-0.2793
N99930 X1.3996 Y1.1255 Z-0.2829
N99935 X1.4003 Y1.1242 Z-0.2863
N99940 X1.4011 Y1.1225 Z-0.2895
N99945 X1.4022 Y1.1204 Z-0.2923
N99950 X1.4035 Y1.1179 Z-0.2947
N99955 X1.405 Y1.1151 Z-0.2966
N99960 X1.4065 Y1.112 Z-0.2981
N99965 X1.4082 Y1.1088 Z-0.2989
N99970 X1.4099 Y1.1055 Z-0.2992
N99975 G3 X1.4303 Y1.0823 I0.0555 J0.0284
N99980 G1 X1.462 Y1.0624
N99985 X1.469 Y1.058
N99990 X1.47 Y1.0573
N99995 X1.4779 Y1.0509
N10 X1.4964 Y1.0342
N15 X1.5202 Y1.0105
N20 X1.5254 Y1.0051
N25 X1.5423 Y0.9867
N30 X1.5457 Y0.9827
N35 X1.5485 Y0.9788
N40 X1.5586 Y0.9629
N45 X1.5735 Y0.9391
N50 X1.5784 Y0.9312
N55 X1.5888 Y0.9132
N60 X1.5918 Y0.9074
N65 X1.5968 Y0.8952
N70 X1.5981 Y0.8916
N75 X1.6092 Y0.8599
N80 X1.6174 Y0.8361
N85 X1.6194 Y0.8282
N90 X1.6229 Y0.8123
N95 X1.6285 Y0.7633
N100 X1.6291 Y0.7568
N105 X1.6304 Y0.741
N110 X1.6309 Y0.7331
N115 Y-0.7331
N120 X1.6304 Y-0.741
N125 X1.6291 Y-0.7568
N130 X1.6283 Y-0.7648
N135 X1.6229 Y-0.8123
N140 X1.6194 Y-0.8282
N145 X1.6174 Y-0.8361
N150 X1.6092 Y-0.8599
N155 X1.5981 Y-0.8916
N160 X1.5968 Y-0.8952
N165 X1.5918 Y-0.9074
N170 X1.5888 Y-0.9132
N175 X1.5784 Y-0.9312
N180 X1.573 Y-0.94
N185 X1.5586 Y-0.9629
N190 X1.5485 Y-0.9788
N195 X1.5457 Y-0.9827
N200 X1.5423 Y-0.9867
N205 X1.5254 Y-1.0051
N210 X1.5217 Y-1.0089
N215 X1.5195 Y-1.0118
N220 X1.5177 Y-1.015
N225 X1.517 Y-1.0178 Z-0.299
N230 X1.5163 Y-1.0206 Z-0.2985
N235 X1.5157 Y-1.0233 Z-0.2976
N240 X1.5156 Y-1.0248 Z-0.297
N245 X1.5162 Y-1.0279 Z-0.2951
N250 X1.5167 Y-1.0307 Z-0.2928
N255 X1.5172 Y-1.0332 Z-0.2901
N260 X1.5179 Y-1.0347 Z-0.2875
N265 X1.5186 Y-1.0359 Z-0.2847
N270 X1.519 Y-1.0368 Z-0.2818
N275 X1.5193 Y-1.0374 Z-0.2787
N280 X1.5194 Y-1.0376 Z-0.2756
N285 Z0.1969
N290 X0.1992 Y0.583
N295 Z-0.2362
N300 Z-0.2598
N305 X0.1993 Y0.5833 Z-0.2635
N310 X0.1995 Y0.5842 Z-0.2671
N315 X0.1999 Y0.5855 Z-0.2706
N320 X0.2004 Y0.5874 Z-0.2737
N325 X0.201 Y0.5897 Z-0.2765
N330 X0.2017 Y0.5925 Z-0.279
N335 X0.2025 Y0.5955 Z-0.2809
N340 X0.2034 Y0.5988 Z-0.2823
N345 X0.2043 Y0.6023 Z-0.2832
N350 X0.2052 Y0.6059 Z-0.2835
N355 G3 X0.2244 Y0.7344 I-0.5834 J0.1529
N360 G1 X0.2246 Y0.7568
N365 X0.2251 Y0.7648
N370 X0.2272 Y0.7806
N375 X0.2283 Y0.7885
N380 X0.2308 Y0.8044
N385 X0.2321 Y0.8123
N390 X0.2338 Y0.8203
N395 X0.236 Y0.8282
N400 X0.2387 Y0.8361
N405 X0.2417 Y0.8429
N410 X0.2539 Y0.8756
N415 X0.2658 Y0.9084
N420 X0.2794 Y0.9405
N425 X0.2964 Y0.971
N430 X0.3174 Y0.9989
N435 X0.342 Y1.0236
N440 X0.3706 Y1.0436
N445 X0.4019 Y1.059
N450 X0.435 Y1.07
N455 X0.469 Y1.0777
N460 X0.5035 Y1.0829
N465 X0.5383 Y1.0863
N470 X0.5731 Y1.0885
N475 X0.6079 Y1.09
N480 X0.6428 Y1.0909
N485 X0.6777 Y1.0915
N490 X0.7126 Y1.0919
N495 X0.7475 Y1.0921
N500 X0.7823 Y1.0923
N505 X0.8521 Y1.0924
N510 X0.9917 Y1.0925
N515 X1.1312
N520 X1.1661 Y1.0924
N525 X1.201 Y1.0911
N530 X1.2358 Y1.0886
N535 X1.2702 Y1.0834
N540 X1.3043 Y1.0759
N545 X1.3375 Y1.0651
N550 X1.3697 Y1.0517
N555 X1.4004 Y1.0352
N560 X1.4294 Y1.0158
N565 X1.4565 Y0.9938
N570 X1.4811 Y0.9691
N575 X1.5035 Y0.9423
N580 X1.5227 Y0.9132
N585 X1.5394 Y0.8825
N590 X1.5524 Y0.8502
N595 X1.5625 Y0.8168
N600 X1.5698 Y0.7827
N605 X1.5746 Y0.7481
N610 X1.5779 Y0.7134
N615 X1.58 Y0.6785
N620 X1.5813 Y0.6437
N625 X1.5822 Y0.6088
N630 X1.5827 Y0.5739
N635 X1.5831 Y0.539
N640 X1.5833 Y0.5042
N645 X1.5834 Y0.4693
N650 X1.5836 Y0.3995
N655 Y0.26
N660 X1.5837 Y-0.6471
N665 X1.5833 Y-0.682
N670 X1.5818 Y-0.7168
N675 X1.5789 Y-0.7516
N680 X1.5731 Y-0.786
N685 X1.5651 Y-0.82
N690 X1.5537 Y-0.8529
N695 X1.5398 Y-0.8849
N700 X1.5226 Y-0.9153
N705 X1.5027 Y-0.944
N710 X1.4801 Y-0.9705
N715 X1.455 Y-0.9947
N720 X1.4276 Y-1.0164
N725 X1.3982 Y-1.0351
N730 X1.3672 Y-1.0511
N735 X1.3346 Y-1.0635
N740 X1.301 Y-1.0731
N745 X1.2668 Y-1.0798
N750 X1.2322 Y-1.0843
N755 X1.1974 Y-1.0872
N760 X1.1626 Y-1.0891
N765 X1.1277 Y-1.0904
N770 X1.0929 Y-1.0912
N775 X1.058 Y-1.0917
N780 X1.0231 Y-1.092
N785 X0.9882 Y-1.0922
N790 X0.9533 Y-1.0923
N795 X0.9184 Y-1.0924
N800 X0.8138 Y-1.0925
N805 X0.3254
N810 X-1.0701
N815 X-1.1399
N820 X-1.1748 Y-1.0921
N825 X-1.2096 Y-1.0906
N830 X-1.2444 Y-1.0875
N835 X-1.2788 Y-1.0817
N840 X-1.3127 Y-1.0734
N845 X-1.3456 Y-1.0619
N850 X-1.3775 Y-1.0478
N855 X-1.4078 Y-1.0305
N860 X-1.4364 Y-1.0105
N865 X-1.4628 Y-0.9877
N870 X-1.487 Y-0.9626
N875 X-1.5085 Y-0.9351
N880 X-1.5271 Y-0.9056
N885 X-1.5429 Y-0.8745
N890 X-1.5552 Y-0.8418
N895 X-1.5647 Y-0.8083
N900 X-1.5712 Y-0.774
N905 X-1.5756 Y-0.7394
N910 X-1.5785 Y-0.7046
N915 X-1.5804 Y-0.6698
N920 X-1.5816 Y-0.6349
N925 X-1.5823 Y-0.6
N930 X-1.5828 Y-0.5652
N935 X-1.5831 Y-0.5303
N940 X-1.5833 Y-0.4954
N945 X-1.5834 Y-0.4605
N950 X-1.5836 Y-0.3907
N955 Y-0.2512
N960 X-1.5837 Y0.5512
N965 Y0.6559
N970 X-1.5831 Y0.6908
N975 X-1.5813 Y0.7256
N980 X-1.5776 Y0.7603
N985 X-1.5713 Y0.7946
N990 X-1.5624 Y0.8283
N995 X-1.5504 Y0.8611
N1000 X-1.5356 Y0.8927
N1005 X-1.5177 Y0.9226
N1010 X-1.4972 Y0.9509
N1015 X-1.4739 Y0.9768
N1020 X-1.4483 Y1.0005
N1025 X-1.4203 Y1.0214
N1030 X-1.3905 Y1.0395
N1035 X-1.359 Y1.0545
N1040 X-1.3261 Y1.0662
N1045 X-1.2924 Y1.075
N1050 X-1.258 Y1.0811
N1055 X-1.2234 Y1.0851
N1060 X-1.1886 Y1.0878
N1065 X-1.1538 Y1.0895
N1070 X-1.1189 Y1.0906
N1075 X-1.084 Y1.0913
N1080 X-1.0491 Y1.0918
N1085 X-1.0142 Y1.092
N1090 X-0.9793 Y1.0922
N1095 X-0.9445 Y1.0923
N1100 X-0.8747 Y1.0924
N1105 X-0.7003 Y1.0925
N1110 X-0.5607
N1115 X-0.5258 Y1.0922
N1120 X-0.491 Y1.0901
N1125 X-0.4566 Y1.0841
N1130 X-0.4233 Y1.0738
N1135 X-0.3918 Y1.0588
N1140 X-0.3634 Y1.0385
N1145 X-0.3388 Y1.0138
N1150 X-0.319 Y0.9851
N1155 X-0.304 Y0.9535
N1160 X-0.3009 Y0.9438
N1165 X-0.2961 Y0.9319
N1170 X-0.2896 Y0.9209
N1175 X-0.2816 Y0.911
N1180 X-0.2782 Y0.9074
N1185 X-0.2734 Y0.9017
N1190 X-0.2717 Y0.8995
N1195 X-0.2667 Y0.8916
N1200 X-0.2619 Y0.8836
N1205 X-0.2575 Y0.8753
N1210 X-0.2456 Y0.8519
N1215 X-0.2417 Y0.8429
N1220 X-0.2387 Y0.8361
N1225 X-0.236 Y0.8282
N1230 X-0.2338 Y0.8202
N1235 X-0.2321 Y0.8123
N1240 X-0.2308 Y0.8044
N1245 X-0.2283 Y0.7885
N1250 X-0.2272 Y0.7806
N1255 X-0.2252 Y0.7648
N1260 X-0.2246 Y0.7568
N1265 X-0.2245 Y0.741
N1270 G3 X-0.1999 Y0.7184 Z-0.2756 I0.0236 J0.001
N1275 G1 X-0.1973 Y0.7187
N1280 X-0.1948 Y0.7192
N1285 X0.2104 Y0.826
N1290 X0.217 Y0.8277 Z-0.277
N1295 X0.2264 Y0.8302 Z-0.2791
N1300 G3 X0.2417 Y0.8429 Z-0.2835 I-0.006 J0.0228
N1305 G1 X0.2456 Y0.8519
N1310 X0.2578 Y0.8757
N1315 X0.2619 Y0.8836
N1320 X0.2667 Y0.8916
N1325 X0.2717 Y0.8995
N1330 X0.2734 Y0.9017
N1335 X0.2782 Y0.9074
N1340 X0.2931 Y0.9233
N1345 X0.2972 Y0.9274
N1350 X0.3011 Y0.9312
N1355 X0.3174 Y0.947
N1360 X0.3209 Y0.9501
N1365 X0.3276 Y0.955
N1370 X0.3399 Y0.9629
N1375 X0.3413 Y0.9637
N1380 X0.3711 Y0.9819
N1385 X0.4023 Y0.9975
N1390 X0.4349 Y1.01
N1395 X0.4684 Y1.0197
N1400 X0.5025 Y1.0271
N1405 X0.5369 Y1.0325
N1410 X0.5716 Y1.0364
N1415 X0.6064 Y1.0392
N1420 X0.6412 Y1.0411
N1425 X0.6761 Y1.0425
N1430 X0.711 Y1.0434
N1435 X0.7458 Y1.044
N1440 X0.7807 Y1.0444
N1445 X0.8156 Y1.0447
N1450 X0.8505 Y1.0449
N1455 X0.8854 Y1.045
N1460 X0.9552 Y1.0452
N1465 X1.0598
N1470 X1.0947
N1475 X1.1296 Y1.0448
N1480 X1.1645 Y1.0438
N1485 X1.1992 Y1.0412
N1490 X1.2338 Y1.0366
N1495 X1.268 Y1.0295
N1500 X1.3014 Y1.0195
N1505 X1.3337 Y1.0063
N1510 X1.3645 Y0.9899
N1515 X1.3934 Y0.9704
N1520 X1.42 Y0.9478
N1525 X1.4439 Y0.9224
N1530 X1.4646 Y0.8943
N1535 X1.482 Y0.864
N1540 X1.496 Y0.8321
N1545 X1.5071 Y0.799
N1550 X1.5154 Y0.7651
N1555 X1.5216 Y0.7308
N1560 X1.5261 Y0.6962
N1565 X1.5293 Y0.6615
N1570 X1.5316 Y0.6267
N1575 X1.5331 Y0.5918
N1580 X1.5342 Y0.5569
N1585 X1.5349 Y0.5221
N1590 X1.5354 Y0.4872
N1595 X1.5358 Y0.4523
N1600 X1.536 Y0.4174
N1605 X1.5361 Y0.3825
N1610 X1.5363 Y0.3127
N1615 X1.5364 Y0.2081
N1620 Y0.1034
N1625 Y-0.5594
N1630 Y-0.5943
N1635 X1.5361 Y-0.6292
N1640 X1.5352 Y-0.6641
N1645 X1.5331 Y-0.6989
N1650 X1.5292 Y-0.7336
N1655 X1.5227 Y-0.7678
N1660 X1.5135 Y-0.8015
N1665 X1.5012 Y-0.8341
N1670 X1.4857 Y-0.8654
N1675 X1.467 Y-0.8948
N1680 X1.4452 Y-0.9221
N1685 X1.4204 Y-0.9466
N1690 X1.393 Y-0.9682
N1695 X1.3633 Y-0.9865
N1700 X1.3318 Y-1.0015
N1705 X1.299 Y-1.0134
N1710 X1.2653 Y-1.0224
N1715 X1.2311 Y-1.0291
N1720 X1.1965 Y-1.034
N1725 X1.1618 Y-1.0375
N1730 X1.127 Y-1.04
N1735 X1.0922 Y-1.0417
N1740 X1.0573 Y-1.0428
N1745 X1.0224 Y-1.0436
N1750 X0.9875 Y-1.0442
N1755 X0.9527 Y-1.0445
N1760 X0.9178 Y-1.0448
N1765 X0.8829 Y-1.045
N1770 X0.8131 Y-1.0451
N1775 X0.7085 Y-1.0452
N1780 X0.534 Y-1.0453
N1785 X-1.0708
N1790 X-1.1057 Y-1.0452
N1795 X-1.1405 Y-1.0446
N1800 X-1.1754 Y-1.0431
N1805 X-1.2101 Y-1.0399
N1810 X-1.2446 Y-1.0346
N1815 X-1.2786 Y-1.0266
N1820 X-1.3117 Y-1.0156
N1825 X-1.3436 Y-1.0014
N1830 X-1.3738 Y-0.9841
N1835 X-1.402 Y-0.9635
N1840 X-1.4278 Y-0.94
N1845 X-1.4507 Y-0.9137
N1850 X-1.4704 Y-0.8849
N1855 X-1.4867 Y-0.8541
N1860 X-1.4998 Y-0.8217
N1865 X-1.5099 Y-0.7884
N1870 X-1.5176 Y-0.7543
N1875 X-1.5232 Y-0.7199
N1880 X-1.5273 Y-0.6852
N1885 X-1.5301 Y-0.6505
N1890 X-1.5321 Y-0.6156
N1895 X-1.5335 Y-0.5808
N1900 X-1.5345 Y-0.5459
N1905 X-1.5351 Y-0.511
N1910 X-1.5356 Y-0.4761
N1915 X-1.5358 Y-0.4413
N1920 X-1.536 Y-0.4064
N1925 X-1.5362 Y-0.3715
N1930 X-1.5363 Y-0.3017
N1935 X-1.5364 Y-0.1622
N1940 Y0.5705
N1945 Y0.6053
N1950 X-1.5359 Y0.6402
N1955 X-1.5347 Y0.6751
N1960 X-1.5321 Y0.7099
N1965 X-1.5274 Y0.7444
N1970 X-1.5201 Y0.7786
N1975 X-1.5098 Y0.8119
N1980 X-1.4966 Y0.8442
N1985 X-1.4801 Y0.8749
N1990 X-1.4604 Y0.9037
N1995 X-1.4376 Y0.9301
N2000 X-1.412 Y0.9538
N2005 X-1.3838 Y0.9744
N2010 X-1.3535 Y0.9917
N2015 X-1.3215 Y1.0056
N2020 X-1.2884 Y1.0165
N2025 X-1.2545 Y1.0247
N2030 X-1.2201 Y1.0308
N2035 X-1.1855 Y1.0352
N2040 X-1.1508 Y1.0384
N2045 X-1.1159 Y1.0406
N2050 X-1.0811 Y1.0421
N2055 X-1.0462 Y1.0431
N2060 X-1.0113 Y1.0438
N2065 X-0.9765 Y1.0443
N2070 X-0.9416 Y1.0446
N2075 X-0.9067 Y1.0449
N2080 X-0.8718 Y1.045
N2085 X-0.802 Y1.0452
N2090 X-0.6625 Y1.0453
N2095 X-0.6276
N2100 X-0.5927 Y1.0452
N2105 X-0.5578 Y1.0442
N2110 X-0.5231 Y1.0409
N2115 X-0.489 Y1.0337
N2120 X-0.4565 Y1.021
N2125 X-0.427 Y1.0023
N2130 X-0.4187 Y0.9977
N2135 X-0.4099 Y0.994
N2140 X-0.4008 Y0.9912
N2145 X-0.4002 Y0.9911
N2150 X-0.3923 Y0.9885
N2155 X-0.3878 Y0.9867
N2160 X-0.3685 Y0.9777
N2165 X-0.3447 Y0.9655
N2170 X-0.3399 Y0.9629
N2175 X-0.3276 Y0.955
N2180 X-0.3209 Y0.9501
N2185 X-0.3174 Y0.947
N2190 X-0.3011 Y0.9312
N2195 X-0.2972 Y0.9274
N2200 X-0.2931 Y0.9233
N2205 X-0.2816 Y0.911
N2210 G3 X-0.2627 Y0.9043 Z-0.2791 I0.0166 J0.0168
N2215 G1 X-0.2532 Y0.9052 Z-0.277
N2220 X-0.2464 Y0.9058 Z-0.2756
N2225 X0.3048 Y0.9586
N2230 X0.3116 Y0.9593 Z-0.277
N2235 X0.333 Y0.9613 Z-0.2816
N2240 X0.3359 Y0.9618 Z-0.2822
N2245 X0.3387 Y0.9626 Z-0.2828
N2250 X0.3413 Y0.9637 Z-0.2835
N2255 X0.3447 Y0.9655
N2260 X0.3685 Y0.9777
N2265 X0.3878 Y0.9867
N2270 X0.3923 Y0.9885
N2275 X0.4002 Y0.9911
N2280 X0.4081 Y0.993
N2285 X0.416 Y0.9946
N2290 X0.4398 Y0.9984
N2295 X0.4557 Y1.0007
N2300 X0.4636 Y1.0016
N2305 X0.4873 Y1.002
N2310 X1.0658
N2315 X1.0896 Y1.0019
N2320 X1.0975 Y1.0015
N2325 X1.1054 Y1.0008
N2330 X1.1451 Y0.9963
N2335 X1.1609 Y0.9944
N2340 X1.1688 Y0.9935
N2345 X1.1702 Y0.9932
N2350 X1.2047 Y0.9882
N2355 X1.2388 Y0.9811
N2360 X1.2722 Y0.9708
N2365 X1.3042 Y0.957
N2370 X1.3345 Y0.9397
N2375 X1.3624 Y0.9187
N2380 X1.3873 Y0.8943
N2385 X1.4089 Y0.8669
N2390 X1.4271 Y0.8371
N2395 X1.442 Y0.8056
N2400 X1.4538 Y0.7728
N2405 X1.4552 Y0.7677
N2410 X1.4563 Y0.7641
N2415 X1.4576 Y0.7605
N2420 X1.459 Y0.757
N2425 X1.462 Y0.7489
N2430 X1.4779 Y0.7036
N2435 X1.4786 Y0.7014
N2440 X1.4827 Y0.6855
N2445 X1.4846 Y0.6776
N2450 X1.4875 Y0.6538
N2455 X1.491 Y0.6221
N2460 X1.4926 Y0.6063
N2465 X1.4929 Y0.5983
N2470 X1.4931 Y0.5746
N2475 Y-0.5746
N2480 X1.4929 Y-0.5983
N2485 X1.4926 Y-0.6063
N2490 X1.491 Y-0.6221
N2495 X1.4875 Y-0.6538
N2500 X1.4846 Y-0.6776
N2505 X1.4843 Y-0.6789
N2510 X1.4832 Y-0.6847
N2515 X1.4783 Y-0.7193
N2520 X1.4706 Y-0.7533
N2525 X1.4598 Y-0.7865
N2530 X1.4455 Y-0.8183
N2535 X1.4275 Y-0.8482
N2540 X1.4059 Y-0.8756
N2545 X1.381 Y-0.9
N2550 X1.3533 Y-0.9211
N2555 X1.3232 Y-0.9388
N2560 X1.2914 Y-0.9531
N2565 X1.2584 Y-0.9645
N2570 X1.2569 Y-0.9649
N2575 X1.2537 Y-0.9658
N2580 X1.2505 Y-0.9669
N2585 X1.2474 Y-0.968
N2590 X1.2402 Y-0.9709
N2595 X1.1926 Y-0.9875
N2600 X1.1847 Y-0.9899
N2605 X1.1768 Y-0.9919
N2610 X1.1688 Y-0.9935
N2615 X1.153 Y-0.9954
N2620 X1.1371 Y-0.9972
N2625 X1.1054 Y-1.0008
N2630 X1.0975 Y-1.0015
N2635 X1.0896 Y-1.0019
N2640 X1.0658 Y-1.002
N2645 X-1.0658
N2650 X-1.0896 Y-1.0019
N2655 X-1.0975 Y-1.0015
N2660 X-1.1054 Y-1.0008
N2665 X-1.1451 Y-0.9963
N2670 X-1.1609 Y-0.9944
N2675 X-1.1688 Y-0.9935
N2680 X-1.1702 Y-0.9932
N2685 X-1.2047 Y-0.9882
N2690 X-1.2388 Y-0.981
N2695 X-1.2722 Y-0.9707
N2700 X-1.3042 Y-0.957
N2705 X-1.3345 Y-0.9396
N2710 X-1.3624 Y-0.9187
N2715 X-1.3873 Y-0.8943
N2720 X-1.4089 Y-0.8669
N2725 X-1.4271 Y-0.8371
N2730 X-1.442 Y-0.8055
N2735 X-1.4538 Y-0.7727
N2740 X-1.4552 Y-0.7678
N2745 X-1.4563 Y-0.7641
N2750 X-1.4576 Y-0.7605
N2755 X-1.459 Y-0.757
N2760 X-1.462 Y-0.7489
N2765 X-1.4779 Y-0.7036
N2770 X-1.4786 Y-0.7014
N2775 X-1.4827 Y-0.6855
N2780 X-1.4846 Y-0.6776
N2785 X-1.4875 Y-0.6538
N2790 X-1.491 Y-0.6221
N2795 X-1.4926 Y-0.6063
N2800 X-1.4929 Y-0.5983
N2805 X-1.4931 Y-0.5746
N2810 Y0.5746
N2815 X-1.4929 Y0.5983
N2820 X-1.4926 Y0.6063
N2825 X-1.491 Y0.6221
N2830 X-1.4875 Y0.6538
N2835 X-1.4846 Y0.6776
N2840 X-1.4843 Y0.6789
N2845 X-1.4832 Y0.6847
N2850 X-1.4783 Y0.7193
N2855 X-1.4706 Y0.7533
N2860 X-1.4598 Y0.7864
N2865 X-1.4454 Y0.8183
N2870 X-1.4275 Y0.8482
N2875 X-1.4059 Y0.8756
N2880 X-1.381 Y0.9
N2885 X-1.3532 Y0.9211
N2890 X-1.3231 Y0.9387
N2895 X-1.2913 Y0.9531
N2900 X-1.2583 Y0.9645
N2905 X-1.2543 Y0.9656
N2910 X-1.2511 Y0.9666
N2915 X-1.248 Y0.9678
N2920 X-1.2402 Y0.9709
N2925 X-1.1926 Y0.9875
N2930 X-1.1847 Y0.9899
N2935 X-1.1768 Y0.9919
N2940 X-1.1688 Y0.9935
N2945 X-1.153 Y0.9954
N2950 X-1.1371 Y0.9972
N2955 X-1.1054 Y1.0008
N2960 X-1.0975 Y1.0015
N2965 X-1.0896 Y1.0019
N2970 X-1.0658 Y1.002
N2975 X-0.4873
N2980 X-0.4636 Y1.0016
N2985 X-0.4557 Y1.0007
N2990 X-0.4398 Y0.9984
N2995 X-0.4159 Y0.9946
N3000 X-0.4081 Y0.993
N3005 X-0.4008 Y0.9912
N3010 G3 X-0.3749 Y1.0038 I0.0048 J0.0231
N3015 G1 X-0.3732 Y1.0071 Z-0.2832
N3020 X-0.3716 Y1.0103 Z-0.2823
N3025 X-0.3701 Y1.0133 Z-0.2809
N3030 X-0.3687 Y1.0162 Z-0.279
N3035 X-0.3674 Y1.0187 Z-0.2765
N3040 X-0.3663 Y1.0208 Z-0.2737
N3045 X-0.3654 Y1.0226 Z-0.2706
N3050 X-0.3648 Y1.0238 Z-0.2671
N3055 X-0.3644 Y1.0246 Z-0.2635
N3060 X-0.3643 Y1.0249 Z-0.2598
N3065 Z0.1969
N3070 X-1.5161 Y0.6351
N3075 Z-0.2362
N3080 Z-0.2598
N3085 X-1.5159 Y0.6353 Z-0.2635
N3090 X-1.5153 Y0.636 Z-0.2671
N3095 X-1.5143 Y0.637 Z-0.2706
N3100 X-1.5129 Y0.6384 Z-0.2737
N3105 X-1.5113 Y0.6401 Z-0.2765
N3110 X-1.5093 Y0.6421 Z-0.279
N3115 X-1.5071 Y0.6444 Z-0.2809
N3120 X-1.5047 Y0.6468 Z-0.2823
N3125 X-1.5022 Y0.6494 Z-0.2832
N3130 X-1.4996 Y0.6521 Z-0.2835
N3135 G3 X-1.4843 Y0.6789 I-0.0447 J0.0434
N3140 G1 X-1.4827 Y0.6855
N3145 X-1.4786 Y0.7014
N3150 X-1.4779 Y0.7036
N3155 X-1.462 Y0.7489
N3160 X-1.459 Y0.7568
N3165 X-1.4523 Y0.7727
N3170 X-1.4484 Y0.7806
N3175 X-1.4437 Y0.7885
N3180 X-1.4383 Y0.7973
N3185 X-1.4189 Y0.8282
N3190 X-1.4145 Y0.8349
N3195 X-1.4024 Y0.8519
N3200 X-1.3986 Y0.856
N3205 X-1.395 Y0.8599
N3210 X-1.3907 Y0.8644
N3215 X-1.3556 Y0.8995
N3220 X-1.3511 Y0.9039
N3225 X-1.3432 Y0.9111
N3230 X-1.3374 Y0.9153
N3235 X-1.326 Y0.9233
N3240 X-1.3194 Y0.9277
N3245 X-1.2798 Y0.9525
N3250 X-1.2719 Y0.9572
N3255 X-1.2639 Y0.9613
N3260 X-1.248 Y0.9678
N3265 G3 X-1.234 Y0.9929 I-0.0094 J0.0217
N3270 G1 X-1.2345 Y0.9966 Z-0.2832
N3275 X-1.235 Y1.0001 Z-0.2823
N3280 X-1.2355 Y1.0035 Z-0.2809
N3285 X-1.236 Y1.0067 Z-0.279
N3290 X-1.2364 Y1.0094 Z-0.2765
N3295 X-1.2368 Y1.0118 Z-0.2737
N3300 X-1.237 Y1.0137 Z-0.2706
N3305 X-1.2372 Y1.0151 Z-0.2671
N3310 X-1.2374 Y1.016 Z-0.2635
N3315 Y1.0163 Z-0.2598
N3320 Z0.1969
N3325 X-1.1252 Y-1.0233
N3330 Z-0.2362
N3335 Z-0.2598
N3340 X-1.1254 Y-1.0231 Z-0.2635
N3345 X-1.126 Y-1.0225 Z-0.2671
N3350 X-1.1271 Y-1.0216 Z-0.2706
N3355 X-1.1285 Y-1.0203 Z-0.2737
N3360 X-1.1303 Y-1.0187 Z-0.2765
N3365 X-1.1324 Y-1.0168 Z-0.279
N3370 X-1.1348 Y-1.0147 Z-0.2809
N3375 X-1.1373 Y-1.0124 Z-0.2823
N3380 X-1.14 Y-1.01 Z-0.2832
N3385 X-1.1427 Y-1.0075 Z-0.2835
N3390 G3 X-1.1702 Y-0.9932 I-0.0416 J-0.0464
N3395 G1 X-1.1768 Y-0.9919
N3400 X-1.1847 Y-0.9899
N3405 X-1.1926 Y-0.9875
N3410 X-1.2403 Y-0.9708
N3415 X-1.2481 Y-0.9678
N3420 X-1.2639 Y-0.9613
N3425 X-1.2719 Y-0.9572
N3430 X-1.2798 Y-0.9525
N3435 X-1.3194 Y-0.9277
N3440 X-1.3273 Y-0.9223
N3445 X-1.3374 Y-0.9153
N3450 X-1.3432 Y-0.9111
N3455 X-1.3511 Y-0.9039
N3460 X-1.3556 Y-0.8995
N3465 X-1.3907 Y-0.8644
N3470 X-1.395 Y-0.8599
N3475 X-1.3986 Y-0.856
N3480 X-1.4024 Y-0.8519
N3485 X-1.4145 Y-0.8349
N3490 X-1.4189 Y-0.8282
N3495 X-1.4388 Y-0.7965
N3500 X-1.4437 Y-0.7885
N3505 X-1.4484 Y-0.7806
N3510 X-1.4523 Y-0.7727
N3515 X-1.459 Y-0.757
N3520 G3 X-1.4845 Y-0.7437 I-0.0214 J-0.01
N3525 G1 X-1.4881 Y-0.7443 Z-0.2832
N3530 X-1.4917 Y-0.745 Z-0.2823
N3535 X-1.495 Y-0.7455 Z-0.2809
N3540 X-1.4981 Y-0.7461 Z-0.279
N3545 X-1.5009 Y-0.7466 Z-0.2765
N3550 X-1.5033 Y-0.747 Z-0.2737
N3555 X-1.5052 Y-0.7473 Z-0.2706
N3560 X-1.5066 Y-0.7476 Z-0.2671
N3565 X-1.5074 Y-0.7477 Z-0.2635
N3570 X-1.5077 Y-0.7478 Z-0.2598
N3575 Z0.1969
N3580 X1.5161 Y-0.6351
N3585 Z-0.2362
N3590 Z-0.2598
N3595 X1.5159 Y-0.6353 Z-0.2635
N3600 X1.5153 Y-0.636 Z-0.2671
N3605 X1.5143 Y-0.637 Z-0.2706
N3610 X1.5129 Y-0.6384 Z-0.2737
N3615 X1.5113 Y-0.6401 Z-0.2765
N3620 X1.5093 Y-0.6421 Z-0.279
N3625 X1.5071 Y-0.6444 Z-0.2809
N3630 X1.5047 Y-0.6468 Z-0.2823
N3635 X1.5022 Y-0.6494 Z-0.2832
N3640 X1.4996 Y-0.6521 Z-0.2835
N3645 G3 X1.4843 Y-0.6789 I0.0447 J-0.0434
N3650 G1 X1.4827 Y-0.6855
N3655 X1.4786 Y-0.7014
N3660 X1.4779 Y-0.7036
N3665 X1.462 Y-0.7489
N3670 X1.459 Y-0.7568
N3675 X1.4523 Y-0.7727
N3680 X1.4484 Y-0.7806
N3685 X1.4437 Y-0.7885
N3690 X1.4383 Y-0.7973
N3695 X1.4189 Y-0.8282
N3700 X1.4145 Y-0.8349
N3705 X1.4024 Y-0.8519
N3710 X1.3986 Y-0.856
N3715 X1.395 Y-0.8599
N3720 X1.3907 Y-0.8644
N3725 X1.3556 Y-0.8995
N3730 X1.3511 Y-0.9039
N3735 X1.3432 Y-0.9111
N3740 X1.3374 Y-0.9153
N3745 X1.326 Y-0.9233
N3750 X1.3194 Y-0.9277
N3755 X1.2798 Y-0.9525
N3760 X1.2719 Y-0.9572
N3765 X1.2639 Y-0.9613
N3770 X1.2474 Y-0.968
N3775 G3 X1.2334 Y-0.9932 I0.0094 J-0.0217
N3780 G1 X1.2339 Y-0.9968 Z-0.2832
N3785 X1.2344 Y-1.0004 Z-0.2823
N3790 X1.2349 Y-1.0038 Z-0.2809
N3795 X1.2354 Y-1.0069 Z-0.279
N3800 X1.2358 Y-1.0097 Z-0.2765
N3805 X1.2361 Y-1.0121 Z-0.2737
N3810 X1.2364 Y-1.014 Z-0.2706
N3815 X1.2366 Y-1.0154 Z-0.2671
N3820 X1.2368 Y-1.0162 Z-0.2635
N3825 Y-1.0165 Z-0.2598
N3830 Z0.1969
N3835 X1.1252 Y1.0233
N3840 Z-0.2362
N3845 Z-0.2598
N3850 X1.1254 Y1.0231 Z-0.2635
N3855 X1.126 Y1.0225 Z-0.2671
N3860 X1.1271 Y1.0216 Z-0.2706
N3865 X1.1285 Y1.0203 Z-0.2737
N3870 X1.1303 Y1.0187 Z-0.2765
N3875 X1.1324 Y1.0168 Z-0.279
N3880 X1.1348 Y1.0147 Z-0.2809
N3885 X1.1373 Y1.0124 Z-0.2823
N3890 X1.14 Y1.01 Z-0.2832
N3895 X1.1427 Y1.0075 Z-0.2835
N3900 G3 X1.1702 Y0.9932 I0.0416 J0.0464
N3905 G1 X1.1768 Y0.9919
N3910 X1.1847 Y0.9899
N3915 X1.1926 Y0.9875
N3920 X1.2403 Y0.9708
N3925 X1.2481 Y0.9678
N3930 X1.2639 Y0.9613
N3935 X1.2719 Y0.9572
N3940 X1.2798 Y0.9525
N3945 X1.3194 Y0.9277
N3950 X1.3273 Y0.9223
N3955 X1.3374 Y0.9153
N3960 X1.3432 Y0.9111
N3965 X1.3511 Y0.9039
N3970 X1.3556 Y0.8995
N3975 X1.3907 Y0.8644
N3980 X1.395 Y0.8599
N3985 X1.3986 Y0.856
N3990 X1.4024 Y0.8519
N3995 X1.4145 Y0.8349
N4000 X1.4189 Y0.8282
N4005 X1.4388 Y0.7965
N4010 X1.4437 Y0.7885
N4015 X1.4484 Y0.7806
N4020 X1.4523 Y0.7727
N4025 X1.459 Y0.757
N4030 X1.4608 Y0.7538
N4035 X1.463 Y0.7509
N4040 X1.4653 Y0.7492 Z-0.2833
N4045 X1.4676 Y0.7474 Z-0.2827
N4050 X1.4699 Y0.7458 Z-0.2818
N4055 X1.4729 Y0.7449 Z-0.2803
N4060 X1.4756 Y0.7441 Z-0.2784
N4065 X1.4781 Y0.7434 Z-0.2761
N4070 X1.4804 Y0.7433 Z-0.2731
N4075 X1.4822 Y0.7434 Z-0.2701
N4080 X1.4834 Y0.7436 Z-0.2668
N4085 X1.4842 Z-0.2634
N4090 X1.4845 Y0.7437 Z-0.2598
N4095 Z0.1969
N4100 X-1.7098 Y-1.3352
N4105 Z-0.4094
N4110 Z-0.4331
N4115 Y-1.335 Z-0.4368
N4120 X-1.7095 Y-1.3341 Z-0.4404
N4125 X-1.7092 Y-1.3327 Z-0.4438
N4130 X-1.7087 Y-1.3309 Z-0.447
N4135 X-1.7081 Y-1.3285 Z-0.4498
N4140 X-1.7074 Y-1.3258 Z-0.4522
N4145 X-1.7066 Y-1.3227 Z-0.4541
N4150 X-1.7058 Y-1.3194 Z-0.4555
N4155 X-1.7049 Y-1.3159 Z-0.4564
N4160 X-1.704 Y-1.3124 Z-0.4567
N4165 G3 X-1.6855 Y-1.1838 I-0.5842 J0.1496
N4170 G1 Y-1.1781
N4175 X-1.7064 Y-1.1502
N4180 X-1.7221 Y-1.119
N4185 X-1.7333 Y-1.086
N4190 X-1.7412 Y-1.052
N4195 X-1.7465 Y-1.0175
N4200 X-1.75 Y-0.9828
N4205 X-1.7523 Y-0.948
N4210 X-1.7537 Y-0.9132
N4215 X-1.7547 Y-0.8783
N4220 X-1.7553 Y-0.8434
N4225 X-1.7557 Y-0.8085
N4230 X-1.7559 Y-0.7736
N4235 X-1.7561 Y-0.7388
N4240 X-1.7562 Y-0.669
N4245 X-1.7563 Y-0.5294
N4250 Y0.7963
N4255 Y0.9707
N4260 X-1.7561 Y0.9794
N4265 X-1.755 Y0.9881
N4270 X-1.7472 Y1.0221
N4275 X-1.7284 Y1.0514
N4280 X-1.7028 Y1.0751
N4285 X-1.6729 Y1.0932
N4290 X-1.6406 Y1.1064
N4295 X-1.607 Y1.1157
N4300 X-1.5727 Y1.1221
N4305 X-1.5381 Y1.1264
N4310 X-1.5033 Y1.1292
N4315 X-1.4685 Y1.1311
N4320 X-1.4336 Y1.1322
N4325 X-1.3988 Y1.133
N4330 X-1.3639 Y1.1335
N4335 X-1.329 Y1.1338
N4340 X-1.2886 Y1.134
N4345 X-1.2855
N4350 X-1.2823 Y1.1342
N4355 X-1.2792 Y1.1345
N4360 X-1.255 Y1.1373
N4365 X-1.2481 Y1.138
N4370 X-1.2243 Y1.1397
N4375 X-1.2085 Y1.1398
N4380 X-0.4873
N4385 X-0.4636 Y1.1394
N4390 X-0.4623 Y1.1392
N4395 X-0.4296 Y1.1368
N4400 X-0.3947 Y1.1358
N4405 X-0.3598 Y1.1353
N4410 X-0.325 Y1.1349
N4415 X-0.2901 Y1.1347
N4420 X-0.2552 Y1.1345
N4425 X-0.1854 Y1.1344
N4430 X-0.0459 Y1.1343
N4435 X0.4209
N4440 X0.4253 Y1.1344
N4445 X0.4297 Y1.1347
N4450 X0.4341 Y1.1353
N4455 X0.4398 Y1.1362
N4460 X0.4557 Y1.1384
N4465 X0.4636 Y1.1394
N4470 X0.4873 Y1.1398
N4475 X1.2164
N4480 X1.2243 Y1.1397
N4485 X1.2322 Y1.1392
N4490 X1.2671 Y1.1384
N4495 X1.302 Y1.1368
N4500 X1.3368 Y1.1359
N4505 X1.3717 Y1.1353
N4510 X1.4066 Y1.1349
N4515 X1.4415 Y1.1347
N4520 X1.4764 Y1.1345
N4525 X1.5462 Y1.1344
N4530 X1.6159 Y1.1343
N4535 X1.6493 Y1.1241
N4540 X1.6778 Y1.1039
N4545 X1.7005 Y1.0775
N4550 X1.7177 Y1.0471
N4555 X1.7302 Y1.0146
N4560 X1.739 Y0.9808
N4565 X1.745 Y0.9464
N4570 X1.749 Y0.9118
N4575 X1.7517 Y0.877
N4580 X1.7534 Y0.8421
N4585 X1.7544 Y0.8073
N4590 X1.7551 Y0.7724
N4595 X1.7556 Y0.7375
N4600 X1.7559 Y0.7026
N4605 X1.756 Y0.6677
N4610 X1.7562 Y0.6329
N4615 X1.7563 Y0.5631
N4620 Y0.3886
N4625 Y-0.4137
N4630 Y-0.9719
N4635 X1.756 Y-0.9806
N4640 X1.7535 Y-0.9979
N4645 X1.7419 Y-1.0308
N4650 X1.7209 Y-1.0586
N4655 X1.6938 Y-1.0807
N4660 X1.6631 Y-1.0973
N4665 X1.6304 Y-1.1094
N4670 X1.5966 Y-1.1178
N4675 X1.5621 Y-1.1235
N4680 X1.5275 Y-1.1273
N4685 X1.4927 Y-1.1298
N4690 X1.4578 Y-1.1315
N4695 X1.4229 Y-1.1325
N4700 X1.3881 Y-1.1331
N4705 X1.3532 Y-1.1336
N4710 X1.3183 Y-1.1338
N4715 X1.2885 Y-1.134
N4720 X1.2854
N4725 X1.2823 Y-1.1342
N4730 X1.2793 Y-1.1345
N4735 X1.255 Y-1.1373
N4740 X1.2481 Y-1.138
N4745 X1.2243 Y-1.1397
N4750 X1.2085 Y-1.1398
N4755 X-1.2164
N4760 X-1.2243 Y-1.1397
N4765 X-1.2322 Y-1.1392
N4770 X-1.2671 Y-1.1384
N4775 X-1.302 Y-1.1368
N4780 X-1.3368 Y-1.1359
N4785 X-1.3717 Y-1.1353
N4790 X-1.4066 Y-1.1349
N4795 X-1.4415 Y-1.1347
N4800 X-1.4764 Y-1.1345
N4805 X-1.5462 Y-1.1344
N4810 X-1.5801 Y-1.1264
N4815 X-1.6104 Y-1.109
N4820 X-1.6357 Y-1.0851
N4825 X-1.6559 Y-1.0566
N4830 X-1.6714 Y-1.0254
N4835 X-1.6829 Y-0.9924
N4840 X-1.6911 Y-0.9585
N4845 X-1.6969 Y-0.9241
N4850 X-1.701 Y-0.8895
N4855 X-1.7037 Y-0.8547
N4860 X-1.7055 Y-0.8198
N4865 X-1.7067 Y-0.785
N4870 X-1.7076 Y-0.7501
N4875 X-1.7081 Y-0.7152
N4880 X-1.7084 Y-0.6803
N4885 X-1.7087 Y-0.6454
N4890 X-1.7088 Y-0.6106
N4895 X-1.709 Y-0.5408
N4900 X-1.7091 Y-0.4361
N4905 Y0.1918
N4910 Y0.4709
N4915 Y0.8896
N4920 X-1.7069 Y0.9244
N4925 X-1.6958 Y0.9575
N4930 X-1.6771 Y0.9869
N4935 X-1.6526 Y1.0117
N4940 X-1.624 Y1.0317
N4945 X-1.5927 Y1.0473
N4950 X-1.5599 Y1.059
N4955 X-1.5261 Y1.0675
N4960 X-1.4917 Y1.0737
N4965 X-1.4571 Y1.078
N4970 X-1.4545 Y1.0782
N4975 X-1.4421 Y1.0802
N4980 X-1.4302 Y1.0839
N4985 X-1.4189 Y1.0893
N4990 X-1.4043 Y1.0976
N4995 X-1.3986 Y1.1008
N5000 X-1.3828 Y1.1069
N5005 X-1.3749 Y1.1097
N5010 X-1.3511 Y1.118
N5015 X-1.3273 Y1.1262
N5020 X-1.3194 Y1.1283
N5025 X-1.3036 Y1.1315
N5030 X-1.2956 Y1.1327
N5035 X-1.2792 Y1.1345
N5040 G3 X-1.2661 Y1.141 Z-0.4535 I-0.0035 J0.0234
N5045 G2 X-1.2499 Y1.1563 Z-0.4488 I0.3979 J-0.406
N5050 X-1.1475 Y1.2302 I0.3818 J-0.4212
N5055 X-1.136 Y1.2332 I0.0116 J-0.0206
N5060 G1 X-0.606 Y1.2362
N5065 G2 X-0.5945 Y1.2333 I0.0001 J-0.0236
N5070 X-0.4916 Y1.1609 I-0.2737 J-0.4982
N5075 X-0.4748 Y1.1455 Z-0.4537 I-0.3766 J-0.4259
N5080 G3 X-0.4623 Y1.1392 Z-0.4567 I0.0163 J0.0171
N5085 G1 X-0.4557 Y1.1384
N5090 X-0.4398 Y1.1362
N5095 X-0.424 Y1.1337
N5100 X-0.416 Y1.1324
N5105 X-0.4081 Y1.1308
N5110 X-0.4016 Y1.1293
N5115 X-0.3923 Y1.1263
N5120 X-0.3843 Y1.1228
N5125 X-0.3764 Y1.1191
N5130 X-0.3662 Y1.1149
N5135 X-0.3566 Y1.1115
N5140 X-0.3446 Y1.1079
N5145 X-0.3292 Y1.1041
N5150 X-0.3087 Y1.1001
N5155 X-0.2799 Y1.0959
N5160 X-0.2451 Y1.0926
N5165 X-0.2103 Y1.0905
N5170 X-0.1754 Y1.0892
N5175 X-0.1406 Y1.0884
N5180 X-0.1057 Y1.0879
N5185 X-0.0708 Y1.0876
N5190 X-0.0359 Y1.0874
N5195 X-0.001 Y1.0873
N5200 X0.0687 Y1.0871
N5205 X0.2083
N5210 X0.292 Y1.087
N5215 X0.3075 Y1.0884
N5220 X0.3226 Y1.0924
N5225 X0.3368 Y1.0989
N5230 X0.3447 Y1.1033
N5235 X0.3645 Y1.1135
N5240 X0.3685 Y1.1154
N5245 X0.3843 Y1.1228
N5250 X0.3923 Y1.1263
N5255 X0.4016 Y1.1293
N5260 X0.4081 Y1.1308
N5265 X0.416 Y1.1324
N5270 X0.4341 Y1.1353
N5275 G3 X0.4538 Y1.1622 Z-0.4488 I-0.0036 J0.0233
N5280 X0.4303 Y1.1823 I-0.0233 J-0.0036
N5285 G1 X-0.3802 Y1.1765
N5290 G3 X-0.4022 Y1.1448 I0.0002 J-0.0236
N5295 G1 X-0.4011 Y1.1421 Z-0.4494
N5300 X-0.3996 Y1.1396 Z-0.4501
N5305 X-0.399 Y1.1388 Z-0.4503
N5310 G3 X-0.3764 Y1.1191 Z-0.4567 I0.051 J0.0358
N5315 G1 X-0.3685 Y1.1154
N5320 X-0.3645 Y1.1135
N5325 X-0.3447 Y1.1033
N5330 X-0.3368 Y1.0989
N5335 X-0.3348 Y1.0976
N5340 X-0.3289 Y1.0939
N5345 X-0.3259 Y1.0916
N5350 X-0.3193 Y1.087
N5355 X-0.3141 Y1.0838
N5360 X-0.3077 Y1.0802
N5365 X-0.3007 Y1.0768
N5370 X-0.2921 Y1.073
N5375 X-0.2814 Y1.069
N5380 X-0.2689 Y1.0649
N5385 X-0.2528 Y1.0605
N5390 X-0.2326 Y1.0561
N5395 X-0.2055 Y1.0515
N5400 X-0.1708 Y1.0474
N5405 X-0.1361 Y1.0448
N5410 X-0.1012 Y1.043
N5415 X-0.0663 Y1.0419
N5420 X-0.0315 Y1.0412
N5425 X0.0034 Y1.0407
N5430 X0.0383 Y1.0404
N5435 X0.0732 Y1.0402
N5440 X0.1081 Y1.0401
N5445 X0.1779 Y1.0399
N5450 X0.2127
N5455 X0.237 Y1.0401
N5460 X0.2504 Y1.0413
N5465 X0.2634 Y1.0445
N5470 X0.2758 Y1.0497
N5475 X0.2872 Y1.0567
N5480 X0.2975 Y1.0655
N5485 X0.3058 Y1.0739
N5490 X0.313 Y1.0807
N5495 G3 X0.3126 Y1.1141 Z-0.4488 I-0.0169 J0.0165
N5500 X0.2966 Y1.1208 I-0.0165 J-0.0169
N5505 G1 X-0.3103 Y1.1334
N5510 G3 X-0.3291 Y1.1248 I-0.0005 J-0.0236
N5515 X-0.3259 Y1.0916 Z-0.4567 I0.0182 J-0.015
N5520 G1 X-0.3209 Y1.0878
N5525 X-0.3141 Y1.0818
N5530 X-0.3058 Y1.0739
N5535 X-0.2933 Y1.0612
N5540 X-0.2875 Y1.056
N5545 X-0.283 Y1.0522
N5550 X-0.2782 Y1.0487
N5555 X-0.2722 Y1.0447
N5560 X-0.2655 Y1.0408
N5565 X-0.2579 Y1.0367
N5570 X-0.2482 Y1.0321
N5575 X-0.2373 Y1.0276
N5580 X-0.2244 Y1.023
N5585 X-0.2085 Y1.0182
N5590 X-0.189 Y1.0133
N5595 X-0.1643 Y1.0083
N5600 X-0.1305 Y1.0033
N5605 X-0.0958 Y0.9998
N5610 X-0.061 Y0.9974
N5615 X-0.0261 Y0.9959
N5620 X0.0087 Y0.9948
N5625 X0.0436 Y0.9941
N5630 X0.0785 Y0.9936
N5635 X0.1134 Y0.9932
N5640 X0.1483 Y0.993
N5645 X0.1817
N5650 X0.2002 Y0.9939
N5655 X0.2085 Y0.9947
N5660 X0.2233 Y0.9976
N5665 X0.2373 Y1.0032
N5670 X0.25 Y1.0114
N5675 X0.2609 Y1.0219
N5680 X0.2696 Y1.0342
N5685 X0.2734 Y1.0394
N5690 X0.2813 Y1.0491
N5695 X0.2901 Y1.058
N5700 X0.2975 Y1.0655
N5705 G3 X0.2963 Y1.0988 Z-0.4488 I-0.0173 J0.0161
N5710 X0.28 Y1.1052 I-0.0161 J-0.0173
N5715 G1 X-0.2761 Y1.1009
N5720 G3 X-0.292 Y1.0946 I0.0002 J-0.0236
N5725 X-0.2933 Y1.0612 Z-0.4567 I0.0161 J-0.0173
N5730 G1 X-0.2813 Y1.0491
N5735 X-0.2734 Y1.0394
N5740 X-0.2696 Y1.0342
N5745 X-0.2689 Y1.033
N5750 X-0.2657 Y1.0281
N5755 X-0.2619 Y1.0235
N5760 X-0.2578 Y1.0193
N5765 X-0.2534 Y1.0153
N5770 X-0.2484 Y1.0112
N5775 X-0.2431 Y1.0072
N5780 X-0.2364 Y1.0028
N5785 X-0.2288 Y0.9982
N5790 X-0.2202 Y0.9936
N5795 X-0.2092 Y0.9884
N5800 X-0.1974 Y0.9835
N5805 X-0.183 Y0.9783
N5810 X-0.166 Y0.9731
N5815 X-0.1447 Y0.9677
N5820 X-0.1185 Y0.9624
N5825 X-0.084 Y0.9571
N5830 X-0.0493 Y0.9535
N5835 X-0.0146 Y0.951
N5840 X0.0203 Y0.9492
N5845 X0.0552 Y0.948
N5850 X0.09 Y0.9472
N5855 X0.1249 Y0.9467
N5860 X0.1502 Y0.947
N5865 X0.166 Y0.948
N5870 X0.1793 Y0.9495
N5875 X0.1859 Y0.9506
N5880 X0.1991 Y0.9538
N5885 X0.2116 Y0.959
N5890 X0.2231 Y0.9661
N5895 X0.2334 Y0.9749
N5900 X0.2422 Y0.9852
N5905 X0.2492 Y0.9968
N5910 X0.2575 Y1.0131
N5915 X0.2605 Y1.0184
N5920 X0.2696 Y1.0342
N5925 G3 X0.2597 Y1.0661 Z-0.4488 I-0.0209 J0.011
N5930 X0.2486 Y1.0689 I-0.011 J-0.0209
N5935 G1 X-0.2481 Y1.0677
N5940 G3 X-0.259 Y1.0649 I0.0001 J-0.0236
N5945 X-0.2689 Y1.033 Z-0.4567 I0.011 J-0.0209
N5950 G1 X-0.2605 Y1.0184
N5955 X-0.2575 Y1.0131
N5960 X-0.2522 Y1.0025
N5965 X-0.2492 Y0.9974
N5970 X-0.2459 Y0.9925
N5975 X-0.2422 Y0.9879
N5980 X-0.2383 Y0.9835
N5985 X-0.2341 Y0.9793
N5990 X-0.2291 Y0.9748
N5995 X-0.2237 Y0.9704
N6000 X-0.2171 Y0.9655
N6005 X-0.2096 Y0.9605
N6010 X-0.2011 Y0.9554
N6015 X-0.1907 Y0.9499
N6020 X-0.1795 Y0.9446
N6025 X-0.1651 Y0.9387
N6030 X-0.15 Y0.9332
N6035 X-0.1306 Y0.9274
N6040 X-0.1081 Y0.9217
N6045 X-0.0795 Y0.9159
N6050 X-0.045 Y0.9108
N6055 X-0.0103 Y0.9071
N6060 X0.0245 Y0.9045
N6065 X0.0593 Y0.9026
N6070 X0.0942 Y0.9016
N6075 X0.1194 Y0.9019
N6080 X0.1379 Y0.903
N6085 X0.1508 Y0.9044
N6090 X0.163 Y0.9063
N6095 X0.1726 Y0.9084
N6100 X0.1756 Y0.9092
N6105 X0.1896 Y0.9141
N6110 X0.2025 Y0.9214
N6115 X0.214 Y0.9307
N6120 X0.2237 Y0.9419
N6125 X0.2314 Y0.9546
N6130 X0.2368 Y0.9684
N6135 G3 X0.2199 Y0.9971 Z-0.4488 I-0.0229 J0.0059
N6140 G1 X0.2179 Y0.9976
N6145 X0.216 Y0.9978
N6150 X-0.2287 Y1.036
N6155 G3 X-0.2407 Y1.0339 I-0.002 J-0.0235
N6160 X-0.2522 Y1.0025 Z-0.4567 I0.01 J-0.0214
N6165 G1 X-0.2481 Y0.9946
N6170 X-0.2442 Y0.9867
N6175 X-0.2405 Y0.9788
N6180 X-0.2381 Y0.9724
N6185 X-0.2358 Y0.967
N6190 X-0.2331 Y0.9618
N6195 X-0.2299 Y0.9568
N6200 X-0.2265 Y0.952
N6205 X-0.2227 Y0.9474
N6210 X-0.2187 Y0.943
N6215 X-0.2139 Y0.9383
N6220 X-0.2086 Y0.9335
N6225 X-0.2023 Y0.9284
N6230 X-0.1951 Y0.9231
N6235 X-0.1868 Y0.9176
N6240 X-0.1773 Y0.9119
N6245 X-0.1664 Y0.9062
N6250 X-0.1535 Y0.9001
N6255 X-0.139 Y0.8941
N6260 X-0.1214 Y0.8879
N6265 X-0.1011 Y0.8817
N6270 X-0.0768 Y0.8756
N6275 X-0.046 Y0.8695
N6280 X-0.0115 Y0.8644
N6285 X0.0232 Y0.8607
N6290 X0.058 Y0.8584
N6295 X0.085 Y0.8578
N6300 X0.1066 Y0.8584
N6305 X0.1219 Y0.8596
N6310 X0.1363 Y0.8614
N6315 X0.1467 Y0.8633
N6320 X0.1577 Y0.8658
N6325 X0.1662 Y0.8682
N6330 X0.1747 Y0.871
N6335 X0.1759 Y0.8715
N6340 X0.1895 Y0.8781
N6345 X0.2016 Y0.887
N6350 X0.2121 Y0.8978
N6355 X0.2205 Y0.9103
N6360 X0.2266 Y0.9241
N6365 X0.2302 Y0.9387
N6370 X0.2318 Y0.947
N6375 X0.2352 Y0.9629
N6380 X0.2368 Y0.9684
N6385 G3 X0.2199 Y0.9971 Z-0.4488 I-0.0229 J0.0059
N6390 G1 X0.2171 Y0.9977
N6395 X0.2143 Y0.9979
N6400 X-0.2155 Y1.0036
N6405 X-0.2181 Y1.0035
N6410 X-0.2208 Y1.0031
N6415 X-0.2234 Y1.0024
N6420 G3 X-0.2381 Y0.9724 Z-0.4567 I0.0076 J-0.0224
N6425 G1 X-0.2375 Y0.9708
N6430 X-0.2352 Y0.9629
N6435 X-0.2318 Y0.947
N6440 X-0.2304 Y0.9413
N6445 X-0.2285 Y0.9357
N6450 X-0.226 Y0.9304
N6455 X-0.2232 Y0.9252
N6460 X-0.22 Y0.9202
N6465 X-0.2166 Y0.9154
N6470 X-0.2127 Y0.9105
N6475 X-0.2084 Y0.9057
N6480 X-0.2031 Y0.9003
N6485 X-0.1974 Y0.8951
N6490 X-0.1905 Y0.8892
N6495 X-0.183 Y0.8836
N6500 X-0.1739 Y0.8773
N6505 X-0.1642 Y0.8713
N6510 X-0.1524 Y0.8648
N6515 X-0.1395 Y0.8585
N6520 X-0.1238 Y0.8517
N6525 X-0.1064 Y0.8452
N6530 X-0.0857 Y0.8386
N6535 X-0.0609 Y0.832
N6540 X-0.0328 Y0.8259
N6545 X-0.0028 Y0.821
N6550 X0.026 Y0.8176
N6555 X0.0514 Y0.816
N6560 X0.0742 Y0.8156
N6565 X0.0933 Y0.8161
N6570 X0.1105 Y0.8175
N6575 X0.124 Y0.8193
N6580 X0.1366 Y0.8215
N6585 X0.147 Y0.8239
N6590 X0.156 Y0.8265
N6595 X0.1655 Y0.8296
N6600 X0.1728 Y0.8325
N6605 X0.1747 Y0.8333
N6610 X0.188 Y0.8407
N6615 X0.1998 Y0.8503
N6620 X0.2097 Y0.8619
N6625 X0.2174 Y0.8749
N6630 X0.2228 Y0.8892
N6635 X0.2255 Y0.9041
N6640 X0.2266 Y0.9153
N6645 X0.2278 Y0.9233
N6650 X0.2302 Y0.9387
N6655 G3 X0.2097 Y0.965 Z-0.4488 I-0.0234 J0.0029
N6660 G1 X0.2073 Y0.9652
N6665 X-0.208 Y0.9743
N6670 X-0.2101
N6675 X-0.2122 Y0.9741
N6680 G3 X-0.2318 Y0.947 Z-0.4567 I0.0037 J-0.0233
N6685 G1 X-0.2303 Y0.9391
N6690 X-0.2278 Y0.9233
N6695 X-0.2266 Y0.9153
N6700 X-0.2258 Y0.9095
N6705 X-0.2241 Y0.9039
N6710 X-0.2219 Y0.8984
N6715 X-0.2193 Y0.8931
N6720 X-0.2164 Y0.8879
N6725 X-0.2132 Y0.8829
N6730 X-0.2095 Y0.8778
N6735 X-0.2054 Y0.8726
N6740 X-0.2005 Y0.867
N6745 X-0.1951 Y0.8614
N6750 X-0.1887 Y0.8554
N6755 X-0.1813 Y0.8491
N6760 X-0.1732 Y0.8428
N6765 X-0.1634 Y0.8361
N6770 X-0.1531 Y0.8296
N6775 X-0.1403 Y0.8224
N6780 X-0.1268 Y0.8157
N6785 X-0.1105 Y0.8085
N6790 X-0.0922 Y0.8015
N6795 X-0.0723 Y0.795
N6800 X-0.0498 Y0.7889
N6805 X-0.0261 Y0.7836
N6810 X-0.002 Y0.7795
N6815 X0.0215 Y0.7766
N6820 X0.0441 Y0.7749
N6825 X0.0647 Y0.7745
N6830 X0.0829 Y0.7749
N6835 X0.0996 Y0.7761
N6840 X0.1149 Y0.778
N6845 X0.1269 Y0.7801
N6850 X0.1388 Y0.7827
N6855 X0.1487 Y0.7854
N6860 X0.1571 Y0.7882
N6865 X0.1662 Y0.7917
N6870 X0.1733 Y0.7948
N6875 X0.1765 Y0.7964
N6880 X0.19 Y0.8048
N6885 X0.2018 Y0.8156
N6890 X0.2114 Y0.8283
N6895 X0.2186 Y0.8426
N6900 X0.2229 Y0.858
N6905 X0.2244 Y0.8739
N6910 Y0.8916
N6915 X0.2253 Y0.902
N6920 X0.2255 Y0.9041
N6925 G3 X0.2034 Y0.9291 Z-0.4488 I-0.0236 J0.0014
N6930 G1 X0.2026 Y0.9292
N6935 X-0.2024 Y0.9404
N6940 X-0.2045
N6945 G3 X-0.2266 Y0.9153 Z-0.4567 I0.0015 J-0.0236
N6950 G1 X-0.2251 Y0.8995
N6955 X-0.2244 Y0.8916
N6960 Y0.8892
N6965 X-0.2241 Y0.8833
N6970 X-0.2232 Y0.8774
N6975 X-0.2218 Y0.8717
N6980 X-0.2198 Y0.8661
N6985 X-0.2175 Y0.8607
N6990 X-0.2149 Y0.8554
N6995 X-0.212 Y0.8503
N7000 X-0.2085 Y0.845
N7005 X-0.2047 Y0.8396
N7010 X-0.2001 Y0.8338
N7015 X-0.1949 Y0.8278
N7020 X-0.189 Y0.8216
N7025 X-0.1819 Y0.8149
N7030 X-0.1744 Y0.8085
N7035 X-0.1653 Y0.8014
N7040 X-0.1554 Y0.7945
N7045 X-0.1441 Y0.7874
N7050 X-0.131 Y0.78
N7055 X-0.1172 Y0.773
N7060 X-0.1012 Y0.766
N7065 X-0.0833 Y0.7591
N7070 X-0.0642 Y0.7528
N7075 X-0.0444 Y0.7473
N7080 X-0.0233 Y0.7425
N7085 X-0.0018 Y0.7388
N7090 X0.0194 Y0.7361
N7095 X0.0399 Y0.7346
N7100 X0.0588 Y0.7341
N7105 X0.0766 Y0.7345
N7110 X0.0933 Y0.7356
N7115 X0.1083 Y0.7374
N7120 X0.122 Y0.7398
N7125 X0.1331 Y0.7422
N7130 X0.1447 Y0.7454
N7135 X0.154 Y0.7484
N7140 X0.162 Y0.7514
N7145 X0.1709 Y0.7553
N7150 X0.1779 Y0.7588
N7155 X0.18 Y0.7599
N7160 X0.1926 Y0.7685
N7165 X0.2036 Y0.7792
N7170 X0.2125 Y0.7917
N7175 X0.219 Y0.8055
N7180 X0.2231 Y0.8203
N7185 X0.2244 Y0.8356
N7190 Y0.8739
N7195 G3 X0.2017 Y0.8966 Z-0.4492 I-0.0236 J-0.0008
N7200 G1 X0.2 Y0.8967 Z-0.4488
N7205 X-0.1999 Y0.912
N7210 X-0.2
N7215 G3 X-0.2244 Y0.8892 Z-0.4567 I-0.0008 J-0.0236
N7220 G1 Y0.8575
N7225 X-0.2241 Y0.8516
N7230 X-0.2234 Y0.8457
N7235 X-0.2222 Y0.8399
N7240 X-0.2205 Y0.8343
N7245 X-0.2184 Y0.8287
N7250 X-0.216 Y0.8234
N7255 X-0.2133 Y0.8181
N7260 X-0.2101 Y0.8126
N7265 X-0.2065 Y0.8069
N7270 X-0.2023 Y0.801
N7275 X-0.1973 Y0.7946
N7280 X-0.1917 Y0.7883
N7285 X-0.1851 Y0.7814
N7290 X-0.1779 Y0.7746
N7295 X-0.1697 Y0.7676
N7300 X-0.1601 Y0.7601
N7305 X-0.1499 Y0.753
N7310 X-0.1381 Y0.7456
N7315 X-0.1248 Y0.7381
N7320 X-0.1108 Y0.7311
N7325 X-0.0953 Y0.7243
N7330 X-0.0782 Y0.7177
N7335 X-0.0598 Y0.7117
N7340 X-0.0406 Y0.7064
N7345 X-0.021 Y0.702
N7350 X-0.0012 Y0.6985
N7355 X0.0185 Y0.6961
N7360 X0.0376 Y0.6947
N7365 X0.0562 Y0.6942
N7370 X0.0736 Y0.6946
N7375 X0.0903 Y0.6958
N7380 X0.1052 Y0.6976
N7385 X0.1192 Y0.7
N7390 X0.132 Y0.7028
N7395 X0.1423 Y0.7056
N7400 X0.1532 Y0.7091
N7405 X0.1614 Y0.7123
N7410 X0.1697 Y0.7159
N7415 X0.1777 Y0.7199
N7420 X0.1801 Y0.7212
N7425 X0.1927 Y0.7298
N7430 X0.2036 Y0.7405
N7435 X0.2125 Y0.753
N7440 X0.219 Y0.7668
N7445 X0.2231 Y0.7816
N7450 X0.2244 Y0.7968
N7455 Y0.8356
N7460 G3 X0.2021 Y0.8583 Z-0.4493 I-0.0236 J-0.0008
N7465 G1 X0.2 Y0.8584 Z-0.4488
N7470 X-0.1995 Y0.8802
N7475 X-0.2 Y0.8803
N7480 G3 X-0.2244 Y0.8575 Z-0.4567 I-0.0008 J-0.0236
N7485 G1 Y0.8202
N7490 X-0.2241 Y0.8143
N7495 X-0.2233 Y0.8085
N7500 X-0.222 Y0.8027
N7505 X-0.2202 Y0.7971
N7510 X-0.2182 Y0.7916
N7515 X-0.2158 Y0.7862
N7520 X-0.213 Y0.7806
N7525 X-0.2098 Y0.775
N7530 X-0.206 Y0.769
N7535 X-0.2015 Y0.7626
N7540 X-0.1965 Y0.7563
N7545 X-0.1906 Y0.7494
N7550 X-0.184 Y0.7425
N7555 X-0.1766 Y0.7354
N7560 X-0.168 Y0.728
N7565 X-0.1587 Y0.7206
N7570 X-0.1483 Y0.7133
N7575 X-0.1364 Y0.7057
N7580 X-0.1233 Y0.6983
N7585 X-0.1096 Y0.6913
N7590 X-0.0943 Y0.6844
N7595 X-0.0778 Y0.678
N7600 X-0.0602 Y0.6721
N7605 X-0.0419 Y0.6669
N7610 X-0.0231 Y0.6625
N7615 X-0.004 Y0.6591
N7620 X0.015 Y0.6566
N7625 X0.0337 Y0.6551
N7630 X0.052 Y0.6546
N7635 X0.0695 Y0.6548
N7640 X0.0861 Y0.6559
N7645 X0.1018 Y0.6577
N7650 X0.1159 Y0.6601
N7655 X0.1293 Y0.6629
N7660 X0.14 Y0.6658
N7665 X0.1512 Y0.6693
N7670 X0.1599 Y0.6726
N7675 X0.168 Y0.6761
N7680 X0.1764 Y0.6802
N7685 X0.1832 Y0.684
N7690 X0.195 Y0.6927
N7695 X0.2052 Y0.7033
N7700 X0.2134 Y0.7155
N7705 X0.2195 Y0.7289
N7710 X0.2232 Y0.7431
N7715 X0.2244 Y0.7577
N7720 Y0.7968
N7725 G3 X0.2022 Y0.8196 Z-0.4493 I-0.0236 J-0.0008
N7730 G1 X0.2 Y0.8197 Z-0.4488
N7735 X-0.1994 Y0.843
N7740 X-0.2
N7745 G3 X-0.2244 Y0.8202 Z-0.4567 I-0.0008 J-0.0236
N7750 G1 Y0.7842
N7755 X-0.2241 Y0.7783
N7760 X-0.2234 Y0.7724
N7765 X-0.2222 Y0.7666
N7770 X-0.2206 Y0.761
N7775 X-0.2187 Y0.7554
N7780 X-0.2164 Y0.7499
N7785 X-0.2138 Y0.7444
N7790 X-0.2108 Y0.7388
N7795 X-0.2071 Y0.7326
N7800 X-0.203 Y0.7265
N7805 X-0.198 Y0.7199
N7810 X-0.1924 Y0.713
N7815 X-0.1861 Y0.7061
N7820 X-0.1788 Y0.6988
N7825 X-0.1707 Y0.6914
N7830 X-0.1618 Y0.6841
N7835 X-0.1516 Y0.6765
N7840 X-0.1402 Y0.6689
N7845 X-0.1281 Y0.6616
N7850 X-0.1147 Y0.6544
N7855 X-0.1 Y0.6474
N7860 X-0.0842 Y0.6408
N7865 X-0.0675 Y0.6348
N7870 X-0.0502 Y0.6295
N7875 X-0.0322 Y0.6249
N7880 X-0.0137 Y0.6211
N7885 X0.0051 Y0.6182
N7890 X0.024 Y0.6162
N7895 X0.0425 Y0.6152
N7900 X0.0604 Y0.6151
N7905 X0.0772 Y0.6158
N7910 X0.0933 Y0.6173
N7915 X0.1084 Y0.6194
N7920 X0.1224 Y0.6221
N7925 X0.1352 Y0.6252
N7930 X0.1453 Y0.6281
N7935 X0.1558 Y0.6318
N7940 X0.1643 Y0.6352
N7945 X0.172 Y0.6388
N7950 X0.1801 Y0.643
N7955 X0.1815 Y0.6438
N7960 X0.1938 Y0.6525
N7965 X0.2044 Y0.6632
N7970 X0.2129 Y0.6755
N7975 X0.2192 Y0.6891
N7980 X0.2231 Y0.7036
N7985 X0.2244 Y0.7186
N7990 Y0.7577
N7995 G3 X0.2024 Y0.7805 Z-0.4493 I-0.0236 J-0.0008
N8000 G1 X0.2 Y0.7806 Z-0.4488
N8005 X-0.1992 Y0.8069
N8010 X-0.2 Y0.807
N8015 G3 X-0.2244 Y0.7842 Z-0.4567 I-0.0008 J-0.0236
N8020 G1 Y0.7446
N8025 X-0.2241 Y0.7387
N8030 X-0.2233 Y0.7328
N8035 X-0.222 Y0.727
N8040 X-0.2204 Y0.7214
N8045 X-0.2184 Y0.7158
N8050 X-0.2161 Y0.7104
N8055 X-0.2134 Y0.7048
N8060 X-0.2101 Y0.6988
N8065 X-0.2065 Y0.6928
N8070 X-0.202 Y0.6862
N8075 X-0.197 Y0.6796
N8080 X-0.1913 Y0.6727
N8085 X-0.1846 Y0.6654
N8090 X-0.1773 Y0.6583
N8095 X-0.1691 Y0.6509
N8100 X-0.1596 Y0.6431
N8105 X-0.1494 Y0.6357
N8110 X-0.1382 Y0.6283
N8115 X-0.1257 Y0.6209
N8120 X-0.112 Y0.6136
N8125 X-0.0975 Y0.6068
N8130 X-0.0822 Y0.6005
N8135 X-0.0658 Y0.5947
N8140 X-0.0484 Y0.5894
N8145 X-0.0303 Y0.5849
N8150 X-0.0118 Y0.5813
N8155 X0.0068 Y0.5785
N8160 X0.0254 Y0.5767
N8165 X0.0438 Y0.5758
N8170 X0.0617
N8175 X0.079 Y0.5766
N8180 X0.0949 Y0.5782
N8185 X0.1096 Y0.5803
N8190 X0.1235 Y0.583
N8195 X0.136 Y0.5861
N8200 X0.1463 Y0.5892
N8205 X0.1568 Y0.5929
N8210 X0.1647 Y0.5962
N8215 X0.1732 Y0.6002
N8220 X0.1807 Y0.6041
N8225 X0.182 Y0.6049
N8230 X0.1941 Y0.6136
N8235 X0.2046 Y0.6242
N8240 X0.213 Y0.6365
N8245 X0.2193 Y0.6501
N8250 X0.2231 Y0.6645
N8255 X0.2244 Y0.6794
N8260 Y0.7186
N8265 G3 X0.2023 Y0.7413 Z-0.4493 I-0.0236 J-0.0008
N8270 G1 X0.2 Y0.7415 Z-0.4488
N8275 X-0.1993 Y0.7673
N8280 X-0.2
N8285 G3 X-0.2244 Y0.7446 Z-0.4567 I-0.0008 J-0.0236
N8290 G1 Y0.7069
N8295 X-0.2241 Y0.701
N8300 X-0.2234 Y0.6951
N8305 X-0.2223 Y0.6893
N8310 X-0.2207 Y0.6836
N8315 X-0.2188 Y0.6781
N8320 X-0.2166 Y0.6726
N8325 X-0.2139 Y0.6669
N8330 X-0.2109 Y0.6612
N8335 X-0.2072 Y0.655
N8340 X-0.203 Y0.6486
N8345 X-0.1982 Y0.642
N8350 X-0.1925 Y0.6349
N8355 X-0.1863 Y0.628
N8360 X-0.1791 Y0.6207
N8365 X-0.1709 Y0.6131
N8370 X-0.162 Y0.6057
N8375 X-0.1522 Y0.5983
N8380 X-0.1411 Y0.5907
N8385 X-0.1288 Y0.5832
N8390 X-0.116 Y0.5762
N8395 X-0.102 Y0.5693
N8400 X-0.0867 Y0.5628
N8405 X-0.0704 Y0.5567
N8410 X-0.0532 Y0.5513
N8415 X-0.0354 Y0.5466
N8420 X-0.0172 Y0.5428
N8425 X0.0013 Y0.5398
N8430 X0.0199 Y0.5377
N8435 X0.0382 Y0.5365
N8440 X0.0561 Y0.5362
N8445 X0.0733 Y0.5368
N8450 X0.0896 Y0.5382
N8455 X0.1052 Y0.5403
N8460 X0.1194 Y0.5428
N8465 X0.1325 Y0.5459
N8470 X0.143 Y0.5489
N8475 X0.1539 Y0.5526
N8480 X0.1625 Y0.556
N8485 X0.1705 Y0.5596
N8490 X0.1787 Y0.5637
N8495 X0.1809 Y0.565
N8500 X0.1933 Y0.5737
N8505 X0.204 Y0.5844
N8510 X0.2127 Y0.5967
N8515 X0.2192 Y0.6105
N8520 X0.2231 Y0.6251
N8525 X0.2244 Y0.6402
N8530 Y0.6794
N8535 G3 X0.2024 Y0.7021 Z-0.4493 I-0.0236 J-0.0008
N8540 G1 X0.2 Y0.7023 Z-0.4488
N8545 X-0.1992 Y0.7296
N8550 X-0.2 Y0.7297
N8555 G3 X-0.2244 Y0.7069 Z-0.4567 I-0.0008 J-0.0236
N8560 G1 Y0.6673
N8565 X-0.2241 Y0.6614
N8570 X-0.2234 Y0.6555
N8575 X-0.2222 Y0.6497
N8580 X-0.2206 Y0.644
N8585 X-0.2187 Y0.6385
N8590 X-0.2165 Y0.633
N8595 X-0.2138 Y0.6274
N8600 X-0.2107 Y0.6214
N8605 X-0.2071 Y0.6154
N8610 X-0.2027 Y0.6088
N8615 X-0.1979 Y0.6022
N8620 X-0.1923 Y0.5953
N8625 X-0.1857 Y0.588
N8630 X-0.1787 Y0.5809
N8635 X-0.1706 Y0.5735
N8640 X-0.1614 Y0.5658
N8645 X-0.1516 Y0.5584
N8650 X-0.1407 Y0.551
N8655 X-0.1285 Y0.5435
N8660 X-0.1151 Y0.5362
N8665 X-0.101 Y0.5294
N8670 X-0.086 Y0.523
N8675 X-0.0699 Y0.5171
N8680 X-0.0529 Y0.5118
N8685 X-0.0351 Y0.5071
N8690 X-0.0169 Y0.5033
N8695 X0.0016 Y0.5003
N8700 X0.0201 Y0.4983
N8705 X0.0385 Y0.4971
N8710 X0.0565 Y0.4969
N8715 X0.074 Y0.4976
N8720 X0.0904 Y0.4989
N8725 X0.1056 Y0.501
N8730 X0.1196 Y0.5036
N8735 X0.1327 Y0.5067
N8740 X0.1432 Y0.5097
N8745 X0.1542 Y0.5134
N8750 X0.1625 Y0.5167
N8755 X0.1709 Y0.5205
N8760 X0.1789 Y0.5246
N8765 X0.1811 Y0.5259
N8770 X0.1934 Y0.5345
N8775 X0.2041 Y0.5452
N8780 X0.2128 Y0.5576
N8785 X0.2192 Y0.5712
N8790 X0.2231 Y0.5858
N8795 X0.2244 Y0.6009
N8800 Y0.6402
N8805 G3 X0.2024 Y0.6629 Z-0.4493 I-0.0236 J-0.0008
N8810 G1 X0.2 Y0.6631 Z-0.4488
N8815 X-0.1992 Y0.69
N8820 X-0.2 Y0.6901
N8825 G3 X-0.2244 Y0.6673 Z-0.4567 I-0.0008 J-0.0236
N8830 G1 Y0.6276
N8835 X-0.2241 Y0.6218
N8840 X-0.2234 Y0.6159
N8845 X-0.2222 Y0.6101
N8850 X-0.2206 Y0.6044
N8855 X-0.2186 Y0.5988
N8860 X-0.2164 Y0.5934
N8865 X-0.2137 Y0.5877
N8870 X-0.2106 Y0.5818
N8875 X-0.2069 Y0.5757
N8880 X-0.2025 Y0.5691
N8885 X-0.1977 Y0.5625
N8890 X-0.192 Y0.5556
N8895 X-0.1855 Y0.5483
N8900 X-0.1784 Y0.5411
N8905 X-0.1702 Y0.5337
N8910 X-0.161 Y0.526
N8915 X-0.1511 Y0.5186
N8920 X-0.1402 Y0.5112
N8925 X-0.128 Y0.5038
N8930 X-0.1146 Y0.4965
N8935 X-0.1005 Y0.4897
N8940 X-0.0856 Y0.4834
N8945 X-0.0695 Y0.4775
N8950 X-0.0525 Y0.4722
N8955 X-0.0348 Y0.4676
N8960 X-0.0165 Y0.4638
N8965 X0.0021 Y0.4609
N8970 X0.0207 Y0.4589
N8975 X0.039 Y0.4578
N8980 X0.057 Y0.4576
N8985 X0.0744 Y0.4582
N8990 X0.0908 Y0.4597
N8995 X0.1059 Y0.4617
N9000 X0.12 Y0.4643
N9005 X0.1331 Y0.4674
N9010 X0.1435 Y0.4705
N9015 X0.1545 Y0.4742
N9020 X0.1628 Y0.4775
N9025 X0.1712 Y0.4814
N9030 X0.1791 Y0.4854
N9035 X0.1812 Y0.4866
N9040 X0.1935 Y0.4953
N9045 X0.2042 Y0.506
N9050 X0.2128 Y0.5183
N9055 X0.2192 Y0.532
N9060 X0.2231 Y0.5466
N9065 X0.2244 Y0.5616
N9070 Y0.6009
N9075 G3 X0.2024 Y0.6236 Z-0.4493 I-0.0236 J-0.0008
N9080 G1 X0.2 Y0.6238 Z-0.4488
N9085 X-0.1992 Y0.6504
N9090 X-0.2
N9095 G3 X-0.2244 Y0.6276 Z-0.4567 I-0.0008 J-0.0236
N9100 G1 Y0.588
N9105 X-0.2241 Y0.5821
N9110 X-0.2234 Y0.5763
N9115 X-0.2221 Y0.5705
N9120 X-0.2205 Y0.5648
N9125 X-0.2186 Y0.5592
N9130 X-0.2163 Y0.5538
N9135 X-0.2136 Y0.5481
N9140 X-0.2105 Y0.5421
N9145 X-0.2068 Y0.536
N9150 X-0.2024 Y0.5294
N9155 X-0.1975 Y0.5228
N9160 X-0.1918 Y0.5159
N9165 X-0.1852 Y0.5086
N9170 X-0.1781 Y0.5014
N9175 X-0.17 Y0.494
N9180 X-0.1607 Y0.4863
N9185 X-0.1508 Y0.4789
N9190 X-0.1399 Y0.4716
N9195 X-0.1277 Y0.4642
N9200 X-0.1143 Y0.4569
N9205 X-0.1002 Y0.4502
N9210 X-0.0852 Y0.4439
N9215 X-0.0691 Y0.438
N9220 X-0.0521 Y0.4327
N9225 X-0.0344 Y0.4281
N9230 X-0.0161 Y0.4244
N9235 X0.0025 Y0.4214
N9240 X0.0211 Y0.4195
N9245 X0.0394 Y0.4184
N9250 X0.0574 Y0.4182
N9255 X0.0748 Y0.4189
N9260 X0.0911 Y0.4204
N9265 X0.1063 Y0.4225
N9270 X0.1203 Y0.4251
N9275 X0.1334 Y0.4282
N9280 X0.1438 Y0.4313
N9285 X0.1548 Y0.435
N9290 X0.163 Y0.4383
N9295 X0.1714 Y0.4422
N9300 X0.1793 Y0.4463
N9305 X0.1813 Y0.4474
N9310 X0.1937 Y0.4561
N9315 X0.2043 Y0.4668
N9320 X0.213 Y0.4792
N9325 X0.2193 Y0.493
N9330 X0.2232 Y0.5076
N9335 X0.2244 Y0.5226
N9340 Y0.5616
N9345 G3 X0.2024 Y0.5843 Z-0.4493 I-0.0236 J-0.0008
N9350 G1 X0.2 Y0.5845 Z-0.4488
N9355 X-0.1993 Y0.6108
N9360 X-0.2
N9365 G3 X-0.2244 Y0.588 Z-0.4567 I-0.0008 J-0.0236
N9370 G1 Y0.5508
N9375 X-0.2241 Y0.5446
N9380 X-0.2235 Y0.5387
N9385 X-0.2225 Y0.5329
N9390 X-0.221 Y0.5272
N9395 X-0.2191 Y0.5216
N9400 X-0.217 Y0.5161
N9405 X-0.2144 Y0.5105
N9410 X-0.2115 Y0.5048
N9415 X-0.208 Y0.4986
N9420 X-0.2039 Y0.4923
N9425 X-0.1993 Y0.4858
N9430 X-0.1937 Y0.4787
N9435 X-0.1877 Y0.4718
N9440 X-0.1807 Y0.4646
N9445 X-0.1727 Y0.457
N9450 X-0.1641 Y0.4497
N9455 X-0.1546 Y0.4423
N9460 X-0.1438 Y0.4347
N9465 X-0.1319 Y0.4272
N9470 X-0.1194 Y0.4202
N9475 X-0.1057 Y0.4133
N9480 X-0.0908 Y0.4067
N9485 X-0.0749 Y0.4006
N9490 X-0.058 Y0.395
N9495 X-0.0405 Y0.3902
N9500 X-0.0225 Y0.3862
N9505 X-0.0042 Y0.383
N9510 X0.0144 Y0.3806
N9515 X0.0329 Y0.3793
N9520 X0.0509 Y0.3788
N9525 X0.0684 Y0.3792
N9530 X0.0849 Y0.3803
N9535 X0.1007 Y0.3822
N9540 X0.1154 Y0.3847
N9545 X0.1289 Y0.3877
N9550 X0.14 Y0.3907
N9555 X0.1511 Y0.3943
N9560 X0.1603 Y0.3978
N9565 X0.1682 Y0.4013
N9570 X0.1767 Y0.4055
N9575 X0.1835 Y0.4093
N9580 X0.1851 Y0.4103
N9585 X0.1979 Y0.4201
N9590 X0.2087 Y0.432
N9595 X0.2171 Y0.4458
N9600 X0.2228 Y0.4609
N9605 X0.2256 Y0.4768
N9610 X0.2253 Y0.493
N9615 X0.2251 Y0.4953
N9620 X0.2245 Y0.5032
N9625 X0.2244 Y0.5226
N9630 G3 X0.2025 Y0.5453 Z-0.4494 I-0.0236 J-0.0009
N9635 G1 X0.1999 Y0.5454 Z-0.4488
N9640 X-0.1991 Y0.5735
N9645 X-0.2 Y0.5736
N9650 G3 X-0.2244 Y0.5508 Z-0.4567 I-0.0008 J-0.0236
N9655 G1 Y0.527
N9660 X-0.2245 Y0.5112
N9665 X-0.2242 Y0.5053
N9670 X-0.2236 Y0.4994
N9675 X-0.2226 Y0.4936
N9680 X-0.2211 Y0.4879
N9685 X-0.2192 Y0.4823
N9690 X-0.2171 Y0.4768
N9695 X-0.2146 Y0.4712
N9700 X-0.2116 Y0.4653
N9705 X-0.2081 Y0.4594
N9710 X-0.204 Y0.4529
N9715 X-0.1993 Y0.4463
N9720 X-0.1939 Y0.4395
N9725 X-0.1876 Y0.4323
N9730 X-0.1808 Y0.4252
N9735 X-0.1731 Y0.4179
N9740 X-0.1642 Y0.4103
N9745 X-0.1545 Y0.4028
N9750 X-0.144 Y0.3954
N9755 X-0.1322 Y0.388
N9760 X-0.1192 Y0.3807
N9765 X-0.1054 Y0.3737
N9770 X-0.0908 Y0.3673
N9775 X-0.0751 Y0.3613
N9780 X-0.0584 Y0.3557
N9785 X-0.0409 Y0.3509
N9790 X-0.0228 Y0.3468
N9795 X-0.0044 Y0.3436
N9800 X0.0141 Y0.3413
N9805 X0.0326 Y0.3399
N9810 X0.0507 Y0.3395
N9815 X0.0684 Y0.3398
N9820 X0.0851 Y0.341
N9825 X0.1009 Y0.3429
N9830 X0.1152 Y0.3454
N9835 X0.1288 Y0.3484
N9840 X0.141 Y0.3517
N9845 X0.1508 Y0.3549
N9850 X0.1614 Y0.3589
N9855 X0.1694 Y0.3624
N9860 X0.177 Y0.3661
N9865 X0.185 Y0.3706
N9870 X0.1912 Y0.3745
N9875 X0.1931 Y0.3758
N9880 X0.2053 Y0.386
N9885 X0.2154 Y0.3983
N9890 X0.2231 Y0.4122
N9895 X0.2281 Y0.4273
N9900 X0.2303 Y0.4431
N9905 X0.2295 Y0.459
N9910 X0.2278 Y0.4715
N9915 X0.2268 Y0.4795
N9920 X0.2253 Y0.493
N9925 G3 X0.2032 Y0.5132 Z-0.4498 I-0.0234 J-0.0033
N9930 G1 X0.1986 Y0.5135 Z-0.4488
N9935 X-0.1997 Y0.5338
N9940 X-0.2
N9945 G3 X-0.2245 Y0.5112 Z-0.4567 I-0.0009 J-0.0236
N9950 G1 Y0.5032
N9955 X-0.2251 Y0.4953
N9960 X-0.2268 Y0.4795
N9965 X-0.2272 Y0.4736
N9970 X-0.227 Y0.4677
N9975 X-0.2263 Y0.4618
N9980 X-0.2251 Y0.456
N9985 X-0.2236 Y0.4503
N9990 X-0.2217 Y0.4447
N9995 X-0.2195 Y0.4392
N10000 X-0.2169 Y0.4334
N10005 X-0.2138 Y0.4274
N10010 X-0.2102 Y0.4212
N10015 X-0.2059 Y0.4145
N10020 X-0.2011 Y0.4079
N10025 X-0.1955 Y0.4009
N10030 X-0.1891 Y0.3934
N10035 X-0.1821 Y0.3862
N10040 X-0.1741 Y0.3787
N10045 X-0.165 Y0.371
N10050 X-0.1552 Y0.3634
N10055 X-0.1445 Y0.356
N10060 X-0.1326 Y0.3485
N10065 X-0.1195 Y0.3412
N10070 X-0.1054 Y0.3342
N10075 X-0.0907 Y0.3277
N10080 X-0.0749 Y0.3217
N10085 X-0.0581 Y0.3162
N10090 X-0.0405 Y0.3114
N10095 X-0.0223 Y0.3073
N10100 X-0.0038 Y0.3041
N10105 X0.0148 Y0.3019
N10110 X0.0334 Y0.3005
N10115 X0.0515 Y0.3001
N10120 X0.0692 Y0.3005
N10125 X0.0861 Y0.3018
N10130 X0.1018 Y0.3037
N10135 X0.1163 Y0.3062
N10140 X0.1299 Y0.3092
N10145 X0.1428 Y0.3128
N10150 X0.1538 Y0.3164
N10155 X0.1634 Y0.3201
N10160 X0.1733 Y0.3244
N10165 X0.1807 Y0.3281
N10170 X0.1883 Y0.3324
N10175 X0.1957 Y0.337
N10180 X0.2015 Y0.3411
N10185 X0.2075 Y0.3457
N10190 X0.2178 Y0.3561
N10195 X0.2261 Y0.368
N10200 X0.2324 Y0.3811
N10205 X0.2363 Y0.3951
N10210 X0.2379 Y0.4096
N10215 X0.237 Y0.4241
N10220 X0.2337 Y0.4383
N10225 G3 X0.2141 Y0.4537 Z-0.4511 I-0.0222 J-0.0081
N10230 G1 X0.2102 Y0.4542 Z-0.4503
N10235 X0.2034 Y0.4549 Z-0.4488
N10240 X-0.1997 Y0.4991
N10245 X-0.2009 Y0.4992 Z-0.4491
N10250 G3 X-0.2268 Y0.4795 Z-0.4567 I-0.0026 J-0.0235
N10255 G1 X-0.2278 Y0.4715
N10260 X-0.23 Y0.4557
N10265 X-0.2311 Y0.4494
N10270 X-0.2318 Y0.4435
N10275 X-0.232 Y0.4376
N10280 X-0.2317 Y0.4317
N10285 X-0.2309 Y0.4259
N10290 X-0.2296 Y0.4201
N10295 X-0.2281 Y0.4144
N10300 X-0.2262 Y0.4088
N10305 X-0.2239 Y0.4031
N10310 X-0.2212 Y0.3971
N10315 X-0.2181 Y0.391
N10320 X-0.2143 Y0.3844
N10325 X-0.2099 Y0.3776
N10330 X-0.205 Y0.3707
N10335 X-0.1992 Y0.3633
N10340 X-0.1927 Y0.356
N10345 X-0.1855 Y0.3485
N10350 X-0.1773 Y0.3407
N10355 X-0.1681 Y0.3328
N10360 X-0.1583 Y0.3252
N10365 X-0.1473 Y0.3176
N10370 X-0.1351 Y0.3099
N10375 X-0.1218 Y0.3024
N10380 X-0.1079 Y0.2955
N10385 X-0.093 Y0.2889
N10390 X-0.0769 Y0.2827
N10395 X-0.0599 Y0.2771
N10400 X-0.0421 Y0.2722
N10405 X-0.0238 Y0.2681
N10410 X-0.0051 Y0.2648
N10415 X0.0136 Y0.2625
N10420 X0.0323 Y0.2611
N10425 X0.0505 Y0.2606
N10430 X0.0683 Y0.261
N10435 X0.0855 Y0.2623
N10440 X0.1019 Y0.2643
N10445 X0.1171 Y0.2668
N10450 X0.131 Y0.2699
N10455 X0.1442 Y0.2735
N10460 X0.1566 Y0.2776
N10465 X0.168 Y0.2819
N10470 X0.1771 Y0.2859
N10475 X0.1863 Y0.2905
N10480 X0.1943 Y0.2949
N10485 X0.201 Y0.2991
N10490 X0.2083 Y0.3042
N10495 X0.2143 Y0.3087
N10500 X0.2197 Y0.3133
N10505 X0.2257 Y0.3191
N10510 X0.2348 Y0.3302
N10515 X0.242 Y0.3426
N10520 X0.247 Y0.3561
N10525 X0.2496 Y0.3702
N10530 X0.25 Y0.3845
N10535 X0.2479 Y0.3987
N10540 X0.2436 Y0.4124
N10545 X0.2388 Y0.424
N10550 X0.2358 Y0.4319
N10555 X0.2337 Y0.4383
N10560 G3 X0.2123 Y0.4539 Z-0.4507 I-0.0222 J-0.0081
N10565 G1 X0.2101 Z-0.4503
N10570 X0.2033 Y0.4542 Z-0.4488
N10575 X-0.2031 Y0.4679
N10580 X-0.2072 Y0.4681 Z-0.4497
N10585 G3 X-0.2311 Y0.4494 Z-0.4567 I-0.0008 J-0.0236
N10590 G1 X-0.2314 Y0.4478
N10595 X-0.2332 Y0.4398
N10600 X-0.2358 Y0.4319
N10605 X-0.2367 Y0.4295
N10610 X-0.2385 Y0.4239
N10615 X-0.2398 Y0.4181
N10620 X-0.2404 Y0.4123
N10625 X-0.2405 Y0.4064
N10630 X-0.2401 Y0.4005
N10635 X-0.2393 Y0.3946
N10640 X-0.2381 Y0.3888
N10645 X-0.2366 Y0.3831
N10650 X-0.2348 Y0.3773
N10655 X-0.2326 Y0.3715
N10660 X-0.2299 Y0.3653
N10665 X-0.2266 Y0.3586
N10670 X-0.223 Y0.3519
N10675 X-0.2186 Y0.3448
N10680 X-0.2135 Y0.3374
N10685 X-0.2079 Y0.3301
N10690 X-0.2015 Y0.3223
N10695 X-0.194 Y0.3143
N10700 X-0.186 Y0.3064
N10705 X-0.177 Y0.2985
N10710 X-0.167 Y0.2903
N10715 X-0.1558 Y0.2822
N10720 X-0.1439 Y0.2744
N10725 X-0.1311 Y0.2669
N10730 X-0.1169 Y0.2595
N10735 X-0.1017 Y0.2524
N10740 X-0.0854 Y0.2458
N10745 X-0.0684 Y0.2398
N10750 X-0.0508 Y0.2346
N10755 X-0.0326 Y0.2301
N10760 X-0.0139 Y0.2265
N10765 X0.0051 Y0.2238
N10770 X0.0242 Y0.222
N10775 X0.0432 Y0.2211
N10780 X0.0616 Y0.2212
N10785 X0.0794 Y0.2221
N10790 X0.0964 Y0.2238
N10795 X0.1127 Y0.2263
N10800 X0.1281 Y0.2294
N10805 X0.1426 Y0.233
N10810 X0.1557 Y0.237
N10815 X0.168 Y0.2414
N10820 X0.1795 Y0.2462
N10825 X0.1902 Y0.2513
N10830 X0.1993 Y0.2561
N10835 X0.2076 Y0.2611
N10840 X0.2156 Y0.2664
N10845 X0.2219 Y0.2711
N10850 X0.2287 Y0.2766
N10855 X0.2344 Y0.2818
N10860 X0.2393 Y0.2867
N10865 X0.2446 Y0.2925
N10870 X0.2527 Y0.304
N10875 X0.2588 Y0.3166
N10880 X0.2627 Y0.3301
N10885 X0.2644 Y0.344
N10890 X0.2639 Y0.358
N10895 X0.2611 Y0.3718
N10900 X0.2561 Y0.3849
N10905 X0.2488 Y0.4002
N10910 X0.2453 Y0.4081
N10915 X0.2436 Y0.4124
N10920 G3 X0.223 Y0.4262 Z-0.4512 I-0.0215 J-0.0098
N10925 G1 X0.2188 Y0.4264 Z-0.4503
N10930 X0.212 Y0.4267 Z-0.4488
N10935 X-0.2056 Y0.4437
N10940 X-0.2124 Y0.444 Z-0.4503
N10945 X-0.2139 Z-0.4506
N10950 G3 X-0.2367 Y0.4295 Z-0.4567 I-0.001 J-0.0236
N10955 G1 X-0.2388 Y0.424
N10960 X-0.2453 Y0.4081
N10965 X-0.2464 Y0.4057
N10970 X-0.2485 Y0.4002
N10975 X-0.2501 Y0.3946
N10980 X-0.2512 Y0.3887
N10985 X-0.2516 Y0.3829
N10990 Y0.377
N10995 X-0.2512 Y0.3711
N11000 X-0.2505 Y0.3652
N11005 X-0.2494 Y0.3594
N11010 X-0.2479 Y0.3536
N11015 X-0.2461 Y0.3477
N11020 X-0.2439 Y0.3414
N11025 X-0.2412 Y0.3346
N11030 X-0.238 Y0.3278
N11035 X-0.2342 Y0.3207
N11040 X-0.2297 Y0.3131
N11045 X-0.2247 Y0.3054
N11050 X-0.219 Y0.2976
N11055 X-0.2124 Y0.2894
N11060 X-0.2049 Y0.2811
N11065 X-0.1969 Y0.2729
N11070 X-0.1878 Y0.2645
N11075 X-0.1775 Y0.256
N11080 X-0.1663 Y0.2475
N11085 X-0.1544 Y0.2393
N11090 X-0.1413 Y0.2313
N11095 X-0.127 Y0.2235
N11100 X-0.1116 Y0.216
N11105 X-0.0953 Y0.209
N11110 X-0.0782 Y0.2027
N11115 X-0.0604 Y0.197
N11120 X-0.042 Y0.1922
N11125 X-0.0229 Y0.1881
N11130 X-0.0035 Y0.185
N11135 X0.0161 Y0.1828
N11140 X0.0356 Y0.1815
N11145 X0.0549 Y0.1813
N11150 X0.0737 Y0.1819
N11155 X0.0917 Y0.1834
N11160 X0.1089 Y0.1857
N11165 X0.1254 Y0.1887
N11170 X0.1412 Y0.1924
N11175 X0.156 Y0.1966
N11180 X0.1698 Y0.2012
N11185 X0.1824 Y0.2062
N11190 X0.1941 Y0.2115
N11195 X0.2052 Y0.2171
N11200 X0.2153 Y0.223
N11205 X0.2238 Y0.2284
N11210 X0.2317 Y0.234
N11215 X0.239 Y0.2398
N11220 X0.2449 Y0.2449
N11225 X0.2512 Y0.2509
N11230 X0.2563 Y0.2563
N11235 X0.2609 Y0.2617
N11240 X0.2657 Y0.2679
N11245 X0.267 Y0.2698
N11250 X0.2746 Y0.2828
N11255 X0.2797 Y0.2969
N11260 X0.2822 Y0.3117
N11265 X0.2821 Y0.3268
N11270 X0.2793 Y0.3416
N11275 X0.274 Y0.3556
N11280 X0.2663 Y0.3685
N11285 X0.2608 Y0.3764
N11290 X0.2575 Y0.3819
N11295 X0.2561 Y0.3849
N11300 G3 X0.2362 Y0.3976 Z-0.4514 I-0.021 J-0.0109
N11305 G1 X0.2307 Y0.3979 Z-0.4503
N11310 X0.2239 Y0.3982 Z-0.4488
N11315 X-0.2145 Y0.4186
N11320 X-0.2213 Y0.4189 Z-0.4503
N11325 X-0.224 Y0.419 Z-0.4509
N11330 G3 X-0.2464 Y0.4057 Z-0.4567 I-0.0011 J-0.0236
N11335 G1 X-0.2488 Y0.4002
N11340 X-0.2575 Y0.3819
N11345 X-0.2585 Y0.3802
N11350 X-0.2613 Y0.375
N11355 X-0.263 Y0.3694
N11360 X-0.2641 Y0.3636
N11365 X-0.2648 Y0.3577
N11370 X-0.265 Y0.3518
N11375 X-0.2648 Y0.3459
N11380 X-0.2642 Y0.34
N11385 X-0.2633 Y0.3342
N11390 X-0.2622 Y0.3284
N11395 X-0.2606 Y0.3221
N11400 X-0.2586 Y0.3155
N11405 X-0.2561 Y0.3088
N11410 X-0.2531 Y0.3015
N11415 X-0.2495 Y0.294
N11420 X-0.2455 Y0.2865
N11425 X-0.2407 Y0.2784
N11430 X-0.235 Y0.27
N11435 X-0.2289 Y0.2617
N11440 X-0.2219 Y0.2532
N11445 X-0.2138 Y0.2443
N11450 X-0.2049 Y0.2353
N11455 X-0.1954 Y0.2266
N11460 X-0.1846 Y0.2178
N11465 X-0.1727 Y0.2089
N11470 X-0.1596 Y0.2001
N11475 X-0.1458 Y0.1917
N11480 X-0.1311 Y0.1838
N11485 X-0.1152 Y0.1762
N11490 X-0.0983 Y0.1691
N11495 X-0.0804 Y0.1626
N11500 X-0.0617 Y0.1568
N11505 X-0.0424 Y0.1519
N11510 X-0.0225 Y0.1478
N11515 X-0.0024 Y0.1447
N11520 X0.0177 Y0.1425
N11525 X0.0378 Y0.1414
N11530 X0.0576 Y0.1412
N11535 X0.077 Y0.142
N11540 X0.096 Y0.1437
N11545 X0.1143 Y0.1463
N11550 X0.1318 Y0.1496
N11555 X0.1486 Y0.1536
N11560 X0.1643 Y0.1582
N11565 X0.1789 Y0.1632
N11570 X0.1925 Y0.1687
N11575 X0.2052 Y0.1745
N11580 X0.217 Y0.1806
N11585 X0.2277 Y0.1869
N11590 X0.2376 Y0.1933
N11595 X0.2468 Y0.1999
N11600 X0.2541 Y0.2058
N11605 X0.2619 Y0.2126
N11610 X0.2681 Y0.2187
N11615 X0.2734 Y0.2244
N11620 X0.2791 Y0.231
N11625 X0.2836 Y0.2369
N11630 X0.2874 Y0.2425
N11635 X0.2915 Y0.2491
N11640 X0.2918 Y0.2496
N11645 X0.2978 Y0.263
N11650 X0.3015 Y0.2772
N11655 X0.3027 Y0.2917
N11660 X0.3015 Y0.3063
N11665 X0.2978 Y0.3205
N11670 X0.2918 Y0.3339
N11675 X0.2836 Y0.346
N11680 X0.2783 Y0.3527
N11685 X0.272 Y0.3606
N11690 X0.2663 Y0.3685
N11695 G3 X0.2483 Y0.3776 Z-0.4523 I-0.0186 J-0.0145
N11700 G1 X0.2388 Y0.3779 Z-0.4503
N11705 X0.232 Y0.378 Z-0.4488
N11710 X-0.2251 Y0.3906
N11715 X-0.232 Y0.3908 Z-0.4503
N11720 X-0.2381 Y0.391 Z-0.4516
N11725 G3 X-0.2585 Y0.3802 Z-0.4567 I-0.0006 J-0.0236
N11730 G1 X-0.2608 Y0.3764
N11735 X-0.2663 Y0.3685
N11740 X-0.2694 Y0.3642
N11745 X-0.2726 Y0.3592
N11750 X-0.2753 Y0.3539
N11755 X-0.2773 Y0.3484
N11760 X-0.2787 Y0.3426
N11765 X-0.2797 Y0.3368
N11770 X-0.2803 Y0.3309
N11775 X-0.2804 Y0.325
N11780 X-0.2802 Y0.3191
N11785 X-0.2797 Y0.3132
N11790 X-0.2789 Y0.3071
N11795 X-0.2777 Y0.3009
N11800 X-0.2761 Y0.2943
N11805 X-0.274 Y0.2872
N11810 X-0.2715 Y0.2799
N11815 X-0.2685 Y0.2724
N11820 X-0.2648 Y0.2643
N11825 X-0.2605 Y0.256
N11830 X-0.2557 Y0.2477
N11835 X-0.25 Y0.2389
N11840 X-0.2434 Y0.2298
N11845 X-0.2362 Y0.2208
N11850 X-0.2281 Y0.2116
N11855 X-0.2189 Y0.2021
N11860 X-0.2087 Y0.1926
N11865 X-0.1976 Y0.1832
N11870 X-0.1858 Y0.1741
N11875 X-0.1726 Y0.165
N11880 X-0.1583 Y0.1561
N11885 X-0.1427 Y0.1474
N11890 X-0.1262 Y0.1392
N11895 X-0.1088 Y0.1317
N11900 X-0.0907 Y0.1248
N11905 X-0.0717 Y0.1186
N11910 X-0.0518 Y0.1133
N11915 X-0.0314 Y0.1088
N11920 X-0.0106 Y0.1053
N11925 X0.0104 Y0.1028
N11930 X0.0315 Y0.1013
N11935 X0.0524 Y0.1008
N11940 X0.0731 Y0.1014
N11945 X0.0934 Y0.103
N11950 X0.1131 Y0.1054
N11955 X0.1319 Y0.1087
N11960 X0.1497 Y0.1127
N11965 X0.1666 Y0.1174
N11970 X0.1827 Y0.1228
N11975 X0.1979 Y0.1286
N11980 X0.2123 Y0.135
N11985 X0.2254 Y0.1416
N11990 X0.2375 Y0.1484
N11995 X0.2485 Y0.1554
N12000 X0.2589 Y0.1626
N12005 X0.2683 Y0.17
N12010 X0.2769 Y0.1773
N12015 X0.2838 Y0.1839
N12020 X0.2906 Y0.191
N12025 X0.2966 Y0.1978
N12030 X0.3013 Y0.2038
N12035 X0.3063 Y0.2109
N12040 X0.3104 Y0.2172
N12045 X0.3138 Y0.2231
N12050 X0.3173 Y0.2301
N12055 X0.3222 Y0.2438
N12060 X0.3246 Y0.2581
N12065 X0.3247 Y0.2726
N12070 X0.3223 Y0.2869
N12075 X0.3176 Y0.3006
N12080 X0.3107 Y0.3134
N12085 X0.3017 Y0.3248
N12090 X0.2972 Y0.3296
N12095 X0.291 Y0.3368
N12100 X0.2836 Y0.346
N12105 G3 X0.2666 Y0.3542 Z-0.4526 I-0.0179 J-0.0154
N12110 G1 X0.2558 Y0.3546 Z-0.4503
N12115 X0.2489 Y0.3548 Z-0.4488
N12120 X-0.2352 Y0.3727
N12125 X-0.242 Y0.3729 Z-0.4503
N12130 X-0.2499 Y0.3732 Z-0.452
N12135 G3 X-0.2694 Y0.3642 Z-0.4567 I-0.0009 J-0.0236
N12140 G1 X-0.272 Y0.3606
N12145 X-0.2783 Y0.3527
N12150 X-0.2846 Y0.3447
N12155 X-0.2881 Y0.34
N12160 X-0.291 Y0.3348
N12165 X-0.2933 Y0.3294
N12170 X-0.2951 Y0.3237
N12175 X-0.2964 Y0.318
N12180 X-0.2973 Y0.3121
N12185 X-0.2978 Y0.3063
N12190 X-0.298 Y0.3004
N12195 X-0.2979 Y0.2945
N12200 X-0.2975 Y0.2883
N12205 X-0.2967 Y0.282
N12210 X-0.2955 Y0.2752
N12215 X-0.2939 Y0.268
N12220 X-0.2919 Y0.2606
N12225 X-0.2893 Y0.2528
N12230 X-0.2862 Y0.2446
N12235 X-0.2825 Y0.2361
N12240 X-0.2782 Y0.2275
N12245 X-0.2731 Y0.2184
N12250 X-0.2671 Y0.2089
N12255 X-0.2606 Y0.1995
N12260 X-0.2532 Y0.1899
N12265 X-0.2448 Y0.18
N12270 X-0.2353 Y0.1699
N12275 X-0.225 Y0.16
N12280 X-0.2138 Y0.1502
N12285 X-0.2013 Y0.1403
N12290 X-0.1876 Y0.1305
N12295 X-0.1727 Y0.1209
N12300 X-0.1568 Y0.1117
N12305 X-0.1402 Y0.1031
N12310 X-0.1226 Y0.0951
N12315 X-0.1038 Y0.0876
N12320 X-0.0841 Y0.0809
N12325 X-0.0635 Y0.075
N12330 X-0.0424 Y0.07
N12335 X-0.0207 Y0.0659
N12340 X0.0013 Y0.0629
N12345 X0.0235 Y0.061
N12350 X0.0456 Y0.0602
N12355 X0.0675 Y0.0604
N12360 X0.0889 Y0.0617
N12365 X0.1098 Y0.064
N12370 X0.1301 Y0.0672
N12375 X0.1497 Y0.0713
N12380 X0.1685 Y0.0762
N12385 X0.1862 Y0.0817
N12390 X0.2027 Y0.0878
N12395 X0.2183 Y0.0944
N12400 X0.2331 Y0.1015
N12405 X0.247 Y0.1091
N12410 X0.2596 Y0.1168
N12415 X0.2712 Y0.1246
N12420 X0.2816 Y0.1324
N12425 X0.2914 Y0.1405
N12430 X0.3002 Y0.1486
N12435 X0.3083 Y0.1567
N12440 X0.3146 Y0.1638
N12445 X0.3208 Y0.1714
N12450 X0.3262 Y0.1787
N12455 X0.3304 Y0.1851
N12460 X0.3348 Y0.1925
N12465 X0.3383 Y0.1991
N12470 X0.3412 Y0.2053
N12475 X0.3417 Y0.2065
N12480 X0.3463 Y0.2211
N12485 X0.3482 Y0.2364
N12490 X0.3474 Y0.2517
N12495 X0.3439 Y0.2667
N12500 X0.3379 Y0.2808
N12505 X0.3294 Y0.2936
N12510 X0.3209 Y0.3041
N12515 X0.3201 Y0.3051
N12520 X0.3017 Y0.3248
N12525 G3 X0.2859 Y0.3317 Z-0.4529 I-0.0167 J-0.0167
N12530 G1 X0.2733 Y0.3322 Z-0.4503
N12535 X0.2665 Y0.3324 Z-0.4488
N12540 X-0.25 Y0.3523
N12545 X-0.2568 Y0.3526 Z-0.4503
N12550 X-0.2659 Y0.3529 Z-0.4522
N12555 G3 X-0.2846 Y0.3447 Z-0.4567 I-0.0009 J-0.0236
N12560 G1 X-0.291 Y0.3368
N12565 X-0.2972 Y0.3296
N12570 X-0.3001 Y0.3266
N12575 X-0.3039 Y0.322
N12580 X-0.3072 Y0.3171
N12585 X-0.3099 Y0.3119
N12590 X-0.3121 Y0.3064
N12595 X-0.3139 Y0.3008
N12600 X-0.3152 Y0.2951
N12605 X-0.3162 Y0.2892
N12610 X-0.3168 Y0.2834
N12615 X-0.3171 Y0.2775
N12620 Y0.2714
N12625 X-0.3168 Y0.2652
N12630 X-0.3162 Y0.2584
N12635 X-0.3151 Y0.2511
N12640 X-0.3136 Y0.2437
N12645 X-0.3117 Y0.2358
N12650 X-0.3091 Y0.2275
N12655 X-0.3061 Y0.219
N12660 X-0.3025 Y0.2101
N12665 X-0.2981 Y0.2008
N12670 X-0.2929 Y0.1911
N12675 X-0.2872 Y0.1814
N12680 X-0.2806 Y0.1714
N12685 X-0.273 Y0.1611
N12690 X-0.2643 Y0.1505
N12695 X-0.255 Y0.1401
N12700 X-0.2446 Y0.1295
N12705 X-0.233 Y0.1189
N12710 X-0.2201 Y0.1082
N12715 X-0.2062 Y0.0977
N12720 X-0.1914 Y0.0877
N12725 X-0.1756 Y0.078
N12730 X-0.1585 Y0.0687
N12735 X-0.1403 Y0.0599
N12740 X-0.1208 Y0.0516
N12745 X-0.1004 Y0.0441
N12750 X-0.0792 Y0.0374
N12755 X-0.0572 Y0.0317
N12760 X-0.0346 Y0.027
N12765 X-0.0117 Y0.0233
N12770 X0.0114 Y0.0208
N12775 X0.0346 Y0.0193
N12780 X0.0577 Y0.0191
N12785 X0.0805 Y0.0199
N12790 X0.103 Y0.0218
N12795 X0.1248 Y0.0248
N12800 X0.146 Y0.0287
N12805 X0.1664 Y0.0335
N12810 X0.1859 Y0.0391
N12815 X0.2046 Y0.0455
N12820 X0.2224 Y0.0525
N12825 X0.2389 Y0.06
N12830 X0.2541 Y0.0678
N12835 X0.2684 Y0.0761
N12840 X0.2818 Y0.0847
N12845 X0.294 Y0.0934
N12850 X0.3052 Y0.1023
N12855 X0.3152 Y0.111
N12860 X0.3243 Y0.1197
N12865 X0.3326 Y0.1286
N12870 X0.3396 Y0.1368
N12875 X0.3454 Y0.1443
N12880 X0.3512 Y0.1526
N12885 X0.3555 Y0.1595
N12890 X0.3595 Y0.1666
N12895 X0.3614 Y0.1704
N12900 X0.367 Y0.1844
N12905 X0.37 Y0.1992
N12910 X0.3704 Y0.2142
N12915 X0.3682 Y0.2292
N12920 X0.3635 Y0.2435
N12925 X0.3563 Y0.2567
N12930 X0.3505 Y0.2655
N12935 X0.3447 Y0.274
N12940 X0.3391 Y0.2813
N12945 X0.3294 Y0.2936
N12950 G3 X0.3127 Y0.3018 Z-0.4526 I-0.0179 J-0.0154
N12955 G1 X0.3016 Y0.3024 Z-0.4503
N12960 X0.2948 Y0.3027 Z-0.4488
N12965 X-0.2648 Y0.3325
N12970 X-0.2717 Y0.3329 Z-0.4503
N12975 X-0.2821 Y0.3334 Z-0.4525
N12980 G3 X-0.3001 Y0.3266 Z-0.4567 I-0.0013 J-0.0236
N12985 G1 X-0.3201 Y0.3051
N12990 X-0.3238 Y0.3005
N12995 X-0.327 Y0.2956
N13000 X-0.3297 Y0.2903
N13005 X-0.332 Y0.2849
N13010 X-0.3338 Y0.2793
N13015 X-0.3353 Y0.2735
N13020 X-0.3363 Y0.2677
N13025 X-0.3371 Y0.2619
N13030 X-0.3375 Y0.256
N13035 X-0.3377 Y0.2499
N13040 X-0.3376 Y0.2432
N13045 X-0.3371 Y0.236
N13050 X-0.3362 Y0.2287
N13055 X-0.3349 Y0.2209
N13060 X-0.333 Y0.2125
N13065 X-0.3307 Y0.204
N13070 X-0.3278 Y0.1951
N13075 X-0.3242 Y0.1856
N13080 X-0.32 Y0.1758
N13085 X-0.3151 Y0.166
N13090 X-0.3094 Y0.1557
N13095 X-0.3027 Y0.145
N13100 X-0.2951 Y0.134
N13105 X-0.2867 Y0.1231
N13110 X-0.2773 Y0.112
N13115 X-0.2667 Y0.1007
N13120 X-0.255 Y0.0893
N13125 X-0.2421 Y0.0779
N13130 X-0.2284 Y0.067
N13135 X-0.2136 Y0.0563
N13140 X-0.1973 Y0.0458
N13145 X-0.1797 Y0.0355
N13150 X-0.1609 Y0.0258
N13155 X-0.141 Y0.0166
N13160 X-0.12 Y0.0082
N13165 X-0.0982 Y0.0007
N13170 X-0.0757 Y-0.0058
N13175 X-0.0525 Y-0.0114
N13180 X-0.0288 Y-0.0159
N13185 X-0.0046 Y-0.0192
N13190 X0.0199 Y-0.0214
N13195 X0.0444 Y-0.0224
N13200 X0.0688 Y-0.0222
N13205 X0.0929 Y-0.0208
N13210 X0.1165 Y-0.0183
N13215 X0.1395 Y-0.0147
N13220 X0.1617 Y-0.0101
N13225 X0.183 Y-0.0046
N13230 X0.2035 Y0.0017
N13235 X0.223 Y0.0088
N13240 X0.2415 Y0.0166
N13245 X0.259 Y0.025
N13250 X0.2755 Y0.0339
N13255 X0.2906 Y0.043
N13260 X0.3045 Y0.0524
N13265 X0.3173 Y0.0619
N13270 X0.3289 Y0.0715
N13275 X0.3396 Y0.0812
N13280 X0.349 Y0.0907
N13285 X0.3568 Y0.0993
N13290 X0.3639 Y0.108
N13295 X0.3701 Y0.1164
N13300 X0.3748 Y0.1234
N13305 X0.3797 Y0.1316
N13310 X0.3802 Y0.1325
N13315 X0.3865 Y0.1474
N13320 X0.3899 Y0.1631
N13325 X0.3903 Y0.1792
N13330 X0.3877 Y0.1951
N13335 X0.3822 Y0.2103
N13340 X0.3786 Y0.2179
N13345 X0.3764 Y0.2224
N13350 X0.3655 Y0.2417
N13355 X0.361 Y0.2496
N13360 X0.3563 Y0.2567
N13365 G3 X0.3387 Y0.2666 Z-0.4523 I-0.0193 J-0.0137
N13370 G1 X0.3294 Y0.2673 Z-0.4503
N13375 X0.3225 Y0.2678 Z-0.4488
N13380 X-0.2849 Y0.3108
N13385 X-0.2917 Y0.3113 Z-0.4503
N13390 X-0.3017 Y0.312 Z-0.4524
N13395 G3 X-0.3201 Y0.3051 Z-0.4567 I-0.0017 J-0.0236
N13400 G1 X-0.3209 Y0.3041
N13405 X-0.3391 Y0.2813
N13410 X-0.3422 Y0.2773
N13415 X-0.3455 Y0.2724
N13420 X-0.3486 Y0.2673
N13425 X-0.3511 Y0.262
N13430 X-0.3532 Y0.2565
N13435 X-0.3549 Y0.2508
N13440 X-0.3562 Y0.2451
N13445 X-0.3572 Y0.2393
N13450 X-0.3579 Y0.2334
N13455 X-0.3583 Y0.2273
N13460 X-0.3584 Y0.2207
N13465 X-0.3581 Y0.2137
N13470 X-0.3575 Y0.2064
N13475 X-0.3565 Y0.1984
N13480 X-0.355 Y0.1901
N13485 X-0.353 Y0.1815
N13490 X-0.3504 Y0.1723
N13495 X-0.3471 Y0.1626
N13500 X-0.3433 Y0.1529
N13505 X-0.3387 Y0.1426
N13510 X-0.3332 Y0.1318
N13515 X-0.3268 Y0.1207
N13520 X-0.3197 Y0.1096
N13525 X-0.3116 Y0.0982
N13530 X-0.3023 Y0.0864
N13535 X-0.2919 Y0.0744
N13540 X-0.2805 Y0.0625
N13545 X-0.2682 Y0.0508
N13550 X-0.2545 Y0.0391
N13555 X-0.2395 Y0.0274
N13560 X-0.223 Y0.0158
N13565 X-0.2052 Y0.0046
N13570 X-0.1863 Y-0.0061
N13575 X-0.1665 Y-0.0161
N13580 X-0.1456 Y-0.0253
N13585 X-0.1236 Y-0.0339
N13590 X-0.1006 Y-0.0415
N13595 X-0.0766 Y-0.0482
N13600 X-0.0519 Y-0.0538
N13605 X-0.0266 Y-0.0582
N13610 X-0.001 Y-0.0615
N13615 X0.0249 Y-0.0635
N13620 X0.0508 Y-0.0642
N13625 X0.0765 Y-0.0637
N13630 X0.1019 Y-0.0619
N13635 X0.1268 Y-0.059
N13640 X0.1511 Y-0.0549
N13645 X0.1747 Y-0.0497
N13650 X0.1975 Y-0.0436
N13655 X0.2193 Y-0.0365
N13660 X0.24 Y-0.0287
N13665 X0.2595 Y-0.0202
N13670 X0.2778 Y-0.0112
N13675 X0.295 Y-0.0016
N13680 X0.3111 Y0.0084
N13685 X0.3261 Y0.0187
N13690 X0.3396 Y0.029
N13695 X0.3516 Y0.0392
N13700 X0.3624 Y0.0492
N13705 X0.3717 Y0.0589
N13710 X0.3789 Y0.067
N13715 X0.3861 Y0.076
N13720 X0.3913 Y0.0832
N13725 X0.3931 Y0.086
N13730 X0.4004 Y0.0998
N13735 X0.4051 Y0.1146
N13740 X0.4071 Y0.1301
N13745 X0.4062 Y0.1456
N13750 X0.4026 Y0.1608
N13755 X0.402 Y0.1625
N13760 X0.4002 Y0.1677
N13765 X0.3923 Y0.188
N13770 X0.3898 Y0.1942
N13775 X0.3822 Y0.2103
N13780 G3 X0.3634 Y0.223 Z-0.4517 I-0.021 J-0.0108
N13785 G1 X0.3569 Y0.2236 Z-0.4503
N13790 X0.3501 Y0.2242 Z-0.4488
N13795 X-0.3078 Y0.2846
N13800 X-0.3146 Y0.2852 Z-0.4503
N13805 X-0.3217 Y0.2859 Z-0.4518
N13810 G3 X-0.3422 Y0.2773 Z-0.4567 I-0.0022 J-0.0235
N13815 G1 X-0.3447 Y0.274
N13820 X-0.3505 Y0.2655
N13825 X-0.361 Y0.2496
N13830 X-0.3671 Y0.2388
N13835 X-0.3698 Y0.2335
N13840 X-0.3721 Y0.2281
N13845 X-0.374 Y0.2225
N13850 X-0.3755 Y0.2168
N13855 X-0.3767 Y0.211
N13860 X-0.3775 Y0.2052
N13865 X-0.378 Y0.1991
N13870 X-0.3782 Y0.1929
N13875 X-0.3781 Y0.186
N13880 X-0.3777 Y0.1786
N13885 X-0.3768 Y0.1711
N13890 X-0.3755 Y0.1627
N13895 X-0.3736 Y0.1539
N13900 X-0.3713 Y0.145
N13905 X-0.3683 Y0.1354
N13910 X-0.3645 Y0.1251
N13915 X-0.3601 Y0.1148
N13920 X-0.3549 Y0.104
N13925 X-0.3487 Y0.0926
N13930 X-0.3415 Y0.0809
N13935 X-0.3336 Y0.0692
N13940 X-0.3246 Y0.0573
N13945 X-0.3143 Y0.0449
N13950 X-0.3027 Y0.0323
N13955 X-0.2899 Y0.0196
N13960 X-0.2762 Y0.0074
N13965 X-0.2611 Y-0.0049
N13970 X-0.2445 Y-0.0171
N13975 X-0.2266 Y-0.0289
N13980 X-0.2073 Y-0.0404
N13985 X-0.1867 Y-0.0513
N13990 X-0.1649 Y-0.0615
N13995 X-0.1422 Y-0.0708
N14000 X-0.1187 Y-0.0792
N14005 X-0.094 Y-0.0866
N14010 X-0.0684 Y-0.093
N14015 X-0.0421 Y-0.0982
N14020 X-0.0152 Y-0.1022
N14025 X0.012 Y-0.1048
N14030 X0.0394 Y-0.1062
N14035 X0.0667
N14040 X0.0938 Y-0.1049
N14045 X0.1206 Y-0.1023
N14050 X0.1468 Y-0.0984
N14055 X0.1724 Y-0.0934
N14060 X0.1971 Y-0.0873
N14065 X0.2206 Y-0.0802
N14070 X0.243 Y-0.0723
N14075 X0.2643 Y-0.0635
N14080 X0.2846 Y-0.054
N14085 X0.3037 Y-0.0439
N14090 X0.3215 Y-0.0334
N14095 X0.338 Y-0.0224
N14100 X0.3528 Y-0.0117
N14105 X0.3658 Y-0.0011
N14110 X0.3772 Y0.0092
N14115 X0.3859 Y0.0177
N14120 X0.3944 Y0.0269
N14125 X0.4004 Y0.0341
N14130 X0.4016 Y0.0357
N14135 X0.409 Y0.0475
N14140 X0.4145 Y0.0603
N14145 X0.4179 Y0.0738
N14150 X0.419 Y0.0877
N14155 X0.4179 Y0.1016
N14160 X0.4171 Y0.107
N14165 X0.416 Y0.1122
N14170 X0.4115 Y0.1308
N14175 X0.4095 Y0.1387
N14180 X0.4047 Y0.1545
N14185 X0.4026 Y0.1608
N14190 G3 X0.3829 Y0.176 Z-0.4511 I-0.0221 J-0.0083
N14195 G1 X0.3789 Y0.1764 Z-0.4503
N14200 X0.3721 Y0.1771 Z-0.4488
N14205 X-0.3341 Y0.2489
N14210 X-0.3409 Y0.2496 Z-0.4503
N14215 X-0.3446 Y0.25 Z-0.4511
N14220 G3 X-0.3671 Y0.2388 Z-0.4567 I-0.0024 J-0.0235
N14225 G1 X-0.3764 Y0.2224
N14230 X-0.3786 Y0.2179
N14235 X-0.3881 Y0.1977
N14240 X-0.3904 Y0.1923
N14245 X-0.3923 Y0.1867
N14250 X-0.3939 Y0.181
N14255 X-0.395 Y0.1752
N14260 X-0.3958 Y0.1693
N14265 X-0.3962 Y0.1635
N14270 X-0.3964 Y0.1572
N14275 X-0.3963 Y0.1504
N14280 X-0.3958 Y0.1434
N14285 X-0.3949 Y0.1356
N14290 X-0.3935 Y0.1274
N14295 X-0.3917 Y0.1188
N14300 X-0.3892 Y0.1095
N14305 X-0.3861 Y0.0999
N14310 X-0.3823 Y0.0899
N14315 X-0.3777 Y0.0792
N14320 X-0.3721 Y0.0679
N14325 X-0.3659 Y0.0567
N14330 X-0.3586 Y0.0449
N14335 X-0.35 Y0.0325
N14340 X-0.3404 Y0.0198
N14345 X-0.3299 Y0.0074
N14350 X-0.318 Y-0.0054
N14355 X-0.3046 Y-0.0184
N14360 X-0.2898 Y-0.0316
N14365 X-0.2735 Y-0.0446
N14370 X-0.2562 Y-0.0571
N14375 X-0.2376 Y-0.0693
N14380 X-0.2175 Y-0.081
N14385 X-0.1959 Y-0.0923
N14390 X-0.1731 Y-0.1028
N14395 X-0.1489 Y-0.1125
N14400 X-0.1236 Y-0.1213
N14405 X-0.0973 Y-0.1291
N14410 X-0.0702 Y-0.1356
N14415 X-0.0424 Y-0.1409
N14420 X-0.0141 Y-0.1449
N14425 X0.0146 Y-0.1475
N14430 X0.0434 Y-0.1488
N14435 X0.0721 Y-0.1486
N14440 X0.1006 Y-0.147
N14445 X0.1288 Y-0.1441
N14450 X0.1564 Y-0.1399
N14455 X0.1831 Y-0.1344
N14460 X0.2091 Y-0.1278
N14465 X0.2341 Y-0.1201
N14470 X0.258 Y-0.1114
N14475 X0.2809 Y-0.1019
N14480 X0.3026 Y-0.0916
N14485 X0.3229 Y-0.0807
N14490 X0.3413 Y-0.0696
N14495 X0.3575 Y-0.0587
N14500 X0.3723 Y-0.0478
N14505 X0.3839 Y-0.0382
N14510 X0.3939 Y-0.0291
N14515 X0.4018 Y-0.0212
N14520 X0.41 Y-0.0106
N14525 X0.4165 Y0.0011
N14530 X0.4211 Y0.0136
N14535 X0.4237 Y0.0267
N14540 X0.4243 Y0.0401
N14545 X0.4239 Y0.0515
N14550 X0.4233 Y0.0594
N14555 X0.4217 Y0.0753
N14560 X0.4209 Y0.0832
N14565 X0.4179 Y0.1016
N14570 G3 X0.3975 Y0.1205 Z-0.4504 I-0.0232 J-0.0046
N14575 G1 X0.397 Y0.1206 Z-0.4503
N14580 X0.3902 Y0.1214 Z-0.4488
N14585 X-0.356 Y0.2094
N14590 X-0.3628 Y0.2102 Z-0.4503
N14595 X-0.3644 Y0.2104 Z-0.4506
N14600 G3 X-0.3881 Y0.1977 Z-0.4567 I-0.0028 J-0.0235
N14605 G1 X-0.3898 Y0.1942
N14610 X-0.393 Y0.1862
N14615 X-0.4002 Y0.1677
N14620 X-0.402 Y0.1625
N14625 X-0.4047 Y0.1545
N14630 X-0.4081 Y0.1432
N14635 X-0.4095 Y0.1375
N14640 X-0.4106 Y0.1316
N14645 X-0.4113 Y0.1258
N14650 X-0.4116 Y0.1199
N14655 Y0.1139
N14660 X-0.4114 Y0.1074
N14665 X-0.4107 Y0.1003
N14670 X-0.4097 Y0.093
N14675 X-0.4082 Y0.0849
N14680 X-0.4061 Y0.0763
N14685 X-0.4034 Y0.0673
N14690 X-0.4 Y0.0575
N14695 X-0.3959 Y0.0474
N14700 X-0.3911 Y0.0369
N14705 X-0.3853 Y0.0257
N14710 X-0.3784 Y0.0139
N14715 X-0.3708 Y0.0022
N14720 X-0.3618 Y-0.0102
N14725 X-0.3513 Y-0.0232
N14730 X-0.3397 Y-0.0364
N14735 X-0.3271 Y-0.0493
N14740 X-0.313 Y-0.0624
N14745 X-0.2972 Y-0.0757
N14750 X-0.2798 Y-0.089
N14755 X-0.2608 Y-0.1021
N14760 X-0.2407 Y-0.1146
N14765 X-0.2194 Y-0.1264
N14770 X-0.1965 Y-0.1377
N14775 X-0.172 Y-0.1483
N14780 X-0.1461 Y-0.158
N14785 X-0.1191 Y-0.1667
N14790 X-0.091 Y-0.1742
N14795 X-0.0622 Y-0.1805
N14800 X-0.0326 Y-0.1854
N14805 X-0.0027 Y-0.1889
N14810 X0.0276 Y-0.191
N14815 X0.0579 Y-0.1916
N14820 X0.0881 Y-0.1907
N14825 X0.1181 Y-0.1884
N14830 X0.1475 Y-0.1846
N14835 X0.1763 Y-0.1795
N14840 X0.2043 Y-0.1731
N14845 X0.2315 Y-0.1655
N14850 X0.2577 Y-0.1568
N14855 X0.2828 Y-0.147
N14860 X0.3065 Y-0.1365
N14865 X0.3282 Y-0.1255
N14870 X0.3476 Y-0.1145
N14875 X0.365 Y-0.1035
N14880 X0.3784 Y-0.094
N14885 X0.3897 Y-0.0853
N14890 X0.392 Y-0.0833
N14895 X0.4026 Y-0.0723
N14900 X0.4112 Y-0.0597
N14905 X0.4174 Y-0.0457
N14910 X0.4211 Y-0.0309
N14915 X0.4216 Y-0.0277
N14920 X0.424 Y-0.0023
N14925 X0.4242 Y0.004
N14930 X0.4246 Y0.0198
N14935 X0.4247 Y0.0277
N14940 X0.4243 Y0.0401
N14945 G3 X0.4036 Y0.0619 Z-0.4498 I-0.0236 J-0.0016
N14950 G1 X0.3991 Y0.0624 Z-0.4488
N14955 X-0.3781 Y0.1585
N14960 X-0.3828 Y0.1591 Z-0.4498
N14965 G3 X-0.4081 Y0.1432 Z-0.4567 I-0.0029 J-0.0234
N14970 G1 X-0.4095 Y0.1387
N14975 X-0.4115 Y0.1308
N14980 X-0.416 Y0.1122
N14985 X-0.4171 Y0.107
N14990 X-0.4209 Y0.0832
N14995 X-0.4216 Y0.0711
N15000 Y0.0652
N15005 X-0.4214 Y0.0593
N15010 X-0.4207 Y0.0529
N15015 X-0.4197 Y0.0462
N15020 X-0.4183 Y0.0389
N15025 X-0.4163 Y0.0309
N15030 X-0.4139 Y0.0227
N15035 X-0.4106 Y0.0134
N15040 X-0.4068 Y0.0041
N15045 X-0.402 Y-0.006
N15050 X-0.3963 Y-0.0169
N15055 X-0.3898 Y-0.0278
N15060 X-0.3822 Y-0.0394
N15065 X-0.3731 Y-0.0517
N15070 X-0.363 Y-0.0642
N15075 X-0.3517 Y-0.0768
N15080 X-0.3387 Y-0.09
N15085 X-0.3239 Y-0.1036
N15090 X-0.3078 Y-0.1171
N15095 X-0.2906 Y-0.13
N15100 X-0.2716 Y-0.143
N15105 X-0.2508 Y-0.1557
N15110 X-0.2281 Y-0.1681
N15115 X-0.2038 Y-0.1799
N15120 X-0.178 Y-0.1909
N15125 X-0.1509 Y-0.2009
N15130 X-0.1226 Y-0.2098
N15135 X-0.0936 Y-0.2175
N15140 X-0.0636 Y-0.2238
N15145 X-0.0328 Y-0.2287
N15150 X-0.0013 Y-0.2322
N15155 X0.0305 Y-0.2342
N15160 X0.0624 Y-0.2347
N15165 X0.0943 Y-0.2335
N15170 X0.1259 Y-0.2309
N15175 X0.157 Y-0.2267
N15180 X0.1876 Y-0.2211
N15185 X0.2172 Y-0.2142
N15190 X0.2458 Y-0.206
N15195 X0.273 Y-0.1968
N15200 X0.2986 Y-0.1867
N15205 X0.3226 Y-0.1758
N15210 X0.3442 Y-0.1648
N15215 X0.3604 Y-0.1555
N15220 X0.369 Y-0.1499
N15225 X0.3811 Y-0.1406
N15230 X0.3914 Y-0.1292
N15235 X0.3994 Y-0.1163
N15240 X0.4051 Y-0.1021
N15245 X0.4061 Y-0.0991
N15250 X0.4083 Y-0.0911
N15255 X0.4105 Y-0.0832
N15260 X0.4161 Y-0.0594
N15265 X0.4176 Y-0.0515
N15270 X0.4203 Y-0.0357
N15275 X0.4211 Y-0.0309
N15280 G3 X0.4008 Y-0.0047 Z-0.4489 I-0.0235 J0.0028
N15285 G1 X0.4004 Z-0.4488
N15290 X-0.3932 Y0.1019
N15295 X-0.3946 Y0.1021 Z-0.4491
N15300 X-0.3977 Y0.1023 Z-0.4498
N15305 G3 X-0.4209 Y0.0832 Z-0.4567 I0. J-0.0236
N15310 G1 X-0.4217 Y0.0753
N15315 X-0.4233 Y0.0594
N15320 X-0.4239 Y0.0515
N15325 X-0.4247 Y0.0277
N15330 X-0.4246 Y0.0198
N15335 X-0.4243 Y0.0075
N15340 X-0.4237 Y0.0005
N15345 X-0.423 Y-0.0053
N15350 X-0.4219 Y-0.0114
N15355 X-0.4204 Y-0.018
N15360 X-0.4184 Y-0.0252
N15365 X-0.4159 Y-0.0328
N15370 X-0.4126 Y-0.0413
N15375 X-0.4088 Y-0.0499
N15380 X-0.4039 Y-0.0595
N15385 X-0.3984 Y-0.0693
N15390 X-0.3917 Y-0.0798
N15395 X-0.3837 Y-0.0913
N15400 X-0.3749 Y-0.1025
N15405 X-0.3646 Y-0.1145
N15410 X-0.3525 Y-0.1272
N15415 X-0.3393 Y-0.1398
N15420 X-0.3247 Y-0.1525
N15425 X-0.3079 Y-0.1657
N15430 X-0.2891 Y-0.179
N15435 X-0.2685 Y-0.1922
N15440 X-0.2468 Y-0.2046
N15445 X-0.2232 Y-0.2166
N15450 X-0.1977 Y-0.2281
N15455 X-0.1704 Y-0.2388
N15460 X-0.1418 Y-0.2484
N15465 X-0.1118 Y-0.2569
N15470 X-0.0807 Y-0.2641
N15475 X-0.0487 Y-0.2699
N15480 X-0.016 Y-0.2742
N15485 X0.0172 Y-0.2769
N15490 X0.0506 Y-0.278
N15495 X0.0841 Y-0.2774
N15500 X0.1173 Y-0.2753
N15505 X0.1503 Y-0.2715
N15510 X0.1826 Y-0.2663
N15515 X0.2141 Y-0.2595
N15520 X0.2444 Y-0.2515
N15525 X0.2735 Y-0.2422
N15530 X0.301 Y-0.232
N15535 X0.3239 Y-0.2222
N15540 X0.3327 Y-0.2178
N15545 X0.344 Y-0.2113
N15550 X0.3541 Y-0.2031
N15555 X0.3629 Y-0.1935
N15560 X0.3701 Y-0.1827
N15565 X0.3771 Y-0.1704
N15570 X0.381 Y-0.1625
N15575 X0.3883 Y-0.1466
N15580 X0.3918 Y-0.1387
N15585 X0.4008 Y-0.1149
N15590 X0.4037 Y-0.107
N15595 X0.4051 Y-0.1021
N15600 G3 X0.3884 Y-0.0732 Z-0.4488 I-0.0228 J0.0061
N15605 G1 X0.3854 Y-0.0726
N15610 X-0.3975 Y0.0307
N15615 X-0.4004 Y0.0309
N15620 G3 X-0.4243 Y0.0075 Z-0.4567 I-0.0002 J-0.0236
N15625 G1 X-0.4242 Y0.004
N15630 X-0.424 Y-0.0023
N15635 X-0.4216 Y-0.0277
N15640 X-0.4203 Y-0.0357
N15645 X-0.4176 Y-0.0515
N15650 X-0.416 Y-0.0598
N15655 X-0.4113 Y-0.0796
N15660 X-0.4086 Y-0.089
N15665 X-0.4064 Y-0.0956
N15670 X-0.4037 Y-0.1022
N15675 X-0.4003 Y-0.1098
N15680 X-0.3963 Y-0.1174
N15685 X-0.3912 Y-0.1262
N15690 X-0.3856 Y-0.1349
N15695 X-0.3785 Y-0.1447
N15700 X-0.3706 Y-0.1547
N15705 X-0.3612 Y-0.1654
N15710 X-0.35 Y-0.177
N15715 X-0.3379 Y-0.1883
N15720 X-0.3238 Y-0.2003
N15725 X-0.3075 Y-0.2128
N15730 X-0.2897 Y-0.2252
N15735 X-0.2704 Y-0.2373
N15740 X-0.2486 Y-0.2495
N15745 X-0.2244 Y-0.2614
N15750 X-0.1982 Y-0.2729
N15755 X-0.1702 Y-0.2836
N15760 X-0.1409 Y-0.2931
N15765 X-0.1106 Y-0.3014
N15770 X-0.0786 Y-0.3085
N15775 X-0.0455 Y-0.3141
N15780 X-0.0114 Y-0.3182
N15785 X0.0233 Y-0.3207
N15790 X0.0582 Y-0.3215
N15795 X0.0931 Y-0.3206
N15800 X0.1279 Y-0.318
N15805 X0.1624 Y-0.3138
N15810 X0.1962 Y-0.308
N15815 X0.2291 Y-0.3006
N15820 X0.2607 Y-0.2919
N15825 X0.274 Y-0.2875
N15830 X0.2875 Y-0.2818
N15835 X0.2998 Y-0.2739
N15840 X0.3106 Y-0.2641
N15845 X0.3209 Y-0.2529
N15850 X0.3235 Y-0.2496
N15855 X0.3424 Y-0.2259
N15860 X0.3447 Y-0.2227
N15865 X0.348 Y-0.2179
N15870 X0.3606 Y-0.1991
N15875 X0.3636 Y-0.1942
N15880 X0.3701 Y-0.1827
N15885 G3 X0.3601 Y-0.1508 Z-0.4488 I-0.0209 J0.0109
N15890 G1 X0.3576 Y-0.1497
N15895 X0.355 Y-0.1489
N15900 X0.3522 Y-0.1484
N15905 X-0.3851 Y-0.0516
N15910 X-0.3877 Y-0.0514
N15915 X-0.3903 Y-0.0515
N15920 X-0.3928 Y-0.0519
N15925 G3 X-0.4113 Y-0.0796 Z-0.4567 I0.0046 J-0.0232
N15930 G1 X-0.4105 Y-0.0832
N15935 X-0.4081 Y-0.0919
N15940 X-0.4061 Y-0.0991
N15945 X-0.4037 Y-0.107
N15950 X-0.4002 Y-0.1165
N15955 X-0.3918 Y-0.1387
N15960 X-0.3883 Y-0.1466
N15965 X-0.381 Y-0.1625
N15970 X-0.3771 Y-0.1704
N15975 X-0.3656 Y-0.1906
N15980 X-0.3597 Y-0.1999
N15985 X-0.3545 Y-0.2073
N15990 X-0.3487 Y-0.2148
N15995 X-0.3413 Y-0.2233
N16000 X-0.3332 Y-0.2318
N16005 X-0.3234 Y-0.2412
N16010 X-0.3121 Y-0.251
N16015 X-0.2992 Y-0.261
N16020 X-0.2837 Y-0.2721
N16025 X-0.2673 Y-0.2825
N16030 X-0.2481 Y-0.2935
N16035 X-0.226 Y-0.3046
N16040 X-0.2018 Y-0.3155
N16045 X-0.1766 Y-0.3253
N16050 X-0.1488 Y-0.3347
N16055 X-0.1186 Y-0.3432
N16060 X-0.0865 Y-0.3506
N16065 X-0.0529 Y-0.3566
N16070 X-0.0183 Y-0.3611
N16075 X0.0165 Y-0.3639
N16080 X0.0514 Y-0.3651
N16085 X0.0863 Y-0.3646
N16090 X0.1211 Y-0.3626
N16095 X0.1558 Y-0.3589
N16100 X0.1775 Y-0.3556
N16105 X0.1866 Y-0.3537
N16110 X0.1954 Y-0.3508
N16115 X0.2039 Y-0.347
N16120 X0.2083 Y-0.3447
N16125 X0.21 Y-0.3438
N16130 X0.2344 Y-0.3289
N16135 X0.2417 Y-0.3238
N16140 X0.2575 Y-0.3122
N16145 X0.2655 Y-0.3063
N16150 X0.2813 Y-0.2926
N16155 X0.2892 Y-0.2857
N16160 X0.294 Y-0.2813
N16165 X0.3051 Y-0.2699
N16170 X0.3093 Y-0.2655
N16175 X0.3106 Y-0.2641
N16180 G3 X0.3081 Y-0.2308 Z-0.4488 I-0.0179 J0.0154
N16185 X0.2952 Y-0.2252 I-0.0154 J-0.0179
N16190 G1 X-0.3422 Y-0.1562
N16195 G3 X-0.3556 Y-0.1587 I-0.0025 J-0.0235
N16200 X-0.3656 Y-0.1906 Z-0.4567 I0.0109 J-0.0209
N16205 G1 X-0.3636 Y-0.1942
N16210 X-0.3606 Y-0.1991
N16215 X-0.348 Y-0.2179
N16220 X-0.3447 Y-0.2227
N16225 X-0.3424 Y-0.2259
N16230 X-0.3235 Y-0.2496
N16235 X-0.3209 Y-0.2529
N16240 X-0.3093 Y-0.2655
N16245 X-0.2972 Y-0.2781
N16250 X-0.294 Y-0.2813
N16255 X-0.2892 Y-0.2857
N16260 X-0.2734 Y-0.2995
N16265 X-0.2655 Y-0.3063
N16270 X-0.2564 Y-0.313
N16275 X-0.2417 Y-0.3238
N16280 X-0.2344 Y-0.3289
N16285 X-0.21 Y-0.3438
N16290 X-0.2083 Y-0.3447
N16295 X-0.1862 Y-0.3561
N16300 X-0.1783 Y-0.36
N16305 X-0.1704 Y-0.3637
N16310 X-0.1545 Y-0.37
N16315 X-0.1466 Y-0.3728
N16320 X-0.1308 Y-0.3783
N16325 X-0.1228 Y-0.3809
N16330 X-0.0991 Y-0.3875
N16335 X-0.0911 Y-0.3892
N16340 X-0.0832 Y-0.3909
N16345 X-0.0753 Y-0.3925
N16350 X-0.0674 Y-0.394
N16355 X-0.0436 Y-0.397
N16360 X-0.0357 Y-0.3976
N16365 X-0.0198 Y-0.3986
N16370 X-0.0119 Y-0.3989
N16375 X0.0119
N16380 X0.0198 Y-0.3986
N16385 X0.0357 Y-0.3976
N16390 X0.0436 Y-0.397
N16395 X0.0674 Y-0.394
N16400 X0.0753 Y-0.3925
N16405 X0.0832 Y-0.3909
N16410 X0.0911 Y-0.3892
N16415 X0.0991 Y-0.3875
N16420 X0.1228 Y-0.3809
N16425 X0.1308 Y-0.3783
N16430 X0.1466 Y-0.3728
N16435 X0.1545 Y-0.37
N16440 X0.1704 Y-0.3637
N16445 X0.1783 Y-0.36
N16450 X0.1862 Y-0.3561
N16455 X0.2039 Y-0.347
N16460 G3 X0.2153 Y-0.3206 I-0.0115 J0.0206
N16465 G1 X0.2144 Y-0.3171 Z-0.4564
N16470 X0.2135 Y-0.3136 Z-0.4555
N16475 X0.2127 Y-0.3102 Z-0.4541
N16480 X0.2119 Y-0.3072 Z-0.4522
N16485 X0.2112 Y-0.3044 Z-0.4498
N16490 X0.2106 Y-0.3021 Z-0.447
N16495 X0.2101 Y-0.3002 Z-0.4438
N16500 X0.2098 Y-0.2988 Z-0.4404
N16505 X0.2096 Y-0.298 Z-0.4368
N16510 X0.2095 Y-0.2977 Z-0.4331
N16515 Z0.1969
N16520 X-1.1839 Y-1.1635
N16525 Z-0.4094
N16530 Z-0.4331
N16535 X-1.1841 Y-1.1634 Z-0.4368
N16540 X-1.1849 Y-1.1629 Z-0.4404
N16545 X-1.186 Y-1.162 Z-0.4438
N16550 X-1.1876 Y-1.1609 Z-0.447
N16555 X-1.1896 Y-1.1596 Z-0.4498
N16560 X-1.1919 Y-1.1579 Z-0.4522
N16565 X-1.1945 Y-1.1561 Z-0.4541
N16570 X-1.1973 Y-1.1542 Z-0.4555
N16575 X-1.2003 Y-1.1521 Z-0.4564
N16580 X-1.2033 Y-1.15 Z-0.4567
N16585 G3 X-1.2322 Y-1.1392 I-0.0357 J-0.0511
N16590 G1 X-1.2481 Y-1.138
N16595 X-1.2639 Y-1.1362
N16600 X-1.2956 Y-1.1327
N16605 X-1.3036 Y-1.1315
N16610 X-1.3194 Y-1.1283
N16615 X-1.3273 Y-1.1262
N16620 X-1.3511 Y-1.118
N16625 X-1.3642 Y-1.1135
N16630 X-1.384 Y-1.1076
N16635 X-1.3998 Y-1.1038
N16640 X-1.4209 Y-1.0998
N16645 X-1.4555 Y-1.0949
N16650 X-1.4901 Y-1.0905
N16655 X-1.523 Y-1.079
N16660 X-1.5527 Y-1.0606
N16665 X-1.5781 Y-1.0367
N16670 X-1.599 Y-1.0088
N16675 X-1.6157 Y-0.9781
N16680 X-1.6285 Y-0.9457
N16685 X-1.6381 Y-0.9122
N16690 X-1.6452 Y-0.878
N16695 X-1.6503 Y-0.8435
N16700 X-1.6539 Y-0.8088
N16705 X-1.6564 Y-0.774
N16710 X-1.6581 Y-0.7392
N16715 X-1.6593 Y-0.7043
N16720 X-1.6602 Y-0.6694
N16725 X-1.6607 Y-0.6345
N16730 X-1.6611 Y-0.5996
N16735 X-1.6613 Y-0.5648
N16740 X-1.6615 Y-0.5299
N16745 X-1.6617 Y-0.4601
N16750 X-1.6618 Y-0.3554
N16755 X-1.6619 Y0.0283
N16760 Y0.6912
N16765 Y0.7958
N16770 X-1.6618 Y0.8307
N16775 X-1.6578 Y0.8654
N16780 X-1.6464 Y0.8984
N16785 X-1.6282 Y0.9281
N16790 X-1.6045 Y0.9537
N16795 X-1.5767 Y0.9749
N16800 X-1.5462 Y0.9918
N16805 X-1.5379 Y0.9959
N16810 X-1.5302 Y1.0011
N16815 X-1.5233 Y1.0073
N16820 X-1.5202 Y1.0105
N16825 X-1.4964 Y1.0342
N16830 X-1.4779 Y1.0509
N16835 X-1.47 Y1.0573
N16840 X-1.469 Y1.058
N16845 X-1.4383 Y1.0774
N16850 X-1.4249 Y1.0857
N16855 X-1.4224 Y1.0873
N16860 X-1.4189 Y1.0893
N16865 X-1.416 Y1.0914
N16870 X-1.4134 Y1.094
N16875 X-1.412 Y1.0965 Z-0.4565
N16880 X-1.4105 Y1.099 Z-0.456
N16885 X-1.4091 Y1.1014 Z-0.4551
N16890 X-1.4086 Y1.1043 Z-0.4537
N16895 X-1.4082 Y1.1069 Z-0.4519
N16900 X-1.4077 Y1.1093 Z-0.4498
N16905 Y1.1094 Z-0.4497
N16910 X-1.4081 Y1.1117 Z-0.4469
N16915 X-1.4084 Y1.1136 Z-0.4438
N16920 X-1.4086 Y1.115 Z-0.4404
N16925 X-1.4087 Y1.1159 Z-0.4368
N16930 Y1.1161 Z-0.4331
N16935 Z0.1969
N16940 X-1.3239 Y-1.1496
N16945 Z-0.4094
N16950 Z-0.4331
N16955 X-1.3241 Y-1.1494 Z-0.4368
N16960 X-1.3246 Y-1.1487 Z-0.4404
N16965 X-1.3255 Y-1.1476 Z-0.4438
N16970 X-1.3268 Y-1.1461 Z-0.447
N16975 X-1.3283 Y-1.1443 Z-0.4498
N16980 X-1.3301 Y-1.1421 Z-0.4522
N16985 X-1.3322 Y-1.1397 Z-0.4541
N16990 X-1.3344 Y-1.1371 Z-0.4555
N16995 X-1.3367 Y-1.1343 Z-0.4564
N17000 X-1.339 Y-1.1315 Z-0.4567
N17005 G3 X-1.3642 Y-1.1135 I-0.0477 J-0.04
N17010 G1 X-1.3749 Y-1.1097
N17015 X-1.3828 Y-1.1069
N17020 X-1.3986 Y-1.1008
N17025 X-1.4066 Y-1.0963
N17030 X-1.4224 Y-1.0873
N17035 X-1.4312 Y-1.0818
N17040 X-1.462 Y-1.0624
N17045 X-1.469 Y-1.058
N17050 X-1.47 Y-1.0573
N17055 X-1.4779 Y-1.0509
N17060 X-1.4964 Y-1.0342
N17065 X-1.5202 Y-1.0105
N17070 X-1.5254 Y-1.0051
N17075 X-1.5423 Y-0.9867
N17080 X-1.5457 Y-0.9827
N17085 X-1.5485 Y-0.9788
N17090 X-1.5586 Y-0.9629
N17095 X-1.5735 Y-0.9391
N17100 X-1.5784 Y-0.9312
N17105 X-1.5888 Y-0.9132
N17110 X-1.5918 Y-0.9074
N17115 X-1.5968 Y-0.8952
N17120 X-1.5981 Y-0.8916
N17125 X-1.6092 Y-0.8599
N17130 X-1.6174 Y-0.8361
N17135 X-1.6194 Y-0.8282
N17140 X-1.6229 Y-0.8123
N17145 X-1.6285 Y-0.7633
N17150 X-1.6291 Y-0.7568
N17155 X-1.6304 Y-0.741
N17160 X-1.6309 Y-0.7331
N17165 Y0.7331
N17170 X-1.6304 Y0.741
N17175 X-1.6291 Y0.7568
N17180 X-1.6283 Y0.7648
N17185 X-1.6229 Y0.8123
N17190 X-1.6194 Y0.8282
N17195 X-1.6174 Y0.8361
N17200 X-1.6092 Y0.8599
N17205 X-1.5981 Y0.8916
N17210 X-1.5968 Y0.8952
N17215 X-1.5918 Y0.9074
N17220 X-1.5888 Y0.9132
N17225 X-1.5784 Y0.9312
N17230 X-1.573 Y0.94
N17235 X-1.5586 Y0.9629
N17240 X-1.5485 Y0.9788
N17245 X-1.5457 Y0.9827
N17250 X-1.5423 Y0.9867
N17255 X-1.5254 Y1.0051
N17260 X-1.5233 Y1.0073
N17265 G3 X-1.521 Y1.0359 I-0.0175 J0.0159
N17270 G1 X-1.523 Y1.0391 Z-0.4564
N17275 X-1.5249 Y1.0421 Z-0.4555
N17280 X-1.5268 Y1.045 Z-0.4541
N17285 X-1.5285 Y1.0476 Z-0.4522
N17290 X-1.53 Y1.05 Z-0.4498
N17295 X-1.5313 Y1.052 Z-0.447
N17300 X-1.5324 Y1.0536 Z-0.4438
N17305 X-1.5332 Y1.0548 Z-0.4404
N17310 X-1.5336 Y1.0555 Z-0.4368
N17315 X-1.5338 Y1.0558 Z-0.4331
N17320 Z0.1969
N17325 X1.1839 Y1.1635
N17330 Z-0.4094
N17335 Z-0.4331
N17340 X1.1841 Y1.1634 Z-0.4368
N17345 X1.1849 Y1.1629 Z-0.4404
N17350 X1.186 Y1.162 Z-0.4438
N17355 X1.1876 Y1.1609 Z-0.447
N17360 X1.1896 Y1.1596 Z-0.4498
N17365 X1.1919 Y1.1579 Z-0.4522
N17370 X1.1945 Y1.1561 Z-0.4541
N17375 X1.1973 Y1.1542 Z-0.4555
N17380 X1.2003 Y1.1521 Z-0.4564
N17385 X1.2033 Y1.15 Z-0.4567
N17390 G3 X1.2322 Y1.1392 I0.0357 J0.0511
N17395 G1 X1.2481 Y1.138
N17400 X1.2639 Y1.1362
N17405 X1.2956 Y1.1327
N17410 X1.3036 Y1.1315
N17415 X1.3194 Y1.1283
N17420 X1.3273 Y1.1262
N17425 X1.3511 Y1.118
N17430 X1.3642 Y1.1135
N17435 X1.384 Y1.1076
N17440 X1.3998 Y1.1038
N17445 X1.4209 Y1.0998
N17450 X1.4508 Y1.0955
N17455 X1.4856 Y1.0923
N17460 X1.5204 Y1.0904
N17465 X1.555 Y1.0856
N17470 X1.5872 Y1.0724
N17475 X1.6155 Y1.052
N17480 X1.6391 Y1.0263
N17485 X1.658 Y0.9969
N17490 X1.6725 Y0.9652
N17495 X1.6834 Y0.932
N17500 X1.6913 Y0.898
N17505 X1.6969 Y0.8636
N17510 X1.7008 Y0.829
N17515 X1.7036 Y0.7942
N17520 X1.7054 Y0.7593
N17525 X1.7066 Y0.7245
N17530 X1.7075 Y0.6896
N17535 X1.708 Y0.6547
N17540 X1.7084 Y0.6198
N17545 X1.7086 Y0.5849
N17550 X1.7088 Y0.5501
N17555 X1.709 Y0.4803
N17560 X1.7091 Y0.3756
N17565 Y-0.1128
N17570 Y-0.6361
N17575 Y-0.8803
N17580 X1.7086 Y-0.9152
N17585 X1.6997 Y-0.9489
N17590 X1.6828 Y-0.9794
N17595 X1.6596 Y-1.0055
N17600 X1.632 Y-1.0268
N17605 X1.6013 Y-1.0435
N17610 X1.5688 Y-1.0562
N17615 X1.5352 Y-1.0655
N17620 X1.501 Y-1.0722
N17625 X1.4664 Y-1.077
N17630 X1.4539 Y-1.0781
N17635 X1.4419 Y-1.0801
N17640 X1.4302 Y-1.0838
N17645 X1.4192 Y-1.0891
N17650 X1.4043 Y-1.0976
N17655 X1.3986 Y-1.1008
N17660 X1.3828 Y-1.1069
N17665 X1.3749 Y-1.1097
N17670 X1.3511 Y-1.118
N17675 X1.3273 Y-1.1262
N17680 X1.3194 Y-1.1283
N17685 X1.3036 Y-1.1315
N17690 X1.2956 Y-1.1327
N17695 X1.2793 Y-1.1345
N17700 G3 X1.2593 Y-1.1552 I0.0035 J-0.0234
N17705 G1 X1.2588 Y-1.1589 Z-0.4564
N17710 X1.2584 Y-1.1624 Z-0.4555
N17715 X1.258 Y-1.1658 Z-0.4541
N17720 X1.2577 Y-1.169 Z-0.4522
N17725 X1.2573 Y-1.1718 Z-0.4498
N17730 X1.2571 Y-1.1742 Z-0.447
N17735 X1.2568 Y-1.1761 Z-0.4438
N17740 X1.2567 Y-1.1775 Z-0.4404
N17745 X1.2566 Y-1.1784 Z-0.4368
N17750 X1.2565 Y-1.1786 Z-0.4331
N17755 Z0.1969
N17760 X1.3239 Y1.1496
N17765 Z-0.4094
N17770 Z-0.4331
N17775 X1.3241 Y1.1494 Z-0.4368
N17780 X1.3246 Y1.1487 Z-0.4404
N17785 X1.3255 Y1.1476 Z-0.4438
N17790 X1.3268 Y1.1461 Z-0.447
N17795 X1.3283 Y1.1443 Z-0.4498
N17800 X1.3301 Y1.1421 Z-0.4522
N17805 X1.3322 Y1.1397 Z-0.4541
N17810 X1.3344 Y1.1371 Z-0.4555
N17815 X1.3367 Y1.1343 Z-0.4564
N17820 X1.339 Y1.1315 Z-0.4567
N17825 G3 X1.3642 Y1.1135 I0.0477 J0.04
N17830 G1 X1.3749 Y1.1097
N17835 X1.3828 Y1.1069
N17840 X1.3986 Y1.1008
N17845 X1.4066 Y1.0963
N17850 X1.4224 Y1.0873
N17855 X1.4303 Y1.0823
N17860 X1.4355 Y1.0794
N17865 X1.4423 Y1.0761
N17870 X1.452 Y1.0718
N17875 X1.4846 Y1.0594
N17880 X1.5165 Y1.0454
N17885 X1.5457 Y1.0263
N17890 X1.5712 Y1.0024
N17895 X1.5926 Y0.9749
N17900 X1.61 Y0.9446
N17905 X1.6236 Y0.9126
N17910 X1.6342 Y0.8793
N17915 X1.642 Y0.8453
N17920 X1.6479 Y0.8109
N17925 X1.6521 Y0.7763
N17930 X1.655 Y0.7415
N17935 X1.6572 Y0.7067
N17940 X1.6586 Y0.6718
N17945 X1.6597 Y0.637
N17950 X1.6604 Y0.6021
N17955 X1.6608 Y0.5672
N17960 X1.6612 Y0.5323
N17965 X1.6614 Y0.4974
N17970 X1.6615 Y0.4625
N17975 X1.6617 Y0.3928
N17980 X1.6618 Y0.2881
N17985 X1.6619 Y-0.1305
N17990 Y-0.7934
N17995 X1.6618 Y-0.8283
N18000 X1.6583 Y-0.863
N18005 X1.6474 Y-0.8961
N18010 X1.6297 Y-0.9261
N18015 X1.6063 Y-0.9521
N18020 X1.5788 Y-0.9735
N18025 X1.5484 Y-0.9907
N18030 X1.5387 Y-0.9955
N18035 X1.5298 Y-1.0017
N18040 X1.5217 Y-1.0089
N18045 X1.5202 Y-1.0105
N18050 X1.4964 Y-1.0342
N18055 X1.4779 Y-1.0509
N18060 X1.47 Y-1.0573
N18065 X1.469 Y-1.058
N18070 X1.4383 Y-1.0774
N18075 X1.4249 Y-1.0857
N18080 X1.4224 Y-1.0873
N18085 X1.4192 Y-1.0891
N18090 X1.4162 Y-1.0913
N18095 X1.4137 Y-1.0938
N18100 X1.4122 Y-1.0964 Z-0.4565
N18105 X1.4108 Y-1.0988 Z-0.456
N18110 X1.4094 Y-1.1012 Z-0.4551
N18115 X1.4089 Y-1.1041 Z-0.4537
N18120 X1.4084 Y-1.1068 Z-0.4519
N18125 X1.408 Y-1.1092 Z-0.4498
N18130 Z-0.4497
N18135 X1.4083 Y-1.1116 Z-0.4469
N18140 X1.4086 Y-1.1135 Z-0.4438
N18145 X1.4088 Y-1.1149 Z-0.4404
N18150 X1.4089 Y-1.1157 Z-0.4368
N18155 X1.409 Y-1.116 Z-0.4331
N18160 Z0.1969
N18165 X1.3991 Y1.1265
N18170 Z-0.4094
N18175 Z-0.4331
N18180 X1.3992 Y1.1263 Z-0.4368
N18185 X1.3996 Y1.1255 Z-0.4404
N18190 X1.4003 Y1.1242 Z-0.4438
N18195 X1.4011 Y1.1225 Z-0.447
N18200 X1.4022 Y1.1204 Z-0.4498
N18205 X1.4035 Y1.1179 Z-0.4522
N18210 X1.405 Y1.1151 Z-0.4541
N18215 X1.4065 Y1.112 Z-0.4555
N18220 X1.4082 Y1.1088 Z-0.4564
N18225 X1.4099 Y1.1055 Z-0.4567
N18230 G3 X1.4303 Y1.0823 I0.0555 J0.0284
N18235 G1 X1.462 Y1.0624
N18240 X1.469 Y1.058
N18245 X1.47 Y1.0573
N18250 X1.4779 Y1.0509
N18255 X1.4964 Y1.0342
N18260 X1.5202 Y1.0105
N18265 X1.5254 Y1.0051
N18270 X1.5423 Y0.9867
N18275 X1.5457 Y0.9827
N18280 X1.5485 Y0.9788
N18285 X1.5586 Y0.9629
N18290 X1.5735 Y0.9391
N18295 X1.5784 Y0.9312
N18300 X1.5888 Y0.9132
N18305 X1.5918 Y0.9074
N18310 X1.5968 Y0.8952
N18315 X1.5981 Y0.8916
N18320 X1.6092 Y0.8599
N18325 X1.6174 Y0.8361
N18330 X1.6194 Y0.8282
N18335 X1.6229 Y0.8123
N18340 X1.6285 Y0.7633
N18345 X1.6291 Y0.7568
N18350 X1.6304 Y0.741
N18355 X1.6309 Y0.7331
N18360 Y-0.7331
N18365 X1.6304 Y-0.741
N18370 X1.6291 Y-0.7568
N18375 X1.6283 Y-0.7648
N18380 X1.6229 Y-0.8123
N18385 X1.6194 Y-0.8282
N18390 X1.6174 Y-0.8361
N18395 X1.6092 Y-0.8599
N18400 X1.5981 Y-0.8916
N18405 X1.5968 Y-0.8952
N18410 X1.5918 Y-0.9074
N18415 X1.5888 Y-0.9132
N18420 X1.5784 Y-0.9312
N18425 X1.573 Y-0.94
N18430 X1.5586 Y-0.9629
N18435 X1.5485 Y-0.9788
N18440 X1.5457 Y-0.9827
N18445 X1.5423 Y-0.9867
N18450 X1.5254 Y-1.0051
N18455 X1.5217 Y-1.0089
N18460 X1.5195 Y-1.0118
N18465 X1.5177 Y-1.015
N18470 X1.517 Y-1.0178 Z-0.4565
N18475 X1.5163 Y-1.0206 Z-0.456
N18480 X1.5157 Y-1.0233 Z-0.4551
N18485 X1.5156 Y-1.0248 Z-0.4544
N18490 X1.5162 Y-1.0279 Z-0.4526
N18495 X1.5167 Y-1.0307 Z-0.4503
N18500 X1.5172 Y-1.0332 Z-0.4475
N18505 X1.5179 Y-1.0347 Z-0.445
N18510 X1.5186 Y-1.0359 Z-0.4422
N18515 X1.519 Y-1.0368 Z-0.4392
N18520 X1.5193 Y-1.0374 Z-0.4362
N18525 X1.5194 Y-1.0376 Z-0.4331
N18530 Z0.1969
N18535 X-1.7098 Y-1.3352
N18540 Z-0.5429
N18545 Z-0.5665
N18550 Y-1.335 Z-0.5702
N18555 X-1.7095 Y-1.3341 Z-0.5738
N18560 X-1.7092 Y-1.3327 Z-0.5773
N18565 X-1.7087 Y-1.3309 Z-0.5804
N18570 X-1.7081 Y-1.3285 Z-0.5832
N18575 X-1.7074 Y-1.3258 Z-0.5856
N18580 X-1.7066 Y-1.3227 Z-0.5876
N18585 X-1.7058 Y-1.3194 Z-0.589
N18590 X-1.7049 Y-1.3159 Z-0.5899
N18595 X-1.704 Y-1.3124 Z-0.5902
N18600 G3 X-1.6855 Y-1.1838 I-0.5842 J0.1496
N18605 G1 Y-1.1781
N18610 X-1.7064 Y-1.1502
N18615 X-1.7221 Y-1.119
N18620 X-1.7333 Y-1.086
N18625 X-1.7412 Y-1.052
N18630 X-1.7465 Y-1.0175
N18635 X-1.75 Y-0.9828
N18640 X-1.7523 Y-0.948
N18645 X-1.7537 Y-0.9132
N18650 X-1.7547 Y-0.8783
N18655 X-1.7553 Y-0.8434
N18660 X-1.7557 Y-0.8085
N18665 X-1.7559 Y-0.7736
N18670 X-1.7561 Y-0.7388
N18675 X-1.7562 Y-0.669
N18680 X-1.7563 Y-0.5294
N18685 Y0.7963
N18690 Y0.9707
N18695 X-1.7561 Y0.9794
N18700 X-1.755 Y0.9881
N18705 X-1.7472 Y1.0221
N18710 X-1.7284 Y1.0514
N18715 X-1.7028 Y1.0751
N18720 X-1.6729 Y1.0932
N18725 X-1.6406 Y1.1064
N18730 X-1.607 Y1.1157
N18735 X-1.5727 Y1.1221
N18740 X-1.5381 Y1.1264
N18745 X-1.5033 Y1.1292
N18750 X-1.4685 Y1.1311
N18755 X-1.4336 Y1.1322
N18760 X-1.3988 Y1.133
N18765 X-1.3639 Y1.1335
N18770 X-1.329 Y1.1338
N18775 X-1.2886 Y1.134
N18780 X-1.2855
N18785 X-1.2823 Y1.1342
N18790 X-1.2792 Y1.1345
N18795 X-1.255 Y1.1373
N18800 X-1.2481 Y1.138
N18805 X-1.2243 Y1.1397
N18810 X-1.2085 Y1.1398
N18815 X-0.4873
N18820 X-0.4636 Y1.1394
N18825 X-0.4623 Y1.1392
N18830 X-0.4296 Y1.1368
N18835 X-0.3947 Y1.1358
N18840 X-0.3598 Y1.1353
N18845 X-0.325 Y1.1349
N18850 X-0.2901 Y1.1347
N18855 X-0.2552 Y1.1345
N18860 X-0.1854 Y1.1344
N18865 X-0.0459 Y1.1343
N18870 X0.4209
N18875 X0.4253 Y1.1344
N18880 X0.4297 Y1.1347
N18885 X0.4341 Y1.1353
N18890 X0.4398 Y1.1362
N18895 X0.4557 Y1.1384
N18900 X0.4636 Y1.1394
N18905 X0.4873 Y1.1398
N18910 X1.2164
N18915 X1.2243 Y1.1397
N18920 X1.2322 Y1.1392
N18925 X1.2671 Y1.1384
N18930 X1.302 Y1.1368
N18935 X1.3368 Y1.1359
N18940 X1.3717 Y1.1353
N18945 X1.4066 Y1.1349
N18950 X1.4415 Y1.1347
N18955 X1.4764 Y1.1345
N18960 X1.5462 Y1.1344
N18965 X1.6159 Y1.1343
N18970 X1.6493 Y1.1241
N18975 X1.6778 Y1.1039
N18980 X1.7005 Y1.0775
N18985 X1.7177 Y1.0471
N18990 X1.7302 Y1.0146
N18995 X1.739 Y0.9808
N19000 X1.745 Y0.9464
N19005 X1.749 Y0.9118
N19010 X1.7517 Y0.877
N19015 X1.7534 Y0.8421
N19020 X1.7544 Y0.8073
N19025 X1.7551 Y0.7724
N19030 X1.7556 Y0.7375
N19035 X1.7559 Y0.7026
N19040 X1.756 Y0.6677
N19045 X1.7562 Y0.6329
N19050 X1.7563 Y0.5631
N19055 Y0.3886
N19060 Y-0.4137
N19065 Y-0.9719
N19070 X1.756 Y-0.9806
N19075 X1.7535 Y-0.9979
N19080 X1.7419 Y-1.0308
N19085 X1.7209 Y-1.0586
N19090 X1.6938 Y-1.0807
N19095 X1.6631 Y-1.0973
N19100 X1.6304 Y-1.1094
N19105 X1.5966 Y-1.1178
N19110 X1.5621 Y-1.1235
N19115 X1.5275 Y-1.1273
N19120 X1.4927 Y-1.1298
N19125 X1.4578 Y-1.1315
N19130 X1.4229 Y-1.1325
N19135 X1.3881 Y-1.1331
N19140 X1.3532 Y-1.1336
N19145 X1.3183 Y-1.1338
N19150 X1.2885 Y-1.134
N19155 X1.2854
N19160 X1.2823 Y-1.1342
N19165 X1.2793 Y-1.1345
N19170 X1.255 Y-1.1373
N19175 X1.2481 Y-1.138
N19180 X1.2243 Y-1.1397
N19185 X1.2085 Y-1.1398
N19190 X-1.2164
N19195 X-1.2243 Y-1.1397
N19200 X-1.2322 Y-1.1392
N19205 X-1.2671 Y-1.1384
N19210 X-1.302 Y-1.1368
N19215 X-1.3368 Y-1.1359
N19220 X-1.3717 Y-1.1353
N19225 X-1.4066 Y-1.1349
N19230 X-1.4415 Y-1.1347
N19235 X-1.4764 Y-1.1345
N19240 X-1.5462 Y-1.1344
N19245 X-1.5801 Y-1.1264
N19250 X-1.6104 Y-1.109
N19255 X-1.6357 Y-1.0851
N19260 X-1.6559 Y-1.0566
N19265 X-1.6714 Y-1.0254
N19270 X-1.6829 Y-0.9924
N19275 X-1.6911 Y-0.9585
N19280 X-1.6969 Y-0.9241
N19285 X-1.701 Y-0.8895
N19290 X-1.7037 Y-0.8547
N19295 X-1.7055 Y-0.8198
N19300 X-1.7067 Y-0.785
N19305 X-1.7076 Y-0.7501
N19310 X-1.7081 Y-0.7152
N19315 X-1.7084 Y-0.6803
N19320 X-1.7087 Y-0.6454
N19325 X-1.7088 Y-0.6106
N19330 X-1.709 Y-0.5408
N19335 X-1.7091 Y-0.4361
N19340 Y0.1918
N19345 Y0.4709
N19350 Y0.8896
N19355 X-1.7069 Y0.9244
N19360 X-1.6958 Y0.9575
N19365 X-1.6771 Y0.9869
N19370 X-1.6526 Y1.0117
N19375 X-1.624 Y1.0317
N19380 X-1.5927 Y1.0473
N19385 X-1.5599 Y1.059
N19390 X-1.5261 Y1.0675
N19395 X-1.4917 Y1.0737
N19400 X-1.4571 Y1.078
N19405 X-1.4545 Y1.0782
N19410 X-1.4421 Y1.0802
N19415 X-1.4302 Y1.0839
N19420 X-1.4189 Y1.0893
N19425 X-1.4043 Y1.0976
N19430 X-1.3986 Y1.1008
N19435 X-1.3828 Y1.1069
N19440 X-1.3749 Y1.1097
N19445 X-1.3511 Y1.118
N19450 X-1.3273 Y1.1262
N19455 X-1.3194 Y1.1283
N19460 X-1.3036 Y1.1315
N19465 X-1.2956 Y1.1327
N19470 X-1.2792 Y1.1345
N19475 G3 X-1.2661 Y1.141 Z-0.587 I-0.0035 J0.0234
N19480 G2 X-1.2499 Y1.1563 Z-0.5823 I0.3979 J-0.406
N19485 X-1.1475 Y1.2302 I0.3818 J-0.4212
N19490 X-1.136 Y1.2332 I0.0116 J-0.0206
N19495 G1 X-0.606 Y1.2362
N19500 G2 X-0.5945 Y1.2333 I0.0001 J-0.0236
N19505 X-0.4916 Y1.1609 I-0.2737 J-0.4982
N19510 X-0.4748 Y1.1455 Z-0.5871 I-0.3766 J-0.4259
N19515 G3 X-0.4623 Y1.1392 Z-0.5902 I0.0163 J0.0171
N19520 G1 X-0.4557 Y1.1384
N19525 X-0.4398 Y1.1362
N19530 X-0.424 Y1.1337
N19535 X-0.416 Y1.1324
N19540 X-0.4081 Y1.1308
N19545 X-0.4016 Y1.1293
N19550 X-0.3923 Y1.1263
N19555 X-0.3843 Y1.1228
N19560 X-0.3764 Y1.1191
N19565 X-0.3662 Y1.1149
N19570 X-0.3566 Y1.1115
N19575 X-0.3446 Y1.1079
N19580 X-0.3292 Y1.1041
N19585 X-0.3087 Y1.1001
N19590 X-0.2799 Y1.0959
N19595 X-0.2451 Y1.0926
N19600 X-0.2103 Y1.0905
N19605 X-0.1754 Y1.0892
N19610 X-0.1406 Y1.0884
N19615 X-0.1057 Y1.0879
N19620 X-0.0708 Y1.0876
N19625 X-0.0359 Y1.0874
N19630 X-0.001 Y1.0873
N19635 X0.0687 Y1.0871
N19640 X0.2083
N19645 X0.292 Y1.087
N19650 X0.3075 Y1.0884
N19655 X0.3226 Y1.0924
N19660 X0.3368 Y1.0989
N19665 X0.3447 Y1.1033
N19670 X0.3645 Y1.1135
N19675 X0.3685 Y1.1154
N19680 X0.3843 Y1.1228
N19685 X0.3923 Y1.1263
N19690 X0.4016 Y1.1293
N19695 X0.4081 Y1.1308
N19700 X0.416 Y1.1324
N19705 X0.4341 Y1.1353
N19710 G3 X0.4538 Y1.1622 Z-0.5823 I-0.0036 J0.0233
N19715 X0.4303 Y1.1823 I-0.0233 J-0.0036
N19720 G1 X-0.3802 Y1.1765
N19725 G3 X-0.4022 Y1.1448 I0.0002 J-0.0236
N19730 G1 X-0.4011 Y1.1421 Z-0.5829
N19735 X-0.3996 Y1.1396 Z-0.5835
N19740 X-0.399 Y1.1388 Z-0.5837
N19745 G3 X-0.3764 Y1.1191 Z-0.5902 I0.051 J0.0358
N19750 G1 X-0.3685 Y1.1154
N19755 X-0.3645 Y1.1135
N19760 X-0.3447 Y1.1033
N19765 X-0.3368 Y1.0989
N19770 X-0.3348 Y1.0976
N19775 X-0.3289 Y1.0939
N19780 X-0.3259 Y1.0916
N19785 X-0.3193 Y1.087
N19790 X-0.3141 Y1.0838
N19795 X-0.3077 Y1.0802
N19800 X-0.3007 Y1.0768
N19805 X-0.2921 Y1.073
N19810 X-0.2814 Y1.069
N19815 X-0.2689 Y1.0649
N19820 X-0.2528 Y1.0605
N19825 X-0.2326 Y1.0561
N19830 X-0.2055 Y1.0515
N19835 X-0.1708 Y1.0474
N19840 X-0.1361 Y1.0448
N19845 X-0.1012 Y1.043
N19850 X-0.0663 Y1.0419
N19855 X-0.0315 Y1.0412
N19860 X0.0034 Y1.0407
N19865 X0.0383 Y1.0404
N19870 X0.0732 Y1.0402
N19875 X0.1081 Y1.0401
N19880 X0.1779 Y1.0399
N19885 X0.2127
N19890 X0.237 Y1.0401
N19895 X0.2504 Y1.0413
N19900 X0.2634 Y1.0445
N19905 X0.2758 Y1.0497
N19910 X0.2872 Y1.0567
N19915 X0.2975 Y1.0655
N19920 X0.3058 Y1.0739
N19925 X0.313 Y1.0807
N19930 G3 X0.3126 Y1.1141 Z-0.5823 I-0.0169 J0.0165
N19935 X0.2966 Y1.1208 I-0.0165 J-0.0169
N19940 G1 X-0.3103 Y1.1334
N19945 G3 X-0.3291 Y1.1248 I-0.0005 J-0.0236
N19950 X-0.3259 Y1.0916 Z-0.5902 I0.0182 J-0.015
N19955 G1 X-0.3209 Y1.0878
N19960 X-0.3141 Y1.0818
N19965 X-0.3058 Y1.0739
N19970 X-0.2933 Y1.0612
N19975 X-0.2875 Y1.056
N19980 X-0.283 Y1.0522
N19985 X-0.2782 Y1.0487
N19990 X-0.2722 Y1.0447
N19995 X-0.2655 Y1.0408
N20000 X-0.2579 Y1.0367
N20005 X-0.2482 Y1.0321
N20010 X-0.2373 Y1.0276
N20015 X-0.2244 Y1.023
N20020 X-0.2085 Y1.0182
N20025 X-0.189 Y1.0133
N20030 X-0.1643 Y1.0083
N20035 X-0.1305 Y1.0033
N20040 X-0.0958 Y0.9998
N20045 X-0.061 Y0.9974
N20050 X-0.0261 Y0.9959
N20055 X0.0087 Y0.9948
N20060 X0.0436 Y0.9941
N20065 X0.0785 Y0.9936
N20070 X0.1134 Y0.9932
N20075 X0.1483 Y0.993
N20080 X0.1817
N20085 X0.2002 Y0.9939
N20090 X0.2085 Y0.9947
N20095 X0.2233 Y0.9976
N20100 X0.2373 Y1.0032
N20105 X0.25 Y1.0114
N20110 X0.2609 Y1.0219
N20115 X0.2696 Y1.0342
N20120 X0.2734 Y1.0394
N20125 X0.2813 Y1.0491
N20130 X0.2901 Y1.058
N20135 X0.2975 Y1.0655
N20140 G3 X0.2963 Y1.0988 Z-0.5823 I-0.0173 J0.0161
N20145 X0.28 Y1.1052 I-0.0161 J-0.0173
N20150 G1 X-0.2761 Y1.1009
N20155 G3 X-0.292 Y1.0946 I0.0002 J-0.0236
N20160 X-0.2933 Y1.0612 Z-0.5902 I0.0161 J-0.0173
N20165 G1 X-0.2813 Y1.0491
N20170 X-0.2734 Y1.0394
N20175 X-0.2696 Y1.0342
N20180 X-0.2689 Y1.033
N20185 X-0.2657 Y1.0281
N20190 X-0.2619 Y1.0235
N20195 X-0.2578 Y1.0193
N20200 X-0.2534 Y1.0153
N20205 X-0.2484 Y1.0112
N20210 X-0.2431 Y1.0072
N20215 X-0.2364 Y1.0028
N20220 X-0.2288 Y0.9982
N20225 X-0.2202 Y0.9936
N20230 X-0.2092 Y0.9884
N20235 X-0.1974 Y0.9835
N20240 X-0.183 Y0.9783
N20245 X-0.166 Y0.9731
N20250 X-0.1447 Y0.9677
N20255 X-0.1185 Y0.9624
N20260 X-0.084 Y0.9571
N20265 X-0.0493 Y0.9535
N20270 X-0.0146 Y0.951
N20275 X0.0203 Y0.9492
N20280 X0.0552 Y0.948
N20285 X0.09 Y0.9472
N20290 X0.1249 Y0.9467
N20295 X0.1502 Y0.947
N20300 X0.166 Y0.948
N20305 X0.1793 Y0.9495
N20310 X0.1859 Y0.9506
N20315 X0.1991 Y0.9538
N20320 X0.2116 Y0.959
N20325 X0.2231 Y0.9661
N20330 X0.2334 Y0.9749
N20335 X0.2422 Y0.9852
N20340 X0.2492 Y0.9968
N20345 X0.2575 Y1.0131
N20350 X0.2605 Y1.0184
N20355 X0.2696 Y1.0342
N20360 G3 X0.2597 Y1.0661 Z-0.5823 I-0.0209 J0.011
N20365 X0.2486 Y1.0689 I-0.011 J-0.0209
N20370 G1 X-0.2481 Y1.0677
N20375 G3 X-0.259 Y1.0649 I0.0001 J-0.0236
N20380 X-0.2689 Y1.033 Z-0.5902 I0.011 J-0.0209
N20385 G1 X-0.2605 Y1.0184
N20390 X-0.2575 Y1.0131
N20395 X-0.2522 Y1.0025
N20400 X-0.2492 Y0.9974
N20405 X-0.2459 Y0.9925
N20410 X-0.2422 Y0.9879
N20415 X-0.2383 Y0.9835
N20420 X-0.2341 Y0.9793
N20425 X-0.2291 Y0.9748
N20430 X-0.2237 Y0.9704
N20435 X-0.2171 Y0.9655
N20440 X-0.2096 Y0.9605
N20445 X-0.2011 Y0.9554
N20450 X-0.1907 Y0.9499
N20455 X-0.1795 Y0.9446
N20460 X-0.1651 Y0.9387
N20465 X-0.15 Y0.9332
N20470 X-0.1306 Y0.9274
N20475 X-0.1081 Y0.9217
N20480 X-0.0795 Y0.9159
N20485 X-0.045 Y0.9108
N20490 X-0.0103 Y0.9071
N20495 X0.0245 Y0.9045
N20500 X0.0593 Y0.9026
N20505 X0.0942 Y0.9016
N20510 X0.1194 Y0.9019
N20515 X0.1379 Y0.903
N20520 X0.1508 Y0.9044
N20525 X0.163 Y0.9063
N20530 X0.1726 Y0.9084
N20535 X0.1756 Y0.9092
N20540 X0.1896 Y0.9141
N20545 X0.2025 Y0.9214
N20550 X0.214 Y0.9307
N20555 X0.2237 Y0.9419
N20560 X0.2314 Y0.9546
N20565 X0.2368 Y0.9684
N20570 G3 X0.2199 Y0.9971 Z-0.5823 I-0.0229 J0.0059
N20575 G1 X0.2179 Y0.9976
N20580 X0.216 Y0.9978
N20585 X-0.2287 Y1.036
N20590 G3 X-0.2407 Y1.0339 I-0.002 J-0.0235
N20595 X-0.2522 Y1.0025 Z-0.5902 I0.01 J-0.0214
N20600 G1 X-0.2481 Y0.9946
N20605 X-0.2442 Y0.9867
N20610 X-0.2405 Y0.9788
N20615 X-0.2381 Y0.9724
N20620 X-0.2358 Y0.967
N20625 X-0.2331 Y0.9618
N20630 X-0.2299 Y0.9568
N20635 X-0.2265 Y0.952
N20640 X-0.2227 Y0.9474
N20645 X-0.2187 Y0.943
N20650 X-0.2139 Y0.9383
N20655 X-0.2086 Y0.9335
N20660 X-0.2023 Y0.9284
N20665 X-0.1951 Y0.9231
N20670 X-0.1868 Y0.9176
N20675 X-0.1773 Y0.9119
N20680 X-0.1664 Y0.9062
N20685 X-0.1535 Y0.9001
N20690 X-0.139 Y0.8941
N20695 X-0.1214 Y0.8879
N20700 X-0.1011 Y0.8817
N20705 X-0.0768 Y0.8756
N20710 X-0.046 Y0.8695
N20715 X-0.0115 Y0.8644
N20720 X0.0232 Y0.8607
N20725 X0.058 Y0.8584
N20730 X0.085 Y0.8578
N20735 X0.1066 Y0.8584
N20740 X0.1219 Y0.8596
N20745 X0.1363 Y0.8614
N20750 X0.1467 Y0.8633
N20755 X0.1577 Y0.8658
N20760 X0.1662 Y0.8682
N20765 X0.1747 Y0.871
N20770 X0.1759 Y0.8715
N20775 X0.1895 Y0.8781
N20780 X0.2016 Y0.887
N20785 X0.2121 Y0.8978
N20790 X0.2205 Y0.9103
N20795 X0.2266 Y0.9241
N20800 X0.2302 Y0.9387
N20805 X0.2318 Y0.947
N20810 X0.2352 Y0.9629
N20815 X0.2368 Y0.9684
N20820 G3 X0.2199 Y0.9971 Z-0.5823 I-0.0229 J0.0059
N20825 G1 X0.2171 Y0.9977
N20830 X0.2143 Y0.9979
N20835 X-0.2155 Y1.0036
N20840 X-0.2181 Y1.0035
N20845 X-0.2208 Y1.0031
N20850 X-0.2234 Y1.0024
N20855 G3 X-0.2381 Y0.9724 Z-0.5902 I0.0076 J-0.0224
N20860 G1 X-0.2375 Y0.9708
N20865 X-0.2352 Y0.9629
N20870 X-0.2318 Y0.947
N20875 X-0.2304 Y0.9413
N20880 X-0.2285 Y0.9357
N20885 X-0.226 Y0.9304
N20890 X-0.2232 Y0.9252
N20895 X-0.22 Y0.9202
N20900 X-0.2166 Y0.9154
N20905 X-0.2127 Y0.9105
N20910 X-0.2084 Y0.9057
N20915 X-0.2031 Y0.9003
N20920 X-0.1974 Y0.8951
N20925 X-0.1905 Y0.8892
N20930 X-0.183 Y0.8836
N20935 X-0.1739 Y0.8773
N20940 X-0.1642 Y0.8713
N20945 X-0.1524 Y0.8648
N20950 X-0.1395 Y0.8585
N20955 X-0.1238 Y0.8517
N20960 X-0.1064 Y0.8452
N20965 X-0.0857 Y0.8386
N20970 X-0.0609 Y0.832
N20975 X-0.0328 Y0.8259
N20980 X-0.0028 Y0.821
N20985 X0.026 Y0.8176
N20990 X0.0514 Y0.816
N20995 X0.0742 Y0.8156
N21000 X0.0933 Y0.8161
N21005 X0.1105 Y0.8175
N21010 X0.124 Y0.8193
N21015 X0.1366 Y0.8215
N21020 X0.147 Y0.8239
N21025 X0.156 Y0.8265
N21030 X0.1655 Y0.8296
N21035 X0.1728 Y0.8325
N21040 X0.1747 Y0.8333
N21045 X0.188 Y0.8407
N21050 X0.1998 Y0.8503
N21055 X0.2097 Y0.8619
N21060 X0.2174 Y0.8749
N21065 X0.2228 Y0.8892
N21070 X0.2255 Y0.9041
N21075 X0.2266 Y0.9153
N21080 X0.2278 Y0.9233
N21085 X0.2302 Y0.9387
N21090 G3 X0.2097 Y0.965 Z-0.5823 I-0.0234 J0.0029
N21095 G1 X0.2073 Y0.9652
N21100 X-0.208 Y0.9743
N21105 X-0.2101
N21110 X-0.2122 Y0.9741
N21115 G3 X-0.2318 Y0.947 Z-0.5902 I0.0037 J-0.0233
N21120 G1 X-0.2303 Y0.9391
N21125 X-0.2278 Y0.9233
N21130 X-0.2266 Y0.9153
N21135 X-0.2258 Y0.9095
N21140 X-0.2241 Y0.9039
N21145 X-0.2219 Y0.8984
N21150 X-0.2193 Y0.8931
N21155 X-0.2164 Y0.8879
N21160 X-0.2132 Y0.8829
N21165 X-0.2095 Y0.8778
N21170 X-0.2054 Y0.8726
N21175 X-0.2005 Y0.867
N21180 X-0.1951 Y0.8614
N21185 X-0.1887 Y0.8554
N21190 X-0.1813 Y0.8491
N21195 X-0.1732 Y0.8428
N21200 X-0.1634 Y0.8361
N21205 X-0.1531 Y0.8296
N21210 X-0.1403 Y0.8224
N21215 X-0.1268 Y0.8157
N21220 X-0.1105 Y0.8085
N21225 X-0.0922 Y0.8015
N21230 X-0.0723 Y0.795
N21235 X-0.0498 Y0.7889
N21240 X-0.0261 Y0.7836
N21245 X-0.002 Y0.7795
N21250 X0.0215 Y0.7766
N21255 X0.0441 Y0.7749
N21260 X0.0647 Y0.7745
N21265 X0.0829 Y0.7749
N21270 X0.0996 Y0.7761
N21275 X0.1149 Y0.778
N21280 X0.1269 Y0.7801
N21285 X0.1388 Y0.7827
N21290 X0.1487 Y0.7854
N21295 X0.1571 Y0.7882
N21300 X0.1662 Y0.7917
N21305 X0.1733 Y0.7948
N21310 X0.1765 Y0.7964
N21315 X0.19 Y0.8048
N21320 X0.2018 Y0.8156
N21325 X0.2114 Y0.8283
N21330 X0.2186 Y0.8426
N21335 X0.2229 Y0.858
N21340 X0.2244 Y0.8739
N21345 Y0.8916
N21350 X0.2253 Y0.902
N21355 X0.2255 Y0.9041
N21360 G3 X0.2034 Y0.9291 Z-0.5823 I-0.0236 J0.0014
N21365 G1 X0.2026 Y0.9292
N21370 X-0.2024 Y0.9404
N21375 X-0.2045
N21380 G3 X-0.2266 Y0.9153 Z-0.5902 I0.0015 J-0.0236
N21385 G1 X-0.2251 Y0.8995
N21390 X-0.2244 Y0.8916
N21395 Y0.8892
N21400 X-0.2241 Y0.8833
N21405 X-0.2232 Y0.8774
N21410 X-0.2218 Y0.8717
N21415 X-0.2198 Y0.8661
N21420 X-0.2175 Y0.8607
N21425 X-0.2149 Y0.8554
N21430 X-0.212 Y0.8503
N21435 X-0.2085 Y0.845
N21440 X-0.2047 Y0.8396
N21445 X-0.2001 Y0.8338
N21450 X-0.1949 Y0.8278
N21455 X-0.189 Y0.8216
N21460 X-0.1819 Y0.8149
N21465 X-0.1744 Y0.8085
N21470 X-0.1653 Y0.8014
N21475 X-0.1554 Y0.7945
N21480 X-0.1441 Y0.7874
N21485 X-0.131 Y0.78
N21490 X-0.1172 Y0.773
N21495 X-0.1012 Y0.766
N21500 X-0.0833 Y0.7591
N21505 X-0.0642 Y0.7528
N21510 X-0.0444 Y0.7473
N21515 X-0.0233 Y0.7425
N21520 X-0.0018 Y0.7388
N21525 X0.0194 Y0.7361
N21530 X0.0399 Y0.7346
N21535 X0.0588 Y0.7341
N21540 X0.0766 Y0.7345
N21545 X0.0933 Y0.7356
N21550 X0.1083 Y0.7374
N21555 X0.122 Y0.7398
N21560 X0.1331 Y0.7422
N21565 X0.1447 Y0.7454
N21570 X0.154 Y0.7484
N21575 X0.162 Y0.7514
N21580 X0.1709 Y0.7553
N21585 X0.1779 Y0.7588
N21590 X0.18 Y0.7599
N21595 X0.1926 Y0.7685
N21600 X0.2036 Y0.7792
N21605 X0.2125 Y0.7917
N21610 X0.219 Y0.8055
N21615 X0.2231 Y0.8203
N21620 X0.2244 Y0.8356
N21625 Y0.8739
N21630 G3 X0.2017 Y0.8966 Z-0.5826 I-0.0236 J-0.0008
N21635 G1 X0.2 Y0.8967 Z-0.5823
N21640 X-0.1999 Y0.912
N21645 X-0.2
N21650 G3 X-0.2244 Y0.8892 Z-0.5902 I-0.0008 J-0.0236
N21655 G1 Y0.8575
N21660 X-0.2241 Y0.8516
N21665 X-0.2234 Y0.8457
N21670 X-0.2222 Y0.8399
N21675 X-0.2205 Y0.8343
N21680 X-0.2184 Y0.8287
N21685 X-0.216 Y0.8234
N21690 X-0.2133 Y0.8181
N21695 X-0.2101 Y0.8126
N21700 X-0.2065 Y0.8069
N21705 X-0.2023 Y0.801
N21710 X-0.1973 Y0.7946
N21715 X-0.1917 Y0.7883
N21720 X-0.1851 Y0.7814
N21725 X-0.1779 Y0.7746
N21730 X-0.1697 Y0.7676
N21735 X-0.1601 Y0.7601
N21740 X-0.1499 Y0.753
N21745 X-0.1381 Y0.7456
N21750 X-0.1248 Y0.7381
N21755 X-0.1108 Y0.7311
N21760 X-0.0953 Y0.7243
N21765 X-0.0782 Y0.7177
N21770 X-0.0598 Y0.7117
N21775 X-0.0406 Y0.7064
N21780 X-0.021 Y0.702
N21785 X-0.0012 Y0.6985
N21790 X0.0185 Y0.6961
N21795 X0.0376 Y0.6947
N21800 X0.0562 Y0.6942
N21805 X0.0736 Y0.6946
N21810 X0.0903 Y0.6958
N21815 X0.1052 Y0.6976
N21820 X0.1192 Y0.7
N21825 X0.132 Y0.7028
N21830 X0.1423 Y0.7056
N21835 X0.1532 Y0.7091
N21840 X0.1614 Y0.7123
N21845 X0.1697 Y0.7159
N21850 X0.1777 Y0.7199
N21855 X0.1801 Y0.7212
N21860 X0.1927 Y0.7298
N21865 X0.2036 Y0.7405
N21870 X0.2125 Y0.753
N21875 X0.219 Y0.7668
N21880 X0.2231 Y0.7816
N21885 X0.2244 Y0.7968
N21890 Y0.8356
N21895 G3 X0.2021 Y0.8583 Z-0.5827 I-0.0236 J-0.0008
N21900 G1 X0.2 Y0.8584 Z-0.5823
N21905 X-0.1995 Y0.8802
N21910 X-0.2 Y0.8803
N21915 G3 X-0.2244 Y0.8575 Z-0.5902 I-0.0008 J-0.0236
N21920 G1 Y0.8202
N21925 X-0.2241 Y0.8143
N21930 X-0.2233 Y0.8085
N21935 X-0.222 Y0.8027
N21940 X-0.2202 Y0.7971
N21945 X-0.2182 Y0.7916
N21950 X-0.2158 Y0.7862
N21955 X-0.213 Y0.7806
N21960 X-0.2098 Y0.775
N21965 X-0.206 Y0.769
N21970 X-0.2015 Y0.7626
N21975 X-0.1965 Y0.7563
N21980 X-0.1906 Y0.7494
N21985 X-0.184 Y0.7425
N21990 X-0.1766 Y0.7354
N21995 X-0.168 Y0.728
N22000 X-0.1587 Y0.7206
N22005 X-0.1483 Y0.7133
N22010 X-0.1364 Y0.7057
N22015 X-0.1233 Y0.6983
N22020 X-0.1096 Y0.6913
N22025 X-0.0943 Y0.6844
N22030 X-0.0778 Y0.678
N22035 X-0.0602 Y0.6721
N22040 X-0.0419 Y0.6669
N22045 X-0.0231 Y0.6625
N22050 X-0.004 Y0.6591
N22055 X0.015 Y0.6566
N22060 X0.0337 Y0.6551
N22065 X0.052 Y0.6546
N22070 X0.0695 Y0.6548
N22075 X0.0861 Y0.6559
N22080 X0.1018 Y0.6577
N22085 X0.1159 Y0.6601
N22090 X0.1293 Y0.6629
N22095 X0.14 Y0.6658
N22100 X0.1512 Y0.6693
N22105 X0.1599 Y0.6726
N22110 X0.168 Y0.6761
N22115 X0.1764 Y0.6802
N22120 X0.1832 Y0.684
N22125 X0.195 Y0.6927
N22130 X0.2052 Y0.7033
N22135 X0.2134 Y0.7155
N22140 X0.2195 Y0.7289
N22145 X0.2232 Y0.7431
N22150 X0.2244 Y0.7577
N22155 Y0.7968
N22160 G3 X0.2022 Y0.8196 Z-0.5827 I-0.0236 J-0.0008
N22165 G1 X0.2 Y0.8197 Z-0.5823
N22170 X-0.1994 Y0.843
N22175 X-0.2
N22180 G3 X-0.2244 Y0.8202 Z-0.5902 I-0.0008 J-0.0236
N22185 G1 Y0.7842
N22190 X-0.2241 Y0.7783
N22195 X-0.2234 Y0.7724
N22200 X-0.2222 Y0.7666
N22205 X-0.2206 Y0.761
N22210 X-0.2187 Y0.7554
N22215 X-0.2164 Y0.7499
N22220 X-0.2138 Y0.7444
N22225 X-0.2108 Y0.7388
N22230 X-0.2071 Y0.7326
N22235 X-0.203 Y0.7265
N22240 X-0.198 Y0.7199
N22245 X-0.1924 Y0.713
N22250 X-0.1861 Y0.7061
N22255 X-0.1788 Y0.6988
N22260 X-0.1707 Y0.6914
N22265 X-0.1618 Y0.6841
N22270 X-0.1516 Y0.6765
N22275 X-0.1402 Y0.6689
N22280 X-0.1281 Y0.6616
N22285 X-0.1147 Y0.6544
N22290 X-0.1 Y0.6474
N22295 X-0.0842 Y0.6408
N22300 X-0.0675 Y0.6348
N22305 X-0.0502 Y0.6295
N22310 X-0.0322 Y0.6249
N22315 X-0.0137 Y0.6211
N22320 X0.0051 Y0.6182
N22325 X0.024 Y0.6162
N22330 X0.0425 Y0.6152
N22335 X0.0604 Y0.6151
N22340 X0.0772 Y0.6158
N22345 X0.0933 Y0.6173
N22350 X0.1084 Y0.6194
N22355 X0.1224 Y0.6221
N22360 X0.1352 Y0.6252
N22365 X0.1453 Y0.6281
N22370 X0.1558 Y0.6318
N22375 X0.1643 Y0.6352
N22380 X0.172 Y0.6388
N22385 X0.1801 Y0.643
N22390 X0.1815 Y0.6438
N22395 X0.1938 Y0.6525
N22400 X0.2044 Y0.6632
N22405 X0.2129 Y0.6755
N22410 X0.2192 Y0.6891
N22415 X0.2231 Y0.7036
N22420 X0.2244 Y0.7186
N22425 Y0.7577
N22430 G3 X0.2024 Y0.7805 Z-0.5828 I-0.0236 J-0.0008
N22435 G1 X0.2 Y0.7806 Z-0.5823
N22440 X-0.1992 Y0.8069
N22445 X-0.2 Y0.807
N22450 G3 X-0.2244 Y0.7842 Z-0.5902 I-0.0008 J-0.0236
N22455 G1 Y0.7446
N22460 X-0.2241 Y0.7387
N22465 X-0.2233 Y0.7328
N22470 X-0.222 Y0.727
N22475 X-0.2204 Y0.7214
N22480 X-0.2184 Y0.7158
N22485 X-0.2161 Y0.7104
N22490 X-0.2134 Y0.7048
N22495 X-0.2101 Y0.6988
N22500 X-0.2065 Y0.6928
N22505 X-0.202 Y0.6862
N22510 X-0.197 Y0.6796
N22515 X-0.1913 Y0.6727
N22520 X-0.1846 Y0.6654
N22525 X-0.1773 Y0.6583
N22530 X-0.1691 Y0.6509
N22535 X-0.1596 Y0.6431
N22540 X-0.1494 Y0.6357
N22545 X-0.1382 Y0.6283
N22550 X-0.1257 Y0.6209
N22555 X-0.112 Y0.6136
N22560 X-0.0975 Y0.6068
N22565 X-0.0822 Y0.6005
N22570 X-0.0658 Y0.5947
N22575 X-0.0484 Y0.5894
N22580 X-0.0303 Y0.5849
N22585 X-0.0118 Y0.5813
N22590 X0.0068 Y0.5785
N22595 X0.0254 Y0.5767
N22600 X0.0438 Y0.5758
N22605 X0.0617
N22610 X0.079 Y0.5766
N22615 X0.0949 Y0.5782
N22620 X0.1096 Y0.5803
N22625 X0.1235 Y0.583
N22630 X0.136 Y0.5861
N22635 X0.1463 Y0.5892
N22640 X0.1568 Y0.5929
N22645 X0.1647 Y0.5962
N22650 X0.1732 Y0.6002
N22655 X0.1807 Y0.6041
N22660 X0.182 Y0.6049
N22665 X0.1941 Y0.6136
N22670 X0.2046 Y0.6242
N22675 X0.213 Y0.6365
N22680 X0.2193 Y0.6501
N22685 X0.2231 Y0.6645
N22690 X0.2244 Y0.6794
N22695 Y0.7186
N22700 G3 X0.2023 Y0.7413 Z-0.5828 I-0.0236 J-0.0008
N22705 G1 X0.2 Y0.7415 Z-0.5823
N22710 X-0.1993 Y0.7673
N22715 X-0.2
N22720 G3 X-0.2244 Y0.7446 Z-0.5902 I-0.0008 J-0.0236
N22725 G1 Y0.7069
N22730 X-0.2241 Y0.701
N22735 X-0.2234 Y0.6951
N22740 X-0.2223 Y0.6893
N22745 X-0.2207 Y0.6836
N22750 X-0.2188 Y0.6781
N22755 X-0.2166 Y0.6726
N22760 X-0.2139 Y0.6669
N22765 X-0.2109 Y0.6612
N22770 X-0.2072 Y0.655
N22775 X-0.203 Y0.6486
N22780 X-0.1982 Y0.642
N22785 X-0.1925 Y0.6349
N22790 X-0.1863 Y0.628
N22795 X-0.1791 Y0.6207
N22800 X-0.1709 Y0.6131
N22805 X-0.162 Y0.6057
N22810 X-0.1522 Y0.5983
N22815 X-0.1411 Y0.5907
N22820 X-0.1288 Y0.5832
N22825 X-0.116 Y0.5762
N22830 X-0.102 Y0.5693
N22835 X-0.0867 Y0.5628
N22840 X-0.0704 Y0.5567
N22845 X-0.0532 Y0.5513
N22850 X-0.0354 Y0.5466
N22855 X-0.0172 Y0.5428
N22860 X0.0013 Y0.5398
N22865 X0.0199 Y0.5377
N22870 X0.0382 Y0.5365
N22875 X0.0561 Y0.5362
N22880 X0.0733 Y0.5368
N22885 X0.0896 Y0.5382
N22890 X0.1052 Y0.5403
N22895 X0.1194 Y0.5428
N22900 X0.1325 Y0.5459
N22905 X0.143 Y0.5489
N22910 X0.1539 Y0.5526
N22915 X0.1625 Y0.556
N22920 X0.1705 Y0.5596
N22925 X0.1787 Y0.5637
N22930 X0.1809 Y0.565
N22935 X0.1933 Y0.5737
N22940 X0.204 Y0.5844
N22945 X0.2127 Y0.5967
N22950 X0.2192 Y0.6105
N22955 X0.2231 Y0.6251
N22960 X0.2244 Y0.6402
N22965 Y0.6794
N22970 G3 X0.2024 Y0.7021 Z-0.5828 I-0.0236 J-0.0008
N22975 G1 X0.2 Y0.7023 Z-0.5823
N22980 X-0.1992 Y0.7296
N22985 X-0.2 Y0.7297
N22990 G3 X-0.2244 Y0.7069 Z-0.5902 I-0.0008 J-0.0236
N22995 G1 Y0.6673
N23000 X-0.2241 Y0.6614
N23005 X-0.2234 Y0.6555
N23010 X-0.2222 Y0.6497
N23015 X-0.2206 Y0.644
N23020 X-0.2187 Y0.6385
N23025 X-0.2165 Y0.633
N23030 X-0.2138 Y0.6274
N23035 X-0.2107 Y0.6214
N23040 X-0.2071 Y0.6154
N23045 X-0.2027 Y0.6088
N23050 X-0.1979 Y0.6022
N23055 X-0.1923 Y0.5953
N23060 X-0.1857 Y0.588
N23065 X-0.1787 Y0.5809
N23070 X-0.1706 Y0.5735
N23075 X-0.1614 Y0.5658
N23080 X-0.1516 Y0.5584
N23085 X-0.1407 Y0.551
N23090 X-0.1285 Y0.5435
N23095 X-0.1151 Y0.5362
N23100 X-0.101 Y0.5294
N23105 X-0.086 Y0.523
N23110 X-0.0699 Y0.5171
N23115 X-0.0529 Y0.5118
N23120 X-0.0351 Y0.5071
N23125 X-0.0169 Y0.5033
N23130 X0.0016 Y0.5003
N23135 X0.0201 Y0.4983
N23140 X0.0385 Y0.4971
N23145 X0.0565 Y0.4969
N23150 X0.074 Y0.4976
N23155 X0.0904 Y0.4989
N23160 X0.1056 Y0.501
N23165 X0.1196 Y0.5036
N23170 X0.1327 Y0.5067
N23175 X0.1432 Y0.5097
N23180 X0.1542 Y0.5134
N23185 X0.1625 Y0.5167
N23190 X0.1709 Y0.5205
N23195 X0.1789 Y0.5246
N23200 X0.1811 Y0.5259
N23205 X0.1934 Y0.5345
N23210 X0.2041 Y0.5452
N23215 X0.2128 Y0.5576
N23220 X0.2192 Y0.5712
N23225 X0.2231 Y0.5858
N23230 X0.2244 Y0.6009
N23235 Y0.6402
N23240 G3 X0.2024 Y0.6629 Z-0.5828 I-0.0236 J-0.0008
N23245 G1 X0.2 Y0.6631 Z-0.5823
N23250 X-0.1992 Y0.69
N23255 X-0.2 Y0.6901
N23260 G3 X-0.2244 Y0.6673 Z-0.5902 I-0.0008 J-0.0236
N23265 G1 Y0.6276
N23270 X-0.2241 Y0.6218
N23275 X-0.2234 Y0.6159
N23280 X-0.2222 Y0.6101
N23285 X-0.2206 Y0.6044
N23290 X-0.2186 Y0.5988
N23295 X-0.2164 Y0.5934
N23300 X-0.2137 Y0.5877
N23305 X-0.2106 Y0.5818
N23310 X-0.2069 Y0.5757
N23315 X-0.2025 Y0.5691
N23320 X-0.1977 Y0.5625
N23325 X-0.192 Y0.5556
N23330 X-0.1855 Y0.5483
N23335 X-0.1784 Y0.5411
N23340 X-0.1702 Y0.5337
N23345 X-0.161 Y0.526
N23350 X-0.1511 Y0.5186
N23355 X-0.1402 Y0.5112
N23360 X-0.128 Y0.5038
N23365 X-0.1146 Y0.4965
N23370 X-0.1005 Y0.4897
N23375 X-0.0856 Y0.4834
N23380 X-0.0695 Y0.4775
N23385 X-0.0525 Y0.4722
N23390 X-0.0348 Y0.4676
N23395 X-0.0165 Y0.4638
N23400 X0.0021 Y0.4609
N23405 X0.0207 Y0.4589
N23410 X0.039 Y0.4578
N23415 X0.057 Y0.4576
N23420 X0.0744 Y0.4582
N23425 X0.0908 Y0.4597
N23430 X0.1059 Y0.4617
N23435 X0.12 Y0.4643
N23440 X0.1331 Y0.4674
N23445 X0.1435 Y0.4705
N23450 X0.1545 Y0.4742
N23455 X0.1628 Y0.4775
N23460 X0.1712 Y0.4814
N23465 X0.1791 Y0.4854
N23470 X0.1812 Y0.4866
N23475 X0.1935 Y0.4953
N23480 X0.2042 Y0.506
N23485 X0.2128 Y0.5183
N23490 X0.2192 Y0.532
N23495 X0.2231 Y0.5466
N23500 X0.2244 Y0.5616
N23505 Y0.6009
N23510 G3 X0.2024 Y0.6236 Z-0.5828 I-0.0236 J-0.0008
N23515 G1 X0.2 Y0.6238 Z-0.5823
N23520 X-0.1992 Y0.6504
N23525 X-0.2
N23530 G3 X-0.2244 Y0.6276 Z-0.5902 I-0.0008 J-0.0236
N23535 G1 Y0.588
N23540 X-0.2241 Y0.5821
N23545 X-0.2234 Y0.5763
N23550 X-0.2221 Y0.5705
N23555 X-0.2205 Y0.5648
N23560 X-0.2186 Y0.5592
N23565 X-0.2163 Y0.5538
N23570 X-0.2136 Y0.5481
N23575 X-0.2105 Y0.5421
N23580 X-0.2068 Y0.536
N23585 X-0.2024 Y0.5294
N23590 X-0.1975 Y0.5228
N23595 X-0.1918 Y0.5159
N23600 X-0.1852 Y0.5086
N23605 X-0.1781 Y0.5014
N23610 X-0.17 Y0.494
N23615 X-0.1607 Y0.4863
N23620 X-0.1508 Y0.4789
N23625 X-0.1399 Y0.4716
N23630 X-0.1277 Y0.4642
N23635 X-0.1143 Y0.4569
N23640 X-0.1002 Y0.4502
N23645 X-0.0852 Y0.4439
N23650 X-0.0691 Y0.438
N23655 X-0.0521 Y0.4327
N23660 X-0.0344 Y0.4281
N23665 X-0.0161 Y0.4244
N23670 X0.0025 Y0.4214
N23675 X0.0211 Y0.4195
N23680 X0.0394 Y0.4184
N23685 X0.0574 Y0.4182
N23690 X0.0748 Y0.4189
N23695 X0.0911 Y0.4204
N23700 X0.1063 Y0.4225
N23705 X0.1203 Y0.4251
N23710 X0.1334 Y0.4282
N23715 X0.1438 Y0.4313
N23720 X0.1548 Y0.435
N23725 X0.163 Y0.4383
N23730 X0.1714 Y0.4422
N23735 X0.1793 Y0.4463
N23740 X0.1813 Y0.4474
N23745 X0.1937 Y0.4561
N23750 X0.2043 Y0.4668
N23755 X0.213 Y0.4792
N23760 X0.2193 Y0.493
N23765 X0.2232 Y0.5076
N23770 X0.2244 Y0.5226
N23775 Y0.5616
N23780 G3 X0.2024 Y0.5843 Z-0.5828 I-0.0236 J-0.0008
N23785 G1 X0.2 Y0.5845 Z-0.5823
N23790 X-0.1993 Y0.6108
N23795 X-0.2
N23800 G3 X-0.2244 Y0.588 Z-0.5902 I-0.0008 J-0.0236
N23805 G1 Y0.5508
N23810 X-0.2241 Y0.5446
N23815 X-0.2235 Y0.5387
N23820 X-0.2225 Y0.5329
N23825 X-0.221 Y0.5272
N23830 X-0.2191 Y0.5216
N23835 X-0.217 Y0.5161
N23840 X-0.2144 Y0.5105
N23845 X-0.2115 Y0.5048
N23850 X-0.208 Y0.4986
N23855 X-0.2039 Y0.4923
N23860 X-0.1993 Y0.4858
N23865 X-0.1937 Y0.4787
N23870 X-0.1877 Y0.4718
N23875 X-0.1807 Y0.4646
N23880 X-0.1727 Y0.457
N23885 X-0.1641 Y0.4497
N23890 X-0.1546 Y0.4423
N23895 X-0.1438 Y0.4347
N23900 X-0.1319 Y0.4272
N23905 X-0.1194 Y0.4202
N23910 X-0.1057 Y0.4133
N23915 X-0.0908 Y0.4067
N23920 X-0.0749 Y0.4006
N23925 X-0.058 Y0.395
N23930 X-0.0405 Y0.3902
N23935 X-0.0225 Y0.3862
N23940 X-0.0042 Y0.383
N23945 X0.0144 Y0.3806
N23950 X0.0329 Y0.3793
N23955 X0.0509 Y0.3788
N23960 X0.0684 Y0.3792
N23965 X0.0849 Y0.3803
N23970 X0.1007 Y0.3822
N23975 X0.1154 Y0.3847
N23980 X0.1289 Y0.3877
N23985 X0.14 Y0.3907
N23990 X0.1511 Y0.3943
N23995 X0.1603 Y0.3978
N24000 X0.1682 Y0.4013
N24005 X0.1767 Y0.4055
N24010 X0.1835 Y0.4093
N24015 X0.1851 Y0.4103
N24020 X0.1979 Y0.4201
N24025 X0.2087 Y0.432
N24030 X0.2171 Y0.4458
N24035 X0.2228 Y0.4609
N24040 X0.2256 Y0.4768
N24045 X0.2253 Y0.493
N24050 X0.2251 Y0.4953
N24055 X0.2245 Y0.5032
N24060 X0.2244 Y0.5226
N24065 G3 X0.2025 Y0.5453 Z-0.5828 I-0.0236 J-0.0009
N24070 G1 X0.1999 Y0.5454 Z-0.5823
N24075 X-0.1991 Y0.5735
N24080 X-0.2 Y0.5736
N24085 G3 X-0.2244 Y0.5508 Z-0.5902 I-0.0008 J-0.0236
N24090 G1 Y0.527
N24095 X-0.2245 Y0.5112
N24100 X-0.2242 Y0.5053
N24105 X-0.2236 Y0.4994
N24110 X-0.2226 Y0.4936
N24115 X-0.2211 Y0.4879
N24120 X-0.2192 Y0.4823
N24125 X-0.2171 Y0.4768
N24130 X-0.2146 Y0.4712
N24135 X-0.2116 Y0.4653
N24140 X-0.2081 Y0.4594
N24145 X-0.204 Y0.4529
N24150 X-0.1993 Y0.4463
N24155 X-0.1939 Y0.4395
N24160 X-0.1876 Y0.4323
N24165 X-0.1808 Y0.4252
N24170 X-0.1731 Y0.4179
N24175 X-0.1642 Y0.4103
N24180 X-0.1545 Y0.4028
N24185 X-0.144 Y0.3954
N24190 X-0.1322 Y0.388
N24195 X-0.1192 Y0.3807
N24200 X-0.1054 Y0.3737
N24205 X-0.0908 Y0.3673
N24210 X-0.0751 Y0.3613
N24215 X-0.0584 Y0.3557
N24220 X-0.0409 Y0.3509
N24225 X-0.0228 Y0.3468
N24230 X-0.0044 Y0.3436
N24235 X0.0141 Y0.3413
N24240 X0.0326 Y0.3399
N24245 X0.0507 Y0.3395
N24250 X0.0684 Y0.3398
N24255 X0.0851 Y0.341
N24260 X0.1009 Y0.3429
N24265 X0.1152 Y0.3454
N24270 X0.1288 Y0.3484
N24275 X0.141 Y0.3517
N24280 X0.1508 Y0.3549
N24285 X0.1614 Y0.3589
N24290 X0.1694 Y0.3624
N24295 X0.177 Y0.3661
N24300 X0.185 Y0.3706
N24305 X0.1912 Y0.3745
N24310 X0.1931 Y0.3758
N24315 X0.2053 Y0.386
N24320 X0.2154 Y0.3983
N24325 X0.2231 Y0.4122
N24330 X0.2281 Y0.4273
N24335 X0.2303 Y0.4431
N24340 X0.2295 Y0.459
N24345 X0.2278 Y0.4715
N24350 X0.2268 Y0.4795
N24355 X0.2253 Y0.493
N24360 G3 X0.2032 Y0.5132 Z-0.5832 I-0.0234 J-0.0033
N24365 G1 X0.1986 Y0.5135 Z-0.5823
N24370 X-0.1997 Y0.5338
N24375 X-0.2
N24380 G3 X-0.2245 Y0.5112 Z-0.5902 I-0.0009 J-0.0236
N24385 G1 Y0.5032
N24390 X-0.2251 Y0.4953
N24395 X-0.2268 Y0.4795
N24400 X-0.2272 Y0.4736
N24405 X-0.227 Y0.4677
N24410 X-0.2263 Y0.4618
N24415 X-0.2251 Y0.456
N24420 X-0.2236 Y0.4503
N24425 X-0.2217 Y0.4447
N24430 X-0.2195 Y0.4392
N24435 X-0.2169 Y0.4334
N24440 X-0.2138 Y0.4274
N24445 X-0.2102 Y0.4212
N24450 X-0.2059 Y0.4145
N24455 X-0.2011 Y0.4079
N24460 X-0.1955 Y0.4009
N24465 X-0.1891 Y0.3934
N24470 X-0.1821 Y0.3862
N24475 X-0.1741 Y0.3787
N24480 X-0.165 Y0.371
N24485 X-0.1552 Y0.3634
N24490 X-0.1445 Y0.356
N24495 X-0.1326 Y0.3485
N24500 X-0.1195 Y0.3412
N24505 X-0.1054 Y0.3342
N24510 X-0.0907 Y0.3277
N24515 X-0.0749 Y0.3217
N24520 X-0.0581 Y0.3162
N24525 X-0.0405 Y0.3114
N24530 X-0.0223 Y0.3073
N24535 X-0.0038 Y0.3041
N24540 X0.0148 Y0.3019
N24545 X0.0334 Y0.3005
N24550 X0.0515 Y0.3001
N24555 X0.0692 Y0.3005
N24560 X0.0861 Y0.3018
N24565 X0.1018 Y0.3037
N24570 X0.1163 Y0.3062
N24575 X0.1299 Y0.3092
N24580 X0.1428 Y0.3128
N24585 X0.1538 Y0.3164
N24590 X0.1634 Y0.3201
N24595 X0.1733 Y0.3244
N24600 X0.1807 Y0.3281
N24605 X0.1883 Y0.3324
N24610 X0.1957 Y0.337
N24615 X0.2015 Y0.3411
N24620 X0.2075 Y0.3457
N24625 X0.2178 Y0.3561
N24630 X0.2261 Y0.368
N24635 X0.2324 Y0.3811
N24640 X0.2363 Y0.3951
N24645 X0.2379 Y0.4096
N24650 X0.237 Y0.4241
N24655 X0.2337 Y0.4383
N24660 G3 X0.2141 Y0.4537 Z-0.5846 I-0.0222 J-0.0081
N24665 G1 X0.2102 Y0.4542 Z-0.5837
N24670 X0.2034 Y0.4549 Z-0.5823
N24675 X-0.1997 Y0.4991
N24680 X-0.2009 Y0.4992 Z-0.5825
N24685 G3 X-0.2268 Y0.4795 Z-0.5902 I-0.0026 J-0.0235
N24690 G1 X-0.2278 Y0.4715
N24695 X-0.23 Y0.4557
N24700 X-0.2311 Y0.4494
N24705 X-0.2318 Y0.4435
N24710 X-0.232 Y0.4376
N24715 X-0.2317 Y0.4317
N24720 X-0.2309 Y0.4259
N24725 X-0.2296 Y0.4201
N24730 X-0.2281 Y0.4144
N24735 X-0.2262 Y0.4088
N24740 X-0.2239 Y0.4031
N24745 X-0.2212 Y0.3971
N24750 X-0.2181 Y0.391
N24755 X-0.2143 Y0.3844
N24760 X-0.2099 Y0.3776
N24765 X-0.205 Y0.3707
N24770 X-0.1992 Y0.3633
N24775 X-0.1927 Y0.356
N24780 X-0.1855 Y0.3485
N24785 X-0.1773 Y0.3407
N24790 X-0.1681 Y0.3328
N24795 X-0.1583 Y0.3252
N24800 X-0.1473 Y0.3176
N24805 X-0.1351 Y0.3099
N24810 X-0.1218 Y0.3024
N24815 X-0.1079 Y0.2955
N24820 X-0.093 Y0.2889
N24825 X-0.0769 Y0.2827
N24830 X-0.0599 Y0.2771
N24835 X-0.0421 Y0.2722
N24840 X-0.0238 Y0.2681
N24845 X-0.0051 Y0.2648
N24850 X0.0136 Y0.2625
N24855 X0.0323 Y0.2611
N24860 X0.0505 Y0.2606
N24865 X0.0683 Y0.261
N24870 X0.0855 Y0.2623
N24875 X0.1019 Y0.2643
N24880 X0.1171 Y0.2668
N24885 X0.131 Y0.2699
N24890 X0.1442 Y0.2735
N24895 X0.1566 Y0.2776
N24900 X0.168 Y0.2819
N24905 X0.1771 Y0.2859
N24910 X0.1863 Y0.2905
N24915 X0.1943 Y0.2949
N24920 X0.201 Y0.2991
N24925 X0.2083 Y0.3042
N24930 X0.2143 Y0.3087
N24935 X0.2197 Y0.3133
N24940 X0.2257 Y0.3191
N24945 X0.2348 Y0.3302
N24950 X0.242 Y0.3426
N24955 X0.247 Y0.3561
N24960 X0.2496 Y0.3702
N24965 X0.25 Y0.3845
N24970 X0.2479 Y0.3987
N24975 X0.2436 Y0.4124
N24980 X0.2388 Y0.424
N24985 X0.2358 Y0.4319
N24990 X0.2337 Y0.4383
N24995 G3 X0.2123 Y0.4539 Z-0.5842 I-0.0222 J-0.0081
N25000 G1 X0.2101 Z-0.5837
N25005 X0.2033 Y0.4542 Z-0.5823
N25010 X-0.2031 Y0.4679
N25015 X-0.2072 Y0.4681 Z-0.5832
N25020 G3 X-0.2311 Y0.4494 Z-0.5902 I-0.0008 J-0.0236
N25025 G1 X-0.2314 Y0.4478
N25030 X-0.2332 Y0.4398
N25035 X-0.2358 Y0.4319
N25040 X-0.2367 Y0.4295
N25045 X-0.2385 Y0.4239
N25050 X-0.2398 Y0.4181
N25055 X-0.2404 Y0.4123
N25060 X-0.2405 Y0.4064
N25065 X-0.2401 Y0.4005
N25070 X-0.2393 Y0.3946
N25075 X-0.2381 Y0.3888
N25080 X-0.2366 Y0.3831
N25085 X-0.2348 Y0.3773
N25090 X-0.2326 Y0.3715
N25095 X-0.2299 Y0.3653
N25100 X-0.2266 Y0.3586
N25105 X-0.223 Y0.3519
N25110 X-0.2186 Y0.3448
N25115 X-0.2135 Y0.3374
N25120 X-0.2079 Y0.3301
N25125 X-0.2015 Y0.3223
N25130 X-0.194 Y0.3143
N25135 X-0.186 Y0.3064
N25140 X-0.177 Y0.2985
N25145 X-0.167 Y0.2903
N25150 X-0.1558 Y0.2822
N25155 X-0.1439 Y0.2744
N25160 X-0.1311 Y0.2669
N25165 X-0.1169 Y0.2595
N25170 X-0.1017 Y0.2524
N25175 X-0.0854 Y0.2458
N25180 X-0.0684 Y0.2398
N25185 X-0.0508 Y0.2346
N25190 X-0.0326 Y0.2301
N25195 X-0.0139 Y0.2265
N25200 X0.0051 Y0.2238
N25205 X0.0242 Y0.222
N25210 X0.0432 Y0.2211
N25215 X0.0616 Y0.2212
N25220 X0.0794 Y0.2221
N25225 X0.0964 Y0.2238
N25230 X0.1127 Y0.2263
N25235 X0.1281 Y0.2294
N25240 X0.1426 Y0.233
N25245 X0.1557 Y0.237
N25250 X0.168 Y0.2414
N25255 X0.1795 Y0.2462
N25260 X0.1902 Y0.2513
N25265 X0.1993 Y0.2561
N25270 X0.2076 Y0.2611
N25275 X0.2156 Y0.2664
N25280 X0.2219 Y0.2711
N25285 X0.2287 Y0.2766
N25290 X0.2344 Y0.2818
N25295 X0.2393 Y0.2867
N25300 X0.2446 Y0.2925
N25305 X0.2527 Y0.304
N25310 X0.2588 Y0.3166
N25315 X0.2627 Y0.3301
N25320 X0.2644 Y0.344
N25325 X0.2639 Y0.358
N25330 X0.2611 Y0.3718
N25335 X0.2561 Y0.3849
N25340 X0.2488 Y0.4002
N25345 X0.2453 Y0.4081
N25350 X0.2436 Y0.4124
N25355 G3 X0.223 Y0.4262 Z-0.5846 I-0.0215 J-0.0098
N25360 G1 X0.2188 Y0.4264 Z-0.5837
N25365 X0.212 Y0.4267 Z-0.5823
N25370 X-0.2056 Y0.4437
N25375 X-0.2124 Y0.444 Z-0.5837
N25380 X-0.2139 Z-0.5841
N25385 G3 X-0.2367 Y0.4295 Z-0.5902 I-0.001 J-0.0236
N25390 G1 X-0.2388 Y0.424
N25395 X-0.2453 Y0.4081
N25400 X-0.2464 Y0.4057
N25405 X-0.2485 Y0.4002
N25410 X-0.2501 Y0.3946
N25415 X-0.2512 Y0.3887
N25420 X-0.2516 Y0.3829
N25425 Y0.377
N25430 X-0.2512 Y0.3711
N25435 X-0.2505 Y0.3652
N25440 X-0.2494 Y0.3594
N25445 X-0.2479 Y0.3536
N25450 X-0.2461 Y0.3477
N25455 X-0.2439 Y0.3414
N25460 X-0.2412 Y0.3346
N25465 X-0.238 Y0.3278
N25470 X-0.2342 Y0.3207
N25475 X-0.2297 Y0.3131
N25480 X-0.2247 Y0.3054
N25485 X-0.219 Y0.2976
N25490 X-0.2124 Y0.2894
N25495 X-0.2049 Y0.2811
N25500 X-0.1969 Y0.2729
N25505 X-0.1878 Y0.2645
N25510 X-0.1775 Y0.256
N25515 X-0.1663 Y0.2475
N25520 X-0.1544 Y0.2393
N25525 X-0.1413 Y0.2313
N25530 X-0.127 Y0.2235
N25535 X-0.1116 Y0.216
N25540 X-0.0953 Y0.209
N25545 X-0.0782 Y0.2027
N25550 X-0.0604 Y0.197
N25555 X-0.042 Y0.1922
N25560 X-0.0229 Y0.1881
N25565 X-0.0035 Y0.185
N25570 X0.0161 Y0.1828
N25575 X0.0356 Y0.1815
N25580 X0.0549 Y0.1813
N25585 X0.0737 Y0.1819
N25590 X0.0917 Y0.1834
N25595 X0.1089 Y0.1857
N25600 X0.1254 Y0.1887
N25605 X0.1412 Y0.1924
N25610 X0.156 Y0.1966
N25615 X0.1698 Y0.2012
N25620 X0.1824 Y0.2062
N25625 X0.1941 Y0.2115
N25630 X0.2052 Y0.2171
N25635 X0.2153 Y0.223
N25640 X0.2238 Y0.2284
N25645 X0.2317 Y0.234
N25650 X0.239 Y0.2398
N25655 X0.2449 Y0.2449
N25660 X0.2512 Y0.2509
N25665 X0.2563 Y0.2563
N25670 X0.2609 Y0.2617
N25675 X0.2657 Y0.2679
N25680 X0.267 Y0.2698
N25685 X0.2746 Y0.2828
N25690 X0.2797 Y0.2969
N25695 X0.2822 Y0.3117
N25700 X0.2821 Y0.3268
N25705 X0.2793 Y0.3416
N25710 X0.274 Y0.3556
N25715 X0.2663 Y0.3685
N25720 X0.2608 Y0.3764
N25725 X0.2575 Y0.3819
N25730 X0.2561 Y0.3849
N25735 G3 X0.2362 Y0.3976 Z-0.5849 I-0.021 J-0.0109
N25740 G1 X0.2307 Y0.3979 Z-0.5837
N25745 X0.2239 Y0.3982 Z-0.5823
N25750 X-0.2145 Y0.4186
N25755 X-0.2213 Y0.4189 Z-0.5837
N25760 X-0.224 Y0.419 Z-0.5843
N25765 G3 X-0.2464 Y0.4057 Z-0.5902 I-0.0011 J-0.0236
N25770 G1 X-0.2488 Y0.4002
N25775 X-0.2575 Y0.3819
N25780 X-0.2585 Y0.3802
N25785 X-0.2613 Y0.375
N25790 X-0.263 Y0.3694
N25795 X-0.2641 Y0.3636
N25800 X-0.2648 Y0.3577
N25805 X-0.265 Y0.3518
N25810 X-0.2648 Y0.3459
N25815 X-0.2642 Y0.34
N25820 X-0.2633 Y0.3342
N25825 X-0.2622 Y0.3284
N25830 X-0.2606 Y0.3221
N25835 X-0.2586 Y0.3155
N25840 X-0.2561 Y0.3088
N25845 X-0.2531 Y0.3015
N25850 X-0.2495 Y0.294
N25855 X-0.2455 Y0.2865
N25860 X-0.2407 Y0.2784
N25865 X-0.235 Y0.27
N25870 X-0.2289 Y0.2617
N25875 X-0.2219 Y0.2532
N25880 X-0.2138 Y0.2443
N25885 X-0.2049 Y0.2353
N25890 X-0.1954 Y0.2266
N25895 X-0.1846 Y0.2178
N25900 X-0.1727 Y0.2089
N25905 X-0.1596 Y0.2001
N25910 X-0.1458 Y0.1917
N25915 X-0.1311 Y0.1838
N25920 X-0.1152 Y0.1762
N25925 X-0.0983 Y0.1691
N25930 X-0.0804 Y0.1626
N25935 X-0.0617 Y0.1568
N25940 X-0.0424 Y0.1519
N25945 X-0.0225 Y0.1478
N25950 X-0.0024 Y0.1447
N25955 X0.0177 Y0.1425
N25960 X0.0378 Y0.1414
N25965 X0.0576 Y0.1412
N25970 X0.077 Y0.142
N25975 X0.096 Y0.1437
N25980 X0.1143 Y0.1463
N25985 X0.1318 Y0.1496
N25990 X0.1486 Y0.1536
N25995 X0.1643 Y0.1582
N26000 X0.1789 Y0.1632
N26005 X0.1925 Y0.1687
N26010 X0.2052 Y0.1745
N26015 X0.217 Y0.1806
N26020 X0.2277 Y0.1869
N26025 X0.2376 Y0.1933
N26030 X0.2468 Y0.1999
N26035 X0.2541 Y0.2058
N26040 X0.2619 Y0.2126
N26045 X0.2681 Y0.2187
N26050 X0.2734 Y0.2244
N26055 X0.2791 Y0.231
N26060 X0.2836 Y0.2369
N26065 X0.2874 Y0.2425
N26070 X0.2915 Y0.2491
N26075 X0.2918 Y0.2496
N26080 X0.2978 Y0.263
N26085 X0.3015 Y0.2772
N26090 X0.3027 Y0.2917
N26095 X0.3015 Y0.3063
N26100 X0.2978 Y0.3205
N26105 X0.2918 Y0.3339
N26110 X0.2836 Y0.346
N26115 X0.2783 Y0.3527
N26120 X0.272 Y0.3606
N26125 X0.2663 Y0.3685
N26130 G3 X0.2483 Y0.3776 Z-0.5857 I-0.0186 J-0.0145
N26135 G1 X0.2388 Y0.3779 Z-0.5837
N26140 X0.232 Y0.378 Z-0.5823
N26145 X-0.2251 Y0.3906
N26150 X-0.232 Y0.3908 Z-0.5837
N26155 X-0.2381 Y0.391 Z-0.585
N26160 G3 X-0.2585 Y0.3802 Z-0.5902 I-0.0006 J-0.0236
N26165 G1 X-0.2608 Y0.3764
N26170 X-0.2663 Y0.3685
N26175 X-0.2694 Y0.3642
N26180 X-0.2726 Y0.3592
N26185 X-0.2753 Y0.3539
N26190 X-0.2773 Y0.3484
N26195 X-0.2787 Y0.3426
N26200 X-0.2797 Y0.3368
N26205 X-0.2803 Y0.3309
N26210 X-0.2804 Y0.325
N26215 X-0.2802 Y0.3191
N26220 X-0.2797 Y0.3132
N26225 X-0.2789 Y0.3071
N26230 X-0.2777 Y0.3009
N26235 X-0.2761 Y0.2943
N26240 X-0.274 Y0.2872
N26245 X-0.2715 Y0.2799
N26250 X-0.2685 Y0.2724
N26255 X-0.2648 Y0.2643
N26260 X-0.2605 Y0.256
N26265 X-0.2557 Y0.2477
N26270 X-0.25 Y0.2389
N26275 X-0.2434 Y0.2298
N26280 X-0.2362 Y0.2208
N26285 X-0.2281 Y0.2116
N26290 X-0.2189 Y0.2021
N26295 X-0.2087 Y0.1926
N26300 X-0.1976 Y0.1832
N26305 X-0.1858 Y0.1741
N26310 X-0.1726 Y0.165
N26315 X-0.1583 Y0.1561
N26320 X-0.1427 Y0.1474
N26325 X-0.1262 Y0.1392
N26330 X-0.1088 Y0.1317
N26335 X-0.0907 Y0.1248
N26340 X-0.0717 Y0.1186
N26345 X-0.0518 Y0.1133
N26350 X-0.0314 Y0.1088
N26355 X-0.0106 Y0.1053
N26360 X0.0104 Y0.1028
N26365 X0.0315 Y0.1013
N26370 X0.0524 Y0.1008
N26375 X0.0731 Y0.1014
N26380 X0.0934 Y0.103
N26385 X0.1131 Y0.1054
N26390 X0.1319 Y0.1087
N26395 X0.1497 Y0.1127
N26400 X0.1666 Y0.1174
N26405 X0.1827 Y0.1228
N26410 X0.1979 Y0.1286
N26415 X0.2123 Y0.135
N26420 X0.2254 Y0.1416
N26425 X0.2375 Y0.1484
N26430 X0.2485 Y0.1554
N26435 X0.2589 Y0.1626
N26440 X0.2683 Y0.17
N26445 X0.2769 Y0.1773
N26450 X0.2838 Y0.1839
N26455 X0.2906 Y0.191
N26460 X0.2966 Y0.1978
N26465 X0.3013 Y0.2038
N26470 X0.3063 Y0.2109
N26475 X0.3104 Y0.2172
N26480 X0.3138 Y0.2231
N26485 X0.3173 Y0.2301
N26490 X0.3222 Y0.2438
N26495 X0.3246 Y0.2581
N26500 X0.3247 Y0.2726
N26505 X0.3223 Y0.2869
N26510 X0.3176 Y0.3006
N26515 X0.3107 Y0.3134
N26520 X0.3017 Y0.3248
N26525 X0.2972 Y0.3296
N26530 X0.291 Y0.3368
N26535 X0.2836 Y0.346
N26540 G3 X0.2666 Y0.3542 Z-0.586 I-0.0179 J-0.0154
N26545 G1 X0.2558 Y0.3546 Z-0.5837
N26550 X0.2489 Y0.3548 Z-0.5823
N26555 X-0.2352 Y0.3727
N26560 X-0.242 Y0.3729 Z-0.5837
N26565 X-0.2499 Y0.3732 Z-0.5854
N26570 G3 X-0.2694 Y0.3642 Z-0.5902 I-0.0009 J-0.0236
N26575 G1 X-0.272 Y0.3606
N26580 X-0.2783 Y0.3527
N26585 X-0.2846 Y0.3447
N26590 X-0.2881 Y0.34
N26595 X-0.291 Y0.3348
N26600 X-0.2933 Y0.3294
N26605 X-0.2951 Y0.3237
N26610 X-0.2964 Y0.318
N26615 X-0.2973 Y0.3121
N26620 X-0.2978 Y0.3063
N26625 X-0.298 Y0.3004
N26630 X-0.2979 Y0.2945
N26635 X-0.2975 Y0.2883
N26640 X-0.2967 Y0.282
N26645 X-0.2955 Y0.2752
N26650 X-0.2939 Y0.268
N26655 X-0.2919 Y0.2606
N26660 X-0.2893 Y0.2528
N26665 X-0.2862 Y0.2446
N26670 X-0.2825 Y0.2361
N26675 X-0.2782 Y0.2275
N26680 X-0.2731 Y0.2184
N26685 X-0.2671 Y0.2089
N26690 X-0.2606 Y0.1995
N26695 X-0.2532 Y0.1899
N26700 X-0.2448 Y0.18
N26705 X-0.2353 Y0.1699
N26710 X-0.225 Y0.16
N26715 X-0.2138 Y0.1502
N26720 X-0.2013 Y0.1403
N26725 X-0.1876 Y0.1305
N26730 X-0.1727 Y0.1209
N26735 X-0.1568 Y0.1117
N26740 X-0.1402 Y0.1031
N26745 X-0.1226 Y0.0951
N26750 X-0.1038 Y0.0876
N26755 X-0.0841 Y0.0809
N26760 X-0.0635 Y0.075
N26765 X-0.0424 Y0.07
N26770 X-0.0207 Y0.0659
N26775 X0.0013 Y0.0629
N26780 X0.0235 Y0.061
N26785 X0.0456 Y0.0602
N26790 X0.0675 Y0.0604
N26795 X0.0889 Y0.0617
N26800 X0.1098 Y0.064
N26805 X0.1301 Y0.0672
N26810 X0.1497 Y0.0713
N26815 X0.1685 Y0.0762
N26820 X0.1862 Y0.0817
N26825 X0.2027 Y0.0878
N26830 X0.2183 Y0.0944
N26835 X0.2331 Y0.1015
N26840 X0.247 Y0.1091
N26845 X0.2596 Y0.1168
N26850 X0.2712 Y0.1246
N26855 X0.2816 Y0.1324
N26860 X0.2914 Y0.1405
N26865 X0.3002 Y0.1486
N26870 X0.3083 Y0.1567
N26875 X0.3146 Y0.1638
N26880 X0.3208 Y0.1714
N26885 X0.3262 Y0.1787
N26890 X0.3304 Y0.1851
N26895 X0.3348 Y0.1925
N26900 X0.3383 Y0.1991
N26905 X0.3412 Y0.2053
N26910 X0.3417 Y0.2065
N26915 X0.3463 Y0.2211
N26920 X0.3482 Y0.2364
N26925 X0.3474 Y0.2517
N26930 X0.3439 Y0.2667
N26935 X0.3379 Y0.2808
N26940 X0.3294 Y0.2936
N26945 X0.3209 Y0.3041
N26950 X0.3201 Y0.3051
N26955 X0.3017 Y0.3248
N26960 G3 X0.2859 Y0.3317 Z-0.5864 I-0.0167 J-0.0167
N26965 G1 X0.2733 Y0.3322 Z-0.5837
N26970 X0.2665 Y0.3324 Z-0.5823
N26975 X-0.25 Y0.3523
N26980 X-0.2568 Y0.3526 Z-0.5837
N26985 X-0.2659 Y0.3529 Z-0.5857
N26990 G3 X-0.2846 Y0.3447 Z-0.5902 I-0.0009 J-0.0236
N26995 G1 X-0.291 Y0.3368
N27000 X-0.2972 Y0.3296
N27005 X-0.3001 Y0.3266
N27010 X-0.3039 Y0.322
N27015 X-0.3072 Y0.3171
N27020 X-0.3099 Y0.3119
N27025 X-0.3121 Y0.3064
N27030 X-0.3139 Y0.3008
N27035 X-0.3152 Y0.2951
N27040 X-0.3162 Y0.2892
N27045 X-0.3168 Y0.2834
N27050 X-0.3171 Y0.2775
N27055 Y0.2714
N27060 X-0.3168 Y0.2652
N27065 X-0.3162 Y0.2584
N27070 X-0.3151 Y0.2511
N27075 X-0.3136 Y0.2437
N27080 X-0.3117 Y0.2358
N27085 X-0.3091 Y0.2275
N27090 X-0.3061 Y0.219
N27095 X-0.3025 Y0.2101
N27100 X-0.2981 Y0.2008
N27105 X-0.2929 Y0.1911
N27110 X-0.2872 Y0.1814
N27115 X-0.2806 Y0.1714
N27120 X-0.273 Y0.1611
N27125 X-0.2643 Y0.1505
N27130 X-0.255 Y0.1401
N27135 X-0.2446 Y0.1295
N27140 X-0.233 Y0.1189
N27145 X-0.2201 Y0.1082
N27150 X-0.2062 Y0.0977
N27155 X-0.1914 Y0.0877
N27160 X-0.1756 Y0.078
N27165 X-0.1585 Y0.0687
N27170 X-0.1403 Y0.0599
N27175 X-0.1208 Y0.0516
N27180 X-0.1004 Y0.0441
N27185 X-0.0792 Y0.0374
N27190 X-0.0572 Y0.0317
N27195 X-0.0346 Y0.027
N27200 X-0.0117 Y0.0233
N27205 X0.0114 Y0.0208
N27210 X0.0346 Y0.0193
N27215 X0.0577 Y0.0191
N27220 X0.0805 Y0.0199
N27225 X0.103 Y0.0218
N27230 X0.1248 Y0.0248
N27235 X0.146 Y0.0287
N27240 X0.1664 Y0.0335
N27245 X0.1859 Y0.0391
N27250 X0.2046 Y0.0455
N27255 X0.2224 Y0.0525
N27260 X0.2389 Y0.06
N27265 X0.2541 Y0.0678
N27270 X0.2684 Y0.0761
N27275 X0.2818 Y0.0847
N27280 X0.294 Y0.0934
N27285 X0.3052 Y0.1023
N27290 X0.3152 Y0.111
N27295 X0.3243 Y0.1197
N27300 X0.3326 Y0.1286
N27305 X0.3396 Y0.1368
N27310 X0.3454 Y0.1443
N27315 X0.3512 Y0.1526
N27320 X0.3555 Y0.1595
N27325 X0.3595 Y0.1666
N27330 X0.3614 Y0.1704
N27335 X0.367 Y0.1844
N27340 X0.37 Y0.1992
N27345 X0.3704 Y0.2142
N27350 X0.3682 Y0.2292
N27355 X0.3635 Y0.2435
N27360 X0.3563 Y0.2567
N27365 X0.3505 Y0.2655
N27370 X0.3447 Y0.274
N27375 X0.3391 Y0.2813
N27380 X0.3294 Y0.2936
N27385 G3 X0.3127 Y0.3018 Z-0.5861 I-0.0179 J-0.0154
N27390 G1 X0.3016 Y0.3024 Z-0.5837
N27395 X0.2948 Y0.3027 Z-0.5823
N27400 X-0.2648 Y0.3325
N27405 X-0.2717 Y0.3329 Z-0.5837
N27410 X-0.2821 Y0.3334 Z-0.586
N27415 G3 X-0.3001 Y0.3266 Z-0.5902 I-0.0013 J-0.0236
N27420 G1 X-0.3201 Y0.3051
N27425 X-0.3238 Y0.3005
N27430 X-0.327 Y0.2956
N27435 X-0.3297 Y0.2903
N27440 X-0.332 Y0.2849
N27445 X-0.3338 Y0.2793
N27450 X-0.3353 Y0.2735
N27455 X-0.3363 Y0.2677
N27460 X-0.3371 Y0.2619
N27465 X-0.3375 Y0.256
N27470 X-0.3377 Y0.2499
N27475 X-0.3376 Y0.2432
N27480 X-0.3371 Y0.236
N27485 X-0.3362 Y0.2287
N27490 X-0.3349 Y0.2209
N27495 X-0.333 Y0.2125
N27500 X-0.3307 Y0.204
N27505 X-0.3278 Y0.1951
N27510 X-0.3242 Y0.1856
N27515 X-0.32 Y0.1758
N27520 X-0.3151 Y0.166
N27525 X-0.3094 Y0.1557
N27530 X-0.3027 Y0.145
N27535 X-0.2951 Y0.134
N27540 X-0.2867 Y0.1231
N27545 X-0.2773 Y0.112
N27550 X-0.2667 Y0.1007
N27555 X-0.255 Y0.0893
N27560 X-0.2421 Y0.0779
N27565 X-0.2284 Y0.067
N27570 X-0.2136 Y0.0563
N27575 X-0.1973 Y0.0458
N27580 X-0.1797 Y0.0355
N27585 X-0.1609 Y0.0258
N27590 X-0.141 Y0.0166
N27595 X-0.12 Y0.0082
N27600 X-0.0982 Y0.0007
N27605 X-0.0757 Y-0.0058
N27610 X-0.0525 Y-0.0114
N27615 X-0.0288 Y-0.0159
N27620 X-0.0046 Y-0.0192
N27625 X0.0199 Y-0.0214
N27630 X0.0444 Y-0.0224
N27635 X0.0688 Y-0.0222
N27640 X0.0929 Y-0.0208
N27645 X0.1165 Y-0.0183
N27650 X0.1395 Y-0.0147
N27655 X0.1617 Y-0.0101
N27660 X0.183 Y-0.0046
N27665 X0.2035 Y0.0017
N27670 X0.223 Y0.0088
N27675 X0.2415 Y0.0166
N27680 X0.259 Y0.025
N27685 X0.2755 Y0.0339
N27690 X0.2906 Y0.043
N27695 X0.3045 Y0.0524
N27700 X0.3173 Y0.0619
N27705 X0.3289 Y0.0715
N27710 X0.3396 Y0.0812
N27715 X0.349 Y0.0907
N27720 X0.3568 Y0.0993
N27725 X0.3639 Y0.108
N27730 X0.3701 Y0.1164
N27735 X0.3748 Y0.1234
N27740 X0.3797 Y0.1316
N27745 X0.3802 Y0.1325
N27750 X0.3865 Y0.1474
N27755 X0.3899 Y0.1631
N27760 X0.3903 Y0.1792
N27765 X0.3877 Y0.1951
N27770 X0.3822 Y0.2103
N27775 X0.3786 Y0.2179
N27780 X0.3764 Y0.2224
N27785 X0.3655 Y0.2417
N27790 X0.361 Y0.2496
N27795 X0.3563 Y0.2567
N27800 G3 X0.3387 Y0.2666 Z-0.5857 I-0.0193 J-0.0137
N27805 G1 X0.3294 Y0.2673 Z-0.5837
N27810 X0.3225 Y0.2678 Z-0.5823
N27815 X-0.2849 Y0.3108
N27820 X-0.2917 Y0.3113 Z-0.5837
N27825 X-0.3017 Y0.312 Z-0.5859
N27830 G3 X-0.3201 Y0.3051 Z-0.5902 I-0.0017 J-0.0236
N27835 G1 X-0.3209 Y0.3041
N27840 X-0.3391 Y0.2813
N27845 X-0.3422 Y0.2773
N27850 X-0.3455 Y0.2724
N27855 X-0.3486 Y0.2673
N27860 X-0.3511 Y0.262
N27865 X-0.3532 Y0.2565
N27870 X-0.3549 Y0.2508
N27875 X-0.3562 Y0.2451
N27880 X-0.3572 Y0.2393
N27885 X-0.3579 Y0.2334
N27890 X-0.3583 Y0.2273
N27895 X-0.3584 Y0.2207
N27900 X-0.3581 Y0.2137
N27905 X-0.3575 Y0.2064
N27910 X-0.3565 Y0.1984
N27915 X-0.355 Y0.1901
N27920 X-0.353 Y0.1815
N27925 X-0.3504 Y0.1723
N27930 X-0.3471 Y0.1626
N27935 X-0.3433 Y0.1529
N27940 X-0.3387 Y0.1426
N27945 X-0.3332 Y0.1318
N27950 X-0.3268 Y0.1207
N27955 X-0.3197 Y0.1096
N27960 X-0.3116 Y0.0982
N27965 X-0.3023 Y0.0864
N27970 X-0.2919 Y0.0744
N27975 X-0.2805 Y0.0625
N27980 X-0.2682 Y0.0508
N27985 X-0.2545 Y0.0391
N27990 X-0.2395 Y0.0274
N27995 X-0.223 Y0.0158
N28000 X-0.2052 Y0.0046
N28005 X-0.1863 Y-0.0061
N28010 X-0.1665 Y-0.0161
N28015 X-0.1456 Y-0.0253
N28020 X-0.1236 Y-0.0339
N28025 X-0.1006 Y-0.0415
N28030 X-0.0766 Y-0.0482
N28035 X-0.0519 Y-0.0538
N28040 X-0.0266 Y-0.0582
N28045 X-0.001 Y-0.0615
N28050 X0.0249 Y-0.0635
N28055 X0.0508 Y-0.0642
N28060 X0.0765 Y-0.0637
N28065 X0.1019 Y-0.0619
N28070 X0.1268 Y-0.059
N28075 X0.1511 Y-0.0549
N28080 X0.1747 Y-0.0497
N28085 X0.1975 Y-0.0436
N28090 X0.2193 Y-0.0365
N28095 X0.24 Y-0.0287
N28100 X0.2595 Y-0.0202
N28105 X0.2778 Y-0.0112
N28110 X0.295 Y-0.0016
N28115 X0.3111 Y0.0084
N28120 X0.3261 Y0.0187
N28125 X0.3396 Y0.029
N28130 X0.3516 Y0.0392
N28135 X0.3624 Y0.0492
N28140 X0.3717 Y0.0589
N28145 X0.3789 Y0.067
N28150 X0.3861 Y0.076
N28155 X0.3913 Y0.0832
N28160 X0.3931 Y0.086
N28165 X0.4004 Y0.0998
N28170 X0.4051 Y0.1146
N28175 X0.4071 Y0.1301
N28180 X0.4062 Y0.1456
N28185 X0.4026 Y0.1608
N28190 X0.402 Y0.1625
N28195 X0.4002 Y0.1677
N28200 X0.3923 Y0.188
N28205 X0.3898 Y0.1942
N28210 X0.3822 Y0.2103
N28215 G3 X0.3634 Y0.223 Z-0.5851 I-0.021 J-0.0108
N28220 G1 X0.3569 Y0.2236 Z-0.5837
N28225 X0.3501 Y0.2242 Z-0.5823
N28230 X-0.3078 Y0.2846
N28235 X-0.3146 Y0.2852 Z-0.5837
N28240 X-0.3217 Y0.2859 Z-0.5852
N28245 G3 X-0.3422 Y0.2773 Z-0.5902 I-0.0022 J-0.0235
N28250 G1 X-0.3447 Y0.274
N28255 X-0.3505 Y0.2655
N28260 X-0.361 Y0.2496
N28265 X-0.3671 Y0.2388
N28270 X-0.3698 Y0.2335
N28275 X-0.3721 Y0.2281
N28280 X-0.374 Y0.2225
N28285 X-0.3755 Y0.2168
N28290 X-0.3767 Y0.211
N28295 X-0.3775 Y0.2052
N28300 X-0.378 Y0.1991
N28305 X-0.3782 Y0.1929
N28310 X-0.3781 Y0.186
N28315 X-0.3777 Y0.1786
N28320 X-0.3768 Y0.1711
N28325 X-0.3755 Y0.1627
N28330 X-0.3736 Y0.1539
N28335 X-0.3713 Y0.145
N28340 X-0.3683 Y0.1354
N28345 X-0.3645 Y0.1251
N28350 X-0.3601 Y0.1148
N28355 X-0.3549 Y0.104
N28360 X-0.3487 Y0.0926
N28365 X-0.3415 Y0.0809
N28370 X-0.3336 Y0.0692
N28375 X-0.3246 Y0.0573
N28380 X-0.3143 Y0.0449
N28385 X-0.3027 Y0.0323
N28390 X-0.2899 Y0.0196
N28395 X-0.2762 Y0.0074
N28400 X-0.2611 Y-0.0049
N28405 X-0.2445 Y-0.0171
N28410 X-0.2266 Y-0.0289
N28415 X-0.2073 Y-0.0404
N28420 X-0.1867 Y-0.0513
N28425 X-0.1649 Y-0.0615
N28430 X-0.1422 Y-0.0708
N28435 X-0.1187 Y-0.0792
N28440 X-0.094 Y-0.0866
N28445 X-0.0684 Y-0.093
N28450 X-0.0421 Y-0.0982
N28455 X-0.0152 Y-0.1022
N28460 X0.012 Y-0.1048
N28465 X0.0394 Y-0.1062
N28470 X0.0667
N28475 X0.0938 Y-0.1049
N28480 X0.1206 Y-0.1023
N28485 X0.1468 Y-0.0984
N28490 X0.1724 Y-0.0934
N28495 X0.1971 Y-0.0873
N28500 X0.2206 Y-0.0802
N28505 X0.243 Y-0.0723
N28510 X0.2643 Y-0.0635
N28515 X0.2846 Y-0.054
N28520 X0.3037 Y-0.0439
N28525 X0.3215 Y-0.0334
N28530 X0.338 Y-0.0224
N28535 X0.3528 Y-0.0117
N28540 X0.3658 Y-0.0011
N28545 X0.3772 Y0.0092
N28550 X0.3859 Y0.0177
N28555 X0.3944 Y0.0269
N28560 X0.4004 Y0.0341
N28565 X0.4016 Y0.0357
N28570 X0.409 Y0.0475
N28575 X0.4145 Y0.0603
N28580 X0.4179 Y0.0738
N28585 X0.419 Y0.0877
N28590 X0.4179 Y0.1016
N28595 X0.4171 Y0.107
N28600 X0.416 Y0.1122
N28605 X0.4115 Y0.1308
N28610 X0.4095 Y0.1387
N28615 X0.4047 Y0.1545
N28620 X0.4026 Y0.1608
N28625 G3 X0.3829 Y0.176 Z-0.5846 I-0.0221 J-0.0083
N28630 G1 X0.3789 Y0.1764 Z-0.5837
N28635 X0.3721 Y0.1771 Z-0.5823
N28640 X-0.3341 Y0.2489
N28645 X-0.3409 Y0.2496 Z-0.5837
N28650 X-0.3446 Y0.25 Z-0.5845
N28655 G3 X-0.3671 Y0.2388 Z-0.5902 I-0.0024 J-0.0235
N28660 G1 X-0.3764 Y0.2224
N28665 X-0.3786 Y0.2179
N28670 X-0.3881 Y0.1977
N28675 X-0.3904 Y0.1923
N28680 X-0.3923 Y0.1867
N28685 X-0.3939 Y0.181
N28690 X-0.395 Y0.1752
N28695 X-0.3958 Y0.1693
N28700 X-0.3962 Y0.1635
N28705 X-0.3964 Y0.1572
N28710 X-0.3963 Y0.1504
N28715 X-0.3958 Y0.1434
N28720 X-0.3949 Y0.1356
N28725 X-0.3935 Y0.1274
N28730 X-0.3917 Y0.1188
N28735 X-0.3892 Y0.1095
N28740 X-0.3861 Y0.0999
N28745 X-0.3823 Y0.0899
N28750 X-0.3777 Y0.0792
N28755 X-0.3721 Y0.0679
N28760 X-0.3659 Y0.0567
N28765 X-0.3586 Y0.0449
N28770 X-0.35 Y0.0325
N28775 X-0.3404 Y0.0198
N28780 X-0.3299 Y0.0074
N28785 X-0.318 Y-0.0054
N28790 X-0.3046 Y-0.0184
N28795 X-0.2898 Y-0.0316
N28800 X-0.2735 Y-0.0446
N28805 X-0.2562 Y-0.0571
N28810 X-0.2376 Y-0.0693
N28815 X-0.2175 Y-0.081
N28820 X-0.1959 Y-0.0923
N28825 X-0.1731 Y-0.1028
N28830 X-0.1489 Y-0.1125
N28835 X-0.1236 Y-0.1213
N28840 X-0.0973 Y-0.1291
N28845 X-0.0702 Y-0.1356
N28850 X-0.0424 Y-0.1409
N28855 X-0.0141 Y-0.1449
N28860 X0.0146 Y-0.1475
N28865 X0.0434 Y-0.1488
N28870 X0.0721 Y-0.1486
N28875 X0.1006 Y-0.147
N28880 X0.1288 Y-0.1441
N28885 X0.1564 Y-0.1399
N28890 X0.1831 Y-0.1344
N28895 X0.2091 Y-0.1278
N28900 X0.2341 Y-0.1201
N28905 X0.258 Y-0.1114
N28910 X0.2809 Y-0.1019
N28915 X0.3026 Y-0.0916
N28920 X0.3229 Y-0.0807
N28925 X0.3413 Y-0.0696
N28930 X0.3575 Y-0.0587
N28935 X0.3723 Y-0.0478
N28940 X0.3839 Y-0.0382
N28945 X0.3939 Y-0.0291
N28950 X0.4018 Y-0.0212
N28955 X0.41 Y-0.0106
N28960 X0.4165 Y0.0011
N28965 X0.4211 Y0.0136
N28970 X0.4237 Y0.0267
N28975 X0.4243 Y0.0401
N28980 X0.4239 Y0.0515
N28985 X0.4233 Y0.0594
N28990 X0.4217 Y0.0753
N28995 X0.4209 Y0.0832
N29000 X0.4179 Y0.1016
N29005 G3 X0.3975 Y0.1205 Z-0.5838 I-0.0232 J-0.0046
N29010 G1 X0.397 Y0.1206 Z-0.5837
N29015 X0.3902 Y0.1214 Z-0.5823
N29020 X-0.356 Y0.2094
N29025 X-0.3628 Y0.2102 Z-0.5837
N29030 X-0.3644 Y0.2104 Z-0.5841
N29035 G3 X-0.3881 Y0.1977 Z-0.5902 I-0.0028 J-0.0235
N29040 G1 X-0.3898 Y0.1942
N29045 X-0.393 Y0.1862
N29050 X-0.4002 Y0.1677
N29055 X-0.402 Y0.1625
N29060 X-0.4047 Y0.1545
N29065 X-0.4081 Y0.1432
N29070 X-0.4095 Y0.1375
N29075 X-0.4106 Y0.1316
N29080 X-0.4113 Y0.1258
N29085 X-0.4116 Y0.1199
N29090 Y0.1139
N29095 X-0.4114 Y0.1074
N29100 X-0.4107 Y0.1003
N29105 X-0.4097 Y0.093
N29110 X-0.4082 Y0.0849
N29115 X-0.4061 Y0.0763
N29120 X-0.4034 Y0.0673
N29125 X-0.4 Y0.0575
N29130 X-0.3959 Y0.0474
N29135 X-0.3911 Y0.0369
N29140 X-0.3853 Y0.0257
N29145 X-0.3784 Y0.0139
N29150 X-0.3708 Y0.0022
N29155 X-0.3618 Y-0.0102
N29160 X-0.3513 Y-0.0232
N29165 X-0.3397 Y-0.0364
N29170 X-0.3271 Y-0.0493
N29175 X-0.313 Y-0.0624
N29180 X-0.2972 Y-0.0757
N29185 X-0.2798 Y-0.089
N29190 X-0.2608 Y-0.1021
N29195 X-0.2407 Y-0.1146
N29200 X-0.2194 Y-0.1264
N29205 X-0.1965 Y-0.1377
N29210 X-0.172 Y-0.1483
N29215 X-0.1461 Y-0.158
N29220 X-0.1191 Y-0.1667
N29225 X-0.091 Y-0.1742
N29230 X-0.0622 Y-0.1805
N29235 X-0.0326 Y-0.1854
N29240 X-0.0027 Y-0.1889
N29245 X0.0276 Y-0.191
N29250 X0.0579 Y-0.1916
N29255 X0.0881 Y-0.1907
N29260 X0.1181 Y-0.1884
N29265 X0.1475 Y-0.1846
N29270 X0.1763 Y-0.1795
N29275 X0.2043 Y-0.1731
N29280 X0.2315 Y-0.1655
N29285 X0.2577 Y-0.1568
N29290 X0.2828 Y-0.147
N29295 X0.3065 Y-0.1365
N29300 X0.3282 Y-0.1255
N29305 X0.3476 Y-0.1145
N29310 X0.365 Y-0.1035
N29315 X0.3784 Y-0.094
N29320 X0.3897 Y-0.0853
N29325 X0.392 Y-0.0833
N29330 X0.4026 Y-0.0723
N29335 X0.4112 Y-0.0597
N29340 X0.4174 Y-0.0457
N29345 X0.4211 Y-0.0309
N29350 X0.4216 Y-0.0277
N29355 X0.424 Y-0.0023
N29360 X0.4242 Y0.004
N29365 X0.4246 Y0.0198
N29370 X0.4247 Y0.0277
N29375 X0.4243 Y0.0401
N29380 G3 X0.4036 Y0.0619 Z-0.5832 I-0.0236 J-0.0016
N29385 G1 X0.3991 Y0.0624 Z-0.5823
N29390 X-0.3781 Y0.1585
N29395 X-0.3828 Y0.1591 Z-0.5833
N29400 G3 X-0.4081 Y0.1432 Z-0.5902 I-0.0029 J-0.0234
N29405 G1 X-0.4095 Y0.1387
N29410 X-0.4115 Y0.1308
N29415 X-0.416 Y0.1122
N29420 X-0.4171 Y0.107
N29425 X-0.4209 Y0.0832
N29430 X-0.4216 Y0.0711
N29435 Y0.0652
N29440 X-0.4214 Y0.0593
N29445 X-0.4207 Y0.0529
N29450 X-0.4197 Y0.0462
N29455 X-0.4183 Y0.0389
N29460 X-0.4163 Y0.0309
N29465 X-0.4139 Y0.0227
N29470 X-0.4106 Y0.0134
N29475 X-0.4068 Y0.0041
N29480 X-0.402 Y-0.006
N29485 X-0.3963 Y-0.0169
N29490 X-0.3898 Y-0.0278
N29495 X-0.3822 Y-0.0394
N29500 X-0.3731 Y-0.0517
N29505 X-0.363 Y-0.0642
N29510 X-0.3517 Y-0.0768
N29515 X-0.3387 Y-0.09
N29520 X-0.3239 Y-0.1036
N29525 X-0.3078 Y-0.1171
N29530 X-0.2906 Y-0.13
N29535 X-0.2716 Y-0.143
N29540 X-0.2508 Y-0.1557
N29545 X-0.2281 Y-0.1681
N29550 X-0.2038 Y-0.1799
N29555 X-0.178 Y-0.1909
N29560 X-0.1509 Y-0.2009
N29565 X-0.1226 Y-0.2098
N29570 X-0.0936 Y-0.2175
N29575 X-0.0636 Y-0.2238
N29580 X-0.0328 Y-0.2287
N29585 X-0.0013 Y-0.2322
N29590 X0.0305 Y-0.2342
N29595 X0.0624 Y-0.2347
N29600 X0.0943 Y-0.2335
N29605 X0.1259 Y-0.2309
N29610 X0.157 Y-0.2267
N29615 X0.1876 Y-0.2211
N29620 X0.2172 Y-0.2142
N29625 X0.2458 Y-0.206
N29630 X0.273 Y-0.1968
N29635 X0.2986 Y-0.1867
N29640 X0.3226 Y-0.1758
N29645 X0.3442 Y-0.1648
N29650 X0.3604 Y-0.1555
N29655 X0.369 Y-0.1499
N29660 X0.3811 Y-0.1406
N29665 X0.3914 Y-0.1292
N29670 X0.3994 Y-0.1163
N29675 X0.4051 Y-0.1021
N29680 X0.4061 Y-0.0991
N29685 X0.4083 Y-0.0911
N29690 X0.4105 Y-0.0832
N29695 X0.4161 Y-0.0594
N29700 X0.4176 Y-0.0515
N29705 X0.4203 Y-0.0357
N29710 X0.4211 Y-0.0309
N29715 G3 X0.4008 Y-0.0047 Z-0.5823 I-0.0235 J0.0028
N29720 G1 X0.4004
N29725 X-0.3932 Y0.1019
N29730 X-0.3946 Y0.1021 Z-0.5826
N29735 X-0.3977 Y0.1023 Z-0.5833
N29740 G3 X-0.4209 Y0.0832 Z-0.5902 I0. J-0.0236
N29745 G1 X-0.4217 Y0.0753
N29750 X-0.4233 Y0.0594
N29755 X-0.4239 Y0.0515
N29760 X-0.4247 Y0.0277
N29765 X-0.4246 Y0.0198
N29770 X-0.4243 Y0.0075
N29775 X-0.4237 Y0.0005
N29780 X-0.423 Y-0.0053
N29785 X-0.4219 Y-0.0114
N29790 X-0.4204 Y-0.018
N29795 X-0.4184 Y-0.0252
N29800 X-0.4159 Y-0.0328
N29805 X-0.4126 Y-0.0413
N29810 X-0.4088 Y-0.0499
N29815 X-0.4039 Y-0.0595
N29820 X-0.3984 Y-0.0693
N29825 X-0.3917 Y-0.0798
N29830 X-0.3837 Y-0.0913
N29835 X-0.3749 Y-0.1025
N29840 X-0.3646 Y-0.1145
N29845 X-0.3525 Y-0.1272
N29850 X-0.3393 Y-0.1398
N29855 X-0.3247 Y-0.1525
N29860 X-0.3079 Y-0.1657
N29865 X-0.2891 Y-0.179
N29870 X-0.2685 Y-0.1922
N29875 X-0.2468 Y-0.2046
N29880 X-0.2232 Y-0.2166
N29885 X-0.1977 Y-0.2281
N29890 X-0.1704 Y-0.2388
N29895 X-0.1418 Y-0.2484
N29900 X-0.1118 Y-0.2569
N29905 X-0.0807 Y-0.2641
N29910 X-0.0487 Y-0.2699
N29915 X-0.016 Y-0.2742
N29920 X0.0172 Y-0.2769
N29925 X0.0506 Y-0.278
N29930 X0.0841 Y-0.2774
N29935 X0.1173 Y-0.2753
N29940 X0.1503 Y-0.2715
N29945 X0.1826 Y-0.2663
N29950 X0.2141 Y-0.2595
N29955 X0.2444 Y-0.2515
N29960 X0.2735 Y-0.2422
N29965 X0.301 Y-0.232
N29970 X0.3239 Y-0.2222
N29975 X0.3327 Y-0.2178
N29980 X0.344 Y-0.2113
N29985 X0.3541 Y-0.2031
N29990 X0.3629 Y-0.1935
N29995 X0.3701 Y-0.1827
N30000 X0.3771 Y-0.1704
N30005 X0.381 Y-0.1625
N30010 X0.3883 Y-0.1466
N30015 X0.3918 Y-0.1387
N30020 X0.4008 Y-0.1149
N30025 X0.4037 Y-0.107
N30030 X0.4051 Y-0.1021
N30035 G3 X0.3884 Y-0.0732 Z-0.5823 I-0.0228 J0.0061
N30040 G1 X0.3854 Y-0.0726
N30045 X-0.3975 Y0.0307
N30050 X-0.4004 Y0.0309
N30055 G3 X-0.4243 Y0.0075 Z-0.5902 I-0.0002 J-0.0236
N30060 G1 X-0.4242 Y0.004
N30065 X-0.424 Y-0.0023
N30070 X-0.4216 Y-0.0277
N30075 X-0.4203 Y-0.0357
N30080 X-0.4176 Y-0.0515
N30085 X-0.416 Y-0.0598
N30090 X-0.4113 Y-0.0796
N30095 X-0.4086 Y-0.089
N30100 X-0.4064 Y-0.0956
N30105 X-0.4037 Y-0.1022
N30110 X-0.4003 Y-0.1098
N30115 X-0.3963 Y-0.1174
N30120 X-0.3912 Y-0.1262
N30125 X-0.3856 Y-0.1349
N30130 X-0.3785 Y-0.1447
N30135 X-0.3706 Y-0.1547
N30140 X-0.3612 Y-0.1654
N30145 X-0.35 Y-0.177
N30150 X-0.3379 Y-0.1883
N30155 X-0.3238 Y-0.2003
N30160 X-0.3075 Y-0.2128
N30165 X-0.2897 Y-0.2252
N30170 X-0.2704 Y-0.2373
N30175 X-0.2486 Y-0.2495
N30180 X-0.2244 Y-0.2614
N30185 X-0.1982 Y-0.2729
N30190 X-0.1702 Y-0.2836
N30195 X-0.1409 Y-0.2931
N30200 X-0.1106 Y-0.3014
N30205 X-0.0786 Y-0.3085
N30210 X-0.0455 Y-0.3141
N30215 X-0.0114 Y-0.3182
N30220 X0.0233 Y-0.3207
N30225 X0.0582 Y-0.3215
N30230 X0.0931 Y-0.3206
N30235 X0.1279 Y-0.318
N30240 X0.1624 Y-0.3138
N30245 X0.1962 Y-0.308
N30250 X0.2291 Y-0.3006
N30255 X0.2607 Y-0.2919
N30260 X0.274 Y-0.2875
N30265 X0.2875 Y-0.2818
N30270 X0.2998 Y-0.2739
N30275 X0.3106 Y-0.2641
N30280 X0.3209 Y-0.2529
N30285 X0.3235 Y-0.2496
N30290 X0.3424 Y-0.2259
N30295 X0.3447 Y-0.2227
N30300 X0.348 Y-0.2179
N30305 X0.3606 Y-0.1991
N30310 X0.3636 Y-0.1942
N30315 X0.3701 Y-0.1827
N30320 G3 X0.3601 Y-0.1508 Z-0.5823 I-0.0209 J0.0109
N30325 G1 X0.3576 Y-0.1497
N30330 X0.355 Y-0.1489
N30335 X0.3522 Y-0.1484
N30340 X-0.3851 Y-0.0516
N30345 X-0.3877 Y-0.0514
N30350 X-0.3903 Y-0.0515
N30355 X-0.3928 Y-0.0519
N30360 G3 X-0.4113 Y-0.0796 Z-0.5902 I0.0046 J-0.0232
N30365 G1 X-0.4105 Y-0.0832
N30370 X-0.4081 Y-0.0919
N30375 X-0.4061 Y-0.0991
N30380 X-0.4037 Y-0.107
N30385 X-0.4002 Y-0.1165
N30390 X-0.3918 Y-0.1387
N30395 X-0.3883 Y-0.1466
N30400 X-0.381 Y-0.1625
N30405 X-0.3771 Y-0.1704
N30410 X-0.3656 Y-0.1906
N30415 X-0.3597 Y-0.1999
N30420 X-0.3545 Y-0.2073
N30425 X-0.3487 Y-0.2148
N30430 X-0.3413 Y-0.2233
N30435 X-0.3332 Y-0.2318
N30440 X-0.3234 Y-0.2412
N30445 X-0.3121 Y-0.251
N30450 X-0.2992 Y-0.261
N30455 X-0.2837 Y-0.2721
N30460 X-0.2673 Y-0.2825
N30465 X-0.2481 Y-0.2935
N30470 X-0.226 Y-0.3046
N30475 X-0.2018 Y-0.3155
N30480 X-0.1766 Y-0.3253
N30485 X-0.1488 Y-0.3347
N30490 X-0.1186 Y-0.3432
N30495 X-0.0865 Y-0.3506
N30500 X-0.0529 Y-0.3566
N30505 X-0.0183 Y-0.3611
N30510 X0.0165 Y-0.3639
N30515 X0.0514 Y-0.3651
N30520 X0.0863 Y-0.3646
N30525 X0.1211 Y-0.3626
N30530 X0.1558 Y-0.3589
N30535 X0.1775 Y-0.3556
N30540 X0.1866 Y-0.3537
N30545 X0.1954 Y-0.3508
N30550 X0.2039 Y-0.347
N30555 X0.2083 Y-0.3447
N30560 X0.21 Y-0.3438
N30565 X0.2344 Y-0.3289
N30570 X0.2417 Y-0.3238
N30575 X0.2575 Y-0.3122
N30580 X0.2655 Y-0.3063
N30585 X0.2813 Y-0.2926
N30590 X0.2892 Y-0.2857
N30595 X0.294 Y-0.2813
N30600 X0.3051 Y-0.2699
N30605 X0.3093 Y-0.2655
N30610 X0.3106 Y-0.2641
N30615 G3 X0.3081 Y-0.2308 Z-0.5823 I-0.0179 J0.0154
N30620 X0.2952 Y-0.2252 I-0.0154 J-0.0179
N30625 G1 X-0.3422 Y-0.1562
N30630 G3 X-0.3556 Y-0.1587 I-0.0025 J-0.0235
N30635 X-0.3656 Y-0.1906 Z-0.5902 I0.0109 J-0.0209
N30640 G1 X-0.3636 Y-0.1942
N30645 X-0.3606 Y-0.1991
N30650 X-0.348 Y-0.2179
N30655 X-0.3447 Y-0.2227
N30660 X-0.3424 Y-0.2259
N30665 X-0.3235 Y-0.2496
N30670 X-0.3209 Y-0.2529
N30675 X-0.3093 Y-0.2655
N30680 X-0.2972 Y-0.2781
N30685 X-0.294 Y-0.2813
N30690 X-0.2892 Y-0.2857
N30695 X-0.2734 Y-0.2995
N30700 X-0.2655 Y-0.3063
N30705 X-0.2564 Y-0.313
N30710 X-0.2417 Y-0.3238
N30715 X-0.2344 Y-0.3289
N30720 X-0.21 Y-0.3438
N30725 X-0.2083 Y-0.3447
N30730 X-0.1862 Y-0.3561
N30735 X-0.1783 Y-0.36
N30740 X-0.1704 Y-0.3637
N30745 X-0.1545 Y-0.37
N30750 X-0.1466 Y-0.3728
N30755 X-0.1308 Y-0.3783
N30760 X-0.1228 Y-0.3809
N30765 X-0.0991 Y-0.3875
N30770 X-0.0911 Y-0.3892
N30775 X-0.0832 Y-0.3909
N30780 X-0.0753 Y-0.3925
N30785 X-0.0674 Y-0.394
N30790 X-0.0436 Y-0.397
N30795 X-0.0357 Y-0.3976
N30800 X-0.0198 Y-0.3986
N30805 X-0.0119 Y-0.3989
N30810 X0.0119
N30815 X0.0198 Y-0.3986
N30820 X0.0357 Y-0.3976
N30825 X0.0436 Y-0.397
N30830 X0.0674 Y-0.394
N30835 X0.0753 Y-0.3925
N30840 X0.0832 Y-0.3909
N30845 X0.0911 Y-0.3892
N30850 X0.0991 Y-0.3875
N30855 X0.1228 Y-0.3809
N30860 X0.1308 Y-0.3783
N30865 X0.1466 Y-0.3728
N30870 X0.1545 Y-0.37
N30875 X0.1704 Y-0.3637
N30880 X0.1783 Y-0.36
N30885 X0.1862 Y-0.3561
N30890 X0.2039 Y-0.347
N30895 G3 X0.2153 Y-0.3206 I-0.0115 J0.0206
N30900 G1 X0.2144 Y-0.3171 Z-0.5899
N30905 X0.2135 Y-0.3136 Z-0.589
N30910 X0.2127 Y-0.3102 Z-0.5876
N30915 X0.2119 Y-0.3072 Z-0.5856
N30920 X0.2112 Y-0.3044 Z-0.5832
N30925 X0.2106 Y-0.3021 Z-0.5804
N30930 X0.2101 Y-0.3002 Z-0.5773
N30935 X0.2098 Y-0.2988 Z-0.5738
N30940 X0.2096 Y-0.298 Z-0.5702
N30945 X0.2095 Y-0.2977 Z-0.5665
N30950 Z0.1969
N30955 X-1.1839 Y-1.1635
N30960 Z-0.5429
N30965 Z-0.5665
N30970 X-1.1841 Y-1.1634 Z-0.5702
N30975 X-1.1849 Y-1.1629 Z-0.5738
N30980 X-1.186 Y-1.162 Z-0.5773
N30985 X-1.1876 Y-1.1609 Z-0.5804
N30990 X-1.1896 Y-1.1596 Z-0.5832
N30995 X-1.1919 Y-1.1579 Z-0.5856
N31000 X-1.1945 Y-1.1561 Z-0.5876
N31005 X-1.1973 Y-1.1542 Z-0.589
N31010 X-1.2003 Y-1.1521 Z-0.5899
N31015 X-1.2033 Y-1.15 Z-0.5902
N31020 G3 X-1.2322 Y-1.1392 I-0.0357 J-0.0511
N31025 G1 X-1.2481 Y-1.138
N31030 X-1.2639 Y-1.1362
N31035 X-1.2956 Y-1.1327
N31040 X-1.3036 Y-1.1315
N31045 X-1.3194 Y-1.1283
N31050 X-1.3273 Y-1.1262
N31055 X-1.3511 Y-1.118
N31060 X-1.3642 Y-1.1135
N31065 X-1.384 Y-1.1076
N31070 X-1.3998 Y-1.1038
N31075 X-1.4209 Y-1.0998
N31080 X-1.4555 Y-1.0949
N31085 X-1.4901 Y-1.0905
N31090 X-1.523 Y-1.079
N31095 X-1.5527 Y-1.0606
N31100 X-1.5781 Y-1.0367
N31105 X-1.599 Y-1.0088
N31110 X-1.6157 Y-0.9781
N31115 X-1.6285 Y-0.9457
N31120 X-1.6381 Y-0.9122
N31125 X-1.6452 Y-0.878
N31130 X-1.6503 Y-0.8435
N31135 X-1.6539 Y-0.8088
N31140 X-1.6564 Y-0.774
N31145 X-1.6581 Y-0.7392
N31150 X-1.6593 Y-0.7043
N31155 X-1.6602 Y-0.6694
N31160 X-1.6607 Y-0.6345
N31165 X-1.6611 Y-0.5996
N31170 X-1.6613 Y-0.5648
N31175 X-1.6615 Y-0.5299
N31180 X-1.6617 Y-0.4601
N31185 X-1.6618 Y-0.3554
N31190 X-1.6619 Y0.0283
N31195 Y0.6912
N31200 Y0.7958
N31205 X-1.6618 Y0.8307
N31210 X-1.6578 Y0.8654
N31215 X-1.6464 Y0.8984
N31220 X-1.6282 Y0.9281
N31225 X-1.6045 Y0.9537
N31230 X-1.5767 Y0.9749
N31235 X-1.5462 Y0.9918
N31240 X-1.5379 Y0.9959
N31245 X-1.5302 Y1.0011
N31250 X-1.5233 Y1.0073
N31255 X-1.5202 Y1.0105
N31260 X-1.4964 Y1.0342
N31265 X-1.4779 Y1.0509
N31270 X-1.47 Y1.0573
N31275 X-1.469 Y1.058
N31280 X-1.4383 Y1.0774
N31285 X-1.4249 Y1.0857
N31290 X-1.4224 Y1.0873
N31295 X-1.4189 Y1.0893
N31300 X-1.416 Y1.0914
N31305 X-1.4134 Y1.094
N31310 X-1.412 Y1.0965 Z-0.59
N31315 X-1.4105 Y1.099 Z-0.5894
N31320 X-1.4091 Y1.1014 Z-0.5885
N31325 X-1.4086 Y1.1043 Z-0.5871
N31330 X-1.4082 Y1.1069 Z-0.5854
N31335 X-1.4077 Y1.1093 Z-0.5832
N31340 Y1.1094
N31345 X-1.4081 Y1.1117 Z-0.5804
N31350 X-1.4084 Y1.1136 Z-0.5772
N31355 X-1.4086 Y1.115 Z-0.5738
N31360 X-1.4087 Y1.1159 Z-0.5702
N31365 Y1.1161 Z-0.5666
N31370 Z0.1969
N31375 X-1.3239 Y-1.1496
N31380 Z-0.5429
N31385 Z-0.5665
N31390 X-1.3241 Y-1.1494 Z-0.5702
N31395 X-1.3246 Y-1.1487 Z-0.5738
N31400 X-1.3255 Y-1.1476 Z-0.5773
N31405 X-1.3268 Y-1.1461 Z-0.5804
N31410 X-1.3283 Y-1.1443 Z-0.5832
N31415 X-1.3301 Y-1.1421 Z-0.5856
N31420 X-1.3322 Y-1.1397 Z-0.5876
N31425 X-1.3344 Y-1.1371 Z-0.589
N31430 X-1.3367 Y-1.1343 Z-0.5899
N31435 X-1.339 Y-1.1315 Z-0.5902
N31440 G3 X-1.3642 Y-1.1135 I-0.0477 J-0.04
N31445 G1 X-1.3749 Y-1.1097
N31450 X-1.3828 Y-1.1069
N31455 X-1.3986 Y-1.1008
N31460 X-1.4066 Y-1.0963
N31465 X-1.4224 Y-1.0873
N31470 X-1.4312 Y-1.0818
N31475 X-1.462 Y-1.0624
N31480 X-1.469 Y-1.058
N31485 X-1.47 Y-1.0573
N31490 X-1.4779 Y-1.0509
N31495 X-1.4964 Y-1.0342
N31500 X-1.5202 Y-1.0105
N31505 X-1.5254 Y-1.0051
N31510 X-1.5423 Y-0.9867
N31515 X-1.5457 Y-0.9827
N31520 X-1.5485 Y-0.9788
N31525 X-1.5586 Y-0.9629
N31530 X-1.5735 Y-0.9391
N31535 X-1.5784 Y-0.9312
N31540 X-1.5888 Y-0.9132
N31545 X-1.5918 Y-0.9074
N31550 X-1.5968 Y-0.8952
N31555 X-1.5981 Y-0.8916
N31560 X-1.6092 Y-0.8599
N31565 X-1.6174 Y-0.8361
N31570 X-1.6194 Y-0.8282
N31575 X-1.6229 Y-0.8123
N31580 X-1.6285 Y-0.7633
N31585 X-1.6291 Y-0.7568
N31590 X-1.6304 Y-0.741
N31595 X-1.6309 Y-0.7331
N31600 Y0.7331
N31605 X-1.6304 Y0.741
N31610 X-1.6291 Y0.7568
N31615 X-1.6283 Y0.7648
N31620 X-1.6229 Y0.8123
N31625 X-1.6194 Y0.8282
N31630 X-1.6174 Y0.8361
N31635 X-1.6092 Y0.8599
N31640 X-1.5981 Y0.8916
N31645 X-1.5968 Y0.8952
N31650 X-1.5918 Y0.9074
N31655 X-1.5888 Y0.9132
N31660 X-1.5784 Y0.9312
N31665 X-1.573 Y0.94
N31670 X-1.5586 Y0.9629
N31675 X-1.5485 Y0.9788
N31680 X-1.5457 Y0.9827
N31685 X-1.5423 Y0.9867
N31690 X-1.5254 Y1.0051
N31695 X-1.5233 Y1.0073
N31700 G3 X-1.521 Y1.0359 I-0.0175 J0.0159
N31705 G1 X-1.523 Y1.0391 Z-0.5899
N31710 X-1.5249 Y1.0421 Z-0.589
N31715 X-1.5268 Y1.045 Z-0.5876
N31720 X-1.5285 Y1.0476 Z-0.5856
N31725 X-1.53 Y1.05 Z-0.5832
N31730 X-1.5313 Y1.052 Z-0.5804
N31735 X-1.5324 Y1.0536 Z-0.5773
N31740 X-1.5332 Y1.0548 Z-0.5738
N31745 X-1.5336 Y1.0555 Z-0.5702
N31750 X-1.5338 Y1.0558 Z-0.5665
N31755 Z0.1969
N31760 X1.1839 Y1.1635
N31765 Z-0.5429
N31770 Z-0.5665
N31775 X1.1841 Y1.1634 Z-0.5702
N31780 X1.1849 Y1.1629 Z-0.5738
N31785 X1.186 Y1.162 Z-0.5773
N31790 X1.1876 Y1.1609 Z-0.5804
N31795 X1.1896 Y1.1596 Z-0.5832
N31800 X1.1919 Y1.1579 Z-0.5856
N31805 X1.1945 Y1.1561 Z-0.5876
N31810 X1.1973 Y1.1542 Z-0.589
N31815 X1.2003 Y1.1521 Z-0.5899
N31820 X1.2033 Y1.15 Z-0.5902
N31825 G3 X1.2322 Y1.1392 I0.0357 J0.0511
N31830 G1 X1.2481 Y1.138
N31835 X1.2639 Y1.1362
N31840 X1.2956 Y1.1327
N31845 X1.3036 Y1.1315
N31850 X1.3194 Y1.1283
N31855 X1.3273 Y1.1262
N31860 X1.3511 Y1.118
N31865 X1.3642 Y1.1135
N31870 X1.384 Y1.1076
N31875 X1.3998 Y1.1038
N31880 X1.4209 Y1.0998
N31885 X1.4508 Y1.0955
N31890 X1.4856 Y1.0923
N31895 X1.5204 Y1.0904
N31900 X1.555 Y1.0856
N31905 X1.5872 Y1.0724
N31910 X1.6155 Y1.052
N31915 X1.6391 Y1.0263
N31920 X1.658 Y0.9969
N31925 X1.6725 Y0.9652
N31930 X1.6834 Y0.932
N31935 X1.6913 Y0.898
N31940 X1.6969 Y0.8636
N31945 X1.7008 Y0.829
N31950 X1.7036 Y0.7942
N31955 X1.7054 Y0.7593
N31960 X1.7066 Y0.7245
N31965 X1.7075 Y0.6896
N31970 X1.708 Y0.6547
N31975 X1.7084 Y0.6198
N31980 X1.7086 Y0.5849
N31985 X1.7088 Y0.5501
N31990 X1.709 Y0.4803
N31995 X1.7091 Y0.3756
N32000 Y-0.1128
N32005 Y-0.6361
N32010 Y-0.8803
N32015 X1.7086 Y-0.9152
N32020 X1.6997 Y-0.9489
N32025 X1.6828 Y-0.9794
N32030 X1.6596 Y-1.0055
N32035 X1.632 Y-1.0268
N32040 X1.6013 Y-1.0435
N32045 X1.5688 Y-1.0562
N32050 X1.5352 Y-1.0655
N32055 X1.501 Y-1.0722
N32060 X1.4664 Y-1.077
N32065 X1.4539 Y-1.0781
N32070 X1.4419 Y-1.0801
N32075 X1.4302 Y-1.0838
N32080 X1.4192 Y-1.0891
N32085 X1.4043 Y-1.0976
N32090 X1.3986 Y-1.1008
N32095 X1.3828 Y-1.1069
N32100 X1.3749 Y-1.1097
N32105 X1.3511 Y-1.118
N32110 X1.3273 Y-1.1262
N32115 X1.3194 Y-1.1283
N32120 X1.3036 Y-1.1315
N32125 X1.2956 Y-1.1327
N32130 X1.2793 Y-1.1345
N32135 G3 X1.2593 Y-1.1552 I0.0035 J-0.0234
N32140 G1 X1.2588 Y-1.1589 Z-0.5899
N32145 X1.2584 Y-1.1624 Z-0.589
N32150 X1.258 Y-1.1658 Z-0.5876
N32155 X1.2577 Y-1.169 Z-0.5856
N32160 X1.2573 Y-1.1718 Z-0.5832
N32165 X1.2571 Y-1.1742 Z-0.5804
N32170 X1.2568 Y-1.1761 Z-0.5773
N32175 X1.2567 Y-1.1775 Z-0.5738
N32180 X1.2566 Y-1.1784 Z-0.5702
N32185 X1.2565 Y-1.1786 Z-0.5665
N32190 Z0.1969
N32195 X1.3239 Y1.1496
N32200 Z-0.5429
N32205 Z-0.5665
N32210 X1.3241 Y1.1494 Z-0.5702
N32215 X1.3246 Y1.1487 Z-0.5738
N32220 X1.3255 Y1.1476 Z-0.5773
N32225 X1.3268 Y1.1461 Z-0.5804
N32230 X1.3283 Y1.1443 Z-0.5832
N32235 X1.3301 Y1.1421 Z-0.5856
N32240 X1.3322 Y1.1397 Z-0.5876
N32245 X1.3344 Y1.1371 Z-0.589
N32250 X1.3367 Y1.1343 Z-0.5899
N32255 X1.339 Y1.1315 Z-0.5902
N32260 G3 X1.3642 Y1.1135 I0.0477 J0.04
N32265 G1 X1.3749 Y1.1097
N32270 X1.3828 Y1.1069
N32275 X1.3986 Y1.1008
N32280 X1.4066 Y1.0963
N32285 X1.4224 Y1.0873
N32290 X1.4303 Y1.0823
N32295 X1.4355 Y1.0794
N32300 X1.4423 Y1.0761
N32305 X1.452 Y1.0718
N32310 X1.4846 Y1.0594
N32315 X1.5165 Y1.0454
N32320 X1.5457 Y1.0263
N32325 X1.5712 Y1.0024
N32330 X1.5926 Y0.9749
N32335 X1.61 Y0.9446
N32340 X1.6236 Y0.9126
N32345 X1.6342 Y0.8793
N32350 X1.642 Y0.8453
N32355 X1.6479 Y0.8109
N32360 X1.6521 Y0.7763
N32365 X1.655 Y0.7415
N32370 X1.6572 Y0.7067
N32375 X1.6586 Y0.6718
N32380 X1.6597 Y0.637
N32385 X1.6604 Y0.6021
N32390 X1.6608 Y0.5672
N32395 X1.6612 Y0.5323
N32400 X1.6614 Y0.4974
N32405 X1.6615 Y0.4625
N32410 X1.6617 Y0.3928
N32415 X1.6618 Y0.2881
N32420 X1.6619 Y-0.1305
N32425 Y-0.7934
N32430 X1.6618 Y-0.8283
N32435 X1.6583 Y-0.863
N32440 X1.6474 Y-0.8961
N32445 X1.6297 Y-0.9261
N32450 X1.6063 Y-0.9521
N32455 X1.5788 Y-0.9735
N32460 X1.5484 Y-0.9907
N32465 X1.5387 Y-0.9955
N32470 X1.5298 Y-1.0017
N32475 X1.5217 Y-1.0089
N32480 X1.5202 Y-1.0105
N32485 X1.4964 Y-1.0342
N32490 X1.4779 Y-1.0509
N32495 X1.47 Y-1.0573
N32500 X1.469 Y-1.058
N32505 X1.4383 Y-1.0774
N32510 X1.4249 Y-1.0857
N32515 X1.4224 Y-1.0873
N32520 X1.4192 Y-1.0891
N32525 X1.4162 Y-1.0913
N32530 X1.4137 Y-1.0938
N32535 X1.4122 Y-1.0964 Z-0.59
N32540 X1.4108 Y-1.0988 Z-0.5894
N32545 X1.4094 Y-1.1012 Z-0.5885
N32550 X1.4089 Y-1.1041 Z-0.5871
N32555 X1.4084 Y-1.1068 Z-0.5854
N32560 X1.408 Y-1.1092 Z-0.5832
N32565 X1.4083 Y-1.1116 Z-0.5804
N32570 X1.4086 Y-1.1135 Z-0.5772
N32575 X1.4088 Y-1.1149 Z-0.5738
N32580 X1.4089 Y-1.1157 Z-0.5702
N32585 X1.409 Y-1.116 Z-0.5666
N32590 Z0.1969
N32595 X1.3991 Y1.1265
N32600 Z-0.5429
N32605 Z-0.5665
N32610 X1.3992 Y1.1263 Z-0.5702
N32615 X1.3996 Y1.1255 Z-0.5738
N32620 X1.4003 Y1.1242 Z-0.5773
N32625 X1.4011 Y1.1225 Z-0.5804
N32630 X1.4022 Y1.1204 Z-0.5832
N32635 X1.4035 Y1.1179 Z-0.5856
N32640 X1.405 Y1.1151 Z-0.5876
N32645 X1.4065 Y1.112 Z-0.589
N32650 X1.4082 Y1.1088 Z-0.5899
N32655 X1.4099 Y1.1055 Z-0.5902
N32660 G3 X1.4303 Y1.0823 I0.0555 J0.0284
N32665 G1 X1.462 Y1.0624
N32670 X1.469 Y1.058
N32675 X1.47 Y1.0573
N32680 X1.4779 Y1.0509
N32685 X1.4964 Y1.0342
N32690 X1.5202 Y1.0105
N32695 X1.5254 Y1.0051
N32700 X1.5423 Y0.9867
N32705 X1.5457 Y0.9827
N32710 X1.5485 Y0.9788
N32715 X1.5586 Y0.9629
N32720 X1.5735 Y0.9391
N32725 X1.5784 Y0.9312
N32730 X1.5888 Y0.9132
N32735 X1.5918 Y0.9074
N32740 X1.5968 Y0.8952
N32745 X1.5981 Y0.8916
N32750 X1.6092 Y0.8599
N32755 X1.6174 Y0.8361
N32760 X1.6194 Y0.8282
N32765 X1.6229 Y0.8123
N32770 X1.6285 Y0.7633
N32775 X1.6291 Y0.7568
N32780 X1.6304 Y0.741
N32785 X1.6309 Y0.7331
N32790 Y-0.7331
N32795 X1.6304 Y-0.741
N32800 X1.6291 Y-0.7568
N32805 X1.6283 Y-0.7648
N32810 X1.6229 Y-0.8123
N32815 X1.6194 Y-0.8282
N32820 X1.6174 Y-0.8361
N32825 X1.6092 Y-0.8599
N32830 X1.5981 Y-0.8916
N32835 X1.5968 Y-0.8952
N32840 X1.5918 Y-0.9074
N32845 X1.5888 Y-0.9132
N32850 X1.5784 Y-0.9312
N32855 X1.573 Y-0.94
N32860 X1.5586 Y-0.9629
N32865 X1.5485 Y-0.9788
N32870 X1.5457 Y-0.9827
N32875 X1.5423 Y-0.9867
N32880 X1.5254 Y-1.0051
N32885 X1.5217 Y-1.0089
N32890 G3 X1.5194 Y-1.0376 I0.0175 J-0.0159
N32895 G1 X1.5214 Y-1.0407 Z-0.5899
N32900 X1.5234 Y-1.0437 Z-0.589
N32905 X1.5252 Y-1.0466 Z-0.5876
N32910 X1.5269 Y-1.0492 Z-0.5856
N32915 X1.5285 Y-1.0516 Z-0.5832
N32920 X1.5298 Y-1.0536 Z-0.5804
N32925 X1.5308 Y-1.0553 Z-0.5773
N32930 X1.5316 Y-1.0564 Z-0.5738
N32935 X1.5321 Y-1.0572 Z-0.5702
N32940 X1.5322 Y-1.0574 Z-0.5665
N32945 Z0.5906
N32950 M5
N32955 G53 G0 Z0.
N32960 M30
%
