%
(1001)
(MACHINE)
(  VENDOR PRINTNC)
(  MODEL PRINTNC V4 METALCUTTER)
(  DESCRIPTION GENERIC 3-AXIS ROUTER)
(T8 D=0.2362 CR=0. - ZMIN=-0.626 - FLAT END MILL)
N10 G90 G94 G17 G91.1
N15 G20
(WHEN USING FUSION FOR PERSONAL USE, THE FEEDRATE OF RAPID)
(MOVES IS REDUCED TO MATCH THE FEEDRATE OF CUTTING MOVES,)
(WHICH CAN INCREASE MACHINING TIME. UNRESTRICTED RAPID MOVES)
(ARE AVAILABLE WITH A FUSION SUBSCRIPTION.)
N20 G53 G0 Z0.
(2D ADAPTIVE12)
N25 T8 M6
N30 S15918 M3
N35 G17 G90 G94
N40 G54
N45 G64 P0.0039 Q0.0039
N50 G0 X-0.0185 Y-0.2489
N55 G43 Z0.5906 H8
N60 G1 Z0.1969 F31.335
N65 Z0.0236
N70 Z0.
N75 Z-0.0787
N80 G3 X0. Y-0.1203 I-0.5842 J0.1496
N85 G1 Y-0.1147
N90 X-0.0209 Y-0.0868
N95 X-0.0366 Y-0.0556
N100 X-0.0478 Y-0.0226
N105 X-0.0557 Y0.0114
N110 X-0.061 Y0.0459
N115 X-0.0645 Y0.0806
N120 X-0.0668 Y0.1154
N125 X-0.0683 Y0.1503
N130 X-0.0692 Y0.1851
N135 X-0.0698 Y0.22
N140 X-0.0702 Y0.2549
N145 X-0.0704 Y0.2898
N150 X-0.0706 Y0.3247
N155 X-0.0708 Y0.3944
N160 Y0.534
N165 X-0.0709 Y1.8597
N170 Y2.069
N175 X-0.0604 Y2.1023
N180 X-0.04 Y2.1306
N185 X-0.0135 Y2.1532
N190 X0.0169 Y2.1703
N195 X0.0495 Y2.1828
N200 X0.0833 Y2.1915
N205 X0.1177 Y2.1974
N210 X0.1524 Y2.2014
N215 X0.1871 Y2.204
N220 X0.222 Y2.2057
N225 X0.2569 Y2.2068
N230 X0.2917 Y2.2075
N235 X0.3266 Y2.2079
N240 X0.3615 Y2.2082
N245 X0.3964 Y2.2084
N250 X0.4549 Y2.2085
N255 X0.4556
N260 X0.4646 Y2.2087
N265 X1.17
N270 X1.2048 Y2.2104
N275 X1.2397 Y2.2098
N280 X1.2746 Y2.2094
N285 X1.3095 Y2.2091
N290 X1.3443 Y2.2089
N295 X1.4141 Y2.2088
N300 X1.5188 Y2.2087
N305 X2.4607
N310 X3.1585
N315 X3.2631
N320 X3.2804 Y2.2062
N325 X3.3133 Y2.1947
N330 X3.3413 Y2.1738
N335 X3.3634 Y2.1469
N340 X3.3801 Y2.1162
N345 X3.3922 Y2.0835
N350 X3.4007 Y2.0497
N355 X3.4065 Y2.0153
N360 X3.4103 Y1.9806
N365 X3.4128 Y1.9458
N370 X3.4145 Y1.9109
N375 X3.4155 Y1.8761
N380 X3.4162 Y1.8412
N385 X3.4166 Y1.8063
N390 X3.4169 Y1.7714
N395 X3.417 Y1.7365
N400 X3.4171 Y1.7017
N405 X3.4172 Y1.6319
N410 X3.4173 Y1.4574
N415 Y0.4108
N420 Y0.0794
N425 X3.4107 Y0.0452
N430 X3.393 Y0.0151
N435 X3.368 Y-0.0092
N440 X3.3385 Y-0.0279
N445 X3.3064 Y-0.0416
N450 X3.2729 Y-0.0514
N455 X3.2387 Y-0.0581
N460 X3.2041 Y-0.0626
N465 X3.1694 Y-0.0656
N470 X3.1345 Y-0.0675
N475 X3.0997 Y-0.0687
N480 X3.0648 Y-0.0695
N485 X3.0299 Y-0.07
N490 X2.995 Y-0.0703
N495 X2.9601 Y-0.0705
N500 X2.9252 Y-0.0706
N505 X2.8915 Y-0.0707
N510 X2.8908 Y-0.0708
N515 X2.8818 Y-0.0709
N520 X0.4725
N525 X0.4377 Y-0.0726
N530 X0.4028 Y-0.072
N535 X0.3679 Y-0.0716
N540 X0.333 Y-0.0713
N545 X0.2982 Y-0.0711
N550 X0.2284 Y-0.071
N555 X0.1586 Y-0.0709
N560 X0.1238 Y-0.0692
N565 X0.0912 Y-0.0567
N570 X0.0631 Y-0.036
N575 X0.0401 Y-0.0098
N580 X0.0221 Y0.0201
N585 X0.0085 Y0.0522
N590 X-0.0014 Y0.0857
N595 X-0.0085 Y0.1198
N600 X-0.0134 Y0.1544
N605 X-0.0168 Y0.1891
N610 X-0.0191 Y0.2239
N615 X-0.0207 Y0.2587
N620 X-0.0217 Y0.2936
N625 X-0.0223 Y0.3285
N630 X-0.0228 Y0.3634
N635 X-0.0231 Y0.3983
N640 X-0.0233 Y0.4332
N645 X-0.0234 Y0.468
N650 X-0.0235 Y0.5378
N655 X-0.0236 Y0.6774
N660 Y1.5146
N665 Y1.9682
N670 X-0.0206 Y2.0029
N675 X-0.0087 Y2.0357
N680 X0.0108 Y2.0646
N685 X0.0359 Y2.0889
N690 X0.0649 Y2.1083
N695 X0.0963 Y2.1234
N700 X0.1294 Y2.1346
N705 X0.1633 Y2.1429
N710 X0.1977 Y2.1487
N715 X0.2298 Y2.1525
N720 X0.241 Y2.1546
N725 X0.2518 Y2.1581
N730 X0.2621 Y2.1631
N735 X0.2665 Y2.1655
N740 X0.2744 Y2.1696
N745 X0.2836 Y2.1734
N750 X0.3299 Y2.1897
N755 X0.3378 Y2.1923
N760 X0.3539 Y2.1972
N765 X0.3616 Y2.1991
N770 X0.3774 Y2.2014
N775 X0.3854 Y2.2024
N780 X0.4329 Y2.2078
N785 X0.4408 Y2.2082
N790 X0.4556 Y2.2085
N795 G3 X0.4692 Y2.2139 Z-0.0756 I-0.0014 J0.0236
N800 G2 X0.4866 Y2.2277 Z-0.0709 I0.3434 J-0.417
N805 X0.5888 Y2.2886 I0.3259 J-0.4308
N810 X0.5986 Y2.2907 I0.0098 J-0.0215
N815 G1 X1.0264 Y2.2908
N820 G2 X1.0361 Y2.2887 I0. J-0.0236
N825 X1.1388 Y2.2274 I-0.2236 J-0.4917
N830 X1.1558 Y2.214 Z-0.0755 I-0.3262 J-0.4305
N835 G3 X1.17 Y2.2087 Z-0.0787 I0.015 J0.0182
N840 G1 X1.1937
N845 X1.2017 Y2.2084
N850 X1.2175 Y2.2075
N855 X1.2254 Y2.2064
N860 X1.2413 Y2.2039
N865 X1.2492 Y2.2025
N870 X1.2651 Y2.1995
N875 X1.273 Y2.1978
N880 X1.2809 Y2.1952
N885 X1.2888 Y2.192
N890 X1.2908 Y2.1912
N895 X1.3004 Y2.1875
N900 X1.3109 Y2.1841
N905 X1.3243 Y2.1804
N910 X1.3417 Y2.1765
N915 X1.3654 Y2.1724
N920 X1.4001 Y2.1682
N925 X1.4349 Y2.1656
N930 X1.4697 Y2.1641
N935 X1.5046 Y2.1631
N940 X1.5395 Y2.1625
N945 X1.5743 Y2.1621
N950 X1.6092 Y2.1618
N955 X1.6441 Y2.1617
N960 X1.7139 Y2.1615
N965 X1.8534 Y2.1614
N970 X1.9768
N975 X1.9915 Y2.1627
N980 X2.0058 Y2.1664
N985 X2.0192 Y2.1725
N990 X2.0259 Y2.1763
N995 X2.0357 Y2.1813
N1000 X2.0513 Y2.1893
N1005 X2.0576 Y2.192
N1010 X2.0655 Y2.1952
N1015 X2.0735 Y2.1978
N1020 X2.0814 Y2.1995
N1025 X2.0972 Y2.2025
N1030 X2.1052 Y2.2039
N1035 X2.121 Y2.2064
N1040 X2.1289 Y2.2075
N1045 X2.1448 Y2.2084
N1050 G3 X2.1669 Y2.2334 Z-0.0709 I-0.0014 J0.0236
N1055 X2.1432 Y2.2556 I-0.0236 J-0.0014
N1060 G1 X1.2862 Y2.2485
N1065 G3 X1.2644 Y2.2163 I0.0002 J-0.0236
N1070 G1 X1.2656 Y2.2136 Z-0.0715
N1075 X1.2671 Y2.2111 Z-0.0721
N1080 G3 X1.2908 Y2.1912 Z-0.0787 I0.0507 J0.0362
N1085 G1 X1.2951 Y2.1893
N1090 X1.3126 Y2.1804
N1095 X1.3206 Y2.1763
N1100 X1.3397 Y2.1655
N1105 X1.3443 Y2.1628
N1110 X1.3454 Y2.162
N1115 X1.3503 Y2.1586
N1120 X1.3558 Y2.1554
N1125 X1.3627 Y2.1519
N1130 X1.3709 Y2.1481
N1135 X1.3805 Y2.1444
N1140 X1.3926 Y2.1402
N1145 X1.407 Y2.1361
N1150 X1.4258 Y2.1317
N1155 X1.4504 Y2.1272
N1160 X1.485 Y2.1226
N1165 X1.5197 Y2.1196
N1170 X1.5546 Y2.1177
N1175 X1.5894 Y2.1165
N1180 X1.6243 Y2.1157
N1185 X1.6592 Y2.1152
N1190 X1.6941 Y2.1148
N1195 X1.729 Y2.1146
N1200 X1.7639 Y2.1144
N1205 X1.8336 Y2.1143
N1210 X1.9034 Y2.1142
N1215 X1.9161 Y2.1144
N1220 X1.9294 Y2.1156
N1225 X1.9424 Y2.1189
N1230 X1.9547 Y2.1241
N1235 X1.966 Y2.1311
N1240 X1.9761 Y2.1398
N1245 X1.9784 Y2.142
N1250 X1.9867 Y2.1497
N1255 X1.9954 Y2.1576
N1260 X2.0021 Y2.1628
N1265 X2.0067 Y2.1655
N1270 X2.0192 Y2.1725
N1275 G3 X2.0271 Y2.205 Z-0.0709 I-0.0123 J0.0202
N1280 X2.0065 Y2.2163 I-0.0202 J-0.0123
N1285 G1 X1.3602 Y2.2036
N1290 G3 X1.3426 Y2.1952 I0.0005 J-0.0236
N1295 X1.3454 Y2.162 Z-0.0787 I0.0181 J-0.0152
N1300 G1 X1.351 Y2.1576
N1305 X1.3602 Y2.1493
N1310 X1.3684 Y2.1418
N1315 X1.376 Y2.1341
N1320 X1.3809 Y2.1297
N1325 X1.3854 Y2.1259
N1330 X1.3904 Y2.1222
N1335 X1.3958 Y2.1186
N1340 X1.4024 Y2.1147
N1345 X1.4105 Y2.1104
N1350 X1.4197 Y2.106
N1355 X1.4302 Y2.1017
N1360 X1.4435 Y2.0969
N1365 X1.4586 Y2.0924
N1370 X1.478 Y2.0875
N1375 X1.5028 Y2.0825
N1380 X1.5362 Y2.0775
N1385 X1.5709 Y2.074
N1390 X1.6057 Y2.0717
N1395 X1.6405 Y2.0702
N1400 X1.6754 Y2.0691
N1405 X1.7103 Y2.0684
N1410 X1.7452 Y2.0679
N1415 X1.78 Y2.0676
N1420 X1.8149 Y2.0674
N1425 X1.8498 Y2.0673
N1430 X1.8702 Y2.0677
N1435 X1.8797 Y2.0684
N1440 X1.8948 Y2.0709
N1445 X1.9092 Y2.0759
N1450 X1.9224 Y2.0834
N1455 X1.9342 Y2.0931
N1460 X1.9441 Y2.1048
N1465 X1.9478 Y2.1101
N1470 X1.9546 Y2.1181
N1475 X1.9736 Y2.1372
N1480 X1.9761 Y2.1398
N1485 G3 X1.975 Y2.1732 Z-0.0709 I-0.0173 J0.0161
N1490 X1.9586 Y2.1795 I-0.0161 J-0.0173
N1495 G1 X1.3932 Y2.1737
N1500 G3 X1.3774 Y2.1675 I0.0002 J-0.0236
N1505 X1.376 Y2.1341 Z-0.0787 I0.016 J-0.0174
N1510 G1 X1.3919 Y2.118
N1515 X1.3986 Y2.1101
N1520 X1.4022 Y2.105
N1525 X1.406 Y2.1001
N1530 X1.4099 Y2.0957
N1535 X1.4141 Y2.0915
N1540 X1.4185 Y2.0876
N1545 X1.4233 Y2.0837
N1550 X1.4289 Y2.0797
N1555 X1.4359 Y2.0751
N1560 X1.4433 Y2.0708
N1565 X1.4524 Y2.0661
N1570 X1.4635 Y2.061
N1575 X1.4754 Y2.0562
N1580 X1.4908 Y2.0509
N1585 X1.5079 Y2.0459
N1590 X1.5299 Y2.0406
N1595 X1.5581 Y2.0352
N1600 X1.5926 Y2.0304
N1605 X1.6273 Y2.0271
N1610 X1.6622 Y2.0248
N1615 X1.697 Y2.0232
N1620 X1.7319 Y2.0221
N1625 X1.7668 Y2.0214
N1630 X1.8016 Y2.0209
N1635 X1.8264 Y2.0214
N1640 X1.8411 Y2.0223
N1645 X1.8552 Y2.0239
N1650 X1.8653 Y2.0256
N1655 X1.8662 Y2.0258
N1660 X1.8809 Y2.0303
N1665 X1.8946 Y2.0374
N1670 X1.9067 Y2.0468
N1675 X1.9171 Y2.0581
N1680 X1.9252 Y2.0711
N1685 X1.933 Y2.0863
N1690 X1.9387 Y2.0966
N1695 X1.9422 Y2.1022
N1700 X1.9441 Y2.1048
N1705 G3 X1.9373 Y2.1375 Z-0.0709 I-0.0197 J0.013
N1710 X1.9244 Y2.1414 I-0.013 J-0.0197
N1715 G1 X1.422 Y2.1416
N1720 G3 X1.409 Y2.1377 I0. J-0.0236
N1725 X1.4022 Y2.105 Z-0.0787 I0.013 J-0.0197
N1730 G1 X1.4042 Y2.1022
N1735 X1.4077 Y2.0966
N1740 X1.4135 Y2.0863
N1745 X1.4187 Y2.076
N1750 X1.4217 Y2.0709
N1755 X1.425 Y2.066
N1760 X1.4286 Y2.0614
N1765 X1.4326 Y2.057
N1770 X1.4368 Y2.0528
N1775 X1.4415 Y2.0485
N1780 X1.4472 Y2.0439
N1785 X1.4534 Y2.0393
N1790 X1.4611 Y2.0342
N1795 X1.4693 Y2.0293
N1800 X1.4796 Y2.0238
N1805 X1.4908 Y2.0185
N1810 X1.5044 Y2.0129
N1815 X1.5202 Y2.0073
N1820 X1.5391 Y2.0015
N1825 X1.5614 Y1.9959
N1830 X1.5901 Y1.9902
N1835 X1.6246 Y1.985
N1840 X1.6593 Y1.9813
N1845 X1.6941 Y1.9787
N1850 X1.7289 Y1.9769
N1855 X1.7638 Y1.9758
N1860 X1.7928 Y1.976
N1865 X1.81 Y1.9769
N1870 X1.8254 Y1.9785
N1875 X1.8363 Y1.9801
N1880 X1.8478 Y1.9825
N1885 X1.8525 Y1.9837
N1890 X1.8656 Y1.9882
N1895 X1.8778 Y1.995
N1900 X1.8887 Y2.0037
N1905 X1.8979 Y2.0141
N1910 X1.9052 Y2.0259
N1915 X1.9104 Y2.0388
N1920 X1.9209 Y2.0626
N1925 X1.9252 Y2.0711
N1930 G3 X1.9138 Y2.1025 Z-0.0709 I-0.0214 J0.01
N1935 X1.9041 Y2.1048 I-0.01 J-0.0214
N1940 G1 X1.4404 Y2.1096
N1945 G3 X1.4301 Y2.1074 I-0.0002 J-0.0236
N1950 X1.4187 Y2.076 Z-0.0787 I0.01 J-0.0214
N1955 G1 X1.4256 Y2.0626
N1960 X1.4345 Y2.0424
N1965 X1.4371 Y2.0371
N1970 X1.4401 Y2.032
N1975 X1.4435 Y2.0272
N1980 X1.4471 Y2.0225
N1985 X1.451 Y2.0181
N1990 X1.4555 Y2.0136
N1995 X1.4606 Y2.0088
N2000 X1.4665 Y2.0039
N2005 X1.4735 Y1.9986
N2010 X1.4812 Y1.9933
N2015 X1.4904 Y1.9876
N2020 X1.5005 Y1.9821
N2025 X1.5131 Y1.9759
N2030 X1.5264 Y1.9702
N2035 X1.5435 Y1.9638
N2040 X1.562 Y1.9579
N2045 X1.585 Y1.9518
N2050 X1.6136 Y1.9456
N2055 X1.648 Y1.94
N2060 X1.6827 Y1.9359
N2065 X1.7175 Y1.9331
N2070 X1.749 Y1.9319
N2075 X1.7732 Y1.9321
N2080 X1.7915 Y1.9332
N2085 X1.8072 Y1.9348
N2090 X1.8185 Y1.9366
N2095 X1.8297 Y1.9389
N2100 X1.8389 Y1.9413
N2105 X1.8472 Y1.9438
N2110 X1.8483 Y1.9442
N2115 X1.8622 Y1.9508
N2120 X1.8747 Y1.9596
N2125 X1.8855 Y1.9705
N2130 X1.8941 Y1.9832
N2135 X1.9004 Y1.9972
N2140 X1.9042 Y2.0121
N2145 X1.9046 Y2.0151
N2150 X1.907 Y2.0272
N2155 X1.908 Y2.0309
N2160 X1.9104 Y2.0388
N2165 G3 X1.8938 Y2.0678 Z-0.0709 I-0.0228 J0.0061
N2170 G1 X1.8909 Y2.0684
N2175 X1.8879 Y2.0686
N2180 X1.4568 Y2.0747
N2185 X1.4537 Y2.0746
N2190 X1.4506 Y2.074
N2195 X1.4477 Y2.0731
N2200 G3 X1.4345 Y2.0424 Z-0.0787 I0.0088 J-0.0219
N2205 G1 X1.436 Y2.0388
N2210 X1.4385 Y2.0309
N2215 X1.4394 Y2.0272
N2220 X1.4411 Y2.0186
N2225 X1.4425 Y2.0129
N2230 X1.4446 Y2.0074
N2235 X1.4471 Y2.002
N2240 X1.45 Y1.9969
N2245 X1.4533 Y1.992
N2250 X1.4568 Y1.9872
N2255 X1.4606 Y1.9826
N2260 X1.4653 Y1.9775
N2265 X1.4703 Y1.9725
N2270 X1.4765 Y1.9669
N2275 X1.4832 Y1.9614
N2280 X1.4913 Y1.9554
N2285 X1.5 Y1.9496
N2290 X1.5106 Y1.9433
N2295 X1.5221 Y1.9371
N2300 X1.5362 Y1.9305
N2305 X1.5515 Y1.9241
N2310 X1.5703 Y1.9174
N2315 X1.5917 Y1.9108
N2320 X1.6164 Y1.9046
N2325 X1.6456 Y1.8987
N2330 X1.6768 Y1.894
N2335 X1.7067 Y1.8909
N2340 X1.7325 Y1.8896
N2345 X1.7544 Y1.8895
N2350 X1.7736 Y1.8903
N2355 X1.7898 Y1.8919
N2360 X1.8021 Y1.8936
N2365 X1.8145 Y1.896
N2370 X1.8236 Y1.8982
N2375 X1.8334 Y1.9011
N2380 X1.8418 Y1.9041
N2385 X1.8489 Y1.9069
N2390 X1.8494 Y1.9072
N2395 X1.8621 Y1.9145
N2400 X1.8735 Y1.9238
N2405 X1.8831 Y1.9349
N2410 X1.8907 Y1.9475
N2415 X1.896 Y1.9612
N2420 X1.899 Y1.9756
N2425 X1.8999 Y1.9834
N2430 X1.9009 Y1.9913
N2435 X1.9042 Y2.0121
N2440 G3 X1.8836 Y2.0384 Z-0.0709 I-0.0234 J0.0029
N2445 G1 X1.8811 Y2.0386
N2450 X1.4649 Y2.046
N2455 X1.4628 Y2.0459
N2460 X1.4607 Y2.0457
N2465 G3 X1.4411 Y2.0186 Z-0.0787 I0.0037 J-0.0233
N2470 G1 X1.4418 Y2.0151
N2475 X1.4456 Y1.9913
N2480 X1.4457 Y1.99
N2485 X1.4468 Y1.9842
N2490 X1.4483 Y1.9785
N2495 X1.4503 Y1.9729
N2500 X1.4528 Y1.9676
N2505 X1.4556 Y1.9624
N2510 X1.4587 Y1.9574
N2515 X1.4621 Y1.9525
N2520 X1.4661 Y1.9474
N2525 X1.4707 Y1.942
N2530 X1.4759 Y1.9364
N2535 X1.4821 Y1.9304
N2540 X1.4888 Y1.9246
N2545 X1.497 Y1.9181
N2550 X1.5057 Y1.9118
N2555 X1.5163 Y1.905
N2560 X1.5277 Y1.8984
N2565 X1.5412 Y1.8915
N2570 X1.5565 Y1.8845
N2575 X1.5736 Y1.8777
N2580 X1.594 Y1.8707
N2585 X1.6157 Y1.8645
N2590 X1.6392 Y1.8589
N2595 X1.664 Y1.8543
N2600 X1.6886 Y1.851
N2605 X1.7122 Y1.8489
N2610 X1.733 Y1.8482
N2615 X1.7523 Y1.8484
N2620 X1.7695 Y1.8494
N2625 X1.785 Y1.8511
N2630 X1.7984 Y1.8532
N2635 X1.8094 Y1.8555
N2640 X1.8203 Y1.8584
N2645 X1.8287 Y1.861
N2650 X1.8378 Y1.8643
N2655 X1.8454 Y1.8675
N2660 X1.8524 Y1.871
N2665 X1.8653 Y1.8795
N2670 X1.8764 Y1.8902
N2675 X1.8854 Y1.9026
N2680 X1.8921 Y1.9165
N2685 X1.8962 Y1.9313
N2690 X1.8977 Y1.9467
N2695 Y1.9596
N2700 X1.898 Y1.9676
N2705 X1.899 Y1.9756
N2710 G3 X1.8774 Y2.0011 Z-0.0709 I-0.0235 J0.002
N2715 G1 X1.8763
N2720 X1.4701 Y2.0157
N2725 X1.4671 Y2.0156
N2730 G3 X1.4457 Y1.99 Z-0.0787 I0.0021 J-0.0235
N2735 G1 X1.4466 Y1.9834
N2740 X1.4484 Y1.9676
N2745 X1.4487 Y1.9596
N2750 X1.4491 Y1.9537
N2755 X1.4502 Y1.948
N2760 X1.4519 Y1.9423
N2765 X1.454 Y1.9368
N2770 X1.4565 Y1.9314
N2775 X1.4593 Y1.9262
N2780 X1.4624 Y1.921
N2785 X1.466 Y1.9158
N2790 X1.4701 Y1.9102
N2795 X1.475 Y1.9044
N2800 X1.4805 Y1.8984
N2805 X1.487 Y1.8919
N2810 X1.494 Y1.8856
N2815 X1.5024 Y1.8787
N2820 X1.5116 Y1.8719
N2825 X1.5222 Y1.8649
N2830 X1.5346 Y1.8575
N2835 X1.5476 Y1.8506
N2840 X1.5628 Y1.8434
N2845 X1.58 Y1.8363
N2850 X1.5978 Y1.8299
N2855 X1.6175 Y1.8239
N2860 X1.6387 Y1.8186
N2865 X1.6603 Y1.8143
N2870 X1.6819 Y1.811
N2875 X1.7031 Y1.8089
N2880 X1.7234 Y1.8078
N2885 X1.7419
N2890 X1.7589 Y1.8086
N2895 X1.7747 Y1.8101
N2900 X1.7892 Y1.8122
N2905 X1.8023 Y1.8147
N2910 X1.8124 Y1.8172
N2915 X1.8233 Y1.8204
N2920 X1.8319 Y1.8234
N2925 X1.8397 Y1.8266
N2930 X1.848 Y1.8305
N2935 X1.8546 Y1.834
N2940 X1.855 Y1.8342
N2945 X1.8672 Y1.8429
N2950 X1.8777 Y1.8535
N2955 X1.8862 Y1.8658
N2960 X1.8925 Y1.8794
N2965 X1.8963 Y1.8939
N2970 X1.8976 Y1.9088
N2975 X1.8977 Y1.9454
N2980 Y1.9467
N2985 G3 X1.8748 Y1.9696 Z-0.0712 I-0.0236 J-0.0007
N2990 G1 X1.8734 Z-0.0709
N2995 X1.4731 Y1.9825
N3000 X1.473
N3005 G3 X1.4487 Y1.9596 Z-0.0787 I-0.0007 J-0.0236
N3010 G1 X1.4488 Y1.9359
N3015 Y1.9296
N3020 X1.4491 Y1.9237
N3025 X1.4499 Y1.9178
N3030 X1.4512 Y1.9121
N3035 X1.453 Y1.9064
N3040 X1.4551 Y1.9009
N3045 X1.4576 Y1.8956
N3050 X1.4603 Y1.8903
N3055 X1.4635 Y1.8849
N3060 X1.4672 Y1.8792
N3065 X1.4717 Y1.8731
N3070 X1.4766 Y1.867
N3075 X1.4824 Y1.8605
N3080 X1.489 Y1.8538
N3085 X1.4963 Y1.847
N3090 X1.5051 Y1.8397
N3095 X1.5143 Y1.8326
N3100 X1.525 Y1.8253
N3105 X1.5372 Y1.8178
N3110 X1.5501 Y1.8107
N3115 X1.5647 Y1.8036
N3120 X1.5809 Y1.7966
N3125 X1.5984 Y1.7901
N3130 X1.6166 Y1.7843
N3135 X1.6358 Y1.7792
N3140 X1.6558 Y1.7749
N3145 X1.6759 Y1.7716
N3150 X1.6959 Y1.7693
N3155 X1.7153 Y1.7681
N3160 X1.7337 Y1.7678
N3165 X1.7507 Y1.7683
N3170 X1.767 Y1.7696
N3175 X1.7819 Y1.7716
N3180 X1.7956 Y1.774
N3185 X1.8081 Y1.7769
N3190 X1.818 Y1.7797
N3195 X1.8285 Y1.7833
N3200 X1.8366 Y1.7864
N3205 X1.8446 Y1.79
N3210 X1.8524 Y1.794
N3215 X1.854 Y1.7949
N3220 X1.8665 Y1.8036
N3225 X1.8772 Y1.8142
N3230 X1.8859 Y1.8266
N3235 X1.8924 Y1.8404
N3240 X1.8963 Y1.855
N3245 X1.8976 Y1.8701
N3250 Y1.9088
N3255 G3 X1.8753 Y1.9316 Z-0.0713 I-0.0236 J-0.0008
N3260 G1 X1.8732 Y1.9317 Z-0.0709
N3265 X1.4736 Y1.9523
N3270 X1.4732 Y1.9524
N3275 G3 X1.4488 Y1.9296 Z-0.0787 I-0.0008 J-0.0236
N3280 G1 Y1.8939
N3285 X1.4491 Y1.888
N3290 X1.4499 Y1.8822
N3295 X1.4512 Y1.8764
N3300 X1.4529 Y1.8707
N3305 X1.4549 Y1.8652
N3310 X1.4573 Y1.8598
N3315 X1.4601 Y1.8543
N3320 X1.4632 Y1.8488
N3325 X1.467 Y1.8428
N3330 X1.4713 Y1.8366
N3335 X1.4763 Y1.8302
N3340 X1.4821 Y1.8233
N3345 X1.4885 Y1.8166
N3350 X1.4959 Y1.8094
N3355 X1.5044 Y1.8021
N3360 X1.5135 Y1.7949
N3365 X1.5241 Y1.7873
N3370 X1.536 Y1.7797
N3375 X1.5484 Y1.7726
N3380 X1.5624 Y1.7654
N3385 X1.5778 Y1.7585
N3390 X1.5944 Y1.7519
N3395 X1.6118 Y1.746
N3400 X1.6298 Y1.7408
N3405 X1.6487 Y1.7364
N3410 X1.668 Y1.7329
N3415 X1.6873 Y1.7303
N3420 X1.7063 Y1.7287
N3425 X1.7247 Y1.7281
N3430 X1.7423 Y1.7283
N3435 X1.7587 Y1.7294
N3440 X1.7744 Y1.7311
N3445 X1.7888 Y1.7334
N3450 X1.8021 Y1.7362
N3455 X1.8129 Y1.7391
N3460 X1.8239 Y1.7425
N3465 X1.8329 Y1.7459
N3470 X1.8408 Y1.7492
N3475 X1.8492 Y1.7534
N3480 X1.8562 Y1.7572
N3485 X1.8681 Y1.7659
N3490 X1.8783 Y1.7765
N3495 X1.8866 Y1.7887
N3500 X1.8927 Y1.8021
N3505 X1.8964 Y1.8164
N3510 X1.8976 Y1.8311
N3515 Y1.8701
N3520 G3 X1.8754 Y1.8929 Z-0.0713 I-0.0236 J-0.0008
N3525 G1 X1.8732 Y1.893 Z-0.0709
N3530 X1.4738 Y1.9167
N3535 X1.4732
N3540 G3 X1.4488 Y1.8939 Z-0.0787 I-0.0008 J-0.0236
N3545 G1 Y1.8567
N3550 X1.4491 Y1.8508
N3555 X1.4499 Y1.845
N3560 X1.4511 Y1.8392
N3565 X1.4528 Y1.8335
N3570 X1.4548 Y1.828
N3575 X1.4571 Y1.8225
N3580 X1.4598 Y1.8169
N3585 X1.4629 Y1.8113
N3590 X1.4667 Y1.8052
N3595 X1.471 Y1.7988
N3600 X1.476 Y1.7923
N3605 X1.4818 Y1.7853
N3610 X1.4882 Y1.7784
N3615 X1.4955 Y1.7712
N3620 X1.504 Y1.7637
N3625 X1.5131 Y1.7563
N3630 X1.5233 Y1.7488
N3635 X1.5349 Y1.7412
N3640 X1.5475 Y1.7338
N3645 X1.5608 Y1.7268
N3650 X1.5756 Y1.7199
N3655 X1.5915 Y1.7134
N3660 X1.6085 Y1.7074
N3665 X1.6264 Y1.7021
N3670 X1.6447 Y1.6976
N3675 X1.6634 Y1.694
N3680 X1.6822 Y1.6912
N3685 X1.7008 Y1.6895
N3690 X1.7191 Y1.6886
N3695 X1.7368 Y1.6887
N3700 X1.7536 Y1.6895
N3705 X1.7697 Y1.6911
N3710 X1.7845 Y1.6933
N3715 X1.7981 Y1.6961
N3720 X1.8106 Y1.6992
N3725 X1.8205 Y1.7022
N3730 X1.8309 Y1.7059
N3735 X1.8388 Y1.7092
N3740 X1.8469 Y1.713
N3745 X1.8546 Y1.7171
N3750 X1.8554 Y1.7176
N3755 X1.8675 Y1.7263
N3760 X1.8779 Y1.7369
N3765 X1.8863 Y1.7492
N3770 X1.8926 Y1.7627
N3775 X1.8964 Y1.7771
N3780 X1.8976 Y1.792
N3785 Y1.8311
N3790 G3 X1.8755 Y1.8538 Z-0.0714 I-0.0236 J-0.0008
N3795 G1 X1.8732 Y1.854 Z-0.0709
N3800 X1.4739 Y1.8795
N3805 X1.4732
N3810 G3 X1.4488 Y1.8567 Z-0.0787 I-0.0008 J-0.0236
N3815 G1 Y1.8187
N3820 X1.4491 Y1.8128
N3825 X1.4499 Y1.807
N3830 X1.4511 Y1.8012
N3835 X1.4527 Y1.7955
N3840 X1.4546 Y1.7899
N3845 X1.4569 Y1.7845
N3850 X1.4596 Y1.7788
N3855 X1.4627 Y1.7731
N3860 X1.4664 Y1.767
N3865 X1.4707 Y1.7605
N3870 X1.4756 Y1.754
N3875 X1.4814 Y1.7469
N3880 X1.4877 Y1.7399
N3885 X1.4949 Y1.7327
N3890 X1.5032 Y1.7252
N3895 X1.5123 Y1.7177
N3900 X1.5223 Y1.7103
N3905 X1.5336 Y1.7027
N3910 X1.5462 Y1.6952
N3915 X1.5593 Y1.6881
N3920 X1.5737 Y1.6813
N3925 X1.5892 Y1.6748
N3930 X1.6058 Y1.6688
N3935 X1.6232 Y1.6634
N3940 X1.6412 Y1.6588
N3945 X1.6596 Y1.6551
N3950 X1.6782 Y1.6522
N3955 X1.6968 Y1.6503
N3960 X1.7151 Y1.6493
N3965 X1.7329 Y1.6492
N3970 X1.7501 Y1.6499
N3975 X1.7663 Y1.6514
N3980 X1.7814 Y1.6535
N3985 X1.7952 Y1.6561
N3990 X1.8081 Y1.6593
N3995 X1.8183 Y1.6622
N4000 X1.829 Y1.666
N4005 X1.8372 Y1.6693
N4010 X1.8453 Y1.673
N4015 X1.8532 Y1.6771
N4020 X1.8548 Y1.678
N4025 X1.867 Y1.6867
N4030 X1.8776 Y1.6974
N4035 X1.8862 Y1.7097
N4040 X1.8925 Y1.7233
N4045 X1.8963 Y1.7378
N4050 X1.8976 Y1.7528
N4055 Y1.792
N4060 G3 X1.8756 Y1.8147 Z-0.0714 I-0.0236 J-0.0008
N4065 G1 X1.8732 Y1.8149 Z-0.0709
N4070 X1.474 Y1.8415
N4075 X1.4732
N4080 G3 X1.4488 Y1.8187 Z-0.0787 I-0.0008 J-0.0236
N4085 G1 Y1.7811
N4090 X1.4491 Y1.7752
N4095 X1.4497 Y1.7693
N4100 X1.4508 Y1.7635
N4105 X1.4524 Y1.7578
N4110 X1.4542 Y1.7522
N4115 X1.4564 Y1.7467
N4120 X1.459 Y1.7411
N4125 X1.4619 Y1.7354
N4130 X1.4655 Y1.7293
N4135 X1.4697 Y1.7229
N4140 X1.4744 Y1.7164
N4145 X1.48 Y1.7093
N4150 X1.4862 Y1.7024
N4155 X1.4932 Y1.6952
N4160 X1.5013 Y1.6876
N4165 X1.51 Y1.6802
N4170 X1.5197 Y1.6728
N4175 X1.5308 Y1.6651
N4180 X1.5429 Y1.6576
N4185 X1.5557 Y1.6505
N4190 X1.5696 Y1.6436
N4195 X1.5848 Y1.637
N4200 X1.601 Y1.6309
N4205 X1.6181 Y1.6254
N4210 X1.6358 Y1.6206
N4215 X1.654 Y1.6166
N4220 X1.6724 Y1.6135
N4225 X1.691 Y1.6113
N4230 X1.7094 Y1.6101
N4235 X1.7273 Y1.6097
N4240 X1.7447 Y1.6102
N4245 X1.761 Y1.6114
N4250 X1.7767 Y1.6134
N4255 X1.791 Y1.6159
N4260 X1.8043 Y1.6189
N4265 X1.8149 Y1.6219
N4270 X1.8259 Y1.6256
N4275 X1.8347 Y1.629
N4280 X1.8427 Y1.6325
N4285 X1.851 Y1.6367
N4290 X1.8537 Y1.6382
N4295 X1.8662 Y1.6468
N4300 X1.8771 Y1.6575
N4305 X1.8858 Y1.67
N4310 X1.8923 Y1.6837
N4315 X1.8963 Y1.6984
N4320 X1.8976 Y1.7136
N4325 Y1.7528
N4330 G3 X1.8757 Y1.7755 Z-0.0714 I-0.0236 J-0.0008
N4335 G1 X1.8732 Y1.7757 Z-0.0709
N4340 X1.4741 Y1.8038
N4345 X1.4732 Y1.8039
N4350 G3 X1.4488 Y1.7811 Z-0.0787 I-0.0008 J-0.0236
N4355 G1 Y1.7415
N4360 X1.4491 Y1.7356
N4365 X1.4498 Y1.7297
N4370 X1.4509 Y1.7239
N4375 X1.4524 Y1.7182
N4380 X1.4543 Y1.7126
N4385 X1.4565 Y1.7072
N4390 X1.4591 Y1.7016
N4395 X1.4622 Y1.6957
N4400 X1.4657 Y1.6897
N4405 X1.47 Y1.6832
N4410 X1.4747 Y1.6766
N4415 X1.4802 Y1.6697
N4420 X1.4867 Y1.6624
N4425 X1.4937 Y1.6553
N4430 X1.5016 Y1.6479
N4435 X1.5107 Y1.6403
N4440 X1.5205 Y1.6328
N4445 X1.5312 Y1.6254
N4450 X1.5433 Y1.6179
N4455 X1.5566 Y1.6106
N4460 X1.5706 Y1.6037
N4465 X1.5854 Y1.5973
N4470 X1.6014 Y1.5913
N4475 X1.6183 Y1.5858
N4480 X1.636 Y1.5811
N4485 X1.6542 Y1.5772
N4490 X1.6726 Y1.5741
N4495 X1.6912 Y1.5719
N4500 X1.7096 Y1.5707
N4505 X1.7277 Y1.5704
N4510 X1.7452 Y1.5709
N4515 X1.7617 Y1.5722
N4520 X1.777 Y1.5741
N4525 X1.7911 Y1.5767
N4530 X1.8045 Y1.5797
N4535 X1.8151 Y1.5827
N4540 X1.8263 Y1.5864
N4545 X1.8348 Y1.5897
N4550 X1.8431 Y1.5934
N4555 X1.8512 Y1.5975
N4560 X1.8538 Y1.599
N4565 X1.8663 Y1.6077
N4570 X1.8771 Y1.6184
N4575 X1.8859 Y1.6308
N4580 X1.8923 Y1.6445
N4585 X1.8963 Y1.6592
N4590 X1.8976 Y1.6743
N4595 Y1.7136
N4600 G3 X1.8757 Y1.7363 Z-0.0714 I-0.0236 J-0.0008
N4605 G1 X1.8732 Y1.7365 Z-0.0709
N4610 X1.4741 Y1.7643
N4615 X1.4732
N4620 G3 X1.4488 Y1.7415 Z-0.0787 I-0.0008 J-0.0236
N4625 G1 Y1.7019
N4630 X1.4491 Y1.696
N4635 X1.4498 Y1.6902
N4640 X1.4509 Y1.6844
N4645 X1.4525 Y1.6787
N4650 X1.4544 Y1.6731
N4655 X1.4566 Y1.6676
N4660 X1.4592 Y1.662
N4665 X1.4623 Y1.656
N4670 X1.4658 Y1.65
N4675 X1.4702 Y1.6435
N4680 X1.4749 Y1.6369
N4685 X1.4805 Y1.63
N4690 X1.487 Y1.6227
N4695 X1.494 Y1.6156
N4700 X1.502 Y1.6081
N4705 X1.5111 Y1.6005
N4710 X1.5209 Y1.593
N4715 X1.5316 Y1.5857
N4720 X1.5437 Y1.5782
N4725 X1.5569 Y1.5709
N4730 X1.571 Y1.5641
N4735 X1.5858 Y1.5577
N4740 X1.6017 Y1.5517
N4745 X1.6186 Y1.5463
N4750 X1.6362 Y1.5416
N4755 X1.6544 Y1.5377
N4760 X1.673 Y1.5347
N4765 X1.6916 Y1.5325
N4770 X1.71 Y1.5313
N4775 X1.728 Y1.531
N4780 X1.7455 Y1.5316
N4785 X1.762 Y1.5329
N4790 X1.7773 Y1.5349
N4795 X1.7914 Y1.5374
N4800 X1.8047 Y1.5405
N4805 X1.8153 Y1.5435
N4810 X1.8265 Y1.5472
N4815 X1.835 Y1.5505
N4820 X1.8433 Y1.5543
N4825 X1.8502 Y1.5578
N4830 X1.8637 Y1.5662
N4835 X1.8753 Y1.577
N4840 X1.8848 Y1.5897
N4845 X1.8919 Y1.6039
N4850 X1.8962 Y1.6192
N4855 X1.8976 Y1.635
N4860 Y1.6743
N4865 G3 X1.8756 Y1.6971 Z-0.0714 I-0.0236 J-0.0008
N4870 G1 X1.8732 Y1.6972 Z-0.0709
N4875 X1.474 Y1.7247
N4880 X1.4732
N4885 G3 X1.4488 Y1.7019 Z-0.0787 I-0.0008 J-0.0236
N4890 G1 Y1.6623
N4895 X1.4491 Y1.6564
N4900 X1.4498 Y1.6506
N4905 X1.451 Y1.6448
N4910 X1.4525 Y1.6391
N4915 X1.4544 Y1.6335
N4920 X1.4566 Y1.628
N4925 X1.4593 Y1.6224
N4930 X1.4624 Y1.6165
N4935 X1.466 Y1.6104
N4940 X1.4703 Y1.6038
N4945 X1.4751 Y1.5972
N4950 X1.4806 Y1.5904
N4955 X1.4871 Y1.5831
N4960 X1.4941 Y1.5759
N4965 X1.5021 Y1.5685
N4970 X1.5113 Y1.5609
N4975 X1.5211 Y1.5534
N4980 X1.5318 Y1.5461
N4985 X1.5439 Y1.5387
N4990 X1.5571 Y1.5314
N4995 X1.5711 Y1.5245
N5000 X1.5859 Y1.5182
N5005 X1.6019 Y1.5122
N5010 X1.6188 Y1.5069
N5015 X1.6365 Y1.5022
N5020 X1.6547 Y1.4983
N5025 X1.6732 Y1.4953
N5030 X1.6918 Y1.4931
N5035 X1.7102 Y1.492
N5040 X1.7282 Y1.4917
N5045 X1.7457 Y1.4922
N5050 X1.7622 Y1.4936
N5055 X1.7775 Y1.4956
N5060 X1.7916 Y1.4981
N5065 X1.8042 Y1.5011
N5070 X1.8163 Y1.5045
N5075 X1.8266 Y1.5079
N5080 X1.8349 Y1.5112
N5085 X1.844 Y1.5153
N5090 X1.8513 Y1.519
N5095 X1.854 Y1.5206
N5100 X1.8665 Y1.5292
N5105 X1.8772 Y1.5399
N5110 X1.886 Y1.5523
N5115 X1.8924 Y1.566
N5120 X1.8963 Y1.5807
N5125 X1.8976 Y1.5958
N5130 Y1.635
N5135 G3 X1.8756 Y1.6578 Z-0.0714 I-0.0236 J-0.0008
N5140 G1 X1.8732 Y1.6579 Z-0.0709
N5145 X1.474 Y1.6851
N5150 X1.4732
N5155 G3 X1.4488 Y1.6623 Z-0.0787 I-0.0008 J-0.0236
N5160 G1 Y1.6227
N5165 X1.4491 Y1.6168
N5170 X1.4498 Y1.611
N5175 X1.451 Y1.6052
N5180 X1.4526 Y1.5995
N5185 X1.4545 Y1.5939
N5190 X1.4567 Y1.5884
N5195 X1.4593 Y1.5828
N5200 X1.4624 Y1.5769
N5205 X1.466 Y1.5708
N5210 X1.4704 Y1.5642
N5215 X1.4752 Y1.5577
N5220 X1.4807 Y1.5508
N5225 X1.4872 Y1.5435
N5230 X1.4943 Y1.5363
N5235 X1.5023 Y1.5289
N5240 X1.5114 Y1.5213
N5245 X1.5213 Y1.5139
N5250 X1.532 Y1.5065
N5255 X1.5441 Y1.4991
N5260 X1.5573 Y1.4919
N5265 X1.5714 Y1.485
N5270 X1.5862 Y1.4787
N5275 X1.6021 Y1.4728
N5280 X1.6191 Y1.4674
N5285 X1.6367 Y1.4627
N5290 X1.6549 Y1.4589
N5295 X1.6735 Y1.4559
N5300 X1.692 Y1.4538
N5305 X1.7104 Y1.4526
N5310 X1.7284 Y1.4523
N5315 X1.7458 Y1.4529
N5320 X1.7625 Y1.4543
N5325 X1.7777 Y1.4563
N5330 X1.7919 Y1.4589
N5335 X1.8052 Y1.462
N5340 X1.8157 Y1.465
N5345 X1.8269 Y1.4687
N5350 X1.8353 Y1.4721
N5355 X1.8436 Y1.4758
N5360 X1.8517 Y1.4799
N5365 X1.8581 Y1.4836
N5370 X1.8588 Y1.484
N5375 X1.8713 Y1.4938
N5380 X1.8818 Y1.5056
N5385 X1.89 Y1.5192
N5390 X1.8956 Y1.534
N5395 X1.8984 Y1.5496
N5400 X1.8983 Y1.5654
N5405 X1.8977 Y1.5717
N5410 X1.8976 Y1.5958
N5415 G3 X1.8756 Y1.6185 Z-0.0714 I-0.0236 J-0.0008
N5420 G1 X1.8732 Y1.6187 Z-0.0709
N5425 X1.474 Y1.6455
N5430 X1.4732
N5435 G3 X1.4488 Y1.6227 Z-0.0787 I-0.0008 J-0.0236
N5440 G1 Y1.5832
N5445 X1.4491 Y1.5773
N5450 X1.4498 Y1.5714
N5455 X1.451 Y1.5656
N5460 X1.4526 Y1.5599
N5465 X1.4545 Y1.5543
N5470 X1.4567 Y1.5489
N5475 X1.4594 Y1.5432
N5480 X1.4625 Y1.5373
N5485 X1.4661 Y1.5312
N5490 X1.4705 Y1.5246
N5495 X1.4753 Y1.5181
N5500 X1.4809 Y1.5112
N5505 X1.4874 Y1.5039
N5510 X1.4944 Y1.4967
N5515 X1.5025 Y1.4893
N5520 X1.5117 Y1.4817
N5525 X1.5215 Y1.4743
N5530 X1.5323 Y1.4669
N5535 X1.5443 Y1.4595
N5540 X1.5576 Y1.4523
N5545 X1.5717 Y1.4455
N5550 X1.5865 Y1.4391
N5555 X1.6025 Y1.4332
N5560 X1.6194 Y1.4279
N5565 X1.6371 Y1.4233
N5570 X1.6553 Y1.4194
N5575 X1.6738 Y1.4164
N5580 X1.6924 Y1.4144
N5585 X1.7108 Y1.4132
N5590 X1.7289 Y1.413
N5595 X1.7463 Y1.4136
N5600 X1.7628 Y1.415
N5605 X1.7781 Y1.417
N5610 X1.7922 Y1.4196
N5615 X1.8056 Y1.4228
N5620 X1.8171 Y1.426
N5625 X1.8268 Y1.4293
N5630 X1.8369 Y1.4333
N5635 X1.8445 Y1.4368
N5640 X1.8522 Y1.4407
N5645 X1.8598 Y1.4451
N5650 X1.8658 Y1.4489
N5655 X1.8666 Y1.4495
N5660 X1.8785 Y1.4598
N5665 X1.8884 Y1.4719
N5670 X1.8959 Y1.4857
N5675 X1.9008 Y1.5006
N5680 X1.9029 Y1.5161
N5685 X1.9022 Y1.5318
N5690 X1.9 Y1.5479
N5695 X1.8983 Y1.5654
N5700 G3 X1.8761 Y1.5859 Z-0.0718 I-0.0234 J-0.0031
N5705 G1 X1.8718 Y1.5861 Z-0.0709
N5710 X1.4736 Y1.6059
N5715 X1.4732
N5720 G3 X1.4488 Y1.5832 Z-0.0787 I-0.0008 J-0.0236
N5725 G1 Y1.5717
N5730 X1.4468 Y1.5515
N5735 X1.4465 Y1.5456
N5740 X1.4468 Y1.5397
N5745 X1.4476 Y1.5338
N5750 X1.4488 Y1.5281
N5755 X1.4504 Y1.5224
N5760 X1.4524 Y1.5168
N5765 X1.4546 Y1.5113
N5770 X1.4573 Y1.5054
N5775 X1.4604 Y1.4995
N5780 X1.4642 Y1.4932
N5785 X1.4686 Y1.4865
N5790 X1.4734 Y1.4799
N5795 X1.4792 Y1.4728
N5800 X1.4857 Y1.4655
N5805 X1.4928 Y1.4582
N5810 X1.501 Y1.4507
N5815 X1.5102 Y1.4429
N5820 X1.52 Y1.4355
N5825 X1.5309 Y1.4281
N5830 X1.5431 Y1.4206
N5835 X1.5564 Y1.4133
N5840 X1.5704 Y1.4065
N5845 X1.5853 Y1.4001
N5850 X1.6014 Y1.3941
N5855 X1.6184 Y1.3887
N5860 X1.6361 Y1.3841
N5865 X1.6544 Y1.3802
N5870 X1.673 Y1.3772
N5875 X1.6916 Y1.375
N5880 X1.71 Y1.3739
N5885 X1.728 Y1.3736
N5890 X1.7455 Y1.3742
N5895 X1.7623 Y1.3756
N5900 X1.7778 Y1.3776
N5905 X1.7921 Y1.3802
N5910 X1.8055 Y1.3833
N5915 X1.8181 Y1.3869
N5920 X1.8288 Y1.3905
N5925 X1.8382 Y1.3942
N5930 X1.8477 Y1.3985
N5935 X1.8549 Y1.4022
N5940 X1.8625 Y1.4065
N5945 X1.8697 Y1.4111
N5950 X1.8753 Y1.4151
N5955 X1.8803 Y1.4191
N5960 X1.8905 Y1.4286
N5965 X1.8988 Y1.4397
N5970 X1.9051 Y1.4521
N5975 X1.9092 Y1.4654
N5980 X1.9109 Y1.4792
N5985 X1.9101 Y1.4931
N5990 X1.907 Y1.5067
N5995 X1.9048 Y1.5162
N6000 X1.9032 Y1.5242
N6005 X1.9022 Y1.5318
N6010 G3 X1.8801 Y1.5513 Z-0.072 I-0.0233 J-0.004
N6015 G1 X1.8749 Y1.5516 Z-0.0709
N6020 X1.4733 Y1.5719
N6025 X1.4714 Y1.572 Z-0.0713
N6030 G3 X1.4468 Y1.5515 Z-0.0787 I-0.0012 J-0.0236
N6035 G1 X1.4464 Y1.5479
N6040 X1.4443 Y1.5321
N6045 X1.4432 Y1.5242
N6050 X1.443 Y1.5229
N6055 X1.4421 Y1.517
N6060 X1.4418 Y1.5111
N6065 X1.4421 Y1.5052
N6070 X1.4429 Y1.4994
N6075 X1.4441 Y1.4936
N6080 X1.4456 Y1.4879
N6085 X1.4475 Y1.4823
N6090 X1.4497 Y1.4765
N6095 X1.4523 Y1.4708
N6100 X1.4555 Y1.4646
N6105 X1.4592 Y1.458
N6110 X1.4634 Y1.4514
N6115 X1.4684 Y1.4444
N6120 X1.4741 Y1.4371
N6125 X1.4803 Y1.4299
N6130 X1.4876 Y1.4223
N6135 X1.4958 Y1.4145
N6140 X1.5046 Y1.4069
N6145 X1.5145 Y1.3992
N6150 X1.5255 Y1.3915
N6155 X1.5376 Y1.3838
N6160 X1.5504 Y1.3766
N6165 X1.5643 Y1.3695
N6170 X1.5794 Y1.3628
N6175 X1.5955 Y1.3565
N6180 X1.6126 Y1.3509
N6185 X1.6302 Y1.3459
N6190 X1.6484 Y1.3418
N6195 X1.6669 Y1.3385
N6200 X1.6856 Y1.3361
N6205 X1.7043 Y1.3346
N6210 X1.7225 Y1.3341
N6215 X1.7402 Y1.3344
N6220 X1.7573 Y1.3356
N6225 X1.7736 Y1.3375
N6230 X1.789 Y1.3401
N6235 X1.8032 Y1.3432
N6240 X1.8162 Y1.3467
N6245 X1.8286 Y1.3506
N6250 X1.84 Y1.3549
N6255 X1.8497 Y1.3591
N6260 X1.8597 Y1.3641
N6265 X1.8674 Y1.3683
N6270 X1.8748 Y1.3729
N6275 X1.8819 Y1.3778
N6280 X1.8875 Y1.3821
N6285 X1.8934 Y1.3871
N6290 X1.8944 Y1.388
N6295 X1.9045 Y1.3991
N6300 X1.9124 Y1.4118
N6305 X1.9181 Y1.4256
N6310 X1.9213 Y1.4402
N6315 X1.922 Y1.4552
N6320 X1.92 Y1.47
N6325 X1.9156 Y1.4843
N6330 X1.9113 Y1.4949
N6335 X1.909 Y1.5004
N6340 X1.907 Y1.5067
N6345 G3 X1.8859 Y1.5222 Z-0.0728 I-0.0222 J-0.008
N6350 G1 X1.8835 Y1.5223 Z-0.0723
N6355 X1.8766 Y1.5226 Z-0.0709
N6360 X1.4715 Y1.5407
N6365 X1.467 Y1.5409 Z-0.0718
N6370 G3 X1.443 Y1.5229 Z-0.0787 I-0.0011 J-0.0236
N6375 G1 X1.4416 Y1.5162
N6380 X1.4394 Y1.5067
N6385 X1.4374 Y1.5004
N6390 X1.4369 Y1.4991
N6395 X1.435 Y1.4935
N6400 X1.434 Y1.4877
N6405 X1.4337 Y1.4818
N6410 X1.4338 Y1.4759
N6415 X1.4345 Y1.47
N6420 X1.4355 Y1.4642
N6425 X1.4368 Y1.4584
N6430 X1.4385 Y1.4528
N6435 X1.4405 Y1.4471
N6440 X1.443 Y1.4409
N6445 X1.4459 Y1.4346
N6450 X1.4493 Y1.428
N6455 X1.4534 Y1.421
N6460 X1.4581 Y1.4139
N6465 X1.4634 Y1.4066
N6470 X1.4696 Y1.3988
N6475 X1.4765 Y1.3911
N6480 X1.484 Y1.3833
N6485 X1.4927 Y1.3753
N6490 X1.5024 Y1.3671
N6495 X1.5127 Y1.3593
N6500 X1.5241 Y1.3514
N6505 X1.5368 Y1.3436
N6510 X1.5506 Y1.3359
N6515 X1.5654 Y1.3287
N6520 X1.5807 Y1.3221
N6525 X1.5971 Y1.3159
N6530 X1.6145 Y1.3104
N6535 X1.6325 Y1.3055
N6540 X1.6511 Y1.3015
N6545 X1.67 Y1.2984
N6550 X1.689 Y1.2962
N6555 X1.7079 Y1.2949
N6560 X1.7266 Y1.2946
N6565 X1.7448 Y1.2951
N6570 X1.7623 Y1.2965
N6575 X1.779 Y1.2987
N6580 X1.7946 Y1.3015
N6585 X1.8094 Y1.3049
N6590 X1.8233 Y1.3088
N6595 X1.8363 Y1.3131
N6600 X1.8482 Y1.3177
N6605 X1.8592 Y1.3226
N6610 X1.868 Y1.3271
N6615 X1.8772 Y1.3323
N6620 X1.8848 Y1.3372
N6625 X1.8914 Y1.3418
N6630 X1.8984 Y1.3473
N6635 X1.904 Y1.3522
N6640 X1.9092 Y1.3571
N6645 X1.9147 Y1.3628
N6650 X1.915 Y1.3632
N6655 X1.9234 Y1.3747
N6660 X1.9298 Y1.3873
N6665 X1.934 Y1.4009
N6670 X1.936 Y1.4149
N6675 X1.9356 Y1.4291
N6680 X1.9329 Y1.443
N6685 X1.928 Y1.4563
N6690 X1.9223 Y1.4687
N6695 X1.9187 Y1.4767
N6700 X1.9156 Y1.4843
N6705 G3 X1.8949 Y1.4982 Z-0.0732 I-0.0215 J-0.0097
N6710 G1 X1.8909 Y1.4983 Z-0.0723
N6715 X1.8841 Y1.4986 Z-0.0709
N6720 X1.4683 Y1.5128
N6725 X1.4615 Y1.5131 Z-0.0723
N6730 X1.4593 Y1.5132 Z-0.0728
N6735 G3 X1.4369 Y1.4991 Z-0.0787 I-0.0008 J-0.0236
N6740 G1 X1.4342 Y1.4925
N6745 X1.4277 Y1.4767
N6750 X1.4272 Y1.4753
N6755 X1.425 Y1.4698
N6760 X1.4237 Y1.4641
N6765 X1.4229 Y1.4582
N6770 X1.4227 Y1.4523
N6775 X1.4229 Y1.4464
N6780 X1.4235 Y1.4406
N6785 X1.4245 Y1.4347
N6790 X1.4257 Y1.429
N6795 X1.4274 Y1.423
N6800 X1.4293 Y1.417
N6805 X1.4318 Y1.4106
N6810 X1.4348 Y1.4037
N6815 X1.4383 Y1.3969
N6820 X1.4424 Y1.3895
N6825 X1.4472 Y1.3818
N6830 X1.4525 Y1.3742
N6835 X1.4587 Y1.3663
N6840 X1.4658 Y1.358
N6845 X1.4735 Y1.3498
N6850 X1.4821 Y1.3415
N6855 X1.4918 Y1.333
N6860 X1.5026 Y1.3245
N6865 X1.5141 Y1.3162
N6870 X1.5266 Y1.3082
N6875 X1.5402 Y1.3004
N6880 X1.555 Y1.2927
N6885 X1.5709 Y1.2855
N6890 X1.5877 Y1.2789
N6895 X1.6051 Y1.273
N6900 X1.6232 Y1.2678
N6905 X1.6419 Y1.2634
N6910 X1.6611 Y1.2598
N6915 X1.6806 Y1.2572
N6920 X1.7002 Y1.2555
N6925 X1.7196 Y1.2548
N6930 X1.7387 Y1.2551
N6935 X1.757 Y1.2562
N6940 X1.7747 Y1.2581
N6945 X1.7916 Y1.2608
N6950 X1.8077 Y1.2642
N6955 X1.8228 Y1.2682
N6960 X1.837 Y1.2726
N6965 X1.8499 Y1.2774
N6970 X1.8619 Y1.2825
N6975 X1.8731 Y1.2879
N6980 X1.8835 Y1.2936
N6985 X1.8923 Y1.2989
N6990 X1.9003 Y1.3044
N6995 X1.908 Y1.3101
N7000 X1.914 Y1.3152
N7005 X1.9205 Y1.3211
N7010 X1.9258 Y1.3265
N7015 X1.9305 Y1.3317
N7020 X1.9355 Y1.3379
N7025 X1.9395 Y1.3433
N7030 X1.9465 Y1.3562
N7035 X1.9512 Y1.3701
N7040 X1.9535 Y1.3845
N7045 X1.9533 Y1.3992
N7050 X1.9506 Y1.4136
N7055 X1.9455 Y1.4273
N7060 X1.9381 Y1.44
N7065 G3 X1.9212 Y1.4493 Z-0.0745 I-0.0188 J-0.0143
N7070 G1 X1.9108 Y1.4501 Z-0.0723
N7075 X1.904 Y1.4507 Z-0.0709
N7080 X1.4591 Y1.4877
N7085 X1.4523 Y1.4883 Z-0.0723
N7090 X1.4503 Y1.4885 Z-0.0727
N7095 G3 X1.4272 Y1.4753 Z-0.0787 I-0.002 J-0.0235
N7100 G1 X1.4236 Y1.4674
N7105 X1.4157 Y1.4504
N7110 X1.4132 Y1.445
N7115 X1.4116 Y1.4393
N7120 X1.4106 Y1.4335
N7125 X1.4101 Y1.4276
N7130 X1.41 Y1.4217
N7135 X1.4104 Y1.4158
N7140 X1.411 Y1.41
N7145 X1.412 Y1.4041
N7150 X1.4133 Y1.3982
N7155 X1.4151 Y1.3918
N7160 X1.4172 Y1.3854
N7165 X1.4198 Y1.3784
N7170 X1.423 Y1.3711
N7175 X1.4267 Y1.3638
N7180 X1.431 Y1.356
N7185 X1.4361 Y1.3479
N7190 X1.4418 Y1.3397
N7195 X1.4483 Y1.3314
N7200 X1.4557 Y1.3226
N7205 X1.464 Y1.3138
N7210 X1.4729 Y1.3052
N7215 X1.4829 Y1.2964
N7220 X1.4942 Y1.2875
N7225 X1.5065 Y1.2786
N7230 X1.5195 Y1.2702
N7235 X1.5336 Y1.2621
N7240 X1.5488 Y1.2543
N7245 X1.5651 Y1.2468
N7250 X1.5824 Y1.24
N7255 X1.6006 Y1.2337
N7260 X1.6195 Y1.2283
N7265 X1.6389 Y1.2237
N7270 X1.6588 Y1.22
N7275 X1.6788 Y1.2172
N7280 X1.699 Y1.2155
N7285 X1.719 Y1.2147
N7290 X1.7386 Y1.215
N7295 X1.7578 Y1.2161
N7300 X1.7764 Y1.2181
N7305 X1.7943 Y1.2209
N7310 X1.8114 Y1.2245
N7315 X1.8277 Y1.2287
N7320 X1.843 Y1.2335
N7325 X1.857 Y1.2387
N7330 X1.8701 Y1.2442
N7335 X1.8821 Y1.25
N7340 X1.8935 Y1.2562
N7345 X1.9037 Y1.2624
N7350 X1.9132 Y1.2689
N7355 X1.9219 Y1.2754
N7360 X1.9288 Y1.2811
N7365 X1.9361 Y1.2877
N7370 X1.9418 Y1.2935
N7375 X1.9469 Y1.2992
N7380 X1.9523 Y1.3058
N7385 X1.9565 Y1.3114
N7390 X1.9603 Y1.3172
N7395 X1.9614 Y1.3191
N7400 X1.968 Y1.3326
N7405 X1.9721 Y1.347
N7410 X1.9736 Y1.3619
N7415 X1.9726 Y1.3768
N7420 X1.969 Y1.3913
N7425 X1.9629 Y1.405
N7430 X1.9546 Y1.4175
N7435 X1.9517 Y1.4212
N7440 X1.9467 Y1.4278
N7445 X1.9381 Y1.44
N7450 G3 X1.9198 Y1.4493 Z-0.0742 I-0.0188 J-0.0143
N7455 G1 X1.9108 Y1.4495 Z-0.0723
N7460 X1.9039 Y1.4497 Z-0.0709
N7465 X1.4491 Y1.4608
N7470 X1.4422 Y1.4609 Z-0.0723
N7475 X1.436 Y1.4611 Z-0.0736
N7480 G3 X1.4157 Y1.4504 Z-0.0787 I-0.0006 J-0.0236
N7485 G1 X1.4152 Y1.4497
N7490 X1.4046 Y1.4347
N7495 X1.4015 Y1.4297
N7500 X1.3991 Y1.4243
N7505 X1.3972 Y1.4187
N7510 X1.3959 Y1.4129
N7515 X1.3951 Y1.4071
N7520 X1.3946 Y1.4012
N7525 Y1.3953
N7530 X1.3949 Y1.3894
N7535 X1.3955 Y1.3835
N7540 X1.3965 Y1.3774
N7545 X1.3977 Y1.3711
N7550 X1.3995 Y1.3644
N7555 X1.4017 Y1.3572
N7560 X1.4043 Y1.35
N7565 X1.4076 Y1.3423
N7570 X1.4114 Y1.3342
N7575 X1.4158 Y1.326
N7580 X1.4209 Y1.3176
N7585 X1.4269 Y1.3087
N7590 X1.4337 Y1.2996
N7595 X1.4411 Y1.2907
N7600 X1.4494 Y1.2815
N7605 X1.4589 Y1.272
N7610 X1.4694 Y1.2625
N7615 X1.4805 Y1.2534
N7620 X1.4928 Y1.2443
N7625 X1.5063 Y1.2353
N7630 X1.521 Y1.2265
N7635 X1.5369 Y1.218
N7640 X1.5536 Y1.21
N7645 X1.571 Y1.2028
N7650 X1.5894 Y1.1962
N7655 X1.6087 Y1.1903
N7660 X1.6287 Y1.1852
N7665 X1.6492 Y1.181
N7670 X1.67 Y1.1779
N7675 X1.691 Y1.1757
N7680 X1.712 Y1.1746
N7685 X1.7328 Y1.1745
N7690 X1.7533 Y1.1754
N7695 X1.7733 Y1.1772
N7700 X1.7926 Y1.18
N7705 X1.811 Y1.1835
N7710 X1.8283 Y1.1877
N7715 X1.8448 Y1.1926
N7720 X1.8605 Y1.1981
N7725 X1.8753 Y1.204
N7730 X1.8892 Y1.2105
N7735 X1.9017 Y1.217
N7740 X1.9133 Y1.2238
N7745 X1.9239 Y1.2308
N7750 X1.9339 Y1.238
N7755 X1.9429 Y1.2452
N7760 X1.9505 Y1.2519
N7765 X1.9574 Y1.2587
N7770 X1.964 Y1.2658
N7775 X1.969 Y1.2718
N7780 X1.9742 Y1.2786
N7785 X1.9787 Y1.2852
N7790 X1.9823 Y1.291
N7795 X1.986 Y1.2977
N7800 X1.9866 Y1.2988
N7805 X1.9918 Y1.3122
N7810 X1.9948 Y1.3264
N7815 X1.9953 Y1.3408
N7820 X1.9935 Y1.3551
N7825 X1.9893 Y1.3689
N7830 X1.9829 Y1.3818
N7835 X1.9744 Y1.3935
N7840 X1.9704 Y1.3981
N7845 X1.9644 Y1.4054
N7850 X1.9553 Y1.4166
N7855 X1.9546 Y1.4175
N7860 G3 X1.9375 Y1.4256 Z-0.0746 I-0.0179 J-0.0154
N7865 G1 X1.9267 Y1.426 Z-0.0723
N7870 X1.9199 Y1.4263 Z-0.0709
N7875 X1.4388 Y1.4435
N7880 X1.4319 Y1.4437 Z-0.0723
N7885 X1.4243 Y1.444 Z-0.0739
N7890 G3 X1.4046 Y1.4347 Z-0.0787 I-0.0008 J-0.0236
N7895 G1 X1.3998 Y1.4278
N7900 X1.3948 Y1.4212
N7905 X1.3919 Y1.4175
N7910 X1.39 Y1.4152
N7915 X1.3866 Y1.4104
N7920 X1.3838 Y1.4052
N7925 X1.3816 Y1.3997
N7930 X1.3799 Y1.3941
N7935 X1.3787 Y1.3883
N7940 X1.3778 Y1.3824
N7945 X1.3774 Y1.3765
N7950 X1.3773 Y1.3706
N7955 X1.3775 Y1.3647
N7960 X1.378 Y1.3586
N7965 X1.3789 Y1.3523
N7970 X1.3801 Y1.3454
N7975 X1.3819 Y1.3382
N7980 X1.384 Y1.3308
N7985 X1.3867 Y1.323
N7990 X1.39 Y1.3147
N7995 X1.3937 Y1.3064
N8000 X1.3982 Y1.2977
N8005 X1.4035 Y1.2885
N8010 X1.4096 Y1.2791
N8015 X1.4162 Y1.2698
N8020 X1.4238 Y1.2602
N8025 X1.4325 Y1.2503
N8030 X1.4422 Y1.2402
N8035 X1.4526 Y1.2305
N8040 X1.4641 Y1.2207
N8045 X1.4769 Y1.2108
N8050 X1.4908 Y1.2011
N8055 X1.5059 Y1.1916
N8060 X1.5217 Y1.1827
N8065 X1.5385 Y1.1744
N8070 X1.5564 Y1.1665
N8075 X1.5754 Y1.1592
N8080 X1.5953 Y1.1527
N8085 X1.616 Y1.1471
N8090 X1.6373 Y1.1423
N8095 X1.659 Y1.1386
N8100 X1.6809 Y1.1359
N8105 X1.703 Y1.1343
N8110 X1.7249 Y1.1337
N8115 X1.7466 Y1.1343
N8120 X1.7678 Y1.1358
N8125 X1.7884 Y1.1383
N8130 X1.8084 Y1.1418
N8135 X1.8276 Y1.146
N8140 X1.8461 Y1.1511
N8145 X1.8633 Y1.1567
N8150 X1.8794 Y1.1629
N8155 X1.8946 Y1.1696
N8160 X1.909 Y1.1767
N8165 X1.9223 Y1.1842
N8170 X1.9345 Y1.1919
N8175 X1.9456 Y1.1995
N8180 X1.9557 Y1.2074
N8185 X1.9651 Y1.2154
N8190 X1.9736 Y1.2234
N8195 X1.9808 Y1.2308
N8200 X1.9871 Y1.238
N8205 X1.9931 Y1.2456
N8210 X1.9977 Y1.2519
N8215 X2.0024 Y1.2592
N8220 X2.0063 Y1.266
N8225 X2.0094 Y1.2721
N8230 X2.0105 Y1.2745
N8235 X2.0153 Y1.2878
N8240 X2.0179 Y1.3016
N8245 X2.0181 Y1.3157
N8250 X2.0161 Y1.3296
N8255 X2.0119 Y1.343
N8260 X2.0056 Y1.3556
N8265 X1.9973 Y1.367
N8270 X1.9744 Y1.3935
N8275 G3 X1.958 Y1.4011 Z-0.0748 I-0.0173 J-0.016
N8280 G1 X1.9463 Y1.4015 Z-0.0723
N8285 X1.9395 Y1.4018 Z-0.0709
N8290 X1.4247 Y1.4227
N8295 X1.4179 Y1.423 Z-0.0723
N8300 X1.4089 Y1.4234 Z-0.0742
N8305 G3 X1.39 Y1.4152 Z-0.0787 I-0.001 J-0.0236
N8310 G1 X1.3821 Y1.4054
N8315 X1.3755 Y1.3975
N8320 X1.3734 Y1.3951
N8325 X1.3698 Y1.3904
N8330 X1.3668 Y1.3853
N8335 X1.3643 Y1.38
N8340 X1.3624 Y1.3744
N8345 X1.3608 Y1.3687
N8350 X1.3597 Y1.3629
N8355 X1.359 Y1.357
N8360 X1.3585 Y1.3512
N8365 X1.3584 Y1.3452
N8370 X1.3586 Y1.339
N8375 X1.3592 Y1.3325
N8380 X1.3601 Y1.3256
N8385 X1.3614 Y1.3182
N8390 X1.3632 Y1.3105
N8395 X1.3654 Y1.3026
N8400 X1.3682 Y1.2942
N8405 X1.3717 Y1.2854
N8410 X1.3757 Y1.2765
N8415 X1.3805 Y1.2671
N8420 X1.386 Y1.2574
N8425 X1.3924 Y1.2474
N8430 X1.3994 Y1.2375
N8435 X1.4075 Y1.2272
N8440 X1.4166 Y1.2167
N8445 X1.4269 Y1.2059
N8450 X1.4379 Y1.1955
N8455 X1.4499 Y1.1851
N8460 X1.4632 Y1.1748
N8465 X1.4777 Y1.1646
N8470 X1.4934 Y1.1546
N8475 X1.5103 Y1.145
N8480 X1.528 Y1.1361
N8485 X1.5466 Y1.1278
N8490 X1.5663 Y1.1202
N8495 X1.5871 Y1.1133
N8500 X1.6086 Y1.1072
N8505 X1.6309 Y1.1022
N8510 X1.6536 Y1.0981
N8515 X1.6767 Y1.0952
N8520 X1.6999 Y1.0934
N8525 X1.723 Y1.0927
N8530 X1.7459 Y1.0932
N8535 X1.7684 Y1.0947
N8540 X1.7905 Y1.0973
N8545 X1.812 Y1.1009
N8550 X1.8326 Y1.1054
N8555 X1.8522 Y1.1107
N8560 X1.8709 Y1.1166
N8565 X1.8884 Y1.1233
N8570 X1.905 Y1.1304
N8575 X1.9206 Y1.1381
N8580 X1.9353 Y1.1463
N8585 X1.949 Y1.1548
N8590 X1.9613 Y1.1632
N8595 X1.9725 Y1.1718
N8600 X1.9827 Y1.1804
N8605 X1.9922 Y1.1892
N8610 X2.0006 Y1.1979
N8615 X2.0075 Y1.2057
N8620 X2.014 Y1.2138
N8625 X2.0196 Y1.2215
N8630 X2.024 Y1.2283
N8635 X2.0286 Y1.2361
N8640 X2.032 Y1.2428
N8645 X2.0327 Y1.2442
N8650 X2.0376 Y1.2577
N8655 X2.0402 Y1.2719
N8660 X2.0405 Y1.2862
N8665 X2.0383 Y1.3004
N8670 X2.0339 Y1.3141
N8675 X2.0273 Y1.3268
N8680 X2.0176 Y1.3421
N8685 X2.0119 Y1.35
N8690 X1.9973 Y1.367
N8695 G3 X1.9811 Y1.3745 Z-0.0748 I-0.0173 J-0.016
N8700 G1 X1.9692 Y1.3751 Z-0.0723
N8705 X1.9624 Y1.3754 Z-0.0709
N8710 X1.4084 Y1.4019
N8715 X1.4015 Y1.4022 Z-0.0723
N8720 X1.3919 Y1.4026 Z-0.0744
N8725 G3 X1.3734 Y1.3951 Z-0.0787 I-0.0011 J-0.0236
N8730 G1 X1.355 Y1.3737
N8735 X1.3514 Y1.3691
N8740 X1.3482 Y1.3641
N8745 X1.3456 Y1.3588
N8750 X1.3435 Y1.3533
N8755 X1.3418 Y1.3476
N8760 X1.3404 Y1.3419
N8765 X1.3395 Y1.336
N8770 X1.3388 Y1.3302
N8775 X1.3385 Y1.3243
N8780 Y1.318
N8785 X1.3387 Y1.3112
N8790 X1.3394 Y1.3043
N8795 X1.3404 Y1.2968
N8800 X1.3419 Y1.2888
N8805 X1.3439 Y1.2806
N8810 X1.3464 Y1.2721
N8815 X1.3496 Y1.263
N8820 X1.3534 Y1.2535
N8825 X1.3578 Y1.244
N8830 X1.363 Y1.2339
N8835 X1.3691 Y1.2234
N8840 X1.3761 Y1.2127
N8845 X1.3837 Y1.2022
N8850 X1.3924 Y1.1913
N8855 X1.4023 Y1.1801
N8860 X1.4134 Y1.1687
N8865 X1.4253 Y1.1576
N8870 X1.4383 Y1.1466
N8875 X1.4525 Y1.1357
N8880 X1.468 Y1.125
N8885 X1.4848 Y1.1146
N8890 X1.5028 Y1.1046
N8895 X1.5219 Y1.0952
N8900 X1.5418 Y1.0865
N8905 X1.5626 Y1.0787
N8910 X1.5845 Y1.0716
N8915 X1.6072 Y1.0655
N8920 X1.6307 Y1.0604
N8925 X1.6547 Y1.0564
N8930 X1.679 Y1.0535
N8935 X1.7034 Y1.0518
N8940 X1.7279 Y1.0513
N8945 X1.7521 Y1.052
N8950 X1.776 Y1.0539
N8955 X1.7994 Y1.0568
N8960 X1.822 Y1.0608
N8965 X1.8438 Y1.0658
N8970 X1.8645 Y1.0716
N8975 X1.8842 Y1.0781
N8980 X1.903 Y1.0854
N8985 X1.9208 Y1.0933
N8990 X1.9376 Y1.1017
N8995 X1.9533 Y1.1106
N9000 X1.9679 Y1.1199
N9005 X1.9812 Y1.1292
N9010 X1.9932 Y1.1386
N9015 X2.0042 Y1.148
N9020 X2.0142 Y1.1575
N9025 X2.0231 Y1.1669
N9030 X2.0302 Y1.175
N9035 X2.0369 Y1.1836
N9040 X2.0425 Y1.1914
N9045 X2.047 Y1.1984
N9050 X2.0517 Y1.2067
N9055 X2.0574 Y1.2209
N9060 X2.0605 Y1.236
N9065 X2.0609 Y1.2514
N9070 X2.0586 Y1.2667
N9075 X2.0536 Y1.2812
N9080 X2.0497 Y1.29
N9085 X2.0471 Y1.2946
N9090 X2.0326 Y1.3183
N9095 X2.0273 Y1.3268
N9100 G3 X2.0094 Y1.337 Z-0.0742 I-0.0195 J-0.0133
N9105 G1 X2.0005 Y1.3376 Z-0.0723
N9110 X1.9937 Y1.3381 Z-0.0709
N9115 X1.3899 Y1.3801
N9120 X1.3831 Y1.3806 Z-0.0723
N9125 X1.374 Y1.3813 Z-0.0743
N9130 G3 X1.355 Y1.3737 Z-0.0787 I-0.0016 J-0.0236
N9135 G1 X1.3345 Y1.35
N9140 X1.3301 Y1.343
N9145 X1.3271 Y1.3379
N9150 X1.3246 Y1.3325
N9155 X1.3226 Y1.327
N9160 X1.321 Y1.3213
N9165 X1.3197 Y1.3155
N9170 X1.3188 Y1.3097
N9175 X1.3182 Y1.3038
N9180 X1.3178 Y1.2976
N9185 Y1.2909
N9190 X1.3181 Y1.284
N9195 X1.3188 Y1.2765
N9200 X1.3199 Y1.2686
N9205 X1.3214 Y1.2604
N9210 X1.3235 Y1.2517
N9215 X1.3263 Y1.2423
N9220 X1.3295 Y1.233
N9225 X1.3335 Y1.2232
N9230 X1.3383 Y1.2128
N9235 X1.3439 Y1.202
N9240 X1.3502 Y1.1912
N9245 X1.3575 Y1.1801
N9250 X1.3658 Y1.1685
N9255 X1.3753 Y1.1567
N9260 X1.3856 Y1.145
N9265 X1.3969 Y1.1335
N9270 X1.4095 Y1.1217
N9275 X1.4236 Y1.1098
N9280 X1.4389 Y1.0981
N9285 X1.4555 Y1.0867
N9290 X1.473 Y1.0759
N9295 X1.4914 Y1.0656
N9300 X1.5113 Y1.0559
N9305 X1.5323 Y1.0467
N9310 X1.5545 Y1.0384
N9315 X1.5777 Y1.0309
N9320 X1.6018 Y1.0244
N9325 X1.6265 Y1.0191
N9330 X1.6518 Y1.0148
N9335 X1.6774 Y1.0118
N9340 X1.7032 Y1.0101
N9345 X1.729 Y1.0096
N9350 X1.7545 Y1.0103
N9355 X1.7797 Y1.0123
N9360 X1.8044 Y1.0154
N9365 X1.8283 Y1.0197
N9370 X1.8515 Y1.025
N9375 X1.8738 Y1.0312
N9380 X1.8953 Y1.0383
N9385 X1.9157 Y1.0463
N9390 X1.935 Y1.0549
N9395 X1.9529 Y1.0639
N9400 X1.9695 Y1.0733
N9405 X1.9851 Y1.0832
N9410 X1.9996 Y1.0934
N9415 X2.0127 Y1.1036
N9420 X2.0244 Y1.1137
N9425 X2.0348 Y1.1235
N9430 X2.0439 Y1.1331
N9435 X2.0508 Y1.1411
N9440 X2.0578 Y1.15
N9445 X2.0628 Y1.1571
N9450 X2.0644 Y1.1595
N9455 X2.0713 Y1.1729
N9460 X2.0759 Y1.1872
N9465 X2.0779 Y1.2022
N9470 X2.0772 Y1.2173
N9475 X2.074 Y1.232
N9480 X2.0735 Y1.2337
N9485 X2.0714 Y1.2391
N9490 X2.0618 Y1.2629
N9495 X2.0536 Y1.2812
N9500 G3 X2.0346 Y1.2944 Z-0.0736 I-0.0212 J-0.0104
N9505 G1 X2.0285 Y1.2949 Z-0.0723
N9510 X2.0217 Y1.2956 Z-0.0709
N9515 X1.3694 Y1.356
N9520 X1.3626 Y1.3567 Z-0.0723
N9525 X1.3541 Y1.3575 Z-0.0741
N9530 G3 X1.3345 Y1.35 Z-0.0787 I-0.0022 J-0.0235
N9535 G1 X1.3289 Y1.3421
N9540 X1.3139 Y1.3183
N9545 X1.3098 Y1.3116
N9550 X1.3069 Y1.3064
N9555 X1.3045 Y1.301
N9560 X1.3025 Y1.2955
N9565 X1.3009 Y1.2898
N9570 X1.2997 Y1.284
N9575 X1.2988 Y1.2782
N9580 X1.2982 Y1.2723
N9585 X1.2979 Y1.266
N9590 X1.298 Y1.2592
N9595 X1.2983 Y1.2522
N9600 X1.2991 Y1.2445
N9605 X1.3003 Y1.2363
N9610 X1.302 Y1.228
N9615 X1.3042 Y1.219
N9620 X1.3072 Y1.2093
N9625 X1.3106 Y1.1996
N9630 X1.3149 Y1.1893
N9635 X1.32 Y1.1785
N9640 X1.326 Y1.1673
N9645 X1.3326 Y1.1561
N9650 X1.3404 Y1.1445
N9655 X1.3493 Y1.1323
N9660 X1.3594 Y1.1199
N9665 X1.3704 Y1.1077
N9670 X1.3826 Y1.0954
N9675 X1.3961 Y1.083
N9680 X1.411 Y1.0707
N9685 X1.4273 Y1.0585
N9690 X1.4449 Y1.0466
N9695 X1.4634 Y1.0353
N9700 X1.483 Y1.0247
N9705 X1.5041 Y1.0145
N9710 X1.5266 Y1.005
N9715 X1.5502 Y0.9964
N9720 X1.5748 Y0.9887
N9725 X1.6003 Y0.982
N9730 X1.6264 Y0.9766
N9735 X1.6531 Y0.9724
N9740 X1.6801 Y0.9694
N9745 X1.7073 Y0.9678
N9750 X1.7344 Y0.9675
N9755 X1.7613 Y0.9686
N9760 X1.7879 Y0.9709
N9765 X1.8139 Y0.9744
N9770 X1.8393 Y0.9791
N9775 X1.864 Y0.985
N9780 X1.8878 Y0.9919
N9785 X1.9105 Y0.9996
N9790 X1.9322 Y1.0083
N9795 X1.9526 Y1.0176
N9800 X1.9716 Y1.0274
N9805 X1.9892 Y1.0376
N9810 X2.0056 Y1.0481
N9815 X2.0207 Y1.0589
N9820 X2.0341 Y1.0696
N9825 X2.0459 Y1.0799
N9830 X2.0549 Y1.0887
N9835 X2.0637 Y1.098
N9840 X2.0701 Y1.1055
N9845 X2.0721 Y1.1081
N9850 X2.0802 Y1.1209
N9855 X2.0861 Y1.1349
N9860 X2.0893 Y1.1498
N9865 X2.09 Y1.165
N9870 X2.0879 Y1.18
N9875 X2.0835 Y1.1995
N9880 X2.0817 Y1.2075
N9885 X2.074 Y1.232
N9890 G3 X2.0541 Y1.2476 Z-0.0731 I-0.0223 J-0.0078
N9895 G1 X2.0506 Y1.248 Z-0.0723
N9900 X2.0438 Y1.2487 Z-0.0709
N9905 X1.3432 Y1.3209
N9910 X1.3364 Y1.3216 Z-0.0723
N9915 X1.3319 Y1.3221 Z-0.0733
N9920 G3 X1.3098 Y1.3116 Z-0.0787 I-0.0024 J-0.0235
N9925 G1 X1.2993 Y1.2946
N9930 X1.2968 Y1.29
N9935 X1.2871 Y1.2684
N9940 X1.285 Y1.2629
N9945 X1.2832 Y1.2573
N9950 X1.2818 Y1.2515
N9955 X1.2808 Y1.2457
N9960 X1.2801 Y1.2399
N9965 X1.2797 Y1.2338
N9970 X1.2796 Y1.2276
N9975 X1.2798 Y1.2207
N9980 X1.2804 Y1.2133
N9985 X1.2814 Y1.2056
N9990 X1.2829 Y1.1973
N9995 X1.285 Y1.1884
N10000 X1.2876 Y1.1793
N10005 X1.2909 Y1.1695
N10010 X1.295 Y1.159
N10015 X1.2997 Y1.1485
N10020 X1.3054 Y1.1374
N10025 X1.3121 Y1.1257
N10030 X1.3197 Y1.1137
N10035 X1.3282 Y1.1018
N10040 X1.338 Y1.0893
N10045 X1.3492 Y1.0764
N10050 X1.3618 Y1.0633
N10055 X1.3752 Y1.0506
N10060 X1.3899 Y1.0379
N10065 X1.4061 Y1.0253
N10070 X1.4238 Y1.0129
N10075 X1.443 Y1.0007
N10080 X1.4637 Y0.989
N10085 X1.4857 Y0.9779
N10090 X1.5086 Y0.9678
N10095 X1.5325 Y0.9585
N10100 X1.5578 Y0.9501
N10105 X1.5841 Y0.9428
N10110 X1.6113 Y0.9366
N10115 X1.6392 Y0.9317
N10120 X1.6676 Y0.9281
N10125 X1.6962 Y0.9259
N10130 X1.7249 Y0.9251
N10135 X1.7534 Y0.9257
N10140 X1.7818 Y0.9276
N10145 X1.8097 Y0.9309
N10150 X1.837 Y0.9355
N10155 X1.8636 Y0.9413
N10160 X1.8894 Y0.9483
N10165 X1.914 Y0.9562
N10170 X1.9373 Y0.965
N10175 X1.9592 Y0.9745
N10180 X1.9799 Y0.9847
N10185 X1.9993 Y0.9955
N10190 X2.0172 Y1.0066
N10195 X2.0332 Y1.0177
N10200 X2.0471 Y1.0283
N10205 X2.0575 Y1.0371
N10210 X2.0674 Y1.0464
N10215 X2.0745 Y1.0537
N10220 X2.0827 Y1.0645
N10225 X2.089 Y1.0764
N10230 X2.0934 Y1.0892
N10235 X2.0958 Y1.1026
N10240 X2.096 Y1.1161
N10245 X2.0944 Y1.1441
N10250 X2.0938 Y1.152
N10255 X2.0924 Y1.16
N10260 X2.0907 Y1.1679
N10265 X2.0879 Y1.18
N10270 G3 X2.0677 Y1.1975 Z-0.0727 I-0.0228 J-0.006
N10275 G1 X2.0659 Y1.1977 Z-0.0723
N10280 X2.0591 Y1.1985 Z-0.0709
N10285 X1.319 Y1.2806
N10290 X1.3122 Y1.2814 Z-0.0723
N10295 X1.311 Y1.2815 Z-0.0726
N10300 G3 X1.2871 Y1.2684 Z-0.0787 I-0.0026 J-0.0235
N10305 G1 X1.2847 Y1.2629
N10310 X1.275 Y1.2391
N10315 X1.273 Y1.2337
N10320 X1.2684 Y1.2189
N10325 X1.2667 Y1.2125
N10330 X1.2655 Y1.2067
N10335 X1.2647 Y1.2009
N10340 X1.2642 Y1.195
N10345 X1.2641 Y1.1891
N10350 X1.2642 Y1.1827
N10355 X1.2647 Y1.176
N10360 X1.2656 Y1.1685
N10365 X1.2669 Y1.1608
N10370 X1.2688 Y1.1524
N10375 X1.2713 Y1.1433
N10380 X1.2743 Y1.1341
N10385 X1.2781 Y1.1242
N10390 X1.2828 Y1.1135
N10395 X1.2881 Y1.1028
N10400 X1.2945 Y1.0913
N10405 X1.3021 Y1.0792
N10410 X1.3106 Y1.0671
N10415 X1.3201 Y1.0548
N10420 X1.331 Y1.0419
N10425 X1.3435 Y1.0287
N10430 X1.3573 Y1.0153
N10435 X1.3721 Y1.0024
N10440 X1.3885 Y0.9894
N10445 X1.4066 Y0.9764
N10450 X1.4263 Y0.9637
N10455 X1.4475 Y0.9514
N10460 X1.4701 Y0.9398
N10465 X1.494 Y0.9289
N10470 X1.5189 Y0.919
N10475 X1.5449 Y0.9101
N10480 X1.5721 Y0.9023
N10485 X1.6004 Y0.8956
N10490 X1.6296 Y0.8902
N10495 X1.6593 Y0.8861
N10500 X1.6893 Y0.8835
N10505 X1.7196 Y0.8824
N10510 X1.7499 Y0.8827
N10515 X1.7799 Y0.8845
N10520 X1.8096 Y0.8878
N10525 X1.8387 Y0.8924
N10530 X1.8671 Y0.8983
N10535 X1.8946 Y0.9055
N10540 X1.9208 Y0.9137
N10545 X1.9457 Y0.9228
N10550 X1.9692 Y0.9327
N10555 X1.9912 Y0.9434
N10560 X2.0117 Y0.9545
N10565 X2.03 Y0.9656
N10570 X2.0457 Y0.9763
N10575 X2.0568 Y0.9846
N10580 X2.0631 Y0.9899
N10585 X2.0728 Y0.9992
N10590 X2.0808 Y1.0099
N10595 X2.0872 Y1.0217
N10600 X2.0916 Y1.0344
N10605 X2.094 Y1.0476
N10610 X2.0958 Y1.0649
N10615 X2.0963 Y1.0729
N10620 X2.0972 Y1.0949
N10625 Y1.0966
N10630 X2.096 Y1.1161
N10635 G3 X2.0754 Y1.1373 Z-0.072 I-0.0235 J-0.0022
N10640 G1 X2.0704 Y1.138 Z-0.0709
N10645 X1.2986 Y1.2339
N10650 X1.2936 Y1.2345 Z-0.0719
N10655 G3 X1.2684 Y1.2189 Z-0.0787 I-0.0029 J-0.0234
N10660 G1 X1.2648 Y1.2075
N10665 X1.2612 Y1.1916
N10670 X1.2558 Y1.1679
N10675 X1.2548 Y1.1635
N10680 X1.2537 Y1.1565
N10685 X1.253 Y1.1507
N10690 X1.2527 Y1.1448
N10695 X1.2528 Y1.1389
N10700 X1.2532 Y1.1326
N10705 X1.2539 Y1.1262
N10710 X1.255 Y1.119
N10715 X1.2566 Y1.1114
N10720 X1.2587 Y1.1033
N10725 X1.2615 Y1.0944
N10730 X1.2648 Y1.0854
N10735 X1.2691 Y1.0755
N10740 X1.2741 Y1.065
N10745 X1.2799 Y1.0544
N10750 X1.287 Y1.0428
N10755 X1.2951 Y1.0308
N10760 X1.3041 Y1.0188
N10765 X1.3146 Y1.0062
N10770 X1.3267 Y0.9931
N10775 X1.3401 Y0.9797
N10780 X1.3546 Y0.9668
N10785 X1.3709 Y0.9535
N10790 X1.3891 Y0.9401
N10795 X1.4091 Y0.9269
N10800 X1.4306 Y0.9141
N10805 X1.4535 Y0.902
N10810 X1.4773 Y0.8908
N10815 X1.5027 Y0.8803
N10820 X1.5296 Y0.8707
N10825 X1.5579 Y0.8622
N10830 X1.5873 Y0.8549
N10835 X1.6177 Y0.8489
N10840 X1.6487 Y0.8443
N10845 X1.6802 Y0.8411
N10850 X1.712 Y0.8396
N10855 X1.7439 Y0.8395
N10860 X1.7756 Y0.8411
N10865 X1.8071 Y0.8441
N10870 X1.838 Y0.8486
N10875 X1.8681 Y0.8545
N10880 X1.8973 Y0.8617
N10885 X1.9253 Y0.8701
N10890 X1.9522 Y0.8796
N10895 X1.9775 Y0.89
N10900 X2.0004 Y0.9007
N10905 X2.0206 Y0.9114
N10910 X2.036 Y0.9205
N10915 X2.0436 Y0.9255
N10920 X2.0558 Y0.9352
N10925 X2.066 Y0.947
N10930 X2.074 Y0.9604
N10935 X2.0794 Y0.975
N10940 X2.0889 Y1.0095
N10945 X2.0893 Y1.0112
N10950 X2.0903 Y1.0174
N10955 X2.0914 Y1.0254
N10960 X2.0925 Y1.0333
N10965 X2.094 Y1.0476
N10970 G3 X2.0736 Y1.0726 Z-0.0712 I-0.0236 J0.0016
N10975 G1 X2.0721 Y1.0728 Z-0.0709
N10980 X1.2835 Y1.1808
N10985 X1.281 Y1.1811 Z-0.0714
N10990 G3 X1.2548 Y1.1635 Z-0.0787 I-0.0032 J-0.0234
N10995 G1 X1.2541 Y1.16
N11000 X1.2527 Y1.152
N11005 X1.2521 Y1.1441
N11010 X1.2493 Y1.0966
N11015 X1.2492 Y1.0949
N11020 X1.2498 Y1.0808
N11025 X1.2505 Y1.0733
N11030 X1.2514 Y1.0673
N11035 X1.2526 Y1.0611
N11040 X1.2543 Y1.0541
N11045 X1.2565 Y1.0468
N11050 X1.2593 Y1.0388
N11055 X1.2628 Y1.0302
N11060 X1.267 Y1.0212
N11065 X1.2722 Y1.0112
N11070 X1.2781 Y1.0013
N11075 X1.2852 Y0.9904
N11080 X1.2936 Y0.9789
N11085 X1.3028 Y0.9675
N11090 X1.3137 Y0.9552
N11095 X1.3264 Y0.9422
N11100 X1.3401 Y0.9295
N11105 X1.3556 Y0.9166
N11110 X1.3731 Y0.9033
N11115 X1.3924 Y0.89
N11120 X1.4135 Y0.877
N11125 X1.4358 Y0.8648
N11130 X1.4595 Y0.8532
N11135 X1.4853 Y0.8421
N11140 X1.5127 Y0.8319
N11145 X1.5417 Y0.8226
N11150 X1.572 Y0.8146
N11155 X1.6034 Y0.8079
N11160 X1.6356 Y0.8026
N11165 X1.6684 Y0.7988
N11170 X1.7016 Y0.7967
N11175 X1.735 Y0.7961
N11180 X1.7684 Y0.7972
N11185 X1.8015 Y0.7999
N11190 X1.8342 Y0.8041
N11195 X1.8661 Y0.8099
N11200 X1.8971 Y0.8171
N11205 X1.9271 Y0.8255
N11210 X1.9555 Y0.8351
N11215 X1.982 Y0.8455
N11220 X2.0021 Y0.8545
N11225 X2.0097 Y0.8584
N11230 X2.0207 Y0.865
N11235 X2.0306 Y0.8732
N11240 X2.0391 Y0.8827
N11245 X2.0462 Y0.8935
N11250 X2.0497 Y0.8998
N11255 X2.0637 Y0.9303
N11260 X2.0655 Y0.9347
N11265 X2.0735 Y0.9541
N11270 X2.0759 Y0.962
N11275 X2.0794 Y0.975
N11280 G3 X2.0619 Y1.0034 Z-0.0709 I-0.023 J0.0054
N11285 G1 X2.0595 Y1.0038
N11290 X1.2765 Y1.1044
N11295 X1.2732 Y1.1046
N11300 G3 X1.2498 Y1.0808 Z-0.0787 I0.0002 J-0.0236
N11305 G1 X1.2502 Y1.0729
N11310 X1.2507 Y1.0649
N11315 X1.254 Y1.0333
N11320 X1.2551 Y1.0254
N11325 X1.2562 Y1.0174
N11330 X1.2571 Y1.0112
N11335 X1.2576 Y1.0095
N11340 X1.2619 Y0.9937
N11345 X1.2657 Y0.9821
N11350 X1.2684 Y0.9751
N11355 X1.2715 Y0.9679
N11360 X1.2756 Y0.9598
N11365 X1.2802 Y0.9516
N11370 X1.286 Y0.9423
N11375 X1.2925 Y0.933
N11380 X1.3005 Y0.9227
N11385 X1.3095 Y0.912
N11390 X1.3199 Y0.901
N11395 X1.3324 Y0.8889
N11400 X1.346 Y0.8771
N11405 X1.3612 Y0.865
N11410 X1.3787 Y0.8525
N11415 X1.3984 Y0.8398
N11420 X1.4196 Y0.8276
N11425 X1.4422 Y0.8159
N11430 X1.4672 Y0.8046
N11435 X1.4943 Y0.7938
N11440 X1.5233 Y0.7839
N11445 X1.5539 Y0.7751
N11450 X1.5859 Y0.7675
N11455 X1.6189 Y0.7614
N11460 X1.6527 Y0.7568
N11465 X1.6871 Y0.7539
N11470 X1.7219 Y0.7526
N11475 X1.7567 Y0.753
N11480 X1.7914 Y0.7551
N11485 X1.8258 Y0.7588
N11490 X1.8595 Y0.7642
N11495 X1.8924 Y0.7711
N11500 X1.924 Y0.7793
N11505 X1.9526 Y0.7883
N11510 X1.9545 Y0.789
N11515 X1.9667 Y0.7945
N11520 X1.9778 Y0.8019
N11525 X1.9877 Y0.8109
N11530 X1.9942 Y0.818
N11535 X2.0024 Y0.8274
N11540 X2.0091 Y0.8353
N11545 X2.0358 Y0.8749
N11550 X2.0403 Y0.8828
N11555 X2.0462 Y0.8935
N11560 G3 X2.0359 Y0.9252 Z-0.0709 I-0.021 J0.0108
N11565 G1 X2.0334 Y0.9263
N11570 X2.0308 Y0.9271
N11575 X2.0281 Y0.9276
N11580 X1.2879 Y1.0225
N11585 X1.2851 Y1.0227
N11590 X1.2822 Y1.0226
N11595 X1.2794 Y1.0221
N11600 G3 X1.2619 Y0.9937 Z-0.0787 I0.0054 J-0.023
N11605 G1 X1.2706 Y0.962
N11610 X1.273 Y0.9539
N11615 X1.2809 Y0.9347
N11620 X1.2828 Y0.9303
N11625 X1.2968 Y0.8998
N11630 X1.3018 Y0.8907
N11635 X1.31 Y0.8776
N11640 X1.3152 Y0.8701
N11645 X1.3211 Y0.8624
N11650 X1.3284 Y0.8538
N11655 X1.3367 Y0.845
N11660 X1.3464 Y0.8355
N11665 X1.358 Y0.8254
N11670 X1.3705 Y0.8154
N11675 X1.3856 Y0.8045
N11680 X1.4025 Y0.7936
N11685 X1.421 Y0.7829
N11690 X1.4425 Y0.7717
N11695 X1.4667 Y0.7607
N11700 X1.4927 Y0.7503
N11705 X1.52 Y0.7409
N11710 X1.5498 Y0.7322
N11715 X1.5817 Y0.7246
N11720 X1.6152 Y0.7183
N11725 X1.6498 Y0.7136
N11730 X1.6845 Y0.7105
N11735 X1.7194 Y0.7091
N11740 X1.7543 Y0.7093
N11745 X1.7891 Y0.7111
N11750 X1.8238 Y0.7146
N11755 X1.8583 Y0.7196
N11760 X1.8642 Y0.7208
N11765 X1.8725 Y0.7228
N11770 X1.8805 Y0.7257
N11775 X1.8882 Y0.7293
N11780 X1.894 Y0.7324
N11785 X1.8991 Y0.7356
N11790 X1.9229 Y0.7525
N11795 X1.9277 Y0.7561
N11800 X1.9485 Y0.772
N11805 X1.9546 Y0.7771
N11810 X1.9659 Y0.7878
N11815 X1.9809 Y0.8037
N11820 X1.9877 Y0.8109
N11825 G3 X1.9855 Y0.8442 Z-0.0709 I-0.0177 J0.0156
N11830 X1.9727 Y0.8499 I-0.0156 J-0.0177
N11835 G1 X1.3255 Y0.925
N11840 G3 X1.312 Y0.9225 I-0.0027 J-0.0235
N11845 X1.3018 Y0.8907 Z-0.0787 I0.0108 J-0.021
N11850 G1 X1.3062 Y0.8828
N11855 X1.3107 Y0.8749
N11860 X1.3374 Y0.8353
N11865 X1.3443 Y0.8271
N11870 X1.3523 Y0.818
N11875 X1.3581 Y0.8116
N11880 X1.376 Y0.7926
N11885 X1.3805 Y0.7878
N11890 X1.3919 Y0.7771
N11895 X1.398 Y0.772
N11900 X1.4187 Y0.7561
N11905 X1.4236 Y0.7525
N11910 X1.4394 Y0.7412
N11915 X1.4474 Y0.7356
N11920 X1.4525 Y0.7324
N11925 X1.4632 Y0.7267
N11930 X1.4948 Y0.7119
N11935 X1.5121 Y0.7045
N11940 X1.5334 Y0.6967
N11945 X1.5568 Y0.6894
N11950 X1.5823 Y0.6827
N11955 X1.6113 Y0.6767
N11960 X1.6429 Y0.6717
N11965 X1.6463 Y0.6714
N11970 X1.6492 Y0.6712
N11975 X1.6522 Y0.6711
N11980 G3 X1.6751 Y0.6954 Z-0.0709 I-0.0007 J0.0236
N11985 X1.6582 Y0.7174 I-0.0236 J-0.0007
N11990 G1 X1.4817 Y0.7698
N11995 G3 X1.4546 Y0.7589 I-0.0067 J-0.0226
N12000 X1.4632 Y0.7267 Z-0.0787 I0.0205 J-0.0118
N12005 G1 X1.4823 Y0.7166
N12010 X1.5028 Y0.7057
N12015 X1.5108 Y0.7025
N12020 X1.5583 Y0.6864
N12025 X1.5637 Y0.6849
N12030 X1.59 Y0.6791
N12035 X1.6138 Y0.6752
N12040 X1.6217 Y0.6741
N12045 X1.6376 Y0.6721
N12050 X1.6455 Y0.6712
N12055 X1.6613 Y0.6711
N12060 X1.693
N12065 X1.701 Y0.6712
N12070 X1.7089 Y0.6721
N12075 X1.7247 Y0.6741
N12080 X1.7327 Y0.6752
N12085 X1.7564 Y0.6791
N12090 X1.7827 Y0.6849
N12095 X1.7881 Y0.6864
N12100 X1.8357 Y0.7025
N12105 X1.8436 Y0.7057
N12110 X1.8674 Y0.7183
N12115 X1.8882 Y0.7293
N12120 G3 X1.8992 Y0.7559 I-0.0118 J0.0205
N12125 G1 X1.8982 Y0.7595 Z-0.0784
N12130 X1.8973 Y0.7629 Z-0.0776
N12135 X1.8964 Y0.7663 Z-0.0762
N12140 X1.8956 Y0.7693 Z-0.0742
N12145 X1.8949 Y0.772 Z-0.0718
N12150 X1.8942 Y0.7744 Z-0.069
N12155 X1.8937 Y0.7762 Z-0.0658
N12160 X1.8934 Y0.7776 Z-0.0624
N12165 X1.8932 Y0.7784 Z-0.0588
N12170 X1.8931 Y0.7787 Z-0.0551
N12175 Z0.1969
N12180 X0.5225 Y-0.0917
N12185 Z-0.0315
N12190 Z-0.0551
N12195 X0.5223 Y-0.0915 Z-0.0588
N12200 X0.5215 Y-0.0911 Z-0.0624
N12205 X0.5203 Y-0.0903 Z-0.0658
N12210 X0.5186 Y-0.0893 Z-0.069
N12215 X0.5166 Y-0.0881 Z-0.0718
N12220 X0.5141 Y-0.0867 Z-0.0742
N12225 X0.5114 Y-0.0851 Z-0.0762
N12230 X0.5085 Y-0.0833 Z-0.0776
N12235 X0.5054 Y-0.0815 Z-0.0784
N12240 X0.5022 Y-0.0796 Z-0.0787
N12245 G3 X0.4725 Y-0.0709 I-0.0318 J-0.0536
N12250 G1 X0.4646
N12255 X0.4567 Y-0.0708
N12260 X0.4408 Y-0.0704
N12265 X0.4329 Y-0.07
N12270 X0.3854 Y-0.0646
N12275 X0.3774 Y-0.0636
N12280 X0.3616 Y-0.0613
N12285 X0.3537 Y-0.0593
N12290 X0.3378 Y-0.0545
N12295 X0.3287 Y-0.0515
N12300 X0.322 Y-0.0491
N12305 X0.3047 Y-0.044
N12310 X0.2891 Y-0.0402
N12315 X0.2682 Y-0.0362
N12320 X0.2337 Y-0.0313
N12325 X0.199 Y-0.0277
N12330 X0.1658 Y-0.0171
N12335 X0.1356 Y0.0006
N12340 X0.1097 Y0.0239
N12345 X0.0883 Y0.0514
N12350 X0.0712 Y0.0819
N12355 X0.058 Y0.1142
N12360 X0.0481 Y0.1476
N12365 X0.0409 Y0.1817
N12370 X0.0356 Y0.2162
N12375 X0.0319 Y0.2509
N12380 X0.0293 Y0.2857
N12385 X0.0275 Y0.3205
N12390 X0.0262 Y0.3554
N12395 X0.0254 Y0.3903
N12400 X0.0248 Y0.4252
N12405 X0.0244 Y0.4601
N12410 X0.0242 Y0.4949
N12415 X0.024 Y0.5298
N12420 X0.0238 Y0.5996
N12425 X0.0237 Y0.7043
N12430 X0.0236 Y1.0531
N12435 Y1.7509
N12440 Y1.8904
N12445 X0.0249 Y1.9253
N12450 X0.0331 Y1.9592
N12455 X0.0485 Y1.9905
N12460 X0.07 Y2.0179
N12465 X0.0962 Y2.041
N12470 X0.1257 Y2.0597
N12475 X0.126 Y2.0598
N12480 X0.1353 Y2.0648
N12485 X0.1438 Y2.0708
N12490 X0.1516 Y2.0779
N12495 X0.1555 Y2.0819
N12500 X0.1838 Y2.1101
N12505 X0.1872 Y2.1133
N12510 X0.1952 Y2.1201
N12515 X0.2031 Y2.1259
N12520 X0.211 Y2.1312
N12525 X0.2586 Y2.1611
N12530 X0.2621 Y2.1631
N12535 G3 X0.2724 Y2.1899 I-0.0123 J0.0202
N12540 G1 X0.2714 Y2.1934 Z-0.0784
N12545 X0.2704 Y2.1969 Z-0.0776
N12550 X0.2694 Y2.2002 Z-0.0762
N12555 X0.2685 Y2.2032 Z-0.0742
N12560 X0.2677 Y2.2059 Z-0.0718
N12565 X0.2671 Y2.2082 Z-0.069
N12570 X0.2665 Y2.2101 Z-0.0658
N12575 X0.2661 Y2.2114 Z-0.0624
N12580 X0.2659 Y2.2123 Z-0.0588
N12585 X0.2658 Y2.2125 Z-0.0551
N12590 Z0.1969
N12595 X0.3623 Y-0.0852
N12600 Z-0.0315
N12605 Z-0.0551
N12610 X0.3621 Y-0.085 Z-0.0588
N12615 X0.3615 Y-0.0843 Z-0.0624
N12620 X0.3606 Y-0.0832 Z-0.0658
N12625 X0.3594 Y-0.0818 Z-0.069
N12630 X0.3578 Y-0.0799 Z-0.0718
N12635 X0.356 Y-0.0778 Z-0.0742
N12640 X0.354 Y-0.0753 Z-0.0762
N12645 X0.3518 Y-0.0727 Z-0.0776
N12650 X0.3495 Y-0.0699 Z-0.0784
N12655 X0.3471 Y-0.0671 Z-0.0787
N12660 G3 X0.322 Y-0.0491 I-0.0477 J-0.04
N12665 G1 X0.2836 Y-0.0356
N12670 X0.2744 Y-0.0318
N12675 X0.2664 Y-0.0277
N12680 X0.2586 Y-0.0233
N12685 X0.211 Y0.0066
N12690 X0.2031 Y0.0119
N12695 X0.1952 Y0.0177
N12700 X0.1872 Y0.0245
N12705 X0.1838 Y0.0277
N12710 X0.1555 Y0.0559
N12715 X0.1366 Y0.0752
N12720 X0.1339 Y0.078
N12725 X0.1317 Y0.0808
N12730 X0.1159 Y0.104
N12735 X0.1141 Y0.1069
N12740 X0.0991 Y0.1306
N12745 X0.0847 Y0.1544
N12750 X0.0749 Y0.1782
N12755 X0.072 Y0.1861
N12760 X0.0582 Y0.2257
N12765 X0.0556 Y0.2336
N12770 X0.0533 Y0.2415
N12775 X0.0525 Y0.2449
N12780 X0.0516 Y0.2494
N12785 X0.0503 Y0.2573
N12790 X0.0475 Y0.2811
N12795 X0.0449 Y0.3048
N12800 X0.0426 Y0.3286
N12805 X0.0424 Y0.3365
N12810 X0.0423 Y0.3603
N12815 Y1.7855
N12820 X0.0424 Y1.8013
N12825 X0.0426 Y1.8092
N12830 X0.0449 Y1.833
N12835 X0.0475 Y1.8567
N12840 X0.0503 Y1.8805
N12845 X0.0516 Y1.8884
N12850 X0.0525 Y1.8929
N12855 X0.0533 Y1.8963
N12860 X0.0556 Y1.9042
N12865 X0.0582 Y1.9121
N12870 X0.072 Y1.9517
N12875 X0.0749 Y1.9596
N12880 X0.0847 Y1.9834
N12885 X0.0991 Y2.0071
N12890 X0.1141 Y2.0309
N12895 X0.1159 Y2.0338
N12900 X0.1317 Y2.0569
N12905 X0.1339 Y2.0598
N12910 X0.1366 Y2.0626
N12915 X0.1516 Y2.0779
N12920 G3 X0.1541 Y2.1065 I-0.0174 J0.0159
N12925 G1 X0.1521 Y2.1096 Z-0.0784
N12930 X0.1501 Y2.1127 Z-0.0776
N12935 X0.1483 Y2.1156 Z-0.0762
N12940 X0.1466 Y2.1182 Z-0.0742
N12945 X0.1451 Y2.1206 Z-0.0718
N12950 X0.1438 Y2.1226 Z-0.069
N12955 X0.1427 Y2.1243 Z-0.0658
N12960 X0.142 Y2.1254 Z-0.0624
N12965 X0.1415 Y2.1262 Z-0.0588
N12970 X0.1413 Y2.1264 Z-0.0551
N12975 Z0.1969
N12980 X2.8321 Y2.23
N12985 Z-0.0315
N12990 Z-0.0551
N12995 X2.8324 Y2.2298 Z-0.0588
N13000 X2.8331 Y2.2294 Z-0.0624
N13005 X2.8343 Y2.2287 Z-0.0658
N13010 X2.836 Y2.2277 Z-0.069
N13015 X2.838 Y2.2264 Z-0.0718
N13020 X2.8404 Y2.2249 Z-0.0742
N13025 X2.8431 Y2.2233 Z-0.0762
N13030 X2.846 Y2.2215 Z-0.0776
N13035 X2.8491 Y2.2196 Z-0.0784
N13040 X2.8523 Y2.2177 Z-0.0787
N13045 G3 X2.8818 Y2.2087 I0.0324 J0.0532
N13050 G1 X2.8898 Y2.2086
N13055 X2.9056 Y2.2082
N13060 X2.9135 Y2.2078
N13065 X2.9611 Y2.2024
N13070 X2.969 Y2.2014
N13075 X2.9849 Y2.1991
N13080 X2.9928 Y2.1971
N13085 X3.0086 Y2.1923
N13090 X3.0177 Y2.1893
N13095 X3.0245 Y2.1869
N13100 X3.0422 Y2.1817
N13105 X3.0577 Y2.1779
N13110 X3.0784 Y2.174
N13115 X3.1079 Y2.1698
N13120 X3.1426 Y2.1666
N13125 X3.1775 Y2.1646
N13130 X3.2121 Y2.1605
N13135 X3.2447 Y2.148
N13140 X3.2734 Y2.1282
N13145 X3.2975 Y2.103
N13150 X3.3169 Y2.074
N13155 X3.3319 Y2.0425
N13160 X3.3431 Y2.0095
N13165 X3.3514 Y1.9756
N13170 X3.3573 Y1.9412
N13175 X3.3614 Y1.9065
N13180 X3.3642 Y1.8718
N13185 X3.3662 Y1.8369
N13190 X3.3675 Y1.8021
N13195 X3.3684 Y1.7672
N13200 X3.3689 Y1.7323
N13205 X3.3693 Y1.6974
N13210 X3.3696 Y1.6625
N13215 X3.3698 Y1.6277
N13220 X3.3699 Y1.5579
N13225 X3.37 Y1.4532
N13230 X3.3701 Y0.9997
N13235 Y0.4415
N13240 Y0.1624
N13245 X3.3651 Y0.1279
N13250 X3.3514 Y0.0958
N13255 X3.3306 Y0.0678
N13260 X3.3046 Y0.0445
N13265 X3.2751 Y0.026
N13270 X3.2432 Y0.0118
N13275 X3.21 Y0.0012
N13280 X3.1759 Y-0.0065
N13285 X3.1415 Y-0.0119
N13290 X3.1177 Y-0.0145
N13295 X3.1062 Y-0.0165
N13300 X3.0951 Y-0.0201
N13305 X3.0846 Y-0.0251
N13310 X3.08 Y-0.0277
N13315 X3.0721 Y-0.0318
N13320 X3.0629 Y-0.0356
N13325 X3.0166 Y-0.0519
N13330 X3.0086 Y-0.0545
N13335 X2.9925 Y-0.0594
N13340 X2.9849 Y-0.0613
N13345 X2.969 Y-0.0636
N13350 X2.9611 Y-0.0646
N13355 X2.9135 Y-0.07
N13360 X2.9056 Y-0.0704
N13365 X2.8908 Y-0.0708
N13370 G3 X2.8691 Y-0.0896 I0.0014 J-0.0236
N13375 G1 X2.8684 Y-0.0932 Z-0.0784
N13380 X2.8677 Y-0.0968 Z-0.0776
N13385 X2.867 Y-0.1001 Z-0.0762
N13390 X2.8663 Y-0.1032 Z-0.0742
N13395 X2.8658 Y-0.106 Z-0.0718
N13400 X2.8653 Y-0.1083 Z-0.069
N13405 X2.8649 Y-0.1102 Z-0.0658
N13410 X2.8646 Y-0.1116 Z-0.0624
N13415 X2.8644 Y-0.1125 Z-0.0588
N13420 Y-0.1128 Z-0.0551
N13425 Z0.1969
N13430 X2.9842 Y2.223
N13435 Z-0.0315
N13440 Z-0.0551
N13445 X2.9844 Y2.2228 Z-0.0588
N13450 X2.9849 Y2.2221 Z-0.0624
N13455 X2.9858 Y2.221 Z-0.0658
N13460 X2.9871 Y2.2196 Z-0.069
N13465 X2.9886 Y2.2177 Z-0.0718
N13470 X2.9905 Y2.2156 Z-0.0742
N13475 X2.9925 Y2.2131 Z-0.0762
N13480 X2.9947 Y2.2105 Z-0.0776
N13485 X2.997 Y2.2077 Z-0.0784
N13490 X2.9994 Y2.2049 Z-0.0787
N13495 G3 X3.0245 Y2.1869 I0.0477 J0.04
N13500 G1 X3.0629 Y2.1734
N13505 X3.0721 Y2.1696
N13510 X3.08 Y2.1655
N13515 X3.0879 Y2.1611
N13520 X3.0935 Y2.1576
N13525 X3.1013 Y2.1532
N13530 X3.108 Y2.1498
N13535 X3.1188 Y2.1451
N13540 X3.1514 Y2.1326
N13545 X3.1829 Y2.1175
N13550 X3.2113 Y2.0973
N13555 X3.236 Y2.0727
N13560 X3.2567 Y2.0446
N13565 X3.2734 Y2.0139
N13570 X3.2865 Y1.9816
N13575 X3.2966 Y1.9482
N13580 X3.3041 Y1.9141
N13585 X3.3096 Y1.8797
N13590 X3.3136 Y1.845
N13595 X3.3164 Y1.8103
N13600 X3.3184 Y1.7754
N13605 X3.3198 Y1.7406
N13610 X3.3208 Y1.7057
N13615 X3.3214 Y1.6708
N13620 X3.3219 Y1.6359
N13625 X3.3222 Y1.601
N13630 X3.3224 Y1.5662
N13635 X3.3225 Y1.5313
N13640 X3.3227 Y1.4615
N13645 X3.3228 Y1.3568
N13650 Y0.9033
N13655 Y0.2754
N13660 Y0.2405
N13665 X3.3204 Y0.2057
N13670 X3.3107 Y0.1722
N13675 X3.2939 Y0.1415
N13680 X3.2714 Y0.1149
N13685 X3.2444 Y0.0928
N13690 X3.2145 Y0.0749
N13695 X3.2069 Y0.07
N13700 X3.1997 Y0.0643
N13705 X3.1931 Y0.0581
N13710 X3.1909 Y0.0559
N13715 X3.1627 Y0.0277
N13720 X3.1592 Y0.0245
N13725 X3.1513 Y0.0177
N13730 X3.1433 Y0.0119
N13735 X3.1355 Y0.0066
N13740 X3.0879 Y-0.0233
N13745 X3.0846 Y-0.0251
N13750 G3 X3.0743 Y-0.052 I0.0123 J-0.0202
N13755 G1 X3.0753 Y-0.0555 Z-0.0784
N13760 X3.0763 Y-0.059 Z-0.0776
N13765 X3.0773 Y-0.0622 Z-0.0762
N13770 X3.0782 Y-0.0653 Z-0.0742
N13775 X3.079 Y-0.068 Z-0.0718
N13780 X3.0796 Y-0.0703 Z-0.069
N13785 X3.0802 Y-0.0721 Z-0.0658
N13790 X3.0806 Y-0.0735 Z-0.0624
N13795 X3.0808 Y-0.0743 Z-0.0588
N13800 X3.0809 Y-0.0746 Z-0.0551
N13805 Z0.1969
N13810 X3.0622 Y2.2018
N13815 Z-0.0315
N13820 Z-0.0551
N13825 X3.0624 Y2.2015 Z-0.0588
N13830 X3.0628 Y2.2007 Z-0.0624
N13835 X3.0634 Y2.1995 Z-0.0658
N13840 X3.0643 Y2.1978 Z-0.069
N13845 X3.0654 Y2.1956 Z-0.0718
N13850 X3.0667 Y2.1931 Z-0.0742
N13855 X3.0681 Y2.1903 Z-0.0762
N13860 X3.0697 Y2.1872 Z-0.0776
N13865 X3.0713 Y2.184 Z-0.0784
N13870 X3.073 Y2.1807 Z-0.0787
N13875 G3 X3.0935 Y2.1576 I0.0555 J0.0284
N13880 G1 X3.1355 Y2.1312
N13885 X3.1434 Y2.1259
N13890 X3.1513 Y2.1201
N13895 X3.1592 Y2.1133
N13900 X3.1627 Y2.1101
N13905 X3.1909 Y2.0819
N13910 X3.2098 Y2.0626
N13915 X3.2125 Y2.0598
N13920 X3.2147 Y2.0569
N13925 X3.2306 Y2.0338
N13930 X3.2324 Y2.0309
N13935 X3.2473 Y2.0071
N13940 X3.2618 Y1.9834
N13945 X3.2716 Y1.9596
N13950 X3.2744 Y1.9517
N13955 X3.2883 Y1.9121
N13960 X3.2909 Y1.9042
N13965 X3.2932 Y1.8963
N13970 X3.294 Y1.8929
N13975 X3.2949 Y1.8884
N13980 X3.2961 Y1.8805
N13985 X3.2989 Y1.8567
N13990 X3.3016 Y1.833
N13995 X3.3039 Y1.8092
N14000 X3.3041 Y1.8013
N14005 Y1.7775
N14010 Y0.3523
N14015 Y0.3365
N14020 X3.3039 Y0.3286
N14025 X3.3016 Y0.3048
N14030 X3.2989 Y0.2811
N14035 X3.2961 Y0.2573
N14040 X3.2949 Y0.2494
N14045 X3.294 Y0.2449
N14050 X3.2932 Y0.2415
N14055 X3.2909 Y0.2336
N14060 X3.2883 Y0.2257
N14065 X3.2744 Y0.1861
N14070 X3.2716 Y0.1782
N14075 X3.2618 Y0.1544
N14080 X3.2473 Y0.1306
N14085 X3.2324 Y0.1069
N14090 X3.2306 Y0.104
N14095 X3.2147 Y0.0808
N14100 X3.2125 Y0.078
N14105 X3.2098 Y0.0752
N14110 X3.1931 Y0.0581
N14115 X3.1908 Y0.0553
N14120 X3.1891 Y0.0521
N14125 X3.1883 Y0.0493 Z-0.0786
N14130 X3.1876 Y0.0465 Z-0.078
N14135 X3.187 Y0.0438 Z-0.0771
N14140 X3.1869 Y0.0422 Z-0.0764
N14145 X3.1875 Y0.0391 Z-0.0746
N14150 X3.188 Y0.0362 Z-0.0722
N14155 X3.1884 Y0.0338 Z-0.0695
N14160 X3.1894 Y0.0319 Z-0.0662
N14165 X3.1901 Y0.0306 Z-0.0627
N14170 X3.1905 Y0.0298 Z-0.059
N14175 X3.1906 Y0.0295 Z-0.0551
N14180 Z0.1969
N14185 X-0.0185 Y-0.2489
N14190 Z-0.0551
N14195 Z-0.0787
N14200 Z-0.1575
N14205 G3 X0. Y-0.1203 I-0.5842 J0.1496
N14210 G1 Y-0.1147
N14215 X-0.0209 Y-0.0868
N14220 X-0.0366 Y-0.0556
N14225 X-0.0478 Y-0.0226
N14230 X-0.0557 Y0.0114
N14235 X-0.061 Y0.0459
N14240 X-0.0645 Y0.0806
N14245 X-0.0668 Y0.1154
N14250 X-0.0683 Y0.1503
N14255 X-0.0692 Y0.1851
N14260 X-0.0698 Y0.22
N14265 X-0.0702 Y0.2549
N14270 X-0.0704 Y0.2898
N14275 X-0.0706 Y0.3247
N14280 X-0.0708 Y0.3944
N14285 Y0.534
N14290 X-0.0709 Y1.8597
N14295 Y2.069
N14300 X-0.0604 Y2.1023
N14305 X-0.04 Y2.1306
N14310 X-0.0135 Y2.1532
N14315 X0.0169 Y2.1703
N14320 X0.0495 Y2.1828
N14325 X0.0833 Y2.1915
N14330 X0.1177 Y2.1974
N14335 X0.1524 Y2.2014
N14340 X0.1871 Y2.204
N14345 X0.222 Y2.2057
N14350 X0.2569 Y2.2068
N14355 X0.2917 Y2.2075
N14360 X0.3266 Y2.2079
N14365 X0.3615 Y2.2082
N14370 X0.3964 Y2.2084
N14375 X0.4549 Y2.2085
N14380 X0.4556
N14385 X0.4646 Y2.2087
N14390 X1.17
N14395 X1.2048 Y2.2104
N14400 X1.2397 Y2.2098
N14405 X1.2746 Y2.2094
N14410 X1.3095 Y2.2091
N14415 X1.3443 Y2.2089
N14420 X1.4141 Y2.2088
N14425 X1.5188 Y2.2087
N14430 X2.4607
N14435 X3.1585
N14440 X3.2631
N14445 X3.2804 Y2.2062
N14450 X3.3133 Y2.1947
N14455 X3.3413 Y2.1738
N14460 X3.3634 Y2.1469
N14465 X3.3801 Y2.1162
N14470 X3.3922 Y2.0835
N14475 X3.4007 Y2.0497
N14480 X3.4065 Y2.0153
N14485 X3.4103 Y1.9806
N14490 X3.4128 Y1.9458
N14495 X3.4145 Y1.9109
N14500 X3.4155 Y1.8761
N14505 X3.4162 Y1.8412
N14510 X3.4166 Y1.8063
N14515 X3.4169 Y1.7714
N14520 X3.417 Y1.7365
N14525 X3.4171 Y1.7017
N14530 X3.4172 Y1.6319
N14535 X3.4173 Y1.4574
N14540 Y0.4108
N14545 Y0.0794
N14550 X3.4107 Y0.0452
N14555 X3.393 Y0.0151
N14560 X3.368 Y-0.0092
N14565 X3.3385 Y-0.0279
N14570 X3.3064 Y-0.0416
N14575 X3.2729 Y-0.0514
N14580 X3.2387 Y-0.0581
N14585 X3.2041 Y-0.0626
N14590 X3.1694 Y-0.0656
N14595 X3.1345 Y-0.0675
N14600 X3.0997 Y-0.0687
N14605 X3.0648 Y-0.0695
N14610 X3.0299 Y-0.07
N14615 X2.995 Y-0.0703
N14620 X2.9601 Y-0.0705
N14625 X2.9252 Y-0.0706
N14630 X2.8915 Y-0.0707
N14635 X2.8908 Y-0.0708
N14640 X2.8818 Y-0.0709
N14645 X0.4725
N14650 X0.4377 Y-0.0726
N14655 X0.4028 Y-0.072
N14660 X0.3679 Y-0.0716
N14665 X0.333 Y-0.0713
N14670 X0.2982 Y-0.0711
N14675 X0.2284 Y-0.071
N14680 X0.1586 Y-0.0709
N14685 X0.1238 Y-0.0692
N14690 X0.0912 Y-0.0567
N14695 X0.0631 Y-0.036
N14700 X0.0401 Y-0.0098
N14705 X0.0221 Y0.0201
N14710 X0.0085 Y0.0522
N14715 X-0.0014 Y0.0857
N14720 X-0.0085 Y0.1198
N14725 X-0.0134 Y0.1544
N14730 X-0.0168 Y0.1891
N14735 X-0.0191 Y0.2239
N14740 X-0.0207 Y0.2587
N14745 X-0.0217 Y0.2936
N14750 X-0.0223 Y0.3285
N14755 X-0.0228 Y0.3634
N14760 X-0.0231 Y0.3983
N14765 X-0.0233 Y0.4332
N14770 X-0.0234 Y0.468
N14775 X-0.0235 Y0.5378
N14780 X-0.0236 Y0.6774
N14785 Y1.5146
N14790 Y1.9682
N14795 X-0.0206 Y2.0029
N14800 X-0.0087 Y2.0357
N14805 X0.0108 Y2.0646
N14810 X0.0359 Y2.0889
N14815 X0.0649 Y2.1083
N14820 X0.0963 Y2.1234
N14825 X0.1294 Y2.1346
N14830 X0.1633 Y2.1429
N14835 X0.1977 Y2.1487
N14840 X0.2298 Y2.1525
N14845 X0.241 Y2.1546
N14850 X0.2518 Y2.1581
N14855 X0.2621 Y2.1631
N14860 X0.2665 Y2.1655
N14865 X0.2744 Y2.1696
N14870 X0.2836 Y2.1734
N14875 X0.3299 Y2.1897
N14880 X0.3378 Y2.1923
N14885 X0.3539 Y2.1972
N14890 X0.3616 Y2.1991
N14895 X0.3774 Y2.2014
N14900 X0.3854 Y2.2024
N14905 X0.4329 Y2.2078
N14910 X0.4408 Y2.2082
N14915 X0.4556 Y2.2085
N14920 G3 X0.4692 Y2.2139 Z-0.1543 I-0.0014 J0.0236
N14925 G2 X0.4866 Y2.2277 Z-0.1496 I0.3434 J-0.417
N14930 X0.5888 Y2.2886 I0.3259 J-0.4308
N14935 X0.5986 Y2.2907 I0.0098 J-0.0215
N14940 G1 X1.0264 Y2.2908
N14945 G2 X1.0361 Y2.2887 I0. J-0.0236
N14950 X1.1388 Y2.2274 I-0.2236 J-0.4917
N14955 X1.1558 Y2.214 Z-0.1542 I-0.3262 J-0.4305
N14960 G3 X1.17 Y2.2087 Z-0.1575 I0.015 J0.0182
N14965 G1 X1.1937
N14970 X1.2017 Y2.2084
N14975 X1.2175 Y2.2075
N14980 X1.2254 Y2.2064
N14985 X1.2413 Y2.2039
N14990 X1.2492 Y2.2025
N14995 X1.2651 Y2.1995
N15000 X1.273 Y2.1978
N15005 X1.2809 Y2.1952
N15010 X1.2888 Y2.192
N15015 X1.2908 Y2.1912
N15020 X1.3004 Y2.1875
N15025 X1.3109 Y2.1841
N15030 X1.3243 Y2.1804
N15035 X1.3417 Y2.1765
N15040 X1.3654 Y2.1724
N15045 X1.4001 Y2.1682
N15050 X1.4349 Y2.1656
N15055 X1.4697 Y2.1641
N15060 X1.5046 Y2.1631
N15065 X1.5395 Y2.1625
N15070 X1.5743 Y2.1621
N15075 X1.6092 Y2.1618
N15080 X1.6441 Y2.1617
N15085 X1.7139 Y2.1615
N15090 X1.8534 Y2.1614
N15095 X1.9768
N15100 X1.9915 Y2.1627
N15105 X2.0058 Y2.1664
N15110 X2.0192 Y2.1725
N15115 X2.0259 Y2.1763
N15120 X2.0357 Y2.1813
N15125 X2.0513 Y2.1893
N15130 X2.0576 Y2.192
N15135 X2.0655 Y2.1952
N15140 X2.0735 Y2.1978
N15145 X2.0814 Y2.1995
N15150 X2.0972 Y2.2025
N15155 X2.1052 Y2.2039
N15160 X2.121 Y2.2064
N15165 X2.1289 Y2.2075
N15170 X2.1448 Y2.2084
N15175 G3 X2.1669 Y2.2334 Z-0.1496 I-0.0014 J0.0236
N15180 X2.1432 Y2.2556 I-0.0236 J-0.0014
N15185 G1 X1.2862 Y2.2485
N15190 G3 X1.2644 Y2.2163 I0.0002 J-0.0236
N15195 G1 X1.2656 Y2.2136 Z-0.1502
N15200 X1.2671 Y2.2111 Z-0.1508
N15205 G3 X1.2908 Y2.1912 Z-0.1575 I0.0507 J0.0362
N15210 G1 X1.2951 Y2.1893
N15215 X1.3126 Y2.1804
N15220 X1.3206 Y2.1763
N15225 X1.3397 Y2.1655
N15230 X1.3443 Y2.1628
N15235 X1.3454 Y2.162
N15240 X1.3503 Y2.1586
N15245 X1.3558 Y2.1554
N15250 X1.3627 Y2.1519
N15255 X1.3709 Y2.1481
N15260 X1.3805 Y2.1444
N15265 X1.3926 Y2.1402
N15270 X1.407 Y2.1361
N15275 X1.4258 Y2.1317
N15280 X1.4504 Y2.1272
N15285 X1.485 Y2.1226
N15290 X1.5197 Y2.1196
N15295 X1.5546 Y2.1177
N15300 X1.5894 Y2.1165
N15305 X1.6243 Y2.1157
N15310 X1.6592 Y2.1152
N15315 X1.6941 Y2.1148
N15320 X1.729 Y2.1146
N15325 X1.7639 Y2.1144
N15330 X1.8336 Y2.1143
N15335 X1.9034 Y2.1142
N15340 X1.9161 Y2.1144
N15345 X1.9294 Y2.1156
N15350 X1.9424 Y2.1189
N15355 X1.9547 Y2.1241
N15360 X1.966 Y2.1311
N15365 X1.9761 Y2.1398
N15370 X1.9784 Y2.142
N15375 X1.9867 Y2.1497
N15380 X1.9954 Y2.1576
N15385 X2.0021 Y2.1628
N15390 X2.0067 Y2.1655
N15395 X2.0192 Y2.1725
N15400 G3 X2.0271 Y2.205 Z-0.1496 I-0.0123 J0.0202
N15405 X2.0065 Y2.2163 I-0.0202 J-0.0123
N15410 G1 X1.3602 Y2.2036
N15415 G3 X1.3426 Y2.1952 I0.0005 J-0.0236
N15420 X1.3454 Y2.162 Z-0.1575 I0.0181 J-0.0152
N15425 G1 X1.351 Y2.1576
N15430 X1.3602 Y2.1493
N15435 X1.3684 Y2.1418
N15440 X1.376 Y2.1341
N15445 X1.3809 Y2.1297
N15450 X1.3854 Y2.1259
N15455 X1.3904 Y2.1222
N15460 X1.3958 Y2.1186
N15465 X1.4024 Y2.1147
N15470 X1.4105 Y2.1104
N15475 X1.4197 Y2.106
N15480 X1.4302 Y2.1017
N15485 X1.4435 Y2.0969
N15490 X1.4586 Y2.0924
N15495 X1.478 Y2.0875
N15500 X1.5028 Y2.0825
N15505 X1.5362 Y2.0775
N15510 X1.5709 Y2.074
N15515 X1.6057 Y2.0717
N15520 X1.6405 Y2.0702
N15525 X1.6754 Y2.0691
N15530 X1.7103 Y2.0684
N15535 X1.7452 Y2.0679
N15540 X1.78 Y2.0676
N15545 X1.8149 Y2.0674
N15550 X1.8498 Y2.0673
N15555 X1.8702 Y2.0677
N15560 X1.8797 Y2.0684
N15565 X1.8948 Y2.0709
N15570 X1.9092 Y2.0759
N15575 X1.9224 Y2.0834
N15580 X1.9342 Y2.0931
N15585 X1.9441 Y2.1048
N15590 X1.9478 Y2.1101
N15595 X1.9546 Y2.1181
N15600 X1.9736 Y2.1372
N15605 X1.9761 Y2.1398
N15610 G3 X1.975 Y2.1732 Z-0.1496 I-0.0173 J0.0161
N15615 X1.9586 Y2.1795 I-0.0161 J-0.0173
N15620 G1 X1.3932 Y2.1737
N15625 G3 X1.3774 Y2.1675 I0.0002 J-0.0236
N15630 X1.376 Y2.1341 Z-0.1575 I0.016 J-0.0174
N15635 G1 X1.3919 Y2.118
N15640 X1.3986 Y2.1101
N15645 X1.4022 Y2.105
N15650 X1.406 Y2.1001
N15655 X1.4099 Y2.0957
N15660 X1.4141 Y2.0915
N15665 X1.4185 Y2.0876
N15670 X1.4233 Y2.0837
N15675 X1.4289 Y2.0797
N15680 X1.4359 Y2.0751
N15685 X1.4433 Y2.0708
N15690 X1.4524 Y2.0661
N15695 X1.4635 Y2.061
N15700 X1.4754 Y2.0562
N15705 X1.4908 Y2.0509
N15710 X1.5079 Y2.0459
N15715 X1.5299 Y2.0406
N15720 X1.5581 Y2.0352
N15725 X1.5926 Y2.0304
N15730 X1.6273 Y2.0271
N15735 X1.6622 Y2.0248
N15740 X1.697 Y2.0232
N15745 X1.7319 Y2.0221
N15750 X1.7668 Y2.0214
N15755 X1.8016 Y2.0209
N15760 X1.8264 Y2.0214
N15765 X1.8411 Y2.0223
N15770 X1.8552 Y2.0239
N15775 X1.8653 Y2.0256
N15780 X1.8662 Y2.0258
N15785 X1.8809 Y2.0303
N15790 X1.8946 Y2.0374
N15795 X1.9067 Y2.0468
N15800 X1.9171 Y2.0581
N15805 X1.9252 Y2.0711
N15810 X1.933 Y2.0863
N15815 X1.9387 Y2.0966
N15820 X1.9422 Y2.1022
N15825 X1.9441 Y2.1048
N15830 G3 X1.9373 Y2.1375 Z-0.1496 I-0.0197 J0.013
N15835 X1.9244 Y2.1414 I-0.013 J-0.0197
N15840 G1 X1.422 Y2.1416
N15845 G3 X1.409 Y2.1377 I0. J-0.0236
N15850 X1.4022 Y2.105 Z-0.1575 I0.013 J-0.0197
N15855 G1 X1.4042 Y2.1022
N15860 X1.4077 Y2.0966
N15865 X1.4135 Y2.0863
N15870 X1.4187 Y2.076
N15875 X1.4217 Y2.0709
N15880 X1.425 Y2.066
N15885 X1.4286 Y2.0614
N15890 X1.4326 Y2.057
N15895 X1.4368 Y2.0528
N15900 X1.4415 Y2.0485
N15905 X1.4472 Y2.0439
N15910 X1.4534 Y2.0393
N15915 X1.4611 Y2.0342
N15920 X1.4693 Y2.0293
N15925 X1.4796 Y2.0238
N15930 X1.4908 Y2.0185
N15935 X1.5044 Y2.0129
N15940 X1.5202 Y2.0073
N15945 X1.5391 Y2.0015
N15950 X1.5614 Y1.9959
N15955 X1.5901 Y1.9902
N15960 X1.6246 Y1.985
N15965 X1.6593 Y1.9813
N15970 X1.6941 Y1.9787
N15975 X1.7289 Y1.9769
N15980 X1.7638 Y1.9758
N15985 X1.7928 Y1.976
N15990 X1.81 Y1.9769
N15995 X1.8254 Y1.9785
N16000 X1.8363 Y1.9801
N16005 X1.8478 Y1.9825
N16010 X1.8525 Y1.9837
N16015 X1.8656 Y1.9882
N16020 X1.8778 Y1.995
N16025 X1.8887 Y2.0037
N16030 X1.8979 Y2.0141
N16035 X1.9052 Y2.0259
N16040 X1.9104 Y2.0388
N16045 X1.9209 Y2.0626
N16050 X1.9252 Y2.0711
N16055 G3 X1.9138 Y2.1025 Z-0.1496 I-0.0214 J0.01
N16060 X1.9041 Y2.1048 I-0.01 J-0.0214
N16065 G1 X1.4404 Y2.1096
N16070 G3 X1.4301 Y2.1074 I-0.0002 J-0.0236
N16075 X1.4187 Y2.076 Z-0.1575 I0.01 J-0.0214
N16080 G1 X1.4256 Y2.0626
N16085 X1.4345 Y2.0424
N16090 X1.4371 Y2.0371
N16095 X1.4401 Y2.032
N16100 X1.4435 Y2.0272
N16105 X1.4471 Y2.0225
N16110 X1.451 Y2.0181
N16115 X1.4555 Y2.0136
N16120 X1.4606 Y2.0088
N16125 X1.4665 Y2.0039
N16130 X1.4735 Y1.9986
N16135 X1.4812 Y1.9933
N16140 X1.4904 Y1.9876
N16145 X1.5005 Y1.9821
N16150 X1.5131 Y1.9759
N16155 X1.5264 Y1.9702
N16160 X1.5435 Y1.9638
N16165 X1.562 Y1.9579
N16170 X1.585 Y1.9518
N16175 X1.6136 Y1.9456
N16180 X1.648 Y1.94
N16185 X1.6827 Y1.9359
N16190 X1.7175 Y1.9331
N16195 X1.749 Y1.9319
N16200 X1.7732 Y1.9321
N16205 X1.7915 Y1.9332
N16210 X1.8072 Y1.9348
N16215 X1.8185 Y1.9366
N16220 X1.8297 Y1.9389
N16225 X1.8389 Y1.9413
N16230 X1.8472 Y1.9438
N16235 X1.8483 Y1.9442
N16240 X1.8622 Y1.9508
N16245 X1.8747 Y1.9596
N16250 X1.8855 Y1.9705
N16255 X1.8941 Y1.9832
N16260 X1.9004 Y1.9972
N16265 X1.9042 Y2.0121
N16270 X1.9046 Y2.0151
N16275 X1.907 Y2.0272
N16280 X1.908 Y2.0309
N16285 X1.9104 Y2.0388
N16290 G3 X1.8938 Y2.0678 Z-0.1496 I-0.0228 J0.0061
N16295 G1 X1.8909 Y2.0684
N16300 X1.8879 Y2.0686
N16305 X1.4568 Y2.0747
N16310 X1.4537 Y2.0746
N16315 X1.4506 Y2.074
N16320 X1.4477 Y2.0731
N16325 G3 X1.4345 Y2.0424 Z-0.1575 I0.0088 J-0.0219
N16330 G1 X1.436 Y2.0388
N16335 X1.4385 Y2.0309
N16340 X1.4394 Y2.0272
N16345 X1.4411 Y2.0186
N16350 X1.4425 Y2.0129
N16355 X1.4446 Y2.0074
N16360 X1.4471 Y2.002
N16365 X1.45 Y1.9969
N16370 X1.4533 Y1.992
N16375 X1.4568 Y1.9872
N16380 X1.4606 Y1.9826
N16385 X1.4653 Y1.9775
N16390 X1.4703 Y1.9725
N16395 X1.4765 Y1.9669
N16400 X1.4832 Y1.9614
N16405 X1.4913 Y1.9554
N16410 X1.5 Y1.9496
N16415 X1.5106 Y1.9433
N16420 X1.5221 Y1.9371
N16425 X1.5362 Y1.9305
N16430 X1.5515 Y1.9241
N16435 X1.5703 Y1.9174
N16440 X1.5917 Y1.9108
N16445 X1.6164 Y1.9046
N16450 X1.6456 Y1.8987
N16455 X1.6768 Y1.894
N16460 X1.7067 Y1.8909
N16465 X1.7325 Y1.8896
N16470 X1.7544 Y1.8895
N16475 X1.7736 Y1.8903
N16480 X1.7898 Y1.8919
N16485 X1.8021 Y1.8936
N16490 X1.8145 Y1.896
N16495 X1.8236 Y1.8982
N16500 X1.8334 Y1.9011
N16505 X1.8418 Y1.9041
N16510 X1.8489 Y1.9069
N16515 X1.8494 Y1.9072
N16520 X1.8621 Y1.9145
N16525 X1.8735 Y1.9238
N16530 X1.8831 Y1.9349
N16535 X1.8907 Y1.9475
N16540 X1.896 Y1.9612
N16545 X1.899 Y1.9756
N16550 X1.8999 Y1.9834
N16555 X1.9009 Y1.9913
N16560 X1.9042 Y2.0121
N16565 G3 X1.8836 Y2.0384 Z-0.1496 I-0.0234 J0.0029
N16570 G1 X1.8811 Y2.0386
N16575 X1.4649 Y2.046
N16580 X1.4628 Y2.0459
N16585 X1.4607 Y2.0457
N16590 G3 X1.4411 Y2.0186 Z-0.1575 I0.0037 J-0.0233
N16595 G1 X1.4418 Y2.0151
N16600 X1.4456 Y1.9913
N16605 X1.4457 Y1.99
N16610 X1.4468 Y1.9842
N16615 X1.4483 Y1.9785
N16620 X1.4503 Y1.9729
N16625 X1.4528 Y1.9676
N16630 X1.4556 Y1.9624
N16635 X1.4587 Y1.9574
N16640 X1.4621 Y1.9525
N16645 X1.4661 Y1.9474
N16650 X1.4707 Y1.942
N16655 X1.4759 Y1.9364
N16660 X1.4821 Y1.9304
N16665 X1.4888 Y1.9246
N16670 X1.497 Y1.9181
N16675 X1.5057 Y1.9118
N16680 X1.5163 Y1.905
N16685 X1.5277 Y1.8984
N16690 X1.5412 Y1.8915
N16695 X1.5565 Y1.8845
N16700 X1.5736 Y1.8777
N16705 X1.594 Y1.8707
N16710 X1.6157 Y1.8645
N16715 X1.6392 Y1.8589
N16720 X1.664 Y1.8543
N16725 X1.6886 Y1.851
N16730 X1.7122 Y1.8489
N16735 X1.733 Y1.8482
N16740 X1.7523 Y1.8484
N16745 X1.7695 Y1.8494
N16750 X1.785 Y1.8511
N16755 X1.7984 Y1.8532
N16760 X1.8094 Y1.8555
N16765 X1.8203 Y1.8584
N16770 X1.8287 Y1.861
N16775 X1.8378 Y1.8643
N16780 X1.8454 Y1.8675
N16785 X1.8524 Y1.871
N16790 X1.8653 Y1.8795
N16795 X1.8764 Y1.8902
N16800 X1.8854 Y1.9026
N16805 X1.8921 Y1.9165
N16810 X1.8962 Y1.9313
N16815 X1.8977 Y1.9467
N16820 Y1.9596
N16825 X1.898 Y1.9676
N16830 X1.899 Y1.9756
N16835 G3 X1.8774 Y2.0011 Z-0.1496 I-0.0235 J0.002
N16840 G1 X1.8763
N16845 X1.4701 Y2.0157
N16850 X1.4671 Y2.0156
N16855 G3 X1.4457 Y1.99 Z-0.1575 I0.0021 J-0.0235
N16860 G1 X1.4466 Y1.9834
N16865 X1.4484 Y1.9676
N16870 X1.4487 Y1.9596
N16875 X1.4491 Y1.9537
N16880 X1.4502 Y1.948
N16885 X1.4519 Y1.9423
N16890 X1.454 Y1.9368
N16895 X1.4565 Y1.9314
N16900 X1.4593 Y1.9262
N16905 X1.4624 Y1.921
N16910 X1.466 Y1.9158
N16915 X1.4701 Y1.9102
N16920 X1.475 Y1.9044
N16925 X1.4805 Y1.8984
N16930 X1.487 Y1.8919
N16935 X1.494 Y1.8856
N16940 X1.5024 Y1.8787
N16945 X1.5116 Y1.8719
N16950 X1.5222 Y1.8649
N16955 X1.5346 Y1.8575
N16960 X1.5476 Y1.8506
N16965 X1.5628 Y1.8434
N16970 X1.58 Y1.8363
N16975 X1.5978 Y1.8299
N16980 X1.6175 Y1.8239
N16985 X1.6387 Y1.8186
N16990 X1.6603 Y1.8143
N16995 X1.6819 Y1.811
N17000 X1.7031 Y1.8089
N17005 X1.7234 Y1.8078
N17010 X1.7419
N17015 X1.7589 Y1.8086
N17020 X1.7747 Y1.8101
N17025 X1.7892 Y1.8122
N17030 X1.8023 Y1.8147
N17035 X1.8124 Y1.8172
N17040 X1.8233 Y1.8204
N17045 X1.8319 Y1.8234
N17050 X1.8397 Y1.8266
N17055 X1.848 Y1.8305
N17060 X1.8546 Y1.834
N17065 X1.855 Y1.8342
N17070 X1.8672 Y1.8429
N17075 X1.8777 Y1.8535
N17080 X1.8862 Y1.8658
N17085 X1.8925 Y1.8794
N17090 X1.8963 Y1.8939
N17095 X1.8976 Y1.9088
N17100 X1.8977 Y1.9454
N17105 Y1.9467
N17110 G3 X1.8748 Y1.9696 Z-0.1499 I-0.0236 J-0.0007
N17115 G1 X1.8734 Z-0.1496
N17120 X1.4731 Y1.9825
N17125 X1.473
N17130 G3 X1.4487 Y1.9596 Z-0.1575 I-0.0007 J-0.0236
N17135 G1 X1.4488 Y1.9359
N17140 Y1.9296
N17145 X1.4491 Y1.9237
N17150 X1.4499 Y1.9178
N17155 X1.4512 Y1.9121
N17160 X1.453 Y1.9064
N17165 X1.4551 Y1.9009
N17170 X1.4576 Y1.8956
N17175 X1.4603 Y1.8903
N17180 X1.4635 Y1.8849
N17185 X1.4672 Y1.8792
N17190 X1.4717 Y1.8731
N17195 X1.4766 Y1.867
N17200 X1.4824 Y1.8605
N17205 X1.489 Y1.8538
N17210 X1.4963 Y1.847
N17215 X1.5051 Y1.8397
N17220 X1.5143 Y1.8326
N17225 X1.525 Y1.8253
N17230 X1.5372 Y1.8178
N17235 X1.5501 Y1.8107
N17240 X1.5647 Y1.8036
N17245 X1.5809 Y1.7966
N17250 X1.5984 Y1.7901
N17255 X1.6166 Y1.7843
N17260 X1.6358 Y1.7792
N17265 X1.6558 Y1.7749
N17270 X1.6759 Y1.7716
N17275 X1.6959 Y1.7693
N17280 X1.7153 Y1.7681
N17285 X1.7337 Y1.7678
N17290 X1.7507 Y1.7683
N17295 X1.767 Y1.7696
N17300 X1.7819 Y1.7716
N17305 X1.7956 Y1.774
N17310 X1.8081 Y1.7769
N17315 X1.818 Y1.7797
N17320 X1.8285 Y1.7833
N17325 X1.8366 Y1.7864
N17330 X1.8446 Y1.79
N17335 X1.8524 Y1.794
N17340 X1.854 Y1.7949
N17345 X1.8665 Y1.8036
N17350 X1.8772 Y1.8142
N17355 X1.8859 Y1.8266
N17360 X1.8924 Y1.8404
N17365 X1.8963 Y1.855
N17370 X1.8976 Y1.8701
N17375 Y1.9088
N17380 G3 X1.8753 Y1.9316 Z-0.15 I-0.0236 J-0.0008
N17385 G1 X1.8732 Y1.9317 Z-0.1496
N17390 X1.4736 Y1.9523
N17395 X1.4732 Y1.9524
N17400 G3 X1.4488 Y1.9296 Z-0.1575 I-0.0008 J-0.0236
N17405 G1 Y1.8939
N17410 X1.4491 Y1.888
N17415 X1.4499 Y1.8822
N17420 X1.4512 Y1.8764
N17425 X1.4529 Y1.8707
N17430 X1.4549 Y1.8652
N17435 X1.4573 Y1.8598
N17440 X1.4601 Y1.8543
N17445 X1.4632 Y1.8488
N17450 X1.467 Y1.8428
N17455 X1.4713 Y1.8366
N17460 X1.4763 Y1.8302
N17465 X1.4821 Y1.8233
N17470 X1.4885 Y1.8166
N17475 X1.4959 Y1.8094
N17480 X1.5044 Y1.8021
N17485 X1.5135 Y1.7949
N17490 X1.5241 Y1.7873
N17495 X1.536 Y1.7797
N17500 X1.5484 Y1.7726
N17505 X1.5624 Y1.7654
N17510 X1.5778 Y1.7585
N17515 X1.5944 Y1.7519
N17520 X1.6118 Y1.746
N17525 X1.6298 Y1.7408
N17530 X1.6487 Y1.7364
N17535 X1.668 Y1.7329
N17540 X1.6873 Y1.7303
N17545 X1.7063 Y1.7287
N17550 X1.7247 Y1.7281
N17555 X1.7423 Y1.7283
N17560 X1.7587 Y1.7294
N17565 X1.7744 Y1.7311
N17570 X1.7888 Y1.7334
N17575 X1.8021 Y1.7362
N17580 X1.8129 Y1.7391
N17585 X1.8239 Y1.7425
N17590 X1.8329 Y1.7459
N17595 X1.8408 Y1.7492
N17600 X1.8492 Y1.7534
N17605 X1.8562 Y1.7572
N17610 X1.8681 Y1.7659
N17615 X1.8783 Y1.7765
N17620 X1.8866 Y1.7887
N17625 X1.8927 Y1.8021
N17630 X1.8964 Y1.8164
N17635 X1.8976 Y1.8311
N17640 Y1.8701
N17645 G3 X1.8754 Y1.8929 Z-0.1501 I-0.0236 J-0.0008
N17650 G1 X1.8732 Y1.893 Z-0.1496
N17655 X1.4738 Y1.9167
N17660 X1.4732
N17665 G3 X1.4488 Y1.8939 Z-0.1575 I-0.0008 J-0.0236
N17670 G1 Y1.8567
N17675 X1.4491 Y1.8508
N17680 X1.4499 Y1.845
N17685 X1.4511 Y1.8392
N17690 X1.4528 Y1.8335
N17695 X1.4548 Y1.828
N17700 X1.4571 Y1.8225
N17705 X1.4598 Y1.8169
N17710 X1.4629 Y1.8113
N17715 X1.4667 Y1.8052
N17720 X1.471 Y1.7988
N17725 X1.476 Y1.7923
N17730 X1.4818 Y1.7853
N17735 X1.4882 Y1.7784
N17740 X1.4955 Y1.7712
N17745 X1.504 Y1.7637
N17750 X1.5131 Y1.7563
N17755 X1.5233 Y1.7488
N17760 X1.5349 Y1.7412
N17765 X1.5475 Y1.7338
N17770 X1.5608 Y1.7268
N17775 X1.5756 Y1.7199
N17780 X1.5915 Y1.7134
N17785 X1.6085 Y1.7074
N17790 X1.6264 Y1.7021
N17795 X1.6447 Y1.6976
N17800 X1.6634 Y1.694
N17805 X1.6822 Y1.6912
N17810 X1.7008 Y1.6895
N17815 X1.7191 Y1.6886
N17820 X1.7368 Y1.6887
N17825 X1.7536 Y1.6895
N17830 X1.7697 Y1.6911
N17835 X1.7845 Y1.6933
N17840 X1.7981 Y1.6961
N17845 X1.8106 Y1.6992
N17850 X1.8205 Y1.7022
N17855 X1.8309 Y1.7059
N17860 X1.8388 Y1.7092
N17865 X1.8469 Y1.713
N17870 X1.8546 Y1.7171
N17875 X1.8554 Y1.7176
N17880 X1.8675 Y1.7263
N17885 X1.8779 Y1.7369
N17890 X1.8863 Y1.7492
N17895 X1.8926 Y1.7627
N17900 X1.8964 Y1.7771
N17905 X1.8976 Y1.792
N17910 Y1.8311
N17915 G3 X1.8755 Y1.8538 Z-0.1501 I-0.0236 J-0.0008
N17920 G1 X1.8732 Y1.854 Z-0.1496
N17925 X1.4739 Y1.8795
N17930 X1.4732
N17935 G3 X1.4488 Y1.8567 Z-0.1575 I-0.0008 J-0.0236
N17940 G1 Y1.8187
N17945 X1.4491 Y1.8128
N17950 X1.4499 Y1.807
N17955 X1.4511 Y1.8012
N17960 X1.4527 Y1.7955
N17965 X1.4546 Y1.7899
N17970 X1.4569 Y1.7845
N17975 X1.4596 Y1.7788
N17980 X1.4627 Y1.7731
N17985 X1.4664 Y1.767
N17990 X1.4707 Y1.7605
N17995 X1.4756 Y1.754
N18000 X1.4814 Y1.7469
N18005 X1.4877 Y1.7399
N18010 X1.4949 Y1.7327
N18015 X1.5032 Y1.7252
N18020 X1.5123 Y1.7177
N18025 X1.5223 Y1.7103
N18030 X1.5336 Y1.7027
N18035 X1.5462 Y1.6952
N18040 X1.5593 Y1.6881
N18045 X1.5737 Y1.6813
N18050 X1.5892 Y1.6748
N18055 X1.6058 Y1.6688
N18060 X1.6232 Y1.6634
N18065 X1.6412 Y1.6588
N18070 X1.6596 Y1.6551
N18075 X1.6782 Y1.6522
N18080 X1.6968 Y1.6503
N18085 X1.7151 Y1.6493
N18090 X1.7329 Y1.6492
N18095 X1.7501 Y1.6499
N18100 X1.7663 Y1.6514
N18105 X1.7814 Y1.6535
N18110 X1.7952 Y1.6561
N18115 X1.8081 Y1.6593
N18120 X1.8183 Y1.6622
N18125 X1.829 Y1.666
N18130 X1.8372 Y1.6693
N18135 X1.8453 Y1.673
N18140 X1.8532 Y1.6771
N18145 X1.8548 Y1.678
N18150 X1.867 Y1.6867
N18155 X1.8776 Y1.6974
N18160 X1.8862 Y1.7097
N18165 X1.8925 Y1.7233
N18170 X1.8963 Y1.7378
N18175 X1.8976 Y1.7528
N18180 Y1.792
N18185 G3 X1.8756 Y1.8147 Z-0.1501 I-0.0236 J-0.0008
N18190 G1 X1.8732 Y1.8149 Z-0.1496
N18195 X1.474 Y1.8415
N18200 X1.4732
N18205 G3 X1.4488 Y1.8187 Z-0.1575 I-0.0008 J-0.0236
N18210 G1 Y1.7811
N18215 X1.4491 Y1.7752
N18220 X1.4497 Y1.7693
N18225 X1.4508 Y1.7635
N18230 X1.4524 Y1.7578
N18235 X1.4542 Y1.7522
N18240 X1.4564 Y1.7467
N18245 X1.459 Y1.7411
N18250 X1.4619 Y1.7354
N18255 X1.4655 Y1.7293
N18260 X1.4697 Y1.7229
N18265 X1.4744 Y1.7164
N18270 X1.48 Y1.7093
N18275 X1.4862 Y1.7024
N18280 X1.4932 Y1.6952
N18285 X1.5013 Y1.6876
N18290 X1.51 Y1.6802
N18295 X1.5197 Y1.6728
N18300 X1.5308 Y1.6651
N18305 X1.5429 Y1.6576
N18310 X1.5557 Y1.6505
N18315 X1.5696 Y1.6436
N18320 X1.5848 Y1.637
N18325 X1.601 Y1.6309
N18330 X1.6181 Y1.6254
N18335 X1.6358 Y1.6206
N18340 X1.654 Y1.6166
N18345 X1.6724 Y1.6135
N18350 X1.691 Y1.6113
N18355 X1.7094 Y1.6101
N18360 X1.7273 Y1.6097
N18365 X1.7447 Y1.6102
N18370 X1.761 Y1.6114
N18375 X1.7767 Y1.6134
N18380 X1.791 Y1.6159
N18385 X1.8043 Y1.6189
N18390 X1.8149 Y1.6219
N18395 X1.8259 Y1.6256
N18400 X1.8347 Y1.629
N18405 X1.8427 Y1.6325
N18410 X1.851 Y1.6367
N18415 X1.8537 Y1.6382
N18420 X1.8662 Y1.6468
N18425 X1.8771 Y1.6575
N18430 X1.8858 Y1.67
N18435 X1.8923 Y1.6837
N18440 X1.8963 Y1.6984
N18445 X1.8976 Y1.7136
N18450 Y1.7528
N18455 G3 X1.8757 Y1.7755 Z-0.1501 I-0.0236 J-0.0008
N18460 G1 X1.8732 Y1.7757 Z-0.1496
N18465 X1.4741 Y1.8038
N18470 X1.4732 Y1.8039
N18475 G3 X1.4488 Y1.7811 Z-0.1575 I-0.0008 J-0.0236
N18480 G1 Y1.7415
N18485 X1.4491 Y1.7356
N18490 X1.4498 Y1.7297
N18495 X1.4509 Y1.7239
N18500 X1.4524 Y1.7182
N18505 X1.4543 Y1.7126
N18510 X1.4565 Y1.7072
N18515 X1.4591 Y1.7016
N18520 X1.4622 Y1.6957
N18525 X1.4657 Y1.6897
N18530 X1.47 Y1.6832
N18535 X1.4747 Y1.6766
N18540 X1.4802 Y1.6697
N18545 X1.4867 Y1.6624
N18550 X1.4937 Y1.6553
N18555 X1.5016 Y1.6479
N18560 X1.5107 Y1.6403
N18565 X1.5205 Y1.6328
N18570 X1.5312 Y1.6254
N18575 X1.5433 Y1.6179
N18580 X1.5566 Y1.6106
N18585 X1.5706 Y1.6037
N18590 X1.5854 Y1.5973
N18595 X1.6014 Y1.5913
N18600 X1.6183 Y1.5858
N18605 X1.636 Y1.5811
N18610 X1.6542 Y1.5772
N18615 X1.6726 Y1.5741
N18620 X1.6912 Y1.5719
N18625 X1.7096 Y1.5707
N18630 X1.7277 Y1.5704
N18635 X1.7452 Y1.5709
N18640 X1.7617 Y1.5722
N18645 X1.777 Y1.5741
N18650 X1.7911 Y1.5767
N18655 X1.8045 Y1.5797
N18660 X1.8151 Y1.5827
N18665 X1.8263 Y1.5864
N18670 X1.8348 Y1.5897
N18675 X1.8431 Y1.5934
N18680 X1.8512 Y1.5975
N18685 X1.8538 Y1.599
N18690 X1.8663 Y1.6077
N18695 X1.8771 Y1.6184
N18700 X1.8859 Y1.6308
N18705 X1.8923 Y1.6445
N18710 X1.8963 Y1.6592
N18715 X1.8976 Y1.6743
N18720 Y1.7136
N18725 G3 X1.8757 Y1.7363 Z-0.1501 I-0.0236 J-0.0008
N18730 G1 X1.8732 Y1.7365 Z-0.1496
N18735 X1.4741 Y1.7643
N18740 X1.4732
N18745 G3 X1.4488 Y1.7415 Z-0.1575 I-0.0008 J-0.0236
N18750 G1 Y1.7019
N18755 X1.4491 Y1.696
N18760 X1.4498 Y1.6902
N18765 X1.4509 Y1.6844
N18770 X1.4525 Y1.6787
N18775 X1.4544 Y1.6731
N18780 X1.4566 Y1.6676
N18785 X1.4592 Y1.662
N18790 X1.4623 Y1.656
N18795 X1.4658 Y1.65
N18800 X1.4702 Y1.6435
N18805 X1.4749 Y1.6369
N18810 X1.4805 Y1.63
N18815 X1.487 Y1.6227
N18820 X1.494 Y1.6156
N18825 X1.502 Y1.6081
N18830 X1.5111 Y1.6005
N18835 X1.5209 Y1.593
N18840 X1.5316 Y1.5857
N18845 X1.5437 Y1.5782
N18850 X1.5569 Y1.5709
N18855 X1.571 Y1.5641
N18860 X1.5858 Y1.5577
N18865 X1.6017 Y1.5517
N18870 X1.6186 Y1.5463
N18875 X1.6362 Y1.5416
N18880 X1.6544 Y1.5377
N18885 X1.673 Y1.5347
N18890 X1.6916 Y1.5325
N18895 X1.71 Y1.5313
N18900 X1.728 Y1.531
N18905 X1.7455 Y1.5316
N18910 X1.762 Y1.5329
N18915 X1.7773 Y1.5349
N18920 X1.7914 Y1.5374
N18925 X1.8047 Y1.5405
N18930 X1.8153 Y1.5435
N18935 X1.8265 Y1.5472
N18940 X1.835 Y1.5505
N18945 X1.8433 Y1.5543
N18950 X1.8502 Y1.5578
N18955 X1.8637 Y1.5662
N18960 X1.8753 Y1.577
N18965 X1.8848 Y1.5897
N18970 X1.8919 Y1.6039
N18975 X1.8962 Y1.6192
N18980 X1.8976 Y1.635
N18985 Y1.6743
N18990 G3 X1.8756 Y1.6971 Z-0.1501 I-0.0236 J-0.0008
N18995 G1 X1.8732 Y1.6972 Z-0.1496
N19000 X1.474 Y1.7247
N19005 X1.4732
N19010 G3 X1.4488 Y1.7019 Z-0.1575 I-0.0008 J-0.0236
N19015 G1 Y1.6623
N19020 X1.4491 Y1.6564
N19025 X1.4498 Y1.6506
N19030 X1.451 Y1.6448
N19035 X1.4525 Y1.6391
N19040 X1.4544 Y1.6335
N19045 X1.4566 Y1.628
N19050 X1.4593 Y1.6224
N19055 X1.4624 Y1.6165
N19060 X1.466 Y1.6104
N19065 X1.4703 Y1.6038
N19070 X1.4751 Y1.5972
N19075 X1.4806 Y1.5904
N19080 X1.4871 Y1.5831
N19085 X1.4941 Y1.5759
N19090 X1.5021 Y1.5685
N19095 X1.5113 Y1.5609
N19100 X1.5211 Y1.5534
N19105 X1.5318 Y1.5461
N19110 X1.5439 Y1.5387
N19115 X1.5571 Y1.5314
N19120 X1.5711 Y1.5245
N19125 X1.5859 Y1.5182
N19130 X1.6019 Y1.5122
N19135 X1.6188 Y1.5069
N19140 X1.6365 Y1.5022
N19145 X1.6547 Y1.4983
N19150 X1.6732 Y1.4953
N19155 X1.6918 Y1.4931
N19160 X1.7102 Y1.492
N19165 X1.7282 Y1.4917
N19170 X1.7457 Y1.4922
N19175 X1.7622 Y1.4936
N19180 X1.7775 Y1.4956
N19185 X1.7916 Y1.4981
N19190 X1.8042 Y1.5011
N19195 X1.8163 Y1.5045
N19200 X1.8266 Y1.5079
N19205 X1.8349 Y1.5112
N19210 X1.844 Y1.5153
N19215 X1.8513 Y1.519
N19220 X1.854 Y1.5206
N19225 X1.8665 Y1.5292
N19230 X1.8772 Y1.5399
N19235 X1.886 Y1.5523
N19240 X1.8924 Y1.566
N19245 X1.8963 Y1.5807
N19250 X1.8976 Y1.5958
N19255 Y1.635
N19260 G3 X1.8756 Y1.6578 Z-0.1501 I-0.0236 J-0.0008
N19265 G1 X1.8732 Y1.6579 Z-0.1496
N19270 X1.474 Y1.6851
N19275 X1.4732
N19280 G3 X1.4488 Y1.6623 Z-0.1575 I-0.0008 J-0.0236
N19285 G1 Y1.6227
N19290 X1.4491 Y1.6168
N19295 X1.4498 Y1.611
N19300 X1.451 Y1.6052
N19305 X1.4526 Y1.5995
N19310 X1.4545 Y1.5939
N19315 X1.4567 Y1.5884
N19320 X1.4593 Y1.5828
N19325 X1.4624 Y1.5769
N19330 X1.466 Y1.5708
N19335 X1.4704 Y1.5642
N19340 X1.4752 Y1.5577
N19345 X1.4807 Y1.5508
N19350 X1.4872 Y1.5435
N19355 X1.4943 Y1.5363
N19360 X1.5023 Y1.5289
N19365 X1.5114 Y1.5213
N19370 X1.5213 Y1.5139
N19375 X1.532 Y1.5065
N19380 X1.5441 Y1.4991
N19385 X1.5573 Y1.4919
N19390 X1.5714 Y1.485
N19395 X1.5862 Y1.4787
N19400 X1.6021 Y1.4728
N19405 X1.6191 Y1.4674
N19410 X1.6367 Y1.4627
N19415 X1.6549 Y1.4589
N19420 X1.6735 Y1.4559
N19425 X1.692 Y1.4538
N19430 X1.7104 Y1.4526
N19435 X1.7284 Y1.4523
N19440 X1.7458 Y1.4529
N19445 X1.7625 Y1.4543
N19450 X1.7777 Y1.4563
N19455 X1.7919 Y1.4589
N19460 X1.8052 Y1.462
N19465 X1.8157 Y1.465
N19470 X1.8269 Y1.4687
N19475 X1.8353 Y1.4721
N19480 X1.8436 Y1.4758
N19485 X1.8517 Y1.4799
N19490 X1.8581 Y1.4836
N19495 X1.8588 Y1.484
N19500 X1.8713 Y1.4938
N19505 X1.8818 Y1.5056
N19510 X1.89 Y1.5192
N19515 X1.8956 Y1.534
N19520 X1.8984 Y1.5496
N19525 X1.8983 Y1.5654
N19530 X1.8977 Y1.5717
N19535 X1.8976 Y1.5958
N19540 G3 X1.8756 Y1.6185 Z-0.1501 I-0.0236 J-0.0008
N19545 G1 X1.8732 Y1.6187 Z-0.1496
N19550 X1.474 Y1.6455
N19555 X1.4732
N19560 G3 X1.4488 Y1.6227 Z-0.1575 I-0.0008 J-0.0236
N19565 G1 Y1.5832
N19570 X1.4491 Y1.5773
N19575 X1.4498 Y1.5714
N19580 X1.451 Y1.5656
N19585 X1.4526 Y1.5599
N19590 X1.4545 Y1.5543
N19595 X1.4567 Y1.5489
N19600 X1.4594 Y1.5432
N19605 X1.4625 Y1.5373
N19610 X1.4661 Y1.5312
N19615 X1.4705 Y1.5246
N19620 X1.4753 Y1.5181
N19625 X1.4809 Y1.5112
N19630 X1.4874 Y1.5039
N19635 X1.4944 Y1.4967
N19640 X1.5025 Y1.4893
N19645 X1.5117 Y1.4817
N19650 X1.5215 Y1.4743
N19655 X1.5323 Y1.4669
N19660 X1.5443 Y1.4595
N19665 X1.5576 Y1.4523
N19670 X1.5717 Y1.4455
N19675 X1.5865 Y1.4391
N19680 X1.6025 Y1.4332
N19685 X1.6194 Y1.4279
N19690 X1.6371 Y1.4233
N19695 X1.6553 Y1.4194
N19700 X1.6738 Y1.4164
N19705 X1.6924 Y1.4144
N19710 X1.7108 Y1.4132
N19715 X1.7289 Y1.413
N19720 X1.7463 Y1.4136
N19725 X1.7628 Y1.415
N19730 X1.7781 Y1.417
N19735 X1.7922 Y1.4196
N19740 X1.8056 Y1.4228
N19745 X1.8171 Y1.426
N19750 X1.8268 Y1.4293
N19755 X1.8369 Y1.4333
N19760 X1.8445 Y1.4368
N19765 X1.8522 Y1.4407
N19770 X1.8598 Y1.4451
N19775 X1.8658 Y1.4489
N19780 X1.8666 Y1.4495
N19785 X1.8785 Y1.4598
N19790 X1.8884 Y1.4719
N19795 X1.8959 Y1.4857
N19800 X1.9008 Y1.5006
N19805 X1.9029 Y1.5161
N19810 X1.9022 Y1.5318
N19815 X1.9 Y1.5479
N19820 X1.8983 Y1.5654
N19825 G3 X1.8761 Y1.5859 Z-0.1505 I-0.0234 J-0.0031
N19830 G1 X1.8718 Y1.5861 Z-0.1496
N19835 X1.4736 Y1.6059
N19840 X1.4732
N19845 G3 X1.4488 Y1.5832 Z-0.1575 I-0.0008 J-0.0236
N19850 G1 Y1.5717
N19855 X1.4468 Y1.5515
N19860 X1.4465 Y1.5456
N19865 X1.4468 Y1.5397
N19870 X1.4476 Y1.5338
N19875 X1.4488 Y1.5281
N19880 X1.4504 Y1.5224
N19885 X1.4524 Y1.5168
N19890 X1.4546 Y1.5113
N19895 X1.4573 Y1.5054
N19900 X1.4604 Y1.4995
N19905 X1.4642 Y1.4932
N19910 X1.4686 Y1.4865
N19915 X1.4734 Y1.4799
N19920 X1.4792 Y1.4728
N19925 X1.4857 Y1.4655
N19930 X1.4928 Y1.4582
N19935 X1.501 Y1.4507
N19940 X1.5102 Y1.4429
N19945 X1.52 Y1.4355
N19950 X1.5309 Y1.4281
N19955 X1.5431 Y1.4206
N19960 X1.5564 Y1.4133
N19965 X1.5704 Y1.4065
N19970 X1.5853 Y1.4001
N19975 X1.6014 Y1.3941
N19980 X1.6184 Y1.3887
N19985 X1.6361 Y1.3841
N19990 X1.6544 Y1.3802
N19995 X1.673 Y1.3772
N20000 X1.6916 Y1.375
N20005 X1.71 Y1.3739
N20010 X1.728 Y1.3736
N20015 X1.7455 Y1.3742
N20020 X1.7623 Y1.3756
N20025 X1.7778 Y1.3776
N20030 X1.7921 Y1.3802
N20035 X1.8055 Y1.3833
N20040 X1.8181 Y1.3869
N20045 X1.8288 Y1.3905
N20050 X1.8382 Y1.3942
N20055 X1.8477 Y1.3985
N20060 X1.8549 Y1.4022
N20065 X1.8625 Y1.4065
N20070 X1.8697 Y1.4111
N20075 X1.8753 Y1.4151
N20080 X1.8803 Y1.4191
N20085 X1.8905 Y1.4286
N20090 X1.8988 Y1.4397
N20095 X1.9051 Y1.4521
N20100 X1.9092 Y1.4654
N20105 X1.9109 Y1.4792
N20110 X1.9101 Y1.4931
N20115 X1.907 Y1.5067
N20120 X1.9048 Y1.5162
N20125 X1.9032 Y1.5242
N20130 X1.9022 Y1.5318
N20135 G3 X1.8801 Y1.5513 Z-0.1507 I-0.0233 J-0.004
N20140 G1 X1.8749 Y1.5516 Z-0.1496
N20145 X1.4733 Y1.5719
N20150 X1.4714 Y1.572 Z-0.15
N20155 G3 X1.4468 Y1.5515 Z-0.1575 I-0.0012 J-0.0236
N20160 G1 X1.4464 Y1.5479
N20165 X1.4443 Y1.5321
N20170 X1.4432 Y1.5242
N20175 X1.443 Y1.5229
N20180 X1.4421 Y1.517
N20185 X1.4418 Y1.5111
N20190 X1.4421 Y1.5052
N20195 X1.4429 Y1.4994
N20200 X1.4441 Y1.4936
N20205 X1.4456 Y1.4879
N20210 X1.4475 Y1.4823
N20215 X1.4497 Y1.4765
N20220 X1.4523 Y1.4708
N20225 X1.4555 Y1.4646
N20230 X1.4592 Y1.458
N20235 X1.4634 Y1.4514
N20240 X1.4684 Y1.4444
N20245 X1.4741 Y1.4371
N20250 X1.4803 Y1.4299
N20255 X1.4876 Y1.4223
N20260 X1.4958 Y1.4145
N20265 X1.5046 Y1.4069
N20270 X1.5145 Y1.3992
N20275 X1.5255 Y1.3915
N20280 X1.5376 Y1.3838
N20285 X1.5504 Y1.3766
N20290 X1.5643 Y1.3695
N20295 X1.5794 Y1.3628
N20300 X1.5955 Y1.3565
N20305 X1.6126 Y1.3509
N20310 X1.6302 Y1.3459
N20315 X1.6484 Y1.3418
N20320 X1.6669 Y1.3385
N20325 X1.6856 Y1.3361
N20330 X1.7043 Y1.3346
N20335 X1.7225 Y1.3341
N20340 X1.7402 Y1.3344
N20345 X1.7573 Y1.3356
N20350 X1.7736 Y1.3375
N20355 X1.789 Y1.3401
N20360 X1.8032 Y1.3432
N20365 X1.8162 Y1.3467
N20370 X1.8286 Y1.3506
N20375 X1.84 Y1.3549
N20380 X1.8497 Y1.3591
N20385 X1.8597 Y1.3641
N20390 X1.8674 Y1.3683
N20395 X1.8748 Y1.3729
N20400 X1.8819 Y1.3778
N20405 X1.8875 Y1.3821
N20410 X1.8934 Y1.3871
N20415 X1.8944 Y1.388
N20420 X1.9045 Y1.3991
N20425 X1.9124 Y1.4118
N20430 X1.9181 Y1.4256
N20435 X1.9213 Y1.4402
N20440 X1.922 Y1.4552
N20445 X1.92 Y1.47
N20450 X1.9156 Y1.4843
N20455 X1.9113 Y1.4949
N20460 X1.909 Y1.5004
N20465 X1.907 Y1.5067
N20470 G3 X1.8859 Y1.5222 Z-0.1516 I-0.0222 J-0.008
N20475 G1 X1.8835 Y1.5223 Z-0.1511
N20480 X1.8766 Y1.5226 Z-0.1496
N20485 X1.4715 Y1.5407
N20490 X1.467 Y1.5409 Z-0.1506
N20495 G3 X1.443 Y1.5229 Z-0.1575 I-0.0011 J-0.0236
N20500 G1 X1.4416 Y1.5162
N20505 X1.4394 Y1.5067
N20510 X1.4374 Y1.5004
N20515 X1.4369 Y1.4991
N20520 X1.435 Y1.4935
N20525 X1.434 Y1.4877
N20530 X1.4337 Y1.4818
N20535 X1.4338 Y1.4759
N20540 X1.4345 Y1.47
N20545 X1.4355 Y1.4642
N20550 X1.4368 Y1.4584
N20555 X1.4385 Y1.4528
N20560 X1.4405 Y1.4471
N20565 X1.443 Y1.4409
N20570 X1.4459 Y1.4346
N20575 X1.4493 Y1.428
N20580 X1.4534 Y1.421
N20585 X1.4581 Y1.4139
N20590 X1.4634 Y1.4066
N20595 X1.4696 Y1.3988
N20600 X1.4765 Y1.3911
N20605 X1.484 Y1.3833
N20610 X1.4927 Y1.3753
N20615 X1.5024 Y1.3671
N20620 X1.5127 Y1.3593
N20625 X1.5241 Y1.3514
N20630 X1.5368 Y1.3436
N20635 X1.5506 Y1.3359
N20640 X1.5654 Y1.3287
N20645 X1.5807 Y1.3221
N20650 X1.5971 Y1.3159
N20655 X1.6145 Y1.3104
N20660 X1.6325 Y1.3055
N20665 X1.6511 Y1.3015
N20670 X1.67 Y1.2984
N20675 X1.689 Y1.2962
N20680 X1.7079 Y1.2949
N20685 X1.7266 Y1.2946
N20690 X1.7448 Y1.2951
N20695 X1.7623 Y1.2965
N20700 X1.779 Y1.2987
N20705 X1.7946 Y1.3015
N20710 X1.8094 Y1.3049
N20715 X1.8233 Y1.3088
N20720 X1.8363 Y1.3131
N20725 X1.8482 Y1.3177
N20730 X1.8592 Y1.3226
N20735 X1.868 Y1.3271
N20740 X1.8772 Y1.3323
N20745 X1.8848 Y1.3372
N20750 X1.8914 Y1.3418
N20755 X1.8984 Y1.3473
N20760 X1.904 Y1.3522
N20765 X1.9092 Y1.3571
N20770 X1.9147 Y1.3628
N20775 X1.915 Y1.3632
N20780 X1.9234 Y1.3747
N20785 X1.9298 Y1.3873
N20790 X1.934 Y1.4009
N20795 X1.936 Y1.4149
N20800 X1.9356 Y1.4291
N20805 X1.9329 Y1.443
N20810 X1.928 Y1.4563
N20815 X1.9223 Y1.4687
N20820 X1.9187 Y1.4767
N20825 X1.9156 Y1.4843
N20830 G3 X1.8949 Y1.4982 Z-0.1519 I-0.0215 J-0.0097
N20835 G1 X1.8909 Y1.4983 Z-0.1511
N20840 X1.8841 Y1.4986 Z-0.1496
N20845 X1.4683 Y1.5128
N20850 X1.4615 Y1.5131 Z-0.1511
N20855 X1.4593 Y1.5132 Z-0.1515
N20860 G3 X1.4369 Y1.4991 Z-0.1575 I-0.0008 J-0.0236
N20865 G1 X1.4342 Y1.4925
N20870 X1.4277 Y1.4767
N20875 X1.4272 Y1.4753
N20880 X1.425 Y1.4698
N20885 X1.4237 Y1.4641
N20890 X1.4229 Y1.4582
N20895 X1.4227 Y1.4523
N20900 X1.4229 Y1.4464
N20905 X1.4235 Y1.4406
N20910 X1.4245 Y1.4347
N20915 X1.4257 Y1.429
N20920 X1.4274 Y1.423
N20925 X1.4293 Y1.417
N20930 X1.4318 Y1.4106
N20935 X1.4348 Y1.4037
N20940 X1.4383 Y1.3969
N20945 X1.4424 Y1.3895
N20950 X1.4472 Y1.3818
N20955 X1.4525 Y1.3742
N20960 X1.4587 Y1.3663
N20965 X1.4658 Y1.358
N20970 X1.4735 Y1.3498
N20975 X1.4821 Y1.3415
N20980 X1.4918 Y1.333
N20985 X1.5026 Y1.3245
N20990 X1.5141 Y1.3162
N20995 X1.5266 Y1.3082
N21000 X1.5402 Y1.3004
N21005 X1.555 Y1.2927
N21010 X1.5709 Y1.2855
N21015 X1.5877 Y1.2789
N21020 X1.6051 Y1.273
N21025 X1.6232 Y1.2678
N21030 X1.6419 Y1.2634
N21035 X1.6611 Y1.2598
N21040 X1.6806 Y1.2572
N21045 X1.7002 Y1.2555
N21050 X1.7196 Y1.2548
N21055 X1.7387 Y1.2551
N21060 X1.757 Y1.2562
N21065 X1.7747 Y1.2581
N21070 X1.7916 Y1.2608
N21075 X1.8077 Y1.2642
N21080 X1.8228 Y1.2682
N21085 X1.837 Y1.2726
N21090 X1.8499 Y1.2774
N21095 X1.8619 Y1.2825
N21100 X1.8731 Y1.2879
N21105 X1.8835 Y1.2936
N21110 X1.8923 Y1.2989
N21115 X1.9003 Y1.3044
N21120 X1.908 Y1.3101
N21125 X1.914 Y1.3152
N21130 X1.9205 Y1.3211
N21135 X1.9258 Y1.3265
N21140 X1.9305 Y1.3317
N21145 X1.9355 Y1.3379
N21150 X1.9395 Y1.3433
N21155 X1.9465 Y1.3562
N21160 X1.9512 Y1.3701
N21165 X1.9535 Y1.3845
N21170 X1.9533 Y1.3992
N21175 X1.9506 Y1.4136
N21180 X1.9455 Y1.4273
N21185 X1.9381 Y1.44
N21190 G3 X1.9212 Y1.4493 Z-0.1533 I-0.0188 J-0.0143
N21195 G1 X1.9108 Y1.4501 Z-0.1511
N21200 X1.904 Y1.4507 Z-0.1496
N21205 X1.4591 Y1.4877
N21210 X1.4523 Y1.4883 Z-0.1511
N21215 X1.4503 Y1.4885 Z-0.1515
N21220 G3 X1.4272 Y1.4753 Z-0.1575 I-0.002 J-0.0235
N21225 G1 X1.4236 Y1.4674
N21230 X1.4157 Y1.4504
N21235 X1.4132 Y1.445
N21240 X1.4116 Y1.4393
N21245 X1.4106 Y1.4335
N21250 X1.4101 Y1.4276
N21255 X1.41 Y1.4217
N21260 X1.4104 Y1.4158
N21265 X1.411 Y1.41
N21270 X1.412 Y1.4041
N21275 X1.4133 Y1.3982
N21280 X1.4151 Y1.3918
N21285 X1.4172 Y1.3854
N21290 X1.4198 Y1.3784
N21295 X1.423 Y1.3711
N21300 X1.4267 Y1.3638
N21305 X1.431 Y1.356
N21310 X1.4361 Y1.3479
N21315 X1.4418 Y1.3397
N21320 X1.4483 Y1.3314
N21325 X1.4557 Y1.3226
N21330 X1.464 Y1.3138
N21335 X1.4729 Y1.3052
N21340 X1.4829 Y1.2964
N21345 X1.4942 Y1.2875
N21350 X1.5065 Y1.2786
N21355 X1.5195 Y1.2702
N21360 X1.5336 Y1.2621
N21365 X1.5488 Y1.2543
N21370 X1.5651 Y1.2468
N21375 X1.5824 Y1.24
N21380 X1.6006 Y1.2337
N21385 X1.6195 Y1.2283
N21390 X1.6389 Y1.2237
N21395 X1.6588 Y1.22
N21400 X1.6788 Y1.2172
N21405 X1.699 Y1.2155
N21410 X1.719 Y1.2147
N21415 X1.7386 Y1.215
N21420 X1.7578 Y1.2161
N21425 X1.7764 Y1.2181
N21430 X1.7943 Y1.2209
N21435 X1.8114 Y1.2245
N21440 X1.8277 Y1.2287
N21445 X1.843 Y1.2335
N21450 X1.857 Y1.2387
N21455 X1.8701 Y1.2442
N21460 X1.8821 Y1.25
N21465 X1.8935 Y1.2562
N21470 X1.9037 Y1.2624
N21475 X1.9132 Y1.2689
N21480 X1.9219 Y1.2754
N21485 X1.9288 Y1.2811
N21490 X1.9361 Y1.2877
N21495 X1.9418 Y1.2935
N21500 X1.9469 Y1.2992
N21505 X1.9523 Y1.3058
N21510 X1.9565 Y1.3114
N21515 X1.9603 Y1.3172
N21520 X1.9614 Y1.3191
N21525 X1.968 Y1.3326
N21530 X1.9721 Y1.347
N21535 X1.9736 Y1.3619
N21540 X1.9726 Y1.3768
N21545 X1.969 Y1.3913
N21550 X1.9629 Y1.405
N21555 X1.9546 Y1.4175
N21560 X1.9517 Y1.4212
N21565 X1.9467 Y1.4278
N21570 X1.9381 Y1.44
N21575 G3 X1.9198 Y1.4493 Z-0.153 I-0.0188 J-0.0143
N21580 G1 X1.9108 Y1.4495 Z-0.1511
N21585 X1.9039 Y1.4497 Z-0.1496
N21590 X1.4491 Y1.4608
N21595 X1.4422 Y1.4609 Z-0.1511
N21600 X1.436 Y1.4611 Z-0.1524
N21605 G3 X1.4157 Y1.4504 Z-0.1575 I-0.0006 J-0.0236
N21610 G1 X1.4152 Y1.4497
N21615 X1.4046 Y1.4347
N21620 X1.4015 Y1.4297
N21625 X1.3991 Y1.4243
N21630 X1.3972 Y1.4187
N21635 X1.3959 Y1.4129
N21640 X1.3951 Y1.4071
N21645 X1.3946 Y1.4012
N21650 Y1.3953
N21655 X1.3949 Y1.3894
N21660 X1.3955 Y1.3835
N21665 X1.3965 Y1.3774
N21670 X1.3977 Y1.3711
N21675 X1.3995 Y1.3644
N21680 X1.4017 Y1.3572
N21685 X1.4043 Y1.35
N21690 X1.4076 Y1.3423
N21695 X1.4114 Y1.3342
N21700 X1.4158 Y1.326
N21705 X1.4209 Y1.3176
N21710 X1.4269 Y1.3087
N21715 X1.4337 Y1.2996
N21720 X1.4411 Y1.2907
N21725 X1.4494 Y1.2815
N21730 X1.4589 Y1.272
N21735 X1.4694 Y1.2625
N21740 X1.4805 Y1.2534
N21745 X1.4928 Y1.2443
N21750 X1.5063 Y1.2353
N21755 X1.521 Y1.2265
N21760 X1.5369 Y1.218
N21765 X1.5536 Y1.21
N21770 X1.571 Y1.2028
N21775 X1.5894 Y1.1962
N21780 X1.6087 Y1.1903
N21785 X1.6287 Y1.1852
N21790 X1.6492 Y1.181
N21795 X1.67 Y1.1779
N21800 X1.691 Y1.1757
N21805 X1.712 Y1.1746
N21810 X1.7328 Y1.1745
N21815 X1.7533 Y1.1754
N21820 X1.7733 Y1.1772
N21825 X1.7926 Y1.18
N21830 X1.811 Y1.1835
N21835 X1.8283 Y1.1877
N21840 X1.8448 Y1.1926
N21845 X1.8605 Y1.1981
N21850 X1.8753 Y1.204
N21855 X1.8892 Y1.2105
N21860 X1.9017 Y1.217
N21865 X1.9133 Y1.2238
N21870 X1.9239 Y1.2308
N21875 X1.9339 Y1.238
N21880 X1.9429 Y1.2452
N21885 X1.9505 Y1.2519
N21890 X1.9574 Y1.2587
N21895 X1.964 Y1.2658
N21900 X1.969 Y1.2718
N21905 X1.9742 Y1.2786
N21910 X1.9787 Y1.2852
N21915 X1.9823 Y1.291
N21920 X1.986 Y1.2977
N21925 X1.9866 Y1.2988
N21930 X1.9918 Y1.3122
N21935 X1.9948 Y1.3264
N21940 X1.9953 Y1.3408
N21945 X1.9935 Y1.3551
N21950 X1.9893 Y1.3689
N21955 X1.9829 Y1.3818
N21960 X1.9744 Y1.3935
N21965 X1.9704 Y1.3981
N21970 X1.9644 Y1.4054
N21975 X1.9553 Y1.4166
N21980 X1.9546 Y1.4175
N21985 G3 X1.9375 Y1.4256 Z-0.1534 I-0.0179 J-0.0154
N21990 G1 X1.9267 Y1.426 Z-0.1511
N21995 X1.9199 Y1.4263 Z-0.1496
N22000 X1.4388 Y1.4435
N22005 X1.4319 Y1.4437 Z-0.1511
N22010 X1.4243 Y1.444 Z-0.1527
N22015 G3 X1.4046 Y1.4347 Z-0.1575 I-0.0008 J-0.0236
N22020 G1 X1.3998 Y1.4278
N22025 X1.3948 Y1.4212
N22030 X1.3919 Y1.4175
N22035 X1.39 Y1.4152
N22040 X1.3866 Y1.4104
N22045 X1.3838 Y1.4052
N22050 X1.3816 Y1.3997
N22055 X1.3799 Y1.3941
N22060 X1.3787 Y1.3883
N22065 X1.3778 Y1.3824
N22070 X1.3774 Y1.3765
N22075 X1.3773 Y1.3706
N22080 X1.3775 Y1.3647
N22085 X1.378 Y1.3586
N22090 X1.3789 Y1.3523
N22095 X1.3801 Y1.3454
N22100 X1.3819 Y1.3382
N22105 X1.384 Y1.3308
N22110 X1.3867 Y1.323
N22115 X1.39 Y1.3147
N22120 X1.3937 Y1.3064
N22125 X1.3982 Y1.2977
N22130 X1.4035 Y1.2885
N22135 X1.4096 Y1.2791
N22140 X1.4162 Y1.2698
N22145 X1.4238 Y1.2602
N22150 X1.4325 Y1.2503
N22155 X1.4422 Y1.2402
N22160 X1.4526 Y1.2305
N22165 X1.4641 Y1.2207
N22170 X1.4769 Y1.2108
N22175 X1.4908 Y1.2011
N22180 X1.5059 Y1.1916
N22185 X1.5217 Y1.1827
N22190 X1.5385 Y1.1744
N22195 X1.5564 Y1.1665
N22200 X1.5754 Y1.1592
N22205 X1.5953 Y1.1527
N22210 X1.616 Y1.1471
N22215 X1.6373 Y1.1423
N22220 X1.659 Y1.1386
N22225 X1.6809 Y1.1359
N22230 X1.703 Y1.1343
N22235 X1.7249 Y1.1337
N22240 X1.7466 Y1.1343
N22245 X1.7678 Y1.1358
N22250 X1.7884 Y1.1383
N22255 X1.8084 Y1.1418
N22260 X1.8276 Y1.146
N22265 X1.8461 Y1.1511
N22270 X1.8633 Y1.1567
N22275 X1.8794 Y1.1629
N22280 X1.8946 Y1.1696
N22285 X1.909 Y1.1767
N22290 X1.9223 Y1.1842
N22295 X1.9345 Y1.1919
N22300 X1.9456 Y1.1995
N22305 X1.9557 Y1.2074
N22310 X1.9651 Y1.2154
N22315 X1.9736 Y1.2234
N22320 X1.9808 Y1.2308
N22325 X1.9871 Y1.238
N22330 X1.9931 Y1.2456
N22335 X1.9977 Y1.2519
N22340 X2.0024 Y1.2592
N22345 X2.0063 Y1.266
N22350 X2.0094 Y1.2721
N22355 X2.0105 Y1.2745
N22360 X2.0153 Y1.2878
N22365 X2.0179 Y1.3016
N22370 X2.0181 Y1.3157
N22375 X2.0161 Y1.3296
N22380 X2.0119 Y1.343
N22385 X2.0056 Y1.3556
N22390 X1.9973 Y1.367
N22395 X1.9744 Y1.3935
N22400 G3 X1.958 Y1.4011 Z-0.1535 I-0.0173 J-0.016
N22405 G1 X1.9463 Y1.4015 Z-0.1511
N22410 X1.9395 Y1.4018 Z-0.1496
N22415 X1.4247 Y1.4227
N22420 X1.4179 Y1.423 Z-0.1511
N22425 X1.4089 Y1.4234 Z-0.153
N22430 G3 X1.39 Y1.4152 Z-0.1575 I-0.001 J-0.0236
N22435 G1 X1.3821 Y1.4054
N22440 X1.3755 Y1.3975
N22445 X1.3734 Y1.3951
N22450 X1.3698 Y1.3904
N22455 X1.3668 Y1.3853
N22460 X1.3643 Y1.38
N22465 X1.3624 Y1.3744
N22470 X1.3608 Y1.3687
N22475 X1.3597 Y1.3629
N22480 X1.359 Y1.357
N22485 X1.3585 Y1.3512
N22490 X1.3584 Y1.3452
N22495 X1.3586 Y1.339
N22500 X1.3592 Y1.3325
N22505 X1.3601 Y1.3256
N22510 X1.3614 Y1.3182
N22515 X1.3632 Y1.3105
N22520 X1.3654 Y1.3026
N22525 X1.3682 Y1.2942
N22530 X1.3717 Y1.2854
N22535 X1.3757 Y1.2765
N22540 X1.3805 Y1.2671
N22545 X1.386 Y1.2574
N22550 X1.3924 Y1.2474
N22555 X1.3994 Y1.2375
N22560 X1.4075 Y1.2272
N22565 X1.4166 Y1.2167
N22570 X1.4269 Y1.2059
N22575 X1.4379 Y1.1955
N22580 X1.4499 Y1.1851
N22585 X1.4632 Y1.1748
N22590 X1.4777 Y1.1646
N22595 X1.4934 Y1.1546
N22600 X1.5103 Y1.145
N22605 X1.528 Y1.1361
N22610 X1.5466 Y1.1278
N22615 X1.5663 Y1.1202
N22620 X1.5871 Y1.1133
N22625 X1.6086 Y1.1072
N22630 X1.6309 Y1.1022
N22635 X1.6536 Y1.0981
N22640 X1.6767 Y1.0952
N22645 X1.6999 Y1.0934
N22650 X1.723 Y1.0927
N22655 X1.7459 Y1.0932
N22660 X1.7684 Y1.0947
N22665 X1.7905 Y1.0973
N22670 X1.812 Y1.1009
N22675 X1.8326 Y1.1054
N22680 X1.8522 Y1.1107
N22685 X1.8709 Y1.1166
N22690 X1.8884 Y1.1233
N22695 X1.905 Y1.1304
N22700 X1.9206 Y1.1381
N22705 X1.9353 Y1.1463
N22710 X1.949 Y1.1548
N22715 X1.9613 Y1.1632
N22720 X1.9725 Y1.1718
N22725 X1.9827 Y1.1804
N22730 X1.9922 Y1.1892
N22735 X2.0006 Y1.1979
N22740 X2.0075 Y1.2057
N22745 X2.014 Y1.2138
N22750 X2.0196 Y1.2215
N22755 X2.024 Y1.2283
N22760 X2.0286 Y1.2361
N22765 X2.032 Y1.2428
N22770 X2.0327 Y1.2442
N22775 X2.0376 Y1.2577
N22780 X2.0402 Y1.2719
N22785 X2.0405 Y1.2862
N22790 X2.0383 Y1.3004
N22795 X2.0339 Y1.3141
N22800 X2.0273 Y1.3268
N22805 X2.0176 Y1.3421
N22810 X2.0119 Y1.35
N22815 X1.9973 Y1.367
N22820 G3 X1.9811 Y1.3745 Z-0.1536 I-0.0173 J-0.016
N22825 G1 X1.9692 Y1.3751 Z-0.1511
N22830 X1.9624 Y1.3754 Z-0.1496
N22835 X1.4084 Y1.4019
N22840 X1.4015 Y1.4022 Z-0.1511
N22845 X1.3919 Y1.4026 Z-0.1531
N22850 G3 X1.3734 Y1.3951 Z-0.1575 I-0.0011 J-0.0236
N22855 G1 X1.355 Y1.3737
N22860 X1.3514 Y1.3691
N22865 X1.3482 Y1.3641
N22870 X1.3456 Y1.3588
N22875 X1.3435 Y1.3533
N22880 X1.3418 Y1.3476
N22885 X1.3404 Y1.3419
N22890 X1.3395 Y1.336
N22895 X1.3388 Y1.3302
N22900 X1.3385 Y1.3243
N22905 Y1.318
N22910 X1.3387 Y1.3112
N22915 X1.3394 Y1.3043
N22920 X1.3404 Y1.2968
N22925 X1.3419 Y1.2888
N22930 X1.3439 Y1.2806
N22935 X1.3464 Y1.2721
N22940 X1.3496 Y1.263
N22945 X1.3534 Y1.2535
N22950 X1.3578 Y1.244
N22955 X1.363 Y1.2339
N22960 X1.3691 Y1.2234
N22965 X1.3761 Y1.2127
N22970 X1.3837 Y1.2022
N22975 X1.3924 Y1.1913
N22980 X1.4023 Y1.1801
N22985 X1.4134 Y1.1687
N22990 X1.4253 Y1.1576
N22995 X1.4383 Y1.1466
N23000 X1.4525 Y1.1357
N23005 X1.468 Y1.125
N23010 X1.4848 Y1.1146
N23015 X1.5028 Y1.1046
N23020 X1.5219 Y1.0952
N23025 X1.5418 Y1.0865
N23030 X1.5626 Y1.0787
N23035 X1.5845 Y1.0716
N23040 X1.6072 Y1.0655
N23045 X1.6307 Y1.0604
N23050 X1.6547 Y1.0564
N23055 X1.679 Y1.0535
N23060 X1.7034 Y1.0518
N23065 X1.7279 Y1.0513
N23070 X1.7521 Y1.052
N23075 X1.776 Y1.0539
N23080 X1.7994 Y1.0568
N23085 X1.822 Y1.0608
N23090 X1.8438 Y1.0658
N23095 X1.8645 Y1.0716
N23100 X1.8842 Y1.0781
N23105 X1.903 Y1.0854
N23110 X1.9208 Y1.0933
N23115 X1.9376 Y1.1017
N23120 X1.9533 Y1.1106
N23125 X1.9679 Y1.1199
N23130 X1.9812 Y1.1292
N23135 X1.9932 Y1.1386
N23140 X2.0042 Y1.148
N23145 X2.0142 Y1.1575
N23150 X2.0231 Y1.1669
N23155 X2.0302 Y1.175
N23160 X2.0369 Y1.1836
N23165 X2.0425 Y1.1914
N23170 X2.047 Y1.1984
N23175 X2.0517 Y1.2067
N23180 X2.0574 Y1.2209
N23185 X2.0605 Y1.236
N23190 X2.0609 Y1.2514
N23195 X2.0586 Y1.2667
N23200 X2.0536 Y1.2812
N23205 X2.0497 Y1.29
N23210 X2.0471 Y1.2946
N23215 X2.0326 Y1.3183
N23220 X2.0273 Y1.3268
N23225 G3 X2.0094 Y1.337 Z-0.153 I-0.0195 J-0.0133
N23230 G1 X2.0005 Y1.3376 Z-0.1511
N23235 X1.9937 Y1.3381 Z-0.1496
N23240 X1.3899 Y1.3801
N23245 X1.3831 Y1.3806 Z-0.1511
N23250 X1.374 Y1.3813 Z-0.153
N23255 G3 X1.355 Y1.3737 Z-0.1575 I-0.0016 J-0.0236
N23260 G1 X1.3345 Y1.35
N23265 X1.3301 Y1.343
N23270 X1.3271 Y1.3379
N23275 X1.3246 Y1.3325
N23280 X1.3226 Y1.327
N23285 X1.321 Y1.3213
N23290 X1.3197 Y1.3155
N23295 X1.3188 Y1.3097
N23300 X1.3182 Y1.3038
N23305 X1.3178 Y1.2976
N23310 Y1.2909
N23315 X1.3181 Y1.284
N23320 X1.3188 Y1.2765
N23325 X1.3199 Y1.2686
N23330 X1.3214 Y1.2604
N23335 X1.3235 Y1.2517
N23340 X1.3263 Y1.2423
N23345 X1.3295 Y1.233
N23350 X1.3335 Y1.2232
N23355 X1.3383 Y1.2128
N23360 X1.3439 Y1.202
N23365 X1.3502 Y1.1912
N23370 X1.3575 Y1.1801
N23375 X1.3658 Y1.1685
N23380 X1.3753 Y1.1567
N23385 X1.3856 Y1.145
N23390 X1.3969 Y1.1335
N23395 X1.4095 Y1.1217
N23400 X1.4236 Y1.1098
N23405 X1.4389 Y1.0981
N23410 X1.4555 Y1.0867
N23415 X1.473 Y1.0759
N23420 X1.4914 Y1.0656
N23425 X1.5113 Y1.0559
N23430 X1.5323 Y1.0467
N23435 X1.5545 Y1.0384
N23440 X1.5777 Y1.0309
N23445 X1.6018 Y1.0244
N23450 X1.6265 Y1.0191
N23455 X1.6518 Y1.0148
N23460 X1.6774 Y1.0118
N23465 X1.7032 Y1.0101
N23470 X1.729 Y1.0096
N23475 X1.7545 Y1.0103
N23480 X1.7797 Y1.0123
N23485 X1.8044 Y1.0154
N23490 X1.8283 Y1.0197
N23495 X1.8515 Y1.025
N23500 X1.8738 Y1.0312
N23505 X1.8953 Y1.0383
N23510 X1.9157 Y1.0463
N23515 X1.935 Y1.0549
N23520 X1.9529 Y1.0639
N23525 X1.9695 Y1.0733
N23530 X1.9851 Y1.0832
N23535 X1.9996 Y1.0934
N23540 X2.0127 Y1.1036
N23545 X2.0244 Y1.1137
N23550 X2.0348 Y1.1235
N23555 X2.0439 Y1.1331
N23560 X2.0508 Y1.1411
N23565 X2.0578 Y1.15
N23570 X2.0628 Y1.1571
N23575 X2.0644 Y1.1595
N23580 X2.0713 Y1.1729
N23585 X2.0759 Y1.1872
N23590 X2.0779 Y1.2022
N23595 X2.0772 Y1.2173
N23600 X2.074 Y1.232
N23605 X2.0735 Y1.2337
N23610 X2.0714 Y1.2391
N23615 X2.0618 Y1.2629
N23620 X2.0536 Y1.2812
N23625 G3 X2.0346 Y1.2944 Z-0.1523 I-0.0212 J-0.0104
N23630 G1 X2.0285 Y1.2949 Z-0.1511
N23635 X2.0217 Y1.2956 Z-0.1496
N23640 X1.3694 Y1.356
N23645 X1.3626 Y1.3567 Z-0.1511
N23650 X1.3541 Y1.3575 Z-0.1529
N23655 G3 X1.3345 Y1.35 Z-0.1575 I-0.0022 J-0.0235
N23660 G1 X1.3289 Y1.3421
N23665 X1.3139 Y1.3183
N23670 X1.3098 Y1.3116
N23675 X1.3069 Y1.3064
N23680 X1.3045 Y1.301
N23685 X1.3025 Y1.2955
N23690 X1.3009 Y1.2898
N23695 X1.2997 Y1.284
N23700 X1.2988 Y1.2782
N23705 X1.2982 Y1.2723
N23710 X1.2979 Y1.266
N23715 X1.298 Y1.2592
N23720 X1.2983 Y1.2522
N23725 X1.2991 Y1.2445
N23730 X1.3003 Y1.2363
N23735 X1.302 Y1.228
N23740 X1.3042 Y1.219
N23745 X1.3072 Y1.2093
N23750 X1.3106 Y1.1996
N23755 X1.3149 Y1.1893
N23760 X1.32 Y1.1785
N23765 X1.326 Y1.1673
N23770 X1.3326 Y1.1561
N23775 X1.3404 Y1.1445
N23780 X1.3493 Y1.1323
N23785 X1.3594 Y1.1199
N23790 X1.3704 Y1.1077
N23795 X1.3826 Y1.0954
N23800 X1.3961 Y1.083
N23805 X1.411 Y1.0707
N23810 X1.4273 Y1.0585
N23815 X1.4449 Y1.0466
N23820 X1.4634 Y1.0353
N23825 X1.483 Y1.0247
N23830 X1.5041 Y1.0145
N23835 X1.5266 Y1.005
N23840 X1.5502 Y0.9964
N23845 X1.5748 Y0.9887
N23850 X1.6003 Y0.982
N23855 X1.6264 Y0.9766
N23860 X1.6531 Y0.9724
N23865 X1.6801 Y0.9694
N23870 X1.7073 Y0.9678
N23875 X1.7344 Y0.9675
N23880 X1.7613 Y0.9686
N23885 X1.7879 Y0.9709
N23890 X1.8139 Y0.9744
N23895 X1.8393 Y0.9791
N23900 X1.864 Y0.985
N23905 X1.8878 Y0.9919
N23910 X1.9105 Y0.9996
N23915 X1.9322 Y1.0083
N23920 X1.9526 Y1.0176
N23925 X1.9716 Y1.0274
N23930 X1.9892 Y1.0376
N23935 X2.0056 Y1.0481
N23940 X2.0207 Y1.0589
N23945 X2.0341 Y1.0696
N23950 X2.0459 Y1.0799
N23955 X2.0549 Y1.0887
N23960 X2.0637 Y1.098
N23965 X2.0701 Y1.1055
N23970 X2.0721 Y1.1081
N23975 X2.0802 Y1.1209
N23980 X2.0861 Y1.1349
N23985 X2.0893 Y1.1498
N23990 X2.09 Y1.165
N23995 X2.0879 Y1.18
N24000 X2.0835 Y1.1995
N24005 X2.0817 Y1.2075
N24010 X2.074 Y1.232
N24015 G3 X2.0541 Y1.2476 Z-0.1518 I-0.0223 J-0.0078
N24020 G1 X2.0506 Y1.248 Z-0.1511
N24025 X2.0438 Y1.2487 Z-0.1496
N24030 X1.3432 Y1.3209
N24035 X1.3364 Y1.3216 Z-0.1511
N24040 X1.3319 Y1.3221 Z-0.152
N24045 G3 X1.3098 Y1.3116 Z-0.1575 I-0.0024 J-0.0235
N24050 G1 X1.2993 Y1.2946
N24055 X1.2968 Y1.29
N24060 X1.2871 Y1.2684
N24065 X1.285 Y1.2629
N24070 X1.2832 Y1.2573
N24075 X1.2818 Y1.2515
N24080 X1.2808 Y1.2457
N24085 X1.2801 Y1.2399
N24090 X1.2797 Y1.2338
N24095 X1.2796 Y1.2276
N24100 X1.2798 Y1.2207
N24105 X1.2804 Y1.2133
N24110 X1.2814 Y1.2056
N24115 X1.2829 Y1.1973
N24120 X1.285 Y1.1884
N24125 X1.2876 Y1.1793
N24130 X1.2909 Y1.1695
N24135 X1.295 Y1.159
N24140 X1.2997 Y1.1485
N24145 X1.3054 Y1.1374
N24150 X1.3121 Y1.1257
N24155 X1.3197 Y1.1137
N24160 X1.3282 Y1.1018
N24165 X1.338 Y1.0893
N24170 X1.3492 Y1.0764
N24175 X1.3618 Y1.0633
N24180 X1.3752 Y1.0506
N24185 X1.3899 Y1.0379
N24190 X1.4061 Y1.0253
N24195 X1.4238 Y1.0129
N24200 X1.443 Y1.0007
N24205 X1.4637 Y0.989
N24210 X1.4857 Y0.9779
N24215 X1.5086 Y0.9678
N24220 X1.5325 Y0.9585
N24225 X1.5578 Y0.9501
N24230 X1.5841 Y0.9428
N24235 X1.6113 Y0.9366
N24240 X1.6392 Y0.9317
N24245 X1.6676 Y0.9281
N24250 X1.6962 Y0.9259
N24255 X1.7249 Y0.9251
N24260 X1.7534 Y0.9257
N24265 X1.7818 Y0.9276
N24270 X1.8097 Y0.9309
N24275 X1.837 Y0.9355
N24280 X1.8636 Y0.9413
N24285 X1.8894 Y0.9483
N24290 X1.914 Y0.9562
N24295 X1.9373 Y0.965
N24300 X1.9592 Y0.9745
N24305 X1.9799 Y0.9847
N24310 X1.9993 Y0.9955
N24315 X2.0172 Y1.0066
N24320 X2.0332 Y1.0177
N24325 X2.0471 Y1.0283
N24330 X2.0575 Y1.0371
N24335 X2.0674 Y1.0464
N24340 X2.0745 Y1.0537
N24345 X2.0827 Y1.0645
N24350 X2.089 Y1.0764
N24355 X2.0934 Y1.0892
N24360 X2.0958 Y1.1026
N24365 X2.096 Y1.1161
N24370 X2.0944 Y1.1441
N24375 X2.0938 Y1.152
N24380 X2.0924 Y1.16
N24385 X2.0907 Y1.1679
N24390 X2.0879 Y1.18
N24395 G3 X2.0677 Y1.1975 Z-0.1514 I-0.0228 J-0.006
N24400 G1 X2.0659 Y1.1977 Z-0.1511
N24405 X2.0591 Y1.1985 Z-0.1496
N24410 X1.319 Y1.2806
N24415 X1.3122 Y1.2814 Z-0.1511
N24420 X1.311 Y1.2815 Z-0.1513
N24425 G3 X1.2871 Y1.2684 Z-0.1575 I-0.0026 J-0.0235
N24430 G1 X1.2847 Y1.2629
N24435 X1.275 Y1.2391
N24440 X1.273 Y1.2337
N24445 X1.2684 Y1.2189
N24450 X1.2667 Y1.2125
N24455 X1.2655 Y1.2067
N24460 X1.2647 Y1.2009
N24465 X1.2642 Y1.195
N24470 X1.2641 Y1.1891
N24475 X1.2642 Y1.1827
N24480 X1.2647 Y1.176
N24485 X1.2656 Y1.1685
N24490 X1.2669 Y1.1608
N24495 X1.2688 Y1.1524
N24500 X1.2713 Y1.1433
N24505 X1.2743 Y1.1341
N24510 X1.2781 Y1.1242
N24515 X1.2828 Y1.1135
N24520 X1.2881 Y1.1028
N24525 X1.2945 Y1.0913
N24530 X1.3021 Y1.0792
N24535 X1.3106 Y1.0671
N24540 X1.3201 Y1.0548
N24545 X1.331 Y1.0419
N24550 X1.3435 Y1.0287
N24555 X1.3573 Y1.0153
N24560 X1.3721 Y1.0024
N24565 X1.3885 Y0.9894
N24570 X1.4066 Y0.9764
N24575 X1.4263 Y0.9637
N24580 X1.4475 Y0.9514
N24585 X1.4701 Y0.9398
N24590 X1.494 Y0.9289
N24595 X1.5189 Y0.919
N24600 X1.5449 Y0.9101
N24605 X1.5721 Y0.9023
N24610 X1.6004 Y0.8956
N24615 X1.6296 Y0.8902
N24620 X1.6593 Y0.8861
N24625 X1.6893 Y0.8835
N24630 X1.7196 Y0.8824
N24635 X1.7499 Y0.8827
N24640 X1.7799 Y0.8845
N24645 X1.8096 Y0.8878
N24650 X1.8387 Y0.8924
N24655 X1.8671 Y0.8983
N24660 X1.8946 Y0.9055
N24665 X1.9208 Y0.9137
N24670 X1.9457 Y0.9228
N24675 X1.9692 Y0.9327
N24680 X1.9912 Y0.9434
N24685 X2.0117 Y0.9545
N24690 X2.03 Y0.9656
N24695 X2.0457 Y0.9763
N24700 X2.0568 Y0.9846
N24705 X2.0631 Y0.9899
N24710 X2.0728 Y0.9992
N24715 X2.0808 Y1.0099
N24720 X2.0872 Y1.0217
N24725 X2.0916 Y1.0344
N24730 X2.094 Y1.0476
N24735 X2.0958 Y1.0649
N24740 X2.0963 Y1.0729
N24745 X2.0972 Y1.0949
N24750 Y1.0966
N24755 X2.096 Y1.1161
N24760 G3 X2.0754 Y1.1373 Z-0.1507 I-0.0235 J-0.0022
N24765 G1 X2.0704 Y1.138 Z-0.1496
N24770 X1.2986 Y1.2339
N24775 X1.2936 Y1.2345 Z-0.1507
N24780 G3 X1.2684 Y1.2189 Z-0.1575 I-0.0029 J-0.0234
N24785 G1 X1.2648 Y1.2075
N24790 X1.2612 Y1.1916
N24795 X1.2558 Y1.1679
N24800 X1.2548 Y1.1635
N24805 X1.2537 Y1.1565
N24810 X1.253 Y1.1507
N24815 X1.2527 Y1.1448
N24820 X1.2528 Y1.1389
N24825 X1.2532 Y1.1326
N24830 X1.2539 Y1.1262
N24835 X1.255 Y1.119
N24840 X1.2566 Y1.1114
N24845 X1.2587 Y1.1033
N24850 X1.2615 Y1.0944
N24855 X1.2648 Y1.0854
N24860 X1.2691 Y1.0755
N24865 X1.2741 Y1.065
N24870 X1.2799 Y1.0544
N24875 X1.287 Y1.0428
N24880 X1.2951 Y1.0308
N24885 X1.3041 Y1.0188
N24890 X1.3146 Y1.0062
N24895 X1.3267 Y0.9931
N24900 X1.3401 Y0.9797
N24905 X1.3546 Y0.9668
N24910 X1.3709 Y0.9535
N24915 X1.3891 Y0.9401
N24920 X1.4091 Y0.9269
N24925 X1.4306 Y0.9141
N24930 X1.4535 Y0.902
N24935 X1.4773 Y0.8908
N24940 X1.5027 Y0.8803
N24945 X1.5296 Y0.8707
N24950 X1.5579 Y0.8622
N24955 X1.5873 Y0.8549
N24960 X1.6177 Y0.8489
N24965 X1.6487 Y0.8443
N24970 X1.6802 Y0.8411
N24975 X1.712 Y0.8396
N24980 X1.7439 Y0.8395
N24985 X1.7756 Y0.8411
N24990 X1.8071 Y0.8441
N24995 X1.838 Y0.8486
N25000 X1.8681 Y0.8545
N25005 X1.8973 Y0.8617
N25010 X1.9253 Y0.8701
N25015 X1.9522 Y0.8796
N25020 X1.9775 Y0.89
N25025 X2.0004 Y0.9007
N25030 X2.0206 Y0.9114
N25035 X2.036 Y0.9205
N25040 X2.0436 Y0.9255
N25045 X2.0558 Y0.9352
N25050 X2.066 Y0.947
N25055 X2.074 Y0.9604
N25060 X2.0794 Y0.975
N25065 X2.0889 Y1.0095
N25070 X2.0893 Y1.0112
N25075 X2.0903 Y1.0174
N25080 X2.0914 Y1.0254
N25085 X2.0925 Y1.0333
N25090 X2.094 Y1.0476
N25095 G3 X2.0736 Y1.0726 Z-0.1499 I-0.0236 J0.0016
N25100 G1 X2.0721 Y1.0728 Z-0.1496
N25105 X1.2835 Y1.1808
N25110 X1.281 Y1.1811 Z-0.1502
N25115 G3 X1.2548 Y1.1635 Z-0.1575 I-0.0032 J-0.0234
N25120 G1 X1.2541 Y1.16
N25125 X1.2527 Y1.152
N25130 X1.2521 Y1.1441
N25135 X1.2493 Y1.0966
N25140 X1.2492 Y1.0949
N25145 X1.2498 Y1.0808
N25150 X1.2505 Y1.0733
N25155 X1.2514 Y1.0673
N25160 X1.2526 Y1.0611
N25165 X1.2543 Y1.0541
N25170 X1.2565 Y1.0468
N25175 X1.2593 Y1.0388
N25180 X1.2628 Y1.0302
N25185 X1.267 Y1.0212
N25190 X1.2722 Y1.0112
N25195 X1.2781 Y1.0013
N25200 X1.2852 Y0.9904
N25205 X1.2936 Y0.9789
N25210 X1.3028 Y0.9675
N25215 X1.3137 Y0.9552
N25220 X1.3264 Y0.9422
N25225 X1.3401 Y0.9295
N25230 X1.3556 Y0.9166
N25235 X1.3731 Y0.9033
N25240 X1.3924 Y0.89
N25245 X1.4135 Y0.877
N25250 X1.4358 Y0.8648
N25255 X1.4595 Y0.8532
N25260 X1.4853 Y0.8421
N25265 X1.5127 Y0.8319
N25270 X1.5417 Y0.8226
N25275 X1.572 Y0.8146
N25280 X1.6034 Y0.8079
N25285 X1.6356 Y0.8026
N25290 X1.6684 Y0.7988
N25295 X1.7016 Y0.7967
N25300 X1.735 Y0.7961
N25305 X1.7684 Y0.7972
N25310 X1.8015 Y0.7999
N25315 X1.8342 Y0.8041
N25320 X1.8661 Y0.8099
N25325 X1.8971 Y0.8171
N25330 X1.9271 Y0.8255
N25335 X1.9555 Y0.8351
N25340 X1.982 Y0.8455
N25345 X2.0021 Y0.8545
N25350 X2.0097 Y0.8584
N25355 X2.0207 Y0.865
N25360 X2.0306 Y0.8732
N25365 X2.0391 Y0.8827
N25370 X2.0462 Y0.8935
N25375 X2.0497 Y0.8998
N25380 X2.0637 Y0.9303
N25385 X2.0655 Y0.9347
N25390 X2.0735 Y0.9541
N25395 X2.0759 Y0.962
N25400 X2.0794 Y0.975
N25405 G3 X2.0619 Y1.0034 Z-0.1496 I-0.023 J0.0054
N25410 G1 X2.0595 Y1.0038
N25415 X1.2765 Y1.1044
N25420 X1.2732 Y1.1046
N25425 G3 X1.2498 Y1.0808 Z-0.1575 I0.0002 J-0.0236
N25430 G1 X1.2502 Y1.0729
N25435 X1.2507 Y1.0649
N25440 X1.254 Y1.0333
N25445 X1.2551 Y1.0254
N25450 X1.2562 Y1.0174
N25455 X1.2571 Y1.0112
N25460 X1.2576 Y1.0095
N25465 X1.2619 Y0.9937
N25470 X1.2657 Y0.9821
N25475 X1.2684 Y0.9751
N25480 X1.2715 Y0.9679
N25485 X1.2756 Y0.9598
N25490 X1.2802 Y0.9516
N25495 X1.286 Y0.9423
N25500 X1.2925 Y0.933
N25505 X1.3005 Y0.9227
N25510 X1.3095 Y0.912
N25515 X1.3199 Y0.901
N25520 X1.3324 Y0.8889
N25525 X1.346 Y0.8771
N25530 X1.3612 Y0.865
N25535 X1.3787 Y0.8525
N25540 X1.3984 Y0.8398
N25545 X1.4196 Y0.8276
N25550 X1.4422 Y0.8159
N25555 X1.4672 Y0.8046
N25560 X1.4943 Y0.7938
N25565 X1.5233 Y0.7839
N25570 X1.5539 Y0.7751
N25575 X1.5859 Y0.7675
N25580 X1.6189 Y0.7614
N25585 X1.6527 Y0.7568
N25590 X1.6871 Y0.7539
N25595 X1.7219 Y0.7526
N25600 X1.7567 Y0.753
N25605 X1.7914 Y0.7551
N25610 X1.8258 Y0.7588
N25615 X1.8595 Y0.7642
N25620 X1.8924 Y0.7711
N25625 X1.924 Y0.7793
N25630 X1.9526 Y0.7883
N25635 X1.9545 Y0.789
N25640 X1.9667 Y0.7945
N25645 X1.9778 Y0.8019
N25650 X1.9877 Y0.8109
N25655 X1.9942 Y0.818
N25660 X2.0024 Y0.8274
N25665 X2.0091 Y0.8353
N25670 X2.0358 Y0.8749
N25675 X2.0403 Y0.8828
N25680 X2.0462 Y0.8935
N25685 G3 X2.0359 Y0.9252 Z-0.1496 I-0.021 J0.0108
N25690 G1 X2.0334 Y0.9263
N25695 X2.0308 Y0.9271
N25700 X2.0281 Y0.9276
N25705 X1.2879 Y1.0225
N25710 X1.2851 Y1.0227
N25715 X1.2822 Y1.0226
N25720 X1.2794 Y1.0221
N25725 G3 X1.2619 Y0.9937 Z-0.1575 I0.0054 J-0.023
N25730 G1 X1.2706 Y0.962
N25735 X1.273 Y0.9539
N25740 X1.2809 Y0.9347
N25745 X1.2828 Y0.9303
N25750 X1.2968 Y0.8998
N25755 X1.3018 Y0.8907
N25760 X1.31 Y0.8776
N25765 X1.3152 Y0.8701
N25770 X1.3211 Y0.8624
N25775 X1.3284 Y0.8538
N25780 X1.3367 Y0.845
N25785 X1.3464 Y0.8355
N25790 X1.358 Y0.8254
N25795 X1.3705 Y0.8154
N25800 X1.3856 Y0.8045
N25805 X1.4025 Y0.7936
N25810 X1.421 Y0.7829
N25815 X1.4425 Y0.7717
N25820 X1.4667 Y0.7607
N25825 X1.4927 Y0.7503
N25830 X1.52 Y0.7409
N25835 X1.5498 Y0.7322
N25840 X1.5817 Y0.7246
N25845 X1.6152 Y0.7183
N25850 X1.6498 Y0.7136
N25855 X1.6845 Y0.7105
N25860 X1.7194 Y0.7091
N25865 X1.7543 Y0.7093
N25870 X1.7891 Y0.7111
N25875 X1.8238 Y0.7146
N25880 X1.8583 Y0.7196
N25885 X1.8642 Y0.7208
N25890 X1.8725 Y0.7228
N25895 X1.8805 Y0.7257
N25900 X1.8882 Y0.7293
N25905 X1.894 Y0.7324
N25910 X1.8991 Y0.7356
N25915 X1.9229 Y0.7525
N25920 X1.9277 Y0.7561
N25925 X1.9485 Y0.772
N25930 X1.9546 Y0.7771
N25935 X1.9659 Y0.7878
N25940 X1.9809 Y0.8037
N25945 X1.9877 Y0.8109
N25950 G3 X1.9855 Y0.8442 Z-0.1496 I-0.0177 J0.0156
N25955 X1.9727 Y0.8499 I-0.0156 J-0.0177
N25960 G1 X1.3255 Y0.925
N25965 G3 X1.312 Y0.9225 I-0.0027 J-0.0235
N25970 X1.3018 Y0.8907 Z-0.1575 I0.0108 J-0.021
N25975 G1 X1.3062 Y0.8828
N25980 X1.3107 Y0.8749
N25985 X1.3374 Y0.8353
N25990 X1.3443 Y0.8271
N25995 X1.3523 Y0.818
N26000 X1.3581 Y0.8116
N26005 X1.376 Y0.7926
N26010 X1.3805 Y0.7878
N26015 X1.3919 Y0.7771
N26020 X1.398 Y0.772
N26025 X1.4187 Y0.7561
N26030 X1.4236 Y0.7525
N26035 X1.4394 Y0.7412
N26040 X1.4474 Y0.7356
N26045 X1.4525 Y0.7324
N26050 X1.4632 Y0.7267
N26055 X1.4948 Y0.7119
N26060 X1.5121 Y0.7045
N26065 X1.5334 Y0.6967
N26070 X1.5568 Y0.6894
N26075 X1.5823 Y0.6827
N26080 X1.6113 Y0.6767
N26085 X1.6429 Y0.6717
N26090 X1.6463 Y0.6714
N26095 X1.6492 Y0.6712
N26100 X1.6522 Y0.6711
N26105 G3 X1.6751 Y0.6954 Z-0.1496 I-0.0007 J0.0236
N26110 X1.6582 Y0.7174 I-0.0236 J-0.0007
N26115 G1 X1.4817 Y0.7698
N26120 G3 X1.4546 Y0.7589 I-0.0067 J-0.0226
N26125 X1.4632 Y0.7267 Z-0.1575 I0.0205 J-0.0118
N26130 G1 X1.4823 Y0.7166
N26135 X1.5028 Y0.7057
N26140 X1.5108 Y0.7025
N26145 X1.5583 Y0.6864
N26150 X1.5637 Y0.6849
N26155 X1.59 Y0.6791
N26160 X1.6138 Y0.6752
N26165 X1.6217 Y0.6741
N26170 X1.6376 Y0.6721
N26175 X1.6455 Y0.6712
N26180 X1.6613 Y0.6711
N26185 X1.693
N26190 X1.701 Y0.6712
N26195 X1.7089 Y0.6721
N26200 X1.7247 Y0.6741
N26205 X1.7327 Y0.6752
N26210 X1.7564 Y0.6791
N26215 X1.7827 Y0.6849
N26220 X1.7881 Y0.6864
N26225 X1.8357 Y0.7025
N26230 X1.8436 Y0.7057
N26235 X1.8674 Y0.7183
N26240 X1.8882 Y0.7293
N26245 G3 X1.8992 Y0.7559 I-0.0118 J0.0205
N26250 G1 X1.8982 Y0.7595 Z-0.1572
N26255 X1.8973 Y0.7629 Z-0.1563
N26260 X1.8964 Y0.7663 Z-0.1549
N26265 X1.8956 Y0.7693 Z-0.153
N26270 X1.8949 Y0.772 Z-0.1506
N26275 X1.8942 Y0.7744 Z-0.1477
N26280 X1.8937 Y0.7762 Z-0.1446
N26285 X1.8934 Y0.7776 Z-0.1412
N26290 X1.8932 Y0.7784 Z-0.1376
N26295 X1.8931 Y0.7787 Z-0.1339
N26300 Z0.1969
N26305 X0.5225 Y-0.0917
N26310 Z-0.1102
N26315 Z-0.1339
N26320 X0.5223 Y-0.0915 Z-0.1376
N26325 X0.5215 Y-0.0911 Z-0.1412
N26330 X0.5203 Y-0.0903 Z-0.1446
N26335 X0.5186 Y-0.0893 Z-0.1477
N26340 X0.5166 Y-0.0881 Z-0.1506
N26345 X0.5141 Y-0.0867 Z-0.153
N26350 X0.5114 Y-0.0851 Z-0.1549
N26355 X0.5085 Y-0.0833 Z-0.1563
N26360 X0.5054 Y-0.0815 Z-0.1572
N26365 X0.5022 Y-0.0796 Z-0.1575
N26370 G3 X0.4725 Y-0.0709 I-0.0318 J-0.0536
N26375 G1 X0.4646
N26380 X0.4567 Y-0.0708
N26385 X0.4408 Y-0.0704
N26390 X0.4329 Y-0.07
N26395 X0.3854 Y-0.0646
N26400 X0.3774 Y-0.0636
N26405 X0.3616 Y-0.0613
N26410 X0.3537 Y-0.0593
N26415 X0.3378 Y-0.0545
N26420 X0.3287 Y-0.0515
N26425 X0.322 Y-0.0491
N26430 X0.3047 Y-0.044
N26435 X0.2891 Y-0.0402
N26440 X0.2682 Y-0.0362
N26445 X0.2337 Y-0.0313
N26450 X0.199 Y-0.0277
N26455 X0.1658 Y-0.0171
N26460 X0.1356 Y0.0006
N26465 X0.1097 Y0.0239
N26470 X0.0883 Y0.0514
N26475 X0.0712 Y0.0819
N26480 X0.058 Y0.1142
N26485 X0.0481 Y0.1476
N26490 X0.0409 Y0.1817
N26495 X0.0356 Y0.2162
N26500 X0.0319 Y0.2509
N26505 X0.0293 Y0.2857
N26510 X0.0275 Y0.3205
N26515 X0.0262 Y0.3554
N26520 X0.0254 Y0.3903
N26525 X0.0248 Y0.4252
N26530 X0.0244 Y0.4601
N26535 X0.0242 Y0.4949
N26540 X0.024 Y0.5298
N26545 X0.0238 Y0.5996
N26550 X0.0237 Y0.7043
N26555 X0.0236 Y1.0531
N26560 Y1.7509
N26565 Y1.8904
N26570 X0.0249 Y1.9253
N26575 X0.0331 Y1.9592
N26580 X0.0485 Y1.9905
N26585 X0.07 Y2.0179
N26590 X0.0962 Y2.041
N26595 X0.1257 Y2.0597
N26600 X0.126 Y2.0598
N26605 X0.1353 Y2.0648
N26610 X0.1438 Y2.0708
N26615 X0.1516 Y2.0779
N26620 X0.1555 Y2.0819
N26625 X0.1838 Y2.1101
N26630 X0.1872 Y2.1133
N26635 X0.1952 Y2.1201
N26640 X0.2031 Y2.1259
N26645 X0.211 Y2.1312
N26650 X0.2586 Y2.1611
N26655 X0.2621 Y2.1631
N26660 G3 X0.2724 Y2.1899 I-0.0123 J0.0202
N26665 G1 X0.2714 Y2.1934 Z-0.1572
N26670 X0.2704 Y2.1969 Z-0.1563
N26675 X0.2694 Y2.2002 Z-0.1549
N26680 X0.2685 Y2.2032 Z-0.153
N26685 X0.2677 Y2.2059 Z-0.1506
N26690 X0.2671 Y2.2082 Z-0.1477
N26695 X0.2665 Y2.2101 Z-0.1446
N26700 X0.2661 Y2.2114 Z-0.1412
N26705 X0.2659 Y2.2123 Z-0.1376
N26710 X0.2658 Y2.2125 Z-0.1339
N26715 Z0.1969
N26720 X0.3623 Y-0.0852
N26725 Z-0.1102
N26730 Z-0.1339
N26735 X0.3621 Y-0.085 Z-0.1376
N26740 X0.3615 Y-0.0843 Z-0.1412
N26745 X0.3606 Y-0.0832 Z-0.1446
N26750 X0.3594 Y-0.0818 Z-0.1477
N26755 X0.3578 Y-0.0799 Z-0.1506
N26760 X0.356 Y-0.0778 Z-0.153
N26765 X0.354 Y-0.0753 Z-0.1549
N26770 X0.3518 Y-0.0727 Z-0.1563
N26775 X0.3495 Y-0.0699 Z-0.1572
N26780 X0.3471 Y-0.0671 Z-0.1575
N26785 G3 X0.322 Y-0.0491 I-0.0477 J-0.04
N26790 G1 X0.2836 Y-0.0356
N26795 X0.2744 Y-0.0318
N26800 X0.2664 Y-0.0277
N26805 X0.2586 Y-0.0233
N26810 X0.211 Y0.0066
N26815 X0.2031 Y0.0119
N26820 X0.1952 Y0.0177
N26825 X0.1872 Y0.0245
N26830 X0.1838 Y0.0277
N26835 X0.1555 Y0.0559
N26840 X0.1366 Y0.0752
N26845 X0.1339 Y0.078
N26850 X0.1317 Y0.0808
N26855 X0.1159 Y0.104
N26860 X0.1141 Y0.1069
N26865 X0.0991 Y0.1306
N26870 X0.0847 Y0.1544
N26875 X0.0749 Y0.1782
N26880 X0.072 Y0.1861
N26885 X0.0582 Y0.2257
N26890 X0.0556 Y0.2336
N26895 X0.0533 Y0.2415
N26900 X0.0525 Y0.2449
N26905 X0.0516 Y0.2494
N26910 X0.0503 Y0.2573
N26915 X0.0475 Y0.2811
N26920 X0.0449 Y0.3048
N26925 X0.0426 Y0.3286
N26930 X0.0424 Y0.3365
N26935 X0.0423 Y0.3603
N26940 Y1.7855
N26945 X0.0424 Y1.8013
N26950 X0.0426 Y1.8092
N26955 X0.0449 Y1.833
N26960 X0.0475 Y1.8567
N26965 X0.0503 Y1.8805
N26970 X0.0516 Y1.8884
N26975 X0.0525 Y1.8929
N26980 X0.0533 Y1.8963
N26985 X0.0556 Y1.9042
N26990 X0.0582 Y1.9121
N26995 X0.072 Y1.9517
N27000 X0.0749 Y1.9596
N27005 X0.0847 Y1.9834
N27010 X0.0991 Y2.0071
N27015 X0.1141 Y2.0309
N27020 X0.1159 Y2.0338
N27025 X0.1317 Y2.0569
N27030 X0.1339 Y2.0598
N27035 X0.1366 Y2.0626
N27040 X0.1516 Y2.0779
N27045 G3 X0.1541 Y2.1065 I-0.0174 J0.0159
N27050 G1 X0.1521 Y2.1096 Z-0.1572
N27055 X0.1501 Y2.1127 Z-0.1563
N27060 X0.1483 Y2.1156 Z-0.1549
N27065 X0.1466 Y2.1182 Z-0.153
N27070 X0.1451 Y2.1206 Z-0.1506
N27075 X0.1438 Y2.1226 Z-0.1477
N27080 X0.1427 Y2.1243 Z-0.1446
N27085 X0.142 Y2.1254 Z-0.1412
N27090 X0.1415 Y2.1262 Z-0.1376
N27095 X0.1413 Y2.1264 Z-0.1339
N27100 Z0.1969
N27105 X2.8321 Y2.23
N27110 Z-0.1102
N27115 Z-0.1339
N27120 X2.8324 Y2.2298 Z-0.1376
N27125 X2.8331 Y2.2294 Z-0.1412
N27130 X2.8343 Y2.2287 Z-0.1446
N27135 X2.836 Y2.2277 Z-0.1477
N27140 X2.838 Y2.2264 Z-0.1506
N27145 X2.8404 Y2.2249 Z-0.153
N27150 X2.8431 Y2.2233 Z-0.1549
N27155 X2.846 Y2.2215 Z-0.1563
N27160 X2.8491 Y2.2196 Z-0.1572
N27165 X2.8523 Y2.2177 Z-0.1575
N27170 G3 X2.8818 Y2.2087 I0.0324 J0.0532
N27175 G1 X2.8898 Y2.2086
N27180 X2.9056 Y2.2082
N27185 X2.9135 Y2.2078
N27190 X2.9611 Y2.2024
N27195 X2.969 Y2.2014
N27200 X2.9849 Y2.1991
N27205 X2.9928 Y2.1971
N27210 X3.0086 Y2.1923
N27215 X3.0177 Y2.1893
N27220 X3.0245 Y2.1869
N27225 X3.0422 Y2.1817
N27230 X3.0577 Y2.1779
N27235 X3.0784 Y2.174
N27240 X3.1079 Y2.1698
N27245 X3.1426 Y2.1666
N27250 X3.1775 Y2.1646
N27255 X3.2121 Y2.1605
N27260 X3.2447 Y2.148
N27265 X3.2734 Y2.1282
N27270 X3.2975 Y2.103
N27275 X3.3169 Y2.074
N27280 X3.3319 Y2.0425
N27285 X3.3431 Y2.0095
N27290 X3.3514 Y1.9756
N27295 X3.3573 Y1.9412
N27300 X3.3614 Y1.9065
N27305 X3.3642 Y1.8718
N27310 X3.3662 Y1.8369
N27315 X3.3675 Y1.8021
N27320 X3.3684 Y1.7672
N27325 X3.3689 Y1.7323
N27330 X3.3693 Y1.6974
N27335 X3.3696 Y1.6625
N27340 X3.3698 Y1.6277
N27345 X3.3699 Y1.5579
N27350 X3.37 Y1.4532
N27355 X3.3701 Y0.9997
N27360 Y0.4415
N27365 Y0.1624
N27370 X3.3651 Y0.1279
N27375 X3.3514 Y0.0958
N27380 X3.3306 Y0.0678
N27385 X3.3046 Y0.0445
N27390 X3.2751 Y0.026
N27395 X3.2432 Y0.0118
N27400 X3.21 Y0.0012
N27405 X3.1759 Y-0.0065
N27410 X3.1415 Y-0.0119
N27415 X3.1177 Y-0.0145
N27420 X3.1062 Y-0.0165
N27425 X3.0951 Y-0.0201
N27430 X3.0846 Y-0.0251
N27435 X3.08 Y-0.0277
N27440 X3.0721 Y-0.0318
N27445 X3.0629 Y-0.0356
N27450 X3.0166 Y-0.0519
N27455 X3.0086 Y-0.0545
N27460 X2.9925 Y-0.0594
N27465 X2.9849 Y-0.0613
N27470 X2.969 Y-0.0636
N27475 X2.9611 Y-0.0646
N27480 X2.9135 Y-0.07
N27485 X2.9056 Y-0.0704
N27490 X2.8908 Y-0.0708
N27495 G3 X2.8691 Y-0.0896 I0.0014 J-0.0236
N27500 G1 X2.8684 Y-0.0932 Z-0.1572
N27505 X2.8677 Y-0.0968 Z-0.1563
N27510 X2.867 Y-0.1001 Z-0.1549
N27515 X2.8663 Y-0.1032 Z-0.153
N27520 X2.8658 Y-0.106 Z-0.1506
N27525 X2.8653 Y-0.1083 Z-0.1477
N27530 X2.8649 Y-0.1102 Z-0.1446
N27535 X2.8646 Y-0.1116 Z-0.1412
N27540 X2.8644 Y-0.1125 Z-0.1376
N27545 Y-0.1128 Z-0.1339
N27550 Z0.1969
N27555 X2.9842 Y2.223
N27560 Z-0.1102
N27565 Z-0.1339
N27570 X2.9844 Y2.2228 Z-0.1376
N27575 X2.9849 Y2.2221 Z-0.1412
N27580 X2.9858 Y2.221 Z-0.1446
N27585 X2.9871 Y2.2196 Z-0.1477
N27590 X2.9886 Y2.2177 Z-0.1506
N27595 X2.9905 Y2.2156 Z-0.153
N27600 X2.9925 Y2.2131 Z-0.1549
N27605 X2.9947 Y2.2105 Z-0.1563
N27610 X2.997 Y2.2077 Z-0.1572
N27615 X2.9994 Y2.2049 Z-0.1575
N27620 G3 X3.0245 Y2.1869 I0.0477 J0.04
N27625 G1 X3.0629 Y2.1734
N27630 X3.0721 Y2.1696
N27635 X3.08 Y2.1655
N27640 X3.0879 Y2.1611
N27645 X3.0935 Y2.1576
N27650 X3.1013 Y2.1532
N27655 X3.108 Y2.1498
N27660 X3.1188 Y2.1451
N27665 X3.1514 Y2.1326
N27670 X3.1829 Y2.1175
N27675 X3.2113 Y2.0973
N27680 X3.236 Y2.0727
N27685 X3.2567 Y2.0446
N27690 X3.2734 Y2.0139
N27695 X3.2865 Y1.9816
N27700 X3.2966 Y1.9482
N27705 X3.3041 Y1.9141
N27710 X3.3096 Y1.8797
N27715 X3.3136 Y1.845
N27720 X3.3164 Y1.8103
N27725 X3.3184 Y1.7754
N27730 X3.3198 Y1.7406
N27735 X3.3208 Y1.7057
N27740 X3.3214 Y1.6708
N27745 X3.3219 Y1.6359
N27750 X3.3222 Y1.601
N27755 X3.3224 Y1.5662
N27760 X3.3225 Y1.5313
N27765 X3.3227 Y1.4615
N27770 X3.3228 Y1.3568
N27775 Y0.9033
N27780 Y0.2754
N27785 Y0.2405
N27790 X3.3204 Y0.2057
N27795 X3.3107 Y0.1722
N27800 X3.2939 Y0.1415
N27805 X3.2714 Y0.1149
N27810 X3.2444 Y0.0928
N27815 X3.2145 Y0.0749
N27820 X3.2069 Y0.07
N27825 X3.1997 Y0.0643
N27830 X3.1931 Y0.0581
N27835 X3.1909 Y0.0559
N27840 X3.1627 Y0.0277
N27845 X3.1592 Y0.0245
N27850 X3.1513 Y0.0177
N27855 X3.1433 Y0.0119
N27860 X3.1355 Y0.0066
N27865 X3.0879 Y-0.0233
N27870 X3.0846 Y-0.0251
N27875 G3 X3.0743 Y-0.052 I0.0123 J-0.0202
N27880 G1 X3.0753 Y-0.0555 Z-0.1572
N27885 X3.0763 Y-0.059 Z-0.1563
N27890 X3.0773 Y-0.0622 Z-0.1549
N27895 X3.0782 Y-0.0653 Z-0.153
N27900 X3.079 Y-0.068 Z-0.1506
N27905 X3.0796 Y-0.0703 Z-0.1477
N27910 X3.0802 Y-0.0721 Z-0.1446
N27915 X3.0806 Y-0.0735 Z-0.1412
N27920 X3.0808 Y-0.0743 Z-0.1376
N27925 X3.0809 Y-0.0746 Z-0.1339
N27930 Z0.1969
N27935 X3.0622 Y2.2018
N27940 Z-0.1102
N27945 Z-0.1339
N27950 X3.0624 Y2.2015 Z-0.1376
N27955 X3.0628 Y2.2007 Z-0.1412
N27960 X3.0634 Y2.1995 Z-0.1446
N27965 X3.0643 Y2.1978 Z-0.1477
N27970 X3.0654 Y2.1956 Z-0.1506
N27975 X3.0667 Y2.1931 Z-0.153
N27980 X3.0681 Y2.1903 Z-0.1549
N27985 X3.0697 Y2.1872 Z-0.1563
N27990 X3.0713 Y2.184 Z-0.1572
N27995 X3.073 Y2.1807 Z-0.1575
N28000 G3 X3.0935 Y2.1576 I0.0555 J0.0284
N28005 G1 X3.1355 Y2.1312
N28010 X3.1434 Y2.1259
N28015 X3.1513 Y2.1201
N28020 X3.1592 Y2.1133
N28025 X3.1627 Y2.1101
N28030 X3.1909 Y2.0819
N28035 X3.2098 Y2.0626
N28040 X3.2125 Y2.0598
N28045 X3.2147 Y2.0569
N28050 X3.2306 Y2.0338
N28055 X3.2324 Y2.0309
N28060 X3.2473 Y2.0071
N28065 X3.2618 Y1.9834
N28070 X3.2716 Y1.9596
N28075 X3.2744 Y1.9517
N28080 X3.2883 Y1.9121
N28085 X3.2909 Y1.9042
N28090 X3.2932 Y1.8963
N28095 X3.294 Y1.8929
N28100 X3.2949 Y1.8884
N28105 X3.2961 Y1.8805
N28110 X3.2989 Y1.8567
N28115 X3.3016 Y1.833
N28120 X3.3039 Y1.8092
N28125 X3.3041 Y1.8013
N28130 Y1.7775
N28135 Y0.3523
N28140 Y0.3365
N28145 X3.3039 Y0.3286
N28150 X3.3016 Y0.3048
N28155 X3.2989 Y0.2811
N28160 X3.2961 Y0.2573
N28165 X3.2949 Y0.2494
N28170 X3.294 Y0.2449
N28175 X3.2932 Y0.2415
N28180 X3.2909 Y0.2336
N28185 X3.2883 Y0.2257
N28190 X3.2744 Y0.1861
N28195 X3.2716 Y0.1782
N28200 X3.2618 Y0.1544
N28205 X3.2473 Y0.1306
N28210 X3.2324 Y0.1069
N28215 X3.2306 Y0.104
N28220 X3.2147 Y0.0808
N28225 X3.2125 Y0.078
N28230 X3.2098 Y0.0752
N28235 X3.1931 Y0.0581
N28240 X3.1908 Y0.0553
N28245 X3.1891 Y0.0521
N28250 X3.1883 Y0.0493 Z-0.1573
N28255 X3.1876 Y0.0465 Z-0.1568
N28260 X3.187 Y0.0438 Z-0.1559
N28265 X3.1869 Y0.0422 Z-0.1552
N28270 X3.1875 Y0.0391 Z-0.1533
N28275 X3.188 Y0.0362 Z-0.151
N28280 X3.1884 Y0.0338 Z-0.1482
N28285 X3.1894 Y0.0319 Z-0.145
N28290 X3.1901 Y0.0306 Z-0.1414
N28295 X3.1905 Y0.0298 Z-0.1377
N28300 X3.1906 Y0.0295 Z-0.1339
N28305 Z0.1969
N28310 X-0.0185 Y-0.2489
N28315 Z-0.1339
N28320 Z-0.1575
N28325 Z-0.2362
N28330 G3 X0. Y-0.1203 I-0.5842 J0.1496
N28335 G1 Y-0.1147
N28340 X-0.0209 Y-0.0868
N28345 X-0.0366 Y-0.0556
N28350 X-0.0478 Y-0.0226
N28355 X-0.0557 Y0.0114
N28360 X-0.061 Y0.0459
N28365 X-0.0645 Y0.0806
N28370 X-0.0668 Y0.1154
N28375 X-0.0683 Y0.1503
N28380 X-0.0692 Y0.1851
N28385 X-0.0698 Y0.22
N28390 X-0.0702 Y0.2549
N28395 X-0.0704 Y0.2898
N28400 X-0.0706 Y0.3247
N28405 X-0.0708 Y0.3944
N28410 Y0.534
N28415 X-0.0709 Y1.8597
N28420 Y2.069
N28425 X-0.0604 Y2.1023
N28430 X-0.04 Y2.1306
N28435 X-0.0135 Y2.1532
N28440 X0.0169 Y2.1703
N28445 X0.0495 Y2.1828
N28450 X0.0833 Y2.1915
N28455 X0.1177 Y2.1974
N28460 X0.1524 Y2.2014
N28465 X0.1871 Y2.204
N28470 X0.222 Y2.2057
N28475 X0.2569 Y2.2068
N28480 X0.2917 Y2.2075
N28485 X0.3266 Y2.2079
N28490 X0.3615 Y2.2082
N28495 X0.3964 Y2.2084
N28500 X0.4549 Y2.2085
N28505 X0.4556
N28510 X0.4646 Y2.2087
N28515 X1.17
N28520 X1.2048 Y2.2104
N28525 X1.2397 Y2.2098
N28530 X1.2746 Y2.2094
N28535 X1.3095 Y2.2091
N28540 X1.3443 Y2.2089
N28545 X1.4141 Y2.2088
N28550 X1.5188 Y2.2087
N28555 X2.4607
N28560 X3.1585
N28565 X3.2631
N28570 X3.2804 Y2.2062
N28575 X3.3133 Y2.1947
N28580 X3.3413 Y2.1738
N28585 X3.3634 Y2.1469
N28590 X3.3801 Y2.1162
N28595 X3.3922 Y2.0835
N28600 X3.4007 Y2.0497
N28605 X3.4065 Y2.0153
N28610 X3.4103 Y1.9806
N28615 X3.4128 Y1.9458
N28620 X3.4145 Y1.9109
N28625 X3.4155 Y1.8761
N28630 X3.4162 Y1.8412
N28635 X3.4166 Y1.8063
N28640 X3.4169 Y1.7714
N28645 X3.417 Y1.7365
N28650 X3.4171 Y1.7017
N28655 X3.4172 Y1.6319
N28660 X3.4173 Y1.4574
N28665 Y0.4108
N28670 Y0.0794
N28675 X3.4107 Y0.0452
N28680 X3.393 Y0.0151
N28685 X3.368 Y-0.0092
N28690 X3.3385 Y-0.0279
N28695 X3.3064 Y-0.0416
N28700 X3.2729 Y-0.0514
N28705 X3.2387 Y-0.0581
N28710 X3.2041 Y-0.0626
N28715 X3.1694 Y-0.0656
N28720 X3.1345 Y-0.0675
N28725 X3.0997 Y-0.0687
N28730 X3.0648 Y-0.0695
N28735 X3.0299 Y-0.07
N28740 X2.995 Y-0.0703
N28745 X2.9601 Y-0.0705
N28750 X2.9252 Y-0.0706
N28755 X2.8915 Y-0.0707
N28760 X2.8908 Y-0.0708
N28765 X2.8818 Y-0.0709
N28770 X0.4725
N28775 X0.4377 Y-0.0726
N28780 X0.4028 Y-0.072
N28785 X0.3679 Y-0.0716
N28790 X0.333 Y-0.0713
N28795 X0.2982 Y-0.0711
N28800 X0.2284 Y-0.071
N28805 X0.1586 Y-0.0709
N28810 X0.1238 Y-0.0692
N28815 X0.0912 Y-0.0567
N28820 X0.0631 Y-0.036
N28825 X0.0401 Y-0.0098
N28830 X0.0221 Y0.0201
N28835 X0.0085 Y0.0522
N28840 X-0.0014 Y0.0857
N28845 X-0.0085 Y0.1198
N28850 X-0.0134 Y0.1544
N28855 X-0.0168 Y0.1891
N28860 X-0.0191 Y0.2239
N28865 X-0.0207 Y0.2587
N28870 X-0.0217 Y0.2936
N28875 X-0.0223 Y0.3285
N28880 X-0.0228 Y0.3634
N28885 X-0.0231 Y0.3983
N28890 X-0.0233 Y0.4332
N28895 X-0.0234 Y0.468
N28900 X-0.0235 Y0.5378
N28905 X-0.0236 Y0.6774
N28910 Y1.5146
N28915 Y1.9682
N28920 X-0.0206 Y2.0029
N28925 X-0.0087 Y2.0357
N28930 X0.0108 Y2.0646
N28935 X0.0359 Y2.0889
N28940 X0.0649 Y2.1083
N28945 X0.0963 Y2.1234
N28950 X0.1294 Y2.1346
N28955 X0.1633 Y2.1429
N28960 X0.1977 Y2.1487
N28965 X0.2298 Y2.1525
N28970 X0.241 Y2.1546
N28975 X0.2518 Y2.1581
N28980 X0.2621 Y2.1631
N28985 X0.2665 Y2.1655
N28990 X0.2744 Y2.1696
N28995 X0.2836 Y2.1734
N29000 X0.3299 Y2.1897
N29005 X0.3378 Y2.1923
N29010 X0.3539 Y2.1972
N29015 X0.3616 Y2.1991
N29020 X0.3774 Y2.2014
N29025 X0.3854 Y2.2024
N29030 X0.4329 Y2.2078
N29035 X0.4408 Y2.2082
N29040 X0.4556 Y2.2085
N29045 G3 X0.4692 Y2.2139 Z-0.2331 I-0.0014 J0.0236
N29050 G2 X0.4866 Y2.2277 Z-0.2283 I0.3434 J-0.417
N29055 X0.5888 Y2.2886 I0.3259 J-0.4308
N29060 X0.5986 Y2.2907 I0.0098 J-0.0215
N29065 G1 X1.0264 Y2.2908
N29070 G2 X1.0361 Y2.2887 I0. J-0.0236
N29075 X1.1388 Y2.2274 I-0.2236 J-0.4917
N29080 X1.1558 Y2.214 Z-0.2329 I-0.3262 J-0.4305
N29085 G3 X1.17 Y2.2087 Z-0.2362 I0.015 J0.0182
N29090 G1 X1.1937
N29095 X1.2017 Y2.2084
N29100 X1.2175 Y2.2075
N29105 X1.2254 Y2.2064
N29110 X1.2413 Y2.2039
N29115 X1.2492 Y2.2025
N29120 X1.2651 Y2.1995
N29125 X1.273 Y2.1978
N29130 X1.2809 Y2.1952
N29135 X1.2888 Y2.192
N29140 X1.2908 Y2.1912
N29145 X1.3004 Y2.1875
N29150 X1.3109 Y2.1841
N29155 X1.3243 Y2.1804
N29160 X1.3417 Y2.1765
N29165 X1.3654 Y2.1724
N29170 X1.4001 Y2.1682
N29175 X1.4349 Y2.1656
N29180 X1.4697 Y2.1641
N29185 X1.5046 Y2.1631
N29190 X1.5395 Y2.1625
N29195 X1.5743 Y2.1621
N29200 X1.6092 Y2.1618
N29205 X1.6441 Y2.1617
N29210 X1.7139 Y2.1615
N29215 X1.8534 Y2.1614
N29220 X1.9768
N29225 X1.9915 Y2.1627
N29230 X2.0058 Y2.1664
N29235 X2.0192 Y2.1725
N29240 X2.0259 Y2.1763
N29245 X2.0357 Y2.1813
N29250 X2.0513 Y2.1893
N29255 X2.0576 Y2.192
N29260 X2.0655 Y2.1952
N29265 X2.0735 Y2.1978
N29270 X2.0814 Y2.1995
N29275 X2.0972 Y2.2025
N29280 X2.1052 Y2.2039
N29285 X2.121 Y2.2064
N29290 X2.1289 Y2.2075
N29295 X2.1448 Y2.2084
N29300 G3 X2.1669 Y2.2334 Z-0.2283 I-0.0014 J0.0236
N29305 X2.1432 Y2.2556 I-0.0236 J-0.0014
N29310 G1 X1.2862 Y2.2485
N29315 G3 X1.2644 Y2.2163 I0.0002 J-0.0236
N29320 G1 X1.2656 Y2.2136 Z-0.229
N29325 X1.2671 Y2.2111 Z-0.2296
N29330 G3 X1.2908 Y2.1912 Z-0.2362 I0.0507 J0.0362
N29335 G1 X1.2951 Y2.1893
N29340 X1.3126 Y2.1804
N29345 X1.3206 Y2.1763
N29350 X1.3397 Y2.1655
N29355 X1.3443 Y2.1628
N29360 X1.3454 Y2.162
N29365 X1.3503 Y2.1586
N29370 X1.3558 Y2.1554
N29375 X1.3627 Y2.1519
N29380 X1.3709 Y2.1481
N29385 X1.3805 Y2.1444
N29390 X1.3926 Y2.1402
N29395 X1.407 Y2.1361
N29400 X1.4258 Y2.1317
N29405 X1.4504 Y2.1272
N29410 X1.485 Y2.1226
N29415 X1.5197 Y2.1196
N29420 X1.5546 Y2.1177
N29425 X1.5894 Y2.1165
N29430 X1.6243 Y2.1157
N29435 X1.6592 Y2.1152
N29440 X1.6941 Y2.1148
N29445 X1.729 Y2.1146
N29450 X1.7639 Y2.1144
N29455 X1.8336 Y2.1143
N29460 X1.9034 Y2.1142
N29465 X1.9161 Y2.1144
N29470 X1.9294 Y2.1156
N29475 X1.9424 Y2.1189
N29480 X1.9547 Y2.1241
N29485 X1.966 Y2.1311
N29490 X1.9761 Y2.1398
N29495 X1.9784 Y2.142
N29500 X1.9867 Y2.1497
N29505 X1.9954 Y2.1576
N29510 X2.0021 Y2.1628
N29515 X2.0067 Y2.1655
N29520 X2.0192 Y2.1725
N29525 G3 X2.0271 Y2.205 Z-0.2283 I-0.0123 J0.0202
N29530 X2.0065 Y2.2163 I-0.0202 J-0.0123
N29535 G1 X1.3602 Y2.2036
N29540 G3 X1.3426 Y2.1952 I0.0005 J-0.0236
N29545 X1.3454 Y2.162 Z-0.2362 I0.0181 J-0.0152
N29550 G1 X1.351 Y2.1576
N29555 X1.3602 Y2.1493
N29560 X1.3684 Y2.1418
N29565 X1.376 Y2.1341
N29570 X1.3809 Y2.1297
N29575 X1.3854 Y2.1259
N29580 X1.3904 Y2.1222
N29585 X1.3958 Y2.1186
N29590 X1.4024 Y2.1147
N29595 X1.4105 Y2.1104
N29600 X1.4197 Y2.106
N29605 X1.4302 Y2.1017
N29610 X1.4435 Y2.0969
N29615 X1.4586 Y2.0924
N29620 X1.478 Y2.0875
N29625 X1.5028 Y2.0825
N29630 X1.5362 Y2.0775
N29635 X1.5709 Y2.074
N29640 X1.6057 Y2.0717
N29645 X1.6405 Y2.0702
N29650 X1.6754 Y2.0691
N29655 X1.7103 Y2.0684
N29660 X1.7452 Y2.0679
N29665 X1.78 Y2.0676
N29670 X1.8149 Y2.0674
N29675 X1.8498 Y2.0673
N29680 X1.8702 Y2.0677
N29685 X1.8797 Y2.0684
N29690 X1.8948 Y2.0709
N29695 X1.9092 Y2.0759
N29700 X1.9224 Y2.0834
N29705 X1.9342 Y2.0931
N29710 X1.9441 Y2.1048
N29715 X1.9478 Y2.1101
N29720 X1.9546 Y2.1181
N29725 X1.9736 Y2.1372
N29730 X1.9761 Y2.1398
N29735 G3 X1.975 Y2.1732 Z-0.2283 I-0.0173 J0.0161
N29740 X1.9586 Y2.1795 I-0.0161 J-0.0173
N29745 G1 X1.3932 Y2.1737
N29750 G3 X1.3774 Y2.1675 I0.0002 J-0.0236
N29755 X1.376 Y2.1341 Z-0.2362 I0.016 J-0.0174
N29760 G1 X1.3919 Y2.118
N29765 X1.3986 Y2.1101
N29770 X1.4022 Y2.105
N29775 X1.406 Y2.1001
N29780 X1.4099 Y2.0957
N29785 X1.4141 Y2.0915
N29790 X1.4185 Y2.0876
N29795 X1.4233 Y2.0837
N29800 X1.4289 Y2.0797
N29805 X1.4359 Y2.0751
N29810 X1.4433 Y2.0708
N29815 X1.4524 Y2.0661
N29820 X1.4635 Y2.061
N29825 X1.4754 Y2.0562
N29830 X1.4908 Y2.0509
N29835 X1.5079 Y2.0459
N29840 X1.5299 Y2.0406
N29845 X1.5581 Y2.0352
N29850 X1.5926 Y2.0304
N29855 X1.6273 Y2.0271
N29860 X1.6622 Y2.0248
N29865 X1.697 Y2.0232
N29870 X1.7319 Y2.0221
N29875 X1.7668 Y2.0214
N29880 X1.8016 Y2.0209
N29885 X1.8264 Y2.0214
N29890 X1.8411 Y2.0223
N29895 X1.8552 Y2.0239
N29900 X1.8653 Y2.0256
N29905 X1.8662 Y2.0258
N29910 X1.8809 Y2.0303
N29915 X1.8946 Y2.0374
N29920 X1.9067 Y2.0468
N29925 X1.9171 Y2.0581
N29930 X1.9252 Y2.0711
N29935 X1.933 Y2.0863
N29940 X1.9387 Y2.0966
N29945 X1.9422 Y2.1022
N29950 X1.9441 Y2.1048
N29955 G3 X1.9373 Y2.1375 Z-0.2283 I-0.0197 J0.013
N29960 X1.9244 Y2.1414 I-0.013 J-0.0197
N29965 G1 X1.422 Y2.1416
N29970 G3 X1.409 Y2.1377 I0. J-0.0236
N29975 X1.4022 Y2.105 Z-0.2362 I0.013 J-0.0197
N29980 G1 X1.4042 Y2.1022
N29985 X1.4077 Y2.0966
N29990 X1.4135 Y2.0863
N29995 X1.4187 Y2.076
N30000 X1.4217 Y2.0709
N30005 X1.425 Y2.066
N30010 X1.4286 Y2.0614
N30015 X1.4326 Y2.057
N30020 X1.4368 Y2.0528
N30025 X1.4415 Y2.0485
N30030 X1.4472 Y2.0439
N30035 X1.4534 Y2.0393
N30040 X1.4611 Y2.0342
N30045 X1.4693 Y2.0293
N30050 X1.4796 Y2.0238
N30055 X1.4908 Y2.0185
N30060 X1.5044 Y2.0129
N30065 X1.5202 Y2.0073
N30070 X1.5391 Y2.0015
N30075 X1.5614 Y1.9959
N30080 X1.5901 Y1.9902
N30085 X1.6246 Y1.985
N30090 X1.6593 Y1.9813
N30095 X1.6941 Y1.9787
N30100 X1.7289 Y1.9769
N30105 X1.7638 Y1.9758
N30110 X1.7928 Y1.976
N30115 X1.81 Y1.9769
N30120 X1.8254 Y1.9785
N30125 X1.8363 Y1.9801
N30130 X1.8478 Y1.9825
N30135 X1.8525 Y1.9837
N30140 X1.8656 Y1.9882
N30145 X1.8778 Y1.995
N30150 X1.8887 Y2.0037
N30155 X1.8979 Y2.0141
N30160 X1.9052 Y2.0259
N30165 X1.9104 Y2.0388
N30170 X1.9209 Y2.0626
N30175 X1.9252 Y2.0711
N30180 G3 X1.9138 Y2.1025 Z-0.2283 I-0.0214 J0.01
N30185 X1.9041 Y2.1048 I-0.01 J-0.0214
N30190 G1 X1.4404 Y2.1096
N30195 G3 X1.4301 Y2.1074 I-0.0002 J-0.0236
N30200 X1.4187 Y2.076 Z-0.2362 I0.01 J-0.0214
N30205 G1 X1.4256 Y2.0626
N30210 X1.4345 Y2.0424
N30215 X1.4371 Y2.0371
N30220 X1.4401 Y2.032
N30225 X1.4435 Y2.0272
N30230 X1.4471 Y2.0225
N30235 X1.451 Y2.0181
N30240 X1.4555 Y2.0136
N30245 X1.4606 Y2.0088
N30250 X1.4665 Y2.0039
N30255 X1.4735 Y1.9986
N30260 X1.4812 Y1.9933
N30265 X1.4904 Y1.9876
N30270 X1.5005 Y1.9821
N30275 X1.5131 Y1.9759
N30280 X1.5264 Y1.9702
N30285 X1.5435 Y1.9638
N30290 X1.562 Y1.9579
N30295 X1.585 Y1.9518
N30300 X1.6136 Y1.9456
N30305 X1.648 Y1.94
N30310 X1.6827 Y1.9359
N30315 X1.7175 Y1.9331
N30320 X1.749 Y1.9319
N30325 X1.7732 Y1.9321
N30330 X1.7915 Y1.9332
N30335 X1.8072 Y1.9348
N30340 X1.8185 Y1.9366
N30345 X1.8297 Y1.9389
N30350 X1.8389 Y1.9413
N30355 X1.8472 Y1.9438
N30360 X1.8483 Y1.9442
N30365 X1.8622 Y1.9508
N30370 X1.8747 Y1.9596
N30375 X1.8855 Y1.9705
N30380 X1.8941 Y1.9832
N30385 X1.9004 Y1.9972
N30390 X1.9042 Y2.0121
N30395 X1.9046 Y2.0151
N30400 X1.907 Y2.0272
N30405 X1.908 Y2.0309
N30410 X1.9104 Y2.0388
N30415 G3 X1.8938 Y2.0678 Z-0.2283 I-0.0228 J0.0061
N30420 G1 X1.8909 Y2.0684
N30425 X1.8879 Y2.0686
N30430 X1.4568 Y2.0747
N30435 X1.4537 Y2.0746
N30440 X1.4506 Y2.074
N30445 X1.4477 Y2.0731
N30450 G3 X1.4345 Y2.0424 Z-0.2362 I0.0088 J-0.0219
N30455 G1 X1.436 Y2.0388
N30460 X1.4385 Y2.0309
N30465 X1.4394 Y2.0272
N30470 X1.4411 Y2.0186
N30475 X1.4425 Y2.0129
N30480 X1.4446 Y2.0074
N30485 X1.4471 Y2.002
N30490 X1.45 Y1.9969
N30495 X1.4533 Y1.992
N30500 X1.4568 Y1.9872
N30505 X1.4606 Y1.9826
N30510 X1.4653 Y1.9775
N30515 X1.4703 Y1.9725
N30520 X1.4765 Y1.9669
N30525 X1.4832 Y1.9614
N30530 X1.4913 Y1.9554
N30535 X1.5 Y1.9496
N30540 X1.5106 Y1.9433
N30545 X1.5221 Y1.9371
N30550 X1.5362 Y1.9305
N30555 X1.5515 Y1.9241
N30560 X1.5703 Y1.9174
N30565 X1.5917 Y1.9108
N30570 X1.6164 Y1.9046
N30575 X1.6456 Y1.8987
N30580 X1.6768 Y1.894
N30585 X1.7067 Y1.8909
N30590 X1.7325 Y1.8896
N30595 X1.7544 Y1.8895
N30600 X1.7736 Y1.8903
N30605 X1.7898 Y1.8919
N30610 X1.8021 Y1.8936
N30615 X1.8145 Y1.896
N30620 X1.8236 Y1.8982
N30625 X1.8334 Y1.9011
N30630 X1.8418 Y1.9041
N30635 X1.8489 Y1.9069
N30640 X1.8494 Y1.9072
N30645 X1.8621 Y1.9145
N30650 X1.8735 Y1.9238
N30655 X1.8831 Y1.9349
N30660 X1.8907 Y1.9475
N30665 X1.896 Y1.9612
N30670 X1.899 Y1.9756
N30675 X1.8999 Y1.9834
N30680 X1.9009 Y1.9913
N30685 X1.9042 Y2.0121
N30690 G3 X1.8836 Y2.0384 Z-0.2283 I-0.0234 J0.0029
N30695 G1 X1.8811 Y2.0386
N30700 X1.4649 Y2.046
N30705 X1.4628 Y2.0459
N30710 X1.4607 Y2.0457
N30715 G3 X1.4411 Y2.0186 Z-0.2362 I0.0037 J-0.0233
N30720 G1 X1.4418 Y2.0151
N30725 X1.4456 Y1.9913
N30730 X1.4457 Y1.99
N30735 X1.4468 Y1.9842
N30740 X1.4483 Y1.9785
N30745 X1.4503 Y1.9729
N30750 X1.4528 Y1.9676
N30755 X1.4556 Y1.9624
N30760 X1.4587 Y1.9574
N30765 X1.4621 Y1.9525
N30770 X1.4661 Y1.9474
N30775 X1.4707 Y1.942
N30780 X1.4759 Y1.9364
N30785 X1.4821 Y1.9304
N30790 X1.4888 Y1.9246
N30795 X1.497 Y1.9181
N30800 X1.5057 Y1.9118
N30805 X1.5163 Y1.905
N30810 X1.5277 Y1.8984
N30815 X1.5412 Y1.8915
N30820 X1.5565 Y1.8845
N30825 X1.5736 Y1.8777
N30830 X1.594 Y1.8707
N30835 X1.6157 Y1.8645
N30840 X1.6392 Y1.8589
N30845 X1.664 Y1.8543
N30850 X1.6886 Y1.851
N30855 X1.7122 Y1.8489
N30860 X1.733 Y1.8482
N30865 X1.7523 Y1.8484
N30870 X1.7695 Y1.8494
N30875 X1.785 Y1.8511
N30880 X1.7984 Y1.8532
N30885 X1.8094 Y1.8555
N30890 X1.8203 Y1.8584
N30895 X1.8287 Y1.861
N30900 X1.8378 Y1.8643
N30905 X1.8454 Y1.8675
N30910 X1.8524 Y1.871
N30915 X1.8653 Y1.8795
N30920 X1.8764 Y1.8902
N30925 X1.8854 Y1.9026
N30930 X1.8921 Y1.9165
N30935 X1.8962 Y1.9313
N30940 X1.8977 Y1.9467
N30945 Y1.9596
N30950 X1.898 Y1.9676
N30955 X1.899 Y1.9756
N30960 G3 X1.8774 Y2.0011 Z-0.2283 I-0.0235 J0.002
N30965 G1 X1.8763
N30970 X1.4701 Y2.0157
N30975 X1.4671 Y2.0156
N30980 G3 X1.4457 Y1.99 Z-0.2362 I0.0021 J-0.0235
N30985 G1 X1.4466 Y1.9834
N30990 X1.4484 Y1.9676
N30995 X1.4487 Y1.9596
N31000 X1.4491 Y1.9537
N31005 X1.4502 Y1.948
N31010 X1.4519 Y1.9423
N31015 X1.454 Y1.9368
N31020 X1.4565 Y1.9314
N31025 X1.4593 Y1.9262
N31030 X1.4624 Y1.921
N31035 X1.466 Y1.9158
N31040 X1.4701 Y1.9102
N31045 X1.475 Y1.9044
N31050 X1.4805 Y1.8984
N31055 X1.487 Y1.8919
N31060 X1.494 Y1.8856
N31065 X1.5024 Y1.8787
N31070 X1.5116 Y1.8719
N31075 X1.5222 Y1.8649
N31080 X1.5346 Y1.8575
N31085 X1.5476 Y1.8506
N31090 X1.5628 Y1.8434
N31095 X1.58 Y1.8363
N31100 X1.5978 Y1.8299
N31105 X1.6175 Y1.8239
N31110 X1.6387 Y1.8186
N31115 X1.6603 Y1.8143
N31120 X1.6819 Y1.811
N31125 X1.7031 Y1.8089
N31130 X1.7234 Y1.8078
N31135 X1.7419
N31140 X1.7589 Y1.8086
N31145 X1.7747 Y1.8101
N31150 X1.7892 Y1.8122
N31155 X1.8023 Y1.8147
N31160 X1.8124 Y1.8172
N31165 X1.8233 Y1.8204
N31170 X1.8319 Y1.8234
N31175 X1.8397 Y1.8266
N31180 X1.848 Y1.8305
N31185 X1.8546 Y1.834
N31190 X1.855 Y1.8342
N31195 X1.8672 Y1.8429
N31200 X1.8777 Y1.8535
N31205 X1.8862 Y1.8658
N31210 X1.8925 Y1.8794
N31215 X1.8963 Y1.8939
N31220 X1.8976 Y1.9088
N31225 X1.8977 Y1.9454
N31230 Y1.9467
N31235 G3 X1.8748 Y1.9696 Z-0.2287 I-0.0236 J-0.0007
N31240 G1 X1.8734 Z-0.2283
N31245 X1.4731 Y1.9825
N31250 X1.473
N31255 G3 X1.4487 Y1.9596 Z-0.2362 I-0.0007 J-0.0236
N31260 G1 X1.4488 Y1.9359
N31265 Y1.9296
N31270 X1.4491 Y1.9237
N31275 X1.4499 Y1.9178
N31280 X1.4512 Y1.9121
N31285 X1.453 Y1.9064
N31290 X1.4551 Y1.9009
N31295 X1.4576 Y1.8956
N31300 X1.4603 Y1.8903
N31305 X1.4635 Y1.8849
N31310 X1.4672 Y1.8792
N31315 X1.4717 Y1.8731
N31320 X1.4766 Y1.867
N31325 X1.4824 Y1.8605
N31330 X1.489 Y1.8538
N31335 X1.4963 Y1.847
N31340 X1.5051 Y1.8397
N31345 X1.5143 Y1.8326
N31350 X1.525 Y1.8253
N31355 X1.5372 Y1.8178
N31360 X1.5501 Y1.8107
N31365 X1.5647 Y1.8036
N31370 X1.5809 Y1.7966
N31375 X1.5984 Y1.7901
N31380 X1.6166 Y1.7843
N31385 X1.6358 Y1.7792
N31390 X1.6558 Y1.7749
N31395 X1.6759 Y1.7716
N31400 X1.6959 Y1.7693
N31405 X1.7153 Y1.7681
N31410 X1.7337 Y1.7678
N31415 X1.7507 Y1.7683
N31420 X1.767 Y1.7696
N31425 X1.7819 Y1.7716
N31430 X1.7956 Y1.774
N31435 X1.8081 Y1.7769
N31440 X1.818 Y1.7797
N31445 X1.8285 Y1.7833
N31450 X1.8366 Y1.7864
N31455 X1.8446 Y1.79
N31460 X1.8524 Y1.794
N31465 X1.854 Y1.7949
N31470 X1.8665 Y1.8036
N31475 X1.8772 Y1.8142
N31480 X1.8859 Y1.8266
N31485 X1.8924 Y1.8404
N31490 X1.8963 Y1.855
N31495 X1.8976 Y1.8701
N31500 Y1.9088
N31505 G3 X1.8753 Y1.9316 Z-0.2288 I-0.0236 J-0.0008
N31510 G1 X1.8732 Y1.9317 Z-0.2283
N31515 X1.4736 Y1.9523
N31520 X1.4732 Y1.9524
N31525 G3 X1.4488 Y1.9296 Z-0.2362 I-0.0008 J-0.0236
N31530 G1 Y1.8939
N31535 X1.4491 Y1.888
N31540 X1.4499 Y1.8822
N31545 X1.4512 Y1.8764
N31550 X1.4529 Y1.8707
N31555 X1.4549 Y1.8652
N31560 X1.4573 Y1.8598
N31565 X1.4601 Y1.8543
N31570 X1.4632 Y1.8488
N31575 X1.467 Y1.8428
N31580 X1.4713 Y1.8366
N31585 X1.4763 Y1.8302
N31590 X1.4821 Y1.8233
N31595 X1.4885 Y1.8166
N31600 X1.4959 Y1.8094
N31605 X1.5044 Y1.8021
N31610 X1.5135 Y1.7949
N31615 X1.5241 Y1.7873
N31620 X1.536 Y1.7797
N31625 X1.5484 Y1.7726
N31630 X1.5624 Y1.7654
N31635 X1.5778 Y1.7585
N31640 X1.5944 Y1.7519
N31645 X1.6118 Y1.746
N31650 X1.6298 Y1.7408
N31655 X1.6487 Y1.7364
N31660 X1.668 Y1.7329
N31665 X1.6873 Y1.7303
N31670 X1.7063 Y1.7287
N31675 X1.7247 Y1.7281
N31680 X1.7423 Y1.7283
N31685 X1.7587 Y1.7294
N31690 X1.7744 Y1.7311
N31695 X1.7888 Y1.7334
N31700 X1.8021 Y1.7362
N31705 X1.8129 Y1.7391
N31710 X1.8239 Y1.7425
N31715 X1.8329 Y1.7459
N31720 X1.8408 Y1.7492
N31725 X1.8492 Y1.7534
N31730 X1.8562 Y1.7572
N31735 X1.8681 Y1.7659
N31740 X1.8783 Y1.7765
N31745 X1.8866 Y1.7887
N31750 X1.8927 Y1.8021
N31755 X1.8964 Y1.8164
N31760 X1.8976 Y1.8311
N31765 Y1.8701
N31770 G3 X1.8754 Y1.8929 Z-0.2288 I-0.0236 J-0.0008
N31775 G1 X1.8732 Y1.893 Z-0.2283
N31780 X1.4738 Y1.9167
N31785 X1.4732
N31790 G3 X1.4488 Y1.8939 Z-0.2362 I-0.0008 J-0.0236
N31795 G1 Y1.8567
N31800 X1.4491 Y1.8508
N31805 X1.4499 Y1.845
N31810 X1.4511 Y1.8392
N31815 X1.4528 Y1.8335
N31820 X1.4548 Y1.828
N31825 X1.4571 Y1.8225
N31830 X1.4598 Y1.8169
N31835 X1.4629 Y1.8113
N31840 X1.4667 Y1.8052
N31845 X1.471 Y1.7988
N31850 X1.476 Y1.7923
N31855 X1.4818 Y1.7853
N31860 X1.4882 Y1.7784
N31865 X1.4955 Y1.7712
N31870 X1.504 Y1.7637
N31875 X1.5131 Y1.7563
N31880 X1.5233 Y1.7488
N31885 X1.5349 Y1.7412
N31890 X1.5475 Y1.7338
N31895 X1.5608 Y1.7268
N31900 X1.5756 Y1.7199
N31905 X1.5915 Y1.7134
N31910 X1.6085 Y1.7074
N31915 X1.6264 Y1.7021
N31920 X1.6447 Y1.6976
N31925 X1.6634 Y1.694
N31930 X1.6822 Y1.6912
N31935 X1.7008 Y1.6895
N31940 X1.7191 Y1.6886
N31945 X1.7368 Y1.6887
N31950 X1.7536 Y1.6895
N31955 X1.7697 Y1.6911
N31960 X1.7845 Y1.6933
N31965 X1.7981 Y1.6961
N31970 X1.8106 Y1.6992
N31975 X1.8205 Y1.7022
N31980 X1.8309 Y1.7059
N31985 X1.8388 Y1.7092
N31990 X1.8469 Y1.713
N31995 X1.8546 Y1.7171
N32000 X1.8554 Y1.7176
N32005 X1.8675 Y1.7263
N32010 X1.8779 Y1.7369
N32015 X1.8863 Y1.7492
N32020 X1.8926 Y1.7627
N32025 X1.8964 Y1.7771
N32030 X1.8976 Y1.792
N32035 Y1.8311
N32040 G3 X1.8755 Y1.8538 Z-0.2288 I-0.0236 J-0.0008
N32045 G1 X1.8732 Y1.854 Z-0.2283
N32050 X1.4739 Y1.8795
N32055 X1.4732
N32060 G3 X1.4488 Y1.8567 Z-0.2362 I-0.0008 J-0.0236
N32065 G1 Y1.8187
N32070 X1.4491 Y1.8128
N32075 X1.4499 Y1.807
N32080 X1.4511 Y1.8012
N32085 X1.4527 Y1.7955
N32090 X1.4546 Y1.7899
N32095 X1.4569 Y1.7845
N32100 X1.4596 Y1.7788
N32105 X1.4627 Y1.7731
N32110 X1.4664 Y1.767
N32115 X1.4707 Y1.7605
N32120 X1.4756 Y1.754
N32125 X1.4814 Y1.7469
N32130 X1.4877 Y1.7399
N32135 X1.4949 Y1.7327
N32140 X1.5032 Y1.7252
N32145 X1.5123 Y1.7177
N32150 X1.5223 Y1.7103
N32155 X1.5336 Y1.7027
N32160 X1.5462 Y1.6952
N32165 X1.5593 Y1.6881
N32170 X1.5737 Y1.6813
N32175 X1.5892 Y1.6748
N32180 X1.6058 Y1.6688
N32185 X1.6232 Y1.6634
N32190 X1.6412 Y1.6588
N32195 X1.6596 Y1.6551
N32200 X1.6782 Y1.6522
N32205 X1.6968 Y1.6503
N32210 X1.7151 Y1.6493
N32215 X1.7329 Y1.6492
N32220 X1.7501 Y1.6499
N32225 X1.7663 Y1.6514
N32230 X1.7814 Y1.6535
N32235 X1.7952 Y1.6561
N32240 X1.8081 Y1.6593
N32245 X1.8183 Y1.6622
N32250 X1.829 Y1.666
N32255 X1.8372 Y1.6693
N32260 X1.8453 Y1.673
N32265 X1.8532 Y1.6771
N32270 X1.8548 Y1.678
N32275 X1.867 Y1.6867
N32280 X1.8776 Y1.6974
N32285 X1.8862 Y1.7097
N32290 X1.8925 Y1.7233
N32295 X1.8963 Y1.7378
N32300 X1.8976 Y1.7528
N32305 Y1.792
N32310 G3 X1.8756 Y1.8147 Z-0.2289 I-0.0236 J-0.0008
N32315 G1 X1.8732 Y1.8149 Z-0.2283
N32320 X1.474 Y1.8415
N32325 X1.4732
N32330 G3 X1.4488 Y1.8187 Z-0.2362 I-0.0008 J-0.0236
N32335 G1 Y1.7811
N32340 X1.4491 Y1.7752
N32345 X1.4497 Y1.7693
N32350 X1.4508 Y1.7635
N32355 X1.4524 Y1.7578
N32360 X1.4542 Y1.7522
N32365 X1.4564 Y1.7467
N32370 X1.459 Y1.7411
N32375 X1.4619 Y1.7354
N32380 X1.4655 Y1.7293
N32385 X1.4697 Y1.7229
N32390 X1.4744 Y1.7164
N32395 X1.48 Y1.7093
N32400 X1.4862 Y1.7024
N32405 X1.4932 Y1.6952
N32410 X1.5013 Y1.6876
N32415 X1.51 Y1.6802
N32420 X1.5197 Y1.6728
N32425 X1.5308 Y1.6651
N32430 X1.5429 Y1.6576
N32435 X1.5557 Y1.6505
N32440 X1.5696 Y1.6436
N32445 X1.5848 Y1.637
N32450 X1.601 Y1.6309
N32455 X1.6181 Y1.6254
N32460 X1.6358 Y1.6206
N32465 X1.654 Y1.6166
N32470 X1.6724 Y1.6135
N32475 X1.691 Y1.6113
N32480 X1.7094 Y1.6101
N32485 X1.7273 Y1.6097
N32490 X1.7447 Y1.6102
N32495 X1.761 Y1.6114
N32500 X1.7767 Y1.6134
N32505 X1.791 Y1.6159
N32510 X1.8043 Y1.6189
N32515 X1.8149 Y1.6219
N32520 X1.8259 Y1.6256
N32525 X1.8347 Y1.629
N32530 X1.8427 Y1.6325
N32535 X1.851 Y1.6367
N32540 X1.8537 Y1.6382
N32545 X1.8662 Y1.6468
N32550 X1.8771 Y1.6575
N32555 X1.8858 Y1.67
N32560 X1.8923 Y1.6837
N32565 X1.8963 Y1.6984
N32570 X1.8976 Y1.7136
N32575 Y1.7528
N32580 G3 X1.8757 Y1.7755 Z-0.2289 I-0.0236 J-0.0008
N32585 G1 X1.8732 Y1.7757 Z-0.2283
N32590 X1.4741 Y1.8038
N32595 X1.4732 Y1.8039
N32600 G3 X1.4488 Y1.7811 Z-0.2362 I-0.0008 J-0.0236
N32605 G1 Y1.7415
N32610 X1.4491 Y1.7356
N32615 X1.4498 Y1.7297
N32620 X1.4509 Y1.7239
N32625 X1.4524 Y1.7182
N32630 X1.4543 Y1.7126
N32635 X1.4565 Y1.7072
N32640 X1.4591 Y1.7016
N32645 X1.4622 Y1.6957
N32650 X1.4657 Y1.6897
N32655 X1.47 Y1.6832
N32660 X1.4747 Y1.6766
N32665 X1.4802 Y1.6697
N32670 X1.4867 Y1.6624
N32675 X1.4937 Y1.6553
N32680 X1.5016 Y1.6479
N32685 X1.5107 Y1.6403
N32690 X1.5205 Y1.6328
N32695 X1.5312 Y1.6254
N32700 X1.5433 Y1.6179
N32705 X1.5566 Y1.6106
N32710 X1.5706 Y1.6037
N32715 X1.5854 Y1.5973
N32720 X1.6014 Y1.5913
N32725 X1.6183 Y1.5858
N32730 X1.636 Y1.5811
N32735 X1.6542 Y1.5772
N32740 X1.6726 Y1.5741
N32745 X1.6912 Y1.5719
N32750 X1.7096 Y1.5707
N32755 X1.7277 Y1.5704
N32760 X1.7452 Y1.5709
N32765 X1.7617 Y1.5722
N32770 X1.777 Y1.5741
N32775 X1.7911 Y1.5767
N32780 X1.8045 Y1.5797
N32785 X1.8151 Y1.5827
N32790 X1.8263 Y1.5864
N32795 X1.8348 Y1.5897
N32800 X1.8431 Y1.5934
N32805 X1.8512 Y1.5975
N32810 X1.8538 Y1.599
N32815 X1.8663 Y1.6077
N32820 X1.8771 Y1.6184
N32825 X1.8859 Y1.6308
N32830 X1.8923 Y1.6445
N32835 X1.8963 Y1.6592
N32840 X1.8976 Y1.6743
N32845 Y1.7136
N32850 G3 X1.8757 Y1.7363 Z-0.2289 I-0.0236 J-0.0008
N32855 G1 X1.8732 Y1.7365 Z-0.2283
N32860 X1.4741 Y1.7643
N32865 X1.4732
N32870 G3 X1.4488 Y1.7415 Z-0.2362 I-0.0008 J-0.0236
N32875 G1 Y1.7019
N32880 X1.4491 Y1.696
N32885 X1.4498 Y1.6902
N32890 X1.4509 Y1.6844
N32895 X1.4525 Y1.6787
N32900 X1.4544 Y1.6731
N32905 X1.4566 Y1.6676
N32910 X1.4592 Y1.662
N32915 X1.4623 Y1.656
N32920 X1.4658 Y1.65
N32925 X1.4702 Y1.6435
N32930 X1.4749 Y1.6369
N32935 X1.4805 Y1.63
N32940 X1.487 Y1.6227
N32945 X1.494 Y1.6156
N32950 X1.502 Y1.6081
N32955 X1.5111 Y1.6005
N32960 X1.5209 Y1.593
N32965 X1.5316 Y1.5857
N32970 X1.5437 Y1.5782
N32975 X1.5569 Y1.5709
N32980 X1.571 Y1.5641
N32985 X1.5858 Y1.5577
N32990 X1.6017 Y1.5517
N32995 X1.6186 Y1.5463
N33000 X1.6362 Y1.5416
N33005 X1.6544 Y1.5377
N33010 X1.673 Y1.5347
N33015 X1.6916 Y1.5325
N33020 X1.71 Y1.5313
N33025 X1.728 Y1.531
N33030 X1.7455 Y1.5316
N33035 X1.762 Y1.5329
N33040 X1.7773 Y1.5349
N33045 X1.7914 Y1.5374
N33050 X1.8047 Y1.5405
N33055 X1.8153 Y1.5435
N33060 X1.8265 Y1.5472
N33065 X1.835 Y1.5505
N33070 X1.8433 Y1.5543
N33075 X1.8502 Y1.5578
N33080 X1.8637 Y1.5662
N33085 X1.8753 Y1.577
N33090 X1.8848 Y1.5897
N33095 X1.8919 Y1.6039
N33100 X1.8962 Y1.6192
N33105 X1.8976 Y1.635
N33110 Y1.6743
N33115 G3 X1.8756 Y1.6971 Z-0.2289 I-0.0236 J-0.0008
N33120 G1 X1.8732 Y1.6972 Z-0.2283
N33125 X1.474 Y1.7247
N33130 X1.4732
N33135 G3 X1.4488 Y1.7019 Z-0.2362 I-0.0008 J-0.0236
N33140 G1 Y1.6623
N33145 X1.4491 Y1.6564
N33150 X1.4498 Y1.6506
N33155 X1.451 Y1.6448
N33160 X1.4525 Y1.6391
N33165 X1.4544 Y1.6335
N33170 X1.4566 Y1.628
N33175 X1.4593 Y1.6224
N33180 X1.4624 Y1.6165
N33185 X1.466 Y1.6104
N33190 X1.4703 Y1.6038
N33195 X1.4751 Y1.5972
N33200 X1.4806 Y1.5904
N33205 X1.4871 Y1.5831
N33210 X1.4941 Y1.5759
N33215 X1.5021 Y1.5685
N33220 X1.5113 Y1.5609
N33225 X1.5211 Y1.5534
N33230 X1.5318 Y1.5461
N33235 X1.5439 Y1.5387
N33240 X1.5571 Y1.5314
N33245 X1.5711 Y1.5245
N33250 X1.5859 Y1.5182
N33255 X1.6019 Y1.5122
N33260 X1.6188 Y1.5069
N33265 X1.6365 Y1.5022
N33270 X1.6547 Y1.4983
N33275 X1.6732 Y1.4953
N33280 X1.6918 Y1.4931
N33285 X1.7102 Y1.492
N33290 X1.7282 Y1.4917
N33295 X1.7457 Y1.4922
N33300 X1.7622 Y1.4936
N33305 X1.7775 Y1.4956
N33310 X1.7916 Y1.4981
N33315 X1.8042 Y1.5011
N33320 X1.8163 Y1.5045
N33325 X1.8266 Y1.5079
N33330 X1.8349 Y1.5112
N33335 X1.844 Y1.5153
N33340 X1.8513 Y1.519
N33345 X1.854 Y1.5206
N33350 X1.8665 Y1.5292
N33355 X1.8772 Y1.5399
N33360 X1.886 Y1.5523
N33365 X1.8924 Y1.566
N33370 X1.8963 Y1.5807
N33375 X1.8976 Y1.5958
N33380 Y1.635
N33385 G3 X1.8756 Y1.6578 Z-0.2289 I-0.0236 J-0.0008
N33390 G1 X1.8732 Y1.6579 Z-0.2283
N33395 X1.474 Y1.6851
N33400 X1.4732
N33405 G3 X1.4488 Y1.6623 Z-0.2362 I-0.0008 J-0.0236
N33410 G1 Y1.6227
N33415 X1.4491 Y1.6168
N33420 X1.4498 Y1.611
N33425 X1.451 Y1.6052
N33430 X1.4526 Y1.5995
N33435 X1.4545 Y1.5939
N33440 X1.4567 Y1.5884
N33445 X1.4593 Y1.5828
N33450 X1.4624 Y1.5769
N33455 X1.466 Y1.5708
N33460 X1.4704 Y1.5642
N33465 X1.4752 Y1.5577
N33470 X1.4807 Y1.5508
N33475 X1.4872 Y1.5435
N33480 X1.4943 Y1.5363
N33485 X1.5023 Y1.5289
N33490 X1.5114 Y1.5213
N33495 X1.5213 Y1.5139
N33500 X1.532 Y1.5065
N33505 X1.5441 Y1.4991
N33510 X1.5573 Y1.4919
N33515 X1.5714 Y1.485
N33520 X1.5862 Y1.4787
N33525 X1.6021 Y1.4728
N33530 X1.6191 Y1.4674
N33535 X1.6367 Y1.4627
N33540 X1.6549 Y1.4589
N33545 X1.6735 Y1.4559
N33550 X1.692 Y1.4538
N33555 X1.7104 Y1.4526
N33560 X1.7284 Y1.4523
N33565 X1.7458 Y1.4529
N33570 X1.7625 Y1.4543
N33575 X1.7777 Y1.4563
N33580 X1.7919 Y1.4589
N33585 X1.8052 Y1.462
N33590 X1.8157 Y1.465
N33595 X1.8269 Y1.4687
N33600 X1.8353 Y1.4721
N33605 X1.8436 Y1.4758
N33610 X1.8517 Y1.4799
N33615 X1.8581 Y1.4836
N33620 X1.8588 Y1.484
N33625 X1.8713 Y1.4938
N33630 X1.8818 Y1.5056
N33635 X1.89 Y1.5192
N33640 X1.8956 Y1.534
N33645 X1.8984 Y1.5496
N33650 X1.8983 Y1.5654
N33655 X1.8977 Y1.5717
N33660 X1.8976 Y1.5958
N33665 G3 X1.8756 Y1.6185 Z-0.2289 I-0.0236 J-0.0008
N33670 G1 X1.8732 Y1.6187 Z-0.2283
N33675 X1.474 Y1.6455
N33680 X1.4732
N33685 G3 X1.4488 Y1.6227 Z-0.2362 I-0.0008 J-0.0236
N33690 G1 Y1.5832
N33695 X1.4491 Y1.5773
N33700 X1.4498 Y1.5714
N33705 X1.451 Y1.5656
N33710 X1.4526 Y1.5599
N33715 X1.4545 Y1.5543
N33720 X1.4567 Y1.5489
N33725 X1.4594 Y1.5432
N33730 X1.4625 Y1.5373
N33735 X1.4661 Y1.5312
N33740 X1.4705 Y1.5246
N33745 X1.4753 Y1.5181
N33750 X1.4809 Y1.5112
N33755 X1.4874 Y1.5039
N33760 X1.4944 Y1.4967
N33765 X1.5025 Y1.4893
N33770 X1.5117 Y1.4817
N33775 X1.5215 Y1.4743
N33780 X1.5323 Y1.4669
N33785 X1.5443 Y1.4595
N33790 X1.5576 Y1.4523
N33795 X1.5717 Y1.4455
N33800 X1.5865 Y1.4391
N33805 X1.6025 Y1.4332
N33810 X1.6194 Y1.4279
N33815 X1.6371 Y1.4233
N33820 X1.6553 Y1.4194
N33825 X1.6738 Y1.4164
N33830 X1.6924 Y1.4144
N33835 X1.7108 Y1.4132
N33840 X1.7289 Y1.413
N33845 X1.7463 Y1.4136
N33850 X1.7628 Y1.415
N33855 X1.7781 Y1.417
N33860 X1.7922 Y1.4196
N33865 X1.8056 Y1.4228
N33870 X1.8171 Y1.426
N33875 X1.8268 Y1.4293
N33880 X1.8369 Y1.4333
N33885 X1.8445 Y1.4368
N33890 X1.8522 Y1.4407
N33895 X1.8598 Y1.4451
N33900 X1.8658 Y1.4489
N33905 X1.8666 Y1.4495
N33910 X1.8785 Y1.4598
N33915 X1.8884 Y1.4719
N33920 X1.8959 Y1.4857
N33925 X1.9008 Y1.5006
N33930 X1.9029 Y1.5161
N33935 X1.9022 Y1.5318
N33940 X1.9 Y1.5479
N33945 X1.8983 Y1.5654
N33950 G3 X1.8761 Y1.5859 Z-0.2293 I-0.0234 J-0.0031
N33955 G1 X1.8718 Y1.5861 Z-0.2283
N33960 X1.4736 Y1.6059
N33965 X1.4732
N33970 G3 X1.4488 Y1.5832 Z-0.2362 I-0.0008 J-0.0236
N33975 G1 Y1.5717
N33980 X1.4468 Y1.5515
N33985 X1.4465 Y1.5456
N33990 X1.4468 Y1.5397
N33995 X1.4476 Y1.5338
N34000 X1.4488 Y1.5281
N34005 X1.4504 Y1.5224
N34010 X1.4524 Y1.5168
N34015 X1.4546 Y1.5113
N34020 X1.4573 Y1.5054
N34025 X1.4604 Y1.4995
N34030 X1.4642 Y1.4932
N34035 X1.4686 Y1.4865
N34040 X1.4734 Y1.4799
N34045 X1.4792 Y1.4728
N34050 X1.4857 Y1.4655
N34055 X1.4928 Y1.4582
N34060 X1.501 Y1.4507
N34065 X1.5102 Y1.4429
N34070 X1.52 Y1.4355
N34075 X1.5309 Y1.4281
N34080 X1.5431 Y1.4206
N34085 X1.5564 Y1.4133
N34090 X1.5704 Y1.4065
N34095 X1.5853 Y1.4001
N34100 X1.6014 Y1.3941
N34105 X1.6184 Y1.3887
N34110 X1.6361 Y1.3841
N34115 X1.6544 Y1.3802
N34120 X1.673 Y1.3772
N34125 X1.6916 Y1.375
N34130 X1.71 Y1.3739
N34135 X1.728 Y1.3736
N34140 X1.7455 Y1.3742
N34145 X1.7623 Y1.3756
N34150 X1.7778 Y1.3776
N34155 X1.7921 Y1.3802
N34160 X1.8055 Y1.3833
N34165 X1.8181 Y1.3869
N34170 X1.8288 Y1.3905
N34175 X1.8382 Y1.3942
N34180 X1.8477 Y1.3985
N34185 X1.8549 Y1.4022
N34190 X1.8625 Y1.4065
N34195 X1.8697 Y1.4111
N34200 X1.8753 Y1.4151
N34205 X1.8803 Y1.4191
N34210 X1.8905 Y1.4286
N34215 X1.8988 Y1.4397
N34220 X1.9051 Y1.4521
N34225 X1.9092 Y1.4654
N34230 X1.9109 Y1.4792
N34235 X1.9101 Y1.4931
N34240 X1.907 Y1.5067
N34245 X1.9048 Y1.5162
N34250 X1.9032 Y1.5242
N34255 X1.9022 Y1.5318
N34260 G3 X1.8801 Y1.5513 Z-0.2294 I-0.0233 J-0.004
N34265 G1 X1.8749 Y1.5516 Z-0.2283
N34270 X1.4733 Y1.5719
N34275 X1.4714 Y1.572 Z-0.2288
N34280 G3 X1.4468 Y1.5515 Z-0.2362 I-0.0012 J-0.0236
N34285 G1 X1.4464 Y1.5479
N34290 X1.4443 Y1.5321
N34295 X1.4432 Y1.5242
N34300 X1.443 Y1.5229
N34305 X1.4421 Y1.517
N34310 X1.4418 Y1.5111
N34315 X1.4421 Y1.5052
N34320 X1.4429 Y1.4994
N34325 X1.4441 Y1.4936
N34330 X1.4456 Y1.4879
N34335 X1.4475 Y1.4823
N34340 X1.4497 Y1.4765
N34345 X1.4523 Y1.4708
N34350 X1.4555 Y1.4646
N34355 X1.4592 Y1.458
N34360 X1.4634 Y1.4514
N34365 X1.4684 Y1.4444
N34370 X1.4741 Y1.4371
N34375 X1.4803 Y1.4299
N34380 X1.4876 Y1.4223
N34385 X1.4958 Y1.4145
N34390 X1.5046 Y1.4069
N34395 X1.5145 Y1.3992
N34400 X1.5255 Y1.3915
N34405 X1.5376 Y1.3838
N34410 X1.5504 Y1.3766
N34415 X1.5643 Y1.3695
N34420 X1.5794 Y1.3628
N34425 X1.5955 Y1.3565
N34430 X1.6126 Y1.3509
N34435 X1.6302 Y1.3459
N34440 X1.6484 Y1.3418
N34445 X1.6669 Y1.3385
N34450 X1.6856 Y1.3361
N34455 X1.7043 Y1.3346
N34460 X1.7225 Y1.3341
N34465 X1.7402 Y1.3344
N34470 X1.7573 Y1.3356
N34475 X1.7736 Y1.3375
N34480 X1.789 Y1.3401
N34485 X1.8032 Y1.3432
N34490 X1.8162 Y1.3467
N34495 X1.8286 Y1.3506
N34500 X1.84 Y1.3549
N34505 X1.8497 Y1.3591
N34510 X1.8597 Y1.3641
N34515 X1.8674 Y1.3683
N34520 X1.8748 Y1.3729
N34525 X1.8819 Y1.3778
N34530 X1.8875 Y1.3821
N34535 X1.8934 Y1.3871
N34540 X1.8944 Y1.388
N34545 X1.9045 Y1.3991
N34550 X1.9124 Y1.4118
N34555 X1.9181 Y1.4256
N34560 X1.9213 Y1.4402
N34565 X1.922 Y1.4552
N34570 X1.92 Y1.47
N34575 X1.9156 Y1.4843
N34580 X1.9113 Y1.4949
N34585 X1.909 Y1.5004
N34590 X1.907 Y1.5067
N34595 G3 X1.8859 Y1.5222 Z-0.2303 I-0.0222 J-0.008
N34600 G1 X1.8835 Y1.5223 Z-0.2298
N34605 X1.8766 Y1.5226 Z-0.2283
N34610 X1.4715 Y1.5407
N34615 X1.467 Y1.5409 Z-0.2293
N34620 G3 X1.443 Y1.5229 Z-0.2362 I-0.0011 J-0.0236
N34625 G1 X1.4416 Y1.5162
N34630 X1.4394 Y1.5067
N34635 X1.4374 Y1.5004
N34640 X1.4369 Y1.4991
N34645 X1.435 Y1.4935
N34650 X1.434 Y1.4877
N34655 X1.4337 Y1.4818
N34660 X1.4338 Y1.4759
N34665 X1.4345 Y1.47
N34670 X1.4355 Y1.4642
N34675 X1.4368 Y1.4584
N34680 X1.4385 Y1.4528
N34685 X1.4405 Y1.4471
N34690 X1.443 Y1.4409
N34695 X1.4459 Y1.4346
N34700 X1.4493 Y1.428
N34705 X1.4534 Y1.421
N34710 X1.4581 Y1.4139
N34715 X1.4634 Y1.4066
N34720 X1.4696 Y1.3988
N34725 X1.4765 Y1.3911
N34730 X1.484 Y1.3833
N34735 X1.4927 Y1.3753
N34740 X1.5024 Y1.3671
N34745 X1.5127 Y1.3593
N34750 X1.5241 Y1.3514
N34755 X1.5368 Y1.3436
N34760 X1.5506 Y1.3359
N34765 X1.5654 Y1.3287
N34770 X1.5807 Y1.3221
N34775 X1.5971 Y1.3159
N34780 X1.6145 Y1.3104
N34785 X1.6325 Y1.3055
N34790 X1.6511 Y1.3015
N34795 X1.67 Y1.2984
N34800 X1.689 Y1.2962
N34805 X1.7079 Y1.2949
N34810 X1.7266 Y1.2946
N34815 X1.7448 Y1.2951
N34820 X1.7623 Y1.2965
N34825 X1.779 Y1.2987
N34830 X1.7946 Y1.3015
N34835 X1.8094 Y1.3049
N34840 X1.8233 Y1.3088
N34845 X1.8363 Y1.3131
N34850 X1.8482 Y1.3177
N34855 X1.8592 Y1.3226
N34860 X1.868 Y1.3271
N34865 X1.8772 Y1.3323
N34870 X1.8848 Y1.3372
N34875 X1.8914 Y1.3418
N34880 X1.8984 Y1.3473
N34885 X1.904 Y1.3522
N34890 X1.9092 Y1.3571
N34895 X1.9147 Y1.3628
N34900 X1.915 Y1.3632
N34905 X1.9234 Y1.3747
N34910 X1.9298 Y1.3873
N34915 X1.934 Y1.4009
N34920 X1.936 Y1.4149
N34925 X1.9356 Y1.4291
N34930 X1.9329 Y1.443
N34935 X1.928 Y1.4563
N34940 X1.9223 Y1.4687
N34945 X1.9187 Y1.4767
N34950 X1.9156 Y1.4843
N34955 G3 X1.8949 Y1.4982 Z-0.2306 I-0.0215 J-0.0097
N34960 G1 X1.8909 Y1.4983 Z-0.2298
N34965 X1.8841 Y1.4986 Z-0.2283
N34970 X1.4683 Y1.5128
N34975 X1.4615 Y1.5131 Z-0.2298
N34980 X1.4593 Y1.5132 Z-0.2303
N34985 G3 X1.4369 Y1.4991 Z-0.2362 I-0.0008 J-0.0236
N34990 G1 X1.4342 Y1.4925
N34995 X1.4277 Y1.4767
N35000 X1.4272 Y1.4753
N35005 X1.425 Y1.4698
N35010 X1.4237 Y1.4641
N35015 X1.4229 Y1.4582
N35020 X1.4227 Y1.4523
N35025 X1.4229 Y1.4464
N35030 X1.4235 Y1.4406
N35035 X1.4245 Y1.4347
N35040 X1.4257 Y1.429
N35045 X1.4274 Y1.423
N35050 X1.4293 Y1.417
N35055 X1.4318 Y1.4106
N35060 X1.4348 Y1.4037
N35065 X1.4383 Y1.3969
N35070 X1.4424 Y1.3895
N35075 X1.4472 Y1.3818
N35080 X1.4525 Y1.3742
N35085 X1.4587 Y1.3663
N35090 X1.4658 Y1.358
N35095 X1.4735 Y1.3498
N35100 X1.4821 Y1.3415
N35105 X1.4918 Y1.333
N35110 X1.5026 Y1.3245
N35115 X1.5141 Y1.3162
N35120 X1.5266 Y1.3082
N35125 X1.5402 Y1.3004
N35130 X1.555 Y1.2927
N35135 X1.5709 Y1.2855
N35140 X1.5877 Y1.2789
N35145 X1.6051 Y1.273
N35150 X1.6232 Y1.2678
N35155 X1.6419 Y1.2634
N35160 X1.6611 Y1.2598
N35165 X1.6806 Y1.2572
N35170 X1.7002 Y1.2555
N35175 X1.7196 Y1.2548
N35180 X1.7387 Y1.2551
N35185 X1.757 Y1.2562
N35190 X1.7747 Y1.2581
N35195 X1.7916 Y1.2608
N35200 X1.8077 Y1.2642
N35205 X1.8228 Y1.2682
N35210 X1.837 Y1.2726
N35215 X1.8499 Y1.2774
N35220 X1.8619 Y1.2825
N35225 X1.8731 Y1.2879
N35230 X1.8835 Y1.2936
N35235 X1.8923 Y1.2989
N35240 X1.9003 Y1.3044
N35245 X1.908 Y1.3101
N35250 X1.914 Y1.3152
N35255 X1.9205 Y1.3211
N35260 X1.9258 Y1.3265
N35265 X1.9305 Y1.3317
N35270 X1.9355 Y1.3379
N35275 X1.9395 Y1.3433
N35280 X1.9465 Y1.3562
N35285 X1.9512 Y1.3701
N35290 X1.9535 Y1.3845
N35295 X1.9533 Y1.3992
N35300 X1.9506 Y1.4136
N35305 X1.9455 Y1.4273
N35310 X1.9381 Y1.44
N35315 G3 X1.9212 Y1.4493 Z-0.232 I-0.0188 J-0.0143
N35320 G1 X1.9108 Y1.4501 Z-0.2298
N35325 X1.904 Y1.4507 Z-0.2283
N35330 X1.4591 Y1.4877
N35335 X1.4523 Y1.4883 Z-0.2298
N35340 X1.4503 Y1.4885 Z-0.2302
N35345 G3 X1.4272 Y1.4753 Z-0.2362 I-0.002 J-0.0235
N35350 G1 X1.4236 Y1.4674
N35355 X1.4157 Y1.4504
N35360 X1.4132 Y1.445
N35365 X1.4116 Y1.4393
N35370 X1.4106 Y1.4335
N35375 X1.4101 Y1.4276
N35380 X1.41 Y1.4217
N35385 X1.4104 Y1.4158
N35390 X1.411 Y1.41
N35395 X1.412 Y1.4041
N35400 X1.4133 Y1.3982
N35405 X1.4151 Y1.3918
N35410 X1.4172 Y1.3854
N35415 X1.4198 Y1.3784
N35420 X1.423 Y1.3711
N35425 X1.4267 Y1.3638
N35430 X1.431 Y1.356
N35435 X1.4361 Y1.3479
N35440 X1.4418 Y1.3397
N35445 X1.4483 Y1.3314
N35450 X1.4557 Y1.3226
N35455 X1.464 Y1.3138
N35460 X1.4729 Y1.3052
N35465 X1.4829 Y1.2964
N35470 X1.4942 Y1.2875
N35475 X1.5065 Y1.2786
N35480 X1.5195 Y1.2702
N35485 X1.5336 Y1.2621
N35490 X1.5488 Y1.2543
N35495 X1.5651 Y1.2468
N35500 X1.5824 Y1.24
N35505 X1.6006 Y1.2337
N35510 X1.6195 Y1.2283
N35515 X1.6389 Y1.2237
N35520 X1.6588 Y1.22
N35525 X1.6788 Y1.2172
N35530 X1.699 Y1.2155
N35535 X1.719 Y1.2147
N35540 X1.7386 Y1.215
N35545 X1.7578 Y1.2161
N35550 X1.7764 Y1.2181
N35555 X1.7943 Y1.2209
N35560 X1.8114 Y1.2245
N35565 X1.8277 Y1.2287
N35570 X1.843 Y1.2335
N35575 X1.857 Y1.2387
N35580 X1.8701 Y1.2442
N35585 X1.8821 Y1.25
N35590 X1.8935 Y1.2562
N35595 X1.9037 Y1.2624
N35600 X1.9132 Y1.2689
N35605 X1.9219 Y1.2754
N35610 X1.9288 Y1.2811
N35615 X1.9361 Y1.2877
N35620 X1.9418 Y1.2935
N35625 X1.9469 Y1.2992
N35630 X1.9523 Y1.3058
N35635 X1.9565 Y1.3114
N35640 X1.9603 Y1.3172
N35645 X1.9614 Y1.3191
N35650 X1.968 Y1.3326
N35655 X1.9721 Y1.347
N35660 X1.9736 Y1.3619
N35665 X1.9726 Y1.3768
N35670 X1.969 Y1.3913
N35675 X1.9629 Y1.405
N35680 X1.9546 Y1.4175
N35685 X1.9517 Y1.4212
N35690 X1.9467 Y1.4278
N35695 X1.9381 Y1.44
N35700 G3 X1.9198 Y1.4493 Z-0.2317 I-0.0188 J-0.0143
N35705 G1 X1.9108 Y1.4495 Z-0.2298
N35710 X1.9039 Y1.4497 Z-0.2283
N35715 X1.4491 Y1.4608
N35720 X1.4422 Y1.4609 Z-0.2298
N35725 X1.436 Y1.4611 Z-0.2311
N35730 G3 X1.4157 Y1.4504 Z-0.2362 I-0.0006 J-0.0236
N35735 G1 X1.4152 Y1.4497
N35740 X1.4046 Y1.4347
N35745 X1.4015 Y1.4297
N35750 X1.3991 Y1.4243
N35755 X1.3972 Y1.4187
N35760 X1.3959 Y1.4129
N35765 X1.3951 Y1.4071
N35770 X1.3946 Y1.4012
N35775 Y1.3953
N35780 X1.3949 Y1.3894
N35785 X1.3955 Y1.3835
N35790 X1.3965 Y1.3774
N35795 X1.3977 Y1.3711
N35800 X1.3995 Y1.3644
N35805 X1.4017 Y1.3572
N35810 X1.4043 Y1.35
N35815 X1.4076 Y1.3423
N35820 X1.4114 Y1.3342
N35825 X1.4158 Y1.326
N35830 X1.4209 Y1.3176
N35835 X1.4269 Y1.3087
N35840 X1.4337 Y1.2996
N35845 X1.4411 Y1.2907
N35850 X1.4494 Y1.2815
N35855 X1.4589 Y1.272
N35860 X1.4694 Y1.2625
N35865 X1.4805 Y1.2534
N35870 X1.4928 Y1.2443
N35875 X1.5063 Y1.2353
N35880 X1.521 Y1.2265
N35885 X1.5369 Y1.218
N35890 X1.5536 Y1.21
N35895 X1.571 Y1.2028
N35900 X1.5894 Y1.1962
N35905 X1.6087 Y1.1903
N35910 X1.6287 Y1.1852
N35915 X1.6492 Y1.181
N35920 X1.67 Y1.1779
N35925 X1.691 Y1.1757
N35930 X1.712 Y1.1746
N35935 X1.7328 Y1.1745
N35940 X1.7533 Y1.1754
N35945 X1.7733 Y1.1772
N35950 X1.7926 Y1.18
N35955 X1.811 Y1.1835
N35960 X1.8283 Y1.1877
N35965 X1.8448 Y1.1926
N35970 X1.8605 Y1.1981
N35975 X1.8753 Y1.204
N35980 X1.8892 Y1.2105
N35985 X1.9017 Y1.217
N35990 X1.9133 Y1.2238
N35995 X1.9239 Y1.2308
N36000 X1.9339 Y1.238
N36005 X1.9429 Y1.2452
N36010 X1.9505 Y1.2519
N36015 X1.9574 Y1.2587
N36020 X1.964 Y1.2658
N36025 X1.969 Y1.2718
N36030 X1.9742 Y1.2786
N36035 X1.9787 Y1.2852
N36040 X1.9823 Y1.291
N36045 X1.986 Y1.2977
N36050 X1.9866 Y1.2988
N36055 X1.9918 Y1.3122
N36060 X1.9948 Y1.3264
N36065 X1.9953 Y1.3408
N36070 X1.9935 Y1.3551
N36075 X1.9893 Y1.3689
N36080 X1.9829 Y1.3818
N36085 X1.9744 Y1.3935
N36090 X1.9704 Y1.3981
N36095 X1.9644 Y1.4054
N36100 X1.9553 Y1.4166
N36105 X1.9546 Y1.4175
N36110 G3 X1.9375 Y1.4256 Z-0.2321 I-0.0179 J-0.0154
N36115 G1 X1.9267 Y1.426 Z-0.2298
N36120 X1.9199 Y1.4263 Z-0.2283
N36125 X1.4388 Y1.4435
N36130 X1.4319 Y1.4437 Z-0.2298
N36135 X1.4243 Y1.444 Z-0.2314
N36140 G3 X1.4046 Y1.4347 Z-0.2362 I-0.0008 J-0.0236
N36145 G1 X1.3998 Y1.4278
N36150 X1.3948 Y1.4212
N36155 X1.3919 Y1.4175
N36160 X1.39 Y1.4152
N36165 X1.3866 Y1.4104
N36170 X1.3838 Y1.4052
N36175 X1.3816 Y1.3997
N36180 X1.3799 Y1.3941
N36185 X1.3787 Y1.3883
N36190 X1.3778 Y1.3824
N36195 X1.3774 Y1.3765
N36200 X1.3773 Y1.3706
N36205 X1.3775 Y1.3647
N36210 X1.378 Y1.3586
N36215 X1.3789 Y1.3523
N36220 X1.3801 Y1.3454
N36225 X1.3819 Y1.3382
N36230 X1.384 Y1.3308
N36235 X1.3867 Y1.323
N36240 X1.39 Y1.3147
N36245 X1.3937 Y1.3064
N36250 X1.3982 Y1.2977
N36255 X1.4035 Y1.2885
N36260 X1.4096 Y1.2791
N36265 X1.4162 Y1.2698
N36270 X1.4238 Y1.2602
N36275 X1.4325 Y1.2503
N36280 X1.4422 Y1.2402
N36285 X1.4526 Y1.2305
N36290 X1.4641 Y1.2207
N36295 X1.4769 Y1.2108
N36300 X1.4908 Y1.2011
N36305 X1.5059 Y1.1916
N36310 X1.5217 Y1.1827
N36315 X1.5385 Y1.1744
N36320 X1.5564 Y1.1665
N36325 X1.5754 Y1.1592
N36330 X1.5953 Y1.1527
N36335 X1.616 Y1.1471
N36340 X1.6373 Y1.1423
N36345 X1.659 Y1.1386
N36350 X1.6809 Y1.1359
N36355 X1.703 Y1.1343
N36360 X1.7249 Y1.1337
N36365 X1.7466 Y1.1343
N36370 X1.7678 Y1.1358
N36375 X1.7884 Y1.1383
N36380 X1.8084 Y1.1418
N36385 X1.8276 Y1.146
N36390 X1.8461 Y1.1511
N36395 X1.8633 Y1.1567
N36400 X1.8794 Y1.1629
N36405 X1.8946 Y1.1696
N36410 X1.909 Y1.1767
N36415 X1.9223 Y1.1842
N36420 X1.9345 Y1.1919
N36425 X1.9456 Y1.1995
N36430 X1.9557 Y1.2074
N36435 X1.9651 Y1.2154
N36440 X1.9736 Y1.2234
N36445 X1.9808 Y1.2308
N36450 X1.9871 Y1.238
N36455 X1.9931 Y1.2456
N36460 X1.9977 Y1.2519
N36465 X2.0024 Y1.2592
N36470 X2.0063 Y1.266
N36475 X2.0094 Y1.2721
N36480 X2.0105 Y1.2745
N36485 X2.0153 Y1.2878
N36490 X2.0179 Y1.3016
N36495 X2.0181 Y1.3157
N36500 X2.0161 Y1.3296
N36505 X2.0119 Y1.343
N36510 X2.0056 Y1.3556
N36515 X1.9973 Y1.367
N36520 X1.9744 Y1.3935
N36525 G3 X1.958 Y1.4011 Z-0.2323 I-0.0173 J-0.016
N36530 G1 X1.9463 Y1.4015 Z-0.2298
N36535 X1.9395 Y1.4018 Z-0.2283
N36540 X1.4247 Y1.4227
N36545 X1.4179 Y1.423 Z-0.2298
N36550 X1.4089 Y1.4234 Z-0.2317
N36555 G3 X1.39 Y1.4152 Z-0.2362 I-0.001 J-0.0236
N36560 G1 X1.3821 Y1.4054
N36565 X1.3755 Y1.3975
N36570 X1.3734 Y1.3951
N36575 X1.3698 Y1.3904
N36580 X1.3668 Y1.3853
N36585 X1.3643 Y1.38
N36590 X1.3624 Y1.3744
N36595 X1.3608 Y1.3687
N36600 X1.3597 Y1.3629
N36605 X1.359 Y1.357
N36610 X1.3585 Y1.3512
N36615 X1.3584 Y1.3452
N36620 X1.3586 Y1.339
N36625 X1.3592 Y1.3325
N36630 X1.3601 Y1.3256
N36635 X1.3614 Y1.3182
N36640 X1.3632 Y1.3105
N36645 X1.3654 Y1.3026
N36650 X1.3682 Y1.2942
N36655 X1.3717 Y1.2854
N36660 X1.3757 Y1.2765
N36665 X1.3805 Y1.2671
N36670 X1.386 Y1.2574
N36675 X1.3924 Y1.2474
N36680 X1.3994 Y1.2375
N36685 X1.4075 Y1.2272
N36690 X1.4166 Y1.2167
N36695 X1.4269 Y1.2059
N36700 X1.4379 Y1.1955
N36705 X1.4499 Y1.1851
N36710 X1.4632 Y1.1748
N36715 X1.4777 Y1.1646
N36720 X1.4934 Y1.1546
N36725 X1.5103 Y1.145
N36730 X1.528 Y1.1361
N36735 X1.5466 Y1.1278
N36740 X1.5663 Y1.1202
N36745 X1.5871 Y1.1133
N36750 X1.6086 Y1.1072
N36755 X1.6309 Y1.1022
N36760 X1.6536 Y1.0981
N36765 X1.6767 Y1.0952
N36770 X1.6999 Y1.0934
N36775 X1.723 Y1.0927
N36780 X1.7459 Y1.0932
N36785 X1.7684 Y1.0947
N36790 X1.7905 Y1.0973
N36795 X1.812 Y1.1009
N36800 X1.8326 Y1.1054
N36805 X1.8522 Y1.1107
N36810 X1.8709 Y1.1166
N36815 X1.8884 Y1.1233
N36820 X1.905 Y1.1304
N36825 X1.9206 Y1.1381
N36830 X1.9353 Y1.1463
N36835 X1.949 Y1.1548
N36840 X1.9613 Y1.1632
N36845 X1.9725 Y1.1718
N36850 X1.9827 Y1.1804
N36855 X1.9922 Y1.1892
N36860 X2.0006 Y1.1979
N36865 X2.0075 Y1.2057
N36870 X2.014 Y1.2138
N36875 X2.0196 Y1.2215
N36880 X2.024 Y1.2283
N36885 X2.0286 Y1.2361
N36890 X2.032 Y1.2428
N36895 X2.0327 Y1.2442
N36900 X2.0376 Y1.2577
N36905 X2.0402 Y1.2719
N36910 X2.0405 Y1.2862
N36915 X2.0383 Y1.3004
N36920 X2.0339 Y1.3141
N36925 X2.0273 Y1.3268
N36930 X2.0176 Y1.3421
N36935 X2.0119 Y1.35
N36940 X1.9973 Y1.367
N36945 G3 X1.9811 Y1.3745 Z-0.2323 I-0.0173 J-0.016
N36950 G1 X1.9692 Y1.3751 Z-0.2298
N36955 X1.9624 Y1.3754 Z-0.2283
N36960 X1.4084 Y1.4019
N36965 X1.4015 Y1.4022 Z-0.2298
N36970 X1.3919 Y1.4026 Z-0.2318
N36975 G3 X1.3734 Y1.3951 Z-0.2362 I-0.0011 J-0.0236
N36980 G1 X1.355 Y1.3737
N36985 X1.3514 Y1.3691
N36990 X1.3482 Y1.3641
N36995 X1.3456 Y1.3588
N37000 X1.3435 Y1.3533
N37005 X1.3418 Y1.3476
N37010 X1.3404 Y1.3419
N37015 X1.3395 Y1.336
N37020 X1.3388 Y1.3302
N37025 X1.3385 Y1.3243
N37030 Y1.318
N37035 X1.3387 Y1.3112
N37040 X1.3394 Y1.3043
N37045 X1.3404 Y1.2968
N37050 X1.3419 Y1.2888
N37055 X1.3439 Y1.2806
N37060 X1.3464 Y1.2721
N37065 X1.3496 Y1.263
N37070 X1.3534 Y1.2535
N37075 X1.3578 Y1.244
N37080 X1.363 Y1.2339
N37085 X1.3691 Y1.2234
N37090 X1.3761 Y1.2127
N37095 X1.3837 Y1.2022
N37100 X1.3924 Y1.1913
N37105 X1.4023 Y1.1801
N37110 X1.4134 Y1.1687
N37115 X1.4253 Y1.1576
N37120 X1.4383 Y1.1466
N37125 X1.4525 Y1.1357
N37130 X1.468 Y1.125
N37135 X1.4848 Y1.1146
N37140 X1.5028 Y1.1046
N37145 X1.5219 Y1.0952
N37150 X1.5418 Y1.0865
N37155 X1.5626 Y1.0787
N37160 X1.5845 Y1.0716
N37165 X1.6072 Y1.0655
N37170 X1.6307 Y1.0604
N37175 X1.6547 Y1.0564
N37180 X1.679 Y1.0535
N37185 X1.7034 Y1.0518
N37190 X1.7279 Y1.0513
N37195 X1.7521 Y1.052
N37200 X1.776 Y1.0539
N37205 X1.7994 Y1.0568
N37210 X1.822 Y1.0608
N37215 X1.8438 Y1.0658
N37220 X1.8645 Y1.0716
N37225 X1.8842 Y1.0781
N37230 X1.903 Y1.0854
N37235 X1.9208 Y1.0933
N37240 X1.9376 Y1.1017
N37245 X1.9533 Y1.1106
N37250 X1.9679 Y1.1199
N37255 X1.9812 Y1.1292
N37260 X1.9932 Y1.1386
N37265 X2.0042 Y1.148
N37270 X2.0142 Y1.1575
N37275 X2.0231 Y1.1669
N37280 X2.0302 Y1.175
N37285 X2.0369 Y1.1836
N37290 X2.0425 Y1.1914
N37295 X2.047 Y1.1984
N37300 X2.0517 Y1.2067
N37305 X2.0574 Y1.2209
N37310 X2.0605 Y1.236
N37315 X2.0609 Y1.2514
N37320 X2.0586 Y1.2667
N37325 X2.0536 Y1.2812
N37330 X2.0497 Y1.29
N37335 X2.0471 Y1.2946
N37340 X2.0326 Y1.3183
N37345 X2.0273 Y1.3268
N37350 G3 X2.0094 Y1.337 Z-0.2317 I-0.0195 J-0.0133
N37355 G1 X2.0005 Y1.3376 Z-0.2298
N37360 X1.9937 Y1.3381 Z-0.2283
N37365 X1.3899 Y1.3801
N37370 X1.3831 Y1.3806 Z-0.2298
N37375 X1.374 Y1.3813 Z-0.2317
N37380 G3 X1.355 Y1.3737 Z-0.2362 I-0.0016 J-0.0236
N37385 G1 X1.3345 Y1.35
N37390 X1.3301 Y1.343
N37395 X1.3271 Y1.3379
N37400 X1.3246 Y1.3325
N37405 X1.3226 Y1.327
N37410 X1.321 Y1.3213
N37415 X1.3197 Y1.3155
N37420 X1.3188 Y1.3097
N37425 X1.3182 Y1.3038
N37430 X1.3178 Y1.2976
N37435 Y1.2909
N37440 X1.3181 Y1.284
N37445 X1.3188 Y1.2765
N37450 X1.3199 Y1.2686
N37455 X1.3214 Y1.2604
N37460 X1.3235 Y1.2517
N37465 X1.3263 Y1.2423
N37470 X1.3295 Y1.233
N37475 X1.3335 Y1.2232
N37480 X1.3383 Y1.2128
N37485 X1.3439 Y1.202
N37490 X1.3502 Y1.1912
N37495 X1.3575 Y1.1801
N37500 X1.3658 Y1.1685
N37505 X1.3753 Y1.1567
N37510 X1.3856 Y1.145
N37515 X1.3969 Y1.1335
N37520 X1.4095 Y1.1217
N37525 X1.4236 Y1.1098
N37530 X1.4389 Y1.0981
N37535 X1.4555 Y1.0867
N37540 X1.473 Y1.0759
N37545 X1.4914 Y1.0656
N37550 X1.5113 Y1.0559
N37555 X1.5323 Y1.0467
N37560 X1.5545 Y1.0384
N37565 X1.5777 Y1.0309
N37570 X1.6018 Y1.0244
N37575 X1.6265 Y1.0191
N37580 X1.6518 Y1.0148
N37585 X1.6774 Y1.0118
N37590 X1.7032 Y1.0101
N37595 X1.729 Y1.0096
N37600 X1.7545 Y1.0103
N37605 X1.7797 Y1.0123
N37610 X1.8044 Y1.0154
N37615 X1.8283 Y1.0197
N37620 X1.8515 Y1.025
N37625 X1.8738 Y1.0312
N37630 X1.8953 Y1.0383
N37635 X1.9157 Y1.0463
N37640 X1.935 Y1.0549
N37645 X1.9529 Y1.0639
N37650 X1.9695 Y1.0733
N37655 X1.9851 Y1.0832
N37660 X1.9996 Y1.0934
N37665 X2.0127 Y1.1036
N37670 X2.0244 Y1.1137
N37675 X2.0348 Y1.1235
N37680 X2.0439 Y1.1331
N37685 X2.0508 Y1.1411
N37690 X2.0578 Y1.15
N37695 X2.0628 Y1.1571
N37700 X2.0644 Y1.1595
N37705 X2.0713 Y1.1729
N37710 X2.0759 Y1.1872
N37715 X2.0779 Y1.2022
N37720 X2.0772 Y1.2173
N37725 X2.074 Y1.232
N37730 X2.0735 Y1.2337
N37735 X2.0714 Y1.2391
N37740 X2.0618 Y1.2629
N37745 X2.0536 Y1.2812
N37750 G3 X2.0346 Y1.2944 Z-0.2311 I-0.0212 J-0.0104
N37755 G1 X2.0285 Y1.2949 Z-0.2298
N37760 X2.0217 Y1.2956 Z-0.2283
N37765 X1.3694 Y1.356
N37770 X1.3626 Y1.3567 Z-0.2298
N37775 X1.3541 Y1.3575 Z-0.2316
N37780 G3 X1.3345 Y1.35 Z-0.2362 I-0.0022 J-0.0235
N37785 G1 X1.3289 Y1.3421
N37790 X1.3139 Y1.3183
N37795 X1.3098 Y1.3116
N37800 X1.3069 Y1.3064
N37805 X1.3045 Y1.301
N37810 X1.3025 Y1.2955
N37815 X1.3009 Y1.2898
N37820 X1.2997 Y1.284
N37825 X1.2988 Y1.2782
N37830 X1.2982 Y1.2723
N37835 X1.2979 Y1.266
N37840 X1.298 Y1.2592
N37845 X1.2983 Y1.2522
N37850 X1.2991 Y1.2445
N37855 X1.3003 Y1.2363
N37860 X1.302 Y1.228
N37865 X1.3042 Y1.219
N37870 X1.3072 Y1.2093
N37875 X1.3106 Y1.1996
N37880 X1.3149 Y1.1893
N37885 X1.32 Y1.1785
N37890 X1.326 Y1.1673
N37895 X1.3326 Y1.1561
N37900 X1.3404 Y1.1445
N37905 X1.3493 Y1.1323
N37910 X1.3594 Y1.1199
N37915 X1.3704 Y1.1077
N37920 X1.3826 Y1.0954
N37925 X1.3961 Y1.083
N37930 X1.411 Y1.0707
N37935 X1.4273 Y1.0585
N37940 X1.4449 Y1.0466
N37945 X1.4634 Y1.0353
N37950 X1.483 Y1.0247
N37955 X1.5041 Y1.0145
N37960 X1.5266 Y1.005
N37965 X1.5502 Y0.9964
N37970 X1.5748 Y0.9887
N37975 X1.6003 Y0.982
N37980 X1.6264 Y0.9766
N37985 X1.6531 Y0.9724
N37990 X1.6801 Y0.9694
N37995 X1.7073 Y0.9678
N38000 X1.7344 Y0.9675
N38005 X1.7613 Y0.9686
N38010 X1.7879 Y0.9709
N38015 X1.8139 Y0.9744
N38020 X1.8393 Y0.9791
N38025 X1.864 Y0.985
N38030 X1.8878 Y0.9919
N38035 X1.9105 Y0.9996
N38040 X1.9322 Y1.0083
N38045 X1.9526 Y1.0176
N38050 X1.9716 Y1.0274
N38055 X1.9892 Y1.0376
N38060 X2.0056 Y1.0481
N38065 X2.0207 Y1.0589
N38070 X2.0341 Y1.0696
N38075 X2.0459 Y1.0799
N38080 X2.0549 Y1.0887
N38085 X2.0637 Y1.098
N38090 X2.0701 Y1.1055
N38095 X2.0721 Y1.1081
N38100 X2.0802 Y1.1209
N38105 X2.0861 Y1.1349
N38110 X2.0893 Y1.1498
N38115 X2.09 Y1.165
N38120 X2.0879 Y1.18
N38125 X2.0835 Y1.1995
N38130 X2.0817 Y1.2075
N38135 X2.074 Y1.232
N38140 G3 X2.0541 Y1.2476 Z-0.2306 I-0.0223 J-0.0078
N38145 G1 X2.0506 Y1.248 Z-0.2298
N38150 X2.0438 Y1.2487 Z-0.2283
N38155 X1.3432 Y1.3209
N38160 X1.3364 Y1.3216 Z-0.2298
N38165 X1.3319 Y1.3221 Z-0.2308
N38170 G3 X1.3098 Y1.3116 Z-0.2362 I-0.0024 J-0.0235
N38175 G1 X1.2993 Y1.2946
N38180 X1.2968 Y1.29
N38185 X1.2871 Y1.2684
N38190 X1.285 Y1.2629
N38195 X1.2832 Y1.2573
N38200 X1.2818 Y1.2515
N38205 X1.2808 Y1.2457
N38210 X1.2801 Y1.2399
N38215 X1.2797 Y1.2338
N38220 X1.2796 Y1.2276
N38225 X1.2798 Y1.2207
N38230 X1.2804 Y1.2133
N38235 X1.2814 Y1.2056
N38240 X1.2829 Y1.1973
N38245 X1.285 Y1.1884
N38250 X1.2876 Y1.1793
N38255 X1.2909 Y1.1695
N38260 X1.295 Y1.159
N38265 X1.2997 Y1.1485
N38270 X1.3054 Y1.1374
N38275 X1.3121 Y1.1257
N38280 X1.3197 Y1.1137
N38285 X1.3282 Y1.1018
N38290 X1.338 Y1.0893
N38295 X1.3492 Y1.0764
N38300 X1.3618 Y1.0633
N38305 X1.3752 Y1.0506
N38310 X1.3899 Y1.0379
N38315 X1.4061 Y1.0253
N38320 X1.4238 Y1.0129
N38325 X1.443 Y1.0007
N38330 X1.4637 Y0.989
N38335 X1.4857 Y0.9779
N38340 X1.5086 Y0.9678
N38345 X1.5325 Y0.9585
N38350 X1.5578 Y0.9501
N38355 X1.5841 Y0.9428
N38360 X1.6113 Y0.9366
N38365 X1.6392 Y0.9317
N38370 X1.6676 Y0.9281
N38375 X1.6962 Y0.9259
N38380 X1.7249 Y0.9251
N38385 X1.7534 Y0.9257
N38390 X1.7818 Y0.9276
N38395 X1.8097 Y0.9309
N38400 X1.837 Y0.9355
N38405 X1.8636 Y0.9413
N38410 X1.8894 Y0.9483
N38415 X1.914 Y0.9562
N38420 X1.9373 Y0.965
N38425 X1.9592 Y0.9745
N38430 X1.9799 Y0.9847
N38435 X1.9993 Y0.9955
N38440 X2.0172 Y1.0066
N38445 X2.0332 Y1.0177
N38450 X2.0471 Y1.0283
N38455 X2.0575 Y1.0371
N38460 X2.0674 Y1.0464
N38465 X2.0745 Y1.0537
N38470 X2.0827 Y1.0645
N38475 X2.089 Y1.0764
N38480 X2.0934 Y1.0892
N38485 X2.0958 Y1.1026
N38490 X2.096 Y1.1161
N38495 X2.0944 Y1.1441
N38500 X2.0938 Y1.152
N38505 X2.0924 Y1.16
N38510 X2.0907 Y1.1679
N38515 X2.0879 Y1.18
N38520 G3 X2.0677 Y1.1975 Z-0.2302 I-0.0228 J-0.006
N38525 G1 X2.0659 Y1.1977 Z-0.2298
N38530 X2.0591 Y1.1985 Z-0.2283
N38535 X1.319 Y1.2806
N38540 X1.3122 Y1.2814 Z-0.2298
N38545 X1.311 Y1.2815 Z-0.2301
N38550 G3 X1.2871 Y1.2684 Z-0.2362 I-0.0026 J-0.0235
N38555 G1 X1.2847 Y1.2629
N38560 X1.275 Y1.2391
N38565 X1.273 Y1.2337
N38570 X1.2684 Y1.2189
N38575 X1.2667 Y1.2125
N38580 X1.2655 Y1.2067
N38585 X1.2647 Y1.2009
N38590 X1.2642 Y1.195
N38595 X1.2641 Y1.1891
N38600 X1.2642 Y1.1827
N38605 X1.2647 Y1.176
N38610 X1.2656 Y1.1685
N38615 X1.2669 Y1.1608
N38620 X1.2688 Y1.1524
N38625 X1.2713 Y1.1433
N38630 X1.2743 Y1.1341
N38635 X1.2781 Y1.1242
N38640 X1.2828 Y1.1135
N38645 X1.2881 Y1.1028
N38650 X1.2945 Y1.0913
N38655 X1.3021 Y1.0792
N38660 X1.3106 Y1.0671
N38665 X1.3201 Y1.0548
N38670 X1.331 Y1.0419
N38675 X1.3435 Y1.0287
N38680 X1.3573 Y1.0153
N38685 X1.3721 Y1.0024
N38690 X1.3885 Y0.9894
N38695 X1.4066 Y0.9764
N38700 X1.4263 Y0.9637
N38705 X1.4475 Y0.9514
N38710 X1.4701 Y0.9398
N38715 X1.494 Y0.9289
N38720 X1.5189 Y0.919
N38725 X1.5449 Y0.9101
N38730 X1.5721 Y0.9023
N38735 X1.6004 Y0.8956
N38740 X1.6296 Y0.8902
N38745 X1.6593 Y0.8861
N38750 X1.6893 Y0.8835
N38755 X1.7196 Y0.8824
N38760 X1.7499 Y0.8827
N38765 X1.7799 Y0.8845
N38770 X1.8096 Y0.8878
N38775 X1.8387 Y0.8924
N38780 X1.8671 Y0.8983
N38785 X1.8946 Y0.9055
N38790 X1.9208 Y0.9137
N38795 X1.9457 Y0.9228
N38800 X1.9692 Y0.9327
N38805 X1.9912 Y0.9434
N38810 X2.0117 Y0.9545
N38815 X2.03 Y0.9656
N38820 X2.0457 Y0.9763
N38825 X2.0568 Y0.9846
N38830 X2.0631 Y0.9899
N38835 X2.0728 Y0.9992
N38840 X2.0808 Y1.0099
N38845 X2.0872 Y1.0217
N38850 X2.0916 Y1.0344
N38855 X2.094 Y1.0476
N38860 X2.0958 Y1.0649
N38865 X2.0963 Y1.0729
N38870 X2.0972 Y1.0949
N38875 Y1.0966
N38880 X2.096 Y1.1161
N38885 G3 X2.0754 Y1.1373 Z-0.2294 I-0.0235 J-0.0022
N38890 G1 X2.0704 Y1.138 Z-0.2283
N38895 X1.2986 Y1.2339
N38900 X1.2936 Y1.2345 Z-0.2294
N38905 X1.2918 Y1.2347 Z-0.2298
N38910 G3 X1.2684 Y1.2189 Z-0.2362 I-0.0011 J-0.0236
N38915 G1 X1.2648 Y1.2075
N38920 X1.2612 Y1.1916
N38925 X1.2558 Y1.1679
N38930 X1.2548 Y1.1635
N38935 X1.2537 Y1.1565
N38940 X1.253 Y1.1507
N38945 X1.2527 Y1.1448
N38950 X1.2528 Y1.1389
N38955 X1.2532 Y1.1326
N38960 X1.2539 Y1.1262
N38965 X1.255 Y1.119
N38970 X1.2566 Y1.1114
N38975 X1.2587 Y1.1033
N38980 X1.2615 Y1.0944
N38985 X1.2648 Y1.0854
N38990 X1.2691 Y1.0755
N38995 X1.2741 Y1.065
N39000 X1.2799 Y1.0544
N39005 X1.287 Y1.0428
N39010 X1.2951 Y1.0308
N39015 X1.3041 Y1.0188
N39020 X1.3146 Y1.0062
N39025 X1.3267 Y0.9931
N39030 X1.3401 Y0.9797
N39035 X1.3546 Y0.9668
N39040 X1.3709 Y0.9535
N39045 X1.3891 Y0.9401
N39050 X1.4091 Y0.9269
N39055 X1.4306 Y0.9141
N39060 X1.4535 Y0.902
N39065 X1.4773 Y0.8908
N39070 X1.5027 Y0.8803
N39075 X1.5296 Y0.8707
N39080 X1.5579 Y0.8622
N39085 X1.5873 Y0.8549
N39090 X1.6177 Y0.8489
N39095 X1.6487 Y0.8443
N39100 X1.6802 Y0.8411
N39105 X1.712 Y0.8396
N39110 X1.7439 Y0.8395
N39115 X1.7756 Y0.8411
N39120 X1.8071 Y0.8441
N39125 X1.838 Y0.8486
N39130 X1.8681 Y0.8545
N39135 X1.8973 Y0.8617
N39140 X1.9253 Y0.8701
N39145 X1.9522 Y0.8796
N39150 X1.9775 Y0.89
N39155 X2.0004 Y0.9007
N39160 X2.0206 Y0.9114
N39165 X2.036 Y0.9205
N39170 X2.0436 Y0.9255
N39175 X2.0558 Y0.9352
N39180 X2.066 Y0.947
N39185 X2.074 Y0.9604
N39190 X2.0794 Y0.975
N39195 X2.0889 Y1.0095
N39200 X2.0893 Y1.0112
N39205 X2.0903 Y1.0174
N39210 X2.0914 Y1.0254
N39215 X2.0925 Y1.0333
N39220 X2.094 Y1.0476
N39225 G3 X2.0736 Y1.0726 Z-0.2287 I-0.0236 J0.0016
N39230 G1 X2.0721 Y1.0728 Z-0.2283
N39235 X1.2835 Y1.1808
N39240 X1.281 Y1.1811 Z-0.2289
N39245 G3 X1.2548 Y1.1635 Z-0.2362 I-0.0032 J-0.0234
N39250 G1 X1.2541 Y1.16
N39255 X1.2527 Y1.152
N39260 X1.2521 Y1.1441
N39265 X1.2493 Y1.0966
N39270 X1.2492 Y1.0949
N39275 X1.2498 Y1.0808
N39280 X1.2505 Y1.0733
N39285 X1.2514 Y1.0673
N39290 X1.2526 Y1.0611
N39295 X1.2543 Y1.0541
N39300 X1.2565 Y1.0468
N39305 X1.2593 Y1.0388
N39310 X1.2628 Y1.0302
N39315 X1.267 Y1.0212
N39320 X1.2722 Y1.0112
N39325 X1.2781 Y1.0013
N39330 X1.2852 Y0.9904
N39335 X1.2936 Y0.9789
N39340 X1.3028 Y0.9675
N39345 X1.3137 Y0.9552
N39350 X1.3264 Y0.9422
N39355 X1.3401 Y0.9295
N39360 X1.3556 Y0.9166
N39365 X1.3731 Y0.9033
N39370 X1.3924 Y0.89
N39375 X1.4135 Y0.877
N39380 X1.4358 Y0.8648
N39385 X1.4595 Y0.8532
N39390 X1.4853 Y0.8421
N39395 X1.5127 Y0.8319
N39400 X1.5417 Y0.8226
N39405 X1.572 Y0.8146
N39410 X1.6034 Y0.8079
N39415 X1.6356 Y0.8026
N39420 X1.6684 Y0.7988
N39425 X1.7016 Y0.7967
N39430 X1.735 Y0.7961
N39435 X1.7684 Y0.7972
N39440 X1.8015 Y0.7999
N39445 X1.8342 Y0.8041
N39450 X1.8661 Y0.8099
N39455 X1.8971 Y0.8171
N39460 X1.9271 Y0.8255
N39465 X1.9555 Y0.8351
N39470 X1.982 Y0.8455
N39475 X2.0021 Y0.8545
N39480 X2.0097 Y0.8584
N39485 X2.0207 Y0.865
N39490 X2.0306 Y0.8732
N39495 X2.0391 Y0.8827
N39500 X2.0462 Y0.8935
N39505 X2.0497 Y0.8998
N39510 X2.0637 Y0.9303
N39515 X2.0655 Y0.9347
N39520 X2.0735 Y0.9541
N39525 X2.0759 Y0.962
N39530 X2.0794 Y0.975
N39535 G3 X2.0619 Y1.0034 Z-0.2283 I-0.023 J0.0054
N39540 G1 X2.0595 Y1.0038
N39545 X1.2765 Y1.1044
N39550 X1.2732 Y1.1046
N39555 G3 X1.2498 Y1.0808 Z-0.2362 I0.0002 J-0.0236
N39560 G1 X1.2502 Y1.0729
N39565 X1.2507 Y1.0649
N39570 X1.254 Y1.0333
N39575 X1.2551 Y1.0254
N39580 X1.2562 Y1.0174
N39585 X1.2571 Y1.0112
N39590 X1.2576 Y1.0095
N39595 X1.2619 Y0.9937
N39600 X1.2657 Y0.9821
N39605 X1.2684 Y0.9751
N39610 X1.2715 Y0.9679
N39615 X1.2756 Y0.9598
N39620 X1.2802 Y0.9516
N39625 X1.286 Y0.9423
N39630 X1.2925 Y0.933
N39635 X1.3005 Y0.9227
N39640 X1.3095 Y0.912
N39645 X1.3199 Y0.901
N39650 X1.3324 Y0.8889
N39655 X1.346 Y0.8771
N39660 X1.3612 Y0.865
N39665 X1.3787 Y0.8525
N39670 X1.3984 Y0.8398
N39675 X1.4196 Y0.8276
N39680 X1.4422 Y0.8159
N39685 X1.4672 Y0.8046
N39690 X1.4943 Y0.7938
N39695 X1.5233 Y0.7839
N39700 X1.5539 Y0.7751
N39705 X1.5859 Y0.7675
N39710 X1.6189 Y0.7614
N39715 X1.6527 Y0.7568
N39720 X1.6871 Y0.7539
N39725 X1.7219 Y0.7526
N39730 X1.7567 Y0.753
N39735 X1.7914 Y0.7551
N39740 X1.8258 Y0.7588
N39745 X1.8595 Y0.7642
N39750 X1.8924 Y0.7711
N39755 X1.924 Y0.7793
N39760 X1.9526 Y0.7883
N39765 X1.9545 Y0.789
N39770 X1.9667 Y0.7945
N39775 X1.9778 Y0.8019
N39780 X1.9877 Y0.8109
N39785 X1.9942 Y0.818
N39790 X2.0024 Y0.8274
N39795 X2.0091 Y0.8353
N39800 X2.0358 Y0.8749
N39805 X2.0403 Y0.8828
N39810 X2.0462 Y0.8935
N39815 G3 X2.0359 Y0.9252 Z-0.2283 I-0.021 J0.0108
N39820 G1 X2.0334 Y0.9263
N39825 X2.0308 Y0.9271
N39830 X2.0281 Y0.9276
N39835 X1.2879 Y1.0225
N39840 X1.2851 Y1.0227
N39845 X1.2822 Y1.0226
N39850 X1.2794 Y1.0221
N39855 G3 X1.2619 Y0.9937 Z-0.2362 I0.0054 J-0.023
N39860 G1 X1.2706 Y0.962
N39865 X1.273 Y0.9539
N39870 X1.2809 Y0.9347
N39875 X1.2828 Y0.9303
N39880 X1.2968 Y0.8998
N39885 X1.3018 Y0.8907
N39890 X1.31 Y0.8776
N39895 X1.3152 Y0.8701
N39900 X1.3211 Y0.8624
N39905 X1.3284 Y0.8538
N39910 X1.3367 Y0.845
N39915 X1.3464 Y0.8355
N39920 X1.358 Y0.8254
N39925 X1.3705 Y0.8154
N39930 X1.3856 Y0.8045
N39935 X1.4025 Y0.7936
N39940 X1.421 Y0.7829
N39945 X1.4425 Y0.7717
N39950 X1.4667 Y0.7607
N39955 X1.4927 Y0.7503
N39960 X1.52 Y0.7409
N39965 X1.5498 Y0.7322
N39970 X1.5817 Y0.7246
N39975 X1.6152 Y0.7183
N39980 X1.6498 Y0.7136
N39985 X1.6845 Y0.7105
N39990 X1.7194 Y0.7091
N39995 X1.7543 Y0.7093
N40000 X1.7891 Y0.7111
N40005 X1.8238 Y0.7146
N40010 X1.8583 Y0.7196
N40015 X1.8642 Y0.7208
N40020 X1.8725 Y0.7228
N40025 X1.8805 Y0.7257
N40030 X1.8882 Y0.7293
N40035 X1.894 Y0.7324
N40040 X1.8991 Y0.7356
N40045 X1.9229 Y0.7525
N40050 X1.9277 Y0.7561
N40055 X1.9485 Y0.772
N40060 X1.9546 Y0.7771
N40065 X1.9659 Y0.7878
N40070 X1.9809 Y0.8037
N40075 X1.9877 Y0.8109
N40080 G3 X1.9855 Y0.8442 Z-0.2283 I-0.0177 J0.0156
N40085 X1.9727 Y0.8499 I-0.0156 J-0.0177
N40090 G1 X1.3255 Y0.925
N40095 G3 X1.312 Y0.9225 I-0.0027 J-0.0235
N40100 X1.3018 Y0.8907 Z-0.2362 I0.0108 J-0.021
N40105 G1 X1.3062 Y0.8828
N40110 X1.3107 Y0.8749
N40115 X1.3374 Y0.8353
N40120 X1.3443 Y0.8271
N40125 X1.3523 Y0.818
N40130 X1.3581 Y0.8116
N40135 X1.376 Y0.7926
N40140 X1.3805 Y0.7878
N40145 X1.3919 Y0.7771
N40150 X1.398 Y0.772
N40155 X1.4187 Y0.7561
N40160 X1.4236 Y0.7525
N40165 X1.4394 Y0.7412
N40170 X1.4474 Y0.7356
N40175 X1.4525 Y0.7324
N40180 X1.4632 Y0.7267
N40185 X1.4948 Y0.7119
N40190 X1.5121 Y0.7045
N40195 X1.5334 Y0.6967
N40200 X1.5568 Y0.6894
N40205 X1.5823 Y0.6827
N40210 X1.6113 Y0.6767
N40215 X1.6429 Y0.6717
N40220 X1.6463 Y0.6714
N40225 X1.6492 Y0.6712
N40230 X1.6522 Y0.6711
N40235 G3 X1.6751 Y0.6954 Z-0.2283 I-0.0007 J0.0236
N40240 X1.6582 Y0.7174 I-0.0236 J-0.0007
N40245 G1 X1.4817 Y0.7698
N40250 G3 X1.4546 Y0.7589 I-0.0067 J-0.0226
N40255 X1.4632 Y0.7267 Z-0.2362 I0.0205 J-0.0118
N40260 G1 X1.4823 Y0.7166
N40265 X1.5028 Y0.7057
N40270 X1.5108 Y0.7025
N40275 X1.5583 Y0.6864
N40280 X1.5637 Y0.6849
N40285 X1.59 Y0.6791
N40290 X1.6138 Y0.6752
N40295 X1.6217 Y0.6741
N40300 X1.6376 Y0.6721
N40305 X1.6455 Y0.6712
N40310 X1.6613 Y0.6711
N40315 X1.693
N40320 X1.701 Y0.6712
N40325 X1.7089 Y0.6721
N40330 X1.7247 Y0.6741
N40335 X1.7327 Y0.6752
N40340 X1.7564 Y0.6791
N40345 X1.7827 Y0.6849
N40350 X1.7881 Y0.6864
N40355 X1.8357 Y0.7025
N40360 X1.8436 Y0.7057
N40365 X1.8674 Y0.7183
N40370 X1.8882 Y0.7293
N40375 G3 X1.8992 Y0.7559 I-0.0118 J0.0205
N40380 G1 X1.8982 Y0.7595 Z-0.2359
N40385 X1.8973 Y0.7629 Z-0.2351
N40390 X1.8964 Y0.7663 Z-0.2336
N40395 X1.8956 Y0.7693 Z-0.2317
N40400 X1.8949 Y0.772 Z-0.2293
N40405 X1.8942 Y0.7744 Z-0.2265
N40410 X1.8937 Y0.7762 Z-0.2233
N40415 X1.8934 Y0.7776 Z-0.2199
N40420 X1.8932 Y0.7784 Z-0.2163
N40425 X1.8931 Y0.7787 Z-0.2126
N40430 Z0.1969
N40435 X0.5225 Y-0.0917
N40440 Z-0.189
N40445 Z-0.2126
N40450 X0.5223 Y-0.0915 Z-0.2163
N40455 X0.5215 Y-0.0911 Z-0.2199
N40460 X0.5203 Y-0.0903 Z-0.2233
N40465 X0.5186 Y-0.0893 Z-0.2265
N40470 X0.5166 Y-0.0881 Z-0.2293
N40475 X0.5141 Y-0.0867 Z-0.2317
N40480 X0.5114 Y-0.0851 Z-0.2336
N40485 X0.5085 Y-0.0833 Z-0.2351
N40490 X0.5054 Y-0.0815 Z-0.2359
N40495 X0.5022 Y-0.0796 Z-0.2362
N40500 G3 X0.4725 Y-0.0709 I-0.0318 J-0.0536
N40505 G1 X0.4646
N40510 X0.4567 Y-0.0708
N40515 X0.4408 Y-0.0704
N40520 X0.4329 Y-0.07
N40525 X0.3854 Y-0.0646
N40530 X0.3774 Y-0.0636
N40535 X0.3616 Y-0.0613
N40540 X0.3537 Y-0.0593
N40545 X0.3378 Y-0.0545
N40550 X0.3287 Y-0.0515
N40555 X0.322 Y-0.0491
N40560 X0.3047 Y-0.044
N40565 X0.2891 Y-0.0402
N40570 X0.2682 Y-0.0362
N40575 X0.2337 Y-0.0313
N40580 X0.199 Y-0.0277
N40585 X0.1658 Y-0.0171
N40590 X0.1356 Y0.0006
N40595 X0.1097 Y0.0239
N40600 X0.0883 Y0.0514
N40605 X0.0712 Y0.0819
N40610 X0.058 Y0.1142
N40615 X0.0481 Y0.1476
N40620 X0.0409 Y0.1817
N40625 X0.0356 Y0.2162
N40630 X0.0319 Y0.2509
N40635 X0.0293 Y0.2857
N40640 X0.0275 Y0.3205
N40645 X0.0262 Y0.3554
N40650 X0.0254 Y0.3903
N40655 X0.0248 Y0.4252
N40660 X0.0244 Y0.4601
N40665 X0.0242 Y0.4949
N40670 X0.024 Y0.5298
N40675 X0.0238 Y0.5996
N40680 X0.0237 Y0.7043
N40685 X0.0236 Y1.0531
N40690 Y1.7509
N40695 Y1.8904
N40700 X0.0249 Y1.9253
N40705 X0.0331 Y1.9592
N40710 X0.0485 Y1.9905
N40715 X0.07 Y2.0179
N40720 X0.0962 Y2.041
N40725 X0.1257 Y2.0597
N40730 X0.126 Y2.0598
N40735 X0.1353 Y2.0648
N40740 X0.1438 Y2.0708
N40745 X0.1516 Y2.0779
N40750 X0.1555 Y2.0819
N40755 X0.1838 Y2.1101
N40760 X0.1872 Y2.1133
N40765 X0.1952 Y2.1201
N40770 X0.2031 Y2.1259
N40775 X0.211 Y2.1312
N40780 X0.2586 Y2.1611
N40785 X0.2621 Y2.1631
N40790 G3 X0.2724 Y2.1899 I-0.0123 J0.0202
N40795 G1 X0.2714 Y2.1934 Z-0.2359
N40800 X0.2704 Y2.1969 Z-0.2351
N40805 X0.2694 Y2.2002 Z-0.2336
N40810 X0.2685 Y2.2032 Z-0.2317
N40815 X0.2677 Y2.2059 Z-0.2293
N40820 X0.2671 Y2.2082 Z-0.2265
N40825 X0.2665 Y2.2101 Z-0.2233
N40830 X0.2661 Y2.2114 Z-0.2199
N40835 X0.2659 Y2.2123 Z-0.2163
N40840 X0.2658 Y2.2125 Z-0.2126
N40845 Z0.1969
N40850 X0.3623 Y-0.0852
N40855 Z-0.189
N40860 Z-0.2126
N40865 X0.3621 Y-0.085 Z-0.2163
N40870 X0.3615 Y-0.0843 Z-0.2199
N40875 X0.3606 Y-0.0832 Z-0.2233
N40880 X0.3594 Y-0.0818 Z-0.2265
N40885 X0.3578 Y-0.0799 Z-0.2293
N40890 X0.356 Y-0.0778 Z-0.2317
N40895 X0.354 Y-0.0753 Z-0.2336
N40900 X0.3518 Y-0.0727 Z-0.2351
N40905 X0.3495 Y-0.0699 Z-0.2359
N40910 X0.3471 Y-0.0671 Z-0.2362
N40915 G3 X0.322 Y-0.0491 I-0.0477 J-0.04
N40920 G1 X0.2836 Y-0.0356
N40925 X0.2744 Y-0.0318
N40930 X0.2664 Y-0.0277
N40935 X0.2586 Y-0.0233
N40940 X0.211 Y0.0066
N40945 X0.2031 Y0.0119
N40950 X0.1952 Y0.0177
N40955 X0.1872 Y0.0245
N40960 X0.1838 Y0.0277
N40965 X0.1555 Y0.0559
N40970 X0.1366 Y0.0752
N40975 X0.1339 Y0.078
N40980 X0.1317 Y0.0808
N40985 X0.1159 Y0.104
N40990 X0.1141 Y0.1069
N40995 X0.0991 Y0.1306
N41000 X0.0847 Y0.1544
N41005 X0.0749 Y0.1782
N41010 X0.072 Y0.1861
N41015 X0.0582 Y0.2257
N41020 X0.0556 Y0.2336
N41025 X0.0533 Y0.2415
N41030 X0.0525 Y0.2449
N41035 X0.0516 Y0.2494
N41040 X0.0503 Y0.2573
N41045 X0.0475 Y0.2811
N41050 X0.0449 Y0.3048
N41055 X0.0426 Y0.3286
N41060 X0.0424 Y0.3365
N41065 X0.0423 Y0.3603
N41070 Y1.7855
N41075 X0.0424 Y1.8013
N41080 X0.0426 Y1.8092
N41085 X0.0449 Y1.833
N41090 X0.0475 Y1.8567
N41095 X0.0503 Y1.8805
N41100 X0.0516 Y1.8884
N41105 X0.0525 Y1.8929
N41110 X0.0533 Y1.8963
N41115 X0.0556 Y1.9042
N41120 X0.0582 Y1.9121
N41125 X0.072 Y1.9517
N41130 X0.0749 Y1.9596
N41135 X0.0847 Y1.9834
N41140 X0.0991 Y2.0071
N41145 X0.1141 Y2.0309
N41150 X0.1159 Y2.0338
N41155 X0.1317 Y2.0569
N41160 X0.1339 Y2.0598
N41165 X0.1366 Y2.0626
N41170 X0.1516 Y2.0779
N41175 G3 X0.1541 Y2.1065 I-0.0174 J0.0159
N41180 G1 X0.1521 Y2.1096 Z-0.2359
N41185 X0.1501 Y2.1127 Z-0.2351
N41190 X0.1483 Y2.1156 Z-0.2336
N41195 X0.1466 Y2.1182 Z-0.2317
N41200 X0.1451 Y2.1206 Z-0.2293
N41205 X0.1438 Y2.1226 Z-0.2265
N41210 X0.1427 Y2.1243 Z-0.2233
N41215 X0.142 Y2.1254 Z-0.2199
N41220 X0.1415 Y2.1262 Z-0.2163
N41225 X0.1413 Y2.1264 Z-0.2126
N41230 Z0.1969
N41235 X2.8321 Y2.23
N41240 Z-0.189
N41245 Z-0.2126
N41250 X2.8324 Y2.2298 Z-0.2163
N41255 X2.8331 Y2.2294 Z-0.2199
N41260 X2.8343 Y2.2287 Z-0.2233
N41265 X2.836 Y2.2277 Z-0.2265
N41270 X2.838 Y2.2264 Z-0.2293
N41275 X2.8404 Y2.2249 Z-0.2317
N41280 X2.8431 Y2.2233 Z-0.2336
N41285 X2.846 Y2.2215 Z-0.2351
N41290 X2.8491 Y2.2196 Z-0.2359
N41295 X2.8523 Y2.2177 Z-0.2362
N41300 G3 X2.8818 Y2.2087 I0.0324 J0.0532
N41305 G1 X2.8898 Y2.2086
N41310 X2.9056 Y2.2082
N41315 X2.9135 Y2.2078
N41320 X2.9611 Y2.2024
N41325 X2.969 Y2.2014
N41330 X2.9849 Y2.1991
N41335 X2.9928 Y2.1971
N41340 X3.0086 Y2.1923
N41345 X3.0177 Y2.1893
N41350 X3.0245 Y2.1869
N41355 X3.0422 Y2.1817
N41360 X3.0577 Y2.1779
N41365 X3.0784 Y2.174
N41370 X3.1079 Y2.1698
N41375 X3.1426 Y2.1666
N41380 X3.1775 Y2.1646
N41385 X3.2121 Y2.1605
N41390 X3.2447 Y2.148
N41395 X3.2734 Y2.1282
N41400 X3.2975 Y2.103
N41405 X3.3169 Y2.074
N41410 X3.3319 Y2.0425
N41415 X3.3431 Y2.0095
N41420 X3.3514 Y1.9756
N41425 X3.3573 Y1.9412
N41430 X3.3614 Y1.9065
N41435 X3.3642 Y1.8718
N41440 X3.3662 Y1.8369
N41445 X3.3675 Y1.8021
N41450 X3.3684 Y1.7672
N41455 X3.3689 Y1.7323
N41460 X3.3693 Y1.6974
N41465 X3.3696 Y1.6625
N41470 X3.3698 Y1.6277
N41475 X3.3699 Y1.5579
N41480 X3.37 Y1.4532
N41485 X3.3701 Y0.9997
N41490 Y0.4415
N41495 Y0.1624
N41500 X3.3651 Y0.1279
N41505 X3.3514 Y0.0958
N41510 X3.3306 Y0.0678
N41515 X3.3046 Y0.0445
N41520 X3.2751 Y0.026
N41525 X3.2432 Y0.0118
N41530 X3.21 Y0.0012
N41535 X3.1759 Y-0.0065
N41540 X3.1415 Y-0.0119
N41545 X3.1177 Y-0.0145
N41550 X3.1062 Y-0.0165
N41555 X3.0951 Y-0.0201
N41560 X3.0846 Y-0.0251
N41565 X3.08 Y-0.0277
N41570 X3.0721 Y-0.0318
N41575 X3.0629 Y-0.0356
N41580 X3.0166 Y-0.0519
N41585 X3.0086 Y-0.0545
N41590 X2.9925 Y-0.0594
N41595 X2.9849 Y-0.0613
N41600 X2.969 Y-0.0636
N41605 X2.9611 Y-0.0646
N41610 X2.9135 Y-0.07
N41615 X2.9056 Y-0.0704
N41620 X2.8908 Y-0.0708
N41625 G3 X2.8691 Y-0.0896 I0.0014 J-0.0236
N41630 G1 X2.8684 Y-0.0932 Z-0.2359
N41635 X2.8677 Y-0.0968 Z-0.2351
N41640 X2.867 Y-0.1001 Z-0.2336
N41645 X2.8663 Y-0.1032 Z-0.2317
N41650 X2.8658 Y-0.106 Z-0.2293
N41655 X2.8653 Y-0.1083 Z-0.2265
N41660 X2.8649 Y-0.1102 Z-0.2233
N41665 X2.8646 Y-0.1116 Z-0.2199
N41670 X2.8644 Y-0.1125 Z-0.2163
N41675 Y-0.1128 Z-0.2126
N41680 Z0.1969
N41685 X2.9842 Y2.223
N41690 Z-0.189
N41695 Z-0.2126
N41700 X2.9844 Y2.2228 Z-0.2163
N41705 X2.9849 Y2.2221 Z-0.2199
N41710 X2.9858 Y2.221 Z-0.2233
N41715 X2.9871 Y2.2196 Z-0.2265
N41720 X2.9886 Y2.2177 Z-0.2293
N41725 X2.9905 Y2.2156 Z-0.2317
N41730 X2.9925 Y2.2131 Z-0.2336
N41735 X2.9947 Y2.2105 Z-0.2351
N41740 X2.997 Y2.2077 Z-0.2359
N41745 X2.9994 Y2.2049 Z-0.2362
N41750 G3 X3.0245 Y2.1869 I0.0477 J0.04
N41755 G1 X3.0629 Y2.1734
N41760 X3.0721 Y2.1696
N41765 X3.08 Y2.1655
N41770 X3.0879 Y2.1611
N41775 X3.0935 Y2.1576
N41780 X3.1013 Y2.1532
N41785 X3.108 Y2.1498
N41790 X3.1188 Y2.1451
N41795 X3.1514 Y2.1326
N41800 X3.1829 Y2.1175
N41805 X3.2113 Y2.0973
N41810 X3.236 Y2.0727
N41815 X3.2567 Y2.0446
N41820 X3.2734 Y2.0139
N41825 X3.2865 Y1.9816
N41830 X3.2966 Y1.9482
N41835 X3.3041 Y1.9141
N41840 X3.3096 Y1.8797
N41845 X3.3136 Y1.845
N41850 X3.3164 Y1.8103
N41855 X3.3184 Y1.7754
N41860 X3.3198 Y1.7406
N41865 X3.3208 Y1.7057
N41870 X3.3214 Y1.6708
N41875 X3.3219 Y1.6359
N41880 X3.3222 Y1.601
N41885 X3.3224 Y1.5662
N41890 X3.3225 Y1.5313
N41895 X3.3227 Y1.4615
N41900 X3.3228 Y1.3568
N41905 Y0.9033
N41910 Y0.2754
N41915 Y0.2405
N41920 X3.3204 Y0.2057
N41925 X3.3107 Y0.1722
N41930 X3.2939 Y0.1415
N41935 X3.2714 Y0.1149
N41940 X3.2444 Y0.0928
N41945 X3.2145 Y0.0749
N41950 X3.2069 Y0.07
N41955 X3.1997 Y0.0643
N41960 X3.1931 Y0.0581
N41965 X3.1909 Y0.0559
N41970 X3.1627 Y0.0277
N41975 X3.1592 Y0.0245
N41980 X3.1513 Y0.0177
N41985 X3.1433 Y0.0119
N41990 X3.1355 Y0.0066
N41995 X3.0879 Y-0.0233
N42000 X3.0846 Y-0.0251
N42005 G3 X3.0743 Y-0.052 I0.0123 J-0.0202
N42010 G1 X3.0753 Y-0.0555 Z-0.2359
N42015 X3.0763 Y-0.059 Z-0.2351
N42020 X3.0773 Y-0.0622 Z-0.2336
N42025 X3.0782 Y-0.0653 Z-0.2317
N42030 X3.079 Y-0.068 Z-0.2293
N42035 X3.0796 Y-0.0703 Z-0.2265
N42040 X3.0802 Y-0.0721 Z-0.2233
N42045 X3.0806 Y-0.0735 Z-0.2199
N42050 X3.0808 Y-0.0743 Z-0.2163
N42055 X3.0809 Y-0.0746 Z-0.2126
N42060 Z0.1969
N42065 X3.0622 Y2.2018
N42070 Z-0.189
N42075 Z-0.2126
N42080 X3.0624 Y2.2015 Z-0.2163
N42085 X3.0628 Y2.2007 Z-0.2199
N42090 X3.0634 Y2.1995 Z-0.2233
N42095 X3.0643 Y2.1978 Z-0.2265
N42100 X3.0654 Y2.1956 Z-0.2293
N42105 X3.0667 Y2.1931 Z-0.2317
N42110 X3.0681 Y2.1903 Z-0.2336
N42115 X3.0697 Y2.1872 Z-0.2351
N42120 X3.0713 Y2.184 Z-0.2359
N42125 X3.073 Y2.1807 Z-0.2362
N42130 G3 X3.0935 Y2.1576 I0.0555 J0.0284
N42135 G1 X3.1355 Y2.1312
N42140 X3.1434 Y2.1259
N42145 X3.1513 Y2.1201
N42150 X3.1592 Y2.1133
N42155 X3.1627 Y2.1101
N42160 X3.1909 Y2.0819
N42165 X3.2098 Y2.0626
N42170 X3.2125 Y2.0598
N42175 X3.2147 Y2.0569
N42180 X3.2306 Y2.0338
N42185 X3.2324 Y2.0309
N42190 X3.2473 Y2.0071
N42195 X3.2618 Y1.9834
N42200 X3.2716 Y1.9596
N42205 X3.2744 Y1.9517
N42210 X3.2883 Y1.9121
N42215 X3.2909 Y1.9042
N42220 X3.2932 Y1.8963
N42225 X3.294 Y1.8929
N42230 X3.2949 Y1.8884
N42235 X3.2961 Y1.8805
N42240 X3.2989 Y1.8567
N42245 X3.3016 Y1.833
N42250 X3.3039 Y1.8092
N42255 X3.3041 Y1.8013
N42260 Y1.7775
N42265 Y0.3523
N42270 Y0.3365
N42275 X3.3039 Y0.3286
N42280 X3.3016 Y0.3048
N42285 X3.2989 Y0.2811
N42290 X3.2961 Y0.2573
N42295 X3.2949 Y0.2494
N42300 X3.294 Y0.2449
N42305 X3.2932 Y0.2415
N42310 X3.2909 Y0.2336
N42315 X3.2883 Y0.2257
N42320 X3.2744 Y0.1861
N42325 X3.2716 Y0.1782
N42330 X3.2618 Y0.1544
N42335 X3.2473 Y0.1306
N42340 X3.2324 Y0.1069
N42345 X3.2306 Y0.104
N42350 X3.2147 Y0.0808
N42355 X3.2125 Y0.078
N42360 X3.2098 Y0.0752
N42365 X3.1931 Y0.0581
N42370 X3.1908 Y0.0553
N42375 X3.1891 Y0.0521
N42380 X3.1883 Y0.0493 Z-0.236
N42385 X3.1876 Y0.0465 Z-0.2355
N42390 X3.187 Y0.0438 Z-0.2346
N42395 X3.1869 Y0.0422 Z-0.2339
N42400 X3.1875 Y0.0391 Z-0.232
N42405 X3.188 Y0.0362 Z-0.2297
N42410 X3.1884 Y0.0338 Z-0.2269
N42415 X3.1894 Y0.0319 Z-0.2237
N42420 X3.1901 Y0.0306 Z-0.2202
N42425 X3.1905 Y0.0298 Z-0.2164
N42430 X3.1906 Y0.0295 Z-0.2126
N42435 Z0.1969
N42440 X-0.0185 Y-0.2489
N42445 Z-0.2126
N42450 Z-0.2362
N42455 Z-0.315
N42460 G3 X0. Y-0.1203 I-0.5842 J0.1496
N42465 G1 Y-0.1147
N42470 X-0.0209 Y-0.0868
N42475 X-0.0366 Y-0.0556
N42480 X-0.0478 Y-0.0226
N42485 X-0.0557 Y0.0114
N42490 X-0.061 Y0.0459
N42495 X-0.0645 Y0.0806
N42500 X-0.0668 Y0.1154
N42505 X-0.0683 Y0.1503
N42510 X-0.0692 Y0.1851
N42515 X-0.0698 Y0.22
N42520 X-0.0702 Y0.2549
N42525 X-0.0704 Y0.2898
N42530 X-0.0706 Y0.3247
N42535 X-0.0708 Y0.3944
N42540 Y0.534
N42545 X-0.0709 Y1.8597
N42550 Y2.069
N42555 X-0.0604 Y2.1023
N42560 X-0.04 Y2.1306
N42565 X-0.0135 Y2.1532
N42570 X0.0169 Y2.1703
N42575 X0.0495 Y2.1828
N42580 X0.0833 Y2.1915
N42585 X0.1177 Y2.1974
N42590 X0.1524 Y2.2014
N42595 X0.1871 Y2.204
N42600 X0.222 Y2.2057
N42605 X0.2569 Y2.2068
N42610 X0.2917 Y2.2075
N42615 X0.3266 Y2.2079
N42620 X0.3615 Y2.2082
N42625 X0.3964 Y2.2084
N42630 X0.4549 Y2.2085
N42635 X0.4556
N42640 X0.4646 Y2.2087
N42645 X1.17
N42650 X1.2048 Y2.2104
N42655 X1.2397 Y2.2098
N42660 X1.2746 Y2.2094
N42665 X1.3095 Y2.2091
N42670 X1.3443 Y2.2089
N42675 X1.4141 Y2.2088
N42680 X1.5188 Y2.2087
N42685 X2.4607
N42690 X3.1585
N42695 X3.2631
N42700 X3.2804 Y2.2062
N42705 X3.3133 Y2.1947
N42710 X3.3413 Y2.1738
N42715 X3.3634 Y2.1469
N42720 X3.3801 Y2.1162
N42725 X3.3922 Y2.0835
N42730 X3.4007 Y2.0497
N42735 X3.4065 Y2.0153
N42740 X3.4103 Y1.9806
N42745 X3.4128 Y1.9458
N42750 X3.4145 Y1.9109
N42755 X3.4155 Y1.8761
N42760 X3.4162 Y1.8412
N42765 X3.4166 Y1.8063
N42770 X3.4169 Y1.7714
N42775 X3.417 Y1.7365
N42780 X3.4171 Y1.7017
N42785 X3.4172 Y1.6319
N42790 X3.4173 Y1.4574
N42795 Y0.4108
N42800 Y0.0794
N42805 X3.4107 Y0.0452
N42810 X3.393 Y0.0151
N42815 X3.368 Y-0.0092
N42820 X3.3385 Y-0.0279
N42825 X3.3064 Y-0.0416
N42830 X3.2729 Y-0.0514
N42835 X3.2387 Y-0.0581
N42840 X3.2041 Y-0.0626
N42845 X3.1694 Y-0.0656
N42850 X3.1345 Y-0.0675
N42855 X3.0997 Y-0.0687
N42860 X3.0648 Y-0.0695
N42865 X3.0299 Y-0.07
N42870 X2.995 Y-0.0703
N42875 X2.9601 Y-0.0705
N42880 X2.9252 Y-0.0706
N42885 X2.8915 Y-0.0707
N42890 X2.8908 Y-0.0708
N42895 X2.8818 Y-0.0709
N42900 X0.4725
N42905 X0.4377 Y-0.0726
N42910 X0.4028 Y-0.072
N42915 X0.3679 Y-0.0716
N42920 X0.333 Y-0.0713
N42925 X0.2982 Y-0.0711
N42930 X0.2284 Y-0.071
N42935 X0.1586 Y-0.0709
N42940 X0.1238 Y-0.0692
N42945 X0.0912 Y-0.0567
N42950 X0.0631 Y-0.036
N42955 X0.0401 Y-0.0098
N42960 X0.0221 Y0.0201
N42965 X0.0085 Y0.0522
N42970 X-0.0014 Y0.0857
N42975 X-0.0085 Y0.1198
N42980 X-0.0134 Y0.1544
N42985 X-0.0168 Y0.1891
N42990 X-0.0191 Y0.2239
N42995 X-0.0207 Y0.2587
N43000 X-0.0217 Y0.2936
N43005 X-0.0223 Y0.3285
N43010 X-0.0228 Y0.3634
N43015 X-0.0231 Y0.3983
N43020 X-0.0233 Y0.4332
N43025 X-0.0234 Y0.468
N43030 X-0.0235 Y0.5378
N43035 X-0.0236 Y0.6774
N43040 Y1.5146
N43045 Y1.9682
N43050 X-0.0206 Y2.0029
N43055 X-0.0087 Y2.0357
N43060 X0.0108 Y2.0646
N43065 X0.0359 Y2.0889
N43070 X0.0649 Y2.1083
N43075 X0.0963 Y2.1234
N43080 X0.1294 Y2.1346
N43085 X0.1633 Y2.1429
N43090 X0.1977 Y2.1487
N43095 X0.2298 Y2.1525
N43100 X0.241 Y2.1546
N43105 X0.2518 Y2.1581
N43110 X0.2621 Y2.1631
N43115 X0.2665 Y2.1655
N43120 X0.2744 Y2.1696
N43125 X0.2836 Y2.1734
N43130 X0.3299 Y2.1897
N43135 X0.3378 Y2.1923
N43140 X0.3539 Y2.1972
N43145 X0.3616 Y2.1991
N43150 X0.3774 Y2.2014
N43155 X0.3854 Y2.2024
N43160 X0.4329 Y2.2078
N43165 X0.4408 Y2.2082
N43170 X0.4556 Y2.2085
N43175 G3 X0.4692 Y2.2139 Z-0.3118 I-0.0014 J0.0236
N43180 G2 X0.4866 Y2.2277 Z-0.3071 I0.3434 J-0.417
N43185 X0.5888 Y2.2886 I0.3259 J-0.4308
N43190 X0.5986 Y2.2907 I0.0098 J-0.0215
N43195 G1 X1.0264 Y2.2908
N43200 G2 X1.0361 Y2.2887 I0. J-0.0236
N43205 X1.1388 Y2.2274 I-0.2236 J-0.4917
N43210 X1.1558 Y2.214 Z-0.3117 I-0.3262 J-0.4305
N43215 G3 X1.17 Y2.2087 Z-0.315 I0.015 J0.0182
N43220 G1 X1.1937
N43225 X1.2017 Y2.2084
N43230 X1.2175 Y2.2075
N43235 X1.2254 Y2.2064
N43240 X1.2413 Y2.2039
N43245 X1.2492 Y2.2025
N43250 X1.2651 Y2.1995
N43255 X1.273 Y2.1978
N43260 X1.2809 Y2.1952
N43265 X1.2888 Y2.192
N43270 X1.2908 Y2.1912
N43275 X1.3004 Y2.1875
N43280 X1.3109 Y2.1841
N43285 X1.3243 Y2.1804
N43290 X1.3417 Y2.1765
N43295 X1.3654 Y2.1724
N43300 X1.4001 Y2.1682
N43305 X1.4349 Y2.1656
N43310 X1.4697 Y2.1641
N43315 X1.5046 Y2.1631
N43320 X1.5395 Y2.1625
N43325 X1.5743 Y2.1621
N43330 X1.6092 Y2.1618
N43335 X1.6441 Y2.1617
N43340 X1.7139 Y2.1615
N43345 X1.8534 Y2.1614
N43350 X1.9768
N43355 X1.9915 Y2.1627
N43360 X2.0058 Y2.1664
N43365 X2.0192 Y2.1725
N43370 X2.0259 Y2.1763
N43375 X2.0357 Y2.1813
N43380 X2.0513 Y2.1893
N43385 X2.0576 Y2.192
N43390 X2.0655 Y2.1952
N43395 X2.0735 Y2.1978
N43400 X2.0814 Y2.1995
N43405 X2.0972 Y2.2025
N43410 X2.1052 Y2.2039
N43415 X2.121 Y2.2064
N43420 X2.1289 Y2.2075
N43425 X2.1448 Y2.2084
N43430 G3 X2.1669 Y2.2334 Z-0.3071 I-0.0014 J0.0236
N43435 X2.1432 Y2.2556 I-0.0236 J-0.0014
N43440 G1 X1.2862 Y2.2485
N43445 G3 X1.2644 Y2.2163 I0.0002 J-0.0236
N43450 G1 X1.2656 Y2.2136 Z-0.3077
N43455 X1.2671 Y2.2111 Z-0.3083
N43460 G3 X1.2908 Y2.1912 Z-0.315 I0.0507 J0.0362
N43465 G1 X1.2951 Y2.1893
N43470 X1.3126 Y2.1804
N43475 X1.3206 Y2.1763
N43480 X1.3397 Y2.1655
N43485 X1.3443 Y2.1628
N43490 X1.3454 Y2.162
N43495 X1.3503 Y2.1586
N43500 X1.3558 Y2.1554
N43505 X1.3627 Y2.1519
N43510 X1.3709 Y2.1481
N43515 X1.3805 Y2.1444
N43520 X1.3926 Y2.1402
N43525 X1.407 Y2.1361
N43530 X1.4258 Y2.1317
N43535 X1.4504 Y2.1272
N43540 X1.485 Y2.1226
N43545 X1.5197 Y2.1196
N43550 X1.5546 Y2.1177
N43555 X1.5894 Y2.1165
N43560 X1.6243 Y2.1157
N43565 X1.6592 Y2.1152
N43570 X1.6941 Y2.1148
N43575 X1.729 Y2.1146
N43580 X1.7639 Y2.1144
N43585 X1.8336 Y2.1143
N43590 X1.9034 Y2.1142
N43595 X1.9161 Y2.1144
N43600 X1.9294 Y2.1156
N43605 X1.9424 Y2.1189
N43610 X1.9547 Y2.1241
N43615 X1.966 Y2.1311
N43620 X1.9761 Y2.1398
N43625 X1.9784 Y2.142
N43630 X1.9867 Y2.1497
N43635 X1.9954 Y2.1576
N43640 X2.0021 Y2.1628
N43645 X2.0067 Y2.1655
N43650 X2.0192 Y2.1725
N43655 G3 X2.0271 Y2.205 Z-0.3071 I-0.0123 J0.0202
N43660 X2.0065 Y2.2163 I-0.0202 J-0.0123
N43665 G1 X1.3602 Y2.2036
N43670 G3 X1.3426 Y2.1952 I0.0005 J-0.0236
N43675 X1.3454 Y2.162 Z-0.315 I0.0181 J-0.0152
N43680 G1 X1.351 Y2.1576
N43685 X1.3602 Y2.1493
N43690 X1.3684 Y2.1418
N43695 X1.376 Y2.1341
N43700 X1.3809 Y2.1297
N43705 X1.3854 Y2.1259
N43710 X1.3904 Y2.1222
N43715 X1.3958 Y2.1186
N43720 X1.4024 Y2.1147
N43725 X1.4105 Y2.1104
N43730 X1.4197 Y2.106
N43735 X1.4302 Y2.1017
N43740 X1.4435 Y2.0969
N43745 X1.4586 Y2.0924
N43750 X1.478 Y2.0875
N43755 X1.5028 Y2.0825
N43760 X1.5362 Y2.0775
N43765 X1.5709 Y2.074
N43770 X1.6057 Y2.0717
N43775 X1.6405 Y2.0702
N43780 X1.6754 Y2.0691
N43785 X1.7103 Y2.0684
N43790 X1.7452 Y2.0679
N43795 X1.78 Y2.0676
N43800 X1.8149 Y2.0674
N43805 X1.8498 Y2.0673
N43810 X1.8702 Y2.0677
N43815 X1.8797 Y2.0684
N43820 X1.8948 Y2.0709
N43825 X1.9092 Y2.0759
N43830 X1.9224 Y2.0834
N43835 X1.9342 Y2.0931
N43840 X1.9441 Y2.1048
N43845 X1.9478 Y2.1101
N43850 X1.9546 Y2.1181
N43855 X1.9736 Y2.1372
N43860 X1.9761 Y2.1398
N43865 G3 X1.975 Y2.1732 Z-0.3071 I-0.0173 J0.0161
N43870 X1.9586 Y2.1795 I-0.0161 J-0.0173
N43875 G1 X1.3932 Y2.1737
N43880 G3 X1.3774 Y2.1675 I0.0002 J-0.0236
N43885 X1.376 Y2.1341 Z-0.315 I0.016 J-0.0174
N43890 G1 X1.3919 Y2.118
N43895 X1.3986 Y2.1101
N43900 X1.4022 Y2.105
N43905 X1.406 Y2.1001
N43910 X1.4099 Y2.0957
N43915 X1.4141 Y2.0915
N43920 X1.4185 Y2.0876
N43925 X1.4233 Y2.0837
N43930 X1.4289 Y2.0797
N43935 X1.4359 Y2.0751
N43940 X1.4433 Y2.0708
N43945 X1.4524 Y2.0661
N43950 X1.4635 Y2.061
N43955 X1.4754 Y2.0562
N43960 X1.4908 Y2.0509
N43965 X1.5079 Y2.0459
N43970 X1.5299 Y2.0406
N43975 X1.5581 Y2.0352
N43980 X1.5926 Y2.0304
N43985 X1.6273 Y2.0271
N43990 X1.6622 Y2.0248
N43995 X1.697 Y2.0232
N44000 X1.7319 Y2.0221
N44005 X1.7668 Y2.0214
N44010 X1.8016 Y2.0209
N44015 X1.8264 Y2.0214
N44020 X1.8411 Y2.0223
N44025 X1.8552 Y2.0239
N44030 X1.8653 Y2.0256
N44035 X1.8662 Y2.0258
N44040 X1.8809 Y2.0303
N44045 X1.8946 Y2.0374
N44050 X1.9067 Y2.0468
N44055 X1.9171 Y2.0581
N44060 X1.9252 Y2.0711
N44065 X1.933 Y2.0863
N44070 X1.9387 Y2.0966
N44075 X1.9422 Y2.1022
N44080 X1.9441 Y2.1048
N44085 G3 X1.9373 Y2.1375 Z-0.3071 I-0.0197 J0.013
N44090 X1.9244 Y2.1414 I-0.013 J-0.0197
N44095 G1 X1.422 Y2.1416
N44100 G3 X1.409 Y2.1377 I0. J-0.0236
N44105 X1.4022 Y2.105 Z-0.315 I0.013 J-0.0197
N44110 G1 X1.4042 Y2.1022
N44115 X1.4077 Y2.0966
N44120 X1.4135 Y2.0863
N44125 X1.4187 Y2.076
N44130 X1.4217 Y2.0709
N44135 X1.425 Y2.066
N44140 X1.4286 Y2.0614
N44145 X1.4326 Y2.057
N44150 X1.4368 Y2.0528
N44155 X1.4415 Y2.0485
N44160 X1.4472 Y2.0439
N44165 X1.4534 Y2.0393
N44170 X1.4611 Y2.0342
N44175 X1.4693 Y2.0293
N44180 X1.4796 Y2.0238
N44185 X1.4908 Y2.0185
N44190 X1.5044 Y2.0129
N44195 X1.5202 Y2.0073
N44200 X1.5391 Y2.0015
N44205 X1.5614 Y1.9959
N44210 X1.5901 Y1.9902
N44215 X1.6246 Y1.985
N44220 X1.6593 Y1.9813
N44225 X1.6941 Y1.9787
N44230 X1.7289 Y1.9769
N44235 X1.7638 Y1.9758
N44240 X1.7928 Y1.976
N44245 X1.81 Y1.9769
N44250 X1.8254 Y1.9785
N44255 X1.8363 Y1.9801
N44260 X1.8478 Y1.9825
N44265 X1.8525 Y1.9837
N44270 X1.8656 Y1.9882
N44275 X1.8778 Y1.995
N44280 X1.8887 Y2.0037
N44285 X1.8979 Y2.0141
N44290 X1.9052 Y2.0259
N44295 X1.9104 Y2.0388
N44300 X1.9209 Y2.0626
N44305 X1.9252 Y2.0711
N44310 G3 X1.9138 Y2.1025 Z-0.3071 I-0.0214 J0.01
N44315 X1.9041 Y2.1048 I-0.01 J-0.0214
N44320 G1 X1.4404 Y2.1096
N44325 G3 X1.4301 Y2.1074 I-0.0002 J-0.0236
N44330 X1.4187 Y2.076 Z-0.315 I0.01 J-0.0214
N44335 G1 X1.4256 Y2.0626
N44340 X1.4345 Y2.0424
N44345 X1.4371 Y2.0371
N44350 X1.4401 Y2.032
N44355 X1.4435 Y2.0272
N44360 X1.4471 Y2.0225
N44365 X1.451 Y2.0181
N44370 X1.4555 Y2.0136
N44375 X1.4606 Y2.0088
N44380 X1.4665 Y2.0039
N44385 X1.4735 Y1.9986
N44390 X1.4812 Y1.9933
N44395 X1.4904 Y1.9876
N44400 X1.5005 Y1.9821
N44405 X1.5131 Y1.9759
N44410 X1.5264 Y1.9702
N44415 X1.5435 Y1.9638
N44420 X1.562 Y1.9579
N44425 X1.585 Y1.9518
N44430 X1.6136 Y1.9456
N44435 X1.648 Y1.94
N44440 X1.6827 Y1.9359
N44445 X1.7175 Y1.9331
N44450 X1.749 Y1.9319
N44455 X1.7732 Y1.9321
N44460 X1.7915 Y1.9332
N44465 X1.8072 Y1.9348
N44470 X1.8185 Y1.9366
N44475 X1.8297 Y1.9389
N44480 X1.8389 Y1.9413
N44485 X1.8472 Y1.9438
N44490 X1.8483 Y1.9442
N44495 X1.8622 Y1.9508
N44500 X1.8747 Y1.9596
N44505 X1.8855 Y1.9705
N44510 X1.8941 Y1.9832
N44515 X1.9004 Y1.9972
N44520 X1.9042 Y2.0121
N44525 X1.9046 Y2.0151
N44530 X1.907 Y2.0272
N44535 X1.908 Y2.0309
N44540 X1.9104 Y2.0388
N44545 G3 X1.8938 Y2.0678 Z-0.3071 I-0.0228 J0.0061
N44550 G1 X1.8909 Y2.0684
N44555 X1.8879 Y2.0686
N44560 X1.4568 Y2.0747
N44565 X1.4537 Y2.0746
N44570 X1.4506 Y2.074
N44575 X1.4477 Y2.0731
N44580 G3 X1.4345 Y2.0424 Z-0.315 I0.0088 J-0.0219
N44585 G1 X1.436 Y2.0388
N44590 X1.4385 Y2.0309
N44595 X1.4394 Y2.0272
N44600 X1.4411 Y2.0186
N44605 X1.4425 Y2.0129
N44610 X1.4446 Y2.0074
N44615 X1.4471 Y2.002
N44620 X1.45 Y1.9969
N44625 X1.4533 Y1.992
N44630 X1.4568 Y1.9872
N44635 X1.4606 Y1.9826
N44640 X1.4653 Y1.9775
N44645 X1.4703 Y1.9725
N44650 X1.4765 Y1.9669
N44655 X1.4832 Y1.9614
N44660 X1.4913 Y1.9554
N44665 X1.5 Y1.9496
N44670 X1.5106 Y1.9433
N44675 X1.5221 Y1.9371
N44680 X1.5362 Y1.9305
N44685 X1.5515 Y1.9241
N44690 X1.5703 Y1.9174
N44695 X1.5917 Y1.9108
N44700 X1.6164 Y1.9046
N44705 X1.6456 Y1.8987
N44710 X1.6768 Y1.894
N44715 X1.7067 Y1.8909
N44720 X1.7325 Y1.8896
N44725 X1.7544 Y1.8895
N44730 X1.7736 Y1.8903
N44735 X1.7898 Y1.8919
N44740 X1.8021 Y1.8936
N44745 X1.8145 Y1.896
N44750 X1.8236 Y1.8982
N44755 X1.8334 Y1.9011
N44760 X1.8418 Y1.9041
N44765 X1.8489 Y1.9069
N44770 X1.8494 Y1.9072
N44775 X1.8621 Y1.9145
N44780 X1.8735 Y1.9238
N44785 X1.8831 Y1.9349
N44790 X1.8907 Y1.9475
N44795 X1.896 Y1.9612
N44800 X1.899 Y1.9756
N44805 X1.8999 Y1.9834
N44810 X1.9009 Y1.9913
N44815 X1.9042 Y2.0121
N44820 G3 X1.8836 Y2.0384 Z-0.3071 I-0.0234 J0.0029
N44825 G1 X1.8811 Y2.0386
N44830 X1.4649 Y2.046
N44835 X1.4628 Y2.0459
N44840 X1.4607 Y2.0457
N44845 G3 X1.4411 Y2.0186 Z-0.315 I0.0037 J-0.0233
N44850 G1 X1.4418 Y2.0151
N44855 X1.4456 Y1.9913
N44860 X1.4457 Y1.99
N44865 X1.4468 Y1.9842
N44870 X1.4483 Y1.9785
N44875 X1.4503 Y1.9729
N44880 X1.4528 Y1.9676
N44885 X1.4556 Y1.9624
N44890 X1.4587 Y1.9574
N44895 X1.4621 Y1.9525
N44900 X1.4661 Y1.9474
N44905 X1.4707 Y1.942
N44910 X1.4759 Y1.9364
N44915 X1.4821 Y1.9304
N44920 X1.4888 Y1.9246
N44925 X1.497 Y1.9181
N44930 X1.5057 Y1.9118
N44935 X1.5163 Y1.905
N44940 X1.5277 Y1.8984
N44945 X1.5412 Y1.8915
N44950 X1.5565 Y1.8845
N44955 X1.5736 Y1.8777
N44960 X1.594 Y1.8707
N44965 X1.6157 Y1.8645
N44970 X1.6392 Y1.8589
N44975 X1.664 Y1.8543
N44980 X1.6886 Y1.851
N44985 X1.7122 Y1.8489
N44990 X1.733 Y1.8482
N44995 X1.7523 Y1.8484
N45000 X1.7695 Y1.8494
N45005 X1.785 Y1.8511
N45010 X1.7984 Y1.8532
N45015 X1.8094 Y1.8555
N45020 X1.8203 Y1.8584
N45025 X1.8287 Y1.861
N45030 X1.8378 Y1.8643
N45035 X1.8454 Y1.8675
N45040 X1.8524 Y1.871
N45045 X1.8653 Y1.8795
N45050 X1.8764 Y1.8902
N45055 X1.8854 Y1.9026
N45060 X1.8921 Y1.9165
N45065 X1.8962 Y1.9313
N45070 X1.8977 Y1.9467
N45075 Y1.9596
N45080 X1.898 Y1.9676
N45085 X1.899 Y1.9756
N45090 G3 X1.8774 Y2.0011 Z-0.3071 I-0.0235 J0.002
N45095 G1 X1.8763
N45100 X1.4701 Y2.0157
N45105 X1.4671 Y2.0156
N45110 G3 X1.4457 Y1.99 Z-0.315 I0.0021 J-0.0235
N45115 G1 X1.4466 Y1.9834
N45120 X1.4484 Y1.9676
N45125 X1.4487 Y1.9596
N45130 X1.4491 Y1.9537
N45135 X1.4502 Y1.948
N45140 X1.4519 Y1.9423
N45145 X1.454 Y1.9368
N45150 X1.4565 Y1.9314
N45155 X1.4593 Y1.9262
N45160 X1.4624 Y1.921
N45165 X1.466 Y1.9158
N45170 X1.4701 Y1.9102
N45175 X1.475 Y1.9044
N45180 X1.4805 Y1.8984
N45185 X1.487 Y1.8919
N45190 X1.494 Y1.8856
N45195 X1.5024 Y1.8787
N45200 X1.5116 Y1.8719
N45205 X1.5222 Y1.8649
N45210 X1.5346 Y1.8575
N45215 X1.5476 Y1.8506
N45220 X1.5628 Y1.8434
N45225 X1.58 Y1.8363
N45230 X1.5978 Y1.8299
N45235 X1.6175 Y1.8239
N45240 X1.6387 Y1.8186
N45245 X1.6603 Y1.8143
N45250 X1.6819 Y1.811
N45255 X1.7031 Y1.8089
N45260 X1.7234 Y1.8078
N45265 X1.7419
N45270 X1.7589 Y1.8086
N45275 X1.7747 Y1.8101
N45280 X1.7892 Y1.8122
N45285 X1.8023 Y1.8147
N45290 X1.8124 Y1.8172
N45295 X1.8233 Y1.8204
N45300 X1.8319 Y1.8234
N45305 X1.8397 Y1.8266
N45310 X1.848 Y1.8305
N45315 X1.8546 Y1.834
N45320 X1.855 Y1.8342
N45325 X1.8672 Y1.8429
N45330 X1.8777 Y1.8535
N45335 X1.8862 Y1.8658
N45340 X1.8925 Y1.8794
N45345 X1.8963 Y1.8939
N45350 X1.8976 Y1.9088
N45355 X1.8977 Y1.9454
N45360 Y1.9467
N45365 G3 X1.8748 Y1.9696 Z-0.3074 I-0.0236 J-0.0007
N45370 G1 X1.8734 Z-0.3071
N45375 X1.4731 Y1.9825
N45380 X1.473
N45385 G3 X1.4487 Y1.9596 Z-0.315 I-0.0007 J-0.0236
N45390 G1 X1.4488 Y1.9359
N45395 Y1.9296
N45400 X1.4491 Y1.9237
N45405 X1.4499 Y1.9178
N45410 X1.4512 Y1.9121
N45415 X1.453 Y1.9064
N45420 X1.4551 Y1.9009
N45425 X1.4576 Y1.8956
N45430 X1.4603 Y1.8903
N45435 X1.4635 Y1.8849
N45440 X1.4672 Y1.8792
N45445 X1.4717 Y1.8731
N45450 X1.4766 Y1.867
N45455 X1.4824 Y1.8605
N45460 X1.489 Y1.8538
N45465 X1.4963 Y1.847
N45470 X1.5051 Y1.8397
N45475 X1.5143 Y1.8326
N45480 X1.525 Y1.8253
N45485 X1.5372 Y1.8178
N45490 X1.5501 Y1.8107
N45495 X1.5647 Y1.8036
N45500 X1.5809 Y1.7966
N45505 X1.5984 Y1.7901
N45510 X1.6166 Y1.7843
N45515 X1.6358 Y1.7792
N45520 X1.6558 Y1.7749
N45525 X1.6759 Y1.7716
N45530 X1.6959 Y1.7693
N45535 X1.7153 Y1.7681
N45540 X1.7337 Y1.7678
N45545 X1.7507 Y1.7683
N45550 X1.767 Y1.7696
N45555 X1.7819 Y1.7716
N45560 X1.7956 Y1.774
N45565 X1.8081 Y1.7769
N45570 X1.818 Y1.7797
N45575 X1.8285 Y1.7833
N45580 X1.8366 Y1.7864
N45585 X1.8446 Y1.79
N45590 X1.8524 Y1.794
N45595 X1.854 Y1.7949
N45600 X1.8665 Y1.8036
N45605 X1.8772 Y1.8142
N45610 X1.8859 Y1.8266
N45615 X1.8924 Y1.8404
N45620 X1.8963 Y1.855
N45625 X1.8976 Y1.8701
N45630 Y1.9088
N45635 G3 X1.8753 Y1.9316 Z-0.3075 I-0.0236 J-0.0008
N45640 G1 X1.8732 Y1.9317 Z-0.3071
N45645 X1.4736 Y1.9523
N45650 X1.4732 Y1.9524
N45655 G3 X1.4488 Y1.9296 Z-0.315 I-0.0008 J-0.0236
N45660 G1 Y1.8939
N45665 X1.4491 Y1.888
N45670 X1.4499 Y1.8822
N45675 X1.4512 Y1.8764
N45680 X1.4529 Y1.8707
N45685 X1.4549 Y1.8652
N45690 X1.4573 Y1.8598
N45695 X1.4601 Y1.8543
N45700 X1.4632 Y1.8488
N45705 X1.467 Y1.8428
N45710 X1.4713 Y1.8366
N45715 X1.4763 Y1.8302
N45720 X1.4821 Y1.8233
N45725 X1.4885 Y1.8166
N45730 X1.4959 Y1.8094
N45735 X1.5044 Y1.8021
N45740 X1.5135 Y1.7949
N45745 X1.5241 Y1.7873
N45750 X1.536 Y1.7797
N45755 X1.5484 Y1.7726
N45760 X1.5624 Y1.7654
N45765 X1.5778 Y1.7585
N45770 X1.5944 Y1.7519
N45775 X1.6118 Y1.746
N45780 X1.6298 Y1.7408
N45785 X1.6487 Y1.7364
N45790 X1.668 Y1.7329
N45795 X1.6873 Y1.7303
N45800 X1.7063 Y1.7287
N45805 X1.7247 Y1.7281
N45810 X1.7423 Y1.7283
N45815 X1.7587 Y1.7294
N45820 X1.7744 Y1.7311
N45825 X1.7888 Y1.7334
N45830 X1.8021 Y1.7362
N45835 X1.8129 Y1.7391
N45840 X1.8239 Y1.7425
N45845 X1.8329 Y1.7459
N45850 X1.8408 Y1.7492
N45855 X1.8492 Y1.7534
N45860 X1.8562 Y1.7572
N45865 X1.8681 Y1.7659
N45870 X1.8783 Y1.7765
N45875 X1.8866 Y1.7887
N45880 X1.8927 Y1.8021
N45885 X1.8964 Y1.8164
N45890 X1.8976 Y1.8311
N45895 Y1.8701
N45900 G3 X1.8754 Y1.8929 Z-0.3076 I-0.0236 J-0.0008
N45905 G1 X1.8732 Y1.893 Z-0.3071
N45910 X1.4738 Y1.9167
N45915 X1.4732
N45920 G3 X1.4488 Y1.8939 Z-0.315 I-0.0008 J-0.0236
N45925 G1 Y1.8567
N45930 X1.4491 Y1.8508
N45935 X1.4499 Y1.845
N45940 X1.4511 Y1.8392
N45945 X1.4528 Y1.8335
N45950 X1.4548 Y1.828
N45955 X1.4571 Y1.8225
N45960 X1.4598 Y1.8169
N45965 X1.4629 Y1.8113
N45970 X1.4667 Y1.8052
N45975 X1.471 Y1.7988
N45980 X1.476 Y1.7923
N45985 X1.4818 Y1.7853
N45990 X1.4882 Y1.7784
N45995 X1.4955 Y1.7712
N46000 X1.504 Y1.7637
N46005 X1.5131 Y1.7563
N46010 X1.5233 Y1.7488
N46015 X1.5349 Y1.7412
N46020 X1.5475 Y1.7338
N46025 X1.5608 Y1.7268
N46030 X1.5756 Y1.7199
N46035 X1.5915 Y1.7134
N46040 X1.6085 Y1.7074
N46045 X1.6264 Y1.7021
N46050 X1.6447 Y1.6976
N46055 X1.6634 Y1.694
N46060 X1.6822 Y1.6912
N46065 X1.7008 Y1.6895
N46070 X1.7191 Y1.6886
N46075 X1.7368 Y1.6887
N46080 X1.7536 Y1.6895
N46085 X1.7697 Y1.6911
N46090 X1.7845 Y1.6933
N46095 X1.7981 Y1.6961
N46100 X1.8106 Y1.6992
N46105 X1.8205 Y1.7022
N46110 X1.8309 Y1.7059
N46115 X1.8388 Y1.7092
N46120 X1.8469 Y1.713
N46125 X1.8546 Y1.7171
N46130 X1.8554 Y1.7176
N46135 X1.8675 Y1.7263
N46140 X1.8779 Y1.7369
N46145 X1.8863 Y1.7492
N46150 X1.8926 Y1.7627
N46155 X1.8964 Y1.7771
N46160 X1.8976 Y1.792
N46165 Y1.8311
N46170 G3 X1.8755 Y1.8538 Z-0.3076 I-0.0236 J-0.0008
N46175 G1 X1.8732 Y1.854 Z-0.3071
N46180 X1.4739 Y1.8795
N46185 X1.4732
N46190 G3 X1.4488 Y1.8567 Z-0.315 I-0.0008 J-0.0236
N46195 G1 Y1.8187
N46200 X1.4491 Y1.8128
N46205 X1.4499 Y1.807
N46210 X1.4511 Y1.8012
N46215 X1.4527 Y1.7955
N46220 X1.4546 Y1.7899
N46225 X1.4569 Y1.7845
N46230 X1.4596 Y1.7788
N46235 X1.4627 Y1.7731
N46240 X1.4664 Y1.767
N46245 X1.4707 Y1.7605
N46250 X1.4756 Y1.754
N46255 X1.4814 Y1.7469
N46260 X1.4877 Y1.7399
N46265 X1.4949 Y1.7327
N46270 X1.5032 Y1.7252
N46275 X1.5123 Y1.7177
N46280 X1.5223 Y1.7103
N46285 X1.5336 Y1.7027
N46290 X1.5462 Y1.6952
N46295 X1.5593 Y1.6881
N46300 X1.5737 Y1.6813
N46305 X1.5892 Y1.6748
N46310 X1.6058 Y1.6688
N46315 X1.6232 Y1.6634
N46320 X1.6412 Y1.6588
N46325 X1.6596 Y1.6551
N46330 X1.6782 Y1.6522
N46335 X1.6968 Y1.6503
N46340 X1.7151 Y1.6493
N46345 X1.7329 Y1.6492
N46350 X1.7501 Y1.6499
N46355 X1.7663 Y1.6514
N46360 X1.7814 Y1.6535
N46365 X1.7952 Y1.6561
N46370 X1.8081 Y1.6593
N46375 X1.8183 Y1.6622
N46380 X1.829 Y1.666
N46385 X1.8372 Y1.6693
N46390 X1.8453 Y1.673
N46395 X1.8532 Y1.6771
N46400 X1.8548 Y1.678
N46405 X1.867 Y1.6867
N46410 X1.8776 Y1.6974
N46415 X1.8862 Y1.7097
N46420 X1.8925 Y1.7233
N46425 X1.8963 Y1.7378
N46430 X1.8976 Y1.7528
N46435 Y1.792
N46440 G3 X1.8756 Y1.8147 Z-0.3076 I-0.0236 J-0.0008
N46445 G1 X1.8732 Y1.8149 Z-0.3071
N46450 X1.474 Y1.8415
N46455 X1.4732
N46460 G3 X1.4488 Y1.8187 Z-0.315 I-0.0008 J-0.0236
N46465 G1 Y1.7811
N46470 X1.4491 Y1.7752
N46475 X1.4497 Y1.7693
N46480 X1.4508 Y1.7635
N46485 X1.4524 Y1.7578
N46490 X1.4542 Y1.7522
N46495 X1.4564 Y1.7467
N46500 X1.459 Y1.7411
N46505 X1.4619 Y1.7354
N46510 X1.4655 Y1.7293
N46515 X1.4697 Y1.7229
N46520 X1.4744 Y1.7164
N46525 X1.48 Y1.7093
N46530 X1.4862 Y1.7024
N46535 X1.4932 Y1.6952
N46540 X1.5013 Y1.6876
N46545 X1.51 Y1.6802
N46550 X1.5197 Y1.6728
N46555 X1.5308 Y1.6651
N46560 X1.5429 Y1.6576
N46565 X1.5557 Y1.6505
N46570 X1.5696 Y1.6436
N46575 X1.5848 Y1.637
N46580 X1.601 Y1.6309
N46585 X1.6181 Y1.6254
N46590 X1.6358 Y1.6206
N46595 X1.654 Y1.6166
N46600 X1.6724 Y1.6135
N46605 X1.691 Y1.6113
N46610 X1.7094 Y1.6101
N46615 X1.7273 Y1.6097
N46620 X1.7447 Y1.6102
N46625 X1.761 Y1.6114
N46630 X1.7767 Y1.6134
N46635 X1.791 Y1.6159
N46640 X1.8043 Y1.6189
N46645 X1.8149 Y1.6219
N46650 X1.8259 Y1.6256
N46655 X1.8347 Y1.629
N46660 X1.8427 Y1.6325
N46665 X1.851 Y1.6367
N46670 X1.8537 Y1.6382
N46675 X1.8662 Y1.6468
N46680 X1.8771 Y1.6575
N46685 X1.8858 Y1.67
N46690 X1.8923 Y1.6837
N46695 X1.8963 Y1.6984
N46700 X1.8976 Y1.7136
N46705 Y1.7528
N46710 G3 X1.8757 Y1.7755 Z-0.3076 I-0.0236 J-0.0008
N46715 G1 X1.8732 Y1.7757 Z-0.3071
N46720 X1.4741 Y1.8038
N46725 X1.4732 Y1.8039
N46730 G3 X1.4488 Y1.7811 Z-0.315 I-0.0008 J-0.0236
N46735 G1 Y1.7415
N46740 X1.4491 Y1.7356
N46745 X1.4498 Y1.7297
N46750 X1.4509 Y1.7239
N46755 X1.4524 Y1.7182
N46760 X1.4543 Y1.7126
N46765 X1.4565 Y1.7072
N46770 X1.4591 Y1.7016
N46775 X1.4622 Y1.6957
N46780 X1.4657 Y1.6897
N46785 X1.47 Y1.6832
N46790 X1.4747 Y1.6766
N46795 X1.4802 Y1.6697
N46800 X1.4867 Y1.6624
N46805 X1.4937 Y1.6553
N46810 X1.5016 Y1.6479
N46815 X1.5107 Y1.6403
N46820 X1.5205 Y1.6328
N46825 X1.5312 Y1.6254
N46830 X1.5433 Y1.6179
N46835 X1.5566 Y1.6106
N46840 X1.5706 Y1.6037
N46845 X1.5854 Y1.5973
N46850 X1.6014 Y1.5913
N46855 X1.6183 Y1.5858
N46860 X1.636 Y1.5811
N46865 X1.6542 Y1.5772
N46870 X1.6726 Y1.5741
N46875 X1.6912 Y1.5719
N46880 X1.7096 Y1.5707
N46885 X1.7277 Y1.5704
N46890 X1.7452 Y1.5709
N46895 X1.7617 Y1.5722
N46900 X1.777 Y1.5741
N46905 X1.7911 Y1.5767
N46910 X1.8045 Y1.5797
N46915 X1.8151 Y1.5827
N46920 X1.8263 Y1.5864
N46925 X1.8348 Y1.5897
N46930 X1.8431 Y1.5934
N46935 X1.8512 Y1.5975
N46940 X1.8538 Y1.599
N46945 X1.8663 Y1.6077
N46950 X1.8771 Y1.6184
N46955 X1.8859 Y1.6308
N46960 X1.8923 Y1.6445
N46965 X1.8963 Y1.6592
N46970 X1.8976 Y1.6743
N46975 Y1.7136
N46980 G3 X1.8757 Y1.7363 Z-0.3076 I-0.0236 J-0.0008
N46985 G1 X1.8732 Y1.7365 Z-0.3071
N46990 X1.4741 Y1.7643
N46995 X1.4732
N47000 G3 X1.4488 Y1.7415 Z-0.315 I-0.0008 J-0.0236
N47005 G1 Y1.7019
N47010 X1.4491 Y1.696
N47015 X1.4498 Y1.6902
N47020 X1.4509 Y1.6844
N47025 X1.4525 Y1.6787
N47030 X1.4544 Y1.6731
N47035 X1.4566 Y1.6676
N47040 X1.4592 Y1.662
N47045 X1.4623 Y1.656
N47050 X1.4658 Y1.65
N47055 X1.4702 Y1.6435
N47060 X1.4749 Y1.6369
N47065 X1.4805 Y1.63
N47070 X1.487 Y1.6227
N47075 X1.494 Y1.6156
N47080 X1.502 Y1.6081
N47085 X1.5111 Y1.6005
N47090 X1.5209 Y1.593
N47095 X1.5316 Y1.5857
N47100 X1.5437 Y1.5782
N47105 X1.5569 Y1.5709
N47110 X1.571 Y1.5641
N47115 X1.5858 Y1.5577
N47120 X1.6017 Y1.5517
N47125 X1.6186 Y1.5463
N47130 X1.6362 Y1.5416
N47135 X1.6544 Y1.5377
N47140 X1.673 Y1.5347
N47145 X1.6916 Y1.5325
N47150 X1.71 Y1.5313
N47155 X1.728 Y1.531
N47160 X1.7455 Y1.5316
N47165 X1.762 Y1.5329
N47170 X1.7773 Y1.5349
N47175 X1.7914 Y1.5374
N47180 X1.8047 Y1.5405
N47185 X1.8153 Y1.5435
N47190 X1.8265 Y1.5472
N47195 X1.835 Y1.5505
N47200 X1.8433 Y1.5543
N47205 X1.8502 Y1.5578
N47210 X1.8637 Y1.5662
N47215 X1.8753 Y1.577
N47220 X1.8848 Y1.5897
N47225 X1.8919 Y1.6039
N47230 X1.8962 Y1.6192
N47235 X1.8976 Y1.635
N47240 Y1.6743
N47245 G3 X1.8756 Y1.6971 Z-0.3076 I-0.0236 J-0.0008
N47250 G1 X1.8732 Y1.6972 Z-0.3071
N47255 X1.474 Y1.7247
N47260 X1.4732
N47265 G3 X1.4488 Y1.7019 Z-0.315 I-0.0008 J-0.0236
N47270 G1 Y1.6623
N47275 X1.4491 Y1.6564
N47280 X1.4498 Y1.6506
N47285 X1.451 Y1.6448
N47290 X1.4525 Y1.6391
N47295 X1.4544 Y1.6335
N47300 X1.4566 Y1.628
N47305 X1.4593 Y1.6224
N47310 X1.4624 Y1.6165
N47315 X1.466 Y1.6104
N47320 X1.4703 Y1.6038
N47325 X1.4751 Y1.5972
N47330 X1.4806 Y1.5904
N47335 X1.4871 Y1.5831
N47340 X1.4941 Y1.5759
N47345 X1.5021 Y1.5685
N47350 X1.5113 Y1.5609
N47355 X1.5211 Y1.5534
N47360 X1.5318 Y1.5461
N47365 X1.5439 Y1.5387
N47370 X1.5571 Y1.5314
N47375 X1.5711 Y1.5245
N47380 X1.5859 Y1.5182
N47385 X1.6019 Y1.5122
N47390 X1.6188 Y1.5069
N47395 X1.6365 Y1.5022
N47400 X1.6547 Y1.4983
N47405 X1.6732 Y1.4953
N47410 X1.6918 Y1.4931
N47415 X1.7102 Y1.492
N47420 X1.7282 Y1.4917
N47425 X1.7457 Y1.4922
N47430 X1.7622 Y1.4936
N47435 X1.7775 Y1.4956
N47440 X1.7916 Y1.4981
N47445 X1.8042 Y1.5011
N47450 X1.8163 Y1.5045
N47455 X1.8266 Y1.5079
N47460 X1.8349 Y1.5112
N47465 X1.844 Y1.5153
N47470 X1.8513 Y1.519
N47475 X1.854 Y1.5206
N47480 X1.8665 Y1.5292
N47485 X1.8772 Y1.5399
N47490 X1.886 Y1.5523
N47495 X1.8924 Y1.566
N47500 X1.8963 Y1.5807
N47505 X1.8976 Y1.5958
N47510 Y1.635
N47515 G3 X1.8756 Y1.6578 Z-0.3076 I-0.0236 J-0.0008
N47520 G1 X1.8732 Y1.6579 Z-0.3071
N47525 X1.474 Y1.6851
N47530 X1.4732
N47535 G3 X1.4488 Y1.6623 Z-0.315 I-0.0008 J-0.0236
N47540 G1 Y1.6227
N47545 X1.4491 Y1.6168
N47550 X1.4498 Y1.611
N47555 X1.451 Y1.6052
N47560 X1.4526 Y1.5995
N47565 X1.4545 Y1.5939
N47570 X1.4567 Y1.5884
N47575 X1.4593 Y1.5828
N47580 X1.4624 Y1.5769
N47585 X1.466 Y1.5708
N47590 X1.4704 Y1.5642
N47595 X1.4752 Y1.5577
N47600 X1.4807 Y1.5508
N47605 X1.4872 Y1.5435
N47610 X1.4943 Y1.5363
N47615 X1.5023 Y1.5289
N47620 X1.5114 Y1.5213
N47625 X1.5213 Y1.5139
N47630 X1.532 Y1.5065
N47635 X1.5441 Y1.4991
N47640 X1.5573 Y1.4919
N47645 X1.5714 Y1.485
N47650 X1.5862 Y1.4787
N47655 X1.6021 Y1.4728
N47660 X1.6191 Y1.4674
N47665 X1.6367 Y1.4627
N47670 X1.6549 Y1.4589
N47675 X1.6735 Y1.4559
N47680 X1.692 Y1.4538
N47685 X1.7104 Y1.4526
N47690 X1.7284 Y1.4523
N47695 X1.7458 Y1.4529
N47700 X1.7625 Y1.4543
N47705 X1.7777 Y1.4563
N47710 X1.7919 Y1.4589
N47715 X1.8052 Y1.462
N47720 X1.8157 Y1.465
N47725 X1.8269 Y1.4687
N47730 X1.8353 Y1.4721
N47735 X1.8436 Y1.4758
N47740 X1.8517 Y1.4799
N47745 X1.8581 Y1.4836
N47750 X1.8588 Y1.484
N47755 X1.8713 Y1.4938
N47760 X1.8818 Y1.5056
N47765 X1.89 Y1.5192
N47770 X1.8956 Y1.534
N47775 X1.8984 Y1.5496
N47780 X1.8983 Y1.5654
N47785 X1.8977 Y1.5717
N47790 X1.8976 Y1.5958
N47795 G3 X1.8756 Y1.6185 Z-0.3076 I-0.0236 J-0.0008
N47800 G1 X1.8732 Y1.6187 Z-0.3071
N47805 X1.474 Y1.6455
N47810 X1.4732
N47815 G3 X1.4488 Y1.6227 Z-0.315 I-0.0008 J-0.0236
N47820 G1 Y1.5832
N47825 X1.4491 Y1.5773
N47830 X1.4498 Y1.5714
N47835 X1.451 Y1.5656
N47840 X1.4526 Y1.5599
N47845 X1.4545 Y1.5543
N47850 X1.4567 Y1.5489
N47855 X1.4594 Y1.5432
N47860 X1.4625 Y1.5373
N47865 X1.4661 Y1.5312
N47870 X1.4705 Y1.5246
N47875 X1.4753 Y1.5181
N47880 X1.4809 Y1.5112
N47885 X1.4874 Y1.5039
N47890 X1.4944 Y1.4967
N47895 X1.5025 Y1.4893
N47900 X1.5117 Y1.4817
N47905 X1.5215 Y1.4743
N47910 X1.5323 Y1.4669
N47915 X1.5443 Y1.4595
N47920 X1.5576 Y1.4523
N47925 X1.5717 Y1.4455
N47930 X1.5865 Y1.4391
N47935 X1.6025 Y1.4332
N47940 X1.6194 Y1.4279
N47945 X1.6371 Y1.4233
N47950 X1.6553 Y1.4194
N47955 X1.6738 Y1.4164
N47960 X1.6924 Y1.4144
N47965 X1.7108 Y1.4132
N47970 X1.7289 Y1.413
N47975 X1.7463 Y1.4136
N47980 X1.7628 Y1.415
N47985 X1.7781 Y1.417
N47990 X1.7922 Y1.4196
N47995 X1.8056 Y1.4228
N48000 X1.8171 Y1.426
N48005 X1.8268 Y1.4293
N48010 X1.8369 Y1.4333
N48015 X1.8445 Y1.4368
N48020 X1.8522 Y1.4407
N48025 X1.8598 Y1.4451
N48030 X1.8658 Y1.4489
N48035 X1.8666 Y1.4495
N48040 X1.8785 Y1.4598
N48045 X1.8884 Y1.4719
N48050 X1.8959 Y1.4857
N48055 X1.9008 Y1.5006
N48060 X1.9029 Y1.5161
N48065 X1.9022 Y1.5318
N48070 X1.9 Y1.5479
N48075 X1.8983 Y1.5654
N48080 G3 X1.8761 Y1.5859 Z-0.308 I-0.0234 J-0.0031
N48085 G1 X1.8718 Y1.5861 Z-0.3071
N48090 X1.4736 Y1.6059
N48095 X1.4732
N48100 G3 X1.4488 Y1.5832 Z-0.315 I-0.0008 J-0.0236
N48105 G1 Y1.5717
N48110 X1.4468 Y1.5515
N48115 X1.4465 Y1.5456
N48120 X1.4468 Y1.5397
N48125 X1.4476 Y1.5338
N48130 X1.4488 Y1.5281
N48135 X1.4504 Y1.5224
N48140 X1.4524 Y1.5168
N48145 X1.4546 Y1.5113
N48150 X1.4573 Y1.5054
N48155 X1.4604 Y1.4995
N48160 X1.4642 Y1.4932
N48165 X1.4686 Y1.4865
N48170 X1.4734 Y1.4799
N48175 X1.4792 Y1.4728
N48180 X1.4857 Y1.4655
N48185 X1.4928 Y1.4582
N48190 X1.501 Y1.4507
N48195 X1.5102 Y1.4429
N48200 X1.52 Y1.4355
N48205 X1.5309 Y1.4281
N48210 X1.5431 Y1.4206
N48215 X1.5564 Y1.4133
N48220 X1.5704 Y1.4065
N48225 X1.5853 Y1.4001
N48230 X1.6014 Y1.3941
N48235 X1.6184 Y1.3887
N48240 X1.6361 Y1.3841
N48245 X1.6544 Y1.3802
N48250 X1.673 Y1.3772
N48255 X1.6916 Y1.375
N48260 X1.71 Y1.3739
N48265 X1.728 Y1.3736
N48270 X1.7455 Y1.3742
N48275 X1.7623 Y1.3756
N48280 X1.7778 Y1.3776
N48285 X1.7921 Y1.3802
N48290 X1.8055 Y1.3833
N48295 X1.8181 Y1.3869
N48300 X1.8288 Y1.3905
N48305 X1.8382 Y1.3942
N48310 X1.8477 Y1.3985
N48315 X1.8549 Y1.4022
N48320 X1.8625 Y1.4065
N48325 X1.8697 Y1.4111
N48330 X1.8753 Y1.4151
N48335 X1.8803 Y1.4191
N48340 X1.8905 Y1.4286
N48345 X1.8988 Y1.4397
N48350 X1.9051 Y1.4521
N48355 X1.9092 Y1.4654
N48360 X1.9109 Y1.4792
N48365 X1.9101 Y1.4931
N48370 X1.907 Y1.5067
N48375 X1.9048 Y1.5162
N48380 X1.9032 Y1.5242
N48385 X1.9022 Y1.5318
N48390 G3 X1.8801 Y1.5513 Z-0.3082 I-0.0233 J-0.004
N48395 G1 X1.8749 Y1.5516 Z-0.3071
N48400 X1.4733 Y1.5719
N48405 X1.4714 Y1.572 Z-0.3075
N48410 G3 X1.4468 Y1.5515 Z-0.315 I-0.0012 J-0.0236
N48415 G1 X1.4464 Y1.5479
N48420 X1.4443 Y1.5321
N48425 X1.4432 Y1.5242
N48430 X1.443 Y1.5229
N48435 X1.4421 Y1.517
N48440 X1.4418 Y1.5111
N48445 X1.4421 Y1.5052
N48450 X1.4429 Y1.4994
N48455 X1.4441 Y1.4936
N48460 X1.4456 Y1.4879
N48465 X1.4475 Y1.4823
N48470 X1.4497 Y1.4765
N48475 X1.4523 Y1.4708
N48480 X1.4555 Y1.4646
N48485 X1.4592 Y1.458
N48490 X1.4634 Y1.4514
N48495 X1.4684 Y1.4444
N48500 X1.4741 Y1.4371
N48505 X1.4803 Y1.4299
N48510 X1.4876 Y1.4223
N48515 X1.4958 Y1.4145
N48520 X1.5046 Y1.4069
N48525 X1.5145 Y1.3992
N48530 X1.5255 Y1.3915
N48535 X1.5376 Y1.3838
N48540 X1.5504 Y1.3766
N48545 X1.5643 Y1.3695
N48550 X1.5794 Y1.3628
N48555 X1.5955 Y1.3565
N48560 X1.6126 Y1.3509
N48565 X1.6302 Y1.3459
N48570 X1.6484 Y1.3418
N48575 X1.6669 Y1.3385
N48580 X1.6856 Y1.3361
N48585 X1.7043 Y1.3346
N48590 X1.7225 Y1.3341
N48595 X1.7402 Y1.3344
N48600 X1.7573 Y1.3356
N48605 X1.7736 Y1.3375
N48610 X1.789 Y1.3401
N48615 X1.8032 Y1.3432
N48620 X1.8162 Y1.3467
N48625 X1.8286 Y1.3506
N48630 X1.84 Y1.3549
N48635 X1.8497 Y1.3591
N48640 X1.8597 Y1.3641
N48645 X1.8674 Y1.3683
N48650 X1.8748 Y1.3729
N48655 X1.8819 Y1.3778
N48660 X1.8875 Y1.3821
N48665 X1.8934 Y1.3871
N48670 X1.8944 Y1.388
N48675 X1.9045 Y1.3991
N48680 X1.9124 Y1.4118
N48685 X1.9181 Y1.4256
N48690 X1.9213 Y1.4402
N48695 X1.922 Y1.4552
N48700 X1.92 Y1.47
N48705 X1.9156 Y1.4843
N48710 X1.9113 Y1.4949
N48715 X1.909 Y1.5004
N48720 X1.907 Y1.5067
N48725 G3 X1.8859 Y1.5222 Z-0.309 I-0.0222 J-0.008
N48730 G1 X1.8835 Y1.5223 Z-0.3085
N48735 X1.8766 Y1.5226 Z-0.3071
N48740 X1.4715 Y1.5407
N48745 X1.467 Y1.5409 Z-0.308
N48750 G3 X1.443 Y1.5229 Z-0.315 I-0.0011 J-0.0236
N48755 G1 X1.4416 Y1.5162
N48760 X1.4394 Y1.5067
N48765 X1.4374 Y1.5004
N48770 X1.4369 Y1.4991
N48775 X1.435 Y1.4935
N48780 X1.434 Y1.4877
N48785 X1.4337 Y1.4818
N48790 X1.4338 Y1.4759
N48795 X1.4345 Y1.47
N48800 X1.4355 Y1.4642
N48805 X1.4368 Y1.4584
N48810 X1.4385 Y1.4528
N48815 X1.4405 Y1.4471
N48820 X1.443 Y1.4409
N48825 X1.4459 Y1.4346
N48830 X1.4493 Y1.428
N48835 X1.4534 Y1.421
N48840 X1.4581 Y1.4139
N48845 X1.4634 Y1.4066
N48850 X1.4696 Y1.3988
N48855 X1.4765 Y1.3911
N48860 X1.484 Y1.3833
N48865 X1.4927 Y1.3753
N48870 X1.5024 Y1.3671
N48875 X1.5127 Y1.3593
N48880 X1.5241 Y1.3514
N48885 X1.5368 Y1.3436
N48890 X1.5506 Y1.3359
N48895 X1.5654 Y1.3287
N48900 X1.5807 Y1.3221
N48905 X1.5971 Y1.3159
N48910 X1.6145 Y1.3104
N48915 X1.6325 Y1.3055
N48920 X1.6511 Y1.3015
N48925 X1.67 Y1.2984
N48930 X1.689 Y1.2962
N48935 X1.7079 Y1.2949
N48940 X1.7266 Y1.2946
N48945 X1.7448 Y1.2951
N48950 X1.7623 Y1.2965
N48955 X1.779 Y1.2987
N48960 X1.7946 Y1.3015
N48965 X1.8094 Y1.3049
N48970 X1.8233 Y1.3088
N48975 X1.8363 Y1.3131
N48980 X1.8482 Y1.3177
N48985 X1.8592 Y1.3226
N48990 X1.868 Y1.3271
N48995 X1.8772 Y1.3323
N49000 X1.8848 Y1.3372
N49005 X1.8914 Y1.3418
N49010 X1.8984 Y1.3473
N49015 X1.904 Y1.3522
N49020 X1.9092 Y1.3571
N49025 X1.9147 Y1.3628
N49030 X1.915 Y1.3632
N49035 X1.9234 Y1.3747
N49040 X1.9298 Y1.3873
N49045 X1.934 Y1.4009
N49050 X1.936 Y1.4149
N49055 X1.9356 Y1.4291
N49060 X1.9329 Y1.443
N49065 X1.928 Y1.4563
N49070 X1.9223 Y1.4687
N49075 X1.9187 Y1.4767
N49080 X1.9156 Y1.4843
N49085 G3 X1.8949 Y1.4982 Z-0.3094 I-0.0215 J-0.0097
N49090 G1 X1.8909 Y1.4983 Z-0.3085
N49095 X1.8841 Y1.4986 Z-0.3071
N49100 X1.4683 Y1.5128
N49105 X1.4615 Y1.5131 Z-0.3085
N49110 X1.4593 Y1.5132 Z-0.309
N49115 G3 X1.4369 Y1.4991 Z-0.315 I-0.0008 J-0.0236
N49120 G1 X1.4342 Y1.4925
N49125 X1.4277 Y1.4767
N49130 X1.4272 Y1.4753
N49135 X1.425 Y1.4698
N49140 X1.4237 Y1.4641
N49145 X1.4229 Y1.4582
N49150 X1.4227 Y1.4523
N49155 X1.4229 Y1.4464
N49160 X1.4235 Y1.4406
N49165 X1.4245 Y1.4347
N49170 X1.4257 Y1.429
N49175 X1.4274 Y1.423
N49180 X1.4293 Y1.417
N49185 X1.4318 Y1.4106
N49190 X1.4348 Y1.4037
N49195 X1.4383 Y1.3969
N49200 X1.4424 Y1.3895
N49205 X1.4472 Y1.3818
N49210 X1.4525 Y1.3742
N49215 X1.4587 Y1.3663
N49220 X1.4658 Y1.358
N49225 X1.4735 Y1.3498
N49230 X1.4821 Y1.3415
N49235 X1.4918 Y1.333
N49240 X1.5026 Y1.3245
N49245 X1.5141 Y1.3162
N49250 X1.5266 Y1.3082
N49255 X1.5402 Y1.3004
N49260 X1.555 Y1.2927
N49265 X1.5709 Y1.2855
N49270 X1.5877 Y1.2789
N49275 X1.6051 Y1.273
N49280 X1.6232 Y1.2678
N49285 X1.6419 Y1.2634
N49290 X1.6611 Y1.2598
N49295 X1.6806 Y1.2572
N49300 X1.7002 Y1.2555
N49305 X1.7196 Y1.2548
N49310 X1.7387 Y1.2551
N49315 X1.757 Y1.2562
N49320 X1.7747 Y1.2581
N49325 X1.7916 Y1.2608
N49330 X1.8077 Y1.2642
N49335 X1.8228 Y1.2682
N49340 X1.837 Y1.2726
N49345 X1.8499 Y1.2774
N49350 X1.8619 Y1.2825
N49355 X1.8731 Y1.2879
N49360 X1.8835 Y1.2936
N49365 X1.8923 Y1.2989
N49370 X1.9003 Y1.3044
N49375 X1.908 Y1.3101
N49380 X1.914 Y1.3152
N49385 X1.9205 Y1.3211
N49390 X1.9258 Y1.3265
N49395 X1.9305 Y1.3317
N49400 X1.9355 Y1.3379
N49405 X1.9395 Y1.3433
N49410 X1.9465 Y1.3562
N49415 X1.9512 Y1.3701
N49420 X1.9535 Y1.3845
N49425 X1.9533 Y1.3992
N49430 X1.9506 Y1.4136
N49435 X1.9455 Y1.4273
N49440 X1.9381 Y1.44
N49445 G3 X1.9212 Y1.4493 Z-0.3108 I-0.0188 J-0.0143
N49450 G1 X1.9108 Y1.4501 Z-0.3085
N49455 X1.904 Y1.4507 Z-0.3071
N49460 X1.4591 Y1.4877
N49465 X1.4523 Y1.4883 Z-0.3085
N49470 X1.4503 Y1.4885 Z-0.309
N49475 G3 X1.4272 Y1.4753 Z-0.315 I-0.002 J-0.0235
N49480 G1 X1.4236 Y1.4674
N49485 X1.4157 Y1.4504
N49490 X1.4132 Y1.445
N49495 X1.4116 Y1.4393
N49500 X1.4106 Y1.4335
N49505 X1.4101 Y1.4276
N49510 X1.41 Y1.4217
N49515 X1.4104 Y1.4158
N49520 X1.411 Y1.41
N49525 X1.412 Y1.4041
N49530 X1.4133 Y1.3982
N49535 X1.4151 Y1.3918
N49540 X1.4172 Y1.3854
N49545 X1.4198 Y1.3784
N49550 X1.423 Y1.3711
N49555 X1.4267 Y1.3638
N49560 X1.431 Y1.356
N49565 X1.4361 Y1.3479
N49570 X1.4418 Y1.3397
N49575 X1.4483 Y1.3314
N49580 X1.4557 Y1.3226
N49585 X1.464 Y1.3138
N49590 X1.4729 Y1.3052
N49595 X1.4829 Y1.2964
N49600 X1.4942 Y1.2875
N49605 X1.5065 Y1.2786
N49610 X1.5195 Y1.2702
N49615 X1.5336 Y1.2621
N49620 X1.5488 Y1.2543
N49625 X1.5651 Y1.2468
N49630 X1.5824 Y1.24
N49635 X1.6006 Y1.2337
N49640 X1.6195 Y1.2283
N49645 X1.6389 Y1.2237
N49650 X1.6588 Y1.22
N49655 X1.6788 Y1.2172
N49660 X1.699 Y1.2155
N49665 X1.719 Y1.2147
N49670 X1.7386 Y1.215
N49675 X1.7578 Y1.2161
N49680 X1.7764 Y1.2181
N49685 X1.7943 Y1.2209
N49690 X1.8114 Y1.2245
N49695 X1.8277 Y1.2287
N49700 X1.843 Y1.2335
N49705 X1.857 Y1.2387
N49710 X1.8701 Y1.2442
N49715 X1.8821 Y1.25
N49720 X1.8935 Y1.2562
N49725 X1.9037 Y1.2624
N49730 X1.9132 Y1.2689
N49735 X1.9219 Y1.2754
N49740 X1.9288 Y1.2811
N49745 X1.9361 Y1.2877
N49750 X1.9418 Y1.2935
N49755 X1.9469 Y1.2992
N49760 X1.9523 Y1.3058
N49765 X1.9565 Y1.3114
N49770 X1.9603 Y1.3172
N49775 X1.9614 Y1.3191
N49780 X1.968 Y1.3326
N49785 X1.9721 Y1.347
N49790 X1.9736 Y1.3619
N49795 X1.9726 Y1.3768
N49800 X1.969 Y1.3913
N49805 X1.9629 Y1.405
N49810 X1.9546 Y1.4175
N49815 X1.9517 Y1.4212
N49820 X1.9467 Y1.4278
N49825 X1.9381 Y1.44
N49830 G3 X1.9198 Y1.4493 Z-0.3105 I-0.0188 J-0.0143
N49835 G1 X1.9108 Y1.4495 Z-0.3085
N49840 X1.9039 Y1.4497 Z-0.3071
N49845 X1.4491 Y1.4608
N49850 X1.4422 Y1.4609 Z-0.3085
N49855 X1.436 Y1.4611 Z-0.3099
N49860 G3 X1.4157 Y1.4504 Z-0.315 I-0.0006 J-0.0236
N49865 G1 X1.4152 Y1.4497
N49870 X1.4046 Y1.4347
N49875 X1.4015 Y1.4297
N49880 X1.3991 Y1.4243
N49885 X1.3972 Y1.4187
N49890 X1.3959 Y1.4129
N49895 X1.3951 Y1.4071
N49900 X1.3946 Y1.4012
N49905 Y1.3953
N49910 X1.3949 Y1.3894
N49915 X1.3955 Y1.3835
N49920 X1.3965 Y1.3774
N49925 X1.3977 Y1.3711
N49930 X1.3995 Y1.3644
N49935 X1.4017 Y1.3572
N49940 X1.4043 Y1.35
N49945 X1.4076 Y1.3423
N49950 X1.4114 Y1.3342
N49955 X1.4158 Y1.326
N49960 X1.4209 Y1.3176
N49965 X1.4269 Y1.3087
N49970 X1.4337 Y1.2996
N49975 X1.4411 Y1.2907
N49980 X1.4494 Y1.2815
N49985 X1.4589 Y1.272
N49990 X1.4694 Y1.2625
N49995 X1.4805 Y1.2534
N50000 X1.4928 Y1.2443
N50005 X1.5063 Y1.2353
N50010 X1.521 Y1.2265
N50015 X1.5369 Y1.218
N50020 X1.5536 Y1.21
N50025 X1.571 Y1.2028
N50030 X1.5894 Y1.1962
N50035 X1.6087 Y1.1903
N50040 X1.6287 Y1.1852
N50045 X1.6492 Y1.181
N50050 X1.67 Y1.1779
N50055 X1.691 Y1.1757
N50060 X1.712 Y1.1746
N50065 X1.7328 Y1.1745
N50070 X1.7533 Y1.1754
N50075 X1.7733 Y1.1772
N50080 X1.7926 Y1.18
N50085 X1.811 Y1.1835
N50090 X1.8283 Y1.1877
N50095 X1.8448 Y1.1926
N50100 X1.8605 Y1.1981
N50105 X1.8753 Y1.204
N50110 X1.8892 Y1.2105
N50115 X1.9017 Y1.217
N50120 X1.9133 Y1.2238
N50125 X1.9239 Y1.2308
N50130 X1.9339 Y1.238
N50135 X1.9429 Y1.2452
N50140 X1.9505 Y1.2519
N50145 X1.9574 Y1.2587
N50150 X1.964 Y1.2658
N50155 X1.969 Y1.2718
N50160 X1.9742 Y1.2786
N50165 X1.9787 Y1.2852
N50170 X1.9823 Y1.291
N50175 X1.986 Y1.2977
N50180 X1.9866 Y1.2988
N50185 X1.9918 Y1.3122
N50190 X1.9948 Y1.3264
N50195 X1.9953 Y1.3408
N50200 X1.9935 Y1.3551
N50205 X1.9893 Y1.3689
N50210 X1.9829 Y1.3818
N50215 X1.9744 Y1.3935
N50220 X1.9704 Y1.3981
N50225 X1.9644 Y1.4054
N50230 X1.9553 Y1.4166
N50235 X1.9546 Y1.4175
N50240 G3 X1.9375 Y1.4256 Z-0.3108 I-0.0179 J-0.0154
N50245 G1 X1.9267 Y1.426 Z-0.3085
N50250 X1.9199 Y1.4263 Z-0.3071
N50255 X1.4388 Y1.4435
N50260 X1.4319 Y1.4437 Z-0.3085
N50265 X1.4243 Y1.444 Z-0.3102
N50270 G3 X1.4046 Y1.4347 Z-0.315 I-0.0008 J-0.0236
N50275 G1 X1.3998 Y1.4278
N50280 X1.3948 Y1.4212
N50285 X1.3919 Y1.4175
N50290 X1.39 Y1.4152
N50295 X1.3866 Y1.4104
N50300 X1.3838 Y1.4052
N50305 X1.3816 Y1.3997
N50310 X1.3799 Y1.3941
N50315 X1.3787 Y1.3883
N50320 X1.3778 Y1.3824
N50325 X1.3774 Y1.3765
N50330 X1.3773 Y1.3706
N50335 X1.3775 Y1.3647
N50340 X1.378 Y1.3586
N50345 X1.3789 Y1.3523
N50350 X1.3801 Y1.3454
N50355 X1.3819 Y1.3382
N50360 X1.384 Y1.3308
N50365 X1.3867 Y1.323
N50370 X1.39 Y1.3147
N50375 X1.3937 Y1.3064
N50380 X1.3982 Y1.2977
N50385 X1.4035 Y1.2885
N50390 X1.4096 Y1.2791
N50395 X1.4162 Y1.2698
N50400 X1.4238 Y1.2602
N50405 X1.4325 Y1.2503
N50410 X1.4422 Y1.2402
N50415 X1.4526 Y1.2305
N50420 X1.4641 Y1.2207
N50425 X1.4769 Y1.2108
N50430 X1.4908 Y1.2011
N50435 X1.5059 Y1.1916
N50440 X1.5217 Y1.1827
N50445 X1.5385 Y1.1744
N50450 X1.5564 Y1.1665
N50455 X1.5754 Y1.1592
N50460 X1.5953 Y1.1527
N50465 X1.616 Y1.1471
N50470 X1.6373 Y1.1423
N50475 X1.659 Y1.1386
N50480 X1.6809 Y1.1359
N50485 X1.703 Y1.1343
N50490 X1.7249 Y1.1337
N50495 X1.7466 Y1.1343
N50500 X1.7678 Y1.1358
N50505 X1.7884 Y1.1383
N50510 X1.8084 Y1.1418
N50515 X1.8276 Y1.146
N50520 X1.8461 Y1.1511
N50525 X1.8633 Y1.1567
N50530 X1.8794 Y1.1629
N50535 X1.8946 Y1.1696
N50540 X1.909 Y1.1767
N50545 X1.9223 Y1.1842
N50550 X1.9345 Y1.1919
N50555 X1.9456 Y1.1995
N50560 X1.9557 Y1.2074
N50565 X1.9651 Y1.2154
N50570 X1.9736 Y1.2234
N50575 X1.9808 Y1.2308
N50580 X1.9871 Y1.238
N50585 X1.9931 Y1.2456
N50590 X1.9977 Y1.2519
N50595 X2.0024 Y1.2592
N50600 X2.0063 Y1.266
N50605 X2.0094 Y1.2721
N50610 X2.0105 Y1.2745
N50615 X2.0153 Y1.2878
N50620 X2.0179 Y1.3016
N50625 X2.0181 Y1.3157
N50630 X2.0161 Y1.3296
N50635 X2.0119 Y1.343
N50640 X2.0056 Y1.3556
N50645 X1.9973 Y1.367
N50650 X1.9744 Y1.3935
N50655 G3 X1.958 Y1.4011 Z-0.311 I-0.0173 J-0.016
N50660 G1 X1.9463 Y1.4015 Z-0.3085
N50665 X1.9395 Y1.4018 Z-0.3071
N50670 X1.4247 Y1.4227
N50675 X1.4179 Y1.423 Z-0.3085
N50680 X1.4089 Y1.4234 Z-0.3104
N50685 G3 X1.39 Y1.4152 Z-0.315 I-0.001 J-0.0236
N50690 G1 X1.3821 Y1.4054
N50695 X1.3755 Y1.3975
N50700 X1.3734 Y1.3951
N50705 X1.3698 Y1.3904
N50710 X1.3668 Y1.3853
N50715 X1.3643 Y1.38
N50720 X1.3624 Y1.3744
N50725 X1.3608 Y1.3687
N50730 X1.3597 Y1.3629
N50735 X1.359 Y1.357
N50740 X1.3585 Y1.3512
N50745 X1.3584 Y1.3452
N50750 X1.3586 Y1.339
N50755 X1.3592 Y1.3325
N50760 X1.3601 Y1.3256
N50765 X1.3614 Y1.3182
N50770 X1.3632 Y1.3105
N50775 X1.3654 Y1.3026
N50780 X1.3682 Y1.2942
N50785 X1.3717 Y1.2854
N50790 X1.3757 Y1.2765
N50795 X1.3805 Y1.2671
N50800 X1.386 Y1.2574
N50805 X1.3924 Y1.2474
N50810 X1.3994 Y1.2375
N50815 X1.4075 Y1.2272
N50820 X1.4166 Y1.2167
N50825 X1.4269 Y1.2059
N50830 X1.4379 Y1.1955
N50835 X1.4499 Y1.1851
N50840 X1.4632 Y1.1748
N50845 X1.4777 Y1.1646
N50850 X1.4934 Y1.1546
N50855 X1.5103 Y1.145
N50860 X1.528 Y1.1361
N50865 X1.5466 Y1.1278
N50870 X1.5663 Y1.1202
N50875 X1.5871 Y1.1133
N50880 X1.6086 Y1.1072
N50885 X1.6309 Y1.1022
N50890 X1.6536 Y1.0981
N50895 X1.6767 Y1.0952
N50900 X1.6999 Y1.0934
N50905 X1.723 Y1.0927
N50910 X1.7459 Y1.0932
N50915 X1.7684 Y1.0947
N50920 X1.7905 Y1.0973
N50925 X1.812 Y1.1009
N50930 X1.8326 Y1.1054
N50935 X1.8522 Y1.1107
N50940 X1.8709 Y1.1166
N50945 X1.8884 Y1.1233
N50950 X1.905 Y1.1304
N50955 X1.9206 Y1.1381
N50960 X1.9353 Y1.1463
N50965 X1.949 Y1.1548
N50970 X1.9613 Y1.1632
N50975 X1.9725 Y1.1718
N50980 X1.9827 Y1.1804
N50985 X1.9922 Y1.1892
N50990 X2.0006 Y1.1979
N50995 X2.0075 Y1.2057
N51000 X2.014 Y1.2138
N51005 X2.0196 Y1.2215
N51010 X2.024 Y1.2283
N51015 X2.0286 Y1.2361
N51020 X2.032 Y1.2428
N51025 X2.0327 Y1.2442
N51030 X2.0376 Y1.2577
N51035 X2.0402 Y1.2719
N51040 X2.0405 Y1.2862
N51045 X2.0383 Y1.3004
N51050 X2.0339 Y1.3141
N51055 X2.0273 Y1.3268
N51060 X2.0176 Y1.3421
N51065 X2.0119 Y1.35
N51070 X1.9973 Y1.367
N51075 G3 X1.9811 Y1.3745 Z-0.3111 I-0.0173 J-0.016
N51080 G1 X1.9692 Y1.3751 Z-0.3085
N51085 X1.9624 Y1.3754 Z-0.3071
N51090 X1.4084 Y1.4019
N51095 X1.4015 Y1.4022 Z-0.3085
N51100 X1.3919 Y1.4026 Z-0.3106
N51105 G3 X1.3734 Y1.3951 Z-0.315 I-0.0011 J-0.0236
N51110 G1 X1.355 Y1.3737
N51115 X1.3514 Y1.3691
N51120 X1.3482 Y1.3641
N51125 X1.3456 Y1.3588
N51130 X1.3435 Y1.3533
N51135 X1.3418 Y1.3476
N51140 X1.3404 Y1.3419
N51145 X1.3395 Y1.336
N51150 X1.3388 Y1.3302
N51155 X1.3385 Y1.3243
N51160 Y1.318
N51165 X1.3387 Y1.3112
N51170 X1.3394 Y1.3043
N51175 X1.3404 Y1.2968
N51180 X1.3419 Y1.2888
N51185 X1.3439 Y1.2806
N51190 X1.3464 Y1.2721
N51195 X1.3496 Y1.263
N51200 X1.3534 Y1.2535
N51205 X1.3578 Y1.244
N51210 X1.363 Y1.2339
N51215 X1.3691 Y1.2234
N51220 X1.3761 Y1.2127
N51225 X1.3837 Y1.2022
N51230 X1.3924 Y1.1913
N51235 X1.4023 Y1.1801
N51240 X1.4134 Y1.1687
N51245 X1.4253 Y1.1576
N51250 X1.4383 Y1.1466
N51255 X1.4525 Y1.1357
N51260 X1.468 Y1.125
N51265 X1.4848 Y1.1146
N51270 X1.5028 Y1.1046
N51275 X1.5219 Y1.0952
N51280 X1.5418 Y1.0865
N51285 X1.5626 Y1.0787
N51290 X1.5845 Y1.0716
N51295 X1.6072 Y1.0655
N51300 X1.6307 Y1.0604
N51305 X1.6547 Y1.0564
N51310 X1.679 Y1.0535
N51315 X1.7034 Y1.0518
N51320 X1.7279 Y1.0513
N51325 X1.7521 Y1.052
N51330 X1.776 Y1.0539
N51335 X1.7994 Y1.0568
N51340 X1.822 Y1.0608
N51345 X1.8438 Y1.0658
N51350 X1.8645 Y1.0716
N51355 X1.8842 Y1.0781
N51360 X1.903 Y1.0854
N51365 X1.9208 Y1.0933
N51370 X1.9376 Y1.1017
N51375 X1.9533 Y1.1106
N51380 X1.9679 Y1.1199
N51385 X1.9812 Y1.1292
N51390 X1.9932 Y1.1386
N51395 X2.0042 Y1.148
N51400 X2.0142 Y1.1575
N51405 X2.0231 Y1.1669
N51410 X2.0302 Y1.175
N51415 X2.0369 Y1.1836
N51420 X2.0425 Y1.1914
N51425 X2.047 Y1.1984
N51430 X2.0517 Y1.2067
N51435 X2.0574 Y1.2209
N51440 X2.0605 Y1.236
N51445 X2.0609 Y1.2514
N51450 X2.0586 Y1.2667
N51455 X2.0536 Y1.2812
N51460 X2.0497 Y1.29
N51465 X2.0471 Y1.2946
N51470 X2.0326 Y1.3183
N51475 X2.0273 Y1.3268
N51480 G3 X2.0094 Y1.337 Z-0.3104 I-0.0195 J-0.0133
N51485 G1 X2.0005 Y1.3376 Z-0.3085
N51490 X1.9937 Y1.3381 Z-0.3071
N51495 X1.3899 Y1.3801
N51500 X1.3831 Y1.3806 Z-0.3085
N51505 X1.374 Y1.3813 Z-0.3105
N51510 G3 X1.355 Y1.3737 Z-0.315 I-0.0016 J-0.0236
N51515 G1 X1.3345 Y1.35
N51520 X1.3301 Y1.343
N51525 X1.3271 Y1.3379
N51530 X1.3246 Y1.3325
N51535 X1.3226 Y1.327
N51540 X1.321 Y1.3213
N51545 X1.3197 Y1.3155
N51550 X1.3188 Y1.3097
N51555 X1.3182 Y1.3038
N51560 X1.3178 Y1.2976
N51565 Y1.2909
N51570 X1.3181 Y1.284
N51575 X1.3188 Y1.2765
N51580 X1.3199 Y1.2686
N51585 X1.3214 Y1.2604
N51590 X1.3235 Y1.2517
N51595 X1.3263 Y1.2423
N51600 X1.3295 Y1.233
N51605 X1.3335 Y1.2232
N51610 X1.3383 Y1.2128
N51615 X1.3439 Y1.202
N51620 X1.3502 Y1.1912
N51625 X1.3575 Y1.1801
N51630 X1.3658 Y1.1685
N51635 X1.3753 Y1.1567
N51640 X1.3856 Y1.145
N51645 X1.3969 Y1.1335
N51650 X1.4095 Y1.1217
N51655 X1.4236 Y1.1098
N51660 X1.4389 Y1.0981
N51665 X1.4555 Y1.0867
N51670 X1.473 Y1.0759
N51675 X1.4914 Y1.0656
N51680 X1.5113 Y1.0559
N51685 X1.5323 Y1.0467
N51690 X1.5545 Y1.0384
N51695 X1.5777 Y1.0309
N51700 X1.6018 Y1.0244
N51705 X1.6265 Y1.0191
N51710 X1.6518 Y1.0148
N51715 X1.6774 Y1.0118
N51720 X1.7032 Y1.0101
N51725 X1.729 Y1.0096
N51730 X1.7545 Y1.0103
N51735 X1.7797 Y1.0123
N51740 X1.8044 Y1.0154
N51745 X1.8283 Y1.0197
N51750 X1.8515 Y1.025
N51755 X1.8738 Y1.0312
N51760 X1.8953 Y1.0383
N51765 X1.9157 Y1.0463
N51770 X1.935 Y1.0549
N51775 X1.9529 Y1.0639
N51780 X1.9695 Y1.0733
N51785 X1.9851 Y1.0832
N51790 X1.9996 Y1.0934
N51795 X2.0127 Y1.1036
N51800 X2.0244 Y1.1137
N51805 X2.0348 Y1.1235
N51810 X2.0439 Y1.1331
N51815 X2.0508 Y1.1411
N51820 X2.0578 Y1.15
N51825 X2.0628 Y1.1571
N51830 X2.0644 Y1.1595
N51835 X2.0713 Y1.1729
N51840 X2.0759 Y1.1872
N51845 X2.0779 Y1.2022
N51850 X2.0772 Y1.2173
N51855 X2.074 Y1.232
N51860 X2.0735 Y1.2337
N51865 X2.0714 Y1.2391
N51870 X2.0618 Y1.2629
N51875 X2.0536 Y1.2812
N51880 G3 X2.0346 Y1.2944 Z-0.3098 I-0.0212 J-0.0104
N51885 G1 X2.0285 Y1.2949 Z-0.3085
N51890 X2.0217 Y1.2956 Z-0.3071
N51895 X1.3694 Y1.356
N51900 X1.3626 Y1.3567 Z-0.3085
N51905 X1.3541 Y1.3575 Z-0.3104
N51910 G3 X1.3345 Y1.35 Z-0.315 I-0.0022 J-0.0235
N51915 G1 X1.3289 Y1.3421
N51920 X1.3139 Y1.3183
N51925 X1.3098 Y1.3116
N51930 X1.3069 Y1.3064
N51935 X1.3045 Y1.301
N51940 X1.3025 Y1.2955
N51945 X1.3009 Y1.2898
N51950 X1.2997 Y1.284
N51955 X1.2988 Y1.2782
N51960 X1.2982 Y1.2723
N51965 X1.2979 Y1.266
N51970 X1.298 Y1.2592
N51975 X1.2983 Y1.2522
N51980 X1.2991 Y1.2445
N51985 X1.3003 Y1.2363
N51990 X1.302 Y1.228
N51995 X1.3042 Y1.219
N52000 X1.3072 Y1.2093
N52005 X1.3106 Y1.1996
N52010 X1.3149 Y1.1893
N52015 X1.32 Y1.1785
N52020 X1.326 Y1.1673
N52025 X1.3326 Y1.1561
N52030 X1.3404 Y1.1445
N52035 X1.3493 Y1.1323
N52040 X1.3594 Y1.1199
N52045 X1.3704 Y1.1077
N52050 X1.3826 Y1.0954
N52055 X1.3961 Y1.083
N52060 X1.411 Y1.0707
N52065 X1.4273 Y1.0585
N52070 X1.4449 Y1.0466
N52075 X1.4634 Y1.0353
N52080 X1.483 Y1.0247
N52085 X1.5041 Y1.0145
N52090 X1.5266 Y1.005
N52095 X1.5502 Y0.9964
N52100 X1.5748 Y0.9887
N52105 X1.6003 Y0.982
N52110 X1.6264 Y0.9766
N52115 X1.6531 Y0.9724
N52120 X1.6801 Y0.9694
N52125 X1.7073 Y0.9678
N52130 X1.7344 Y0.9675
N52135 X1.7613 Y0.9686
N52140 X1.7879 Y0.9709
N52145 X1.8139 Y0.9744
N52150 X1.8393 Y0.9791
N52155 X1.864 Y0.985
N52160 X1.8878 Y0.9919
N52165 X1.9105 Y0.9996
N52170 X1.9322 Y1.0083
N52175 X1.9526 Y1.0176
N52180 X1.9716 Y1.0274
N52185 X1.9892 Y1.0376
N52190 X2.0056 Y1.0481
N52195 X2.0207 Y1.0589
N52200 X2.0341 Y1.0696
N52205 X2.0459 Y1.0799
N52210 X2.0549 Y1.0887
N52215 X2.0637 Y1.098
N52220 X2.0701 Y1.1055
N52225 X2.0721 Y1.1081
N52230 X2.0802 Y1.1209
N52235 X2.0861 Y1.1349
N52240 X2.0893 Y1.1498
N52245 X2.09 Y1.165
N52250 X2.0879 Y1.18
N52255 X2.0835 Y1.1995
N52260 X2.0817 Y1.2075
N52265 X2.074 Y1.232
N52270 G3 X2.0541 Y1.2476 Z-0.3093 I-0.0223 J-0.0078
N52275 G1 X2.0506 Y1.248 Z-0.3085
N52280 X2.0438 Y1.2487 Z-0.3071
N52285 X1.3432 Y1.3209
N52290 X1.3364 Y1.3216 Z-0.3085
N52295 X1.3319 Y1.3221 Z-0.3095
N52300 G3 X1.3098 Y1.3116 Z-0.315 I-0.0024 J-0.0235
N52305 G1 X1.2993 Y1.2946
N52310 X1.2968 Y1.29
N52315 X1.2871 Y1.2684
N52320 X1.285 Y1.2629
N52325 X1.2832 Y1.2573
N52330 X1.2818 Y1.2515
N52335 X1.2808 Y1.2457
N52340 X1.2801 Y1.2399
N52345 X1.2797 Y1.2338
N52350 X1.2796 Y1.2276
N52355 X1.2798 Y1.2207
N52360 X1.2804 Y1.2133
N52365 X1.2814 Y1.2056
N52370 X1.2829 Y1.1973
N52375 X1.285 Y1.1884
N52380 X1.2876 Y1.1793
N52385 X1.2909 Y1.1695
N52390 X1.295 Y1.159
N52395 X1.2997 Y1.1485
N52400 X1.3054 Y1.1374
N52405 X1.3121 Y1.1257
N52410 X1.3197 Y1.1137
N52415 X1.3282 Y1.1018
N52420 X1.338 Y1.0893
N52425 X1.3492 Y1.0764
N52430 X1.3618 Y1.0633
N52435 X1.3752 Y1.0506
N52440 X1.3899 Y1.0379
N52445 X1.4061 Y1.0253
N52450 X1.4238 Y1.0129
N52455 X1.443 Y1.0007
N52460 X1.4637 Y0.989
N52465 X1.4857 Y0.9779
N52470 X1.5086 Y0.9678
N52475 X1.5325 Y0.9585
N52480 X1.5578 Y0.9501
N52485 X1.5841 Y0.9428
N52490 X1.6113 Y0.9366
N52495 X1.6392 Y0.9317
N52500 X1.6676 Y0.9281
N52505 X1.6962 Y0.9259
N52510 X1.7249 Y0.9251
N52515 X1.7534 Y0.9257
N52520 X1.7818 Y0.9276
N52525 X1.8097 Y0.9309
N52530 X1.837 Y0.9355
N52535 X1.8636 Y0.9413
N52540 X1.8894 Y0.9483
N52545 X1.914 Y0.9562
N52550 X1.9373 Y0.965
N52555 X1.9592 Y0.9745
N52560 X1.9799 Y0.9847
N52565 X1.9993 Y0.9955
N52570 X2.0172 Y1.0066
N52575 X2.0332 Y1.0177
N52580 X2.0471 Y1.0283
N52585 X2.0575 Y1.0371
N52590 X2.0674 Y1.0464
N52595 X2.0745 Y1.0537
N52600 X2.0827 Y1.0645
N52605 X2.089 Y1.0764
N52610 X2.0934 Y1.0892
N52615 X2.0958 Y1.1026
N52620 X2.096 Y1.1161
N52625 X2.0944 Y1.1441
N52630 X2.0938 Y1.152
N52635 X2.0924 Y1.16
N52640 X2.0907 Y1.1679
N52645 X2.0879 Y1.18
N52650 G3 X2.0677 Y1.1975 Z-0.3089 I-0.0228 J-0.006
N52655 G1 X2.0659 Y1.1977 Z-0.3085
N52660 X2.0591 Y1.1985 Z-0.3071
N52665 X1.319 Y1.2806
N52670 X1.3122 Y1.2814 Z-0.3085
N52675 X1.311 Y1.2815 Z-0.3088
N52680 G3 X1.2871 Y1.2684 Z-0.315 I-0.0026 J-0.0235
N52685 G1 X1.2847 Y1.2629
N52690 X1.275 Y1.2391
N52695 X1.273 Y1.2337
N52700 X1.2684 Y1.2189
N52705 X1.2667 Y1.2125
N52710 X1.2655 Y1.2067
N52715 X1.2647 Y1.2009
N52720 X1.2642 Y1.195
N52725 X1.2641 Y1.1891
N52730 X1.2642 Y1.1827
N52735 X1.2647 Y1.176
N52740 X1.2656 Y1.1685
N52745 X1.2669 Y1.1608
N52750 X1.2688 Y1.1524
N52755 X1.2713 Y1.1433
N52760 X1.2743 Y1.1341
N52765 X1.2781 Y1.1242
N52770 X1.2828 Y1.1135
N52775 X1.2881 Y1.1028
N52780 X1.2945 Y1.0913
N52785 X1.3021 Y1.0792
N52790 X1.3106 Y1.0671
N52795 X1.3201 Y1.0548
N52800 X1.331 Y1.0419
N52805 X1.3435 Y1.0287
N52810 X1.3573 Y1.0153
N52815 X1.3721 Y1.0024
N52820 X1.3885 Y0.9894
N52825 X1.4066 Y0.9764
N52830 X1.4263 Y0.9637
N52835 X1.4475 Y0.9514
N52840 X1.4701 Y0.9398
N52845 X1.494 Y0.9289
N52850 X1.5189 Y0.919
N52855 X1.5449 Y0.9101
N52860 X1.5721 Y0.9023
N52865 X1.6004 Y0.8956
N52870 X1.6296 Y0.8902
N52875 X1.6593 Y0.8861
N52880 X1.6893 Y0.8835
N52885 X1.7196 Y0.8824
N52890 X1.7499 Y0.8827
N52895 X1.7799 Y0.8845
N52900 X1.8096 Y0.8878
N52905 X1.8387 Y0.8924
N52910 X1.8671 Y0.8983
N52915 X1.8946 Y0.9055
N52920 X1.9208 Y0.9137
N52925 X1.9457 Y0.9228
N52930 X1.9692 Y0.9327
N52935 X1.9912 Y0.9434
N52940 X2.0117 Y0.9545
N52945 X2.03 Y0.9656
N52950 X2.0457 Y0.9763
N52955 X2.0568 Y0.9846
N52960 X2.0631 Y0.9899
N52965 X2.0728 Y0.9992
N52970 X2.0808 Y1.0099
N52975 X2.0872 Y1.0217
N52980 X2.0916 Y1.0344
N52985 X2.094 Y1.0476
N52990 X2.0958 Y1.0649
N52995 X2.0963 Y1.0729
N53000 X2.0972 Y1.0949
N53005 Y1.0966
N53010 X2.096 Y1.1161
N53015 G3 X2.0754 Y1.1373 Z-0.3082 I-0.0235 J-0.0022
N53020 G1 X2.0704 Y1.138 Z-0.3071
N53025 X1.2986 Y1.2339
N53030 X1.2936 Y1.2345 Z-0.3082
N53035 X1.2918 Y1.2347 Z-0.3085
N53040 G3 X1.2684 Y1.2189 Z-0.315 I-0.0011 J-0.0236
N53045 G1 X1.2648 Y1.2075
N53050 X1.2612 Y1.1916
N53055 X1.2558 Y1.1679
N53060 X1.2548 Y1.1635
N53065 X1.2537 Y1.1565
N53070 X1.253 Y1.1507
N53075 X1.2527 Y1.1448
N53080 X1.2528 Y1.1389
N53085 X1.2532 Y1.1326
N53090 X1.2539 Y1.1262
N53095 X1.255 Y1.119
N53100 X1.2566 Y1.1114
N53105 X1.2587 Y1.1033
N53110 X1.2615 Y1.0944
N53115 X1.2648 Y1.0854
N53120 X1.2691 Y1.0755
N53125 X1.2741 Y1.065
N53130 X1.2799 Y1.0544
N53135 X1.287 Y1.0428
N53140 X1.2951 Y1.0308
N53145 X1.3041 Y1.0188
N53150 X1.3146 Y1.0062
N53155 X1.3267 Y0.9931
N53160 X1.3401 Y0.9797
N53165 X1.3546 Y0.9668
N53170 X1.3709 Y0.9535
N53175 X1.3891 Y0.9401
N53180 X1.4091 Y0.9269
N53185 X1.4306 Y0.9141
N53190 X1.4535 Y0.902
N53195 X1.4773 Y0.8908
N53200 X1.5027 Y0.8803
N53205 X1.5296 Y0.8707
N53210 X1.5579 Y0.8622
N53215 X1.5873 Y0.8549
N53220 X1.6177 Y0.8489
N53225 X1.6487 Y0.8443
N53230 X1.6802 Y0.8411
N53235 X1.712 Y0.8396
N53240 X1.7439 Y0.8395
N53245 X1.7756 Y0.8411
N53250 X1.8071 Y0.8441
N53255 X1.838 Y0.8486
N53260 X1.8681 Y0.8545
N53265 X1.8973 Y0.8617
N53270 X1.9253 Y0.8701
N53275 X1.9522 Y0.8796
N53280 X1.9775 Y0.89
N53285 X2.0004 Y0.9007
N53290 X2.0206 Y0.9114
N53295 X2.036 Y0.9205
N53300 X2.0436 Y0.9255
N53305 X2.0558 Y0.9352
N53310 X2.066 Y0.947
N53315 X2.074 Y0.9604
N53320 X2.0794 Y0.975
N53325 X2.0889 Y1.0095
N53330 X2.0893 Y1.0112
N53335 X2.0903 Y1.0174
N53340 X2.0914 Y1.0254
N53345 X2.0925 Y1.0333
N53350 X2.094 Y1.0476
N53355 G3 X2.0736 Y1.0726 Z-0.3074 I-0.0236 J0.0016
N53360 G1 X2.0721 Y1.0728 Z-0.3071
N53365 X1.2835 Y1.1808
N53370 X1.281 Y1.1811 Z-0.3076
N53375 G3 X1.2548 Y1.1635 Z-0.315 I-0.0032 J-0.0234
N53380 G1 X1.2541 Y1.16
N53385 X1.2527 Y1.152
N53390 X1.2521 Y1.1441
N53395 X1.2493 Y1.0966
N53400 X1.2492 Y1.0949
N53405 X1.2498 Y1.0808
N53410 X1.2505 Y1.0733
N53415 X1.2514 Y1.0673
N53420 X1.2526 Y1.0611
N53425 X1.2543 Y1.0541
N53430 X1.2565 Y1.0468
N53435 X1.2593 Y1.0388
N53440 X1.2628 Y1.0302
N53445 X1.267 Y1.0212
N53450 X1.2722 Y1.0112
N53455 X1.2781 Y1.0013
N53460 X1.2852 Y0.9904
N53465 X1.2936 Y0.9789
N53470 X1.3028 Y0.9675
N53475 X1.3137 Y0.9552
N53480 X1.3264 Y0.9422
N53485 X1.3401 Y0.9295
N53490 X1.3556 Y0.9166
N53495 X1.3731 Y0.9033
N53500 X1.3924 Y0.89
N53505 X1.4135 Y0.877
N53510 X1.4358 Y0.8648
N53515 X1.4595 Y0.8532
N53520 X1.4853 Y0.8421
N53525 X1.5127 Y0.8319
N53530 X1.5417 Y0.8226
N53535 X1.572 Y0.8146
N53540 X1.6034 Y0.8079
N53545 X1.6356 Y0.8026
N53550 X1.6684 Y0.7988
N53555 X1.7016 Y0.7967
N53560 X1.735 Y0.7961
N53565 X1.7684 Y0.7972
N53570 X1.8015 Y0.7999
N53575 X1.8342 Y0.8041
N53580 X1.8661 Y0.8099
N53585 X1.8971 Y0.8171
N53590 X1.9271 Y0.8255
N53595 X1.9555 Y0.8351
N53600 X1.982 Y0.8455
N53605 X2.0021 Y0.8545
N53610 X2.0097 Y0.8584
N53615 X2.0207 Y0.865
N53620 X2.0306 Y0.8732
N53625 X2.0391 Y0.8827
N53630 X2.0462 Y0.8935
N53635 X2.0497 Y0.8998
N53640 X2.0637 Y0.9303
N53645 X2.0655 Y0.9347
N53650 X2.0735 Y0.9541
N53655 X2.0759 Y0.962
N53660 X2.0794 Y0.975
N53665 G3 X2.0619 Y1.0034 Z-0.3071 I-0.023 J0.0054
N53670 G1 X2.0595 Y1.0038
N53675 X1.2765 Y1.1044
N53680 X1.2732 Y1.1046
N53685 G3 X1.2498 Y1.0808 Z-0.315 I0.0002 J-0.0236
N53690 G1 X1.2502 Y1.0729
N53695 X1.2507 Y1.0649
N53700 X1.254 Y1.0333
N53705 X1.2551 Y1.0254
N53710 X1.2562 Y1.0174
N53715 X1.2571 Y1.0112
N53720 X1.2576 Y1.0095
N53725 X1.2619 Y0.9937
N53730 X1.2657 Y0.9821
N53735 X1.2684 Y0.9751
N53740 X1.2715 Y0.9679
N53745 X1.2756 Y0.9598
N53750 X1.2802 Y0.9516
N53755 X1.286 Y0.9423
N53760 X1.2925 Y0.933
N53765 X1.3005 Y0.9227
N53770 X1.3095 Y0.912
N53775 X1.3199 Y0.901
N53780 X1.3324 Y0.8889
N53785 X1.346 Y0.8771
N53790 X1.3612 Y0.865
N53795 X1.3787 Y0.8525
N53800 X1.3984 Y0.8398
N53805 X1.4196 Y0.8276
N53810 X1.4422 Y0.8159
N53815 X1.4672 Y0.8046
N53820 X1.4943 Y0.7938
N53825 X1.5233 Y0.7839
N53830 X1.5539 Y0.7751
N53835 X1.5859 Y0.7675
N53840 X1.6189 Y0.7614
N53845 X1.6527 Y0.7568
N53850 X1.6871 Y0.7539
N53855 X1.7219 Y0.7526
N53860 X1.7567 Y0.753
N53865 X1.7914 Y0.7551
N53870 X1.8258 Y0.7588
N53875 X1.8595 Y0.7642
N53880 X1.8924 Y0.7711
N53885 X1.924 Y0.7793
N53890 X1.9526 Y0.7883
N53895 X1.9545 Y0.789
N53900 X1.9667 Y0.7945
N53905 X1.9778 Y0.8019
N53910 X1.9877 Y0.8109
N53915 X1.9942 Y0.818
N53920 X2.0024 Y0.8274
N53925 X2.0091 Y0.8353
N53930 X2.0358 Y0.8749
N53935 X2.0403 Y0.8828
N53940 X2.0462 Y0.8935
N53945 G3 X2.0359 Y0.9252 Z-0.3071 I-0.021 J0.0108
N53950 G1 X2.0334 Y0.9263
N53955 X2.0308 Y0.9271
N53960 X2.0281 Y0.9276
N53965 X1.2879 Y1.0225
N53970 X1.2851 Y1.0227
N53975 X1.2822 Y1.0226
N53980 X1.2794 Y1.0221
N53985 G3 X1.2619 Y0.9937 Z-0.315 I0.0054 J-0.023
N53990 G1 X1.2706 Y0.962
N53995 X1.273 Y0.9539
N54000 X1.2809 Y0.9347
N54005 X1.2828 Y0.9303
N54010 X1.2968 Y0.8998
N54015 X1.3018 Y0.8907
N54020 X1.31 Y0.8776
N54025 X1.3152 Y0.8701
N54030 X1.3211 Y0.8624
N54035 X1.3284 Y0.8538
N54040 X1.3367 Y0.845
N54045 X1.3464 Y0.8355
N54050 X1.358 Y0.8254
N54055 X1.3705 Y0.8154
N54060 X1.3856 Y0.8045
N54065 X1.4025 Y0.7936
N54070 X1.421 Y0.7829
N54075 X1.4425 Y0.7717
N54080 X1.4667 Y0.7607
N54085 X1.4927 Y0.7503
N54090 X1.52 Y0.7409
N54095 X1.5498 Y0.7322
N54100 X1.5817 Y0.7246
N54105 X1.6152 Y0.7183
N54110 X1.6498 Y0.7136
N54115 X1.6845 Y0.7105
N54120 X1.7194 Y0.7091
N54125 X1.7543 Y0.7093
N54130 X1.7891 Y0.7111
N54135 X1.8238 Y0.7146
N54140 X1.8583 Y0.7196
N54145 X1.8642 Y0.7208
N54150 X1.8725 Y0.7228
N54155 X1.8805 Y0.7257
N54160 X1.8882 Y0.7293
N54165 X1.894 Y0.7324
N54170 X1.8991 Y0.7356
N54175 X1.9229 Y0.7525
N54180 X1.9277 Y0.7561
N54185 X1.9485 Y0.772
N54190 X1.9546 Y0.7771
N54195 X1.9659 Y0.7878
N54200 X1.9809 Y0.8037
N54205 X1.9877 Y0.8109
N54210 G3 X1.9855 Y0.8442 Z-0.3071 I-0.0177 J0.0156
N54215 X1.9727 Y0.8499 I-0.0156 J-0.0177
N54220 G1 X1.3255 Y0.925
N54225 G3 X1.312 Y0.9225 I-0.0027 J-0.0235
N54230 X1.3018 Y0.8907 Z-0.315 I0.0108 J-0.021
N54235 G1 X1.3062 Y0.8828
N54240 X1.3107 Y0.8749
N54245 X1.3374 Y0.8353
N54250 X1.3443 Y0.8271
N54255 X1.3523 Y0.818
N54260 X1.3581 Y0.8116
N54265 X1.376 Y0.7926
N54270 X1.3805 Y0.7878
N54275 X1.3919 Y0.7771
N54280 X1.398 Y0.772
N54285 X1.4187 Y0.7561
N54290 X1.4236 Y0.7525
N54295 X1.4394 Y0.7412
N54300 X1.4474 Y0.7356
N54305 X1.4525 Y0.7324
N54310 X1.4632 Y0.7267
N54315 X1.4948 Y0.7119
N54320 X1.5121 Y0.7045
N54325 X1.5334 Y0.6967
N54330 X1.5568 Y0.6894
N54335 X1.5823 Y0.6827
N54340 X1.6113 Y0.6767
N54345 X1.6429 Y0.6717
N54350 X1.6463 Y0.6714
N54355 X1.6492 Y0.6712
N54360 X1.6522 Y0.6711
N54365 G3 X1.6751 Y0.6954 Z-0.3071 I-0.0007 J0.0236
N54370 X1.6582 Y0.7174 I-0.0236 J-0.0007
N54375 G1 X1.4817 Y0.7698
N54380 G3 X1.4546 Y0.7589 I-0.0067 J-0.0226
N54385 X1.4632 Y0.7267 Z-0.315 I0.0205 J-0.0118
N54390 G1 X1.4823 Y0.7166
N54395 X1.5028 Y0.7057
N54400 X1.5108 Y0.7025
N54405 X1.5583 Y0.6864
N54410 X1.5637 Y0.6849
N54415 X1.59 Y0.6791
N54420 X1.6138 Y0.6752
N54425 X1.6217 Y0.6741
N54430 X1.6376 Y0.6721
N54435 X1.6455 Y0.6712
N54440 X1.6613 Y0.6711
N54445 X1.693
N54450 X1.701 Y0.6712
N54455 X1.7089 Y0.6721
N54460 X1.7247 Y0.6741
N54465 X1.7327 Y0.6752
N54470 X1.7564 Y0.6791
N54475 X1.7827 Y0.6849
N54480 X1.7881 Y0.6864
N54485 X1.8357 Y0.7025
N54490 X1.8436 Y0.7057
N54495 X1.8674 Y0.7183
N54500 X1.8882 Y0.7293
N54505 G3 X1.8992 Y0.7559 I-0.0118 J0.0205
N54510 G1 X1.8982 Y0.7595 Z-0.3147
N54515 X1.8973 Y0.7629 Z-0.3138
N54520 X1.8964 Y0.7663 Z-0.3124
N54525 X1.8956 Y0.7693 Z-0.3104
N54530 X1.8949 Y0.772 Z-0.308
N54535 X1.8942 Y0.7744 Z-0.3052
N54540 X1.8937 Y0.7762 Z-0.3021
N54545 X1.8934 Y0.7776 Z-0.2986
N54550 X1.8932 Y0.7784 Z-0.295
N54555 X1.8931 Y0.7787 Z-0.2913
N54560 Z0.1969
N54565 X0.5225 Y-0.0917
N54570 Z-0.2677
N54575 Z-0.2913
N54580 X0.5223 Y-0.0915 Z-0.295
N54585 X0.5215 Y-0.0911 Z-0.2986
N54590 X0.5203 Y-0.0903 Z-0.3021
N54595 X0.5186 Y-0.0893 Z-0.3052
N54600 X0.5166 Y-0.0881 Z-0.308
N54605 X0.5141 Y-0.0867 Z-0.3104
N54610 X0.5114 Y-0.0851 Z-0.3124
N54615 X0.5085 Y-0.0833 Z-0.3138
N54620 X0.5054 Y-0.0815 Z-0.3147
N54625 X0.5022 Y-0.0796 Z-0.315
N54630 G3 X0.4725 Y-0.0709 I-0.0318 J-0.0536
N54635 G1 X0.4646
N54640 X0.4567 Y-0.0708
N54645 X0.4408 Y-0.0704
N54650 X0.4329 Y-0.07
N54655 X0.3854 Y-0.0646
N54660 X0.3774 Y-0.0636
N54665 X0.3616 Y-0.0613
N54670 X0.3537 Y-0.0593
N54675 X0.3378 Y-0.0545
N54680 X0.3287 Y-0.0515
N54685 X0.322 Y-0.0491
N54690 X0.3047 Y-0.044
N54695 X0.2891 Y-0.0402
N54700 X0.2682 Y-0.0362
N54705 X0.2337 Y-0.0313
N54710 X0.199 Y-0.0277
N54715 X0.1658 Y-0.0171
N54720 X0.1356 Y0.0006
N54725 X0.1097 Y0.0239
N54730 X0.0883 Y0.0514
N54735 X0.0712 Y0.0819
N54740 X0.058 Y0.1142
N54745 X0.0481 Y0.1476
N54750 X0.0409 Y0.1817
N54755 X0.0356 Y0.2162
N54760 X0.0319 Y0.2509
N54765 X0.0293 Y0.2857
N54770 X0.0275 Y0.3205
N54775 X0.0262 Y0.3554
N54780 X0.0254 Y0.3903
N54785 X0.0248 Y0.4252
N54790 X0.0244 Y0.4601
N54795 X0.0242 Y0.4949
N54800 X0.024 Y0.5298
N54805 X0.0238 Y0.5996
N54810 X0.0237 Y0.7043
N54815 X0.0236 Y1.0531
N54820 Y1.7509
N54825 Y1.8904
N54830 X0.0249 Y1.9253
N54835 X0.0331 Y1.9592
N54840 X0.0485 Y1.9905
N54845 X0.07 Y2.0179
N54850 X0.0962 Y2.041
N54855 X0.1257 Y2.0597
N54860 X0.126 Y2.0598
N54865 X0.1353 Y2.0648
N54870 X0.1438 Y2.0708
N54875 X0.1516 Y2.0779
N54880 X0.1555 Y2.0819
N54885 X0.1838 Y2.1101
N54890 X0.1872 Y2.1133
N54895 X0.1952 Y2.1201
N54900 X0.2031 Y2.1259
N54905 X0.211 Y2.1312
N54910 X0.2586 Y2.1611
N54915 X0.2621 Y2.1631
N54920 G3 X0.2724 Y2.1899 I-0.0123 J0.0202
N54925 G1 X0.2714 Y2.1934 Z-0.3147
N54930 X0.2704 Y2.1969 Z-0.3138
N54935 X0.2694 Y2.2002 Z-0.3124
N54940 X0.2685 Y2.2032 Z-0.3104
N54945 X0.2677 Y2.2059 Z-0.308
N54950 X0.2671 Y2.2082 Z-0.3052
N54955 X0.2665 Y2.2101 Z-0.3021
N54960 X0.2661 Y2.2114 Z-0.2986
N54965 X0.2659 Y2.2123 Z-0.295
N54970 X0.2658 Y2.2125 Z-0.2913
N54975 Z0.1969
N54980 X0.3623 Y-0.0852
N54985 Z-0.2677
N54990 Z-0.2913
N54995 X0.3621 Y-0.085 Z-0.295
N55000 X0.3615 Y-0.0843 Z-0.2986
N55005 X0.3606 Y-0.0832 Z-0.3021
N55010 X0.3594 Y-0.0818 Z-0.3052
N55015 X0.3578 Y-0.0799 Z-0.308
N55020 X0.356 Y-0.0778 Z-0.3104
N55025 X0.354 Y-0.0753 Z-0.3124
N55030 X0.3518 Y-0.0727 Z-0.3138
N55035 X0.3495 Y-0.0699 Z-0.3147
N55040 X0.3471 Y-0.0671 Z-0.315
N55045 G3 X0.322 Y-0.0491 I-0.0477 J-0.04
N55050 G1 X0.2836 Y-0.0356
N55055 X0.2744 Y-0.0318
N55060 X0.2664 Y-0.0277
N55065 X0.2586 Y-0.0233
N55070 X0.211 Y0.0066
N55075 X0.2031 Y0.0119
N55080 X0.1952 Y0.0177
N55085 X0.1872 Y0.0245
N55090 X0.1838 Y0.0277
N55095 X0.1555 Y0.0559
N55100 X0.1366 Y0.0752
N55105 X0.1339 Y0.078
N55110 X0.1317 Y0.0808
N55115 X0.1159 Y0.104
N55120 X0.1141 Y0.1069
N55125 X0.0991 Y0.1306
N55130 X0.0847 Y0.1544
N55135 X0.0749 Y0.1782
N55140 X0.072 Y0.1861
N55145 X0.0582 Y0.2257
N55150 X0.0556 Y0.2336
N55155 X0.0533 Y0.2415
N55160 X0.0525 Y0.2449
N55165 X0.0516 Y0.2494
N55170 X0.0503 Y0.2573
N55175 X0.0475 Y0.2811
N55180 X0.0449 Y0.3048
N55185 X0.0426 Y0.3286
N55190 X0.0424 Y0.3365
N55195 X0.0423 Y0.3603
N55200 Y1.7855
N55205 X0.0424 Y1.8013
N55210 X0.0426 Y1.8092
N55215 X0.0449 Y1.833
N55220 X0.0475 Y1.8567
N55225 X0.0503 Y1.8805
N55230 X0.0516 Y1.8884
N55235 X0.0525 Y1.8929
N55240 X0.0533 Y1.8963
N55245 X0.0556 Y1.9042
N55250 X0.0582 Y1.9121
N55255 X0.072 Y1.9517
N55260 X0.0749 Y1.9596
N55265 X0.0847 Y1.9834
N55270 X0.0991 Y2.0071
N55275 X0.1141 Y2.0309
N55280 X0.1159 Y2.0338
N55285 X0.1317 Y2.0569
N55290 X0.1339 Y2.0598
N55295 X0.1366 Y2.0626
N55300 X0.1516 Y2.0779
N55305 G3 X0.1541 Y2.1065 I-0.0174 J0.0159
N55310 G1 X0.1521 Y2.1096 Z-0.3147
N55315 X0.1501 Y2.1127 Z-0.3138
N55320 X0.1483 Y2.1156 Z-0.3124
N55325 X0.1466 Y2.1182 Z-0.3104
N55330 X0.1451 Y2.1206 Z-0.308
N55335 X0.1438 Y2.1226 Z-0.3052
N55340 X0.1427 Y2.1243 Z-0.3021
N55345 X0.142 Y2.1254 Z-0.2986
N55350 X0.1415 Y2.1262 Z-0.295
N55355 X0.1413 Y2.1264 Z-0.2913
N55360 Z0.1969
N55365 X2.8321 Y2.23
N55370 Z-0.2677
N55375 Z-0.2913
N55380 X2.8324 Y2.2298 Z-0.295
N55385 X2.8331 Y2.2294 Z-0.2986
N55390 X2.8343 Y2.2287 Z-0.3021
N55395 X2.836 Y2.2277 Z-0.3052
N55400 X2.838 Y2.2264 Z-0.308
N55405 X2.8404 Y2.2249 Z-0.3104
N55410 X2.8431 Y2.2233 Z-0.3124
N55415 X2.846 Y2.2215 Z-0.3138
N55420 X2.8491 Y2.2196 Z-0.3147
N55425 X2.8523 Y2.2177 Z-0.315
N55430 G3 X2.8818 Y2.2087 I0.0324 J0.0532
N55435 G1 X2.8898 Y2.2086
N55440 X2.9056 Y2.2082
N55445 X2.9135 Y2.2078
N55450 X2.9611 Y2.2024
N55455 X2.969 Y2.2014
N55460 X2.9849 Y2.1991
N55465 X2.9928 Y2.1971
N55470 X3.0086 Y2.1923
N55475 X3.0177 Y2.1893
N55480 X3.0245 Y2.1869
N55485 X3.0422 Y2.1817
N55490 X3.0577 Y2.1779
N55495 X3.0784 Y2.174
N55500 X3.1079 Y2.1698
N55505 X3.1426 Y2.1666
N55510 X3.1775 Y2.1646
N55515 X3.2121 Y2.1605
N55520 X3.2447 Y2.148
N55525 X3.2734 Y2.1282
N55530 X3.2975 Y2.103
N55535 X3.3169 Y2.074
N55540 X3.3319 Y2.0425
N55545 X3.3431 Y2.0095
N55550 X3.3514 Y1.9756
N55555 X3.3573 Y1.9412
N55560 X3.3614 Y1.9065
N55565 X3.3642 Y1.8718
N55570 X3.3662 Y1.8369
N55575 X3.3675 Y1.8021
N55580 X3.3684 Y1.7672
N55585 X3.3689 Y1.7323
N55590 X3.3693 Y1.6974
N55595 X3.3696 Y1.6625
N55600 X3.3698 Y1.6277
N55605 X3.3699 Y1.5579
N55610 X3.37 Y1.4532
N55615 X3.3701 Y0.9997
N55620 Y0.4415
N55625 Y0.1624
N55630 X3.3651 Y0.1279
N55635 X3.3514 Y0.0958
N55640 X3.3306 Y0.0678
N55645 X3.3046 Y0.0445
N55650 X3.2751 Y0.026
N55655 X3.2432 Y0.0118
N55660 X3.21 Y0.0012
N55665 X3.1759 Y-0.0065
N55670 X3.1415 Y-0.0119
N55675 X3.1177 Y-0.0145
N55680 X3.1062 Y-0.0165
N55685 X3.0951 Y-0.0201
N55690 X3.0846 Y-0.0251
N55695 X3.08 Y-0.0277
N55700 X3.0721 Y-0.0318
N55705 X3.0629 Y-0.0356
N55710 X3.0166 Y-0.0519
N55715 X3.0086 Y-0.0545
N55720 X2.9925 Y-0.0594
N55725 X2.9849 Y-0.0613
N55730 X2.969 Y-0.0636
N55735 X2.9611 Y-0.0646
N55740 X2.9135 Y-0.07
N55745 X2.9056 Y-0.0704
N55750 X2.8908 Y-0.0708
N55755 G3 X2.8691 Y-0.0896 I0.0014 J-0.0236
N55760 G1 X2.8684 Y-0.0932 Z-0.3147
N55765 X2.8677 Y-0.0968 Z-0.3138
N55770 X2.867 Y-0.1001 Z-0.3124
N55775 X2.8663 Y-0.1032 Z-0.3104
N55780 X2.8658 Y-0.106 Z-0.308
N55785 X2.8653 Y-0.1083 Z-0.3052
N55790 X2.8649 Y-0.1102 Z-0.3021
N55795 X2.8646 Y-0.1116 Z-0.2986
N55800 X2.8644 Y-0.1125 Z-0.295
N55805 Y-0.1128 Z-0.2913
N55810 Z0.1969
N55815 X2.9842 Y2.223
N55820 Z-0.2677
N55825 Z-0.2913
N55830 X2.9844 Y2.2228 Z-0.295
N55835 X2.9849 Y2.2221 Z-0.2986
N55840 X2.9858 Y2.221 Z-0.3021
N55845 X2.9871 Y2.2196 Z-0.3052
N55850 X2.9886 Y2.2177 Z-0.308
N55855 X2.9905 Y2.2156 Z-0.3104
N55860 X2.9925 Y2.2131 Z-0.3124
N55865 X2.9947 Y2.2105 Z-0.3138
N55870 X2.997 Y2.2077 Z-0.3147
N55875 X2.9994 Y2.2049 Z-0.315
N55880 G3 X3.0245 Y2.1869 I0.0477 J0.04
N55885 G1 X3.0629 Y2.1734
N55890 X3.0721 Y2.1696
N55895 X3.08 Y2.1655
N55900 X3.0879 Y2.1611
N55905 X3.0935 Y2.1576
N55910 X3.1013 Y2.1532
N55915 X3.108 Y2.1498
N55920 X3.1188 Y2.1451
N55925 X3.1514 Y2.1326
N55930 X3.1829 Y2.1175
N55935 X3.2113 Y2.0973
N55940 X3.236 Y2.0727
N55945 X3.2567 Y2.0446
N55950 X3.2734 Y2.0139
N55955 X3.2865 Y1.9816
N55960 X3.2966 Y1.9482
N55965 X3.3041 Y1.9141
N55970 X3.3096 Y1.8797
N55975 X3.3136 Y1.845
N55980 X3.3164 Y1.8103
N55985 X3.3184 Y1.7754
N55990 X3.3198 Y1.7406
N55995 X3.3208 Y1.7057
N56000 X3.3214 Y1.6708
N56005 X3.3219 Y1.6359
N56010 X3.3222 Y1.601
N56015 X3.3224 Y1.5662
N56020 X3.3225 Y1.5313
N56025 X3.3227 Y1.4615
N56030 X3.3228 Y1.3568
N56035 Y0.9033
N56040 Y0.2754
N56045 Y0.2405
N56050 X3.3204 Y0.2057
N56055 X3.3107 Y0.1722
N56060 X3.2939 Y0.1415
N56065 X3.2714 Y0.1149
N56070 X3.2444 Y0.0928
N56075 X3.2145 Y0.0749
N56080 X3.2069 Y0.07
N56085 X3.1997 Y0.0643
N56090 X3.1931 Y0.0581
N56095 X3.1909 Y0.0559
N56100 X3.1627 Y0.0277
N56105 X3.1592 Y0.0245
N56110 X3.1513 Y0.0177
N56115 X3.1433 Y0.0119
N56120 X3.1355 Y0.0066
N56125 X3.0879 Y-0.0233
N56130 X3.0846 Y-0.0251
N56135 G3 X3.0743 Y-0.052 I0.0123 J-0.0202
N56140 G1 X3.0753 Y-0.0555 Z-0.3147
N56145 X3.0763 Y-0.059 Z-0.3138
N56150 X3.0773 Y-0.0622 Z-0.3124
N56155 X3.0782 Y-0.0653 Z-0.3104
N56160 X3.079 Y-0.068 Z-0.308
N56165 X3.0796 Y-0.0703 Z-0.3052
N56170 X3.0802 Y-0.0721 Z-0.3021
N56175 X3.0806 Y-0.0735 Z-0.2986
N56180 X3.0808 Y-0.0743 Z-0.295
N56185 X3.0809 Y-0.0746 Z-0.2913
N56190 Z0.1969
N56195 X3.0622 Y2.2018
N56200 Z-0.2677
N56205 Z-0.2913
N56210 X3.0624 Y2.2015 Z-0.295
N56215 X3.0628 Y2.2007 Z-0.2986
N56220 X3.0634 Y2.1995 Z-0.3021
N56225 X3.0643 Y2.1978 Z-0.3052
N56230 X3.0654 Y2.1956 Z-0.308
N56235 X3.0667 Y2.1931 Z-0.3104
N56240 X3.0681 Y2.1903 Z-0.3124
N56245 X3.0697 Y2.1872 Z-0.3138
N56250 X3.0713 Y2.184 Z-0.3147
N56255 X3.073 Y2.1807 Z-0.315
N56260 G3 X3.0935 Y2.1576 I0.0555 J0.0284
N56265 G1 X3.1355 Y2.1312
N56270 X3.1434 Y2.1259
N56275 X3.1513 Y2.1201
N56280 X3.1592 Y2.1133
N56285 X3.1627 Y2.1101
N56290 X3.1909 Y2.0819
N56295 X3.2098 Y2.0626
N56300 X3.2125 Y2.0598
N56305 X3.2147 Y2.0569
N56310 X3.2306 Y2.0338
N56315 X3.2324 Y2.0309
N56320 X3.2473 Y2.0071
N56325 X3.2618 Y1.9834
N56330 X3.2716 Y1.9596
N56335 X3.2744 Y1.9517
N56340 X3.2883 Y1.9121
N56345 X3.2909 Y1.9042
N56350 X3.2932 Y1.8963
N56355 X3.294 Y1.8929
N56360 X3.2949 Y1.8884
N56365 X3.2961 Y1.8805
N56370 X3.2989 Y1.8567
N56375 X3.3016 Y1.833
N56380 X3.3039 Y1.8092
N56385 X3.3041 Y1.8013
N56390 Y1.7775
N56395 Y0.3523
N56400 Y0.3365
N56405 X3.3039 Y0.3286
N56410 X3.3016 Y0.3048
N56415 X3.2989 Y0.2811
N56420 X3.2961 Y0.2573
N56425 X3.2949 Y0.2494
N56430 X3.294 Y0.2449
N56435 X3.2932 Y0.2415
N56440 X3.2909 Y0.2336
N56445 X3.2883 Y0.2257
N56450 X3.2744 Y0.1861
N56455 X3.2716 Y0.1782
N56460 X3.2618 Y0.1544
N56465 X3.2473 Y0.1306
N56470 X3.2324 Y0.1069
N56475 X3.2306 Y0.104
N56480 X3.2147 Y0.0808
N56485 X3.2125 Y0.078
N56490 X3.2098 Y0.0752
N56495 X3.1931 Y0.0581
N56500 X3.1908 Y0.0553
N56505 X3.1891 Y0.0521
N56510 X3.1883 Y0.0493 Z-0.3148
N56515 X3.1876 Y0.0465 Z-0.3142
N56520 X3.187 Y0.0438 Z-0.3133
N56525 X3.1869 Y0.0422 Z-0.3127
N56530 X3.1875 Y0.0391 Z-0.3108
N56535 X3.188 Y0.0362 Z-0.3084
N56540 X3.1884 Y0.0338 Z-0.3057
N56545 X3.1894 Y0.0319 Z-0.3024
N56550 X3.1901 Y0.0306 Z-0.2989
N56555 X3.1905 Y0.0298 Z-0.2952
N56560 X3.1906 Y0.0295 Z-0.2913
N56565 Z0.1969
N56570 X-0.0185 Y-0.2489
N56575 Z-0.2913
N56580 Z-0.315
N56585 Z-0.3937
N56590 G3 X0. Y-0.1203 I-0.5842 J0.1496
N56595 G1 Y-0.1147
N56600 X-0.0209 Y-0.0868
N56605 X-0.0366 Y-0.0556
N56610 X-0.0478 Y-0.0226
N56615 X-0.0557 Y0.0114
N56620 X-0.061 Y0.0459
N56625 X-0.0645 Y0.0806
N56630 X-0.0668 Y0.1154
N56635 X-0.0683 Y0.1503
N56640 X-0.0692 Y0.1851
N56645 X-0.0698 Y0.22
N56650 X-0.0702 Y0.2549
N56655 X-0.0704 Y0.2898
N56660 X-0.0706 Y0.3247
N56665 X-0.0708 Y0.3944
N56670 Y0.534
N56675 X-0.0709 Y1.8597
N56680 Y2.069
N56685 X-0.0604 Y2.1023
N56690 X-0.04 Y2.1306
N56695 X-0.0135 Y2.1532
N56700 X0.0169 Y2.1703
N56705 X0.0495 Y2.1828
N56710 X0.0833 Y2.1915
N56715 X0.1177 Y2.1974
N56720 X0.1524 Y2.2014
N56725 X0.1871 Y2.204
N56730 X0.222 Y2.2057
N56735 X0.2569 Y2.2068
N56740 X0.2917 Y2.2075
N56745 X0.3266 Y2.2079
N56750 X0.3615 Y2.2082
N56755 X0.3964 Y2.2084
N56760 X0.4549 Y2.2085
N56765 X0.4556
N56770 X0.4646 Y2.2087
N56775 X1.17
N56780 X1.2048 Y2.2104
N56785 X1.2397 Y2.2098
N56790 X1.2746 Y2.2094
N56795 X1.3095 Y2.2091
N56800 X1.3443 Y2.2089
N56805 X1.4141 Y2.2088
N56810 X1.5188 Y2.2087
N56815 X2.4607
N56820 X3.1585
N56825 X3.2631
N56830 X3.2804 Y2.2062
N56835 X3.3133 Y2.1947
N56840 X3.3413 Y2.1738
N56845 X3.3634 Y2.1469
N56850 X3.3801 Y2.1162
N56855 X3.3922 Y2.0835
N56860 X3.4007 Y2.0497
N56865 X3.4065 Y2.0153
N56870 X3.4103 Y1.9806
N56875 X3.4128 Y1.9458
N56880 X3.4145 Y1.9109
N56885 X3.4155 Y1.8761
N56890 X3.4162 Y1.8412
N56895 X3.4166 Y1.8063
N56900 X3.4169 Y1.7714
N56905 X3.417 Y1.7365
N56910 X3.4171 Y1.7017
N56915 X3.4172 Y1.6319
N56920 X3.4173 Y1.4574
N56925 Y0.4108
N56930 Y0.0794
N56935 X3.4107 Y0.0452
N56940 X3.393 Y0.0151
N56945 X3.368 Y-0.0092
N56950 X3.3385 Y-0.0279
N56955 X3.3064 Y-0.0416
N56960 X3.2729 Y-0.0514
N56965 X3.2387 Y-0.0581
N56970 X3.2041 Y-0.0626
N56975 X3.1694 Y-0.0656
N56980 X3.1345 Y-0.0675
N56985 X3.0997 Y-0.0687
N56990 X3.0648 Y-0.0695
N56995 X3.0299 Y-0.07
N57000 X2.995 Y-0.0703
N57005 X2.9601 Y-0.0705
N57010 X2.9252 Y-0.0706
N57015 X2.8915 Y-0.0707
N57020 X2.8908 Y-0.0708
N57025 X2.8818 Y-0.0709
N57030 X0.4725
N57035 X0.4377 Y-0.0726
N57040 X0.4028 Y-0.072
N57045 X0.3679 Y-0.0716
N57050 X0.333 Y-0.0713
N57055 X0.2982 Y-0.0711
N57060 X0.2284 Y-0.071
N57065 X0.1586 Y-0.0709
N57070 X0.1238 Y-0.0692
N57075 X0.0912 Y-0.0567
N57080 X0.0631 Y-0.036
N57085 X0.0401 Y-0.0098
N57090 X0.0221 Y0.0201
N57095 X0.0085 Y0.0522
N57100 X-0.0014 Y0.0857
N57105 X-0.0085 Y0.1198
N57110 X-0.0134 Y0.1544
N57115 X-0.0168 Y0.1891
N57120 X-0.0191 Y0.2239
N57125 X-0.0207 Y0.2587
N57130 X-0.0217 Y0.2936
N57135 X-0.0223 Y0.3285
N57140 X-0.0228 Y0.3634
N57145 X-0.0231 Y0.3983
N57150 X-0.0233 Y0.4332
N57155 X-0.0234 Y0.468
N57160 X-0.0235 Y0.5378
N57165 X-0.0236 Y0.6774
N57170 Y1.5146
N57175 Y1.9682
N57180 X-0.0206 Y2.0029
N57185 X-0.0087 Y2.0357
N57190 X0.0108 Y2.0646
N57195 X0.0359 Y2.0889
N57200 X0.0649 Y2.1083
N57205 X0.0963 Y2.1234
N57210 X0.1294 Y2.1346
N57215 X0.1633 Y2.1429
N57220 X0.1977 Y2.1487
N57225 X0.2298 Y2.1525
N57230 X0.241 Y2.1546
N57235 X0.2518 Y2.1581
N57240 X0.2621 Y2.1631
N57245 X0.2665 Y2.1655
N57250 X0.2744 Y2.1696
N57255 X0.2836 Y2.1734
N57260 X0.3299 Y2.1897
N57265 X0.3378 Y2.1923
N57270 X0.3539 Y2.1972
N57275 X0.3616 Y2.1991
N57280 X0.3774 Y2.2014
N57285 X0.3854 Y2.2024
N57290 X0.4329 Y2.2078
N57295 X0.4408 Y2.2082
N57300 X0.4556 Y2.2085
N57305 G3 X0.4692 Y2.2139 Z-0.3905 I-0.0014 J0.0236
N57310 G2 X0.4866 Y2.2277 Z-0.3858 I0.3434 J-0.417
N57315 X0.5888 Y2.2886 I0.3259 J-0.4308
N57320 X0.5986 Y2.2907 I0.0098 J-0.0215
N57325 G1 X1.0264 Y2.2908
N57330 G2 X1.0361 Y2.2887 I0. J-0.0236
N57335 X1.1388 Y2.2274 I-0.2236 J-0.4917
N57340 X1.1558 Y2.214 Z-0.3904 I-0.3262 J-0.4305
N57345 G3 X1.17 Y2.2087 Z-0.3937 I0.015 J0.0182
N57350 G1 X1.1937
N57355 X1.2017 Y2.2084
N57360 X1.2175 Y2.2075
N57365 X1.2254 Y2.2064
N57370 X1.2413 Y2.2039
N57375 X1.2492 Y2.2025
N57380 X1.2651 Y2.1995
N57385 X1.273 Y2.1978
N57390 X1.2809 Y2.1952
N57395 X1.2888 Y2.192
N57400 X1.2908 Y2.1912
N57405 X1.3004 Y2.1875
N57410 X1.3109 Y2.1841
N57415 X1.3243 Y2.1804
N57420 X1.3417 Y2.1765
N57425 X1.3654 Y2.1724
N57430 X1.4001 Y2.1682
N57435 X1.4349 Y2.1656
N57440 X1.4697 Y2.1641
N57445 X1.5046 Y2.1631
N57450 X1.5395 Y2.1625
N57455 X1.5743 Y2.1621
N57460 X1.6092 Y2.1618
N57465 X1.6441 Y2.1617
N57470 X1.7139 Y2.1615
N57475 X1.8534 Y2.1614
N57480 X1.9768
N57485 X1.9915 Y2.1627
N57490 X2.0058 Y2.1664
N57495 X2.0192 Y2.1725
N57500 X2.0259 Y2.1763
N57505 X2.0357 Y2.1813
N57510 X2.0513 Y2.1893
N57515 X2.0576 Y2.192
N57520 X2.0655 Y2.1952
N57525 X2.0735 Y2.1978
N57530 X2.0814 Y2.1995
N57535 X2.0972 Y2.2025
N57540 X2.1052 Y2.2039
N57545 X2.121 Y2.2064
N57550 X2.1289 Y2.2075
N57555 X2.1448 Y2.2084
N57560 G3 X2.1669 Y2.2334 Z-0.3858 I-0.0014 J0.0236
N57565 X2.1432 Y2.2556 I-0.0236 J-0.0014
N57570 G1 X1.2862 Y2.2485
N57575 G3 X1.2644 Y2.2163 I0.0002 J-0.0236
N57580 G1 X1.2656 Y2.2136 Z-0.3864
N57585 X1.2671 Y2.2111 Z-0.3871
N57590 X1.2677 Y2.2103 Z-0.3873
N57595 G3 X1.2908 Y2.1912 Z-0.3937 I0.0501 J0.037
N57600 G1 X1.2951 Y2.1893
N57605 X1.3126 Y2.1804
N57610 X1.3206 Y2.1763
N57615 X1.3397 Y2.1655
N57620 X1.3443 Y2.1628
N57625 X1.3454 Y2.162
N57630 X1.3503 Y2.1586
N57635 X1.3558 Y2.1554
N57640 X1.3627 Y2.1519
N57645 X1.3709 Y2.1481
N57650 X1.3805 Y2.1444
N57655 X1.3926 Y2.1402
N57660 X1.407 Y2.1361
N57665 X1.4258 Y2.1317
N57670 X1.4504 Y2.1272
N57675 X1.485 Y2.1226
N57680 X1.5197 Y2.1196
N57685 X1.5546 Y2.1177
N57690 X1.5894 Y2.1165
N57695 X1.6243 Y2.1157
N57700 X1.6592 Y2.1152
N57705 X1.6941 Y2.1148
N57710 X1.729 Y2.1146
N57715 X1.7639 Y2.1144
N57720 X1.8336 Y2.1143
N57725 X1.9034 Y2.1142
N57730 X1.9161 Y2.1144
N57735 X1.9294 Y2.1156
N57740 X1.9424 Y2.1189
N57745 X1.9547 Y2.1241
N57750 X1.966 Y2.1311
N57755 X1.9761 Y2.1398
N57760 X1.9784 Y2.142
N57765 X1.9867 Y2.1497
N57770 X1.9954 Y2.1576
N57775 X2.0021 Y2.1628
N57780 X2.0067 Y2.1655
N57785 X2.0192 Y2.1725
N57790 G3 X2.0271 Y2.205 Z-0.3858 I-0.0123 J0.0202
N57795 X2.0065 Y2.2163 I-0.0202 J-0.0123
N57800 G1 X1.3602 Y2.2036
N57805 G3 X1.3426 Y2.1952 I0.0005 J-0.0236
N57810 X1.3454 Y2.162 Z-0.3937 I0.0181 J-0.0152
N57815 G1 X1.351 Y2.1576
N57820 X1.3602 Y2.1493
N57825 X1.3684 Y2.1418
N57830 X1.376 Y2.1341
N57835 X1.3809 Y2.1297
N57840 X1.3854 Y2.1259
N57845 X1.3904 Y2.1222
N57850 X1.3958 Y2.1186
N57855 X1.4024 Y2.1147
N57860 X1.4105 Y2.1104
N57865 X1.4197 Y2.106
N57870 X1.4302 Y2.1017
N57875 X1.4435 Y2.0969
N57880 X1.4586 Y2.0924
N57885 X1.478 Y2.0875
N57890 X1.5028 Y2.0825
N57895 X1.5362 Y2.0775
N57900 X1.5709 Y2.074
N57905 X1.6057 Y2.0717
N57910 X1.6405 Y2.0702
N57915 X1.6754 Y2.0691
N57920 X1.7103 Y2.0684
N57925 X1.7452 Y2.0679
N57930 X1.78 Y2.0676
N57935 X1.8149 Y2.0674
N57940 X1.8498 Y2.0673
N57945 X1.8702 Y2.0677
N57950 X1.8797 Y2.0684
N57955 X1.8948 Y2.0709
N57960 X1.9092 Y2.0759
N57965 X1.9224 Y2.0834
N57970 X1.9342 Y2.0931
N57975 X1.9441 Y2.1048
N57980 X1.9478 Y2.1101
N57985 X1.9546 Y2.1181
N57990 X1.9736 Y2.1372
N57995 X1.9761 Y2.1398
N58000 G3 X1.975 Y2.1732 Z-0.3858 I-0.0173 J0.0161
N58005 X1.9586 Y2.1795 I-0.0161 J-0.0173
N58010 G1 X1.3932 Y2.1737
N58015 G3 X1.3774 Y2.1675 I0.0002 J-0.0236
N58020 X1.376 Y2.1341 Z-0.3937 I0.016 J-0.0174
N58025 G1 X1.3919 Y2.118
N58030 X1.3986 Y2.1101
N58035 X1.4022 Y2.105
N58040 X1.406 Y2.1001
N58045 X1.4099 Y2.0957
N58050 X1.4141 Y2.0915
N58055 X1.4185 Y2.0876
N58060 X1.4233 Y2.0837
N58065 X1.4289 Y2.0797
N58070 X1.4359 Y2.0751
N58075 X1.4433 Y2.0708
N58080 X1.4524 Y2.0661
N58085 X1.4635 Y2.061
N58090 X1.4754 Y2.0562
N58095 X1.4908 Y2.0509
N58100 X1.5079 Y2.0459
N58105 X1.5299 Y2.0406
N58110 X1.5581 Y2.0352
N58115 X1.5926 Y2.0304
N58120 X1.6273 Y2.0271
N58125 X1.6622 Y2.0248
N58130 X1.697 Y2.0232
N58135 X1.7319 Y2.0221
N58140 X1.7668 Y2.0214
N58145 X1.8016 Y2.0209
N58150 X1.8264 Y2.0214
N58155 X1.8411 Y2.0223
N58160 X1.8552 Y2.0239
N58165 X1.8653 Y2.0256
N58170 X1.8662 Y2.0258
N58175 X1.8809 Y2.0303
N58180 X1.8946 Y2.0374
N58185 X1.9067 Y2.0468
N58190 X1.9171 Y2.0581
N58195 X1.9252 Y2.0711
N58200 X1.933 Y2.0863
N58205 X1.9387 Y2.0966
N58210 X1.9422 Y2.1022
N58215 X1.9441 Y2.1048
N58220 G3 X1.9373 Y2.1375 Z-0.3858 I-0.0197 J0.013
N58225 X1.9244 Y2.1414 I-0.013 J-0.0197
N58230 G1 X1.422 Y2.1416
N58235 G3 X1.409 Y2.1377 I0. J-0.0236
N58240 X1.4022 Y2.105 Z-0.3937 I0.013 J-0.0197
N58245 G1 X1.4042 Y2.1022
N58250 X1.4077 Y2.0966
N58255 X1.4135 Y2.0863
N58260 X1.4187 Y2.076
N58265 X1.4217 Y2.0709
N58270 X1.425 Y2.066
N58275 X1.4286 Y2.0614
N58280 X1.4326 Y2.057
N58285 X1.4368 Y2.0528
N58290 X1.4415 Y2.0485
N58295 X1.4472 Y2.0439
N58300 X1.4534 Y2.0393
N58305 X1.4611 Y2.0342
N58310 X1.4693 Y2.0293
N58315 X1.4796 Y2.0238
N58320 X1.4908 Y2.0185
N58325 X1.5044 Y2.0129
N58330 X1.5202 Y2.0073
N58335 X1.5391 Y2.0015
N58340 X1.5614 Y1.9959
N58345 X1.5901 Y1.9902
N58350 X1.6246 Y1.985
N58355 X1.6593 Y1.9813
N58360 X1.6941 Y1.9787
N58365 X1.7289 Y1.9769
N58370 X1.7638 Y1.9758
N58375 X1.7928 Y1.976
N58380 X1.81 Y1.9769
N58385 X1.8254 Y1.9785
N58390 X1.8363 Y1.9801
N58395 X1.8478 Y1.9825
N58400 X1.8525 Y1.9837
N58405 X1.8656 Y1.9882
N58410 X1.8778 Y1.995
N58415 X1.8887 Y2.0037
N58420 X1.8979 Y2.0141
N58425 X1.9052 Y2.0259
N58430 X1.9104 Y2.0388
N58435 X1.9209 Y2.0626
N58440 X1.9252 Y2.0711
N58445 G3 X1.9138 Y2.1025 Z-0.3858 I-0.0214 J0.01
N58450 X1.9041 Y2.1048 I-0.01 J-0.0214
N58455 G1 X1.4404 Y2.1096
N58460 G3 X1.4301 Y2.1074 I-0.0002 J-0.0236
N58465 X1.4187 Y2.076 Z-0.3937 I0.01 J-0.0214
N58470 G1 X1.4256 Y2.0626
N58475 X1.4345 Y2.0424
N58480 X1.4371 Y2.0371
N58485 X1.4401 Y2.032
N58490 X1.4435 Y2.0272
N58495 X1.4471 Y2.0225
N58500 X1.451 Y2.0181
N58505 X1.4555 Y2.0136
N58510 X1.4606 Y2.0088
N58515 X1.4665 Y2.0039
N58520 X1.4735 Y1.9986
N58525 X1.4812 Y1.9933
N58530 X1.4904 Y1.9876
N58535 X1.5005 Y1.9821
N58540 X1.5131 Y1.9759
N58545 X1.5264 Y1.9702
N58550 X1.5435 Y1.9638
N58555 X1.562 Y1.9579
N58560 X1.585 Y1.9518
N58565 X1.6136 Y1.9456
N58570 X1.648 Y1.94
N58575 X1.6827 Y1.9359
N58580 X1.7175 Y1.9331
N58585 X1.749 Y1.9319
N58590 X1.7732 Y1.9321
N58595 X1.7915 Y1.9332
N58600 X1.8072 Y1.9348
N58605 X1.8185 Y1.9366
N58610 X1.8297 Y1.9389
N58615 X1.8389 Y1.9413
N58620 X1.8472 Y1.9438
N58625 X1.8483 Y1.9442
N58630 X1.8622 Y1.9508
N58635 X1.8747 Y1.9596
N58640 X1.8855 Y1.9705
N58645 X1.8941 Y1.9832
N58650 X1.9004 Y1.9972
N58655 X1.9042 Y2.0121
N58660 X1.9046 Y2.0151
N58665 X1.907 Y2.0272
N58670 X1.908 Y2.0309
N58675 X1.9104 Y2.0388
N58680 G3 X1.8938 Y2.0678 Z-0.3858 I-0.0228 J0.0061
N58685 G1 X1.8909 Y2.0684
N58690 X1.8879 Y2.0686
N58695 X1.4568 Y2.0747
N58700 X1.4537 Y2.0746
N58705 X1.4506 Y2.074
N58710 X1.4477 Y2.0731
N58715 G3 X1.4345 Y2.0424 Z-0.3937 I0.0088 J-0.0219
N58720 G1 X1.436 Y2.0388
N58725 X1.4385 Y2.0309
N58730 X1.4394 Y2.0272
N58735 X1.4411 Y2.0186
N58740 X1.4425 Y2.0129
N58745 X1.4446 Y2.0074
N58750 X1.4471 Y2.002
N58755 X1.45 Y1.9969
N58760 X1.4533 Y1.992
N58765 X1.4568 Y1.9872
N58770 X1.4606 Y1.9826
N58775 X1.4653 Y1.9775
N58780 X1.4703 Y1.9725
N58785 X1.4765 Y1.9669
N58790 X1.4832 Y1.9614
N58795 X1.4913 Y1.9554
N58800 X1.5 Y1.9496
N58805 X1.5106 Y1.9433
N58810 X1.5221 Y1.9371
N58815 X1.5362 Y1.9305
N58820 X1.5515 Y1.9241
N58825 X1.5703 Y1.9174
N58830 X1.5917 Y1.9108
N58835 X1.6164 Y1.9046
N58840 X1.6456 Y1.8987
N58845 X1.6768 Y1.894
N58850 X1.7067 Y1.8909
N58855 X1.7325 Y1.8896
N58860 X1.7544 Y1.8895
N58865 X1.7736 Y1.8903
N58870 X1.7898 Y1.8919
N58875 X1.8021 Y1.8936
N58880 X1.8145 Y1.896
N58885 X1.8236 Y1.8982
N58890 X1.8334 Y1.9011
N58895 X1.8418 Y1.9041
N58900 X1.8489 Y1.9069
N58905 X1.8494 Y1.9072
N58910 X1.8621 Y1.9145
N58915 X1.8735 Y1.9238
N58920 X1.8831 Y1.9349
N58925 X1.8907 Y1.9475
N58930 X1.896 Y1.9612
N58935 X1.899 Y1.9756
N58940 X1.8999 Y1.9834
N58945 X1.9009 Y1.9913
N58950 X1.9042 Y2.0121
N58955 G3 X1.8836 Y2.0384 Z-0.3858 I-0.0234 J0.0029
N58960 G1 X1.8811 Y2.0386
N58965 X1.4649 Y2.046
N58970 X1.4628 Y2.0459
N58975 X1.4607 Y2.0457
N58980 G3 X1.4411 Y2.0186 Z-0.3937 I0.0037 J-0.0233
N58985 G1 X1.4418 Y2.0151
N58990 X1.4456 Y1.9913
N58995 X1.4457 Y1.99
N59000 X1.4468 Y1.9842
N59005 X1.4483 Y1.9785
N59010 X1.4503 Y1.9729
N59015 X1.4528 Y1.9676
N59020 X1.4556 Y1.9624
N59025 X1.4587 Y1.9574
N59030 X1.4621 Y1.9525
N59035 X1.4661 Y1.9474
N59040 X1.4707 Y1.942
N59045 X1.4759 Y1.9364
N59050 X1.4821 Y1.9304
N59055 X1.4888 Y1.9246
N59060 X1.497 Y1.9181
N59065 X1.5057 Y1.9118
N59070 X1.5163 Y1.905
N59075 X1.5277 Y1.8984
N59080 X1.5412 Y1.8915
N59085 X1.5565 Y1.8845
N59090 X1.5736 Y1.8777
N59095 X1.594 Y1.8707
N59100 X1.6157 Y1.8645
N59105 X1.6392 Y1.8589
N59110 X1.664 Y1.8543
N59115 X1.6886 Y1.851
N59120 X1.7122 Y1.8489
N59125 X1.733 Y1.8482
N59130 X1.7523 Y1.8484
N59135 X1.7695 Y1.8494
N59140 X1.785 Y1.8511
N59145 X1.7984 Y1.8532
N59150 X1.8094 Y1.8555
N59155 X1.8203 Y1.8584
N59160 X1.8287 Y1.861
N59165 X1.8378 Y1.8643
N59170 X1.8454 Y1.8675
N59175 X1.8524 Y1.871
N59180 X1.8653 Y1.8795
N59185 X1.8764 Y1.8902
N59190 X1.8854 Y1.9026
N59195 X1.8921 Y1.9165
N59200 X1.8962 Y1.9313
N59205 X1.8977 Y1.9467
N59210 Y1.9596
N59215 X1.898 Y1.9676
N59220 X1.899 Y1.9756
N59225 G3 X1.8774 Y2.0011 Z-0.3858 I-0.0235 J0.002
N59230 G1 X1.8763
N59235 X1.4701 Y2.0157
N59240 X1.4671 Y2.0156
N59245 G3 X1.4457 Y1.99 Z-0.3937 I0.0021 J-0.0235
N59250 G1 X1.4466 Y1.9834
N59255 X1.4484 Y1.9676
N59260 X1.4487 Y1.9596
N59265 X1.4491 Y1.9537
N59270 X1.4502 Y1.948
N59275 X1.4519 Y1.9423
N59280 X1.454 Y1.9368
N59285 X1.4565 Y1.9314
N59290 X1.4593 Y1.9262
N59295 X1.4624 Y1.921
N59300 X1.466 Y1.9158
N59305 X1.4701 Y1.9102
N59310 X1.475 Y1.9044
N59315 X1.4805 Y1.8984
N59320 X1.487 Y1.8919
N59325 X1.494 Y1.8856
N59330 X1.5024 Y1.8787
N59335 X1.5116 Y1.8719
N59340 X1.5222 Y1.8649
N59345 X1.5346 Y1.8575
N59350 X1.5476 Y1.8506
N59355 X1.5628 Y1.8434
N59360 X1.58 Y1.8363
N59365 X1.5978 Y1.8299
N59370 X1.6175 Y1.8239
N59375 X1.6387 Y1.8186
N59380 X1.6603 Y1.8143
N59385 X1.6819 Y1.811
N59390 X1.7031 Y1.8089
N59395 X1.7234 Y1.8078
N59400 X1.7419
N59405 X1.7589 Y1.8086
N59410 X1.7747 Y1.8101
N59415 X1.7892 Y1.8122
N59420 X1.8023 Y1.8147
N59425 X1.8124 Y1.8172
N59430 X1.8233 Y1.8204
N59435 X1.8319 Y1.8234
N59440 X1.8397 Y1.8266
N59445 X1.848 Y1.8305
N59450 X1.8546 Y1.834
N59455 X1.855 Y1.8342
N59460 X1.8672 Y1.8429
N59465 X1.8777 Y1.8535
N59470 X1.8862 Y1.8658
N59475 X1.8925 Y1.8794
N59480 X1.8963 Y1.8939
N59485 X1.8976 Y1.9088
N59490 X1.8977 Y1.9454
N59495 Y1.9467
N59500 G3 X1.8748 Y1.9696 Z-0.3861 I-0.0236 J-0.0007
N59505 G1 X1.8734 Z-0.3858
N59510 X1.4731 Y1.9825
N59515 X1.473
N59520 G3 X1.4487 Y1.9596 Z-0.3937 I-0.0007 J-0.0236
N59525 G1 X1.4488 Y1.9359
N59530 Y1.9296
N59535 X1.4491 Y1.9237
N59540 X1.4499 Y1.9178
N59545 X1.4512 Y1.9121
N59550 X1.453 Y1.9064
N59555 X1.4551 Y1.9009
N59560 X1.4576 Y1.8956
N59565 X1.4603 Y1.8903
N59570 X1.4635 Y1.8849
N59575 X1.4672 Y1.8792
N59580 X1.4717 Y1.8731
N59585 X1.4766 Y1.867
N59590 X1.4824 Y1.8605
N59595 X1.489 Y1.8538
N59600 X1.4963 Y1.847
N59605 X1.5051 Y1.8397
N59610 X1.5143 Y1.8326
N59615 X1.525 Y1.8253
N59620 X1.5372 Y1.8178
N59625 X1.5501 Y1.8107
N59630 X1.5647 Y1.8036
N59635 X1.5809 Y1.7966
N59640 X1.5984 Y1.7901
N59645 X1.6166 Y1.7843
N59650 X1.6358 Y1.7792
N59655 X1.6558 Y1.7749
N59660 X1.6759 Y1.7716
N59665 X1.6959 Y1.7693
N59670 X1.7153 Y1.7681
N59675 X1.7337 Y1.7678
N59680 X1.7507 Y1.7683
N59685 X1.767 Y1.7696
N59690 X1.7819 Y1.7716
N59695 X1.7956 Y1.774
N59700 X1.8081 Y1.7769
N59705 X1.818 Y1.7797
N59710 X1.8285 Y1.7833
N59715 X1.8366 Y1.7864
N59720 X1.8446 Y1.79
N59725 X1.8524 Y1.794
N59730 X1.854 Y1.7949
N59735 X1.8665 Y1.8036
N59740 X1.8772 Y1.8142
N59745 X1.8859 Y1.8266
N59750 X1.8924 Y1.8404
N59755 X1.8963 Y1.855
N59760 X1.8976 Y1.8701
N59765 Y1.9088
N59770 G3 X1.8753 Y1.9316 Z-0.3863 I-0.0236 J-0.0008
N59775 G1 X1.8732 Y1.9317 Z-0.3858
N59780 X1.4736 Y1.9523
N59785 X1.4732 Y1.9524
N59790 G3 X1.4488 Y1.9296 Z-0.3937 I-0.0008 J-0.0236
N59795 G1 Y1.8939
N59800 X1.4491 Y1.888
N59805 X1.4499 Y1.8822
N59810 X1.4512 Y1.8764
N59815 X1.4529 Y1.8707
N59820 X1.4549 Y1.8652
N59825 X1.4573 Y1.8598
N59830 X1.4601 Y1.8543
N59835 X1.4632 Y1.8488
N59840 X1.467 Y1.8428
N59845 X1.4713 Y1.8366
N59850 X1.4763 Y1.8302
N59855 X1.4821 Y1.8233
N59860 X1.4885 Y1.8166
N59865 X1.4959 Y1.8094
N59870 X1.5044 Y1.8021
N59875 X1.5135 Y1.7949
N59880 X1.5241 Y1.7873
N59885 X1.536 Y1.7797
N59890 X1.5484 Y1.7726
N59895 X1.5624 Y1.7654
N59900 X1.5778 Y1.7585
N59905 X1.5944 Y1.7519
N59910 X1.6118 Y1.746
N59915 X1.6298 Y1.7408
N59920 X1.6487 Y1.7364
N59925 X1.668 Y1.7329
N59930 X1.6873 Y1.7303
N59935 X1.7063 Y1.7287
N59940 X1.7247 Y1.7281
N59945 X1.7423 Y1.7283
N59950 X1.7587 Y1.7294
N59955 X1.7744 Y1.7311
N59960 X1.7888 Y1.7334
N59965 X1.8021 Y1.7362
N59970 X1.8129 Y1.7391
N59975 X1.8239 Y1.7425
N59980 X1.8329 Y1.7459
N59985 X1.8408 Y1.7492
N59990 X1.8492 Y1.7534
N59995 X1.8562 Y1.7572
N60000 X1.8681 Y1.7659
N60005 X1.8783 Y1.7765
N60010 X1.8866 Y1.7887
N60015 X1.8927 Y1.8021
N60020 X1.8964 Y1.8164
N60025 X1.8976 Y1.8311
N60030 Y1.8701
N60035 G3 X1.8754 Y1.8929 Z-0.3863 I-0.0236 J-0.0008
N60040 G1 X1.8732 Y1.893 Z-0.3858
N60045 X1.4738 Y1.9167
N60050 X1.4732
N60055 G3 X1.4488 Y1.8939 Z-0.3937 I-0.0008 J-0.0236
N60060 G1 Y1.8567
N60065 X1.4491 Y1.8508
N60070 X1.4499 Y1.845
N60075 X1.4511 Y1.8392
N60080 X1.4528 Y1.8335
N60085 X1.4548 Y1.828
N60090 X1.4571 Y1.8225
N60095 X1.4598 Y1.8169
N60100 X1.4629 Y1.8113
N60105 X1.4667 Y1.8052
N60110 X1.471 Y1.7988
N60115 X1.476 Y1.7923
N60120 X1.4818 Y1.7853
N60125 X1.4882 Y1.7784
N60130 X1.4955 Y1.7712
N60135 X1.504 Y1.7637
N60140 X1.5131 Y1.7563
N60145 X1.5233 Y1.7488
N60150 X1.5349 Y1.7412
N60155 X1.5475 Y1.7338
N60160 X1.5608 Y1.7268
N60165 X1.5756 Y1.7199
N60170 X1.5915 Y1.7134
N60175 X1.6085 Y1.7074
N60180 X1.6264 Y1.7021
N60185 X1.6447 Y1.6976
N60190 X1.6634 Y1.694
N60195 X1.6822 Y1.6912
N60200 X1.7008 Y1.6895
N60205 X1.7191 Y1.6886
N60210 X1.7368 Y1.6887
N60215 X1.7536 Y1.6895
N60220 X1.7697 Y1.6911
N60225 X1.7845 Y1.6933
N60230 X1.7981 Y1.6961
N60235 X1.8106 Y1.6992
N60240 X1.8205 Y1.7022
N60245 X1.8309 Y1.7059
N60250 X1.8388 Y1.7092
N60255 X1.8469 Y1.713
N60260 X1.8546 Y1.7171
N60265 X1.8554 Y1.7176
N60270 X1.8675 Y1.7263
N60275 X1.8779 Y1.7369
N60280 X1.8863 Y1.7492
N60285 X1.8926 Y1.7627
N60290 X1.8964 Y1.7771
N60295 X1.8976 Y1.792
N60300 Y1.8311
N60305 G3 X1.8755 Y1.8538 Z-0.3863 I-0.0236 J-0.0008
N60310 G1 X1.8732 Y1.854 Z-0.3858
N60315 X1.4739 Y1.8795
N60320 X1.4732
N60325 G3 X1.4488 Y1.8567 Z-0.3937 I-0.0008 J-0.0236
N60330 G1 Y1.8187
N60335 X1.4491 Y1.8128
N60340 X1.4499 Y1.807
N60345 X1.4511 Y1.8012
N60350 X1.4527 Y1.7955
N60355 X1.4546 Y1.7899
N60360 X1.4569 Y1.7845
N60365 X1.4596 Y1.7788
N60370 X1.4627 Y1.7731
N60375 X1.4664 Y1.767
N60380 X1.4707 Y1.7605
N60385 X1.4756 Y1.754
N60390 X1.4814 Y1.7469
N60395 X1.4877 Y1.7399
N60400 X1.4949 Y1.7327
N60405 X1.5032 Y1.7252
N60410 X1.5123 Y1.7177
N60415 X1.5223 Y1.7103
N60420 X1.5336 Y1.7027
N60425 X1.5462 Y1.6952
N60430 X1.5593 Y1.6881
N60435 X1.5737 Y1.6813
N60440 X1.5892 Y1.6748
N60445 X1.6058 Y1.6688
N60450 X1.6232 Y1.6634
N60455 X1.6412 Y1.6588
N60460 X1.6596 Y1.6551
N60465 X1.6782 Y1.6522
N60470 X1.6968 Y1.6503
N60475 X1.7151 Y1.6493
N60480 X1.7329 Y1.6492
N60485 X1.7501 Y1.6499
N60490 X1.7663 Y1.6514
N60495 X1.7814 Y1.6535
N60500 X1.7952 Y1.6561
N60505 X1.8081 Y1.6593
N60510 X1.8183 Y1.6622
N60515 X1.829 Y1.666
N60520 X1.8372 Y1.6693
N60525 X1.8453 Y1.673
N60530 X1.8532 Y1.6771
N60535 X1.8548 Y1.678
N60540 X1.867 Y1.6867
N60545 X1.8776 Y1.6974
N60550 X1.8862 Y1.7097
N60555 X1.8925 Y1.7233
N60560 X1.8963 Y1.7378
N60565 X1.8976 Y1.7528
N60570 Y1.792
N60575 G3 X1.8756 Y1.8147 Z-0.3863 I-0.0236 J-0.0008
N60580 G1 X1.8732 Y1.8149 Z-0.3858
N60585 X1.474 Y1.8415
N60590 X1.4732
N60595 G3 X1.4488 Y1.8187 Z-0.3937 I-0.0008 J-0.0236
N60600 G1 Y1.7811
N60605 X1.4491 Y1.7752
N60610 X1.4497 Y1.7693
N60615 X1.4508 Y1.7635
N60620 X1.4524 Y1.7578
N60625 X1.4542 Y1.7522
N60630 X1.4564 Y1.7467
N60635 X1.459 Y1.7411
N60640 X1.4619 Y1.7354
N60645 X1.4655 Y1.7293
N60650 X1.4697 Y1.7229
N60655 X1.4744 Y1.7164
N60660 X1.48 Y1.7093
N60665 X1.4862 Y1.7024
N60670 X1.4932 Y1.6952
N60675 X1.5013 Y1.6876
N60680 X1.51 Y1.6802
N60685 X1.5197 Y1.6728
N60690 X1.5308 Y1.6651
N60695 X1.5429 Y1.6576
N60700 X1.5557 Y1.6505
N60705 X1.5696 Y1.6436
N60710 X1.5848 Y1.637
N60715 X1.601 Y1.6309
N60720 X1.6181 Y1.6254
N60725 X1.6358 Y1.6206
N60730 X1.654 Y1.6166
N60735 X1.6724 Y1.6135
N60740 X1.691 Y1.6113
N60745 X1.7094 Y1.6101
N60750 X1.7273 Y1.6097
N60755 X1.7447 Y1.6102
N60760 X1.761 Y1.6114
N60765 X1.7767 Y1.6134
N60770 X1.791 Y1.6159
N60775 X1.8043 Y1.6189
N60780 X1.8149 Y1.6219
N60785 X1.8259 Y1.6256
N60790 X1.8347 Y1.629
N60795 X1.8427 Y1.6325
N60800 X1.851 Y1.6367
N60805 X1.8537 Y1.6382
N60810 X1.8662 Y1.6468
N60815 X1.8771 Y1.6575
N60820 X1.8858 Y1.67
N60825 X1.8923 Y1.6837
N60830 X1.8963 Y1.6984
N60835 X1.8976 Y1.7136
N60840 Y1.7528
N60845 G3 X1.8757 Y1.7755 Z-0.3864 I-0.0236 J-0.0008
N60850 G1 X1.8732 Y1.7757 Z-0.3858
N60855 X1.4741 Y1.8038
N60860 X1.4732 Y1.8039
N60865 G3 X1.4488 Y1.7811 Z-0.3937 I-0.0008 J-0.0236
N60870 G1 Y1.7415
N60875 X1.4491 Y1.7356
N60880 X1.4498 Y1.7297
N60885 X1.4509 Y1.7239
N60890 X1.4524 Y1.7182
N60895 X1.4543 Y1.7126
N60900 X1.4565 Y1.7072
N60905 X1.4591 Y1.7016
N60910 X1.4622 Y1.6957
N60915 X1.4657 Y1.6897
N60920 X1.47 Y1.6832
N60925 X1.4747 Y1.6766
N60930 X1.4802 Y1.6697
N60935 X1.4867 Y1.6624
N60940 X1.4937 Y1.6553
N60945 X1.5016 Y1.6479
N60950 X1.5107 Y1.6403
N60955 X1.5205 Y1.6328
N60960 X1.5312 Y1.6254
N60965 X1.5433 Y1.6179
N60970 X1.5566 Y1.6106
N60975 X1.5706 Y1.6037
N60980 X1.5854 Y1.5973
N60985 X1.6014 Y1.5913
N60990 X1.6183 Y1.5858
N60995 X1.636 Y1.5811
N61000 X1.6542 Y1.5772
N61005 X1.6726 Y1.5741
N61010 X1.6912 Y1.5719
N61015 X1.7096 Y1.5707
N61020 X1.7277 Y1.5704
N61025 X1.7452 Y1.5709
N61030 X1.7617 Y1.5722
N61035 X1.777 Y1.5741
N61040 X1.7911 Y1.5767
N61045 X1.8045 Y1.5797
N61050 X1.8151 Y1.5827
N61055 X1.8263 Y1.5864
N61060 X1.8348 Y1.5897
N61065 X1.8431 Y1.5934
N61070 X1.8512 Y1.5975
N61075 X1.8538 Y1.599
N61080 X1.8663 Y1.6077
N61085 X1.8771 Y1.6184
N61090 X1.8859 Y1.6308
N61095 X1.8923 Y1.6445
N61100 X1.8963 Y1.6592
N61105 X1.8976 Y1.6743
N61110 Y1.7136
N61115 G3 X1.8757 Y1.7363 Z-0.3863 I-0.0236 J-0.0008
N61120 G1 X1.8732 Y1.7365 Z-0.3858
N61125 X1.4741 Y1.7643
N61130 X1.4732
N61135 G3 X1.4488 Y1.7415 Z-0.3937 I-0.0008 J-0.0236
N61140 G1 Y1.7019
N61145 X1.4491 Y1.696
N61150 X1.4498 Y1.6902
N61155 X1.4509 Y1.6844
N61160 X1.4525 Y1.6787
N61165 X1.4544 Y1.6731
N61170 X1.4566 Y1.6676
N61175 X1.4592 Y1.662
N61180 X1.4623 Y1.656
N61185 X1.4658 Y1.65
N61190 X1.4702 Y1.6435
N61195 X1.4749 Y1.6369
N61200 X1.4805 Y1.63
N61205 X1.487 Y1.6227
N61210 X1.494 Y1.6156
N61215 X1.502 Y1.6081
N61220 X1.5111 Y1.6005
N61225 X1.5209 Y1.593
N61230 X1.5316 Y1.5857
N61235 X1.5437 Y1.5782
N61240 X1.5569 Y1.5709
N61245 X1.571 Y1.5641
N61250 X1.5858 Y1.5577
N61255 X1.6017 Y1.5517
N61260 X1.6186 Y1.5463
N61265 X1.6362 Y1.5416
N61270 X1.6544 Y1.5377
N61275 X1.673 Y1.5347
N61280 X1.6916 Y1.5325
N61285 X1.71 Y1.5313
N61290 X1.728 Y1.531
N61295 X1.7455 Y1.5316
N61300 X1.762 Y1.5329
N61305 X1.7773 Y1.5349
N61310 X1.7914 Y1.5374
N61315 X1.8047 Y1.5405
N61320 X1.8153 Y1.5435
N61325 X1.8265 Y1.5472
N61330 X1.835 Y1.5505
N61335 X1.8433 Y1.5543
N61340 X1.8502 Y1.5578
N61345 X1.8637 Y1.5662
N61350 X1.8753 Y1.577
N61355 X1.8848 Y1.5897
N61360 X1.8919 Y1.6039
N61365 X1.8962 Y1.6192
N61370 X1.8976 Y1.635
N61375 Y1.6743
N61380 G3 X1.8756 Y1.6971 Z-0.3863 I-0.0236 J-0.0008
N61385 G1 X1.8732 Y1.6972 Z-0.3858
N61390 X1.474 Y1.7247
N61395 X1.4732
N61400 G3 X1.4488 Y1.7019 Z-0.3937 I-0.0008 J-0.0236
N61405 G1 Y1.6623
N61410 X1.4491 Y1.6564
N61415 X1.4498 Y1.6506
N61420 X1.451 Y1.6448
N61425 X1.4525 Y1.6391
N61430 X1.4544 Y1.6335
N61435 X1.4566 Y1.628
N61440 X1.4593 Y1.6224
N61445 X1.4624 Y1.6165
N61450 X1.466 Y1.6104
N61455 X1.4703 Y1.6038
N61460 X1.4751 Y1.5972
N61465 X1.4806 Y1.5904
N61470 X1.4871 Y1.5831
N61475 X1.4941 Y1.5759
N61480 X1.5021 Y1.5685
N61485 X1.5113 Y1.5609
N61490 X1.5211 Y1.5534
N61495 X1.5318 Y1.5461
N61500 X1.5439 Y1.5387
N61505 X1.5571 Y1.5314
N61510 X1.5711 Y1.5245
N61515 X1.5859 Y1.5182
N61520 X1.6019 Y1.5122
N61525 X1.6188 Y1.5069
N61530 X1.6365 Y1.5022
N61535 X1.6547 Y1.4983
N61540 X1.6732 Y1.4953
N61545 X1.6918 Y1.4931
N61550 X1.7102 Y1.492
N61555 X1.7282 Y1.4917
N61560 X1.7457 Y1.4922
N61565 X1.7622 Y1.4936
N61570 X1.7775 Y1.4956
N61575 X1.7916 Y1.4981
N61580 X1.8042 Y1.5011
N61585 X1.8163 Y1.5045
N61590 X1.8266 Y1.5079
N61595 X1.8349 Y1.5112
N61600 X1.844 Y1.5153
N61605 X1.8513 Y1.519
N61610 X1.854 Y1.5206
N61615 X1.8665 Y1.5292
N61620 X1.8772 Y1.5399
N61625 X1.886 Y1.5523
N61630 X1.8924 Y1.566
N61635 X1.8963 Y1.5807
N61640 X1.8976 Y1.5958
N61645 Y1.635
N61650 G3 X1.8756 Y1.6578 Z-0.3863 I-0.0236 J-0.0008
N61655 G1 X1.8732 Y1.6579 Z-0.3858
N61660 X1.474 Y1.6851
N61665 X1.4732
N61670 G3 X1.4488 Y1.6623 Z-0.3937 I-0.0008 J-0.0236
N61675 G1 Y1.6227
N61680 X1.4491 Y1.6168
N61685 X1.4498 Y1.611
N61690 X1.451 Y1.6052
N61695 X1.4526 Y1.5995
N61700 X1.4545 Y1.5939
N61705 X1.4567 Y1.5884
N61710 X1.4593 Y1.5828
N61715 X1.4624 Y1.5769
N61720 X1.466 Y1.5708
N61725 X1.4704 Y1.5642
N61730 X1.4752 Y1.5577
N61735 X1.4807 Y1.5508
N61740 X1.4872 Y1.5435
N61745 X1.4943 Y1.5363
N61750 X1.5023 Y1.5289
N61755 X1.5114 Y1.5213
N61760 X1.5213 Y1.5139
N61765 X1.532 Y1.5065
N61770 X1.5441 Y1.4991
N61775 X1.5573 Y1.4919
N61780 X1.5714 Y1.485
N61785 X1.5862 Y1.4787
N61790 X1.6021 Y1.4728
N61795 X1.6191 Y1.4674
N61800 X1.6367 Y1.4627
N61805 X1.6549 Y1.4589
N61810 X1.6735 Y1.4559
N61815 X1.692 Y1.4538
N61820 X1.7104 Y1.4526
N61825 X1.7284 Y1.4523
N61830 X1.7458 Y1.4529
N61835 X1.7625 Y1.4543
N61840 X1.7777 Y1.4563
N61845 X1.7919 Y1.4589
N61850 X1.8052 Y1.462
N61855 X1.8157 Y1.465
N61860 X1.8269 Y1.4687
N61865 X1.8353 Y1.4721
N61870 X1.8436 Y1.4758
N61875 X1.8517 Y1.4799
N61880 X1.8581 Y1.4836
N61885 X1.8588 Y1.484
N61890 X1.8713 Y1.4938
N61895 X1.8818 Y1.5056
N61900 X1.89 Y1.5192
N61905 X1.8956 Y1.534
N61910 X1.8984 Y1.5496
N61915 X1.8983 Y1.5654
N61920 X1.8977 Y1.5717
N61925 X1.8976 Y1.5958
N61930 G3 X1.8756 Y1.6185 Z-0.3863 I-0.0236 J-0.0008
N61935 G1 X1.8732 Y1.6187 Z-0.3858
N61940 X1.474 Y1.6455
N61945 X1.4732
N61950 G3 X1.4488 Y1.6227 Z-0.3937 I-0.0008 J-0.0236
N61955 G1 Y1.5832
N61960 X1.4491 Y1.5773
N61965 X1.4498 Y1.5714
N61970 X1.451 Y1.5656
N61975 X1.4526 Y1.5599
N61980 X1.4545 Y1.5543
N61985 X1.4567 Y1.5489
N61990 X1.4594 Y1.5432
N61995 X1.4625 Y1.5373
N62000 X1.4661 Y1.5312
N62005 X1.4705 Y1.5246
N62010 X1.4753 Y1.5181
N62015 X1.4809 Y1.5112
N62020 X1.4874 Y1.5039
N62025 X1.4944 Y1.4967
N62030 X1.5025 Y1.4893
N62035 X1.5117 Y1.4817
N62040 X1.5215 Y1.4743
N62045 X1.5323 Y1.4669
N62050 X1.5443 Y1.4595
N62055 X1.5576 Y1.4523
N62060 X1.5717 Y1.4455
N62065 X1.5865 Y1.4391
N62070 X1.6025 Y1.4332
N62075 X1.6194 Y1.4279
N62080 X1.6371 Y1.4233
N62085 X1.6553 Y1.4194
N62090 X1.6738 Y1.4164
N62095 X1.6924 Y1.4144
N62100 X1.7108 Y1.4132
N62105 X1.7289 Y1.413
N62110 X1.7463 Y1.4136
N62115 X1.7628 Y1.415
N62120 X1.7781 Y1.417
N62125 X1.7922 Y1.4196
N62130 X1.8056 Y1.4228
N62135 X1.8171 Y1.426
N62140 X1.8268 Y1.4293
N62145 X1.8369 Y1.4333
N62150 X1.8445 Y1.4368
N62155 X1.8522 Y1.4407
N62160 X1.8598 Y1.4451
N62165 X1.8658 Y1.4489
N62170 X1.8666 Y1.4495
N62175 X1.8785 Y1.4598
N62180 X1.8884 Y1.4719
N62185 X1.8959 Y1.4857
N62190 X1.9008 Y1.5006
N62195 X1.9029 Y1.5161
N62200 X1.9022 Y1.5318
N62205 X1.9 Y1.5479
N62210 X1.8983 Y1.5654
N62215 G3 X1.8761 Y1.5859 Z-0.3867 I-0.0234 J-0.0031
N62220 G1 X1.8718 Y1.5861 Z-0.3858
N62225 X1.4736 Y1.6059
N62230 X1.4732
N62235 G3 X1.4488 Y1.5832 Z-0.3937 I-0.0008 J-0.0236
N62240 G1 Y1.5717
N62245 X1.4468 Y1.5515
N62250 X1.4465 Y1.5456
N62255 X1.4468 Y1.5397
N62260 X1.4476 Y1.5338
N62265 X1.4488 Y1.5281
N62270 X1.4504 Y1.5224
N62275 X1.4524 Y1.5168
N62280 X1.4546 Y1.5113
N62285 X1.4573 Y1.5054
N62290 X1.4604 Y1.4995
N62295 X1.4642 Y1.4932
N62300 X1.4686 Y1.4865
N62305 X1.4734 Y1.4799
N62310 X1.4792 Y1.4728
N62315 X1.4857 Y1.4655
N62320 X1.4928 Y1.4582
N62325 X1.501 Y1.4507
N62330 X1.5102 Y1.4429
N62335 X1.52 Y1.4355
N62340 X1.5309 Y1.4281
N62345 X1.5431 Y1.4206
N62350 X1.5564 Y1.4133
N62355 X1.5704 Y1.4065
N62360 X1.5853 Y1.4001
N62365 X1.6014 Y1.3941
N62370 X1.6184 Y1.3887
N62375 X1.6361 Y1.3841
N62380 X1.6544 Y1.3802
N62385 X1.673 Y1.3772
N62390 X1.6916 Y1.375
N62395 X1.71 Y1.3739
N62400 X1.728 Y1.3736
N62405 X1.7455 Y1.3742
N62410 X1.7623 Y1.3756
N62415 X1.7778 Y1.3776
N62420 X1.7921 Y1.3802
N62425 X1.8055 Y1.3833
N62430 X1.8181 Y1.3869
N62435 X1.8288 Y1.3905
N62440 X1.8382 Y1.3942
N62445 X1.8477 Y1.3985
N62450 X1.8549 Y1.4022
N62455 X1.8625 Y1.4065
N62460 X1.8697 Y1.4111
N62465 X1.8753 Y1.4151
N62470 X1.8803 Y1.4191
N62475 X1.8905 Y1.4286
N62480 X1.8988 Y1.4397
N62485 X1.9051 Y1.4521
N62490 X1.9092 Y1.4654
N62495 X1.9109 Y1.4792
N62500 X1.9101 Y1.4931
N62505 X1.907 Y1.5067
N62510 X1.9048 Y1.5162
N62515 X1.9032 Y1.5242
N62520 X1.9022 Y1.5318
N62525 G3 X1.8801 Y1.5513 Z-0.3869 I-0.0233 J-0.004
N62530 G1 X1.8749 Y1.5516 Z-0.3858
N62535 X1.4733 Y1.5719
N62540 X1.4714 Y1.572 Z-0.3862
N62545 G3 X1.4468 Y1.5515 Z-0.3937 I-0.0012 J-0.0236
N62550 G1 X1.4464 Y1.5479
N62555 X1.4443 Y1.5321
N62560 X1.4432 Y1.5242
N62565 X1.443 Y1.5229
N62570 X1.4421 Y1.517
N62575 X1.4418 Y1.5111
N62580 X1.4421 Y1.5052
N62585 X1.4429 Y1.4994
N62590 X1.4441 Y1.4936
N62595 X1.4456 Y1.4879
N62600 X1.4475 Y1.4823
N62605 X1.4497 Y1.4765
N62610 X1.4523 Y1.4708
N62615 X1.4555 Y1.4646
N62620 X1.4592 Y1.458
N62625 X1.4634 Y1.4514
N62630 X1.4684 Y1.4444
N62635 X1.4741 Y1.4371
N62640 X1.4803 Y1.4299
N62645 X1.4876 Y1.4223
N62650 X1.4958 Y1.4145
N62655 X1.5046 Y1.4069
N62660 X1.5145 Y1.3992
N62665 X1.5255 Y1.3915
N62670 X1.5376 Y1.3838
N62675 X1.5504 Y1.3766
N62680 X1.5643 Y1.3695
N62685 X1.5794 Y1.3628
N62690 X1.5955 Y1.3565
N62695 X1.6126 Y1.3509
N62700 X1.6302 Y1.3459
N62705 X1.6484 Y1.3418
N62710 X1.6669 Y1.3385
N62715 X1.6856 Y1.3361
N62720 X1.7043 Y1.3346
N62725 X1.7225 Y1.3341
N62730 X1.7402 Y1.3344
N62735 X1.7573 Y1.3356
N62740 X1.7736 Y1.3375
N62745 X1.789 Y1.3401
N62750 X1.8032 Y1.3432
N62755 X1.8162 Y1.3467
N62760 X1.8286 Y1.3506
N62765 X1.84 Y1.3549
N62770 X1.8497 Y1.3591
N62775 X1.8597 Y1.3641
N62780 X1.8674 Y1.3683
N62785 X1.8748 Y1.3729
N62790 X1.8819 Y1.3778
N62795 X1.8875 Y1.3821
N62800 X1.8934 Y1.3871
N62805 X1.8944 Y1.388
N62810 X1.9045 Y1.3991
N62815 X1.9124 Y1.4118
N62820 X1.9181 Y1.4256
N62825 X1.9213 Y1.4402
N62830 X1.922 Y1.4552
N62835 X1.92 Y1.47
N62840 X1.9156 Y1.4843
N62845 X1.9113 Y1.4949
N62850 X1.909 Y1.5004
N62855 X1.907 Y1.5067
N62860 G3 X1.8859 Y1.5222 Z-0.3878 I-0.0222 J-0.008
N62865 G1 X1.8835 Y1.5223 Z-0.3873
N62870 X1.8766 Y1.5226 Z-0.3858
N62875 X1.4715 Y1.5407
N62880 X1.467 Y1.5409 Z-0.3868
N62885 G3 X1.443 Y1.5229 Z-0.3937 I-0.0011 J-0.0236
N62890 G1 X1.4416 Y1.5162
N62895 X1.4394 Y1.5067
N62900 X1.4374 Y1.5004
N62905 X1.4369 Y1.4991
N62910 X1.435 Y1.4935
N62915 X1.434 Y1.4877
N62920 X1.4337 Y1.4818
N62925 X1.4338 Y1.4759
N62930 X1.4345 Y1.47
N62935 X1.4355 Y1.4642
N62940 X1.4368 Y1.4584
N62945 X1.4385 Y1.4528
N62950 X1.4405 Y1.4471
N62955 X1.443 Y1.4409
N62960 X1.4459 Y1.4346
N62965 X1.4493 Y1.428
N62970 X1.4534 Y1.421
N62975 X1.4581 Y1.4139
N62980 X1.4634 Y1.4066
N62985 X1.4696 Y1.3988
N62990 X1.4765 Y1.3911
N62995 X1.484 Y1.3833
N63000 X1.4927 Y1.3753
N63005 X1.5024 Y1.3671
N63010 X1.5127 Y1.3593
N63015 X1.5241 Y1.3514
N63020 X1.5368 Y1.3436
N63025 X1.5506 Y1.3359
N63030 X1.5654 Y1.3287
N63035 X1.5807 Y1.3221
N63040 X1.5971 Y1.3159
N63045 X1.6145 Y1.3104
N63050 X1.6325 Y1.3055
N63055 X1.6511 Y1.3015
N63060 X1.67 Y1.2984
N63065 X1.689 Y1.2962
N63070 X1.7079 Y1.2949
N63075 X1.7266 Y1.2946
N63080 X1.7448 Y1.2951
N63085 X1.7623 Y1.2965
N63090 X1.779 Y1.2987
N63095 X1.7946 Y1.3015
N63100 X1.8094 Y1.3049
N63105 X1.8233 Y1.3088
N63110 X1.8363 Y1.3131
N63115 X1.8482 Y1.3177
N63120 X1.8592 Y1.3226
N63125 X1.868 Y1.3271
N63130 X1.8772 Y1.3323
N63135 X1.8848 Y1.3372
N63140 X1.8914 Y1.3418
N63145 X1.8984 Y1.3473
N63150 X1.904 Y1.3522
N63155 X1.9092 Y1.3571
N63160 X1.9147 Y1.3628
N63165 X1.915 Y1.3632
N63170 X1.9234 Y1.3747
N63175 X1.9298 Y1.3873
N63180 X1.934 Y1.4009
N63185 X1.936 Y1.4149
N63190 X1.9356 Y1.4291
N63195 X1.9329 Y1.443
N63200 X1.928 Y1.4563
N63205 X1.9223 Y1.4687
N63210 X1.9187 Y1.4767
N63215 X1.9156 Y1.4843
N63220 G3 X1.8949 Y1.4982 Z-0.3881 I-0.0215 J-0.0097
N63225 G1 X1.8909 Y1.4983 Z-0.3873
N63230 X1.8841 Y1.4986 Z-0.3858
N63235 X1.4683 Y1.5128
N63240 X1.4615 Y1.5131 Z-0.3873
N63245 X1.4593 Y1.5132 Z-0.3877
N63250 G3 X1.4369 Y1.4991 Z-0.3937 I-0.0008 J-0.0236
N63255 G1 X1.4342 Y1.4925
N63260 X1.4277 Y1.4767
N63265 X1.4272 Y1.4753
N63270 X1.425 Y1.4698
N63275 X1.4237 Y1.4641
N63280 X1.4229 Y1.4582
N63285 X1.4227 Y1.4523
N63290 X1.4229 Y1.4464
N63295 X1.4235 Y1.4406
N63300 X1.4245 Y1.4347
N63305 X1.4257 Y1.429
N63310 X1.4274 Y1.423
N63315 X1.4293 Y1.417
N63320 X1.4318 Y1.4106
N63325 X1.4348 Y1.4037
N63330 X1.4383 Y1.3969
N63335 X1.4424 Y1.3895
N63340 X1.4472 Y1.3818
N63345 X1.4525 Y1.3742
N63350 X1.4587 Y1.3663
N63355 X1.4658 Y1.358
N63360 X1.4735 Y1.3498
N63365 X1.4821 Y1.3415
N63370 X1.4918 Y1.333
N63375 X1.5026 Y1.3245
N63380 X1.5141 Y1.3162
N63385 X1.5266 Y1.3082
N63390 X1.5402 Y1.3004
N63395 X1.555 Y1.2927
N63400 X1.5709 Y1.2855
N63405 X1.5877 Y1.2789
N63410 X1.6051 Y1.273
N63415 X1.6232 Y1.2678
N63420 X1.6419 Y1.2634
N63425 X1.6611 Y1.2598
N63430 X1.6806 Y1.2572
N63435 X1.7002 Y1.2555
N63440 X1.7196 Y1.2548
N63445 X1.7387 Y1.2551
N63450 X1.757 Y1.2562
N63455 X1.7747 Y1.2581
N63460 X1.7916 Y1.2608
N63465 X1.8077 Y1.2642
N63470 X1.8228 Y1.2682
N63475 X1.837 Y1.2726
N63480 X1.8499 Y1.2774
N63485 X1.8619 Y1.2825
N63490 X1.8731 Y1.2879
N63495 X1.8835 Y1.2936
N63500 X1.8923 Y1.2989
N63505 X1.9003 Y1.3044
N63510 X1.908 Y1.3101
N63515 X1.914 Y1.3152
N63520 X1.9205 Y1.3211
N63525 X1.9258 Y1.3265
N63530 X1.9305 Y1.3317
N63535 X1.9355 Y1.3379
N63540 X1.9395 Y1.3433
N63545 X1.9465 Y1.3562
N63550 X1.9512 Y1.3701
N63555 X1.9535 Y1.3845
N63560 X1.9533 Y1.3992
N63565 X1.9506 Y1.4136
N63570 X1.9455 Y1.4273
N63575 X1.9381 Y1.44
N63580 G3 X1.9212 Y1.4493 Z-0.3895 I-0.0188 J-0.0143
N63585 G1 X1.9108 Y1.4501 Z-0.3873
N63590 X1.904 Y1.4507 Z-0.3858
N63595 X1.4591 Y1.4877
N63600 X1.4523 Y1.4883 Z-0.3873
N63605 X1.4503 Y1.4885 Z-0.3877
N63610 G3 X1.4272 Y1.4753 Z-0.3937 I-0.002 J-0.0235
N63615 G1 X1.4236 Y1.4674
N63620 X1.4157 Y1.4504
N63625 X1.4132 Y1.445
N63630 X1.4116 Y1.4393
N63635 X1.4106 Y1.4335
N63640 X1.4101 Y1.4276
N63645 X1.41 Y1.4217
N63650 X1.4104 Y1.4158
N63655 X1.411 Y1.41
N63660 X1.412 Y1.4041
N63665 X1.4133 Y1.3982
N63670 X1.4151 Y1.3918
N63675 X1.4172 Y1.3854
N63680 X1.4198 Y1.3784
N63685 X1.423 Y1.3711
N63690 X1.4267 Y1.3638
N63695 X1.431 Y1.356
N63700 X1.4361 Y1.3479
N63705 X1.4418 Y1.3397
N63710 X1.4483 Y1.3314
N63715 X1.4557 Y1.3226
N63720 X1.464 Y1.3138
N63725 X1.4729 Y1.3052
N63730 X1.4829 Y1.2964
N63735 X1.4942 Y1.2875
N63740 X1.5065 Y1.2786
N63745 X1.5195 Y1.2702
N63750 X1.5336 Y1.2621
N63755 X1.5488 Y1.2543
N63760 X1.5651 Y1.2468
N63765 X1.5824 Y1.24
N63770 X1.6006 Y1.2337
N63775 X1.6195 Y1.2283
N63780 X1.6389 Y1.2237
N63785 X1.6588 Y1.22
N63790 X1.6788 Y1.2172
N63795 X1.699 Y1.2155
N63800 X1.719 Y1.2147
N63805 X1.7386 Y1.215
N63810 X1.7578 Y1.2161
N63815 X1.7764 Y1.2181
N63820 X1.7943 Y1.2209
N63825 X1.8114 Y1.2245
N63830 X1.8277 Y1.2287
N63835 X1.843 Y1.2335
N63840 X1.857 Y1.2387
N63845 X1.8701 Y1.2442
N63850 X1.8821 Y1.25
N63855 X1.8935 Y1.2562
N63860 X1.9037 Y1.2624
N63865 X1.9132 Y1.2689
N63870 X1.9219 Y1.2754
N63875 X1.9288 Y1.2811
N63880 X1.9361 Y1.2877
N63885 X1.9418 Y1.2935
N63890 X1.9469 Y1.2992
N63895 X1.9523 Y1.3058
N63900 X1.9565 Y1.3114
N63905 X1.9603 Y1.3172
N63910 X1.9614 Y1.3191
N63915 X1.968 Y1.3326
N63920 X1.9721 Y1.347
N63925 X1.9736 Y1.3619
N63930 X1.9726 Y1.3768
N63935 X1.969 Y1.3913
N63940 X1.9629 Y1.405
N63945 X1.9546 Y1.4175
N63950 X1.9517 Y1.4212
N63955 X1.9467 Y1.4278
N63960 X1.9381 Y1.44
N63965 G3 X1.9198 Y1.4493 Z-0.3892 I-0.0188 J-0.0143
N63970 G1 X1.9108 Y1.4495 Z-0.3873
N63975 X1.9039 Y1.4497 Z-0.3858
N63980 X1.4491 Y1.4608
N63985 X1.4422 Y1.4609 Z-0.3873
N63990 X1.436 Y1.4611 Z-0.3886
N63995 G3 X1.4157 Y1.4504 Z-0.3937 I-0.0006 J-0.0236
N64000 G1 X1.4152 Y1.4497
N64005 X1.4046 Y1.4347
N64010 X1.4015 Y1.4297
N64015 X1.3991 Y1.4243
N64020 X1.3972 Y1.4187
N64025 X1.3959 Y1.4129
N64030 X1.3951 Y1.4071
N64035 X1.3946 Y1.4012
N64040 Y1.3953
N64045 X1.3949 Y1.3894
N64050 X1.3955 Y1.3835
N64055 X1.3965 Y1.3774
N64060 X1.3977 Y1.3711
N64065 X1.3995 Y1.3644
N64070 X1.4017 Y1.3572
N64075 X1.4043 Y1.35
N64080 X1.4076 Y1.3423
N64085 X1.4114 Y1.3342
N64090 X1.4158 Y1.326
N64095 X1.4209 Y1.3176
N64100 X1.4269 Y1.3087
N64105 X1.4337 Y1.2996
N64110 X1.4411 Y1.2907
N64115 X1.4494 Y1.2815
N64120 X1.4589 Y1.272
N64125 X1.4694 Y1.2625
N64130 X1.4805 Y1.2534
N64135 X1.4928 Y1.2443
N64140 X1.5063 Y1.2353
N64145 X1.521 Y1.2265
N64150 X1.5369 Y1.218
N64155 X1.5536 Y1.21
N64160 X1.571 Y1.2028
N64165 X1.5894 Y1.1962
N64170 X1.6087 Y1.1903
N64175 X1.6287 Y1.1852
N64180 X1.6492 Y1.181
N64185 X1.67 Y1.1779
N64190 X1.691 Y1.1757
N64195 X1.712 Y1.1746
N64200 X1.7328 Y1.1745
N64205 X1.7533 Y1.1754
N64210 X1.7733 Y1.1772
N64215 X1.7926 Y1.18
N64220 X1.811 Y1.1835
N64225 X1.8283 Y1.1877
N64230 X1.8448 Y1.1926
N64235 X1.8605 Y1.1981
N64240 X1.8753 Y1.204
N64245 X1.8892 Y1.2105
N64250 X1.9017 Y1.217
N64255 X1.9133 Y1.2238
N64260 X1.9239 Y1.2308
N64265 X1.9339 Y1.238
N64270 X1.9429 Y1.2452
N64275 X1.9505 Y1.2519
N64280 X1.9574 Y1.2587
N64285 X1.964 Y1.2658
N64290 X1.969 Y1.2718
N64295 X1.9742 Y1.2786
N64300 X1.9787 Y1.2852
N64305 X1.9823 Y1.291
N64310 X1.986 Y1.2977
N64315 X1.9866 Y1.2988
N64320 X1.9918 Y1.3122
N64325 X1.9948 Y1.3264
N64330 X1.9953 Y1.3408
N64335 X1.9935 Y1.3551
N64340 X1.9893 Y1.3689
N64345 X1.9829 Y1.3818
N64350 X1.9744 Y1.3935
N64355 X1.9704 Y1.3981
N64360 X1.9644 Y1.4054
N64365 X1.9553 Y1.4166
N64370 X1.9546 Y1.4175
N64375 G3 X1.9375 Y1.4256 Z-0.3896 I-0.0179 J-0.0154
N64380 G1 X1.9267 Y1.426 Z-0.3873
N64385 X1.9199 Y1.4263 Z-0.3858
N64390 X1.4388 Y1.4435
N64395 X1.4319 Y1.4437 Z-0.3873
N64400 X1.4243 Y1.444 Z-0.3889
N64405 G3 X1.4046 Y1.4347 Z-0.3937 I-0.0008 J-0.0236
N64410 G1 X1.3998 Y1.4278
N64415 X1.3948 Y1.4212
N64420 X1.3919 Y1.4175
N64425 X1.39 Y1.4152
N64430 X1.3866 Y1.4104
N64435 X1.3838 Y1.4052
N64440 X1.3816 Y1.3997
N64445 X1.3799 Y1.3941
N64450 X1.3787 Y1.3883
N64455 X1.3778 Y1.3824
N64460 X1.3774 Y1.3765
N64465 X1.3773 Y1.3706
N64470 X1.3775 Y1.3647
N64475 X1.378 Y1.3586
N64480 X1.3789 Y1.3523
N64485 X1.3801 Y1.3454
N64490 X1.3819 Y1.3382
N64495 X1.384 Y1.3308
N64500 X1.3867 Y1.323
N64505 X1.39 Y1.3147
N64510 X1.3937 Y1.3064
N64515 X1.3982 Y1.2977
N64520 X1.4035 Y1.2885
N64525 X1.4096 Y1.2791
N64530 X1.4162 Y1.2698
N64535 X1.4238 Y1.2602
N64540 X1.4325 Y1.2503
N64545 X1.4422 Y1.2402
N64550 X1.4526 Y1.2305
N64555 X1.4641 Y1.2207
N64560 X1.4769 Y1.2108
N64565 X1.4908 Y1.2011
N64570 X1.5059 Y1.1916
N64575 X1.5217 Y1.1827
N64580 X1.5385 Y1.1744
N64585 X1.5564 Y1.1665
N64590 X1.5754 Y1.1592
N64595 X1.5953 Y1.1527
N64600 X1.616 Y1.1471
N64605 X1.6373 Y1.1423
N64610 X1.659 Y1.1386
N64615 X1.6809 Y1.1359
N64620 X1.703 Y1.1343
N64625 X1.7249 Y1.1337
N64630 X1.7466 Y1.1343
N64635 X1.7678 Y1.1358
N64640 X1.7884 Y1.1383
N64645 X1.8084 Y1.1418
N64650 X1.8276 Y1.146
N64655 X1.8461 Y1.1511
N64660 X1.8633 Y1.1567
N64665 X1.8794 Y1.1629
N64670 X1.8946 Y1.1696
N64675 X1.909 Y1.1767
N64680 X1.9223 Y1.1842
N64685 X1.9345 Y1.1919
N64690 X1.9456 Y1.1995
N64695 X1.9557 Y1.2074
N64700 X1.9651 Y1.2154
N64705 X1.9736 Y1.2234
N64710 X1.9808 Y1.2308
N64715 X1.9871 Y1.238
N64720 X1.9931 Y1.2456
N64725 X1.9977 Y1.2519
N64730 X2.0024 Y1.2592
N64735 X2.0063 Y1.266
N64740 X2.0094 Y1.2721
N64745 X2.0105 Y1.2745
N64750 X2.0153 Y1.2878
N64755 X2.0179 Y1.3016
N64760 X2.0181 Y1.3157
N64765 X2.0161 Y1.3296
N64770 X2.0119 Y1.343
N64775 X2.0056 Y1.3556
N64780 X1.9973 Y1.367
N64785 X1.9744 Y1.3935
N64790 G3 X1.958 Y1.4011 Z-0.3898 I-0.0173 J-0.016
N64795 G1 X1.9463 Y1.4015 Z-0.3873
N64800 X1.9395 Y1.4018 Z-0.3858
N64805 X1.4247 Y1.4227
N64810 X1.4179 Y1.423 Z-0.3873
N64815 X1.4089 Y1.4234 Z-0.3892
N64820 G3 X1.39 Y1.4152 Z-0.3937 I-0.001 J-0.0236
N64825 G1 X1.3821 Y1.4054
N64830 X1.3755 Y1.3975
N64835 X1.3734 Y1.3951
N64840 X1.3698 Y1.3904
N64845 X1.3668 Y1.3853
N64850 X1.3643 Y1.38
N64855 X1.3624 Y1.3744
N64860 X1.3608 Y1.3687
N64865 X1.3597 Y1.3629
N64870 X1.359 Y1.357
N64875 X1.3585 Y1.3512
N64880 X1.3584 Y1.3452
N64885 X1.3586 Y1.339
N64890 X1.3592 Y1.3325
N64895 X1.3601 Y1.3256
N64900 X1.3614 Y1.3182
N64905 X1.3632 Y1.3105
N64910 X1.3654 Y1.3026
N64915 X1.3682 Y1.2942
N64920 X1.3717 Y1.2854
N64925 X1.3757 Y1.2765
N64930 X1.3805 Y1.2671
N64935 X1.386 Y1.2574
N64940 X1.3924 Y1.2474
N64945 X1.3994 Y1.2375
N64950 X1.4075 Y1.2272
N64955 X1.4166 Y1.2167
N64960 X1.4269 Y1.2059
N64965 X1.4379 Y1.1955
N64970 X1.4499 Y1.1851
N64975 X1.4632 Y1.1748
N64980 X1.4777 Y1.1646
N64985 X1.4934 Y1.1546
N64990 X1.5103 Y1.145
N64995 X1.528 Y1.1361
N65000 X1.5466 Y1.1278
N65005 X1.5663 Y1.1202
N65010 X1.5871 Y1.1133
N65015 X1.6086 Y1.1072
N65020 X1.6309 Y1.1022
N65025 X1.6536 Y1.0981
N65030 X1.6767 Y1.0952
N65035 X1.6999 Y1.0934
N65040 X1.723 Y1.0927
N65045 X1.7459 Y1.0932
N65050 X1.7684 Y1.0947
N65055 X1.7905 Y1.0973
N65060 X1.812 Y1.1009
N65065 X1.8326 Y1.1054
N65070 X1.8522 Y1.1107
N65075 X1.8709 Y1.1166
N65080 X1.8884 Y1.1233
N65085 X1.905 Y1.1304
N65090 X1.9206 Y1.1381
N65095 X1.9353 Y1.1463
N65100 X1.949 Y1.1548
N65105 X1.9613 Y1.1632
N65110 X1.9725 Y1.1718
N65115 X1.9827 Y1.1804
N65120 X1.9922 Y1.1892
N65125 X2.0006 Y1.1979
N65130 X2.0075 Y1.2057
N65135 X2.014 Y1.2138
N65140 X2.0196 Y1.2215
N65145 X2.024 Y1.2283
N65150 X2.0286 Y1.2361
N65155 X2.032 Y1.2428
N65160 X2.0327 Y1.2442
N65165 X2.0376 Y1.2577
N65170 X2.0402 Y1.2719
N65175 X2.0405 Y1.2862
N65180 X2.0383 Y1.3004
N65185 X2.0339 Y1.3141
N65190 X2.0273 Y1.3268
N65195 X2.0176 Y1.3421
N65200 X2.0119 Y1.35
N65205 X1.9973 Y1.367
N65210 G3 X1.9811 Y1.3745 Z-0.3898 I-0.0173 J-0.016
N65215 G1 X1.9692 Y1.3751 Z-0.3873
N65220 X1.9624 Y1.3754 Z-0.3858
N65225 X1.4084 Y1.4019
N65230 X1.4015 Y1.4022 Z-0.3873
N65235 X1.3919 Y1.4026 Z-0.3893
N65240 G3 X1.3734 Y1.3951 Z-0.3937 I-0.0011 J-0.0236
N65245 G1 X1.355 Y1.3737
N65250 X1.3514 Y1.3691
N65255 X1.3482 Y1.3641
N65260 X1.3456 Y1.3588
N65265 X1.3435 Y1.3533
N65270 X1.3418 Y1.3476
N65275 X1.3404 Y1.3419
N65280 X1.3395 Y1.336
N65285 X1.3388 Y1.3302
N65290 X1.3385 Y1.3243
N65295 Y1.318
N65300 X1.3387 Y1.3112
N65305 X1.3394 Y1.3043
N65310 X1.3404 Y1.2968
N65315 X1.3419 Y1.2888
N65320 X1.3439 Y1.2806
N65325 X1.3464 Y1.2721
N65330 X1.3496 Y1.263
N65335 X1.3534 Y1.2535
N65340 X1.3578 Y1.244
N65345 X1.363 Y1.2339
N65350 X1.3691 Y1.2234
N65355 X1.3761 Y1.2127
N65360 X1.3837 Y1.2022
N65365 X1.3924 Y1.1913
N65370 X1.4023 Y1.1801
N65375 X1.4134 Y1.1687
N65380 X1.4253 Y1.1576
N65385 X1.4383 Y1.1466
N65390 X1.4525 Y1.1357
N65395 X1.468 Y1.125
N65400 X1.4848 Y1.1146
N65405 X1.5028 Y1.1046
N65410 X1.5219 Y1.0952
N65415 X1.5418 Y1.0865
N65420 X1.5626 Y1.0787
N65425 X1.5845 Y1.0716
N65430 X1.6072 Y1.0655
N65435 X1.6307 Y1.0604
N65440 X1.6547 Y1.0564
N65445 X1.679 Y1.0535
N65450 X1.7034 Y1.0518
N65455 X1.7279 Y1.0513
N65460 X1.7521 Y1.052
N65465 X1.776 Y1.0539
N65470 X1.7994 Y1.0568
N65475 X1.822 Y1.0608
N65480 X1.8438 Y1.0658
N65485 X1.8645 Y1.0716
N65490 X1.8842 Y1.0781
N65495 X1.903 Y1.0854
N65500 X1.9208 Y1.0933
N65505 X1.9376 Y1.1017
N65510 X1.9533 Y1.1106
N65515 X1.9679 Y1.1199
N65520 X1.9812 Y1.1292
N65525 X1.9932 Y1.1386
N65530 X2.0042 Y1.148
N65535 X2.0142 Y1.1575
N65540 X2.0231 Y1.1669
N65545 X2.0302 Y1.175
N65550 X2.0369 Y1.1836
N65555 X2.0425 Y1.1914
N65560 X2.047 Y1.1984
N65565 X2.0517 Y1.2067
N65570 X2.0574 Y1.2209
N65575 X2.0605 Y1.236
N65580 X2.0609 Y1.2514
N65585 X2.0586 Y1.2667
N65590 X2.0536 Y1.2812
N65595 X2.0497 Y1.29
N65600 X2.0471 Y1.2946
N65605 X2.0326 Y1.3183
N65610 X2.0273 Y1.3268
N65615 G3 X2.0094 Y1.337 Z-0.3892 I-0.0195 J-0.0133
N65620 G1 X2.0005 Y1.3376 Z-0.3873
N65625 X1.9937 Y1.3381 Z-0.3858
N65630 X1.3899 Y1.3801
N65635 X1.3831 Y1.3806 Z-0.3873
N65640 X1.374 Y1.3813 Z-0.3892
N65645 G3 X1.355 Y1.3737 Z-0.3937 I-0.0016 J-0.0236
N65650 G1 X1.3345 Y1.35
N65655 X1.3301 Y1.343
N65660 X1.3271 Y1.3379
N65665 X1.3246 Y1.3325
N65670 X1.3226 Y1.327
N65675 X1.321 Y1.3213
N65680 X1.3197 Y1.3155
N65685 X1.3188 Y1.3097
N65690 X1.3182 Y1.3038
N65695 X1.3178 Y1.2976
N65700 Y1.2909
N65705 X1.3181 Y1.284
N65710 X1.3188 Y1.2765
N65715 X1.3199 Y1.2686
N65720 X1.3214 Y1.2604
N65725 X1.3235 Y1.2517
N65730 X1.3263 Y1.2423
N65735 X1.3295 Y1.233
N65740 X1.3335 Y1.2232
N65745 X1.3383 Y1.2128
N65750 X1.3439 Y1.202
N65755 X1.3502 Y1.1912
N65760 X1.3575 Y1.1801
N65765 X1.3658 Y1.1685
N65770 X1.3753 Y1.1567
N65775 X1.3856 Y1.145
N65780 X1.3969 Y1.1335
N65785 X1.4095 Y1.1217
N65790 X1.4236 Y1.1098
N65795 X1.4389 Y1.0981
N65800 X1.4555 Y1.0867
N65805 X1.473 Y1.0759
N65810 X1.4914 Y1.0656
N65815 X1.5113 Y1.0559
N65820 X1.5323 Y1.0467
N65825 X1.5545 Y1.0384
N65830 X1.5777 Y1.0309
N65835 X1.6018 Y1.0244
N65840 X1.6265 Y1.0191
N65845 X1.6518 Y1.0148
N65850 X1.6774 Y1.0118
N65855 X1.7032 Y1.0101
N65860 X1.729 Y1.0096
N65865 X1.7545 Y1.0103
N65870 X1.7797 Y1.0123
N65875 X1.8044 Y1.0154
N65880 X1.8283 Y1.0197
N65885 X1.8515 Y1.025
N65890 X1.8738 Y1.0312
N65895 X1.8953 Y1.0383
N65900 X1.9157 Y1.0463
N65905 X1.935 Y1.0549
N65910 X1.9529 Y1.0639
N65915 X1.9695 Y1.0733
N65920 X1.9851 Y1.0832
N65925 X1.9996 Y1.0934
N65930 X2.0127 Y1.1036
N65935 X2.0244 Y1.1137
N65940 X2.0348 Y1.1235
N65945 X2.0439 Y1.1331
N65950 X2.0508 Y1.1411
N65955 X2.0578 Y1.15
N65960 X2.0628 Y1.1571
N65965 X2.0644 Y1.1595
N65970 X2.0713 Y1.1729
N65975 X2.0759 Y1.1872
N65980 X2.0779 Y1.2022
N65985 X2.0772 Y1.2173
N65990 X2.074 Y1.232
N65995 X2.0735 Y1.2337
N66000 X2.0714 Y1.2391
N66005 X2.0618 Y1.2629
N66010 X2.0536 Y1.2812
N66015 G3 X2.0346 Y1.2944 Z-0.3886 I-0.0212 J-0.0104
N66020 G1 X2.0285 Y1.2949 Z-0.3873
N66025 X2.0217 Y1.2956 Z-0.3858
N66030 X1.3694 Y1.356
N66035 X1.3626 Y1.3567 Z-0.3873
N66040 X1.3541 Y1.3575 Z-0.3891
N66045 G3 X1.3345 Y1.35 Z-0.3937 I-0.0022 J-0.0235
N66050 G1 X1.3289 Y1.3421
N66055 X1.3139 Y1.3183
N66060 X1.3098 Y1.3116
N66065 X1.3069 Y1.3064
N66070 X1.3045 Y1.301
N66075 X1.3025 Y1.2955
N66080 X1.3009 Y1.2898
N66085 X1.2997 Y1.284
N66090 X1.2988 Y1.2782
N66095 X1.2982 Y1.2723
N66100 X1.2979 Y1.266
N66105 X1.298 Y1.2592
N66110 X1.2983 Y1.2522
N66115 X1.2991 Y1.2445
N66120 X1.3003 Y1.2363
N66125 X1.302 Y1.228
N66130 X1.3042 Y1.219
N66135 X1.3072 Y1.2093
N66140 X1.3106 Y1.1996
N66145 X1.3149 Y1.1893
N66150 X1.32 Y1.1785
N66155 X1.326 Y1.1673
N66160 X1.3326 Y1.1561
N66165 X1.3404 Y1.1445
N66170 X1.3493 Y1.1323
N66175 X1.3594 Y1.1199
N66180 X1.3704 Y1.1077
N66185 X1.3826 Y1.0954
N66190 X1.3961 Y1.083
N66195 X1.411 Y1.0707
N66200 X1.4273 Y1.0585
N66205 X1.4449 Y1.0466
N66210 X1.4634 Y1.0353
N66215 X1.483 Y1.0247
N66220 X1.5041 Y1.0145
N66225 X1.5266 Y1.005
N66230 X1.5502 Y0.9964
N66235 X1.5748 Y0.9887
N66240 X1.6003 Y0.982
N66245 X1.6264 Y0.9766
N66250 X1.6531 Y0.9724
N66255 X1.6801 Y0.9694
N66260 X1.7073 Y0.9678
N66265 X1.7344 Y0.9675
N66270 X1.7613 Y0.9686
N66275 X1.7879 Y0.9709
N66280 X1.8139 Y0.9744
N66285 X1.8393 Y0.9791
N66290 X1.864 Y0.985
N66295 X1.8878 Y0.9919
N66300 X1.9105 Y0.9996
N66305 X1.9322 Y1.0083
N66310 X1.9526 Y1.0176
N66315 X1.9716 Y1.0274
N66320 X1.9892 Y1.0376
N66325 X2.0056 Y1.0481
N66330 X2.0207 Y1.0589
N66335 X2.0341 Y1.0696
N66340 X2.0459 Y1.0799
N66345 X2.0549 Y1.0887
N66350 X2.0637 Y1.098
N66355 X2.0701 Y1.1055
N66360 X2.0721 Y1.1081
N66365 X2.0802 Y1.1209
N66370 X2.0861 Y1.1349
N66375 X2.0893 Y1.1498
N66380 X2.09 Y1.165
N66385 X2.0879 Y1.18
N66390 X2.0835 Y1.1995
N66395 X2.0817 Y1.2075
N66400 X2.074 Y1.232
N66405 G3 X2.0541 Y1.2476 Z-0.388 I-0.0223 J-0.0078
N66410 G1 X2.0506 Y1.248 Z-0.3873
N66415 X2.0438 Y1.2487 Z-0.3858
N66420 X1.3432 Y1.3209
N66425 X1.3364 Y1.3216 Z-0.3873
N66430 X1.3319 Y1.3221 Z-0.3882
N66435 G3 X1.3098 Y1.3116 Z-0.3937 I-0.0024 J-0.0235
N66440 G1 X1.2993 Y1.2946
N66445 X1.2968 Y1.29
N66450 X1.2871 Y1.2684
N66455 X1.285 Y1.2629
N66460 X1.2832 Y1.2573
N66465 X1.2818 Y1.2515
N66470 X1.2808 Y1.2457
N66475 X1.2801 Y1.2399
N66480 X1.2797 Y1.2338
N66485 X1.2796 Y1.2276
N66490 X1.2798 Y1.2207
N66495 X1.2804 Y1.2133
N66500 X1.2814 Y1.2056
N66505 X1.2829 Y1.1973
N66510 X1.285 Y1.1884
N66515 X1.2876 Y1.1793
N66520 X1.2909 Y1.1695
N66525 X1.295 Y1.159
N66530 X1.2997 Y1.1485
N66535 X1.3054 Y1.1374
N66540 X1.3121 Y1.1257
N66545 X1.3197 Y1.1137
N66550 X1.3282 Y1.1018
N66555 X1.338 Y1.0893
N66560 X1.3492 Y1.0764
N66565 X1.3618 Y1.0633
N66570 X1.3752 Y1.0506
N66575 X1.3899 Y1.0379
N66580 X1.4061 Y1.0253
N66585 X1.4238 Y1.0129
N66590 X1.443 Y1.0007
N66595 X1.4637 Y0.989
N66600 X1.4857 Y0.9779
N66605 X1.5086 Y0.9678
N66610 X1.5325 Y0.9585
N66615 X1.5578 Y0.9501
N66620 X1.5841 Y0.9428
N66625 X1.6113 Y0.9366
N66630 X1.6392 Y0.9317
N66635 X1.6676 Y0.9281
N66640 X1.6962 Y0.9259
N66645 X1.7249 Y0.9251
N66650 X1.7534 Y0.9257
N66655 X1.7818 Y0.9276
N66660 X1.8097 Y0.9309
N66665 X1.837 Y0.9355
N66670 X1.8636 Y0.9413
N66675 X1.8894 Y0.9483
N66680 X1.914 Y0.9562
N66685 X1.9373 Y0.965
N66690 X1.9592 Y0.9745
N66695 X1.9799 Y0.9847
N66700 X1.9993 Y0.9955
N66705 X2.0172 Y1.0066
N66710 X2.0332 Y1.0177
N66715 X2.0471 Y1.0283
N66720 X2.0575 Y1.0371
N66725 X2.0674 Y1.0464
N66730 X2.0745 Y1.0537
N66735 X2.0827 Y1.0645
N66740 X2.089 Y1.0764
N66745 X2.0934 Y1.0892
N66750 X2.0958 Y1.1026
N66755 X2.096 Y1.1161
N66760 X2.0944 Y1.1441
N66765 X2.0938 Y1.152
N66770 X2.0924 Y1.16
N66775 X2.0907 Y1.1679
N66780 X2.0879 Y1.18
N66785 G3 X2.0677 Y1.1975 Z-0.3877 I-0.0228 J-0.006
N66790 G1 X2.0659 Y1.1977 Z-0.3873
N66795 X2.0591 Y1.1985 Z-0.3858
N66800 X1.319 Y1.2806
N66805 X1.3122 Y1.2814 Z-0.3873
N66810 X1.311 Y1.2815 Z-0.3875
N66815 G3 X1.2871 Y1.2684 Z-0.3937 I-0.0026 J-0.0235
N66820 G1 X1.2847 Y1.2629
N66825 X1.275 Y1.2391
N66830 X1.273 Y1.2337
N66835 X1.2684 Y1.2189
N66840 X1.2667 Y1.2125
N66845 X1.2655 Y1.2067
N66850 X1.2647 Y1.2009
N66855 X1.2642 Y1.195
N66860 X1.2641 Y1.1891
N66865 X1.2642 Y1.1827
N66870 X1.2647 Y1.176
N66875 X1.2656 Y1.1685
N66880 X1.2669 Y1.1608
N66885 X1.2688 Y1.1524
N66890 X1.2713 Y1.1433
N66895 X1.2743 Y1.1341
N66900 X1.2781 Y1.1242
N66905 X1.2828 Y1.1135
N66910 X1.2881 Y1.1028
N66915 X1.2945 Y1.0913
N66920 X1.3021 Y1.0792
N66925 X1.3106 Y1.0671
N66930 X1.3201 Y1.0548
N66935 X1.331 Y1.0419
N66940 X1.3435 Y1.0287
N66945 X1.3573 Y1.0153
N66950 X1.3721 Y1.0024
N66955 X1.3885 Y0.9894
N66960 X1.4066 Y0.9764
N66965 X1.4263 Y0.9637
N66970 X1.4475 Y0.9514
N66975 X1.4701 Y0.9398
N66980 X1.494 Y0.9289
N66985 X1.5189 Y0.919
N66990 X1.5449 Y0.9101
N66995 X1.5721 Y0.9023
N67000 X1.6004 Y0.8956
N67005 X1.6296 Y0.8902
N67010 X1.6593 Y0.8861
N67015 X1.6893 Y0.8835
N67020 X1.7196 Y0.8824
N67025 X1.7499 Y0.8827
N67030 X1.7799 Y0.8845
N67035 X1.8096 Y0.8878
N67040 X1.8387 Y0.8924
N67045 X1.8671 Y0.8983
N67050 X1.8946 Y0.9055
N67055 X1.9208 Y0.9137
N67060 X1.9457 Y0.9228
N67065 X1.9692 Y0.9327
N67070 X1.9912 Y0.9434
N67075 X2.0117 Y0.9545
N67080 X2.03 Y0.9656
N67085 X2.0457 Y0.9763
N67090 X2.0568 Y0.9846
N67095 X2.0631 Y0.9899
N67100 X2.0728 Y0.9992
N67105 X2.0808 Y1.0099
N67110 X2.0872 Y1.0217
N67115 X2.0916 Y1.0344
N67120 X2.094 Y1.0476
N67125 X2.0958 Y1.0649
N67130 X2.0963 Y1.0729
N67135 X2.0972 Y1.0949
N67140 Y1.0966
N67145 X2.096 Y1.1161
N67150 G3 X2.0754 Y1.1373 Z-0.3869 I-0.0235 J-0.0022
N67155 G1 X2.0704 Y1.138 Z-0.3858
N67160 X1.2986 Y1.2339
N67165 X1.2936 Y1.2345 Z-0.3869
N67170 G3 X1.2684 Y1.2189 Z-0.3937 I-0.0029 J-0.0234
N67175 G1 X1.2648 Y1.2075
N67180 X1.2612 Y1.1916
N67185 X1.2558 Y1.1679
N67190 X1.2548 Y1.1635
N67195 X1.2537 Y1.1565
N67200 X1.253 Y1.1507
N67205 X1.2527 Y1.1448
N67210 X1.2528 Y1.1389
N67215 X1.2532 Y1.1326
N67220 X1.2539 Y1.1262
N67225 X1.255 Y1.119
N67230 X1.2566 Y1.1114
N67235 X1.2587 Y1.1033
N67240 X1.2615 Y1.0944
N67245 X1.2648 Y1.0854
N67250 X1.2691 Y1.0755
N67255 X1.2741 Y1.065
N67260 X1.2799 Y1.0544
N67265 X1.287 Y1.0428
N67270 X1.2951 Y1.0308
N67275 X1.3041 Y1.0188
N67280 X1.3146 Y1.0062
N67285 X1.3267 Y0.9931
N67290 X1.3401 Y0.9797
N67295 X1.3546 Y0.9668
N67300 X1.3709 Y0.9535
N67305 X1.3891 Y0.9401
N67310 X1.4091 Y0.9269
N67315 X1.4306 Y0.9141
N67320 X1.4535 Y0.902
N67325 X1.4773 Y0.8908
N67330 X1.5027 Y0.8803
N67335 X1.5296 Y0.8707
N67340 X1.5579 Y0.8622
N67345 X1.5873 Y0.8549
N67350 X1.6177 Y0.8489
N67355 X1.6487 Y0.8443
N67360 X1.6802 Y0.8411
N67365 X1.712 Y0.8396
N67370 X1.7439 Y0.8395
N67375 X1.7756 Y0.8411
N67380 X1.8071 Y0.8441
N67385 X1.838 Y0.8486
N67390 X1.8681 Y0.8545
N67395 X1.8973 Y0.8617
N67400 X1.9253 Y0.8701
N67405 X1.9522 Y0.8796
N67410 X1.9775 Y0.89
N67415 X2.0004 Y0.9007
N67420 X2.0206 Y0.9114
N67425 X2.036 Y0.9205
N67430 X2.0436 Y0.9255
N67435 X2.0558 Y0.9352
N67440 X2.066 Y0.947
N67445 X2.074 Y0.9604
N67450 X2.0794 Y0.975
N67455 X2.0889 Y1.0095
N67460 X2.0893 Y1.0112
N67465 X2.0903 Y1.0174
N67470 X2.0914 Y1.0254
N67475 X2.0925 Y1.0333
N67480 X2.094 Y1.0476
N67485 G3 X2.0736 Y1.0726 Z-0.3862 I-0.0236 J0.0016
N67490 G1 X2.0721 Y1.0728 Z-0.3858
N67495 X1.2835 Y1.1808
N67500 X1.281 Y1.1811 Z-0.3864
N67505 G3 X1.2548 Y1.1635 Z-0.3937 I-0.0032 J-0.0234
N67510 G1 X1.2541 Y1.16
N67515 X1.2527 Y1.152
N67520 X1.2521 Y1.1441
N67525 X1.2493 Y1.0966
N67530 X1.2492 Y1.0949
N67535 X1.2498 Y1.0808
N67540 X1.2505 Y1.0733
N67545 X1.2514 Y1.0673
N67550 X1.2526 Y1.0611
N67555 X1.2543 Y1.0541
N67560 X1.2565 Y1.0468
N67565 X1.2593 Y1.0388
N67570 X1.2628 Y1.0302
N67575 X1.267 Y1.0212
N67580 X1.2722 Y1.0112
N67585 X1.2781 Y1.0013
N67590 X1.2852 Y0.9904
N67595 X1.2936 Y0.9789
N67600 X1.3028 Y0.9675
N67605 X1.3137 Y0.9552
N67610 X1.3264 Y0.9422
N67615 X1.3401 Y0.9295
N67620 X1.3556 Y0.9166
N67625 X1.3731 Y0.9033
N67630 X1.3924 Y0.89
N67635 X1.4135 Y0.877
N67640 X1.4358 Y0.8648
N67645 X1.4595 Y0.8532
N67650 X1.4853 Y0.8421
N67655 X1.5127 Y0.8319
N67660 X1.5417 Y0.8226
N67665 X1.572 Y0.8146
N67670 X1.6034 Y0.8079
N67675 X1.6356 Y0.8026
N67680 X1.6684 Y0.7988
N67685 X1.7016 Y0.7967
N67690 X1.735 Y0.7961
N67695 X1.7684 Y0.7972
N67700 X1.8015 Y0.7999
N67705 X1.8342 Y0.8041
N67710 X1.8661 Y0.8099
N67715 X1.8971 Y0.8171
N67720 X1.9271 Y0.8255
N67725 X1.9555 Y0.8351
N67730 X1.982 Y0.8455
N67735 X2.0021 Y0.8545
N67740 X2.0097 Y0.8584
N67745 X2.0207 Y0.865
N67750 X2.0306 Y0.8732
N67755 X2.0391 Y0.8827
N67760 X2.0462 Y0.8935
N67765 X2.0497 Y0.8998
N67770 X2.0637 Y0.9303
N67775 X2.0655 Y0.9347
N67780 X2.0735 Y0.9541
N67785 X2.0759 Y0.962
N67790 X2.0794 Y0.975
N67795 G3 X2.0619 Y1.0034 Z-0.3858 I-0.023 J0.0054
N67800 G1 X2.0595 Y1.0038
N67805 X1.2765 Y1.1044
N67810 X1.2732 Y1.1046
N67815 G3 X1.2498 Y1.0808 Z-0.3937 I0.0002 J-0.0236
N67820 G1 X1.2502 Y1.0729
N67825 X1.2507 Y1.0649
N67830 X1.254 Y1.0333
N67835 X1.2551 Y1.0254
N67840 X1.2562 Y1.0174
N67845 X1.2571 Y1.0112
N67850 X1.2576 Y1.0095
N67855 X1.2619 Y0.9937
N67860 X1.2657 Y0.9821
N67865 X1.2684 Y0.9751
N67870 X1.2715 Y0.9679
N67875 X1.2756 Y0.9598
N67880 X1.2802 Y0.9516
N67885 X1.286 Y0.9423
N67890 X1.2925 Y0.933
N67895 X1.3005 Y0.9227
N67900 X1.3095 Y0.912
N67905 X1.3199 Y0.901
N67910 X1.3324 Y0.8889
N67915 X1.346 Y0.8771
N67920 X1.3612 Y0.865
N67925 X1.3787 Y0.8525
N67930 X1.3984 Y0.8398
N67935 X1.4196 Y0.8276
N67940 X1.4422 Y0.8159
N67945 X1.4672 Y0.8046
N67950 X1.4943 Y0.7938
N67955 X1.5233 Y0.7839
N67960 X1.5539 Y0.7751
N67965 X1.5859 Y0.7675
N67970 X1.6189 Y0.7614
N67975 X1.6527 Y0.7568
N67980 X1.6871 Y0.7539
N67985 X1.7219 Y0.7526
N67990 X1.7567 Y0.753
N67995 X1.7914 Y0.7551
N68000 X1.8258 Y0.7588
N68005 X1.8595 Y0.7642
N68010 X1.8924 Y0.7711
N68015 X1.924 Y0.7793
N68020 X1.9526 Y0.7883
N68025 X1.9545 Y0.789
N68030 X1.9667 Y0.7945
N68035 X1.9778 Y0.8019
N68040 X1.9877 Y0.8109
N68045 X1.9942 Y0.818
N68050 X2.0024 Y0.8274
N68055 X2.0091 Y0.8353
N68060 X2.0358 Y0.8749
N68065 X2.0403 Y0.8828
N68070 X2.0462 Y0.8935
N68075 G3 X2.0359 Y0.9252 Z-0.3858 I-0.021 J0.0108
N68080 G1 X2.0334 Y0.9263
N68085 X2.0308 Y0.9271
N68090 X2.0281 Y0.9276
N68095 X1.2879 Y1.0225
N68100 X1.2851 Y1.0227
N68105 X1.2822 Y1.0226
N68110 X1.2794 Y1.0221
N68115 G3 X1.2619 Y0.9937 Z-0.3937 I0.0054 J-0.023
N68120 G1 X1.2706 Y0.962
N68125 X1.273 Y0.9539
N68130 X1.2809 Y0.9347
N68135 X1.2828 Y0.9303
N68140 X1.2968 Y0.8998
N68145 X1.3018 Y0.8907
N68150 X1.31 Y0.8776
N68155 X1.3152 Y0.8701
N68160 X1.3211 Y0.8624
N68165 X1.3284 Y0.8538
N68170 X1.3367 Y0.845
N68175 X1.3464 Y0.8355
N68180 X1.358 Y0.8254
N68185 X1.3705 Y0.8154
N68190 X1.3856 Y0.8045
N68195 X1.4025 Y0.7936
N68200 X1.421 Y0.7829
N68205 X1.4425 Y0.7717
N68210 X1.4667 Y0.7607
N68215 X1.4927 Y0.7503
N68220 X1.52 Y0.7409
N68225 X1.5498 Y0.7322
N68230 X1.5817 Y0.7246
N68235 X1.6152 Y0.7183
N68240 X1.6498 Y0.7136
N68245 X1.6845 Y0.7105
N68250 X1.7194 Y0.7091
N68255 X1.7543 Y0.7093
N68260 X1.7891 Y0.7111
N68265 X1.8238 Y0.7146
N68270 X1.8583 Y0.7196
N68275 X1.8642 Y0.7208
N68280 X1.8725 Y0.7228
N68285 X1.8805 Y0.7257
N68290 X1.8882 Y0.7293
N68295 X1.894 Y0.7324
N68300 X1.8991 Y0.7356
N68305 X1.9229 Y0.7525
N68310 X1.9277 Y0.7561
N68315 X1.9485 Y0.772
N68320 X1.9546 Y0.7771
N68325 X1.9659 Y0.7878
N68330 X1.9809 Y0.8037
N68335 X1.9877 Y0.8109
N68340 G3 X1.9855 Y0.8442 Z-0.3858 I-0.0177 J0.0156
N68345 X1.9727 Y0.8499 I-0.0156 J-0.0177
N68350 G1 X1.3255 Y0.925
N68355 G3 X1.312 Y0.9225 I-0.0027 J-0.0235
N68360 X1.3018 Y0.8907 Z-0.3937 I0.0108 J-0.021
N68365 G1 X1.3062 Y0.8828
N68370 X1.3107 Y0.8749
N68375 X1.3374 Y0.8353
N68380 X1.3443 Y0.8271
N68385 X1.3523 Y0.818
N68390 X1.3581 Y0.8116
N68395 X1.376 Y0.7926
N68400 X1.3805 Y0.7878
N68405 X1.3919 Y0.7771
N68410 X1.398 Y0.772
N68415 X1.4187 Y0.7561
N68420 X1.4236 Y0.7525
N68425 X1.4394 Y0.7412
N68430 X1.4474 Y0.7356
N68435 X1.4525 Y0.7324
N68440 X1.4632 Y0.7267
N68445 X1.4948 Y0.7119
N68450 X1.5121 Y0.7045
N68455 X1.5334 Y0.6967
N68460 X1.5568 Y0.6894
N68465 X1.5823 Y0.6827
N68470 X1.6113 Y0.6767
N68475 X1.6429 Y0.6717
N68480 X1.6463 Y0.6714
N68485 X1.6492 Y0.6712
N68490 X1.6522 Y0.6711
N68495 G3 X1.6751 Y0.6954 Z-0.3858 I-0.0007 J0.0236
N68500 X1.6582 Y0.7174 I-0.0236 J-0.0007
N68505 G1 X1.4817 Y0.7698
N68510 G3 X1.4546 Y0.7589 I-0.0067 J-0.0226
N68515 X1.4632 Y0.7267 Z-0.3937 I0.0205 J-0.0118
N68520 G1 X1.4823 Y0.7166
N68525 X1.5028 Y0.7057
N68530 X1.5108 Y0.7025
N68535 X1.5583 Y0.6864
N68540 X1.5637 Y0.6849
N68545 X1.59 Y0.6791
N68550 X1.6138 Y0.6752
N68555 X1.6217 Y0.6741
N68560 X1.6376 Y0.6721
N68565 X1.6455 Y0.6712
N68570 X1.6613 Y0.6711
N68575 X1.693
N68580 X1.701 Y0.6712
N68585 X1.7089 Y0.6721
N68590 X1.7247 Y0.6741
N68595 X1.7327 Y0.6752
N68600 X1.7564 Y0.6791
N68605 X1.7827 Y0.6849
N68610 X1.7881 Y0.6864
N68615 X1.8357 Y0.7025
N68620 X1.8436 Y0.7057
N68625 X1.8674 Y0.7183
N68630 X1.8882 Y0.7293
N68635 G3 X1.8992 Y0.7559 I-0.0118 J0.0205
N68640 G1 X1.8982 Y0.7595 Z-0.3934
N68645 X1.8973 Y0.7629 Z-0.3925
N68650 X1.8964 Y0.7663 Z-0.3911
N68655 X1.8956 Y0.7693 Z-0.3892
N68660 X1.8949 Y0.772 Z-0.3868
N68665 X1.8942 Y0.7744 Z-0.384
N68670 X1.8937 Y0.7762 Z-0.3808
N68675 X1.8934 Y0.7776 Z-0.3774
N68680 X1.8932 Y0.7784 Z-0.3738
N68685 X1.8931 Y0.7787 Z-0.3701
N68690 Z0.1969
N68695 X0.5225 Y-0.0917
N68700 Z-0.3465
N68705 Z-0.3701
N68710 X0.5223 Y-0.0915 Z-0.3738
N68715 X0.5215 Y-0.0911 Z-0.3774
N68720 X0.5203 Y-0.0903 Z-0.3808
N68725 X0.5186 Y-0.0893 Z-0.384
N68730 X0.5166 Y-0.0881 Z-0.3868
N68735 X0.5141 Y-0.0867 Z-0.3892
N68740 X0.5114 Y-0.0851 Z-0.3911
N68745 X0.5085 Y-0.0833 Z-0.3925
N68750 X0.5054 Y-0.0815 Z-0.3934
N68755 X0.5022 Y-0.0796 Z-0.3937
N68760 G3 X0.4725 Y-0.0709 I-0.0318 J-0.0536
N68765 G1 X0.4646
N68770 X0.4567 Y-0.0708
N68775 X0.4408 Y-0.0704
N68780 X0.4329 Y-0.07
N68785 X0.3854 Y-0.0646
N68790 X0.3774 Y-0.0636
N68795 X0.3616 Y-0.0613
N68800 X0.3537 Y-0.0593
N68805 X0.3378 Y-0.0545
N68810 X0.3287 Y-0.0515
N68815 X0.322 Y-0.0491
N68820 X0.3047 Y-0.044
N68825 X0.2891 Y-0.0402
N68830 X0.2682 Y-0.0362
N68835 X0.2337 Y-0.0313
N68840 X0.199 Y-0.0277
N68845 X0.1658 Y-0.0171
N68850 X0.1356 Y0.0006
N68855 X0.1097 Y0.0239
N68860 X0.0883 Y0.0514
N68865 X0.0712 Y0.0819
N68870 X0.058 Y0.1142
N68875 X0.0481 Y0.1476
N68880 X0.0409 Y0.1817
N68885 X0.0356 Y0.2162
N68890 X0.0319 Y0.2509
N68895 X0.0293 Y0.2857
N68900 X0.0275 Y0.3205
N68905 X0.0262 Y0.3554
N68910 X0.0254 Y0.3903
N68915 X0.0248 Y0.4252
N68920 X0.0244 Y0.4601
N68925 X0.0242 Y0.4949
N68930 X0.024 Y0.5298
N68935 X0.0238 Y0.5996
N68940 X0.0237 Y0.7043
N68945 X0.0236 Y1.0531
N68950 Y1.7509
N68955 Y1.8904
N68960 X0.0249 Y1.9253
N68965 X0.0331 Y1.9592
N68970 X0.0485 Y1.9905
N68975 X0.07 Y2.0179
N68980 X0.0962 Y2.041
N68985 X0.1257 Y2.0597
N68990 X0.126 Y2.0598
N68995 X0.1353 Y2.0648
N69000 X0.1438 Y2.0708
N69005 X0.1516 Y2.0779
N69010 X0.1555 Y2.0819
N69015 X0.1838 Y2.1101
N69020 X0.1872 Y2.1133
N69025 X0.1952 Y2.1201
N69030 X0.2031 Y2.1259
N69035 X0.211 Y2.1312
N69040 X0.2586 Y2.1611
N69045 X0.2621 Y2.1631
N69050 G3 X0.2724 Y2.1899 I-0.0123 J0.0202
N69055 G1 X0.2714 Y2.1934 Z-0.3934
N69060 X0.2704 Y2.1969 Z-0.3925
N69065 X0.2694 Y2.2002 Z-0.3911
N69070 X0.2685 Y2.2032 Z-0.3892
N69075 X0.2677 Y2.2059 Z-0.3868
N69080 X0.2671 Y2.2082 Z-0.384
N69085 X0.2665 Y2.2101 Z-0.3808
N69090 X0.2661 Y2.2114 Z-0.3774
N69095 X0.2659 Y2.2123 Z-0.3738
N69100 X0.2658 Y2.2125 Z-0.3701
N69105 Z0.1969
N69110 X0.3623 Y-0.0852
N69115 Z-0.3465
N69120 Z-0.3701
N69125 X0.3621 Y-0.085 Z-0.3738
N69130 X0.3615 Y-0.0843 Z-0.3774
N69135 X0.3606 Y-0.0832 Z-0.3808
N69140 X0.3594 Y-0.0818 Z-0.384
N69145 X0.3578 Y-0.0799 Z-0.3868
N69150 X0.356 Y-0.0778 Z-0.3892
N69155 X0.354 Y-0.0753 Z-0.3911
N69160 X0.3518 Y-0.0727 Z-0.3925
N69165 X0.3495 Y-0.0699 Z-0.3934
N69170 X0.3471 Y-0.0671 Z-0.3937
N69175 G3 X0.322 Y-0.0491 I-0.0477 J-0.04
N69180 G1 X0.2836 Y-0.0356
N69185 X0.2744 Y-0.0318
N69190 X0.2664 Y-0.0277
N69195 X0.2586 Y-0.0233
N69200 X0.211 Y0.0066
N69205 X0.2031 Y0.0119
N69210 X0.1952 Y0.0177
N69215 X0.1872 Y0.0245
N69220 X0.1838 Y0.0277
N69225 X0.1555 Y0.0559
N69230 X0.1366 Y0.0752
N69235 X0.1339 Y0.078
N69240 X0.1317 Y0.0808
N69245 X0.1159 Y0.104
N69250 X0.1141 Y0.1069
N69255 X0.0991 Y0.1306
N69260 X0.0847 Y0.1544
N69265 X0.0749 Y0.1782
N69270 X0.072 Y0.1861
N69275 X0.0582 Y0.2257
N69280 X0.0556 Y0.2336
N69285 X0.0533 Y0.2415
N69290 X0.0525 Y0.2449
N69295 X0.0516 Y0.2494
N69300 X0.0503 Y0.2573
N69305 X0.0475 Y0.2811
N69310 X0.0449 Y0.3048
N69315 X0.0426 Y0.3286
N69320 X0.0424 Y0.3365
N69325 X0.0423 Y0.3603
N69330 Y1.7855
N69335 X0.0424 Y1.8013
N69340 X0.0426 Y1.8092
N69345 X0.0449 Y1.833
N69350 X0.0475 Y1.8567
N69355 X0.0503 Y1.8805
N69360 X0.0516 Y1.8884
N69365 X0.0525 Y1.8929
N69370 X0.0533 Y1.8963
N69375 X0.0556 Y1.9042
N69380 X0.0582 Y1.9121
N69385 X0.072 Y1.9517
N69390 X0.0749 Y1.9596
N69395 X0.0847 Y1.9834
N69400 X0.0991 Y2.0071
N69405 X0.1141 Y2.0309
N69410 X0.1159 Y2.0338
N69415 X0.1317 Y2.0569
N69420 X0.1339 Y2.0598
N69425 X0.1366 Y2.0626
N69430 X0.1516 Y2.0779
N69435 G3 X0.1541 Y2.1065 I-0.0174 J0.0159
N69440 G1 X0.1521 Y2.1096 Z-0.3934
N69445 X0.1501 Y2.1127 Z-0.3925
N69450 X0.1483 Y2.1156 Z-0.3911
N69455 X0.1466 Y2.1182 Z-0.3892
N69460 X0.1451 Y2.1206 Z-0.3868
N69465 X0.1438 Y2.1226 Z-0.384
N69470 X0.1427 Y2.1243 Z-0.3808
N69475 X0.142 Y2.1254 Z-0.3774
N69480 X0.1415 Y2.1262 Z-0.3738
N69485 X0.1413 Y2.1264 Z-0.3701
N69490 Z0.1969
N69495 X2.8321 Y2.23
N69500 Z-0.3465
N69505 Z-0.3701
N69510 X2.8324 Y2.2298 Z-0.3738
N69515 X2.8331 Y2.2294 Z-0.3774
N69520 X2.8343 Y2.2287 Z-0.3808
N69525 X2.836 Y2.2277 Z-0.384
N69530 X2.838 Y2.2264 Z-0.3868
N69535 X2.8404 Y2.2249 Z-0.3892
N69540 X2.8431 Y2.2233 Z-0.3911
N69545 X2.846 Y2.2215 Z-0.3925
N69550 X2.8491 Y2.2196 Z-0.3934
N69555 X2.8523 Y2.2177 Z-0.3937
N69560 G3 X2.8818 Y2.2087 I0.0324 J0.0532
N69565 G1 X2.8898 Y2.2086
N69570 X2.9056 Y2.2082
N69575 X2.9135 Y2.2078
N69580 X2.9611 Y2.2024
N69585 X2.969 Y2.2014
N69590 X2.9849 Y2.1991
N69595 X2.9928 Y2.1971
N69600 X3.0086 Y2.1923
N69605 X3.0177 Y2.1893
N69610 X3.0245 Y2.1869
N69615 X3.0422 Y2.1817
N69620 X3.0577 Y2.1779
N69625 X3.0784 Y2.174
N69630 X3.1079 Y2.1698
N69635 X3.1426 Y2.1666
N69640 X3.1775 Y2.1646
N69645 X3.2121 Y2.1605
N69650 X3.2447 Y2.148
N69655 X3.2734 Y2.1282
N69660 X3.2975 Y2.103
N69665 X3.3169 Y2.074
N69670 X3.3319 Y2.0425
N69675 X3.3431 Y2.0095
N69680 X3.3514 Y1.9756
N69685 X3.3573 Y1.9412
N69690 X3.3614 Y1.9065
N69695 X3.3642 Y1.8718
N69700 X3.3662 Y1.8369
N69705 X3.3675 Y1.8021
N69710 X3.3684 Y1.7672
N69715 X3.3689 Y1.7323
N69720 X3.3693 Y1.6974
N69725 X3.3696 Y1.6625
N69730 X3.3698 Y1.6277
N69735 X3.3699 Y1.5579
N69740 X3.37 Y1.4532
N69745 X3.3701 Y0.9997
N69750 Y0.4415
N69755 Y0.1624
N69760 X3.3651 Y0.1279
N69765 X3.3514 Y0.0958
N69770 X3.3306 Y0.0678
N69775 X3.3046 Y0.0445
N69780 X3.2751 Y0.026
N69785 X3.2432 Y0.0118
N69790 X3.21 Y0.0012
N69795 X3.1759 Y-0.0065
N69800 X3.1415 Y-0.0119
N69805 X3.1177 Y-0.0145
N69810 X3.1062 Y-0.0165
N69815 X3.0951 Y-0.0201
N69820 X3.0846 Y-0.0251
N69825 X3.08 Y-0.0277
N69830 X3.0721 Y-0.0318
N69835 X3.0629 Y-0.0356
N69840 X3.0166 Y-0.0519
N69845 X3.0086 Y-0.0545
N69850 X2.9925 Y-0.0594
N69855 X2.9849 Y-0.0613
N69860 X2.969 Y-0.0636
N69865 X2.9611 Y-0.0646
N69870 X2.9135 Y-0.07
N69875 X2.9056 Y-0.0704
N69880 X2.8908 Y-0.0708
N69885 G3 X2.8691 Y-0.0896 I0.0014 J-0.0236
N69890 G1 X2.8684 Y-0.0932 Z-0.3934
N69895 X2.8677 Y-0.0968 Z-0.3925
N69900 X2.867 Y-0.1001 Z-0.3911
N69905 X2.8663 Y-0.1032 Z-0.3892
N69910 X2.8658 Y-0.106 Z-0.3868
N69915 X2.8653 Y-0.1083 Z-0.384
N69920 X2.8649 Y-0.1102 Z-0.3808
N69925 X2.8646 Y-0.1116 Z-0.3774
N69930 X2.8644 Y-0.1125 Z-0.3738
N69935 Y-0.1128 Z-0.3701
N69940 Z0.1969
N69945 X2.9842 Y2.223
N69950 Z-0.3465
N69955 Z-0.3701
N69960 X2.9844 Y2.2228 Z-0.3738
N69965 X2.9849 Y2.2221 Z-0.3774
N69970 X2.9858 Y2.221 Z-0.3808
N69975 X2.9871 Y2.2196 Z-0.384
N69980 X2.9886 Y2.2177 Z-0.3868
N69985 X2.9905 Y2.2156 Z-0.3892
N69990 X2.9925 Y2.2131 Z-0.3911
N69995 X2.9947 Y2.2105 Z-0.3925
N70000 X2.997 Y2.2077 Z-0.3934
N70005 X2.9994 Y2.2049 Z-0.3937
N70010 G3 X3.0245 Y2.1869 I0.0477 J0.04
N70015 G1 X3.0629 Y2.1734
N70020 X3.0721 Y2.1696
N70025 X3.08 Y2.1655
N70030 X3.0879 Y2.1611
N70035 X3.0935 Y2.1576
N70040 X3.1013 Y2.1532
N70045 X3.108 Y2.1498
N70050 X3.1188 Y2.1451
N70055 X3.1514 Y2.1326
N70060 X3.1829 Y2.1175
N70065 X3.2113 Y2.0973
N70070 X3.236 Y2.0727
N70075 X3.2567 Y2.0446
N70080 X3.2734 Y2.0139
N70085 X3.2865 Y1.9816
N70090 X3.2966 Y1.9482
N70095 X3.3041 Y1.9141
N70100 X3.3096 Y1.8797
N70105 X3.3136 Y1.845
N70110 X3.3164 Y1.8103
N70115 X3.3184 Y1.7754
N70120 X3.3198 Y1.7406
N70125 X3.3208 Y1.7057
N70130 X3.3214 Y1.6708
N70135 X3.3219 Y1.6359
N70140 X3.3222 Y1.601
N70145 X3.3224 Y1.5662
N70150 X3.3225 Y1.5313
N70155 X3.3227 Y1.4615
N70160 X3.3228 Y1.3568
N70165 Y0.9033
N70170 Y0.2754
N70175 Y0.2405
N70180 X3.3204 Y0.2057
N70185 X3.3107 Y0.1722
N70190 X3.2939 Y0.1415
N70195 X3.2714 Y0.1149
N70200 X3.2444 Y0.0928
N70205 X3.2145 Y0.0749
N70210 X3.2069 Y0.07
N70215 X3.1997 Y0.0643
N70220 X3.1931 Y0.0581
N70225 X3.1909 Y0.0559
N70230 X3.1627 Y0.0277
N70235 X3.1592 Y0.0245
N70240 X3.1513 Y0.0177
N70245 X3.1433 Y0.0119
N70250 X3.1355 Y0.0066
N70255 X3.0879 Y-0.0233
N70260 X3.0846 Y-0.0251
N70265 G3 X3.0743 Y-0.052 I0.0123 J-0.0202
N70270 G1 X3.0753 Y-0.0555 Z-0.3934
N70275 X3.0763 Y-0.059 Z-0.3925
N70280 X3.0773 Y-0.0622 Z-0.3911
N70285 X3.0782 Y-0.0653 Z-0.3892
N70290 X3.079 Y-0.068 Z-0.3868
N70295 X3.0796 Y-0.0703 Z-0.384
N70300 X3.0802 Y-0.0721 Z-0.3808
N70305 X3.0806 Y-0.0735 Z-0.3774
N70310 X3.0808 Y-0.0743 Z-0.3738
N70315 X3.0809 Y-0.0746 Z-0.3701
N70320 Z0.1969
N70325 X3.0622 Y2.2018
N70330 Z-0.3465
N70335 Z-0.3701
N70340 X3.0624 Y2.2015 Z-0.3738
N70345 X3.0628 Y2.2007 Z-0.3774
N70350 X3.0634 Y2.1995 Z-0.3808
N70355 X3.0643 Y2.1978 Z-0.384
N70360 X3.0654 Y2.1956 Z-0.3868
N70365 X3.0667 Y2.1931 Z-0.3892
N70370 X3.0681 Y2.1903 Z-0.3911
N70375 X3.0697 Y2.1872 Z-0.3925
N70380 X3.0713 Y2.184 Z-0.3934
N70385 X3.073 Y2.1807 Z-0.3937
N70390 G3 X3.0935 Y2.1576 I0.0555 J0.0284
N70395 G1 X3.1355 Y2.1312
N70400 X3.1434 Y2.1259
N70405 X3.1513 Y2.1201
N70410 X3.1592 Y2.1133
N70415 X3.1627 Y2.1101
N70420 X3.1909 Y2.0819
N70425 X3.2098 Y2.0626
N70430 X3.2125 Y2.0598
N70435 X3.2147 Y2.0569
N70440 X3.2306 Y2.0338
N70445 X3.2324 Y2.0309
N70450 X3.2473 Y2.0071
N70455 X3.2618 Y1.9834
N70460 X3.2716 Y1.9596
N70465 X3.2744 Y1.9517
N70470 X3.2883 Y1.9121
N70475 X3.2909 Y1.9042
N70480 X3.2932 Y1.8963
N70485 X3.294 Y1.8929
N70490 X3.2949 Y1.8884
N70495 X3.2961 Y1.8805
N70500 X3.2989 Y1.8567
N70505 X3.3016 Y1.833
N70510 X3.3039 Y1.8092
N70515 X3.3041 Y1.8013
N70520 Y1.7775
N70525 Y0.3523
N70530 Y0.3365
N70535 X3.3039 Y0.3286
N70540 X3.3016 Y0.3048
N70545 X3.2989 Y0.2811
N70550 X3.2961 Y0.2573
N70555 X3.2949 Y0.2494
N70560 X3.294 Y0.2449
N70565 X3.2932 Y0.2415
N70570 X3.2909 Y0.2336
N70575 X3.2883 Y0.2257
N70580 X3.2744 Y0.1861
N70585 X3.2716 Y0.1782
N70590 X3.2618 Y0.1544
N70595 X3.2473 Y0.1306
N70600 X3.2324 Y0.1069
N70605 X3.2306 Y0.104
N70610 X3.2147 Y0.0808
N70615 X3.2125 Y0.078
N70620 X3.2098 Y0.0752
N70625 X3.1931 Y0.0581
N70630 X3.1908 Y0.0553
N70635 X3.1891 Y0.0521
N70640 X3.1883 Y0.0493 Z-0.3935
N70645 X3.1876 Y0.0465 Z-0.393
N70650 X3.187 Y0.0438 Z-0.3921
N70655 X3.1869 Y0.0422 Z-0.3914
N70660 X3.1875 Y0.0391 Z-0.3895
N70665 X3.188 Y0.0362 Z-0.3872
N70670 X3.1884 Y0.0338 Z-0.3844
N70675 X3.1894 Y0.0319 Z-0.3812
N70680 X3.1901 Y0.0306 Z-0.3777
N70685 X3.1905 Y0.0298 Z-0.3739
N70690 X3.1906 Y0.0295 Z-0.3701
N70695 Z0.1969
N70700 X-0.0185 Y-0.2489
N70705 Z-0.3701
N70710 Z-0.3937
N70715 Z-0.4724
N70720 G3 X0. Y-0.1203 I-0.5842 J0.1496
N70725 G1 Y-0.1147
N70730 X-0.0209 Y-0.0868
N70735 X-0.0366 Y-0.0556
N70740 X-0.0478 Y-0.0226
N70745 X-0.0557 Y0.0114
N70750 X-0.061 Y0.0459
N70755 X-0.0645 Y0.0806
N70760 X-0.0668 Y0.1154
N70765 X-0.0683 Y0.1503
N70770 X-0.0692 Y0.1851
N70775 X-0.0698 Y0.22
N70780 X-0.0702 Y0.2549
N70785 X-0.0704 Y0.2898
N70790 X-0.0706 Y0.3247
N70795 X-0.0708 Y0.3944
N70800 Y0.534
N70805 X-0.0709 Y1.8597
N70810 Y2.069
N70815 X-0.0604 Y2.1023
N70820 X-0.04 Y2.1306
N70825 X-0.0135 Y2.1532
N70830 X0.0169 Y2.1703
N70835 X0.0495 Y2.1828
N70840 X0.0833 Y2.1915
N70845 X0.1177 Y2.1974
N70850 X0.1524 Y2.2014
N70855 X0.1871 Y2.204
N70860 X0.222 Y2.2057
N70865 X0.2569 Y2.2068
N70870 X0.2917 Y2.2075
N70875 X0.3266 Y2.2079
N70880 X0.3615 Y2.2082
N70885 X0.3964 Y2.2084
N70890 X0.4549 Y2.2085
N70895 X0.4556
N70900 X0.4646 Y2.2087
N70905 X1.17
N70910 X1.2048 Y2.2104
N70915 X1.2397 Y2.2098
N70920 X1.2746 Y2.2094
N70925 X1.3095 Y2.2091
N70930 X1.3443 Y2.2089
N70935 X1.4141 Y2.2088
N70940 X1.5188 Y2.2087
N70945 X2.4607
N70950 X3.1585
N70955 X3.2631
N70960 X3.2804 Y2.2062
N70965 X3.3133 Y2.1947
N70970 X3.3413 Y2.1738
N70975 X3.3634 Y2.1469
N70980 X3.3801 Y2.1162
N70985 X3.3922 Y2.0835
N70990 X3.4007 Y2.0497
N70995 X3.4065 Y2.0153
N71000 X3.4103 Y1.9806
N71005 X3.4128 Y1.9458
N71010 X3.4145 Y1.9109
N71015 X3.4155 Y1.8761
N71020 X3.4162 Y1.8412
N71025 X3.4166 Y1.8063
N71030 X3.4169 Y1.7714
N71035 X3.417 Y1.7365
N71040 X3.4171 Y1.7017
N71045 X3.4172 Y1.6319
N71050 X3.4173 Y1.4574
N71055 Y0.4108
N71060 Y0.0794
N71065 X3.4107 Y0.0452
N71070 X3.393 Y0.0151
N71075 X3.368 Y-0.0092
N71080 X3.3385 Y-0.0279
N71085 X3.3064 Y-0.0416
N71090 X3.2729 Y-0.0514
N71095 X3.2387 Y-0.0581
N71100 X3.2041 Y-0.0626
N71105 X3.1694 Y-0.0656
N71110 X3.1345 Y-0.0675
N71115 X3.0997 Y-0.0687
N71120 X3.0648 Y-0.0695
N71125 X3.0299 Y-0.07
N71130 X2.995 Y-0.0703
N71135 X2.9601 Y-0.0705
N71140 X2.9252 Y-0.0706
N71145 X2.8915 Y-0.0707
N71150 X2.8908 Y-0.0708
N71155 X2.8818 Y-0.0709
N71160 X0.4725
N71165 X0.4377 Y-0.0726
N71170 X0.4028 Y-0.072
N71175 X0.3679 Y-0.0716
N71180 X0.333 Y-0.0713
N71185 X0.2982 Y-0.0711
N71190 X0.2284 Y-0.071
N71195 X0.1586 Y-0.0709
N71200 X0.1238 Y-0.0692
N71205 X0.0912 Y-0.0567
N71210 X0.0631 Y-0.036
N71215 X0.0401 Y-0.0098
N71220 X0.0221 Y0.0201
N71225 X0.0085 Y0.0522
N71230 X-0.0014 Y0.0857
N71235 X-0.0085 Y0.1198
N71240 X-0.0134 Y0.1544
N71245 X-0.0168 Y0.1891
N71250 X-0.0191 Y0.2239
N71255 X-0.0207 Y0.2587
N71260 X-0.0217 Y0.2936
N71265 X-0.0223 Y0.3285
N71270 X-0.0228 Y0.3634
N71275 X-0.0231 Y0.3983
N71280 X-0.0233 Y0.4332
N71285 X-0.0234 Y0.468
N71290 X-0.0235 Y0.5378
N71295 X-0.0236 Y0.6774
N71300 Y1.5146
N71305 Y1.9682
N71310 X-0.0206 Y2.0029
N71315 X-0.0087 Y2.0357
N71320 X0.0108 Y2.0646
N71325 X0.0359 Y2.0889
N71330 X0.0649 Y2.1083
N71335 X0.0963 Y2.1234
N71340 X0.1294 Y2.1346
N71345 X0.1633 Y2.1429
N71350 X0.1977 Y2.1487
N71355 X0.2298 Y2.1525
N71360 X0.241 Y2.1546
N71365 X0.2518 Y2.1581
N71370 X0.2621 Y2.1631
N71375 X0.2665 Y2.1655
N71380 X0.2744 Y2.1696
N71385 X0.2836 Y2.1734
N71390 X0.3299 Y2.1897
N71395 X0.3378 Y2.1923
N71400 X0.3539 Y2.1972
N71405 X0.3616 Y2.1991
N71410 X0.3774 Y2.2014
N71415 X0.3854 Y2.2024
N71420 X0.4329 Y2.2078
N71425 X0.4408 Y2.2082
N71430 X0.4556 Y2.2085
N71435 G3 X0.4692 Y2.2139 Z-0.4693 I-0.0014 J0.0236
N71440 G2 X0.4866 Y2.2277 Z-0.4646 I0.3434 J-0.417
N71445 X0.5888 Y2.2886 I0.3259 J-0.4308
N71450 X0.5986 Y2.2907 I0.0098 J-0.0215
N71455 G1 X1.0264 Y2.2908
N71460 G2 X1.0361 Y2.2887 I0. J-0.0236
N71465 X1.1388 Y2.2274 I-0.2236 J-0.4917
N71470 X1.1558 Y2.214 Z-0.4692 I-0.3262 J-0.4305
N71475 G3 X1.17 Y2.2087 Z-0.4724 I0.015 J0.0182
N71480 G1 X1.1937
N71485 X1.2017 Y2.2084
N71490 X1.2175 Y2.2075
N71495 X1.2254 Y2.2064
N71500 X1.2413 Y2.2039
N71505 X1.2492 Y2.2025
N71510 X1.2651 Y2.1995
N71515 X1.273 Y2.1978
N71520 X1.2809 Y2.1952
N71525 X1.2888 Y2.192
N71530 X1.2908 Y2.1912
N71535 X1.3004 Y2.1875
N71540 X1.3109 Y2.1841
N71545 X1.3243 Y2.1804
N71550 X1.3417 Y2.1765
N71555 X1.3654 Y2.1724
N71560 X1.4001 Y2.1682
N71565 X1.4349 Y2.1656
N71570 X1.4697 Y2.1641
N71575 X1.5046 Y2.1631
N71580 X1.5395 Y2.1625
N71585 X1.5743 Y2.1621
N71590 X1.6092 Y2.1618
N71595 X1.6441 Y2.1617
N71600 X1.7139 Y2.1615
N71605 X1.8534 Y2.1614
N71610 X1.9768
N71615 X1.9915 Y2.1627
N71620 X2.0058 Y2.1664
N71625 X2.0192 Y2.1725
N71630 X2.0259 Y2.1763
N71635 X2.0357 Y2.1813
N71640 X2.0513 Y2.1893
N71645 X2.0576 Y2.192
N71650 X2.0655 Y2.1952
N71655 X2.0735 Y2.1978
N71660 X2.0814 Y2.1995
N71665 X2.0972 Y2.2025
N71670 X2.1052 Y2.2039
N71675 X2.121 Y2.2064
N71680 X2.1289 Y2.2075
N71685 X2.1448 Y2.2084
N71690 G3 X2.1669 Y2.2334 Z-0.4646 I-0.0014 J0.0236
N71695 X2.1432 Y2.2556 I-0.0236 J-0.0014
N71700 G1 X1.2862 Y2.2485
N71705 G3 X1.2644 Y2.2163 I0.0002 J-0.0236
N71710 G1 X1.2656 Y2.2136 Z-0.4652
N71715 X1.2671 Y2.2111 Z-0.4658
N71720 X1.2677 Y2.2103 Z-0.466
N71725 G3 X1.2908 Y2.1912 Z-0.4724 I0.0501 J0.037
N71730 G1 X1.2951 Y2.1893
N71735 X1.3126 Y2.1804
N71740 X1.3206 Y2.1763
N71745 X1.3397 Y2.1655
N71750 X1.3443 Y2.1628
N71755 X1.3454 Y2.162
N71760 X1.3503 Y2.1586
N71765 X1.3558 Y2.1554
N71770 X1.3627 Y2.1519
N71775 X1.3709 Y2.1481
N71780 X1.3805 Y2.1444
N71785 X1.3926 Y2.1402
N71790 X1.407 Y2.1361
N71795 X1.4258 Y2.1317
N71800 X1.4504 Y2.1272
N71805 X1.485 Y2.1226
N71810 X1.5197 Y2.1196
N71815 X1.5546 Y2.1177
N71820 X1.5894 Y2.1165
N71825 X1.6243 Y2.1157
N71830 X1.6592 Y2.1152
N71835 X1.6941 Y2.1148
N71840 X1.729 Y2.1146
N71845 X1.7639 Y2.1144
N71850 X1.8336 Y2.1143
N71855 X1.9034 Y2.1142
N71860 X1.9161 Y2.1144
N71865 X1.9294 Y2.1156
N71870 X1.9424 Y2.1189
N71875 X1.9547 Y2.1241
N71880 X1.966 Y2.1311
N71885 X1.9761 Y2.1398
N71890 X1.9784 Y2.142
N71895 X1.9867 Y2.1497
N71900 X1.9954 Y2.1576
N71905 X2.0021 Y2.1628
N71910 X2.0067 Y2.1655
N71915 X2.0192 Y2.1725
N71920 G3 X2.0271 Y2.205 Z-0.4646 I-0.0123 J0.0202
N71925 X2.0065 Y2.2163 I-0.0202 J-0.0123
N71930 G1 X1.3602 Y2.2036
N71935 G3 X1.3426 Y2.1952 I0.0005 J-0.0236
N71940 X1.3454 Y2.162 Z-0.4724 I0.0181 J-0.0152
N71945 G1 X1.351 Y2.1576
N71950 X1.3602 Y2.1493
N71955 X1.3684 Y2.1418
N71960 X1.376 Y2.1341
N71965 X1.3809 Y2.1297
N71970 X1.3854 Y2.1259
N71975 X1.3904 Y2.1222
N71980 X1.3958 Y2.1186
N71985 X1.4024 Y2.1147
N71990 X1.4105 Y2.1104
N71995 X1.4197 Y2.106
N72000 X1.4302 Y2.1017
N72005 X1.4435 Y2.0969
N72010 X1.4586 Y2.0924
N72015 X1.478 Y2.0875
N72020 X1.5028 Y2.0825
N72025 X1.5362 Y2.0775
N72030 X1.5709 Y2.074
N72035 X1.6057 Y2.0717
N72040 X1.6405 Y2.0702
N72045 X1.6754 Y2.0691
N72050 X1.7103 Y2.0684
N72055 X1.7452 Y2.0679
N72060 X1.78 Y2.0676
N72065 X1.8149 Y2.0674
N72070 X1.8498 Y2.0673
N72075 X1.8702 Y2.0677
N72080 X1.8797 Y2.0684
N72085 X1.8948 Y2.0709
N72090 X1.9092 Y2.0759
N72095 X1.9224 Y2.0834
N72100 X1.9342 Y2.0931
N72105 X1.9441 Y2.1048
N72110 X1.9478 Y2.1101
N72115 X1.9546 Y2.1181
N72120 X1.9736 Y2.1372
N72125 X1.9761 Y2.1398
N72130 G3 X1.975 Y2.1732 Z-0.4646 I-0.0173 J0.0161
N72135 X1.9586 Y2.1795 I-0.0161 J-0.0173
N72140 G1 X1.3932 Y2.1737
N72145 G3 X1.3774 Y2.1675 I0.0002 J-0.0236
N72150 X1.376 Y2.1341 Z-0.4724 I0.016 J-0.0174
N72155 G1 X1.3919 Y2.118
N72160 X1.3986 Y2.1101
N72165 X1.4022 Y2.105
N72170 X1.406 Y2.1001
N72175 X1.4099 Y2.0957
N72180 X1.4141 Y2.0915
N72185 X1.4185 Y2.0876
N72190 X1.4233 Y2.0837
N72195 X1.4289 Y2.0797
N72200 X1.4359 Y2.0751
N72205 X1.4433 Y2.0708
N72210 X1.4524 Y2.0661
N72215 X1.4635 Y2.061
N72220 X1.4754 Y2.0562
N72225 X1.4908 Y2.0509
N72230 X1.5079 Y2.0459
N72235 X1.5299 Y2.0406
N72240 X1.5581 Y2.0352
N72245 X1.5926 Y2.0304
N72250 X1.6273 Y2.0271
N72255 X1.6622 Y2.0248
N72260 X1.697 Y2.0232
N72265 X1.7319 Y2.0221
N72270 X1.7668 Y2.0214
N72275 X1.8016 Y2.0209
N72280 X1.8264 Y2.0214
N72285 X1.8411 Y2.0223
N72290 X1.8552 Y2.0239
N72295 X1.8653 Y2.0256
N72300 X1.8662 Y2.0258
N72305 X1.8809 Y2.0303
N72310 X1.8946 Y2.0374
N72315 X1.9067 Y2.0468
N72320 X1.9171 Y2.0581
N72325 X1.9252 Y2.0711
N72330 X1.933 Y2.0863
N72335 X1.9387 Y2.0966
N72340 X1.9422 Y2.1022
N72345 X1.9441 Y2.1048
N72350 G3 X1.9373 Y2.1375 Z-0.4646 I-0.0197 J0.013
N72355 X1.9244 Y2.1414 I-0.013 J-0.0197
N72360 G1 X1.422 Y2.1416
N72365 G3 X1.409 Y2.1377 I0. J-0.0236
N72370 X1.4022 Y2.105 Z-0.4724 I0.013 J-0.0197
N72375 G1 X1.4042 Y2.1022
N72380 X1.4077 Y2.0966
N72385 X1.4135 Y2.0863
N72390 X1.4187 Y2.076
N72395 X1.4217 Y2.0709
N72400 X1.425 Y2.066
N72405 X1.4286 Y2.0614
N72410 X1.4326 Y2.057
N72415 X1.4368 Y2.0528
N72420 X1.4415 Y2.0485
N72425 X1.4472 Y2.0439
N72430 X1.4534 Y2.0393
N72435 X1.4611 Y2.0342
N72440 X1.4693 Y2.0293
N72445 X1.4796 Y2.0238
N72450 X1.4908 Y2.0185
N72455 X1.5044 Y2.0129
N72460 X1.5202 Y2.0073
N72465 X1.5391 Y2.0015
N72470 X1.5614 Y1.9959
N72475 X1.5901 Y1.9902
N72480 X1.6246 Y1.985
N72485 X1.6593 Y1.9813
N72490 X1.6941 Y1.9787
N72495 X1.7289 Y1.9769
N72500 X1.7638 Y1.9758
N72505 X1.7928 Y1.976
N72510 X1.81 Y1.9769
N72515 X1.8254 Y1.9785
N72520 X1.8363 Y1.9801
N72525 X1.8478 Y1.9825
N72530 X1.8525 Y1.9837
N72535 X1.8656 Y1.9882
N72540 X1.8778 Y1.995
N72545 X1.8887 Y2.0037
N72550 X1.8979 Y2.0141
N72555 X1.9052 Y2.0259
N72560 X1.9104 Y2.0388
N72565 X1.9209 Y2.0626
N72570 X1.9252 Y2.0711
N72575 G3 X1.9138 Y2.1025 Z-0.4646 I-0.0214 J0.01
N72580 X1.9041 Y2.1048 I-0.01 J-0.0214
N72585 G1 X1.4404 Y2.1096
N72590 G3 X1.4301 Y2.1074 I-0.0002 J-0.0236
N72595 X1.4187 Y2.076 Z-0.4724 I0.01 J-0.0214
N72600 G1 X1.4256 Y2.0626
N72605 X1.4345 Y2.0424
N72610 X1.4371 Y2.0371
N72615 X1.4401 Y2.032
N72620 X1.4435 Y2.0272
N72625 X1.4471 Y2.0225
N72630 X1.451 Y2.0181
N72635 X1.4555 Y2.0136
N72640 X1.4606 Y2.0088
N72645 X1.4665 Y2.0039
N72650 X1.4735 Y1.9986
N72655 X1.4812 Y1.9933
N72660 X1.4904 Y1.9876
N72665 X1.5005 Y1.9821
N72670 X1.5131 Y1.9759
N72675 X1.5264 Y1.9702
N72680 X1.5435 Y1.9638
N72685 X1.562 Y1.9579
N72690 X1.585 Y1.9518
N72695 X1.6136 Y1.9456
N72700 X1.648 Y1.94
N72705 X1.6827 Y1.9359
N72710 X1.7175 Y1.9331
N72715 X1.749 Y1.9319
N72720 X1.7732 Y1.9321
N72725 X1.7915 Y1.9332
N72730 X1.8072 Y1.9348
N72735 X1.8185 Y1.9366
N72740 X1.8297 Y1.9389
N72745 X1.8389 Y1.9413
N72750 X1.8472 Y1.9438
N72755 X1.8483 Y1.9442
N72760 X1.8622 Y1.9508
N72765 X1.8747 Y1.9596
N72770 X1.8855 Y1.9705
N72775 X1.8941 Y1.9832
N72780 X1.9004 Y1.9972
N72785 X1.9042 Y2.0121
N72790 X1.9046 Y2.0151
N72795 X1.907 Y2.0272
N72800 X1.908 Y2.0309
N72805 X1.9104 Y2.0388
N72810 G3 X1.8938 Y2.0678 Z-0.4646 I-0.0228 J0.0061
N72815 G1 X1.8909 Y2.0684
N72820 X1.8879 Y2.0686
N72825 X1.4568 Y2.0747
N72830 X1.4537 Y2.0746
N72835 X1.4506 Y2.074
N72840 X1.4477 Y2.0731
N72845 G3 X1.4345 Y2.0424 Z-0.4724 I0.0088 J-0.0219
N72850 G1 X1.436 Y2.0388
N72855 X1.4385 Y2.0309
N72860 X1.4394 Y2.0272
N72865 X1.4411 Y2.0186
N72870 X1.4425 Y2.0129
N72875 X1.4446 Y2.0074
N72880 X1.4471 Y2.002
N72885 X1.45 Y1.9969
N72890 X1.4533 Y1.992
N72895 X1.4568 Y1.9872
N72900 X1.4606 Y1.9826
N72905 X1.4653 Y1.9775
N72910 X1.4703 Y1.9725
N72915 X1.4765 Y1.9669
N72920 X1.4832 Y1.9614
N72925 X1.4913 Y1.9554
N72930 X1.5 Y1.9496
N72935 X1.5106 Y1.9433
N72940 X1.5221 Y1.9371
N72945 X1.5362 Y1.9305
N72950 X1.5515 Y1.9241
N72955 X1.5703 Y1.9174
N72960 X1.5917 Y1.9108
N72965 X1.6164 Y1.9046
N72970 X1.6456 Y1.8987
N72975 X1.6768 Y1.894
N72980 X1.7067 Y1.8909
N72985 X1.7325 Y1.8896
N72990 X1.7544 Y1.8895
N72995 X1.7736 Y1.8903
N73000 X1.7898 Y1.8919
N73005 X1.8021 Y1.8936
N73010 X1.8145 Y1.896
N73015 X1.8236 Y1.8982
N73020 X1.8334 Y1.9011
N73025 X1.8418 Y1.9041
N73030 X1.8489 Y1.9069
N73035 X1.8494 Y1.9072
N73040 X1.8621 Y1.9145
N73045 X1.8735 Y1.9238
N73050 X1.8831 Y1.9349
N73055 X1.8907 Y1.9475
N73060 X1.896 Y1.9612
N73065 X1.899 Y1.9756
N73070 X1.8999 Y1.9834
N73075 X1.9009 Y1.9913
N73080 X1.9042 Y2.0121
N73085 G3 X1.8836 Y2.0384 Z-0.4646 I-0.0234 J0.0029
N73090 G1 X1.8811 Y2.0386
N73095 X1.4649 Y2.046
N73100 X1.4628 Y2.0459
N73105 X1.4607 Y2.0457
N73110 G3 X1.4411 Y2.0186 Z-0.4724 I0.0037 J-0.0233
N73115 G1 X1.4418 Y2.0151
N73120 X1.4456 Y1.9913
N73125 X1.4457 Y1.99
N73130 X1.4468 Y1.9842
N73135 X1.4483 Y1.9785
N73140 X1.4503 Y1.9729
N73145 X1.4528 Y1.9676
N73150 X1.4556 Y1.9624
N73155 X1.4587 Y1.9574
N73160 X1.4621 Y1.9525
N73165 X1.4661 Y1.9474
N73170 X1.4707 Y1.942
N73175 X1.4759 Y1.9364
N73180 X1.4821 Y1.9304
N73185 X1.4888 Y1.9246
N73190 X1.497 Y1.9181
N73195 X1.5057 Y1.9118
N73200 X1.5163 Y1.905
N73205 X1.5277 Y1.8984
N73210 X1.5412 Y1.8915
N73215 X1.5565 Y1.8845
N73220 X1.5736 Y1.8777
N73225 X1.594 Y1.8707
N73230 X1.6157 Y1.8645
N73235 X1.6392 Y1.8589
N73240 X1.664 Y1.8543
N73245 X1.6886 Y1.851
N73250 X1.7122 Y1.8489
N73255 X1.733 Y1.8482
N73260 X1.7523 Y1.8484
N73265 X1.7695 Y1.8494
N73270 X1.785 Y1.8511
N73275 X1.7984 Y1.8532
N73280 X1.8094 Y1.8555
N73285 X1.8203 Y1.8584
N73290 X1.8287 Y1.861
N73295 X1.8378 Y1.8643
N73300 X1.8454 Y1.8675
N73305 X1.8524 Y1.871
N73310 X1.8653 Y1.8795
N73315 X1.8764 Y1.8902
N73320 X1.8854 Y1.9026
N73325 X1.8921 Y1.9165
N73330 X1.8962 Y1.9313
N73335 X1.8977 Y1.9467
N73340 Y1.9596
N73345 X1.898 Y1.9676
N73350 X1.899 Y1.9756
N73355 G3 X1.8774 Y2.0011 Z-0.4646 I-0.0235 J0.002
N73360 G1 X1.8763
N73365 X1.4701 Y2.0157
N73370 X1.4671 Y2.0156
N73375 G3 X1.4457 Y1.99 Z-0.4724 I0.0021 J-0.0235
N73380 G1 X1.4466 Y1.9834
N73385 X1.4484 Y1.9676
N73390 X1.4487 Y1.9596
N73395 X1.4491 Y1.9537
N73400 X1.4502 Y1.948
N73405 X1.4519 Y1.9423
N73410 X1.454 Y1.9368
N73415 X1.4565 Y1.9314
N73420 X1.4593 Y1.9262
N73425 X1.4624 Y1.921
N73430 X1.466 Y1.9158
N73435 X1.4701 Y1.9102
N73440 X1.475 Y1.9044
N73445 X1.4805 Y1.8984
N73450 X1.487 Y1.8919
N73455 X1.494 Y1.8856
N73460 X1.5024 Y1.8787
N73465 X1.5116 Y1.8719
N73470 X1.5222 Y1.8649
N73475 X1.5346 Y1.8575
N73480 X1.5476 Y1.8506
N73485 X1.5628 Y1.8434
N73490 X1.58 Y1.8363
N73495 X1.5978 Y1.8299
N73500 X1.6175 Y1.8239
N73505 X1.6387 Y1.8186
N73510 X1.6603 Y1.8143
N73515 X1.6819 Y1.811
N73520 X1.7031 Y1.8089
N73525 X1.7234 Y1.8078
N73530 X1.7419
N73535 X1.7589 Y1.8086
N73540 X1.7747 Y1.8101
N73545 X1.7892 Y1.8122
N73550 X1.8023 Y1.8147
N73555 X1.8124 Y1.8172
N73560 X1.8233 Y1.8204
N73565 X1.8319 Y1.8234
N73570 X1.8397 Y1.8266
N73575 X1.848 Y1.8305
N73580 X1.8546 Y1.834
N73585 X1.855 Y1.8342
N73590 X1.8672 Y1.8429
N73595 X1.8777 Y1.8535
N73600 X1.8862 Y1.8658
N73605 X1.8925 Y1.8794
N73610 X1.8963 Y1.8939
N73615 X1.8976 Y1.9088
N73620 X1.8977 Y1.9454
N73625 Y1.9467
N73630 G3 X1.8748 Y1.9696 Z-0.4649 I-0.0236 J-0.0007
N73635 G1 X1.8734 Z-0.4646
N73640 X1.4731 Y1.9825
N73645 X1.473
N73650 G3 X1.4487 Y1.9596 Z-0.4724 I-0.0007 J-0.0236
N73655 G1 X1.4488 Y1.9359
N73660 Y1.9296
N73665 X1.4491 Y1.9237
N73670 X1.4499 Y1.9178
N73675 X1.4512 Y1.9121
N73680 X1.453 Y1.9064
N73685 X1.4551 Y1.9009
N73690 X1.4576 Y1.8956
N73695 X1.4603 Y1.8903
N73700 X1.4635 Y1.8849
N73705 X1.4672 Y1.8792
N73710 X1.4717 Y1.8731
N73715 X1.4766 Y1.867
N73720 X1.4824 Y1.8605
N73725 X1.489 Y1.8538
N73730 X1.4963 Y1.847
N73735 X1.5051 Y1.8397
N73740 X1.5143 Y1.8326
N73745 X1.525 Y1.8253
N73750 X1.5372 Y1.8178
N73755 X1.5501 Y1.8107
N73760 X1.5647 Y1.8036
N73765 X1.5809 Y1.7966
N73770 X1.5984 Y1.7901
N73775 X1.6166 Y1.7843
N73780 X1.6358 Y1.7792
N73785 X1.6558 Y1.7749
N73790 X1.6759 Y1.7716
N73795 X1.6959 Y1.7693
N73800 X1.7153 Y1.7681
N73805 X1.7337 Y1.7678
N73810 X1.7507 Y1.7683
N73815 X1.767 Y1.7696
N73820 X1.7819 Y1.7716
N73825 X1.7956 Y1.774
N73830 X1.8081 Y1.7769
N73835 X1.818 Y1.7797
N73840 X1.8285 Y1.7833
N73845 X1.8366 Y1.7864
N73850 X1.8446 Y1.79
N73855 X1.8524 Y1.794
N73860 X1.854 Y1.7949
N73865 X1.8665 Y1.8036
N73870 X1.8772 Y1.8142
N73875 X1.8859 Y1.8266
N73880 X1.8924 Y1.8404
N73885 X1.8963 Y1.855
N73890 X1.8976 Y1.8701
N73895 Y1.9088
N73900 G3 X1.8753 Y1.9316 Z-0.465 I-0.0236 J-0.0008
N73905 G1 X1.8732 Y1.9317 Z-0.4646
N73910 X1.4736 Y1.9523
N73915 X1.4732 Y1.9524
N73920 G3 X1.4488 Y1.9296 Z-0.4724 I-0.0008 J-0.0236
N73925 G1 Y1.8939
N73930 X1.4491 Y1.888
N73935 X1.4499 Y1.8822
N73940 X1.4512 Y1.8764
N73945 X1.4529 Y1.8707
N73950 X1.4549 Y1.8652
N73955 X1.4573 Y1.8598
N73960 X1.4601 Y1.8543
N73965 X1.4632 Y1.8488
N73970 X1.467 Y1.8428
N73975 X1.4713 Y1.8366
N73980 X1.4763 Y1.8302
N73985 X1.4821 Y1.8233
N73990 X1.4885 Y1.8166
N73995 X1.4959 Y1.8094
N74000 X1.5044 Y1.8021
N74005 X1.5135 Y1.7949
N74010 X1.5241 Y1.7873
N74015 X1.536 Y1.7797
N74020 X1.5484 Y1.7726
N74025 X1.5624 Y1.7654
N74030 X1.5778 Y1.7585
N74035 X1.5944 Y1.7519
N74040 X1.6118 Y1.746
N74045 X1.6298 Y1.7408
N74050 X1.6487 Y1.7364
N74055 X1.668 Y1.7329
N74060 X1.6873 Y1.7303
N74065 X1.7063 Y1.7287
N74070 X1.7247 Y1.7281
N74075 X1.7423 Y1.7283
N74080 X1.7587 Y1.7294
N74085 X1.7744 Y1.7311
N74090 X1.7888 Y1.7334
N74095 X1.8021 Y1.7362
N74100 X1.8129 Y1.7391
N74105 X1.8239 Y1.7425
N74110 X1.8329 Y1.7459
N74115 X1.8408 Y1.7492
N74120 X1.8492 Y1.7534
N74125 X1.8562 Y1.7572
N74130 X1.8681 Y1.7659
N74135 X1.8783 Y1.7765
N74140 X1.8866 Y1.7887
N74145 X1.8927 Y1.8021
N74150 X1.8964 Y1.8164
N74155 X1.8976 Y1.8311
N74160 Y1.8701
N74165 G3 X1.8754 Y1.8929 Z-0.465 I-0.0236 J-0.0008
N74170 G1 X1.8732 Y1.893 Z-0.4646
N74175 X1.4738 Y1.9167
N74180 X1.4732
N74185 G3 X1.4488 Y1.8939 Z-0.4724 I-0.0008 J-0.0236
N74190 G1 Y1.8567
N74195 X1.4491 Y1.8508
N74200 X1.4499 Y1.845
N74205 X1.4511 Y1.8392
N74210 X1.4528 Y1.8335
N74215 X1.4548 Y1.828
N74220 X1.4571 Y1.8225
N74225 X1.4598 Y1.8169
N74230 X1.4629 Y1.8113
N74235 X1.4667 Y1.8052
N74240 X1.471 Y1.7988
N74245 X1.476 Y1.7923
N74250 X1.4818 Y1.7853
N74255 X1.4882 Y1.7784
N74260 X1.4955 Y1.7712
N74265 X1.504 Y1.7637
N74270 X1.5131 Y1.7563
N74275 X1.5233 Y1.7488
N74280 X1.5349 Y1.7412
N74285 X1.5475 Y1.7338
N74290 X1.5608 Y1.7268
N74295 X1.5756 Y1.7199
N74300 X1.5915 Y1.7134
N74305 X1.6085 Y1.7074
N74310 X1.6264 Y1.7021
N74315 X1.6447 Y1.6976
N74320 X1.6634 Y1.694
N74325 X1.6822 Y1.6912
N74330 X1.7008 Y1.6895
N74335 X1.7191 Y1.6886
N74340 X1.7368 Y1.6887
N74345 X1.7536 Y1.6895
N74350 X1.7697 Y1.6911
N74355 X1.7845 Y1.6933
N74360 X1.7981 Y1.6961
N74365 X1.8106 Y1.6992
N74370 X1.8205 Y1.7022
N74375 X1.8309 Y1.7059
N74380 X1.8388 Y1.7092
N74385 X1.8469 Y1.713
N74390 X1.8546 Y1.7171
N74395 X1.8554 Y1.7176
N74400 X1.8675 Y1.7263
N74405 X1.8779 Y1.7369
N74410 X1.8863 Y1.7492
N74415 X1.8926 Y1.7627
N74420 X1.8964 Y1.7771
N74425 X1.8976 Y1.792
N74430 Y1.8311
N74435 G3 X1.8755 Y1.8538 Z-0.4651 I-0.0236 J-0.0008
N74440 G1 X1.8732 Y1.854 Z-0.4646
N74445 X1.4739 Y1.8795
N74450 X1.4732
N74455 G3 X1.4488 Y1.8567 Z-0.4724 I-0.0008 J-0.0236
N74460 G1 Y1.8187
N74465 X1.4491 Y1.8128
N74470 X1.4499 Y1.807
N74475 X1.4511 Y1.8012
N74480 X1.4527 Y1.7955
N74485 X1.4546 Y1.7899
N74490 X1.4569 Y1.7845
N74495 X1.4596 Y1.7788
N74500 X1.4627 Y1.7731
N74505 X1.4664 Y1.767
N74510 X1.4707 Y1.7605
N74515 X1.4756 Y1.754
N74520 X1.4814 Y1.7469
N74525 X1.4877 Y1.7399
N74530 X1.4949 Y1.7327
N74535 X1.5032 Y1.7252
N74540 X1.5123 Y1.7177
N74545 X1.5223 Y1.7103
N74550 X1.5336 Y1.7027
N74555 X1.5462 Y1.6952
N74560 X1.5593 Y1.6881
N74565 X1.5737 Y1.6813
N74570 X1.5892 Y1.6748
N74575 X1.6058 Y1.6688
N74580 X1.6232 Y1.6634
N74585 X1.6412 Y1.6588
N74590 X1.6596 Y1.6551
N74595 X1.6782 Y1.6522
N74600 X1.6968 Y1.6503
N74605 X1.7151 Y1.6493
N74610 X1.7329 Y1.6492
N74615 X1.7501 Y1.6499
N74620 X1.7663 Y1.6514
N74625 X1.7814 Y1.6535
N74630 X1.7952 Y1.6561
N74635 X1.8081 Y1.6593
N74640 X1.8183 Y1.6622
N74645 X1.829 Y1.666
N74650 X1.8372 Y1.6693
N74655 X1.8453 Y1.673
N74660 X1.8532 Y1.6771
N74665 X1.8548 Y1.678
N74670 X1.867 Y1.6867
N74675 X1.8776 Y1.6974
N74680 X1.8862 Y1.7097
N74685 X1.8925 Y1.7233
N74690 X1.8963 Y1.7378
N74695 X1.8976 Y1.7528
N74700 Y1.792
N74705 G3 X1.8756 Y1.8147 Z-0.4651 I-0.0236 J-0.0008
N74710 G1 X1.8732 Y1.8149 Z-0.4646
N74715 X1.474 Y1.8415
N74720 X1.4732
N74725 G3 X1.4488 Y1.8187 Z-0.4724 I-0.0008 J-0.0236
N74730 G1 Y1.7811
N74735 X1.4491 Y1.7752
N74740 X1.4497 Y1.7693
N74745 X1.4508 Y1.7635
N74750 X1.4524 Y1.7578
N74755 X1.4542 Y1.7522
N74760 X1.4564 Y1.7467
N74765 X1.459 Y1.7411
N74770 X1.4619 Y1.7354
N74775 X1.4655 Y1.7293
N74780 X1.4697 Y1.7229
N74785 X1.4744 Y1.7164
N74790 X1.48 Y1.7093
N74795 X1.4862 Y1.7024
N74800 X1.4932 Y1.6952
N74805 X1.5013 Y1.6876
N74810 X1.51 Y1.6802
N74815 X1.5197 Y1.6728
N74820 X1.5308 Y1.6651
N74825 X1.5429 Y1.6576
N74830 X1.5557 Y1.6505
N74835 X1.5696 Y1.6436
N74840 X1.5848 Y1.637
N74845 X1.601 Y1.6309
N74850 X1.6181 Y1.6254
N74855 X1.6358 Y1.6206
N74860 X1.654 Y1.6166
N74865 X1.6724 Y1.6135
N74870 X1.691 Y1.6113
N74875 X1.7094 Y1.6101
N74880 X1.7273 Y1.6097
N74885 X1.7447 Y1.6102
N74890 X1.761 Y1.6114
N74895 X1.7767 Y1.6134
N74900 X1.791 Y1.6159
N74905 X1.8043 Y1.6189
N74910 X1.8149 Y1.6219
N74915 X1.8259 Y1.6256
N74920 X1.8347 Y1.629
N74925 X1.8427 Y1.6325
N74930 X1.851 Y1.6367
N74935 X1.8537 Y1.6382
N74940 X1.8662 Y1.6468
N74945 X1.8771 Y1.6575
N74950 X1.8858 Y1.67
N74955 X1.8923 Y1.6837
N74960 X1.8963 Y1.6984
N74965 X1.8976 Y1.7136
N74970 Y1.7528
N74975 G3 X1.8757 Y1.7755 Z-0.4651 I-0.0236 J-0.0008
N74980 G1 X1.8732 Y1.7757 Z-0.4646
N74985 X1.4741 Y1.8038
N74990 X1.4732 Y1.8039
N74995 G3 X1.4488 Y1.7811 Z-0.4724 I-0.0008 J-0.0236
N75000 G1 Y1.7415
N75005 X1.4491 Y1.7356
N75010 X1.4498 Y1.7297
N75015 X1.4509 Y1.7239
N75020 X1.4524 Y1.7182
N75025 X1.4543 Y1.7126
N75030 X1.4565 Y1.7072
N75035 X1.4591 Y1.7016
N75040 X1.4622 Y1.6957
N75045 X1.4657 Y1.6897
N75050 X1.47 Y1.6832
N75055 X1.4747 Y1.6766
N75060 X1.4802 Y1.6697
N75065 X1.4867 Y1.6624
N75070 X1.4937 Y1.6553
N75075 X1.5016 Y1.6479
N75080 X1.5107 Y1.6403
N75085 X1.5205 Y1.6328
N75090 X1.5312 Y1.6254
N75095 X1.5433 Y1.6179
N75100 X1.5566 Y1.6106
N75105 X1.5706 Y1.6037
N75110 X1.5854 Y1.5973
N75115 X1.6014 Y1.5913
N75120 X1.6183 Y1.5858
N75125 X1.636 Y1.5811
N75130 X1.6542 Y1.5772
N75135 X1.6726 Y1.5741
N75140 X1.6912 Y1.5719
N75145 X1.7096 Y1.5707
N75150 X1.7277 Y1.5704
N75155 X1.7452 Y1.5709
N75160 X1.7617 Y1.5722
N75165 X1.777 Y1.5741
N75170 X1.7911 Y1.5767
N75175 X1.8045 Y1.5797
N75180 X1.8151 Y1.5827
N75185 X1.8263 Y1.5864
N75190 X1.8348 Y1.5897
N75195 X1.8431 Y1.5934
N75200 X1.8512 Y1.5975
N75205 X1.8538 Y1.599
N75210 X1.8663 Y1.6077
N75215 X1.8771 Y1.6184
N75220 X1.8859 Y1.6308
N75225 X1.8923 Y1.6445
N75230 X1.8963 Y1.6592
N75235 X1.8976 Y1.6743
N75240 Y1.7136
N75245 G3 X1.8757 Y1.7363 Z-0.4651 I-0.0236 J-0.0008
N75250 G1 X1.8732 Y1.7365 Z-0.4646
N75255 X1.4741 Y1.7643
N75260 X1.4732
N75265 G3 X1.4488 Y1.7415 Z-0.4724 I-0.0008 J-0.0236
N75270 G1 Y1.7019
N75275 X1.4491 Y1.696
N75280 X1.4498 Y1.6902
N75285 X1.4509 Y1.6844
N75290 X1.4525 Y1.6787
N75295 X1.4544 Y1.6731
N75300 X1.4566 Y1.6676
N75305 X1.4592 Y1.662
N75310 X1.4623 Y1.656
N75315 X1.4658 Y1.65
N75320 X1.4702 Y1.6435
N75325 X1.4749 Y1.6369
N75330 X1.4805 Y1.63
N75335 X1.487 Y1.6227
N75340 X1.494 Y1.6156
N75345 X1.502 Y1.6081
N75350 X1.5111 Y1.6005
N75355 X1.5209 Y1.593
N75360 X1.5316 Y1.5857
N75365 X1.5437 Y1.5782
N75370 X1.5569 Y1.5709
N75375 X1.571 Y1.5641
N75380 X1.5858 Y1.5577
N75385 X1.6017 Y1.5517
N75390 X1.6186 Y1.5463
N75395 X1.6362 Y1.5416
N75400 X1.6544 Y1.5377
N75405 X1.673 Y1.5347
N75410 X1.6916 Y1.5325
N75415 X1.71 Y1.5313
N75420 X1.728 Y1.531
N75425 X1.7455 Y1.5316
N75430 X1.762 Y1.5329
N75435 X1.7773 Y1.5349
N75440 X1.7914 Y1.5374
N75445 X1.8047 Y1.5405
N75450 X1.8153 Y1.5435
N75455 X1.8265 Y1.5472
N75460 X1.835 Y1.5505
N75465 X1.8433 Y1.5543
N75470 X1.8502 Y1.5578
N75475 X1.8637 Y1.5662
N75480 X1.8753 Y1.577
N75485 X1.8848 Y1.5897
N75490 X1.8919 Y1.6039
N75495 X1.8962 Y1.6192
N75500 X1.8976 Y1.635
N75505 Y1.6743
N75510 G3 X1.8756 Y1.6971 Z-0.4651 I-0.0236 J-0.0008
N75515 G1 X1.8732 Y1.6972 Z-0.4646
N75520 X1.474 Y1.7247
N75525 X1.4732
N75530 G3 X1.4488 Y1.7019 Z-0.4724 I-0.0008 J-0.0236
N75535 G1 Y1.6623
N75540 X1.4491 Y1.6564
N75545 X1.4498 Y1.6506
N75550 X1.451 Y1.6448
N75555 X1.4525 Y1.6391
N75560 X1.4544 Y1.6335
N75565 X1.4566 Y1.628
N75570 X1.4593 Y1.6224
N75575 X1.4624 Y1.6165
N75580 X1.466 Y1.6104
N75585 X1.4703 Y1.6038
N75590 X1.4751 Y1.5972
N75595 X1.4806 Y1.5904
N75600 X1.4871 Y1.5831
N75605 X1.4941 Y1.5759
N75610 X1.5021 Y1.5685
N75615 X1.5113 Y1.5609
N75620 X1.5211 Y1.5534
N75625 X1.5318 Y1.5461
N75630 X1.5439 Y1.5387
N75635 X1.5571 Y1.5314
N75640 X1.5711 Y1.5245
N75645 X1.5859 Y1.5182
N75650 X1.6019 Y1.5122
N75655 X1.6188 Y1.5069
N75660 X1.6365 Y1.5022
N75665 X1.6547 Y1.4983
N75670 X1.6732 Y1.4953
N75675 X1.6918 Y1.4931
N75680 X1.7102 Y1.492
N75685 X1.7282 Y1.4917
N75690 X1.7457 Y1.4922
N75695 X1.7622 Y1.4936
N75700 X1.7775 Y1.4956
N75705 X1.7916 Y1.4981
N75710 X1.8042 Y1.5011
N75715 X1.8163 Y1.5045
N75720 X1.8266 Y1.5079
N75725 X1.8349 Y1.5112
N75730 X1.844 Y1.5153
N75735 X1.8513 Y1.519
N75740 X1.854 Y1.5206
N75745 X1.8665 Y1.5292
N75750 X1.8772 Y1.5399
N75755 X1.886 Y1.5523
N75760 X1.8924 Y1.566
N75765 X1.8963 Y1.5807
N75770 X1.8976 Y1.5958
N75775 Y1.635
N75780 G3 X1.8756 Y1.6578 Z-0.4651 I-0.0236 J-0.0008
N75785 G1 X1.8732 Y1.6579 Z-0.4646
N75790 X1.474 Y1.6851
N75795 X1.4732
N75800 G3 X1.4488 Y1.6623 Z-0.4724 I-0.0008 J-0.0236
N75805 G1 Y1.6227
N75810 X1.4491 Y1.6168
N75815 X1.4498 Y1.611
N75820 X1.451 Y1.6052
N75825 X1.4526 Y1.5995
N75830 X1.4545 Y1.5939
N75835 X1.4567 Y1.5884
N75840 X1.4593 Y1.5828
N75845 X1.4624 Y1.5769
N75850 X1.466 Y1.5708
N75855 X1.4704 Y1.5642
N75860 X1.4752 Y1.5577
N75865 X1.4807 Y1.5508
N75870 X1.4872 Y1.5435
N75875 X1.4943 Y1.5363
N75880 X1.5023 Y1.5289
N75885 X1.5114 Y1.5213
N75890 X1.5213 Y1.5139
N75895 X1.532 Y1.5065
N75900 X1.5441 Y1.4991
N75905 X1.5573 Y1.4919
N75910 X1.5714 Y1.485
N75915 X1.5862 Y1.4787
N75920 X1.6021 Y1.4728
N75925 X1.6191 Y1.4674
N75930 X1.6367 Y1.4627
N75935 X1.6549 Y1.4589
N75940 X1.6735 Y1.4559
N75945 X1.692 Y1.4538
N75950 X1.7104 Y1.4526
N75955 X1.7284 Y1.4523
N75960 X1.7458 Y1.4529
N75965 X1.7625 Y1.4543
N75970 X1.7777 Y1.4563
N75975 X1.7919 Y1.4589
N75980 X1.8052 Y1.462
N75985 X1.8157 Y1.465
N75990 X1.8269 Y1.4687
N75995 X1.8353 Y1.4721
N76000 X1.8436 Y1.4758
N76005 X1.8517 Y1.4799
N76010 X1.8581 Y1.4836
N76015 X1.8588 Y1.484
N76020 X1.8713 Y1.4938
N76025 X1.8818 Y1.5056
N76030 X1.89 Y1.5192
N76035 X1.8956 Y1.534
N76040 X1.8984 Y1.5496
N76045 X1.8983 Y1.5654
N76050 X1.8977 Y1.5717
N76055 X1.8976 Y1.5958
N76060 G3 X1.8756 Y1.6185 Z-0.4651 I-0.0236 J-0.0008
N76065 G1 X1.8732 Y1.6187 Z-0.4646
N76070 X1.474 Y1.6455
N76075 X1.4732
N76080 G3 X1.4488 Y1.6227 Z-0.4724 I-0.0008 J-0.0236
N76085 G1 Y1.5832
N76090 X1.4491 Y1.5773
N76095 X1.4498 Y1.5714
N76100 X1.451 Y1.5656
N76105 X1.4526 Y1.5599
N76110 X1.4545 Y1.5543
N76115 X1.4567 Y1.5489
N76120 X1.4594 Y1.5432
N76125 X1.4625 Y1.5373
N76130 X1.4661 Y1.5312
N76135 X1.4705 Y1.5246
N76140 X1.4753 Y1.5181
N76145 X1.4809 Y1.5112
N76150 X1.4874 Y1.5039
N76155 X1.4944 Y1.4967
N76160 X1.5025 Y1.4893
N76165 X1.5117 Y1.4817
N76170 X1.5215 Y1.4743
N76175 X1.5323 Y1.4669
N76180 X1.5443 Y1.4595
N76185 X1.5576 Y1.4523
N76190 X1.5717 Y1.4455
N76195 X1.5865 Y1.4391
N76200 X1.6025 Y1.4332
N76205 X1.6194 Y1.4279
N76210 X1.6371 Y1.4233
N76215 X1.6553 Y1.4194
N76220 X1.6738 Y1.4164
N76225 X1.6924 Y1.4144
N76230 X1.7108 Y1.4132
N76235 X1.7289 Y1.413
N76240 X1.7463 Y1.4136
N76245 X1.7628 Y1.415
N76250 X1.7781 Y1.417
N76255 X1.7922 Y1.4196
N76260 X1.8056 Y1.4228
N76265 X1.8171 Y1.426
N76270 X1.8268 Y1.4293
N76275 X1.8369 Y1.4333
N76280 X1.8445 Y1.4368
N76285 X1.8522 Y1.4407
N76290 X1.8598 Y1.4451
N76295 X1.8658 Y1.4489
N76300 X1.8666 Y1.4495
N76305 X1.8785 Y1.4598
N76310 X1.8884 Y1.4719
N76315 X1.8959 Y1.4857
N76320 X1.9008 Y1.5006
N76325 X1.9029 Y1.5161
N76330 X1.9022 Y1.5318
N76335 X1.9 Y1.5479
N76340 X1.8983 Y1.5654
N76345 G3 X1.8761 Y1.5859 Z-0.4655 I-0.0234 J-0.0031
N76350 G1 X1.8718 Y1.5861 Z-0.4646
N76355 X1.4736 Y1.6059
N76360 X1.4732
N76365 G3 X1.4488 Y1.5832 Z-0.4724 I-0.0008 J-0.0236
N76370 G1 Y1.5717
N76375 X1.4468 Y1.5515
N76380 X1.4465 Y1.5456
N76385 X1.4468 Y1.5397
N76390 X1.4476 Y1.5338
N76395 X1.4488 Y1.5281
N76400 X1.4504 Y1.5224
N76405 X1.4524 Y1.5168
N76410 X1.4546 Y1.5113
N76415 X1.4573 Y1.5054
N76420 X1.4604 Y1.4995
N76425 X1.4642 Y1.4932
N76430 X1.4686 Y1.4865
N76435 X1.4734 Y1.4799
N76440 X1.4792 Y1.4728
N76445 X1.4857 Y1.4655
N76450 X1.4928 Y1.4582
N76455 X1.501 Y1.4507
N76460 X1.5102 Y1.4429
N76465 X1.52 Y1.4355
N76470 X1.5309 Y1.4281
N76475 X1.5431 Y1.4206
N76480 X1.5564 Y1.4133
N76485 X1.5704 Y1.4065
N76490 X1.5853 Y1.4001
N76495 X1.6014 Y1.3941
N76500 X1.6184 Y1.3887
N76505 X1.6361 Y1.3841
N76510 X1.6544 Y1.3802
N76515 X1.673 Y1.3772
N76520 X1.6916 Y1.375
N76525 X1.71 Y1.3739
N76530 X1.728 Y1.3736
N76535 X1.7455 Y1.3742
N76540 X1.7623 Y1.3756
N76545 X1.7778 Y1.3776
N76550 X1.7921 Y1.3802
N76555 X1.8055 Y1.3833
N76560 X1.8181 Y1.3869
N76565 X1.8288 Y1.3905
N76570 X1.8382 Y1.3942
N76575 X1.8477 Y1.3985
N76580 X1.8549 Y1.4022
N76585 X1.8625 Y1.4065
N76590 X1.8697 Y1.4111
N76595 X1.8753 Y1.4151
N76600 X1.8803 Y1.4191
N76605 X1.8905 Y1.4286
N76610 X1.8988 Y1.4397
N76615 X1.9051 Y1.4521
N76620 X1.9092 Y1.4654
N76625 X1.9109 Y1.4792
N76630 X1.9101 Y1.4931
N76635 X1.907 Y1.5067
N76640 X1.9048 Y1.5162
N76645 X1.9032 Y1.5242
N76650 X1.9022 Y1.5318
N76655 G3 X1.8801 Y1.5513 Z-0.4657 I-0.0233 J-0.004
N76660 G1 X1.8749 Y1.5516 Z-0.4646
N76665 X1.4733 Y1.5719
N76670 X1.4714 Y1.572 Z-0.465
N76675 G3 X1.4468 Y1.5515 Z-0.4724 I-0.0012 J-0.0236
N76680 G1 X1.4464 Y1.5479
N76685 X1.4443 Y1.5321
N76690 X1.4432 Y1.5242
N76695 X1.443 Y1.5229
N76700 X1.4421 Y1.517
N76705 X1.4418 Y1.5111
N76710 X1.4421 Y1.5052
N76715 X1.4429 Y1.4994
N76720 X1.4441 Y1.4936
N76725 X1.4456 Y1.4879
N76730 X1.4475 Y1.4823
N76735 X1.4497 Y1.4765
N76740 X1.4523 Y1.4708
N76745 X1.4555 Y1.4646
N76750 X1.4592 Y1.458
N76755 X1.4634 Y1.4514
N76760 X1.4684 Y1.4444
N76765 X1.4741 Y1.4371
N76770 X1.4803 Y1.4299
N76775 X1.4876 Y1.4223
N76780 X1.4958 Y1.4145
N76785 X1.5046 Y1.4069
N76790 X1.5145 Y1.3992
N76795 X1.5255 Y1.3915
N76800 X1.5376 Y1.3838
N76805 X1.5504 Y1.3766
N76810 X1.5643 Y1.3695
N76815 X1.5794 Y1.3628
N76820 X1.5955 Y1.3565
N76825 X1.6126 Y1.3509
N76830 X1.6302 Y1.3459
N76835 X1.6484 Y1.3418
N76840 X1.6669 Y1.3385
N76845 X1.6856 Y1.3361
N76850 X1.7043 Y1.3346
N76855 X1.7225 Y1.3341
N76860 X1.7402 Y1.3344
N76865 X1.7573 Y1.3356
N76870 X1.7736 Y1.3375
N76875 X1.789 Y1.3401
N76880 X1.8032 Y1.3432
N76885 X1.8162 Y1.3467
N76890 X1.8286 Y1.3506
N76895 X1.84 Y1.3549
N76900 X1.8497 Y1.3591
N76905 X1.8597 Y1.3641
N76910 X1.8674 Y1.3683
N76915 X1.8748 Y1.3729
N76920 X1.8819 Y1.3778
N76925 X1.8875 Y1.3821
N76930 X1.8934 Y1.3871
N76935 X1.8944 Y1.388
N76940 X1.9045 Y1.3991
N76945 X1.9124 Y1.4118
N76950 X1.9181 Y1.4256
N76955 X1.9213 Y1.4402
N76960 X1.922 Y1.4552
N76965 X1.92 Y1.47
N76970 X1.9156 Y1.4843
N76975 X1.9113 Y1.4949
N76980 X1.909 Y1.5004
N76985 X1.907 Y1.5067
N76990 G3 X1.8859 Y1.5222 Z-0.4665 I-0.0222 J-0.008
N76995 G1 X1.8835 Y1.5223 Z-0.466
N77000 X1.8766 Y1.5226 Z-0.4646
N77005 X1.4715 Y1.5407
N77010 X1.467 Y1.5409 Z-0.4655
N77015 G3 X1.443 Y1.5229 Z-0.4724 I-0.0011 J-0.0236
N77020 G1 X1.4416 Y1.5162
N77025 X1.4394 Y1.5067
N77030 X1.4374 Y1.5004
N77035 X1.4369 Y1.4991
N77040 X1.435 Y1.4935
N77045 X1.434 Y1.4877
N77050 X1.4337 Y1.4818
N77055 X1.4338 Y1.4759
N77060 X1.4345 Y1.47
N77065 X1.4355 Y1.4642
N77070 X1.4368 Y1.4584
N77075 X1.4385 Y1.4528
N77080 X1.4405 Y1.4471
N77085 X1.443 Y1.4409
N77090 X1.4459 Y1.4346
N77095 X1.4493 Y1.428
N77100 X1.4534 Y1.421
N77105 X1.4581 Y1.4139
N77110 X1.4634 Y1.4066
N77115 X1.4696 Y1.3988
N77120 X1.4765 Y1.3911
N77125 X1.484 Y1.3833
N77130 X1.4927 Y1.3753
N77135 X1.5024 Y1.3671
N77140 X1.5127 Y1.3593
N77145 X1.5241 Y1.3514
N77150 X1.5368 Y1.3436
N77155 X1.5506 Y1.3359
N77160 X1.5654 Y1.3287
N77165 X1.5807 Y1.3221
N77170 X1.5971 Y1.3159
N77175 X1.6145 Y1.3104
N77180 X1.6325 Y1.3055
N77185 X1.6511 Y1.3015
N77190 X1.67 Y1.2984
N77195 X1.689 Y1.2962
N77200 X1.7079 Y1.2949
N77205 X1.7266 Y1.2946
N77210 X1.7448 Y1.2951
N77215 X1.7623 Y1.2965
N77220 X1.779 Y1.2987
N77225 X1.7946 Y1.3015
N77230 X1.8094 Y1.3049
N77235 X1.8233 Y1.3088
N77240 X1.8363 Y1.3131
N77245 X1.8482 Y1.3177
N77250 X1.8592 Y1.3226
N77255 X1.868 Y1.3271
N77260 X1.8772 Y1.3323
N77265 X1.8848 Y1.3372
N77270 X1.8914 Y1.3418
N77275 X1.8984 Y1.3473
N77280 X1.904 Y1.3522
N77285 X1.9092 Y1.3571
N77290 X1.9147 Y1.3628
N77295 X1.915 Y1.3632
N77300 X1.9234 Y1.3747
N77305 X1.9298 Y1.3873
N77310 X1.934 Y1.4009
N77315 X1.936 Y1.4149
N77320 X1.9356 Y1.4291
N77325 X1.9329 Y1.443
N77330 X1.928 Y1.4563
N77335 X1.9223 Y1.4687
N77340 X1.9187 Y1.4767
N77345 X1.9156 Y1.4843
N77350 G3 X1.8949 Y1.4982 Z-0.4669 I-0.0215 J-0.0097
N77355 G1 X1.8909 Y1.4983 Z-0.466
N77360 X1.8841 Y1.4986 Z-0.4646
N77365 X1.4683 Y1.5128
N77370 X1.4615 Y1.5131 Z-0.466
N77375 X1.4593 Y1.5132 Z-0.4665
N77380 G3 X1.4369 Y1.4991 Z-0.4724 I-0.0008 J-0.0236
N77385 G1 X1.4342 Y1.4925
N77390 X1.4277 Y1.4767
N77395 X1.4272 Y1.4753
N77400 X1.425 Y1.4698
N77405 X1.4237 Y1.4641
N77410 X1.4229 Y1.4582
N77415 X1.4227 Y1.4523
N77420 X1.4229 Y1.4464
N77425 X1.4235 Y1.4406
N77430 X1.4245 Y1.4347
N77435 X1.4257 Y1.429
N77440 X1.4274 Y1.423
N77445 X1.4293 Y1.417
N77450 X1.4318 Y1.4106
N77455 X1.4348 Y1.4037
N77460 X1.4383 Y1.3969
N77465 X1.4424 Y1.3895
N77470 X1.4472 Y1.3818
N77475 X1.4525 Y1.3742
N77480 X1.4587 Y1.3663
N77485 X1.4658 Y1.358
N77490 X1.4735 Y1.3498
N77495 X1.4821 Y1.3415
N77500 X1.4918 Y1.333
N77505 X1.5026 Y1.3245
N77510 X1.5141 Y1.3162
N77515 X1.5266 Y1.3082
N77520 X1.5402 Y1.3004
N77525 X1.555 Y1.2927
N77530 X1.5709 Y1.2855
N77535 X1.5877 Y1.2789
N77540 X1.6051 Y1.273
N77545 X1.6232 Y1.2678
N77550 X1.6419 Y1.2634
N77555 X1.6611 Y1.2598
N77560 X1.6806 Y1.2572
N77565 X1.7002 Y1.2555
N77570 X1.7196 Y1.2548
N77575 X1.7387 Y1.2551
N77580 X1.757 Y1.2562
N77585 X1.7747 Y1.2581
N77590 X1.7916 Y1.2608
N77595 X1.8077 Y1.2642
N77600 X1.8228 Y1.2682
N77605 X1.837 Y1.2726
N77610 X1.8499 Y1.2774
N77615 X1.8619 Y1.2825
N77620 X1.8731 Y1.2879
N77625 X1.8835 Y1.2936
N77630 X1.8923 Y1.2989
N77635 X1.9003 Y1.3044
N77640 X1.908 Y1.3101
N77645 X1.914 Y1.3152
N77650 X1.9205 Y1.3211
N77655 X1.9258 Y1.3265
N77660 X1.9305 Y1.3317
N77665 X1.9355 Y1.3379
N77670 X1.9395 Y1.3433
N77675 X1.9465 Y1.3562
N77680 X1.9512 Y1.3701
N77685 X1.9535 Y1.3845
N77690 X1.9533 Y1.3992
N77695 X1.9506 Y1.4136
N77700 X1.9455 Y1.4273
N77705 X1.9381 Y1.44
N77710 G3 X1.9212 Y1.4493 Z-0.4682 I-0.0188 J-0.0143
N77715 G1 X1.9108 Y1.4501 Z-0.466
N77720 X1.904 Y1.4507 Z-0.4646
N77725 X1.4591 Y1.4877
N77730 X1.4523 Y1.4883 Z-0.466
N77735 X1.4503 Y1.4885 Z-0.4664
N77740 G3 X1.4272 Y1.4753 Z-0.4724 I-0.002 J-0.0235
N77745 G1 X1.4236 Y1.4674
N77750 X1.4157 Y1.4504
N77755 X1.4132 Y1.445
N77760 X1.4116 Y1.4393
N77765 X1.4106 Y1.4335
N77770 X1.4101 Y1.4276
N77775 X1.41 Y1.4217
N77780 X1.4104 Y1.4158
N77785 X1.411 Y1.41
N77790 X1.412 Y1.4041
N77795 X1.4133 Y1.3982
N77800 X1.4151 Y1.3918
N77805 X1.4172 Y1.3854
N77810 X1.4198 Y1.3784
N77815 X1.423 Y1.3711
N77820 X1.4267 Y1.3638
N77825 X1.431 Y1.356
N77830 X1.4361 Y1.3479
N77835 X1.4418 Y1.3397
N77840 X1.4483 Y1.3314
N77845 X1.4557 Y1.3226
N77850 X1.464 Y1.3138
N77855 X1.4729 Y1.3052
N77860 X1.4829 Y1.2964
N77865 X1.4942 Y1.2875
N77870 X1.5065 Y1.2786
N77875 X1.5195 Y1.2702
N77880 X1.5336 Y1.2621
N77885 X1.5488 Y1.2543
N77890 X1.5651 Y1.2468
N77895 X1.5824 Y1.24
N77900 X1.6006 Y1.2337
N77905 X1.6195 Y1.2283
N77910 X1.6389 Y1.2237
N77915 X1.6588 Y1.22
N77920 X1.6788 Y1.2172
N77925 X1.699 Y1.2155
N77930 X1.719 Y1.2147
N77935 X1.7386 Y1.215
N77940 X1.7578 Y1.2161
N77945 X1.7764 Y1.2181
N77950 X1.7943 Y1.2209
N77955 X1.8114 Y1.2245
N77960 X1.8277 Y1.2287
N77965 X1.843 Y1.2335
N77970 X1.857 Y1.2387
N77975 X1.8701 Y1.2442
N77980 X1.8821 Y1.25
N77985 X1.8935 Y1.2562
N77990 X1.9037 Y1.2624
N77995 X1.9132 Y1.2689
N78000 X1.9219 Y1.2754
N78005 X1.9288 Y1.2811
N78010 X1.9361 Y1.2877
N78015 X1.9418 Y1.2935
N78020 X1.9469 Y1.2992
N78025 X1.9523 Y1.3058
N78030 X1.9565 Y1.3114
N78035 X1.9603 Y1.3172
N78040 X1.9614 Y1.3191
N78045 X1.968 Y1.3326
N78050 X1.9721 Y1.347
N78055 X1.9736 Y1.3619
N78060 X1.9726 Y1.3768
N78065 X1.969 Y1.3913
N78070 X1.9629 Y1.405
N78075 X1.9546 Y1.4175
N78080 X1.9517 Y1.4212
N78085 X1.9467 Y1.4278
N78090 X1.9381 Y1.44
N78095 G3 X1.9198 Y1.4493 Z-0.4679 I-0.0188 J-0.0143
N78100 G1 X1.9108 Y1.4495 Z-0.466
N78105 X1.9039 Y1.4497 Z-0.4646
N78110 X1.4491 Y1.4608
N78115 X1.4422 Y1.4609 Z-0.466
N78120 X1.436 Y1.4611 Z-0.4673
N78125 G3 X1.4157 Y1.4504 Z-0.4724 I-0.0006 J-0.0236
N78130 G1 X1.4152 Y1.4497
N78135 X1.4046 Y1.4347
N78140 X1.4015 Y1.4297
N78145 X1.3991 Y1.4243
N78150 X1.3972 Y1.4187
N78155 X1.3959 Y1.4129
N78160 X1.3951 Y1.4071
N78165 X1.3946 Y1.4012
N78170 Y1.3953
N78175 X1.3949 Y1.3894
N78180 X1.3955 Y1.3835
N78185 X1.3965 Y1.3774
N78190 X1.3977 Y1.3711
N78195 X1.3995 Y1.3644
N78200 X1.4017 Y1.3572
N78205 X1.4043 Y1.35
N78210 X1.4076 Y1.3423
N78215 X1.4114 Y1.3342
N78220 X1.4158 Y1.326
N78225 X1.4209 Y1.3176
N78230 X1.4269 Y1.3087
N78235 X1.4337 Y1.2996
N78240 X1.4411 Y1.2907
N78245 X1.4494 Y1.2815
N78250 X1.4589 Y1.272
N78255 X1.4694 Y1.2625
N78260 X1.4805 Y1.2534
N78265 X1.4928 Y1.2443
N78270 X1.5063 Y1.2353
N78275 X1.521 Y1.2265
N78280 X1.5369 Y1.218
N78285 X1.5536 Y1.21
N78290 X1.571 Y1.2028
N78295 X1.5894 Y1.1962
N78300 X1.6087 Y1.1903
N78305 X1.6287 Y1.1852
N78310 X1.6492 Y1.181
N78315 X1.67 Y1.1779
N78320 X1.691 Y1.1757
N78325 X1.712 Y1.1746
N78330 X1.7328 Y1.1745
N78335 X1.7533 Y1.1754
N78340 X1.7733 Y1.1772
N78345 X1.7926 Y1.18
N78350 X1.811 Y1.1835
N78355 X1.8283 Y1.1877
N78360 X1.8448 Y1.1926
N78365 X1.8605 Y1.1981
N78370 X1.8753 Y1.204
N78375 X1.8892 Y1.2105
N78380 X1.9017 Y1.217
N78385 X1.9133 Y1.2238
N78390 X1.9239 Y1.2308
N78395 X1.9339 Y1.238
N78400 X1.9429 Y1.2452
N78405 X1.9505 Y1.2519
N78410 X1.9574 Y1.2587
N78415 X1.964 Y1.2658
N78420 X1.969 Y1.2718
N78425 X1.9742 Y1.2786
N78430 X1.9787 Y1.2852
N78435 X1.9823 Y1.291
N78440 X1.986 Y1.2977
N78445 X1.9866 Y1.2988
N78450 X1.9918 Y1.3122
N78455 X1.9948 Y1.3264
N78460 X1.9953 Y1.3408
N78465 X1.9935 Y1.3551
N78470 X1.9893 Y1.3689
N78475 X1.9829 Y1.3818
N78480 X1.9744 Y1.3935
N78485 X1.9704 Y1.3981
N78490 X1.9644 Y1.4054
N78495 X1.9553 Y1.4166
N78500 X1.9546 Y1.4175
N78505 G3 X1.9375 Y1.4256 Z-0.4683 I-0.0179 J-0.0154
N78510 G1 X1.9267 Y1.426 Z-0.466
N78515 X1.9199 Y1.4263 Z-0.4646
N78520 X1.4388 Y1.4435
N78525 X1.4319 Y1.4437 Z-0.466
N78530 X1.4243 Y1.444 Z-0.4676
N78535 G3 X1.4046 Y1.4347 Z-0.4724 I-0.0008 J-0.0236
N78540 G1 X1.3998 Y1.4278
N78545 X1.3948 Y1.4212
N78550 X1.3919 Y1.4175
N78555 X1.39 Y1.4152
N78560 X1.3866 Y1.4104
N78565 X1.3838 Y1.4052
N78570 X1.3816 Y1.3997
N78575 X1.3799 Y1.3941
N78580 X1.3787 Y1.3883
N78585 X1.3778 Y1.3824
N78590 X1.3774 Y1.3765
N78595 X1.3773 Y1.3706
N78600 X1.3775 Y1.3647
N78605 X1.378 Y1.3586
N78610 X1.3789 Y1.3523
N78615 X1.3801 Y1.3454
N78620 X1.3819 Y1.3382
N78625 X1.384 Y1.3308
N78630 X1.3867 Y1.323
N78635 X1.39 Y1.3147
N78640 X1.3937 Y1.3064
N78645 X1.3982 Y1.2977
N78650 X1.4035 Y1.2885
N78655 X1.4096 Y1.2791
N78660 X1.4162 Y1.2698
N78665 X1.4238 Y1.2602
N78670 X1.4325 Y1.2503
N78675 X1.4422 Y1.2402
N78680 X1.4526 Y1.2305
N78685 X1.4641 Y1.2207
N78690 X1.4769 Y1.2108
N78695 X1.4908 Y1.2011
N78700 X1.5059 Y1.1916
N78705 X1.5217 Y1.1827
N78710 X1.5385 Y1.1744
N78715 X1.5564 Y1.1665
N78720 X1.5754 Y1.1592
N78725 X1.5953 Y1.1527
N78730 X1.616 Y1.1471
N78735 X1.6373 Y1.1423
N78740 X1.659 Y1.1386
N78745 X1.6809 Y1.1359
N78750 X1.703 Y1.1343
N78755 X1.7249 Y1.1337
N78760 X1.7466 Y1.1343
N78765 X1.7678 Y1.1358
N78770 X1.7884 Y1.1383
N78775 X1.8084 Y1.1418
N78780 X1.8276 Y1.146
N78785 X1.8461 Y1.1511
N78790 X1.8633 Y1.1567
N78795 X1.8794 Y1.1629
N78800 X1.8946 Y1.1696
N78805 X1.909 Y1.1767
N78810 X1.9223 Y1.1842
N78815 X1.9345 Y1.1919
N78820 X1.9456 Y1.1995
N78825 X1.9557 Y1.2074
N78830 X1.9651 Y1.2154
N78835 X1.9736 Y1.2234
N78840 X1.9808 Y1.2308
N78845 X1.9871 Y1.238
N78850 X1.9931 Y1.2456
N78855 X1.9977 Y1.2519
N78860 X2.0024 Y1.2592
N78865 X2.0063 Y1.266
N78870 X2.0094 Y1.2721
N78875 X2.0105 Y1.2745
N78880 X2.0153 Y1.2878
N78885 X2.0179 Y1.3016
N78890 X2.0181 Y1.3157
N78895 X2.0161 Y1.3296
N78900 X2.0119 Y1.343
N78905 X2.0056 Y1.3556
N78910 X1.9973 Y1.367
N78915 X1.9744 Y1.3935
N78920 G3 X1.958 Y1.4011 Z-0.4685 I-0.0173 J-0.016
N78925 G1 X1.9463 Y1.4015 Z-0.466
N78930 X1.9395 Y1.4018 Z-0.4646
N78935 X1.4247 Y1.4227
N78940 X1.4179 Y1.423 Z-0.466
N78945 X1.4089 Y1.4234 Z-0.4679
N78950 G3 X1.39 Y1.4152 Z-0.4724 I-0.001 J-0.0236
N78955 G1 X1.3821 Y1.4054
N78960 X1.3755 Y1.3975
N78965 X1.3734 Y1.3951
N78970 X1.3698 Y1.3904
N78975 X1.3668 Y1.3853
N78980 X1.3643 Y1.38
N78985 X1.3624 Y1.3744
N78990 X1.3608 Y1.3687
N78995 X1.3597 Y1.3629
N79000 X1.359 Y1.357
N79005 X1.3585 Y1.3512
N79010 X1.3584 Y1.3452
N79015 X1.3586 Y1.339
N79020 X1.3592 Y1.3325
N79025 X1.3601 Y1.3256
N79030 X1.3614 Y1.3182
N79035 X1.3632 Y1.3105
N79040 X1.3654 Y1.3026
N79045 X1.3682 Y1.2942
N79050 X1.3717 Y1.2854
N79055 X1.3757 Y1.2765
N79060 X1.3805 Y1.2671
N79065 X1.386 Y1.2574
N79070 X1.3924 Y1.2474
N79075 X1.3994 Y1.2375
N79080 X1.4075 Y1.2272
N79085 X1.4166 Y1.2167
N79090 X1.4269 Y1.2059
N79095 X1.4379 Y1.1955
N79100 X1.4499 Y1.1851
N79105 X1.4632 Y1.1748
N79110 X1.4777 Y1.1646
N79115 X1.4934 Y1.1546
N79120 X1.5103 Y1.145
N79125 X1.528 Y1.1361
N79130 X1.5466 Y1.1278
N79135 X1.5663 Y1.1202
N79140 X1.5871 Y1.1133
N79145 X1.6086 Y1.1072
N79150 X1.6309 Y1.1022
N79155 X1.6536 Y1.0981
N79160 X1.6767 Y1.0952
N79165 X1.6999 Y1.0934
N79170 X1.723 Y1.0927
N79175 X1.7459 Y1.0932
N79180 X1.7684 Y1.0947
N79185 X1.7905 Y1.0973
N79190 X1.812 Y1.1009
N79195 X1.8326 Y1.1054
N79200 X1.8522 Y1.1107
N79205 X1.8709 Y1.1166
N79210 X1.8884 Y1.1233
N79215 X1.905 Y1.1304
N79220 X1.9206 Y1.1381
N79225 X1.9353 Y1.1463
N79230 X1.949 Y1.1548
N79235 X1.9613 Y1.1632
N79240 X1.9725 Y1.1718
N79245 X1.9827 Y1.1804
N79250 X1.9922 Y1.1892
N79255 X2.0006 Y1.1979
N79260 X2.0075 Y1.2057
N79265 X2.014 Y1.2138
N79270 X2.0196 Y1.2215
N79275 X2.024 Y1.2283
N79280 X2.0286 Y1.2361
N79285 X2.032 Y1.2428
N79290 X2.0327 Y1.2442
N79295 X2.0376 Y1.2577
N79300 X2.0402 Y1.2719
N79305 X2.0405 Y1.2862
N79310 X2.0383 Y1.3004
N79315 X2.0339 Y1.3141
N79320 X2.0273 Y1.3268
N79325 X2.0176 Y1.3421
N79330 X2.0119 Y1.35
N79335 X1.9973 Y1.367
N79340 G3 X1.9811 Y1.3745 Z-0.4685 I-0.0173 J-0.016
N79345 G1 X1.9692 Y1.3751 Z-0.466
N79350 X1.9624 Y1.3754 Z-0.4646
N79355 X1.4084 Y1.4019
N79360 X1.4015 Y1.4022 Z-0.466
N79365 X1.3919 Y1.4026 Z-0.4681
N79370 G3 X1.3734 Y1.3951 Z-0.4724 I-0.0011 J-0.0236
N79375 G1 X1.355 Y1.3737
N79380 X1.3514 Y1.3691
N79385 X1.3482 Y1.3641
N79390 X1.3456 Y1.3588
N79395 X1.3435 Y1.3533
N79400 X1.3418 Y1.3476
N79405 X1.3404 Y1.3419
N79410 X1.3395 Y1.336
N79415 X1.3388 Y1.3302
N79420 X1.3385 Y1.3243
N79425 Y1.318
N79430 X1.3387 Y1.3112
N79435 X1.3394 Y1.3043
N79440 X1.3404 Y1.2968
N79445 X1.3419 Y1.2888
N79450 X1.3439 Y1.2806
N79455 X1.3464 Y1.2721
N79460 X1.3496 Y1.263
N79465 X1.3534 Y1.2535
N79470 X1.3578 Y1.244
N79475 X1.363 Y1.2339
N79480 X1.3691 Y1.2234
N79485 X1.3761 Y1.2127
N79490 X1.3837 Y1.2022
N79495 X1.3924 Y1.1913
N79500 X1.4023 Y1.1801
N79505 X1.4134 Y1.1687
N79510 X1.4253 Y1.1576
N79515 X1.4383 Y1.1466
N79520 X1.4525 Y1.1357
N79525 X1.468 Y1.125
N79530 X1.4848 Y1.1146
N79535 X1.5028 Y1.1046
N79540 X1.5219 Y1.0952
N79545 X1.5418 Y1.0865
N79550 X1.5626 Y1.0787
N79555 X1.5845 Y1.0716
N79560 X1.6072 Y1.0655
N79565 X1.6307 Y1.0604
N79570 X1.6547 Y1.0564
N79575 X1.679 Y1.0535
N79580 X1.7034 Y1.0518
N79585 X1.7279 Y1.0513
N79590 X1.7521 Y1.052
N79595 X1.776 Y1.0539
N79600 X1.7994 Y1.0568
N79605 X1.822 Y1.0608
N79610 X1.8438 Y1.0658
N79615 X1.8645 Y1.0716
N79620 X1.8842 Y1.0781
N79625 X1.903 Y1.0854
N79630 X1.9208 Y1.0933
N79635 X1.9376 Y1.1017
N79640 X1.9533 Y1.1106
N79645 X1.9679 Y1.1199
N79650 X1.9812 Y1.1292
N79655 X1.9932 Y1.1386
N79660 X2.0042 Y1.148
N79665 X2.0142 Y1.1575
N79670 X2.0231 Y1.1669
N79675 X2.0302 Y1.175
N79680 X2.0369 Y1.1836
N79685 X2.0425 Y1.1914
N79690 X2.047 Y1.1984
N79695 X2.0517 Y1.2067
N79700 X2.0574 Y1.2209
N79705 X2.0605 Y1.236
N79710 X2.0609 Y1.2514
N79715 X2.0586 Y1.2667
N79720 X2.0536 Y1.2812
N79725 X2.0497 Y1.29
N79730 X2.0471 Y1.2946
N79735 X2.0326 Y1.3183
N79740 X2.0273 Y1.3268
N79745 G3 X2.0094 Y1.337 Z-0.4679 I-0.0195 J-0.0133
N79750 G1 X2.0005 Y1.3376 Z-0.466
N79755 X1.9937 Y1.3381 Z-0.4646
N79760 X1.3899 Y1.3801
N79765 X1.3831 Y1.3806 Z-0.466
N79770 X1.374 Y1.3813 Z-0.468
N79775 G3 X1.355 Y1.3737 Z-0.4724 I-0.0016 J-0.0236
N79780 G1 X1.3345 Y1.35
N79785 X1.3301 Y1.343
N79790 X1.3271 Y1.3379
N79795 X1.3246 Y1.3325
N79800 X1.3226 Y1.327
N79805 X1.321 Y1.3213
N79810 X1.3197 Y1.3155
N79815 X1.3188 Y1.3097
N79820 X1.3182 Y1.3038
N79825 X1.3178 Y1.2976
N79830 Y1.2909
N79835 X1.3181 Y1.284
N79840 X1.3188 Y1.2765
N79845 X1.3199 Y1.2686
N79850 X1.3214 Y1.2604
N79855 X1.3235 Y1.2517
N79860 X1.3263 Y1.2423
N79865 X1.3295 Y1.233
N79870 X1.3335 Y1.2232
N79875 X1.3383 Y1.2128
N79880 X1.3439 Y1.202
N79885 X1.3502 Y1.1912
N79890 X1.3575 Y1.1801
N79895 X1.3658 Y1.1685
N79900 X1.3753 Y1.1567
N79905 X1.3856 Y1.145
N79910 X1.3969 Y1.1335
N79915 X1.4095 Y1.1217
N79920 X1.4236 Y1.1098
N79925 X1.4389 Y1.0981
N79930 X1.4555 Y1.0867
N79935 X1.473 Y1.0759
N79940 X1.4914 Y1.0656
N79945 X1.5113 Y1.0559
N79950 X1.5323 Y1.0467
N79955 X1.5545 Y1.0384
N79960 X1.5777 Y1.0309
N79965 X1.6018 Y1.0244
N79970 X1.6265 Y1.0191
N79975 X1.6518 Y1.0148
N79980 X1.6774 Y1.0118
N79985 X1.7032 Y1.0101
N79990 X1.729 Y1.0096
N79995 X1.7545 Y1.0103
N80000 X1.7797 Y1.0123
N80005 X1.8044 Y1.0154
N80010 X1.8283 Y1.0197
N80015 X1.8515 Y1.025
N80020 X1.8738 Y1.0312
N80025 X1.8953 Y1.0383
N80030 X1.9157 Y1.0463
N80035 X1.935 Y1.0549
N80040 X1.9529 Y1.0639
N80045 X1.9695 Y1.0733
N80050 X1.9851 Y1.0832
N80055 X1.9996 Y1.0934
N80060 X2.0127 Y1.1036
N80065 X2.0244 Y1.1137
N80070 X2.0348 Y1.1235
N80075 X2.0439 Y1.1331
N80080 X2.0508 Y1.1411
N80085 X2.0578 Y1.15
N80090 X2.0628 Y1.1571
N80095 X2.0644 Y1.1595
N80100 X2.0713 Y1.1729
N80105 X2.0759 Y1.1872
N80110 X2.0779 Y1.2022
N80115 X2.0772 Y1.2173
N80120 X2.074 Y1.232
N80125 X2.0735 Y1.2337
N80130 X2.0714 Y1.2391
N80135 X2.0618 Y1.2629
N80140 X2.0536 Y1.2812
N80145 G3 X2.0346 Y1.2944 Z-0.4673 I-0.0212 J-0.0104
N80150 G1 X2.0285 Y1.2949 Z-0.466
N80155 X2.0217 Y1.2956 Z-0.4646
N80160 X1.3694 Y1.356
N80165 X1.3626 Y1.3567 Z-0.466
N80170 X1.3541 Y1.3575 Z-0.4678
N80175 G3 X1.3345 Y1.35 Z-0.4724 I-0.0022 J-0.0235
N80180 G1 X1.3289 Y1.3421
N80185 X1.3139 Y1.3183
N80190 X1.3098 Y1.3116
N80195 X1.3069 Y1.3064
N80200 X1.3045 Y1.301
N80205 X1.3025 Y1.2955
N80210 X1.3009 Y1.2898
N80215 X1.2997 Y1.284
N80220 X1.2988 Y1.2782
N80225 X1.2982 Y1.2723
N80230 X1.2979 Y1.266
N80235 X1.298 Y1.2592
N80240 X1.2983 Y1.2522
N80245 X1.2991 Y1.2445
N80250 X1.3003 Y1.2363
N80255 X1.302 Y1.228
N80260 X1.3042 Y1.219
N80265 X1.3072 Y1.2093
N80270 X1.3106 Y1.1996
N80275 X1.3149 Y1.1893
N80280 X1.32 Y1.1785
N80285 X1.326 Y1.1673
N80290 X1.3326 Y1.1561
N80295 X1.3404 Y1.1445
N80300 X1.3493 Y1.1323
N80305 X1.3594 Y1.1199
N80310 X1.3704 Y1.1077
N80315 X1.3826 Y1.0954
N80320 X1.3961 Y1.083
N80325 X1.411 Y1.0707
N80330 X1.4273 Y1.0585
N80335 X1.4449 Y1.0466
N80340 X1.4634 Y1.0353
N80345 X1.483 Y1.0247
N80350 X1.5041 Y1.0145
N80355 X1.5266 Y1.005
N80360 X1.5502 Y0.9964
N80365 X1.5748 Y0.9887
N80370 X1.6003 Y0.982
N80375 X1.6264 Y0.9766
N80380 X1.6531 Y0.9724
N80385 X1.6801 Y0.9694
N80390 X1.7073 Y0.9678
N80395 X1.7344 Y0.9675
N80400 X1.7613 Y0.9686
N80405 X1.7879 Y0.9709
N80410 X1.8139 Y0.9744
N80415 X1.8393 Y0.9791
N80420 X1.864 Y0.985
N80425 X1.8878 Y0.9919
N80430 X1.9105 Y0.9996
N80435 X1.9322 Y1.0083
N80440 X1.9526 Y1.0176
N80445 X1.9716 Y1.0274
N80450 X1.9892 Y1.0376
N80455 X2.0056 Y1.0481
N80460 X2.0207 Y1.0589
N80465 X2.0341 Y1.0696
N80470 X2.0459 Y1.0799
N80475 X2.0549 Y1.0887
N80480 X2.0637 Y1.098
N80485 X2.0701 Y1.1055
N80490 X2.0721 Y1.1081
N80495 X2.0802 Y1.1209
N80500 X2.0861 Y1.1349
N80505 X2.0893 Y1.1498
N80510 X2.09 Y1.165
N80515 X2.0879 Y1.18
N80520 X2.0835 Y1.1995
N80525 X2.0817 Y1.2075
N80530 X2.074 Y1.232
N80535 G3 X2.0541 Y1.2476 Z-0.4668 I-0.0223 J-0.0078
N80540 G1 X2.0506 Y1.248 Z-0.466
N80545 X2.0438 Y1.2487 Z-0.4646
N80550 X1.3432 Y1.3209
N80555 X1.3364 Y1.3216 Z-0.466
N80560 X1.3319 Y1.3221 Z-0.467
N80565 G3 X1.3098 Y1.3116 Z-0.4724 I-0.0024 J-0.0235
N80570 G1 X1.2993 Y1.2946
N80575 X1.2968 Y1.29
N80580 X1.2871 Y1.2684
N80585 X1.285 Y1.2629
N80590 X1.2832 Y1.2573
N80595 X1.2818 Y1.2515
N80600 X1.2808 Y1.2457
N80605 X1.2801 Y1.2399
N80610 X1.2797 Y1.2338
N80615 X1.2796 Y1.2276
N80620 X1.2798 Y1.2207
N80625 X1.2804 Y1.2133
N80630 X1.2814 Y1.2056
N80635 X1.2829 Y1.1973
N80640 X1.285 Y1.1884
N80645 X1.2876 Y1.1793
N80650 X1.2909 Y1.1695
N80655 X1.295 Y1.159
N80660 X1.2997 Y1.1485
N80665 X1.3054 Y1.1374
N80670 X1.3121 Y1.1257
N80675 X1.3197 Y1.1137
N80680 X1.3282 Y1.1018
N80685 X1.338 Y1.0893
N80690 X1.3492 Y1.0764
N80695 X1.3618 Y1.0633
N80700 X1.3752 Y1.0506
N80705 X1.3899 Y1.0379
N80710 X1.4061 Y1.0253
N80715 X1.4238 Y1.0129
N80720 X1.443 Y1.0007
N80725 X1.4637 Y0.989
N80730 X1.4857 Y0.9779
N80735 X1.5086 Y0.9678
N80740 X1.5325 Y0.9585
N80745 X1.5578 Y0.9501
N80750 X1.5841 Y0.9428
N80755 X1.6113 Y0.9366
N80760 X1.6392 Y0.9317
N80765 X1.6676 Y0.9281
N80770 X1.6962 Y0.9259
N80775 X1.7249 Y0.9251
N80780 X1.7534 Y0.9257
N80785 X1.7818 Y0.9276
N80790 X1.8097 Y0.9309
N80795 X1.837 Y0.9355
N80800 X1.8636 Y0.9413
N80805 X1.8894 Y0.9483
N80810 X1.914 Y0.9562
N80815 X1.9373 Y0.965
N80820 X1.9592 Y0.9745
N80825 X1.9799 Y0.9847
N80830 X1.9993 Y0.9955
N80835 X2.0172 Y1.0066
N80840 X2.0332 Y1.0177
N80845 X2.0471 Y1.0283
N80850 X2.0575 Y1.0371
N80855 X2.0674 Y1.0464
N80860 X2.0745 Y1.0537
N80865 X2.0827 Y1.0645
N80870 X2.089 Y1.0764
N80875 X2.0934 Y1.0892
N80880 X2.0958 Y1.1026
N80885 X2.096 Y1.1161
N80890 X2.0944 Y1.1441
N80895 X2.0938 Y1.152
N80900 X2.0924 Y1.16
N80905 X2.0907 Y1.1679
N80910 X2.0879 Y1.18
N80915 G3 X2.0677 Y1.1975 Z-0.4664 I-0.0228 J-0.006
N80920 G1 X2.0659 Y1.1977 Z-0.466
N80925 X2.0591 Y1.1985 Z-0.4646
N80930 X1.319 Y1.2806
N80935 X1.3122 Y1.2814 Z-0.466
N80940 X1.311 Y1.2815 Z-0.4663
N80945 G3 X1.2871 Y1.2684 Z-0.4724 I-0.0026 J-0.0235
N80950 G1 X1.2847 Y1.2629
N80955 X1.275 Y1.2391
N80960 X1.273 Y1.2337
N80965 X1.2684 Y1.2189
N80970 X1.2667 Y1.2125
N80975 X1.2655 Y1.2067
N80980 X1.2647 Y1.2009
N80985 X1.2642 Y1.195
N80990 X1.2641 Y1.1891
N80995 X1.2642 Y1.1827
N81000 X1.2647 Y1.176
N81005 X1.2656 Y1.1685
N81010 X1.2669 Y1.1608
N81015 X1.2688 Y1.1524
N81020 X1.2713 Y1.1433
N81025 X1.2743 Y1.1341
N81030 X1.2781 Y1.1242
N81035 X1.2828 Y1.1135
N81040 X1.2881 Y1.1028
N81045 X1.2945 Y1.0913
N81050 X1.3021 Y1.0792
N81055 X1.3106 Y1.0671
N81060 X1.3201 Y1.0548
N81065 X1.331 Y1.0419
N81070 X1.3435 Y1.0287
N81075 X1.3573 Y1.0153
N81080 X1.3721 Y1.0024
N81085 X1.3885 Y0.9894
N81090 X1.4066 Y0.9764
N81095 X1.4263 Y0.9637
N81100 X1.4475 Y0.9514
N81105 X1.4701 Y0.9398
N81110 X1.494 Y0.9289
N81115 X1.5189 Y0.919
N81120 X1.5449 Y0.9101
N81125 X1.5721 Y0.9023
N81130 X1.6004 Y0.8956
N81135 X1.6296 Y0.8902
N81140 X1.6593 Y0.8861
N81145 X1.6893 Y0.8835
N81150 X1.7196 Y0.8824
N81155 X1.7499 Y0.8827
N81160 X1.7799 Y0.8845
N81165 X1.8096 Y0.8878
N81170 X1.8387 Y0.8924
N81175 X1.8671 Y0.8983
N81180 X1.8946 Y0.9055
N81185 X1.9208 Y0.9137
N81190 X1.9457 Y0.9228
N81195 X1.9692 Y0.9327
N81200 X1.9912 Y0.9434
N81205 X2.0117 Y0.9545
N81210 X2.03 Y0.9656
N81215 X2.0457 Y0.9763
N81220 X2.0568 Y0.9846
N81225 X2.0631 Y0.9899
N81230 X2.0728 Y0.9992
N81235 X2.0808 Y1.0099
N81240 X2.0872 Y1.0217
N81245 X2.0916 Y1.0344
N81250 X2.094 Y1.0476
N81255 X2.0958 Y1.0649
N81260 X2.0963 Y1.0729
N81265 X2.0972 Y1.0949
N81270 Y1.0966
N81275 X2.096 Y1.1161
N81280 G3 X2.0754 Y1.1373 Z-0.4657 I-0.0235 J-0.0022
N81285 G1 X2.0704 Y1.138 Z-0.4646
N81290 X1.2986 Y1.2339
N81295 X1.2936 Y1.2345 Z-0.4656
N81300 G3 X1.2684 Y1.2189 Z-0.4724 I-0.0029 J-0.0234
N81305 G1 X1.2648 Y1.2075
N81310 X1.2612 Y1.1916
N81315 X1.2558 Y1.1679
N81320 X1.2548 Y1.1635
N81325 X1.2537 Y1.1565
N81330 X1.253 Y1.1507
N81335 X1.2527 Y1.1448
N81340 X1.2528 Y1.1389
N81345 X1.2532 Y1.1326
N81350 X1.2539 Y1.1262
N81355 X1.255 Y1.119
N81360 X1.2566 Y1.1114
N81365 X1.2587 Y1.1033
N81370 X1.2615 Y1.0944
N81375 X1.2648 Y1.0854
N81380 X1.2691 Y1.0755
N81385 X1.2741 Y1.065
N81390 X1.2799 Y1.0544
N81395 X1.287 Y1.0428
N81400 X1.2951 Y1.0308
N81405 X1.3041 Y1.0188
N81410 X1.3146 Y1.0062
N81415 X1.3267 Y0.9931
N81420 X1.3401 Y0.9797
N81425 X1.3546 Y0.9668
N81430 X1.3709 Y0.9535
N81435 X1.3891 Y0.9401
N81440 X1.4091 Y0.9269
N81445 X1.4306 Y0.9141
N81450 X1.4535 Y0.902
N81455 X1.4773 Y0.8908
N81460 X1.5027 Y0.8803
N81465 X1.5296 Y0.8707
N81470 X1.5579 Y0.8622
N81475 X1.5873 Y0.8549
N81480 X1.6177 Y0.8489
N81485 X1.6487 Y0.8443
N81490 X1.6802 Y0.8411
N81495 X1.712 Y0.8396
N81500 X1.7439 Y0.8395
N81505 X1.7756 Y0.8411
N81510 X1.8071 Y0.8441
N81515 X1.838 Y0.8486
N81520 X1.8681 Y0.8545
N81525 X1.8973 Y0.8617
N81530 X1.9253 Y0.8701
N81535 X1.9522 Y0.8796
N81540 X1.9775 Y0.89
N81545 X2.0004 Y0.9007
N81550 X2.0206 Y0.9114
N81555 X2.036 Y0.9205
N81560 X2.0436 Y0.9255
N81565 X2.0558 Y0.9352
N81570 X2.066 Y0.947
N81575 X2.074 Y0.9604
N81580 X2.0794 Y0.975
N81585 X2.0889 Y1.0095
N81590 X2.0893 Y1.0112
N81595 X2.0903 Y1.0174
N81600 X2.0914 Y1.0254
N81605 X2.0925 Y1.0333
N81610 X2.094 Y1.0476
N81615 G3 X2.0736 Y1.0726 Z-0.4649 I-0.0236 J0.0016
N81620 G1 X2.0721 Y1.0728 Z-0.4646
N81625 X1.2835 Y1.1808
N81630 X1.281 Y1.1811 Z-0.4651
N81635 G3 X1.2548 Y1.1635 Z-0.4724 I-0.0032 J-0.0234
N81640 G1 X1.2541 Y1.16
N81645 X1.2527 Y1.152
N81650 X1.2521 Y1.1441
N81655 X1.2493 Y1.0966
N81660 X1.2492 Y1.0949
N81665 X1.2498 Y1.0808
N81670 X1.2505 Y1.0733
N81675 X1.2514 Y1.0673
N81680 X1.2526 Y1.0611
N81685 X1.2543 Y1.0541
N81690 X1.2565 Y1.0468
N81695 X1.2593 Y1.0388
N81700 X1.2628 Y1.0302
N81705 X1.267 Y1.0212
N81710 X1.2722 Y1.0112
N81715 X1.2781 Y1.0013
N81720 X1.2852 Y0.9904
N81725 X1.2936 Y0.9789
N81730 X1.3028 Y0.9675
N81735 X1.3137 Y0.9552
N81740 X1.3264 Y0.9422
N81745 X1.3401 Y0.9295
N81750 X1.3556 Y0.9166
N81755 X1.3731 Y0.9033
N81760 X1.3924 Y0.89
N81765 X1.4135 Y0.877
N81770 X1.4358 Y0.8648
N81775 X1.4595 Y0.8532
N81780 X1.4853 Y0.8421
N81785 X1.5127 Y0.8319
N81790 X1.5417 Y0.8226
N81795 X1.572 Y0.8146
N81800 X1.6034 Y0.8079
N81805 X1.6356 Y0.8026
N81810 X1.6684 Y0.7988
N81815 X1.7016 Y0.7967
N81820 X1.735 Y0.7961
N81825 X1.7684 Y0.7972
N81830 X1.8015 Y0.7999
N81835 X1.8342 Y0.8041
N81840 X1.8661 Y0.8099
N81845 X1.8971 Y0.8171
N81850 X1.9271 Y0.8255
N81855 X1.9555 Y0.8351
N81860 X1.982 Y0.8455
N81865 X2.0021 Y0.8545
N81870 X2.0097 Y0.8584
N81875 X2.0207 Y0.865
N81880 X2.0306 Y0.8732
N81885 X2.0391 Y0.8827
N81890 X2.0462 Y0.8935
N81895 X2.0497 Y0.8998
N81900 X2.0637 Y0.9303
N81905 X2.0655 Y0.9347
N81910 X2.0735 Y0.9541
N81915 X2.0759 Y0.962
N81920 X2.0794 Y0.975
N81925 G3 X2.0619 Y1.0034 Z-0.4646 I-0.023 J0.0054
N81930 G1 X2.0595 Y1.0038
N81935 X1.2765 Y1.1044
N81940 X1.2732 Y1.1046
N81945 G3 X1.2498 Y1.0808 Z-0.4724 I0.0002 J-0.0236
N81950 G1 X1.2502 Y1.0729
N81955 X1.2507 Y1.0649
N81960 X1.254 Y1.0333
N81965 X1.2551 Y1.0254
N81970 X1.2562 Y1.0174
N81975 X1.2571 Y1.0112
N81980 X1.2576 Y1.0095
N81985 X1.2619 Y0.9937
N81990 X1.2657 Y0.9821
N81995 X1.2684 Y0.9751
N82000 X1.2715 Y0.9679
N82005 X1.2756 Y0.9598
N82010 X1.2802 Y0.9516
N82015 X1.286 Y0.9423
N82020 X1.2925 Y0.933
N82025 X1.3005 Y0.9227
N82030 X1.3095 Y0.912
N82035 X1.3199 Y0.901
N82040 X1.3324 Y0.8889
N82045 X1.346 Y0.8771
N82050 X1.3612 Y0.865
N82055 X1.3787 Y0.8525
N82060 X1.3984 Y0.8398
N82065 X1.4196 Y0.8276
N82070 X1.4422 Y0.8159
N82075 X1.4672 Y0.8046
N82080 X1.4943 Y0.7938
N82085 X1.5233 Y0.7839
N82090 X1.5539 Y0.7751
N82095 X1.5859 Y0.7675
N82100 X1.6189 Y0.7614
N82105 X1.6527 Y0.7568
N82110 X1.6871 Y0.7539
N82115 X1.7219 Y0.7526
N82120 X1.7567 Y0.753
N82125 X1.7914 Y0.7551
N82130 X1.8258 Y0.7588
N82135 X1.8595 Y0.7642
N82140 X1.8924 Y0.7711
N82145 X1.924 Y0.7793
N82150 X1.9526 Y0.7883
N82155 X1.9545 Y0.789
N82160 X1.9667 Y0.7945
N82165 X1.9778 Y0.8019
N82170 X1.9877 Y0.8109
N82175 X1.9942 Y0.818
N82180 X2.0024 Y0.8274
N82185 X2.0091 Y0.8353
N82190 X2.0358 Y0.8749
N82195 X2.0403 Y0.8828
N82200 X2.0462 Y0.8935
N82205 G3 X2.0359 Y0.9252 Z-0.4646 I-0.021 J0.0108
N82210 G1 X2.0334 Y0.9263
N82215 X2.0308 Y0.9271
N82220 X2.0281 Y0.9276
N82225 X1.2879 Y1.0225
N82230 X1.2851 Y1.0227
N82235 X1.2822 Y1.0226
N82240 X1.2794 Y1.0221
N82245 G3 X1.2619 Y0.9937 Z-0.4724 I0.0054 J-0.023
N82250 G1 X1.2706 Y0.962
N82255 X1.273 Y0.9539
N82260 X1.2809 Y0.9347
N82265 X1.2828 Y0.9303
N82270 X1.2968 Y0.8998
N82275 X1.3018 Y0.8907
N82280 X1.31 Y0.8776
N82285 X1.3152 Y0.8701
N82290 X1.3211 Y0.8624
N82295 X1.3284 Y0.8538
N82300 X1.3367 Y0.845
N82305 X1.3464 Y0.8355
N82310 X1.358 Y0.8254
N82315 X1.3705 Y0.8154
N82320 X1.3856 Y0.8045
N82325 X1.4025 Y0.7936
N82330 X1.421 Y0.7829
N82335 X1.4425 Y0.7717
N82340 X1.4667 Y0.7607
N82345 X1.4927 Y0.7503
N82350 X1.52 Y0.7409
N82355 X1.5498 Y0.7322
N82360 X1.5817 Y0.7246
N82365 X1.6152 Y0.7183
N82370 X1.6498 Y0.7136
N82375 X1.6845 Y0.7105
N82380 X1.7194 Y0.7091
N82385 X1.7543 Y0.7093
N82390 X1.7891 Y0.7111
N82395 X1.8238 Y0.7146
N82400 X1.8583 Y0.7196
N82405 X1.8642 Y0.7208
N82410 X1.8725 Y0.7228
N82415 X1.8805 Y0.7257
N82420 X1.8882 Y0.7293
N82425 X1.894 Y0.7324
N82430 X1.8991 Y0.7356
N82435 X1.9229 Y0.7525
N82440 X1.9277 Y0.7561
N82445 X1.9485 Y0.772
N82450 X1.9546 Y0.7771
N82455 X1.9659 Y0.7878
N82460 X1.9809 Y0.8037
N82465 X1.9877 Y0.8109
N82470 G3 X1.9855 Y0.8442 Z-0.4646 I-0.0177 J0.0156
N82475 X1.9727 Y0.8499 I-0.0156 J-0.0177
N82480 G1 X1.3255 Y0.925
N82485 G3 X1.312 Y0.9225 I-0.0027 J-0.0235
N82490 X1.3018 Y0.8907 Z-0.4724 I0.0108 J-0.021
N82495 G1 X1.3062 Y0.8828
N82500 X1.3107 Y0.8749
N82505 X1.3374 Y0.8353
N82510 X1.3443 Y0.8271
N82515 X1.3523 Y0.818
N82520 X1.3581 Y0.8116
N82525 X1.376 Y0.7926
N82530 X1.3805 Y0.7878
N82535 X1.3919 Y0.7771
N82540 X1.398 Y0.772
N82545 X1.4187 Y0.7561
N82550 X1.4236 Y0.7525
N82555 X1.4394 Y0.7412
N82560 X1.4474 Y0.7356
N82565 X1.4525 Y0.7324
N82570 X1.4632 Y0.7267
N82575 X1.4948 Y0.7119
N82580 X1.5121 Y0.7045
N82585 X1.5334 Y0.6967
N82590 X1.5568 Y0.6894
N82595 X1.5823 Y0.6827
N82600 X1.6113 Y0.6767
N82605 X1.6429 Y0.6717
N82610 X1.6463 Y0.6714
N82615 X1.6492 Y0.6712
N82620 X1.6522 Y0.6711
N82625 G3 X1.6751 Y0.6954 Z-0.4646 I-0.0007 J0.0236
N82630 X1.6582 Y0.7174 I-0.0236 J-0.0007
N82635 G1 X1.4817 Y0.7698
N82640 G3 X1.4546 Y0.7589 I-0.0067 J-0.0226
N82645 X1.4632 Y0.7267 Z-0.4724 I0.0205 J-0.0118
N82650 G1 X1.4823 Y0.7166
N82655 X1.5028 Y0.7057
N82660 X1.5108 Y0.7025
N82665 X1.5583 Y0.6864
N82670 X1.5637 Y0.6849
N82675 X1.59 Y0.6791
N82680 X1.6138 Y0.6752
N82685 X1.6217 Y0.6741
N82690 X1.6376 Y0.6721
N82695 X1.6455 Y0.6712
N82700 X1.6613 Y0.6711
N82705 X1.693
N82710 X1.701 Y0.6712
N82715 X1.7089 Y0.6721
N82720 X1.7247 Y0.6741
N82725 X1.7327 Y0.6752
N82730 X1.7564 Y0.6791
N82735 X1.7827 Y0.6849
N82740 X1.7881 Y0.6864
N82745 X1.8357 Y0.7025
N82750 X1.8436 Y0.7057
N82755 X1.8674 Y0.7183
N82760 X1.8882 Y0.7293
N82765 G3 X1.8992 Y0.7559 I-0.0118 J0.0205
N82770 G1 X1.8982 Y0.7595 Z-0.4722
N82775 X1.8973 Y0.7629 Z-0.4713
N82780 X1.8964 Y0.7663 Z-0.4699
N82785 X1.8956 Y0.7693 Z-0.4679
N82790 X1.8949 Y0.772 Z-0.4655
N82795 X1.8942 Y0.7744 Z-0.4627
N82800 X1.8937 Y0.7762 Z-0.4595
N82805 X1.8934 Y0.7776 Z-0.4561
N82810 X1.8932 Y0.7784 Z-0.4525
N82815 X1.8931 Y0.7787 Z-0.4488
N82820 Z0.1969
N82825 X0.5225 Y-0.0917
N82830 Z-0.4252
N82835 Z-0.4488
N82840 X0.5223 Y-0.0915 Z-0.4525
N82845 X0.5215 Y-0.0911 Z-0.4561
N82850 X0.5203 Y-0.0903 Z-0.4595
N82855 X0.5186 Y-0.0893 Z-0.4627
N82860 X0.5166 Y-0.0881 Z-0.4655
N82865 X0.5141 Y-0.0867 Z-0.4679
N82870 X0.5114 Y-0.0851 Z-0.4699
N82875 X0.5085 Y-0.0833 Z-0.4713
N82880 X0.5054 Y-0.0815 Z-0.4722
N82885 X0.5022 Y-0.0796 Z-0.4724
N82890 G3 X0.4725 Y-0.0709 I-0.0318 J-0.0536
N82895 G1 X0.4646
N82900 X0.4567 Y-0.0708
N82905 X0.4408 Y-0.0704
N82910 X0.4329 Y-0.07
N82915 X0.3854 Y-0.0646
N82920 X0.3774 Y-0.0636
N82925 X0.3616 Y-0.0613
N82930 X0.3537 Y-0.0593
N82935 X0.3378 Y-0.0545
N82940 X0.3287 Y-0.0515
N82945 X0.322 Y-0.0491
N82950 X0.3047 Y-0.044
N82955 X0.2891 Y-0.0402
N82960 X0.2682 Y-0.0362
N82965 X0.2337 Y-0.0313
N82970 X0.199 Y-0.0277
N82975 X0.1658 Y-0.0171
N82980 X0.1356 Y0.0006
N82985 X0.1097 Y0.0239
N82990 X0.0883 Y0.0514
N82995 X0.0712 Y0.0819
N83000 X0.058 Y0.1142
N83005 X0.0481 Y0.1476
N83010 X0.0409 Y0.1817
N83015 X0.0356 Y0.2162
N83020 X0.0319 Y0.2509
N83025 X0.0293 Y0.2857
N83030 X0.0275 Y0.3205
N83035 X0.0262 Y0.3554
N83040 X0.0254 Y0.3903
N83045 X0.0248 Y0.4252
N83050 X0.0244 Y0.4601
N83055 X0.0242 Y0.4949
N83060 X0.024 Y0.5298
N83065 X0.0238 Y0.5996
N83070 X0.0237 Y0.7043
N83075 X0.0236 Y1.0531
N83080 Y1.7509
N83085 Y1.8904
N83090 X0.0249 Y1.9253
N83095 X0.0331 Y1.9592
N83100 X0.0485 Y1.9905
N83105 X0.07 Y2.0179
N83110 X0.0962 Y2.041
N83115 X0.1257 Y2.0597
N83120 X0.126 Y2.0598
N83125 X0.1353 Y2.0648
N83130 X0.1438 Y2.0708
N83135 X0.1516 Y2.0779
N83140 X0.1555 Y2.0819
N83145 X0.1838 Y2.1101
N83150 X0.1872 Y2.1133
N83155 X0.1952 Y2.1201
N83160 X0.2031 Y2.1259
N83165 X0.211 Y2.1312
N83170 X0.2586 Y2.1611
N83175 X0.2621 Y2.1631
N83180 G3 X0.2724 Y2.1899 I-0.0123 J0.0202
N83185 G1 X0.2714 Y2.1934 Z-0.4722
N83190 X0.2704 Y2.1969 Z-0.4713
N83195 X0.2694 Y2.2002 Z-0.4699
N83200 X0.2685 Y2.2032 Z-0.4679
N83205 X0.2677 Y2.2059 Z-0.4655
N83210 X0.2671 Y2.2082 Z-0.4627
N83215 X0.2665 Y2.2101 Z-0.4595
N83220 X0.2661 Y2.2114 Z-0.4561
N83225 X0.2659 Y2.2123 Z-0.4525
N83230 X0.2658 Y2.2125 Z-0.4488
N83235 Z0.1969
N83240 X0.3623 Y-0.0852
N83245 Z-0.4252
N83250 Z-0.4488
N83255 X0.3621 Y-0.085 Z-0.4525
N83260 X0.3615 Y-0.0843 Z-0.4561
N83265 X0.3606 Y-0.0832 Z-0.4595
N83270 X0.3594 Y-0.0818 Z-0.4627
N83275 X0.3578 Y-0.0799 Z-0.4655
N83280 X0.356 Y-0.0778 Z-0.4679
N83285 X0.354 Y-0.0753 Z-0.4699
N83290 X0.3518 Y-0.0727 Z-0.4713
N83295 X0.3495 Y-0.0699 Z-0.4722
N83300 X0.3471 Y-0.0671 Z-0.4724
N83305 G3 X0.322 Y-0.0491 I-0.0477 J-0.04
N83310 G1 X0.2836 Y-0.0356
N83315 X0.2744 Y-0.0318
N83320 X0.2664 Y-0.0277
N83325 X0.2586 Y-0.0233
N83330 X0.211 Y0.0066
N83335 X0.2031 Y0.0119
N83340 X0.1952 Y0.0177
N83345 X0.1872 Y0.0245
N83350 X0.1838 Y0.0277
N83355 X0.1555 Y0.0559
N83360 X0.1366 Y0.0752
N83365 X0.1339 Y0.078
N83370 X0.1317 Y0.0808
N83375 X0.1159 Y0.104
N83380 X0.1141 Y0.1069
N83385 X0.0991 Y0.1306
N83390 X0.0847 Y0.1544
N83395 X0.0749 Y0.1782
N83400 X0.072 Y0.1861
N83405 X0.0582 Y0.2257
N83410 X0.0556 Y0.2336
N83415 X0.0533 Y0.2415
N83420 X0.0525 Y0.2449
N83425 X0.0516 Y0.2494
N83430 X0.0503 Y0.2573
N83435 X0.0475 Y0.2811
N83440 X0.0449 Y0.3048
N83445 X0.0426 Y0.3286
N83450 X0.0424 Y0.3365
N83455 X0.0423 Y0.3603
N83460 Y1.7855
N83465 X0.0424 Y1.8013
N83470 X0.0426 Y1.8092
N83475 X0.0449 Y1.833
N83480 X0.0475 Y1.8567
N83485 X0.0503 Y1.8805
N83490 X0.0516 Y1.8884
N83495 X0.0525 Y1.8929
N83500 X0.0533 Y1.8963
N83505 X0.0556 Y1.9042
N83510 X0.0582 Y1.9121
N83515 X0.072 Y1.9517
N83520 X0.0749 Y1.9596
N83525 X0.0847 Y1.9834
N83530 X0.0991 Y2.0071
N83535 X0.1141 Y2.0309
N83540 X0.1159 Y2.0338
N83545 X0.1317 Y2.0569
N83550 X0.1339 Y2.0598
N83555 X0.1366 Y2.0626
N83560 X0.1516 Y2.0779
N83565 G3 X0.1541 Y2.1065 I-0.0174 J0.0159
N83570 G1 X0.1521 Y2.1096 Z-0.4722
N83575 X0.1501 Y2.1127 Z-0.4713
N83580 X0.1483 Y2.1156 Z-0.4699
N83585 X0.1466 Y2.1182 Z-0.4679
N83590 X0.1451 Y2.1206 Z-0.4655
N83595 X0.1438 Y2.1226 Z-0.4627
N83600 X0.1427 Y2.1243 Z-0.4595
N83605 X0.142 Y2.1254 Z-0.4561
N83610 X0.1415 Y2.1262 Z-0.4525
N83615 X0.1413 Y2.1264 Z-0.4488
N83620 Z0.1969
N83625 X2.8321 Y2.23
N83630 Z-0.4252
N83635 Z-0.4488
N83640 X2.8324 Y2.2298 Z-0.4525
N83645 X2.8331 Y2.2294 Z-0.4561
N83650 X2.8343 Y2.2287 Z-0.4595
N83655 X2.836 Y2.2277 Z-0.4627
N83660 X2.838 Y2.2264 Z-0.4655
N83665 X2.8404 Y2.2249 Z-0.4679
N83670 X2.8431 Y2.2233 Z-0.4699
N83675 X2.846 Y2.2215 Z-0.4713
N83680 X2.8491 Y2.2196 Z-0.4722
N83685 X2.8523 Y2.2177 Z-0.4724
N83690 G3 X2.8818 Y2.2087 I0.0324 J0.0532
N83695 G1 X2.8898 Y2.2086
N83700 X2.9056 Y2.2082
N83705 X2.9135 Y2.2078
N83710 X2.9611 Y2.2024
N83715 X2.969 Y2.2014
N83720 X2.9849 Y2.1991
N83725 X2.9928 Y2.1971
N83730 X3.0086 Y2.1923
N83735 X3.0177 Y2.1893
N83740 X3.0245 Y2.1869
N83745 X3.0422 Y2.1817
N83750 X3.0577 Y2.1779
N83755 X3.0784 Y2.174
N83760 X3.1079 Y2.1698
N83765 X3.1426 Y2.1666
N83770 X3.1775 Y2.1646
N83775 X3.2121 Y2.1605
N83780 X3.2447 Y2.148
N83785 X3.2734 Y2.1282
N83790 X3.2975 Y2.103
N83795 X3.3169 Y2.074
N83800 X3.3319 Y2.0425
N83805 X3.3431 Y2.0095
N83810 X3.3514 Y1.9756
N83815 X3.3573 Y1.9412
N83820 X3.3614 Y1.9065
N83825 X3.3642 Y1.8718
N83830 X3.3662 Y1.8369
N83835 X3.3675 Y1.8021
N83840 X3.3684 Y1.7672
N83845 X3.3689 Y1.7323
N83850 X3.3693 Y1.6974
N83855 X3.3696 Y1.6625
N83860 X3.3698 Y1.6277
N83865 X3.3699 Y1.5579
N83870 X3.37 Y1.4532
N83875 X3.3701 Y0.9997
N83880 Y0.4415
N83885 Y0.1624
N83890 X3.3651 Y0.1279
N83895 X3.3514 Y0.0958
N83900 X3.3306 Y0.0678
N83905 X3.3046 Y0.0445
N83910 X3.2751 Y0.026
N83915 X3.2432 Y0.0118
N83920 X3.21 Y0.0012
N83925 X3.1759 Y-0.0065
N83930 X3.1415 Y-0.0119
N83935 X3.1177 Y-0.0145
N83940 X3.1062 Y-0.0165
N83945 X3.0951 Y-0.0201
N83950 X3.0846 Y-0.0251
N83955 X3.08 Y-0.0277
N83960 X3.0721 Y-0.0318
N83965 X3.0629 Y-0.0356
N83970 X3.0166 Y-0.0519
N83975 X3.0086 Y-0.0545
N83980 X2.9925 Y-0.0594
N83985 X2.9849 Y-0.0613
N83990 X2.969 Y-0.0636
N83995 X2.9611 Y-0.0646
N84000 X2.9135 Y-0.07
N84005 X2.9056 Y-0.0704
N84010 X2.8908 Y-0.0708
N84015 G3 X2.8691 Y-0.0896 I0.0014 J-0.0236
N84020 G1 X2.8684 Y-0.0932 Z-0.4722
N84025 X2.8677 Y-0.0968 Z-0.4713
N84030 X2.867 Y-0.1001 Z-0.4699
N84035 X2.8663 Y-0.1032 Z-0.4679
N84040 X2.8658 Y-0.106 Z-0.4655
N84045 X2.8653 Y-0.1083 Z-0.4627
N84050 X2.8649 Y-0.1102 Z-0.4595
N84055 X2.8646 Y-0.1116 Z-0.4561
N84060 X2.8644 Y-0.1125 Z-0.4525
N84065 Y-0.1128 Z-0.4488
N84070 Z0.1969
N84075 X2.9842 Y2.223
N84080 Z-0.4252
N84085 Z-0.4488
N84090 X2.9844 Y2.2228 Z-0.4525
N84095 X2.9849 Y2.2221 Z-0.4561
N84100 X2.9858 Y2.221 Z-0.4595
N84105 X2.9871 Y2.2196 Z-0.4627
N84110 X2.9886 Y2.2177 Z-0.4655
N84115 X2.9905 Y2.2156 Z-0.4679
N84120 X2.9925 Y2.2131 Z-0.4699
N84125 X2.9947 Y2.2105 Z-0.4713
N84130 X2.997 Y2.2077 Z-0.4722
N84135 X2.9994 Y2.2049 Z-0.4724
N84140 G3 X3.0245 Y2.1869 I0.0477 J0.04
N84145 G1 X3.0629 Y2.1734
N84150 X3.0721 Y2.1696
N84155 X3.08 Y2.1655
N84160 X3.0879 Y2.1611
N84165 X3.0935 Y2.1576
N84170 X3.1013 Y2.1532
N84175 X3.108 Y2.1498
N84180 X3.1188 Y2.1451
N84185 X3.1514 Y2.1326
N84190 X3.1829 Y2.1175
N84195 X3.2113 Y2.0973
N84200 X3.236 Y2.0727
N84205 X3.2567 Y2.0446
N84210 X3.2734 Y2.0139
N84215 X3.2865 Y1.9816
N84220 X3.2966 Y1.9482
N84225 X3.3041 Y1.9141
N84230 X3.3096 Y1.8797
N84235 X3.3136 Y1.845
N84240 X3.3164 Y1.8103
N84245 X3.3184 Y1.7754
N84250 X3.3198 Y1.7406
N84255 X3.3208 Y1.7057
N84260 X3.3214 Y1.6708
N84265 X3.3219 Y1.6359
N84270 X3.3222 Y1.601
N84275 X3.3224 Y1.5662
N84280 X3.3225 Y1.5313
N84285 X3.3227 Y1.4615
N84290 X3.3228 Y1.3568
N84295 Y0.9033
N84300 Y0.2754
N84305 Y0.2405
N84310 X3.3204 Y0.2057
N84315 X3.3107 Y0.1722
N84320 X3.2939 Y0.1415
N84325 X3.2714 Y0.1149
N84330 X3.2444 Y0.0928
N84335 X3.2145 Y0.0749
N84340 X3.2069 Y0.07
N84345 X3.1997 Y0.0643
N84350 X3.1931 Y0.0581
N84355 X3.1909 Y0.0559
N84360 X3.1627 Y0.0277
N84365 X3.1592 Y0.0245
N84370 X3.1513 Y0.0177
N84375 X3.1433 Y0.0119
N84380 X3.1355 Y0.0066
N84385 X3.0879 Y-0.0233
N84390 X3.0846 Y-0.0251
N84395 G3 X3.0743 Y-0.052 I0.0123 J-0.0202
N84400 G1 X3.0753 Y-0.0555 Z-0.4722
N84405 X3.0763 Y-0.059 Z-0.4713
N84410 X3.0773 Y-0.0622 Z-0.4699
N84415 X3.0782 Y-0.0653 Z-0.4679
N84420 X3.079 Y-0.068 Z-0.4655
N84425 X3.0796 Y-0.0703 Z-0.4627
N84430 X3.0802 Y-0.0721 Z-0.4595
N84435 X3.0806 Y-0.0735 Z-0.4561
N84440 X3.0808 Y-0.0743 Z-0.4525
N84445 X3.0809 Y-0.0746 Z-0.4488
N84450 Z0.1969
N84455 X3.0622 Y2.2018
N84460 Z-0.4252
N84465 Z-0.4488
N84470 X3.0624 Y2.2015 Z-0.4525
N84475 X3.0628 Y2.2007 Z-0.4561
N84480 X3.0634 Y2.1995 Z-0.4595
N84485 X3.0643 Y2.1978 Z-0.4627
N84490 X3.0654 Y2.1956 Z-0.4655
N84495 X3.0667 Y2.1931 Z-0.4679
N84500 X3.0681 Y2.1903 Z-0.4699
N84505 X3.0697 Y2.1872 Z-0.4713
N84510 X3.0713 Y2.184 Z-0.4722
N84515 X3.073 Y2.1807 Z-0.4724
N84520 G3 X3.0935 Y2.1576 I0.0555 J0.0284
N84525 G1 X3.1355 Y2.1312
N84530 X3.1434 Y2.1259
N84535 X3.1513 Y2.1201
N84540 X3.1592 Y2.1133
N84545 X3.1627 Y2.1101
N84550 X3.1909 Y2.0819
N84555 X3.2098 Y2.0626
N84560 X3.2125 Y2.0598
N84565 X3.2147 Y2.0569
N84570 X3.2306 Y2.0338
N84575 X3.2324 Y2.0309
N84580 X3.2473 Y2.0071
N84585 X3.2618 Y1.9834
N84590 X3.2716 Y1.9596
N84595 X3.2744 Y1.9517
N84600 X3.2883 Y1.9121
N84605 X3.2909 Y1.9042
N84610 X3.2932 Y1.8963
N84615 X3.294 Y1.8929
N84620 X3.2949 Y1.8884
N84625 X3.2961 Y1.8805
N84630 X3.2989 Y1.8567
N84635 X3.3016 Y1.833
N84640 X3.3039 Y1.8092
N84645 X3.3041 Y1.8013
N84650 Y1.7775
N84655 Y0.3523
N84660 Y0.3365
N84665 X3.3039 Y0.3286
N84670 X3.3016 Y0.3048
N84675 X3.2989 Y0.2811
N84680 X3.2961 Y0.2573
N84685 X3.2949 Y0.2494
N84690 X3.294 Y0.2449
N84695 X3.2932 Y0.2415
N84700 X3.2909 Y0.2336
N84705 X3.2883 Y0.2257
N84710 X3.2744 Y0.1861
N84715 X3.2716 Y0.1782
N84720 X3.2618 Y0.1544
N84725 X3.2473 Y0.1306
N84730 X3.2324 Y0.1069
N84735 X3.2306 Y0.104
N84740 X3.2147 Y0.0808
N84745 X3.2125 Y0.078
N84750 X3.2098 Y0.0752
N84755 X3.1931 Y0.0581
N84760 X3.1908 Y0.0553
N84765 X3.1891 Y0.0521
N84770 X3.1883 Y0.0493 Z-0.4723
N84775 X3.1876 Y0.0465 Z-0.4717
N84780 X3.187 Y0.0438 Z-0.4708
N84785 X3.1869 Y0.0422 Z-0.4701
N84790 X3.1875 Y0.0391 Z-0.4683
N84795 X3.188 Y0.0362 Z-0.4659
N84800 X3.1884 Y0.0338 Z-0.4632
N84805 X3.1894 Y0.0319 Z-0.4599
N84810 X3.1901 Y0.0306 Z-0.4564
N84815 X3.1905 Y0.0298 Z-0.4527
N84820 X3.1906 Y0.0295 Z-0.4488
N84825 Z0.1969
N84830 X-0.0185 Y-0.2489
N84835 Z-0.4488
N84840 Z-0.4724
N84845 Z-0.5512
N84850 G3 X0. Y-0.1203 I-0.5842 J0.1496
N84855 G1 Y-0.1147
N84860 X-0.0209 Y-0.0868
N84865 X-0.0366 Y-0.0556
N84870 X-0.0478 Y-0.0226
N84875 X-0.0557 Y0.0114
N84880 X-0.061 Y0.0459
N84885 X-0.0645 Y0.0806
N84890 X-0.0668 Y0.1154
N84895 X-0.0683 Y0.1503
N84900 X-0.0692 Y0.1851
N84905 X-0.0698 Y0.22
N84910 X-0.0702 Y0.2549
N84915 X-0.0704 Y0.2898
N84920 X-0.0706 Y0.3247
N84925 X-0.0708 Y0.3944
N84930 Y0.534
N84935 X-0.0709 Y1.8597
N84940 Y2.069
N84945 X-0.0604 Y2.1023
N84950 X-0.04 Y2.1306
N84955 X-0.0135 Y2.1532
N84960 X0.0169 Y2.1703
N84965 X0.0495 Y2.1828
N84970 X0.0833 Y2.1915
N84975 X0.1177 Y2.1974
N84980 X0.1524 Y2.2014
N84985 X0.1871 Y2.204
N84990 X0.222 Y2.2057
N84995 X0.2569 Y2.2068
N85000 X0.2917 Y2.2075
N85005 X0.3266 Y2.2079
N85010 X0.3615 Y2.2082
N85015 X0.3964 Y2.2084
N85020 X0.4549 Y2.2085
N85025 X0.4556
N85030 X0.4646 Y2.2087
N85035 X1.17
N85040 X1.2048 Y2.2104
N85045 X1.2397 Y2.2098
N85050 X1.2746 Y2.2094
N85055 X1.3095 Y2.2091
N85060 X1.3443 Y2.2089
N85065 X1.4141 Y2.2088
N85070 X1.5188 Y2.2087
N85075 X2.4607
N85080 X3.1585
N85085 X3.2631
N85090 X3.2804 Y2.2062
N85095 X3.3133 Y2.1947
N85100 X3.3413 Y2.1738
N85105 X3.3634 Y2.1469
N85110 X3.3801 Y2.1162
N85115 X3.3922 Y2.0835
N85120 X3.4007 Y2.0497
N85125 X3.4065 Y2.0153
N85130 X3.4103 Y1.9806
N85135 X3.4128 Y1.9458
N85140 X3.4145 Y1.9109
N85145 X3.4155 Y1.8761
N85150 X3.4162 Y1.8412
N85155 X3.4166 Y1.8063
N85160 X3.4169 Y1.7714
N85165 X3.417 Y1.7365
N85170 X3.4171 Y1.7017
N85175 X3.4172 Y1.6319
N85180 X3.4173 Y1.4574
N85185 Y0.4108
N85190 Y0.0794
N85195 X3.4107 Y0.0452
N85200 X3.393 Y0.0151
N85205 X3.368 Y-0.0092
N85210 X3.3385 Y-0.0279
N85215 X3.3064 Y-0.0416
N85220 X3.2729 Y-0.0514
N85225 X3.2387 Y-0.0581
N85230 X3.2041 Y-0.0626
N85235 X3.1694 Y-0.0656
N85240 X3.1345 Y-0.0675
N85245 X3.0997 Y-0.0687
N85250 X3.0648 Y-0.0695
N85255 X3.0299 Y-0.07
N85260 X2.995 Y-0.0703
N85265 X2.9601 Y-0.0705
N85270 X2.9252 Y-0.0706
N85275 X2.8915 Y-0.0707
N85280 X2.8908 Y-0.0708
N85285 X2.8818 Y-0.0709
N85290 X0.4725
N85295 X0.4377 Y-0.0726
N85300 X0.4028 Y-0.072
N85305 X0.3679 Y-0.0716
N85310 X0.333 Y-0.0713
N85315 X0.2982 Y-0.0711
N85320 X0.2284 Y-0.071
N85325 X0.1586 Y-0.0709
N85330 X0.1238 Y-0.0692
N85335 X0.0912 Y-0.0567
N85340 X0.0631 Y-0.036
N85345 X0.0401 Y-0.0098
N85350 X0.0221 Y0.0201
N85355 X0.0085 Y0.0522
N85360 X-0.0014 Y0.0857
N85365 X-0.0085 Y0.1198
N85370 X-0.0134 Y0.1544
N85375 X-0.0168 Y0.1891
N85380 X-0.0191 Y0.2239
N85385 X-0.0207 Y0.2587
N85390 X-0.0217 Y0.2936
N85395 X-0.0223 Y0.3285
N85400 X-0.0228 Y0.3634
N85405 X-0.0231 Y0.3983
N85410 X-0.0233 Y0.4332
N85415 X-0.0234 Y0.468
N85420 X-0.0235 Y0.5378
N85425 X-0.0236 Y0.6774
N85430 Y1.5146
N85435 Y1.9682
N85440 X-0.0206 Y2.0029
N85445 X-0.0087 Y2.0357
N85450 X0.0108 Y2.0646
N85455 X0.0359 Y2.0889
N85460 X0.0649 Y2.1083
N85465 X0.0963 Y2.1234
N85470 X0.1294 Y2.1346
N85475 X0.1633 Y2.1429
N85480 X0.1977 Y2.1487
N85485 X0.2298 Y2.1525
N85490 X0.241 Y2.1546
N85495 X0.2518 Y2.1581
N85500 X0.2621 Y2.1631
N85505 X0.2665 Y2.1655
N85510 X0.2744 Y2.1696
N85515 X0.2836 Y2.1734
N85520 X0.3299 Y2.1897
N85525 X0.3378 Y2.1923
N85530 X0.3539 Y2.1972
N85535 X0.3616 Y2.1991
N85540 X0.3774 Y2.2014
N85545 X0.3854 Y2.2024
N85550 X0.4329 Y2.2078
N85555 X0.4408 Y2.2082
N85560 X0.4556 Y2.2085
N85565 G3 X0.4692 Y2.2139 Z-0.548 I-0.0014 J0.0236
N85570 G2 X0.4866 Y2.2277 Z-0.5433 I0.3434 J-0.417
N85575 X0.5888 Y2.2886 I0.3259 J-0.4308
N85580 X0.5986 Y2.2907 I0.0098 J-0.0215
N85585 G1 X1.0264 Y2.2908
N85590 G2 X1.0361 Y2.2887 I0. J-0.0236
N85595 X1.1388 Y2.2274 I-0.2236 J-0.4917
N85600 X1.1558 Y2.214 Z-0.5479 I-0.3262 J-0.4305
N85605 G3 X1.17 Y2.2087 Z-0.5512 I0.015 J0.0182
N85610 G1 X1.1937
N85615 X1.2017 Y2.2084
N85620 X1.2175 Y2.2075
N85625 X1.2254 Y2.2064
N85630 X1.2413 Y2.2039
N85635 X1.2492 Y2.2025
N85640 X1.2651 Y2.1995
N85645 X1.273 Y2.1978
N85650 X1.2809 Y2.1952
N85655 X1.2888 Y2.192
N85660 X1.2908 Y2.1912
N85665 X1.3004 Y2.1875
N85670 X1.3109 Y2.1841
N85675 X1.3243 Y2.1804
N85680 X1.3417 Y2.1765
N85685 X1.3654 Y2.1724
N85690 X1.4001 Y2.1682
N85695 X1.4349 Y2.1656
N85700 X1.4697 Y2.1641
N85705 X1.5046 Y2.1631
N85710 X1.5395 Y2.1625
N85715 X1.5743 Y2.1621
N85720 X1.6092 Y2.1618
N85725 X1.6441 Y2.1617
N85730 X1.7139 Y2.1615
N85735 X1.8534 Y2.1614
N85740 X1.9768
N85745 X1.9915 Y2.1627
N85750 X2.0058 Y2.1664
N85755 X2.0192 Y2.1725
N85760 X2.0259 Y2.1763
N85765 X2.0357 Y2.1813
N85770 X2.0513 Y2.1893
N85775 X2.0576 Y2.192
N85780 X2.0655 Y2.1952
N85785 X2.0735 Y2.1978
N85790 X2.0814 Y2.1995
N85795 X2.0972 Y2.2025
N85800 X2.1052 Y2.2039
N85805 X2.121 Y2.2064
N85810 X2.1289 Y2.2075
N85815 X2.1448 Y2.2084
N85820 G3 X2.1669 Y2.2334 Z-0.5433 I-0.0014 J0.0236
N85825 X2.1432 Y2.2556 I-0.0236 J-0.0014
N85830 G1 X1.2862 Y2.2485
N85835 G3 X1.2644 Y2.2163 I0.0002 J-0.0236
N85840 G1 X1.2656 Y2.2136 Z-0.5439
N85845 X1.2671 Y2.2111 Z-0.5445
N85850 X1.2677 Y2.2103 Z-0.5448
N85855 G3 X1.2908 Y2.1912 Z-0.5512 I0.0501 J0.037
N85860 G1 X1.2951 Y2.1893
N85865 X1.3126 Y2.1804
N85870 X1.3206 Y2.1763
N85875 X1.3397 Y2.1655
N85880 X1.3443 Y2.1628
N85885 X1.3454 Y2.162
N85890 X1.3503 Y2.1586
N85895 X1.3558 Y2.1554
N85900 X1.3627 Y2.1519
N85905 X1.3709 Y2.1481
N85910 X1.3805 Y2.1444
N85915 X1.3926 Y2.1402
N85920 X1.407 Y2.1361
N85925 X1.4258 Y2.1317
N85930 X1.4504 Y2.1272
N85935 X1.485 Y2.1226
N85940 X1.5197 Y2.1196
N85945 X1.5546 Y2.1177
N85950 X1.5894 Y2.1165
N85955 X1.6243 Y2.1157
N85960 X1.6592 Y2.1152
N85965 X1.6941 Y2.1148
N85970 X1.729 Y2.1146
N85975 X1.7639 Y2.1144
N85980 X1.8336 Y2.1143
N85985 X1.9034 Y2.1142
N85990 X1.9161 Y2.1144
N85995 X1.9294 Y2.1156
N86000 X1.9424 Y2.1189
N86005 X1.9547 Y2.1241
N86010 X1.966 Y2.1311
N86015 X1.9761 Y2.1398
N86020 X1.9784 Y2.142
N86025 X1.9867 Y2.1497
N86030 X1.9954 Y2.1576
N86035 X2.0021 Y2.1628
N86040 X2.0067 Y2.1655
N86045 X2.0192 Y2.1725
N86050 G3 X2.0271 Y2.205 Z-0.5433 I-0.0123 J0.0202
N86055 X2.0065 Y2.2163 I-0.0202 J-0.0123
N86060 G1 X1.3602 Y2.2036
N86065 G3 X1.3426 Y2.1952 I0.0005 J-0.0236
N86070 X1.3454 Y2.162 Z-0.5512 I0.0181 J-0.0152
N86075 G1 X1.351 Y2.1576
N86080 X1.3602 Y2.1493
N86085 X1.3684 Y2.1418
N86090 X1.376 Y2.1341
N86095 X1.3809 Y2.1297
N86100 X1.3854 Y2.1259
N86105 X1.3904 Y2.1222
N86110 X1.3958 Y2.1186
N86115 X1.4024 Y2.1147
N86120 X1.4105 Y2.1104
N86125 X1.4197 Y2.106
N86130 X1.4302 Y2.1017
N86135 X1.4435 Y2.0969
N86140 X1.4586 Y2.0924
N86145 X1.478 Y2.0875
N86150 X1.5028 Y2.0825
N86155 X1.5362 Y2.0775
N86160 X1.5709 Y2.074
N86165 X1.6057 Y2.0717
N86170 X1.6405 Y2.0702
N86175 X1.6754 Y2.0691
N86180 X1.7103 Y2.0684
N86185 X1.7452 Y2.0679
N86190 X1.78 Y2.0676
N86195 X1.8149 Y2.0674
N86200 X1.8498 Y2.0673
N86205 X1.8702 Y2.0677
N86210 X1.8797 Y2.0684
N86215 X1.8948 Y2.0709
N86220 X1.9092 Y2.0759
N86225 X1.9224 Y2.0834
N86230 X1.9342 Y2.0931
N86235 X1.9441 Y2.1048
N86240 X1.9478 Y2.1101
N86245 X1.9546 Y2.1181
N86250 X1.9736 Y2.1372
N86255 X1.9761 Y2.1398
N86260 G3 X1.975 Y2.1732 Z-0.5433 I-0.0173 J0.0161
N86265 X1.9586 Y2.1795 I-0.0161 J-0.0173
N86270 G1 X1.3932 Y2.1737
N86275 G3 X1.3774 Y2.1675 I0.0002 J-0.0236
N86280 X1.376 Y2.1341 Z-0.5512 I0.016 J-0.0174
N86285 G1 X1.3919 Y2.118
N86290 X1.3986 Y2.1101
N86295 X1.4022 Y2.105
N86300 X1.406 Y2.1001
N86305 X1.4099 Y2.0957
N86310 X1.4141 Y2.0915
N86315 X1.4185 Y2.0876
N86320 X1.4233 Y2.0837
N86325 X1.4289 Y2.0797
N86330 X1.4359 Y2.0751
N86335 X1.4433 Y2.0708
N86340 X1.4524 Y2.0661
N86345 X1.4635 Y2.061
N86350 X1.4754 Y2.0562
N86355 X1.4908 Y2.0509
N86360 X1.5079 Y2.0459
N86365 X1.5299 Y2.0406
N86370 X1.5581 Y2.0352
N86375 X1.5926 Y2.0304
N86380 X1.6273 Y2.0271
N86385 X1.6622 Y2.0248
N86390 X1.697 Y2.0232
N86395 X1.7319 Y2.0221
N86400 X1.7668 Y2.0214
N86405 X1.8016 Y2.0209
N86410 X1.8264 Y2.0214
N86415 X1.8411 Y2.0223
N86420 X1.8552 Y2.0239
N86425 X1.8653 Y2.0256
N86430 X1.8662 Y2.0258
N86435 X1.8809 Y2.0303
N86440 X1.8946 Y2.0374
N86445 X1.9067 Y2.0468
N86450 X1.9171 Y2.0581
N86455 X1.9252 Y2.0711
N86460 X1.933 Y2.0863
N86465 X1.9387 Y2.0966
N86470 X1.9422 Y2.1022
N86475 X1.9441 Y2.1048
N86480 G3 X1.9373 Y2.1375 Z-0.5433 I-0.0197 J0.013
N86485 X1.9244 Y2.1414 I-0.013 J-0.0197
N86490 G1 X1.422 Y2.1416
N86495 G3 X1.409 Y2.1377 I0. J-0.0236
N86500 X1.4022 Y2.105 Z-0.5512 I0.013 J-0.0197
N86505 G1 X1.4042 Y2.1022
N86510 X1.4077 Y2.0966
N86515 X1.4135 Y2.0863
N86520 X1.4187 Y2.076
N86525 X1.4217 Y2.0709
N86530 X1.425 Y2.066
N86535 X1.4286 Y2.0614
N86540 X1.4326 Y2.057
N86545 X1.4368 Y2.0528
N86550 X1.4415 Y2.0485
N86555 X1.4472 Y2.0439
N86560 X1.4534 Y2.0393
N86565 X1.4611 Y2.0342
N86570 X1.4693 Y2.0293
N86575 X1.4796 Y2.0238
N86580 X1.4908 Y2.0185
N86585 X1.5044 Y2.0129
N86590 X1.5202 Y2.0073
N86595 X1.5391 Y2.0015
N86600 X1.5614 Y1.9959
N86605 X1.5901 Y1.9902
N86610 X1.6246 Y1.985
N86615 X1.6593 Y1.9813
N86620 X1.6941 Y1.9787
N86625 X1.7289 Y1.9769
N86630 X1.7638 Y1.9758
N86635 X1.7928 Y1.976
N86640 X1.81 Y1.9769
N86645 X1.8254 Y1.9785
N86650 X1.8363 Y1.9801
N86655 X1.8478 Y1.9825
N86660 X1.8525 Y1.9837
N86665 X1.8656 Y1.9882
N86670 X1.8778 Y1.995
N86675 X1.8887 Y2.0037
N86680 X1.8979 Y2.0141
N86685 X1.9052 Y2.0259
N86690 X1.9104 Y2.0388
N86695 X1.9209 Y2.0626
N86700 X1.9252 Y2.0711
N86705 G3 X1.9138 Y2.1025 Z-0.5433 I-0.0214 J0.01
N86710 X1.9041 Y2.1048 I-0.01 J-0.0214
N86715 G1 X1.4404 Y2.1096
N86720 G3 X1.4301 Y2.1074 I-0.0002 J-0.0236
N86725 X1.4187 Y2.076 Z-0.5512 I0.01 J-0.0214
N86730 G1 X1.4256 Y2.0626
N86735 X1.4345 Y2.0424
N86740 X1.4371 Y2.0371
N86745 X1.4401 Y2.032
N86750 X1.4435 Y2.0272
N86755 X1.4471 Y2.0225
N86760 X1.451 Y2.0181
N86765 X1.4555 Y2.0136
N86770 X1.4606 Y2.0088
N86775 X1.4665 Y2.0039
N86780 X1.4735 Y1.9986
N86785 X1.4812 Y1.9933
N86790 X1.4904 Y1.9876
N86795 X1.5005 Y1.9821
N86800 X1.5131 Y1.9759
N86805 X1.5264 Y1.9702
N86810 X1.5435 Y1.9638
N86815 X1.562 Y1.9579
N86820 X1.585 Y1.9518
N86825 X1.6136 Y1.9456
N86830 X1.648 Y1.94
N86835 X1.6827 Y1.9359
N86840 X1.7175 Y1.9331
N86845 X1.749 Y1.9319
N86850 X1.7732 Y1.9321
N86855 X1.7915 Y1.9332
N86860 X1.8072 Y1.9348
N86865 X1.8185 Y1.9366
N86870 X1.8297 Y1.9389
N86875 X1.8389 Y1.9413
N86880 X1.8472 Y1.9438
N86885 X1.8483 Y1.9442
N86890 X1.8622 Y1.9508
N86895 X1.8747 Y1.9596
N86900 X1.8855 Y1.9705
N86905 X1.8941 Y1.9832
N86910 X1.9004 Y1.9972
N86915 X1.9042 Y2.0121
N86920 X1.9046 Y2.0151
N86925 X1.907 Y2.0272
N86930 X1.908 Y2.0309
N86935 X1.9104 Y2.0388
N86940 G3 X1.8938 Y2.0678 Z-0.5433 I-0.0228 J0.0061
N86945 G1 X1.8909 Y2.0684
N86950 X1.8879 Y2.0686
N86955 X1.4568 Y2.0747
N86960 X1.4537 Y2.0746
N86965 X1.4506 Y2.074
N86970 X1.4477 Y2.0731
N86975 G3 X1.4345 Y2.0424 Z-0.5512 I0.0088 J-0.0219
N86980 G1 X1.436 Y2.0388
N86985 X1.4385 Y2.0309
N86990 X1.4394 Y2.0272
N86995 X1.4411 Y2.0186
N87000 X1.4425 Y2.0129
N87005 X1.4446 Y2.0074
N87010 X1.4471 Y2.002
N87015 X1.45 Y1.9969
N87020 X1.4533 Y1.992
N87025 X1.4568 Y1.9872
N87030 X1.4606 Y1.9826
N87035 X1.4653 Y1.9775
N87040 X1.4703 Y1.9725
N87045 X1.4765 Y1.9669
N87050 X1.4832 Y1.9614
N87055 X1.4913 Y1.9554
N87060 X1.5 Y1.9496
N87065 X1.5106 Y1.9433
N87070 X1.5221 Y1.9371
N87075 X1.5362 Y1.9305
N87080 X1.5515 Y1.9241
N87085 X1.5703 Y1.9174
N87090 X1.5917 Y1.9108
N87095 X1.6164 Y1.9046
N87100 X1.6456 Y1.8987
N87105 X1.6768 Y1.894
N87110 X1.7067 Y1.8909
N87115 X1.7325 Y1.8896
N87120 X1.7544 Y1.8895
N87125 X1.7736 Y1.8903
N87130 X1.7898 Y1.8919
N87135 X1.8021 Y1.8936
N87140 X1.8145 Y1.896
N87145 X1.8236 Y1.8982
N87150 X1.8334 Y1.9011
N87155 X1.8418 Y1.9041
N87160 X1.8489 Y1.9069
N87165 X1.8494 Y1.9072
N87170 X1.8621 Y1.9145
N87175 X1.8735 Y1.9238
N87180 X1.8831 Y1.9349
N87185 X1.8907 Y1.9475
N87190 X1.896 Y1.9612
N87195 X1.899 Y1.9756
N87200 X1.8999 Y1.9834
N87205 X1.9009 Y1.9913
N87210 X1.9042 Y2.0121
N87215 G3 X1.8836 Y2.0384 Z-0.5433 I-0.0234 J0.0029
N87220 G1 X1.8811 Y2.0386
N87225 X1.4649 Y2.046
N87230 X1.4628 Y2.0459
N87235 X1.4607 Y2.0457
N87240 G3 X1.4411 Y2.0186 Z-0.5512 I0.0037 J-0.0233
N87245 G1 X1.4418 Y2.0151
N87250 X1.4456 Y1.9913
N87255 X1.4457 Y1.99
N87260 X1.4468 Y1.9842
N87265 X1.4483 Y1.9785
N87270 X1.4503 Y1.9729
N87275 X1.4528 Y1.9676
N87280 X1.4556 Y1.9624
N87285 X1.4587 Y1.9574
N87290 X1.4621 Y1.9525
N87295 X1.4661 Y1.9474
N87300 X1.4707 Y1.942
N87305 X1.4759 Y1.9364
N87310 X1.4821 Y1.9304
N87315 X1.4888 Y1.9246
N87320 X1.497 Y1.9181
N87325 X1.5057 Y1.9118
N87330 X1.5163 Y1.905
N87335 X1.5277 Y1.8984
N87340 X1.5412 Y1.8915
N87345 X1.5565 Y1.8845
N87350 X1.5736 Y1.8777
N87355 X1.594 Y1.8707
N87360 X1.6157 Y1.8645
N87365 X1.6392 Y1.8589
N87370 X1.664 Y1.8543
N87375 X1.6886 Y1.851
N87380 X1.7122 Y1.8489
N87385 X1.733 Y1.8482
N87390 X1.7523 Y1.8484
N87395 X1.7695 Y1.8494
N87400 X1.785 Y1.8511
N87405 X1.7984 Y1.8532
N87410 X1.8094 Y1.8555
N87415 X1.8203 Y1.8584
N87420 X1.8287 Y1.861
N87425 X1.8378 Y1.8643
N87430 X1.8454 Y1.8675
N87435 X1.8524 Y1.871
N87440 X1.8653 Y1.8795
N87445 X1.8764 Y1.8902
N87450 X1.8854 Y1.9026
N87455 X1.8921 Y1.9165
N87460 X1.8962 Y1.9313
N87465 X1.8977 Y1.9467
N87470 Y1.9596
N87475 X1.898 Y1.9676
N87480 X1.899 Y1.9756
N87485 G3 X1.8774 Y2.0011 Z-0.5433 I-0.0235 J0.002
N87490 G1 X1.8763
N87495 X1.4701 Y2.0157
N87500 X1.4671 Y2.0156
N87505 G3 X1.4457 Y1.99 Z-0.5512 I0.0021 J-0.0235
N87510 G1 X1.4466 Y1.9834
N87515 X1.4484 Y1.9676
N87520 X1.4487 Y1.9596
N87525 X1.4491 Y1.9537
N87530 X1.4502 Y1.948
N87535 X1.4519 Y1.9423
N87540 X1.454 Y1.9368
N87545 X1.4565 Y1.9314
N87550 X1.4593 Y1.9262
N87555 X1.4624 Y1.921
N87560 X1.466 Y1.9158
N87565 X1.4701 Y1.9102
N87570 X1.475 Y1.9044
N87575 X1.4805 Y1.8984
N87580 X1.487 Y1.8919
N87585 X1.494 Y1.8856
N87590 X1.5024 Y1.8787
N87595 X1.5116 Y1.8719
N87600 X1.5222 Y1.8649
N87605 X1.5346 Y1.8575
N87610 X1.5476 Y1.8506
N87615 X1.5628 Y1.8434
N87620 X1.58 Y1.8363
N87625 X1.5978 Y1.8299
N87630 X1.6175 Y1.8239
N87635 X1.6387 Y1.8186
N87640 X1.6603 Y1.8143
N87645 X1.6819 Y1.811
N87650 X1.7031 Y1.8089
N87655 X1.7234 Y1.8078
N87660 X1.7419
N87665 X1.7589 Y1.8086
N87670 X1.7747 Y1.8101
N87675 X1.7892 Y1.8122
N87680 X1.8023 Y1.8147
N87685 X1.8124 Y1.8172
N87690 X1.8233 Y1.8204
N87695 X1.8319 Y1.8234
N87700 X1.8397 Y1.8266
N87705 X1.848 Y1.8305
N87710 X1.8546 Y1.834
N87715 X1.855 Y1.8342
N87720 X1.8672 Y1.8429
N87725 X1.8777 Y1.8535
N87730 X1.8862 Y1.8658
N87735 X1.8925 Y1.8794
N87740 X1.8963 Y1.8939
N87745 X1.8976 Y1.9088
N87750 X1.8977 Y1.9454
N87755 Y1.9467
N87760 G3 X1.8748 Y1.9696 Z-0.5436 I-0.0236 J-0.0007
N87765 G1 X1.8734 Z-0.5433
N87770 X1.4731 Y1.9825
N87775 X1.473
N87780 G3 X1.4487 Y1.9596 Z-0.5512 I-0.0007 J-0.0236
N87785 G1 X1.4488 Y1.9359
N87790 Y1.9296
N87795 X1.4491 Y1.9237
N87800 X1.4499 Y1.9178
N87805 X1.4512 Y1.9121
N87810 X1.453 Y1.9064
N87815 X1.4551 Y1.9009
N87820 X1.4576 Y1.8956
N87825 X1.4603 Y1.8903
N87830 X1.4635 Y1.8849
N87835 X1.4672 Y1.8792
N87840 X1.4717 Y1.8731
N87845 X1.4766 Y1.867
N87850 X1.4824 Y1.8605
N87855 X1.489 Y1.8538
N87860 X1.4963 Y1.847
N87865 X1.5051 Y1.8397
N87870 X1.5143 Y1.8326
N87875 X1.525 Y1.8253
N87880 X1.5372 Y1.8178
N87885 X1.5501 Y1.8107
N87890 X1.5647 Y1.8036
N87895 X1.5809 Y1.7966
N87900 X1.5984 Y1.7901
N87905 X1.6166 Y1.7843
N87910 X1.6358 Y1.7792
N87915 X1.6558 Y1.7749
N87920 X1.6759 Y1.7716
N87925 X1.6959 Y1.7693
N87930 X1.7153 Y1.7681
N87935 X1.7337 Y1.7678
N87940 X1.7507 Y1.7683
N87945 X1.767 Y1.7696
N87950 X1.7819 Y1.7716
N87955 X1.7956 Y1.774
N87960 X1.8081 Y1.7769
N87965 X1.818 Y1.7797
N87970 X1.8285 Y1.7833
N87975 X1.8366 Y1.7864
N87980 X1.8446 Y1.79
N87985 X1.8524 Y1.794
N87990 X1.854 Y1.7949
N87995 X1.8665 Y1.8036
N88000 X1.8772 Y1.8142
N88005 X1.8859 Y1.8266
N88010 X1.8924 Y1.8404
N88015 X1.8963 Y1.855
N88020 X1.8976 Y1.8701
N88025 Y1.9088
N88030 G3 X1.8753 Y1.9316 Z-0.5437 I-0.0236 J-0.0008
N88035 G1 X1.8732 Y1.9317 Z-0.5433
N88040 X1.4736 Y1.9523
N88045 X1.4732 Y1.9524
N88050 G3 X1.4488 Y1.9296 Z-0.5512 I-0.0008 J-0.0236
N88055 G1 Y1.8939
N88060 X1.4491 Y1.888
N88065 X1.4499 Y1.8822
N88070 X1.4512 Y1.8764
N88075 X1.4529 Y1.8707
N88080 X1.4549 Y1.8652
N88085 X1.4573 Y1.8598
N88090 X1.4601 Y1.8543
N88095 X1.4632 Y1.8488
N88100 X1.467 Y1.8428
N88105 X1.4713 Y1.8366
N88110 X1.4763 Y1.8302
N88115 X1.4821 Y1.8233
N88120 X1.4885 Y1.8166
N88125 X1.4959 Y1.8094
N88130 X1.5044 Y1.8021
N88135 X1.5135 Y1.7949
N88140 X1.5241 Y1.7873
N88145 X1.536 Y1.7797
N88150 X1.5484 Y1.7726
N88155 X1.5624 Y1.7654
N88160 X1.5778 Y1.7585
N88165 X1.5944 Y1.7519
N88170 X1.6118 Y1.746
N88175 X1.6298 Y1.7408
N88180 X1.6487 Y1.7364
N88185 X1.668 Y1.7329
N88190 X1.6873 Y1.7303
N88195 X1.7063 Y1.7287
N88200 X1.7247 Y1.7281
N88205 X1.7423 Y1.7283
N88210 X1.7587 Y1.7294
N88215 X1.7744 Y1.7311
N88220 X1.7888 Y1.7334
N88225 X1.8021 Y1.7362
N88230 X1.8129 Y1.7391
N88235 X1.8239 Y1.7425
N88240 X1.8329 Y1.7459
N88245 X1.8408 Y1.7492
N88250 X1.8492 Y1.7534
N88255 X1.8562 Y1.7572
N88260 X1.8681 Y1.7659
N88265 X1.8783 Y1.7765
N88270 X1.8866 Y1.7887
N88275 X1.8927 Y1.8021
N88280 X1.8964 Y1.8164
N88285 X1.8976 Y1.8311
N88290 Y1.8701
N88295 G3 X1.8754 Y1.8929 Z-0.5438 I-0.0236 J-0.0008
N88300 G1 X1.8732 Y1.893 Z-0.5433
N88305 X1.4738 Y1.9167
N88310 X1.4732
N88315 G3 X1.4488 Y1.8939 Z-0.5512 I-0.0008 J-0.0236
N88320 G1 Y1.8567
N88325 X1.4491 Y1.8508
N88330 X1.4499 Y1.845
N88335 X1.4511 Y1.8392
N88340 X1.4528 Y1.8335
N88345 X1.4548 Y1.828
N88350 X1.4571 Y1.8225
N88355 X1.4598 Y1.8169
N88360 X1.4629 Y1.8113
N88365 X1.4667 Y1.8052
N88370 X1.471 Y1.7988
N88375 X1.476 Y1.7923
N88380 X1.4818 Y1.7853
N88385 X1.4882 Y1.7784
N88390 X1.4955 Y1.7712
N88395 X1.504 Y1.7637
N88400 X1.5131 Y1.7563
N88405 X1.5233 Y1.7488
N88410 X1.5349 Y1.7412
N88415 X1.5475 Y1.7338
N88420 X1.5608 Y1.7268
N88425 X1.5756 Y1.7199
N88430 X1.5915 Y1.7134
N88435 X1.6085 Y1.7074
N88440 X1.6264 Y1.7021
N88445 X1.6447 Y1.6976
N88450 X1.6634 Y1.694
N88455 X1.6822 Y1.6912
N88460 X1.7008 Y1.6895
N88465 X1.7191 Y1.6886
N88470 X1.7368 Y1.6887
N88475 X1.7536 Y1.6895
N88480 X1.7697 Y1.6911
N88485 X1.7845 Y1.6933
N88490 X1.7981 Y1.6961
N88495 X1.8106 Y1.6992
N88500 X1.8205 Y1.7022
N88505 X1.8309 Y1.7059
N88510 X1.8388 Y1.7092
N88515 X1.8469 Y1.713
N88520 X1.8546 Y1.7171
N88525 X1.8554 Y1.7176
N88530 X1.8675 Y1.7263
N88535 X1.8779 Y1.7369
N88540 X1.8863 Y1.7492
N88545 X1.8926 Y1.7627
N88550 X1.8964 Y1.7771
N88555 X1.8976 Y1.792
N88560 Y1.8311
N88565 G3 X1.8755 Y1.8538 Z-0.5438 I-0.0236 J-0.0008
N88570 G1 X1.8732 Y1.854 Z-0.5433
N88575 X1.4739 Y1.8795
N88580 X1.4732
N88585 G3 X1.4488 Y1.8567 Z-0.5512 I-0.0008 J-0.0236
N88590 G1 Y1.8187
N88595 X1.4491 Y1.8128
N88600 X1.4499 Y1.807
N88605 X1.4511 Y1.8012
N88610 X1.4527 Y1.7955
N88615 X1.4546 Y1.7899
N88620 X1.4569 Y1.7845
N88625 X1.4596 Y1.7788
N88630 X1.4627 Y1.7731
N88635 X1.4664 Y1.767
N88640 X1.4707 Y1.7605
N88645 X1.4756 Y1.754
N88650 X1.4814 Y1.7469
N88655 X1.4877 Y1.7399
N88660 X1.4949 Y1.7327
N88665 X1.5032 Y1.7252
N88670 X1.5123 Y1.7177
N88675 X1.5223 Y1.7103
N88680 X1.5336 Y1.7027
N88685 X1.5462 Y1.6952
N88690 X1.5593 Y1.6881
N88695 X1.5737 Y1.6813
N88700 X1.5892 Y1.6748
N88705 X1.6058 Y1.6688
N88710 X1.6232 Y1.6634
N88715 X1.6412 Y1.6588
N88720 X1.6596 Y1.6551
N88725 X1.6782 Y1.6522
N88730 X1.6968 Y1.6503
N88735 X1.7151 Y1.6493
N88740 X1.7329 Y1.6492
N88745 X1.7501 Y1.6499
N88750 X1.7663 Y1.6514
N88755 X1.7814 Y1.6535
N88760 X1.7952 Y1.6561
N88765 X1.8081 Y1.6593
N88770 X1.8183 Y1.6622
N88775 X1.829 Y1.666
N88780 X1.8372 Y1.6693
N88785 X1.8453 Y1.673
N88790 X1.8532 Y1.6771
N88795 X1.8548 Y1.678
N88800 X1.867 Y1.6867
N88805 X1.8776 Y1.6974
N88810 X1.8862 Y1.7097
N88815 X1.8925 Y1.7233
N88820 X1.8963 Y1.7378
N88825 X1.8976 Y1.7528
N88830 Y1.792
N88835 G3 X1.8756 Y1.8147 Z-0.5438 I-0.0236 J-0.0008
N88840 G1 X1.8732 Y1.8149 Z-0.5433
N88845 X1.474 Y1.8415
N88850 X1.4732
N88855 G3 X1.4488 Y1.8187 Z-0.5512 I-0.0008 J-0.0236
N88860 G1 Y1.7811
N88865 X1.4491 Y1.7752
N88870 X1.4497 Y1.7693
N88875 X1.4508 Y1.7635
N88880 X1.4524 Y1.7578
N88885 X1.4542 Y1.7522
N88890 X1.4564 Y1.7467
N88895 X1.459 Y1.7411
N88900 X1.4619 Y1.7354
N88905 X1.4655 Y1.7293
N88910 X1.4697 Y1.7229
N88915 X1.4744 Y1.7164
N88920 X1.48 Y1.7093
N88925 X1.4862 Y1.7024
N88930 X1.4932 Y1.6952
N88935 X1.5013 Y1.6876
N88940 X1.51 Y1.6802
N88945 X1.5197 Y1.6728
N88950 X1.5308 Y1.6651
N88955 X1.5429 Y1.6576
N88960 X1.5557 Y1.6505
N88965 X1.5696 Y1.6436
N88970 X1.5848 Y1.637
N88975 X1.601 Y1.6309
N88980 X1.6181 Y1.6254
N88985 X1.6358 Y1.6206
N88990 X1.654 Y1.6166
N88995 X1.6724 Y1.6135
N89000 X1.691 Y1.6113
N89005 X1.7094 Y1.6101
N89010 X1.7273 Y1.6097
N89015 X1.7447 Y1.6102
N89020 X1.761 Y1.6114
N89025 X1.7767 Y1.6134
N89030 X1.791 Y1.6159
N89035 X1.8043 Y1.6189
N89040 X1.8149 Y1.6219
N89045 X1.8259 Y1.6256
N89050 X1.8347 Y1.629
N89055 X1.8427 Y1.6325
N89060 X1.851 Y1.6367
N89065 X1.8537 Y1.6382
N89070 X1.8662 Y1.6468
N89075 X1.8771 Y1.6575
N89080 X1.8858 Y1.67
N89085 X1.8923 Y1.6837
N89090 X1.8963 Y1.6984
N89095 X1.8976 Y1.7136
N89100 Y1.7528
N89105 G3 X1.8757 Y1.7755 Z-0.5438 I-0.0236 J-0.0008
N89110 G1 X1.8732 Y1.7757 Z-0.5433
N89115 X1.4741 Y1.8038
N89120 X1.4732 Y1.8039
N89125 G3 X1.4488 Y1.7811 Z-0.5512 I-0.0008 J-0.0236
N89130 G1 Y1.7415
N89135 X1.4491 Y1.7356
N89140 X1.4498 Y1.7297
N89145 X1.4509 Y1.7239
N89150 X1.4524 Y1.7182
N89155 X1.4543 Y1.7126
N89160 X1.4565 Y1.7072
N89165 X1.4591 Y1.7016
N89170 X1.4622 Y1.6957
N89175 X1.4657 Y1.6897
N89180 X1.47 Y1.6832
N89185 X1.4747 Y1.6766
N89190 X1.4802 Y1.6697
N89195 X1.4867 Y1.6624
N89200 X1.4937 Y1.6553
N89205 X1.5016 Y1.6479
N89210 X1.5107 Y1.6403
N89215 X1.5205 Y1.6328
N89220 X1.5312 Y1.6254
N89225 X1.5433 Y1.6179
N89230 X1.5566 Y1.6106
N89235 X1.5706 Y1.6037
N89240 X1.5854 Y1.5973
N89245 X1.6014 Y1.5913
N89250 X1.6183 Y1.5858
N89255 X1.636 Y1.5811
N89260 X1.6542 Y1.5772
N89265 X1.6726 Y1.5741
N89270 X1.6912 Y1.5719
N89275 X1.7096 Y1.5707
N89280 X1.7277 Y1.5704
N89285 X1.7452 Y1.5709
N89290 X1.7617 Y1.5722
N89295 X1.777 Y1.5741
N89300 X1.7911 Y1.5767
N89305 X1.8045 Y1.5797
N89310 X1.8151 Y1.5827
N89315 X1.8263 Y1.5864
N89320 X1.8348 Y1.5897
N89325 X1.8431 Y1.5934
N89330 X1.8512 Y1.5975
N89335 X1.8538 Y1.599
N89340 X1.8663 Y1.6077
N89345 X1.8771 Y1.6184
N89350 X1.8859 Y1.6308
N89355 X1.8923 Y1.6445
N89360 X1.8963 Y1.6592
N89365 X1.8976 Y1.6743
N89370 Y1.7136
N89375 G3 X1.8757 Y1.7363 Z-0.5438 I-0.0236 J-0.0008
N89380 G1 X1.8732 Y1.7365 Z-0.5433
N89385 X1.4741 Y1.7643
N89390 X1.4732
N89395 G3 X1.4488 Y1.7415 Z-0.5512 I-0.0008 J-0.0236
N89400 G1 Y1.7019
N89405 X1.4491 Y1.696
N89410 X1.4498 Y1.6902
N89415 X1.4509 Y1.6844
N89420 X1.4525 Y1.6787
N89425 X1.4544 Y1.6731
N89430 X1.4566 Y1.6676
N89435 X1.4592 Y1.662
N89440 X1.4623 Y1.656
N89445 X1.4658 Y1.65
N89450 X1.4702 Y1.6435
N89455 X1.4749 Y1.6369
N89460 X1.4805 Y1.63
N89465 X1.487 Y1.6227
N89470 X1.494 Y1.6156
N89475 X1.502 Y1.6081
N89480 X1.5111 Y1.6005
N89485 X1.5209 Y1.593
N89490 X1.5316 Y1.5857
N89495 X1.5437 Y1.5782
N89500 X1.5569 Y1.5709
N89505 X1.571 Y1.5641
N89510 X1.5858 Y1.5577
N89515 X1.6017 Y1.5517
N89520 X1.6186 Y1.5463
N89525 X1.6362 Y1.5416
N89530 X1.6544 Y1.5377
N89535 X1.673 Y1.5347
N89540 X1.6916 Y1.5325
N89545 X1.71 Y1.5313
N89550 X1.728 Y1.531
N89555 X1.7455 Y1.5316
N89560 X1.762 Y1.5329
N89565 X1.7773 Y1.5349
N89570 X1.7914 Y1.5374
N89575 X1.8047 Y1.5405
N89580 X1.8153 Y1.5435
N89585 X1.8265 Y1.5472
N89590 X1.835 Y1.5505
N89595 X1.8433 Y1.5543
N89600 X1.8502 Y1.5578
N89605 X1.8637 Y1.5662
N89610 X1.8753 Y1.577
N89615 X1.8848 Y1.5897
N89620 X1.8919 Y1.6039
N89625 X1.8962 Y1.6192
N89630 X1.8976 Y1.635
N89635 Y1.6743
N89640 G3 X1.8756 Y1.6971 Z-0.5438 I-0.0236 J-0.0008
N89645 G1 X1.8732 Y1.6972 Z-0.5433
N89650 X1.474 Y1.7247
N89655 X1.4732
N89660 G3 X1.4488 Y1.7019 Z-0.5512 I-0.0008 J-0.0236
N89665 G1 Y1.6623
N89670 X1.4491 Y1.6564
N89675 X1.4498 Y1.6506
N89680 X1.451 Y1.6448
N89685 X1.4525 Y1.6391
N89690 X1.4544 Y1.6335
N89695 X1.4566 Y1.628
N89700 X1.4593 Y1.6224
N89705 X1.4624 Y1.6165
N89710 X1.466 Y1.6104
N89715 X1.4703 Y1.6038
N89720 X1.4751 Y1.5972
N89725 X1.4806 Y1.5904
N89730 X1.4871 Y1.5831
N89735 X1.4941 Y1.5759
N89740 X1.5021 Y1.5685
N89745 X1.5113 Y1.5609
N89750 X1.5211 Y1.5534
N89755 X1.5318 Y1.5461
N89760 X1.5439 Y1.5387
N89765 X1.5571 Y1.5314
N89770 X1.5711 Y1.5245
N89775 X1.5859 Y1.5182
N89780 X1.6019 Y1.5122
N89785 X1.6188 Y1.5069
N89790 X1.6365 Y1.5022
N89795 X1.6547 Y1.4983
N89800 X1.6732 Y1.4953
N89805 X1.6918 Y1.4931
N89810 X1.7102 Y1.492
N89815 X1.7282 Y1.4917
N89820 X1.7457 Y1.4922
N89825 X1.7622 Y1.4936
N89830 X1.7775 Y1.4956
N89835 X1.7916 Y1.4981
N89840 X1.8042 Y1.5011
N89845 X1.8163 Y1.5045
N89850 X1.8266 Y1.5079
N89855 X1.8349 Y1.5112
N89860 X1.844 Y1.5153
N89865 X1.8513 Y1.519
N89870 X1.854 Y1.5206
N89875 X1.8665 Y1.5292
N89880 X1.8772 Y1.5399
N89885 X1.886 Y1.5523
N89890 X1.8924 Y1.566
N89895 X1.8963 Y1.5807
N89900 X1.8976 Y1.5958
N89905 Y1.635
N89910 G3 X1.8756 Y1.6578 Z-0.5438 I-0.0236 J-0.0008
N89915 G1 X1.8732 Y1.6579 Z-0.5433
N89920 X1.474 Y1.6851
N89925 X1.4732
N89930 G3 X1.4488 Y1.6623 Z-0.5512 I-0.0008 J-0.0236
N89935 G1 Y1.6227
N89940 X1.4491 Y1.6168
N89945 X1.4498 Y1.611
N89950 X1.451 Y1.6052
N89955 X1.4526 Y1.5995
N89960 X1.4545 Y1.5939
N89965 X1.4567 Y1.5884
N89970 X1.4593 Y1.5828
N89975 X1.4624 Y1.5769
N89980 X1.466 Y1.5708
N89985 X1.4704 Y1.5642
N89990 X1.4752 Y1.5577
N89995 X1.4807 Y1.5508
N90000 X1.4872 Y1.5435
N90005 X1.4943 Y1.5363
N90010 X1.5023 Y1.5289
N90015 X1.5114 Y1.5213
N90020 X1.5213 Y1.5139
N90025 X1.532 Y1.5065
N90030 X1.5441 Y1.4991
N90035 X1.5573 Y1.4919
N90040 X1.5714 Y1.485
N90045 X1.5862 Y1.4787
N90050 X1.6021 Y1.4728
N90055 X1.6191 Y1.4674
N90060 X1.6367 Y1.4627
N90065 X1.6549 Y1.4589
N90070 X1.6735 Y1.4559
N90075 X1.692 Y1.4538
N90080 X1.7104 Y1.4526
N90085 X1.7284 Y1.4523
N90090 X1.7458 Y1.4529
N90095 X1.7625 Y1.4543
N90100 X1.7777 Y1.4563
N90105 X1.7919 Y1.4589
N90110 X1.8052 Y1.462
N90115 X1.8157 Y1.465
N90120 X1.8269 Y1.4687
N90125 X1.8353 Y1.4721
N90130 X1.8436 Y1.4758
N90135 X1.8517 Y1.4799
N90140 X1.8581 Y1.4836
N90145 X1.8588 Y1.484
N90150 X1.8713 Y1.4938
N90155 X1.8818 Y1.5056
N90160 X1.89 Y1.5192
N90165 X1.8956 Y1.534
N90170 X1.8984 Y1.5496
N90175 X1.8983 Y1.5654
N90180 X1.8977 Y1.5717
N90185 X1.8976 Y1.5958
N90190 G3 X1.8756 Y1.6185 Z-0.5438 I-0.0236 J-0.0008
N90195 G1 X1.8732 Y1.6187 Z-0.5433
N90200 X1.474 Y1.6455
N90205 X1.4732
N90210 G3 X1.4488 Y1.6227 Z-0.5512 I-0.0008 J-0.0236
N90215 G1 Y1.5832
N90220 X1.4491 Y1.5773
N90225 X1.4498 Y1.5714
N90230 X1.451 Y1.5656
N90235 X1.4526 Y1.5599
N90240 X1.4545 Y1.5543
N90245 X1.4567 Y1.5489
N90250 X1.4594 Y1.5432
N90255 X1.4625 Y1.5373
N90260 X1.4661 Y1.5312
N90265 X1.4705 Y1.5246
N90270 X1.4753 Y1.5181
N90275 X1.4809 Y1.5112
N90280 X1.4874 Y1.5039
N90285 X1.4944 Y1.4967
N90290 X1.5025 Y1.4893
N90295 X1.5117 Y1.4817
N90300 X1.5215 Y1.4743
N90305 X1.5323 Y1.4669
N90310 X1.5443 Y1.4595
N90315 X1.5576 Y1.4523
N90320 X1.5717 Y1.4455
N90325 X1.5865 Y1.4391
N90330 X1.6025 Y1.4332
N90335 X1.6194 Y1.4279
N90340 X1.6371 Y1.4233
N90345 X1.6553 Y1.4194
N90350 X1.6738 Y1.4164
N90355 X1.6924 Y1.4144
N90360 X1.7108 Y1.4132
N90365 X1.7289 Y1.413
N90370 X1.7463 Y1.4136
N90375 X1.7628 Y1.415
N90380 X1.7781 Y1.417
N90385 X1.7922 Y1.4196
N90390 X1.8056 Y1.4228
N90395 X1.8171 Y1.426
N90400 X1.8268 Y1.4293
N90405 X1.8369 Y1.4333
N90410 X1.8445 Y1.4368
N90415 X1.8522 Y1.4407
N90420 X1.8598 Y1.4451
N90425 X1.8658 Y1.4489
N90430 X1.8666 Y1.4495
N90435 X1.8785 Y1.4598
N90440 X1.8884 Y1.4719
N90445 X1.8959 Y1.4857
N90450 X1.9008 Y1.5006
N90455 X1.9029 Y1.5161
N90460 X1.9022 Y1.5318
N90465 X1.9 Y1.5479
N90470 X1.8983 Y1.5654
N90475 G3 X1.8761 Y1.5859 Z-0.5442 I-0.0234 J-0.0031
N90480 G1 X1.8718 Y1.5861 Z-0.5433
N90485 X1.4736 Y1.6059
N90490 X1.4732
N90495 G3 X1.4488 Y1.5832 Z-0.5512 I-0.0008 J-0.0236
N90500 G1 Y1.5717
N90505 X1.4468 Y1.5515
N90510 X1.4465 Y1.5456
N90515 X1.4468 Y1.5397
N90520 X1.4476 Y1.5338
N90525 X1.4488 Y1.5281
N90530 X1.4504 Y1.5224
N90535 X1.4524 Y1.5168
N90540 X1.4546 Y1.5113
N90545 X1.4573 Y1.5054
N90550 X1.4604 Y1.4995
N90555 X1.4642 Y1.4932
N90560 X1.4686 Y1.4865
N90565 X1.4734 Y1.4799
N90570 X1.4792 Y1.4728
N90575 X1.4857 Y1.4655
N90580 X1.4928 Y1.4582
N90585 X1.501 Y1.4507
N90590 X1.5102 Y1.4429
N90595 X1.52 Y1.4355
N90600 X1.5309 Y1.4281
N90605 X1.5431 Y1.4206
N90610 X1.5564 Y1.4133
N90615 X1.5704 Y1.4065
N90620 X1.5853 Y1.4001
N90625 X1.6014 Y1.3941
N90630 X1.6184 Y1.3887
N90635 X1.6361 Y1.3841
N90640 X1.6544 Y1.3802
N90645 X1.673 Y1.3772
N90650 X1.6916 Y1.375
N90655 X1.71 Y1.3739
N90660 X1.728 Y1.3736
N90665 X1.7455 Y1.3742
N90670 X1.7623 Y1.3756
N90675 X1.7778 Y1.3776
N90680 X1.7921 Y1.3802
N90685 X1.8055 Y1.3833
N90690 X1.8181 Y1.3869
N90695 X1.8288 Y1.3905
N90700 X1.8382 Y1.3942
N90705 X1.8477 Y1.3985
N90710 X1.8549 Y1.4022
N90715 X1.8625 Y1.4065
N90720 X1.8697 Y1.4111
N90725 X1.8753 Y1.4151
N90730 X1.8803 Y1.4191
N90735 X1.8905 Y1.4286
N90740 X1.8988 Y1.4397
N90745 X1.9051 Y1.4521
N90750 X1.9092 Y1.4654
N90755 X1.9109 Y1.4792
N90760 X1.9101 Y1.4931
N90765 X1.907 Y1.5067
N90770 X1.9048 Y1.5162
N90775 X1.9032 Y1.5242
N90780 X1.9022 Y1.5318
N90785 G3 X1.8801 Y1.5513 Z-0.5444 I-0.0233 J-0.004
N90790 G1 X1.8749 Y1.5516 Z-0.5433
N90795 X1.4733 Y1.5719
N90800 X1.4714 Y1.572 Z-0.5437
N90805 G3 X1.4468 Y1.5515 Z-0.5512 I-0.0012 J-0.0236
N90810 G1 X1.4464 Y1.5479
N90815 X1.4443 Y1.5321
N90820 X1.4432 Y1.5242
N90825 X1.443 Y1.5229
N90830 X1.4421 Y1.517
N90835 X1.4418 Y1.5111
N90840 X1.4421 Y1.5052
N90845 X1.4429 Y1.4994
N90850 X1.4441 Y1.4936
N90855 X1.4456 Y1.4879
N90860 X1.4475 Y1.4823
N90865 X1.4497 Y1.4765
N90870 X1.4523 Y1.4708
N90875 X1.4555 Y1.4646
N90880 X1.4592 Y1.458
N90885 X1.4634 Y1.4514
N90890 X1.4684 Y1.4444
N90895 X1.4741 Y1.4371
N90900 X1.4803 Y1.4299
N90905 X1.4876 Y1.4223
N90910 X1.4958 Y1.4145
N90915 X1.5046 Y1.4069
N90920 X1.5145 Y1.3992
N90925 X1.5255 Y1.3915
N90930 X1.5376 Y1.3838
N90935 X1.5504 Y1.3766
N90940 X1.5643 Y1.3695
N90945 X1.5794 Y1.3628
N90950 X1.5955 Y1.3565
N90955 X1.6126 Y1.3509
N90960 X1.6302 Y1.3459
N90965 X1.6484 Y1.3418
N90970 X1.6669 Y1.3385
N90975 X1.6856 Y1.3361
N90980 X1.7043 Y1.3346
N90985 X1.7225 Y1.3341
N90990 X1.7402 Y1.3344
N90995 X1.7573 Y1.3356
N91000 X1.7736 Y1.3375
N91005 X1.789 Y1.3401
N91010 X1.8032 Y1.3432
N91015 X1.8162 Y1.3467
N91020 X1.8286 Y1.3506
N91025 X1.84 Y1.3549
N91030 X1.8497 Y1.3591
N91035 X1.8597 Y1.3641
N91040 X1.8674 Y1.3683
N91045 X1.8748 Y1.3729
N91050 X1.8819 Y1.3778
N91055 X1.8875 Y1.3821
N91060 X1.8934 Y1.3871
N91065 X1.8944 Y1.388
N91070 X1.9045 Y1.3991
N91075 X1.9124 Y1.4118
N91080 X1.9181 Y1.4256
N91085 X1.9213 Y1.4402
N91090 X1.922 Y1.4552
N91095 X1.92 Y1.47
N91100 X1.9156 Y1.4843
N91105 X1.9113 Y1.4949
N91110 X1.909 Y1.5004
N91115 X1.907 Y1.5067
N91120 G3 X1.8859 Y1.5222 Z-0.5453 I-0.0222 J-0.008
N91125 G1 X1.8835 Y1.5223 Z-0.5448
N91130 X1.8766 Y1.5226 Z-0.5433
N91135 X1.4715 Y1.5407
N91140 X1.467 Y1.5409 Z-0.5443
N91145 G3 X1.443 Y1.5229 Z-0.5512 I-0.0011 J-0.0236
N91150 G1 X1.4416 Y1.5162
N91155 X1.4394 Y1.5067
N91160 X1.4374 Y1.5004
N91165 X1.4369 Y1.4991
N91170 X1.435 Y1.4935
N91175 X1.434 Y1.4877
N91180 X1.4337 Y1.4818
N91185 X1.4338 Y1.4759
N91190 X1.4345 Y1.47
N91195 X1.4355 Y1.4642
N91200 X1.4368 Y1.4584
N91205 X1.4385 Y1.4528
N91210 X1.4405 Y1.4471
N91215 X1.443 Y1.4409
N91220 X1.4459 Y1.4346
N91225 X1.4493 Y1.428
N91230 X1.4534 Y1.421
N91235 X1.4581 Y1.4139
N91240 X1.4634 Y1.4066
N91245 X1.4696 Y1.3988
N91250 X1.4765 Y1.3911
N91255 X1.484 Y1.3833
N91260 X1.4927 Y1.3753
N91265 X1.5024 Y1.3671
N91270 X1.5127 Y1.3593
N91275 X1.5241 Y1.3514
N91280 X1.5368 Y1.3436
N91285 X1.5506 Y1.3359
N91290 X1.5654 Y1.3287
N91295 X1.5807 Y1.3221
N91300 X1.5971 Y1.3159
N91305 X1.6145 Y1.3104
N91310 X1.6325 Y1.3055
N91315 X1.6511 Y1.3015
N91320 X1.67 Y1.2984
N91325 X1.689 Y1.2962
N91330 X1.7079 Y1.2949
N91335 X1.7266 Y1.2946
N91340 X1.7448 Y1.2951
N91345 X1.7623 Y1.2965
N91350 X1.779 Y1.2987
N91355 X1.7946 Y1.3015
N91360 X1.8094 Y1.3049
N91365 X1.8233 Y1.3088
N91370 X1.8363 Y1.3131
N91375 X1.8482 Y1.3177
N91380 X1.8592 Y1.3226
N91385 X1.868 Y1.3271
N91390 X1.8772 Y1.3323
N91395 X1.8848 Y1.3372
N91400 X1.8914 Y1.3418
N91405 X1.8984 Y1.3473
N91410 X1.904 Y1.3522
N91415 X1.9092 Y1.3571
N91420 X1.9147 Y1.3628
N91425 X1.915 Y1.3632
N91430 X1.9234 Y1.3747
N91435 X1.9298 Y1.3873
N91440 X1.934 Y1.4009
N91445 X1.936 Y1.4149
N91450 X1.9356 Y1.4291
N91455 X1.9329 Y1.443
N91460 X1.928 Y1.4563
N91465 X1.9223 Y1.4687
N91470 X1.9187 Y1.4767
N91475 X1.9156 Y1.4843
N91480 G3 X1.8949 Y1.4982 Z-0.5456 I-0.0215 J-0.0097
N91485 G1 X1.8909 Y1.4983 Z-0.5448
N91490 X1.8841 Y1.4986 Z-0.5433
N91495 X1.4683 Y1.5128
N91500 X1.4615 Y1.5131 Z-0.5448
N91505 X1.4593 Y1.5132 Z-0.5452
N91510 G3 X1.4369 Y1.4991 Z-0.5512 I-0.0008 J-0.0236
N91515 G1 X1.4342 Y1.4925
N91520 X1.4277 Y1.4767
N91525 X1.4272 Y1.4753
N91530 X1.425 Y1.4698
N91535 X1.4237 Y1.4641
N91540 X1.4229 Y1.4582
N91545 X1.4227 Y1.4523
N91550 X1.4229 Y1.4464
N91555 X1.4235 Y1.4406
N91560 X1.4245 Y1.4347
N91565 X1.4257 Y1.429
N91570 X1.4274 Y1.423
N91575 X1.4293 Y1.417
N91580 X1.4318 Y1.4106
N91585 X1.4348 Y1.4037
N91590 X1.4383 Y1.3969
N91595 X1.4424 Y1.3895
N91600 X1.4472 Y1.3818
N91605 X1.4525 Y1.3742
N91610 X1.4587 Y1.3663
N91615 X1.4658 Y1.358
N91620 X1.4735 Y1.3498
N91625 X1.4821 Y1.3415
N91630 X1.4918 Y1.333
N91635 X1.5026 Y1.3245
N91640 X1.5141 Y1.3162
N91645 X1.5266 Y1.3082
N91650 X1.5402 Y1.3004
N91655 X1.555 Y1.2927
N91660 X1.5709 Y1.2855
N91665 X1.5877 Y1.2789
N91670 X1.6051 Y1.273
N91675 X1.6232 Y1.2678
N91680 X1.6419 Y1.2634
N91685 X1.6611 Y1.2598
N91690 X1.6806 Y1.2572
N91695 X1.7002 Y1.2555
N91700 X1.7196 Y1.2548
N91705 X1.7387 Y1.2551
N91710 X1.757 Y1.2562
N91715 X1.7747 Y1.2581
N91720 X1.7916 Y1.2608
N91725 X1.8077 Y1.2642
N91730 X1.8228 Y1.2682
N91735 X1.837 Y1.2726
N91740 X1.8499 Y1.2774
N91745 X1.8619 Y1.2825
N91750 X1.8731 Y1.2879
N91755 X1.8835 Y1.2936
N91760 X1.8923 Y1.2989
N91765 X1.9003 Y1.3044
N91770 X1.908 Y1.3101
N91775 X1.914 Y1.3152
N91780 X1.9205 Y1.3211
N91785 X1.9258 Y1.3265
N91790 X1.9305 Y1.3317
N91795 X1.9355 Y1.3379
N91800 X1.9395 Y1.3433
N91805 X1.9465 Y1.3562
N91810 X1.9512 Y1.3701
N91815 X1.9535 Y1.3845
N91820 X1.9533 Y1.3992
N91825 X1.9506 Y1.4136
N91830 X1.9455 Y1.4273
N91835 X1.9381 Y1.44
N91840 G3 X1.9212 Y1.4493 Z-0.547 I-0.0188 J-0.0143
N91845 G1 X1.9108 Y1.4501 Z-0.5448
N91850 X1.904 Y1.4507 Z-0.5433
N91855 X1.4591 Y1.4877
N91860 X1.4523 Y1.4883 Z-0.5448
N91865 X1.4503 Y1.4885 Z-0.5452
N91870 G3 X1.4272 Y1.4753 Z-0.5512 I-0.002 J-0.0235
N91875 G1 X1.4236 Y1.4674
N91880 X1.4157 Y1.4504
N91885 X1.4132 Y1.445
N91890 X1.4116 Y1.4393
N91895 X1.4106 Y1.4335
N91900 X1.4101 Y1.4276
N91905 X1.41 Y1.4217
N91910 X1.4104 Y1.4158
N91915 X1.411 Y1.41
N91920 X1.412 Y1.4041
N91925 X1.4133 Y1.3982
N91930 X1.4151 Y1.3918
N91935 X1.4172 Y1.3854
N91940 X1.4198 Y1.3784
N91945 X1.423 Y1.3711
N91950 X1.4267 Y1.3638
N91955 X1.431 Y1.356
N91960 X1.4361 Y1.3479
N91965 X1.4418 Y1.3397
N91970 X1.4483 Y1.3314
N91975 X1.4557 Y1.3226
N91980 X1.464 Y1.3138
N91985 X1.4729 Y1.3052
N91990 X1.4829 Y1.2964
N91995 X1.4942 Y1.2875
N92000 X1.5065 Y1.2786
N92005 X1.5195 Y1.2702
N92010 X1.5336 Y1.2621
N92015 X1.5488 Y1.2543
N92020 X1.5651 Y1.2468
N92025 X1.5824 Y1.24
N92030 X1.6006 Y1.2337
N92035 X1.6195 Y1.2283
N92040 X1.6389 Y1.2237
N92045 X1.6588 Y1.22
N92050 X1.6788 Y1.2172
N92055 X1.699 Y1.2155
N92060 X1.719 Y1.2147
N92065 X1.7386 Y1.215
N92070 X1.7578 Y1.2161
N92075 X1.7764 Y1.2181
N92080 X1.7943 Y1.2209
N92085 X1.8114 Y1.2245
N92090 X1.8277 Y1.2287
N92095 X1.843 Y1.2335
N92100 X1.857 Y1.2387
N92105 X1.8701 Y1.2442
N92110 X1.8821 Y1.25
N92115 X1.8935 Y1.2562
N92120 X1.9037 Y1.2624
N92125 X1.9132 Y1.2689
N92130 X1.9219 Y1.2754
N92135 X1.9288 Y1.2811
N92140 X1.9361 Y1.2877
N92145 X1.9418 Y1.2935
N92150 X1.9469 Y1.2992
N92155 X1.9523 Y1.3058
N92160 X1.9565 Y1.3114
N92165 X1.9603 Y1.3172
N92170 X1.9614 Y1.3191
N92175 X1.968 Y1.3326
N92180 X1.9721 Y1.347
N92185 X1.9736 Y1.3619
N92190 X1.9726 Y1.3768
N92195 X1.969 Y1.3913
N92200 X1.9629 Y1.405
N92205 X1.9546 Y1.4175
N92210 X1.9517 Y1.4212
N92215 X1.9467 Y1.4278
N92220 X1.9381 Y1.44
N92225 G3 X1.9198 Y1.4493 Z-0.5467 I-0.0188 J-0.0143
N92230 G1 X1.9108 Y1.4495 Z-0.5448
N92235 X1.9039 Y1.4497 Z-0.5433
N92240 X1.4491 Y1.4608
N92245 X1.4422 Y1.4609 Z-0.5448
N92250 X1.436 Y1.4611 Z-0.5461
N92255 G3 X1.4157 Y1.4504 Z-0.5512 I-0.0006 J-0.0236
N92260 G1 X1.4152 Y1.4497
N92265 X1.4046 Y1.4347
N92270 X1.4015 Y1.4297
N92275 X1.3991 Y1.4243
N92280 X1.3972 Y1.4187
N92285 X1.3959 Y1.4129
N92290 X1.3951 Y1.4071
N92295 X1.3946 Y1.4012
N92300 Y1.3953
N92305 X1.3949 Y1.3894
N92310 X1.3955 Y1.3835
N92315 X1.3965 Y1.3774
N92320 X1.3977 Y1.3711
N92325 X1.3995 Y1.3644
N92330 X1.4017 Y1.3572
N92335 X1.4043 Y1.35
N92340 X1.4076 Y1.3423
N92345 X1.4114 Y1.3342
N92350 X1.4158 Y1.326
N92355 X1.4209 Y1.3176
N92360 X1.4269 Y1.3087
N92365 X1.4337 Y1.2996
N92370 X1.4411 Y1.2907
N92375 X1.4494 Y1.2815
N92380 X1.4589 Y1.272
N92385 X1.4694 Y1.2625
N92390 X1.4805 Y1.2534
N92395 X1.4928 Y1.2443
N92400 X1.5063 Y1.2353
N92405 X1.521 Y1.2265
N92410 X1.5369 Y1.218
N92415 X1.5536 Y1.21
N92420 X1.571 Y1.2028
N92425 X1.5894 Y1.1962
N92430 X1.6087 Y1.1903
N92435 X1.6287 Y1.1852
N92440 X1.6492 Y1.181
N92445 X1.67 Y1.1779
N92450 X1.691 Y1.1757
N92455 X1.712 Y1.1746
N92460 X1.7328 Y1.1745
N92465 X1.7533 Y1.1754
N92470 X1.7733 Y1.1772
N92475 X1.7926 Y1.18
N92480 X1.811 Y1.1835
N92485 X1.8283 Y1.1877
N92490 X1.8448 Y1.1926
N92495 X1.8605 Y1.1981
N92500 X1.8753 Y1.204
N92505 X1.8892 Y1.2105
N92510 X1.9017 Y1.217
N92515 X1.9133 Y1.2238
N92520 X1.9239 Y1.2308
N92525 X1.9339 Y1.238
N92530 X1.9429 Y1.2452
N92535 X1.9505 Y1.2519
N92540 X1.9574 Y1.2587
N92545 X1.964 Y1.2658
N92550 X1.969 Y1.2718
N92555 X1.9742 Y1.2786
N92560 X1.9787 Y1.2852
N92565 X1.9823 Y1.291
N92570 X1.986 Y1.2977
N92575 X1.9866 Y1.2988
N92580 X1.9918 Y1.3122
N92585 X1.9948 Y1.3264
N92590 X1.9953 Y1.3408
N92595 X1.9935 Y1.3551
N92600 X1.9893 Y1.3689
N92605 X1.9829 Y1.3818
N92610 X1.9744 Y1.3935
N92615 X1.9704 Y1.3981
N92620 X1.9644 Y1.4054
N92625 X1.9553 Y1.4166
N92630 X1.9546 Y1.4175
N92635 G3 X1.9375 Y1.4256 Z-0.5471 I-0.0179 J-0.0154
N92640 G1 X1.9267 Y1.426 Z-0.5448
N92645 X1.9199 Y1.4263 Z-0.5433
N92650 X1.4388 Y1.4435
N92655 X1.4319 Y1.4437 Z-0.5448
N92660 X1.4243 Y1.444 Z-0.5464
N92665 G3 X1.4046 Y1.4347 Z-0.5512 I-0.0008 J-0.0236
N92670 G1 X1.3998 Y1.4278
N92675 X1.3948 Y1.4212
N92680 X1.3919 Y1.4175
N92685 X1.39 Y1.4152
N92690 X1.3866 Y1.4104
N92695 X1.3838 Y1.4052
N92700 X1.3816 Y1.3997
N92705 X1.3799 Y1.3941
N92710 X1.3787 Y1.3883
N92715 X1.3778 Y1.3824
N92720 X1.3774 Y1.3765
N92725 X1.3773 Y1.3706
N92730 X1.3775 Y1.3647
N92735 X1.378 Y1.3586
N92740 X1.3789 Y1.3523
N92745 X1.3801 Y1.3454
N92750 X1.3819 Y1.3382
N92755 X1.384 Y1.3308
N92760 X1.3867 Y1.323
N92765 X1.39 Y1.3147
N92770 X1.3937 Y1.3064
N92775 X1.3982 Y1.2977
N92780 X1.4035 Y1.2885
N92785 X1.4096 Y1.2791
N92790 X1.4162 Y1.2698
N92795 X1.4238 Y1.2602
N92800 X1.4325 Y1.2503
N92805 X1.4422 Y1.2402
N92810 X1.4526 Y1.2305
N92815 X1.4641 Y1.2207
N92820 X1.4769 Y1.2108
N92825 X1.4908 Y1.2011
N92830 X1.5059 Y1.1916
N92835 X1.5217 Y1.1827
N92840 X1.5385 Y1.1744
N92845 X1.5564 Y1.1665
N92850 X1.5754 Y1.1592
N92855 X1.5953 Y1.1527
N92860 X1.616 Y1.1471
N92865 X1.6373 Y1.1423
N92870 X1.659 Y1.1386
N92875 X1.6809 Y1.1359
N92880 X1.703 Y1.1343
N92885 X1.7249 Y1.1337
N92890 X1.7466 Y1.1343
N92895 X1.7678 Y1.1358
N92900 X1.7884 Y1.1383
N92905 X1.8084 Y1.1418
N92910 X1.8276 Y1.146
N92915 X1.8461 Y1.1511
N92920 X1.8633 Y1.1567
N92925 X1.8794 Y1.1629
N92930 X1.8946 Y1.1696
N92935 X1.909 Y1.1767
N92940 X1.9223 Y1.1842
N92945 X1.9345 Y1.1919
N92950 X1.9456 Y1.1995
N92955 X1.9557 Y1.2074
N92960 X1.9651 Y1.2154
N92965 X1.9736 Y1.2234
N92970 X1.9808 Y1.2308
N92975 X1.9871 Y1.238
N92980 X1.9931 Y1.2456
N92985 X1.9977 Y1.2519
N92990 X2.0024 Y1.2592
N92995 X2.0063 Y1.266
N93000 X2.0094 Y1.2721
N93005 X2.0105 Y1.2745
N93010 X2.0153 Y1.2878
N93015 X2.0179 Y1.3016
N93020 X2.0181 Y1.3157
N93025 X2.0161 Y1.3296
N93030 X2.0119 Y1.343
N93035 X2.0056 Y1.3556
N93040 X1.9973 Y1.367
N93045 X1.9744 Y1.3935
N93050 G3 X1.958 Y1.4011 Z-0.5472 I-0.0173 J-0.016
N93055 G1 X1.9463 Y1.4015 Z-0.5448
N93060 X1.9395 Y1.4018 Z-0.5433
N93065 X1.4247 Y1.4227
N93070 X1.4179 Y1.423 Z-0.5448
N93075 X1.4089 Y1.4234 Z-0.5467
N93080 G3 X1.39 Y1.4152 Z-0.5512 I-0.001 J-0.0236
N93085 G1 X1.3821 Y1.4054
N93090 X1.3755 Y1.3975
N93095 X1.3734 Y1.3951
N93100 X1.3698 Y1.3904
N93105 X1.3668 Y1.3853
N93110 X1.3643 Y1.38
N93115 X1.3624 Y1.3744
N93120 X1.3608 Y1.3687
N93125 X1.3597 Y1.3629
N93130 X1.359 Y1.357
N93135 X1.3585 Y1.3512
N93140 X1.3584 Y1.3452
N93145 X1.3586 Y1.339
N93150 X1.3592 Y1.3325
N93155 X1.3601 Y1.3256
N93160 X1.3614 Y1.3182
N93165 X1.3632 Y1.3105
N93170 X1.3654 Y1.3026
N93175 X1.3682 Y1.2942
N93180 X1.3717 Y1.2854
N93185 X1.3757 Y1.2765
N93190 X1.3805 Y1.2671
N93195 X1.386 Y1.2574
N93200 X1.3924 Y1.2474
N93205 X1.3994 Y1.2375
N93210 X1.4075 Y1.2272
N93215 X1.4166 Y1.2167
N93220 X1.4269 Y1.2059
N93225 X1.4379 Y1.1955
N93230 X1.4499 Y1.1851
N93235 X1.4632 Y1.1748
N93240 X1.4777 Y1.1646
N93245 X1.4934 Y1.1546
N93250 X1.5103 Y1.145
N93255 X1.528 Y1.1361
N93260 X1.5466 Y1.1278
N93265 X1.5663 Y1.1202
N93270 X1.5871 Y1.1133
N93275 X1.6086 Y1.1072
N93280 X1.6309 Y1.1022
N93285 X1.6536 Y1.0981
N93290 X1.6767 Y1.0952
N93295 X1.6999 Y1.0934
N93300 X1.723 Y1.0927
N93305 X1.7459 Y1.0932
N93310 X1.7684 Y1.0947
N93315 X1.7905 Y1.0973
N93320 X1.812 Y1.1009
N93325 X1.8326 Y1.1054
N93330 X1.8522 Y1.1107
N93335 X1.8709 Y1.1166
N93340 X1.8884 Y1.1233
N93345 X1.905 Y1.1304
N93350 X1.9206 Y1.1381
N93355 X1.9353 Y1.1463
N93360 X1.949 Y1.1548
N93365 X1.9613 Y1.1632
N93370 X1.9725 Y1.1718
N93375 X1.9827 Y1.1804
N93380 X1.9922 Y1.1892
N93385 X2.0006 Y1.1979
N93390 X2.0075 Y1.2057
N93395 X2.014 Y1.2138
N93400 X2.0196 Y1.2215
N93405 X2.024 Y1.2283
N93410 X2.0286 Y1.2361
N93415 X2.032 Y1.2428
N93420 X2.0327 Y1.2442
N93425 X2.0376 Y1.2577
N93430 X2.0402 Y1.2719
N93435 X2.0405 Y1.2862
N93440 X2.0383 Y1.3004
N93445 X2.0339 Y1.3141
N93450 X2.0273 Y1.3268
N93455 X2.0176 Y1.3421
N93460 X2.0119 Y1.35
N93465 X1.9973 Y1.367
N93470 G3 X1.9811 Y1.3745 Z-0.5473 I-0.0173 J-0.016
N93475 G1 X1.9692 Y1.3751 Z-0.5448
N93480 X1.9624 Y1.3754 Z-0.5433
N93485 X1.4084 Y1.4019
N93490 X1.4015 Y1.4022 Z-0.5448
N93495 X1.3919 Y1.4026 Z-0.5468
N93500 G3 X1.3734 Y1.3951 Z-0.5512 I-0.0011 J-0.0236
N93505 G1 X1.355 Y1.3737
N93510 X1.3514 Y1.3691
N93515 X1.3482 Y1.3641
N93520 X1.3456 Y1.3588
N93525 X1.3435 Y1.3533
N93530 X1.3418 Y1.3476
N93535 X1.3404 Y1.3419
N93540 X1.3395 Y1.336
N93545 X1.3388 Y1.3302
N93550 X1.3385 Y1.3243
N93555 Y1.318
N93560 X1.3387 Y1.3112
N93565 X1.3394 Y1.3043
N93570 X1.3404 Y1.2968
N93575 X1.3419 Y1.2888
N93580 X1.3439 Y1.2806
N93585 X1.3464 Y1.2721
N93590 X1.3496 Y1.263
N93595 X1.3534 Y1.2535
N93600 X1.3578 Y1.244
N93605 X1.363 Y1.2339
N93610 X1.3691 Y1.2234
N93615 X1.3761 Y1.2127
N93620 X1.3837 Y1.2022
N93625 X1.3924 Y1.1913
N93630 X1.4023 Y1.1801
N93635 X1.4134 Y1.1687
N93640 X1.4253 Y1.1576
N93645 X1.4383 Y1.1466
N93650 X1.4525 Y1.1357
N93655 X1.468 Y1.125
N93660 X1.4848 Y1.1146
N93665 X1.5028 Y1.1046
N93670 X1.5219 Y1.0952
N93675 X1.5418 Y1.0865
N93680 X1.5626 Y1.0787
N93685 X1.5845 Y1.0716
N93690 X1.6072 Y1.0655
N93695 X1.6307 Y1.0604
N93700 X1.6547 Y1.0564
N93705 X1.679 Y1.0535
N93710 X1.7034 Y1.0518
N93715 X1.7279 Y1.0513
N93720 X1.7521 Y1.052
N93725 X1.776 Y1.0539
N93730 X1.7994 Y1.0568
N93735 X1.822 Y1.0608
N93740 X1.8438 Y1.0658
N93745 X1.8645 Y1.0716
N93750 X1.8842 Y1.0781
N93755 X1.903 Y1.0854
N93760 X1.9208 Y1.0933
N93765 X1.9376 Y1.1017
N93770 X1.9533 Y1.1106
N93775 X1.9679 Y1.1199
N93780 X1.9812 Y1.1292
N93785 X1.9932 Y1.1386
N93790 X2.0042 Y1.148
N93795 X2.0142 Y1.1575
N93800 X2.0231 Y1.1669
N93805 X2.0302 Y1.175
N93810 X2.0369 Y1.1836
N93815 X2.0425 Y1.1914
N93820 X2.047 Y1.1984
N93825 X2.0517 Y1.2067
N93830 X2.0574 Y1.2209
N93835 X2.0605 Y1.236
N93840 X2.0609 Y1.2514
N93845 X2.0586 Y1.2667
N93850 X2.0536 Y1.2812
N93855 X2.0497 Y1.29
N93860 X2.0471 Y1.2946
N93865 X2.0326 Y1.3183
N93870 X2.0273 Y1.3268
N93875 G3 X2.0094 Y1.337 Z-0.5467 I-0.0195 J-0.0133
N93880 G1 X2.0005 Y1.3376 Z-0.5448
N93885 X1.9937 Y1.3381 Z-0.5433
N93890 X1.3899 Y1.3801
N93895 X1.3831 Y1.3806 Z-0.5448
N93900 X1.374 Y1.3813 Z-0.5467
N93905 G3 X1.355 Y1.3737 Z-0.5512 I-0.0016 J-0.0236
N93910 G1 X1.3345 Y1.35
N93915 X1.3301 Y1.343
N93920 X1.3271 Y1.3379
N93925 X1.3246 Y1.3325
N93930 X1.3226 Y1.327
N93935 X1.321 Y1.3213
N93940 X1.3197 Y1.3155
N93945 X1.3188 Y1.3097
N93950 X1.3182 Y1.3038
N93955 X1.3178 Y1.2976
N93960 Y1.2909
N93965 X1.3181 Y1.284
N93970 X1.3188 Y1.2765
N93975 X1.3199 Y1.2686
N93980 X1.3214 Y1.2604
N93985 X1.3235 Y1.2517
N93990 X1.3263 Y1.2423
N93995 X1.3295 Y1.233
N94000 X1.3335 Y1.2232
N94005 X1.3383 Y1.2128
N94010 X1.3439 Y1.202
N94015 X1.3502 Y1.1912
N94020 X1.3575 Y1.1801
N94025 X1.3658 Y1.1685
N94030 X1.3753 Y1.1567
N94035 X1.3856 Y1.145
N94040 X1.3969 Y1.1335
N94045 X1.4095 Y1.1217
N94050 X1.4236 Y1.1098
N94055 X1.4389 Y1.0981
N94060 X1.4555 Y1.0867
N94065 X1.473 Y1.0759
N94070 X1.4914 Y1.0656
N94075 X1.5113 Y1.0559
N94080 X1.5323 Y1.0467
N94085 X1.5545 Y1.0384
N94090 X1.5777 Y1.0309
N94095 X1.6018 Y1.0244
N94100 X1.6265 Y1.0191
N94105 X1.6518 Y1.0148
N94110 X1.6774 Y1.0118
N94115 X1.7032 Y1.0101
N94120 X1.729 Y1.0096
N94125 X1.7545 Y1.0103
N94130 X1.7797 Y1.0123
N94135 X1.8044 Y1.0154
N94140 X1.8283 Y1.0197
N94145 X1.8515 Y1.025
N94150 X1.8738 Y1.0312
N94155 X1.8953 Y1.0383
N94160 X1.9157 Y1.0463
N94165 X1.935 Y1.0549
N94170 X1.9529 Y1.0639
N94175 X1.9695 Y1.0733
N94180 X1.9851 Y1.0832
N94185 X1.9996 Y1.0934
N94190 X2.0127 Y1.1036
N94195 X2.0244 Y1.1137
N94200 X2.0348 Y1.1235
N94205 X2.0439 Y1.1331
N94210 X2.0508 Y1.1411
N94215 X2.0578 Y1.15
N94220 X2.0628 Y1.1571
N94225 X2.0644 Y1.1595
N94230 X2.0713 Y1.1729
N94235 X2.0759 Y1.1872
N94240 X2.0779 Y1.2022
N94245 X2.0772 Y1.2173
N94250 X2.074 Y1.232
N94255 X2.0735 Y1.2337
N94260 X2.0714 Y1.2391
N94265 X2.0618 Y1.2629
N94270 X2.0536 Y1.2812
N94275 G3 X2.0346 Y1.2944 Z-0.546 I-0.0212 J-0.0104
N94280 G1 X2.0285 Y1.2949 Z-0.5448
N94285 X2.0217 Y1.2956 Z-0.5433
N94290 X1.3694 Y1.356
N94295 X1.3626 Y1.3567 Z-0.5448
N94300 X1.3541 Y1.3575 Z-0.5466
N94305 G3 X1.3345 Y1.35 Z-0.5512 I-0.0022 J-0.0235
N94310 G1 X1.3289 Y1.3421
N94315 X1.3139 Y1.3183
N94320 X1.3098 Y1.3116
N94325 X1.3069 Y1.3064
N94330 X1.3045 Y1.301
N94335 X1.3025 Y1.2955
N94340 X1.3009 Y1.2898
N94345 X1.2997 Y1.284
N94350 X1.2988 Y1.2782
N94355 X1.2982 Y1.2723
N94360 X1.2979 Y1.266
N94365 X1.298 Y1.2592
N94370 X1.2983 Y1.2522
N94375 X1.2991 Y1.2445
N94380 X1.3003 Y1.2363
N94385 X1.302 Y1.228
N94390 X1.3042 Y1.219
N94395 X1.3072 Y1.2093
N94400 X1.3106 Y1.1996
N94405 X1.3149 Y1.1893
N94410 X1.32 Y1.1785
N94415 X1.326 Y1.1673
N94420 X1.3326 Y1.1561
N94425 X1.3404 Y1.1445
N94430 X1.3493 Y1.1323
N94435 X1.3594 Y1.1199
N94440 X1.3704 Y1.1077
N94445 X1.3826 Y1.0954
N94450 X1.3961 Y1.083
N94455 X1.411 Y1.0707
N94460 X1.4273 Y1.0585
N94465 X1.4449 Y1.0466
N94470 X1.4634 Y1.0353
N94475 X1.483 Y1.0247
N94480 X1.5041 Y1.0145
N94485 X1.5266 Y1.005
N94490 X1.5502 Y0.9964
N94495 X1.5748 Y0.9887
N94500 X1.6003 Y0.982
N94505 X1.6264 Y0.9766
N94510 X1.6531 Y0.9724
N94515 X1.6801 Y0.9694
N94520 X1.7073 Y0.9678
N94525 X1.7344 Y0.9675
N94530 X1.7613 Y0.9686
N94535 X1.7879 Y0.9709
N94540 X1.8139 Y0.9744
N94545 X1.8393 Y0.9791
N94550 X1.864 Y0.985
N94555 X1.8878 Y0.9919
N94560 X1.9105 Y0.9996
N94565 X1.9322 Y1.0083
N94570 X1.9526 Y1.0176
N94575 X1.9716 Y1.0274
N94580 X1.9892 Y1.0376
N94585 X2.0056 Y1.0481
N94590 X2.0207 Y1.0589
N94595 X2.0341 Y1.0696
N94600 X2.0459 Y1.0799
N94605 X2.0549 Y1.0887
N94610 X2.0637 Y1.098
N94615 X2.0701 Y1.1055
N94620 X2.0721 Y1.1081
N94625 X2.0802 Y1.1209
N94630 X2.0861 Y1.1349
N94635 X2.0893 Y1.1498
N94640 X2.09 Y1.165
N94645 X2.0879 Y1.18
N94650 X2.0835 Y1.1995
N94655 X2.0817 Y1.2075
N94660 X2.074 Y1.232
N94665 G3 X2.0541 Y1.2476 Z-0.5455 I-0.0223 J-0.0078
N94670 G1 X2.0506 Y1.248 Z-0.5448
N94675 X2.0438 Y1.2487 Z-0.5433
N94680 X1.3432 Y1.3209
N94685 X1.3364 Y1.3216 Z-0.5448
N94690 X1.3319 Y1.3221 Z-0.5457
N94695 G3 X1.3098 Y1.3116 Z-0.5512 I-0.0024 J-0.0235
N94700 G1 X1.2993 Y1.2946
N94705 X1.2968 Y1.29
N94710 X1.2871 Y1.2684
N94715 X1.285 Y1.2629
N94720 X1.2832 Y1.2573
N94725 X1.2818 Y1.2515
N94730 X1.2808 Y1.2457
N94735 X1.2801 Y1.2399
N94740 X1.2797 Y1.2338
N94745 X1.2796 Y1.2276
N94750 X1.2798 Y1.2207
N94755 X1.2804 Y1.2133
N94760 X1.2814 Y1.2056
N94765 X1.2829 Y1.1973
N94770 X1.285 Y1.1884
N94775 X1.2876 Y1.1793
N94780 X1.2909 Y1.1695
N94785 X1.295 Y1.159
N94790 X1.2997 Y1.1485
N94795 X1.3054 Y1.1374
N94800 X1.3121 Y1.1257
N94805 X1.3197 Y1.1137
N94810 X1.3282 Y1.1018
N94815 X1.338 Y1.0893
N94820 X1.3492 Y1.0764
N94825 X1.3618 Y1.0633
N94830 X1.3752 Y1.0506
N94835 X1.3899 Y1.0379
N94840 X1.4061 Y1.0253
N94845 X1.4238 Y1.0129
N94850 X1.443 Y1.0007
N94855 X1.4637 Y0.989
N94860 X1.4857 Y0.9779
N94865 X1.5086 Y0.9678
N94870 X1.5325 Y0.9585
N94875 X1.5578 Y0.9501
N94880 X1.5841 Y0.9428
N94885 X1.6113 Y0.9366
N94890 X1.6392 Y0.9317
N94895 X1.6676 Y0.9281
N94900 X1.6962 Y0.9259
N94905 X1.7249 Y0.9251
N94910 X1.7534 Y0.9257
N94915 X1.7818 Y0.9276
N94920 X1.8097 Y0.9309
N94925 X1.837 Y0.9355
N94930 X1.8636 Y0.9413
N94935 X1.8894 Y0.9483
N94940 X1.914 Y0.9562
N94945 X1.9373 Y0.965
N94950 X1.9592 Y0.9745
N94955 X1.9799 Y0.9847
N94960 X1.9993 Y0.9955
N94965 X2.0172 Y1.0066
N94970 X2.0332 Y1.0177
N94975 X2.0471 Y1.0283
N94980 X2.0575 Y1.0371
N94985 X2.0674 Y1.0464
N94990 X2.0745 Y1.0537
N94995 X2.0827 Y1.0645
N95000 X2.089 Y1.0764
N95005 X2.0934 Y1.0892
N95010 X2.0958 Y1.1026
N95015 X2.096 Y1.1161
N95020 X2.0944 Y1.1441
N95025 X2.0938 Y1.152
N95030 X2.0924 Y1.16
N95035 X2.0907 Y1.1679
N95040 X2.0879 Y1.18
N95045 G3 X2.0677 Y1.1975 Z-0.5451 I-0.0228 J-0.006
N95050 G1 X2.0659 Y1.1977 Z-0.5448
N95055 X2.0591 Y1.1985 Z-0.5433
N95060 X1.319 Y1.2806
N95065 X1.3122 Y1.2814 Z-0.5448
N95070 X1.311 Y1.2815 Z-0.545
N95075 G3 X1.2871 Y1.2684 Z-0.5512 I-0.0026 J-0.0235
N95080 G1 X1.2847 Y1.2629
N95085 X1.275 Y1.2391
N95090 X1.273 Y1.2337
N95095 X1.2684 Y1.2189
N95100 X1.2667 Y1.2125
N95105 X1.2655 Y1.2067
N95110 X1.2647 Y1.2009
N95115 X1.2642 Y1.195
N95120 X1.2641 Y1.1891
N95125 X1.2642 Y1.1827
N95130 X1.2647 Y1.176
N95135 X1.2656 Y1.1685
N95140 X1.2669 Y1.1608
N95145 X1.2688 Y1.1524
N95150 X1.2713 Y1.1433
N95155 X1.2743 Y1.1341
N95160 X1.2781 Y1.1242
N95165 X1.2828 Y1.1135
N95170 X1.2881 Y1.1028
N95175 X1.2945 Y1.0913
N95180 X1.3021 Y1.0792
N95185 X1.3106 Y1.0671
N95190 X1.3201 Y1.0548
N95195 X1.331 Y1.0419
N95200 X1.3435 Y1.0287
N95205 X1.3573 Y1.0153
N95210 X1.3721 Y1.0024
N95215 X1.3885 Y0.9894
N95220 X1.4066 Y0.9764
N95225 X1.4263 Y0.9637
N95230 X1.4475 Y0.9514
N95235 X1.4701 Y0.9398
N95240 X1.494 Y0.9289
N95245 X1.5189 Y0.919
N95250 X1.5449 Y0.9101
N95255 X1.5721 Y0.9023
N95260 X1.6004 Y0.8956
N95265 X1.6296 Y0.8902
N95270 X1.6593 Y0.8861
N95275 X1.6893 Y0.8835
N95280 X1.7196 Y0.8824
N95285 X1.7499 Y0.8827
N95290 X1.7799 Y0.8845
N95295 X1.8096 Y0.8878
N95300 X1.8387 Y0.8924
N95305 X1.8671 Y0.8983
N95310 X1.8946 Y0.9055
N95315 X1.9208 Y0.9137
N95320 X1.9457 Y0.9228
N95325 X1.9692 Y0.9327
N95330 X1.9912 Y0.9434
N95335 X2.0117 Y0.9545
N95340 X2.03 Y0.9656
N95345 X2.0457 Y0.9763
N95350 X2.0568 Y0.9846
N95355 X2.0631 Y0.9899
N95360 X2.0728 Y0.9992
N95365 X2.0808 Y1.0099
N95370 X2.0872 Y1.0217
N95375 X2.0916 Y1.0344
N95380 X2.094 Y1.0476
N95385 X2.0958 Y1.0649
N95390 X2.0963 Y1.0729
N95395 X2.0972 Y1.0949
N95400 Y1.0966
N95405 X2.096 Y1.1161
N95410 G3 X2.0754 Y1.1373 Z-0.5444 I-0.0235 J-0.0022
N95415 G1 X2.0704 Y1.138 Z-0.5433
N95420 X1.2986 Y1.2339
N95425 X1.2936 Y1.2345 Z-0.5444
N95430 G3 X1.2684 Y1.2189 Z-0.5512 I-0.0029 J-0.0234
N95435 G1 X1.2648 Y1.2075
N95440 X1.2612 Y1.1916
N95445 X1.2558 Y1.1679
N95450 X1.2548 Y1.1635
N95455 X1.2537 Y1.1565
N95460 X1.253 Y1.1507
N95465 X1.2527 Y1.1448
N95470 X1.2528 Y1.1389
N95475 X1.2532 Y1.1326
N95480 X1.2539 Y1.1262
N95485 X1.255 Y1.119
N95490 X1.2566 Y1.1114
N95495 X1.2587 Y1.1033
N95500 X1.2615 Y1.0944
N95505 X1.2648 Y1.0854
N95510 X1.2691 Y1.0755
N95515 X1.2741 Y1.065
N95520 X1.2799 Y1.0544
N95525 X1.287 Y1.0428
N95530 X1.2951 Y1.0308
N95535 X1.3041 Y1.0188
N95540 X1.3146 Y1.0062
N95545 X1.3267 Y0.9931
N95550 X1.3401 Y0.9797
N95555 X1.3546 Y0.9668
N95560 X1.3709 Y0.9535
N95565 X1.3891 Y0.9401
N95570 X1.4091 Y0.9269
N95575 X1.4306 Y0.9141
N95580 X1.4535 Y0.902
N95585 X1.4773 Y0.8908
N95590 X1.5027 Y0.8803
N95595 X1.5296 Y0.8707
N95600 X1.5579 Y0.8622
N95605 X1.5873 Y0.8549
N95610 X1.6177 Y0.8489
N95615 X1.6487 Y0.8443
N95620 X1.6802 Y0.8411
N95625 X1.712 Y0.8396
N95630 X1.7439 Y0.8395
N95635 X1.7756 Y0.8411
N95640 X1.8071 Y0.8441
N95645 X1.838 Y0.8486
N95650 X1.8681 Y0.8545
N95655 X1.8973 Y0.8617
N95660 X1.9253 Y0.8701
N95665 X1.9522 Y0.8796
N95670 X1.9775 Y0.89
N95675 X2.0004 Y0.9007
N95680 X2.0206 Y0.9114
N95685 X2.036 Y0.9205
N95690 X2.0436 Y0.9255
N95695 X2.0558 Y0.9352
N95700 X2.066 Y0.947
N95705 X2.074 Y0.9604
N95710 X2.0794 Y0.975
N95715 X2.0889 Y1.0095
N95720 X2.0893 Y1.0112
N95725 X2.0903 Y1.0174
N95730 X2.0914 Y1.0254
N95735 X2.0925 Y1.0333
N95740 X2.094 Y1.0476
N95745 G3 X2.0736 Y1.0726 Z-0.5436 I-0.0236 J0.0016
N95750 G1 X2.0721 Y1.0728 Z-0.5433
N95755 X1.2835 Y1.1808
N95760 X1.281 Y1.1811 Z-0.5439
N95765 G3 X1.2548 Y1.1635 Z-0.5512 I-0.0032 J-0.0234
N95770 G1 X1.2541 Y1.16
N95775 X1.2527 Y1.152
N95780 X1.2521 Y1.1441
N95785 X1.2493 Y1.0966
N95790 X1.2492 Y1.0949
N95795 X1.2498 Y1.0808
N95800 X1.2505 Y1.0733
N95805 X1.2514 Y1.0673
N95810 X1.2526 Y1.0611
N95815 X1.2543 Y1.0541
N95820 X1.2565 Y1.0468
N95825 X1.2593 Y1.0388
N95830 X1.2628 Y1.0302
N95835 X1.267 Y1.0212
N95840 X1.2722 Y1.0112
N95845 X1.2781 Y1.0013
N95850 X1.2852 Y0.9904
N95855 X1.2936 Y0.9789
N95860 X1.3028 Y0.9675
N95865 X1.3137 Y0.9552
N95870 X1.3264 Y0.9422
N95875 X1.3401 Y0.9295
N95880 X1.3556 Y0.9166
N95885 X1.3731 Y0.9033
N95890 X1.3924 Y0.89
N95895 X1.4135 Y0.877
N95900 X1.4358 Y0.8648
N95905 X1.4595 Y0.8532
N95910 X1.4853 Y0.8421
N95915 X1.5127 Y0.8319
N95920 X1.5417 Y0.8226
N95925 X1.572 Y0.8146
N95930 X1.6034 Y0.8079
N95935 X1.6356 Y0.8026
N95940 X1.6684 Y0.7988
N95945 X1.7016 Y0.7967
N95950 X1.735 Y0.7961
N95955 X1.7684 Y0.7972
N95960 X1.8015 Y0.7999
N95965 X1.8342 Y0.8041
N95970 X1.8661 Y0.8099
N95975 X1.8971 Y0.8171
N95980 X1.9271 Y0.8255
N95985 X1.9555 Y0.8351
N95990 X1.982 Y0.8455
N95995 X2.0021 Y0.8545
N96000 X2.0097 Y0.8584
N96005 X2.0207 Y0.865
N96010 X2.0306 Y0.8732
N96015 X2.0391 Y0.8827
N96020 X2.0462 Y0.8935
N96025 X2.0497 Y0.8998
N96030 X2.0637 Y0.9303
N96035 X2.0655 Y0.9347
N96040 X2.0735 Y0.9541
N96045 X2.0759 Y0.962
N96050 X2.0794 Y0.975
N96055 G3 X2.0619 Y1.0034 Z-0.5433 I-0.023 J0.0054
N96060 G1 X2.0595 Y1.0038
N96065 X1.2765 Y1.1044
N96070 X1.2732 Y1.1046
N96075 G3 X1.2498 Y1.0808 Z-0.5512 I0.0002 J-0.0236
N96080 G1 X1.2502 Y1.0729
N96085 X1.2507 Y1.0649
N96090 X1.254 Y1.0333
N96095 X1.2551 Y1.0254
N96100 X1.2562 Y1.0174
N96105 X1.2571 Y1.0112
N96110 X1.2576 Y1.0095
N96115 X1.2619 Y0.9937
N96120 X1.2657 Y0.9821
N96125 X1.2684 Y0.9751
N96130 X1.2715 Y0.9679
N96135 X1.2756 Y0.9598
N96140 X1.2802 Y0.9516
N96145 X1.286 Y0.9423
N96150 X1.2925 Y0.933
N96155 X1.3005 Y0.9227
N96160 X1.3095 Y0.912
N96165 X1.3199 Y0.901
N96170 X1.3324 Y0.8889
N96175 X1.346 Y0.8771
N96180 X1.3612 Y0.865
N96185 X1.3787 Y0.8525
N96190 X1.3984 Y0.8398
N96195 X1.4196 Y0.8276
N96200 X1.4422 Y0.8159
N96205 X1.4672 Y0.8046
N96210 X1.4943 Y0.7938
N96215 X1.5233 Y0.7839
N96220 X1.5539 Y0.7751
N96225 X1.5859 Y0.7675
N96230 X1.6189 Y0.7614
N96235 X1.6527 Y0.7568
N96240 X1.6871 Y0.7539
N96245 X1.7219 Y0.7526
N96250 X1.7567 Y0.753
N96255 X1.7914 Y0.7551
N96260 X1.8258 Y0.7588
N96265 X1.8595 Y0.7642
N96270 X1.8924 Y0.7711
N96275 X1.924 Y0.7793
N96280 X1.9526 Y0.7883
N96285 X1.9545 Y0.789
N96290 X1.9667 Y0.7945
N96295 X1.9778 Y0.8019
N96300 X1.9877 Y0.8109
N96305 X1.9942 Y0.818
N96310 X2.0024 Y0.8274
N96315 X2.0091 Y0.8353
N96320 X2.0358 Y0.8749
N96325 X2.0403 Y0.8828
N96330 X2.0462 Y0.8935
N96335 G3 X2.0359 Y0.9252 Z-0.5433 I-0.021 J0.0108
N96340 G1 X2.0334 Y0.9263
N96345 X2.0308 Y0.9271
N96350 X2.0281 Y0.9276
N96355 X1.2879 Y1.0225
N96360 X1.2851 Y1.0227
N96365 X1.2822 Y1.0226
N96370 X1.2794 Y1.0221
N96375 G3 X1.2619 Y0.9937 Z-0.5512 I0.0054 J-0.023
N96380 G1 X1.2706 Y0.962
N96385 X1.273 Y0.9539
N96390 X1.2809 Y0.9347
N96395 X1.2828 Y0.9303
N96400 X1.2968 Y0.8998
N96405 X1.3018 Y0.8907
N96410 X1.31 Y0.8776
N96415 X1.3152 Y0.8701
N96420 X1.3211 Y0.8624
N96425 X1.3284 Y0.8538
N96430 X1.3367 Y0.845
N96435 X1.3464 Y0.8355
N96440 X1.358 Y0.8254
N96445 X1.3705 Y0.8154
N96450 X1.3856 Y0.8045
N96455 X1.4025 Y0.7936
N96460 X1.421 Y0.7829
N96465 X1.4425 Y0.7717
N96470 X1.4667 Y0.7607
N96475 X1.4927 Y0.7503
N96480 X1.52 Y0.7409
N96485 X1.5498 Y0.7322
N96490 X1.5817 Y0.7246
N96495 X1.6152 Y0.7183
N96500 X1.6498 Y0.7136
N96505 X1.6845 Y0.7105
N96510 X1.7194 Y0.7091
N96515 X1.7543 Y0.7093
N96520 X1.7891 Y0.7111
N96525 X1.8238 Y0.7146
N96530 X1.8583 Y0.7196
N96535 X1.8642 Y0.7208
N96540 X1.8725 Y0.7228
N96545 X1.8805 Y0.7257
N96550 X1.8882 Y0.7293
N96555 X1.894 Y0.7324
N96560 X1.8991 Y0.7356
N96565 X1.9229 Y0.7525
N96570 X1.9277 Y0.7561
N96575 X1.9485 Y0.772
N96580 X1.9546 Y0.7771
N96585 X1.9659 Y0.7878
N96590 X1.9809 Y0.8037
N96595 X1.9877 Y0.8109
N96600 G3 X1.9855 Y0.8442 Z-0.5433 I-0.0177 J0.0156
N96605 X1.9727 Y0.8499 I-0.0156 J-0.0177
N96610 G1 X1.3255 Y0.925
N96615 G3 X1.312 Y0.9225 I-0.0027 J-0.0235
N96620 X1.3018 Y0.8907 Z-0.5512 I0.0108 J-0.021
N96625 G1 X1.3062 Y0.8828
N96630 X1.3107 Y0.8749
N96635 X1.3374 Y0.8353
N96640 X1.3443 Y0.8271
N96645 X1.3523 Y0.818
N96650 X1.3581 Y0.8116
N96655 X1.376 Y0.7926
N96660 X1.3805 Y0.7878
N96665 X1.3919 Y0.7771
N96670 X1.398 Y0.772
N96675 X1.4187 Y0.7561
N96680 X1.4236 Y0.7525
N96685 X1.4394 Y0.7412
N96690 X1.4474 Y0.7356
N96695 X1.4525 Y0.7324
N96700 X1.4632 Y0.7267
N96705 X1.4948 Y0.7119
N96710 X1.5121 Y0.7045
N96715 X1.5334 Y0.6967
N96720 X1.5568 Y0.6894
N96725 X1.5823 Y0.6827
N96730 X1.6113 Y0.6767
N96735 X1.6429 Y0.6717
N96740 X1.6463 Y0.6714
N96745 X1.6492 Y0.6712
N96750 X1.6522 Y0.6711
N96755 G3 X1.6751 Y0.6954 Z-0.5433 I-0.0007 J0.0236
N96760 X1.6582 Y0.7174 I-0.0236 J-0.0007
N96765 G1 X1.4817 Y0.7698
N96770 G3 X1.4546 Y0.7589 I-0.0067 J-0.0226
N96775 X1.4632 Y0.7267 Z-0.5512 I0.0205 J-0.0118
N96780 G1 X1.4823 Y0.7166
N96785 X1.5028 Y0.7057
N96790 X1.5108 Y0.7025
N96795 X1.5583 Y0.6864
N96800 X1.5637 Y0.6849
N96805 X1.59 Y0.6791
N96810 X1.6138 Y0.6752
N96815 X1.6217 Y0.6741
N96820 X1.6376 Y0.6721
N96825 X1.6455 Y0.6712
N96830 X1.6613 Y0.6711
N96835 X1.693
N96840 X1.701 Y0.6712
N96845 X1.7089 Y0.6721
N96850 X1.7247 Y0.6741
N96855 X1.7327 Y0.6752
N96860 X1.7564 Y0.6791
N96865 X1.7827 Y0.6849
N96870 X1.7881 Y0.6864
N96875 X1.8357 Y0.7025
N96880 X1.8436 Y0.7057
N96885 X1.8674 Y0.7183
N96890 X1.8882 Y0.7293
N96895 G3 X1.8992 Y0.7559 I-0.0118 J0.0205
N96900 G1 X1.8982 Y0.7595 Z-0.5509
N96905 X1.8973 Y0.7629 Z-0.55
N96910 X1.8964 Y0.7663 Z-0.5486
N96915 X1.8956 Y0.7693 Z-0.5467
N96920 X1.8949 Y0.772 Z-0.5443
N96925 X1.8942 Y0.7744 Z-0.5414
N96930 X1.8937 Y0.7762 Z-0.5383
N96935 X1.8934 Y0.7776 Z-0.5349
N96940 X1.8932 Y0.7784 Z-0.5313
N96945 X1.8931 Y0.7787 Z-0.5276
N96950 Z0.1969
N96955 X0.5225 Y-0.0917
N96960 Z-0.5039
N96965 Z-0.5276
N96970 X0.5223 Y-0.0915 Z-0.5313
N96975 X0.5215 Y-0.0911 Z-0.5349
N96980 X0.5203 Y-0.0903 Z-0.5383
N96985 X0.5186 Y-0.0893 Z-0.5414
N96990 X0.5166 Y-0.0881 Z-0.5443
N96995 X0.5141 Y-0.0867 Z-0.5467
N97000 X0.5114 Y-0.0851 Z-0.5486
N97005 X0.5085 Y-0.0833 Z-0.55
N97010 X0.5054 Y-0.0815 Z-0.5509
N97015 X0.5022 Y-0.0796 Z-0.5512
N97020 G3 X0.4725 Y-0.0709 I-0.0318 J-0.0536
N97025 G1 X0.4646
N97030 X0.4567 Y-0.0708
N97035 X0.4408 Y-0.0704
N97040 X0.4329 Y-0.07
N97045 X0.3854 Y-0.0646
N97050 X0.3774 Y-0.0636
N97055 X0.3616 Y-0.0613
N97060 X0.3537 Y-0.0593
N97065 X0.3378 Y-0.0545
N97070 X0.3287 Y-0.0515
N97075 X0.322 Y-0.0491
N97080 X0.3047 Y-0.044
N97085 X0.2891 Y-0.0402
N97090 X0.2682 Y-0.0362
N97095 X0.2337 Y-0.0313
N97100 X0.199 Y-0.0277
N97105 X0.1658 Y-0.0171
N97110 X0.1356 Y0.0006
N97115 X0.1097 Y0.0239
N97120 X0.0883 Y0.0514
N97125 X0.0712 Y0.0819
N97130 X0.058 Y0.1142
N97135 X0.0481 Y0.1476
N97140 X0.0409 Y0.1817
N97145 X0.0356 Y0.2162
N97150 X0.0319 Y0.2509
N97155 X0.0293 Y0.2857
N97160 X0.0275 Y0.3205
N97165 X0.0262 Y0.3554
N97170 X0.0254 Y0.3903
N97175 X0.0248 Y0.4252
N97180 X0.0244 Y0.4601
N97185 X0.0242 Y0.4949
N97190 X0.024 Y0.5298
N97195 X0.0238 Y0.5996
N97200 X0.0237 Y0.7043
N97205 X0.0236 Y1.0531
N97210 Y1.7509
N97215 Y1.8904
N97220 X0.0249 Y1.9253
N97225 X0.0331 Y1.9592
N97230 X0.0485 Y1.9905
N97235 X0.07 Y2.0179
N97240 X0.0962 Y2.041
N97245 X0.1257 Y2.0597
N97250 X0.126 Y2.0598
N97255 X0.1353 Y2.0648
N97260 X0.1438 Y2.0708
N97265 X0.1516 Y2.0779
N97270 X0.1555 Y2.0819
N97275 X0.1838 Y2.1101
N97280 X0.1872 Y2.1133
N97285 X0.1952 Y2.1201
N97290 X0.2031 Y2.1259
N97295 X0.211 Y2.1312
N97300 X0.2586 Y2.1611
N97305 X0.2621 Y2.1631
N97310 G3 X0.2724 Y2.1899 I-0.0123 J0.0202
N97315 G1 X0.2714 Y2.1934 Z-0.5509
N97320 X0.2704 Y2.1969 Z-0.55
N97325 X0.2694 Y2.2002 Z-0.5486
N97330 X0.2685 Y2.2032 Z-0.5467
N97335 X0.2677 Y2.2059 Z-0.5443
N97340 X0.2671 Y2.2082 Z-0.5414
N97345 X0.2665 Y2.2101 Z-0.5383
N97350 X0.2661 Y2.2114 Z-0.5349
N97355 X0.2659 Y2.2123 Z-0.5313
N97360 X0.2658 Y2.2125 Z-0.5276
N97365 Z0.1969
N97370 X0.3623 Y-0.0852
N97375 Z-0.5039
N97380 Z-0.5276
N97385 X0.3621 Y-0.085 Z-0.5313
N97390 X0.3615 Y-0.0843 Z-0.5349
N97395 X0.3606 Y-0.0832 Z-0.5383
N97400 X0.3594 Y-0.0818 Z-0.5414
N97405 X0.3578 Y-0.0799 Z-0.5443
N97410 X0.356 Y-0.0778 Z-0.5467
N97415 X0.354 Y-0.0753 Z-0.5486
N97420 X0.3518 Y-0.0727 Z-0.55
N97425 X0.3495 Y-0.0699 Z-0.5509
N97430 X0.3471 Y-0.0671 Z-0.5512
N97435 G3 X0.322 Y-0.0491 I-0.0477 J-0.04
N97440 G1 X0.2836 Y-0.0356
N97445 X0.2744 Y-0.0318
N97450 X0.2664 Y-0.0277
N97455 X0.2586 Y-0.0233
N97460 X0.211 Y0.0066
N97465 X0.2031 Y0.0119
N97470 X0.1952 Y0.0177
N97475 X0.1872 Y0.0245
N97480 X0.1838 Y0.0277
N97485 X0.1555 Y0.0559
N97490 X0.1366 Y0.0752
N97495 X0.1339 Y0.078
N97500 X0.1317 Y0.0808
N97505 X0.1159 Y0.104
N97510 X0.1141 Y0.1069
N97515 X0.0991 Y0.1306
N97520 X0.0847 Y0.1544
N97525 X0.0749 Y0.1782
N97530 X0.072 Y0.1861
N97535 X0.0582 Y0.2257
N97540 X0.0556 Y0.2336
N97545 X0.0533 Y0.2415
N97550 X0.0525 Y0.2449
N97555 X0.0516 Y0.2494
N97560 X0.0503 Y0.2573
N97565 X0.0475 Y0.2811
N97570 X0.0449 Y0.3048
N97575 X0.0426 Y0.3286
N97580 X0.0424 Y0.3365
N97585 X0.0423 Y0.3603
N97590 Y1.7855
N97595 X0.0424 Y1.8013
N97600 X0.0426 Y1.8092
N97605 X0.0449 Y1.833
N97610 X0.0475 Y1.8567
N97615 X0.0503 Y1.8805
N97620 X0.0516 Y1.8884
N97625 X0.0525 Y1.8929
N97630 X0.0533 Y1.8963
N97635 X0.0556 Y1.9042
N97640 X0.0582 Y1.9121
N97645 X0.072 Y1.9517
N97650 X0.0749 Y1.9596
N97655 X0.0847 Y1.9834
N97660 X0.0991 Y2.0071
N97665 X0.1141 Y2.0309
N97670 X0.1159 Y2.0338
N97675 X0.1317 Y2.0569
N97680 X0.1339 Y2.0598
N97685 X0.1366 Y2.0626
N97690 X0.1516 Y2.0779
N97695 G3 X0.1541 Y2.1065 I-0.0174 J0.0159
N97700 G1 X0.1521 Y2.1096 Z-0.5509
N97705 X0.1501 Y2.1127 Z-0.55
N97710 X0.1483 Y2.1156 Z-0.5486
N97715 X0.1466 Y2.1182 Z-0.5467
N97720 X0.1451 Y2.1206 Z-0.5443
N97725 X0.1438 Y2.1226 Z-0.5414
N97730 X0.1427 Y2.1243 Z-0.5383
N97735 X0.142 Y2.1254 Z-0.5349
N97740 X0.1415 Y2.1262 Z-0.5313
N97745 X0.1413 Y2.1264 Z-0.5276
N97750 Z0.1969
N97755 X2.8321 Y2.23
N97760 Z-0.5039
N97765 Z-0.5276
N97770 X2.8324 Y2.2298 Z-0.5313
N97775 X2.8331 Y2.2294 Z-0.5349
N97780 X2.8343 Y2.2287 Z-0.5383
N97785 X2.836 Y2.2277 Z-0.5414
N97790 X2.838 Y2.2264 Z-0.5443
N97795 X2.8404 Y2.2249 Z-0.5467
N97800 X2.8431 Y2.2233 Z-0.5486
N97805 X2.846 Y2.2215 Z-0.55
N97810 X2.8491 Y2.2196 Z-0.5509
N97815 X2.8523 Y2.2177 Z-0.5512
N97820 G3 X2.8818 Y2.2087 I0.0324 J0.0532
N97825 G1 X2.8898 Y2.2086
N97830 X2.9056 Y2.2082
N97835 X2.9135 Y2.2078
N97840 X2.9611 Y2.2024
N97845 X2.969 Y2.2014
N97850 X2.9849 Y2.1991
N97855 X2.9928 Y2.1971
N97860 X3.0086 Y2.1923
N97865 X3.0177 Y2.1893
N97870 X3.0245 Y2.1869
N97875 X3.0422 Y2.1817
N97880 X3.0577 Y2.1779
N97885 X3.0784 Y2.174
N97890 X3.1079 Y2.1698
N97895 X3.1426 Y2.1666
N97900 X3.1775 Y2.1646
N97905 X3.2121 Y2.1605
N97910 X3.2447 Y2.148
N97915 X3.2734 Y2.1282
N97920 X3.2975 Y2.103
N97925 X3.3169 Y2.074
N97930 X3.3319 Y2.0425
N97935 X3.3431 Y2.0095
N97940 X3.3514 Y1.9756
N97945 X3.3573 Y1.9412
N97950 X3.3614 Y1.9065
N97955 X3.3642 Y1.8718
N97960 X3.3662 Y1.8369
N97965 X3.3675 Y1.8021
N97970 X3.3684 Y1.7672
N97975 X3.3689 Y1.7323
N97980 X3.3693 Y1.6974
N97985 X3.3696 Y1.6625
N97990 X3.3698 Y1.6277
N97995 X3.3699 Y1.5579
N98000 X3.37 Y1.4532
N98005 X3.3701 Y0.9997
N98010 Y0.4415
N98015 Y0.1624
N98020 X3.3651 Y0.1279
N98025 X3.3514 Y0.0958
N98030 X3.3306 Y0.0678
N98035 X3.3046 Y0.0445
N98040 X3.2751 Y0.026
N98045 X3.2432 Y0.0118
N98050 X3.21 Y0.0012
N98055 X3.1759 Y-0.0065
N98060 X3.1415 Y-0.0119
N98065 X3.1177 Y-0.0145
N98070 X3.1062 Y-0.0165
N98075 X3.0951 Y-0.0201
N98080 X3.0846 Y-0.0251
N98085 X3.08 Y-0.0277
N98090 X3.0721 Y-0.0318
N98095 X3.0629 Y-0.0356
N98100 X3.0166 Y-0.0519
N98105 X3.0086 Y-0.0545
N98110 X2.9925 Y-0.0594
N98115 X2.9849 Y-0.0613
N98120 X2.969 Y-0.0636
N98125 X2.9611 Y-0.0646
N98130 X2.9135 Y-0.07
N98135 X2.9056 Y-0.0704
N98140 X2.8908 Y-0.0708
N98145 G3 X2.8691 Y-0.0896 I0.0014 J-0.0236
N98150 G1 X2.8684 Y-0.0932 Z-0.5509
N98155 X2.8677 Y-0.0968 Z-0.55
N98160 X2.867 Y-0.1001 Z-0.5486
N98165 X2.8663 Y-0.1032 Z-0.5467
N98170 X2.8658 Y-0.106 Z-0.5443
N98175 X2.8653 Y-0.1083 Z-0.5414
N98180 X2.8649 Y-0.1102 Z-0.5383
N98185 X2.8646 Y-0.1116 Z-0.5349
N98190 X2.8644 Y-0.1125 Z-0.5313
N98195 Y-0.1128 Z-0.5276
N98200 Z0.1969
N98205 X2.9842 Y2.223
N98210 Z-0.5039
N98215 Z-0.5276
N98220 X2.9844 Y2.2228 Z-0.5313
N98225 X2.9849 Y2.2221 Z-0.5349
N98230 X2.9858 Y2.221 Z-0.5383
N98235 X2.9871 Y2.2196 Z-0.5414
N98240 X2.9886 Y2.2177 Z-0.5443
N98245 X2.9905 Y2.2156 Z-0.5467
N98250 X2.9925 Y2.2131 Z-0.5486
N98255 X2.9947 Y2.2105 Z-0.55
N98260 X2.997 Y2.2077 Z-0.5509
N98265 X2.9994 Y2.2049 Z-0.5512
N98270 G3 X3.0245 Y2.1869 I0.0477 J0.04
N98275 G1 X3.0629 Y2.1734
N98280 X3.0721 Y2.1696
N98285 X3.08 Y2.1655
N98290 X3.0879 Y2.1611
N98295 X3.0935 Y2.1576
N98300 X3.1013 Y2.1532
N98305 X3.108 Y2.1498
N98310 X3.1188 Y2.1451
N98315 X3.1514 Y2.1326
N98320 X3.1829 Y2.1175
N98325 X3.2113 Y2.0973
N98330 X3.236 Y2.0727
N98335 X3.2567 Y2.0446
N98340 X3.2734 Y2.0139
N98345 X3.2865 Y1.9816
N98350 X3.2966 Y1.9482
N98355 X3.3041 Y1.9141
N98360 X3.3096 Y1.8797
N98365 X3.3136 Y1.845
N98370 X3.3164 Y1.8103
N98375 X3.3184 Y1.7754
N98380 X3.3198 Y1.7406
N98385 X3.3208 Y1.7057
N98390 X3.3214 Y1.6708
N98395 X3.3219 Y1.6359
N98400 X3.3222 Y1.601
N98405 X3.3224 Y1.5662
N98410 X3.3225 Y1.5313
N98415 X3.3227 Y1.4615
N98420 X3.3228 Y1.3568
N98425 Y0.9033
N98430 Y0.2754
N98435 Y0.2405
N98440 X3.3204 Y0.2057
N98445 X3.3107 Y0.1722
N98450 X3.2939 Y0.1415
N98455 X3.2714 Y0.1149
N98460 X3.2444 Y0.0928
N98465 X3.2145 Y0.0749
N98470 X3.2069 Y0.07
N98475 X3.1997 Y0.0643
N98480 X3.1931 Y0.0581
N98485 X3.1909 Y0.0559
N98490 X3.1627 Y0.0277
N98495 X3.1592 Y0.0245
N98500 X3.1513 Y0.0177
N98505 X3.1433 Y0.0119
N98510 X3.1355 Y0.0066
N98515 X3.0879 Y-0.0233
N98520 X3.0846 Y-0.0251
N98525 G3 X3.0743 Y-0.052 I0.0123 J-0.0202
N98530 G1 X3.0753 Y-0.0555 Z-0.5509
N98535 X3.0763 Y-0.059 Z-0.55
N98540 X3.0773 Y-0.0622 Z-0.5486
N98545 X3.0782 Y-0.0653 Z-0.5467
N98550 X3.079 Y-0.068 Z-0.5443
N98555 X3.0796 Y-0.0703 Z-0.5414
N98560 X3.0802 Y-0.0721 Z-0.5383
N98565 X3.0806 Y-0.0735 Z-0.5349
N98570 X3.0808 Y-0.0743 Z-0.5313
N98575 X3.0809 Y-0.0746 Z-0.5276
N98580 Z0.1969
N98585 X3.0622 Y2.2018
N98590 Z-0.5039
N98595 Z-0.5276
N98600 X3.0624 Y2.2015 Z-0.5313
N98605 X3.0628 Y2.2007 Z-0.5349
N98610 X3.0634 Y2.1995 Z-0.5383
N98615 X3.0643 Y2.1978 Z-0.5414
N98620 X3.0654 Y2.1956 Z-0.5443
N98625 X3.0667 Y2.1931 Z-0.5467
N98630 X3.0681 Y2.1903 Z-0.5486
N98635 X3.0697 Y2.1872 Z-0.55
N98640 X3.0713 Y2.184 Z-0.5509
N98645 X3.073 Y2.1807 Z-0.5512
N98650 G3 X3.0935 Y2.1576 I0.0555 J0.0284
N98655 G1 X3.1355 Y2.1312
N98660 X3.1434 Y2.1259
N98665 X3.1513 Y2.1201
N98670 X3.1592 Y2.1133
N98675 X3.1627 Y2.1101
N98680 X3.1909 Y2.0819
N98685 X3.2098 Y2.0626
N98690 X3.2125 Y2.0598
N98695 X3.2147 Y2.0569
N98700 X3.2306 Y2.0338
N98705 X3.2324 Y2.0309
N98710 X3.2473 Y2.0071
N98715 X3.2618 Y1.9834
N98720 X3.2716 Y1.9596
N98725 X3.2744 Y1.9517
N98730 X3.2883 Y1.9121
N98735 X3.2909 Y1.9042
N98740 X3.2932 Y1.8963
N98745 X3.294 Y1.8929
N98750 X3.2949 Y1.8884
N98755 X3.2961 Y1.8805
N98760 X3.2989 Y1.8567
N98765 X3.3016 Y1.833
N98770 X3.3039 Y1.8092
N98775 X3.3041 Y1.8013
N98780 Y1.7775
N98785 Y0.3523
N98790 Y0.3365
N98795 X3.3039 Y0.3286
N98800 X3.3016 Y0.3048
N98805 X3.2989 Y0.2811
N98810 X3.2961 Y0.2573
N98815 X3.2949 Y0.2494
N98820 X3.294 Y0.2449
N98825 X3.2932 Y0.2415
N98830 X3.2909 Y0.2336
N98835 X3.2883 Y0.2257
N98840 X3.2744 Y0.1861
N98845 X3.2716 Y0.1782
N98850 X3.2618 Y0.1544
N98855 X3.2473 Y0.1306
N98860 X3.2324 Y0.1069
N98865 X3.2306 Y0.104
N98870 X3.2147 Y0.0808
N98875 X3.2125 Y0.078
N98880 X3.2098 Y0.0752
N98885 X3.1931 Y0.0581
N98890 X3.1908 Y0.0553
N98895 X3.1891 Y0.0521
N98900 X3.1883 Y0.0493 Z-0.551
N98905 X3.1876 Y0.0465 Z-0.5505
N98910 X3.187 Y0.0438 Z-0.5496
N98915 X3.1869 Y0.0422 Z-0.5489
N98920 X3.1875 Y0.0391 Z-0.547
N98925 X3.188 Y0.0362 Z-0.5447
N98930 X3.1884 Y0.0338 Z-0.5419
N98935 X3.1894 Y0.0319 Z-0.5387
N98940 X3.1901 Y0.0306 Z-0.5351
N98945 X3.1905 Y0.0298 Z-0.5314
N98950 X3.1906 Y0.0295 Z-0.5276
N98955 Z0.1969
N98960 X-0.0185 Y-0.2489
N98965 Z-0.5236
N98970 Z-0.5472
N98975 Z-0.626
N98980 G3 X0. Y-0.1203 I-0.5842 J0.1496
N98985 G1 Y-0.1147
N98990 X-0.0209 Y-0.0868
N98995 X-0.0366 Y-0.0556
N99000 X-0.0478 Y-0.0226
N99005 X-0.0557 Y0.0114
N99010 X-0.061 Y0.0459
N99015 X-0.0645 Y0.0806
N99020 X-0.0668 Y0.1154
N99025 X-0.0683 Y0.1503
N99030 X-0.0692 Y0.1851
N99035 X-0.0698 Y0.22
N99040 X-0.0702 Y0.2549
N99045 X-0.0704 Y0.2898
N99050 X-0.0706 Y0.3247
N99055 X-0.0708 Y0.3944
N99060 Y0.534
N99065 X-0.0709 Y1.8597
N99070 Y2.069
N99075 X-0.0604 Y2.1023
N99080 X-0.04 Y2.1306
N99085 X-0.0135 Y2.1532
N99090 X0.0169 Y2.1703
N99095 X0.0495 Y2.1828
N99100 X0.0833 Y2.1915
N99105 X0.1177 Y2.1974
N99110 X0.1524 Y2.2014
N99115 X0.1871 Y2.204
N99120 X0.222 Y2.2057
N99125 X0.2569 Y2.2068
N99130 X0.2917 Y2.2075
N99135 X0.3266 Y2.2079
N99140 X0.3615 Y2.2082
N99145 X0.3964 Y2.2084
N99150 X0.4549 Y2.2085
N99155 X0.4556
N99160 X0.4646 Y2.2087
N99165 X1.17
N99170 X1.2048 Y2.2104
N99175 X1.2397 Y2.2098
N99180 X1.2746 Y2.2094
N99185 X1.3095 Y2.2091
N99190 X1.3443 Y2.2089
N99195 X1.4141 Y2.2088
N99200 X1.5188 Y2.2087
N99205 X2.4607
N99210 X3.1585
N99215 X3.2631
N99220 X3.2804 Y2.2062
N99225 X3.3133 Y2.1947
N99230 X3.3413 Y2.1738
N99235 X3.3634 Y2.1469
N99240 X3.3801 Y2.1162
N99245 X3.3922 Y2.0835
N99250 X3.4007 Y2.0497
N99255 X3.4065 Y2.0153
N99260 X3.4103 Y1.9806
N99265 X3.4128 Y1.9458
N99270 X3.4145 Y1.9109
N99275 X3.4155 Y1.8761
N99280 X3.4162 Y1.8412
N99285 X3.4166 Y1.8063
N99290 X3.4169 Y1.7714
N99295 X3.417 Y1.7365
N99300 X3.4171 Y1.7017
N99305 X3.4172 Y1.6319
N99310 X3.4173 Y1.4574
N99315 Y0.4108
N99320 Y0.0794
N99325 X3.4107 Y0.0452
N99330 X3.393 Y0.0151
N99335 X3.368 Y-0.0092
N99340 X3.3385 Y-0.0279
N99345 X3.3064 Y-0.0416
N99350 X3.2729 Y-0.0514
N99355 X3.2387 Y-0.0581
N99360 X3.2041 Y-0.0626
N99365 X3.1694 Y-0.0656
N99370 X3.1345 Y-0.0675
N99375 X3.0997 Y-0.0687
N99380 X3.0648 Y-0.0695
N99385 X3.0299 Y-0.07
N99390 X2.995 Y-0.0703
N99395 X2.9601 Y-0.0705
N99400 X2.9252 Y-0.0706
N99405 X2.8915 Y-0.0707
N99410 X2.8908 Y-0.0708
N99415 X2.8818 Y-0.0709
N99420 X0.4725
N99425 X0.4377 Y-0.0726
N99430 X0.4028 Y-0.072
N99435 X0.3679 Y-0.0716
N99440 X0.333 Y-0.0713
N99445 X0.2982 Y-0.0711
N99450 X0.2284 Y-0.071
N99455 X0.1586 Y-0.0709
N99460 X0.1238 Y-0.0692
N99465 X0.0912 Y-0.0567
N99470 X0.0631 Y-0.036
N99475 X0.0401 Y-0.0098
N99480 X0.0221 Y0.0201
N99485 X0.0085 Y0.0522
N99490 X-0.0014 Y0.0857
N99495 X-0.0085 Y0.1198
N99500 X-0.0134 Y0.1544
N99505 X-0.0168 Y0.1891
N99510 X-0.0191 Y0.2239
N99515 X-0.0207 Y0.2587
N99520 X-0.0217 Y0.2936
N99525 X-0.0223 Y0.3285
N99530 X-0.0228 Y0.3634
N99535 X-0.0231 Y0.3983
N99540 X-0.0233 Y0.4332
N99545 X-0.0234 Y0.468
N99550 X-0.0235 Y0.5378
N99555 X-0.0236 Y0.6774
N99560 Y1.5146
N99565 Y1.9682
N99570 X-0.0206 Y2.0029
N99575 X-0.0087 Y2.0357
N99580 X0.0108 Y2.0646
N99585 X0.0359 Y2.0889
N99590 X0.0649 Y2.1083
N99595 X0.0963 Y2.1234
N99600 X0.1294 Y2.1346
N99605 X0.1633 Y2.1429
N99610 X0.1977 Y2.1487
N99615 X0.2298 Y2.1525
N99620 X0.241 Y2.1546
N99625 X0.2518 Y2.1581
N99630 X0.2621 Y2.1631
N99635 X0.2665 Y2.1655
N99640 X0.2744 Y2.1696
N99645 X0.2836 Y2.1734
N99650 X0.3299 Y2.1897
N99655 X0.3378 Y2.1923
N99660 X0.3539 Y2.1972
N99665 X0.3616 Y2.1991
N99670 X0.3774 Y2.2014
N99675 X0.3854 Y2.2024
N99680 X0.4329 Y2.2078
N99685 X0.4408 Y2.2082
N99690 X0.4556 Y2.2085
N99695 G3 X0.4692 Y2.2139 Z-0.6228 I-0.0014 J0.0236
N99700 G2 X0.4866 Y2.2277 Z-0.6181 I0.3434 J-0.417
N99705 X0.5888 Y2.2886 I0.3259 J-0.4308
N99710 X0.5986 Y2.2907 I0.0098 J-0.0215
N99715 G1 X1.0264 Y2.2908
N99720 G2 X1.0361 Y2.2887 I0. J-0.0236
N99725 X1.1388 Y2.2274 I-0.2236 J-0.4917
N99730 X1.1558 Y2.214 Z-0.6227 I-0.3262 J-0.4305
N99735 G3 X1.17 Y2.2087 Z-0.626 I0.015 J0.0182
N99740 G1 X1.1937
N99745 X1.2017 Y2.2084
N99750 X1.2175 Y2.2075
N99755 X1.2254 Y2.2064
N99760 X1.2413 Y2.2039
N99765 X1.2492 Y2.2025
N99770 X1.2651 Y2.1995
N99775 X1.273 Y2.1978
N99780 X1.2809 Y2.1952
N99785 X1.2888 Y2.192
N99790 X1.2908 Y2.1912
N99795 X1.3004 Y2.1875
N99800 X1.3109 Y2.1841
N99805 X1.3243 Y2.1804
N99810 X1.3417 Y2.1765
N99815 X1.3654 Y2.1724
N99820 X1.4001 Y2.1682
N99825 X1.4349 Y2.1656
N99830 X1.4697 Y2.1641
N99835 X1.5046 Y2.1631
N99840 X1.5395 Y2.1625
N99845 X1.5743 Y2.1621
N99850 X1.6092 Y2.1618
N99855 X1.6441 Y2.1617
N99860 X1.7139 Y2.1615
N99865 X1.8534 Y2.1614
N99870 X1.9768
N99875 X1.9915 Y2.1627
N99880 X2.0058 Y2.1664
N99885 X2.0192 Y2.1725
N99890 X2.0259 Y2.1763
N99895 X2.0357 Y2.1813
N99900 X2.0513 Y2.1893
N99905 X2.0576 Y2.192
N99910 X2.0655 Y2.1952
N99915 X2.0735 Y2.1978
N99920 X2.0814 Y2.1995
N99925 X2.0972 Y2.2025
N99930 X2.1052 Y2.2039
N99935 X2.121 Y2.2064
N99940 X2.1289 Y2.2075
N99945 X2.1448 Y2.2084
N99950 G3 X2.1669 Y2.2334 Z-0.6181 I-0.0014 J0.0236
N99955 X2.1432 Y2.2556 I-0.0236 J-0.0014
N99960 G1 X1.2862 Y2.2485
N99965 G3 X1.2644 Y2.2163 I0.0002 J-0.0236
N99970 G1 X1.2656 Y2.2136 Z-0.6187
N99975 X1.2671 Y2.2111 Z-0.6193
N99980 X1.2677 Y2.2103 Z-0.6196
N99985 G3 X1.2908 Y2.1912 Z-0.626 I0.0501 J0.037
N99990 G1 X1.2951 Y2.1893
N99995 X1.3126 Y2.1804
N10 X1.3206 Y2.1763
N15 X1.3397 Y2.1655
N20 X1.3443 Y2.1628
N25 X1.3454 Y2.162
N30 X1.3503 Y2.1586
N35 X1.3558 Y2.1554
N40 X1.3627 Y2.1519
N45 X1.3709 Y2.1481
N50 X1.3805 Y2.1444
N55 X1.3926 Y2.1402
N60 X1.407 Y2.1361
N65 X1.4258 Y2.1317
N70 X1.4504 Y2.1272
N75 X1.485 Y2.1226
N80 X1.5197 Y2.1196
N85 X1.5546 Y2.1177
N90 X1.5894 Y2.1165
N95 X1.6243 Y2.1157
N100 X1.6592 Y2.1152
N105 X1.6941 Y2.1148
N110 X1.729 Y2.1146
N115 X1.7639 Y2.1144
N120 X1.8336 Y2.1143
N125 X1.9034 Y2.1142
N130 X1.9161 Y2.1144
N135 X1.9294 Y2.1156
N140 X1.9424 Y2.1189
N145 X1.9547 Y2.1241
N150 X1.966 Y2.1311
N155 X1.9761 Y2.1398
N160 X1.9784 Y2.142
N165 X1.9867 Y2.1497
N170 X1.9954 Y2.1576
N175 X2.0021 Y2.1628
N180 X2.0067 Y2.1655
N185 X2.0192 Y2.1725
N190 G3 X2.0271 Y2.205 Z-0.6181 I-0.0123 J0.0202
N195 X2.0065 Y2.2163 I-0.0202 J-0.0123
N200 G1 X1.3602 Y2.2036
N205 G3 X1.3426 Y2.1952 I0.0005 J-0.0236
N210 X1.3454 Y2.162 Z-0.626 I0.0181 J-0.0152
N215 G1 X1.351 Y2.1576
N220 X1.3602 Y2.1493
N225 X1.3684 Y2.1418
N230 X1.376 Y2.1341
N235 X1.3809 Y2.1297
N240 X1.3854 Y2.1259
N245 X1.3904 Y2.1222
N250 X1.3958 Y2.1186
N255 X1.4024 Y2.1147
N260 X1.4105 Y2.1104
N265 X1.4197 Y2.106
N270 X1.4302 Y2.1017
N275 X1.4435 Y2.0969
N280 X1.4586 Y2.0924
N285 X1.478 Y2.0875
N290 X1.5028 Y2.0825
N295 X1.5362 Y2.0775
N300 X1.5709 Y2.074
N305 X1.6057 Y2.0717
N310 X1.6405 Y2.0702
N315 X1.6754 Y2.0691
N320 X1.7103 Y2.0684
N325 X1.7452 Y2.0679
N330 X1.78 Y2.0676
N335 X1.8149 Y2.0674
N340 X1.8498 Y2.0673
N345 X1.8702 Y2.0677
N350 X1.8797 Y2.0684
N355 X1.8948 Y2.0709
N360 X1.9092 Y2.0759
N365 X1.9224 Y2.0834
N370 X1.9342 Y2.0931
N375 X1.9441 Y2.1048
N380 X1.9478 Y2.1101
N385 X1.9546 Y2.1181
N390 X1.9736 Y2.1372
N395 X1.9761 Y2.1398
N400 G3 X1.975 Y2.1732 Z-0.6181 I-0.0173 J0.0161
N405 X1.9586 Y2.1795 I-0.0161 J-0.0173
N410 G1 X1.3932 Y2.1737
N415 G3 X1.3774 Y2.1675 I0.0002 J-0.0236
N420 X1.376 Y2.1341 Z-0.626 I0.016 J-0.0174
N425 G1 X1.3919 Y2.118
N430 X1.3986 Y2.1101
N435 X1.4022 Y2.105
N440 X1.406 Y2.1001
N445 X1.4099 Y2.0957
N450 X1.4141 Y2.0915
N455 X1.4185 Y2.0876
N460 X1.4233 Y2.0837
N465 X1.4289 Y2.0797
N470 X1.4359 Y2.0751
N475 X1.4433 Y2.0708
N480 X1.4524 Y2.0661
N485 X1.4635 Y2.061
N490 X1.4754 Y2.0562
N495 X1.4908 Y2.0509
N500 X1.5079 Y2.0459
N505 X1.5299 Y2.0406
N510 X1.5581 Y2.0352
N515 X1.5926 Y2.0304
N520 X1.6273 Y2.0271
N525 X1.6622 Y2.0248
N530 X1.697 Y2.0232
N535 X1.7319 Y2.0221
N540 X1.7668 Y2.0214
N545 X1.8016 Y2.0209
N550 X1.8264 Y2.0214
N555 X1.8411 Y2.0223
N560 X1.8552 Y2.0239
N565 X1.8653 Y2.0256
N570 X1.8662 Y2.0258
N575 X1.8809 Y2.0303
N580 X1.8946 Y2.0374
N585 X1.9067 Y2.0468
N590 X1.9171 Y2.0581
N595 X1.9252 Y2.0711
N600 X1.933 Y2.0863
N605 X1.9387 Y2.0966
N610 X1.9422 Y2.1022
N615 X1.9441 Y2.1048
N620 G3 X1.9373 Y2.1375 Z-0.6181 I-0.0197 J0.013
N625 X1.9244 Y2.1414 I-0.013 J-0.0197
N630 G1 X1.422 Y2.1416
N635 G3 X1.409 Y2.1377 I0. J-0.0236
N640 X1.4022 Y2.105 Z-0.626 I0.013 J-0.0197
N645 G1 X1.4042 Y2.1022
N650 X1.4077 Y2.0966
N655 X1.4135 Y2.0863
N660 X1.4187 Y2.076
N665 X1.4217 Y2.0709
N670 X1.425 Y2.066
N675 X1.4286 Y2.0614
N680 X1.4326 Y2.057
N685 X1.4368 Y2.0528
N690 X1.4415 Y2.0485
N695 X1.4472 Y2.0439
N700 X1.4534 Y2.0393
N705 X1.4611 Y2.0342
N710 X1.4693 Y2.0293
N715 X1.4796 Y2.0238
N720 X1.4908 Y2.0185
N725 X1.5044 Y2.0129
N730 X1.5202 Y2.0073
N735 X1.5391 Y2.0015
N740 X1.5614 Y1.9959
N745 X1.5901 Y1.9902
N750 X1.6246 Y1.985
N755 X1.6593 Y1.9813
N760 X1.6941 Y1.9787
N765 X1.7289 Y1.9769
N770 X1.7638 Y1.9758
N775 X1.7928 Y1.976
N780 X1.81 Y1.9769
N785 X1.8254 Y1.9785
N790 X1.8363 Y1.9801
N795 X1.8478 Y1.9825
N800 X1.8525 Y1.9837
N805 X1.8656 Y1.9882
N810 X1.8778 Y1.995
N815 X1.8887 Y2.0037
N820 X1.8979 Y2.0141
N825 X1.9052 Y2.0259
N830 X1.9104 Y2.0388
N835 X1.9209 Y2.0626
N840 X1.9252 Y2.0711
N845 G3 X1.9138 Y2.1025 Z-0.6181 I-0.0214 J0.01
N850 X1.9041 Y2.1048 I-0.01 J-0.0214
N855 G1 X1.4404 Y2.1096
N860 G3 X1.4301 Y2.1074 I-0.0002 J-0.0236
N865 X1.4187 Y2.076 Z-0.626 I0.01 J-0.0214
N870 G1 X1.4256 Y2.0626
N875 X1.4345 Y2.0424
N880 X1.4371 Y2.0371
N885 X1.4401 Y2.032
N890 X1.4435 Y2.0272
N895 X1.4471 Y2.0225
N900 X1.451 Y2.0181
N905 X1.4555 Y2.0136
N910 X1.4606 Y2.0088
N915 X1.4665 Y2.0039
N920 X1.4735 Y1.9986
N925 X1.4812 Y1.9933
N930 X1.4904 Y1.9876
N935 X1.5005 Y1.9821
N940 X1.5131 Y1.9759
N945 X1.5264 Y1.9702
N950 X1.5435 Y1.9638
N955 X1.562 Y1.9579
N960 X1.585 Y1.9518
N965 X1.6136 Y1.9456
N970 X1.648 Y1.94
N975 X1.6827 Y1.9359
N980 X1.7175 Y1.9331
N985 X1.749 Y1.9319
N990 X1.7732 Y1.9321
N995 X1.7915 Y1.9332
N1000 X1.8072 Y1.9348
N1005 X1.8185 Y1.9366
N1010 X1.8297 Y1.9389
N1015 X1.8389 Y1.9413
N1020 X1.8472 Y1.9438
N1025 X1.8483 Y1.9442
N1030 X1.8622 Y1.9508
N1035 X1.8747 Y1.9596
N1040 X1.8855 Y1.9705
N1045 X1.8941 Y1.9832
N1050 X1.9004 Y1.9972
N1055 X1.9042 Y2.0121
N1060 X1.9046 Y2.0151
N1065 X1.907 Y2.0272
N1070 X1.908 Y2.0309
N1075 X1.9104 Y2.0388
N1080 G3 X1.8938 Y2.0678 Z-0.6181 I-0.0228 J0.0061
N1085 G1 X1.8909 Y2.0684
N1090 X1.8879 Y2.0686
N1095 X1.4568 Y2.0747
N1100 X1.4537 Y2.0746
N1105 X1.4506 Y2.074
N1110 X1.4477 Y2.0731
N1115 G3 X1.4345 Y2.0424 Z-0.626 I0.0088 J-0.0219
N1120 G1 X1.436 Y2.0388
N1125 X1.4385 Y2.0309
N1130 X1.4394 Y2.0272
N1135 X1.4411 Y2.0186
N1140 X1.4425 Y2.0129
N1145 X1.4446 Y2.0074
N1150 X1.4471 Y2.002
N1155 X1.45 Y1.9969
N1160 X1.4533 Y1.992
N1165 X1.4568 Y1.9872
N1170 X1.4606 Y1.9826
N1175 X1.4653 Y1.9775
N1180 X1.4703 Y1.9725
N1185 X1.4765 Y1.9669
N1190 X1.4832 Y1.9614
N1195 X1.4913 Y1.9554
N1200 X1.5 Y1.9496
N1205 X1.5106 Y1.9433
N1210 X1.5221 Y1.9371
N1215 X1.5362 Y1.9305
N1220 X1.5515 Y1.9241
N1225 X1.5703 Y1.9174
N1230 X1.5917 Y1.9108
N1235 X1.6164 Y1.9046
N1240 X1.6456 Y1.8987
N1245 X1.6768 Y1.894
N1250 X1.7067 Y1.8909
N1255 X1.7325 Y1.8896
N1260 X1.7544 Y1.8895
N1265 X1.7736 Y1.8903
N1270 X1.7898 Y1.8919
N1275 X1.8021 Y1.8936
N1280 X1.8145 Y1.896
N1285 X1.8236 Y1.8982
N1290 X1.8334 Y1.9011
N1295 X1.8418 Y1.9041
N1300 X1.8489 Y1.9069
N1305 X1.8494 Y1.9072
N1310 X1.8621 Y1.9145
N1315 X1.8735 Y1.9238
N1320 X1.8831 Y1.9349
N1325 X1.8907 Y1.9475
N1330 X1.896 Y1.9612
N1335 X1.899 Y1.9756
N1340 X1.8999 Y1.9834
N1345 X1.9009 Y1.9913
N1350 X1.9042 Y2.0121
N1355 G3 X1.8836 Y2.0384 Z-0.6181 I-0.0234 J0.0029
N1360 G1 X1.8811 Y2.0386
N1365 X1.4649 Y2.046
N1370 X1.4628 Y2.0459
N1375 X1.4607 Y2.0457
N1380 G3 X1.4411 Y2.0186 Z-0.626 I0.0037 J-0.0233
N1385 G1 X1.4418 Y2.0151
N1390 X1.4456 Y1.9913
N1395 X1.4457 Y1.99
N1400 X1.4468 Y1.9842
N1405 X1.4483 Y1.9785
N1410 X1.4503 Y1.9729
N1415 X1.4528 Y1.9676
N1420 X1.4556 Y1.9624
N1425 X1.4587 Y1.9574
N1430 X1.4621 Y1.9525
N1435 X1.4661 Y1.9474
N1440 X1.4707 Y1.942
N1445 X1.4759 Y1.9364
N1450 X1.4821 Y1.9304
N1455 X1.4888 Y1.9246
N1460 X1.497 Y1.9181
N1465 X1.5057 Y1.9118
N1470 X1.5163 Y1.905
N1475 X1.5277 Y1.8984
N1480 X1.5412 Y1.8915
N1485 X1.5565 Y1.8845
N1490 X1.5736 Y1.8777
N1495 X1.594 Y1.8707
N1500 X1.6157 Y1.8645
N1505 X1.6392 Y1.8589
N1510 X1.664 Y1.8543
N1515 X1.6886 Y1.851
N1520 X1.7122 Y1.8489
N1525 X1.733 Y1.8482
N1530 X1.7523 Y1.8484
N1535 X1.7695 Y1.8494
N1540 X1.785 Y1.8511
N1545 X1.7984 Y1.8532
N1550 X1.8094 Y1.8555
N1555 X1.8203 Y1.8584
N1560 X1.8287 Y1.861
N1565 X1.8378 Y1.8643
N1570 X1.8454 Y1.8675
N1575 X1.8524 Y1.871
N1580 X1.8653 Y1.8795
N1585 X1.8764 Y1.8902
N1590 X1.8854 Y1.9026
N1595 X1.8921 Y1.9165
N1600 X1.8962 Y1.9313
N1605 X1.8977 Y1.9467
N1610 Y1.9596
N1615 X1.898 Y1.9676
N1620 X1.899 Y1.9756
N1625 G3 X1.8774 Y2.0011 Z-0.6181 I-0.0235 J0.002
N1630 G1 X1.8763
N1635 X1.4701 Y2.0157
N1640 X1.4671 Y2.0156
N1645 G3 X1.4457 Y1.99 Z-0.626 I0.0021 J-0.0235
N1650 G1 X1.4466 Y1.9834
N1655 X1.4484 Y1.9676
N1660 X1.4487 Y1.9596
N1665 X1.4491 Y1.9537
N1670 X1.4502 Y1.948
N1675 X1.4519 Y1.9423
N1680 X1.454 Y1.9368
N1685 X1.4565 Y1.9314
N1690 X1.4593 Y1.9262
N1695 X1.4624 Y1.921
N1700 X1.466 Y1.9158
N1705 X1.4701 Y1.9102
N1710 X1.475 Y1.9044
N1715 X1.4805 Y1.8984
N1720 X1.487 Y1.8919
N1725 X1.494 Y1.8856
N1730 X1.5024 Y1.8787
N1735 X1.5116 Y1.8719
N1740 X1.5222 Y1.8649
N1745 X1.5346 Y1.8575
N1750 X1.5476 Y1.8506
N1755 X1.5628 Y1.8434
N1760 X1.58 Y1.8363
N1765 X1.5978 Y1.8299
N1770 X1.6175 Y1.8239
N1775 X1.6387 Y1.8186
N1780 X1.6603 Y1.8143
N1785 X1.6819 Y1.811
N1790 X1.7031 Y1.8089
N1795 X1.7234 Y1.8078
N1800 X1.7419
N1805 X1.7589 Y1.8086
N1810 X1.7747 Y1.8101
N1815 X1.7892 Y1.8122
N1820 X1.8023 Y1.8147
N1825 X1.8124 Y1.8172
N1830 X1.8233 Y1.8204
N1835 X1.8319 Y1.8234
N1840 X1.8397 Y1.8266
N1845 X1.848 Y1.8305
N1850 X1.8546 Y1.834
N1855 X1.855 Y1.8342
N1860 X1.8672 Y1.8429
N1865 X1.8777 Y1.8535
N1870 X1.8862 Y1.8658
N1875 X1.8925 Y1.8794
N1880 X1.8963 Y1.8939
N1885 X1.8976 Y1.9088
N1890 X1.8977 Y1.9454
N1895 Y1.9467
N1900 G3 X1.8748 Y1.9696 Z-0.6184 I-0.0236 J-0.0007
N1905 G1 X1.8734 Z-0.6181
N1910 X1.4731 Y1.9825
N1915 X1.473
N1920 G3 X1.4487 Y1.9596 Z-0.626 I-0.0007 J-0.0236
N1925 G1 X1.4488 Y1.9359
N1930 Y1.9296
N1935 X1.4491 Y1.9237
N1940 X1.4499 Y1.9178
N1945 X1.4512 Y1.9121
N1950 X1.453 Y1.9064
N1955 X1.4551 Y1.9009
N1960 X1.4576 Y1.8956
N1965 X1.4603 Y1.8903
N1970 X1.4635 Y1.8849
N1975 X1.4672 Y1.8792
N1980 X1.4717 Y1.8731
N1985 X1.4766 Y1.867
N1990 X1.4824 Y1.8605
N1995 X1.489 Y1.8538
N2000 X1.4963 Y1.847
N2005 X1.5051 Y1.8397
N2010 X1.5143 Y1.8326
N2015 X1.525 Y1.8253
N2020 X1.5372 Y1.8178
N2025 X1.5501 Y1.8107
N2030 X1.5647 Y1.8036
N2035 X1.5809 Y1.7966
N2040 X1.5984 Y1.7901
N2045 X1.6166 Y1.7843
N2050 X1.6358 Y1.7792
N2055 X1.6558 Y1.7749
N2060 X1.6759 Y1.7716
N2065 X1.6959 Y1.7693
N2070 X1.7153 Y1.7681
N2075 X1.7337 Y1.7678
N2080 X1.7507 Y1.7683
N2085 X1.767 Y1.7696
N2090 X1.7819 Y1.7716
N2095 X1.7956 Y1.774
N2100 X1.8081 Y1.7769
N2105 X1.818 Y1.7797
N2110 X1.8285 Y1.7833
N2115 X1.8366 Y1.7864
N2120 X1.8446 Y1.79
N2125 X1.8524 Y1.794
N2130 X1.854 Y1.7949
N2135 X1.8665 Y1.8036
N2140 X1.8772 Y1.8142
N2145 X1.8859 Y1.8266
N2150 X1.8924 Y1.8404
N2155 X1.8963 Y1.855
N2160 X1.8976 Y1.8701
N2165 Y1.9088
N2170 G3 X1.8753 Y1.9316 Z-0.6185 I-0.0236 J-0.0008
N2175 G1 X1.8732 Y1.9317 Z-0.6181
N2180 X1.4736 Y1.9523
N2185 X1.4732 Y1.9524
N2190 G3 X1.4488 Y1.9296 Z-0.626 I-0.0008 J-0.0236
N2195 G1 Y1.8939
N2200 X1.4491 Y1.888
N2205 X1.4499 Y1.8822
N2210 X1.4512 Y1.8764
N2215 X1.4529 Y1.8707
N2220 X1.4549 Y1.8652
N2225 X1.4573 Y1.8598
N2230 X1.4601 Y1.8543
N2235 X1.4632 Y1.8488
N2240 X1.467 Y1.8428
N2245 X1.4713 Y1.8366
N2250 X1.4763 Y1.8302
N2255 X1.4821 Y1.8233
N2260 X1.4885 Y1.8166
N2265 X1.4959 Y1.8094
N2270 X1.5044 Y1.8021
N2275 X1.5135 Y1.7949
N2280 X1.5241 Y1.7873
N2285 X1.536 Y1.7797
N2290 X1.5484 Y1.7726
N2295 X1.5624 Y1.7654
N2300 X1.5778 Y1.7585
N2305 X1.5944 Y1.7519
N2310 X1.6118 Y1.746
N2315 X1.6298 Y1.7408
N2320 X1.6487 Y1.7364
N2325 X1.668 Y1.7329
N2330 X1.6873 Y1.7303
N2335 X1.7063 Y1.7287
N2340 X1.7247 Y1.7281
N2345 X1.7423 Y1.7283
N2350 X1.7587 Y1.7294
N2355 X1.7744 Y1.7311
N2360 X1.7888 Y1.7334
N2365 X1.8021 Y1.7362
N2370 X1.8129 Y1.7391
N2375 X1.8239 Y1.7425
N2380 X1.8329 Y1.7459
N2385 X1.8408 Y1.7492
N2390 X1.8492 Y1.7534
N2395 X1.8562 Y1.7572
N2400 X1.8681 Y1.7659
N2405 X1.8783 Y1.7765
N2410 X1.8866 Y1.7887
N2415 X1.8927 Y1.8021
N2420 X1.8964 Y1.8164
N2425 X1.8976 Y1.8311
N2430 Y1.8701
N2435 G3 X1.8754 Y1.8929 Z-0.6186 I-0.0236 J-0.0008
N2440 G1 X1.8732 Y1.893 Z-0.6181
N2445 X1.4738 Y1.9167
N2450 X1.4732
N2455 G3 X1.4488 Y1.8939 Z-0.626 I-0.0008 J-0.0236
N2460 G1 Y1.8567
N2465 X1.4491 Y1.8508
N2470 X1.4499 Y1.845
N2475 X1.4511 Y1.8392
N2480 X1.4528 Y1.8335
N2485 X1.4548 Y1.828
N2490 X1.4571 Y1.8225
N2495 X1.4598 Y1.8169
N2500 X1.4629 Y1.8113
N2505 X1.4667 Y1.8052
N2510 X1.471 Y1.7988
N2515 X1.476 Y1.7923
N2520 X1.4818 Y1.7853
N2525 X1.4882 Y1.7784
N2530 X1.4955 Y1.7712
N2535 X1.504 Y1.7637
N2540 X1.5131 Y1.7563
N2545 X1.5233 Y1.7488
N2550 X1.5349 Y1.7412
N2555 X1.5475 Y1.7338
N2560 X1.5608 Y1.7268
N2565 X1.5756 Y1.7199
N2570 X1.5915 Y1.7134
N2575 X1.6085 Y1.7074
N2580 X1.6264 Y1.7021
N2585 X1.6447 Y1.6976
N2590 X1.6634 Y1.694
N2595 X1.6822 Y1.6912
N2600 X1.7008 Y1.6895
N2605 X1.7191 Y1.6886
N2610 X1.7368 Y1.6887
N2615 X1.7536 Y1.6895
N2620 X1.7697 Y1.6911
N2625 X1.7845 Y1.6933
N2630 X1.7981 Y1.6961
N2635 X1.8106 Y1.6992
N2640 X1.8205 Y1.7022
N2645 X1.8309 Y1.7059
N2650 X1.8388 Y1.7092
N2655 X1.8469 Y1.713
N2660 X1.8546 Y1.7171
N2665 X1.8554 Y1.7176
N2670 X1.8675 Y1.7263
N2675 X1.8779 Y1.7369
N2680 X1.8863 Y1.7492
N2685 X1.8926 Y1.7627
N2690 X1.8964 Y1.7771
N2695 X1.8976 Y1.792
N2700 Y1.8311
N2705 G3 X1.8755 Y1.8538 Z-0.6186 I-0.0236 J-0.0008
N2710 G1 X1.8732 Y1.854 Z-0.6181
N2715 X1.4739 Y1.8795
N2720 X1.4732
N2725 G3 X1.4488 Y1.8567 Z-0.626 I-0.0008 J-0.0236
N2730 G1 Y1.8187
N2735 X1.4491 Y1.8128
N2740 X1.4499 Y1.807
N2745 X1.4511 Y1.8012
N2750 X1.4527 Y1.7955
N2755 X1.4546 Y1.7899
N2760 X1.4569 Y1.7845
N2765 X1.4596 Y1.7788
N2770 X1.4627 Y1.7731
N2775 X1.4664 Y1.767
N2780 X1.4707 Y1.7605
N2785 X1.4756 Y1.754
N2790 X1.4814 Y1.7469
N2795 X1.4877 Y1.7399
N2800 X1.4949 Y1.7327
N2805 X1.5032 Y1.7252
N2810 X1.5123 Y1.7177
N2815 X1.5223 Y1.7103
N2820 X1.5336 Y1.7027
N2825 X1.5462 Y1.6952
N2830 X1.5593 Y1.6881
N2835 X1.5737 Y1.6813
N2840 X1.5892 Y1.6748
N2845 X1.6058 Y1.6688
N2850 X1.6232 Y1.6634
N2855 X1.6412 Y1.6588
N2860 X1.6596 Y1.6551
N2865 X1.6782 Y1.6522
N2870 X1.6968 Y1.6503
N2875 X1.7151 Y1.6493
N2880 X1.7329 Y1.6492
N2885 X1.7501 Y1.6499
N2890 X1.7663 Y1.6514
N2895 X1.7814 Y1.6535
N2900 X1.7952 Y1.6561
N2905 X1.8081 Y1.6593
N2910 X1.8183 Y1.6622
N2915 X1.829 Y1.666
N2920 X1.8372 Y1.6693
N2925 X1.8453 Y1.673
N2930 X1.8532 Y1.6771
N2935 X1.8548 Y1.678
N2940 X1.867 Y1.6867
N2945 X1.8776 Y1.6974
N2950 X1.8862 Y1.7097
N2955 X1.8925 Y1.7233
N2960 X1.8963 Y1.7378
N2965 X1.8976 Y1.7528
N2970 Y1.792
N2975 G3 X1.8756 Y1.8147 Z-0.6186 I-0.0236 J-0.0008
N2980 G1 X1.8732 Y1.8149 Z-0.6181
N2985 X1.474 Y1.8415
N2990 X1.4732
N2995 G3 X1.4488 Y1.8187 Z-0.626 I-0.0008 J-0.0236
N3000 G1 Y1.7811
N3005 X1.4491 Y1.7752
N3010 X1.4497 Y1.7693
N3015 X1.4508 Y1.7635
N3020 X1.4524 Y1.7578
N3025 X1.4542 Y1.7522
N3030 X1.4564 Y1.7467
N3035 X1.459 Y1.7411
N3040 X1.4619 Y1.7354
N3045 X1.4655 Y1.7293
N3050 X1.4697 Y1.7229
N3055 X1.4744 Y1.7164
N3060 X1.48 Y1.7093
N3065 X1.4862 Y1.7024
N3070 X1.4932 Y1.6952
N3075 X1.5013 Y1.6876
N3080 X1.51 Y1.6802
N3085 X1.5197 Y1.6728
N3090 X1.5308 Y1.6651
N3095 X1.5429 Y1.6576
N3100 X1.5557 Y1.6505
N3105 X1.5696 Y1.6436
N3110 X1.5848 Y1.637
N3115 X1.601 Y1.6309
N3120 X1.6181 Y1.6254
N3125 X1.6358 Y1.6206
N3130 X1.654 Y1.6166
N3135 X1.6724 Y1.6135
N3140 X1.691 Y1.6113
N3145 X1.7094 Y1.6101
N3150 X1.7273 Y1.6097
N3155 X1.7447 Y1.6102
N3160 X1.761 Y1.6114
N3165 X1.7767 Y1.6134
N3170 X1.791 Y1.6159
N3175 X1.8043 Y1.6189
N3180 X1.8149 Y1.6219
N3185 X1.8259 Y1.6256
N3190 X1.8347 Y1.629
N3195 X1.8427 Y1.6325
N3200 X1.851 Y1.6367
N3205 X1.8537 Y1.6382
N3210 X1.8662 Y1.6468
N3215 X1.8771 Y1.6575
N3220 X1.8858 Y1.67
N3225 X1.8923 Y1.6837
N3230 X1.8963 Y1.6984
N3235 X1.8976 Y1.7136
N3240 Y1.7528
N3245 G3 X1.8757 Y1.7755 Z-0.6186 I-0.0236 J-0.0008
N3250 G1 X1.8732 Y1.7757 Z-0.6181
N3255 X1.4741 Y1.8038
N3260 X1.4732 Y1.8039
N3265 G3 X1.4488 Y1.7811 Z-0.626 I-0.0008 J-0.0236
N3270 G1 Y1.7415
N3275 X1.4491 Y1.7356
N3280 X1.4498 Y1.7297
N3285 X1.4509 Y1.7239
N3290 X1.4524 Y1.7182
N3295 X1.4543 Y1.7126
N3300 X1.4565 Y1.7072
N3305 X1.4591 Y1.7016
N3310 X1.4622 Y1.6957
N3315 X1.4657 Y1.6897
N3320 X1.47 Y1.6832
N3325 X1.4747 Y1.6766
N3330 X1.4802 Y1.6697
N3335 X1.4867 Y1.6624
N3340 X1.4937 Y1.6553
N3345 X1.5016 Y1.6479
N3350 X1.5107 Y1.6403
N3355 X1.5205 Y1.6328
N3360 X1.5312 Y1.6254
N3365 X1.5433 Y1.6179
N3370 X1.5566 Y1.6106
N3375 X1.5706 Y1.6037
N3380 X1.5854 Y1.5973
N3385 X1.6014 Y1.5913
N3390 X1.6183 Y1.5858
N3395 X1.636 Y1.5811
N3400 X1.6542 Y1.5772
N3405 X1.6726 Y1.5741
N3410 X1.6912 Y1.5719
N3415 X1.7096 Y1.5707
N3420 X1.7277 Y1.5704
N3425 X1.7452 Y1.5709
N3430 X1.7617 Y1.5722
N3435 X1.777 Y1.5741
N3440 X1.7911 Y1.5767
N3445 X1.8045 Y1.5797
N3450 X1.8151 Y1.5827
N3455 X1.8263 Y1.5864
N3460 X1.8348 Y1.5897
N3465 X1.8431 Y1.5934
N3470 X1.8512 Y1.5975
N3475 X1.8538 Y1.599
N3480 X1.8663 Y1.6077
N3485 X1.8771 Y1.6184
N3490 X1.8859 Y1.6308
N3495 X1.8923 Y1.6445
N3500 X1.8963 Y1.6592
N3505 X1.8976 Y1.6743
N3510 Y1.7136
N3515 G3 X1.8757 Y1.7363 Z-0.6186 I-0.0236 J-0.0008
N3520 G1 X1.8732 Y1.7365 Z-0.6181
N3525 X1.4741 Y1.7643
N3530 X1.4732
N3535 G3 X1.4488 Y1.7415 Z-0.626 I-0.0008 J-0.0236
N3540 G1 Y1.7019
N3545 X1.4491 Y1.696
N3550 X1.4498 Y1.6902
N3555 X1.4509 Y1.6844
N3560 X1.4525 Y1.6787
N3565 X1.4544 Y1.6731
N3570 X1.4566 Y1.6676
N3575 X1.4592 Y1.662
N3580 X1.4623 Y1.656
N3585 X1.4658 Y1.65
N3590 X1.4702 Y1.6435
N3595 X1.4749 Y1.6369
N3600 X1.4805 Y1.63
N3605 X1.487 Y1.6227
N3610 X1.494 Y1.6156
N3615 X1.502 Y1.6081
N3620 X1.5111 Y1.6005
N3625 X1.5209 Y1.593
N3630 X1.5316 Y1.5857
N3635 X1.5437 Y1.5782
N3640 X1.5569 Y1.5709
N3645 X1.571 Y1.5641
N3650 X1.5858 Y1.5577
N3655 X1.6017 Y1.5517
N3660 X1.6186 Y1.5463
N3665 X1.6362 Y1.5416
N3670 X1.6544 Y1.5377
N3675 X1.673 Y1.5347
N3680 X1.6916 Y1.5325
N3685 X1.71 Y1.5313
N3690 X1.728 Y1.531
N3695 X1.7455 Y1.5316
N3700 X1.762 Y1.5329
N3705 X1.7773 Y1.5349
N3710 X1.7914 Y1.5374
N3715 X1.8047 Y1.5405
N3720 X1.8153 Y1.5435
N3725 X1.8265 Y1.5472
N3730 X1.835 Y1.5505
N3735 X1.8433 Y1.5543
N3740 X1.8502 Y1.5578
N3745 X1.8637 Y1.5662
N3750 X1.8753 Y1.577
N3755 X1.8848 Y1.5897
N3760 X1.8919 Y1.6039
N3765 X1.8962 Y1.6192
N3770 X1.8976 Y1.635
N3775 Y1.6743
N3780 G3 X1.8756 Y1.6971 Z-0.6186 I-0.0236 J-0.0008
N3785 G1 X1.8732 Y1.6972 Z-0.6181
N3790 X1.474 Y1.7247
N3795 X1.4732
N3800 G3 X1.4488 Y1.7019 Z-0.626 I-0.0008 J-0.0236
N3805 G1 Y1.6623
N3810 X1.4491 Y1.6564
N3815 X1.4498 Y1.6506
N3820 X1.451 Y1.6448
N3825 X1.4525 Y1.6391
N3830 X1.4544 Y1.6335
N3835 X1.4566 Y1.628
N3840 X1.4593 Y1.6224
N3845 X1.4624 Y1.6165
N3850 X1.466 Y1.6104
N3855 X1.4703 Y1.6038
N3860 X1.4751 Y1.5972
N3865 X1.4806 Y1.5904
N3870 X1.4871 Y1.5831
N3875 X1.4941 Y1.5759
N3880 X1.5021 Y1.5685
N3885 X1.5113 Y1.5609
N3890 X1.5211 Y1.5534
N3895 X1.5318 Y1.5461
N3900 X1.5439 Y1.5387
N3905 X1.5571 Y1.5314
N3910 X1.5711 Y1.5245
N3915 X1.5859 Y1.5182
N3920 X1.6019 Y1.5122
N3925 X1.6188 Y1.5069
N3930 X1.6365 Y1.5022
N3935 X1.6547 Y1.4983
N3940 X1.6732 Y1.4953
N3945 X1.6918 Y1.4931
N3950 X1.7102 Y1.492
N3955 X1.7282 Y1.4917
N3960 X1.7457 Y1.4922
N3965 X1.7622 Y1.4936
N3970 X1.7775 Y1.4956
N3975 X1.7916 Y1.4981
N3980 X1.8042 Y1.5011
N3985 X1.8163 Y1.5045
N3990 X1.8266 Y1.5079
N3995 X1.8349 Y1.5112
N4000 X1.844 Y1.5153
N4005 X1.8513 Y1.519
N4010 X1.854 Y1.5206
N4015 X1.8665 Y1.5292
N4020 X1.8772 Y1.5399
N4025 X1.886 Y1.5523
N4030 X1.8924 Y1.566
N4035 X1.8963 Y1.5807
N4040 X1.8976 Y1.5958
N4045 Y1.635
N4050 G3 X1.8756 Y1.6578 Z-0.6186 I-0.0236 J-0.0008
N4055 G1 X1.8732 Y1.6579 Z-0.6181
N4060 X1.474 Y1.6851
N4065 X1.4732
N4070 G3 X1.4488 Y1.6623 Z-0.626 I-0.0008 J-0.0236
N4075 G1 Y1.6227
N4080 X1.4491 Y1.6168
N4085 X1.4498 Y1.611
N4090 X1.451 Y1.6052
N4095 X1.4526 Y1.5995
N4100 X1.4545 Y1.5939
N4105 X1.4567 Y1.5884
N4110 X1.4593 Y1.5828
N4115 X1.4624 Y1.5769
N4120 X1.466 Y1.5708
N4125 X1.4704 Y1.5642
N4130 X1.4752 Y1.5577
N4135 X1.4807 Y1.5508
N4140 X1.4872 Y1.5435
N4145 X1.4943 Y1.5363
N4150 X1.5023 Y1.5289
N4155 X1.5114 Y1.5213
N4160 X1.5213 Y1.5139
N4165 X1.532 Y1.5065
N4170 X1.5441 Y1.4991
N4175 X1.5573 Y1.4919
N4180 X1.5714 Y1.485
N4185 X1.5862 Y1.4787
N4190 X1.6021 Y1.4728
N4195 X1.6191 Y1.4674
N4200 X1.6367 Y1.4627
N4205 X1.6549 Y1.4589
N4210 X1.6735 Y1.4559
N4215 X1.692 Y1.4538
N4220 X1.7104 Y1.4526
N4225 X1.7284 Y1.4523
N4230 X1.7458 Y1.4529
N4235 X1.7625 Y1.4543
N4240 X1.7777 Y1.4563
N4245 X1.7919 Y1.4589
N4250 X1.8052 Y1.462
N4255 X1.8157 Y1.465
N4260 X1.8269 Y1.4687
N4265 X1.8353 Y1.4721
N4270 X1.8436 Y1.4758
N4275 X1.8517 Y1.4799
N4280 X1.8581 Y1.4836
N4285 X1.8588 Y1.484
N4290 X1.8713 Y1.4938
N4295 X1.8818 Y1.5056
N4300 X1.89 Y1.5192
N4305 X1.8956 Y1.534
N4310 X1.8984 Y1.5496
N4315 X1.8983 Y1.5654
N4320 X1.8977 Y1.5717
N4325 X1.8976 Y1.5958
N4330 G3 X1.8756 Y1.6185 Z-0.6186 I-0.0236 J-0.0008
N4335 G1 X1.8732 Y1.6187 Z-0.6181
N4340 X1.474 Y1.6455
N4345 X1.4732
N4350 G3 X1.4488 Y1.6227 Z-0.626 I-0.0008 J-0.0236
N4355 G1 Y1.5832
N4360 X1.4491 Y1.5773
N4365 X1.4498 Y1.5714
N4370 X1.451 Y1.5656
N4375 X1.4526 Y1.5599
N4380 X1.4545 Y1.5543
N4385 X1.4567 Y1.5489
N4390 X1.4594 Y1.5432
N4395 X1.4625 Y1.5373
N4400 X1.4661 Y1.5312
N4405 X1.4705 Y1.5246
N4410 X1.4753 Y1.5181
N4415 X1.4809 Y1.5112
N4420 X1.4874 Y1.5039
N4425 X1.4944 Y1.4967
N4430 X1.5025 Y1.4893
N4435 X1.5117 Y1.4817
N4440 X1.5215 Y1.4743
N4445 X1.5323 Y1.4669
N4450 X1.5443 Y1.4595
N4455 X1.5576 Y1.4523
N4460 X1.5717 Y1.4455
N4465 X1.5865 Y1.4391
N4470 X1.6025 Y1.4332
N4475 X1.6194 Y1.4279
N4480 X1.6371 Y1.4233
N4485 X1.6553 Y1.4194
N4490 X1.6738 Y1.4164
N4495 X1.6924 Y1.4144
N4500 X1.7108 Y1.4132
N4505 X1.7289 Y1.413
N4510 X1.7463 Y1.4136
N4515 X1.7628 Y1.415
N4520 X1.7781 Y1.417
N4525 X1.7922 Y1.4196
N4530 X1.8056 Y1.4228
N4535 X1.8171 Y1.426
N4540 X1.8268 Y1.4293
N4545 X1.8369 Y1.4333
N4550 X1.8445 Y1.4368
N4555 X1.8522 Y1.4407
N4560 X1.8598 Y1.4451
N4565 X1.8658 Y1.4489
N4570 X1.8666 Y1.4495
N4575 X1.8785 Y1.4598
N4580 X1.8884 Y1.4719
N4585 X1.8959 Y1.4857
N4590 X1.9008 Y1.5006
N4595 X1.9029 Y1.5161
N4600 X1.9022 Y1.5318
N4605 X1.9 Y1.5479
N4610 X1.8983 Y1.5654
N4615 G3 X1.8761 Y1.5859 Z-0.619 I-0.0234 J-0.0031
N4620 G1 X1.8718 Y1.5861 Z-0.6181
N4625 X1.4736 Y1.6059
N4630 X1.4732
N4635 G3 X1.4488 Y1.5832 Z-0.626 I-0.0008 J-0.0236
N4640 G1 Y1.5717
N4645 X1.4468 Y1.5515
N4650 X1.4465 Y1.5456
N4655 X1.4468 Y1.5397
N4660 X1.4476 Y1.5338
N4665 X1.4488 Y1.5281
N4670 X1.4504 Y1.5224
N4675 X1.4524 Y1.5168
N4680 X1.4546 Y1.5113
N4685 X1.4573 Y1.5054
N4690 X1.4604 Y1.4995
N4695 X1.4642 Y1.4932
N4700 X1.4686 Y1.4865
N4705 X1.4734 Y1.4799
N4710 X1.4792 Y1.4728
N4715 X1.4857 Y1.4655
N4720 X1.4928 Y1.4582
N4725 X1.501 Y1.4507
N4730 X1.5102 Y1.4429
N4735 X1.52 Y1.4355
N4740 X1.5309 Y1.4281
N4745 X1.5431 Y1.4206
N4750 X1.5564 Y1.4133
N4755 X1.5704 Y1.4065
N4760 X1.5853 Y1.4001
N4765 X1.6014 Y1.3941
N4770 X1.6184 Y1.3887
N4775 X1.6361 Y1.3841
N4780 X1.6544 Y1.3802
N4785 X1.673 Y1.3772
N4790 X1.6916 Y1.375
N4795 X1.71 Y1.3739
N4800 X1.728 Y1.3736
N4805 X1.7455 Y1.3742
N4810 X1.7623 Y1.3756
N4815 X1.7778 Y1.3776
N4820 X1.7921 Y1.3802
N4825 X1.8055 Y1.3833
N4830 X1.8181 Y1.3869
N4835 X1.8288 Y1.3905
N4840 X1.8382 Y1.3942
N4845 X1.8477 Y1.3985
N4850 X1.8549 Y1.4022
N4855 X1.8625 Y1.4065
N4860 X1.8697 Y1.4111
N4865 X1.8753 Y1.4151
N4870 X1.8803 Y1.4191
N4875 X1.8905 Y1.4286
N4880 X1.8988 Y1.4397
N4885 X1.9051 Y1.4521
N4890 X1.9092 Y1.4654
N4895 X1.9109 Y1.4792
N4900 X1.9101 Y1.4931
N4905 X1.907 Y1.5067
N4910 X1.9048 Y1.5162
N4915 X1.9032 Y1.5242
N4920 X1.9022 Y1.5318
N4925 G3 X1.8801 Y1.5513 Z-0.6192 I-0.0233 J-0.004
N4930 G1 X1.8749 Y1.5516 Z-0.6181
N4935 X1.4733 Y1.5719
N4940 X1.4714 Y1.572 Z-0.6185
N4945 G3 X1.4468 Y1.5515 Z-0.626 I-0.0012 J-0.0236
N4950 G1 X1.4464 Y1.5479
N4955 X1.4443 Y1.5321
N4960 X1.4432 Y1.5242
N4965 X1.443 Y1.5229
N4970 X1.4421 Y1.517
N4975 X1.4418 Y1.5111
N4980 X1.4421 Y1.5052
N4985 X1.4429 Y1.4994
N4990 X1.4441 Y1.4936
N4995 X1.4456 Y1.4879
N5000 X1.4475 Y1.4823
N5005 X1.4497 Y1.4765
N5010 X1.4523 Y1.4708
N5015 X1.4555 Y1.4646
N5020 X1.4592 Y1.458
N5025 X1.4634 Y1.4514
N5030 X1.4684 Y1.4444
N5035 X1.4741 Y1.4371
N5040 X1.4803 Y1.4299
N5045 X1.4876 Y1.4223
N5050 X1.4958 Y1.4145
N5055 X1.5046 Y1.4069
N5060 X1.5145 Y1.3992
N5065 X1.5255 Y1.3915
N5070 X1.5376 Y1.3838
N5075 X1.5504 Y1.3766
N5080 X1.5643 Y1.3695
N5085 X1.5794 Y1.3628
N5090 X1.5955 Y1.3565
N5095 X1.6126 Y1.3509
N5100 X1.6302 Y1.3459
N5105 X1.6484 Y1.3418
N5110 X1.6669 Y1.3385
N5115 X1.6856 Y1.3361
N5120 X1.7043 Y1.3346
N5125 X1.7225 Y1.3341
N5130 X1.7402 Y1.3344
N5135 X1.7573 Y1.3356
N5140 X1.7736 Y1.3375
N5145 X1.789 Y1.3401
N5150 X1.8032 Y1.3432
N5155 X1.8162 Y1.3467
N5160 X1.8286 Y1.3506
N5165 X1.84 Y1.3549
N5170 X1.8497 Y1.3591
N5175 X1.8597 Y1.3641
N5180 X1.8674 Y1.3683
N5185 X1.8748 Y1.3729
N5190 X1.8819 Y1.3778
N5195 X1.8875 Y1.3821
N5200 X1.8934 Y1.3871
N5205 X1.8944 Y1.388
N5210 X1.9045 Y1.3991
N5215 X1.9124 Y1.4118
N5220 X1.9181 Y1.4256
N5225 X1.9213 Y1.4402
N5230 X1.922 Y1.4552
N5235 X1.92 Y1.47
N5240 X1.9156 Y1.4843
N5245 X1.9113 Y1.4949
N5250 X1.909 Y1.5004
N5255 X1.907 Y1.5067
N5260 G3 X1.8859 Y1.5222 Z-0.6201 I-0.0222 J-0.008
N5265 G1 X1.8835 Y1.5223 Z-0.6196
N5270 X1.8766 Y1.5226 Z-0.6181
N5275 X1.4715 Y1.5407
N5280 X1.467 Y1.5409 Z-0.6191
N5285 G3 X1.443 Y1.5229 Z-0.626 I-0.0011 J-0.0236
N5290 G1 X1.4416 Y1.5162
N5295 X1.4394 Y1.5067
N5300 X1.4374 Y1.5004
N5305 X1.4369 Y1.4991
N5310 X1.435 Y1.4935
N5315 X1.434 Y1.4877
N5320 X1.4337 Y1.4818
N5325 X1.4338 Y1.4759
N5330 X1.4345 Y1.47
N5335 X1.4355 Y1.4642
N5340 X1.4368 Y1.4584
N5345 X1.4385 Y1.4528
N5350 X1.4405 Y1.4471
N5355 X1.443 Y1.4409
N5360 X1.4459 Y1.4346
N5365 X1.4493 Y1.428
N5370 X1.4534 Y1.421
N5375 X1.4581 Y1.4139
N5380 X1.4634 Y1.4066
N5385 X1.4696 Y1.3988
N5390 X1.4765 Y1.3911
N5395 X1.484 Y1.3833
N5400 X1.4927 Y1.3753
N5405 X1.5024 Y1.3671
N5410 X1.5127 Y1.3593
N5415 X1.5241 Y1.3514
N5420 X1.5368 Y1.3436
N5425 X1.5506 Y1.3359
N5430 X1.5654 Y1.3287
N5435 X1.5807 Y1.3221
N5440 X1.5971 Y1.3159
N5445 X1.6145 Y1.3104
N5450 X1.6325 Y1.3055
N5455 X1.6511 Y1.3015
N5460 X1.67 Y1.2984
N5465 X1.689 Y1.2962
N5470 X1.7079 Y1.2949
N5475 X1.7266 Y1.2946
N5480 X1.7448 Y1.2951
N5485 X1.7623 Y1.2965
N5490 X1.779 Y1.2987
N5495 X1.7946 Y1.3015
N5500 X1.8094 Y1.3049
N5505 X1.8233 Y1.3088
N5510 X1.8363 Y1.3131
N5515 X1.8482 Y1.3177
N5520 X1.8592 Y1.3226
N5525 X1.868 Y1.3271
N5530 X1.8772 Y1.3323
N5535 X1.8848 Y1.3372
N5540 X1.8914 Y1.3418
N5545 X1.8984 Y1.3473
N5550 X1.904 Y1.3522
N5555 X1.9092 Y1.3571
N5560 X1.9147 Y1.3628
N5565 X1.915 Y1.3632
N5570 X1.9234 Y1.3747
N5575 X1.9298 Y1.3873
N5580 X1.934 Y1.4009
N5585 X1.936 Y1.4149
N5590 X1.9356 Y1.4291
N5595 X1.9329 Y1.443
N5600 X1.928 Y1.4563
N5605 X1.9223 Y1.4687
N5610 X1.9187 Y1.4767
N5615 X1.9156 Y1.4843
N5620 G3 X1.8949 Y1.4982 Z-0.6204 I-0.0215 J-0.0097
N5625 G1 X1.8909 Y1.4983 Z-0.6196
N5630 X1.8841 Y1.4986 Z-0.6181
N5635 X1.4683 Y1.5128
N5640 X1.4615 Y1.5131 Z-0.6196
N5645 X1.4593 Y1.5132 Z-0.62
N5650 G3 X1.4369 Y1.4991 Z-0.626 I-0.0008 J-0.0236
N5655 G1 X1.4342 Y1.4925
N5660 X1.4277 Y1.4767
N5665 X1.4272 Y1.4753
N5670 X1.425 Y1.4698
N5675 X1.4237 Y1.4641
N5680 X1.4229 Y1.4582
N5685 X1.4227 Y1.4523
N5690 X1.4229 Y1.4464
N5695 X1.4235 Y1.4406
N5700 X1.4245 Y1.4347
N5705 X1.4257 Y1.429
N5710 X1.4274 Y1.423
N5715 X1.4293 Y1.417
N5720 X1.4318 Y1.4106
N5725 X1.4348 Y1.4037
N5730 X1.4383 Y1.3969
N5735 X1.4424 Y1.3895
N5740 X1.4472 Y1.3818
N5745 X1.4525 Y1.3742
N5750 X1.4587 Y1.3663
N5755 X1.4658 Y1.358
N5760 X1.4735 Y1.3498
N5765 X1.4821 Y1.3415
N5770 X1.4918 Y1.333
N5775 X1.5026 Y1.3245
N5780 X1.5141 Y1.3162
N5785 X1.5266 Y1.3082
N5790 X1.5402 Y1.3004
N5795 X1.555 Y1.2927
N5800 X1.5709 Y1.2855
N5805 X1.5877 Y1.2789
N5810 X1.6051 Y1.273
N5815 X1.6232 Y1.2678
N5820 X1.6419 Y1.2634
N5825 X1.6611 Y1.2598
N5830 X1.6806 Y1.2572
N5835 X1.7002 Y1.2555
N5840 X1.7196 Y1.2548
N5845 X1.7387 Y1.2551
N5850 X1.757 Y1.2562
N5855 X1.7747 Y1.2581
N5860 X1.7916 Y1.2608
N5865 X1.8077 Y1.2642
N5870 X1.8228 Y1.2682
N5875 X1.837 Y1.2726
N5880 X1.8499 Y1.2774
N5885 X1.8619 Y1.2825
N5890 X1.8731 Y1.2879
N5895 X1.8835 Y1.2936
N5900 X1.8923 Y1.2989
N5905 X1.9003 Y1.3044
N5910 X1.908 Y1.3101
N5915 X1.914 Y1.3152
N5920 X1.9205 Y1.3211
N5925 X1.9258 Y1.3265
N5930 X1.9305 Y1.3317
N5935 X1.9355 Y1.3379
N5940 X1.9395 Y1.3433
N5945 X1.9465 Y1.3562
N5950 X1.9512 Y1.3701
N5955 X1.9535 Y1.3845
N5960 X1.9533 Y1.3992
N5965 X1.9506 Y1.4136
N5970 X1.9455 Y1.4273
N5975 X1.9381 Y1.44
N5980 G3 X1.9212 Y1.4493 Z-0.6218 I-0.0188 J-0.0143
N5985 G1 X1.9108 Y1.4501 Z-0.6196
N5990 X1.904 Y1.4507 Z-0.6181
N5995 X1.4591 Y1.4877
N6000 X1.4523 Y1.4883 Z-0.6196
N6005 X1.4503 Y1.4885 Z-0.62
N6010 G3 X1.4272 Y1.4753 Z-0.626 I-0.002 J-0.0235
N6015 G1 X1.4236 Y1.4674
N6020 X1.4157 Y1.4504
N6025 X1.4132 Y1.445
N6030 X1.4116 Y1.4393
N6035 X1.4106 Y1.4335
N6040 X1.4101 Y1.4276
N6045 X1.41 Y1.4217
N6050 X1.4104 Y1.4158
N6055 X1.411 Y1.41
N6060 X1.412 Y1.4041
N6065 X1.4133 Y1.3982
N6070 X1.4151 Y1.3918
N6075 X1.4172 Y1.3854
N6080 X1.4198 Y1.3784
N6085 X1.423 Y1.3711
N6090 X1.4267 Y1.3638
N6095 X1.431 Y1.356
N6100 X1.4361 Y1.3479
N6105 X1.4418 Y1.3397
N6110 X1.4483 Y1.3314
N6115 X1.4557 Y1.3226
N6120 X1.464 Y1.3138
N6125 X1.4729 Y1.3052
N6130 X1.4829 Y1.2964
N6135 X1.4942 Y1.2875
N6140 X1.5065 Y1.2786
N6145 X1.5195 Y1.2702
N6150 X1.5336 Y1.2621
N6155 X1.5488 Y1.2543
N6160 X1.5651 Y1.2468
N6165 X1.5824 Y1.24
N6170 X1.6006 Y1.2337
N6175 X1.6195 Y1.2283
N6180 X1.6389 Y1.2237
N6185 X1.6588 Y1.22
N6190 X1.6788 Y1.2172
N6195 X1.699 Y1.2155
N6200 X1.719 Y1.2147
N6205 X1.7386 Y1.215
N6210 X1.7578 Y1.2161
N6215 X1.7764 Y1.2181
N6220 X1.7943 Y1.2209
N6225 X1.8114 Y1.2245
N6230 X1.8277 Y1.2287
N6235 X1.843 Y1.2335
N6240 X1.857 Y1.2387
N6245 X1.8701 Y1.2442
N6250 X1.8821 Y1.25
N6255 X1.8935 Y1.2562
N6260 X1.9037 Y1.2624
N6265 X1.9132 Y1.2689
N6270 X1.9219 Y1.2754
N6275 X1.9288 Y1.2811
N6280 X1.9361 Y1.2877
N6285 X1.9418 Y1.2935
N6290 X1.9469 Y1.2992
N6295 X1.9523 Y1.3058
N6300 X1.9565 Y1.3114
N6305 X1.9603 Y1.3172
N6310 X1.9614 Y1.3191
N6315 X1.968 Y1.3326
N6320 X1.9721 Y1.347
N6325 X1.9736 Y1.3619
N6330 X1.9726 Y1.3768
N6335 X1.969 Y1.3913
N6340 X1.9629 Y1.405
N6345 X1.9546 Y1.4175
N6350 X1.9517 Y1.4212
N6355 X1.9467 Y1.4278
N6360 X1.9381 Y1.44
N6365 G3 X1.9198 Y1.4493 Z-0.6215 I-0.0188 J-0.0143
N6370 G1 X1.9108 Y1.4495 Z-0.6196
N6375 X1.9039 Y1.4497 Z-0.6181
N6380 X1.4491 Y1.4608
N6385 X1.4422 Y1.4609 Z-0.6196
N6390 X1.436 Y1.4611 Z-0.6209
N6395 G3 X1.4157 Y1.4504 Z-0.626 I-0.0006 J-0.0236
N6400 G1 X1.4152 Y1.4497
N6405 X1.4046 Y1.4347
N6410 X1.4015 Y1.4297
N6415 X1.3991 Y1.4243
N6420 X1.3972 Y1.4187
N6425 X1.3959 Y1.4129
N6430 X1.3951 Y1.4071
N6435 X1.3946 Y1.4012
N6440 Y1.3953
N6445 X1.3949 Y1.3894
N6450 X1.3955 Y1.3835
N6455 X1.3965 Y1.3774
N6460 X1.3977 Y1.3711
N6465 X1.3995 Y1.3644
N6470 X1.4017 Y1.3572
N6475 X1.4043 Y1.35
N6480 X1.4076 Y1.3423
N6485 X1.4114 Y1.3342
N6490 X1.4158 Y1.326
N6495 X1.4209 Y1.3176
N6500 X1.4269 Y1.3087
N6505 X1.4337 Y1.2996
N6510 X1.4411 Y1.2907
N6515 X1.4494 Y1.2815
N6520 X1.4589 Y1.272
N6525 X1.4694 Y1.2625
N6530 X1.4805 Y1.2534
N6535 X1.4928 Y1.2443
N6540 X1.5063 Y1.2353
N6545 X1.521 Y1.2265
N6550 X1.5369 Y1.218
N6555 X1.5536 Y1.21
N6560 X1.571 Y1.2028
N6565 X1.5894 Y1.1962
N6570 X1.6087 Y1.1903
N6575 X1.6287 Y1.1852
N6580 X1.6492 Y1.181
N6585 X1.67 Y1.1779
N6590 X1.691 Y1.1757
N6595 X1.712 Y1.1746
N6600 X1.7328 Y1.1745
N6605 X1.7533 Y1.1754
N6610 X1.7733 Y1.1772
N6615 X1.7926 Y1.18
N6620 X1.811 Y1.1835
N6625 X1.8283 Y1.1877
N6630 X1.8448 Y1.1926
N6635 X1.8605 Y1.1981
N6640 X1.8753 Y1.204
N6645 X1.8892 Y1.2105
N6650 X1.9017 Y1.217
N6655 X1.9133 Y1.2238
N6660 X1.9239 Y1.2308
N6665 X1.9339 Y1.238
N6670 X1.9429 Y1.2452
N6675 X1.9505 Y1.2519
N6680 X1.9574 Y1.2587
N6685 X1.964 Y1.2658
N6690 X1.969 Y1.2718
N6695 X1.9742 Y1.2786
N6700 X1.9787 Y1.2852
N6705 X1.9823 Y1.291
N6710 X1.986 Y1.2977
N6715 X1.9866 Y1.2988
N6720 X1.9918 Y1.3122
N6725 X1.9948 Y1.3264
N6730 X1.9953 Y1.3408
N6735 X1.9935 Y1.3551
N6740 X1.9893 Y1.3689
N6745 X1.9829 Y1.3818
N6750 X1.9744 Y1.3935
N6755 X1.9704 Y1.3981
N6760 X1.9644 Y1.4054
N6765 X1.9553 Y1.4166
N6770 X1.9546 Y1.4175
N6775 G3 X1.9375 Y1.4256 Z-0.6219 I-0.0179 J-0.0154
N6780 G1 X1.9267 Y1.426 Z-0.6196
N6785 X1.9199 Y1.4263 Z-0.6181
N6790 X1.4388 Y1.4435
N6795 X1.4319 Y1.4437 Z-0.6196
N6800 X1.4243 Y1.444 Z-0.6212
N6805 G3 X1.4046 Y1.4347 Z-0.626 I-0.0008 J-0.0236
N6810 G1 X1.3998 Y1.4278
N6815 X1.3948 Y1.4212
N6820 X1.3919 Y1.4175
N6825 X1.39 Y1.4152
N6830 X1.3866 Y1.4104
N6835 X1.3838 Y1.4052
N6840 X1.3816 Y1.3997
N6845 X1.3799 Y1.3941
N6850 X1.3787 Y1.3883
N6855 X1.3778 Y1.3824
N6860 X1.3774 Y1.3765
N6865 X1.3773 Y1.3706
N6870 X1.3775 Y1.3647
N6875 X1.378 Y1.3586
N6880 X1.3789 Y1.3523
N6885 X1.3801 Y1.3454
N6890 X1.3819 Y1.3382
N6895 X1.384 Y1.3308
N6900 X1.3867 Y1.323
N6905 X1.39 Y1.3147
N6910 X1.3937 Y1.3064
N6915 X1.3982 Y1.2977
N6920 X1.4035 Y1.2885
N6925 X1.4096 Y1.2791
N6930 X1.4162 Y1.2698
N6935 X1.4238 Y1.2602
N6940 X1.4325 Y1.2503
N6945 X1.4422 Y1.2402
N6950 X1.4526 Y1.2305
N6955 X1.4641 Y1.2207
N6960 X1.4769 Y1.2108
N6965 X1.4908 Y1.2011
N6970 X1.5059 Y1.1916
N6975 X1.5217 Y1.1827
N6980 X1.5385 Y1.1744
N6985 X1.5564 Y1.1665
N6990 X1.5754 Y1.1592
N6995 X1.5953 Y1.1527
N7000 X1.616 Y1.1471
N7005 X1.6373 Y1.1423
N7010 X1.659 Y1.1386
N7015 X1.6809 Y1.1359
N7020 X1.703 Y1.1343
N7025 X1.7249 Y1.1337
N7030 X1.7466 Y1.1343
N7035 X1.7678 Y1.1358
N7040 X1.7884 Y1.1383
N7045 X1.8084 Y1.1418
N7050 X1.8276 Y1.146
N7055 X1.8461 Y1.1511
N7060 X1.8633 Y1.1567
N7065 X1.8794 Y1.1629
N7070 X1.8946 Y1.1696
N7075 X1.909 Y1.1767
N7080 X1.9223 Y1.1842
N7085 X1.9345 Y1.1919
N7090 X1.9456 Y1.1995
N7095 X1.9557 Y1.2074
N7100 X1.9651 Y1.2154
N7105 X1.9736 Y1.2234
N7110 X1.9808 Y1.2308
N7115 X1.9871 Y1.238
N7120 X1.9931 Y1.2456
N7125 X1.9977 Y1.2519
N7130 X2.0024 Y1.2592
N7135 X2.0063 Y1.266
N7140 X2.0094 Y1.2721
N7145 X2.0105 Y1.2745
N7150 X2.0153 Y1.2878
N7155 X2.0179 Y1.3016
N7160 X2.0181 Y1.3157
N7165 X2.0161 Y1.3296
N7170 X2.0119 Y1.343
N7175 X2.0056 Y1.3556
N7180 X1.9973 Y1.367
N7185 X1.9744 Y1.3935
N7190 G3 X1.958 Y1.4011 Z-0.6221 I-0.0173 J-0.016
N7195 G1 X1.9463 Y1.4015 Z-0.6196
N7200 X1.9395 Y1.4018 Z-0.6181
N7205 X1.4247 Y1.4227
N7210 X1.4179 Y1.423 Z-0.6196
N7215 X1.4089 Y1.4234 Z-0.6215
N7220 G3 X1.39 Y1.4152 Z-0.626 I-0.001 J-0.0236
N7225 G1 X1.3821 Y1.4054
N7230 X1.3755 Y1.3975
N7235 X1.3734 Y1.3951
N7240 X1.3698 Y1.3904
N7245 X1.3668 Y1.3853
N7250 X1.3643 Y1.38
N7255 X1.3624 Y1.3744
N7260 X1.3608 Y1.3687
N7265 X1.3597 Y1.3629
N7270 X1.359 Y1.357
N7275 X1.3585 Y1.3512
N7280 X1.3584 Y1.3452
N7285 X1.3586 Y1.339
N7290 X1.3592 Y1.3325
N7295 X1.3601 Y1.3256
N7300 X1.3614 Y1.3182
N7305 X1.3632 Y1.3105
N7310 X1.3654 Y1.3026
N7315 X1.3682 Y1.2942
N7320 X1.3717 Y1.2854
N7325 X1.3757 Y1.2765
N7330 X1.3805 Y1.2671
N7335 X1.386 Y1.2574
N7340 X1.3924 Y1.2474
N7345 X1.3994 Y1.2375
N7350 X1.4075 Y1.2272
N7355 X1.4166 Y1.2167
N7360 X1.4269 Y1.2059
N7365 X1.4379 Y1.1955
N7370 X1.4499 Y1.1851
N7375 X1.4632 Y1.1748
N7380 X1.4777 Y1.1646
N7385 X1.4934 Y1.1546
N7390 X1.5103 Y1.145
N7395 X1.528 Y1.1361
N7400 X1.5466 Y1.1278
N7405 X1.5663 Y1.1202
N7410 X1.5871 Y1.1133
N7415 X1.6086 Y1.1072
N7420 X1.6309 Y1.1022
N7425 X1.6536 Y1.0981
N7430 X1.6767 Y1.0952
N7435 X1.6999 Y1.0934
N7440 X1.723 Y1.0927
N7445 X1.7459 Y1.0932
N7450 X1.7684 Y1.0947
N7455 X1.7905 Y1.0973
N7460 X1.812 Y1.1009
N7465 X1.8326 Y1.1054
N7470 X1.8522 Y1.1107
N7475 X1.8709 Y1.1166
N7480 X1.8884 Y1.1233
N7485 X1.905 Y1.1304
N7490 X1.9206 Y1.1381
N7495 X1.9353 Y1.1463
N7500 X1.949 Y1.1548
N7505 X1.9613 Y1.1632
N7510 X1.9725 Y1.1718
N7515 X1.9827 Y1.1804
N7520 X1.9922 Y1.1892
N7525 X2.0006 Y1.1979
N7530 X2.0075 Y1.2057
N7535 X2.014 Y1.2138
N7540 X2.0196 Y1.2215
N7545 X2.024 Y1.2283
N7550 X2.0286 Y1.2361
N7555 X2.032 Y1.2428
N7560 X2.0327 Y1.2442
N7565 X2.0376 Y1.2577
N7570 X2.0402 Y1.2719
N7575 X2.0405 Y1.2862
N7580 X2.0383 Y1.3004
N7585 X2.0339 Y1.3141
N7590 X2.0273 Y1.3268
N7595 X2.0176 Y1.3421
N7600 X2.0119 Y1.35
N7605 X1.9973 Y1.367
N7610 G3 X1.9811 Y1.3745 Z-0.6221 I-0.0173 J-0.016
N7615 G1 X1.9692 Y1.3751 Z-0.6196
N7620 X1.9624 Y1.3754 Z-0.6181
N7625 X1.4084 Y1.4019
N7630 X1.4015 Y1.4022 Z-0.6196
N7635 X1.3919 Y1.4026 Z-0.6216
N7640 G3 X1.3734 Y1.3951 Z-0.626 I-0.0011 J-0.0236
N7645 G1 X1.355 Y1.3737
N7650 X1.3514 Y1.3691
N7655 X1.3482 Y1.3641
N7660 X1.3456 Y1.3588
N7665 X1.3435 Y1.3533
N7670 X1.3418 Y1.3476
N7675 X1.3404 Y1.3419
N7680 X1.3395 Y1.336
N7685 X1.3388 Y1.3302
N7690 X1.3385 Y1.3243
N7695 Y1.318
N7700 X1.3387 Y1.3112
N7705 X1.3394 Y1.3043
N7710 X1.3404 Y1.2968
N7715 X1.3419 Y1.2888
N7720 X1.3439 Y1.2806
N7725 X1.3464 Y1.2721
N7730 X1.3496 Y1.263
N7735 X1.3534 Y1.2535
N7740 X1.3578 Y1.244
N7745 X1.363 Y1.2339
N7750 X1.3691 Y1.2234
N7755 X1.3761 Y1.2127
N7760 X1.3837 Y1.2022
N7765 X1.3924 Y1.1913
N7770 X1.4023 Y1.1801
N7775 X1.4134 Y1.1687
N7780 X1.4253 Y1.1576
N7785 X1.4383 Y1.1466
N7790 X1.4525 Y1.1357
N7795 X1.468 Y1.125
N7800 X1.4848 Y1.1146
N7805 X1.5028 Y1.1046
N7810 X1.5219 Y1.0952
N7815 X1.5418 Y1.0865
N7820 X1.5626 Y1.0787
N7825 X1.5845 Y1.0716
N7830 X1.6072 Y1.0655
N7835 X1.6307 Y1.0604
N7840 X1.6547 Y1.0564
N7845 X1.679 Y1.0535
N7850 X1.7034 Y1.0518
N7855 X1.7279 Y1.0513
N7860 X1.7521 Y1.052
N7865 X1.776 Y1.0539
N7870 X1.7994 Y1.0568
N7875 X1.822 Y1.0608
N7880 X1.8438 Y1.0658
N7885 X1.8645 Y1.0716
N7890 X1.8842 Y1.0781
N7895 X1.903 Y1.0854
N7900 X1.9208 Y1.0933
N7905 X1.9376 Y1.1017
N7910 X1.9533 Y1.1106
N7915 X1.9679 Y1.1199
N7920 X1.9812 Y1.1292
N7925 X1.9932 Y1.1386
N7930 X2.0042 Y1.148
N7935 X2.0142 Y1.1575
N7940 X2.0231 Y1.1669
N7945 X2.0302 Y1.175
N7950 X2.0369 Y1.1836
N7955 X2.0425 Y1.1914
N7960 X2.047 Y1.1984
N7965 X2.0517 Y1.2067
N7970 X2.0574 Y1.2209
N7975 X2.0605 Y1.236
N7980 X2.0609 Y1.2514
N7985 X2.0586 Y1.2667
N7990 X2.0536 Y1.2812
N7995 X2.0497 Y1.29
N8000 X2.0471 Y1.2946
N8005 X2.0326 Y1.3183
N8010 X2.0273 Y1.3268
N8015 G3 X2.0094 Y1.337 Z-0.6215 I-0.0195 J-0.0133
N8020 G1 X2.0005 Y1.3376 Z-0.6196
N8025 X1.9937 Y1.3381 Z-0.6181
N8030 X1.3899 Y1.3801
N8035 X1.3831 Y1.3806 Z-0.6196
N8040 X1.374 Y1.3813 Z-0.6215
N8045 G3 X1.355 Y1.3737 Z-0.626 I-0.0016 J-0.0236
N8050 G1 X1.3345 Y1.35
N8055 X1.3301 Y1.343
N8060 X1.3271 Y1.3379
N8065 X1.3246 Y1.3325
N8070 X1.3226 Y1.327
N8075 X1.321 Y1.3213
N8080 X1.3197 Y1.3155
N8085 X1.3188 Y1.3097
N8090 X1.3182 Y1.3038
N8095 X1.3178 Y1.2976
N8100 Y1.2909
N8105 X1.3181 Y1.284
N8110 X1.3188 Y1.2765
N8115 X1.3199 Y1.2686
N8120 X1.3214 Y1.2604
N8125 X1.3235 Y1.2517
N8130 X1.3263 Y1.2423
N8135 X1.3295 Y1.233
N8140 X1.3335 Y1.2232
N8145 X1.3383 Y1.2128
N8150 X1.3439 Y1.202
N8155 X1.3502 Y1.1912
N8160 X1.3575 Y1.1801
N8165 X1.3658 Y1.1685
N8170 X1.3753 Y1.1567
N8175 X1.3856 Y1.145
N8180 X1.3969 Y1.1335
N8185 X1.4095 Y1.1217
N8190 X1.4236 Y1.1098
N8195 X1.4389 Y1.0981
N8200 X1.4555 Y1.0867
N8205 X1.473 Y1.0759
N8210 X1.4914 Y1.0656
N8215 X1.5113 Y1.0559
N8220 X1.5323 Y1.0467
N8225 X1.5545 Y1.0384
N8230 X1.5777 Y1.0309
N8235 X1.6018 Y1.0244
N8240 X1.6265 Y1.0191
N8245 X1.6518 Y1.0148
N8250 X1.6774 Y1.0118
N8255 X1.7032 Y1.0101
N8260 X1.729 Y1.0096
N8265 X1.7545 Y1.0103
N8270 X1.7797 Y1.0123
N8275 X1.8044 Y1.0154
N8280 X1.8283 Y1.0197
N8285 X1.8515 Y1.025
N8290 X1.8738 Y1.0312
N8295 X1.8953 Y1.0383
N8300 X1.9157 Y1.0463
N8305 X1.935 Y1.0549
N8310 X1.9529 Y1.0639
N8315 X1.9695 Y1.0733
N8320 X1.9851 Y1.0832
N8325 X1.9996 Y1.0934
N8330 X2.0127 Y1.1036
N8335 X2.0244 Y1.1137
N8340 X2.0348 Y1.1235
N8345 X2.0439 Y1.1331
N8350 X2.0508 Y1.1411
N8355 X2.0578 Y1.15
N8360 X2.0628 Y1.1571
N8365 X2.0644 Y1.1595
N8370 X2.0713 Y1.1729
N8375 X2.0759 Y1.1872
N8380 X2.0779 Y1.2022
N8385 X2.0772 Y1.2173
N8390 X2.074 Y1.232
N8395 X2.0735 Y1.2337
N8400 X2.0714 Y1.2391
N8405 X2.0618 Y1.2629
N8410 X2.0536 Y1.2812
N8415 G3 X2.0346 Y1.2944 Z-0.6208 I-0.0212 J-0.0104
N8420 G1 X2.0285 Y1.2949 Z-0.6196
N8425 X2.0217 Y1.2956 Z-0.6181
N8430 X1.3694 Y1.356
N8435 X1.3626 Y1.3567 Z-0.6196
N8440 X1.3541 Y1.3575 Z-0.6214
N8445 G3 X1.3345 Y1.35 Z-0.626 I-0.0022 J-0.0235
N8450 G1 X1.3289 Y1.3421
N8455 X1.3139 Y1.3183
N8460 X1.3098 Y1.3116
N8465 X1.3069 Y1.3064
N8470 X1.3045 Y1.301
N8475 X1.3025 Y1.2955
N8480 X1.3009 Y1.2898
N8485 X1.2997 Y1.284
N8490 X1.2988 Y1.2782
N8495 X1.2982 Y1.2723
N8500 X1.2979 Y1.266
N8505 X1.298 Y1.2592
N8510 X1.2983 Y1.2522
N8515 X1.2991 Y1.2445
N8520 X1.3003 Y1.2363
N8525 X1.302 Y1.228
N8530 X1.3042 Y1.219
N8535 X1.3072 Y1.2093
N8540 X1.3106 Y1.1996
N8545 X1.3149 Y1.1893
N8550 X1.32 Y1.1785
N8555 X1.326 Y1.1673
N8560 X1.3326 Y1.1561
N8565 X1.3404 Y1.1445
N8570 X1.3493 Y1.1323
N8575 X1.3594 Y1.1199
N8580 X1.3704 Y1.1077
N8585 X1.3826 Y1.0954
N8590 X1.3961 Y1.083
N8595 X1.411 Y1.0707
N8600 X1.4273 Y1.0585
N8605 X1.4449 Y1.0466
N8610 X1.4634 Y1.0353
N8615 X1.483 Y1.0247
N8620 X1.5041 Y1.0145
N8625 X1.5266 Y1.005
N8630 X1.5502 Y0.9964
N8635 X1.5748 Y0.9887
N8640 X1.6003 Y0.982
N8645 X1.6264 Y0.9766
N8650 X1.6531 Y0.9724
N8655 X1.6801 Y0.9694
N8660 X1.7073 Y0.9678
N8665 X1.7344 Y0.9675
N8670 X1.7613 Y0.9686
N8675 X1.7879 Y0.9709
N8680 X1.8139 Y0.9744
N8685 X1.8393 Y0.9791
N8690 X1.864 Y0.985
N8695 X1.8878 Y0.9919
N8700 X1.9105 Y0.9996
N8705 X1.9322 Y1.0083
N8710 X1.9526 Y1.0176
N8715 X1.9716 Y1.0274
N8720 X1.9892 Y1.0376
N8725 X2.0056 Y1.0481
N8730 X2.0207 Y1.0589
N8735 X2.0341 Y1.0696
N8740 X2.0459 Y1.0799
N8745 X2.0549 Y1.0887
N8750 X2.0637 Y1.098
N8755 X2.0701 Y1.1055
N8760 X2.0721 Y1.1081
N8765 X2.0802 Y1.1209
N8770 X2.0861 Y1.1349
N8775 X2.0893 Y1.1498
N8780 X2.09 Y1.165
N8785 X2.0879 Y1.18
N8790 X2.0835 Y1.1995
N8795 X2.0817 Y1.2075
N8800 X2.074 Y1.232
N8805 G3 X2.0541 Y1.2476 Z-0.6203 I-0.0223 J-0.0078
N8810 G1 X2.0506 Y1.248 Z-0.6196
N8815 X2.0438 Y1.2487 Z-0.6181
N8820 X1.3432 Y1.3209
N8825 X1.3364 Y1.3216 Z-0.6196
N8830 X1.3319 Y1.3221 Z-0.6205
N8835 G3 X1.3098 Y1.3116 Z-0.626 I-0.0024 J-0.0235
N8840 G1 X1.2993 Y1.2946
N8845 X1.2968 Y1.29
N8850 X1.2871 Y1.2684
N8855 X1.285 Y1.2629
N8860 X1.2832 Y1.2573
N8865 X1.2818 Y1.2515
N8870 X1.2808 Y1.2457
N8875 X1.2801 Y1.2399
N8880 X1.2797 Y1.2338
N8885 X1.2796 Y1.2276
N8890 X1.2798 Y1.2207
N8895 X1.2804 Y1.2133
N8900 X1.2814 Y1.2056
N8905 X1.2829 Y1.1973
N8910 X1.285 Y1.1884
N8915 X1.2876 Y1.1793
N8920 X1.2909 Y1.1695
N8925 X1.295 Y1.159
N8930 X1.2997 Y1.1485
N8935 X1.3054 Y1.1374
N8940 X1.3121 Y1.1257
N8945 X1.3197 Y1.1137
N8950 X1.3282 Y1.1018
N8955 X1.338 Y1.0893
N8960 X1.3492 Y1.0764
N8965 X1.3618 Y1.0633
N8970 X1.3752 Y1.0506
N8975 X1.3899 Y1.0379
N8980 X1.4061 Y1.0253
N8985 X1.4238 Y1.0129
N8990 X1.443 Y1.0007
N8995 X1.4637 Y0.989
N9000 X1.4857 Y0.9779
N9005 X1.5086 Y0.9678
N9010 X1.5325 Y0.9585
N9015 X1.5578 Y0.9501
N9020 X1.5841 Y0.9428
N9025 X1.6113 Y0.9366
N9030 X1.6392 Y0.9317
N9035 X1.6676 Y0.9281
N9040 X1.6962 Y0.9259
N9045 X1.7249 Y0.9251
N9050 X1.7534 Y0.9257
N9055 X1.7818 Y0.9276
N9060 X1.8097 Y0.9309
N9065 X1.837 Y0.9355
N9070 X1.8636 Y0.9413
N9075 X1.8894 Y0.9483
N9080 X1.914 Y0.9562
N9085 X1.9373 Y0.965
N9090 X1.9592 Y0.9745
N9095 X1.9799 Y0.9847
N9100 X1.9993 Y0.9955
N9105 X2.0172 Y1.0066
N9110 X2.0332 Y1.0177
N9115 X2.0471 Y1.0283
N9120 X2.0575 Y1.0371
N9125 X2.0674 Y1.0464
N9130 X2.0745 Y1.0537
N9135 X2.0827 Y1.0645
N9140 X2.089 Y1.0764
N9145 X2.0934 Y1.0892
N9150 X2.0958 Y1.1026
N9155 X2.096 Y1.1161
N9160 X2.0944 Y1.1441
N9165 X2.0938 Y1.152
N9170 X2.0924 Y1.16
N9175 X2.0907 Y1.1679
N9180 X2.0879 Y1.18
N9185 G3 X2.0677 Y1.1975 Z-0.62 I-0.0228 J-0.006
N9190 G1 X2.0659 Y1.1977 Z-0.6196
N9195 X2.0591 Y1.1985 Z-0.6181
N9200 X1.319 Y1.2806
N9205 X1.3122 Y1.2814 Z-0.6196
N9210 X1.311 Y1.2815 Z-0.6198
N9215 G3 X1.2871 Y1.2684 Z-0.626 I-0.0026 J-0.0235
N9220 G1 X1.2847 Y1.2629
N9225 X1.275 Y1.2391
N9230 X1.273 Y1.2337
N9235 X1.2684 Y1.2189
N9240 X1.2667 Y1.2125
N9245 X1.2655 Y1.2067
N9250 X1.2647 Y1.2009
N9255 X1.2642 Y1.195
N9260 X1.2641 Y1.1891
N9265 X1.2642 Y1.1827
N9270 X1.2647 Y1.176
N9275 X1.2656 Y1.1685
N9280 X1.2669 Y1.1608
N9285 X1.2688 Y1.1524
N9290 X1.2713 Y1.1433
N9295 X1.2743 Y1.1341
N9300 X1.2781 Y1.1242
N9305 X1.2828 Y1.1135
N9310 X1.2881 Y1.1028
N9315 X1.2945 Y1.0913
N9320 X1.3021 Y1.0792
N9325 X1.3106 Y1.0671
N9330 X1.3201 Y1.0548
N9335 X1.331 Y1.0419
N9340 X1.3435 Y1.0287
N9345 X1.3573 Y1.0153
N9350 X1.3721 Y1.0024
N9355 X1.3885 Y0.9894
N9360 X1.4066 Y0.9764
N9365 X1.4263 Y0.9637
N9370 X1.4475 Y0.9514
N9375 X1.4701 Y0.9398
N9380 X1.494 Y0.9289
N9385 X1.5189 Y0.919
N9390 X1.5449 Y0.9101
N9395 X1.5721 Y0.9023
N9400 X1.6004 Y0.8956
N9405 X1.6296 Y0.8902
N9410 X1.6593 Y0.8861
N9415 X1.6893 Y0.8835
N9420 X1.7196 Y0.8824
N9425 X1.7499 Y0.8827
N9430 X1.7799 Y0.8845
N9435 X1.8096 Y0.8878
N9440 X1.8387 Y0.8924
N9445 X1.8671 Y0.8983
N9450 X1.8946 Y0.9055
N9455 X1.9208 Y0.9137
N9460 X1.9457 Y0.9228
N9465 X1.9692 Y0.9327
N9470 X1.9912 Y0.9434
N9475 X2.0117 Y0.9545
N9480 X2.03 Y0.9656
N9485 X2.0457 Y0.9763
N9490 X2.0568 Y0.9846
N9495 X2.0631 Y0.9899
N9500 X2.0728 Y0.9992
N9505 X2.0808 Y1.0099
N9510 X2.0872 Y1.0217
N9515 X2.0916 Y1.0344
N9520 X2.094 Y1.0476
N9525 X2.0958 Y1.0649
N9530 X2.0963 Y1.0729
N9535 X2.0972 Y1.0949
N9540 Y1.0966
N9545 X2.096 Y1.1161
N9550 G3 X2.0754 Y1.1373 Z-0.6192 I-0.0235 J-0.0022
N9555 G1 X2.0704 Y1.138 Z-0.6181
N9560 X1.2986 Y1.2339
N9565 X1.2936 Y1.2345 Z-0.6192
N9570 G3 X1.2684 Y1.2189 Z-0.626 I-0.0029 J-0.0234
N9575 G1 X1.2648 Y1.2075
N9580 X1.2612 Y1.1916
N9585 X1.2558 Y1.1679
N9590 X1.2548 Y1.1635
N9595 X1.2537 Y1.1565
N9600 X1.253 Y1.1507
N9605 X1.2527 Y1.1448
N9610 X1.2528 Y1.1389
N9615 X1.2532 Y1.1326
N9620 X1.2539 Y1.1262
N9625 X1.255 Y1.119
N9630 X1.2566 Y1.1114
N9635 X1.2587 Y1.1033
N9640 X1.2615 Y1.0944
N9645 X1.2648 Y1.0854
N9650 X1.2691 Y1.0755
N9655 X1.2741 Y1.065
N9660 X1.2799 Y1.0544
N9665 X1.287 Y1.0428
N9670 X1.2951 Y1.0308
N9675 X1.3041 Y1.0188
N9680 X1.3146 Y1.0062
N9685 X1.3267 Y0.9931
N9690 X1.3401 Y0.9797
N9695 X1.3546 Y0.9668
N9700 X1.3709 Y0.9535
N9705 X1.3891 Y0.9401
N9710 X1.4091 Y0.9269
N9715 X1.4306 Y0.9141
N9720 X1.4535 Y0.902
N9725 X1.4773 Y0.8908
N9730 X1.5027 Y0.8803
N9735 X1.5296 Y0.8707
N9740 X1.5579 Y0.8622
N9745 X1.5873 Y0.8549
N9750 X1.6177 Y0.8489
N9755 X1.6487 Y0.8443
N9760 X1.6802 Y0.8411
N9765 X1.712 Y0.8396
N9770 X1.7439 Y0.8395
N9775 X1.7756 Y0.8411
N9780 X1.8071 Y0.8441
N9785 X1.838 Y0.8486
N9790 X1.8681 Y0.8545
N9795 X1.8973 Y0.8617
N9800 X1.9253 Y0.8701
N9805 X1.9522 Y0.8796
N9810 X1.9775 Y0.89
N9815 X2.0004 Y0.9007
N9820 X2.0206 Y0.9114
N9825 X2.036 Y0.9205
N9830 X2.0436 Y0.9255
N9835 X2.0558 Y0.9352
N9840 X2.066 Y0.947
N9845 X2.074 Y0.9604
N9850 X2.0794 Y0.975
N9855 X2.0889 Y1.0095
N9860 X2.0893 Y1.0112
N9865 X2.0903 Y1.0174
N9870 X2.0914 Y1.0254
N9875 X2.0925 Y1.0333
N9880 X2.094 Y1.0476
N9885 G3 X2.0736 Y1.0726 Z-0.6184 I-0.0236 J0.0016
N9890 G1 X2.0721 Y1.0728 Z-0.6181
N9895 X1.2835 Y1.1808
N9900 X1.281 Y1.1811 Z-0.6187
N9905 G3 X1.2548 Y1.1635 Z-0.626 I-0.0032 J-0.0234
N9910 G1 X1.2541 Y1.16
N9915 X1.2527 Y1.152
N9920 X1.2521 Y1.1441
N9925 X1.2493 Y1.0966
N9930 X1.2492 Y1.0949
N9935 X1.2498 Y1.0808
N9940 X1.2505 Y1.0733
N9945 X1.2514 Y1.0673
N9950 X1.2526 Y1.0611
N9955 X1.2543 Y1.0541
N9960 X1.2565 Y1.0468
N9965 X1.2593 Y1.0388
N9970 X1.2628 Y1.0302
N9975 X1.267 Y1.0212
N9980 X1.2722 Y1.0112
N9985 X1.2781 Y1.0013
N9990 X1.2852 Y0.9904
N9995 X1.2936 Y0.9789
N10000 X1.3028 Y0.9675
N10005 X1.3137 Y0.9552
N10010 X1.3264 Y0.9422
N10015 X1.3401 Y0.9295
N10020 X1.3556 Y0.9166
N10025 X1.3731 Y0.9033
N10030 X1.3924 Y0.89
N10035 X1.4135 Y0.877
N10040 X1.4358 Y0.8648
N10045 X1.4595 Y0.8532
N10050 X1.4853 Y0.8421
N10055 X1.5127 Y0.8319
N10060 X1.5417 Y0.8226
N10065 X1.572 Y0.8146
N10070 X1.6034 Y0.8079
N10075 X1.6356 Y0.8026
N10080 X1.6684 Y0.7988
N10085 X1.7016 Y0.7967
N10090 X1.735 Y0.7961
N10095 X1.7684 Y0.7972
N10100 X1.8015 Y0.7999
N10105 X1.8342 Y0.8041
N10110 X1.8661 Y0.8099
N10115 X1.8971 Y0.8171
N10120 X1.9271 Y0.8255
N10125 X1.9555 Y0.8351
N10130 X1.982 Y0.8455
N10135 X2.0021 Y0.8545
N10140 X2.0097 Y0.8584
N10145 X2.0207 Y0.865
N10150 X2.0306 Y0.8732
N10155 X2.0391 Y0.8827
N10160 X2.0462 Y0.8935
N10165 X2.0497 Y0.8998
N10170 X2.0637 Y0.9303
N10175 X2.0655 Y0.9347
N10180 X2.0735 Y0.9541
N10185 X2.0759 Y0.962
N10190 X2.0794 Y0.975
N10195 G3 X2.0619 Y1.0034 Z-0.6181 I-0.023 J0.0054
N10200 G1 X2.0595 Y1.0038
N10205 X1.2765 Y1.1044
N10210 X1.2732 Y1.1046
N10215 G3 X1.2498 Y1.0808 Z-0.626 I0.0002 J-0.0236
N10220 G1 X1.2502 Y1.0729
N10225 X1.2507 Y1.0649
N10230 X1.254 Y1.0333
N10235 X1.2551 Y1.0254
N10240 X1.2562 Y1.0174
N10245 X1.2571 Y1.0112
N10250 X1.2576 Y1.0095
N10255 X1.2619 Y0.9937
N10260 X1.2657 Y0.9821
N10265 X1.2684 Y0.9751
N10270 X1.2715 Y0.9679
N10275 X1.2756 Y0.9598
N10280 X1.2802 Y0.9516
N10285 X1.286 Y0.9423
N10290 X1.2925 Y0.933
N10295 X1.3005 Y0.9227
N10300 X1.3095 Y0.912
N10305 X1.3199 Y0.901
N10310 X1.3324 Y0.8889
N10315 X1.346 Y0.8771
N10320 X1.3612 Y0.865
N10325 X1.3787 Y0.8525
N10330 X1.3984 Y0.8398
N10335 X1.4196 Y0.8276
N10340 X1.4422 Y0.8159
N10345 X1.4672 Y0.8046
N10350 X1.4943 Y0.7938
N10355 X1.5233 Y0.7839
N10360 X1.5539 Y0.7751
N10365 X1.5859 Y0.7675
N10370 X1.6189 Y0.7614
N10375 X1.6527 Y0.7568
N10380 X1.6871 Y0.7539
N10385 X1.7219 Y0.7526
N10390 X1.7567 Y0.753
N10395 X1.7914 Y0.7551
N10400 X1.8258 Y0.7588
N10405 X1.8595 Y0.7642
N10410 X1.8924 Y0.7711
N10415 X1.924 Y0.7793
N10420 X1.9526 Y0.7883
N10425 X1.9545 Y0.789
N10430 X1.9667 Y0.7945
N10435 X1.9778 Y0.8019
N10440 X1.9877 Y0.8109
N10445 X1.9942 Y0.818
N10450 X2.0024 Y0.8274
N10455 X2.0091 Y0.8353
N10460 X2.0358 Y0.8749
N10465 X2.0403 Y0.8828
N10470 X2.0462 Y0.8935
N10475 G3 X2.0359 Y0.9252 Z-0.6181 I-0.021 J0.0108
N10480 G1 X2.0334 Y0.9263
N10485 X2.0308 Y0.9271
N10490 X2.0281 Y0.9276
N10495 X1.2879 Y1.0225
N10500 X1.2851 Y1.0227
N10505 X1.2822 Y1.0226
N10510 X1.2794 Y1.0221
N10515 G3 X1.2619 Y0.9937 Z-0.626 I0.0054 J-0.023
N10520 G1 X1.2706 Y0.962
N10525 X1.273 Y0.9539
N10530 X1.2809 Y0.9347
N10535 X1.2828 Y0.9303
N10540 X1.2968 Y0.8998
N10545 X1.3018 Y0.8907
N10550 X1.31 Y0.8776
N10555 X1.3152 Y0.8701
N10560 X1.3211 Y0.8624
N10565 X1.3284 Y0.8538
N10570 X1.3367 Y0.845
N10575 X1.3464 Y0.8355
N10580 X1.358 Y0.8254
N10585 X1.3705 Y0.8154
N10590 X1.3856 Y0.8045
N10595 X1.4025 Y0.7936
N10600 X1.421 Y0.7829
N10605 X1.4425 Y0.7717
N10610 X1.4667 Y0.7607
N10615 X1.4927 Y0.7503
N10620 X1.52 Y0.7409
N10625 X1.5498 Y0.7322
N10630 X1.5817 Y0.7246
N10635 X1.6152 Y0.7183
N10640 X1.6498 Y0.7136
N10645 X1.6845 Y0.7105
N10650 X1.7194 Y0.7091
N10655 X1.7543 Y0.7093
N10660 X1.7891 Y0.7111
N10665 X1.8238 Y0.7146
N10670 X1.8583 Y0.7196
N10675 X1.8642 Y0.7208
N10680 X1.8725 Y0.7228
N10685 X1.8805 Y0.7257
N10690 X1.8882 Y0.7293
N10695 X1.894 Y0.7324
N10700 X1.8991 Y0.7356
N10705 X1.9229 Y0.7525
N10710 X1.9277 Y0.7561
N10715 X1.9485 Y0.772
N10720 X1.9546 Y0.7771
N10725 X1.9659 Y0.7878
N10730 X1.9809 Y0.8037
N10735 X1.9877 Y0.8109
N10740 G3 X1.9855 Y0.8442 Z-0.6181 I-0.0177 J0.0156
N10745 X1.9727 Y0.8499 I-0.0156 J-0.0177
N10750 G1 X1.3255 Y0.925
N10755 G3 X1.312 Y0.9225 I-0.0027 J-0.0235
N10760 X1.3018 Y0.8907 Z-0.626 I0.0108 J-0.021
N10765 G1 X1.3062 Y0.8828
N10770 X1.3107 Y0.8749
N10775 X1.3374 Y0.8353
N10780 X1.3443 Y0.8271
N10785 X1.3523 Y0.818
N10790 X1.3581 Y0.8116
N10795 X1.376 Y0.7926
N10800 X1.3805 Y0.7878
N10805 X1.3919 Y0.7771
N10810 X1.398 Y0.772
N10815 X1.4187 Y0.7561
N10820 X1.4236 Y0.7525
N10825 X1.4394 Y0.7412
N10830 X1.4474 Y0.7356
N10835 X1.4525 Y0.7324
N10840 X1.4632 Y0.7267
N10845 X1.4948 Y0.7119
N10850 X1.5121 Y0.7045
N10855 X1.5334 Y0.6967
N10860 X1.5568 Y0.6894
N10865 X1.5823 Y0.6827
N10870 X1.6113 Y0.6767
N10875 X1.6429 Y0.6717
N10880 X1.6463 Y0.6714
N10885 X1.6492 Y0.6712
N10890 X1.6522 Y0.6711
N10895 G3 X1.6751 Y0.6954 Z-0.6181 I-0.0007 J0.0236
N10900 X1.6582 Y0.7174 I-0.0236 J-0.0007
N10905 G1 X1.4817 Y0.7698
N10910 G3 X1.4546 Y0.7589 I-0.0067 J-0.0226
N10915 X1.4632 Y0.7267 Z-0.626 I0.0205 J-0.0118
N10920 G1 X1.4823 Y0.7166
N10925 X1.5028 Y0.7057
N10930 X1.5108 Y0.7025
N10935 X1.5583 Y0.6864
N10940 X1.5637 Y0.6849
N10945 X1.59 Y0.6791
N10950 X1.6138 Y0.6752
N10955 X1.6217 Y0.6741
N10960 X1.6376 Y0.6721
N10965 X1.6455 Y0.6712
N10970 X1.6613 Y0.6711
N10975 X1.693
N10980 X1.701 Y0.6712
N10985 X1.7089 Y0.6721
N10990 X1.7247 Y0.6741
N10995 X1.7327 Y0.6752
N11000 X1.7564 Y0.6791
N11005 X1.7827 Y0.6849
N11010 X1.7881 Y0.6864
N11015 X1.8357 Y0.7025
N11020 X1.8436 Y0.7057
N11025 X1.8674 Y0.7183
N11030 X1.8882 Y0.7293
N11035 G3 X1.8992 Y0.7559 I-0.0118 J0.0205
N11040 G1 X1.8982 Y0.7595 Z-0.6257
N11045 X1.8973 Y0.7629 Z-0.6248
N11050 X1.8964 Y0.7663 Z-0.6234
N11055 X1.8956 Y0.7693 Z-0.6215
N11060 X1.8949 Y0.772 Z-0.6191
N11065 X1.8942 Y0.7744 Z-0.6162
N11070 X1.8937 Y0.7762 Z-0.6131
N11075 X1.8934 Y0.7776 Z-0.6097
N11080 X1.8932 Y0.7784 Z-0.6061
N11085 X1.8931 Y0.7787 Z-0.6024
N11090 Z0.1969
N11095 X0.5225 Y-0.0917
N11100 Z-0.5787
N11105 Z-0.6024
N11110 X0.5223 Y-0.0915 Z-0.6061
N11115 X0.5215 Y-0.0911 Z-0.6097
N11120 X0.5203 Y-0.0903 Z-0.6131
N11125 X0.5186 Y-0.0893 Z-0.6162
N11130 X0.5166 Y-0.0881 Z-0.6191
N11135 X0.5141 Y-0.0867 Z-0.6215
N11140 X0.5114 Y-0.0851 Z-0.6234
N11145 X0.5085 Y-0.0833 Z-0.6248
N11150 X0.5054 Y-0.0815 Z-0.6257
N11155 X0.5022 Y-0.0796 Z-0.626
N11160 G3 X0.4725 Y-0.0709 I-0.0318 J-0.0536
N11165 G1 X0.4646
N11170 X0.4567 Y-0.0708
N11175 X0.4408 Y-0.0704
N11180 X0.4329 Y-0.07
N11185 X0.3854 Y-0.0646
N11190 X0.3774 Y-0.0636
N11195 X0.3616 Y-0.0613
N11200 X0.3537 Y-0.0593
N11205 X0.3378 Y-0.0545
N11210 X0.3287 Y-0.0515
N11215 X0.322 Y-0.0491
N11220 X0.3047 Y-0.044
N11225 X0.2891 Y-0.0402
N11230 X0.2682 Y-0.0362
N11235 X0.2337 Y-0.0313
N11240 X0.199 Y-0.0277
N11245 X0.1658 Y-0.0171
N11250 X0.1356 Y0.0006
N11255 X0.1097 Y0.0239
N11260 X0.0883 Y0.0514
N11265 X0.0712 Y0.0819
N11270 X0.058 Y0.1142
N11275 X0.0481 Y0.1476
N11280 X0.0409 Y0.1817
N11285 X0.0356 Y0.2162
N11290 X0.0319 Y0.2509
N11295 X0.0293 Y0.2857
N11300 X0.0275 Y0.3205
N11305 X0.0262 Y0.3554
N11310 X0.0254 Y0.3903
N11315 X0.0248 Y0.4252
N11320 X0.0244 Y0.4601
N11325 X0.0242 Y0.4949
N11330 X0.024 Y0.5298
N11335 X0.0238 Y0.5996
N11340 X0.0237 Y0.7043
N11345 X0.0236 Y1.0531
N11350 Y1.7509
N11355 Y1.8904
N11360 X0.0249 Y1.9253
N11365 X0.0331 Y1.9592
N11370 X0.0485 Y1.9905
N11375 X0.07 Y2.0179
N11380 X0.0962 Y2.041
N11385 X0.1257 Y2.0597
N11390 X0.126 Y2.0598
N11395 X0.1353 Y2.0648
N11400 X0.1438 Y2.0708
N11405 X0.1516 Y2.0779
N11410 X0.1555 Y2.0819
N11415 X0.1838 Y2.1101
N11420 X0.1872 Y2.1133
N11425 X0.1952 Y2.1201
N11430 X0.2031 Y2.1259
N11435 X0.211 Y2.1312
N11440 X0.2586 Y2.1611
N11445 X0.2621 Y2.1631
N11450 G3 X0.2724 Y2.1899 I-0.0123 J0.0202
N11455 G1 X0.2714 Y2.1934 Z-0.6257
N11460 X0.2704 Y2.1969 Z-0.6248
N11465 X0.2694 Y2.2002 Z-0.6234
N11470 X0.2685 Y2.2032 Z-0.6215
N11475 X0.2677 Y2.2059 Z-0.6191
N11480 X0.2671 Y2.2082 Z-0.6162
N11485 X0.2665 Y2.2101 Z-0.6131
N11490 X0.2661 Y2.2114 Z-0.6097
N11495 X0.2659 Y2.2123 Z-0.6061
N11500 X0.2658 Y2.2125 Z-0.6024
N11505 Z0.1969
N11510 X0.3623 Y-0.0852
N11515 Z-0.5787
N11520 Z-0.6024
N11525 X0.3621 Y-0.085 Z-0.6061
N11530 X0.3615 Y-0.0843 Z-0.6097
N11535 X0.3606 Y-0.0832 Z-0.6131
N11540 X0.3594 Y-0.0818 Z-0.6162
N11545 X0.3578 Y-0.0799 Z-0.6191
N11550 X0.356 Y-0.0778 Z-0.6215
N11555 X0.354 Y-0.0753 Z-0.6234
N11560 X0.3518 Y-0.0727 Z-0.6248
N11565 X0.3495 Y-0.0699 Z-0.6257
N11570 X0.3471 Y-0.0671 Z-0.626
N11575 G3 X0.322 Y-0.0491 I-0.0477 J-0.04
N11580 G1 X0.2836 Y-0.0356
N11585 X0.2744 Y-0.0318
N11590 X0.2664 Y-0.0277
N11595 X0.2586 Y-0.0233
N11600 X0.211 Y0.0066
N11605 X0.2031 Y0.0119
N11610 X0.1952 Y0.0177
N11615 X0.1872 Y0.0245
N11620 X0.1838 Y0.0277
N11625 X0.1555 Y0.0559
N11630 X0.1366 Y0.0752
N11635 X0.1339 Y0.078
N11640 X0.1317 Y0.0808
N11645 X0.1159 Y0.104
N11650 X0.1141 Y0.1069
N11655 X0.0991 Y0.1306
N11660 X0.0847 Y0.1544
N11665 X0.0749 Y0.1782
N11670 X0.072 Y0.1861
N11675 X0.0582 Y0.2257
N11680 X0.0556 Y0.2336
N11685 X0.0533 Y0.2415
N11690 X0.0525 Y0.2449
N11695 X0.0516 Y0.2494
N11700 X0.0503 Y0.2573
N11705 X0.0475 Y0.2811
N11710 X0.0449 Y0.3048
N11715 X0.0426 Y0.3286
N11720 X0.0424 Y0.3365
N11725 X0.0423 Y0.3603
N11730 Y1.7855
N11735 X0.0424 Y1.8013
N11740 X0.0426 Y1.8092
N11745 X0.0449 Y1.833
N11750 X0.0475 Y1.8567
N11755 X0.0503 Y1.8805
N11760 X0.0516 Y1.8884
N11765 X0.0525 Y1.8929
N11770 X0.0533 Y1.8963
N11775 X0.0556 Y1.9042
N11780 X0.0582 Y1.9121
N11785 X0.072 Y1.9517
N11790 X0.0749 Y1.9596
N11795 X0.0847 Y1.9834
N11800 X0.0991 Y2.0071
N11805 X0.1141 Y2.0309
N11810 X0.1159 Y2.0338
N11815 X0.1317 Y2.0569
N11820 X0.1339 Y2.0598
N11825 X0.1366 Y2.0626
N11830 X0.1516 Y2.0779
N11835 G3 X0.1541 Y2.1065 I-0.0174 J0.0159
N11840 G1 X0.1521 Y2.1096 Z-0.6257
N11845 X0.1501 Y2.1127 Z-0.6248
N11850 X0.1483 Y2.1156 Z-0.6234
N11855 X0.1466 Y2.1182 Z-0.6215
N11860 X0.1451 Y2.1206 Z-0.6191
N11865 X0.1438 Y2.1226 Z-0.6162
N11870 X0.1427 Y2.1243 Z-0.6131
N11875 X0.142 Y2.1254 Z-0.6097
N11880 X0.1415 Y2.1262 Z-0.6061
N11885 X0.1413 Y2.1264 Z-0.6024
N11890 Z0.1969
N11895 X2.8321 Y2.23
N11900 Z-0.5787
N11905 Z-0.6024
N11910 X2.8324 Y2.2298 Z-0.6061
N11915 X2.8331 Y2.2294 Z-0.6097
N11920 X2.8343 Y2.2287 Z-0.6131
N11925 X2.836 Y2.2277 Z-0.6162
N11930 X2.838 Y2.2264 Z-0.6191
N11935 X2.8404 Y2.2249 Z-0.6215
N11940 X2.8431 Y2.2233 Z-0.6234
N11945 X2.846 Y2.2215 Z-0.6248
N11950 X2.8491 Y2.2196 Z-0.6257
N11955 X2.8523 Y2.2177 Z-0.626
N11960 G3 X2.8818 Y2.2087 I0.0324 J0.0532
N11965 G1 X2.8898 Y2.2086
N11970 X2.9056 Y2.2082
N11975 X2.9135 Y2.2078
N11980 X2.9611 Y2.2024
N11985 X2.969 Y2.2014
N11990 X2.9849 Y2.1991
N11995 X2.9928 Y2.1971
N12000 X3.0086 Y2.1923
N12005 X3.0177 Y2.1893
N12010 X3.0245 Y2.1869
N12015 X3.0422 Y2.1817
N12020 X3.0577 Y2.1779
N12025 X3.0784 Y2.174
N12030 X3.1079 Y2.1698
N12035 X3.1426 Y2.1666
N12040 X3.1775 Y2.1646
N12045 X3.2121 Y2.1605
N12050 X3.2447 Y2.148
N12055 X3.2734 Y2.1282
N12060 X3.2975 Y2.103
N12065 X3.3169 Y2.074
N12070 X3.3319 Y2.0425
N12075 X3.3431 Y2.0095
N12080 X3.3514 Y1.9756
N12085 X3.3573 Y1.9412
N12090 X3.3614 Y1.9065
N12095 X3.3642 Y1.8718
N12100 X3.3662 Y1.8369
N12105 X3.3675 Y1.8021
N12110 X3.3684 Y1.7672
N12115 X3.3689 Y1.7323
N12120 X3.3693 Y1.6974
N12125 X3.3696 Y1.6625
N12130 X3.3698 Y1.6277
N12135 X3.3699 Y1.5579
N12140 X3.37 Y1.4532
N12145 X3.3701 Y0.9997
N12150 Y0.4415
N12155 Y0.1624
N12160 X3.3651 Y0.1279
N12165 X3.3514 Y0.0958
N12170 X3.3306 Y0.0678
N12175 X3.3046 Y0.0445
N12180 X3.2751 Y0.026
N12185 X3.2432 Y0.0118
N12190 X3.21 Y0.0012
N12195 X3.1759 Y-0.0065
N12200 X3.1415 Y-0.0119
N12205 X3.1177 Y-0.0145
N12210 X3.1062 Y-0.0165
N12215 X3.0951 Y-0.0201
N12220 X3.0846 Y-0.0251
N12225 X3.08 Y-0.0277
N12230 X3.0721 Y-0.0318
N12235 X3.0629 Y-0.0356
N12240 X3.0166 Y-0.0519
N12245 X3.0086 Y-0.0545
N12250 X2.9925 Y-0.0594
N12255 X2.9849 Y-0.0613
N12260 X2.969 Y-0.0636
N12265 X2.9611 Y-0.0646
N12270 X2.9135 Y-0.07
N12275 X2.9056 Y-0.0704
N12280 X2.8908 Y-0.0708
N12285 G3 X2.8691 Y-0.0896 I0.0014 J-0.0236
N12290 G1 X2.8684 Y-0.0932 Z-0.6257
N12295 X2.8677 Y-0.0968 Z-0.6248
N12300 X2.867 Y-0.1001 Z-0.6234
N12305 X2.8663 Y-0.1032 Z-0.6215
N12310 X2.8658 Y-0.106 Z-0.6191
N12315 X2.8653 Y-0.1083 Z-0.6162
N12320 X2.8649 Y-0.1102 Z-0.6131
N12325 X2.8646 Y-0.1116 Z-0.6097
N12330 X2.8644 Y-0.1125 Z-0.6061
N12335 Y-0.1128 Z-0.6024
N12340 Z0.1969
N12345 X2.9842 Y2.223
N12350 Z-0.5787
N12355 Z-0.6024
N12360 X2.9844 Y2.2228 Z-0.6061
N12365 X2.9849 Y2.2221 Z-0.6097
N12370 X2.9858 Y2.221 Z-0.6131
N12375 X2.9871 Y2.2196 Z-0.6162
N12380 X2.9886 Y2.2177 Z-0.6191
N12385 X2.9905 Y2.2156 Z-0.6215
N12390 X2.9925 Y2.2131 Z-0.6234
N12395 X2.9947 Y2.2105 Z-0.6248
N12400 X2.997 Y2.2077 Z-0.6257
N12405 X2.9994 Y2.2049 Z-0.626
N12410 G3 X3.0245 Y2.1869 I0.0477 J0.04
N12415 G1 X3.0629 Y2.1734
N12420 X3.0721 Y2.1696
N12425 X3.08 Y2.1655
N12430 X3.0879 Y2.1611
N12435 X3.0935 Y2.1576
N12440 X3.1013 Y2.1532
N12445 X3.108 Y2.1498
N12450 X3.1188 Y2.1451
N12455 X3.1514 Y2.1326
N12460 X3.1829 Y2.1175
N12465 X3.2113 Y2.0973
N12470 X3.236 Y2.0727
N12475 X3.2567 Y2.0446
N12480 X3.2734 Y2.0139
N12485 X3.2865 Y1.9816
N12490 X3.2966 Y1.9482
N12495 X3.3041 Y1.9141
N12500 X3.3096 Y1.8797
N12505 X3.3136 Y1.845
N12510 X3.3164 Y1.8103
N12515 X3.3184 Y1.7754
N12520 X3.3198 Y1.7406
N12525 X3.3208 Y1.7057
N12530 X3.3214 Y1.6708
N12535 X3.3219 Y1.6359
N12540 X3.3222 Y1.601
N12545 X3.3224 Y1.5662
N12550 X3.3225 Y1.5313
N12555 X3.3227 Y1.4615
N12560 X3.3228 Y1.3568
N12565 Y0.9033
N12570 Y0.2754
N12575 Y0.2405
N12580 X3.3204 Y0.2057
N12585 X3.3107 Y0.1722
N12590 X3.2939 Y0.1415
N12595 X3.2714 Y0.1149
N12600 X3.2444 Y0.0928
N12605 X3.2145 Y0.0749
N12610 X3.2069 Y0.07
N12615 X3.1997 Y0.0643
N12620 X3.1931 Y0.0581
N12625 X3.1909 Y0.0559
N12630 X3.1627 Y0.0277
N12635 X3.1592 Y0.0245
N12640 X3.1513 Y0.0177
N12645 X3.1433 Y0.0119
N12650 X3.1355 Y0.0066
N12655 X3.0879 Y-0.0233
N12660 X3.0846 Y-0.0251
N12665 G3 X3.0743 Y-0.052 I0.0123 J-0.0202
N12670 G1 X3.0753 Y-0.0555 Z-0.6257
N12675 X3.0763 Y-0.059 Z-0.6248
N12680 X3.0773 Y-0.0622 Z-0.6234
N12685 X3.0782 Y-0.0653 Z-0.6215
N12690 X3.079 Y-0.068 Z-0.6191
N12695 X3.0796 Y-0.0703 Z-0.6162
N12700 X3.0802 Y-0.0721 Z-0.6131
N12705 X3.0806 Y-0.0735 Z-0.6097
N12710 X3.0808 Y-0.0743 Z-0.6061
N12715 X3.0809 Y-0.0746 Z-0.6024
N12720 Z0.1969
N12725 X3.0622 Y2.2018
N12730 Z-0.5787
N12735 Z-0.6024
N12740 X3.0624 Y2.2015 Z-0.6061
N12745 X3.0628 Y2.2007 Z-0.6097
N12750 X3.0634 Y2.1995 Z-0.6131
N12755 X3.0643 Y2.1978 Z-0.6162
N12760 X3.0654 Y2.1956 Z-0.6191
N12765 X3.0667 Y2.1931 Z-0.6215
N12770 X3.0681 Y2.1903 Z-0.6234
N12775 X3.0697 Y2.1872 Z-0.6248
N12780 X3.0713 Y2.184 Z-0.6257
N12785 X3.073 Y2.1807 Z-0.626
N12790 G3 X3.0935 Y2.1576 I0.0555 J0.0284
N12795 G1 X3.1355 Y2.1312
N12800 X3.1434 Y2.1259
N12805 X3.1513 Y2.1201
N12810 X3.1592 Y2.1133
N12815 X3.1627 Y2.1101
N12820 X3.1909 Y2.0819
N12825 X3.2098 Y2.0626
N12830 X3.2125 Y2.0598
N12835 X3.2147 Y2.0569
N12840 X3.2306 Y2.0338
N12845 X3.2324 Y2.0309
N12850 X3.2473 Y2.0071
N12855 X3.2618 Y1.9834
N12860 X3.2716 Y1.9596
N12865 X3.2744 Y1.9517
N12870 X3.2883 Y1.9121
N12875 X3.2909 Y1.9042
N12880 X3.2932 Y1.8963
N12885 X3.294 Y1.8929
N12890 X3.2949 Y1.8884
N12895 X3.2961 Y1.8805
N12900 X3.2989 Y1.8567
N12905 X3.3016 Y1.833
N12910 X3.3039 Y1.8092
N12915 X3.3041 Y1.8013
N12920 Y1.7775
N12925 Y0.3523
N12930 Y0.3365
N12935 X3.3039 Y0.3286
N12940 X3.3016 Y0.3048
N12945 X3.2989 Y0.2811
N12950 X3.2961 Y0.2573
N12955 X3.2949 Y0.2494
N12960 X3.294 Y0.2449
N12965 X3.2932 Y0.2415
N12970 X3.2909 Y0.2336
N12975 X3.2883 Y0.2257
N12980 X3.2744 Y0.1861
N12985 X3.2716 Y0.1782
N12990 X3.2618 Y0.1544
N12995 X3.2473 Y0.1306
N13000 X3.2324 Y0.1069
N13005 X3.2306 Y0.104
N13010 X3.2147 Y0.0808
N13015 X3.2125 Y0.078
N13020 X3.2098 Y0.0752
N13025 X3.1931 Y0.0581
N13030 G3 X3.1906 Y0.0295 I0.0174 J-0.0159
N13035 G1 X3.1926 Y0.0264 Z-0.6257
N13040 X3.1946 Y0.0233 Z-0.6248
N13045 X3.1964 Y0.0204 Z-0.6234
N13050 X3.1981 Y0.0178 Z-0.6215
N13055 X3.1996 Y0.0154 Z-0.6191
N13060 X3.2009 Y0.0134 Z-0.6162
N13065 X3.202 Y0.0117 Z-0.6131
N13070 X3.2027 Y0.0105 Z-0.6097
N13075 X3.2032 Y0.0098 Z-0.6061
N13080 X3.2034 Y0.0096 Z-0.6024
N13085 Z0.5906
N13090 M5
N13095 G53 G0 Z0.
N13100 M30
%
